Timestamp,A0_Raw,A1_Raw,A2_Raw,Motor_State
2026-08-23 09:54:59.953659,6295,3650,3320,0
2026-08-23 09:54:59.953678,6430,4113,3808,0
2026-08-23 09:54:59.953698,6447,4449,3818,0
2026-08-23 09:54:59.953718,6456,4761,3808,0
2026-08-23 09:54:59.953738,6149,4344,0,0
2026-08-23 09:54:59.953758,6283,4796,3373,0
2026-08-23 09:54:59.953779,6398,4942,3427,0
2026-08-23 09:54:59.953799,6420,5079,3436,0
2026-08-23 09:54:59.953819,6416,5161,3414,0
2026-08-23 09:54:59.953839,6411,5218,3445,0
2026-08-23 09:54:59.953858,6408,5251,3429,0
2026-08-23 09:54:59.953878,6409,5270,3423,0
2026-08-23 09:54:59.953898,6406,5300,3409,0
2026-08-23 09:54:59.953918,6404,5316,3390,0
2026-08-23 09:54:59.953938,6406,5287,3362,0
2026-08-23 09:54:59.953959,6402,5311,3418,0
2026-08-23 09:54:59.953979,6396,5301,3299,0
2026-08-23 09:54:59.953999,6400,5293,3203,0
2026-08-23 09:54:59.954018,6387,5298,3117,0
2026-08-23 09:54:59.954038,6382,5307,3094,0
2026-08-23 09:54:59.954058,6363,5322,3148,0
2026-08-23 09:54:59.954078,6405,5372,3324,0
2026-08-23 09:54:59.954098,6275,5305,3459,0
2026-08-23 09:54:59.954118,6422,5323,3473,0
2026-08-23 09:54:59.954139,6377,5340,3320,0
2026-08-23 09:54:59.954159,6401,5318,3273,0
2026-08-23 09:54:59.954179,6377,5353,3454,0
2026-08-23 09:54:59.954198,6246,5244,2704,0
2026-08-23 09:54:59.954218,6324,5263,3105,0
2026-08-23 09:54:59.954238,6358,5270,2879,0
2026-08-23 09:54:59.954258,6339,5292,2866,0
2026-08-23 09:54:59.954278,6356,5283,3136,0
2026-08-23 09:54:59.954298,6211,5243,2617,0
2026-08-23 09:54:59.954319,6385,5290,3224,0
2026-08-23 09:54:59.954339,6315,5309,3113,0
2026-08-23 09:54:59.954359,6393,5336,3327,0
2026-08-23 09:54:59.954378,6202,5212,2420,0
2026-08-23 09:54:59.954398,6333,5295,2833,0
2026-08-23 09:54:59.954418,6317,5277,2739,0
2026-08-23 09:54:59.954438,6226,5273,2814,0
2026-08-23 09:54:59.954458,6373,5285,3025,0
2026-08-23 09:54:59.954479,6293,5309,3084,0
2026-08-23 09:54:59.954499,6287,5266,3081,0
2026-08-23 09:54:59.954519,6210,5105,656,0
2026-08-23 09:54:59.954539,6203,5264,2886,0
2026-08-23 09:54:59.954558,6335,5290,2681,0
2026-08-23 09:54:59.954578,6355,5317,2965,0
2026-08-23 09:54:59.954598,6183,5216,2429,0
2026-08-23 09:54:59.954618,6331,5274,2994,0
2026-08-23 09:54:59.954638,6280,5275,3030,0
2026-08-23 09:54:59.954659,6187,5133,387,0
2026-08-23 09:54:59.954679,6247,5252,2665,0
2026-08-23 09:54:59.954699,6262,5281,2655,0
2026-08-23 09:54:59.954719,6219,5272,2404,0
2026-08-23 09:54:59.954738,6399,5311,3094,0
2026-08-23 09:54:59.954758,6228,5244,2918,0
2026-08-23 09:54:59.954778,6311,5307,3342,0
2026-08-23 09:54:59.954798,6235,5239,2829,0
2026-08-23 09:54:59.954818,6300,5233,2573,0
2026-08-23 09:54:59.954839,6301,5260,2905,0
2026-08-23 09:54:59.954859,6177,5203,2367,0
2026-08-23 09:54:59.954879,6346,5315,2900,0
2026-08-23 09:54:59.954898,6294,5309,3130,0
2026-08-23 09:54:59.954918,6221,5205,1952,0
2026-08-23 09:54:59.954938,6322,5292,2604,0
2026-08-23 09:54:59.954958,6286,5302,2545,0
2026-08-23 09:54:59.954978,6090,5227,2286,0
2026-08-23 09:54:59.954998,6398,5279,2953,0
2026-08-23 09:54:59.955019,6274,5275,3031,0
2026-08-23 09:54:59.955039,6182,5154,1383,0
2026-08-23 09:54:59.955059,6336,5299,2686,0
2026-08-23 09:54:59.955078,6202,5246,2686,0
2026-08-23 09:54:59.955098,6156,4948,0,0
2026-08-23 09:54:59.955118,6108,5171,2880,0
2026-08-23 09:54:59.955138,6300,5243,2942,0
2026-08-23 09:54:59.955158,6331,5270,3697,0
2026-08-23 09:54:59.955178,6128,5223,2647,0
2026-08-23 09:54:59.955199,6292,5206,2743,0
2026-08-23 09:54:59.955219,6051,4988,0,0
2026-08-23 09:54:59.955239,6324,5259,3008,0
2026-08-23 09:54:59.955258,6265,5276,2931,0
2026-08-23 09:54:59.955278,6348,5332,3547,0
2026-08-23 09:54:59.955298,6201,5215,2720,0
2026-08-23 09:54:59.955318,6242,5222,2611,0
2026-08-23 09:54:59.955338,6379,5280,3148,0
2026-08-23 09:54:59.955359,6089,5228,2772,0
2026-08-23 09:54:59.955379,6304,5272,2889,0
2026-08-23 09:54:59.955399,6281,5272,3370,0
2026-08-23 09:54:59.955419,6163,5211,2482,0
2026-08-23 09:54:59.955438,6345,5221,2586,0
2026-08-23 09:54:59.955458,6241,5244,3018,0
2026-08-23 09:54:59.955478,6128,5223,2975,0
2026-08-23 09:54:59.955498,6404,5285,2904,0
2026-08-23 09:54:59.955518,6321,5309,3278,0
2026-08-23 09:54:59.955539,6106,5186,2467,0
2026-08-23 09:54:59.955559,6336,5241,2604,0
2026-08-23 09:54:59.955579,6270,5286,2884,0
2026-08-23 09:54:59.955598,6126,5142,1728,0
2026-08-23 09:54:59.955618,6332,5294,2885,0
2026-08-23 09:54:59.955638,6232,5285,3122,0
2026-08-23 09:54:59.955658,6182,5081,918,0
2026-08-23 09:54:59.955678,6226,5228,2628,0
2026-08-23 09:54:59.955698,6223,5231,2776,0
2026-08-23 09:54:59.955719,6126,5173,2003,0
2026-08-23 09:54:59.955739,6328,5292,2981,0
2026-08-23 09:54:59.955759,6296,5291,3014,0
2026-08-23 09:54:59.955778,6060,5000,0,0
2026-08-23 09:54:59.955798,6219,5203,2688,0
2026-08-23 09:54:59.955818,6114,5217,2666,0
2026-08-23 09:54:59.955838,6320,5251,3285,0
2026-08-23 09:54:59.955858,6173,5196,2891,0
2026-08-23 09:54:59.955878,6210,5206,2920,0
2026-08-23 09:54:59.955899,6344,5321,3502,0
2026-08-23 09:54:59.955919,6168,5168,2580,0
2026-08-23 09:54:59.955939,6257,5195,2613,0
2026-08-23 09:54:59.955958,6309,5256,3083,0
2026-08-23 09:54:59.955978,6107,5207,3024,0
2026-08-23 09:54:59.955998,6283,5243,2922,0
2026-08-23 09:54:59.956018,6339,5291,3266,0
2026-08-23 09:54:59.956038,6095,5164,2305,0
2026-08-23 09:54:59.956059,6364,5240,2651,0
2026-08-23 09:54:59.956079,6276,5273,2813,0
2026-08-23 09:54:59.956099,6052,5071,323,0
2026-08-23 09:54:59.956119,6207,5248,2932,0
2026-08-23 09:54:59.956138,6257,5266,3046,0
2026-08-23 09:54:59.956158,6205,5096,0,0
2026-08-23 09:54:59.956178,6086,5218,3029,0
2026-08-23 09:54:59.956198,6170,5213,2658,0
2026-08-23 09:54:59.956218,6096,4874,0,0
2026-08-23 09:54:59.956239,6224,5215,3052,0
2026-08-23 09:54:59.956259,6208,5173,2928,0
2026-08-23 09:54:59.956279,6389,5251,3424,0
2026-08-23 09:54:59.956299,6154,5207,2687,0
2026-08-23 09:54:59.956318,6245,5186,2624,0
2026-08-23 09:54:59.956338,6339,5267,2942,0
2026-08-23 09:54:59.956358,5983,5107,1966,0
2026-08-23 09:54:59.956378,6273,5221,2931,0
2026-08-23 09:54:59.956398,6253,5242,3136,0
2026-08-23 09:54:59.956419,6092,5018,228,0
2026-08-23 09:54:59.956439,6178,5208,2628,0
2026-08-23 09:54:59.956459,6209,5224,2725,0
2026-08-23 09:54:59.956478,6118,5061,534,0
2026-08-23 09:54:59.956498,6246,5250,3046,0
2026-08-23 09:54:59.956518,6202,5266,2963,0
2026-08-23 09:54:59.956538,6372,5329,3535,0
2026-08-23 09:54:59.956558,6120,5195,2739,0
2026-08-23 09:54:59.956578,6173,5188,2641,0
2026-08-23 09:54:59.956599,6263,5246,2999,0
2026-08-23 09:54:59.956619,6125,5165,2331,0
2026-08-23 09:54:59.956639,6320,5237,2919,0
2026-08-23 09:54:59.956658,6196,5267,3157,0
2026-08-23 09:54:59.956678,6105,5092,830,0
2026-08-23 09:54:59.956698,6231,5223,2650,0
2026-08-23 09:54:59.956718,6255,5230,2747,0
2026-08-23 09:54:59.956738,6157,5133,826,0
2026-08-23 09:54:59.956758,6201,5281,3050,0
2026-08-23 09:54:59.956779,6237,5234,2980,0
2026-08-23 09:54:59.956799,6322,5319,3529,0
2026-08-23 09:54:59.956819,6156,5229,2746,0
2026-08-23 09:54:59.956838,6200,5177,2655,0
2026-08-23 09:54:59.956858,6309,5259,2974,0
2026-08-23 09:54:59.956878,6152,5153,2148,0
2026-08-23 09:54:59.956898,6243,5228,2934,0
2026-08-23 09:54:59.956918,6207,5262,3139,0
2026-08-23 09:54:59.956939,6090,5041,25,0
2026-08-23 09:54:59.956959,6200,5259,2667,0
2026-08-23 09:54:59.956979,6239,5249,2722,0
2026-08-23 09:54:59.956999,6081,5004,0,0
2026-08-23 09:54:59.957018,6179,5252,3060,0
2026-08-23 09:54:59.957038,6219,5255,2960,0
2026-08-23 09:54:59.957058,6339,5310,3435,0
2026-08-23 09:54:59.957078,6150,5179,2683,0
2026-08-23 09:54:59.957098,6233,5195,2646,0
2026-08-23 09:54:59.957119,6264,5270,2897,0
2026-08-23 09:54:59.957139,6104,5139,1319,0
2026-08-23 09:54:59.957159,6227,5228,2960,0
2026-08-23 09:54:59.957178,6197,5226,3056,0
2026-08-23 09:54:59.957198,6331,5338,3704,0
2026-08-23 09:54:59.957218,6111,5177,2688,0
2026-08-23 09:54:59.957238,6200,5209,2680,0
2026-08-23 09:54:59.957258,6325,5245,3179,0
2026-08-23 09:54:59.957278,6129,5193,3099,0
2026-08-23 09:54:59.957299,6220,5206,2951,0
2026-08-23 09:54:59.957319,6345,5276,3247,0
2026-08-23 09:54:59.957339,6078,5162,2264,0
2026-08-23 09:54:59.957358,6319,5240,2686,0
2026-08-23 09:54:59.957378,6221,5202,2760,0
2026-08-23 09:54:59.957398,5966,4828,0,0
2026-08-23 09:54:59.957418,6102,5157,2970,0
2026-08-23 09:54:59.957438,6285,5193,2975,0
2026-08-23 09:54:59.957458,6266,5243,3522,0
2026-08-23 09:54:59.957479,6053,5141,2636,0
2026-08-23 09:54:59.957499,6219,5147,2613,0
2026-08-23 09:54:59.957519,6236,5215,2967,0
2026-08-23 09:54:59.957538,6131,5168,2859,0
2026-08-23 09:54:59.957558,6339,5252,3186,0
2026-08-23 09:54:59.957578,6288,5255,3114,0
2026-08-23 09:54:59.957598,5999,4938,0,0
2026-08-23 09:54:59.957618,6190,5204,2754,0
2026-08-23 09:54:59.957639,6170,5197,2685,0
2026-08-23 09:54:59.957659,6286,5241,3167,0
2026-08-23 09:54:59.957679,6021,5192,2780,0
2026-08-23 09:54:59.957699,6266,5202,2954,0
2026-08-23 09:54:59.957718,6247,5220,3252,0
2026-08-23 09:54:59.957738,6099,5137,1577,0
2026-08-23 09:54:59.957758,6249,5216,2660,0
2026-08-23 09:54:59.957778,6173,5232,2772,0
2026-08-23 09:54:59.957798,6118,5091,955,0
2026-08-23 09:54:59.957819,6254,5250,3090,0
2026-08-23 09:54:59.957839,6182,5226,2984,0
2026-08-23 09:54:59.957859,6355,5302,3471,0
2026-08-23 09:54:59.957879,6072,5174,2735,0
2026-08-23 09:54:59.957898,6197,5222,2669,0
2026-08-23 09:54:59.957918,6233,5245,2896,0
2026-08-23 09:54:59.957938,6066,5083,1166,0
2026-08-23 09:54:59.957958,6246,5261,2961,0
2026-08-23 09:54:59.957978,6127,5207,3053,0
2026-08-23 09:54:59.957999,6355,5282,3731,0
2026-08-23 09:54:59.958019,6092,5169,2722,0
2026-08-23 09:54:59.958039,6214,5185,2660,0
2026-08-23 09:54:59.958058,6277,5281,3119,0
2026-08-23 09:54:59.958078,6123,5217,3083,0
2026-08-23 09:54:59.958098,6288,5270,2979,0
2026-08-23 09:54:59.958118,6304,5277,3183,0
2026-08-23 09:54:59.958138,6083,5100,1718,0
2026-08-23 09:54:59.958158,6284,5254,2706,0
2026-08-23 09:54:59.958179,6207,5191,2726,0
2026-08-23 09:54:59.958199,6211,5239,3319,0
2026-08-23 09:54:59.958219,6079,5215,2960,0
2026-08-23 09:54:59.958238,6263,5249,2946,0
2026-08-23 09:54:59.958258,6283,5268,3400,0
2026-08-23 09:54:59.958278,6064,5163,2414,0
2026-08-23 09:54:59.958298,6285,5197,2664,0
2026-08-23 09:54:59.958318,6240,5210,2876,0
2026-08-23 09:54:59.958338,6102,5158,2288,0
2026-08-23 09:54:59.958359,6372,5251,3032,0
2026-08-23 09:54:59.958379,6227,5264,3035,0
2026-08-23 09:54:59.958399,6296,5269,3630,0
2026-08-23 09:54:59.958418,6106,5209,2776,0
2026-08-23 09:54:59.958438,6123,5160,2650,0
2026-08-23 09:54:59.958458,6325,5225,3001,0
2026-08-23 09:54:59.958478,6040,5169,2192,0
2026-08-23 09:54:59.958498,6252,5265,2961,0
2026-08-23 09:54:59.958519,6218,5251,3124,0
2026-08-23 09:54:59.958539,6016,4918,0,0
2026-08-23 09:54:59.958559,6190,5197,2706,0
2026-08-23 09:54:59.958579,6205,5180,2691,0
2026-08-23 09:54:59.958598,6309,5245,3239,0
2026-08-23 09:54:59.958618,6157,5207,3116,0
2026-08-23 09:54:59.958638,6211,5208,2969,0
2026-08-23 09:54:59.958658,6352,5278,3283,0
2026-08-23 09:54:59.958678,6077,5136,2256,0
2026-08-23 09:54:59.958699,6295,5240,2702,0
2026-08-23 09:54:59.958719,6197,5214,2791,0
2026-08-23 09:54:59.958739,6272,5273,3406,0
2026-08-23 09:54:59.958758,6182,5205,2984,0
2026-08-23 09:54:59.958778,6196,5224,2946,0
2026-08-23 09:54:59.958798,6319,5237,3447,0
2026-08-23 09:54:59.958818,6031,5170,2523,0
2026-08-23 09:54:59.958838,6264,5213,2661,0
2026-08-23 09:54:59.958858,6237,5235,2899,0
2026-08-23 09:54:59.958879,6077,5196,2519,0
2026-08-23 09:54:59.958899,6350,5272,3035,0
2026-08-23 09:54:59.958919,6245,5210,3038,0
2026-08-23 09:54:59.958938,6290,5243,3653,0
2026-08-23 09:54:59.958958,6152,5210,2782,0
2026-08-23 09:54:59.958978,6153,5181,2667,0
2026-08-23 09:54:59.958998,6319,5219,3012,0
2026-08-23 09:54:59.959018,6042,5130,2274,0
2026-08-23 09:54:59.959038,6269,5210,2977,0
2026-08-23 09:54:59.959059,6219,5258,3113,0
2026-08-23 09:54:59.959079,5991,4920,0,0
2026-08-23 09:54:59.959099,6179,5142,2687,0
2026-08-23 09:54:59.959118,6207,5156,2689,0
2026-08-23 09:54:59.959138,6317,5251,3219,0
2026-08-23 09:54:59.959158,6059,5204,3131,0
2026-08-23 09:54:59.959178,6211,5192,2970,0
2026-08-23 09:54:59.959198,6330,5264,3241,0
2026-08-23 09:54:59.959219,6052,5150,1933,0
2026-08-23 09:54:59.959239,6292,5234,2691,0
2026-08-23 09:54:59.959259,6131,5220,2751,0
2026-08-23 09:54:59.959279,6261,5264,3350,0
2026-08-23 09:54:59.959298,6065,5209,2967,0
2026-08-23 09:54:59.959318,6233,5202,2968,0
2026-08-23 09:54:59.959338,6316,5272,3396,0
2026-08-23 09:54:59.959358,6059,5107,2385,0
2026-08-23 09:54:59.959378,6292,5182,2651,0
2026-08-23 09:54:59.959399,6197,5233,2858,0
2026-08-23 09:54:59.959419,6051,5147,2160,0
2026-08-23 09:54:59.959439,6357,5244,3047,0
2026-08-23 09:54:59.959459,6219,5250,3006,0
2026-08-23 09:54:59.959478,6310,5259,3556,0
2026-08-23 09:54:59.959498,6106,5212,2766,0
2026-08-23 09:54:59.959518,6108,5163,2676,0
2026-08-23 09:54:59.959538,6318,5231,2941,0
2026-08-23 09:54:59.959558,6046,5076,1781,0
2026-08-23 09:54:59.959579,6243,5199,2975,0
2026-08-23 09:54:59.959599,6232,5209,3087,0
2026-08-23 09:54:59.959619,6307,5300,3770,0
2026-08-23 09:54:59.959638,6154,5182,2712,0
2026-08-23 09:54:59.959658,6180,5221,2687,0
2026-08-23 09:54:59.959678,6285,5263,3121,0
2026-08-23 09:54:59.959698,6091,5184,3092,0
2026-08-23 09:54:59.959718,6247,5204,2975,0
2026-08-23 09:54:59.959738,6319,5246,3197,0
2026-08-23 09:54:59.959759,6046,5105,1434,0
2026-08-23 09:54:59.959779,6291,5250,2720,0
2026-08-23 09:54:59.959799,6180,5252,2726,0
2026-08-23 09:54:59.959818,6303,5265,3279,0
2026-08-23 09:54:59.959838,6067,5218,2939,0
2026-08-23 09:54:59.959858,6239,5230,2967,0
2026-08-23 09:54:59.959878,6300,5251,3336,0
2026-08-23 09:54:59.959898,6067,5099,2096,0
2026-08-23 09:54:59.959918,6275,5236,2655,0
2026-08-23 09:54:59.959939,6233,5249,2802,0
2026-08-23 09:54:59.959959,6123,5103,1548,0
2026-08-23 09:54:59.959979,6271,5275,3089,0
2026-08-23 09:54:59.959998,6206,5227,3004,0
2026-08-23 09:54:59.960018,6333,5297,3491,0
2026-08-23 09:54:59.960038,6115,5174,2746,0
2026-08-23 09:54:59.960058,6208,5180,2667,0
2026-08-23 09:54:59.960078,6256,5251,2897,0
2026-08-23 09:54:59.960099,6057,5095,1162,0
2026-08-23 09:54:59.960119,6231,5224,3008,0
2026-08-23 09:54:59.960139,6176,5253,3031,0
2026-08-23 09:54:59.960159,6353,5285,3684,0
2026-08-23 09:54:59.960178,6101,5209,2708,0
2026-08-23 09:54:59.960198,6184,5207,2679,0
2026-08-23 09:54:59.960218,6273,5252,3055,0
2026-08-23 09:54:59.960238,6075,5209,3035,0
2026-08-23 09:54:59.960258,6310,5210,2979,0
2026-08-23 09:54:59.960279,6321,5277,3157,0
2026-08-23 09:54:59.960299,6025,5030,632,0
2026-08-23 09:54:59.960319,6263,5211,2737,0
2026-08-23 09:54:59.960338,6131,5187,2706,0
2026-08-23 09:54:59.960358,6282,5250,3214,0
2026-08-23 09:54:59.960378,6047,5206,2848,0
2026-08-23 09:54:59.960398,6274,5215,2951,0
2026-08-23 09:54:59.960418,6268,5261,3259,0
2026-08-23 09:54:59.960438,6085,5105,1714,0
2026-08-23 09:54:59.960459,6233,5209,2683,0
2026-08-23 09:54:59.960479,6208,5248,2780,0
2026-08-23 09:54:59.960499,6122,5063,857,0
2026-08-23 09:54:59.960518,6259,5266,3101,0
2026-08-23 09:54:59.960538,6221,5234,2976,0
2026-08-23 09:54:59.960558,6359,5271,3438,0
2026-08-23 09:54:59.960578,6099,5187,2704,0
2026-08-23 09:54:59.960598,6204,5221,2667,0
2026-08-23 09:54:59.960618,6258,5252,2882,0
2026-08-23 09:54:59.960639,6039,5007,535,0
2026-08-23 09:54:59.960659,6229,5250,3004,0
2026-08-23 09:54:59.960679,6194,5204,3019,0
2026-08-23 09:54:59.960698,6312,5265,3636,0
2026-08-23 09:54:59.960718,6058,5178,2692,0
2026-08-23 09:54:59.960738,6187,5166,2639,0
2026-08-23 09:54:59.960758,6299,5234,3050,0
2026-08-23 09:54:59.960778,6113,5212,2970,0
2026-08-23 09:54:59.960799,6296,5212,2989,0
2026-08-23 09:54:59.960819,6292,5272,3134,0
2026-08-23 09:54:59.960839,6018,4984,196,0
2026-08-23 09:54:59.960859,6268,5221,2758,0
2026-08-23 09:54:59.960878,6127,5196,2687,0
2026-08-23 09:54:59.960898,6268,5267,3184,0
2026-08-23 09:54:59.960918,6058,5174,2803,0
2026-08-23 09:54:59.960938,6275,5240,2956,0
2026-08-23 09:54:59.960958,6267,5245,3264,0
2026-08-23 09:54:59.960979,6073,5105,1583,0
2026-08-23 09:54:59.960999,6235,5209,2669,0
2026-08-23 09:54:59.961019,6216,5198,2739,0
2026-08-23 09:54:59.961039,6118,5096,691,0
2026-08-23 09:54:59.961058,6241,5274,3113,0
2026-08-23 09:54:59.961078,6195,5222,2974,0
2026-08-23 09:54:59.961098,6322,5302,3448,0
2026-08-23 09:54:59.961118,6110,5174,2682,0
2026-08-23 09:54:59.961138,6230,5197,2669,0
2026-08-23 09:54:59.961159,6226,5245,2867,0
2026-08-23 09:54:59.961179,6022,5038,261,0
2026-08-23 09:54:59.961199,6262,5233,3002,0
2026-08-23 09:54:59.961218,6129,5239,3012,0
2026-08-23 09:54:59.961238,6322,5304,3621,0
2026-08-23 09:54:59.961258,6091,5183,2690,0
2026-08-23 09:54:59.961278,6187,5201,2662,0
2026-08-23 09:54:59.961298,6281,5233,3008,0
2026-08-23 09:54:59.961318,6081,5214,2954,0
2026-08-23 09:54:59.961339,6320,5212,2982,0
2026-08-23 09:54:59.961359,6295,5255,3112,0
2026-08-23 09:54:59.961379,6006,4971,0,0
2026-08-23 09:54:59.961398,6242,5214,2743,0
2026-08-23 09:54:59.961418,6155,5193,2692,0
2026-08-23 09:54:59.961438,6305,5255,3154,0
2026-08-23 09:54:59.961458,6059,5235,2768,0
2026-08-23 09:54:59.961478,6254,5254,2962,0
2026-08-23 09:54:59.961498,6253,5269,3227,0
2026-08-23 09:54:59.961519,6095,5093,1112,0
2026-08-23 09:54:59.961539,6226,5236,2678,0
2026-08-23 09:54:59.961559,6203,5223,2740,0
2026-08-23 09:54:59.961578,6071,5006,0,0
2026-08-23 09:54:59.961598,6203,5281,3132,0
2026-08-23 09:54:59.961618,6196,5255,2972,0
2026-08-23 09:54:59.961638,6354,5276,3371,0
2026-08-23 09:54:59.961658,6067,5203,2590,0
2026-08-23 09:54:59.961679,6282,5236,2708,0
2026-08-23 09:54:59.961699,6235,5233,2808,0
2026-08-23 09:54:59.961719,6032,4979,0,0
2026-08-23 09:54:59.961739,6182,5251,2994,0
2026-08-23 09:54:59.961758,6192,5234,3012,0
2026-08-23 09:54:59.961778,6352,5299,3519,0
2026-08-23 09:54:59.961798,6057,5179,2634,0
2026-08-23 09:54:59.961818,6205,5228,2652,0
2026-08-23 09:54:59.961838,6253,5209,2938,0
2026-08-23 09:54:59.961859,6080,5211,2774,0
2026-08-23 09:54:59.961879,6336,5235,3002,0
2026-08-23 09:54:59.961899,6279,5279,3056,0
2026-08-23 09:54:59.961918,5974,4927,0,0
2026-08-23 09:54:59.961938,6194,5195,2767,0
2026-08-23 09:54:59.961958,6155,5186,2669,0
2026-08-23 09:54:59.961978,6309,5234,3095,0
2026-08-23 09:54:59.961998,6051,5128,2606,0
2026-08-23 09:54:59.962018,6275,5200,2959,0
2026-08-23 09:54:59.962039,6256,5212,3169,0
2026-08-23 09:54:59.962059,6052,5059,286,0
2026-08-23 09:54:59.962079,6222,5208,2680,0
2026-08-23 09:54:59.962098,6235,5214,2729,0
2026-08-23 09:54:59.962118,6055,4964,0,0
2026-08-23 09:54:59.962138,6180,5228,3121,0
2026-08-23 09:54:59.962158,6191,5221,2977,0
2026-08-23 09:54:59.962178,6339,5296,3314,0
2026-08-23 09:54:59.962198,6096,5164,2458,0
2026-08-23 09:54:59.962219,6297,5206,2703,0
2026-08-23 09:54:59.962239,6173,5231,2813,0
2026-08-23 09:54:59.962259,6053,4844,0,0
2026-08-23 09:54:59.962278,6193,5149,2968,0
2026-08-23 09:54:59.962298,6128,5158,2982,0
2026-08-23 09:54:59.962318,6305,5219,3478,0
2026-08-23 09:54:59.962338,6060,5152,2585,0
2026-08-23 09:54:59.962358,6252,5192,2649,0
2026-08-23 09:54:59.962379,6285,5231,2879,0
2026-08-23 09:54:59.962399,6085,5182,2623,0
2026-08-23 09:54:59.962419,6361,5214,3018,0
2026-08-23 09:54:59.962439,6275,5221,3043,0
2026-08-23 09:54:59.962458,6293,5303,3754,0
2026-08-23 09:54:59.962478,6122,5213,2790,0
2026-08-23 09:54:59.962498,6131,5150,2678,0
2026-08-23 09:54:59.962518,6344,5226,3036,0
2026-08-23 09:54:59.962538,6034,5136,2337,0
2026-08-23 09:54:59.962559,6246,5232,2977,0
2026-08-23 09:54:59.962579,6242,5269,3135,0
2026-08-23 09:54:59.962599,6019,4931,0,0
2026-08-23 09:54:59.962619,6207,5210,2698,0
2026-08-23 09:54:59.962638,6222,5222,2689,0
2026-08-23 09:54:59.962658,6306,5278,3224,0
2026-08-23 09:54:59.962678,6115,5217,3123,0
2026-08-23 09:54:59.962698,6227,5245,2975,0
2026-08-23 09:54:59.962718,6322,5248,3272,0
2026-08-23 09:54:59.962739,6058,5161,2149,0
2026-08-23 09:54:59.962759,6289,5245,2695,0
2026-08-23 09:54:59.962779,6174,5153,2764,0
2026-08-23 09:54:59.962798,6278,5277,3365,0
2026-08-23 09:54:59.962818,6127,5190,2967,0
2026-08-23 09:54:59.962838,6195,5195,2975,0
2026-08-23 09:54:59.962858,6324,5284,3410,0
2026-08-23 09:54:59.962878,6071,5142,2437,0
2026-08-23 09:54:59.962898,6228,5214,2662,0
2026-08-23 09:54:59.962919,6211,5187,2860,0
2026-08-23 09:54:59.962939,6073,5146,2246,0
2026-08-23 09:54:59.962959,6333,5258,3031,0
2026-08-23 09:54:59.962978,6244,5221,3013,0
2026-08-23 09:54:59.962998,6296,5272,3619,0
2026-08-23 09:54:59.963018,6109,5212,2768,0
2026-08-23 09:54:59.963038,6155,5192,2667,0
2026-08-23 09:54:59.963058,6326,5240,3022,0
2026-08-23 09:54:59.963078,6006,5157,2092,0
2026-08-23 09:54:59.963099,6256,5243,2975,0
2026-08-23 09:54:59.963119,6235,5250,3171,0
2026-08-23 09:54:59.963139,6039,4842,0,0
2026-08-23 09:54:59.963158,6156,5048,2706,0
2026-08-23 09:54:59.963178,6214,5102,2684,0
2026-08-23 09:54:59.963198,6273,5190,3170,0
2026-08-23 09:54:59.963218,6117,5161,3121,0
2026-08-23 09:54:59.963238,6236,5217,2966,0
2026-08-23 09:54:59.963259,6308,5228,3215,0
2026-08-23 09:54:59.963279,6090,5141,1832,0
2026-08-23 09:54:59.963299,6282,5233,2714,0
2026-08-23 09:54:59.963319,6216,5246,2726,0
2026-08-23 09:54:59.963338,6241,5251,3314,0
2026-08-23 09:54:59.963358,6039,5205,2957,0
2026-08-23 09:54:59.963378,6252,5222,2947,0
2026-08-23 09:54:59.963398,6297,5235,3346,0
2026-08-23 09:54:59.963418,6021,5086,2196,0
2026-08-23 09:54:59.963439,6244,5178,2812,0
2026-08-23 09:54:59.963459,6241,5187,2823,0
2026-08-23 09:54:59.963479,6107,5154,1756,0
2026-08-23 09:54:59.963498,6307,5237,3057,0
2026-08-23 09:54:59.963518,6211,5220,2999,0
2026-08-23 09:54:59.963538,6309,5262,3523,0
2026-08-23 09:54:59.963558,6101,5206,2753,0
2026-08-23 09:54:59.963578,6169,5194,2715,0
2026-08-23 09:54:59.963598,6260,5215,2923,0
2026-08-23 09:54:59.963619,6064,5073,1390,0
2026-08-23 09:54:59.963639,6258,5229,2974,0
2026-08-23 09:54:59.963659,6174,5252,3047,0
2026-08-23 09:54:59.963678,6301,5306,3715,0
2026-08-23 09:54:59.963698,6116,5179,2710,0
2026-08-23 09:54:59.963718,6189,5158,2968,0
2026-08-23 09:54:59.963738,6304,5227,3098,0
2026-08-23 09:54:59.963758,6075,5215,3039,0
2026-08-23 09:54:59.963778,6280,5210,2959,0
2026-08-23 09:54:59.963799,6321,5271,2800,0
2026-08-23 09:54:59.963819,6033,5082,1068,0
2026-08-23 09:54:59.963839,6269,5245,2721,0
2026-08-23 09:54:59.963858,6122,5219,2713,0
2026-08-23 09:54:59.963878,6284,5272,3205,0
2026-08-23 09:54:59.963898,6078,5211,2894,0
2026-08-23 09:54:59.963918,6217,5191,2955,0
2026-08-23 09:54:59.963938,6326,5244,3299,0
2026-08-23 09:54:59.963959,6063,5096,1893,0
2026-08-23 09:54:59.963979,6224,5214,2663,0
2026-08-23 09:54:59.963999,6243,5234,2779,0
2026-08-23 09:54:59.964019,6112,5062,1011,0
2026-08-23 09:54:59.964038,6207,5233,3115,0
2026-08-23 09:54:59.964058,6230,5245,2967,0
2026-08-23 09:54:59.964078,6336,5297,3423,0
2026-08-23 09:54:59.964098,6078,5176,2707,0
2026-08-23 09:54:59.964118,6196,5188,2648,0
2026-08-23 09:54:59.964139,6232,5216,2881,0
2026-08-23 09:54:59.964159,6119,5033,415,0
2026-08-23 09:54:59.964179,6196,5250,3002,0
2026-08-23 09:54:59.964199,6155,5247,3016,0
2026-08-23 09:54:59.964218,6330,5265,3618,0
2026-08-23 09:54:59.964238,6112,5203,2691,0
2026-08-23 09:54:59.964258,6173,5198,2654,0
2026-08-23 09:54:59.964278,6272,5237,2956,0
2026-08-23 09:54:59.964298,6093,5183,2935,0
2026-08-23 09:54:59.964319,6286,5201,2982,0
2026-08-23 09:54:59.964339,6288,5225,3108,0
2026-08-23 09:54:59.964359,5999,5000,0,0
2026-08-23 09:54:59.964378,6221,5245,2750,0
2026-08-23 09:54:59.964398,6165,5206,2685,0
2026-08-23 09:54:59.964418,6315,5293,3130,0
2026-08-23 09:54:59.964438,6062,5208,2708,0
2026-08-23 09:54:59.964458,6251,5240,2963,0
2026-08-23 09:54:59.964478,6278,5264,3202,0
2026-08-23 09:54:59.964499,6087,5083,774,0
2026-08-23 09:54:59.964519,6216,5238,2673,0
2026-08-23 09:54:59.964539,6215,5218,2734,0
2026-08-23 09:54:59.964558,6032,4987,0,0
2026-08-23 09:54:59.964578,6169,5245,3115,0
2026-08-23 09:54:59.964598,6187,5183,2963,0
2026-08-23 09:54:59.964618,6322,5244,3339,0
2026-08-23 09:54:59.964638,6082,5152,2496,0
2026-08-23 09:54:59.964658,6281,5228,2683,0
2026-08-23 09:54:59.964679,6239,5245,2809,0
2026-08-23 09:54:59.964699,5997,4939,0,0
2026-08-23 09:54:59.964719,6113,5180,2990,0
2026-08-23 09:54:59.964738,6197,5185,2979,0
2026-08-23 09:54:59.964758,6293,5263,3516,0
2026-08-23 09:54:59.964778,6041,5106,2623,0
2026-08-23 09:54:59.964798,6216,5180,2521,0
2026-08-23 09:54:59.964818,6272,5204,2931,0
2026-08-23 09:54:59.964839,6058,5186,2713,0
2026-08-23 09:54:59.964859,6332,5226,3002,0
2026-08-23 09:54:59.964879,6246,5250,3053,0
2026-08-23 09:54:59.964899,6233,5152,284,0
2026-08-23 09:54:59.964918,6117,5205,2749,0
2026-08-23 09:54:59.964938,6110,5160,2675,0
2026-08-23 09:54:59.964958,6318,5260,3042,0
2026-08-23 09:54:59.964978,6043,5177,2418,0
2026-08-23 09:54:59.964998,6245,5243,3083,0
2026-08-23 09:54:59.965019,6218,5219,3202,0
2026-08-23 09:54:59.965039,6018,4975,0,0
2026-08-23 09:54:59.965059,6220,5193,2697,0
2026-08-23 09:54:59.965078,6196,5188,2693,0
2026-08-23 09:54:59.965098,6281,5271,3242,0
2026-08-23 09:54:59.965118,6153,5201,3121,0
2026-08-23 09:54:59.965138,6198,5197,2959,0
2026-08-23 09:54:59.965158,6333,5282,3276,0
2026-08-23 09:54:59.965178,6048,5168,2276,0
2026-08-23 09:54:59.965199,6273,5202,2685,0
2026-08-23 09:54:59.965219,6178,5211,2764,0
2026-08-23 09:54:59.965239,6278,5245,3395,0
2026-08-23 09:54:59.965258,6148,5198,2975,0
2026-08-23 09:54:59.965278,6197,5190,2958,0
2026-08-23 09:54:59.965298,6275,5224,3432,0
2026-08-23 09:54:59.965318,6058,5143,2499,0
2026-08-23 09:54:59.965338,6247,5211,2648,0
2026-08-23 09:54:59.965358,6210,5226,2907,0
2026-08-23 09:54:59.965379,6113,5156,2432,0
2026-08-23 09:54:59.965399,6308,5219,3022,0
2026-08-23 09:54:59.965419,6239,5219,3027,0
2026-08-23 09:54:59.965438,6277,5254,3643,0
2026-08-23 09:54:59.965458,6109,5222,2781,0
2026-08-23 09:54:59.965478,6127,5205,2661,0
2026-08-23 09:54:59.965498,6254,5241,2976,0
2026-08-23 09:54:59.965518,6026,5172,2195,0
2026-08-23 09:54:59.965539,6293,5211,2965,0
2026-08-23 09:54:59.965559,6182,5212,3124,0
2026-08-23 09:54:59.965579,6003,4902,0,0
2026-08-23 09:54:59.965599,6179,5163,2713,0
2026-08-23 09:54:59.965618,6170,5138,2672,0
2026-08-23 09:54:59.965638,6303,5214,3188,0
2026-08-23 09:54:59.965658,6116,5183,3087,0
2026-08-23 09:54:59.965678,6228,5214,2959,0
2026-08-23 09:54:59.965698,6324,5240,3246,0
2026-08-23 09:54:59.965719,6068,5131,2025,0
2026-08-23 09:54:59.965739,6270,5193,2697,0
2026-08-23 09:54:59.965759,6224,5210,2752,0
2026-08-23 09:54:59.965779,6254,5248,3352,0
2026-08-23 09:54:59.965798,6045,5182,2958,0
2026-08-23 09:54:59.965818,6192,5179,2949,0
2026-08-23 09:54:59.965838,6319,5231,3402,0
2026-08-23 09:54:59.965858,6047,5105,2409,0
2026-08-23 09:54:59.965878,6180,5185,2641,0
2026-08-23 09:54:59.965899,6203,5191,2848,0
2026-08-23 09:54:59.965919,6079,5161,2245,0
2026-08-23 09:54:59.965939,6291,5256,3031,0
2026-08-23 09:54:59.965958,6227,5250,3008,0
2026-08-23 09:54:59.965978,6286,5258,3606,0
2026-08-23 09:54:59.965998,6118,5205,2771,0
2026-08-23 09:54:59.966018,6131,5158,2672,0
2026-08-23 09:54:59.966038,6292,5251,2974,0
2026-08-23 09:54:59.966058,6043,5101,1699,0
2026-08-23 09:54:59.966079,6235,5245,2964,0
2026-08-23 09:54:59.966099,6188,5211,3096,0
2026-08-23 09:54:59.966119,6098,4863,0,0
2026-08-23 09:54:59.966138,6122,5064,2702,0
2026-08-23 09:54:59.966158,6241,5138,2674,0
2026-08-23 09:54:59.966178,6312,5180,3170,0
2026-08-23 09:54:59.966198,6053,5209,3113,0
2026-08-23 09:54:59.966218,6256,5213,2963,0
2026-08-23 09:54:59.966238,6282,5234,3232,0
2026-08-23 09:54:59.966259,6030,5088,1911,0
2026-08-23 09:54:59.966279,6305,5211,2700,0
2026-08-23 09:54:59.966299,6207,5200,2730,0
2026-08-23 09:54:59.966318,6255,5244,3324,0
2026-08-23 09:54:59.966338,6048,5212,2960,0
2026-08-23 09:54:59.966358,6213,5190,2960,0
2026-08-23 09:54:59.966378,6301,5267,3362,0
2026-08-23 09:54:59.966398,6030,5127,2275,0
2026-08-23 09:54:59.966419,6246,5172,2676,0
2026-08-23 09:54:59.966439,6184,5212,2843,0
2026-08-23 09:54:59.966459,6095,5096,1980,0
2026-08-23 09:54:59.966479,6299,5217,3033,0
2026-08-23 09:54:59.966498,6220,5231,3002,0
2026-08-23 09:54:59.966518,6297,5256,3561,0
2026-08-23 09:54:59.966538,6064,5211,2763,0
2026-08-23 09:54:59.966558,6119,5163,2654,0
2026-08-23 09:54:59.966578,6269,5220,2938,0
2026-08-23 09:54:59.966599,6038,5069,1662,0
2026-08-23 09:54:59.966619,6246,5251,2974,0
2026-08-23 09:54:59.966639,6192,5233,3042,0
2026-08-23 09:54:59.966658,6303,5273,3725,0
2026-08-23 09:54:59.966678,6149,5208,2700,0
2026-08-23 09:54:59.966698,6124,5206,2670,0
2026-08-23 09:54:59.966718,6285,5222,3114,0
2026-08-23 09:54:59.966738,6104,5224,3054,0
2026-08-23 09:54:59.966758,6244,5204,2979,0
2026-08-23 09:54:59.966779,6326,5248,3170,0
2026-08-23 09:54:59.966799,6004,5055,1080,0
2026-08-23 09:54:59.966819,6260,5210,2711,0
2026-08-23 09:54:59.966838,6181,5226,2703,0
2026-08-23 09:54:59.966858,6263,5231,3233,0
2026-08-23 09:54:59.966878,6064,5187,2871,0
2026-08-23 09:54:59.966898,6216,5211,2950,0
2026-08-23 09:54:59.966918,6284,5228,3271,0
2026-08-23 09:54:59.966938,6096,5085,1777,0
2026-08-23 09:54:59.966959,6192,5193,2667,0
2026-08-23 09:54:59.966979,6243,5226,2777,0
2026-08-23 09:54:59.966999,6090,5060,977,0
2026-08-23 09:54:59.967018,6235,5247,3087,0
2026-08-23 09:54:59.967038,6213,5219,2968,0
2026-08-23 09:54:59.967058,6274,5267,3438,0
2026-08-23 09:54:59.967078,6085,5200,2692,0
2026-08-23 09:54:59.967098,6182,5212,2659,0
2026-08-23 09:54:59.967119,6202,5243,2876,0
2026-08-23 09:54:59.967139,6039,5030,393,0
2026-08-23 09:54:59.967159,6221,5243,2982,0
2026-08-23 09:54:59.967179,6152,5191,2999,0
2026-08-23 09:54:59.967198,6295,5251,3630,0
2026-08-23 09:54:59.967218,6082,5145,2688,0
2026-08-23 09:54:59.967238,6191,5197,2642,0
2026-08-23 09:54:59.967258,6249,5225,2989,0
2026-08-23 09:54:59.967278,6080,5200,2918,0
2026-08-23 09:54:59.967299,6302,5248,2982,0
2026-08-23 09:54:59.967319,6247,5217,3108,0
2026-08-23 09:54:59.967339,5982,4935,0,0
2026-08-23 09:54:59.967359,6198,5218,2759,0
2026-08-23 09:54:59.967378,6148,5215,2678,0
2026-08-23 09:54:59.967398,6273,5232,3137,0
2026-08-23 09:54:59.967418,6051,5151,2664,0
2026-08-23 09:54:59.967438,6226,5237,2941,0
2026-08-23 09:54:59.967458,6229,5210,3173,0
2026-08-23 09:54:59.967479,6049,5041,559,0
2026-08-23 09:54:59.967499,6209,5194,2687,0
2026-08-23 09:54:59.967519,6196,5195,2719,0
2026-08-23 09:54:59.967538,6000,4923,0,0
2026-08-23 09:54:59.967558,6172,5177,3125,0
2026-08-23 09:54:59.967578,6171,5206,2961,0
2026-08-23 09:54:59.967598,6330,5235,3316,0
2026-08-23 09:54:59.967618,6062,5189,2426,0
2026-08-23 09:54:59.967638,6280,5192,2685,0
2026-08-23 09:54:59.967659,6217,5227,2747,0
2026-08-23 09:54:59.967679,6019,4961,0,0
2026-08-23 09:54:59.967699,6095,5214,3005,0
2026-08-23 09:54:59.967718,6203,5214,2962,0
2026-08-23 09:54:59.967738,6261,5267,3457,0
2026-08-23 09:54:59.967758,6063,5175,2530,0
2026-08-23 09:54:59.967778,6251,5178,2651,0
2026-08-23 09:54:59.967798,6218,5196,2901,0
2026-08-23 09:54:59.967818,6073,5183,2585,0
2026-08-23 09:54:59.967839,6343,5230,3307,0
2026-08-23 09:54:59.967859,6238,5215,3040,0
2026-08-23 09:54:59.967879,6251,5232,3672,0
2026-08-23 09:54:59.967898,6172,5178,2769,0
2026-08-23 09:54:59.967918,6160,5171,2683,0
2026-08-23 09:54:59.967938,6263,5212,3020,0
2026-08-23 09:54:59.967958,6034,5131,2337,0
2026-08-23 09:54:59.967978,6253,5217,2947,0
2026-08-23 09:54:59.967999,6225,5234,3127,0
2026-08-23 09:54:59.968019,5987,4962,0,0
2026-08-23 09:54:59.968039,6182,5200,2687,0
2026-08-23 09:54:59.968059,6172,5197,2657,0
2026-08-23 09:54:59.968078,6269,5222,3240,0
2026-08-23 09:54:59.968098,6155,5187,3115,0
2026-08-23 09:54:59.968118,6189,5180,2924,0
2026-08-23 09:54:59.968138,6302,5227,3284,0
2026-08-23 09:54:59.968158,6069,5132,2274,0
2026-08-23 09:54:59.968179,6281,5226,2683,0
2026-08-23 09:54:59.968199,6261,5200,2770,0
2026-08-23 09:54:59.968219,6287,5282,3405,0
2026-08-23 09:54:59.968238,6058,5178,2965,0
2026-08-23 09:54:59.968258,6202,5180,2940,0
2026-08-23 09:54:59.968278,6300,5259,3429,0
2026-08-23 09:54:59.968298,6040,5150,2492,0
2026-08-23 09:54:59.968318,6234,5205,2635,0
2026-08-23 09:54:59.968338,6237,5212,2883,0
2026-08-23 09:54:59.968359,6056,5170,2473,0
2026-08-23 09:54:59.968379,6326,5239,3024,0
2026-08-23 09:54:59.968399,6239,5225,3027,0
2026-08-23 09:54:59.968418,6260,5291,3341,0
2026-08-23 09:54:59.968438,6126,5158,2775,0
2026-08-23 09:54:59.968458,6112,5146,2660,0
2026-08-23 09:54:59.968478,6270,5234,3007,0
2026-08-23 09:54:59.968498,6038,5087,2256,0
2026-08-23 09:54:59.968518,6253,5207,2947,0
2026-08-23 09:54:59.968539,6225,5226,3114,0
2026-08-23 09:54:59.968559,5977,4913,0,0
2026-08-23 09:54:59.968579,6175,5137,2703,0
2026-08-23 09:54:59.968598,6182,5178,2680,0
2026-08-23 09:54:59.968618,6302,5214,3197,0
2026-08-23 09:54:59.968638,6150,5222,3119,0
2026-08-23 09:54:59.968658,6337,5183,2961,0
2026-08-23 09:54:59.968678,6324,5259,3254,0
2026-08-23 09:54:59.968699,6029,5081,1992,0
2026-08-23 09:54:59.968719,6264,5151,2704,0
2026-08-23 09:54:59.968739,6166,5216,2740,0
2026-08-23 09:54:59.968759,6239,5275,3345,0
2026-08-23 09:54:59.968778,6074,5172,2954,0
2026-08-23 09:54:59.968798,6195,5209,2955,0
2026-08-23 09:54:59.968818,6292,5219,3360,0
2026-08-23 09:54:59.968838,6063,5126,2319,0
2026-08-23 09:54:59.968858,6218,5177,2651,0
2026-08-23 09:54:59.968879,6233,5199,2840,0
2026-08-23 09:54:59.968899,6045,5159,2060,0
2026-08-23 09:54:59.968919,6287,5247,3035,0
2026-08-23 09:54:59.968939,6244,5251,2997,0
2026-08-23 09:54:59.968958,6259,5289,3541,0
2026-08-23 09:54:59.968978,6114,5179,2758,0
2026-08-23 09:54:59.968998,6158,5189,2654,0
2026-08-23 09:54:59.969018,6356,5263,3234,0
2026-08-23 09:54:59.969038,6150,5107,1727,0
2026-08-23 09:54:59.969059,6117,5236,2968,0
2026-08-23 09:54:59.969079,6200,5203,3053,0
2026-08-23 09:54:59.969099,6315,5311,3739,0
2026-08-23 09:54:59.969118,6120,5211,2703,0
2026-08-23 09:54:59.969138,6156,5166,2654,0
2026-08-23 09:54:59.969158,6296,5254,3106,0
2026-08-23 09:54:59.969178,6149,5234,3122,0
2026-08-23 09:54:59.969198,6228,5237,2967,0
2026-08-23 09:54:59.969218,6314,5230,3174,0
2026-08-23 09:54:59.969239,6026,5055,1358,0
2026-08-23 09:54:59.969259,6241,5208,2724,0
2026-08-23 09:54:59.969279,6156,5190,2701,0
2026-08-23 09:54:59.969298,6174,5210,3260,0
2026-08-23 09:54:59.969318,6121,5218,2898,0
2026-08-23 09:54:59.969338,6243,5220,3228,0
2026-08-23 09:54:59.969358,6230,5244,3306,0
2026-08-23 09:54:59.969378,6086,5093,2059,0
2026-08-23 09:54:59.969398,6206,5203,2655,0
2026-08-23 09:54:59.969419,6173,5209,2801,0
2026-08-23 09:54:59.969439,6130,5071,1418,0
2026-08-23 09:54:59.969459,6236,5251,3081,0
2026-08-23 09:54:59.969478,6193,5204,2986,0
2026-08-23 09:54:59.969498,6326,5250,3458,0
2026-08-23 09:54:59.969518,6088,5196,2740,0
2026-08-23 09:54:59.969538,6159,5196,2672,0
2026-08-23 09:54:59.969558,6248,5207,2881,0
2026-08-23 09:54:59.969579,6020,5054,859,0
2026-08-23 09:54:59.969599,6220,5212,2993,0
2026-08-23 09:54:59.969619,6178,5192,2997,0
2026-08-23 09:54:59.969639,6288,5251,3640,0
2026-08-23 09:54:59.969658,6118,5172,2692,0
2026-08-23 09:54:59.969678,6151,5171,2654,0
2026-08-23 09:54:59.969698,6248,5205,3025,0
2026-08-23 09:54:59.969718,6077,5166,2979,0
2026-08-23 09:54:59.969738,6275,5215,2970,0
2026-08-23 09:54:59.969759,6289,5252,3135,0
2026-08-23 09:54:59.969779,5991,4989,213,0
2026-08-23 09:54:59.969799,6213,5232,2749,0
2026-08-23 09:54:59.969818,6116,5209,2699,0
2026-08-23 09:54:59.969838,6254,5229,3176,0
2026-08-23 09:54:59.969858,6031,5166,2796,0
2026-08-23 09:54:59.969878,6243,5246,2947,0
2026-08-23 09:54:59.969898,6263,5252,3236,0
2026-08-23 09:54:59.969918,6062,5094,1377,0
2026-08-23 09:54:59.969939,6203,5234,2672,0
2026-08-23 09:54:59.969959,6196,5218,2754,0
2026-08-23 09:54:59.969979,6051,5032,148,0
2026-08-23 09:54:59.969998,6228,5236,3092,0
2026-08-23 09:54:59.970018,6170,5206,2954,0
2026-08-23 09:54:59.970038,6320,5284,3613,0
2026-08-23 09:54:59.970058,6082,5169,2616,0
2026-08-23 09:54:59.970078,6214,5179,2661,0
2026-08-23 09:54:59.970098,6198,5246,2830,0
2026-08-23 09:54:59.970119,6004,4959,0,0
2026-08-23 09:54:59.970139,6180,5268,2980,0
2026-08-23 09:54:59.970159,6162,5232,2979,0
2026-08-23 09:54:59.970178,6285,5250,3539,0
2026-08-23 09:54:59.970198,6046,5181,2629,0
2026-08-23 09:54:59.970218,6156,5181,2650,0
2026-08-23 09:54:59.970238,6268,5191,2954,0
2026-08-23 09:54:59.970258,6102,5171,2862,0
2026-08-23 09:54:59.970279,6290,5240,3016,0
2026-08-23 09:54:59.970299,6259,5222,3190,0
2026-08-23 09:54:59.970319,5957,4901,0,0
2026-08-23 09:54:59.970339,6157,5197,2753,0
2026-08-23 09:54:59.970358,6110,5184,2676,0
2026-08-23 09:54:59.970378,6221,5220,3097,0
2026-08-23 09:54:59.970398,6091,5178,2622,0
2026-08-23 09:54:59.970418,6286,5229,2948,0
2026-08-23 09:54:59.970438,6179,5199,3187,0
2026-08-23 09:54:59.970459,6071,4996,398,0
2026-08-23 09:54:59.970479,6205,5200,2969,0
2026-08-23 09:54:59.970499,6193,5224,2719,0
2026-08-23 09:54:59.970519,6034,4920,0,0
2026-08-23 09:54:59.970538,6149,5209,3096,0
2026-08-23 09:54:59.970558,6182,5168,2957,0
2026-08-23 09:54:59.970578,6334,5263,3319,0
2026-08-23 09:54:59.970598,6043,5146,2429,0
2026-08-23 09:54:59.970618,6277,5179,2675,0
2026-08-23 09:54:59.970639,6182,5215,2793,0
2026-08-23 09:54:59.970659,6081,4868,0,0
2026-08-23 09:54:59.970679,6121,5131,2993,0
2026-08-23 09:54:59.970698,6156,5162,2944,0
2026-08-23 09:54:59.970718,6304,5239,3454,0
2026-08-23 09:54:59.970738,6018,5132,2574,0
2026-08-23 09:54:59.970758,6201,5198,2646,0
2026-08-23 09:54:59.970778,6271,5217,2906,0
2026-08-23 09:54:59.970798,6059,5147,2629,0
2026-08-23 09:54:59.970819,6310,5207,3012,0
2026-08-23 09:54:59.970839,6223,5245,3036,0
2026-08-23 09:54:59.970859,6240,5306,3305,0
2026-08-23 09:54:59.970878,6166,5147,2766,0
2026-08-23 09:54:59.970898,6149,5174,2662,0
2026-08-23 09:54:59.970918,6203,5211,3030,0
2026-08-23 09:54:59.970938,6047,5167,2399,0
2026-08-23 09:54:59.970958,6292,5234,2954,0
2026-08-23 09:54:59.970978,6202,5202,3132,0
2026-08-23 09:54:59.970999,5991,4914,0,0
2026-08-23 09:54:59.971019,6184,5188,2679,0
2026-08-23 09:54:59.971039,6220,5185,2695,0
2026-08-23 09:54:59.971058,6274,5173,414,0
2026-08-23 09:54:59.971078,6093,5195,3115,0
2026-08-23 09:54:59.971098,6204,5191,2954,0
2026-08-23 09:54:59.971118,6290,5271,3287,0
2026-08-23 09:54:59.971138,6082,5137,2299,0
2026-08-23 09:54:59.971159,6258,5200,2680,0
2026-08-23 09:54:59.971179,6198,5185,2780,0
2026-08-23 09:54:59.971199,6190,5227,3380,0
2026-08-23 09:54:59.971219,6165,5175,2973,0
2026-08-23 09:54:59.971238,6187,5202,2956,0
2026-08-23 09:54:59.971258,6250,5238,3443,0
2026-08-23 09:54:59.971278,6048,5130,2496,0
2026-08-23 09:54:59.971298,6250,5217,2653,0
2026-08-23 09:54:59.971318,6308,5253,2895,0
2026-08-23 09:54:59.971339,6036,5188,2513,0
2026-08-23 09:54:59.971359,6272,5218,3014,0
2026-08-23 09:54:59.971379,6239,5263,3011,0
2026-08-23 09:54:59.971398,6242,5258,3655,0
2026-08-23 09:54:59.971418,6123,5204,2758,0
2026-08-23 09:54:59.971438,6092,5180,2673,0
2026-08-23 09:54:59.971458,6098,5196,3013,0
2026-08-23 09:54:59.971478,6041,5078,2261,0
2026-08-23 09:54:59.971498,6270,5226,2961,0
2026-08-23 09:54:59.971519,6192,5226,3123,0
2026-08-23 09:54:59.971539,5954,4882,0,0
2026-08-23 09:54:59.971559,6175,5147,2659,0
2026-08-23 09:54:59.971578,6165,5138,2691,0
2026-08-23 09:54:59.971598,6263,5200,3205,0
2026-08-23 09:54:59.971618,6116,5178,3117,0
2026-08-23 09:54:59.971638,6200,5177,2953,0
2026-08-23 09:54:59.971658,6302,5251,3235,0
2026-08-23 09:54:59.971678,6059,5096,2086,0
2026-08-23 09:54:59.971699,6266,5177,2695,0
2026-08-23 09:54:59.971719,6165,5220,2742,0
2026-08-23 09:54:59.971739,6230,5228,3348,0
2026-08-23 09:54:59.971758,6080,5209,2959,0
2026-08-23 09:54:59.971778,6197,5193,2948,0
2026-08-23 09:54:59.971798,6314,5264,3368,0
2026-08-23 09:54:59.971818,6043,5103,2343,0
2026-08-23 09:54:59.971838,6220,5207,2647,0
2026-08-23 09:54:59.971859,6244,5182,2846,0
2026-08-23 09:54:59.971879,6025,5146,2054,0
2026-08-23 09:54:59.971899,6311,5250,3043,0
2026-08-23 09:54:59.971919,6195,5256,3001,0
2026-08-23 09:54:59.971938,6256,5215,3544,0
2026-08-23 09:54:59.971958,6108,5148,2756,0
2026-08-23 09:54:59.971978,6194,5167,2658,0
2026-08-23 09:54:59.971998,6233,5199,2922,0
2026-08-23 09:54:59.972018,6044,5079,1711,0
2026-08-23 09:54:59.972039,6254,5247,2976,0
2026-08-23 09:54:59.972059,6164,5211,3083,0
2026-08-23 09:54:59.972079,6285,5259,3740,0
2026-08-23 09:54:59.972099,6114,5169,2706,0
2026-08-23 09:54:59.972118,6163,5172,2651,0
2026-08-23 09:54:59.972138,6288,5229,3183,0
2026-08-23 09:54:59.972158,6050,5214,3053,0
2026-08-23 09:54:59.972178,6227,5193,2970,0
2026-08-23 09:54:59.972198,6288,5267,3167,0
2026-08-23 09:54:59.972219,6014,5060,1294,0
2026-08-23 09:54:59.972239,6267,5218,2714,0
2026-08-23 09:54:59.972259,6127,5234,2709,0
2026-08-23 09:54:59.972278,6262,5237,3243,0
2026-08-23 09:54:59.972298,6022,5192,2889,0
2026-08-23 09:54:59.972318,6237,5187,2947,0
2026-08-23 09:54:59.972338,6282,5233,3279,0
2026-08-23 09:54:59.972358,6055,5138,1944,0
2026-08-23 09:54:59.972378,6209,5209,2651,0
2026-08-23 09:54:59.972399,6172,5181,2776,0
2026-08-23 09:54:59.972419,6071,5042,1243,0
2026-08-23 09:54:59.972439,6238,5252,3048,0
2026-08-23 09:54:59.972458,6189,5205,2956,0
2026-08-23 09:54:59.972478,6289,5303,3463,0
2026-08-23 09:54:59.972498,6086,5174,2719,0
2026-08-23 09:54:59.972518,6126,5205,2651,0
2026-08-23 09:54:59.972538,6237,5222,2878,0
2026-08-23 09:54:59.972558,6018,5026,1007,0
2026-08-23 09:54:59.972579,6200,5217,2974,0
2026-08-23 09:54:59.972599,6126,5198,3015,0
2026-08-23 09:54:59.972619,6293,5279,3657,0
2026-08-23 09:54:59.972638,6058,5174,2695,0
2026-08-23 09:54:59.972658,5987,5172,2660,0
2026-08-23 09:54:59.972678,6247,5194,3058,0
2026-08-23 09:54:59.972698,6011,5198,3025,0
2026-08-23 09:54:59.972718,6254,5213,2960,0
2026-08-23 09:54:59.972739,6282,5245,3155,0
2026-08-23 09:54:59.972759,6003,4992,748,0
2026-08-23 09:54:59.972779,6224,5244,2729,0
2026-08-23 09:54:59.972799,6109,5193,2694,0
2026-08-23 09:54:59.972818,6279,5256,3203,0
2026-08-23 09:54:59.972838,6047,5159,2848,0
2026-08-23 09:54:59.972858,6206,5218,2941,0
2026-08-23 09:54:59.972878,6275,5247,3254,0
2026-08-23 09:54:59.972898,6040,5095,1518,0
2026-08-23 09:54:59.972919,6208,5229,2664,0
2026-08-23 09:54:59.972939,6171,5194,2756,0
2026-08-23 09:54:59.972959,6086,5054,593,0
2026-08-23 09:54:59.972978,6207,5224,3046,0
2026-08-23 09:54:59.972998,6132,5227,2955,0
2026-08-23 09:54:59.973018,6321,5286,3381,0
2026-08-23 09:54:59.973038,6050,5166,2650,0
2026-08-23 09:54:59.973058,6205,5173,2659,0
2026-08-23 09:54:59.973078,6187,5240,2778,0
2026-08-23 09:54:59.973099,6034,5014,26,0
2026-08-23 09:54:59.973119,6171,5204,2991,0
2026-08-23 09:54:59.973139,6114,5185,2992,0
2026-08-23 09:54:59.973158,6295,5249,3569,0
2026-08-23 09:54:59.973178,6041,5136,2675,0
2026-08-23 09:54:59.973198,6120,5150,2622,0
2026-08-23 09:54:59.973218,6231,5208,2976,0
2026-08-23 09:54:59.973238,6057,5199,2896,0
2026-08-23 09:54:59.973258,6278,5235,2985,0
2026-08-23 09:54:59.973279,6254,5245,3108,0
2026-08-23 09:54:59.973299,5963,4942,0,0
2026-08-23 09:54:59.973319,6175,5183,2742,0
2026-08-23 09:54:59.973338,6082,5161,2673,0
2026-08-23 09:54:59.973358,6218,5201,3121,0
2026-08-23 09:54:59.973378,5993,5159,2715,0
2026-08-23 09:54:59.973398,6272,5210,2922,0
2026-08-23 09:54:59.973418,6217,5231,3197,0
2026-08-23 09:54:59.973439,6030,5043,954,0
2026-08-23 09:54:59.973459,6216,5181,2681,0
2026-08-23 09:54:59.973479,6155,5221,2722,0
2026-08-23 09:54:59.973499,6018,4989,0,0
2026-08-23 09:54:59.973518,6182,5259,3110,0
2026-08-23 09:54:59.973538,6119,5198,2950,0
2026-08-23 09:54:59.973558,6285,5269,3344,0
2026-08-23 09:54:59.973578,6054,5175,2535,0
2026-08-23 09:54:59.973598,6224,5207,2650,0
2026-08-23 09:54:59.973619,6184,5184,2808,0
2026-08-23 09:54:59.973639,5974,4910,0,0
2026-08-23 09:54:59.973659,6146,5218,2974,0
2026-08-23 09:54:59.973679,6129,5214,2965,0
2026-08-23 09:54:59.973698,6248,5229,3529,0
2026-08-23 09:54:59.973718,6032,5096,2640,0
2026-08-23 09:54:59.973738,6184,5149,2637,0
2026-08-23 09:54:59.973758,6238,5233,2932,0
2026-08-23 09:54:59.973778,6006,5176,2727,0
2026-08-23 09:54:59.973799,6249,5224,2995,0
2026-08-23 09:54:59.973819,6260,5204,3049,0
2026-08-23 09:54:59.973839,6020,4938,0,0
2026-08-23 09:54:59.973858,6095,5136,2752,0
2026-08-23 09:54:59.973878,6081,5137,2668,0
2026-08-23 09:54:59.973898,6261,5214,3025,0
2026-08-23 09:54:59.973918,6006,5085,2484,0
2026-08-23 09:54:59.973938,6245,5205,2961,0
2026-08-23 09:54:59.973958,6189,5251,3146,0
2026-08-23 09:54:59.973979,5978,4975,0,0
2026-08-23 09:54:59.973999,6184,5211,2686,0
2026-08-23 09:54:59.974019,6186,5210,2689,0
2026-08-23 09:54:59.974038,6211,5072,23,0
2026-08-23 09:54:59.974058,6080,5186,3111,0
2026-08-23 09:54:59.974078,6153,5207,2944,0
2026-08-23 09:54:59.974098,6280,5253,3284,0
2026-08-23 09:54:59.974118,6051,5160,2652,0
2026-08-23 09:55:00.817706,6257,5176,2675,1
2026-08-23 09:55:00.817726,6153,5211,2764,1
2026-08-23 09:55:00.817746,6262,5258,2571,1
2026-08-23 09:55:00.817766,6082,5155,2972,1
2026-08-23 09:55:00.817786,6125,5177,2950,1
2026-08-23 09:55:00.817806,6301,5251,3419,1
2026-08-23 09:55:00.817826,5995,5129,2506,1
2026-08-23 09:55:00.817846,6216,5176,2643,1
2026-08-23 09:55:00.817866,6242,5211,2883,1
2026-08-23 09:55:00.817886,6063,5150,2485,1
2026-08-23 09:55:00.817906,6320,5230,3008,1
2026-08-23 09:55:00.817926,6204,5204,3013,1
2026-08-23 09:55:00.817946,6231,5233,3612,1
2026-08-23 09:55:00.817966,6100,5191,2747,1
2026-08-23 09:55:00.817986,6091,5155,2659,1
2026-08-23 09:55:00.818006,6279,5206,3002,1
2026-08-23 09:55:00.818026,6006,5083,2169,1
2026-08-23 09:55:00.818046,6212,5217,2973,1
2026-08-23 09:55:00.818066,6191,5188,3103,1
2026-08-23 09:55:00.818086,5942,4855,0,1
2026-08-23 09:55:00.818106,6126,5131,2697,1
2026-08-23 09:55:00.818126,6154,5080,2678,1
2026-08-23 09:55:00.818146,6230,5173,3159,1
2026-08-23 09:55:00.818166,6086,5186,3114,1
2026-08-23 09:55:00.818186,6187,5152,2951,1
2026-08-23 09:55:00.818206,6286,5221,3216,1
2026-08-23 09:55:00.818226,6044,5080,1938,1
2026-08-23 09:55:00.818246,6249,5196,2700,1
2026-08-23 09:55:00.818266,6183,5175,2728,1
2026-08-23 09:55:00.818286,6253,5208,3296,1
2026-08-23 09:55:00.818306,5993,5129,2948,1
2026-08-23 09:55:00.818326,6182,5159,2983,1
2026-08-23 09:55:00.818346,6267,5210,3349,1
2026-08-23 09:55:00.818366,5989,5132,2290,1
2026-08-23 09:55:00.818386,6246,5152,2655,1
2026-08-23 09:55:00.818406,6203,5212,2793,1
2026-08-23 09:55:00.818426,6041,5089,1852,1
2026-08-23 09:55:00.818446,6272,5240,3040,1
2026-08-23 09:55:00.818466,6151,5221,2980,1
2026-08-23 09:55:00.818486,6263,5257,3502,1
2026-08-23 09:55:00.818506,6077,5181,2736,1
2026-08-23 09:55:00.818526,6120,5141,2640,1
2026-08-23 09:55:00.818546,6263,5184,2906,1
2026-08-23 09:55:00.818566,5981,5078,1381,1
2026-08-23 09:55:00.818586,6201,5190,2966,1
2026-08-23 09:55:00.818606,6131,5215,3022,1
2026-08-23 09:55:00.818626,6272,5279,3708,1
2026-08-23 09:55:00.818646,6075,5160,2699,1
2026-08-23 09:55:00.818666,6125,5159,2648,1
2026-08-23 09:55:00.818686,6275,5220,3081,1
2026-08-23 09:55:00.818706,6080,5196,3039,1
2026-08-23 09:55:00.818726,6207,5179,2954,1
2026-08-23 09:55:00.818746,6332,5218,3158,1
2026-08-23 09:55:00.818766,5993,5040,1140,1
2026-08-23 09:55:00.818786,6239,5192,2704,1
2026-08-23 09:55:00.818806,6156,5211,2715,1
2026-08-23 09:55:00.818826,6208,5259,3203,1
2026-08-23 09:55:00.818846,5996,5187,2890,1
2026-08-23 09:55:00.818866,6225,5182,2939,1
2026-08-23 09:55:00.818886,6267,5216,3266,1
2026-08-23 09:55:00.818906,6041,5074,1831,1
2026-08-23 09:55:00.818926,6197,5201,2642,1
2026-08-23 09:55:00.818946,6182,5185,2770,1
2026-08-23 09:55:00.818966,6055,5046,1001,1
2026-08-23 09:55:00.818986,6212,5248,3086,1
2026-08-23 09:55:00.819006,6168,5227,2963,1
2026-08-23 09:55:00.819026,6271,5243,3434,1
2026-08-23 09:55:00.819046,6092,5140,2696,1
2026-08-23 09:55:00.819066,6173,5159,2653,1
2026-08-23 09:55:00.819086,6196,5182,2860,1
2026-08-23 09:55:00.819106,5996,5017,351,1
2026-08-23 09:55:00.819126,6169,5209,2986,1
2026-08-23 09:55:00.819146,6120,5183,3006,1
2026-08-23 09:55:00.819166,6281,5245,3596,1
2026-08-23 09:55:00.819186,6063,5149,2677,1
2026-08-23 09:55:00.819206,6129,5179,2655,1
2026-08-23 09:55:00.819226,6254,5221,3009,1
2026-08-23 09:55:00.819246,6034,5182,2911,1
2026-08-23 09:55:00.819266,6275,5182,2978,1
2026-08-23 09:55:00.819286,6268,5206,3099,1
2026-08-23 09:55:00.819306,5930,4944,0,1
2026-08-23 09:55:00.819326,6218,5226,2737,1
2026-08-23 09:55:00.819346,6074,5192,2680,1
2026-08-23 09:55:00.819366,6233,5250,3148,1
2026-08-23 09:55:00.819386,6052,5188,2728,1
2026-08-23 09:55:00.819406,6213,5210,2943,1
2026-08-23 09:55:00.819426,6251,5203,3195,1
2026-08-23 09:55:00.819446,6020,5004,815,1
2026-08-23 09:55:00.819466,6159,5205,2628,1
2026-08-23 09:55:00.819486,6163,5184,2736,1
2026-08-23 09:55:00.819506,6004,4938,0,1
2026-08-23 09:55:00.819526,6121,5235,3099,1
2026-08-23 09:55:00.819546,6157,5185,2953,1
2026-08-23 09:55:00.819566,6287,5268,3326,1
2026-08-23 09:55:00.819586,6059,5144,2513,1
2026-08-23 09:55:00.819606,6222,5212,2639,1
2026-08-23 09:55:00.819626,6190,5172,2729,1
2026-08-23 09:55:00.819646,5945,4874,0,1
2026-08-23 09:55:00.819666,6104,5166,2991,1
2026-08-23 09:55:00.819686,6124,5163,2960,1
2026-08-23 09:55:00.819706,6255,5226,3463,1
2026-08-23 09:55:00.819726,6032,5083,2607,1
2026-08-23 09:55:00.819746,6155,5168,2635,1
2026-08-23 09:55:00.819766,6220,5217,2914,1
2026-08-23 09:55:00.819786,6040,5158,2669,1
2026-08-23 09:55:00.819806,6298,5222,2914,1
2026-08-23 09:55:00.819826,6250,5199,3023,1
2026-08-23 09:55:00.819846,6247,5352,1996,1
2026-08-23 09:55:00.819866,6103,5162,2753,1
2026-08-23 09:55:00.819886,6099,5157,2667,1
2026-08-23 09:55:00.819906,6247,5192,3023,1
2026-08-23 09:55:00.819926,5995,5137,2374,1
2026-08-23 09:55:00.819946,6235,5178,2959,1
2026-08-23 09:55:00.819966,6219,5221,3175,1
2026-08-23 09:55:00.819986,5930,4887,0,1
2026-08-23 09:55:00.820006,6160,5149,2701,1
2026-08-23 09:55:00.820026,6194,5198,2677,1
2026-08-23 09:55:00.820046,6261,5210,3510,1
2026-08-23 09:55:00.820066,6120,5216,3101,1
2026-08-23 09:55:00.820086,6162,5209,2948,1
2026-08-23 09:55:00.820106,6296,5218,3239,1
2026-08-23 09:55:00.820126,6037,5083,2003,1
2026-08-23 09:55:00.820146,6268,5215,2696,1
2026-08-23 09:55:00.820166,6161,5212,2737,1
2026-08-23 09:55:00.820186,6232,5283,3321,1
2026-08-23 09:55:00.820206,6084,5175,2924,1
2026-08-23 09:55:00.820226,6160,5214,2939,1
2026-08-23 09:55:00.820246,6265,5219,3347,1
2026-08-23 09:55:00.820266,6059,5094,2257,1
2026-08-23 09:55:00.820286,6186,5190,2636,1
2026-08-23 09:55:00.820306,6233,5184,2826,1
2026-08-23 09:55:00.820326,6061,5074,1875,1
2026-08-23 09:55:00.820346,6264,5202,2984,1
2026-08-23 09:55:00.820366,6197,5228,2974,1
2026-08-23 09:55:00.820386,6256,5234,3540,1
2026-08-23 09:55:00.820406,6083,5163,2747,1
2026-08-23 09:55:00.820426,6111,5172,2601,1
2026-08-23 09:55:00.820446,6238,5184,2917,1
2026-08-23 09:55:00.820466,6090,5093,1422,1
2026-08-23 09:55:00.820486,6160,5217,2970,1
2026-08-23 09:55:00.820506,6120,5206,3026,1
2026-08-23 09:55:00.820526,6303,5278,3685,1
2026-08-23 09:55:00.820546,6070,5160,2697,1
2026-08-23 09:55:00.820566,6186,5161,2653,1
2026-08-23 09:55:00.820586,6265,5228,3086,1
2026-08-23 09:55:00.820606,6076,5177,3035,1
2026-08-23 09:55:00.820626,6238,5197,2952,1
2026-08-23 09:55:00.820646,6305,5248,3148,1
2026-08-23 09:55:00.820666,5940,5020,890,1
2026-08-23 09:55:00.820686,6238,5215,2726,1
2026-08-23 09:55:00.820706,6151,5226,2688,1
2026-08-23 09:55:00.820726,6247,5258,3190,1
2026-08-23 09:55:00.820746,6049,5178,2832,1
2026-08-23 09:55:00.820766,6202,5177,2948,1
2026-08-23 09:55:00.820786,6250,5211,3224,1
2026-08-23 09:55:00.820806,6045,5048,1479,1
2026-08-23 09:55:00.820826,6189,5217,2474,1
2026-08-23 09:55:00.820846,6208,5190,2753,1
2026-08-23 09:55:00.820866,6058,5013,255,1
2026-08-23 09:55:00.820886,6179,5221,3097,1
2026-08-23 09:55:00.820906,6159,5223,2948,1
2026-08-23 09:55:00.820926,6296,5290,3383,1
2026-08-23 09:55:00.820946,6040,5151,2643,1
2026-08-23 09:55:00.820966,6194,5172,2660,1
2026-08-23 09:55:00.820986,6187,5206,2826,1
2026-08-23 09:55:00.821006,6020,4940,0,1
2026-08-23 09:55:00.821026,6175,5196,2975,1
2026-08-23 09:55:00.821046,6090,5174,2981,1
2026-08-23 09:55:00.821066,6277,5240,3519,1
2026-08-23 09:55:00.821086,6045,5195,2648,1
2026-08-23 09:55:00.821106,6204,5167,2644,1
2026-08-23 09:55:00.821126,6203,5202,2946,1
2026-08-23 09:55:00.821146,6047,5169,2805,1
2026-08-23 09:55:00.821166,6288,5239,2989,1
2026-08-23 09:55:00.821186,6242,5204,3058,1
2026-08-23 09:55:00.821206,5930,4822,0,1
2026-08-23 09:55:00.821226,6162,5088,2744,1
2026-08-23 09:55:00.821246,6028,5088,2660,1
2026-08-23 09:55:00.821266,6271,5212,3081,1
2026-08-23 09:55:00.821286,6021,5095,2506,1
2026-08-23 09:55:00.821306,6195,5208,2946,1
2026-08-23 09:55:00.821326,6219,5216,3149,1
2026-08-23 09:55:00.821346,5998,4976,0,1
2026-08-23 09:55:00.821366,6157,5177,2690,1
2026-08-23 09:55:00.821386,6197,5164,2688,1
2026-08-23 09:55:00.821406,6248,5245,1295,1
2026-08-23 09:55:00.821426,6117,5184,3081,1
2026-08-23 09:55:00.821446,6184,5201,2947,1
2026-08-23 09:55:00.821466,6284,5222,3261,1
2026-08-23 09:55:00.821486,6068,5104,2201,1
2026-08-23 09:55:00.821506,6251,5159,2692,1
2026-08-23 09:55:00.821526,6170,5203,2748,1
2026-08-23 09:55:00.821546,6228,5214,3341,1
2026-08-23 09:55:00.821566,6098,5184,2963,1
2026-08-23 09:55:00.821586,6166,5201,2936,1
2026-08-23 09:55:00.821606,6296,5243,3382,1
2026-08-23 09:55:00.821626,6047,5094,2366,1
2026-08-23 09:55:00.821646,6210,5155,2676,1
2026-08-23 09:55:00.821666,6200,5182,2831,1
2026-08-23 09:55:00.821686,6077,5095,2087,1
2026-08-23 09:55:00.821706,6282,5249,3047,1
2026-08-23 09:55:00.821726,6198,5204,2983,1
2026-08-23 09:55:00.821746,6254,5277,3525,1
2026-08-23 09:55:00.821766,6082,5193,2749,1
2026-08-23 09:55:00.821786,6112,5147,2656,1
2026-08-23 09:55:00.821806,6255,5195,2908,1
2026-08-23 09:55:00.821826,5992,5073,1841,1
2026-08-23 09:55:00.821846,6210,5193,2960,1
2026-08-23 09:55:00.821866,6183,5197,3033,1
2026-08-23 09:55:00.821886,6270,5251,3706,1
2026-08-23 09:55:00.821906,6101,5163,2707,1
2026-08-23 09:55:00.821926,6160,5167,2658,1
2026-08-23 09:55:00.821946,6278,5222,3083,1
2026-08-23 09:55:00.821966,6079,5178,3032,1
2026-08-23 09:55:00.821986,6211,5217,2967,1
2026-08-23 09:55:00.822006,6321,5236,3156,1
2026-08-23 09:55:00.822026,5980,5071,1174,1
2026-08-23 09:55:00.822046,6248,5211,2719,1
2026-08-23 09:55:00.822066,6166,5231,2693,1
2026-08-23 09:55:00.822086,6172,5216,3229,1
2026-08-23 09:55:00.822106,6026,5201,2886,1
2026-08-23 09:55:00.822126,6254,5207,2929,1
2026-08-23 09:55:00.822146,6234,5250,3252,1
2026-08-23 09:55:00.822166,6019,5127,1787,1
2026-08-23 09:55:00.822186,6227,5210,2655,1
2026-08-23 09:55:00.822206,6157,5203,2760,1
2026-08-23 09:55:00.822226,6061,5035,925,1
2026-08-23 09:55:00.822246,6250,5252,3102,1
2026-08-23 09:55:00.822266,6118,5188,2948,1
2026-08-23 09:55:00.822286,6363,5272,3422,1
2026-08-23 09:55:00.822306,6072,5180,2654,1
2026-08-23 09:55:00.822326,6196,5189,2659,1
2026-08-23 09:55:00.822346,6219,5203,2857,1
2026-08-23 09:55:00.822366,6046,5039,432,1
2026-08-23 09:55:00.822386,6163,5241,2976,1
2026-08-23 09:55:00.822406,6127,5181,2927,1
2026-08-23 09:55:00.822426,6264,5240,3566,1
2026-08-23 09:55:00.822446,6047,5154,2678,1
2026-08-23 09:55:00.822466,6208,5203,2616,1
2026-08-23 09:55:00.822486,6242,5204,2995,1
2026-08-23 09:55:00.822506,6061,5163,2924,1
2026-08-23 09:55:00.822526,6305,5206,2969,1
2026-08-23 09:55:00.822546,6242,5233,3094,1
2026-08-23 09:55:00.822566,5954,4957,0,1
2026-08-23 09:55:00.822586,6201,5197,2731,1
2026-08-23 09:55:00.822606,6102,5206,2680,1
2026-08-23 09:55:00.822626,6204,5214,3127,1
2026-08-23 09:55:00.822646,6026,5139,2695,1
2026-08-23 09:55:00.822666,6234,5183,2938,1
2026-08-23 09:55:00.822686,6201,5180,3197,1
2026-08-23 09:55:00.822706,6031,5061,988,1
2026-08-23 09:55:00.822726,6205,5197,2663,1
2026-08-23 09:55:00.822746,6191,5183,2674,1
2026-08-23 09:55:00.822766,6024,4978,0,1
2026-08-23 09:55:00.822786,6168,5258,3086,1
2026-08-23 09:55:00.822806,6130,5195,2948,1
2026-08-23 09:55:00.822826,6309,5245,3345,1
2026-08-23 09:55:00.822846,6071,5180,2597,1
2026-08-23 09:55:00.822866,6220,5179,2670,1
2026-08-23 09:55:00.822886,6177,5221,2800,1
2026-08-23 09:55:00.822906,5948,4969,0,1
2026-08-23 09:55:00.822926,6165,5232,2993,1
2026-08-23 09:55:00.822946,6122,5216,2956,1
2026-08-23 09:55:00.822966,6258,5268,3518,1
2026-08-23 09:55:00.822986,6046,5141,2645,1
2026-08-23 09:55:00.823006,6127,5153,2634,1
2026-08-23 09:55:00.823026,6225,5226,2952,1
2026-08-23 09:55:00.823046,6062,5185,2792,1
2026-08-23 09:55:00.823066,6265,5228,2984,1
2026-08-23 09:55:00.823086,6264,5243,3040,1
2026-08-23 09:55:00.823106,5976,4860,0,1
2026-08-23 09:55:00.823126,6130,5092,2743,1
2026-08-23 09:55:00.823146,6105,5087,2653,1
2026-08-23 09:55:00.823166,6203,5164,3053,1
2026-08-23 09:55:00.823186,6031,5135,2528,1
2026-08-23 09:55:00.823206,6241,5203,2938,1
2026-08-23 09:55:00.823226,6212,5173,3140,1
2026-08-23 09:55:00.823246,6014,5014,35,1
2026-08-23 09:55:00.823266,6173,5175,2679,1
2026-08-23 09:55:00.823286,6204,5183,2696,1
2026-08-23 09:55:00.823306,6069,4901,0,1
2026-08-23 09:55:00.823326,6160,5182,3112,1
2026-08-23 09:55:00.823346,6173,5178,2948,1
2026-08-23 09:55:00.823366,6290,5192,3282,1
2026-08-23 09:55:00.823386,6063,5149,2363,1
2026-08-23 09:55:00.823406,6284,5217,2673,1
2026-08-23 09:55:00.823426,6155,5193,2773,1
2026-08-23 09:55:00.823446,6210,5209,2088,1
2026-08-23 09:55:00.823466,6161,5227,2991,1
2026-08-23 09:55:00.823486,6173,5173,2943,1
2026-08-23 09:55:00.823506,6267,5257,3434,1
2026-08-23 09:55:00.823526,6064,5163,2508,1
2026-08-23 09:55:00.823546,6207,5162,2642,1
2026-08-23 09:55:00.823566,6218,5214,2866,1
2026-08-23 09:55:00.823586,6068,5144,2439,1
2026-08-23 09:55:00.823606,6307,5270,3010,1
2026-08-23 09:55:00.823626,6236,5251,2995,1
2026-08-23 09:55:00.823646,6254,5286,3622,1
2026-08-23 09:55:00.823666,6098,5179,2763,1
2026-08-23 09:55:00.823686,6105,5172,2646,1
2026-08-23 09:55:00.823706,6254,5246,2978,1
2026-08-23 09:55:00.823726,6017,5149,2114,1
2026-08-23 09:55:00.823746,6265,5255,2948,1
2026-08-23 09:55:00.823766,6171,5206,3052,1
2026-08-23 09:55:00.823786,6045,4838,0,1
2026-08-23 09:55:00.823806,6168,5067,2695,1
2026-08-23 09:55:00.823826,6192,5146,2672,1
2026-08-23 09:55:00.823846,6296,5204,3159,1
2026-08-23 09:55:00.823866,6073,5178,3082,1
2026-08-23 09:55:00.823886,6216,5215,2901,1
2026-08-23 09:55:00.823906,6304,5247,3199,1
2026-08-23 09:55:00.823926,6021,5100,1741,1
2026-08-23 09:55:00.823946,6256,5200,2689,1
2026-08-23 09:55:00.823966,6197,5211,2740,1
2026-08-23 09:55:00.823986,6278,5235,3285,1
2026-08-23 09:55:00.824006,6039,5186,2887,1
2026-08-23 09:55:00.824026,6205,5171,2952,1
2026-08-23 09:55:00.824046,6298,5259,3426,1
2026-08-23 09:55:00.824066,6048,5153,2241,1
2026-08-23 09:55:00.824086,6242,5174,2636,1
2026-08-23 09:55:00.824106,6202,5223,2806,1
2026-08-23 09:55:00.824126,6080,5100,1880,1
2026-08-23 09:55:00.824146,6291,5233,3036,1
2026-08-23 09:55:00.824166,6183,5243,2974,1
2026-08-23 09:55:00.824186,6280,5252,3508,1
2026-08-23 09:55:00.824206,6063,5166,2734,1
2026-08-23 09:55:00.824226,6116,5183,2596,1
2026-08-23 09:55:00.824246,6211,5195,2902,1
2026-08-23 09:55:00.824266,6053,5063,1561,1
2026-08-23 09:55:00.824286,6227,5204,2965,1
2026-08-23 09:55:00.824306,6129,5226,3030,1
2026-08-23 09:55:00.824326,6302,5252,3702,1
2026-08-23 09:55:00.824346,6098,5190,2693,1
2026-08-23 09:55:00.824366,6104,5174,2644,1
2026-08-23 09:55:00.824386,6260,5224,3090,1
2026-08-23 09:55:00.824406,6103,5205,3047,1
2026-08-23 09:55:00.824426,6209,5217,2947,1
2026-08-23 09:55:00.824446,6316,5252,3147,1
2026-08-23 09:55:00.824466,5993,5039,1251,1
2026-08-23 09:55:00.824486,6250,5207,2715,1
2026-08-23 09:55:00.824506,6151,5187,2692,1
2026-08-23 09:55:00.824526,6214,5228,3232,1
2026-08-23 09:55:00.824546,6028,5190,3242,1
2026-08-23 09:55:00.824566,6237,5185,2939,1
2026-08-23 09:55:00.824586,6242,5258,3271,1
2026-08-23 09:55:00.824606,6001,5132,1917,1
2026-08-23 09:55:00.824626,6213,5171,2642,1
2026-08-23 09:55:00.824646,6175,5215,2786,1
2026-08-23 09:55:00.824666,6090,5059,1173,1
2026-08-23 09:55:00.824686,6241,5238,3018,1
2026-08-23 09:55:00.824706,6173,5193,2959,1
2026-08-23 09:55:00.824726,6294,5275,3429,1
2026-08-23 09:55:00.824746,6079,5202,2715,1
2026-08-23 09:55:00.824766,6157,5188,2655,1
2026-08-23 09:55:00.824786,6198,5220,2861,1
2026-08-23 09:55:00.824806,6002,4994,546,1
2026-08-23 09:55:00.824826,6193,5232,2968,1
2026-08-23 09:55:00.824846,6103,5210,2986,1
2026-08-23 09:55:00.824866,6276,5236,3607,1
2026-08-23 09:55:00.824886,6065,5179,2693,1
2026-08-23 09:55:00.824906,6158,5174,2635,1
2026-08-23 09:55:00.824926,6252,5231,2987,1
2026-08-23 09:55:00.824946,6091,5192,2938,1
2026-08-23 09:55:00.824966,6281,5227,2961,1
2026-08-23 09:55:00.824986,6253,5255,3091,1
2026-08-23 09:55:00.825006,5971,4962,0,1
2026-08-23 09:55:00.825026,6190,5202,2732,1
2026-08-23 09:55:00.825046,6156,5215,2692,1
2026-08-23 09:55:00.825066,6255,5274,3119,1
2026-08-23 09:55:00.825086,6001,5179,2693,1
2026-08-23 09:55:00.825106,6262,5235,2935,1
2026-08-23 09:55:00.825126,6231,5242,3192,1
2026-08-23 09:55:00.825146,6029,5063,900,1
2026-08-23 09:55:00.825166,6202,5184,2661,1
2026-08-23 09:55:00.825186,6205,5216,2724,1
2026-08-23 09:55:00.825206,6040,4962,0,1
2026-08-23 09:55:00.825226,6181,5219,3097,1
2026-08-23 09:55:00.825246,6164,5201,2960,1
2026-08-23 09:55:00.825266,6290,5247,3323,1
2026-08-23 09:55:00.825286,6042,5185,2496,1
2026-08-23 09:55:00.825306,6245,5179,2655,1
2026-08-23 09:55:00.825326,6179,5191,2787,1
2026-08-23 09:55:00.825346,5968,4943,0,1
2026-08-23 09:55:00.825366,6120,5188,2972,1
2026-08-23 09:55:00.825386,6165,5201,2974,1
2026-08-23 09:55:00.825406,6257,5220,3488,1
2026-08-23 09:55:00.825426,6042,5158,2580,1
2026-08-23 09:55:00.825446,6200,5187,2708,1
2026-08-23 09:55:00.825466,6235,5217,2917,1
2026-08-23 09:55:00.825486,6056,5199,2687,1
2026-08-23 09:55:00.825506,6314,5208,3000,1
2026-08-23 09:55:00.825526,6235,5211,3029,1
2026-08-23 09:55:00.825546,6226,5154,412,1
2026-08-23 09:55:00.825566,6157,5205,2746,1
2026-08-23 09:55:00.825586,6115,5197,2631,1
2026-08-23 09:55:00.825606,6261,5246,3016,1
2026-08-23 09:55:00.825626,6018,5105,2360,1
2026-08-23 09:55:00.825646,6228,5192,2957,1
2026-08-23 09:55:00.825666,6210,5204,3121,1
2026-08-23 09:55:00.825686,6008,4941,0,1
2026-08-23 09:55:00.825706,6168,5182,2691,1
2026-08-23 09:55:00.825726,6155,5204,2684,1
2026-08-23 09:55:00.825746,6283,5253,3209,1
2026-08-23 09:55:00.825766,6130,5211,3103,1
2026-08-23 09:55:00.825786,6166,5238,2945,1
2026-08-23 09:55:00.825806,6303,5268,3271,1
2026-08-23 09:55:00.825826,6045,5102,2175,1
2026-08-23 09:55:00.825846,6267,5216,2688,1
2026-08-23 09:55:00.825866,6183,5215,2662,1
2026-08-23 09:55:00.825886,6219,5246,3354,1
2026-08-23 09:55:00.825906,6155,5178,2960,1
2026-08-23 09:55:00.825926,6160,5215,2947,1
2026-08-23 09:55:00.825946,6277,5226,3368,1
2026-08-23 09:55:00.825966,6024,5105,2435,1
2026-08-23 09:55:00.825986,6191,5222,2641,1
2026-08-23 09:55:00.826006,6265,5233,2853,1
2026-08-23 09:55:00.826026,6109,5138,2256,1
2026-08-23 09:55:00.826046,6289,5221,3016,1
2026-08-23 09:55:00.826066,6221,5215,2990,1
2026-08-23 09:55:00.826086,6252,5285,3565,1
2026-08-23 09:55:00.826106,6085,5153,2768,1
2026-08-23 09:55:00.826126,6082,5195,2647,1
2026-08-23 09:55:00.826146,6204,5196,2949,1
2026-08-23 09:55:00.826166,6053,5080,1922,1
2026-08-23 09:55:00.826186,6270,5201,2950,1
2026-08-23 09:55:00.826206,6106,5219,3052,1
2026-08-23 09:55:00.826226,6150,5105,0,1
2026-08-23 09:55:00.826246,6149,5183,2689,1
2026-08-23 09:55:00.826266,6099,5140,2654,1
2026-08-23 09:55:00.826286,6285,5252,3145,1
2026-08-23 09:55:00.826306,6101,5181,3083,1
2026-08-23 09:55:00.826326,6195,5165,2934,1
2026-08-23 09:55:00.826346,6340,5243,3190,1
2026-08-23 09:55:00.826366,6012,5129,1833,1
2026-08-23 09:55:00.826386,6258,5180,2693,1
2026-08-23 09:55:00.826406,6188,5211,2714,1
2026-08-23 09:55:00.826426,6238,5257,3206,1
2026-08-23 09:55:00.826446,6035,5157,2942,1
2026-08-23 09:55:00.826466,6219,5184,2937,1
2026-08-23 09:55:00.826486,6265,5243,3329,1
2026-08-23 09:55:00.826506,6040,5095,2287,1
2026-08-23 09:55:00.826526,6203,5194,2604,1
2026-08-23 09:55:00.826546,6195,5192,2821,1
2026-08-23 09:55:00.826566,6086,5086,1931,1
2026-08-23 09:55:00.826586,6268,5238,3024,1
2026-08-23 09:55:00.826606,6216,5255,2980,1
2026-08-23 09:55:00.826626,6271,5274,3511,1
2026-08-23 09:55:00.826646,6064,5192,2763,1
2026-08-23 09:55:00.826666,6120,5150,2649,1
2026-08-23 09:55:00.826686,6227,5227,2914,1
2026-08-23 09:55:00.826706,5998,5057,1566,1
2026-08-23 09:55:00.826726,6263,5207,2960,1
2026-08-23 09:55:00.826746,6150,5242,3027,1
2026-08-23 09:55:00.826766,6290,5249,3684,1
2026-08-23 09:55:00.826786,6114,5153,2710,1
2026-08-23 09:55:00.826806,6114,5181,2646,1
2026-08-23 09:55:00.826826,6250,5229,3089,1
2026-08-23 09:55:00.826846,5995,5181,3031,1
2026-08-23 09:55:00.826866,6248,5228,2948,1
2026-08-23 09:55:00.826886,6276,5236,3144,1
2026-08-23 09:55:00.826906,6001,5070,1121,1
2026-08-23 09:55:00.826926,6234,5186,2725,1
2026-08-23 09:55:00.826946,6096,5155,2686,1
2026-08-23 09:55:00.826966,6216,5211,3221,1
2026-08-23 09:55:00.826986,6032,5154,2865,1
2026-08-23 09:55:00.827006,6212,5207,2914,1
2026-08-23 09:55:00.827026,6239,5235,3315,1
2026-08-23 09:55:00.827046,6046,5102,1871,1
2026-08-23 09:55:00.827066,6213,5147,2644,1
2026-08-23 09:55:00.827086,6201,5221,2768,1
2026-08-23 09:55:00.827106,6075,5088,1116,1
2026-08-23 09:55:00.827126,6207,5238,3052,1
2026-08-23 09:55:00.827146,6190,5238,2967,1
2026-08-23 09:55:00.827166,6282,5279,3439,1
2026-08-23 09:55:00.827186,6089,5161,2714,1
2026-08-23 09:55:00.827206,6187,5202,2651,1
2026-08-23 09:55:00.827226,6206,5194,2796,1
2026-08-23 09:55:00.827246,6036,5045,709,1
2026-08-23 09:55:00.827266,6191,5259,2970,1
2026-08-23 09:55:00.827286,6122,5194,2995,1
2026-08-23 09:55:00.827306,6286,5291,3611,1
2026-08-23 09:55:00.827326,6059,5174,2668,1
2026-08-23 09:55:00.827346,6130,5191,2572,1
2026-08-23 09:55:00.827366,6235,5202,3001,1
2026-08-23 09:55:00.827386,6055,5163,2945,1
2026-08-23 09:55:00.827406,6274,5239,2960,1
2026-08-23 09:55:00.827426,6255,5207,3096,1
2026-08-23 09:55:00.827446,5978,4958,0,1
2026-08-23 09:55:00.827466,6197,5222,2743,1
2026-08-23 09:55:00.827486,6061,5163,2674,1
2026-08-23 09:55:00.827506,6298,5215,3139,1
2026-08-23 09:55:00.827526,5980,5204,2760,1
2026-08-23 09:55:00.827546,6223,5188,2924,1
2026-08-23 09:55:00.827566,6214,5258,3202,1
2026-08-23 09:55:00.827586,6053,5052,1302,1
2026-08-23 09:55:00.827606,6192,5221,2668,1
2026-08-23 09:55:00.827626,6152,5188,2736,1
2026-08-23 09:55:00.827646,6051,5016,0,1
2026-08-23 09:55:00.827666,6174,5233,3092,1
2026-08-23 09:55:00.827686,6119,5199,2946,1
2026-08-23 09:55:00.827706,6302,5295,3353,1
2026-08-23 09:55:00.827726,6071,5200,2587,1
2026-08-23 09:55:00.827746,6209,5233,2647,1
2026-08-23 09:55:00.827766,6196,5229,2838,1
2026-08-23 09:55:00.827786,5938,4981,0,1
2026-08-23 09:55:00.827806,6171,5231,2967,1
2026-08-23 09:55:00.827826,6195,5187,2966,1
2026-08-23 09:55:00.827846,6258,5229,3519,1
2026-08-23 09:55:00.827866,6042,5172,2648,1
2026-08-23 09:55:00.827886,6165,5180,2627,1
2026-08-23 09:55:00.827906,6242,5182,3115,1
2026-08-23 09:55:00.827926,6023,5187,2817,1
2026-08-23 09:55:00.827946,6269,5198,2973,1
2026-08-23 09:55:00.827966,6264,5210,3031,1
2026-08-23 09:55:00.827986,5925,4922,0,1
2026-08-23 09:55:00.828006,6159,5176,2738,1
2026-08-23 09:55:00.828026,6083,5151,2655,1
2026-08-23 09:55:00.828046,6191,5219,3101,1
2026-08-23 09:55:00.828066,6026,5104,2682,1
2026-08-23 09:55:00.828086,6155,5211,2936,1
2026-08-23 09:55:00.828106,6181,5175,3184,1
2026-08-23 09:55:00.828126,6028,5044,675,1
2026-08-23 09:55:00.828146,6211,5211,2674,1
2026-08-23 09:55:00.828166,6152,5215,2707,1
2026-08-23 09:55:00.828186,5995,4933,0,1
2026-08-23 09:55:00.828206,6148,5182,3091,1
2026-08-23 09:55:00.828226,6126,5170,2929,1
2026-08-23 09:55:00.828246,6285,5221,3299,1
2026-08-23 09:55:00.828266,6040,5170,2486,1
2026-08-23 09:55:00.828286,6234,5206,2666,1
2026-08-23 09:55:00.828306,6185,5200,2785,1
2026-08-23 09:55:00.828326,5974,4811,0,1
2026-08-23 09:55:00.828346,6091,5136,2940,1
2026-08-23 09:55:00.828366,6107,5149,2957,1
2026-08-23 09:55:00.828386,6272,5176,3450,1
2026-08-23 09:55:00.828406,6018,5134,2579,1
2026-08-23 09:55:00.828426,6201,5164,2614,1
2026-08-23 09:55:00.828446,6207,5180,2914,1
2026-08-23 09:55:00.828466,6014,5141,2665,1
2026-08-23 09:55:00.828486,6292,5232,2991,1
2026-08-23 09:55:00.828506,6242,5240,3035,1
2026-08-23 09:55:00.828526,6205,5229,4279,1
2026-08-23 09:55:00.828546,6121,5173,2748,1
2026-08-23 09:55:00.828566,6093,5149,2648,1
2026-08-23 09:55:00.828586,6259,5193,3024,1
2026-08-23 09:55:00.828606,6000,5147,2381,1
2026-08-23 09:55:00.828626,6235,5209,2950,1
2026-08-23 09:55:00.828646,6195,5217,3119,1
2026-08-23 09:55:00.828666,5998,4927,0,1
2026-08-23 09:55:00.828686,6154,5166,2674,1
2026-08-23 09:55:00.828706,6131,5181,2684,1
2026-08-23 09:55:00.828726,6249,5255,3205,1
2026-08-23 09:55:00.828746,6089,5186,3122,1
2026-08-23 09:55:00.828766,6185,5177,2949,1
2026-08-23 09:55:00.828786,6286,5220,3228,1
2026-08-23 09:55:00.828806,6044,5157,2176,1
2026-08-23 09:55:00.828826,6258,5233,2678,1
2026-08-23 09:55:00.828846,6160,5226,2753,1
2026-08-23 09:55:00.828866,6261,5273,3331,1
2026-08-23 09:55:00.828886,6054,5192,2956,1
2026-08-23 09:55:00.828906,6130,5164,2929,1
2026-08-23 09:55:00.828926,6274,5261,3338,1
2026-08-23 09:55:00.828946,6015,5095,2387,1
2026-08-23 09:55:00.828966,6196,5161,2627,1
2026-08-23 09:55:00.828986,6234,5228,2806,1
2026-08-23 09:55:00.829006,6070,5128,2125,1
2026-08-23 09:55:00.829026,6278,5256,3019,1
2026-08-23 09:55:00.829046,6172,5232,2991,1
2026-08-23 09:55:00.829066,6256,5277,3529,1
2026-08-23 09:55:00.829086,6051,5192,2739,1
2026-08-23 09:55:00.829106,6101,5133,2651,1
2026-08-23 09:55:00.829126,6216,5212,2920,1
2026-08-23 09:55:00.829146,5969,5051,1723,1
2026-08-23 09:55:00.829166,6245,5195,2956,1
2026-08-23 09:55:00.829186,6130,5200,3028,1
2026-08-23 09:55:00.829206,6252,5273,3703,1
2026-08-23 09:55:00.829226,6113,5143,2703,1
2026-08-23 09:55:00.829246,6172,5155,2637,1
2026-08-23 09:55:00.829266,6259,5201,3099,1
2026-08-23 09:55:00.829286,6059,5172,3039,1
2026-08-23 09:55:00.829306,6239,5197,2953,1
2026-08-23 09:55:00.829326,6270,5229,3147,1
2026-08-23 09:55:00.829346,6003,5065,1109,1
2026-08-23 09:55:00.829366,6251,5221,2705,1
2026-08-23 09:55:00.829386,6102,5170,2712,1
2026-08-23 09:55:00.829406,6222,5247,3208,1
2026-08-23 09:55:00.829426,6046,5190,2860,1
2026-08-23 09:55:00.829446,6192,5200,2920,1
2026-08-23 09:55:00.829466,6253,5221,3237,1
2026-08-23 09:55:00.829486,6103,5101,1799,1
2026-08-23 09:55:00.829506,6199,5165,2663,1
2026-08-23 09:55:00.829526,6172,5204,2759,1
2026-08-23 09:55:00.829546,6062,5075,868,1
2026-08-23 09:55:00.829566,6225,5253,2989,1
2026-08-23 09:55:00.829586,6123,5226,2959,1
2026-08-23 09:55:00.829606,6288,5245,3409,1
2026-08-23 09:55:00.829626,6066,5156,2664,1
2026-08-23 09:55:00.829646,6162,5185,2651,1
2026-08-23 09:55:00.829666,6209,5226,2850,1
2026-08-23 09:55:00.829686,5974,4975,269,1
2026-08-23 09:55:00.829706,6184,5239,2968,1
2026-08-23 09:55:00.829726,6108,5198,2980,1
2026-08-23 09:55:00.829746,6253,5234,3612,1
2026-08-23 09:55:00.829766,6077,5139,2668,1
2026-08-23 09:55:00.829786,6158,5175,2633,1
2026-08-23 09:55:00.829806,6229,5222,2977,1
2026-08-23 09:55:00.829826,6080,5192,2926,1
2026-08-23 09:55:00.829846,6262,5192,2967,1
2026-08-23 09:55:00.829866,6247,5212,3043,1
2026-08-23 09:55:00.829886,5978,4967,0,1
2026-08-23 09:55:00.829906,6176,5237,2731,1
2026-08-23 09:55:00.829926,6125,5196,2672,1
2026-08-23 09:55:00.829946,6275,5223,3115,1
2026-08-23 09:55:00.829966,6008,5159,2706,1
2026-08-23 09:55:00.829986,6221,5221,2932,1
2026-08-23 09:55:00.830006,6234,5206,3179,1
2026-08-23 09:55:00.830026,6038,5018,802,1
2026-08-23 09:55:00.830046,6173,5173,2671,1
2026-08-23 09:55:00.830066,6198,5211,2721,1
2026-08-23 09:55:00.830086,6004,4950,0,1
2026-08-23 09:55:00.830106,6146,5236,3039,1
2026-08-23 09:55:00.830126,6181,5183,2951,1
2026-08-23 09:55:00.830146,6274,5263,3337,1
2026-08-23 09:55:00.830166,6077,5138,2528,1
2026-08-23 09:55:00.830186,6244,5171,2657,1
2026-08-23 09:55:00.830206,6157,5212,2806,1
2026-08-23 09:55:00.830226,6010,4898,0,1
2026-08-23 09:55:00.830246,6123,5205,2997,1
2026-08-23 09:55:00.830266,6093,5160,2929,1
2026-08-23 09:55:00.830286,6277,5211,3462,1
2026-08-23 09:55:00.830306,6042,5132,2605,1
2026-08-23 09:55:00.830326,6185,5160,2628,1
2026-08-23 09:55:00.830346,6209,5183,2910,1
2026-08-23 09:55:00.830366,6051,5184,2729,1
2026-08-23 09:55:00.830386,6301,5245,2984,1
2026-08-23 09:55:00.830406,6244,5208,3026,1
2026-08-23 09:55:00.830426,5985,4878,0,1
2026-08-23 09:55:00.830446,6119,5140,2738,1
2026-08-23 09:55:00.830466,6112,5144,2646,1
2026-08-23 09:55:00.830486,6280,5211,3058,1
2026-08-23 09:55:00.830506,6101,5129,2526,1
2026-08-23 09:55:00.830526,6178,5159,2938,1
2026-08-23 09:55:00.830546,6186,5194,3137,1
2026-08-23 09:55:00.830566,6068,4992,113,1
2026-08-23 09:55:00.830586,6175,5185,2670,1
2026-08-23 09:55:00.830606,6174,5222,2690,1
2026-08-23 09:55:00.830626,6064,4892,0,1
2026-08-23 09:55:00.830646,6123,5163,3100,1
2026-08-23 09:55:00.830666,6189,5158,2936,1
2026-08-23 09:55:00.830686,6284,5231,3266,1
2026-08-23 09:55:00.830706,6055,5089,2354,1
2026-08-23 09:55:00.830726,6276,5155,2660,1
2026-08-23 09:55:00.830746,6194,5214,2768,1
2026-08-23 09:55:00.830766,6245,5232,1114,1
2026-08-23 09:55:00.830786,6065,5160,2962,1
2026-08-23 09:55:00.830806,6157,5192,2933,1
2026-08-23 09:55:00.830826,6280,5219,3431,1
2026-08-23 09:55:00.830846,6028,5090,2520,1
2026-08-23 09:55:00.830866,6206,5148,2615,1
2026-08-23 09:55:00.830886,6213,5233,2881,1
2026-08-23 09:55:00.830906,6102,5173,2526,1
2026-08-23 09:55:00.830926,6310,5214,2996,1
2026-08-23 09:55:00.830946,6239,5216,3005,1
2026-08-23 09:55:00.830966,6268,5292,3648,1
2026-08-23 09:55:00.830986,6094,5204,2759,1
2026-08-23 09:55:00.831006,6120,5172,2654,1
2026-08-23 09:55:00.831026,6266,5204,2987,1
2026-08-23 09:55:00.831046,6000,5130,2214,1
2026-08-23 09:55:00.831066,6274,5184,2956,1
2026-08-23 09:55:00.831086,6197,5225,3202,1
2026-08-23 09:55:00.831106,6007,4824,0,1
2026-08-23 09:55:00.831126,6165,5047,2686,1
2026-08-23 09:55:00.831146,6199,5086,2665,1
2026-08-23 09:55:00.831166,6281,5170,3159,1
2026-08-23 09:55:00.831186,6129,5166,3048,1
2026-08-23 09:55:00.831206,6240,5173,2923,1
2026-08-23 09:55:00.831226,6297,5211,3187,1
2026-08-23 09:55:00.831246,6017,5094,1834,1
2026-08-23 09:55:00.831266,6297,5232,2687,1
2026-08-23 09:55:00.831286,6124,5208,2711,1
2026-08-23 09:55:00.831306,6169,5211,3280,1
2026-08-23 09:55:00.831326,6088,5163,2934,1
2026-08-23 09:55:00.831346,6229,5211,2932,1
2026-08-23 09:55:00.831366,6248,5221,3308,1
2026-08-23 09:55:00.831386,6037,5143,2282,1
2026-08-23 09:55:00.831406,6272,5181,2645,1
2026-08-23 09:55:00.831426,6273,5212,2787,1
2026-08-23 09:55:00.831446,6040,5100,1839,1
2026-08-23 09:55:00.831466,6176,5271,3022,1
2026-08-23 09:55:00.831486,6178,5206,2984,1
2026-08-23 09:55:00.831506,6309,5288,3484,1
2026-08-23 09:55:00.831526,6084,5164,2784,1
2026-08-23 09:55:00.831546,6118,5190,2638,1
2026-08-23 09:55:00.831566,6244,5228,2908,1
2026-08-23 09:55:00.831586,6024,5084,1644,1
2026-08-23 09:55:00.831606,6251,5220,2950,1
2026-08-23 09:55:00.831626,6168,5186,3042,1
2026-08-23 09:55:00.831646,6273,5247,3693,1
2026-08-23 09:55:00.831666,6070,5177,2706,1
2026-08-23 09:55:00.831686,6192,5158,2639,1
2026-08-23 09:55:00.831706,6278,5235,3088,1
2026-08-23 09:55:00.831726,6090,5192,3037,1
2026-08-23 09:55:00.831746,6243,5238,2935,1
2026-08-23 09:55:00.831766,6318,5258,3150,1
2026-08-23 09:55:00.831786,6045,5098,1618,1
2026-08-23 09:55:00.831806,6290,5227,2698,1
2026-08-23 09:55:00.831826,6180,5217,2701,1
2026-08-23 09:55:00.831846,6255,5256,3251,1
2026-08-23 09:55:00.831866,6014,5164,2896,1
2026-08-23 09:55:00.831886,6236,5182,2912,1
2026-08-23 09:55:00.831906,6290,5233,3284,1
2026-08-23 09:55:00.831926,6050,5095,2162,1
2026-08-23 09:55:00.831946,6275,5211,2620,1
2026-08-23 09:55:00.831966,6218,5227,2790,1
2026-08-23 09:55:00.831986,6064,5137,1618,1
2026-08-23 09:55:00.832006,6262,5251,3040,1
2026-08-23 09:55:00.832026,6193,5225,2960,1
2026-08-23 09:55:00.832046,6306,5287,3465,1
2026-08-23 09:55:00.832066,6075,5141,2736,1
2026-08-23 09:55:00.832086,6148,5190,2550,1
2026-08-23 09:55:00.832106,6287,5222,2885,1
2026-08-23 09:55:00.832126,6079,5096,1353,1
2026-08-23 09:55:00.832146,6179,5204,2948,1
2026-08-23 09:55:00.832166,6119,5233,3014,1
2026-08-23 09:55:00.832186,6323,5293,3687,1
2026-08-23 09:55:00.832206,6101,5193,2807,1
2026-08-23 09:55:00.832226,6154,5152,2634,1
2026-08-23 09:55:00.832246,6258,5214,3091,1
2026-08-23 09:55:00.832266,6099,5215,3038,1
2026-08-23 09:55:00.832286,6258,5217,2945,1
2026-08-23 09:55:00.832306,6283,5257,3144,1
2026-08-23 09:55:00.832326,6076,5061,1472,1
2026-08-23 09:55:00.832346,6254,5221,2711,1
2026-08-23 09:55:00.832366,6169,5210,2688,1
2026-08-23 09:55:00.832386,6197,5198,3228,1
2026-08-23 09:55:00.832406,6059,5195,2904,1
2026-08-23 09:55:00.832426,6286,5206,2927,1
2026-08-23 09:55:00.832446,6237,5224,3282,1
2026-08-23 09:55:00.832466,6089,5150,2092,1
2026-08-23 09:55:00.832486,6226,5209,2658,1
2026-08-23 09:55:00.832506,6209,5167,2772,1
2026-08-23 09:55:00.832526,6092,5106,1515,1
2026-08-23 09:55:00.832546,6276,5231,3043,1
2026-08-23 09:55:00.832566,6194,5209,2942,1
2026-08-23 09:55:00.832586,6295,5260,3461,1
2026-08-23 09:55:00.832606,6069,5213,2755,1
2026-08-23 09:55:00.832626,6178,5221,2639,1
2026-08-23 09:55:00.832646,6240,5198,2880,1
2026-08-23 09:55:00.832666,6021,5036,1171,1
2026-08-23 09:55:00.832686,6231,5203,2950,1
2026-08-23 09:55:00.832706,6152,5194,2994,1
2026-08-23 09:55:00.832726,6278,5274,3636,1
2026-08-23 09:55:00.832746,6096,5162,2675,1
2026-08-23 09:55:00.832766,6162,5157,2640,1
2026-08-23 09:55:00.832786,6269,5209,3041,1
2026-08-23 09:55:00.832806,6096,5187,3010,1
2026-08-23 09:55:00.832826,6282,5235,2945,1
2026-08-23 09:55:00.832846,6263,5222,3149,1
2026-08-23 09:55:00.832866,6063,5055,1081,1
2026-08-23 09:55:00.832886,6227,5258,2705,1
2026-08-23 09:55:00.832906,6202,5204,2681,1
2026-08-23 09:55:00.832926,6283,5280,3193,1
2026-08-23 09:55:00.832946,6006,5200,2857,1
2026-08-23 09:55:00.832966,6200,5175,2920,1
2026-08-23 09:55:00.832986,6315,5230,3243,1
2026-08-23 09:55:00.833006,6037,5086,1833,1
2026-08-23 09:55:00.833026,6232,5217,2649,1
2026-08-23 09:55:00.833046,6284,5234,2780,1
2026-08-23 09:55:00.833066,6090,5080,937,1
2026-08-23 09:55:00.833086,6216,5259,3034,1
2026-08-23 09:55:00.833106,6194,5212,2929,1
2026-08-23 09:55:00.833126,6342,5218,3413,1
2026-08-23 09:55:00.833146,6074,5156,2701,1
2026-08-23 09:55:00.833166,6230,5216,2602,1
2026-08-23 09:55:00.833186,6246,5232,2839,1
2026-08-23 09:55:00.833206,5983,5002,547,1
2026-08-23 09:55:00.833226,6233,5248,2966,1
2026-08-23 09:55:00.833246,6166,5191,2973,1
2026-08-23 09:55:00.833266,6286,5296,3601,1
2026-08-23 09:55:00.833286,6084,5165,2696,1
2026-08-23 09:55:00.833306,6129,5154,2632,1
2026-08-23 09:55:00.833326,6293,5244,3006,1
2026-08-23 09:55:00.833346,6123,5221,2964,1
2026-08-23 09:55:00.833366,6283,5245,2919,1
2026-08-23 09:55:00.833386,6253,5264,3093,1
2026-08-23 09:55:00.833406,6017,5054,615,1
2026-08-23 09:55:00.833426,6255,5210,2723,1
2026-08-23 09:55:00.833446,6182,5226,2653,1
2026-08-23 09:55:00.833466,6183,5228,3166,1
2026-08-23 09:55:00.833486,6061,5194,2828,1
2026-08-23 09:55:00.833506,6329,5216,2914,1
2026-08-23 09:55:00.833526,6231,5221,3215,1
2026-08-23 09:55:00.833546,6065,5136,1617,1
2026-08-23 09:55:00.833566,6285,5243,2619,1
2026-08-23 09:55:00.833586,6208,5203,2743,1
2026-08-23 09:55:00.833606,6105,5049,482,1
2026-08-23 09:55:00.833626,6226,5271,3059,1
2026-08-23 09:55:00.833646,6191,5246,2947,1
2026-08-23 09:55:00.833666,6338,5260,3393,1
2026-08-23 09:55:00.833686,6085,5224,2682,1
2026-08-23 09:55:00.833706,6236,5207,2648,1
2026-08-23 09:55:00.833726,6257,5238,2828,1
2026-08-23 09:55:00.833746,6069,5026,276,1
2026-08-23 09:55:00.833766,6104,5203,2958,1
2026-08-23 09:55:00.833786,6219,5214,2967,1
2026-08-23 09:55:00.833806,6321,5282,3567,1
2026-08-23 09:55:00.833826,6034,5194,2678,1
2026-08-23 09:55:00.833846,6254,5177,2626,1
2026-08-23 09:55:00.833866,6339,5258,2985,1
2026-08-23 09:55:00.833886,6079,5210,2968,1
2026-08-23 09:55:00.833906,6298,5249,2959,1
2026-08-23 09:55:00.833926,6248,5250,3094,1
2026-08-23 09:55:00.833946,6039,5035,682,1
2026-08-23 09:55:00.833966,6282,5227,2725,1
2026-08-23 09:55:00.833986,6195,5207,2669,1
2026-08-23 09:55:00.834006,6286,5257,3160,1
2026-08-23 09:55:00.834026,6022,5204,2811,1
2026-08-23 09:55:00.834046,6242,5237,2922,1
2026-08-23 09:55:00.834066,6297,5242,3208,1
2026-08-23 09:55:00.834086,6066,5134,1606,1
2026-08-23 09:55:00.834106,6234,5188,2648,1
2026-08-23 09:55:00.834126,6267,5246,2725,1
2026-08-23 09:55:00.834146,6112,5075,529,1
2026-08-23 09:55:00.834166,6220,5273,3039,1
2026-08-23 09:55:00.834186,6195,5214,2961,1
2026-08-23 09:55:00.834206,6311,5300,3400,1
2026-08-23 09:55:00.834226,6092,5169,2682,1
2026-08-23 09:55:00.834246,6228,5173,2649,1
2026-08-23 09:55:00.834266,6242,5225,2820,1
2026-08-23 09:55:00.834286,6069,5014,415,1
2026-08-23 09:55:00.834306,6201,5260,2976,1
2026-08-23 09:55:00.834326,6116,5215,2981,1
2026-08-23 09:55:00.834346,6337,5311,3513,1
2026-08-23 09:55:00.834366,6042,5161,2696,1
2026-08-23 09:55:00.834386,6124,5193,2625,1
2026-08-23 09:55:00.834406,6275,5222,2977,1
2026-08-23 09:55:00.834426,6148,5219,2933,1
2026-08-23 09:55:00.834446,6294,5208,2954,1
2026-08-23 09:55:00.834466,6291,5239,3091,1
2026-08-23 09:55:00.834486,6028,5049,257,1
2026-08-23 09:55:00.834506,6211,5211,2723,1
2026-08-23 09:55:00.834526,6201,5191,2664,1
2026-08-23 09:55:00.834546,6225,5266,3134,1
2026-08-23 09:55:00.834566,6023,5151,2757,1
2026-08-23 09:55:00.834586,6332,5196,2924,1
2026-08-23 09:55:00.834606,6238,5239,3187,1
2026-08-23 09:55:00.834626,6055,5079,1239,1
2026-08-23 09:55:00.834646,6120,5225,2660,1
2026-08-23 09:55:00.834666,6194,5192,2723,1
2026-08-23 09:55:00.834686,6076,5012,0,1
2026-08-23 09:55:00.834706,6243,5250,3104,1
2026-08-23 09:55:00.834726,6178,5210,2939,1
2026-08-23 09:55:00.834746,6298,5281,3302,1
2026-08-23 09:55:00.834766,6104,5185,2641,1
2026-08-23 09:55:00.834786,6247,5194,2655,1
2026-08-23 09:55:00.834806,6221,5204,2812,1
2026-08-23 09:55:00.834826,6017,4979,0,1
2026-08-23 09:55:00.834846,6209,5226,2971,1
2026-08-23 09:55:00.834866,6150,5205,2962,1
2026-08-23 09:55:00.834886,6309,5256,3532,1
2026-08-23 09:55:00.834906,6097,5190,2661,1
2026-08-23 09:55:00.834926,6156,5198,2632,1
2026-08-23 09:55:00.834946,6315,5214,2938,1
2026-08-23 09:55:00.834966,6099,5211,2863,1
2026-08-23 09:55:00.834986,6281,5205,2957,1
2026-08-23 09:55:00.835006,6277,5224,3050,1
2026-08-23 09:55:00.835026,5983,5012,0,1
2026-08-23 09:55:00.835046,6241,5214,2749,1
2026-08-23 09:55:00.835066,6179,5235,2649,1
2026-08-23 09:55:00.835086,6290,5256,3114,1
2026-08-23 09:55:00.835106,6156,5190,2711,1
2026-08-23 09:55:00.835126,6240,5231,2930,1
2026-08-23 09:55:00.835146,6268,5232,3153,1
2026-08-23 09:55:00.835166,6064,5057,1124,1
2026-08-23 09:55:00.835186,6213,5192,2675,1
2026-08-23 09:55:00.835206,6196,5233,2703,1
2026-08-23 09:55:00.835226,6072,5027,0,1
2026-08-23 09:55:00.835246,6254,5277,3085,1
2026-08-23 09:55:00.835266,6153,5204,2931,1
2026-08-23 09:55:00.835286,6352,5297,3343,1
2026-08-23 09:55:00.835306,6065,5155,2664,1
2026-08-23 09:55:00.835326,6210,5217,2657,1
2026-08-23 09:55:00.835346,6232,5231,2793,1
2026-08-23 09:55:00.835366,6070,5014,0,1
2026-08-23 09:55:00.835386,6162,5209,2955,1
2026-08-23 09:55:00.835406,6128,5202,2958,1
2026-08-23 09:55:00.835426,6342,5253,3524,1
2026-08-23 09:55:00.835446,6070,5143,2657,1
2026-08-23 09:55:00.835466,6210,5171,2631,1
2026-08-23 09:55:00.835486,6250,5251,2956,1
2026-08-23 09:55:00.835506,6043,5194,2883,1
2026-08-23 09:55:00.835526,6325,5221,2960,1
2026-08-23 09:55:00.835546,6254,5236,3057,1
2026-08-23 09:55:00.835566,6035,5007,0,1
2026-08-23 09:55:00.835586,6219,5241,2732,1
2026-08-23 09:55:00.835606,6113,5193,2663,1
2026-08-23 09:55:00.835626,6283,5255,3126,1
2026-08-23 09:55:00.835646,6128,5212,2762,1
2026-08-23 09:55:00.835666,6261,5208,2916,1
2026-08-23 09:55:00.835686,6227,5227,3182,1
2026-08-23 09:55:00.835706,6026,5147,1442,1
2026-08-23 09:55:00.835726,6235,5271,2646,1
2026-08-23 09:55:00.835746,6243,5244,2729,1
2026-08-23 09:55:00.835766,6082,5018,297,1
2026-08-23 09:55:00.835786,6212,5262,3081,1
2026-08-23 09:55:00.835806,6196,5254,2945,1
2026-08-23 09:55:00.835826,6335,5293,3371,1
2026-08-23 09:55:00.835846,6110,5164,2676,1
2026-08-23 09:55:00.835866,6236,5229,2648,1
2026-08-23 09:55:00.835886,6200,5197,2833,1
2026-08-23 09:55:00.835906,6097,5012,37,1
2026-08-23 09:55:00.835926,6171,5232,2956,1
2026-08-23 09:55:00.835946,6125,5206,2970,1
2026-08-23 09:55:00.835966,6341,5295,3544,1
2026-08-23 09:55:00.835986,6108,5209,2678,1
2026-08-23 09:55:00.836006,6179,5200,2625,1
2026-08-23 09:55:00.836026,6274,5247,2972,1
2026-08-23 09:55:00.836046,6106,5175,2810,1
2026-08-23 09:55:00.836066,6292,5240,2950,1
2026-08-23 09:55:00.836086,6264,5257,3061,1
2026-08-23 09:55:00.836106,6023,4985,64,1
2026-08-23 09:55:00.836126,6272,5208,2736,1
2026-08-23 09:55:00.836146,6185,5201,2659,1
2026-08-23 09:55:00.836166,6308,5252,3113,1
2026-08-23 09:55:00.836186,6048,5170,2735,1
2026-08-23 09:55:00.836206,6275,5245,2873,1
2026-08-23 09:55:00.836226,6266,5266,3187,1
2026-08-23 09:55:00.836246,6083,5061,1182,1
2026-08-23 09:55:00.836266,6264,5259,2633,1
2026-08-23 09:55:00.836286,6231,5189,2713,1
2026-08-23 09:55:00.836306,6070,5029,0,1
2026-08-23 09:55:00.836326,6207,5239,3085,1
2026-08-23 09:55:00.836346,6188,5265,2932,1
2026-08-23 09:55:00.836366,6347,5267,3347,1
2026-08-23 09:55:00.836386,6087,5207,2642,1
2026-08-23 09:55:00.836406,6255,5206,2651,1
2026-08-23 09:55:00.836426,6186,5231,2783,1
2026-08-23 09:55:00.836446,5976,4993,0,1
2026-08-23 09:55:00.836466,6242,5228,2967,1
2026-08-23 09:55:00.836486,6155,5226,2941,1
2026-08-23 09:55:00.836506,6281,5251,3523,1
2026-08-23 09:55:00.836526,6128,5171,2661,1
2026-08-23 09:55:00.836546,6162,5190,2619,1
2026-08-23 09:55:00.836566,6272,5241,2942,1
2026-08-23 09:55:00.836586,6110,5206,2897,1
2026-08-23 09:55:00.836606,6317,5205,2946,1
2026-08-23 09:55:00.836626,6279,5252,3041,1
2026-08-23 09:55:00.836646,6022,4990,0,1
2026-08-23 09:55:00.836666,6224,5256,2725,1
2026-08-23 09:55:00.836686,6156,5195,2669,1
2026-08-23 09:55:00.836706,6257,5239,3132,1
2026-08-23 09:55:00.836726,6048,5172,2741,1
2026-08-23 09:55:00.836746,6331,5253,2922,1
2026-08-23 09:55:00.836766,6276,5248,3194,1
2026-08-23 09:55:00.836786,6062,5127,1372,1
2026-08-23 09:55:00.836806,6232,5237,2656,1
2026-08-23 09:55:00.836826,6204,5241,2719,1
2026-08-23 09:55:00.836846,6069,5043,3,1
2026-08-23 09:55:00.836866,6234,5273,3084,1
2026-08-23 09:55:00.836886,6202,5221,2939,1
2026-08-23 09:55:00.836906,6312,5303,3336,1
2026-08-23 09:55:00.836926,6105,5210,2656,1
2026-08-23 09:55:00.836946,6252,5205,2651,1
2026-08-23 09:55:00.836966,6214,5264,2812,1
2026-08-23 09:55:00.836986,6062,5027,0,1
2026-08-23 09:55:00.837006,6186,5260,2970,1
2026-08-23 09:55:00.837026,6173,5208,2958,1
2026-08-23 09:55:00.837046,6321,5299,3519,1
2026-08-23 09:55:00.837066,6062,5192,2661,1
2026-08-23 09:55:00.837086,6221,5173,2622,1
2026-08-23 09:55:00.837106,6272,5217,2956,1
2026-08-23 09:55:00.837126,6124,5188,2854,1
2026-08-23 09:55:00.837146,6320,5248,2957,1
2026-08-23 09:55:00.837166,6281,5239,3059,1
2026-08-23 09:55:00.837186,6012,5006,0,1
2026-08-23 09:55:00.837206,6213,5215,2722,1
2026-08-23 09:55:00.837226,6122,5216,2646,1
2026-08-23 09:55:00.837246,6275,5265,3109,1
2026-08-23 09:55:00.837266,6017,5146,2707,1
2026-08-23 09:55:00.837286,6269,5196,2913,1
2026-08-23 09:55:00.837306,6264,5249,3182,1
2026-08-23 09:55:00.837326,6082,5064,1230,1
2026-08-23 09:55:00.837346,6282,5195,2638,1
2026-08-23 09:55:00.837366,6202,5224,2717,1
2026-08-23 09:55:00.837386,6035,5024,19,1
2026-08-23 09:55:00.837406,6228,5268,3059,1
2026-08-23 09:55:00.837426,6199,5248,2930,1
2026-08-23 09:55:00.837446,6333,5282,3348,1
2026-08-23 09:55:00.837466,6091,5166,2672,1
2026-08-23 09:55:00.837486,6229,5183,2642,1
2026-08-23 09:55:00.837506,6217,5216,2806,1
2026-08-23 09:55:00.837526,6056,5027,0,1
2026-08-23 09:55:00.837546,6160,5248,2967,1
2026-08-23 09:55:00.837566,6171,5238,2964,1
2026-08-23 09:55:00.837586,6316,5261,3528,1
2026-08-23 09:55:00.837606,6105,5192,2662,1
2026-08-23 09:55:00.837626,6155,5184,2633,1
2026-08-23 09:55:00.837646,6266,5233,2964,1
2026-08-23 09:55:00.837666,6176,5182,2892,1
2026-08-23 09:55:00.837686,6326,5250,2927,1
2026-08-23 09:55:00.837706,6277,5265,3057,1
2026-08-23 09:55:00.837726,6036,5026,0,1
2026-08-23 09:55:00.837746,6242,5214,2727,1
2026-08-23 09:55:00.837766,6193,5197,2654,1
2026-08-23 09:55:00.837786,6314,5285,3115,1
2026-08-23 09:55:00.837806,6029,5182,2742,1
2026-08-23 09:55:00.837826,6285,5212,2922,1
2026-08-23 09:55:00.837846,6294,5243,3205,1
2026-08-23 09:55:00.837866,6078,5130,1328,1
2026-08-23 09:55:00.837886,6275,5245,2654,1
2026-08-23 09:55:00.837906,6204,5229,2714,1
2026-08-23 09:55:00.837926,6097,5059,115,1
2026-08-23 09:55:00.837946,6208,5260,3056,1
2026-08-23 09:55:00.837966,6216,5262,2931,1
2026-08-23 09:55:00.837986,6357,5305,3363,1
2026-08-23 09:55:00.838006,6112,5185,2682,1
2026-08-23 09:55:00.838026,6244,5195,2639,1
2026-08-23 09:55:00.838046,6236,5216,2822,1
2026-08-23 09:55:00.838066,6076,5011,74,1
2026-08-23 09:55:00.838086,6185,5263,2954,1
2026-08-23 09:55:00.838106,6156,5240,2964,1
2026-08-23 09:55:00.838126,6335,5267,3547,1
2026-08-23 09:55:00.838146,6113,5195,2688,1
2026-08-23 09:55:00.838166,6199,5220,2624,1
2026-08-23 09:55:01.681365,6243,5255,2965,1
2026-08-23 09:55:01.681384,6156,5189,2908,1
2026-08-23 09:55:01.681404,6319,5223,2946,1
2026-08-23 09:55:01.681424,6252,5228,3087,1
2026-08-23 09:55:01.681444,6069,5010,30,1
2026-08-23 09:55:01.681464,6233,5254,2720,1
2026-08-23 09:55:01.681484,6211,5216,2646,1
2026-08-23 09:55:01.681504,6329,5258,3134,1
2026-08-23 09:55:01.681525,6001,5173,2754,1
2026-08-23 09:55:01.681545,6285,5212,2921,1
2026-08-23 09:55:01.681564,6284,5274,3196,1
2026-08-23 09:55:01.681584,6093,5073,1273,1
2026-08-23 09:55:01.681604,6262,5201,2654,1
2026-08-23 09:55:01.681624,6233,5249,2713,1
2026-08-23 09:55:01.681644,6084,5020,0,1
2026-08-23 09:55:01.681664,6228,5283,3086,1
2026-08-23 09:55:01.681684,6198,5217,2931,1
2026-08-23 09:55:01.681705,6337,5296,3336,1
2026-08-23 09:55:01.681724,6102,5213,2664,1
2026-08-23 09:55:01.681744,6252,5200,2642,1
2026-08-23 09:55:01.681764,6212,5235,2802,1
2026-08-23 09:55:01.681784,6051,5017,0,1
2026-08-23 09:55:01.681804,6219,5268,2948,1
2026-08-23 09:55:01.681824,6129,5210,2967,1
2026-08-23 09:55:01.681844,6374,5272,3516,1
2026-08-23 09:55:01.681865,6089,5163,2649,1
2026-08-23 09:55:01.681885,6180,5212,2622,1
2026-08-23 09:55:01.681904,6292,5236,2963,1
2026-08-23 09:55:01.681924,6125,5233,2890,1
2026-08-23 09:55:01.681944,6331,5250,2965,1
2026-08-23 09:55:01.681964,6292,5285,3082,1
2026-08-23 09:55:01.681984,6035,5044,0,1
2026-08-23 09:55:01.682004,6246,5206,2718,1
2026-08-23 09:55:01.682024,6195,5192,2657,1
2026-08-23 09:55:01.682045,6289,5248,3122,1
2026-08-23 09:55:01.682065,6041,5185,2746,1
2026-08-23 09:55:01.682084,6340,5227,2947,1
2026-08-23 09:55:01.682104,6257,5246,3185,1
2026-08-23 09:55:01.682124,6161,5128,1280,1
2026-08-23 09:55:01.682144,6305,5225,2652,1
2026-08-23 09:55:01.682164,6250,5224,2711,1
2026-08-23 09:55:01.682184,6078,5039,0,1
2026-08-23 09:55:01.682204,6193,5244,3056,1
2026-08-23 09:55:01.682225,6259,5256,2929,1
2026-08-23 09:55:01.682245,6306,5290,3359,1
2026-08-23 09:55:01.682264,6170,5196,2663,1
2026-08-23 09:55:01.682284,6232,5235,2644,1
2026-08-23 09:55:01.682304,6268,5258,2812,1
2026-08-23 09:55:01.682324,6076,5014,0,1
2026-08-23 09:55:01.682344,6125,5266,2957,1
2026-08-23 09:55:01.682364,6197,5250,2965,1
2026-08-23 09:55:01.682384,6329,5319,3545,1
2026-08-23 09:55:01.682405,6085,5204,2669,1
2026-08-23 09:55:01.682425,6228,5181,2650,1
2026-08-23 09:55:01.682444,6223,5214,2962,1
2026-08-23 09:55:01.682464,6152,5194,2906,1
2026-08-23 09:55:01.682484,6354,5232,2946,1
2026-08-23 09:55:01.682504,6282,5238,3090,1
2026-08-23 09:55:01.682524,6053,5062,51,1
2026-08-23 09:55:01.682544,6244,5230,2729,1
2026-08-23 09:55:01.682564,6153,5247,2650,1
2026-08-23 09:55:01.682585,6305,5257,3132,1
2026-08-23 09:55:01.682604,6073,5189,2768,1
2026-08-23 09:55:01.682624,6296,5239,2981,1
2026-08-23 09:55:01.682644,6300,5282,3188,1
2026-08-23 09:55:01.682664,6085,5075,1377,1
2026-08-23 09:55:01.682684,6277,5251,2648,1
2026-08-23 09:55:01.682704,6234,5223,2689,1
2026-08-23 09:55:01.682724,6083,5023,96,1
2026-08-23 09:55:01.682745,6229,5251,3087,1
2026-08-23 09:55:01.682765,6230,5221,2927,1
2026-08-23 09:55:01.682784,6337,5321,3340,1
2026-08-23 09:55:01.682804,6154,5197,2661,1
2026-08-23 09:55:01.682824,6225,5207,2655,1
2026-08-23 09:55:01.682844,6237,5249,2796,1
2026-08-23 09:55:01.682864,6094,4993,0,1
2026-08-23 09:55:01.682884,6115,5222,2970,1
2026-08-23 09:55:01.682904,6206,5212,2942,1
2026-08-23 09:55:01.682925,6317,5307,3502,1
2026-08-23 09:55:01.682945,6088,5209,2656,1
2026-08-23 09:55:01.682964,6240,5190,2611,1
2026-08-23 09:55:01.682984,6260,5233,2919,1
2026-08-23 09:55:01.683004,6110,5221,2834,1
2026-08-23 09:55:01.683024,6340,5256,2956,1
2026-08-23 09:55:01.683044,6282,5268,3044,1
2026-08-23 09:55:01.683064,6009,4956,0,1
2026-08-23 09:55:01.683084,6227,5251,2732,1
2026-08-23 09:55:01.683105,6150,5177,2648,1
2026-08-23 09:55:01.683125,6330,5247,3106,1
2026-08-23 09:55:01.683144,6054,5193,2681,1
2026-08-23 09:55:01.683164,6290,5215,2912,1
2026-08-23 09:55:01.683184,6280,5240,3164,1
2026-08-23 09:55:01.683204,6065,5083,912,1
2026-08-23 09:55:01.683224,6257,5238,2660,1
2026-08-23 09:55:01.683244,6131,5223,2707,1
2026-08-23 09:55:01.683264,6030,4967,0,1
2026-08-23 09:55:01.683285,6324,5272,3100,1
2026-08-23 09:55:01.683304,6182,5210,2913,1
2026-08-23 09:55:01.683324,6387,5263,3320,1
2026-08-23 09:55:01.683344,6098,5225,2613,1
2026-08-23 09:55:01.683364,6235,5195,2508,1
2026-08-23 09:55:01.683384,6210,5212,2783,1
2026-08-23 09:55:01.683404,6074,4990,0,1
2026-08-23 09:55:01.683424,6197,5252,2975,1
2026-08-23 09:55:01.683444,6172,5230,2962,1
2026-08-23 09:55:01.683465,6365,5308,3499,1
2026-08-23 09:55:01.683484,6116,5198,2654,1
2026-08-23 09:55:01.683504,6180,5166,2618,1
2026-08-23 09:55:01.683524,6264,5243,2945,1
2026-08-23 09:55:01.683544,6162,5185,2841,1
2026-08-23 09:55:01.683564,6326,5222,2966,1
2026-08-23 09:55:01.683584,6307,5270,3044,1
2026-08-23 09:55:01.683604,6031,4987,0,1
2026-08-23 09:55:01.683625,6203,5244,2728,1
2026-08-23 09:55:01.683645,6230,5218,2650,1
2026-08-23 09:55:01.683664,6306,5263,3100,1
2026-08-23 09:55:01.683684,6018,5209,2720,1
2026-08-23 09:55:01.683704,6331,5236,2912,1
2026-08-23 09:55:01.683724,6277,5275,3180,1
2026-08-23 09:55:01.683744,6082,5090,1242,1
2026-08-23 09:55:01.683764,6290,5218,2650,1
2026-08-23 09:55:01.683784,6226,5251,2715,1
2026-08-23 09:55:01.683805,6073,5054,52,1
2026-08-23 09:55:01.683825,6224,5284,2794,1
2026-08-23 09:55:01.683844,6242,5232,2937,1
2026-08-23 09:55:01.683864,6340,5278,3355,1
2026-08-23 09:55:01.683884,6174,5229,2685,1
2026-08-23 09:55:01.683904,6240,5239,2649,1
2026-08-23 09:55:01.683924,6268,5217,2821,1
2026-08-23 09:55:01.683944,6083,5049,92,1
2026-08-23 09:55:01.683964,6173,5257,2945,1
2026-08-23 09:55:01.683985,6193,5245,2965,1
2026-08-23 09:55:01.684005,6339,5287,3547,1
2026-08-23 09:55:01.684024,6098,5173,2671,1
2026-08-23 09:55:01.684044,6207,5212,2623,1
2026-08-23 09:55:01.684064,6287,5256,2976,1
2026-08-23 09:55:01.684084,6171,5239,2924,1
2026-08-23 09:55:01.684104,6332,5230,2948,1
2026-08-23 09:55:01.684124,6288,5222,2937,1
2026-08-23 09:55:01.684144,6052,5058,394,1
2026-08-23 09:55:01.684165,6273,5227,2712,1
2026-08-23 09:55:01.684184,6195,5243,2662,1
2026-08-23 09:55:01.684204,6330,5288,3272,1
2026-08-23 09:55:01.684224,6081,5233,3186,1
2026-08-23 09:55:01.684244,6253,5206,2922,1
2026-08-23 09:55:01.684264,6312,5235,3207,1
2026-08-23 09:55:01.684284,6115,5155,1642,1
2026-08-23 09:55:01.684304,6300,5252,2641,1
2026-08-23 09:55:01.684325,6188,5218,2736,1
2026-08-23 09:55:01.684345,6088,5096,877,1
2026-08-23 09:55:01.684364,6347,5302,3038,1
2026-08-23 09:55:01.684384,6210,5227,2928,1
2026-08-23 09:55:01.684404,6391,5327,3422,1
2026-08-23 09:55:01.684424,6085,5228,2703,1
2026-08-23 09:55:01.684444,6188,5189,2633,1
2026-08-23 09:55:01.684464,6209,5228,2839,1
2026-08-23 09:55:01.684484,6243,5091,849,1
2026-08-23 09:55:01.684505,6231,5266,2927,1
2026-08-23 09:55:01.684525,6120,5227,2967,1
2026-08-23 09:55:01.684544,6377,5311,3616,1
2026-08-23 09:55:01.684564,6188,5202,2690,1
2026-08-23 09:55:01.684584,6186,5168,2628,1
2026-08-23 09:55:01.684604,6326,5235,3008,1
2026-08-23 09:55:01.684624,6101,5236,2978,1
2026-08-23 09:55:01.684644,6311,5215,2946,1
2026-08-23 09:55:01.684664,6334,5278,3116,1
2026-08-23 09:55:01.684685,6071,5081,1108,1
2026-08-23 09:55:01.684705,6341,5290,2707,1
2026-08-23 09:55:01.684724,6220,5226,2664,1
2026-08-23 09:55:01.684744,6360,5284,3188,1
2026-08-23 09:55:01.684764,6026,5190,2854,1
2026-08-23 09:55:01.684784,6254,5228,2919,1
2026-08-23 09:55:01.684804,6348,5290,3237,1
2026-08-23 09:55:01.684824,6074,5128,2109,1
2026-08-23 09:55:01.684844,6265,5213,2624,1
2026-08-23 09:55:01.684865,6296,5269,2748,1
2026-08-23 09:55:01.684884,6098,5154,1010,1
2026-08-23 09:55:01.684904,6250,5259,3020,1
2026-08-23 09:55:01.684924,6222,5251,2944,1
2026-08-23 09:55:01.684944,6356,5283,3402,1
2026-08-23 09:55:01.684964,6126,5195,2714,1
2026-08-23 09:55:01.684984,6190,5194,2644,1
2026-08-23 09:55:01.685004,6265,5224,2833,1
2026-08-23 09:55:01.685024,6067,5055,678,1
2026-08-23 09:55:01.685045,6275,5279,2953,1
2026-08-23 09:55:01.685064,6176,5223,2963,1
2026-08-23 09:55:01.685084,6344,5290,3606,1
2026-08-23 09:55:01.685104,6130,5196,2672,1
2026-08-23 09:55:01.685124,6163,5224,2627,1
2026-08-23 09:55:01.685144,6286,5232,2989,1
2026-08-23 09:55:01.685164,6189,5235,2970,1
2026-08-23 09:55:01.685184,6325,5236,2945,1
2026-08-23 09:55:01.685205,6303,5280,3099,1
2026-08-23 09:55:01.685225,6088,5103,979,1
2026-08-23 09:55:01.685244,6245,5251,2713,1
2026-08-23 09:55:01.685264,6223,5247,2654,1
2026-08-23 09:55:01.685284,6221,5244,3184,1
2026-08-23 09:55:01.685304,6075,5213,2838,1
2026-08-23 09:55:01.685324,6340,5262,2916,1
2026-08-23 09:55:01.685344,6293,5245,3235,1
2026-08-23 09:55:01.685364,6103,5135,1804,1
2026-08-23 09:55:01.685385,6271,5210,2628,1
2026-08-23 09:55:01.685405,6245,5228,2745,1
2026-08-23 09:55:01.685424,6119,5106,855,1
2026-08-23 09:55:01.685444,6266,5287,3033,1
2026-08-23 09:55:01.685464,6214,5262,2945,1
2026-08-23 09:55:01.685484,6369,5287,3412,1
2026-08-23 09:55:01.685504,6099,5226,2690,1
2026-08-23 09:55:01.685524,6165,5191,2629,1
2026-08-23 09:55:01.685544,6333,5239,2844,1
2026-08-23 09:55:01.685565,5996,5064,785,1
2026-08-23 09:55:01.685585,6274,5278,2954,1
2026-08-23 09:55:01.685604,6204,5254,2980,1
2026-08-23 09:55:01.685624,6314,5270,3631,1
2026-08-23 09:55:01.685644,6125,5190,2681,1
2026-08-23 09:55:01.685664,6210,5175,2626,1
2026-08-23 09:55:01.685684,6346,5237,3005,1
2026-08-23 09:55:01.685704,6126,5218,2976,1
2026-08-23 09:55:01.685724,6297,5229,2933,1
2026-08-23 09:55:01.685745,6362,5267,3128,1
2026-08-23 09:55:01.685764,6043,5086,926,1
2026-08-23 09:55:01.685784,6322,5241,2708,1
2026-08-23 09:55:01.685804,6219,5233,2673,1
2026-08-23 09:55:01.685824,6237,5280,3203,1
2026-08-23 09:55:01.685844,6082,5189,2845,1
2026-08-23 09:55:01.685864,6314,5263,2909,1
2026-08-23 09:55:01.685884,6305,5279,3210,1
2026-08-23 09:55:01.685905,6080,5161,1846,1
2026-08-23 09:55:01.685925,6280,5205,2635,1
2026-08-23 09:55:01.685944,6258,5213,2755,1
2026-08-23 09:55:01.685964,6152,5085,989,1
2026-08-23 09:55:01.685984,6242,5264,3032,1
2026-08-23 09:55:01.686004,6250,5266,2935,1
2026-08-23 09:55:01.686024,6347,5297,3428,1
2026-08-23 09:55:01.686044,6108,5168,2715,1
2026-08-23 09:55:01.686064,6235,5226,2635,1
2026-08-23 09:55:01.686085,6198,5210,2853,1
2026-08-23 09:55:01.686105,6059,5047,872,1
2026-08-23 09:55:01.686124,6303,5277,2951,1
2026-08-23 09:55:01.686144,6131,5244,2995,1
2026-08-23 09:55:01.686164,6350,5302,3623,1
2026-08-23 09:55:01.686184,6108,5165,2686,1
2026-08-23 09:55:01.686204,6204,5188,2678,1
2026-08-23 09:55:01.686224,6328,5256,2979,1
2026-08-23 09:55:01.686244,6174,5233,3003,1
2026-08-23 09:55:01.686265,6292,5241,2939,1
2026-08-23 09:55:01.686285,6302,5265,3118,1
2026-08-23 09:55:01.686304,6074,5054,1040,1
2026-08-23 09:55:01.686324,6324,5233,2703,1
2026-08-23 09:55:01.686344,6228,5232,2670,1
2026-08-23 09:55:01.686364,6323,5288,3186,1
2026-08-23 09:55:01.686384,6063,5186,2844,1
2026-08-23 09:55:01.686404,6252,5245,2912,1
2026-08-23 09:55:01.686424,6340,5260,3225,1
2026-08-23 09:55:01.686445,6161,5149,1875,1
2026-08-23 09:55:01.686464,6321,5222,2640,1
2026-08-23 09:55:01.686484,6264,5256,2739,1
2026-08-23 09:55:01.686504,6106,5137,1011,1
2026-08-23 09:55:01.686524,6257,5256,3030,1
2026-08-23 09:55:01.686544,6230,5263,2938,1
2026-08-23 09:55:01.686564,6370,5280,3414,1
2026-08-23 09:55:01.686584,6130,5192,2726,1
2026-08-23 09:55:01.686604,6238,5211,2630,1
2026-08-23 09:55:01.686625,6340,5274,2855,1
2026-08-23 09:55:01.686644,6101,5080,964,1
2026-08-23 09:55:01.686664,6151,5261,2936,1
2026-08-23 09:55:01.686684,6239,5228,2985,1
2026-08-23 09:55:01.686704,6349,5320,3632,1
2026-08-23 09:55:01.686724,6100,5179,2678,1
2026-08-23 09:55:01.686744,6234,5218,2636,1
2026-08-23 09:55:01.686764,6308,5230,3027,1
2026-08-23 09:55:01.686785,6173,5213,3144,1
2026-08-23 09:55:01.686805,6272,5236,2936,1
2026-08-23 09:55:01.686824,6358,5254,3118,1
2026-08-23 09:55:01.686844,6054,5072,1202,1
2026-08-23 09:55:01.686864,6337,5231,2704,1
2026-08-23 09:55:01.686884,6216,5220,2680,1
2026-08-23 09:55:01.686904,6262,5257,3209,1
2026-08-23 09:55:01.686924,6105,5222,2873,1
2026-08-23 09:55:01.686944,6300,5256,2912,1
2026-08-23 09:55:01.686965,6310,5256,2995,1
2026-08-23 09:55:01.686985,6090,5170,2028,1
2026-08-23 09:55:01.687004,6303,5221,2626,1
2026-08-23 09:55:01.687024,6295,5250,2761,1
2026-08-23 09:55:01.687044,6159,5173,1466,1
2026-08-23 09:55:01.687064,6275,5256,3050,1
2026-08-23 09:55:01.687084,6264,5281,2948,1
2026-08-23 09:55:01.687104,6356,5326,3468,1
2026-08-23 09:55:01.687124,6122,5225,2737,1
2026-08-23 09:55:01.687145,6178,5190,2631,1
2026-08-23 09:55:01.687165,6278,5221,2886,1
2026-08-23 09:55:01.687184,6188,5106,1436,1
2026-08-23 09:55:01.687204,6206,5234,2975,1
2026-08-23 09:55:01.687224,6173,5260,2995,1
2026-08-23 09:55:01.687244,6392,5328,3386,1
2026-08-23 09:55:01.687264,6124,5205,2681,1
2026-08-23 09:55:01.687284,6203,5184,2623,1
2026-08-23 09:55:01.687304,6314,5264,3059,1
2026-08-23 09:55:01.687325,6159,5200,3038,1
2026-08-23 09:55:01.687344,6305,5251,2932,1
2026-08-23 09:55:01.687364,6350,5280,3135,1
2026-08-23 09:55:01.687384,6114,5132,1721,1
2026-08-23 09:55:01.687404,6331,5224,2678,1
2026-08-23 09:55:01.687424,6209,5208,2683,1
2026-08-23 09:55:01.687444,6288,5297,3256,1
2026-08-23 09:55:01.687464,6076,5187,2906,1
2026-08-23 09:55:01.687485,6333,5232,2916,1
2026-08-23 09:55:01.687505,6321,5295,3289,1
2026-08-23 09:55:01.687524,6087,5139,2237,1
2026-08-23 09:55:01.687544,6344,5214,2646,1
2026-08-23 09:55:01.687564,6267,5233,2790,1
2026-08-23 09:55:01.687584,6110,5185,1854,1
2026-08-23 09:55:01.687604,6354,5302,3012,1
2026-08-23 09:55:01.687624,6310,5242,2977,1
2026-08-23 09:55:01.687644,6344,5292,3476,1
2026-08-23 09:55:01.687665,6094,5238,2742,1
2026-08-23 09:55:01.687685,6168,5230,2630,1
2026-08-23 09:55:01.687704,6296,5279,2892,1
2026-08-23 09:55:01.687724,6064,5153,1623,1
2026-08-23 09:55:01.687744,6275,5238,2947,1
2026-08-23 09:55:01.687764,6224,5255,3008,1
2026-08-23 09:55:01.687784,6349,5287,3682,1
2026-08-23 09:55:01.687804,6165,5185,2677,1
2026-08-23 09:55:01.687824,6183,5188,2622,1
2026-08-23 09:55:01.687845,6326,5285,3092,1
2026-08-23 09:55:01.687865,6194,5224,3020,1
2026-08-23 09:55:01.687884,6293,5234,2936,1
2026-08-23 09:55:01.687904,6362,5268,3155,1
2026-08-23 09:55:01.687924,6091,5174,1649,1
2026-08-23 09:55:01.687944,6331,5276,2664,1
2026-08-23 09:55:01.687964,6183,5234,2692,1
2026-08-23 09:55:01.687984,6250,5284,3251,1
2026-08-23 09:55:01.688004,6127,5197,2912,1
2026-08-23 09:55:01.688025,6293,5251,2915,1
2026-08-23 09:55:01.688044,6297,5244,3289,1
2026-08-23 09:55:01.688064,6096,5146,2197,1
2026-08-23 09:55:01.688084,6314,5244,2622,1
2026-08-23 09:55:01.688104,6259,5257,2789,1
2026-08-23 09:55:01.688124,6059,5169,1655,1
2026-08-23 09:55:01.688144,6216,5275,3014,1
2026-08-23 09:55:01.688164,6282,5232,2964,1
2026-08-23 09:55:01.688184,6326,5304,3456,1
2026-08-23 09:55:01.688205,6149,5223,2737,1
2026-08-23 09:55:01.688224,6219,5196,2626,1
2026-08-23 09:55:01.688244,6248,5224,2864,1
2026-08-23 09:55:01.688264,6112,5143,1364,1
2026-08-23 09:55:01.688284,6281,5244,2954,1
2026-08-23 09:55:01.688304,6173,5216,2993,1
2026-08-23 09:55:01.688324,6354,5323,3661,1
2026-08-23 09:55:01.688344,6129,5215,2683,1
2026-08-23 09:55:01.688365,6192,5186,2637,1
2026-08-23 09:55:01.688385,6305,5237,3016,1
2026-08-23 09:55:01.688404,6181,5213,3004,1
2026-08-23 09:55:01.688424,6287,5276,2927,1
2026-08-23 09:55:01.688444,6365,5264,3125,1
2026-08-23 09:55:01.688464,6075,5143,1257,1
2026-08-23 09:55:01.688484,6299,5239,2702,1
2026-08-23 09:55:01.688504,6217,5273,2675,1
2026-08-23 09:55:01.688524,6305,5282,3207,1
2026-08-23 09:55:01.688545,6066,5226,2865,1
2026-08-23 09:55:01.688565,6287,5253,2916,1
2026-08-23 09:55:01.688584,6344,5288,3253,1
2026-08-23 09:55:01.688604,6068,5095,2007,1
2026-08-23 09:55:01.688624,6307,5235,2626,1
2026-08-23 09:55:01.688644,6292,5264,2755,1
2026-08-23 09:55:01.688664,6106,5149,1406,1
2026-08-23 09:55:01.688684,6266,5244,3022,1
2026-08-23 09:55:01.688704,6273,5226,2939,1
2026-08-23 09:55:01.688725,6303,5279,3443,1
2026-08-23 09:55:01.688745,6182,5205,2719,1
2026-08-23 09:55:01.688764,6192,5198,2641,1
2026-08-23 09:55:01.688784,6260,5221,2865,1
2026-08-23 09:55:01.688804,6151,5083,1308,1
2026-08-23 09:55:01.688824,6186,5252,2954,1
2026-08-23 09:55:01.688844,6236,5254,2996,1
2026-08-23 09:55:01.688864,6381,5317,3653,1
2026-08-23 09:55:01.688884,6093,5197,2695,1
2026-08-23 09:55:01.688905,6201,5210,2621,1
2026-08-23 09:55:01.688924,6338,5260,3033,1
2026-08-23 09:55:01.688944,6165,5233,3016,1
2026-08-23 09:55:01.688964,6274,5253,2921,1
2026-08-23 09:55:01.688984,6366,5260,3132,1
2026-08-23 09:55:01.689004,6066,5093,1300,1
2026-08-23 09:55:01.689024,6325,5268,2698,1
2026-08-23 09:55:01.689044,6226,5253,2674,1
2026-08-23 09:55:01.689065,6337,5320,3211,1
2026-08-23 09:55:01.689085,6084,5248,2874,1
2026-08-23 09:55:01.689104,6253,5252,2921,1
2026-08-23 09:55:01.689124,6331,5256,3259,1
2026-08-23 09:55:01.689144,6084,5158,2028,1
2026-08-23 09:55:01.689164,6291,5225,2626,1
2026-08-23 09:55:01.689184,6265,5241,2849,1
2026-08-23 09:55:01.689204,6149,5133,1654,1
2026-08-23 09:55:01.689224,6310,5285,3007,1
2026-08-23 09:55:01.689245,6221,5229,2957,1
2026-08-23 09:55:01.689265,6502,5291,3476,1
2026-08-23 09:55:01.689284,6124,5195,2724,1
2026-08-23 09:55:01.689304,6161,5207,2631,1
2026-08-23 09:55:01.689324,6277,5254,2895,1
2026-08-23 09:55:01.689344,6092,5079,1614,1
2026-08-23 09:55:01.689364,6275,5245,2934,1
2026-08-23 09:55:01.689384,6188,5210,3007,1
2026-08-23 09:55:01.689404,6332,5298,3829,1
2026-08-23 09:55:01.689425,6202,5227,2679,1
2026-08-23 09:55:01.689445,6127,5180,2637,1
2026-08-23 09:55:01.689464,6301,5266,3095,1
2026-08-23 09:55:01.689484,6166,5207,3031,1
2026-08-23 09:55:01.689504,6289,5272,2931,1
2026-08-23 09:55:01.689524,6372,5263,3169,1
2026-08-23 09:55:01.689544,6227,5157,1905,1
2026-08-23 09:55:01.689564,6341,5278,2676,1
2026-08-23 09:55:01.689584,6218,5223,2700,1
2026-08-23 09:55:01.689605,6310,5312,3280,1
2026-08-23 09:55:01.689624,6047,5229,2932,1
2026-08-23 09:55:01.689644,6280,5232,2920,1
2026-08-23 09:55:01.689664,6329,5257,3318,1
2026-08-23 09:55:01.689684,6068,5195,2335,1
2026-08-23 09:55:01.689704,6266,5203,2613,1
2026-08-23 09:55:01.689724,6251,5250,2798,1
2026-08-23 09:55:01.689744,6165,5172,2054,1
2026-08-23 09:55:01.689764,6306,5243,3014,1
2026-08-23 09:55:01.689785,6283,5277,2957,1
2026-08-23 09:55:01.689804,6303,5301,3523,1
2026-08-23 09:55:01.689824,6155,5198,2738,1
2026-08-23 09:55:01.689844,6216,5224,2620,1
2026-08-23 09:55:01.689864,6260,5251,2927,1
2026-08-23 09:55:01.689884,6101,5144,2056,1
2026-08-23 09:55:01.689904,6326,5247,2720,1
2026-08-23 09:55:01.689924,6178,5255,3038,1
2026-08-23 09:55:01.689945,6046,4900,0,1
2026-08-23 09:55:01.689965,6228,5181,2675,1
2026-08-23 09:55:01.689984,6196,5096,2646,1
2026-08-23 09:55:01.690004,6325,5218,3158,1
2026-08-23 09:55:01.690024,6169,5192,3085,1
2026-08-23 09:55:01.690044,6255,5236,2923,1
2026-08-23 09:55:01.690064,6354,5280,3209,1
2026-08-23 09:55:01.690084,6131,5184,2239,1
2026-08-23 09:55:01.690104,6301,5184,2662,1
2026-08-23 09:55:01.690125,6240,5261,2729,1
2026-08-23 09:55:01.690145,6340,5270,3341,1
2026-08-23 09:55:01.690164,6111,5198,2925,1
2026-08-23 09:55:01.690184,6226,5238,2886,1
2026-08-23 09:55:01.690204,6353,5263,3377,1
2026-08-23 09:55:01.690224,6027,5181,2502,1
2026-08-23 09:55:01.690244,6333,5239,2617,1
2026-08-23 09:55:01.690264,6323,5237,2973,1
2026-08-23 09:55:01.690284,6059,5210,2505,1
2026-08-23 09:55:01.690305,6367,5257,2964,1
2026-08-23 09:55:01.690325,6251,5244,2987,1
2026-08-23 09:55:01.690344,6335,5394,2031,1
2026-08-23 09:55:01.690364,6203,5217,2741,1
2026-08-23 09:55:01.690384,6182,5177,2626,1
2026-08-23 09:55:01.690404,6306,5253,2995,1
2026-08-23 09:55:01.690424,6029,5174,2396,1
2026-08-23 09:55:01.690444,6330,5218,2925,1
2026-08-23 09:55:01.690464,6252,5226,3096,1
2026-08-23 09:55:01.690485,6033,5013,0,1
2026-08-23 09:55:01.690504,6277,5251,2660,1
2026-08-23 09:55:01.690524,6207,5245,2662,1
2026-08-23 09:55:01.690544,6120,5087,0,1
2026-08-23 09:55:01.690564,6201,5248,3085,1
2026-08-23 09:55:01.690584,6248,5254,2917,1
2026-08-23 09:55:01.690604,6328,5286,3252,1
2026-08-23 09:55:01.690624,6166,5209,2401,1
2026-08-23 09:55:01.690645,6263,5244,2605,1
2026-08-23 09:55:01.690665,6213,5248,2749,1
2026-08-23 09:55:01.690684,6207,5090,0,1
2026-08-23 09:55:01.690704,6107,5215,2972,1
2026-08-23 09:55:01.690724,6174,5232,2923,1
2026-08-23 09:55:01.690744,6331,5291,3411,1
2026-08-23 09:55:01.690764,6075,5195,2732,1
2026-08-23 09:55:01.690784,6219,5172,2619,1
2026-08-23 09:55:01.690804,6279,5198,2868,1
2026-08-23 09:55:01.690825,6122,5167,2577,1
2026-08-23 09:55:01.690845,6315,5217,2965,1
2026-08-23 09:55:01.690864,6325,5269,2988,1
2026-08-23 09:55:01.690884,6340,5256,790,1
2026-08-23 09:55:01.690904,6160,5225,2752,1
2026-08-23 09:55:01.690924,6210,5192,2634,1
2026-08-23 09:55:01.690944,6263,5262,2987,1
2026-08-23 09:55:01.690964,6116,5151,2401,1
2026-08-23 09:55:01.690984,6316,5227,2909,1
2026-08-23 09:55:01.691005,6196,5225,3097,1
2026-08-23 09:55:01.691025,6096,4990,0,1
2026-08-23 09:55:01.691044,6228,5216,2665,1
2026-08-23 09:55:01.691064,6088,5188,2672,1
2026-08-23 09:55:01.691084,6166,5016,0,1
2026-08-23 09:55:01.691104,6210,5236,3060,1
2026-08-23 09:55:01.691124,6187,5212,2931,1
2026-08-23 09:55:01.691144,6402,5320,3258,1
2026-08-23 09:55:01.691164,6095,5207,2493,1
2026-08-23 09:55:01.691185,6310,5233,2647,1
2026-08-23 09:55:01.691204,6189,5212,2764,1
2026-08-23 09:55:01.691224,6038,4903,0,1
2026-08-23 09:55:01.691244,6221,5189,2943,1
2026-08-23 09:55:01.691264,6161,5178,2939,1
2026-08-23 09:55:01.691284,6314,5218,3445,1
2026-08-23 09:55:01.691304,6110,5130,2596,1
2026-08-23 09:55:01.691324,6210,5182,2611,1
2026-08-23 09:55:01.691344,6287,5198,2906,1
2026-08-23 09:55:01.691365,6172,5214,2727,1
2026-08-23 09:55:01.691384,6323,5226,2970,1
2026-08-23 09:55:01.691404,6275,5221,3021,1
2026-08-23 09:55:01.691424,6001,4948,0,1
2026-08-23 09:55:01.691444,6196,5164,2740,1
2026-08-23 09:55:01.691464,6176,5195,2633,1
2026-08-23 09:55:01.691484,6302,5214,3038,1
2026-08-23 09:55:01.691504,6037,5142,2589,1
2026-08-23 09:55:01.691525,6344,5243,2912,1
2026-08-23 09:55:01.691545,6272,5218,3132,1
2026-08-23 09:55:01.691564,6039,5073,481,1
2026-08-23 09:55:01.691584,6293,5223,2652,1
2026-08-23 09:55:01.691604,6196,5236,2690,1
2026-08-23 09:55:01.691624,6018,4937,0,1
2026-08-23 09:55:01.691644,6217,5250,3085,1
2026-08-23 09:55:01.691664,6210,5245,2915,1
2026-08-23 09:55:01.691684,6332,5251,3290,1
2026-08-23 09:55:01.691705,6127,5206,2533,1
2026-08-23 09:55:01.691725,6291,5211,2633,1
2026-08-23 09:55:01.691744,6311,5221,2764,1
2026-08-23 09:55:01.691764,5994,4968,0,1
2026-08-23 09:55:01.691784,6132,5225,2951,1
2026-08-23 09:55:01.691804,6221,5228,2955,1
2026-08-23 09:55:01.691824,6328,5264,3452,1
2026-08-23 09:55:01.691844,6082,5179,2667,1
2026-08-23 09:55:01.691864,6214,5204,2607,1
2026-08-23 09:55:01.691885,6251,5204,2927,1
2026-08-23 09:55:01.691905,6128,5166,2745,1
2026-08-23 09:55:01.691924,6330,5256,2956,1
2026-08-23 09:55:01.691944,6284,5225,3016,1
2026-08-23 09:55:01.691964,5995,4941,0,1
2026-08-23 09:55:01.691984,6195,5192,2734,1
2026-08-23 09:55:01.692004,6204,5201,2646,1
2026-08-23 09:55:01.692024,6301,5214,3051,1
2026-08-23 09:55:01.692044,6022,5139,2570,1
2026-08-23 09:55:01.692065,6361,5250,2878,1
2026-08-23 09:55:01.692084,6235,5246,3124,1
2026-08-23 09:55:01.692104,6084,5055,810,1
2026-08-23 09:55:01.692124,6302,5218,2660,1
2026-08-23 09:55:01.692144,6204,5208,2698,1
2026-08-23 09:55:01.692164,6039,4981,0,1
2026-08-23 09:55:01.692184,6229,5253,3053,1
2026-08-23 09:55:01.692204,6226,5222,2917,1
2026-08-23 09:55:01.692225,6322,5270,3318,1
2026-08-23 09:55:01.692245,6109,5221,2637,1
2026-08-23 09:55:01.692264,6213,5234,2632,1
2026-08-23 09:55:01.692284,6248,5241,2799,1
2026-08-23 09:55:01.692304,6074,5030,0,1
2026-08-23 09:55:01.692324,6168,5219,2868,1
2026-08-23 09:55:01.692344,6180,5213,2918,1
2026-08-23 09:55:01.692364,6328,5296,3510,1
2026-08-23 09:55:01.692384,6097,5179,2664,1
2026-08-23 09:55:01.692405,6186,5185,2612,1
2026-08-23 09:55:01.692425,6276,5253,2969,1
2026-08-23 09:55:01.692444,6122,5206,2907,1
2026-08-23 09:55:01.692464,6293,5209,2950,1
2026-08-23 09:55:01.692484,6283,5280,3046,1
2026-08-23 09:55:01.692504,6052,5044,272,1
2026-08-23 09:55:01.692524,6251,5228,2695,1
2026-08-23 09:55:01.692544,6194,5229,2659,1
2026-08-23 09:55:01.692564,6225,5281,3154,1
2026-08-23 09:55:01.692585,6061,5164,2797,1
2026-08-23 09:55:01.692605,6333,5257,2912,1
2026-08-23 09:55:01.692624,6232,5229,3201,1
2026-08-23 09:55:01.692644,6095,5086,1666,1
2026-08-23 09:55:01.692664,6294,5211,2634,1
2026-08-23 09:55:01.692684,6226,5220,2724,1
2026-08-23 09:55:01.692704,6111,5104,788,1
2026-08-23 09:55:01.692724,6222,5247,3031,1
2026-08-23 09:55:01.692744,6214,5237,2929,1
2026-08-23 09:55:01.692765,6352,5301,3385,1
2026-08-23 09:55:01.692784,6071,5213,2698,1
2026-08-23 09:55:01.692804,6188,5197,2636,1
2026-08-23 09:55:01.692824,6216,5239,2837,1
2026-08-23 09:55:01.692844,6040,5027,557,1
2026-08-23 09:55:01.692864,6253,5272,2963,1
2026-08-23 09:55:01.692884,6106,5211,2968,1
2026-08-23 09:55:01.692904,6321,5263,3553,1
2026-08-23 09:55:01.692924,6099,5204,2683,1
2026-08-23 09:55:01.692945,6170,5196,2624,1
2026-08-23 09:55:01.692964,6248,5215,2994,1
2026-08-23 09:55:01.692984,6168,5200,2973,1
2026-08-23 09:55:01.693004,6264,5253,2912,1
2026-08-23 09:55:01.693024,6320,5269,3087,1
2026-08-23 09:55:01.693044,6056,5070,652,1
2026-08-23 09:55:01.693064,6254,5221,2697,1
2026-08-23 09:55:01.693084,6219,5270,2662,1
2026-08-23 09:55:01.693105,6299,5289,3149,1
2026-08-23 09:55:01.693125,6035,5179,2798,1
2026-08-23 09:55:01.693144,6287,5250,2925,1
2026-08-23 09:55:01.693164,6270,5235,3196,1
2026-08-23 09:55:01.693184,6037,5106,1509,1
2026-08-23 09:55:01.693204,6272,5262,2640,1
2026-08-23 09:55:01.693224,6257,5250,2714,1
2026-08-23 09:55:01.693244,6110,5074,307,1
2026-08-23 09:55:01.693264,6179,5233,3041,1
2026-08-23 09:55:01.693285,6224,5280,2920,1
2026-08-23 09:55:01.693305,6327,5271,3365,1
2026-08-23 09:55:01.693324,6071,5211,2643,1
2026-08-23 09:55:01.693344,6241,5223,2651,1
2026-08-23 09:55:01.693364,6188,5202,2806,1
2026-08-23 09:55:01.693384,6037,4983,0,1
2026-08-23 09:55:01.693404,6185,5232,2956,1
2026-08-23 09:55:01.693424,6110,5224,2954,1
2026-08-23 09:55:01.693444,6325,5291,3502,1
2026-08-23 09:55:01.693465,6072,5189,2669,1
2026-08-23 09:55:01.693485,6174,5163,2608,1
2026-08-23 09:55:01.693504,6240,5205,2950,1
2026-08-23 09:55:01.693524,6167,5209,2863,1
2026-08-23 09:55:01.693544,6285,5216,2941,1
2026-08-23 09:55:01.693564,6300,5273,3029,1
2026-08-23 09:55:01.693584,6012,5016,0,1
2026-08-23 09:55:01.693604,6307,5241,2734,1
2026-08-23 09:55:01.693624,6195,5195,2626,1
2026-08-23 09:55:01.693645,6207,5252,3093,1
2026-08-23 09:55:01.693664,6068,5195,2696,1
2026-08-23 09:55:01.693684,6336,5209,2906,1
2026-08-23 09:55:01.693704,6201,5239,3150,1
2026-08-23 09:55:01.693724,6111,5081,981,1
2026-08-23 09:55:01.693744,6240,5192,2327,1
2026-08-23 09:55:01.693764,6230,5213,2698,1
2026-08-23 09:55:01.693784,6085,4995,0,1
2026-08-23 09:55:01.693805,6150,5253,3053,1
2026-08-23 09:55:01.693825,6255,5205,2905,1
2026-08-23 09:55:01.693844,6283,5284,3324,1
2026-08-23 09:55:01.693864,6102,5165,2591,1
2026-08-23 09:55:01.693884,6244,5207,2592,1
2026-08-23 09:55:01.693904,6257,5188,2792,1
2026-08-23 09:55:01.693924,6034,4972,0,1
2026-08-23 09:55:01.693944,6185,5215,2950,1
2026-08-23 09:55:01.693964,6127,5245,2952,1
2026-08-23 09:55:01.693985,6329,5302,3502,1
2026-08-23 09:55:01.694005,6032,5149,2657,1
2026-08-23 09:55:01.694024,6236,5221,2612,1
2026-08-23 09:55:01.694044,6348,5235,2956,1
2026-08-23 09:55:01.694064,6078,5231,2877,1
2026-08-23 09:55:01.694084,6388,5239,2944,1
2026-08-23 09:55:01.694104,6218,5251,3043,1
2026-08-23 09:55:01.694124,6032,5010,85,1
2026-08-23 09:55:01.694144,6235,5268,2713,1
2026-08-23 09:55:01.694165,6208,5226,2645,1
2026-08-23 09:55:01.694185,6377,5269,3116,1
2026-08-23 09:55:01.694204,5994,5181,2758,1
2026-08-23 09:55:01.694224,6277,5215,2946,1
2026-08-23 09:55:01.694244,6286,5242,3173,1
2026-08-23 09:55:01.694264,6077,5133,1410,1
2026-08-23 09:55:01.694284,6250,5211,2650,1
2026-08-23 09:55:01.694304,6217,5210,2706,1
2026-08-23 09:55:01.694324,6089,5055,162,1
2026-08-23 09:55:01.694345,6188,5278,3042,1
2026-08-23 09:55:01.694364,6229,5258,2928,1
2026-08-23 09:55:01.694384,6313,5293,3355,1
2026-08-23 09:55:01.694404,6125,5180,2688,1
2026-08-23 09:55:01.694424,6203,5214,2628,1
2026-08-23 09:55:01.694444,6262,5217,2806,1
2026-08-23 09:55:01.694464,6069,5012,94,1
2026-08-23 09:55:01.694484,6122,5199,2957,1
2026-08-23 09:55:01.694504,6123,5195,2957,1
2026-08-23 09:55:01.694525,6343,5268,3539,1
2026-08-23 09:55:01.694544,6057,5198,2657,1
2026-08-23 09:55:01.694564,6185,5168,2615,1
2026-08-23 09:55:01.694584,6286,5231,2956,1
2026-08-23 09:55:01.694604,6112,5230,2930,1
2026-08-23 09:55:01.694624,6336,5262,2938,1
2026-08-23 09:55:01.694644,6291,5235,3087,1
2026-08-23 09:55:01.694664,6040,5017,10,1
2026-08-23 09:55:01.694685,6191,5230,2726,1
2026-08-23 09:55:01.694705,6185,5223,2648,1
2026-08-23 09:55:01.694724,6326,5303,3123,1
2026-08-23 09:55:01.694744,6027,5172,2764,1
2026-08-23 09:55:01.694764,6284,5212,2945,1
2026-08-23 09:55:01.694784,6280,5240,3240,1
2026-08-23 09:55:01.694804,6031,5070,1330,1
2026-08-23 09:55:01.694824,6265,5228,2636,1
2026-08-23 09:55:01.694844,6271,5221,2716,1
2026-08-23 09:55:01.694865,6086,5022,96,1
2026-08-23 09:55:01.694885,6200,5283,3042,1
2026-08-23 09:55:01.694904,6234,5231,2918,1
2026-08-23 09:55:01.694924,6283,5302,3351,1
2026-08-23 09:55:01.694944,6161,5193,2672,1
2026-08-23 09:55:01.694964,6209,5232,2626,1
2026-08-23 09:55:01.694984,6232,5217,2805,1
2026-08-23 09:55:01.695004,6098,5028,171,1
2026-08-23 09:55:01.695024,6117,5256,2947,1
2026-08-23 09:55:01.695045,6153,5243,2962,1
2026-08-23 09:55:01.695065,6339,5296,3543,1
2026-08-23 09:55:01.695084,6052,5137,2662,1
2026-08-23 09:55:01.695104,6185,5156,2625,1
2026-08-23 09:55:01.695124,6259,5233,2970,1
2026-08-23 09:55:01.695144,6120,5220,2977,1
2026-08-23 09:55:01.695164,6298,5256,2936,1
2026-08-23 09:55:01.695184,6294,5244,3079,1
2026-08-23 09:55:01.695204,6036,5069,474,1
2026-08-23 09:55:01.695225,6234,5229,2720,1
2026-08-23 09:55:01.695244,6171,5200,2658,1
2026-08-23 09:55:01.695264,6222,5232,3155,1
2026-08-23 09:55:01.695284,6124,5226,2802,1
2026-08-23 09:55:01.695304,6304,5218,2910,1
2026-08-23 09:55:01.695324,6239,5263,3199,1
2026-08-23 09:55:01.695344,6125,5142,1689,1
2026-08-23 09:55:01.695364,6270,5206,2649,1
2026-08-23 09:55:01.695385,6233,5220,2720,1
2026-08-23 09:55:01.695405,6105,5064,738,1
2026-08-23 09:55:01.695424,6161,5267,3048,1
2026-08-23 09:55:01.695444,6250,5261,2905,1
2026-08-23 09:55:01.695464,6300,5272,3387,1
2026-08-23 09:55:01.695484,6124,5219,2706,1
2026-08-23 09:55:01.695504,6201,5185,2623,1
2026-08-23 09:55:01.695524,6269,5214,2823,1
2026-08-23 09:55:01.695544,6113,5076,643,1
2026-08-23 09:55:01.695565,6079,5202,2954,1
2026-08-23 09:55:01.695585,6202,5226,2964,1
2026-08-23 09:55:01.695604,6333,5275,3563,1
2026-08-23 09:55:01.695624,6045,5181,2687,1
2026-08-23 09:55:01.695644,6259,5179,2614,1
2026-08-23 09:55:01.695664,6259,5252,2988,1
2026-08-23 09:55:01.695684,6103,5172,2950,1
2026-08-23 09:55:01.695704,6312,5247,2943,1
2026-08-23 09:55:01.695724,6292,5247,3086,1
2026-08-23 09:55:01.695745,6051,5030,622,1
2026-08-23 09:55:01.695765,6269,5225,2713,1
2026-08-23 09:55:01.695784,6243,5244,2655,1
2026-08-23 09:55:01.695804,6268,5285,3153,1
2026-08-23 09:55:01.695824,6035,5175,2787,1
2026-08-23 09:55:01.695844,6277,5241,2901,1
2026-08-23 09:55:01.695864,6292,5238,3169,1
2026-08-23 09:55:01.695884,6025,5151,1552,1
2026-08-23 09:55:01.695904,6251,5201,2635,1
2026-08-23 09:55:01.695925,6239,5206,2715,1
2026-08-23 09:55:01.695944,6134,5043,633,1
2026-08-23 09:55:01.695964,6187,5251,3036,1
2026-08-23 09:55:01.695984,6192,5238,2938,1
2026-08-23 09:55:01.696004,6314,5317,3392,1
2026-08-23 09:55:01.696024,6121,5194,2652,1
2026-08-23 09:55:01.696044,6235,5191,2633,1
2026-08-23 09:55:01.696064,6203,5258,2814,1
2026-08-23 09:55:01.696084,6046,4976,0,1
2026-08-23 09:55:01.696105,6179,5252,2974,1
2026-08-23 09:55:01.696124,6110,5196,2953,1
2026-08-23 09:55:01.696144,6350,5271,3526,1
2026-08-23 09:55:01.696164,6059,5194,2646,1
2026-08-23 09:55:01.696184,6119,5138,2608,1
2026-08-23 09:55:01.696204,6273,5210,2930,1
2026-08-23 09:55:01.696224,6206,5194,2855,1
2026-08-23 09:55:01.696244,6237,5248,2938,1
2026-08-23 09:55:01.696265,6293,5239,3029,1
2026-08-23 09:55:01.696285,6030,5024,0,1
2026-08-23 09:55:01.696304,6221,5231,2731,1
2026-08-23 09:55:01.696324,6235,5215,2642,1
2026-08-23 09:55:01.696344,6230,5246,3049,1
2026-08-23 09:55:01.696364,5987,5214,2687,1
2026-08-23 09:55:01.696384,6266,5214,2914,1
2026-08-23 09:55:01.696404,6255,5249,3141,1
2026-08-23 09:55:01.696424,6097,5093,967,1
2026-08-23 09:55:01.696445,6207,5233,2648,1
2026-08-23 09:55:01.696465,6251,5245,2691,1
2026-08-23 09:55:01.696484,6082,4990,0,1
2026-08-23 09:55:01.696504,6119,5258,3047,1
2026-08-23 09:55:01.696524,6233,5223,2924,1
2026-08-23 09:55:01.696544,6299,5291,3286,1
2026-08-23 09:55:01.696564,6113,5208,2603,1
2026-08-23 09:55:01.696584,6252,5221,2642,1
2026-08-23 09:55:01.696604,6130,5223,2765,1
2026-08-23 09:55:01.696625,6057,4988,0,1
2026-08-23 09:55:01.696645,6170,5207,2942,1
2026-08-23 09:55:01.696664,6107,5192,2957,1
2026-08-23 09:55:01.696684,6354,5264,3489,1
2026-08-23 09:55:01.696704,6047,5192,2627,1
2026-08-23 09:55:01.696724,6157,5194,2605,1
2026-08-23 09:55:01.696744,6238,5235,2939,1
2026-08-23 09:55:01.696764,6153,5181,2830,1
2026-08-23 09:55:01.696784,6304,5251,2953,1
2026-08-23 09:55:01.696805,6295,5275,3023,1
2026-08-23 09:55:01.696824,6018,4965,0,1
2026-08-23 09:55:01.696844,6189,5210,2723,1
2026-08-23 09:55:01.696864,6193,5237,2639,1
2026-08-23 09:55:01.696884,6262,5239,3058,1
2026-08-23 09:55:01.696904,6116,5195,2685,1
2026-08-23 09:55:01.696924,6288,5223,2886,1
2026-08-23 09:55:01.696944,6197,5274,3163,1
2026-08-23 09:55:01.696965,6119,5097,1125,1
2026-08-23 09:55:01.696985,6210,5198,2672,1
2026-08-23 09:55:01.697004,6243,5239,2695,1
2026-08-23 09:55:01.697024,6107,5055,0,1
2026-08-23 09:55:01.697044,6117,5237,3053,1
2026-08-23 09:55:01.697064,6266,5238,2917,1
2026-08-23 09:55:01.697084,6307,5280,3333,1
2026-08-23 09:55:01.697104,6113,5187,2627,1
2026-08-23 09:55:01.697124,6213,5178,2638,1
2026-08-23 09:55:01.697145,6211,5244,2812,1
2026-08-23 09:55:01.697165,6061,4993,0,1
2026-08-23 09:55:01.697184,6101,5251,2941,1
2026-08-23 09:55:01.697204,6162,5214,2954,1
2026-08-23 09:55:01.697224,6323,5266,3484,1
2026-08-23 09:55:01.697244,6174,5154,2654,1
2026-08-23 09:55:01.697264,6211,5210,2606,1
2026-08-23 09:55:01.697284,6258,5242,2928,1
2026-08-23 09:55:01.697304,6129,5192,2867,1
2026-08-23 09:55:01.697325,6311,5209,2943,1
2026-08-23 09:55:01.697345,6284,5252,3024,1
2026-08-23 09:55:01.697364,6035,5012,0,1
2026-08-23 09:55:01.697384,6262,5244,2712,1
2026-08-23 09:55:01.697404,6223,5210,2657,1
2026-08-23 09:55:01.697424,6272,5271,3109,1
2026-08-23 09:55:01.697444,6064,5167,2728,1
2026-08-23 09:55:01.697464,6311,5249,2917,1
2026-08-23 09:55:01.697484,6363,5228,3171,1
2026-08-23 09:55:01.697505,6065,5101,1234,1
2026-08-23 09:55:01.697524,6241,5233,2637,1
2026-08-23 09:55:01.697544,6219,5234,2688,1
2026-08-23 09:55:01.697564,6071,5016,0,1
2026-08-23 09:55:01.697584,6217,5247,3014,1
2026-08-23 09:55:01.697604,6191,5228,2917,1
2026-08-23 09:55:01.697624,6418,5279,3317,1
2026-08-23 09:55:01.697644,6126,5228,2648,1
2026-08-23 09:55:01.697664,6203,5236,2956,1
2026-08-23 09:55:01.697685,6263,5251,2788,1
2026-08-23 09:55:01.697704,6035,5017,0,1
2026-08-23 09:55:01.697724,6107,5242,2964,1
2026-08-23 09:55:01.697744,6193,5200,2957,1
2026-08-23 09:55:01.697764,6335,5256,3521,1
2026-08-23 09:55:01.697784,6034,5157,2664,1
2026-08-23 09:55:01.697804,6178,5169,2610,1
2026-08-23 09:55:01.697824,6347,5238,2942,1
2026-08-23 09:55:01.697845,6160,5228,2873,1
2026-08-23 09:55:01.697865,6252,5267,2961,1
2026-08-23 09:55:01.697884,6278,5272,3037,1
2026-08-23 09:55:01.697904,6033,5014,0,1
2026-08-23 09:55:01.697924,6210,5212,2719,1
2026-08-23 09:55:01.697944,6216,5233,2646,1
2026-08-23 09:55:01.697964,6250,5264,3085,1
2026-08-23 09:55:01.697984,6114,5232,2691,1
2026-08-23 09:55:01.698004,6281,5219,2908,1
2026-08-23 09:55:01.698025,6208,5250,3157,1
2026-08-23 09:55:01.698045,6112,5078,975,1
2026-08-23 09:55:01.698064,6238,5245,2663,1
2026-08-23 09:55:01.698084,6270,5212,2701,1
2026-08-23 09:55:01.698104,6052,5015,0,1
2026-08-23 09:55:01.698124,6112,5263,3048,1
2026-08-23 09:55:01.698144,6248,5256,2913,1
2026-08-23 09:55:01.698164,6300,5250,3297,1
2026-08-23 09:55:01.698184,6160,5176,2579,1
2026-08-23 09:55:01.698205,6250,5201,2636,1
2026-08-23 09:55:01.698225,6190,5203,2770,1
2026-08-23 09:55:01.698244,6044,4954,0,1
2026-08-23 09:55:01.698264,6095,5184,2951,1
2026-08-23 09:55:01.698284,6154,5183,2942,1
2026-08-23 09:55:01.698304,6362,5303,3455,1
2026-08-23 09:55:01.698324,6071,5155,2632,1
2026-08-23 09:55:01.698344,6196,5213,2650,1
2026-08-23 09:55:01.698364,6286,5224,2915,1
2026-08-23 09:55:01.698385,6127,5216,2770,1
2026-08-23 09:55:01.698404,6316,5281,2954,1
2026-08-23 09:55:01.698424,6265,5274,3021,1
2026-08-23 09:55:01.698444,5997,4936,0,1
2026-08-23 09:55:01.698464,6189,5208,2736,1
2026-08-23 09:55:01.698484,6168,5168,2633,1
2026-08-23 09:55:01.698504,6230,5238,3053,1
2026-08-23 09:55:01.698524,6121,5162,2625,1
2026-08-23 09:55:01.698545,6297,5200,2919,1
2026-08-23 09:55:01.698565,6200,5206,3135,1
2026-08-23 09:55:01.698584,6120,5042,713,1
2026-08-23 09:55:01.698604,6188,5235,2627,1
2026-08-23 09:55:01.698624,6255,5210,2677,1
2026-08-23 09:55:01.698644,6061,4968,0,1
2026-08-23 09:55:01.698664,6110,5257,3039,1
2026-08-23 09:55:01.698684,6241,5243,2925,1
2026-08-23 09:55:01.698704,6290,5284,3290,1
2026-08-23 09:55:01.698725,6125,5173,2586,1
2026-08-23 09:55:01.698745,6254,5227,2637,1
2026-08-23 09:55:01.698764,6201,5238,2772,1
2026-08-23 09:55:01.698784,6113,4943,0,1
2026-08-23 09:55:01.698804,6086,5189,2933,1
2026-08-23 09:55:01.698824,6187,5225,2935,1
2026-08-23 09:55:01.698844,6347,5255,3482,1
2026-08-23 09:55:01.698864,6059,5188,2629,1
2026-08-23 09:55:01.698884,6234,5171,2608,1
2026-08-23 09:55:01.698905,6306,5232,2916,1
2026-08-23 09:55:01.698925,6106,5200,2802,1
2026-08-23 09:55:01.698944,6302,5229,2944,1
2026-08-23 09:55:01.698964,6227,5262,3019,1
2026-08-23 09:55:01.698984,6006,4988,0,1
2026-08-23 09:55:01.699004,6219,5240,2724,1
2026-08-23 09:55:01.699024,6250,5206,2651,1
2026-08-23 09:55:01.699044,6273,5270,3081,1
2026-08-23 09:55:01.699064,6006,5182,2654,1
2026-08-23 09:55:01.699085,6326,5240,2902,1
2026-08-23 09:55:01.699104,6228,5267,3136,1
2026-08-23 09:55:01.699124,6056,5029,653,1
2026-08-23 09:55:01.699144,6208,5240,2665,1
2026-08-23 09:55:01.699164,6227,5236,2677,1
2026-08-23 09:55:01.699184,6045,4931,0,1
2026-08-23 09:55:01.699204,6107,5232,3084,1
2026-08-23 09:55:01.699224,6240,5183,2912,1
2026-08-23 09:55:01.699244,6299,5239,3293,1
2026-08-23 09:55:01.699265,6119,5190,2432,1
2026-08-23 09:55:01.699284,6264,5226,2654,1
2026-08-23 09:55:01.699304,6222,5200,2771,1
2026-08-23 09:55:01.699324,5908,4887,0,1
2026-08-23 09:55:01.699344,6153,5199,2920,1
2026-08-23 09:55:01.699364,6230,5213,2932,1
2026-08-23 09:55:01.699384,6263,5273,3443,1
2026-08-23 09:55:01.699404,6067,5139,2632,1
2026-08-23 09:55:01.699425,6230,5176,2600,1
2026-08-23 09:55:01.699445,6205,5190,2894,1
2026-08-23 09:55:01.699464,6133,5209,2679,1
2026-08-23 09:55:01.699484,6296,5251,2960,1
2026-08-23 09:55:01.699504,6237,5248,3006,1
2026-08-23 09:55:01.699524,6022,4925,0,1
2026-08-23 09:55:01.699544,6126,5141,2738,1
2026-08-23 09:55:01.699564,6163,5161,2633,1
2026-08-23 09:55:01.699584,6226,5164,3016,1
2026-08-23 09:55:01.699605,6107,5163,2485,1
2026-08-23 09:55:01.699625,6277,5208,2925,1
2026-08-23 09:55:01.699644,6172,5217,3107,1
2026-08-23 09:55:01.699664,6118,5014,50,1
2026-08-23 09:55:01.699684,6198,5220,2673,1
2026-08-23 09:55:01.699704,6176,5194,2659,1
2026-08-23 09:55:01.699724,6113,4995,0,1
2026-08-23 09:55:01.699744,6173,5222,3044,1
2026-08-23 09:55:01.699764,6238,5243,2910,1
2026-08-23 09:55:01.699785,6275,5241,3223,1
2026-08-23 09:55:01.699805,6102,5161,2439,1
2026-08-23 09:55:01.699824,6245,5184,2648,1
2026-08-23 09:55:01.699844,6236,5202,2725,1
2026-08-23 09:55:01.699864,6105,5044,0,1
2026-08-23 09:55:01.699884,6051,5177,2960,1
2026-08-23 09:55:01.699904,6230,5186,2923,1
2026-08-23 09:55:01.699924,6286,5268,3406,1
2026-08-23 09:55:01.699944,6040,5135,2571,1
2026-08-23 09:55:01.699965,6257,5199,2607,1
2026-08-23 09:55:01.699984,6191,5185,2857,1
2026-08-23 09:55:01.700004,6127,5203,2607,1
2026-08-23 09:55:01.700024,6329,5254,2966,1
2026-08-23 09:55:01.700044,6252,5214,2998,1
2026-08-23 09:55:01.700064,6078,5039,0,1
2026-08-23 09:55:01.700084,6120,5189,2725,1
2026-08-23 09:55:01.700104,6166,5179,2631,1
2026-08-23 09:55:01.700125,6362,5222,2994,1
2026-08-23 09:55:01.700145,5972,5173,2471,1
2026-08-23 09:55:01.700164,6316,5246,2917,1
2026-08-23 09:55:01.700184,6226,5214,3118,1
2026-08-23 09:55:01.700204,6037,5026,107,1
2026-08-23 09:55:01.700224,6244,5216,2654,1
2026-08-23 09:55:01.700244,6127,5236,2665,1
2026-08-23 09:55:01.700264,6063,4899,0,1
2026-08-23 09:55:01.700284,6177,5184,3046,1
2026-08-23 09:55:01.700305,6197,5159,2912,1
2026-08-23 09:55:01.700325,6344,5206,3271,1
2026-08-23 09:55:01.700344,6093,5192,2513,1
2026-08-23 09:55:01.700364,6247,5186,2646,1
2026-08-23 09:55:01.700384,6200,5220,2768,1
2026-08-23 09:55:01.700404,6007,4868,0,1
2026-08-23 09:55:01.700424,6090,5175,2953,1
2026-08-23 09:55:01.700444,6176,5183,2933,1
2026-08-23 09:55:01.700464,6309,5249,3418,1
2026-08-23 09:55:01.700485,6040,5144,2586,1
2026-08-23 09:55:01.700505,6190,5171,2596,1
2026-08-23 09:55:01.700524,6256,5218,2895,1
2026-08-23 09:55:01.700544,6162,5170,2710,1
2026-08-23 09:55:01.700564,6340,5227,2953,1
2026-08-23 09:55:01.700584,6292,5249,3021,1
2026-08-23 09:55:01.700604,5991,4915,0,1
2026-08-23 09:55:01.700624,6154,5174,2734,1
2026-08-23 09:55:01.700644,6203,5184,2635,1
2026-08-23 09:55:01.700665,6226,5191,3023,1
2026-08-23 09:55:01.700684,6102,5128,2550,1
2026-08-23 09:55:01.700704,6312,5230,2905,1
2026-08-23 09:55:01.700724,6202,5240,3116,1
2026-08-23 09:55:01.700744,6077,4995,369,1
2026-08-23 09:55:01.700764,6245,5243,2660,1
2026-08-23 09:55:01.700784,6213,5241,2688,1
2026-08-23 09:55:01.700804,6040,4910,0,1
2026-08-23 09:55:01.700824,6122,5172,3081,1
2026-08-23 09:55:01.700845,6225,5215,2912,1
2026-08-23 09:55:01.700864,6278,5217,3274,1
2026-08-23 09:55:01.700884,6158,5192,2496,1
2026-08-23 09:55:01.700904,6262,5229,2647,1
2026-08-23 09:55:01.700924,6206,5232,2759,1
2026-08-23 09:55:01.700944,6061,4878,0,1
2026-08-23 09:55:01.700964,6047,5139,2956,1
2026-08-23 09:55:01.700984,6206,5155,2931,1
2026-08-23 09:55:01.701005,6314,5231,3436,1
2026-08-23 09:55:01.701025,6022,5089,2601,1
2026-08-23 09:55:01.701044,6208,5182,2607,1
2026-08-23 09:55:01.701064,6251,5212,2888,1
2026-08-23 09:55:01.701084,6157,5189,2676,1
2026-08-23 09:55:01.701104,6277,5207,2954,1
2026-08-23 09:55:01.701124,6277,5227,3003,1
2026-08-23 09:55:01.701144,5994,4882,0,1
2026-08-23 09:55:01.701164,6175,5188,2738,1
2026-08-23 09:55:01.701185,6199,5155,2627,1
2026-08-23 09:55:01.701205,6272,5193,3021,1
2026-08-23 09:55:01.701224,6037,5145,2456,1
2026-08-23 09:55:01.701244,6299,5238,2853,1
2026-08-23 09:55:01.701264,6207,5239,3116,1
2026-08-23 09:55:01.701284,6059,5002,354,1
2026-08-23 09:55:01.701304,6239,5204,2655,1
2026-08-23 09:55:01.701324,6210,5230,2681,1
2026-08-23 09:55:01.701344,6042,4926,0,1
2026-08-23 09:55:01.701365,6125,5189,3059,1
2026-08-23 09:55:01.701385,6224,5196,2915,1
2026-08-23 09:55:01.701404,6311,5245,3267,1
2026-08-23 09:55:01.701424,6106,5204,2516,1
2026-08-23 09:55:01.701444,6276,5243,2644,1
2026-08-23 09:55:01.701464,6218,5230,2766,1
2026-08-23 09:55:01.701484,6028,4927,0,1
2026-08-23 09:55:01.701504,6079,5205,2948,1
2026-08-23 09:55:01.701524,6180,5209,2926,1
2026-08-23 09:55:01.701545,6321,5271,3294,1
2026-08-23 09:55:01.701564,6046,5142,2423,1
2026-08-23 09:55:01.701584,6234,5156,2612,1
2026-08-23 09:55:01.701604,6257,5208,2888,1
2026-08-23 09:55:01.701624,6161,5186,2776,1
2026-08-23 09:55:01.701644,6324,5238,2946,1
2026-08-23 09:55:01.701664,6275,5258,3018,1
2026-08-23 09:55:01.701684,5993,4959,0,1
2026-08-23 09:55:01.701705,6194,5193,2748,1
2026-08-23 09:55:01.701725,6218,5223,2635,1
2026-08-23 09:55:01.701744,6255,5227,3044,1
2026-08-23 09:55:01.701764,6064,5167,2611,1
2026-08-23 09:55:01.701784,6268,5260,2905,1
2026-08-23 09:55:01.701804,6230,5252,3102,1
2026-08-23 09:55:01.701824,6076,5064,559,1
2026-08-23 09:55:02.561203,6185,5199,2644,1
2026-08-23 09:55:02.561223,6259,5250,2605,1
2026-08-23 09:55:02.561243,6063,4988,0,1
2026-08-23 09:55:02.561263,6121,5239,3052,1
2026-08-23 09:55:02.561283,6337,5214,2907,1
2026-08-23 09:55:02.561303,6270,5252,3303,1
2026-08-23 09:55:02.561323,6168,5198,2524,1
2026-08-23 09:55:02.561343,6275,5201,2637,1
2026-08-23 09:55:02.561363,6218,5210,2772,1
2026-08-23 09:55:02.561383,6031,4999,0,1
2026-08-23 09:55:02.561403,6113,5204,2985,1
2026-08-23 09:55:02.561423,6173,5204,2954,1
2026-08-23 09:55:02.561443,6325,5299,3471,1
2026-08-23 09:55:02.561463,6062,5169,2641,1
2026-08-23 09:55:02.561483,6232,5182,2614,1
2026-08-23 09:55:02.561503,6261,5252,2908,1
2026-08-23 09:55:02.561523,6120,5217,2779,1
2026-08-23 09:55:02.561543,6327,5228,2953,1
2026-08-23 09:55:02.561563,6277,5252,3012,1
2026-08-23 09:55:02.561583,5983,4960,0,1
2026-08-23 09:55:02.561603,6197,5188,2732,1
2026-08-23 09:55:02.561623,6170,5186,2634,1
2026-08-23 09:55:02.561643,6225,5245,3030,1
2026-08-23 09:55:02.561663,6046,5145,2608,1
2026-08-23 09:55:02.561683,6335,5247,2911,1
2026-08-23 09:55:02.561703,6203,5218,2765,1
2026-08-23 09:55:02.561723,6092,5010,526,1
2026-08-23 09:55:02.561743,6225,5203,2614,1
2026-08-23 09:55:02.561763,6198,5226,2684,1
2026-08-23 09:55:02.561783,6033,4944,0,1
2026-08-23 09:55:02.561803,6116,5212,3080,1
2026-08-23 09:55:02.561823,6269,5191,2922,1
2026-08-23 09:55:02.561843,6303,5260,3266,1
2026-08-23 09:55:02.561863,6113,5157,2482,1
2026-08-23 09:55:02.561883,6253,5221,2639,1
2026-08-23 09:55:02.561903,6192,5221,2759,1
2026-08-23 09:55:02.561923,6120,4842,0,1
2026-08-23 09:55:02.561943,6051,5130,2949,1
2026-08-23 09:55:02.561963,6172,5167,2926,1
2026-08-23 09:55:02.561983,6346,5233,3426,1
2026-08-23 09:55:02.562003,6076,5129,2582,1
2026-08-23 09:55:02.562023,6267,5196,2602,1
2026-08-23 09:55:02.562043,6242,5222,2879,1
2026-08-23 09:55:02.562063,6125,5188,2622,1
2026-08-23 09:55:02.562083,6283,5229,2958,1
2026-08-23 09:55:02.562103,6253,5245,3000,1
2026-08-23 09:55:02.562123,6087,4827,0,1
2026-08-23 09:55:02.562143,6172,5061,2749,1
2026-08-23 09:55:02.562163,6195,5088,2632,1
2026-08-23 09:55:02.562183,6250,5154,3031,1
2026-08-23 09:55:02.562203,6056,5078,2463,1
2026-08-23 09:55:02.562223,6269,5200,2916,1
2026-08-23 09:55:02.562243,6254,5199,3096,1
2026-08-23 09:55:02.562263,6085,5015,26,1
2026-08-23 09:55:02.562283,6203,5202,2649,1
2026-08-23 09:55:02.562303,6227,5201,2670,1
2026-08-23 09:55:02.562323,6083,4865,0,1
2026-08-23 09:55:02.562343,6181,5170,3030,1
2026-08-23 09:55:02.562363,6215,5190,2911,1
2026-08-23 09:55:02.562383,6292,5234,3226,1
2026-08-23 09:55:02.562403,6154,5159,2479,1
2026-08-23 09:55:02.562423,6238,5170,2651,1
2026-08-23 09:55:02.562443,6193,5194,2723,1
2026-08-23 09:55:02.562463,6104,4897,0,1
2026-08-23 09:55:02.562483,6081,5096,2952,1
2026-08-23 09:55:02.562503,6183,5135,2917,1
2026-08-23 09:55:02.562523,6323,5210,3418,1
2026-08-23 09:55:02.562543,6031,5097,2570,1
2026-08-23 09:55:02.562563,6282,5146,2607,1
2026-08-23 09:55:02.562583,6299,5206,2865,1
2026-08-23 09:55:02.562603,6109,5187,2629,1
2026-08-23 09:55:02.562623,6381,5227,2972,1
2026-08-23 09:55:02.562643,6232,5223,3019,1
2026-08-23 09:55:02.562663,6219,5132,165,1
2026-08-23 09:55:02.562683,6148,5208,2730,1
2026-08-23 09:55:02.562703,6165,5196,2628,1
2026-08-23 09:55:02.562723,6294,5214,3008,1
2026-08-23 09:55:02.562743,6049,5129,2434,1
2026-08-23 09:55:02.562763,6316,5250,2899,1
2026-08-23 09:55:02.562783,6206,5238,3098,1
2026-08-23 09:55:02.562803,6042,5012,0,1
2026-08-23 09:55:02.562823,6241,5247,2665,1
2026-08-23 09:55:02.562843,6197,5204,2678,1
2026-08-23 09:55:02.562863,6093,5035,0,1
2026-08-23 09:55:02.562883,6155,5208,3060,1
2026-08-23 09:55:02.562903,6225,5235,2911,1
2026-08-23 09:55:02.562923,6309,5271,3259,1
2026-08-23 09:55:02.562943,6151,5153,2446,1
2026-08-23 09:55:02.562963,6235,5215,2651,1
2026-08-23 09:55:02.562983,6172,5221,2742,1
2026-08-23 09:55:02.563003,6052,4836,0,1
2026-08-23 09:55:02.563023,6173,5088,2954,1
2026-08-23 09:55:02.563043,6162,5158,2916,1
2026-08-23 09:55:02.563063,6325,5234,3434,1
2026-08-23 09:55:02.563083,6093,5093,2588,1
2026-08-23 09:55:02.563103,6173,5187,2599,1
2026-08-23 09:55:02.563123,6265,5191,2862,1
2026-08-23 09:55:02.563143,6127,5160,2670,1
2026-08-23 09:55:02.563163,6310,5223,2965,1
2026-08-23 09:55:02.563183,6268,5278,2994,1
2026-08-23 09:55:02.563203,6056,4881,0,1
2026-08-23 09:55:02.563223,6037,5145,2736,1
2026-08-23 09:55:02.563243,6198,5151,2629,1
2026-08-23 09:55:02.563263,6239,5195,3027,1
2026-08-23 09:55:02.563283,6107,5149,2483,1
2026-08-23 09:55:02.563303,6263,5208,2862,1
2026-08-23 09:55:02.563323,6209,5203,3110,1
2026-08-23 09:55:02.563343,6107,5017,56,1
2026-08-23 09:55:02.563363,6202,5211,2666,1
2026-08-23 09:55:02.563383,6220,5196,2663,1
2026-08-23 09:55:02.563403,6103,4961,0,1
2026-08-23 09:55:02.563423,6118,5209,3057,1
2026-08-23 09:55:02.563443,6269,5198,2909,1
2026-08-23 09:55:02.563463,6301,5251,3248,1
2026-08-23 09:55:02.563483,6126,5180,2453,1
2026-08-23 09:55:02.563503,6246,5182,2646,1
2026-08-23 09:55:02.563523,6235,5232,2742,1
2026-08-23 09:55:02.563543,6066,5020,0,1
2026-08-23 09:55:02.563563,6057,5210,2964,1
2026-08-23 09:55:02.563583,6217,5195,2922,1
2026-08-23 09:55:02.563603,6320,5277,3404,1
2026-08-23 09:55:02.563623,6020,5154,2570,1
2026-08-23 09:55:02.563643,6223,5177,2606,1
2026-08-23 09:55:02.563663,6232,5228,2874,1
2026-08-23 09:55:02.563683,6173,5204,2637,1
2026-08-23 09:55:02.563703,6275,5245,2962,1
2026-08-23 09:55:02.563723,6270,5227,2982,1
2026-08-23 09:55:02.563743,6061,5016,0,1
2026-08-23 09:55:02.563763,6128,5217,2738,1
2026-08-23 09:55:02.563783,6193,5178,2632,1
2026-08-23 09:55:02.563803,6202,5246,2996,1
2026-08-23 09:55:02.563823,6129,5164,2454,1
2026-08-23 09:55:02.563843,6261,5219,2909,1
2026-08-23 09:55:02.563863,6168,5216,3095,1
2026-08-23 09:55:02.563883,6093,5001,0,1
2026-08-23 09:55:02.563903,6201,5236,2668,1
2026-08-23 09:55:02.563923,6186,5194,2670,1
2026-08-23 09:55:02.563943,6091,4970,0,1
2026-08-23 09:55:02.563963,6119,5207,3059,1
2026-08-23 09:55:02.563983,6222,5215,2906,1
2026-08-23 09:55:02.564003,6297,5260,3259,1
2026-08-23 09:55:02.564023,6089,5139,2442,1
2026-08-23 09:55:02.564043,6236,5184,2638,1
2026-08-23 09:55:02.564063,6122,5219,2753,1
2026-08-23 09:55:02.564083,6105,4850,0,1
2026-08-23 09:55:02.564103,6102,5185,2946,1
2026-08-23 09:55:02.564123,6119,5169,2922,1
2026-08-23 09:55:02.564143,6333,5258,3421,1
2026-08-23 09:55:02.564163,6091,5166,2523,1
2026-08-23 09:55:02.564183,6227,5157,2609,1
2026-08-23 09:55:02.564203,6267,5236,2873,1
2026-08-23 09:55:02.564223,6082,5158,2635,1
2026-08-23 09:55:02.564243,6340,5230,2967,1
2026-08-23 09:55:02.564263,6280,5261,3003,1
2026-08-23 09:55:02.564283,6062,5046,0,1
2026-08-23 09:55:02.564303,6184,5180,2721,1
2026-08-23 09:55:02.564323,6155,5204,2627,1
2026-08-23 09:55:02.564343,6291,5221,2999,1
2026-08-23 09:55:02.564363,6012,5180,2438,1
2026-08-23 09:55:02.564383,6304,5208,2909,1
2026-08-23 09:55:02.564403,6218,5213,3091,1
2026-08-23 09:55:02.564423,6018,4990,0,1
2026-08-23 09:55:02.564443,6195,5199,2655,1
2026-08-23 09:55:02.564463,6127,5218,2664,1
2026-08-23 09:55:02.564483,6039,5036,0,1
2026-08-23 09:55:02.564503,6129,5234,3053,1
2026-08-23 09:55:02.564523,6234,5196,2913,1
2026-08-23 09:55:02.564543,6282,5234,3243,1
2026-08-23 09:55:02.564563,6091,5164,2424,1
2026-08-23 09:55:02.564583,6258,5192,2646,1
2026-08-23 09:55:02.564603,6181,5181,2747,1
2026-08-23 09:55:02.564623,6063,4984,0,1
2026-08-23 09:55:02.564643,6083,5196,2947,1
2026-08-23 09:55:02.564663,6192,5218,2928,1
2026-08-23 09:55:02.564683,6313,5255,3526,1
2026-08-23 09:55:02.564703,6043,5192,2544,1
2026-08-23 09:55:02.564723,6189,5165,2605,1
2026-08-23 09:55:02.564743,6213,5185,2861,1
2026-08-23 09:55:02.564763,6165,5173,2618,1
2026-08-23 09:55:02.564783,6288,5223,2966,1
2026-08-23 09:55:02.564803,6258,5221,2986,1
2026-08-23 09:55:02.564823,6279,5166,314,1
2026-08-23 09:55:02.564843,6102,5183,2752,1
2026-08-23 09:55:02.564863,6203,5206,2622,1
2026-08-23 09:55:02.564883,6237,5226,2985,1
2026-08-23 09:55:02.564903,6052,5138,2376,1
2026-08-23 09:55:02.564923,6326,5221,2920,1
2026-08-23 09:55:02.564943,6177,5256,3080,1
2026-08-23 09:55:02.564963,6025,4963,0,1
2026-08-23 09:55:02.564983,6219,5234,2665,1
2026-08-23 09:55:02.565003,6204,5197,2632,1
2026-08-23 09:55:02.565023,6285,5242,3198,1
2026-08-23 09:55:02.565043,6199,5220,3058,1
2026-08-23 09:55:02.565063,6220,5207,2909,1
2026-08-23 09:55:02.565083,6299,5278,3225,1
2026-08-23 09:55:02.565103,6131,5167,2358,1
2026-08-23 09:55:02.565123,6226,5212,2641,1
2026-08-23 09:55:02.565143,6233,5210,2725,1
2026-08-23 09:55:02.565163,6225,5269,2530,1
2026-08-23 09:55:02.565183,6048,5171,2942,1
2026-08-23 09:55:02.565203,6234,5229,2924,1
2026-08-23 09:55:02.565223,6285,5250,3380,1
2026-08-23 09:55:02.565243,6003,5186,2520,1
2026-08-23 09:55:02.565263,6208,5206,2606,1
2026-08-23 09:55:02.565283,6187,5211,2860,1
2026-08-23 09:55:02.565303,6153,5163,2540,1
2026-08-23 09:55:02.565323,6295,5255,2968,1
2026-08-23 09:55:02.565343,6264,5262,2992,1
2026-08-23 09:55:02.565363,6273,5294,3463,1
2026-08-23 09:55:02.565383,6153,5167,2744,1
2026-08-23 09:55:02.565403,6103,5193,2631,1
2026-08-23 09:55:02.565423,6254,5207,2990,1
2026-08-23 09:55:02.565443,6091,5182,2379,1
2026-08-23 09:55:02.565463,6103,5194,2912,1
2026-08-23 09:55:02.565483,6184,5205,3083,1
2026-08-23 09:55:02.565503,6068,4995,0,1
2026-08-23 09:55:02.565523,6214,5224,2657,1
2026-08-23 09:55:02.565543,6194,5190,2683,1
2026-08-23 09:55:02.565563,6257,5227,919,1
2026-08-23 09:55:02.565583,6148,5201,3043,1
2026-08-23 09:55:02.565603,6224,5231,2911,1
2026-08-23 09:55:02.565623,6306,5239,3243,1
2026-08-23 09:55:02.565643,6096,5180,2406,1
2026-08-23 09:55:02.565663,6281,5255,2643,1
2026-08-23 09:55:02.565683,6204,5206,2727,1
2026-08-23 09:55:02.565703,6113,5104,0,1
2026-08-23 09:55:02.565723,6078,5223,2947,1
2026-08-23 09:55:02.565743,6215,5197,2919,1
2026-08-23 09:55:02.565763,6278,5232,3405,1
2026-08-23 09:55:02.565783,6044,5181,2540,1
2026-08-23 09:55:02.565803,6219,5170,2614,1
2026-08-23 09:55:02.565823,6242,5211,2852,1
2026-08-23 09:55:02.565843,6120,5200,2583,1
2026-08-23 09:55:02.565863,6289,5230,2968,1
2026-08-23 09:55:02.565883,6236,5225,2978,1
2026-08-23 09:55:02.565903,6061,5059,0,1
2026-08-23 09:55:02.565923,6148,5158,2746,1
2026-08-23 09:55:02.565943,6177,5170,2626,1
2026-08-23 09:55:02.565963,6241,5202,2997,1
2026-08-23 09:55:02.565983,6094,5153,2455,1
2026-08-23 09:55:02.566003,6274,5247,2911,1
2026-08-23 09:55:02.566023,6200,5208,3097,1
2026-08-23 09:55:02.566043,6080,4994,56,1
2026-08-23 09:55:02.566063,6193,5248,2655,1
2026-08-23 09:55:02.566083,6252,5217,2668,1
2026-08-23 09:55:02.566103,6070,4925,0,1
2026-08-23 09:55:02.566123,6104,5165,3043,1
2026-08-23 09:55:02.566143,6242,5209,2952,1
2026-08-23 09:55:02.566163,6292,5245,3275,1
2026-08-23 09:55:02.566183,6163,5176,2446,1
2026-08-23 09:55:02.566203,6256,5175,2673,1
2026-08-23 09:55:02.566223,6201,5182,2739,1
2026-08-23 09:55:02.566243,6056,4860,0,1
2026-08-23 09:55:02.566263,6068,5091,2942,1
2026-08-23 09:55:02.566283,6189,5146,2931,1
2026-08-23 09:55:02.566303,6310,5212,3408,1
2026-08-23 09:55:02.566323,6048,5086,2572,1
2026-08-23 09:55:02.566343,6175,5168,2611,1
2026-08-23 09:55:02.566363,6220,5168,2874,1
2026-08-23 09:55:02.566383,6201,5180,2617,1
2026-08-23 09:55:02.566403,6236,5236,2980,1
2026-08-23 09:55:02.566423,6274,5245,3010,1
2026-08-23 09:55:02.566443,6051,4993,0,1
2026-08-23 09:55:02.566463,6120,5200,2734,1
2026-08-23 09:55:02.566483,6192,5195,2629,1
2026-08-23 09:55:02.566503,6207,5251,3001,1
2026-08-23 09:55:02.566523,6101,5153,2448,1
2026-08-23 09:55:02.566543,6253,5204,2907,1
2026-08-23 09:55:02.566563,6187,5250,3095,1
2026-08-23 09:55:02.566583,6132,5000,33,1
2026-08-23 09:55:02.566603,6204,5202,2655,1
2026-08-23 09:55:02.566623,6185,5194,2653,1
2026-08-23 09:55:02.566643,6061,4901,0,1
2026-08-23 09:55:02.566663,6121,5184,3059,1
2026-08-23 09:55:02.566683,6247,5176,2896,1
2026-08-23 09:55:02.566703,6289,5243,3250,1
2026-08-23 09:55:02.566723,6159,5183,2426,1
2026-08-23 09:55:02.566743,6236,5193,2632,1
2026-08-23 09:55:02.566763,6223,5217,2738,1
2026-08-23 09:55:02.566783,6084,4975,0,1
2026-08-23 09:55:02.566803,6029,5165,2956,1
2026-08-23 09:55:02.566823,6193,5179,2925,1
2026-08-23 09:55:02.566843,6319,5275,3407,1
2026-08-23 09:55:02.566863,6016,5137,2571,1
2026-08-23 09:55:02.566883,6276,5166,2605,1
2026-08-23 09:55:02.566903,6233,5217,2866,1
2026-08-23 09:55:02.566923,6110,5165,2597,1
2026-08-23 09:55:02.566943,6326,5227,2964,1
2026-08-23 09:55:02.566963,6230,5270,2983,1
2026-08-23 09:55:02.566983,6156,5106,10,1
2026-08-23 09:55:02.567003,6113,5160,2743,1
2026-08-23 09:55:02.567023,6161,5168,2614,1
2026-08-23 09:55:02.567043,6243,5248,2991,1
2026-08-23 09:55:02.567063,6065,5146,2388,1
2026-08-23 09:55:02.567083,6248,5234,2904,1
2026-08-23 09:55:02.567103,6185,5208,3058,1
2026-08-23 09:55:02.567123,6063,4952,0,1
2026-08-23 09:55:02.567143,6197,5216,2662,1
2026-08-23 09:55:02.567163,6192,5216,2654,1
2026-08-23 09:55:02.567183,6245,5253,2081,1
2026-08-23 09:55:02.567203,6116,5226,3059,1
2026-08-23 09:55:02.567223,6223,5187,2909,1
2026-08-23 09:55:02.567243,6292,5259,3231,1
2026-08-23 09:55:02.567263,6071,5159,2096,1
2026-08-23 09:55:02.567283,6209,5198,2652,1
2026-08-23 09:55:02.567303,6175,5215,2724,1
2026-08-23 09:55:02.567323,6269,5257,3353,1
2026-08-23 09:55:02.567343,6053,5163,2927,1
2026-08-23 09:55:02.567363,6102,5175,2911,1
2026-08-23 09:55:02.567383,6299,5229,3357,1
2026-08-23 09:55:02.567403,6040,5130,2485,1
2026-08-23 09:55:02.567423,6210,5191,2611,1
2026-08-23 09:55:02.567443,6203,5205,2834,1
2026-08-23 09:55:02.567463,6105,5154,2446,1
2026-08-23 09:55:02.567483,6277,5211,2982,1
2026-08-23 09:55:02.567503,6219,5244,2971,1
2026-08-23 09:55:02.567523,6281,5260,3556,1
2026-08-23 09:55:02.567543,6107,5213,2740,1
2026-08-23 09:55:02.567563,6157,5204,2635,1
2026-08-23 09:55:02.567583,6221,5237,2955,1
2026-08-23 09:55:02.567603,6071,5130,2241,1
2026-08-23 09:55:02.567623,6241,5229,2929,1
2026-08-23 09:55:02.567643,6165,5205,3037,1
2026-08-23 09:55:02.567663,6004,4949,0,1
2026-08-23 09:55:02.567683,6167,5196,2661,1
2026-08-23 09:55:02.567703,6188,5162,2638,1
2026-08-23 09:55:02.567723,6274,5252,3148,1
2026-08-23 09:55:02.567743,6101,5189,3061,1
2026-08-23 09:55:02.567763,6209,5247,2921,1
2026-08-23 09:55:02.567783,6280,5222,3191,1
2026-08-23 09:55:02.567803,6080,5132,2212,1
2026-08-23 09:55:02.567823,6255,5230,2653,1
2026-08-23 09:55:02.567843,6198,5227,2727,1
2026-08-23 09:55:02.567863,6229,5239,3311,1
2026-08-23 09:55:02.567883,6055,5175,2929,1
2026-08-23 09:55:02.567903,6238,5194,2908,1
2026-08-23 09:55:02.567923,6251,5250,3351,1
2026-08-23 09:55:02.567943,6037,5101,2447,1
2026-08-23 09:55:02.567963,6216,5196,2616,1
2026-08-23 09:55:02.567983,6191,5230,2815,1
2026-08-23 09:55:02.568003,6152,5186,2295,1
2026-08-23 09:55:02.568023,6259,5222,2986,1
2026-08-23 09:55:02.568043,6234,5258,2961,1
2026-08-23 09:55:02.568063,6276,5306,3538,1
2026-08-23 09:55:02.568083,6095,5170,2743,1
2026-08-23 09:55:02.568103,6154,5204,2598,1
2026-08-23 09:55:02.568123,6224,5243,2944,1
2026-08-23 09:55:02.568143,6016,5146,2106,1
2026-08-23 09:55:02.568163,6289,5241,2930,1
2026-08-23 09:55:02.568183,6156,5197,3050,1
2026-08-23 09:55:02.568203,6004,4878,0,1
2026-08-23 09:55:02.568223,6149,5155,2666,1
2026-08-23 09:55:02.568243,6130,5129,2638,1
2026-08-23 09:55:02.568263,6275,5195,3140,1
2026-08-23 09:55:02.568283,6114,5218,3054,1
2026-08-23 09:55:02.568303,6265,5224,2920,1
2026-08-23 09:55:02.568323,6268,5258,3177,1
2026-08-23 09:55:02.568343,6085,5163,2150,1
2026-08-23 09:55:02.568363,6263,5216,2656,1
2026-08-23 09:55:02.568383,6204,5215,2704,1
2026-08-23 09:55:02.568403,6232,5225,3290,1
2026-08-23 09:55:02.568423,6081,5175,2940,1
2026-08-23 09:55:02.568443,6246,5221,2896,1
2026-08-23 09:55:02.568463,6246,5267,3353,1
2026-08-23 09:55:02.568483,6041,5161,2438,1
2026-08-23 09:55:02.568503,6204,5165,2599,1
2026-08-23 09:55:02.568523,6193,5178,2794,1
2026-08-23 09:55:02.568543,6121,5172,2331,1
2026-08-23 09:55:02.568563,6267,5235,2974,1
2026-08-23 09:55:02.568583,6253,5241,2963,1
2026-08-23 09:55:02.568603,6251,5252,3548,1
2026-08-23 09:55:02.568623,6110,5184,2747,1
2026-08-23 09:55:02.568643,6123,5161,2624,1
2026-08-23 09:55:02.568663,6251,5229,2944,1
2026-08-23 09:55:02.568683,6122,5131,2252,1
2026-08-23 09:55:02.568703,6218,5194,2909,1
2026-08-23 09:55:02.568723,6171,5230,3051,1
2026-08-23 09:55:02.568743,5951,4916,0,1
2026-08-23 09:55:02.568763,6171,5163,2655,1
2026-08-23 09:55:02.568783,6209,5213,2603,1
2026-08-23 09:55:02.568803,6243,5221,3088,1
2026-08-23 09:55:02.568823,6091,5234,3052,1
2026-08-23 09:55:02.568843,6201,5196,2911,1
2026-08-23 09:55:02.568863,6296,5227,3220,1
2026-08-23 09:55:02.568883,6120,5186,2316,1
2026-08-23 09:55:02.568903,6274,5193,2638,1
2026-08-23 09:55:02.568923,6176,5227,2716,1
2026-08-23 09:55:02.568943,6271,5276,3338,1
2026-08-23 09:55:02.568963,6064,5234,2942,1
2026-08-23 09:55:02.568983,6193,5222,2914,1
2026-08-23 09:55:02.569003,6278,5235,3370,1
2026-08-23 09:55:02.569023,6055,5103,2498,1
2026-08-23 09:55:02.569043,6296,5189,2596,1
2026-08-23 09:55:02.569063,6232,5186,2842,1
2026-08-23 09:55:02.569083,6096,5139,2442,1
2026-08-23 09:55:02.569103,6274,5225,2962,1
2026-08-23 09:55:02.569123,6239,5220,2976,1
2026-08-23 09:55:02.569143,6286,5258,3571,1
2026-08-23 09:55:02.569163,6119,5181,2755,1
2026-08-23 09:55:02.569183,6162,5223,2581,1
2026-08-23 09:55:02.569203,6294,5245,2960,1
2026-08-23 09:55:02.569223,5995,5098,2285,1
2026-08-23 09:55:02.569243,6305,5210,2917,1
2026-08-23 09:55:02.569263,6181,5211,3051,1
2026-08-23 09:55:02.569283,5978,4917,0,1
2026-08-23 09:55:02.569303,6215,5171,2662,1
2026-08-23 09:55:02.569323,6183,5172,2629,1
2026-08-23 09:55:02.569343,6287,5218,3171,1
2026-08-23 09:55:02.569363,6175,5224,3061,1
2026-08-23 09:55:02.569383,6235,5238,3087,1
2026-08-23 09:55:02.569403,6271,5282,3207,1
2026-08-23 09:55:02.569423,6115,5141,2239,1
2026-08-23 09:55:02.569443,6266,5222,2666,1
2026-08-23 09:55:02.569463,6197,5223,2714,1
2026-08-23 09:55:02.569483,6233,5260,3291,1
2026-08-23 09:55:02.569503,6052,5175,2909,1
2026-08-23 09:55:02.569523,6258,5228,2924,1
2026-08-23 09:55:02.569543,6279,5252,3349,1
2026-08-23 09:55:02.569563,6038,5171,2447,1
2026-08-23 09:55:02.569583,6247,5173,2610,1
2026-08-23 09:55:02.569603,6246,5237,2831,1
2026-08-23 09:55:02.569623,6119,5157,2345,1
2026-08-23 09:55:02.569643,6255,5218,2973,1
2026-08-23 09:55:02.569663,6219,5219,3190,1
2026-08-23 09:55:02.569683,6271,5275,3547,1
2026-08-23 09:55:02.569703,6184,5208,2749,1
2026-08-23 09:55:02.569723,6212,5198,2600,1
2026-08-23 09:55:02.569743,6204,5236,2967,1
2026-08-23 09:55:02.569763,6062,5107,2183,1
2026-08-23 09:55:02.569783,6220,5212,2902,1
2026-08-23 09:55:02.569803,6167,5217,3036,1
2026-08-23 09:55:02.569823,6011,4908,0,1
2026-08-23 09:55:02.569843,6149,5188,2656,1
2026-08-23 09:55:02.569863,6233,5166,2637,1
2026-08-23 09:55:02.569883,6254,5248,3160,1
2026-08-23 09:55:02.569903,6069,5175,3050,1
2026-08-23 09:55:02.569923,6246,5214,3026,1
2026-08-23 09:55:02.569943,6276,5209,3197,1
2026-08-23 09:55:02.569963,6087,5166,2169,1
2026-08-23 09:55:02.569983,6291,5224,2649,1
2026-08-23 09:55:02.570003,6198,5186,2692,1
2026-08-23 09:55:02.570023,6224,5253,3316,1
2026-08-23 09:55:02.570043,6025,5195,3136,1
2026-08-23 09:55:02.570063,6160,5178,2850,1
2026-08-23 09:55:02.570083,6274,5260,3338,1
2026-08-23 09:55:02.570103,6006,5152,2432,1
2026-08-23 09:55:02.570123,6209,5190,2616,1
2026-08-23 09:55:02.570143,6206,5220,2821,1
2026-08-23 09:55:02.570163,6111,5165,2248,1
2026-08-23 09:55:02.570183,6244,5245,2984,1
2026-08-23 09:55:02.570203,6210,5199,2961,1
2026-08-23 09:55:02.570223,6276,5284,3496,1
2026-08-23 09:55:02.570243,6094,5181,2742,1
2026-08-23 09:55:02.570263,6183,5194,2617,1
2026-08-23 09:55:02.570283,6187,5223,2911,1
2026-08-23 09:55:02.570303,6059,5099,1982,1
2026-08-23 09:55:02.570323,6300,5206,2937,1
2026-08-23 09:55:02.570343,6102,5209,3013,1
2026-08-23 09:55:02.570363,6096,4890,0,1
2026-08-23 09:55:02.570383,6152,5100,2664,1
2026-08-23 09:55:02.570403,6164,5134,2621,1
2026-08-23 09:55:02.570423,6251,5225,3127,1
2026-08-23 09:55:02.570443,6122,5213,3046,1
2026-08-23 09:55:02.570463,6248,5212,2911,1
2026-08-23 09:55:02.570483,6278,5246,3308,1
2026-08-23 09:55:02.570503,6077,5138,1968,1
2026-08-23 09:55:02.570523,6226,5206,2662,1
2026-08-23 09:55:02.570543,6185,5221,2601,1
2026-08-23 09:55:02.570563,6272,5253,3273,1
2026-08-23 09:55:02.570583,5903,5182,2923,1
2026-08-23 09:55:02.570603,6231,5192,2906,1
2026-08-23 09:55:02.570623,6280,5224,3306,1
2026-08-23 09:55:02.570643,5979,5138,2340,1
2026-08-23 09:55:02.570663,6269,5162,2611,1
2026-08-23 09:55:02.570683,6228,5186,2803,1
2026-08-23 09:55:02.570703,6108,5132,2030,1
2026-08-23 09:55:02.570723,6264,5259,2991,1
2026-08-23 09:55:02.570743,6172,5236,2953,1
2026-08-23 09:55:02.570763,6322,5291,3485,1
2026-08-23 09:55:02.570783,6050,5167,2738,1
2026-08-23 09:55:02.570803,6188,5172,2639,1
2026-08-23 09:55:02.570823,6219,5232,2902,1
2026-08-23 09:55:02.570843,6016,5105,1756,1
2026-08-23 09:55:02.570863,6238,5233,2882,1
2026-08-23 09:55:02.570883,6162,5213,2998,1
2026-08-23 09:55:02.570903,6294,5295,3230,1
2026-08-23 09:55:02.570923,6094,5167,2670,1
2026-08-23 09:55:02.570943,6105,5178,2640,1
2026-08-23 09:55:02.570963,6277,5239,3084,1
2026-08-23 09:55:02.570983,6116,5211,3028,1
2026-08-23 09:55:02.571003,6341,5192,2930,1
2026-08-23 09:55:02.571023,6290,5224,3163,1
2026-08-23 09:55:02.571043,6096,5154,1912,1
2026-08-23 09:55:02.571063,6218,5242,2659,1
2026-08-23 09:55:02.571083,6211,5190,2694,1
2026-08-23 09:55:02.571103,6250,5231,3263,1
2026-08-23 09:55:02.571123,6042,5171,2911,1
2026-08-23 09:55:02.571143,6249,5190,2904,1
2026-08-23 09:55:02.571163,6260,5222,3298,1
2026-08-23 09:55:02.571183,6052,5153,2332,1
2026-08-23 09:55:02.571203,6256,5194,2611,1
2026-08-23 09:55:02.571223,6255,5230,2790,1
2026-08-23 09:55:02.571243,6111,5138,2057,1
2026-08-23 09:55:02.571263,6238,5212,2983,1
2026-08-23 09:55:02.571283,6195,5240,2950,1
2026-08-23 09:55:02.571303,6297,5286,3505,1
2026-08-23 09:55:02.571323,6095,5171,2740,1
2026-08-23 09:55:02.571343,6130,5149,2613,1
2026-08-23 09:55:02.571363,6241,5200,2881,1
2026-08-23 09:55:02.571383,6048,5139,1857,1
2026-08-23 09:55:02.571403,6200,5227,2919,1
2026-08-23 09:55:02.571423,6205,5226,3002,1
2026-08-23 09:55:02.571443,6293,5263,888,1
2026-08-23 09:55:02.571463,6111,5196,2674,1
2026-08-23 09:55:02.571483,6158,5205,2639,1
2026-08-23 09:55:02.571503,6275,5243,3091,1
2026-08-23 09:55:02.571523,6222,5253,3025,1
2026-08-23 09:55:02.571543,6248,5206,2908,1
2026-08-23 09:55:02.571563,6319,5239,3156,1
2026-08-23 09:55:02.571583,6162,5140,1890,1
2026-08-23 09:55:02.571603,6233,5216,2669,1
2026-08-23 09:55:02.571623,6252,5209,2691,1
2026-08-23 09:55:02.571643,6226,5283,3241,1
2026-08-23 09:55:02.571663,6058,5183,2768,1
2026-08-23 09:55:02.571683,6259,5226,2902,1
2026-08-23 09:55:02.571703,6261,5267,3289,1
2026-08-23 09:55:02.571723,6056,5182,2233,1
2026-08-23 09:55:02.571743,6240,5223,2621,1
2026-08-23 09:55:02.571763,6196,5221,2767,1
2026-08-23 09:55:02.571783,6182,5127,1722,1
2026-08-23 09:55:02.571803,6224,5250,3016,1
2026-08-23 09:55:02.571823,6224,5219,2924,1
2026-08-23 09:55:02.571843,6328,5270,3453,1
2026-08-23 09:55:02.571863,6054,5189,2731,1
2026-08-23 09:55:02.571883,6163,5179,2642,1
2026-08-23 09:55:02.571903,6180,5224,2870,1
2026-08-23 09:55:02.571923,6061,5092,1344,1
2026-08-23 09:55:02.571943,6268,5253,2928,1
2026-08-23 09:55:02.571963,6115,5192,2974,1
2026-08-23 09:55:02.571983,6318,5268,3635,1
2026-08-23 09:55:02.572003,6105,5158,2676,1
2026-08-23 09:55:02.572023,6154,5197,2599,1
2026-08-23 09:55:02.572043,6257,5226,3007,1
2026-08-23 09:55:02.572063,6173,5197,3003,1
2026-08-23 09:55:02.572083,6292,5218,2885,1
2026-08-23 09:55:02.572103,6347,5262,3102,1
2026-08-23 09:55:02.572123,6062,5061,1212,1
2026-08-23 09:55:02.572143,6251,5210,2696,1
2026-08-23 09:55:02.572163,6212,5235,2672,1
2026-08-23 09:55:02.572183,6272,5248,3166,1
2026-08-23 09:55:02.572203,5990,5194,2862,1
2026-08-23 09:55:02.572223,6279,5213,2895,1
2026-08-23 09:55:02.572243,6267,5222,3229,1
2026-08-23 09:55:02.572263,6041,5083,1810,1
2026-08-23 09:55:02.572283,6271,5227,2612,1
2026-08-23 09:55:02.572303,6243,5237,2723,1
2026-08-23 09:55:02.572323,6093,5055,861,1
2026-08-23 09:55:02.572343,6156,5256,3012,1
2026-08-23 09:55:02.572363,6216,5251,2920,1
2026-08-23 09:55:02.572383,6263,5282,3370,1
2026-08-23 09:55:02.572403,6090,5192,2703,1
2026-08-23 09:55:02.572423,6126,5192,2621,1
2026-08-23 09:55:02.572443,6228,5224,2824,1
2026-08-23 09:55:02.572463,6057,5030,748,1
2026-08-23 09:55:02.572483,6097,5226,2931,1
2026-08-23 09:55:02.572503,6153,5180,2961,1
2026-08-23 09:55:02.572523,6315,5250,3554,1
2026-08-23 09:55:02.572543,6046,5146,2662,1
2026-08-23 09:55:02.572563,6214,5193,2607,1
2026-08-23 09:55:02.572583,6222,5201,2991,1
2026-08-23 09:55:02.572603,6107,5228,2974,1
2026-08-23 09:55:02.572623,6335,5247,2919,1
2026-08-23 09:55:02.572643,6202,5251,3084,1
2026-08-23 09:55:02.572663,6074,5052,1100,1
2026-08-23 09:55:02.572683,6236,5204,2689,1
2026-08-23 09:55:02.572703,6197,5228,2655,1
2026-08-23 09:55:02.572723,6230,5267,3181,1
2026-08-23 09:55:02.572743,6034,5163,2853,1
2026-08-23 09:55:02.572763,6270,5202,2904,1
2026-08-23 09:55:02.572783,6234,5256,3205,1
2026-08-23 09:55:02.572803,6018,5130,1963,1
2026-08-23 09:55:02.572823,6262,5185,2510,1
2026-08-23 09:55:02.572843,6210,5192,2416,1
2026-08-23 09:55:02.572863,6103,5101,1202,1
2026-08-23 09:55:02.572883,6170,5247,3027,1
2026-08-23 09:55:02.572903,6111,5214,2922,1
2026-08-23 09:55:02.572923,6402,5270,3392,1
2026-08-23 09:55:02.572943,6052,5153,2702,1
2026-08-23 09:55:02.572963,6150,5197,2627,1
2026-08-23 09:55:02.572983,6198,5188,2825,1
2026-08-23 09:55:02.573003,6048,5024,808,1
2026-08-23 09:55:02.573023,6089,5269,2949,1
2026-08-23 09:55:02.573043,6119,5187,2968,1
2026-08-23 09:55:02.573063,6317,5282,3564,1
2026-08-23 09:55:02.573083,6050,5132,2655,1
2026-08-23 09:55:02.573103,6098,5179,2602,1
2026-08-23 09:55:02.573123,6255,5229,2980,1
2026-08-23 09:55:02.573143,6101,5185,2960,1
2026-08-23 09:55:02.573163,6270,5255,2916,1
2026-08-23 09:55:02.573183,6259,5239,3081,1
2026-08-23 09:55:02.573203,6055,5061,897,1
2026-08-23 09:55:02.573223,6238,5203,2687,1
2026-08-23 09:55:02.573243,6194,5200,2636,1
2026-08-23 09:55:02.573263,6275,5275,3174,1
2026-08-23 09:55:02.573283,6016,5164,2840,1
2026-08-23 09:55:02.573303,6244,5225,2892,1
2026-08-23 09:55:02.573323,6236,5228,3186,1
2026-08-23 09:55:02.573343,6014,5081,1936,1
2026-08-23 09:55:02.573363,6248,5214,2623,1
2026-08-23 09:55:02.573383,6237,5225,2740,1
2026-08-23 09:55:02.573403,6078,5092,1168,1
2026-08-23 09:55:02.573423,6221,5208,3017,1
2026-08-23 09:55:02.573443,6201,5240,2935,1
2026-08-23 09:55:02.573463,6311,5279,3401,1
2026-08-23 09:55:02.573483,6053,5150,2713,1
2026-08-23 09:55:02.573503,6194,5202,2623,1
2026-08-23 09:55:02.573523,6165,5176,2841,1
2026-08-23 09:55:02.573543,6035,5058,856,1
2026-08-23 09:55:02.573563,6214,5211,2934,1
2026-08-23 09:55:02.573583,6106,5225,2960,1
2026-08-23 09:55:02.573603,6331,5274,3606,1
2026-08-23 09:55:02.573623,6057,5189,2663,1
2026-08-23 09:55:02.573643,6176,5166,2612,1
2026-08-23 09:55:02.573663,6257,5215,2987,1
2026-08-23 09:55:02.573683,6114,5197,2976,1
2026-08-23 09:55:02.573703,6301,5245,2914,1
2026-08-23 09:55:02.573723,6270,5259,3093,1
2026-08-23 09:55:02.573743,6074,5058,1000,1
2026-08-23 09:55:02.573763,6231,5246,2693,1
2026-08-23 09:55:02.573783,6191,5224,2653,1
2026-08-23 09:55:02.573803,6314,5236,3162,1
2026-08-23 09:55:02.573823,6023,5172,2843,1
2026-08-23 09:55:02.573843,6211,5196,2888,1
2026-08-23 09:55:02.573863,6221,5251,3208,1
2026-08-23 09:55:02.573883,6031,5087,1812,1
2026-08-23 09:55:02.573903,6258,5200,2628,1
2026-08-23 09:55:02.573923,6269,5247,2735,1
2026-08-23 09:55:02.573943,6071,5088,1009,1
2026-08-23 09:55:02.573963,6150,5267,3029,1
2026-08-23 09:55:02.573983,6219,5222,2916,1
2026-08-23 09:55:02.574003,6299,5261,3398,1
2026-08-23 09:55:02.574023,6062,5162,2702,1
2026-08-23 09:55:02.574043,6173,5219,2624,1
2026-08-23 09:55:02.574063,6197,5194,2845,1
2026-08-23 09:55:02.574083,6058,5059,732,1
2026-08-23 09:55:02.574103,6171,5230,2948,1
2026-08-23 09:55:02.574123,6176,5203,2964,1
2026-08-23 09:55:02.574143,6311,5283,3558,1
2026-08-23 09:55:02.574163,6079,5173,2668,1
2026-08-23 09:55:02.574183,6196,5181,2607,1
2026-08-23 09:55:02.574203,6229,5195,2982,1
2026-08-23 09:55:02.574223,6173,5187,2959,1
2026-08-23 09:55:02.574243,6316,5250,2930,1
2026-08-23 09:55:02.574263,6251,5246,3061,1
2026-08-23 09:55:02.574283,6080,5051,768,1
2026-08-23 09:55:02.574303,6240,5246,2684,1
2026-08-23 09:55:02.574323,6231,5214,2602,1
2026-08-23 09:55:02.574343,6244,5252,3135,1
2026-08-23 09:55:02.574363,6031,5179,2790,1
2026-08-23 09:55:02.574383,6294,5255,2904,1
2026-08-23 09:55:02.574403,6234,5268,3198,1
2026-08-23 09:55:02.574423,6028,5083,1630,1
2026-08-23 09:55:02.574443,6270,5213,2598,1
2026-08-23 09:55:02.574463,6217,5244,2705,1
2026-08-23 09:55:02.574483,6112,5047,571,1
2026-08-23 09:55:02.574503,6129,5240,3027,1
2026-08-23 09:55:02.574523,6234,5218,2920,1
2026-08-23 09:55:02.574543,6280,5248,3355,1
2026-08-23 09:55:02.574563,6110,5212,2649,1
2026-08-23 09:55:02.574583,6182,5190,2616,1
2026-08-23 09:55:02.574603,6120,5175,2808,1
2026-08-23 09:55:02.574623,6071,5032,292,1
2026-08-23 09:55:02.574643,6212,5281,2945,1
2026-08-23 09:55:02.574663,6129,5247,2947,1
2026-08-23 09:55:02.574683,6331,5275,3528,1
2026-08-23 09:55:02.574703,6063,5192,2664,1
2026-08-23 09:55:02.574723,6184,5184,2604,1
2026-08-23 09:55:02.574743,6245,5225,2934,1
2026-08-23 09:55:02.574763,6167,5205,2905,1
2026-08-23 09:55:02.574783,6346,5262,3431,1
2026-08-23 09:55:02.574803,6251,5216,3046,1
2026-08-23 09:55:02.574823,6035,5034,0,1
2026-08-23 09:55:02.574843,6212,5242,2700,1
2026-08-23 09:55:02.574863,6131,5200,2640,1
2026-08-23 09:55:02.574883,6235,5265,3088,1
2026-08-23 09:55:02.574903,6099,5206,2704,1
2026-08-23 09:55:02.574923,6279,5252,2896,1
2026-08-23 09:55:02.574943,6211,5241,2947,1
2026-08-23 09:55:02.574963,6077,5088,1070,1
2026-08-23 09:55:02.574983,6234,5197,2635,1
2026-08-23 09:55:02.575003,6214,5202,2663,1
2026-08-23 09:55:02.575023,6054,4982,0,1
2026-08-23 09:55:02.575043,6204,5229,3034,1
2026-08-23 09:55:02.575063,6224,5259,2913,1
2026-08-23 09:55:02.575083,6325,5287,3298,1
2026-08-23 09:55:02.575103,6129,5198,2606,1
2026-08-23 09:55:02.575123,6204,5220,2637,1
2026-08-23 09:55:02.575143,6255,5210,2765,1
2026-08-23 09:55:02.575163,5968,4957,0,1
2026-08-23 09:55:02.575183,6122,5236,2952,1
2026-08-23 09:55:02.575203,6237,5254,2924,1
2026-08-23 09:55:02.575223,6258,5279,3474,1
2026-08-23 09:55:02.575243,6084,5154,2634,1
2026-08-23 09:55:02.575263,6243,5212,2607,1
2026-08-23 09:55:02.575283,6219,5233,2908,1
2026-08-23 09:55:02.575303,6149,5182,2758,1
2026-08-23 09:55:02.575323,6305,5260,3208,1
2026-08-23 09:55:02.575343,6272,5227,3007,1
2026-08-23 09:55:02.575363,6004,4959,0,1
2026-08-23 09:55:02.575383,6173,5204,2730,1
2026-08-23 09:55:02.575403,6169,5155,2622,1
2026-08-23 09:55:02.575423,6244,5199,3023,1
2026-08-23 09:55:02.575443,6058,5170,2577,1
2026-08-23 09:55:02.575463,6324,5189,2895,1
2026-08-23 09:55:02.575483,6206,5243,3110,1
2026-08-23 09:55:02.575503,6082,5046,495,1
2026-08-23 09:55:02.575523,6246,5235,2640,1
2026-08-23 09:55:02.575543,6170,5226,2683,1
2026-08-23 09:55:02.575563,6024,4961,0,1
2026-08-23 09:55:02.575583,6213,5215,3050,1
2026-08-23 09:55:02.575603,6257,5241,2913,1
2026-08-23 09:55:02.575623,6311,5245,3267,1
2026-08-23 09:55:02.575643,6149,5174,2509,1
2026-08-23 09:55:02.575663,6210,5195,2612,1
2026-08-23 09:55:02.575683,6222,5213,2761,1
2026-08-23 09:55:02.575703,6014,4946,0,1
2026-08-23 09:55:02.575723,6166,5174,2949,1
2026-08-23 09:55:02.575743,6190,5210,2924,1
2026-08-23 09:55:02.575763,6300,5274,3429,1
2026-08-23 09:55:02.575783,6075,5143,2607,1
2026-08-23 09:55:02.575803,6168,5202,2601,1
2026-08-23 09:55:02.575823,6252,5196,2884,1
2026-08-23 09:55:02.575843,6168,5212,2705,1
2026-08-23 09:55:02.575863,6343,5235,2947,1
2026-08-23 09:55:02.575883,6261,5256,2991,1
2026-08-23 09:55:02.575903,6062,4865,0,1
2026-08-23 09:55:02.575923,6162,5083,2727,1
2026-08-23 09:55:02.575943,6180,5090,2629,1
2026-08-23 09:55:02.575963,6300,5185,3007,1
2026-08-23 09:55:02.575983,6087,5129,2476,1
2026-08-23 09:55:02.576003,6296,5216,2910,1
2026-08-23 09:55:02.576023,6197,5237,3109,1
2026-08-23 09:55:02.576043,6100,5018,0,1
2026-08-23 09:55:02.576063,6224,5242,2657,1
2026-08-23 09:55:02.576083,6189,5198,2660,1
2026-08-23 09:55:02.576103,6093,5055,0,1
2026-08-23 09:55:02.576123,6149,5242,3058,1
2026-08-23 09:55:02.576143,6254,5242,2900,1
2026-08-23 09:55:02.576163,6301,5259,3226,1
2026-08-23 09:55:02.576183,6160,5160,2410,1
2026-08-23 09:55:02.576203,6262,5222,2634,1
2026-08-23 09:55:02.576223,6240,5210,2731,1
2026-08-23 09:55:02.576243,6278,5221,635,1
2026-08-23 09:55:02.576263,6096,5233,2934,1
2026-08-23 09:55:02.576283,6252,5255,2908,1
2026-08-23 09:55:02.576303,6302,5272,3384,1
2026-08-23 09:55:02.576323,6076,5169,2500,1
2026-08-23 09:55:02.576343,6216,5215,2601,1
2026-08-23 09:55:02.576363,6246,5251,2849,1
2026-08-23 09:55:02.576383,6183,5189,2538,1
2026-08-23 09:55:02.576403,6314,5270,2954,1
2026-08-23 09:55:02.576423,6290,5235,2967,1
2026-08-23 09:55:02.576443,6344,5409,1997,1
2026-08-23 09:55:02.576463,6118,5169,2749,1
2026-08-23 09:55:02.576483,6182,5207,2616,1
2026-08-23 09:55:02.576503,6241,5215,2977,1
2026-08-23 09:55:02.576523,6119,5139,2377,1
2026-08-23 09:55:02.576543,6315,5260,2907,1
2026-08-23 09:55:02.576563,6191,5228,3091,1
2026-08-23 09:55:02.576583,6079,4990,0,1
2026-08-23 09:55:02.576603,6249,5257,2654,1
2026-08-23 09:55:02.576623,6202,5241,2645,1
2026-08-23 09:55:02.576643,6306,5204,302,1
2026-08-23 09:55:02.576663,6180,5236,3040,1
2026-08-23 09:55:02.576683,6258,5233,2901,1
2026-08-23 09:55:02.576703,6320,5260,3236,1
2026-08-23 09:55:02.576723,6148,5193,2431,1
2026-08-23 09:55:02.576743,6242,5254,2647,1
2026-08-23 09:55:02.576763,6183,5246,2735,1
2026-08-23 09:55:02.576783,6096,4961,0,1
2026-08-23 09:55:02.576803,6124,5219,2940,1
2026-08-23 09:55:02.576823,6221,5227,2903,1
2026-08-23 09:55:02.576843,6315,5249,3391,1
2026-08-23 09:55:02.576863,6101,5192,2575,1
2026-08-23 09:55:02.576883,6225,5218,2607,1
2026-08-23 09:55:02.576903,6247,5217,2833,1
2026-08-23 09:55:02.576923,6170,5187,2585,1
2026-08-23 09:55:02.576943,6295,5239,2966,1
2026-08-23 09:55:02.576963,6275,5270,2982,1
2026-08-23 09:55:02.576983,6391,5369,1522,1
2026-08-23 09:55:02.577003,6172,5216,2737,1
2026-08-23 09:55:02.577023,6172,5199,2628,1
2026-08-23 09:55:02.577043,6279,5210,2967,1
2026-08-23 09:55:02.577063,6119,5153,2381,1
2026-08-23 09:55:02.577083,6299,5219,2902,1
2026-08-23 09:55:02.577103,6219,5215,3057,1
2026-08-23 09:55:02.577123,6095,5014,0,1
2026-08-23 09:55:02.577143,6251,5217,2656,1
2026-08-23 09:55:02.577163,6191,5210,2632,1
2026-08-23 09:55:02.577183,6310,5226,883,1
2026-08-23 09:55:02.577203,6159,5218,3060,1
2026-08-23 09:55:02.577223,6244,5246,2877,1
2026-08-23 09:55:02.577243,6353,5291,3219,1
2026-08-23 09:55:02.577263,6117,5160,2364,1
2026-08-23 09:55:02.577283,6288,5251,2644,1
2026-08-23 09:55:02.577303,6213,5219,2721,1
2026-08-23 09:55:02.577323,6303,5278,3343,1
2026-08-23 09:55:02.577343,6158,5207,2924,1
2026-08-23 09:55:02.577363,6235,5252,2907,1
2026-08-23 09:55:02.577383,6334,5299,3392,1
2026-08-23 09:55:02.577403,6105,5204,2509,1
2026-08-23 09:55:02.577423,6289,5223,2601,1
2026-08-23 09:55:02.577443,6269,5233,2834,1
2026-08-23 09:55:02.577463,6166,5227,2458,1
2026-08-23 09:55:02.577483,6337,5238,2959,1
2026-08-23 09:55:02.577503,6301,5262,2970,1
2026-08-23 09:55:02.577523,6257,5303,3853,1
2026-08-23 09:55:02.577543,6246,5229,2734,1
2026-08-23 09:55:02.577563,6231,5204,2602,1
2026-08-23 09:55:02.577583,6292,5246,2950,1
2026-08-23 09:55:02.577603,6167,5177,2297,1
2026-08-23 09:55:02.577623,6278,5240,3240,1
2026-08-23 09:55:02.577643,6233,5270,3044,1
2026-08-23 09:55:02.577663,6054,4971,0,1
2026-08-23 09:55:02.577683,6229,5230,2662,1
2026-08-23 09:55:02.577703,6225,5206,2641,1
2026-08-23 09:55:02.577723,6338,5265,3156,1
2026-08-23 09:55:02.577743,6203,5270,3050,1
2026-08-23 09:55:02.577763,6305,5267,2905,1
2026-08-23 09:55:02.577783,6354,5299,3205,1
2026-08-23 09:55:02.577803,6161,5176,2254,1
2026-08-23 09:55:02.577823,6290,5230,2647,1
2026-08-23 09:55:02.577843,6259,5236,2696,1
2026-08-23 09:55:02.577863,6306,5267,3307,1
2026-08-23 09:55:02.577883,6088,5216,2931,1
2026-08-23 09:55:02.577903,6336,5241,2903,1
2026-08-23 09:55:02.577923,6323,5277,3342,1
2026-08-23 09:55:02.577943,6078,5162,2433,1
2026-08-23 09:55:02.577963,6294,5208,2592,1
2026-08-23 09:55:02.577983,6234,5240,2805,1
2026-08-23 09:55:02.578003,6181,5207,2271,1
2026-08-23 09:55:02.578023,6316,5245,2970,1
2026-08-23 09:55:02.578043,6295,5235,2952,1
2026-08-23 09:55:02.578063,6217,5290,3517,1
2026-08-23 09:55:02.578083,6156,5209,2741,1
2026-08-23 09:55:02.578103,6256,5246,2612,1
2026-08-23 09:55:02.578123,6255,5272,2931,1
2026-08-23 09:55:02.578143,6109,5195,2096,1
2026-08-23 09:55:02.578163,6335,5292,2913,1
2026-08-23 09:55:02.578183,6203,5244,3031,1
2026-08-23 09:55:02.578203,6059,4927,0,1
2026-08-23 09:55:02.578223,6180,5189,2663,1
2026-08-23 09:55:02.578243,6224,5197,2653,1
2026-08-23 09:55:02.578263,6317,5257,3141,1
2026-08-23 09:55:02.578283,6167,5235,3053,1
2026-08-23 09:55:02.578303,6285,5206,3021,1
2026-08-23 09:55:02.578323,6364,5253,3160,1
2026-08-23 09:55:02.578343,6164,5158,2034,1
2026-08-23 09:55:02.578363,6308,5225,2648,1
2026-08-23 09:55:02.578383,6209,5250,2703,1
2026-08-23 09:55:02.578403,6349,5311,3281,1
2026-08-23 09:55:02.578423,6104,5208,2924,1
2026-08-23 09:55:02.578443,6233,5244,2902,1
2026-08-23 09:55:02.578463,6357,5292,3306,1
2026-08-23 09:55:02.578483,6048,5172,2366,1
2026-08-23 09:55:02.578503,6325,5206,2426,1
2026-08-23 09:55:02.578523,6314,5260,2802,1
2026-08-23 09:55:02.578543,6129,5187,2186,1
2026-08-23 09:55:02.578563,6279,5252,2970,1
2026-08-23 09:55:02.578583,6263,5253,2950,1
2026-08-23 09:55:02.578603,6348,5323,3531,1
2026-08-23 09:55:02.578623,6197,5216,2741,1
2026-08-23 09:55:02.578643,6209,5241,2609,1
2026-08-23 09:55:02.578663,6287,5239,2814,1
2026-08-23 09:55:02.578683,6153,5189,2008,1
2026-08-23 09:55:02.578703,6253,5267,2907,1
2026-08-23 09:55:02.578723,6201,5223,3020,1
2026-08-23 09:55:02.578743,6062,4904,0,1
2026-08-23 09:55:02.578763,6188,5146,2714,1
2026-08-23 09:55:02.578783,6251,5171,2630,1
2026-08-23 09:55:02.578803,6366,5274,3125,1
2026-08-23 09:55:02.578823,6122,5215,3050,1
2026-08-23 09:55:02.578843,6287,5254,2897,1
2026-08-23 09:55:02.578863,6322,5306,3178,1
2026-08-23 09:55:02.578883,6151,5160,2117,1
2026-08-23 09:55:02.578903,6270,5264,2643,1
2026-08-23 09:55:02.578923,6167,5240,2684,1
2026-08-23 09:55:02.578943,6332,5269,3312,1
2026-08-23 09:55:02.578963,6126,5200,2924,1
2026-08-23 09:55:02.578983,6259,5212,2907,1
2026-08-23 09:55:02.579003,6331,5294,3349,1
2026-08-23 09:55:02.579023,6104,5159,2465,1
2026-08-23 09:55:02.579043,6270,5212,2605,1
2026-08-23 09:55:02.579063,6281,5215,2820,1
2026-08-23 09:55:02.579083,6168,5174,2330,1
2026-08-23 09:55:02.579103,6250,5264,2977,1
2026-08-23 09:55:02.579123,6328,5246,2960,1
2026-08-23 09:55:02.579143,6326,5322,3489,1
2026-08-23 09:55:02.579163,6188,5213,2749,1
2026-08-23 09:55:02.579183,6222,5235,2629,1
2026-08-23 09:55:02.579203,6241,5236,2923,1
2026-08-23 09:55:02.579223,6125,5185,1995,1
2026-08-23 09:55:02.579243,6292,5272,2916,1
2026-08-23 09:55:02.579263,6206,5257,3016,1
2026-08-23 09:55:02.579283,6128,4955,0,1
2026-08-23 09:55:02.579303,6179,5155,2657,1
2026-08-23 09:55:02.579323,6238,5208,2628,1
2026-08-23 09:55:02.579343,6310,5232,3126,1
2026-08-23 09:55:02.579363,6132,5204,3035,1
2026-08-23 09:55:02.579383,6315,5227,2907,1
2026-08-23 09:55:02.579403,6317,5255,3155,1
2026-08-23 09:55:02.579423,6122,5188,1911,1
2026-08-23 09:55:02.579443,6326,5230,2697,1
2026-08-23 09:55:02.579463,6248,5262,2682,1
2026-08-23 09:55:02.579483,6322,5318,3254,1
2026-08-23 09:55:02.579503,6074,5244,2916,1
2026-08-23 09:55:02.579523,6287,5231,2908,1
2026-08-23 09:55:02.579543,6324,5300,3292,1
2026-08-23 09:55:02.579563,6104,5177,2277,1
2026-08-23 09:55:02.579583,6286,5205,2600,1
2026-08-23 09:55:02.579603,6248,5246,2771,1
2026-08-23 09:55:02.579623,6158,5154,1862,1
2026-08-23 09:55:02.579643,6273,5250,2957,1
2026-08-23 09:55:02.579663,6234,5271,2980,1
2026-08-23 09:55:02.579683,6355,5274,3509,1
2026-08-23 09:55:02.579703,6127,5194,2735,1
2026-08-23 09:55:02.579723,6213,5195,2619,1
2026-08-23 09:55:02.579743,6258,5221,2889,1
2026-08-23 09:55:02.579763,6116,5167,1752,1
2026-08-23 09:55:02.579783,6274,5260,2913,1
2026-08-23 09:55:02.579803,6176,5244,3012,1
2026-08-23 09:55:02.579823,6388,5311,4115,1
2026-08-23 09:55:02.579843,6168,5226,2664,1
2026-08-23 09:55:02.579863,6211,5219,2638,1
2026-08-23 09:55:02.579883,6292,5269,3088,1
2026-08-23 09:55:02.579903,6239,5256,3029,1
2026-08-23 09:55:02.579923,6331,5233,2924,1
2026-08-23 09:55:02.579943,6301,5292,3150,1
2026-08-23 09:55:02.579963,6172,5101,1637,1
2026-08-23 09:55:02.579983,6273,5222,2666,1
2026-08-23 09:55:02.580003,6255,5245,2681,1
2026-08-23 09:55:02.580023,6321,5270,3220,1
2026-08-23 09:55:02.580043,6050,5211,2886,1
2026-08-23 09:55:02.580063,6292,5248,2894,1
2026-08-23 09:55:02.580083,6319,5260,3299,1
2026-08-23 09:55:02.580103,6075,5185,2135,1
2026-08-23 09:55:02.580123,6337,5251,2608,1
2026-08-23 09:55:02.580143,6268,5286,2768,1
2026-08-23 09:55:02.580163,6170,5192,1872,1
2026-08-23 09:55:02.580183,6287,5226,2992,1
2026-08-23 09:55:02.580203,6219,5238,2938,1
2026-08-23 09:55:02.580223,6360,5281,3475,1
2026-08-23 09:55:02.580243,6116,5194,2735,1
2026-08-23 09:55:02.580263,6235,5245,2607,1
2026-08-23 09:55:02.580283,6297,5248,2888,1
2026-08-23 09:55:02.580303,6105,5139,1753,1
2026-08-23 09:55:02.580323,6285,5245,2916,1
2026-08-23 09:55:02.580343,6203,5262,2989,1
2026-08-23 09:55:02.580363,6379,5325,4276,1
2026-08-23 09:55:02.580383,6186,5249,2658,1
2026-08-23 09:55:02.580403,6218,5234,2611,1
2026-08-23 09:55:02.580423,6310,5272,3081,1
2026-08-23 09:55:02.580443,6255,5243,3039,1
2026-08-23 09:55:02.580463,6317,5280,2923,1
2026-08-23 09:55:02.580483,6318,5271,3137,1
2026-08-23 09:55:02.580503,6193,5184,1665,1
2026-08-23 09:55:02.580523,6268,5261,2671,1
2026-08-23 09:55:02.580543,6283,5270,2668,1
2026-08-23 09:55:02.580563,6275,5263,3210,1
2026-08-23 09:55:02.580583,6080,5211,2889,1
2026-08-23 09:55:02.580603,6310,5233,2894,1
2026-08-23 09:55:02.580623,6280,5292,3250,1
2026-08-23 09:55:02.580643,6081,5147,2081,1
2026-08-23 09:55:02.580663,6315,5252,2613,1
2026-08-23 09:55:02.580683,6285,5281,2750,1
2026-08-23 09:55:02.580703,6160,5192,1517,1
2026-08-23 09:55:02.580723,6234,5274,2988,1
2026-08-23 09:55:02.580743,6253,5280,2974,1
2026-08-23 09:55:02.580763,6379,5326,3430,1
2026-08-23 09:55:02.580783,6117,5200,2687,1
2026-08-23 09:55:02.580803,6223,5228,2607,1
2026-08-23 09:55:02.580823,6256,5248,2850,1
2026-08-23 09:55:02.580843,6085,5088,1370,1
2026-08-23 09:55:02.580863,6248,5239,2907,1
2026-08-23 09:55:02.580883,6209,5221,2976,1
2026-08-23 09:55:02.580903,6360,5325,3636,1
2026-08-23 09:55:02.580923,6171,5222,2667,1
2026-08-23 09:55:02.580943,6235,5227,2610,1
2026-08-23 09:55:02.580963,6287,5264,3025,1
2026-08-23 09:55:02.580983,6169,5243,3007,1
2026-08-23 09:55:02.581003,6343,5269,2911,1
2026-08-23 09:55:02.581023,6294,5281,3099,1
2026-08-23 09:55:02.581043,6110,5097,1456,1
2026-08-23 09:55:02.581063,6287,5235,2675,1
2026-08-23 09:55:02.581083,6257,5221,2657,1
2026-08-23 09:55:02.581103,6286,5270,3180,1
2026-08-23 09:55:02.581123,6113,5208,2865,1
2026-08-23 09:55:02.581143,6337,5265,2894,1
2026-08-23 09:55:02.581163,6255,5290,3234,1
2026-08-23 09:55:02.581183,6126,5153,1975,1
2026-08-23 09:55:02.581203,6303,5236,2607,1
2026-08-23 09:55:02.581223,6308,5266,2757,1
2026-08-23 09:55:02.581243,6161,5102,1266,1
2026-08-23 09:55:02.581263,6209,5241,3010,1
2026-08-23 09:55:02.581283,6299,5239,2929,1
2026-08-23 09:55:02.581303,6324,5311,3409,1
2026-08-23 09:55:02.581323,6167,5210,2697,1
2026-08-23 09:55:02.581343,6173,5196,2613,1
2026-08-23 09:55:02.581363,6236,5219,2824,1
2026-08-23 09:55:02.581383,6104,5071,912,1
2026-08-23 09:55:02.581403,6199,5207,2925,1
2026-08-23 09:55:02.581423,6219,5216,2964,1
2026-08-23 09:55:02.581443,6345,5261,3595,1
2026-08-23 09:55:02.581463,6131,5211,2696,1
2026-08-23 09:55:02.581483,6262,5176,2603,1
2026-08-23 09:55:02.581503,6257,5269,2991,1
2026-08-23 09:55:02.581523,6207,5202,2807,1
2026-08-23 09:55:02.581543,6339,5269,2908,1
2026-08-23 09:55:02.581563,6304,5281,3286,1
2026-08-23 09:55:02.581583,6123,5101,802,1
2026-08-23 09:55:02.581603,6239,5259,2683,1
2026-08-23 09:55:02.581623,6270,5227,2650,1
2026-08-23 09:55:02.581643,6348,5305,3144,1
2026-08-23 09:55:02.581663,6034,5192,2815,1
2026-08-23 09:55:04.294776,6303,5276,2885,1
2026-08-23 09:55:04.294796,6295,5283,3214,1
2026-08-23 09:55:04.294816,6101,5126,1769,1
2026-08-23 09:55:04.294836,6267,5213,2626,1
2026-08-23 09:55:04.294856,6190,5241,2710,1
2026-08-23 09:55:04.294876,6129,5132,877,1
2026-08-23 09:55:04.294896,6297,5258,2704,1
2026-08-23 09:55:04.294916,6210,5228,2908,1
2026-08-23 09:55:04.294936,6408,5328,3381,1
2026-08-23 09:55:04.294956,6112,5197,2699,1
2026-08-23 09:55:04.294976,6200,5198,2614,1
2026-08-23 09:55:04.294996,6244,5212,2817,1
2026-08-23 09:55:04.295016,6126,5098,647,1
2026-08-23 09:55:04.295036,6214,5255,2927,1
2026-08-23 09:55:04.295056,6124,5236,3007,1
2026-08-23 09:55:04.295076,6387,5316,3570,1
2026-08-23 09:55:04.295096,6110,5210,2661,1
2026-08-23 09:55:04.295116,6219,5228,2605,1
2026-08-23 09:55:04.295136,6299,5235,2982,1
2026-08-23 09:55:04.295156,6190,5210,2966,1
2026-08-23 09:55:04.295176,6328,5230,2908,1
2026-08-23 09:55:04.295196,6299,5269,3058,1
2026-08-23 09:55:04.295216,6112,5128,909,1
2026-08-23 09:55:04.295236,6278,5229,2711,1
2026-08-23 09:55:04.295256,6274,5234,2647,1
2026-08-23 09:55:04.295276,6305,5276,3162,1
2026-08-23 09:55:04.295296,6058,5252,2840,1
2026-08-23 09:55:04.295316,6314,5273,2880,1
2026-08-23 09:55:04.295336,6282,5259,3229,1
2026-08-23 09:55:04.295356,6083,5184,1982,1
2026-08-23 09:55:04.295376,6325,5251,2615,1
2026-08-23 09:55:04.295396,6241,5229,2741,1
2026-08-23 09:55:04.295416,6173,5168,1395,1
2026-08-23 09:55:04.295436,6242,5252,2997,1
2026-08-23 09:55:04.295456,6250,5251,2912,1
2026-08-23 09:55:04.295476,6356,5321,3417,1
2026-08-23 09:55:04.295496,6150,5236,2715,1
2026-08-23 09:55:04.295516,6241,5232,2622,1
2026-08-23 09:55:04.295536,6185,5216,2848,1
2026-08-23 09:55:04.295556,6117,5083,1180,1
2026-08-23 09:55:04.295576,6279,5253,2911,1
2026-08-23 09:55:04.295596,6181,5211,2975,1
2026-08-23 09:55:04.295616,6375,5299,3622,1
2026-08-23 09:55:04.295636,6162,5168,2669,1
2026-08-23 09:55:04.295656,6191,5201,2609,1
2026-08-23 09:55:04.295676,6322,5263,3026,1
2026-08-23 09:55:04.295696,6185,5223,2999,1
2026-08-23 09:55:04.295716,6328,5223,2908,1
2026-08-23 09:55:04.295736,6315,5252,3103,1
2026-08-23 09:55:04.295756,6166,5165,1496,1
2026-08-23 09:55:04.295776,6273,5234,2680,1
2026-08-23 09:55:04.295796,6246,5261,2664,1
2026-08-23 09:55:04.295816,6298,5304,3206,1
2026-08-23 09:55:04.295836,6113,5233,2883,1
2026-08-23 09:55:04.295856,6256,5262,2902,1
2026-08-23 09:55:04.295876,6286,5279,3246,1
2026-08-23 09:55:04.295896,6150,5167,2118,1
2026-08-23 09:55:04.295916,6236,5200,2597,1
2026-08-23 09:55:04.295936,6223,5246,2758,1
2026-08-23 09:55:04.295956,6200,5142,1594,1
2026-08-23 09:55:04.295976,6194,5255,3014,1
2026-08-23 09:55:04.295996,6294,5238,2920,1
2026-08-23 09:55:04.296016,6324,5306,3438,1
2026-08-23 09:55:04.296036,6114,5191,2738,1
2026-08-23 09:55:04.296056,6196,5206,2620,1
2026-08-23 09:55:04.296076,6261,5231,2854,1
2026-08-23 09:55:04.296096,6106,5133,1393,1
2026-08-23 09:55:04.296116,6235,5229,2928,1
2026-08-23 09:55:04.296136,6209,5253,2971,1
2026-08-23 09:55:04.296156,6371,5323,3657,1
2026-08-23 09:55:04.296176,6122,5192,2665,1
2026-08-23 09:55:04.296196,6151,5174,2598,1
2026-08-23 09:55:04.296216,6339,5269,3038,1
2026-08-23 09:55:04.296236,6163,5214,3014,1
2026-08-23 09:55:04.296256,6327,5243,2913,1
2026-08-23 09:55:04.296276,6330,5256,3120,1
2026-08-23 09:55:04.296296,6115,5133,1557,1
2026-08-23 09:55:04.296316,6264,5232,2670,1
2026-08-23 09:55:04.296336,6244,5255,2665,1
2026-08-23 09:55:04.296356,6284,5253,3220,1
2026-08-23 09:55:04.296376,6066,5201,2884,1
2026-08-23 09:55:04.296396,6318,5253,2885,1
2026-08-23 09:55:04.296416,6316,5288,3250,1
2026-08-23 09:55:04.296436,6090,5129,2147,1
2026-08-23 09:55:04.296456,6304,5242,2608,1
2026-08-23 09:55:04.296476,6249,5255,2760,1
2026-08-23 09:55:04.296496,6207,5149,1653,1
2026-08-23 09:55:04.296516,6235,5284,3006,1
2026-08-23 09:55:04.296536,6227,5226,2926,1
2026-08-23 09:55:04.296556,6338,5272,3441,1
2026-08-23 09:55:04.296576,6153,5195,2714,1
2026-08-23 09:55:04.296596,6229,5194,2611,1
2026-08-23 09:55:04.296616,6228,5216,2864,1
2026-08-23 09:55:04.296636,6105,5141,1419,1
2026-08-23 09:55:04.296656,6242,5227,2935,1
2026-08-23 09:55:04.296676,6230,5221,2991,1
2026-08-23 09:55:04.296696,6383,5309,3645,1
2026-08-23 09:55:04.296716,6110,5184,2667,1
2026-08-23 09:55:04.296736,6274,5238,2608,1
2026-08-23 09:55:04.296756,6314,5280,3037,1
2026-08-23 09:55:04.296776,6194,5239,3010,1
2026-08-23 09:55:04.296796,6305,5277,2901,1
2026-08-23 09:55:04.296816,6314,5266,3115,1
2026-08-23 09:55:04.296836,6118,5170,1513,1
2026-08-23 09:55:04.296856,6324,5282,2669,1
2026-08-23 09:55:04.296876,6253,5247,2652,1
2026-08-23 09:55:04.296896,6288,5306,3189,1
2026-08-23 09:55:04.296916,6078,5222,2885,1
2026-08-23 09:55:04.296936,6324,5255,2895,1
2026-08-23 09:55:04.296956,6289,5264,3211,1
2026-08-23 09:55:04.296976,6075,5141,2163,1
2026-08-23 09:55:04.296996,6301,5242,2614,1
2026-08-23 09:55:04.297016,6269,5263,2772,1
2026-08-23 09:55:04.297036,6165,5153,1703,1
2026-08-23 09:55:04.297056,6275,5267,2999,1
2026-08-23 09:55:04.297076,6252,5268,2950,1
2026-08-23 09:55:04.297096,6359,5317,3435,1
2026-08-23 09:55:04.297116,6117,5206,2724,1
2026-08-23 09:55:04.297136,6216,5196,2617,1
2026-08-23 09:55:04.297156,6235,5230,2870,1
2026-08-23 09:55:04.297176,6130,5154,1584,1
2026-08-23 09:55:04.297196,6276,5257,2915,1
2026-08-23 09:55:04.297216,6197,5252,3004,1
2026-08-23 09:55:04.297236,6382,5332,3656,1
2026-08-23 09:55:04.297256,6176,5200,2670,1
2026-08-23 09:55:04.297276,6235,5197,2600,1
2026-08-23 09:55:04.297296,6313,5243,3050,1
2026-08-23 09:55:04.297316,6181,5226,3021,1
2026-08-23 09:55:04.297336,6325,5258,2917,1
2026-08-23 09:55:04.297356,6299,5296,3126,1
2026-08-23 09:55:04.297376,6156,5165,1640,1
2026-08-23 09:55:04.297396,6245,5260,2684,1
2026-08-23 09:55:04.297416,6265,5258,2671,1
2026-08-23 09:55:04.297436,6342,5276,3229,1
2026-08-23 09:55:04.297456,6041,5210,2878,1
2026-08-23 09:55:04.297476,6270,5222,2892,1
2026-08-23 09:55:04.297496,6311,5251,3264,1
2026-08-23 09:55:04.297516,6095,5174,2139,1
2026-08-23 09:55:04.297536,6315,5238,2619,1
2026-08-23 09:55:04.297556,6269,5256,2753,1
2026-08-23 09:55:04.297576,6160,5137,1611,1
2026-08-23 09:55:04.297596,6218,5250,2996,1
2026-08-23 09:55:04.297616,6286,5258,2929,1
2026-08-23 09:55:04.297636,6303,5279,3441,1
2026-08-23 09:55:04.297656,6151,5199,2718,1
2026-08-23 09:55:04.297676,6150,5225,2620,1
2026-08-23 09:55:04.297696,6253,5253,2858,1
2026-08-23 09:55:04.297716,6168,5150,1386,1
2026-08-23 09:55:04.297736,6199,5211,2928,1
2026-08-23 09:55:04.297756,6206,5219,2983,1
2026-08-23 09:55:04.297776,6383,5320,3643,1
2026-08-23 09:55:04.297796,6110,5169,2675,1
2026-08-23 09:55:04.297816,6236,5227,2622,1
2026-08-23 09:55:04.297836,6325,5261,3008,1
2026-08-23 09:55:04.297856,6180,5216,3003,1
2026-08-23 09:55:04.297876,6300,5234,2911,1
2026-08-23 09:55:04.297896,6347,5277,3100,1
2026-08-23 09:55:04.297916,6091,5153,1343,1
2026-08-23 09:55:04.297936,6279,5286,2690,1
2026-08-23 09:55:04.297956,6278,5250,2657,1
2026-08-23 09:55:04.297976,6305,5289,3285,1
2026-08-23 09:55:04.297996,6064,5205,2844,1
2026-08-23 09:55:04.298016,6282,5254,3144,1
2026-08-23 09:55:04.298036,6308,5306,3229,1
2026-08-23 09:55:04.298056,6066,5172,2002,1
2026-08-23 09:55:04.298076,6315,5212,2604,1
2026-08-23 09:55:04.298096,6285,5267,2723,1
2026-08-23 09:55:04.298116,6175,5160,1315,1
2026-08-23 09:55:04.298136,6203,5270,3007,1
2026-08-23 09:55:04.298156,6266,5231,2916,1
2026-08-23 09:55:04.298176,6331,5279,3405,1
2026-08-23 09:55:04.298196,6150,5202,2721,1
2026-08-23 09:55:04.298216,6203,5198,2611,1
2026-08-23 09:55:04.298236,6207,5197,2849,1
2026-08-23 09:55:04.298256,6123,5066,1188,1
2026-08-23 09:55:04.298276,6228,5223,2936,1
2026-08-23 09:55:04.298296,6167,5241,2968,1
2026-08-23 09:55:04.298316,6367,5307,3597,1
2026-08-23 09:55:04.298336,6107,5195,2663,1
2026-08-23 09:55:04.298356,6258,5227,2607,1
2026-08-23 09:55:04.298376,6276,5243,3007,1
2026-08-23 09:55:04.298396,6195,5240,3000,1
2026-08-23 09:55:04.298416,6278,5217,2898,1
2026-08-23 09:55:04.298436,6321,5243,3102,1
2026-08-23 09:55:04.298456,6124,5150,1215,1
2026-08-23 09:55:04.298476,6262,5229,2667,1
2026-08-23 09:55:04.298496,6245,5264,2655,1
2026-08-23 09:55:04.298516,6267,5288,3185,1
2026-08-23 09:55:04.298536,6163,5212,2844,1
2026-08-23 09:55:04.298556,6270,5260,2885,1
2026-08-23 09:55:04.298576,6270,5261,3237,1
2026-08-23 09:55:04.298596,6132,5173,1967,1
2026-08-23 09:55:04.298616,6261,5249,2667,1
2026-08-23 09:55:04.298636,6281,5256,2731,1
2026-08-23 09:55:04.298656,6154,5159,1210,1
2026-08-23 09:55:04.298676,6179,5273,2997,1
2026-08-23 09:55:04.298696,6292,5275,2916,1
2026-08-23 09:55:04.298716,6294,5266,3399,1
2026-08-23 09:55:04.298736,6129,5193,2715,1
2026-08-23 09:55:04.298756,6085,5194,2609,1
2026-08-23 09:55:04.298776,6256,5211,2828,1
2026-08-23 09:55:04.298796,6131,5103,1088,1
2026-08-23 09:55:04.298816,6161,5261,2916,1
2026-08-23 09:55:04.298836,6204,5214,2958,1
2026-08-23 09:55:04.298856,6360,5284,3597,1
2026-08-23 09:55:04.298876,6103,5171,2663,1
2026-08-23 09:55:04.298896,6232,5219,2612,1
2026-08-23 09:55:04.298916,6274,5259,3010,1
2026-08-23 09:55:04.298936,6116,5191,2974,1
2026-08-23 09:55:04.298956,6344,5251,2918,1
2026-08-23 09:55:04.298976,6272,5263,3086,1
2026-08-23 09:55:04.298996,6120,5068,995,1
2026-08-23 09:55:04.299016,6239,5245,2694,1
2026-08-23 09:55:04.299036,6263,5257,2651,1
2026-08-23 09:55:04.299056,6348,5297,3179,1
2026-08-23 09:55:04.299076,6036,5196,2825,1
2026-08-23 09:55:04.299096,6255,5187,2895,1
2026-08-23 09:55:04.299116,6304,5274,3202,1
2026-08-23 09:55:04.299136,6073,5146,1790,1
2026-08-23 09:55:04.299156,6288,5232,2616,1
2026-08-23 09:55:04.299176,6228,5250,2715,1
2026-08-23 09:55:04.299196,6161,5127,887,1
2026-08-23 09:55:04.299216,6191,5224,3019,1
2026-08-23 09:55:04.299236,6228,5249,2912,1
2026-08-23 09:55:04.299256,6336,5258,3389,1
2026-08-23 09:55:04.299276,6110,5185,2704,1
2026-08-23 09:55:04.299296,6210,5189,2624,1
2026-08-23 09:55:04.299316,6242,5260,2824,1
2026-08-23 09:55:04.299336,6132,5058,772,1
2026-08-23 09:55:04.299356,6178,5224,2925,1
2026-08-23 09:55:04.299376,6170,5247,2966,1
2026-08-23 09:55:04.299396,6331,5270,3561,1
2026-08-23 09:55:04.299416,6098,5173,2661,1
2026-08-23 09:55:04.299436,6268,5228,2594,1
2026-08-23 09:55:04.299456,6243,5218,2994,1
2026-08-23 09:55:04.299476,6190,5209,2953,1
2026-08-23 09:55:04.299496,6299,5258,2916,1
2026-08-23 09:55:04.299516,6271,5267,3044,1
2026-08-23 09:55:04.299536,6099,5059,1067,1
2026-08-23 09:55:04.299556,6263,5227,2682,1
2026-08-23 09:55:04.299576,6196,5240,2654,1
2026-08-23 09:55:04.299596,6229,5276,3170,1
2026-08-23 09:55:04.299616,6189,5235,2865,1
2026-08-23 09:55:04.299636,6226,5245,2892,1
2026-08-23 09:55:04.299656,6245,5220,3218,1
2026-08-23 09:55:04.299676,6162,5160,2072,1
2026-08-23 09:55:04.299696,6229,5211,2615,1
2026-08-23 09:55:04.299716,6261,5215,2731,1
2026-08-23 09:55:04.299736,6147,5141,1095,1
2026-08-23 09:55:04.299756,6194,5215,3018,1
2026-08-23 09:55:04.299776,6296,5255,2920,1
2026-08-23 09:55:04.299796,6325,5268,3384,1
2026-08-23 09:55:04.299816,6120,5188,2706,1
2026-08-23 09:55:04.299836,6148,5179,2616,1
2026-08-23 09:55:04.299856,6204,5228,2813,1
2026-08-23 09:55:04.299876,6105,5039,744,1
2026-08-23 09:55:04.299896,6227,5257,2937,1
2026-08-23 09:55:04.299916,6160,5201,2958,1
2026-08-23 09:55:04.299936,6349,5300,3563,1
2026-08-23 09:55:04.299956,6097,5193,2661,1
2026-08-23 09:55:04.299976,6173,5172,2610,1
2026-08-23 09:55:04.299996,6274,5248,2993,1
2026-08-23 09:55:04.300016,6251,5243,2950,1
2026-08-23 09:55:04.300036,6338,5270,2922,1
2026-08-23 09:55:04.300056,6296,5273,3046,1
2026-08-23 09:55:04.300076,6124,5059,791,1
2026-08-23 09:55:04.300096,6240,5261,2687,1
2026-08-23 09:55:04.300116,6261,5251,2636,1
2026-08-23 09:55:04.300136,6292,5287,3137,1
2026-08-23 09:55:04.300156,6053,5211,2815,1
2026-08-23 09:55:04.300176,6299,5211,2890,1
2026-08-23 09:55:04.300196,6270,5257,3191,1
2026-08-23 09:55:04.300216,6076,5139,1724,1
2026-08-23 09:55:04.300236,6280,5209,2623,1
2026-08-23 09:55:04.300256,6256,5200,2716,1
2026-08-23 09:55:04.300276,6104,5059,856,1
2026-08-23 09:55:04.300296,6203,5256,3005,1
2026-08-23 09:55:04.300316,6228,5205,2913,1
2026-08-23 09:55:04.300336,6341,5288,3380,1
2026-08-23 09:55:04.300356,6102,5166,2685,1
2026-08-23 09:55:04.300376,6193,5225,2607,1
2026-08-23 09:55:04.300396,6197,5217,2815,1
2026-08-23 09:55:04.300416,6097,5021,712,1
2026-08-23 09:55:04.300436,6222,5201,2935,1
2026-08-23 09:55:04.300456,6119,5204,2954,1
2026-08-23 09:55:04.300476,6345,5257,3549,1
2026-08-23 09:55:04.300496,6100,5187,2662,1
2026-08-23 09:55:04.300516,6224,5200,2616,1
2026-08-23 09:55:04.300536,6243,5247,2976,1
2026-08-23 09:55:04.300556,6183,5202,2944,1
2026-08-23 09:55:04.300576,6316,5211,2926,1
2026-08-23 09:55:04.300596,6282,5234,3082,1
2026-08-23 09:55:04.300616,6085,5000,807,1
2026-08-23 09:55:04.300636,6374,5216,2703,1
2026-08-23 09:55:04.300656,6241,5229,2646,1
2026-08-23 09:55:04.300676,6234,5265,3160,1
2026-08-23 09:55:04.300696,6097,5222,2809,1
2026-08-23 09:55:04.300716,6300,5207,2886,1
2026-08-23 09:55:04.300736,6241,5262,3206,1
2026-08-23 09:55:04.300756,6080,5132,1737,1
2026-08-23 09:55:04.300776,6272,5230,2606,1
2026-08-23 09:55:04.300796,6246,5230,2710,1
2026-08-23 09:55:04.300816,6152,5097,857,1
2026-08-23 09:55:04.300836,6201,5259,3018,1
2026-08-23 09:55:04.300856,6235,5253,2919,1
2026-08-23 09:55:04.300876,6318,5266,3363,1
2026-08-23 09:55:04.300896,6109,5182,2701,1
2026-08-23 09:55:04.300916,6190,5179,2619,1
2026-08-23 09:55:04.300936,6202,5192,2807,1
2026-08-23 09:55:04.300956,6075,5028,477,1
2026-08-23 09:55:04.300976,6214,5225,2930,1
2026-08-23 09:55:04.300996,6159,5209,2978,1
2026-08-23 09:55:04.301016,6347,5306,3518,1
2026-08-23 09:55:04.301036,6103,5213,2655,1
2026-08-23 09:55:04.301056,6219,5223,2602,1
2026-08-23 09:55:04.301076,6230,5212,2957,1
2026-08-23 09:55:04.301096,6167,5197,2916,1
2026-08-23 09:55:04.301116,6277,5236,2919,1
2026-08-23 09:55:04.301136,6315,5245,3041,1
2026-08-23 09:55:04.301156,6060,5053,449,1
2026-08-23 09:55:04.301176,6280,5265,2707,1
2026-08-23 09:55:04.301196,6246,5253,2309,1
2026-08-23 09:55:04.301216,6209,5245,3123,1
2026-08-23 09:55:04.301236,6091,5227,2774,1
2026-08-23 09:55:04.301256,6325,5229,2898,1
2026-08-23 09:55:04.301276,6239,5275,3152,1
2026-08-23 09:55:04.301296,6096,5131,1493,1
2026-08-23 09:55:04.301316,6263,5230,2674,1
2026-08-23 09:55:04.301336,6176,5199,2702,1
2026-08-23 09:55:04.301356,6179,5091,435,1
2026-08-23 09:55:04.301376,6177,5281,3028,1
2026-08-23 09:55:04.301396,6235,5256,2914,1
2026-08-23 09:55:04.301416,6343,5279,3328,1
2026-08-23 09:55:04.301436,6103,5201,2647,1
2026-08-23 09:55:04.301456,6222,5241,2620,1
2026-08-23 09:55:04.301476,6153,5211,2815,1
2026-08-23 09:55:04.301496,6059,5045,147,1
2026-08-23 09:55:04.301516,6237,5260,2954,1
2026-08-23 09:55:04.301536,6155,5234,2941,1
2026-08-23 09:55:04.301556,6353,5270,3516,1
2026-08-23 09:55:04.301576,6096,5201,2663,1
2026-08-23 09:55:04.301596,6190,5207,2603,1
2026-08-23 09:55:04.301616,6278,5236,2894,1
2026-08-23 09:55:04.301636,6180,5211,2887,1
2026-08-23 09:55:04.301656,6321,5238,2925,1
2026-08-23 09:55:04.301676,6306,5250,3021,1
2026-08-23 09:55:04.301696,6063,5033,86,1
2026-08-23 09:55:04.301716,6245,5271,2713,1
2026-08-23 09:55:04.301736,6287,5243,2631,1
2026-08-23 09:55:04.301756,6277,5308,3104,1
2026-08-23 09:55:04.301776,6017,5197,2727,1
2026-08-23 09:55:04.301796,6336,5272,2883,1
2026-08-23 09:55:04.301816,6249,5279,3106,1
2026-08-23 09:55:04.301836,6075,5077,1244,1
2026-08-23 09:55:04.301856,6241,5261,2629,1
2026-08-23 09:55:04.301876,6258,5267,2679,1
2026-08-23 09:55:04.301896,6097,5033,0,1
2026-08-23 09:55:04.301916,6162,5244,3029,1
2026-08-23 09:55:04.301936,6273,5257,2908,1
2026-08-23 09:55:04.301956,6303,5283,3298,1
2026-08-23 09:55:04.301976,6158,5223,2631,1
2026-08-23 09:55:04.301996,6253,5232,2610,1
2026-08-23 09:55:04.302016,6208,5256,2778,1
2026-08-23 09:55:04.302036,6041,5046,0,1
2026-08-23 09:55:04.302056,6116,5258,2953,1
2026-08-23 09:55:04.302076,6196,5247,2929,1
2026-08-23 09:55:04.302096,6347,5273,3489,1
2026-08-23 09:55:04.302116,6049,5198,2426,1
2026-08-23 09:55:04.302136,6230,5222,2604,1
2026-08-23 09:55:04.302156,6269,5228,2928,1
2026-08-23 09:55:04.302176,6119,5201,2857,1
2026-08-23 09:55:04.302196,6385,5286,2929,1
2026-08-23 09:55:04.302216,6260,5285,3029,1
2026-08-23 09:55:04.302236,6043,5018,0,1
2026-08-23 09:55:04.302256,6216,5227,2714,1
2026-08-23 09:55:04.302276,6216,5241,2624,1
2026-08-23 09:55:04.302296,6365,5263,3015,1
2026-08-23 09:55:04.302316,6017,5192,2641,1
2026-08-23 09:55:04.302336,6300,5270,2892,1
2026-08-23 09:55:04.302356,6262,5272,3121,1
2026-08-23 09:55:04.302376,6042,5061,572,1
2026-08-23 09:55:04.302396,6269,5217,2603,1
2026-08-23 09:55:04.302416,6194,5206,2675,1
2026-08-23 09:55:04.302436,5981,4960,0,1
2026-08-23 09:55:04.302456,6182,5258,3044,1
2026-08-23 09:55:04.302476,6241,5198,2896,1
2026-08-23 09:55:04.302496,6316,5245,3259,1
2026-08-23 09:55:04.302516,6103,5200,2529,1
2026-08-23 09:55:04.302536,6267,5200,2632,1
2026-08-23 09:55:04.302556,6200,5207,2758,1
2026-08-23 09:55:04.302576,6024,4977,0,1
2026-08-23 09:55:04.302596,6038,5222,2937,1
2026-08-23 09:55:04.302616,6173,5219,2919,1
2026-08-23 09:55:04.302636,6332,5279,3440,1
2026-08-23 09:55:04.302656,6082,5151,2608,1
2026-08-23 09:55:04.302676,6187,5163,2594,1
2026-08-23 09:55:04.302696,6276,5210,2888,1
2026-08-23 09:55:04.302716,6166,5190,2766,1
2026-08-23 09:55:04.302736,6278,5273,2940,1
2026-08-23 09:55:04.302756,6286,5243,2992,1
2026-08-23 09:55:04.302776,5971,4926,0,1
2026-08-23 09:55:04.302796,6226,5192,2726,1
2026-08-23 09:55:04.302816,6254,5232,2622,1
2026-08-23 09:55:04.302836,6246,5241,3008,1
2026-08-23 09:55:04.302856,6076,5221,2539,1
2026-08-23 09:55:04.302876,6328,5266,2888,1
2026-08-23 09:55:04.302896,6219,5290,3115,1
2026-08-23 09:55:04.302916,6062,5061,363,1
2026-08-23 09:55:04.302936,6225,5252,2638,1
2026-08-23 09:55:04.302956,6214,5211,2652,1
2026-08-23 09:55:04.302976,6062,4912,0,1
2026-08-23 09:55:04.302996,6147,5209,3044,1
2026-08-23 09:55:04.303016,6229,5232,2888,1
2026-08-23 09:55:04.303036,6299,5265,3271,1
2026-08-23 09:55:04.303056,6105,5167,2500,1
2026-08-23 09:55:04.303076,6275,5230,2640,1
2026-08-23 09:55:04.303096,6224,5236,2763,1
2026-08-23 09:55:04.303116,6004,4883,0,1
2026-08-23 09:55:04.303136,6154,5152,2931,1
2026-08-23 09:55:04.303156,6222,5173,2911,1
2026-08-23 09:55:04.303176,6320,5260,3435,1
2026-08-23 09:55:04.303196,6073,5177,2639,1
2026-08-23 09:55:04.303216,6203,5143,2590,1
2026-08-23 09:55:04.303236,6222,5197,2807,1
2026-08-23 09:55:04.303256,6177,5176,2743,1
2026-08-23 09:55:04.303276,6343,5230,2913,1
2026-08-23 09:55:04.303296,6254,5227,3025,1
2026-08-23 09:55:04.303316,6020,4902,0,1
2026-08-23 09:55:04.303336,6210,5170,2725,1
2026-08-23 09:55:04.303356,6258,5210,2622,1
2026-08-23 09:55:04.303376,6252,5241,3005,1
2026-08-23 09:55:04.303396,6057,5136,2539,1
2026-08-23 09:55:04.303416,6317,5209,2899,1
2026-08-23 09:55:04.303436,6230,5231,3097,1
2026-08-23 09:55:04.303456,6044,5018,246,1
2026-08-23 09:55:04.303476,6247,5226,2640,1
2026-08-23 09:55:04.303496,6222,5217,2661,1
2026-08-23 09:55:04.303516,6091,4958,0,1
2026-08-23 09:55:04.303536,6180,5177,3084,1
2026-08-23 09:55:04.303556,6265,5200,2907,1
2026-08-23 09:55:04.303576,6322,5275,3230,1
2026-08-23 09:55:04.303596,6110,5191,2435,1
2026-08-23 09:55:04.303616,6223,5210,2632,1
2026-08-23 09:55:04.303636,6182,5175,2738,1
2026-08-23 09:55:04.303656,6082,4961,0,1
2026-08-23 09:55:04.303676,6116,5219,2927,1
2026-08-23 09:55:04.303696,6195,5209,2912,1
2026-08-23 09:55:04.303716,6324,5232,3392,1
2026-08-23 09:55:04.303736,6101,5190,2543,1
2026-08-23 09:55:04.303756,6212,5172,2592,1
2026-08-23 09:55:04.303776,6269,5212,2843,1
2026-08-23 09:55:04.303796,6161,5174,2623,1
2026-08-23 09:55:04.303816,6290,5220,2949,1
2026-08-23 09:55:04.303836,6294,5268,2980,1
2026-08-23 09:55:04.303856,6062,5029,0,1
2026-08-23 09:55:04.303876,6199,5224,2748,1
2026-08-23 09:55:04.303896,6221,5215,2608,1
2026-08-23 09:55:04.303916,6250,5214,2984,1
2026-08-23 09:55:04.303936,6088,5197,2417,1
2026-08-23 09:55:04.303956,6288,5262,2894,1
2026-08-23 09:55:04.303976,6203,5250,3055,1
2026-08-23 09:55:04.303996,6056,5002,0,1
2026-08-23 09:55:04.304016,6229,5225,2651,1
2026-08-23 09:55:04.304036,6238,5256,2642,1
2026-08-23 09:55:04.304056,6202,5106,0,1
2026-08-23 09:55:04.304076,6184,5295,3054,1
2026-08-23 09:55:04.304096,6289,5241,2905,1
2026-08-23 09:55:04.304116,6308,5269,3232,1
2026-08-23 09:55:04.304136,6170,5186,2431,1
2026-08-23 09:55:04.304156,6236,5265,2627,1
2026-08-23 09:55:04.304176,6239,5252,2730,1
2026-08-23 09:55:04.304196,6080,4967,0,1
2026-08-23 09:55:04.304216,6072,5215,2930,1
2026-08-23 09:55:04.304236,6266,5204,2896,1
2026-08-23 09:55:04.304256,6298,5273,3405,1
2026-08-23 09:55:04.304276,6052,5152,2536,1
2026-08-23 09:55:04.304296,6211,5184,2592,1
2026-08-23 09:55:04.304316,6230,5235,2862,1
2026-08-23 09:55:04.304336,6183,5227,2632,1
2026-08-23 09:55:04.304356,6313,5248,2948,1
2026-08-23 09:55:04.304376,6275,5275,2971,1
2026-08-23 09:55:04.304396,6071,5009,0,1
2026-08-23 09:55:04.304416,6156,5203,2729,1
2026-08-23 09:55:04.304436,6210,5198,2612,1
2026-08-23 09:55:04.304456,6254,5244,3003,1
2026-08-23 09:55:04.304476,6123,5150,2441,1
2026-08-23 09:55:04.304496,6302,5224,2902,1
2026-08-23 09:55:04.304516,6189,5211,3112,1
2026-08-23 09:55:04.304536,6109,5025,0,1
2026-08-23 09:55:04.304556,6214,5257,2644,1
2026-08-23 09:55:04.304576,6243,5233,2658,1
2026-08-23 09:55:04.304596,6080,5017,0,1
2026-08-23 09:55:04.304616,6106,5207,3301,1
2026-08-23 09:55:04.304636,6273,5218,2900,1
2026-08-23 09:55:04.304656,6303,5255,3234,1
2026-08-23 09:55:04.304676,6158,5203,2392,1
2026-08-23 09:55:04.304696,6241,5224,2632,1
2026-08-23 09:55:04.304716,6179,5211,2721,1
2026-08-23 09:55:04.304736,6328,5234,841,1
2026-08-23 09:55:04.304756,6047,5149,2935,1
2026-08-23 09:55:04.304776,6244,5212,2902,1
2026-08-23 09:55:04.304796,6337,5247,3346,1
2026-08-23 09:55:04.304816,6082,5149,2531,1
2026-08-23 09:55:04.304836,6317,5229,2574,1
2026-08-23 09:55:04.304856,6270,5244,2834,1
2026-08-23 09:55:04.304876,6110,5171,2480,1
2026-08-23 09:55:04.304896,6321,5269,2953,1
2026-08-23 09:55:04.304916,6295,5277,2965,1
2026-08-23 09:55:04.304936,6276,5322,3595,1
2026-08-23 09:55:04.304956,6201,5249,2729,1
2026-08-23 09:55:04.304976,6214,5227,2618,1
2026-08-23 09:55:04.304996,6265,5259,2967,1
2026-08-23 09:55:04.305016,6040,5177,2321,1
2026-08-23 09:55:04.305036,6296,5261,2899,1
2026-08-23 09:55:04.305056,6250,5259,3048,1
2026-08-23 09:55:04.305076,6021,5009,0,1
2026-08-23 09:55:04.305096,6247,5228,2641,1
2026-08-23 09:55:04.305116,6231,5194,2642,1
2026-08-23 09:55:04.305136,6298,5249,3171,1
2026-08-23 09:55:04.305156,6156,5224,3052,1
2026-08-23 09:55:04.305176,6274,5250,2893,1
2026-08-23 09:55:04.305196,6285,5277,3210,1
2026-08-23 09:55:04.305216,6125,5200,2300,1
2026-08-23 09:55:04.305236,6303,5227,2627,1
2026-08-23 09:55:04.305256,6195,5205,2707,1
2026-08-23 09:55:04.305276,6328,5278,3311,1
2026-08-23 09:55:04.305296,6101,5187,2934,1
2026-08-23 09:55:04.305316,6204,5212,2902,1
2026-08-23 09:55:04.305336,6342,5294,3355,1
2026-08-23 09:55:04.305356,6061,5177,2461,1
2026-08-23 09:55:04.305376,6248,5236,2589,1
2026-08-23 09:55:04.305396,6239,5233,2822,1
2026-08-23 09:55:04.305416,6157,5175,2436,1
2026-08-23 09:55:04.305436,6307,5228,2946,1
2026-08-23 09:55:04.305456,6274,5261,2933,1
2026-08-23 09:55:04.305476,6320,5283,3547,1
2026-08-23 09:55:04.305496,6161,5222,2742,1
2026-08-23 09:55:04.305516,6255,5206,2607,1
2026-08-23 09:55:04.305536,6256,5233,2927,1
2026-08-23 09:55:04.305556,6105,5189,2218,1
2026-08-23 09:55:04.305576,6286,5235,2899,1
2026-08-23 09:55:04.305596,6200,5214,3038,1
2026-08-23 09:55:04.305616,6061,4921,0,1
2026-08-23 09:55:04.305636,6166,5188,2657,1
2026-08-23 09:55:04.305656,6231,5172,2630,1
2026-08-23 09:55:04.305676,6345,5236,3142,1
2026-08-23 09:55:04.305696,6123,5194,3058,1
2026-08-23 09:55:04.305716,6331,5254,2886,1
2026-08-23 09:55:04.305736,6310,5277,3180,1
2026-08-23 09:55:04.305756,6123,5150,2095,1
2026-08-23 09:55:04.305776,6331,5260,2661,1
2026-08-23 09:55:04.305796,6207,5230,2683,1
2026-08-23 09:55:04.305816,6275,5295,3264,1
2026-08-23 09:55:04.305836,6093,5232,2889,1
2026-08-23 09:55:04.305856,6294,5251,2894,1
2026-08-23 09:55:04.305876,6298,5302,3299,1
2026-08-23 09:55:04.305896,6067,5153,2330,1
2026-08-23 09:55:04.305916,6305,5213,2605,1
2026-08-23 09:55:04.305936,6225,5247,2775,1
2026-08-23 09:55:04.305956,6188,5168,2026,1
2026-08-23 09:55:04.305976,6277,5276,2988,1
2026-08-23 09:55:04.305996,6254,5247,2936,1
2026-08-23 09:55:04.306016,6351,5305,3456,1
2026-08-23 09:55:04.306036,6170,5197,2726,1
2026-08-23 09:55:04.306056,6208,5196,2608,1
2026-08-23 09:55:04.306076,6243,5228,2890,1
2026-08-23 09:55:04.306096,6129,5162,1763,1
2026-08-23 09:55:04.306116,6276,5236,2911,1
2026-08-23 09:55:04.306136,6165,5221,2982,1
2026-08-23 09:55:04.306156,6366,5323,4108,1
2026-08-23 09:55:04.306176,6192,5240,2668,1
2026-08-23 09:55:04.306196,6236,5240,2614,1
2026-08-23 09:55:04.306216,6285,5271,3055,1
2026-08-23 09:55:04.306236,6127,5238,3026,1
2026-08-23 09:55:04.306256,6321,5243,2958,1
2026-08-23 09:55:04.306276,6315,5247,3126,1
2026-08-23 09:55:04.306296,6117,5165,1699,1
2026-08-23 09:55:04.306316,6301,5259,2678,1
2026-08-23 09:55:04.306336,6260,5222,2672,1
2026-08-23 09:55:04.306356,6260,5263,3215,1
2026-08-23 09:55:04.306376,6112,5182,2888,1
2026-08-23 09:55:04.306396,6280,5250,2881,1
2026-08-23 09:55:04.306416,6278,5240,3258,1
2026-08-23 09:55:04.306436,6109,5148,2224,1
2026-08-23 09:55:04.306456,6294,5236,2592,1
2026-08-23 09:55:04.306476,6213,5219,2756,1
2026-08-23 09:55:04.306496,6162,5148,1815,1
2026-08-23 09:55:04.306516,6244,5240,2928,1
2026-08-23 09:55:04.306536,6267,5261,2923,1
2026-08-23 09:55:04.306556,6336,5270,3450,1
2026-08-23 09:55:04.306576,6155,5202,2723,1
2026-08-23 09:55:04.306596,6196,5198,2610,1
2026-08-23 09:55:04.306616,6254,5246,2889,1
2026-08-23 09:55:04.306636,6154,5154,1749,1
2026-08-23 09:55:04.306656,6262,5232,2913,1
2026-08-23 09:55:04.306676,6166,5252,2981,1
2026-08-23 09:55:04.306696,6425,5416,1994,1
2026-08-23 09:55:04.306716,6172,5198,2654,1
2026-08-23 09:55:04.306736,6207,5203,2616,1
2026-08-23 09:55:04.306756,6316,5258,3085,1
2026-08-23 09:55:04.306776,6157,5229,3040,1
2026-08-23 09:55:04.306796,6333,5206,2906,1
2026-08-23 09:55:04.306816,6318,5246,3132,1
2026-08-23 09:55:04.306836,6174,5211,1811,1
2026-08-23 09:55:04.306856,6292,5273,2667,1
2026-08-23 09:55:04.306876,6278,5238,2675,1
2026-08-23 09:55:04.306896,6267,5296,3226,1
2026-08-23 09:55:04.306916,6051,5229,2516,1
2026-08-23 09:55:04.306936,6321,5253,2889,1
2026-08-23 09:55:04.306956,6301,5281,3254,1
2026-08-23 09:55:04.306976,6062,5173,2188,1
2026-08-23 09:55:04.306996,6320,5212,2608,1
2026-08-23 09:55:04.307016,6275,5251,2753,1
2026-08-23 09:55:04.307036,6154,5152,1789,1
2026-08-23 09:55:04.307056,6284,5266,2995,1
2026-08-23 09:55:04.307076,6218,5282,2926,1
2026-08-23 09:55:04.307096,6377,5303,3443,1
2026-08-23 09:55:04.307116,6128,5203,2742,1
2026-08-23 09:55:04.307136,6217,5199,2608,1
2026-08-23 09:55:04.307156,6263,5262,2853,1
2026-08-23 09:55:04.307176,6080,5143,1448,1
2026-08-23 09:55:04.307196,6268,5224,2933,1
2026-08-23 09:55:04.307216,6197,5240,2964,1
2026-08-23 09:55:04.307236,6355,5322,3635,1
2026-08-23 09:55:04.307256,6150,5218,2486,1
2026-08-23 09:55:04.307276,6244,5222,2613,1
2026-08-23 09:55:04.307296,6274,5225,3000,1
2026-08-23 09:55:04.307316,6106,5202,2994,1
2026-08-23 09:55:04.307336,6356,5260,2905,1
2026-08-23 09:55:04.307356,6279,5250,3095,1
2026-08-23 09:55:04.307376,6088,5145,1042,1
2026-08-23 09:55:04.307396,6285,5258,2692,1
2026-08-23 09:55:04.307416,6209,5270,2652,1
2026-08-23 09:55:04.307436,6356,5310,3152,1
2026-08-23 09:55:04.307456,6064,5220,2825,1
2026-08-23 09:55:04.307476,6255,5262,2862,1
2026-08-23 09:55:04.307496,6316,5292,3182,1
2026-08-23 09:55:04.307516,6078,5162,1786,1
2026-08-23 09:55:04.307536,6308,5210,2607,1
2026-08-23 09:55:04.307556,6302,5283,2706,1
2026-08-23 09:55:04.307576,6081,5097,886,1
2026-08-23 09:55:04.307596,6225,5286,2988,1
2026-08-23 09:55:04.307616,6275,5245,2911,1
2026-08-23 09:55:04.307636,6320,5268,3369,1
2026-08-23 09:55:04.307656,6133,5208,2692,1
2026-08-23 09:55:04.307676,6233,5206,2608,1
2026-08-23 09:55:04.307696,6207,5244,2823,1
2026-08-23 09:55:04.307716,6099,5091,724,1
2026-08-23 09:55:04.307736,6219,5227,2945,1
2026-08-23 09:55:04.307756,6184,5251,2951,1
2026-08-23 09:55:04.307776,6359,5305,3543,1
2026-08-23 09:55:04.307796,6105,5190,2665,1
2026-08-23 09:55:04.307816,6208,5200,2614,1
2026-08-23 09:55:04.307836,6247,5247,2944,1
2026-08-23 09:55:04.307856,6241,5242,2940,1
2026-08-23 09:55:04.307876,6327,5262,2911,1
2026-08-23 09:55:04.307896,6338,5258,3046,1
2026-08-23 09:55:04.307916,6079,5023,224,1
2026-08-23 09:55:04.307936,6252,5269,2691,1
2026-08-23 09:55:04.307956,6231,5245,2632,1
2026-08-23 09:55:04.307976,6286,5280,3095,1
2026-08-23 09:55:04.307996,6095,5217,2757,1
2026-08-23 09:55:04.308016,6344,5235,2891,1
2026-08-23 09:55:04.308036,6257,5292,3161,1
2026-08-23 09:55:04.308056,6113,5158,1418,1
2026-08-23 09:55:04.308076,6304,5270,2624,1
2026-08-23 09:55:04.308096,6226,5229,2692,1
2026-08-23 09:55:04.308116,6120,5053,142,1
2026-08-23 09:55:04.308136,6177,5285,3047,1
2026-08-23 09:55:04.308156,6290,5307,2906,1
2026-08-23 09:55:04.308176,6320,5292,3314,1
2026-08-23 09:55:04.308196,6162,5249,2636,1
2026-08-23 09:55:04.308216,6206,5206,2613,1
2026-08-23 09:55:04.308236,6210,5247,2776,1
2026-08-23 09:55:04.308256,6097,5011,0,1
2026-08-23 09:55:04.308276,6190,5228,2941,1
2026-08-23 09:55:04.308296,6186,5236,2916,1
2026-08-23 09:55:04.308316,6371,5317,3488,1
2026-08-23 09:55:04.308336,6089,5210,2658,1
2026-08-23 09:55:04.308356,6241,5225,2593,1
2026-08-23 09:55:04.308376,6284,5265,2920,1
2026-08-23 09:55:04.308396,6207,5206,2826,1
2026-08-23 09:55:04.308416,6357,5265,2923,1
2026-08-23 09:55:04.308436,6318,5260,3007,1
2026-08-23 09:55:04.308456,6060,5046,0,1
2026-08-23 09:55:04.308476,6235,5268,2707,1
2026-08-23 09:55:04.308496,6275,5244,2622,1
2026-08-23 09:55:04.308516,6279,5273,3030,1
2026-08-23 09:55:04.308536,6071,5218,2687,1
2026-08-23 09:55:04.308556,6352,5244,2870,1
2026-08-23 09:55:04.308576,6245,5241,3129,1
2026-08-23 09:55:04.308596,6083,5095,1053,1
2026-08-23 09:55:04.308616,6308,5266,2642,1
2026-08-23 09:55:04.308636,6257,5255,2653,1
2026-08-23 09:55:04.308656,6060,5035,0,1
2026-08-23 09:55:04.308676,6201,5249,3046,1
2026-08-23 09:55:04.308696,6265,5251,2899,1
2026-08-23 09:55:04.308716,6316,5306,3243,1
2026-08-23 09:55:04.308736,6160,5227,2584,1
2026-08-23 09:55:04.308756,6241,5205,2634,1
2026-08-23 09:55:04.308776,6226,5214,2769,1
2026-08-23 09:55:04.308796,6041,4974,0,1
2026-08-23 09:55:04.308816,6115,5192,2935,1
2026-08-23 09:55:04.308836,6207,5202,2917,1
2026-08-23 09:55:04.308856,6363,5262,3415,1
2026-08-23 09:55:04.308876,6098,5206,2602,1
2026-08-23 09:55:04.308896,6208,5215,2605,1
2026-08-23 09:55:04.308916,6239,5160,2861,1
2026-08-23 09:55:04.308936,6207,5212,2691,1
2026-08-23 09:55:04.308956,6296,5235,2933,1
2026-08-23 09:55:04.308976,6312,5244,2976,1
2026-08-23 09:55:04.308996,6086,4853,0,1
2026-08-23 09:55:04.309016,6207,5161,2731,1
2026-08-23 09:55:04.309036,6266,5143,2612,1
2026-08-23 09:55:04.309056,6262,5192,2991,1
2026-08-23 09:55:04.309076,6075,5171,2460,1
2026-08-23 09:55:04.309096,6383,5251,2900,1
2026-08-23 09:55:04.309116,6195,5251,3056,1
2026-08-23 09:55:04.309136,6063,5013,0,1
2026-08-23 09:55:04.309156,6242,5215,2644,1
2026-08-23 09:55:04.309176,6218,5241,2637,1
2026-08-23 09:55:04.309196,6324,5306,3164,1
2026-08-23 09:55:04.309216,6223,5239,3025,1
2026-08-23 09:55:04.309236,6271,5241,2908,1
2026-08-23 09:55:04.309256,6329,5274,3207,1
2026-08-23 09:55:04.309276,6254,5162,2322,1
2026-08-23 09:55:04.309296,6263,5241,2639,1
2026-08-23 09:55:04.309316,6234,5204,2719,1
2026-08-23 09:55:04.309336,6312,5235,3305,1
2026-08-23 09:55:04.309356,6102,5180,2929,1
2026-08-23 09:55:04.309376,6231,5242,2892,1
2026-08-23 09:55:04.309396,6358,5254,3356,1
2026-08-23 09:55:04.309416,6103,5210,2518,1
2026-08-23 09:55:04.309436,6262,5243,2581,1
2026-08-23 09:55:04.309456,6258,5220,2807,1
2026-08-23 09:55:04.309476,6126,5205,2412,1
2026-08-23 09:55:04.309496,6362,5267,2957,1
2026-08-23 09:55:04.309516,6291,5293,2953,1
2026-08-23 09:55:04.309536,6314,5301,3560,1
2026-08-23 09:55:04.309556,6164,5208,2720,1
2026-08-23 09:55:04.309576,6245,5210,2607,1
2026-08-23 09:55:04.309596,6279,5247,2938,1
2026-08-23 09:55:04.309616,6097,5183,2269,1
2026-08-23 09:55:04.309636,6336,5267,2910,1
2026-08-23 09:55:04.309656,6209,5222,3024,1
2026-08-23 09:55:04.309676,6042,4966,0,1
2026-08-23 09:55:04.309696,6229,5229,2669,1
2026-08-23 09:55:04.309716,6198,5214,2645,1
2026-08-23 09:55:04.309736,6326,5281,3140,1
2026-08-23 09:55:04.309756,6190,5241,3055,1
2026-08-23 09:55:04.309776,6301,5215,2872,1
2026-08-23 09:55:04.309796,6326,5283,3184,1
2026-08-23 09:55:04.309816,6160,5197,2242,1
2026-08-23 09:55:04.309836,6295,5237,2635,1
2026-08-23 09:55:04.309856,6266,5224,2704,1
2026-08-23 09:55:04.309876,6264,5255,3297,1
2026-08-23 09:55:04.309896,6105,5225,2897,1
2026-08-23 09:55:04.309916,6310,5251,2888,1
2026-08-23 09:55:04.309936,6308,5297,3331,1
2026-08-23 09:55:04.309956,6052,5143,2520,1
2026-08-23 09:55:04.309976,6284,5222,2597,1
2026-08-23 09:55:04.309996,6219,5246,2812,1
2026-08-23 09:55:04.310016,6187,5217,2327,1
2026-08-23 09:55:04.310036,6288,5262,2959,1
2026-08-23 09:55:04.310056,6298,5270,2640,1
2026-08-23 09:55:04.310076,6299,5313,3528,1
2026-08-23 09:55:04.310096,6153,5219,2737,1
2026-08-23 09:55:04.310116,6219,5195,2600,1
2026-08-23 09:55:04.310136,6241,5217,2944,1
2026-08-23 09:55:04.310156,6166,5160,2220,1
2026-08-23 09:55:04.310176,6286,5263,2893,1
2026-08-23 09:55:04.310196,6196,5248,3139,1
2026-08-23 09:55:04.310216,6067,4939,0,1
2026-08-23 09:55:04.310236,6196,5212,2651,1
2026-08-23 09:55:04.310256,6208,5189,2608,1
2026-08-23 09:55:04.310276,6343,5257,3161,1
2026-08-23 09:55:04.310296,6156,5213,2988,1
2026-08-23 09:55:04.310316,6258,5251,2908,1
2026-08-23 09:55:04.310336,6312,5246,3205,1
2026-08-23 09:55:04.310356,6179,5167,2232,1
2026-08-23 09:55:04.310376,6298,5241,2634,1
2026-08-23 09:55:04.310396,6228,5229,2713,1
2026-08-23 09:55:04.310416,6329,5258,3302,1
2026-08-23 09:55:04.310436,6068,5232,2923,1
2026-08-23 09:55:04.310456,6253,5209,2895,1
2026-08-23 09:55:04.310476,6343,5300,3339,1
2026-08-23 09:55:04.310496,6076,5161,2448,1
2026-08-23 09:55:04.310516,6297,5198,2601,1
2026-08-23 09:55:04.310536,6257,5223,2840,1
2026-08-23 09:55:04.310556,6128,5232,2423,1
2026-08-23 09:55:04.310576,6309,5241,2959,1
2026-08-23 09:55:04.310596,6274,5262,2928,1
2026-08-23 09:55:04.310616,6315,5280,3547,1
2026-08-23 09:55:04.310636,6186,5235,2685,1
2026-08-23 09:55:04.310656,6237,5198,2605,1
2026-08-23 09:55:04.310676,6260,5252,2961,1
2026-08-23 09:55:04.310696,6116,5162,2292,1
2026-08-23 09:55:04.310716,6290,5242,2915,1
2026-08-23 09:55:04.310736,6214,5240,3037,1
2026-08-23 09:55:04.310756,6053,4953,0,1
2026-08-23 09:55:04.310776,6173,5216,2618,1
2026-08-23 09:55:04.310796,6267,5230,2614,1
2026-08-23 09:55:04.310816,6345,5251,3153,1
2026-08-23 09:55:04.310836,6098,5209,3058,1
2026-08-23 09:55:04.310856,6312,5256,2874,1
2026-08-23 09:55:04.310876,6291,5256,3193,1
2026-08-23 09:55:04.310896,6129,5176,2176,1
2026-08-23 09:55:04.310916,6335,5267,2646,1
2026-08-23 09:55:04.310936,6194,5248,2701,1
2026-08-23 09:55:04.310956,6342,5274,3320,1
2026-08-23 09:55:04.310976,6045,5210,2923,1
2026-08-23 09:55:04.310996,6238,5229,2891,1
2026-08-23 09:55:04.311016,6331,5288,3330,1
2026-08-23 09:55:04.311036,6049,5186,2446,1
2026-08-23 09:55:04.311056,6281,5220,2585,1
2026-08-23 09:55:04.311076,6253,5245,2813,1
2026-08-23 09:55:04.311096,6169,5168,2320,1
2026-08-23 09:55:04.311116,6282,5230,2966,1
2026-08-23 09:55:04.311136,6267,5231,2967,1
2026-08-23 09:55:04.311156,6292,5304,3521,1
2026-08-23 09:55:04.311176,6158,5213,2731,1
2026-08-23 09:55:04.311196,6216,5227,2612,1
2026-08-23 09:55:04.311216,6257,5218,2917,1
2026-08-23 09:55:04.311236,6117,5154,2131,1
2026-08-23 09:55:04.311256,6297,5238,2889,1
2026-08-23 09:55:04.311276,6175,5234,3015,1
2026-08-23 09:55:04.311296,6070,4917,0,1
2026-08-23 09:55:04.311316,6172,5142,2636,1
2026-08-23 09:55:04.311336,6249,5184,2624,1
2026-08-23 09:55:04.311356,6323,5254,3113,1
2026-08-23 09:55:04.311376,6132,5222,3034,1
2026-08-23 09:55:04.311396,6342,5230,2893,1
2026-08-23 09:55:04.311416,6304,5251,3159,1
2026-08-23 09:55:04.311436,6130,5181,1944,1
2026-08-23 09:55:04.311456,6267,5252,2651,1
2026-08-23 09:55:04.311476,6197,5240,2712,1
2026-08-23 09:55:04.311496,6074,5005,0,1
2026-08-23 09:55:04.311516,6386,3015,2957,1
2026-08-23 09:55:04.311536,6263,2391,0,1
2026-08-23 09:55:04.311556,6382,4256,3402,1
2026-08-23 09:55:04.311576,6279,3256,0,1
2026-08-23 09:55:04.311596,6361,4845,2646,1
2026-08-23 09:55:04.311616,6278,3779,0,1
2026-08-23 09:55:04.311636,6390,5295,3237,1
2026-08-23 09:55:04.311656,6253,3940,0,1
2026-08-23 09:55:04.311676,6371,5420,2963,1
2026-08-23 09:55:04.311696,6253,4182,0,1
2026-08-23 09:55:04.311716,6369,5597,3495,1
2026-08-23 09:55:04.311736,6269,4217,0,1
2026-08-23 09:55:04.311756,6354,5599,2728,1
2026-08-23 09:55:04.311776,6270,4322,0,1
2026-08-23 09:55:04.311796,6370,5725,2781,1
2026-08-23 09:55:04.311816,6275,4371,0,1
2026-08-23 09:55:04.311836,6361,5695,3127,1
2026-08-23 09:55:04.311856,6259,4385,0,1
2026-08-23 09:55:04.311876,6383,5789,3198,1
2026-08-23 09:55:04.311896,6286,4399,0,1
2026-08-23 09:55:04.311916,6371,5762,2983,1
2026-08-23 09:55:04.311936,6278,4427,0,1
2026-08-23 09:55:04.311956,6370,5740,2774,1
2026-08-23 09:55:04.311976,6276,4444,0,1
2026-08-23 09:55:04.311996,6282,5557,236,1
2026-08-23 09:55:04.312016,6266,4504,0,1
2026-08-23 09:55:04.312036,6377,5836,3060,1
2026-08-23 09:55:04.312056,6261,4471,0,1
2026-08-23 09:55:04.312076,6389,5836,3380,1
2026-08-23 09:55:04.312096,6267,4493,0,1
2026-08-23 09:55:04.312116,6361,5812,2919,1
2026-08-23 09:55:04.312136,6267,4473,0,1
2026-08-23 09:55:04.312156,6371,5792,2860,1
2026-08-23 09:55:04.312176,6281,4505,4,1
2026-08-23 09:55:04.312196,6378,5863,3455,1
2026-08-23 09:55:04.312216,6275,4404,0,1
2026-08-23 09:55:04.312236,6357,5773,3098,1
2026-08-23 09:55:04.312256,6276,4449,0,1
2026-08-23 09:55:04.312276,6374,5855,3414,1
2026-08-23 09:55:04.312296,6277,4442,0,1
2026-08-23 09:55:04.312316,6367,5754,2926,1
2026-08-23 09:55:04.312336,6271,4426,0,1
2026-08-23 09:55:04.312356,6367,5775,2846,1
2026-08-23 09:55:04.312376,6279,4460,0,1
2026-08-23 09:55:04.312396,6324,5687,1460,1
2026-08-23 09:55:04.312416,6276,4528,0,1
2026-08-23 09:55:04.312436,6374,5870,3164,1
2026-08-23 09:55:04.312456,6349,2802,1,1
2026-08-23 09:55:04.312476,6388,4334,3675,1
2026-08-23 09:55:04.312496,6283,3598,7,1
2026-08-23 09:55:04.312516,6371,4897,3300,1
2026-08-23 09:55:04.312536,6276,3984,4,1
2026-08-23 09:55:04.312556,6364,5219,3339,1
2026-08-23 09:55:04.312576,6274,4209,10,1
2026-08-23 09:55:04.312596,6378,5414,3671,1
2026-08-23 09:55:04.312616,6284,4320,0,1
2026-08-23 09:55:04.312636,6382,5459,3656,1
2026-08-23 09:55:04.312656,6269,4385,11,1
2026-08-23 09:55:04.312676,6374,5479,3336,1
2026-08-23 09:55:04.312696,6275,4430,21,1
2026-08-23 09:55:04.312716,6377,5552,3334,1
2026-08-23 09:55:04.312736,6276,4429,30,1
2026-08-23 09:55:04.312756,6375,5591,3674,1
2026-08-23 09:55:04.312776,6273,4464,0,1
2026-08-23 09:55:04.312796,6369,5568,3325,1
2026-08-23 09:55:04.312816,6274,4470,18,1
2026-08-23 09:55:04.312836,6377,5600,3715,1
2026-08-23 09:55:04.312856,6286,4458,0,1
2026-08-23 09:55:04.312876,6381,5558,3348,1
2026-08-23 09:55:04.312896,6273,4504,8,1
2026-08-23 09:55:04.312916,6377,5607,3654,1
2026-08-23 09:55:04.312936,6262,4460,8,1
2026-08-23 09:55:04.312956,6373,5557,3333,1
2026-08-23 09:55:04.312976,6268,4527,7,1
2026-08-23 09:55:04.312996,6372,5568,3323,1
2026-08-23 09:55:04.313016,6274,4480,6,1
2026-08-23 09:55:04.313036,6384,5579,3670,1
2026-08-23 09:55:04.313056,6270,4544,6,1
2026-08-23 09:55:04.313076,6376,5561,3328,1
2026-08-23 09:55:04.313096,6277,4504,8,1
2026-08-23 09:55:04.313116,6381,5605,3662,1
2026-08-23 09:55:04.313136,6271,4493,19,1
2026-08-23 09:55:04.313156,6372,5574,3330,1
2026-08-23 09:55:04.313176,6276,4465,12,1
2026-08-23 09:55:04.313196,6382,5589,3664,1
2026-08-23 09:55:04.313216,6304,4466,7,1
2026-08-23 09:55:04.313236,6384,5583,3324,1
2026-08-23 09:55:04.313256,6275,4508,6,1
2026-08-23 09:55:04.313276,6372,5602,3651,1
2026-08-23 09:55:04.313296,6277,4493,4,1
2026-08-23 09:55:04.313316,6368,5568,3324,1
2026-08-23 09:55:04.313336,6265,4500,12,1
2026-08-23 09:55:04.313356,6378,5571,3326,1
2026-08-23 09:55:04.313376,6263,4508,16,1
2026-08-23 09:55:04.313396,6382,5572,3658,1
2026-08-23 09:55:04.313416,6279,4492,4,1
2026-08-23 09:55:04.313436,6383,5529,3340,1
2026-08-23 09:55:04.313456,6331,2828,14,1
2026-08-23 09:55:04.313476,6405,4372,3700,1
2026-08-23 09:55:04.313496,6279,3599,5,1
2026-08-23 09:55:04.313516,6379,4930,3673,1
2026-08-23 09:55:04.313536,6268,3979,1,1
2026-08-23 09:55:04.313556,6371,5227,3328,1
2026-08-23 09:55:04.313576,6271,4243,13,1
2026-08-23 09:55:04.313596,6372,5367,3341,1
2026-08-23 09:55:04.313616,6269,4351,12,1
2026-08-23 09:55:04.313636,6373,5512,3673,1
2026-08-23 09:55:04.313656,6240,4413,21,1
2026-08-23 09:55:04.313676,6372,5490,3301,1
2026-08-23 09:55:04.313696,6303,4446,3,1
2026-08-23 09:55:04.313716,6391,5566,3694,1
2026-08-23 09:55:04.313736,6263,4443,11,1
2026-08-23 09:55:04.313756,6371,5562,3349,1
2026-08-23 09:55:04.313776,6272,4457,7,1
2026-08-23 09:55:04.313796,6378,5579,3672,1
2026-08-23 09:55:04.313816,6271,4438,31,1
2026-08-23 09:55:04.313836,6384,5534,3334,1
2026-08-23 09:55:04.313856,6272,4447,5,1
2026-08-23 09:55:04.313876,6363,5593,3344,1
2026-08-23 09:55:04.313896,6279,4461,9,1
2026-08-23 09:55:04.313916,6477,5568,3668,1
2026-08-23 09:55:04.313936,6272,4481,0,1
2026-08-23 09:55:04.313956,6370,5579,3342,1
2026-08-23 09:55:04.313976,6273,4441,20,1
2026-08-23 09:55:04.313996,6380,5595,3669,1
2026-08-23 09:55:04.314016,6280,4439,15,1
2026-08-23 09:55:04.314036,6378,5540,3344,1
2026-08-23 09:55:04.314056,6282,4457,1,1
2026-08-23 09:55:04.314076,6380,5576,3672,1
2026-08-23 09:55:04.314096,6280,4465,6,1
2026-08-23 09:55:04.314116,6361,5551,3340,1
2026-08-23 09:55:04.314136,6271,4495,23,1
2026-08-23 09:55:04.314156,6370,5567,3666,1
2026-08-23 09:55:04.314176,6276,4492,6,1
2026-08-23 09:55:04.314196,6360,5576,3348,1
2026-08-23 09:55:04.314216,6261,4463,16,1
2026-08-23 09:55:04.314236,6376,5549,3342,1
2026-08-23 09:55:04.314256,6267,4498,2,1
2026-08-23 09:55:04.314276,6370,5572,3941,1
2026-08-23 09:55:04.314296,6284,4462,17,1
2026-08-23 09:55:04.314316,6378,5561,3338,1
2026-08-23 09:55:04.314336,6271,4505,15,1
2026-08-23 09:55:04.314356,6383,5587,3673,1
2026-08-23 09:55:04.314376,6276,4455,7,1
2026-08-23 09:55:04.314396,6379,5585,3354,1
2026-08-23 09:55:04.314416,6271,4490,14,1
2026-08-23 09:55:04.314436,6370,5604,3675,1
2026-08-23 09:55:04.314456,6275,4461,17,1
2026-08-23 09:55:04.314476,6374,5556,3327,1
2026-08-23 09:55:04.314496,6278,4450,24,1
2026-08-23 09:55:04.314516,6375,5597,3672,1
2026-08-23 09:55:04.314536,6267,4455,10,1
2026-08-23 09:55:04.314556,6370,5535,3320,1
2026-08-23 09:55:04.314576,6259,4453,11,1
2026-08-23 09:55:04.314596,6374,5664,3329,1
2026-08-23 09:55:04.314616,6212,4458,9,1
2026-08-23 09:55:04.314636,6390,5610,3672,1
2026-08-23 09:55:04.314656,6271,4450,17,1
2026-08-23 09:55:04.314676,6378,5566,3338,1
2026-08-23 09:55:04.314696,6289,4474,11,1
2026-08-23 09:55:04.314716,6337,2641,1715,1
2026-08-23 09:55:04.314736,6264,2583,0,1
2026-08-23 09:55:04.314756,6351,4211,2667,1
2026-08-23 09:55:04.314776,6280,3606,0,1
2026-08-23 09:55:04.314796,6367,4930,3241,1
2026-08-23 09:55:04.314816,6248,4048,0,1
2026-08-23 09:55:04.314836,6360,5275,3041,1
2026-08-23 09:55:04.314856,6279,4307,9,1
2026-08-23 09:55:04.314876,6354,5448,2858,1
2026-08-23 09:55:04.314896,6253,4449,0,1
2026-08-23 09:55:04.314916,6353,5535,2824,1
2026-08-23 09:55:04.314936,6281,4537,1,1
2026-08-23 09:55:04.314956,6394,5605,3196,1
2026-08-23 09:55:04.314976,6238,4534,0,1
2026-08-23 09:55:04.314996,6362,5649,3122,1
2026-08-23 09:55:04.315016,6277,4583,0,1
2026-08-23 09:55:04.315036,6364,5609,2962,1
2026-08-23 09:55:04.315056,6265,4542,0,1
2026-08-23 09:55:04.315076,6362,5610,2785,1
2026-08-23 09:55:04.315096,6275,4589,0,1
2026-08-23 09:55:04.315116,6339,5561,2052,1
2026-08-23 09:55:04.315136,6267,4656,0,1
2026-08-23 09:55:04.315156,6375,5715,3030,1
2026-08-23 09:55:04.315176,6262,4644,0,1
2026-08-23 09:55:04.315196,6377,5748,3567,1
2026-08-23 09:55:04.315216,6262,4549,0,1
2026-08-23 09:55:04.315236,6354,5581,2807,1
2026-08-23 09:55:04.973398,6253,4576,0,1
2026-08-23 09:55:04.973418,6354,5677,3004,1
2026-08-23 09:55:04.973438,6276,4589,0,1
2026-08-23 09:55:04.973458,6360,5694,3038,1
2026-08-23 09:55:04.973478,6253,4574,0,1
2026-08-23 09:55:04.973498,6368,5680,3125,1
2026-08-23 09:55:04.973518,6273,4628,0,1
2026-08-23 09:55:04.973538,6359,5665,3265,1
2026-08-23 09:55:04.973558,6271,4531,0,1
2026-08-23 09:55:04.973578,6356,5607,2833,1
2026-08-23 09:55:04.973598,6273,4547,0,1
2026-08-23 09:55:04.973618,6364,5643,3015,1
2026-08-23 09:55:04.973638,6274,4595,9,1
2026-08-23 09:55:04.973658,6367,5671,3312,1
2026-08-23 09:55:04.973678,6253,4576,0,1
2026-08-23 09:55:04.973698,6370,5650,3108,1
2026-08-23 09:55:04.973718,6269,4620,0,1
2026-08-23 09:55:04.973738,6207,5301,0,1
2026-08-23 09:55:04.973758,6260,4540,0,1
2026-08-23 09:55:04.973778,6352,5615,2843,1
2026-08-23 09:55:04.973798,6273,4562,0,1
2026-08-23 09:55:04.973818,6361,5685,2967,1
2026-08-23 09:55:04.973838,6277,4596,4,1
2026-08-23 09:55:04.973858,6370,5709,3367,1
2026-08-23 09:55:04.973878,6254,4563,0,1
2026-08-23 09:55:04.973898,6387,5652,3132,1
2026-08-23 09:55:04.973918,6259,4621,0,1
2026-08-23 09:55:04.973938,6372,5715,3519,1
2026-08-23 09:55:04.973958,6268,4556,0,1
2026-08-23 09:55:04.973978,6361,5586,2912,1
2026-08-23 09:55:04.973998,6269,4574,0,1
2026-08-23 09:55:04.974018,6360,5617,2897,1
2026-08-23 09:55:04.974038,6275,4555,0,1
2026-08-23 09:55:04.974058,6314,5500,1276,1
2026-08-23 09:55:04.974078,6272,4680,0,1
2026-08-23 09:55:04.974098,6369,5744,3142,1
2026-08-23 09:55:04.974118,6259,4620,0,1
2026-08-23 09:55:04.974138,6372,5731,3306,1
2026-08-23 09:55:04.974158,6260,4628,18,1
2026-08-23 09:55:04.974178,6370,5651,3012,1
2026-08-23 09:55:04.974198,6263,4583,0,1
2026-08-23 09:55:04.974218,6361,5679,2860,1
2026-08-23 09:55:04.974238,6270,4583,0,1
2026-08-23 09:55:04.974258,6226,5355,0,1
2026-08-23 09:55:04.974278,6267,4631,0,1
2026-08-23 09:55:04.974298,6363,5688,3212,1
2026-08-23 09:55:04.974318,6259,4552,0,1
2026-08-23 09:55:04.974338,6375,5662,3204,1
2026-08-23 09:55:04.974358,6265,4629,0,1
2026-08-23 09:55:04.974378,6368,5692,3142,1
2026-08-23 09:55:04.974398,6264,4543,0,1
2026-08-23 09:55:04.974418,6357,5603,2859,1
2026-08-23 09:55:04.974438,6264,4568,0,1
2026-08-23 09:55:04.974458,6362,5709,3041,1
2026-08-23 09:55:04.974478,6262,4569,4,1
2026-08-23 09:55:04.974498,6360,5681,3324,1
2026-08-23 09:55:04.974518,6259,4572,0,1
2026-08-23 09:55:04.974538,6355,5651,3110,1
2026-08-23 09:55:04.974558,6259,4624,0,1
2026-08-23 09:55:04.974578,6377,5725,3602,1
2026-08-23 09:55:04.974598,6252,4545,0,1
2026-08-23 09:55:04.974618,6362,5645,2866,1
2026-08-23 09:55:04.974638,6258,4571,0,1
2026-08-23 09:55:04.974658,6371,5675,2926,1
2026-08-23 09:55:04.974678,6271,4558,3,1
2026-08-23 09:55:04.974698,6371,5662,3458,1
2026-08-23 09:55:04.974718,6257,4560,0,1
2026-08-23 09:55:04.974738,6366,5616,3123,1
2026-08-23 09:55:04.974758,6287,4568,0,1
2026-08-23 09:55:04.974778,6380,5677,3368,1
2026-08-23 09:55:04.974798,6264,4573,116,1
2026-08-23 09:55:04.974818,6360,5615,2951,1
2026-08-23 09:55:04.974838,6267,4555,0,1
2026-08-23 09:55:04.974858,6356,5669,2851,1
2026-08-23 09:55:04.974878,6276,4629,0,1
2026-08-23 09:55:04.974898,6198,5324,0,1
2026-08-23 09:55:04.974918,6269,4500,0,1
2026-08-23 09:55:04.974938,6371,5590,3156,1
2026-08-23 09:55:04.974958,6297,4530,0,1
2026-08-23 09:55:04.974978,6361,5684,3254,1
2026-08-23 09:55:04.974998,6273,4546,0,1
2026-08-23 09:55:04.975018,6362,5648,3050,1
2026-08-23 09:55:04.975038,6270,4543,0,1
2026-08-23 09:55:04.975058,6360,5670,2818,1
2026-08-23 09:55:04.975078,6267,4628,0,1
2026-08-23 09:55:04.975098,6367,5689,3217,1
2026-08-23 09:55:04.975118,6263,4561,0,1
2026-08-23 09:55:04.975138,6374,5639,3200,1
2026-08-23 09:55:04.975158,6256,4565,0,1
2026-08-23 09:55:04.975178,6366,5686,3184,1
2026-08-23 09:55:04.975198,6275,4594,0,1
2026-08-23 09:55:04.975218,6361,5689,3231,1
2026-08-23 09:55:04.975238,6268,4545,0,1
2026-08-23 09:55:04.975258,6361,5596,2853,1
2026-08-23 09:55:04.975278,6263,4594,0,1
2026-08-23 09:55:04.975298,6369,5673,3006,1
2026-08-23 09:55:04.975318,6266,4619,0,1
2026-08-23 09:55:04.975338,6371,5694,3311,1
2026-08-23 09:55:04.975358,6262,4535,0,1
2026-08-23 09:55:04.975378,6368,5675,3105,1
2026-08-23 09:55:04.975398,6256,4569,0,1
2026-08-23 09:55:04.975418,6216,5359,0,1
2026-08-23 09:55:04.975438,6278,4544,0,1
2026-08-23 09:55:04.975458,6360,5663,2848,1
2026-08-23 09:55:04.975478,6269,4545,0,1
2026-08-23 09:55:04.975498,6362,5690,2964,1
2026-08-23 09:55:04.975518,6268,4636,6,1
2026-08-23 09:55:04.975538,6381,5719,3396,1
2026-08-23 09:55:04.975558,6262,4541,0,1
2026-08-23 09:55:04.975578,6376,5657,3129,1
2026-08-23 09:55:04.975598,6273,4569,0,1
2026-08-23 09:55:04.975618,6361,5707,3477,1
2026-08-23 09:55:04.975638,6275,4555,0,1
2026-08-23 09:55:04.975658,6359,5650,2918,1
2026-08-23 09:55:04.975678,6257,4558,0,1
2026-08-23 09:55:04.975698,6363,5617,2862,1
2026-08-23 09:55:04.975718,6270,4641,0,1
2026-08-23 09:55:04.975738,6339,5565,2084,1
2026-08-23 09:55:04.975758,6274,4629,0,1
2026-08-23 09:55:04.975778,6366,5689,3143,1
2026-08-23 09:55:04.975798,6253,4587,0,1
2026-08-23 09:55:04.975818,6383,5724,3337,1
2026-08-23 09:55:04.975838,6269,4574,2,1
2026-08-23 09:55:04.975858,6368,5698,2965,1
2026-08-23 09:55:04.975878,6263,4571,0,1
2026-08-23 09:55:04.975898,6350,5673,2838,1
2026-08-23 09:55:04.975918,6275,4594,0,1
2026-08-23 09:55:04.975938,6339,5563,1910,1
2026-08-23 09:55:04.975958,6283,4660,0,1
2026-08-23 09:55:04.975978,6365,5737,3161,1
2026-08-23 09:55:04.975998,6263,4590,0,1
2026-08-23 09:55:04.976018,6370,5696,3258,1
2026-08-23 09:55:04.976038,6271,4647,8,1
2026-08-23 09:55:04.976058,6374,5660,3059,1
2026-08-23 09:55:04.976078,6262,4564,0,1
2026-08-23 09:55:04.976098,6358,5670,2809,1
2026-08-23 09:55:04.976118,6274,4579,0,1
2026-08-23 09:55:04.976138,6378,5715,3166,1
2026-08-23 09:55:04.976158,6258,4558,0,1
2026-08-23 09:55:04.976178,6376,5617,3210,1
2026-08-23 09:55:04.976198,6258,4565,0,1
2026-08-23 09:55:04.976218,6366,5689,3180,1
2026-08-23 09:55:04.976238,6271,4619,26,1
2026-08-23 09:55:04.976258,6418,5685,3140,1
2026-08-23 09:55:04.976278,6178,4568,0,1
2026-08-23 09:55:04.976298,6355,5654,2816,1
2026-08-23 09:55:04.976318,6266,4567,0,1
2026-08-23 09:55:04.976338,6368,5672,3162,1
2026-08-23 09:55:04.976358,6267,4569,0,1
2026-08-23 09:55:04.976378,6368,5650,3221,1
2026-08-23 09:55:04.976398,6258,4528,0,1
2026-08-23 09:55:04.976418,6370,5694,3173,1
2026-08-23 09:55:04.976438,6270,4591,0,1
2026-08-23 09:55:04.976458,6365,5670,3207,1
2026-08-23 09:55:04.976478,6267,4555,0,1
2026-08-23 09:55:04.976498,6358,5609,2824,1
2026-08-23 09:55:04.976518,6247,4620,0,1
2026-08-23 09:55:04.976538,6323,5655,3050,1
2026-08-23 09:55:04.976558,6273,4557,0,1
2026-08-23 09:55:04.976578,6374,5701,3263,1
2026-08-23 09:55:04.976598,6262,4517,0,1
2026-08-23 09:55:04.976618,6370,5650,3096,1
2026-08-23 09:55:04.976638,6269,4571,0,1
2026-08-23 09:55:04.976658,6333,5594,2111,1
2026-08-23 09:55:04.976678,6264,4648,0,1
2026-08-23 09:55:04.976698,6361,5677,2812,1
2026-08-23 09:55:04.976718,6270,4628,0,1
2026-08-23 09:55:04.976738,6366,5691,3049,1
2026-08-23 09:55:04.976758,6271,4631,8,1
2026-08-23 09:55:04.976778,6361,5717,3282,1
2026-08-23 09:55:04.976798,6253,4579,0,1
2026-08-23 09:55:04.976818,6356,5684,3140,1
2026-08-23 09:55:04.976838,6276,4571,0,1
2026-08-23 09:55:04.976858,6370,5680,3302,1
2026-08-23 09:55:04.976878,6261,4566,0,1
2026-08-23 09:55:04.976898,6368,5608,2859,1
2026-08-23 09:55:04.976918,6256,4551,0,1
2026-08-23 09:55:04.976938,6366,5692,2961,1
2026-08-23 09:55:04.976958,6272,4575,5,1
2026-08-23 09:55:04.976978,6368,5687,3373,1
2026-08-23 09:55:04.976998,6261,4565,0,1
2026-08-23 09:55:04.977018,6359,5667,3105,1
2026-08-23 09:55:04.977038,6263,4568,0,1
2026-08-23 09:55:04.977058,6381,5708,3567,1
2026-08-23 09:55:04.977078,6264,4511,0,1
2026-08-23 09:55:04.977098,6362,5669,2846,1
2026-08-23 09:55:04.977118,6269,4544,0,1
2026-08-23 09:55:04.977138,6362,5686,2935,1
2026-08-23 09:55:04.977158,6278,4581,13,1
2026-08-23 09:55:04.977178,6368,5718,3398,1
2026-08-23 09:55:04.977198,6262,4527,0,1
2026-08-23 09:55:04.977218,6364,5662,3112,1
2026-08-23 09:55:04.977238,6267,4564,0,1
2026-08-23 09:55:04.977258,6376,5697,3484,1
2026-08-23 09:55:04.977278,6269,4532,0,1
2026-08-23 09:55:04.977298,6349,5670,2884,1
2026-08-23 09:55:04.977318,6264,4550,0,1
2026-08-23 09:55:04.977338,6359,5656,2878,1
2026-08-23 09:55:04.977358,6264,4635,2,1
2026-08-23 09:55:04.977378,6362,5654,2754,1
2026-08-23 09:55:04.977398,6259,4569,0,1
2026-08-23 09:55:04.977418,6365,5715,3216,1
2026-08-23 09:55:04.977438,6257,4619,0,1
2026-08-23 09:55:04.977458,6371,5721,3396,1
2026-08-23 09:55:04.977478,6271,4571,0,1
2026-08-23 09:55:04.977498,6360,5652,2911,1
2026-08-23 09:55:04.977518,6268,4551,0,1
2026-08-23 09:55:04.977538,6358,5668,2860,1
2026-08-23 09:55:04.977558,6267,4638,14,1
2026-08-23 09:55:04.977578,6361,5710,3153,1
2026-08-23 09:55:04.977598,6266,4546,0,1
2026-08-23 09:55:04.977618,6358,5702,3129,1
2026-08-23 09:55:04.977638,6261,4556,0,1
2026-08-23 09:55:04.977658,6376,5691,3354,1
2026-08-23 09:55:04.977678,6269,4568,14,1
2026-08-23 09:55:04.977698,6366,5651,2966,1
2026-08-23 09:55:04.977718,6260,4579,0,1
2026-08-23 09:55:04.977738,6360,5670,2845,1
2026-08-23 09:55:04.977758,6263,4626,0,1
2026-08-23 09:55:04.977778,6260,5481,133,1
2026-08-23 09:55:04.977798,6264,4690,0,1
2026-08-23 09:55:04.977818,6374,5723,3120,1
2026-08-23 09:55:04.977838,6259,4643,0,1
2026-08-23 09:55:04.977858,6370,5760,3295,1
2026-08-23 09:55:04.977878,6273,4620,3,1
2026-08-23 09:55:04.977898,6359,5668,2973,1
2026-08-23 09:55:04.977918,6265,4562,0,1
2026-08-23 09:55:04.977938,6367,5665,2803,1
2026-08-23 09:55:04.977958,6270,4582,0,1
2026-08-23 09:55:04.977978,6317,5580,1794,1
2026-08-23 09:55:04.977998,6273,4664,0,1
2026-08-23 09:55:04.978018,6367,5716,3138,1
2026-08-23 09:55:04.978038,6260,4586,0,1
2026-08-23 09:55:04.978058,6370,5712,3307,1
2026-08-23 09:55:04.978078,6273,4582,7,1
2026-08-23 09:55:04.978098,6360,5713,3040,1
2026-08-23 09:55:04.978118,6263,4589,0,1
2026-08-23 09:55:04.978138,6363,5654,2837,1
2026-08-23 09:55:04.978158,6280,4584,0,1
2026-08-23 09:55:04.978178,6368,5719,3273,1
2026-08-23 09:55:04.978198,6263,4496,0,1
2026-08-23 09:55:04.978218,6366,5643,3154,1
2026-08-23 09:55:04.978238,6245,4542,0,1
2026-08-23 09:55:04.978258,6365,5701,3220,1
2026-08-23 09:55:04.978278,6272,4531,7,1
2026-08-23 09:55:04.978298,6361,5701,3049,1
2026-08-23 09:55:04.978318,6261,4527,0,1
2026-08-23 09:55:04.978338,6356,5686,2795,1
2026-08-23 09:55:04.978358,6282,4547,0,1
2026-08-23 09:55:04.978378,6223,5405,0,1
2026-08-23 09:55:04.978398,6270,4660,0,1
2026-08-23 09:55:04.978418,6367,5770,3155,1
2026-08-23 09:55:04.978438,6256,4569,0,1
2026-08-23 09:55:04.978458,6485,5754,3225,1
2026-08-23 09:55:04.978478,6274,4571,6,1
2026-08-23 09:55:04.978498,6351,5716,3094,1
2026-08-23 09:55:04.978518,6257,4582,0,1
2026-08-23 09:55:04.978538,6366,5726,2810,1
2026-08-23 09:55:04.978558,6264,4596,0,1
2026-08-23 09:55:04.978578,6369,5724,3213,1
2026-08-23 09:55:04.978598,6257,4525,0,1
2026-08-23 09:55:04.978618,6356,5709,3169,1
2026-08-23 09:55:04.978638,6253,4541,0,1
2026-08-23 09:55:04.978658,6358,5755,3196,1
2026-08-23 09:55:04.978678,6275,4547,12,1
2026-08-23 09:55:04.978698,6367,5719,3089,1
2026-08-23 09:55:04.978718,6259,4541,0,1
2026-08-23 09:55:04.978738,6361,5663,2792,1
2026-08-23 09:55:04.978758,6256,4553,0,1
2026-08-23 09:55:04.978778,6255,5520,0,1
2026-08-23 09:55:04.978798,6275,4544,0,1
2026-08-23 09:55:04.978818,6363,5718,3138,1
2026-08-23 09:55:04.978838,6258,4509,0,1
2026-08-23 09:55:04.978858,6374,5710,3212,1
2026-08-23 09:55:04.978878,6261,4567,11,1
2026-08-23 09:55:04.978898,6372,5723,3104,1
2026-08-23 09:55:04.978918,6265,4521,0,1
2026-08-23 09:55:04.978938,6358,5707,2804,1
2026-08-23 09:55:04.978958,6274,4542,0,1
2026-08-23 09:55:04.978978,6370,5707,3194,1
2026-08-23 09:55:04.978998,6262,4520,0,1
2026-08-23 09:55:04.979018,6372,5720,3666,1
2026-08-23 09:55:04.979038,6247,4535,0,1
2026-08-23 09:55:04.979058,6364,5707,3185,1
2026-08-23 09:55:04.979078,6275,4547,9,1
2026-08-23 09:55:04.979098,6368,5710,3099,1
2026-08-23 09:55:04.979118,6263,4500,0,1
2026-08-23 09:55:04.979138,6369,5731,2779,1
2026-08-23 09:55:04.979158,6269,4564,0,1
2026-08-23 09:55:04.979178,6213,5443,0,1
2026-08-23 09:55:04.979198,6265,4557,0,1
2026-08-23 09:55:04.979218,6354,5746,3148,1
2026-08-23 09:55:04.979238,6258,4508,0,1
2026-08-23 09:55:04.979258,6366,5779,3222,1
2026-08-23 09:55:04.979278,6270,4518,9,1
2026-08-23 09:55:04.979298,6366,5759,3086,1
2026-08-23 09:55:04.979318,6263,4491,0,1
2026-08-23 09:55:04.979338,6352,5748,2777,1
2026-08-23 09:55:04.979358,6260,4556,0,1
2026-08-23 09:55:04.979378,6365,5779,3245,1
2026-08-23 09:55:04.979398,6261,4464,0,1
2026-08-23 09:55:04.979418,6381,5702,3148,1
2026-08-23 09:55:04.979438,6248,4481,0,1
2026-08-23 09:55:04.979458,6368,5722,3212,1
2026-08-23 09:55:04.979478,6273,4525,7,1
2026-08-23 09:55:04.979498,6357,5760,3059,1
2026-08-23 09:55:04.979518,6268,4510,0,1
2026-08-23 09:55:04.979538,6358,5736,2790,1
2026-08-23 09:55:04.979558,6264,4552,0,1
2026-08-23 09:55:04.979578,6263,5527,0,1
2026-08-23 09:55:04.979598,6274,4631,0,1
2026-08-23 09:55:04.979618,6373,5855,3145,1
2026-08-23 09:55:04.979638,6256,4564,0,1
2026-08-23 09:55:04.979658,6370,5839,3243,1
2026-08-23 09:55:04.979678,6263,4527,5,1
2026-08-23 09:55:04.979698,6368,5783,3059,1
2026-08-23 09:55:04.979718,6279,4501,0,1
2026-08-23 09:55:04.979738,6368,5758,2782,1
2026-08-23 09:55:04.979758,6272,4527,0,1
2026-08-23 09:55:04.979778,6361,5841,3236,1
2026-08-23 09:55:04.979798,6256,4498,0,1
2026-08-23 09:55:04.979818,6371,5767,3052,1
2026-08-23 09:55:04.979838,6256,4481,0,1
2026-08-23 09:55:04.979858,6371,5813,3222,1
2026-08-23 09:55:04.979878,6271,4537,8,1
2026-08-23 09:55:04.979898,6358,5805,3034,1
2026-08-23 09:55:04.979918,6263,4489,0,1
2026-08-23 09:55:04.979938,6358,5786,2788,1
2026-08-23 09:55:04.979958,6262,4550,54,1
2026-08-23 09:55:04.979978,6282,5608,487,1
2026-08-23 09:55:04.979998,6268,4621,0,1
2026-08-23 09:55:04.980018,6370,5844,3148,1
2026-08-23 09:55:04.980038,6255,4619,0,1
2026-08-23 09:55:04.980058,6374,5842,3241,1
2026-08-23 09:55:04.980078,6265,4560,9,1
2026-08-23 09:55:04.980098,6354,5785,3013,1
2026-08-23 09:55:04.980118,6264,4499,0,1
2026-08-23 09:55:04.980138,6357,5765,2807,1
2026-08-23 09:55:04.980158,6269,4559,0,1
2026-08-23 09:55:04.980178,6367,5831,3320,1
2026-08-23 09:55:04.980198,6259,4449,0,1
2026-08-23 09:55:04.980218,6366,5728,3143,1
2026-08-23 09:55:04.980238,6246,4461,0,1
2026-08-23 09:55:04.980258,6373,5802,3233,1
2026-08-23 09:55:04.980278,6266,4531,18,1
2026-08-23 09:55:04.980298,6376,5791,3017,1
2026-08-23 09:55:04.980318,6274,4513,0,1
2026-08-23 09:55:04.980338,6348,5743,2796,1
2026-08-23 09:55:04.980358,6267,4542,0,1
2026-08-23 09:55:04.980378,6295,5675,1050,1
2026-08-23 09:55:04.980398,6270,4619,0,1
2026-08-23 09:55:04.980418,6376,5836,3142,1
2026-08-23 09:55:04.980438,6250,4565,0,1
2026-08-23 09:55:04.980458,6368,5856,3254,1
2026-08-23 09:55:04.980478,6270,4550,1,1
2026-08-23 09:55:04.980498,6366,5822,3027,1
2026-08-23 09:55:04.980518,6255,4497,0,1
2026-08-23 09:55:04.980538,6359,5797,2811,1
2026-08-23 09:55:04.980558,6267,4549,0,1
2026-08-23 09:55:04.980578,6367,5850,3264,1
2026-08-23 09:55:04.980598,6253,4442,0,1
2026-08-23 09:55:04.980618,6356,5742,3152,1
2026-08-23 09:55:04.980638,6260,4468,0,1
2026-08-23 09:55:04.980658,6367,5758,3224,1
2026-08-23 09:55:04.980678,6270,4511,7,1
2026-08-23 09:55:04.980698,6359,5774,3027,1
2026-08-23 09:55:04.980718,6253,4507,0,1
2026-08-23 09:55:04.980738,6359,5745,2790,1
2026-08-23 09:55:04.980758,6272,4542,0,1
2026-08-23 09:55:04.980778,6297,5617,809,1
2026-08-23 09:55:04.980798,6276,4584,0,1
2026-08-23 09:55:04.980818,6372,5834,3144,1
2026-08-23 09:55:04.980838,6256,4551,0,1
2026-08-23 09:55:04.980858,6371,5802,3240,1
2026-08-23 09:55:04.980878,6246,4548,4,1
2026-08-23 09:55:04.980898,6365,5762,3037,1
2026-08-23 09:55:04.980918,6265,4506,0,1
2026-08-23 09:55:04.980938,6359,5736,2800,1
2026-08-23 09:55:04.980958,6263,4578,0,1
2026-08-23 09:55:04.980978,6370,5766,3267,1
2026-08-23 09:55:04.980998,6260,4479,0,1
2026-08-23 09:55:04.981018,6357,5734,3171,1
2026-08-23 09:55:04.981038,6247,4515,0,1
2026-08-23 09:55:04.981058,6361,5727,3237,1
2026-08-23 09:55:04.981078,6275,4522,0,1
2026-08-23 09:55:04.981098,6374,5721,3024,1
2026-08-23 09:55:04.981118,6258,4502,0,1
2026-08-23 09:55:04.981138,6357,5700,2792,1
2026-08-23 09:55:04.981158,6259,4535,0,1
2026-08-23 09:55:04.981178,6276,5530,286,1
2026-08-23 09:55:04.981198,6278,4638,0,1
2026-08-23 09:55:04.981218,6367,5822,3158,1
2026-08-23 09:55:04.981238,6255,4593,0,1
2026-08-23 09:55:04.981258,6280,5787,3224,1
2026-08-23 09:55:04.981278,6273,4573,0,1
2026-08-23 09:55:04.981298,6361,5750,3082,1
2026-08-23 09:55:04.981318,6262,4568,0,1
2026-08-23 09:55:04.981338,6353,5727,2810,1
2026-08-23 09:55:04.981358,6269,4577,0,1
2026-08-23 09:55:04.981378,6370,5745,3222,1
2026-08-23 09:55:04.981398,6256,4516,0,1
2026-08-23 09:55:04.981418,6365,5689,3140,1
2026-08-23 09:55:04.981438,6250,4490,0,1
2026-08-23 09:55:04.981458,6371,5683,3222,1
2026-08-23 09:55:04.981478,6262,4568,18,1
2026-08-23 09:55:04.981498,6360,5733,3052,1
2026-08-23 09:55:04.981518,6276,4522,0,1
2026-08-23 09:55:04.981538,6362,5680,2782,1
2026-08-23 09:55:04.981558,6272,4568,0,1
2026-08-23 09:55:04.981578,6262,5496,0,1
2026-08-23 09:55:04.981598,6275,4682,0,1
2026-08-23 09:55:04.981618,6362,5760,3152,1
2026-08-23 09:55:04.981638,6257,4589,0,1
2026-08-23 09:55:04.981658,6366,5755,3233,1
2026-08-23 09:55:04.981678,6286,4640,16,1
2026-08-23 09:55:04.981698,6368,5741,3109,1
2026-08-23 09:55:04.981718,6264,4583,0,1
2026-08-23 09:55:04.981738,6354,5670,2786,1
2026-08-23 09:55:04.981758,6271,4592,0,1
2026-08-23 09:55:04.981778,6372,5710,3229,1
2026-08-23 09:55:04.981798,6263,4498,0,1
2026-08-23 09:55:04.981818,6356,5689,3150,1
2026-08-23 09:55:04.981838,6248,4554,0,1
2026-08-23 09:55:04.981858,6371,5685,3195,1
2026-08-23 09:55:04.981878,6268,4557,12,1
2026-08-23 09:55:04.981898,6374,5682,3029,1
2026-08-23 09:55:04.981918,6209,4538,0,1
2026-08-23 09:55:04.981938,6356,5700,2807,1
2026-08-23 09:55:04.981958,6268,4571,0,1
2026-08-23 09:55:04.981978,6242,5438,0,1
2026-08-23 09:55:04.981998,6286,4682,0,1
2026-08-23 09:55:04.982018,6363,5775,3153,1
2026-08-23 09:55:04.982038,6252,4634,0,1
2026-08-23 09:55:04.982058,6374,5723,3231,1
2026-08-23 09:55:04.982078,6279,4643,5,1
2026-08-23 09:55:04.982098,6355,5752,3081,1
2026-08-23 09:55:04.982118,6269,4553,0,1
2026-08-23 09:55:04.982138,6360,5664,2800,1
2026-08-23 09:55:04.982158,6270,4593,0,1
2026-08-23 09:55:04.982178,6379,5764,3224,1
2026-08-23 09:55:04.982198,6274,4534,0,1
2026-08-23 09:55:04.982218,6362,5670,3168,1
2026-08-23 09:55:04.982238,6262,4589,0,1
2026-08-23 09:55:04.982258,6373,5718,3207,1
2026-08-23 09:55:04.982278,6279,4563,3,1
2026-08-23 09:55:04.982298,6368,5714,3047,1
2026-08-23 09:55:04.982318,6194,4576,0,1
2026-08-23 09:55:04.982338,6370,5659,2786,1
2026-08-23 09:55:04.982358,6269,4636,0,1
2026-08-23 09:55:04.982378,6258,5485,0,1
2026-08-23 09:55:04.982398,6273,4670,0,1
2026-08-23 09:55:04.982418,6365,5761,3152,1
2026-08-23 09:55:04.982438,6264,4660,0,1
2026-08-23 09:55:04.982458,6370,5738,3228,1
2026-08-23 09:55:04.982478,6276,4619,10,1
2026-08-23 09:55:04.982498,6362,5704,3092,1
2026-08-23 09:55:04.982518,6261,4580,0,1
2026-08-23 09:55:04.982538,6363,5679,2800,1
2026-08-23 09:55:04.982558,6274,4557,0,1
2026-08-23 09:55:04.982578,6359,5740,3227,1
2026-08-23 09:55:04.982598,6263,4514,0,1
2026-08-23 09:55:04.982618,6372,5693,3161,1
2026-08-23 09:55:04.982638,6252,4554,0,1
2026-08-23 09:55:04.982658,6362,5710,3203,1
2026-08-23 09:55:04.982678,6365,4592,3,1
2026-08-23 09:55:04.982698,6370,5709,3155,1
2026-08-23 09:55:04.982718,6256,4577,0,1
2026-08-23 09:55:04.982738,6349,5689,2794,1
2026-08-23 09:55:04.982758,6270,4573,0,1
2026-08-23 09:55:04.982778,6237,5488,0,1
2026-08-23 09:55:04.982798,6269,4660,0,1
2026-08-23 09:55:04.982818,6374,5762,3150,1
2026-08-23 09:55:04.982838,6266,4590,0,1
2026-08-23 09:55:04.982858,6368,5745,3234,1
2026-08-23 09:55:04.982878,6264,4584,1,1
2026-08-23 09:55:04.982898,6366,5685,3085,1
2026-08-23 09:55:04.982918,6286,4551,0,1
2026-08-23 09:55:04.982938,6360,5698,2782,1
2026-08-23 09:55:04.982958,6270,4567,0,1
2026-08-23 09:55:04.982978,6369,5709,3232,1
2026-08-23 09:55:04.982998,6260,4509,0,1
2026-08-23 09:55:04.983018,6364,5694,3161,1
2026-08-23 09:55:04.983038,6247,4543,0,1
2026-08-23 09:55:04.983058,6380,5682,3213,1
2026-08-23 09:55:04.983078,6286,4553,24,1
2026-08-23 09:55:04.983098,6368,5673,2979,1
2026-08-23 09:55:04.983118,6257,4556,0,1
2026-08-23 09:55:04.983138,6364,5663,2796,1
2026-08-23 09:55:04.983158,6271,4592,0,1
2026-08-23 09:55:04.983178,6259,5468,12,1
2026-08-23 09:55:04.983198,6272,4689,0,1
2026-08-23 09:55:04.983218,6373,5762,3152,1
2026-08-23 09:55:04.983238,6250,4636,0,1
2026-08-23 09:55:04.983258,6374,5734,3235,1
2026-08-23 09:55:04.983278,6271,4579,6,1
2026-08-23 09:55:04.983298,6379,5742,3042,1
2026-08-23 09:55:04.983318,6267,4563,0,1
2026-08-23 09:55:04.983338,6353,5677,2804,1
2026-08-23 09:55:04.983358,6273,4570,0,1
2026-08-23 09:55:04.983378,6364,5721,3247,1
2026-08-23 09:55:04.983398,6260,4532,0,1
2026-08-23 09:55:04.983418,6355,5662,3144,1
2026-08-23 09:55:04.983438,6255,4518,0,1
2026-08-23 09:55:04.983458,6367,5722,3231,1
2026-08-23 09:55:04.983478,6271,4560,10,1
2026-08-23 09:55:04.983498,6367,5686,3042,1
2026-08-23 09:55:04.983518,6266,4538,0,1
2026-08-23 09:55:04.983538,6359,5703,2809,1
2026-08-23 09:55:04.983558,6262,4595,0,1
2026-08-23 09:55:04.983578,6267,5492,233,1
2026-08-23 09:55:04.983598,6271,4689,0,1
2026-08-23 09:55:04.983618,6358,5811,3137,1
2026-08-23 09:55:04.983638,6245,4582,0,1
2026-08-23 09:55:04.983658,6367,5751,3243,1
2026-08-23 09:55:04.983678,6264,4583,9,1
2026-08-23 09:55:04.983698,6360,5744,3021,1
2026-08-23 09:55:04.983718,6257,4581,0,1
2026-08-23 09:55:04.983738,6361,5722,3015,1
2026-08-23 09:55:04.983758,6270,4568,0,1
2026-08-23 09:55:04.983778,6370,5724,3232,1
2026-08-23 09:55:04.983798,6261,4488,0,1
2026-08-23 09:55:04.983818,6368,5702,3150,1
2026-08-23 09:55:04.983838,6253,4532,0,1
2026-08-23 09:55:04.983858,6368,5697,3223,1
2026-08-23 09:55:04.983878,6262,4531,18,1
2026-08-23 09:55:04.983898,6365,5703,3012,1
2026-08-23 09:55:04.983918,6264,4516,0,1
2026-08-23 09:55:04.983938,6361,5689,2787,1
2026-08-23 09:55:04.983958,6280,4553,0,1
2026-08-23 09:55:04.983978,6262,5543,135,1
2026-08-23 09:55:04.983998,6271,4654,0,1
2026-08-23 09:55:04.984018,6371,5825,3142,1
2026-08-23 09:55:04.984038,6261,4572,0,1
2026-08-23 09:55:04.984058,6371,5807,3241,1
2026-08-23 09:55:04.984078,6272,4565,15,1
2026-08-23 09:55:04.984098,6362,5741,3054,1
2026-08-23 09:55:04.984118,6266,4535,0,1
2026-08-23 09:55:04.984138,6363,5719,2810,1
2026-08-23 09:55:04.984158,6266,4546,0,1
2026-08-23 09:55:04.984178,6365,5754,3256,1
2026-08-23 09:55:04.984198,6268,4515,0,1
2026-08-23 09:55:04.984218,6319,5689,3150,1
2026-08-23 09:55:04.984238,6256,4531,0,1
2026-08-23 09:55:04.984258,6370,5745,3219,1
2026-08-23 09:55:04.984278,6272,4522,13,1
2026-08-23 09:55:04.984298,6370,5718,3031,1
2026-08-23 09:55:04.984318,6269,4513,0,1
2026-08-23 09:55:04.984338,6359,5728,2801,1
2026-08-23 09:55:04.984358,6271,4579,0,1
2026-08-23 09:55:04.984378,6272,5565,361,1
2026-08-23 09:55:04.984398,6278,4654,0,1
2026-08-23 09:55:04.984418,6379,5823,3150,1
2026-08-23 09:55:04.984438,6267,4543,0,1
2026-08-23 09:55:04.984458,6368,5771,3233,1
2026-08-23 09:55:04.984478,6272,4582,9,1
2026-08-23 09:55:04.984498,6363,5730,3056,1
2026-08-23 09:55:04.984518,6255,4548,0,1
2026-08-23 09:55:04.984538,6359,5743,2802,1
2026-08-23 09:55:04.984558,6269,4574,0,1
2026-08-23 09:55:04.984578,6375,5786,3255,1
2026-08-23 09:55:04.984598,6262,4489,0,1
2026-08-23 09:55:04.984618,6367,5686,3155,1
2026-08-23 09:55:04.984638,6247,4499,0,1
2026-08-23 09:55:04.984658,6371,5718,3208,1
2026-08-23 09:55:04.984678,6277,4533,10,1
2026-08-23 09:55:04.984698,6374,5710,3042,1
2026-08-23 09:55:04.984718,6264,4517,0,1
2026-08-23 09:55:04.984738,6359,5715,2774,1
2026-08-23 09:55:04.984758,6267,4580,0,1
2026-08-23 09:55:04.984778,6262,5501,0,1
2026-08-23 09:55:04.984798,6278,4646,0,1
2026-08-23 09:55:04.984818,6370,5824,3149,1
2026-08-23 09:55:04.984838,6252,4616,0,1
2026-08-23 09:55:04.984858,6386,5770,3236,1
2026-08-23 09:55:04.984878,6268,4621,0,1
2026-08-23 09:55:04.984898,6370,5727,3086,1
2026-08-23 09:55:04.984918,6257,4562,0,1
2026-08-23 09:55:04.984938,6370,5692,2794,1
2026-08-23 09:55:04.984958,6270,4553,0,1
2026-08-23 09:55:04.984978,6359,5756,3238,1
2026-08-23 09:55:04.984998,6260,4500,0,1
2026-08-23 09:55:04.985018,6355,5697,3117,1
2026-08-23 09:55:04.985038,6256,4530,0,1
2026-08-23 09:55:04.985058,6362,5733,3203,1
2026-08-23 09:55:04.985078,6278,4545,0,1
2026-08-23 09:55:04.985098,6365,5730,2971,1
2026-08-23 09:55:04.985118,6264,4512,0,1
2026-08-23 09:55:04.985138,6362,5714,2794,1
2026-08-23 09:55:04.985158,6256,4553,255,1
2026-08-23 09:55:04.985178,6231,5433,0,1
2026-08-23 09:55:04.985198,6277,4565,0,1
2026-08-23 09:55:04.985218,6264,5767,3161,1
2026-08-23 09:55:04.985238,6262,4542,0,1
2026-08-23 09:55:04.985258,6367,5775,3216,1
2026-08-23 09:55:04.985278,6278,4576,8,1
2026-08-23 09:55:04.985298,6366,5753,3098,1
2026-08-23 09:55:04.985318,6259,4580,0,1
2026-08-23 09:55:04.985338,6362,5691,2807,1
2026-08-23 09:55:04.985358,6276,4588,0,1
2026-08-23 09:55:04.985378,6375,5741,3186,1
2026-08-23 09:55:04.985398,6257,4544,0,1
2026-08-23 09:55:04.985418,6372,5706,3162,1
2026-08-23 09:55:04.985438,6250,4505,0,1
2026-08-23 09:55:04.985458,6376,5697,3179,1
2026-08-23 09:55:04.985478,6278,4580,0,1
2026-08-23 09:55:04.985498,6364,5747,3108,1
2026-08-23 09:55:04.985518,6262,4524,0,1
2026-08-23 09:55:04.985538,6363,5731,2793,1
2026-08-23 09:55:04.985558,6270,4592,0,1
2026-08-23 09:55:04.985578,6287,5554,0,1
2026-08-23 09:55:04.985598,6263,4538,0,1
2026-08-23 09:55:04.985618,6373,5696,3152,1
2026-08-23 09:55:04.985638,6268,4544,0,1
2026-08-23 09:55:04.985658,6356,5723,3204,1
2026-08-23 09:55:04.985678,6271,4577,4,1
2026-08-23 09:55:04.985698,6364,5738,3109,1
2026-08-23 09:55:04.985718,6258,4549,0,1
2026-08-23 09:55:04.985738,6291,5678,2786,1
2026-08-23 09:55:04.985758,6270,4564,0,1
2026-08-23 09:55:04.985778,6372,5759,3194,1
2026-08-23 09:55:04.985798,6257,4516,0,1
2026-08-23 09:55:04.985818,6370,5707,3163,1
2026-08-23 09:55:04.985838,6256,4536,0,1
2026-08-23 09:55:04.985858,6370,5721,3210,1
2026-08-23 09:55:04.985878,6277,4558,6,1
2026-08-23 09:55:04.985898,6373,5682,3045,1
2026-08-23 09:55:04.985918,6264,4545,0,1
2026-08-23 09:55:04.985938,6351,5690,2760,1
2026-08-23 09:55:04.985958,6248,4557,0,1
2026-08-23 09:55:04.985978,6268,5504,37,1
2026-08-23 09:55:04.985998,6269,4676,0,1
2026-08-23 09:55:04.986018,6364,5805,3147,1
2026-08-23 09:55:04.986038,6262,4616,0,1
2026-08-23 09:55:04.986058,6359,5765,3230,1
2026-08-23 09:55:04.986078,6267,4630,8,1
2026-08-23 09:55:04.986098,6363,5762,3046,1
2026-08-23 09:55:04.986118,6269,4555,0,1
2026-08-23 09:55:04.986138,6352,5751,2805,1
2026-08-23 09:55:04.986158,6230,4583,0,1
2026-08-23 09:55:04.986178,6377,5757,3250,1
2026-08-23 09:55:04.986198,6261,4468,0,1
2026-08-23 09:55:04.986218,6378,5682,3126,1
2026-08-23 09:55:04.986238,6252,4528,0,1
2026-08-23 09:55:04.986258,6378,5696,3227,1
2026-08-23 09:55:04.986278,6277,4549,6,1
2026-08-23 09:55:04.986298,6365,5740,3019,1
2026-08-23 09:55:04.986318,6267,4510,0,1
2026-08-23 09:55:04.986338,6351,5701,2750,1
2026-08-23 09:55:04.986358,6274,4575,0,1
2026-08-23 09:55:04.986378,6306,5641,1247,1
2026-08-23 09:55:04.986398,6275,4620,0,1
2026-08-23 09:55:04.986418,6363,5811,3139,1
2026-08-23 09:55:04.986438,6258,4528,0,1
2026-08-23 09:55:04.986458,6380,5766,3260,1
2026-08-23 09:55:04.986478,6275,4587,0,1
2026-08-23 09:55:04.986498,6355,5750,3019,1
2026-08-23 09:55:04.986518,6268,4528,0,1
2026-08-23 09:55:04.986538,6365,5706,2809,1
2026-08-23 09:55:04.986558,6267,4554,46,1
2026-08-23 09:55:04.986578,6406,5783,3279,1
2026-08-23 09:55:04.986598,6213,4501,0,1
2026-08-23 09:55:04.986618,6360,5708,3134,1
2026-08-23 09:55:04.986638,6259,4524,0,1
2026-08-23 09:55:04.986658,6372,5710,3253,1
2026-08-23 09:55:04.986678,6267,4556,6,1
2026-08-23 09:55:04.986698,6370,5700,2985,1
2026-08-23 09:55:04.986718,6265,4521,0,1
2026-08-23 09:55:04.986738,6359,5728,2799,1
2026-08-23 09:55:04.986758,6264,4569,0,1
2026-08-23 09:55:04.986778,6311,5619,1359,1
2026-08-23 09:55:04.986798,6283,4594,0,1
2026-08-23 09:55:04.986818,6373,5817,3140,1
2026-08-23 09:55:04.986838,6263,4554,0,1
2026-08-23 09:55:04.986858,6376,5750,3266,1
2026-08-23 09:55:04.986878,6271,4557,4,1
2026-08-23 09:55:04.986898,6366,5752,3023,1
2026-08-23 09:55:04.986918,6264,4545,0,1
2026-08-23 09:55:04.986938,6357,5735,2804,1
2026-08-23 09:55:04.986958,6262,4547,0,1
2026-08-23 09:55:04.986978,6381,5748,3274,1
2026-08-23 09:55:04.986998,6264,4470,0,1
2026-08-23 09:55:04.987018,6368,5701,3136,1
2026-08-23 09:55:04.987038,6260,4525,0,1
2026-08-23 09:55:04.987058,6374,5708,3231,1
2026-08-23 09:55:04.987078,6274,4545,0,1
2026-08-23 09:55:04.987098,6363,5729,3023,1
2026-08-23 09:55:04.987118,6264,4501,0,1
2026-08-23 09:55:04.987138,6353,5726,2800,1
2026-08-23 09:55:04.987158,6270,4574,0,1
2026-08-23 09:55:04.987178,6309,5592,1080,1
2026-08-23 09:55:04.987198,6274,4652,0,1
2026-08-23 09:55:04.987218,6367,5781,3137,1
2026-08-23 09:55:04.987238,6260,4591,0,1
2026-08-23 09:55:04.987258,6365,5798,3252,1
2026-08-23 09:55:04.987278,6281,4552,5,1
2026-08-23 09:55:04.987298,6368,5734,3057,1
2026-08-23 09:55:04.987318,6270,4535,0,1
2026-08-23 09:55:04.987338,6356,5744,2802,1
2026-08-23 09:55:04.987358,6275,4619,0,1
2026-08-23 09:55:04.987378,6370,5776,3276,1
2026-08-23 09:55:04.987398,6257,4483,0,1
2026-08-23 09:55:04.987418,6372,5711,3144,1
2026-08-23 09:55:04.987438,6257,4523,0,1
2026-08-23 09:55:04.987458,6367,5732,3239,1
2026-08-23 09:55:04.987478,6278,4504,14,1
2026-08-23 09:55:04.987498,6368,5683,3014,1
2026-08-23 09:55:04.987518,6267,4514,0,1
2026-08-23 09:55:04.987538,6354,5718,2800,1
2026-08-23 09:55:04.987558,6267,4559,0,1
2026-08-23 09:55:04.987578,6282,5577,770,1
2026-08-23 09:55:04.987598,6282,4659,0,1
2026-08-23 09:55:04.987618,6370,5800,3147,1
2026-08-23 09:55:04.987638,6261,4548,0,1
2026-08-23 09:55:04.987658,6372,5800,3243,1
2026-08-23 09:55:04.987678,6280,4544,0,1
2026-08-23 09:55:04.987698,6374,5768,3042,1
2026-08-23 09:55:04.987718,6270,4526,0,1
2026-08-23 09:55:04.987738,6358,5704,2807,1
2026-08-23 09:55:04.987758,6272,4539,0,1
2026-08-23 09:55:04.987778,6371,5742,3229,1
2026-08-23 09:55:04.987798,6265,4508,0,1
2026-08-23 09:55:04.987818,6373,5683,3149,1
2026-08-23 09:55:04.987838,6262,4523,0,1
2026-08-23 09:55:04.987858,6364,5744,3234,1
2026-08-23 09:55:04.987878,6271,4527,12,1
2026-08-23 09:55:04.987898,6358,5744,3036,1
2026-08-23 09:55:04.987918,6263,4528,0,1
2026-08-23 09:55:04.987938,6362,5703,2768,1
2026-08-23 09:55:04.987958,6277,4556,0,1
2026-08-23 09:55:04.987978,6272,5563,356,1
2026-08-23 09:55:04.987998,6275,4625,0,1
2026-08-23 09:55:04.988018,6366,5828,3139,1
2026-08-23 09:55:04.988038,6264,4583,0,1
2026-08-23 09:55:04.988058,6370,5809,3263,1
2026-08-23 09:55:04.988078,6275,4553,4,1
2026-08-23 09:55:04.988098,6358,5758,3049,1
2026-08-23 09:55:04.988118,6269,4532,0,1
2026-08-23 09:55:04.988138,6363,5720,2797,1
2026-08-23 09:55:04.988158,6268,4579,0,1
2026-08-23 09:55:04.988178,6364,5757,3252,1
2026-08-23 09:55:04.988198,6261,4501,0,1
2026-08-23 09:55:04.988218,6364,5734,3150,1
2026-08-23 09:55:04.988238,6253,4503,0,1
2026-08-23 09:55:04.988258,6372,5763,3228,1
2026-08-23 09:55:04.988278,6282,4504,11,1
2026-08-23 09:55:04.988298,6364,5757,3044,1
2026-08-23 09:55:04.988318,6263,4514,0,1
2026-08-23 09:55:04.988338,6355,5750,2787,1
2026-08-23 09:55:04.988358,6269,4579,0,1
2026-08-23 09:55:04.988378,6292,5643,773,1
2026-08-23 09:55:04.988398,6278,4627,52,1
2026-08-23 09:55:04.988418,6362,5861,3154,1
2026-08-23 09:55:04.988438,6261,4526,0,1
2026-08-23 09:55:04.988458,6371,5797,3264,1
2026-08-23 09:55:04.988478,6263,4536,3,1
2026-08-23 09:55:04.988498,6376,5754,3043,1
2026-08-23 09:55:04.988518,6272,4492,0,1
2026-08-23 09:55:04.988538,6362,5731,2804,1
2026-08-23 09:55:04.988558,6269,4564,0,1
2026-08-23 09:55:04.988578,6365,5802,3258,1
2026-08-23 09:55:04.988598,6267,4440,0,1
2026-08-23 09:55:04.988618,6376,5741,3153,1
2026-08-23 09:55:04.988638,6247,4476,0,1
2026-08-23 09:55:04.988658,6373,5731,3218,1
2026-08-23 09:55:04.988678,6282,4496,0,1
2026-08-23 09:55:04.988698,6369,5731,3037,1
2026-08-23 09:55:04.988718,6266,4469,0,1
2026-08-23 09:55:04.988738,6361,5763,2802,1
2026-08-23 09:55:04.988758,6276,4536,0,1
2026-08-23 09:55:04.988778,6249,5610,490,1
2026-08-23 09:55:04.988798,6279,4579,0,1
2026-08-23 09:55:04.988818,6372,5871,3157,1
2026-08-23 09:55:04.988838,6261,4565,0,1
2026-08-23 09:55:04.988858,6372,5829,3245,1
2026-08-23 09:55:04.988878,6267,4535,0,1
2026-08-23 09:55:04.988898,6378,5813,3042,1
2026-08-23 09:55:04.988918,6267,4528,0,1
2026-08-23 09:55:04.988938,6360,5758,2802,1
2026-08-23 09:55:04.988958,6275,4538,0,1
2026-08-23 09:55:04.988978,6368,5826,3248,1
2026-08-23 09:55:04.988998,6255,4484,0,1
2026-08-23 09:55:04.989018,6368,5762,3152,1
2026-08-23 09:55:04.989038,6254,4498,0,1
2026-08-23 09:55:04.989058,6376,5818,3222,1
2026-08-23 09:55:04.989078,6272,4505,9,1
2026-08-23 09:55:04.989098,6368,5792,3037,1
2026-08-23 09:55:04.989118,6263,4506,0,1
2026-08-23 09:55:04.989138,6359,5784,2805,1
2026-08-23 09:55:04.989158,6274,4520,0,1
2026-08-23 09:55:04.989178,6287,5606,488,1
2026-08-23 09:55:04.989198,6265,4618,0,1
2026-08-23 09:55:04.989218,6373,5905,3141,1
2026-08-23 09:55:04.989238,6264,4619,0,1
2026-08-23 09:55:04.989258,6370,5876,3248,1
2026-08-23 09:55:04.989278,6269,4583,3,1
2026-08-23 09:55:04.989298,6372,5820,3044,1
2026-08-23 09:55:04.989318,6265,4514,0,1
2026-08-23 09:55:04.989338,6365,5758,2808,1
2026-08-23 09:55:04.989358,6268,4571,0,1
2026-08-23 09:55:04.989378,6370,5802,3259,1
2026-08-23 09:55:04.989398,6263,4462,0,1
2026-08-23 09:55:04.989418,6364,5724,3572,1
2026-08-23 09:55:04.989438,6257,4491,0,1
2026-08-23 09:55:04.989458,6370,5747,3242,1
2026-08-23 09:55:04.989478,6267,4507,0,1
2026-08-23 09:55:04.989498,6369,5773,3025,1
2026-08-23 09:55:04.989518,6265,4489,0,1
2026-08-23 09:55:04.989538,6360,5735,2789,1
2026-08-23 09:55:04.989558,6275,4516,0,1
2026-08-23 09:55:04.989578,6303,5605,920,1
2026-08-23 09:55:04.989598,6274,4654,0,1
2026-08-23 09:55:04.989618,6368,5834,3136,1
2026-08-23 09:55:04.989638,6258,4641,0,1
2026-08-23 09:55:04.989658,6373,5796,3247,1
2026-08-23 09:55:04.989678,6270,4576,5,1
2026-08-23 09:55:04.989698,6368,5744,3042,1
2026-08-23 09:55:04.989718,6267,4522,0,1
2026-08-23 09:55:04.989738,6360,5746,2810,1
2026-08-23 09:55:04.989758,6271,4547,0,1
2026-08-23 09:55:04.989778,6371,5751,3268,1
2026-08-23 09:55:04.989798,6254,4494,0,1
2026-08-23 09:55:04.989818,6370,5670,3190,1
2026-08-23 09:55:04.989838,6264,4466,0,1
2026-08-23 09:55:04.989858,6313,2696,1617,1
2026-08-23 09:55:04.989878,6258,2215,0,1
2026-08-23 09:55:04.989898,6365,4183,2945,1
2026-08-23 09:55:04.989918,6279,3229,0,1
2026-08-23 09:55:04.989938,6361,4850,2866,1
2026-08-23 09:55:04.989958,6267,3714,0,1
2026-08-23 09:55:04.989978,6356,5242,2806,1
2026-08-23 09:55:04.989998,6275,4014,1,1
2026-08-23 09:55:04.990018,6373,5470,3147,1
2026-08-23 09:55:04.990038,6239,4137,0,1
2026-08-23 09:55:04.990058,6359,5560,3134,1
2026-08-23 09:55:04.990078,6272,4242,10,1
2026-08-23 09:55:04.990098,6367,5662,2827,1
2026-08-23 09:55:04.990118,6263,4266,0,1
2026-08-23 09:55:04.990138,6371,5693,2777,1
2026-08-23 09:55:04.990158,6282,4341,10,1
2026-08-23 09:55:04.990178,6375,5714,3289,1
2026-08-23 09:55:04.990198,6257,4308,0,1
2026-08-23 09:55:04.990218,6372,5753,3129,1
2026-08-23 09:55:04.990238,6271,4384,0,1
2026-08-23 09:55:04.990258,6348,5666,2219,1
2026-08-23 09:55:04.990278,6264,4408,0,1
2026-08-23 09:55:04.990298,6362,5750,2754,1
2026-08-23 09:55:04.990318,6267,4408,0,1
2026-08-23 09:55:04.990338,6259,5566,0,1
2026-08-23 09:55:04.990358,6273,4531,0,1
2026-08-23 09:55:04.990378,6363,5879,3108,1
2026-08-23 09:55:04.990398,6265,4472,0,1
2026-08-23 09:55:04.990418,6384,5815,3278,1
2026-08-23 09:55:04.990438,6275,4450,10,1
2026-08-23 09:55:04.990458,6370,5779,2965,1
2026-08-23 09:55:04.990478,6275,4438,0,1
2026-08-23 09:55:04.990498,6365,5782,2811,1
2026-08-23 09:55:04.990518,6265,4425,0,1
2026-08-23 09:55:04.990538,6218,5461,0,1
2026-08-23 09:55:04.990558,6269,4416,0,1
2026-08-23 09:55:04.990578,6378,5783,3129,1
2026-08-23 09:55:04.990598,6265,4468,0,1
2026-08-23 09:55:04.990618,6345,5814,3299,1
2026-08-23 09:55:04.990638,6272,4456,8,1
2026-08-23 09:55:04.990658,6371,5737,2993,1
2026-08-23 09:55:04.990678,6266,4453,0,1
2026-08-23 09:55:04.990698,6364,5732,2816,1
2026-08-23 09:55:04.990718,6275,4504,0,1
2026-08-23 09:55:04.990738,6336,5676,1847,1
2026-08-23 09:55:04.990758,6272,4501,0,1
2026-08-23 09:55:04.990778,6372,5828,3164,1
2026-08-23 09:55:04.990798,6264,4426,0,1
2026-08-23 09:55:04.990818,6372,5837,3262,1
2026-08-23 09:55:04.990838,6274,4428,7,1
2026-08-23 09:55:04.990858,6373,5767,3053,1
2026-08-23 09:55:04.990878,6301,4341,0,1
2026-08-23 09:55:05.085024,6386,2752,2975,1
2026-08-23 09:55:05.085044,6274,2193,3,1
2026-08-23 09:55:05.085064,6362,4130,2707,1
2026-08-23 09:55:05.085084,6253,3135,0,1
2026-08-23 09:55:05.085104,6370,4853,3003,1
2026-08-23 09:55:05.085124,6264,3637,0,1
2026-08-23 09:55:05.085144,6355,5237,2819,1
2026-08-23 09:55:05.085164,6250,3934,0,1
2026-08-23 09:55:05.085184,6371,5495,3401,1
2026-08-23 09:55:05.085204,6267,4050,0,1
2026-08-23 09:55:05.085224,6358,5512,2727,1
2026-08-23 09:55:05.085244,6254,4236,0,1
2026-08-23 09:55:05.085264,6365,5653,3049,1
2026-08-23 09:55:05.085284,6262,4278,0,1
2026-08-23 09:55:05.085304,6374,5664,3027,1
2026-08-23 09:55:05.085324,6252,4282,0,1
2026-08-23 09:55:05.085344,6371,5724,3280,1
2026-08-23 09:55:05.085364,6328,4345,0,1
2026-08-23 09:55:05.085384,6374,5680,2825,1
2026-08-23 09:55:05.085404,6263,4348,0,1
2026-08-23 09:55:05.085424,6361,5759,2872,1
2026-08-23 09:55:05.085444,6272,4419,14,1
2026-08-23 09:55:05.085464,6378,5797,3271,1
2026-08-23 09:55:05.085485,6259,4377,0,1
2026-08-23 09:55:05.085504,6366,5777,3061,1
2026-08-23 09:55:05.085524,6269,4368,0,1
2026-08-23 09:55:05.085544,6366,5810,3188,1
2026-08-23 09:55:05.085564,6265,4357,0,1
2026-08-23 09:55:05.085584,6373,5733,2783,1
2026-08-23 09:55:05.085604,6267,4400,0,1
2026-08-23 09:55:05.085624,6376,5760,3115,1
2026-08-23 09:55:05.085644,6265,4348,0,1
2026-08-23 09:55:05.085665,6373,5749,3167,1
2026-08-23 09:55:05.085684,6256,4404,0,1
2026-08-23 09:55:05.085704,6371,5794,3171,1
2026-08-23 09:55:05.085724,6268,4404,5,1
2026-08-23 09:55:05.085744,6363,5792,3044,1
2026-08-23 09:55:05.085764,6258,4392,0,1
2026-08-23 09:55:05.085784,6362,5783,2777,1
2026-08-23 09:55:05.085804,6257,4404,0,1
2026-08-23 09:55:05.085824,6232,5563,0,1
2026-08-23 09:55:05.085844,6259,4458,0,1
2026-08-23 09:55:05.085864,6380,5868,3144,1
2026-08-23 09:55:05.085884,6265,4427,0,1
2026-08-23 09:55:05.085904,6359,5827,3222,1
2026-08-23 09:55:05.085924,6265,4443,12,1
2026-08-23 09:55:05.085944,6358,5830,3103,1
2026-08-23 09:55:05.085964,6268,4399,0,1
2026-08-23 09:55:05.085984,6360,5813,2810,1
2026-08-23 09:55:05.086004,6279,4421,0,1
2026-08-23 09:55:05.086024,6373,5807,3164,1
2026-08-23 09:55:05.086044,6267,4363,0,1
2026-08-23 09:55:05.086064,6368,5797,3214,1
2026-08-23 09:55:05.086084,6248,4361,0,1
2026-08-23 09:55:05.086104,6376,5823,3227,1
2026-08-23 09:55:05.107931,6317,2736,0,1
2026-08-23 09:55:05.107951,6378,4740,3476,1
2026-08-23 09:55:05.107971,6277,3649,4,1
2026-08-23 09:55:05.107991,6374,5309,3610,1
2026-08-23 09:55:05.108011,6281,3986,8,1
2026-08-23 09:55:05.108031,6360,5554,3193,1
2026-08-23 09:55:05.108051,6260,4195,0,1
2026-08-23 09:55:05.108071,6367,5670,3062,1
2026-08-23 09:55:05.108091,6270,4317,0,1
2026-08-23 09:55:05.108111,6368,5762,3004,1
2026-08-23 09:55:05.108131,6269,4390,0,1
2026-08-23 09:55:05.108151,6368,5801,3096,1
2026-08-23 09:55:05.108171,6277,4383,1,1
2026-08-23 09:55:05.108191,6380,5848,3549,1
2026-08-23 09:55:05.108211,6302,4317,0,1
2026-08-23 09:55:05.127887,6367,5490,2975,1
2026-08-23 09:55:05.127907,6284,4102,0,1
2026-08-23 09:55:05.127927,6362,5545,3007,1
2026-08-23 09:55:05.127947,6267,4217,0,1
2026-08-23 09:55:05.127967,6292,5474,694,1
2026-08-23 09:55:05.127987,6273,4425,0,1
2026-08-23 09:55:05.128007,6378,5747,3147,1
2026-08-23 09:55:05.128027,6188,4432,0,1
2026-08-23 09:55:05.128047,6427,5825,3251,1
2026-08-23 09:55:05.128067,6274,4397,6,1
2026-08-23 09:55:05.128087,6360,5778,3091,1
2026-08-23 09:55:05.128107,6275,4356,0,1
2026-08-23 09:55:05.128127,6355,5787,2841,1
2026-08-23 09:55:05.145968,6305,3722,0,1
2026-08-23 09:55:05.145988,6384,5362,3340,1
2026-08-23 09:55:05.146008,6274,4161,3,1
2026-08-23 09:55:05.146028,6371,5657,3152,1
2026-08-23 09:55:05.146048,6270,4298,0,1
2026-08-23 09:55:05.146068,6358,5604,2872,1
2026-08-23 09:55:05.146088,6265,4383,0,1
2026-08-23 09:55:05.146108,6370,5750,3012,1
2026-08-23 09:55:05.146128,6273,4404,18,1
2026-08-23 09:55:05.146148,6378,5833,3392,1
2026-08-23 09:55:05.146168,6269,4447,0,1
2026-08-23 09:55:05.146188,6371,5838,3164,1
2026-08-23 09:55:05.165802,6319,3804,0,1
2026-08-23 09:55:05.165822,6370,5448,2908,1
2026-08-23 09:55:05.165842,6272,4203,0,1
2026-08-23 09:55:05.165862,6257,5470,0,1
2026-08-23 09:55:05.165882,6278,4412,0,1
2026-08-23 09:55:05.165902,6373,5886,3251,1
2026-08-23 09:55:05.165922,6263,4442,0,1
2026-08-23 09:55:05.165942,6376,5868,3206,1
2026-08-23 09:55:05.165962,6270,4437,0,1
2026-08-23 09:55:05.165982,6348,5815,2300,1
2026-08-23 09:55:05.166002,6263,4475,0,1
2026-08-23 09:55:05.166022,6358,5881,2930,1
2026-08-23 09:55:05.166042,6273,4413,0,1
2026-08-23 09:55:05.185607,6392,5562,3136,1
2026-08-23 09:55:05.185627,6267,4190,0,1
2026-08-23 09:55:05.185647,6354,5570,2709,1
2026-08-23 09:55:05.185667,6264,4260,0,1
2026-08-23 09:55:05.185687,6363,5682,2758,1
2026-08-23 09:55:05.185707,6257,4335,0,1
2026-08-23 09:55:05.185727,6370,5787,3178,1
2026-08-23 09:55:05.185747,6256,4315,0,1
2026-08-23 09:55:05.185767,6376,5746,3147,1
2026-08-23 09:55:05.185787,6257,4326,0,1
2026-08-23 09:55:05.185807,6373,5791,3185,1
2026-08-23 09:55:05.185827,6275,4355,0,1
2026-08-23 09:55:05.185847,6366,5782,2999,1
2026-08-23 09:55:05.205412,6315,3683,0,1
2026-08-23 09:55:05.205432,6380,5349,3148,1
2026-08-23 09:55:05.205452,6252,4078,0,1
2026-08-23 09:55:05.205472,6368,5670,3383,1
2026-08-23 09:55:05.205492,6267,4260,8,1
2026-08-23 09:55:05.205512,6362,5726,2983,1
2026-08-23 09:55:05.205532,6259,4328,0,1
2026-08-23 09:55:05.205552,6352,5813,2834,1
2026-08-23 09:55:05.205572,6275,4404,0,1
2026-08-23 09:55:05.205592,6269,5686,127,1
2026-08-23 09:55:05.205612,6269,4483,0,1
2026-08-23 09:55:05.205632,6382,5908,3193,1
2026-08-23 09:55:05.205652,6269,4396,0,1
2026-08-23 09:55:05.225238,6370,5600,2833,1
2026-08-23 09:55:05.225258,6275,4172,8,1
2026-08-23 09:55:05.225278,6373,5617,3130,1
2026-08-23 09:55:05.225298,6254,4229,0,1
2026-08-23 09:55:05.225318,6365,5700,3020,1
2026-08-23 09:55:05.225338,6265,4314,0,1
2026-08-23 09:55:05.225358,6272,5540,136,1
2026-08-23 09:55:05.225378,6272,4437,0,1
2026-08-23 09:55:05.225398,6362,5819,2539,1
2026-08-23 09:55:05.225418,6259,4406,0,1
2026-08-23 09:55:05.225438,6365,5874,3010,1
2026-08-23 09:55:05.225458,6274,4406,0,1
2026-08-23 09:55:05.225478,6377,5859,3205,1
2026-08-23 09:55:05.245059,6325,3675,0,1
2026-08-23 09:55:05.245079,6372,5336,2845,1
2026-08-23 09:55:05.245099,6273,4172,0,1
2026-08-23 09:55:05.245119,6376,5643,3191,1
2026-08-23 09:55:05.245139,6267,4285,0,1
2026-08-23 09:55:05.245159,6373,5729,3233,1
2026-08-23 09:55:05.245179,6270,4374,0,1
2026-08-23 09:55:05.245199,6368,5821,3147,1
2026-08-23 09:55:05.245219,6263,4440,0,1
2026-08-23 09:55:05.245239,6345,5768,2377,1
2026-08-23 09:55:05.245259,6262,4458,0,1
2026-08-23 09:55:05.245279,6372,5858,2834,1
2026-08-23 09:55:05.245299,6273,4433,0,1
2026-08-23 09:55:05.264993,6391,5576,3312,1
2026-08-23 09:55:05.265013,6280,4206,0,1
2026-08-23 09:55:05.265033,6358,5606,2871,1
2026-08-23 09:55:05.265053,6252,4275,0,1
2026-08-23 09:55:05.265073,6365,5679,2824,1
2026-08-23 09:55:05.265093,6275,4319,0,1
2026-08-23 09:55:05.265113,6367,5773,3366,1
2026-08-23 09:55:05.265133,6255,4313,0,1
2026-08-23 09:55:05.265153,6368,5756,3012,1
2026-08-23 09:55:05.265173,6263,4404,0,1
2026-08-23 09:55:05.265193,6337,5705,1967,1
2026-08-23 09:55:05.265213,6279,4429,0,1
2026-08-23 09:55:05.265233,6369,5793,2760,1
2026-08-23 09:55:05.284784,6310,3701,0,1
2026-08-23 09:55:05.284804,6386,5405,3411,1
2026-08-23 09:55:05.284824,6275,4138,16,1
2026-08-23 09:55:05.284844,6370,5614,3007,1
2026-08-23 09:55:05.284864,6276,4272,0,1
2026-08-23 09:55:05.284884,6360,5757,2839,1
2026-08-23 09:55:05.284904,6282,4353,0,1
2026-08-23 09:55:05.284924,6374,5804,3213,1
2026-08-23 09:55:05.284944,6265,4370,0,1
2026-08-23 09:55:05.284964,6371,5827,3204,1
2026-08-23 09:55:05.284984,6253,4393,0,1
2026-08-23 09:55:05.285004,6370,5882,3205,1
2026-08-23 09:55:05.285024,6299,4354,13,1
2026-08-23 09:55:05.304764,6388,5560,3229,1
2026-08-23 09:55:05.304784,6100,4131,0,1
2026-08-23 09:55:05.304804,6355,5607,3006,1
2026-08-23 09:55:05.304824,6274,4238,0,1
2026-08-23 09:55:05.304844,6368,5733,3260,1
2026-08-23 09:55:05.304864,6262,4236,0,1
2026-08-23 09:55:05.304884,6358,5702,2755,1
2026-08-23 09:55:05.304904,6266,4328,0,1
2026-08-23 09:55:05.304924,6363,5817,3057,1
2026-08-23 09:55:05.304944,6265,4331,0,1
2026-08-23 09:55:05.304964,6373,5830,3159,1
2026-08-23 09:55:05.304984,6257,4344,0,1
2026-08-23 09:55:05.305004,6382,5813,3225,1
2026-08-23 09:55:05.324696,6333,3652,0,1
2026-08-23 09:55:05.324716,6390,5384,3462,1
2026-08-23 09:55:05.324736,6261,4058,0,1
2026-08-23 09:55:05.324756,6372,5660,3161,1
2026-08-23 09:55:05.324776,6248,4283,0,1
2026-08-23 09:55:05.324796,6375,5807,3339,1
2026-08-23 09:55:05.324816,6270,4350,0,1
2026-08-23 09:55:05.324836,6359,5818,3039,1
2026-08-23 09:55:05.324856,6270,4384,0,1
2026-08-23 09:55:05.324876,6367,5823,2833,1
2026-08-23 09:55:05.324896,6269,4405,0,1
2026-08-23 09:55:05.324916,6379,5897,3227,1
2026-08-23 09:55:05.324936,6277,4307,0,1
2026-08-23 09:55:05.344707,6374,5500,2681,1
2026-08-23 09:55:05.344727,6255,4138,0,1
2026-08-23 09:55:05.344747,6354,5568,2975,1
2026-08-23 09:55:05.344767,6272,4178,0,1
2026-08-23 09:55:05.344787,6368,5673,3142,1
2026-08-23 09:55:05.344807,6251,4286,0,1
2026-08-23 09:55:05.344827,6368,5772,3142,1
2026-08-23 09:55:05.344847,6275,4316,11,1
2026-08-23 09:55:05.344867,6373,5777,3019,1
2026-08-23 09:55:05.344887,6257,4347,0,1
2026-08-23 09:55:05.344907,6363,5769,2778,1
2026-08-23 09:55:05.344927,6276,4399,0,1
2026-08-23 09:55:05.344947,6363,5798,2727,1
2026-08-23 09:55:05.364553,6323,3680,0,1
2026-08-23 09:55:05.364573,6360,5351,2875,1
2026-08-23 09:55:05.364594,6255,4106,0,1
2026-08-23 09:55:05.364614,6368,5668,2966,1
2026-08-23 09:55:05.364634,6275,4288,22,1
2026-08-23 09:55:05.364654,6375,5788,3393,1
2026-08-23 09:55:05.364674,6262,4370,0,1
2026-08-23 09:55:05.364694,6368,5805,3111,1
2026-08-23 09:55:05.364713,6269,4385,0,1
2026-08-23 09:55:05.364733,6391,5884,3438,1
2026-08-23 09:55:05.364753,6264,4395,0,1
2026-08-23 09:55:05.364774,6368,5803,2929,1
2026-08-23 09:55:05.364794,6274,4350,0,1
2026-08-23 09:55:05.384351,6378,5591,3137,1
2026-08-23 09:55:05.384371,6280,4163,11,1
2026-08-23 09:55:05.384391,6377,5593,2998,1
2026-08-23 09:55:05.384411,6251,4193,0,1
2026-08-23 09:55:05.384431,6354,5694,2748,1
2026-08-23 09:55:05.384451,6277,4336,0,1
2026-08-23 09:55:05.384471,6368,5744,2959,1
2026-08-23 09:55:05.384491,6265,4336,0,1
2026-08-23 09:55:05.384511,6368,5800,3016,1
2026-08-23 09:55:05.384531,6257,4401,0,1
2026-08-23 09:55:05.384551,6225,5525,0,1
2026-08-23 09:55:05.384571,6284,4452,0,1
2026-08-23 09:55:05.384591,6363,5797,2815,1
2026-08-23 09:55:05.404253,6308,3731,0,1
2026-08-23 09:55:05.404273,6374,5436,3222,1
2026-08-23 09:55:05.404293,6267,4129,11,1
2026-08-23 09:55:05.404313,6373,5691,3162,1
2026-08-23 09:55:05.404333,6267,4268,0,1
2026-08-23 09:55:05.404353,6359,5762,2831,1
2026-08-23 09:55:05.404373,6270,4366,0,1
2026-08-23 09:55:05.404393,6366,5852,3041,1
2026-08-23 09:55:05.404413,6280,4369,4,1
2026-08-23 09:55:05.404433,6369,5879,3294,1
2026-08-23 09:55:05.404453,6250,4406,0,1
2026-08-23 09:55:05.404473,6376,5823,3138,1
2026-08-23 09:55:05.404493,6285,4406,0,1
2026-08-23 09:55:05.424243,6290,5401,494,1
2026-08-23 09:55:05.424263,6264,4249,0,1
2026-08-23 09:55:05.424284,6371,5694,3001,1
2026-08-23 09:55:05.424304,6264,4260,0,1
2026-08-23 09:55:05.424324,6377,5770,3415,1
2026-08-23 09:55:05.424344,6276,4301,0,1
2026-08-23 09:55:05.424364,6354,5724,2789,1
2026-08-23 09:55:05.424384,6261,4377,0,1
2026-08-23 09:55:05.424403,6363,5758,2912,1
2026-08-23 09:55:05.424423,6274,4460,0,1
2026-08-23 09:55:05.424443,6369,5847,3262,1
2026-08-23 09:55:05.424464,6260,4416,0,1
2026-08-23 09:55:05.424484,6368,5815,3136,1
2026-08-23 09:55:05.444064,6325,3708,0,1
2026-08-23 09:55:05.444084,6337,5236,1660,1
2026-08-23 09:55:05.444104,6274,4179,0,1
2026-08-23 09:55:05.444124,6374,5691,3173,1
2026-08-23 09:55:05.444144,6269,4355,0,1
2026-08-23 09:55:05.444165,6370,5843,3220,1
2026-08-23 09:55:05.444185,6274,4414,2,1
2026-08-23 09:55:05.444205,6372,5802,3122,1
2026-08-23 09:55:05.444224,6260,4384,0,1
2026-08-23 09:55:05.444244,6366,5809,2668,1
2026-08-23 09:55:05.444264,6256,4436,0,1
2026-08-23 09:55:05.444284,6384,5881,3134,1
2026-08-23 09:55:05.444304,6284,4388,0,1
2026-08-23 09:55:05.464029,6378,5455,2836,1
2026-08-23 09:55:05.464049,6268,4142,0,1
2026-08-23 09:55:05.464069,6364,5577,2907,1
2026-08-23 09:55:05.464089,6274,4267,9,1
2026-08-23 09:55:05.464109,6377,5672,3225,1
2026-08-23 09:55:05.464129,6257,4294,0,1
2026-08-23 09:55:05.464149,6439,5751,3056,1
2026-08-23 09:55:05.464170,6263,4349,0,1
2026-08-23 09:55:05.464189,6359,5813,3086,1
2026-08-23 09:55:05.464209,6260,4355,0,1
2026-08-23 09:55:05.464229,6366,5763,2742,1
2026-08-23 09:55:05.464249,6278,4387,0,1
2026-08-23 09:55:05.464269,6381,5810,2783,1
2026-08-23 09:55:05.483944,6330,3702,0,1
2026-08-23 09:55:05.483964,6366,5360,2935,1
2026-08-23 09:55:05.483984,6268,4154,0,1
2026-08-23 09:55:05.484004,6365,5665,2888,1
2026-08-23 09:55:05.484024,6281,4317,23,1
2026-08-23 09:55:05.484044,6348,5691,2187,1
2026-08-23 09:55:05.484064,6270,4412,0,1
2026-08-23 09:55:05.484084,6374,5862,3148,1
2026-08-23 09:55:05.484104,6253,4433,0,1
2026-08-23 09:55:05.484124,6363,5882,3281,1
2026-08-23 09:55:05.484144,6268,4415,0,1
2026-08-23 09:55:05.484164,6369,5860,3017,1
2026-08-23 09:55:05.484184,6271,4378,0,1
2026-08-23 09:55:05.503879,6381,5576,3098,1
2026-08-23 09:55:05.503899,6192,4155,0,1
2026-08-23 09:55:05.503919,6368,5614,3239,1
2026-08-23 09:55:05.503939,6267,4204,0,1
2026-08-23 09:55:05.503959,6362,5688,2766,1
2026-08-23 09:55:05.503979,6262,4268,0,1
2026-08-23 09:55:05.503999,6371,5778,3194,1
2026-08-23 09:55:05.504019,6385,4292,0,1
2026-08-23 09:55:05.504039,6375,5756,3122,1
2026-08-23 09:55:05.504059,6256,4335,0,1
2026-08-23 09:55:05.504079,6384,5807,3189,1
2026-08-23 09:55:05.504099,6277,4386,25,1
2026-08-23 09:55:05.504119,6373,5822,2920,1
2026-08-23 09:55:05.523780,6307,3691,0,1
2026-08-23 09:55:05.523800,6380,5376,3437,1
2026-08-23 09:55:05.523820,6273,4118,0,1
2026-08-23 09:55:05.523840,6293,5456,584,1
2026-08-23 09:55:05.523860,6284,4416,0,1
2026-08-23 09:55:05.523880,6364,5835,2927,1
2026-08-23 09:55:05.523901,6268,4433,0,1
2026-08-23 09:55:05.523921,6364,5867,2877,1
2026-08-23 09:55:05.523940,6277,4429,0,1
2026-08-23 09:55:05.523960,6340,5771,1752,1
2026-08-23 09:55:05.523980,6275,4470,0,1
2026-08-23 09:55:05.524000,6374,5920,3140,1
2026-08-23 09:55:05.524020,6264,4440,0,1
2026-08-23 09:55:05.543454,6381,5594,2998,1
2026-08-23 09:55:05.543474,6286,4160,3,1
2026-08-23 09:55:05.543494,6374,5658,3139,1
2026-08-23 09:55:05.543514,6258,4232,0,1
2026-08-23 09:55:05.543534,6370,5695,3123,1
2026-08-23 09:55:05.543554,6282,4329,12,1
2026-08-23 09:55:05.543574,6367,5729,3034,1
2026-08-23 09:55:05.543594,6269,4335,0,1
2026-08-23 09:55:05.543614,6363,5783,2752,1
2026-08-23 09:55:05.543634,6280,4370,0,1
2026-08-23 09:55:05.543654,6264,5589,44,1
2026-08-23 09:55:05.543674,6286,4467,0,1
2026-08-23 09:55:05.543694,6379,5889,3083,1
2026-08-23 09:55:05.563318,6320,3728,0,1
2026-08-23 09:55:05.563338,6369,5401,3024,1
2026-08-23 09:55:05.563358,6267,4145,0,1
2026-08-23 09:55:05.563378,6468,5668,3385,1
2026-08-23 09:55:05.563398,6268,4309,0,1
2026-08-23 09:55:05.563418,6358,5779,3135,1
2026-08-23 09:55:05.563438,6261,4384,0,1
2026-08-23 09:55:05.563458,6383,5809,3443,1
2026-08-23 09:55:05.563478,6274,4453,0,1
2026-08-23 09:55:05.563498,6360,5773,2948,1
2026-08-23 09:55:05.563518,6265,4458,0,1
2026-08-23 09:55:05.563538,6366,5694,2849,1
2026-08-23 09:55:05.563558,6289,4473,0,1
2026-08-23 09:55:05.583369,6364,5304,2610,1
2026-08-23 09:55:05.583389,6261,4119,0,1
2026-08-23 09:55:05.583409,6354,5537,2733,1
2026-08-23 09:55:05.583429,6269,4251,0,1
2026-08-23 09:55:05.583449,6315,5555,1097,1
2026-08-23 09:55:05.583469,6275,4415,0,1
2026-08-23 09:55:05.583489,6374,5836,3038,1
2026-08-23 09:55:05.583509,6270,4455,0,1
2026-08-23 09:55:05.583529,6372,5792,3333,1
2026-08-23 09:55:05.583549,6275,4465,0,1
2026-08-23 09:55:05.583569,6364,5707,2885,1
2026-08-23 09:55:05.583589,6272,4490,0,1
2026-08-23 09:55:05.583609,6372,5718,3052,1
2026-08-23 09:55:05.603035,6329,4033,0,1
2026-08-23 09:55:05.603055,6378,5368,3182,1
2026-08-23 09:55:05.603076,6264,4240,0,1
2026-08-23 09:55:05.603096,6365,5533,2854,1
2026-08-23 09:55:05.603116,6269,4373,0,1
2026-08-23 09:55:05.603136,6367,5617,3007,1
2026-08-23 09:55:05.603156,6278,4466,14,1
2026-08-23 09:55:05.603176,6376,5740,3352,1
2026-08-23 09:55:05.603195,6253,4478,0,1
2026-08-23 09:55:05.603215,6359,5698,3122,1
2026-08-23 09:55:05.603235,6259,4501,0,1
2026-08-23 09:55:05.603256,6203,5414,0,1
2026-08-23 09:55:05.603276,6281,4520,0,1
2026-08-23 09:55:05.623092,6385,5184,3188,1
2026-08-23 09:55:05.623112,6263,4139,0,1
2026-08-23 09:55:05.623132,6373,5452,3208,1
2026-08-23 09:55:05.623152,6272,4352,12,1
2026-08-23 09:55:05.623172,6373,5558,2936,1
2026-08-23 09:55:05.623192,6274,4413,0,1
2026-08-23 09:55:05.623212,6380,5678,2790,1
2026-08-23 09:55:05.623232,6266,4495,0,1
2026-08-23 09:55:05.623252,6376,5711,3125,1
2026-08-23 09:55:05.623272,6265,4469,0,1
2026-08-23 09:55:05.623292,6365,5740,3132,1
2026-08-23 09:55:05.623312,6274,4478,0,1
2026-08-23 09:55:05.623332,6311,5583,1388,1
2026-08-23 09:55:05.642790,6332,4106,155,1
2026-08-23 09:55:05.642810,6394,5413,3306,1
2026-08-23 09:55:05.642830,6278,4288,0,1
2026-08-23 09:55:05.642850,6365,5544,3135,1
2026-08-23 09:55:05.642870,6259,4409,0,1
2026-08-23 09:55:05.642890,6266,5392,0,1
2026-08-23 09:55:05.642910,6274,4533,0,1
2026-08-23 09:55:05.642930,6354,5741,2886,1
2026-08-23 09:55:05.642950,6279,4529,0,1
2026-08-23 09:55:05.642970,6366,5770,2913,1
2026-08-23 09:55:05.642990,6274,4498,6,1
2026-08-23 09:55:05.643010,6389,5755,3468,1
2026-08-23 09:55:05.643030,6255,4466,0,1
2026-08-23 09:55:05.662792,6380,5129,2784,1
2026-08-23 09:55:05.662812,6284,4153,0,1
2026-08-23 09:55:05.662832,6380,5427,3164,1
2026-08-23 09:55:05.662852,6262,4248,0,1
2026-08-23 09:55:05.662872,6389,5559,3090,1
2026-08-23 09:55:05.662892,6254,4353,0,1
2026-08-23 09:55:05.662912,6377,5687,3221,1
2026-08-23 09:55:05.662932,6271,4482,3,1
2026-08-23 09:55:05.662952,6366,5675,2930,1
2026-08-23 09:55:05.662972,6264,4499,0,1
2026-08-23 09:55:05.662992,6360,5699,2795,1
2026-08-23 09:55:05.663012,6275,4559,0,1
2026-08-23 09:55:05.663032,6375,5790,3349,1
2026-08-23 09:55:05.682765,6332,4006,0,1
2026-08-23 09:55:05.682785,6371,5372,2863,1
2026-08-23 09:55:05.682805,6271,4271,0,1
2026-08-23 09:55:05.682825,6357,5541,2994,1
2026-08-23 09:55:05.682845,6279,4413,9,1
2026-08-23 09:55:05.682865,6366,5692,3358,1
2026-08-23 09:55:05.682885,6262,4453,0,1
2026-08-23 09:55:05.682905,6368,5690,3107,1
2026-08-23 09:55:05.682925,6269,4498,0,1
2026-08-23 09:55:05.682945,6370,5757,3478,1
2026-08-23 09:55:05.682965,6262,4392,0,1
2026-08-23 09:55:05.682985,6359,5763,2882,1
2026-08-23 09:55:05.683005,6278,4345,0,1
2026-08-23 09:55:05.702789,6387,5511,3207,1
2026-08-23 09:55:05.702809,6272,4191,4,1
2026-08-23 09:55:05.702829,6372,5585,2930,1
2026-08-23 09:55:05.702849,6258,4261,0,1
2026-08-23 09:55:05.702869,6363,5648,2762,1
2026-08-23 09:55:05.702889,6274,4359,0,1
2026-08-23 09:55:05.702909,6358,5719,2604,1
2026-08-23 09:55:05.702929,6256,4403,0,1
2026-08-23 09:55:05.702949,6367,5772,3025,1
2026-08-23 09:55:05.702969,6266,4423,0,1
2026-08-23 09:55:05.702989,6383,5828,3595,1
2026-08-23 09:55:05.703009,6277,4337,0,1
2026-08-23 09:55:05.703029,6357,5771,2781,1
2026-08-23 09:55:05.722631,6295,3691,30,1
2026-08-23 09:55:05.722651,6381,5372,3287,1
2026-08-23 09:55:05.722671,6275,4170,11,1
2026-08-23 09:55:05.722691,6355,5580,3144,1
2026-08-23 09:55:05.722711,6261,4278,0,1
2026-08-23 09:55:05.722731,6369,5695,2847,1
2026-08-23 09:55:05.722751,6267,4423,0,1
2026-08-23 09:55:05.722771,6371,5779,3044,1
2026-08-23 09:55:05.722790,6272,4432,6,1
2026-08-23 09:55:05.722811,6474,5747,3302,1
2026-08-23 09:55:05.722831,6264,4459,0,1
2026-08-23 09:55:05.722851,6386,5834,3124,1
2026-08-23 09:55:05.722871,6275,4466,0,1
2026-08-23 09:55:05.742416,6375,5508,2625,1
2026-08-23 09:55:05.742436,6268,4177,0,1
2026-08-23 09:55:05.742456,6368,5535,3016,1
2026-08-23 09:55:05.742476,6277,4328,0,1
2026-08-23 09:55:05.742496,6245,5383,0,1
2026-08-23 09:55:05.742517,6284,4480,0,1
2026-08-23 09:55:05.742537,6362,5708,2810,1
2026-08-23 09:55:05.742557,6267,4513,0,1
2026-08-23 09:55:05.742576,6373,5756,2905,1
2026-08-23 09:55:05.742596,6284,4553,4,1
2026-08-23 09:55:05.742616,6373,5798,3269,1
2026-08-23 09:55:05.742636,6254,4458,0,1
2026-08-23 09:55:05.742656,6372,5745,3144,1
2026-08-23 09:55:05.762326,6330,3758,0,1
2026-08-23 09:55:05.762346,6373,5380,2733,1
2026-08-23 09:55:05.762366,6278,4134,0,1
2026-08-23 09:55:05.762386,6383,5674,3203,1
2026-08-23 09:55:05.762406,6258,4285,0,1
2026-08-23 09:55:05.762426,6381,5742,3231,1
2026-08-23 09:55:05.762446,6276,4411,13,1
2026-08-23 09:55:05.762466,6379,5814,3187,1
2026-08-23 09:55:05.762486,6270,4402,0,1
2026-08-23 09:55:05.762506,6371,5771,2837,1
2026-08-23 09:55:05.762526,6271,4481,0,1
2026-08-23 09:55:05.762546,6371,5789,3047,1
2026-08-23 09:55:05.762566,6296,4396,0,1
2026-08-23 09:55:05.782317,6376,5530,2855,1
2026-08-23 09:55:05.782337,6274,4111,0,1
2026-08-23 09:55:05.782357,6373,5593,2846,1
2026-08-23 09:55:05.782377,6278,4271,4,1
2026-08-23 09:55:05.782398,6364,5706,3278,1
2026-08-23 09:55:05.782418,6255,4238,0,1
2026-08-23 09:55:05.782438,6359,5722,3046,1
2026-08-23 09:55:05.782458,6275,4357,0,1
2026-08-23 09:55:05.782477,6371,5812,3169,1
2026-08-23 09:55:05.782497,6263,4336,0,1
2026-08-23 09:55:05.782517,6361,5783,2767,1
2026-08-23 09:55:05.782537,6268,4414,0,1
2026-08-23 09:55:05.782557,6386,5799,3680,1
2026-08-23 09:55:05.802149,6337,3618,4,1
2026-08-23 09:55:05.802169,6411,5312,2974,1
2026-08-23 09:55:05.802189,6270,4065,0,1
2026-08-23 09:55:05.802209,6358,5586,2515,1
2026-08-23 09:55:05.802229,6276,4267,0,1
2026-08-23 09:55:05.802249,6300,5575,592,1
2026-08-23 09:55:05.802269,6271,4471,0,1
2026-08-23 09:55:05.802289,6375,5850,3200,1
2026-08-23 09:55:05.802309,6260,4425,0,1
2026-08-23 09:55:05.802329,6381,5848,3207,1
2026-08-23 09:55:05.802349,6273,4426,0,1
2026-08-23 09:55:05.802369,6367,5879,3194,1
2026-08-23 09:55:05.802389,6281,4360,0,1
2026-08-23 09:55:05.822244,6392,5513,3110,1
2026-08-23 09:55:05.822264,6261,4130,0,1
2026-08-23 09:55:05.822284,6377,5608,3534,1
2026-08-23 09:55:05.822304,6265,4193,0,1
2026-08-23 09:55:05.822324,6367,5656,2794,1
2026-08-23 09:55:05.822344,6262,4316,0,1
2026-08-23 09:55:05.822364,6371,5758,2903,1
2026-08-23 09:55:05.822384,6276,4362,10,1
2026-08-23 09:55:05.822404,6378,5790,3251,1
2026-08-23 09:55:05.822424,6261,4341,0,1
2026-08-23 09:55:05.822444,6368,5806,3053,1
2026-08-23 09:55:05.822464,6287,4363,0,1
2026-08-23 09:55:05.822484,6365,5826,3175,1
2026-08-23 09:55:05.840215,6331,3690,0,1
2026-08-23 09:55:05.840235,6373,5320,3179,1
2026-08-23 09:55:05.840255,6261,4156,0,1
2026-08-23 09:55:05.840275,6371,5615,3242,1
2026-08-23 09:55:05.840295,6271,4336,9,1
2026-08-23 09:55:05.840315,6367,5707,3122,1
2026-08-23 09:55:05.840335,6274,4372,0,1
2026-08-23 09:55:05.840355,6366,5762,2803,1
2026-08-23 09:55:05.840375,6270,4450,0,1
2026-08-23 09:55:05.840395,6380,5807,3158,1
2026-08-23 09:55:05.840415,6279,4391,0,1
2026-08-23 09:55:05.840435,6379,5799,3209,1
2026-08-23 09:55:05.857398,6269,3841,0,1
2026-08-23 09:55:05.857418,6376,5373,2879,1
2026-08-23 09:55:05.857438,6276,4249,0,1
2026-08-23 09:55:05.857458,6371,5684,2987,1
2026-08-23 09:55:05.857478,6274,4398,11,1
2026-08-23 09:55:05.857498,6376,5741,3382,1
2026-08-23 09:55:05.857518,6276,4391,0,1
2026-08-23 09:55:05.857538,6365,5762,3110,1
2026-08-23 09:55:05.857558,6270,4475,0,1
2026-08-23 09:55:05.857578,6381,5821,3446,1
2026-08-23 09:55:05.857598,6286,4466,113,1
2026-08-23 09:55:05.857618,6376,5786,2850,1
2026-08-23 09:55:05.874747,6338,4022,0,1
2026-08-23 09:55:05.874767,6391,5510,3226,1
2026-08-23 09:55:05.874787,6273,4267,0,1
2026-08-23 09:55:05.874807,6383,5685,3191,1
2026-08-23 09:55:05.874827,6270,4428,0,1
2026-08-23 09:55:05.874847,6372,5768,3236,1
2026-08-23 09:55:05.874867,6269,4407,0,1
2026-08-23 09:55:05.874887,6364,5750,2861,1
2026-08-23 09:55:05.874907,6257,4453,0,1
2026-08-23 09:55:05.874927,6363,5824,2959,1
2026-08-23 09:55:05.874947,6286,4452,12,1
2026-08-23 09:55:05.874967,6379,5808,3356,1
2026-08-23 09:55:05.893242,6327,3975,10,1
2026-08-23 09:55:05.893262,6368,5466,3154,1
2026-08-23 09:55:05.893282,6277,4251,0,1
2026-08-23 09:55:05.893302,6362,5681,2874,1
2026-08-23 09:55:05.893322,6267,4392,0,1
2026-08-23 09:55:05.893342,6372,5762,3007,1
2026-08-23 09:55:05.893362,6276,4440,7,1
2026-08-23 09:55:05.893382,6374,5818,3386,1
2026-08-23 09:55:05.893402,6267,4454,0,1
2026-08-23 09:55:05.893422,6377,5777,3124,1
2026-08-23 09:55:05.893442,6276,4467,0,1
2026-08-23 09:55:05.893462,6223,5485,0,1
2026-08-23 09:55:05.911065,6329,3946,0,1
2026-08-23 09:55:05.911085,6390,5441,3171,1
2026-08-23 09:55:05.911105,6275,4224,7,1
2026-08-23 09:55:05.911125,6387,5710,3361,1
2026-08-23 09:55:05.911145,6271,4306,0,1
2026-08-23 09:55:05.911165,6376,5764,3178,1
2026-08-23 09:55:05.911186,6260,4420,0,1
2026-08-23 09:55:05.911206,6381,5862,3420,1
2026-08-23 09:55:05.911225,6269,4432,20,1
2026-08-23 09:55:05.911245,6368,5826,2999,1
2026-08-23 09:55:05.911265,6283,4422,0,1
2026-08-23 09:55:05.911285,6369,5815,2856,1
2026-08-23 09:55:05.911305,6300,4402,0,1
2026-08-23 09:55:05.927734,6389,5612,3265,1
2026-08-23 09:55:05.927754,6281,4245,7,1
2026-08-23 09:55:05.927774,6383,5610,2965,1
2026-08-23 09:55:05.927794,6254,4284,0,1
2026-08-23 09:55:05.927814,6366,5716,2772,1
2026-08-23 09:55:05.927835,6268,4352,0,1
2026-08-23 09:55:05.927854,6335,5690,1737,1
2026-08-23 09:55:05.927874,6276,4424,0,1
2026-08-23 09:55:05.927894,6377,5818,3040,1
2026-08-23 09:55:05.927914,6263,4456,0,1
2026-08-23 09:55:05.927934,6391,5884,3441,1
2026-08-23 09:55:05.946036,6333,3779,0,1
2026-08-23 09:55:05.946056,6374,5421,3120,1
2026-08-23 09:55:05.946076,6271,4187,0,1
2026-08-23 09:55:05.946096,6375,5666,3193,1
2026-08-23 09:55:05.946116,6254,4283,0,1
2026-08-23 09:55:05.946136,6384,5757,3246,1
2026-08-23 09:55:05.946156,6274,4409,11,1
2026-08-23 09:55:05.946176,6372,5844,3193,1
2026-08-23 09:55:05.946196,6270,4437,0,1
2026-08-23 09:55:05.946216,6367,5827,2858,1
2026-08-23 09:55:05.946236,6275,4401,0,1
2026-08-23 09:55:05.946256,6382,5856,3086,1
2026-08-23 09:55:05.965909,6326,3823,0,1
2026-08-23 09:55:05.965930,6379,5483,3476,1
2026-08-23 09:55:05.965950,6290,4148,13,1
2026-08-23 09:55:05.965970,6368,5677,3029,1
2026-08-23 09:55:05.965990,6270,4293,0,1
2026-08-23 09:55:05.966010,6373,5780,2870,1
2026-08-23 09:55:05.966030,6274,4420,0,1
2026-08-23 09:55:05.966050,6371,5849,3152,1
2026-08-23 09:55:05.966069,6276,4409,0,1
2026-08-23 09:55:05.966089,6381,5822,3317,1
2026-08-23 09:55:05.966110,6265,4421,0,1
2026-08-23 09:55:05.966130,6386,5843,3183,1
2026-08-23 09:55:05.966150,6290,4358,0,1
2026-08-23 09:55:05.985882,6394,5565,3196,1
2026-08-23 09:55:05.985902,6264,4122,0,1
2026-08-23 09:55:05.985922,6379,5538,3099,1
2026-08-23 09:55:05.985942,6261,4222,0,1
2026-08-23 09:55:05.985962,6345,5722,3199,1
2026-08-23 09:55:05.985982,6270,4347,16,1
2026-08-23 09:55:05.986002,6361,5746,3290,1
2026-08-23 09:55:05.986022,6337,4370,0,1
2026-08-23 09:55:05.986042,6366,5744,2781,1
2026-08-23 09:55:05.986062,6268,4394,0,1
2026-08-23 09:55:05.986082,6339,5819,3172,1
2026-08-23 09:55:05.986102,6274,4412,0,1
2026-08-23 09:55:05.986122,6375,5815,3091,1
2026-08-23 09:55:06.005556,6320,3715,0,1
2026-08-23 09:55:06.005576,6377,5384,3137,1
2026-08-23 09:55:06.005596,6286,4168,0,1
2026-08-23 09:55:06.005616,6380,5670,3286,1
2026-08-23 09:55:06.005636,6266,4273,0,1
2026-08-23 09:55:06.005656,6368,5780,3135,1
2026-08-23 09:55:06.005677,6282,4406,0,1
2026-08-23 09:55:06.005697,6230,5535,0,1
2026-08-23 09:55:06.005716,6272,4483,0,1
2026-08-23 09:55:06.005736,6368,5840,2869,1
2026-08-23 09:55:06.005756,6268,4480,0,1
2026-08-23 09:55:06.005776,6375,5848,2934,1
2026-08-23 09:55:06.005796,6289,4470,4,1
2026-08-23 09:55:06.025320,6383,5548,3019,1
2026-08-23 09:55:06.025340,6281,4201,0,1
2026-08-23 09:55:06.025360,6365,5570,2770,1
2026-08-23 09:55:06.025380,6279,4300,0,1
2026-08-23 09:55:06.025400,6334,5571,1793,1
2026-08-23 09:55:06.025420,6276,4353,0,1
2026-08-23 09:55:06.025440,6364,5768,2810,1
2026-08-23 09:55:06.025460,6263,4410,0,1
2026-08-23 09:55:06.025480,6393,5824,3447,1
2026-08-23 09:55:06.025500,6267,4392,0,1
2026-08-23 09:55:06.025520,6365,5746,2807,1
2026-08-23 09:55:06.025540,6275,4405,0,1
2026-08-23 09:55:06.025560,6373,5831,3003,1
2026-08-23 09:55:06.043727,6337,3676,13,1
2026-08-23 09:55:06.043747,6384,5370,3138,1
2026-08-23 09:55:06.043767,6269,4121,0,1
2026-08-23 09:55:06.043787,6361,5592,2860,1
2026-08-23 09:55:06.043808,6261,4298,0,1
2026-08-23 09:55:06.043828,6382,5752,3035,1
2026-08-23 09:55:06.043848,6275,4340,1,1
2026-08-23 09:55:06.043867,6379,5789,3298,1
2026-08-23 09:55:06.043887,6267,4365,0,1
2026-08-23 09:55:06.043907,6364,5828,3117,1
2026-08-23 09:55:06.043927,6266,4393,4,1
2026-08-23 09:55:06.043947,6317,5736,1290,1
2026-08-23 09:55:06.063524,6337,3896,2,1
2026-08-23 09:55:06.063545,6398,5502,3546,1
2026-08-23 09:55:06.063565,6288,4180,0,1
2026-08-23 09:55:06.063585,6382,5651,3242,1
2026-08-23 09:55:06.063605,6278,4336,0,1
2026-08-23 09:55:06.063625,6372,5759,3207,1
2026-08-23 09:55:06.063645,6267,4405,0,1
2026-08-23 09:55:06.063665,6363,5807,3294,1
2026-08-23 09:55:06.063684,6276,4371,0,1
2026-08-23 09:55:06.063704,6378,5790,2940,1
2026-08-23 09:55:06.063725,6260,4479,0,1
2026-08-23 09:55:06.063745,6374,5855,2926,1
2026-08-23 09:55:06.063765,6284,4435,0,1
2026-08-23 09:55:06.083583,6274,5358,411,1
2026-08-23 09:55:06.083603,6278,4221,0,1
2026-08-23 09:55:06.083623,6364,5610,2760,1
2026-08-23 09:55:06.083643,6266,4284,0,1
2026-08-23 09:55:06.083663,6371,5725,3053,1
2026-08-23 09:55:06.083683,6274,4360,0,1
2026-08-23 09:55:06.083703,6363,5783,3169,1
2026-08-23 09:55:06.083723,6259,4332,0,1
2026-08-23 09:55:06.083743,6374,5809,3134,1
2026-08-23 09:55:06.083763,6291,4415,4,1
2026-08-23 09:55:06.083783,6360,5800,3091,1
2026-08-23 09:55:06.083803,6278,4390,0,1
2026-08-23 09:55:06.083823,6376,5782,2799,1
2026-08-23 09:55:06.101640,6324,3702,0,1
2026-08-23 09:55:06.101660,6383,5435,3520,1
2026-08-23 09:55:06.101680,6277,4070,0,1
2026-08-23 09:55:06.101700,6366,5608,2937,1
2026-08-23 09:55:06.101720,6274,4281,0,1
2026-08-23 09:55:06.101740,6371,5757,2865,1
2026-08-23 09:55:06.101760,6281,4385,0,1
2026-08-23 09:55:06.101780,6343,5715,1814,1
2026-08-23 09:55:06.101800,6277,4464,0,1
2026-08-23 09:55:06.101820,6382,5904,3172,1
2026-08-23 09:55:06.101840,6269,4426,0,1
2026-08-23 09:55:06.101860,6374,5870,3285,1
2026-08-23 09:55:06.120481,6326,3849,0,1
2026-08-23 09:55:06.120501,6380,5494,3051,1
2026-08-23 09:55:06.120521,6276,4225,20,1
2026-08-23 09:55:06.120541,6380,5737,3409,1
2026-08-23 09:55:06.120561,6271,4302,0,1
2026-08-23 09:55:06.120581,6370,5752,3160,1
2026-08-23 09:55:06.120601,6267,4387,0,1
2026-08-23 09:55:06.120621,6388,5830,3374,1
2026-08-23 09:55:06.120641,6269,4426,6,1
2026-08-23 09:55:06.120661,6363,5813,2986,1
2026-08-23 09:55:06.120681,6274,4410,0,1
2026-08-23 09:55:06.120701,6373,5849,2840,1
2026-08-23 09:55:06.120721,6305,4422,0,1
2026-08-23 09:55:06.139532,6396,5658,3295,1
2026-08-23 09:55:06.139552,6283,4284,8,1
2026-08-23 09:55:06.139572,6365,5643,2913,1
2026-08-23 09:55:06.139592,6262,4303,0,1
2026-08-23 09:55:06.139612,6368,5688,2800,1
2026-08-23 09:55:06.139632,6277,4391,0,1
2026-08-23 09:55:06.139652,6375,5785,3001,1
2026-08-23 09:55:06.139672,6268,4353,0,1
2026-08-23 09:55:06.139692,6371,5840,3024,1
2026-08-23 09:55:06.139712,6267,4404,0,1
2026-08-23 09:55:06.139732,6231,5561,0,1
2026-08-23 09:55:06.139752,6273,4475,0,1
2026-08-23 09:55:06.139772,6369,5859,2780,1
2026-08-23 09:55:06.157944,6281,3733,0,1
2026-08-23 09:55:06.157964,6425,5397,3339,1
2026-08-23 09:55:06.157984,6270,4056,12,1
2026-08-23 09:55:06.158004,6373,5666,3086,1
2026-08-23 09:55:06.158024,6274,4288,0,1
2026-08-23 09:55:06.158044,6366,5763,2882,1
2026-08-23 09:55:06.158064,6276,4384,0,1
2026-08-23 09:55:06.158084,6376,5809,3121,1
2026-08-23 09:55:06.158104,6292,4393,0,1
2026-08-23 09:55:06.158124,6368,5849,3271,1
2026-08-23 09:55:06.158144,6270,4416,0,1
2026-08-23 09:55:06.158164,6385,5854,3238,1
2026-08-23 09:55:06.177464,6322,3912,0,1
2026-08-23 09:55:06.177484,6372,5543,2891,1
2026-08-23 09:55:06.177504,6290,4272,0,1
2026-08-23 09:55:06.177524,6352,5676,2665,1
2026-08-23 09:55:06.177544,6276,4392,0,1
2026-08-23 09:55:06.177564,6379,5798,3181,1
2026-08-23 09:55:06.177584,6271,4403,0,1
2026-08-23 09:55:06.177604,6378,5866,3247,1
2026-08-23 09:55:06.177624,6275,4465,2,1
2026-08-23 09:55:06.177644,6371,5879,3144,1
2026-08-23 09:55:06.177664,6275,4410,0,1
2026-08-23 09:55:06.177684,6369,5842,2833,1
2026-08-23 09:55:06.177704,6276,4444,0,1
2026-08-23 09:55:06.196647,6396,5602,3363,1
2026-08-23 09:55:06.196667,6274,4170,0,1
2026-08-23 09:55:06.196687,6366,5582,2807,1
2026-08-23 09:55:06.196707,6269,4263,0,1
2026-08-23 09:55:06.196727,6357,5672,2886,1
2026-08-23 09:55:06.196747,6289,4344,18,1
2026-08-23 09:55:06.196767,6379,5770,3259,1
2026-08-23 09:55:06.196787,6251,4337,0,1
2026-08-23 09:55:06.196807,6370,5764,3049,1
2026-08-23 09:55:06.196827,6255,4394,0,1
2026-08-23 09:55:06.196847,6378,5826,3164,1
2026-08-23 09:55:06.196867,6284,4388,0,1
2026-08-23 09:55:06.196887,6377,5772,2786,1
2026-08-23 09:55:06.216412,6311,3818,0,1
2026-08-23 09:55:06.216432,6388,5445,3030,1
2026-08-23 09:55:06.216452,6276,4153,10,1
2026-08-23 09:55:06.216472,6378,5650,3029,1
2026-08-23 09:55:06.216492,6254,4328,0,1
2026-08-23 09:55:06.216512,6373,5738,2819,1
2026-08-23 09:55:06.216532,6273,4393,0,1
2026-08-23 09:55:06.216552,6254,5585,0,1
2026-08-23 09:55:06.216572,6275,4497,0,1
2026-08-23 09:55:06.216592,6379,5888,3159,1
2026-08-23 09:55:06.216612,6263,4461,0,1
2026-08-23 09:55:06.216632,6382,5908,3222,1
2026-08-23 09:55:06.216652,6262,4417,9,1
2026-08-23 09:55:06.236155,6391,5574,3160,1
2026-08-23 09:55:06.236175,6250,4199,0,1
2026-08-23 09:55:06.236195,6378,5594,3039,1
2026-08-23 09:55:06.236215,6290,4282,0,1
2026-08-23 09:55:06.236235,6374,5685,2860,1
2026-08-23 09:55:06.236255,6275,4309,0,1
2026-08-23 09:55:06.236275,6362,5723,2735,1
2026-08-23 09:55:06.236295,6226,4376,0,1
2026-08-23 09:55:06.236315,6277,5590,0,1
2026-08-23 09:55:06.236335,6271,4474,0,1
2026-08-23 09:55:06.236355,6383,5850,3056,1
2026-08-23 09:55:06.236375,6273,4438,0,1
2026-08-23 09:55:06.236395,6387,5836,3452,1
2026-08-23 09:55:06.254140,6333,3754,4,1
2026-08-23 09:55:06.254160,6392,5405,3412,1
2026-08-23 09:55:06.254180,6262,4134,0,1
2026-08-23 09:55:06.254200,6378,5654,3129,1
2026-08-23 09:55:06.254220,6275,4318,0,1
2026-08-23 09:55:06.254240,6397,5778,3448,1
2026-08-23 09:55:06.254260,6271,4375,0,1
2026-08-23 09:55:06.254280,6370,5768,2918,1
2026-08-23 09:55:06.254300,6263,4411,0,1
2026-08-23 09:55:06.254320,6362,5802,2843,1
2026-08-23 09:55:06.254340,6274,4450,0,1
2026-08-23 09:55:06.254360,6387,5815,3256,1
2026-08-23 09:55:06.270395,6330,3837,11,1
2026-08-23 09:55:06.270415,6251,5458,3212,1
2026-08-23 09:55:06.270435,6314,4192,0,1
2026-08-23 09:55:06.270455,6382,5607,2902,1
2026-08-23 09:55:06.270475,6271,4346,0,1
2026-08-23 09:55:06.270495,6374,5753,2954,1
2026-08-23 09:55:06.270515,6271,4425,17,1
2026-08-23 09:55:06.270535,6372,5822,2767,1
2026-08-23 09:55:06.270555,6182,4420,0,1
2026-08-23 09:55:06.270575,6377,5855,3187,1
2026-08-23 09:55:06.270595,6279,4418,0,1
2026-08-23 09:55:06.286755,6379,5592,2832,1
2026-08-23 09:55:06.286775,6273,4269,0,1
2026-08-23 09:55:06.286795,6374,5682,3058,1
2026-08-23 09:55:06.286815,6289,4319,0,1
2026-08-23 09:55:06.286835,6380,5708,3244,1
2026-08-23 09:55:06.286855,6258,4320,0,1
2026-08-23 09:55:06.286875,6376,5758,3124,1
2026-08-23 09:55:06.286895,6269,4367,0,1
2026-08-23 09:55:06.286915,6377,5798,3391,1
2026-08-23 09:55:06.286935,6274,4340,0,1
2026-08-23 09:55:06.286955,6375,5753,2815,1
2026-08-23 09:55:06.302944,6320,3840,0,1
2026-08-23 09:55:06.302964,6388,5463,3142,1
2026-08-23 09:55:06.302984,6262,4216,0,1
2026-08-23 09:55:06.303004,6382,5720,3424,1
2026-08-23 09:55:06.303024,6270,4345,0,1
2026-08-23 09:55:06.303044,6366,5747,2900,1
2026-08-23 09:55:06.303064,6267,4410,0,1
2026-08-23 09:55:06.303084,6370,5791,2847,1
2026-08-23 09:55:06.303104,6285,4437,0,1
2026-08-23 09:55:06.303124,6386,5841,2979,1
2026-08-23 09:55:06.303144,6286,4395,0,1
2026-08-23 09:55:06.319545,6390,5672,3026,1
2026-08-23 09:55:06.319565,6271,4256,131,1
2026-08-23 09:55:06.319585,6384,5614,2784,1
2026-08-23 09:55:06.319605,6278,4344,0,1
2026-08-23 09:55:06.319625,6294,5559,492,1
2026-08-23 09:55:06.319645,6276,4419,0,1
2026-08-23 09:55:06.319664,6377,5844,3094,1
2026-08-23 09:55:06.319685,6260,4401,0,1
2026-08-23 09:55:06.319705,6366,5830,3323,1
2026-08-23 09:55:06.319725,6275,4420,0,1
2026-08-23 09:55:06.319745,6382,5813,2867,1
2026-08-23 09:55:06.337436,6328,3891,0,1
2026-08-23 09:55:06.337456,6388,5486,3144,1
2026-08-23 09:55:06.337476,6265,4186,0,1
2026-08-23 09:55:06.337497,6409,5724,3278,1
2026-08-23 09:55:06.337517,6267,4337,8,1
2026-08-23 09:55:06.337537,6377,5794,3050,1
2026-08-23 09:55:06.337557,6279,4386,0,1
2026-08-23 09:55:06.337576,6369,5796,2810,1
2026-08-23 09:55:06.337596,6276,4466,0,1
2026-08-23 09:55:06.337616,6378,5879,3222,1
2026-08-23 09:55:06.337636,6282,4375,0,1
2026-08-23 09:55:06.337656,6282,5838,3175,1
2026-08-23 09:55:06.354986,6320,3838,0,1
2026-08-23 09:55:06.355006,6383,5426,2836,1
2026-08-23 09:55:06.355026,6279,4220,0,1
2026-08-23 09:55:06.355046,6379,5694,3101,1
2026-08-23 09:55:06.355066,6277,4316,3,1
2026-08-23 09:55:06.355086,6380,5774,3291,1
2026-08-23 09:55:06.355106,6262,4364,0,1
2026-08-23 09:55:06.355126,6374,5816,3126,1
2026-08-23 09:55:06.355146,6271,4446,0,1
2026-08-23 09:55:06.355166,6335,5739,2059,1
2026-08-23 09:55:06.355186,6284,4487,0,1
2026-08-23 09:55:06.355206,6374,5842,2730,1
2026-08-23 09:55:06.374505,6333,4009,0,1
2026-08-23 09:55:06.374525,6386,5589,3198,1
2026-08-23 09:55:06.374545,6264,4260,0,1
2026-08-23 09:55:06.374565,6374,5740,3175,1
2026-08-23 09:55:06.374585,6275,4383,0,1
2026-08-23 09:55:06.374605,6386,5831,3120,1
2026-08-23 09:55:06.374625,6274,4418,0,1
2026-08-23 09:55:06.374645,6375,5800,2832,1
2026-08-23 09:55:06.374665,6275,4458,0,1
2026-08-23 09:55:06.374685,6371,5835,3007,1
2026-08-23 09:55:06.374705,6282,4469,8,1
2026-08-23 09:55:06.374725,6376,5848,3324,1
2026-08-23 09:55:06.374745,6282,4422,0,1
2026-08-23 09:55:06.394417,6383,5518,2752,1
2026-08-23 09:55:06.394437,6272,4213,0,1
2026-08-23 09:55:06.394457,6312,5485,1205,1
2026-08-23 09:55:06.394477,6247,4312,0,1
2026-08-23 09:55:06.394497,6381,5727,3018,1
2026-08-23 09:55:06.394517,6264,4374,0,1
2026-08-23 09:55:06.394537,6369,5791,3419,1
2026-08-23 09:55:06.394557,6292,4379,0,1
2026-08-23 09:55:06.394577,6384,5744,2821,1
2026-08-23 09:55:06.394597,6268,4407,0,1
2026-08-23 09:55:06.394617,6374,5819,2916,1
2026-08-23 09:55:06.394637,6282,4424,13,1
2026-08-23 09:55:06.394657,6379,5810,3262,1
2026-08-23 09:55:06.414285,6330,3683,0,1
2026-08-23 09:55:06.414305,6375,5350,2851,1
2026-08-23 09:55:06.414325,6284,4140,0,1
2026-08-23 09:55:06.414346,6377,5647,3203,1
2026-08-23 09:55:06.414366,6269,4258,0,1
2026-08-23 09:55:06.414386,6368,5731,3226,1
2026-08-23 09:55:06.414406,6264,4342,0,1
2026-08-23 09:55:06.414426,6383,5810,3153,1
2026-08-23 09:55:06.414445,6280,4446,0,1
2026-08-23 09:55:06.414465,6366,5812,2816,1
2026-08-23 09:55:06.414485,6269,4409,0,1
2026-08-23 09:55:06.414505,6373,5846,2812,1
2026-08-23 09:55:06.414526,6285,4457,0,1
2026-08-23 09:55:06.433568,6403,5557,3383,1
2026-08-23 09:55:06.433588,6282,4165,0,1
2026-08-23 09:55:06.433608,6367,5581,2804,1
2026-08-23 09:55:06.433628,6269,4257,0,1
2026-08-23 09:55:06.433648,6368,5711,2704,1
2026-08-23 09:55:06.433668,6279,4339,6,1
2026-08-23 09:55:06.433688,6368,5747,3214,1
2026-08-23 09:55:06.433708,6260,4342,0,1
2026-08-23 09:55:06.433728,6373,5763,3052,1
2026-08-23 09:55:06.433748,6285,4414,0,1
2026-08-23 09:55:06.433768,6386,5828,3118,1
2026-08-23 09:55:06.433788,6280,4395,0,1
2026-08-23 09:55:06.433808,6397,5795,2808,1
2026-08-23 09:55:06.453379,6312,3717,0,1
2026-08-23 09:55:06.453399,6386,5420,3449,1
2026-08-23 09:55:06.453419,6288,4158,4,1
2026-08-23 09:55:06.453439,6367,5597,2924,1
2026-08-23 09:55:06.453459,6281,4296,0,1
2026-08-23 09:55:06.453479,6371,5746,2853,1
2026-08-23 09:55:06.453499,6285,4432,0,1
2026-08-23 09:55:06.453519,6293,5599,452,1
2026-08-23 09:55:06.453539,6274,4552,0,1
2026-08-23 09:55:06.453559,6389,5902,3140,1
2026-08-23 09:55:06.453579,6264,4497,0,1
2026-08-23 09:55:06.453599,6379,5850,3294,1
2026-08-23 09:55:06.453619,6298,4444,28,1
2026-08-23 09:55:06.473409,6386,5568,3184,1
2026-08-23 09:55:06.473429,6258,4173,0,1
2026-08-23 09:55:06.473449,6387,5569,3156,1
2026-08-23 09:55:06.473469,6281,4282,0,1
2026-08-23 09:55:06.473490,6373,5666,2952,1
2026-08-23 09:55:06.473510,6225,4343,0,1
2026-08-23 09:55:06.473530,6380,5703,2765,1
2026-08-23 09:55:06.473550,6276,4418,0,1
2026-08-23 09:55:06.473569,6372,5757,2710,1
2026-08-23 09:55:06.473589,6269,4427,0,1
2026-08-23 09:55:06.473609,6369,5832,3020,1
2026-08-23 09:55:06.473629,6284,4431,0,1
2026-08-23 09:55:06.473650,6314,5696,1259,1
2026-08-23 09:55:06.493240,6339,3814,0,1
2026-08-23 09:55:06.493260,6393,5402,3267,1
2026-08-23 09:55:06.493280,6261,4180,0,1
2026-08-23 09:55:06.493300,6380,5701,3179,1
2026-08-23 09:55:06.493320,6281,4362,0,1
2026-08-23 09:55:06.493340,6379,5780,3282,1
2026-08-23 09:55:06.493361,6271,4389,0,1
2026-08-23 09:55:06.493381,6377,5792,2895,1
2026-08-23 09:55:06.493400,6287,4433,0,1
2026-08-23 09:55:06.493420,6371,5832,2919,1
2026-08-23 09:55:06.493440,6260,4445,0,1
2026-08-23 09:55:06.493460,6389,5832,3213,1
2026-08-23 09:55:06.493480,6289,4369,0,1
2026-08-23 09:55:06.513109,6388,5490,2833,1
2026-08-23 09:55:06.513129,6285,4186,0,1
2026-08-23 09:55:06.513149,6258,5408,0,1
2026-08-23 09:55:06.513170,6274,4332,0,1
2026-08-23 09:55:06.513190,6371,5772,3048,1
2026-08-23 09:55:06.513210,6278,4383,0,1
2026-08-23 09:55:06.513230,6376,5827,3289,1
2026-08-23 09:55:06.513250,6281,4410,1,1
2026-08-23 09:55:06.513269,6381,5798,2912,1
2026-08-23 09:55:06.513289,6273,4389,0,1
2026-08-23 09:55:06.513309,6371,5814,2811,1
2026-08-23 09:55:06.513330,6293,4433,4,1
2026-08-23 09:55:06.513350,6386,5844,3259,1
2026-08-23 09:55:06.532682,6328,3734,0,1
2026-08-23 09:55:06.532702,6387,5362,2975,1
2026-08-23 09:55:06.532722,6269,4192,0,1
2026-08-23 09:55:06.532742,6381,5651,2994,1
2026-08-23 09:55:06.532762,6282,4329,7,1
2026-08-23 09:55:06.532782,6394,5778,3348,1
2026-08-23 09:55:06.532802,6265,4394,0,1
2026-08-23 09:55:06.532822,6506,5826,3143,1
2026-08-23 09:55:06.532842,6269,4436,0,1
2026-08-23 09:55:06.532862,6252,5516,0,1
2026-08-23 09:55:06.532882,6280,4437,0,1
2026-08-23 09:55:06.532902,6373,5822,2897,1
2026-08-23 09:55:06.532922,6275,4359,0,1
2026-08-23 09:55:06.552551,6392,5562,3125,1
2026-08-23 09:55:06.552571,6287,4180,0,1
2026-08-23 09:55:06.552591,6382,5578,3103,1
2026-08-23 09:55:06.552611,6277,4230,0,1
2026-08-23 09:55:06.552631,6372,5679,2729,1
2026-08-23 09:55:06.552651,6277,4353,0,1
2026-08-23 09:55:06.552671,6352,5688,2247,1
2026-08-23 09:55:06.552691,6276,4387,0,1
2026-08-23 09:55:06.552711,6378,5796,3020,1
2026-08-23 09:55:06.552731,6262,4426,0,1
2026-08-23 09:55:06.552751,6383,5813,3375,1
2026-08-23 09:55:06.552771,6286,4406,0,1
2026-08-23 09:55:06.552791,6381,5800,2805,1
2026-08-23 09:55:06.572490,6312,3720,0,1
2026-08-23 09:55:06.572510,6393,5410,3222,1
2026-08-23 09:55:06.572530,6284,4154,0,1
2026-08-23 09:55:06.572550,6382,5680,3185,1
2026-08-23 09:55:06.572570,6277,4289,0,1
2026-08-23 09:55:06.572590,6364,5709,2836,1
2026-08-23 09:55:06.572610,6285,4414,0,1
2026-08-23 09:55:06.572630,6379,5795,3032,1
2026-08-23 09:55:06.572650,6272,4412,13,1
2026-08-23 09:55:06.572670,6379,5859,3334,1
2026-08-23 09:55:06.572690,6279,4401,0,1
2026-08-23 09:55:06.572710,6381,5854,3137,1
2026-08-23 09:55:06.572730,6299,4429,0,1
2026-08-23 09:55:06.592202,6267,5210,0,1
2026-08-23 09:55:06.592222,6282,4124,0,1
2026-08-23 09:55:06.592242,6371,5569,3034,1
2026-08-23 09:55:06.592262,6264,4249,0,1
2026-08-23 09:55:06.592282,6377,5679,3368,1
2026-08-23 09:55:06.592302,6280,4275,0,1
2026-08-23 09:55:06.592322,6371,5720,2833,1
2026-08-23 09:55:06.592342,6268,4362,0,1
2026-08-23 09:55:06.592362,6376,5746,2878,1
2026-08-23 09:55:06.592382,6287,4422,1,1
2026-08-23 09:55:06.592402,6384,5812,3316,1
2026-08-23 09:55:06.592422,6268,4381,0,1
2026-08-23 09:55:06.592442,6296,5814,3132,1
2026-08-23 09:55:06.612273,6332,3718,0,1
2026-08-23 09:55:06.612293,6394,5405,3287,1
2026-08-23 09:55:06.612313,6263,4120,0,1
2026-08-23 09:55:06.612333,6382,5574,3203,1
2026-08-23 09:55:06.612353,6270,4294,0,1
2026-08-23 09:55:06.612373,6375,5759,3180,1
2026-08-23 09:55:06.612393,6281,4410,0,1
2026-08-23 09:55:06.612413,6390,5820,3199,1
2026-08-23 09:55:06.612432,6282,4403,0,1
2026-08-23 09:55:06.612453,6372,5759,2814,1
2026-08-23 09:55:06.612473,6270,4444,0,1
2026-08-23 09:55:06.612493,6378,5855,3048,1
2026-08-23 09:55:06.612513,6296,4394,0,1
2026-08-23 09:55:06.632198,6390,5496,2682,1
2026-08-23 09:55:06.632218,6270,4151,0,1
2026-08-23 09:55:06.632238,6371,5589,2859,1
2026-08-23 09:55:06.632258,6274,4277,10,1
2026-08-23 09:55:06.632278,6382,5711,3300,1
2026-08-23 09:55:06.632298,6258,4326,0,1
2026-08-23 09:55:06.632318,6366,5730,3041,1
2026-08-23 09:55:06.632338,6237,4393,0,1
2026-08-23 09:55:06.632358,6361,5778,2746,1
2026-08-23 09:55:06.632378,6275,4412,0,1
2026-08-23 09:55:06.632398,6360,5805,2735,1
2026-08-23 09:55:06.632418,6284,4406,0,1
2026-08-23 09:55:06.632438,6319,5653,950,1
2026-08-23 09:55:06.652057,6343,3800,7,1
2026-08-23 09:55:06.652077,6390,5419,3003,1
2026-08-23 09:55:06.652097,6276,4192,0,1
2026-08-23 09:55:06.652117,6368,5669,2864,1
2026-08-23 09:55:06.652138,6279,4330,0,1
2026-08-23 09:55:06.652158,6379,5785,3231,1
2026-08-23 09:55:06.652178,6269,4359,0,1
2026-08-23 09:55:06.652198,6380,5802,3219,1
2026-08-23 09:55:06.652217,6265,4415,0,1
2026-08-23 09:55:06.652237,6383,5833,3148,1
2026-08-23 09:55:06.652257,6280,4453,0,1
2026-08-23 09:55:06.652277,6363,5824,2841,1
2026-08-23 09:55:06.652297,6301,4401,0,1
2026-08-23 09:55:06.671961,6394,5503,3094,1
2026-08-23 09:55:06.671981,6276,4166,0,1
2026-08-23 09:55:06.672001,6301,5444,54,1
2026-08-23 09:55:06.672021,6279,4269,0,1
2026-08-23 09:55:06.672041,6367,5683,2810,1
2026-08-23 09:55:06.672061,6260,4337,0,1
2026-08-23 09:55:06.672081,6376,5749,2907,1
2026-08-23 09:55:06.672101,6280,4412,47,1
2026-08-23 09:55:06.672121,6380,5807,3292,1
2026-08-23 09:55:06.672141,6260,4408,0,1
2026-08-23 09:55:06.672161,6371,5774,3050,1
2026-08-23 09:55:06.672181,6294,4404,0,1
2026-08-23 09:55:06.672201,6380,5819,2995,1
2026-08-23 09:55:06.691865,6337,3727,0,1
2026-08-23 09:55:06.691885,6388,5437,3183,1
2026-08-23 09:55:06.691905,6274,4195,0,1
2026-08-23 09:55:06.691925,6382,5688,3280,1
2026-08-23 09:55:06.691945,6287,4319,12,1
2026-08-23 09:55:06.691965,6385,5777,3105,1
2026-08-23 09:55:06.691985,6277,4378,0,1
2026-08-23 09:55:06.692005,6364,5810,2823,1
2026-08-23 09:55:06.692025,6276,4459,0,1
2026-08-23 09:55:06.692045,6376,5867,3119,1
2026-08-23 09:55:06.692065,6286,4443,0,1
2026-08-23 09:55:06.692085,6374,5818,3236,1
2026-08-23 09:55:06.692105,6281,4375,0,1
2026-08-23 09:55:06.711843,6395,5506,2833,1
2026-08-23 09:55:06.711863,6282,4193,23,1
2026-08-23 09:55:06.711883,6385,5608,3322,1
2026-08-23 09:55:06.711903,6262,4245,0,1
2026-08-23 09:55:06.711923,6379,5653,3036,1
2026-08-23 09:55:06.711943,6277,4355,0,1
2026-08-23 09:55:06.711963,6381,5770,3213,1
2026-08-23 09:55:06.711983,6274,4372,0,1
2026-08-23 09:55:06.712003,6371,5723,2787,1
2026-08-23 09:55:06.712023,6278,4398,0,1
2026-08-23 09:55:06.712043,6379,5823,3125,1
2026-08-23 09:55:06.712063,6295,4360,0,1
2026-08-23 09:55:06.712083,6378,5795,3153,1
2026-08-23 09:55:06.731769,6322,3737,0,1
2026-08-23 09:55:06.731789,6378,5380,2956,1
2026-08-23 09:55:06.731809,6286,4161,9,1
2026-08-23 09:55:06.731829,6385,5651,3460,1
2026-08-23 09:55:06.731849,6275,4313,0,1
2026-08-23 09:55:06.731869,6373,5747,3129,1
2026-08-23 09:55:06.731889,6273,4406,0,1
2026-08-23 09:55:06.731909,6386,5841,3332,1
2026-08-23 09:55:06.731929,6281,4397,1,1
2026-08-23 09:55:06.731949,6370,5807,2995,1
2026-08-23 09:55:06.731969,6269,4440,0,1
2026-08-23 09:55:06.731989,6383,5798,2838,1
2026-08-23 09:55:06.732009,6299,4451,0,1
2026-08-23 09:55:06.751692,6342,5410,1484,1
2026-08-23 09:55:06.751712,6284,4251,0,1
2026-08-23 09:55:06.751732,6382,5644,2753,1
2026-08-23 09:55:06.751752,6275,4286,0,1
2026-08-23 09:55:06.751772,6383,5729,3202,1
2026-08-23 09:55:06.751792,6205,4294,0,1
2026-08-23 09:55:06.751812,6383,5722,3083,1
2026-08-23 09:55:06.751832,6272,4342,0,1
2026-08-23 09:55:06.751852,6379,5801,3247,1
2026-08-23 09:55:06.751872,6284,4385,0,1
2026-08-23 09:55:06.751892,6374,5779,2934,1
2026-08-23 09:55:06.751912,6275,4384,0,1
2026-08-23 09:55:06.751932,6372,5783,2837,1
2026-08-23 09:55:06.771510,6337,3709,0,1
2026-08-23 09:55:06.771530,6376,5365,3215,1
2026-08-23 09:55:06.771550,6270,4115,0,1
2026-08-23 09:55:06.771570,6377,5582,2865,1
2026-08-23 09:55:06.771590,6281,4310,0,1
2026-08-23 09:55:06.771610,6374,5779,2987,1
2026-08-23 09:55:06.771630,6274,4389,21,1
2026-08-23 09:55:06.771650,6333,5811,3394,1
2026-08-23 09:55:06.771670,6277,4425,0,1
2026-08-23 09:55:06.771690,6382,5835,3138,1
2026-08-23 09:55:06.771710,6280,4424,0,1
2026-08-23 09:55:06.771730,6483,5859,3472,1
2026-08-23 09:55:06.771750,6295,4392,0,1
2026-08-23 09:55:06.791553,6383,5528,3181,1
2026-08-23 09:55:06.791573,6263,4168,0,1
2026-08-23 09:55:06.791593,6380,5607,3177,1
2026-08-23 09:55:06.791613,6283,4266,0,1
2026-08-23 09:55:06.791633,6375,5687,2954,1
2026-08-23 09:55:06.791653,6267,4338,0,1
2026-08-23 09:55:06.791673,6369,5747,2775,1
2026-08-23 09:55:06.791693,6290,4384,0,1
2026-08-23 09:55:06.791713,6377,5805,3166,1
2026-08-23 09:55:06.791733,6262,4405,0,1
2026-08-23 09:55:06.791753,6374,5817,3051,1
2026-08-23 09:55:06.791773,6277,4399,0,1
2026-08-23 09:55:06.791793,6336,5694,1885,1
2026-08-23 09:55:06.811314,6349,3760,0,1
2026-08-23 09:55:06.811334,6389,5428,3301,1
2026-08-23 09:55:06.811354,6283,4153,0,1
2026-08-23 09:55:06.811374,6375,5665,3153,1
2026-08-23 09:55:06.811394,6269,4364,0,1
2026-08-23 09:55:06.811414,6282,5530,776,1
2026-08-23 09:55:06.811434,6291,4506,0,1
2026-08-23 09:55:06.811454,6372,5882,2874,1
2026-08-23 09:55:06.811474,6281,4466,0,1
2026-08-23 09:55:06.811494,6386,5840,2905,1
2026-08-23 09:55:06.811514,6282,4502,16,1
2026-08-23 09:55:06.811534,6380,5872,3457,1
2026-08-23 09:55:06.811554,6284,4423,0,1
2026-08-23 09:55:06.831428,6388,5476,2777,1
2026-08-23 09:55:06.831448,6285,4183,0,1
2026-08-23 09:55:06.831468,6380,5651,3245,1
2026-08-23 09:55:06.831488,6270,4211,0,1
2026-08-23 09:55:06.831508,6373,5666,3059,1
2026-08-23 09:55:06.831528,6262,4274,0,1
2026-08-23 09:55:06.831548,6383,5757,3280,1
2026-08-23 09:55:06.831568,6282,4345,17,1
2026-08-23 09:55:06.831588,6378,5717,2885,1
2026-08-23 09:55:06.831608,6269,4410,0,1
2026-08-23 09:55:06.831628,6372,5774,2811,1
2026-08-23 09:55:06.831648,6290,4425,0,1
2026-08-23 09:55:06.831668,6270,5825,3383,1
2026-08-23 09:55:06.851125,6318,3693,0,1
2026-08-23 09:55:06.851145,6378,5304,2865,1
2026-08-23 09:55:06.851165,6286,4220,0,1
2026-08-23 09:55:06.851185,6379,5530,3043,1
2026-08-23 09:55:06.851205,6275,4305,4,1
2026-08-23 09:55:06.851225,6383,5728,3316,1
2026-08-23 09:55:06.851245,6271,4389,0,1
2026-08-23 09:55:06.851265,6383,5809,3092,1
2026-08-23 09:55:06.851285,6280,4426,0,1
2026-08-23 09:55:06.851305,6239,5549,0,1
2026-08-23 09:55:06.851325,6276,4515,0,1
2026-08-23 09:55:06.851345,6379,5826,2843,1
2026-08-23 09:55:06.851365,6118,4461,0,1
2026-08-23 09:55:06.870829,6392,5560,3202,1
2026-08-23 09:55:06.870849,6288,4202,17,1
2026-08-23 09:55:06.870869,6364,5608,2935,1
2026-08-23 09:55:06.870889,6275,4272,0,1
2026-08-23 09:55:06.870909,6361,5701,2790,1
2026-08-23 09:55:06.870929,6285,4387,0,1
2026-08-23 09:55:06.870949,6375,5721,2975,1
2026-08-23 09:55:06.870969,6270,4384,0,1
2026-08-23 09:55:06.870989,6377,5764,3012,1
2026-08-23 09:55:06.871009,6267,4449,0,1
2026-08-23 09:55:06.871029,6235,5506,0,1
2026-08-23 09:55:06.871049,6286,4448,0,1
2026-08-23 09:55:06.871069,6376,5824,2770,1
2026-08-23 09:55:06.890748,6315,3782,0,1
2026-08-23 09:55:06.890768,6386,5419,3278,1
2026-08-23 09:55:06.890788,6281,4180,16,1
2026-08-23 09:55:06.890808,6384,5678,3144,1
2026-08-23 09:55:06.890828,6279,4332,0,1
2026-08-23 09:55:06.890848,6368,5748,2844,1
2026-08-23 09:55:06.890868,6253,4417,0,1
2026-08-23 09:55:06.890888,6380,5791,3034,1
2026-08-23 09:55:06.890908,6282,4429,12,1
2026-08-23 09:55:06.890928,6380,5846,3500,1
2026-08-23 09:55:06.890948,6268,4438,0,1
2026-08-23 09:55:06.890968,6379,5840,3140,1
2026-08-23 09:55:06.890988,6295,4435,0,1
2026-08-23 09:55:06.910527,6376,5478,2510,1
2026-08-23 09:55:06.910547,6276,4164,0,1
2026-08-23 09:55:06.910567,6380,5590,3024,1
2026-08-23 09:55:06.910587,6257,4249,0,1
2026-08-23 09:55:06.910607,6229,5354,0,1
2026-08-23 09:55:06.910627,6288,4321,0,1
2026-08-23 09:55:06.910647,6371,5712,2809,1
2026-08-23 09:55:06.910667,6280,4410,0,1
2026-08-23 09:55:06.910687,6373,5756,2936,1
2026-08-23 09:55:06.910707,6285,4440,9,1
2026-08-23 09:55:06.910727,6380,5802,3262,1
2026-08-23 09:55:06.910747,6275,4407,0,1
2026-08-23 09:55:06.910767,6379,5794,3134,1
2026-08-23 09:55:06.929623,6337,3741,0,1
2026-08-23 09:55:06.929643,6376,5322,2865,1
2026-08-23 09:55:06.929663,6292,4151,0,1
2026-08-23 09:55:06.929683,6379,5662,3184,1
2026-08-23 09:55:06.929703,6279,4304,0,1
2026-08-23 09:55:06.929723,6386,5776,3252,1
2026-08-23 09:55:06.929743,6274,4400,0,1
2026-08-23 09:55:06.929763,6372,5792,3154,1
2026-08-23 09:55:06.929783,6275,4428,0,1
2026-08-23 09:55:06.929803,6367,5774,2842,1
2026-08-23 09:55:06.929823,6281,4453,0,1
2026-08-23 09:55:06.929843,6381,5853,3103,1
2026-08-23 09:55:06.929863,6302,4401,0,1
2026-08-23 09:55:06.949174,6386,5568,2848,1
2026-08-23 09:55:06.949194,6272,4258,0,1
2026-08-23 09:55:06.949214,6362,5652,2730,1
2026-08-23 09:55:06.949234,6272,4348,0,1
2026-08-23 09:55:06.949254,6347,5616,1806,1
2026-08-23 09:55:06.949274,6276,4432,0,1
2026-08-23 09:55:06.949294,6388,5806,3040,1
2026-08-23 09:55:06.949314,6263,4437,0,1
2026-08-23 09:55:06.949334,6386,5830,3342,1
2026-08-23 09:55:06.949354,6278,4438,0,1
2026-08-23 09:55:06.949374,6373,5760,2889,1
2026-08-23 09:55:06.949394,6268,4450,0,1
2026-08-23 09:55:06.949414,6377,5836,2918,1
2026-08-23 09:55:06.968212,6334,3701,0,1
2026-08-23 09:55:06.968232,6382,5357,3090,1
2026-08-23 09:55:06.968252,6279,4071,0,1
2026-08-23 09:55:06.968272,6366,5585,2855,1
2026-08-23 09:55:06.968292,6283,4306,0,1
2026-08-23 09:55:06.968313,6380,5780,3134,1
2026-08-23 09:55:06.968333,6279,4393,44,1
2026-08-23 09:55:06.968352,6379,5783,3268,1
2026-08-23 09:55:06.968372,6274,4395,0,1
2026-08-23 09:55:06.968392,6374,5806,3146,1
2026-08-23 09:55:06.968412,6285,4448,0,1
2026-08-23 09:55:06.968432,6386,5843,3290,1
2026-08-23 09:55:06.987784,6339,3818,4,1
2026-08-23 09:55:06.987804,6323,5311,1361,1
2026-08-23 09:55:06.987824,6290,4278,0,1
2026-08-23 09:55:06.987844,6383,5750,3288,1
2026-08-23 09:55:06.987864,6273,4351,0,1
2026-08-23 09:55:06.987884,6383,5785,3200,1
2026-08-23 09:55:06.987904,6273,4436,0,1
2026-08-23 09:55:06.987924,6250,5590,0,1
2026-08-23 09:55:06.987944,6286,4535,0,1
2026-08-23 09:55:06.987964,6360,5865,2946,1
2026-08-23 09:55:06.987984,6265,4485,0,1
2026-08-23 09:55:06.988004,6374,5879,2904,1
2026-08-23 09:55:06.988024,6296,4464,0,1
2026-08-23 09:55:07.007724,6235,5358,130,1
2026-08-23 09:55:07.007744,6288,4296,0,1
2026-08-23 09:55:07.007764,6367,5678,2787,1
2026-08-23 09:55:07.007784,6264,4349,0,1
2026-08-23 09:55:07.007804,6363,5739,2970,1
2026-08-23 09:55:07.007824,6287,4383,10,1
2026-08-23 09:55:07.007844,6386,5765,3234,1
2026-08-23 09:55:07.007864,6264,4376,0,1
2026-08-23 09:55:07.007884,6369,5798,3087,1
2026-08-23 09:55:07.007904,6283,4410,0,1
2026-08-23 09:55:07.007924,6377,5843,3145,1
2026-08-23 09:55:07.007944,6274,4375,0,1
2026-08-23 09:55:07.007964,6364,5806,2783,1
2026-08-23 09:55:07.027414,6318,3720,0,1
2026-08-23 09:55:07.027434,6389,5382,3435,1
2026-08-23 09:55:07.027454,6286,4134,9,1
2026-08-23 09:55:07.027474,6384,5584,3006,1
2026-08-23 09:55:07.027494,6274,4298,0,1
2026-08-23 09:55:07.027514,6367,5761,2843,1
2026-08-23 09:55:07.027534,6285,4404,0,1
2026-08-23 09:55:07.027555,6363,5819,3242,1
2026-08-23 09:55:07.027574,6275,4368,0,1
2026-08-23 09:55:07.027594,6376,5822,3221,1
2026-08-23 09:55:07.027614,6256,4393,0,1
2026-08-23 09:55:07.027634,6393,5840,3164,1
2026-08-23 09:55:07.027654,6301,4395,0,1
2026-08-23 09:55:07.047424,6394,5517,3255,1
2026-08-23 09:55:07.047444,6271,4151,0,1
2026-08-23 09:55:07.047464,6381,5592,2994,1
2026-08-23 09:55:07.047484,6269,4289,0,1
2026-08-23 09:55:07.047504,6382,5714,3254,1
2026-08-23 09:55:07.047524,6273,4284,0,1
2026-08-23 09:55:07.047544,6371,5700,2775,1
2026-08-23 09:55:07.047565,6276,4353,0,1
2026-08-23 09:55:07.047584,6390,5790,3095,1
2026-08-23 09:55:07.047604,6276,4399,0,1
2026-08-23 09:55:07.047624,6389,5765,3531,1
2026-08-23 09:55:07.047644,6280,4382,0,1
2026-08-23 09:55:07.047664,6378,5811,3253,1
2026-08-23 09:55:07.067238,6331,3730,18,1
2026-08-23 09:55:07.067258,6389,5374,3464,1
2026-08-23 09:55:07.067278,6275,4117,0,1
2026-08-23 09:55:07.067298,6370,5597,3153,1
2026-08-23 09:55:07.067318,6269,4332,0,1
2026-08-23 09:55:07.067338,6392,5775,3355,1
2026-08-23 09:55:07.067358,6300,4404,11,1
2026-08-23 09:55:07.067378,6373,5791,3023,1
2026-08-23 09:55:07.067398,6271,4419,0,1
2026-08-23 09:55:07.067418,6373,5794,2819,1
2026-08-23 09:55:07.067438,6272,4457,0,1
2026-08-23 09:55:07.067458,6374,5836,3220,1
2026-08-23 09:55:07.067478,6289,4398,0,1
2026-08-23 09:55:07.087309,6378,5504,2781,1
2026-08-23 09:55:07.087329,6265,4150,0,1
2026-08-23 09:55:07.087349,6364,5583,3006,1
2026-08-23 09:55:07.087369,6283,4264,0,1
2026-08-23 09:55:07.087389,6379,5677,3167,1
2026-08-23 09:55:07.087409,6252,4328,0,1
2026-08-23 09:55:07.087429,6374,5753,3147,1
2026-08-23 09:55:07.087449,6302,4396,9,1
2026-08-23 09:55:07.087469,6376,5803,3000,1
2026-08-23 09:55:07.087489,6267,4407,0,1
2026-08-23 09:55:07.087509,6374,5768,2767,1
2026-08-23 09:55:07.087529,6300,4442,0,1
2026-08-23 09:55:07.087549,6368,5758,2616,1
2026-08-23 09:55:07.107206,6341,3715,0,1
2026-08-23 09:55:07.107226,6389,5354,2871,1
2026-08-23 09:55:07.107246,6282,4149,0,1
2026-08-23 09:55:07.107266,6378,5664,3048,1
2026-08-23 09:55:07.107286,6277,4333,12,1
2026-08-23 09:55:07.107306,6396,5789,3426,1
2026-08-23 09:55:07.107326,6266,4379,0,1
2026-08-23 09:55:07.107346,6379,5770,3124,1
2026-08-23 09:55:07.107366,6270,4409,0,1
2026-08-23 09:55:07.107386,6380,5825,3432,1
2026-08-23 09:55:07.107406,6283,4405,5,1
2026-08-23 09:55:07.107426,6372,5822,2929,1
2026-08-23 09:55:07.107446,6293,4385,0,1
2026-08-23 09:55:07.127274,6385,5492,3161,1
2026-08-23 09:55:07.127294,6287,4183,9,1
2026-08-23 09:55:07.127314,6366,5604,2968,1
2026-08-23 09:55:07.127334,6274,4238,0,1
2026-08-23 09:55:07.127354,6380,5695,2751,1
2026-08-23 09:55:07.127374,6281,4352,0,1
2026-08-23 09:55:07.127394,6372,5773,3124,1
2026-08-23 09:55:07.127414,6284,4397,0,1
2026-08-23 09:55:07.127434,6368,5794,3012,1
2026-08-23 09:55:07.127454,6272,4390,0,1
2026-08-23 09:55:07.127474,6312,5651,674,1
2026-08-23 09:55:07.127494,6297,4494,0,1
2026-08-23 09:55:07.127514,6374,5845,2792,1
2026-08-23 09:55:07.147131,6314,3765,0,1
2026-08-23 09:55:07.147151,6389,5392,3353,1
2026-08-23 09:55:07.147171,6291,4178,12,1
2026-08-23 09:55:07.147192,6382,5606,3003,1
2026-08-23 09:55:07.147212,6165,4298,0,1
2026-08-23 09:55:07.147232,6302,5720,2823,1
2026-08-23 09:55:07.147252,6280,4419,0,1
2026-08-23 09:55:07.147272,6376,5846,3182,1
2026-08-23 09:55:07.147291,6274,4424,0,1
2026-08-23 09:55:07.147311,6378,5831,3300,1
2026-08-23 09:55:07.147331,6268,4408,0,1
2026-08-23 09:55:07.147352,6377,5784,3204,1
2026-08-23 09:55:07.147372,6305,4417,5,1
2026-08-23 09:55:07.167209,6389,5501,2936,1
2026-08-23 09:55:07.167229,6281,4177,0,1
2026-08-23 09:55:07.167249,6529,5562,3012,1
2026-08-23 09:55:07.167269,6279,4271,0,1
2026-08-23 09:55:07.167289,6336,5566,1822,1
2026-08-23 09:55:07.167309,6276,4364,0,1
2026-08-23 09:55:07.167329,6369,5765,2768,1
2026-08-23 09:55:07.167349,6278,4394,0,1
2026-08-23 09:55:07.167369,6378,5790,3107,1
2026-08-23 09:55:07.167389,6272,4372,0,1
2026-08-23 09:55:07.167409,6374,5812,3165,1
2026-08-23 09:55:07.167429,6270,4367,0,1
2026-08-23 09:55:07.167449,6388,5783,3252,1
2026-08-23 09:55:07.186831,6339,3740,4,1
2026-08-23 09:55:07.186852,6397,5426,3494,1
2026-08-23 09:55:07.186872,6270,4121,0,1
2026-08-23 09:55:07.186892,6377,5653,3160,1
2026-08-23 09:55:07.186912,6267,4305,0,1
2026-08-23 09:55:07.186932,6377,5779,3320,1
2026-08-23 09:55:07.186952,6280,4390,11,1
2026-08-23 09:55:07.186972,6361,5809,3014,1
2026-08-23 09:55:07.186991,6276,4438,0,1
2026-08-23 09:55:07.187011,6371,5815,2820,1
2026-08-23 09:55:07.187032,6268,4492,0,1
2026-08-23 09:55:07.187052,6243,5580,0,1
2026-08-23 09:55:07.187072,6299,4521,0,1
2026-08-23 09:55:07.206939,6387,5591,2839,1
2026-08-23 09:55:07.206959,6278,4247,0,1
2026-08-23 09:55:07.206979,6380,5643,2975,1
2026-08-23 09:55:07.206999,6251,4316,8,1
2026-08-23 09:55:07.207019,6383,5718,3216,1
2026-08-23 09:55:07.207039,6252,4346,0,1
2026-08-23 09:55:07.207059,6371,5745,3091,1
2026-08-23 09:55:07.207079,6197,4373,0,1
2026-08-23 09:55:07.207099,6383,5767,3088,1
2026-08-23 09:55:07.207119,6267,4384,0,1
2026-08-23 09:55:07.207139,6368,5741,2754,1
2026-08-23 09:55:07.207159,6291,4446,0,1
2026-08-23 09:55:07.207179,6372,5799,2843,1
2026-08-23 09:55:07.226798,6334,3739,0,1
2026-08-23 09:55:07.226818,6374,5358,2923,1
2026-08-23 09:55:07.226838,6279,4152,0,1
2026-08-23 09:55:07.226858,6377,5604,2900,1
2026-08-23 09:55:07.226878,6276,4352,10,1
2026-08-23 09:55:07.226898,6354,5679,2172,1
2026-08-23 09:55:07.226918,6229,4422,0,1
2026-08-23 09:55:07.226938,6377,5824,3156,1
2026-08-23 09:55:07.226958,6259,4461,0,1
2026-08-23 09:55:07.226978,6385,5856,3291,1
2026-08-23 09:55:07.226998,6285,4465,16,1
2026-08-23 09:55:07.227018,6379,5875,3030,1
2026-08-23 09:55:07.227038,6288,4400,0,1
2026-08-23 09:55:07.246701,6389,5525,3106,1
2026-08-23 09:55:07.246721,6279,4187,0,1
2026-08-23 09:55:07.246741,6384,5601,3256,1
2026-08-23 09:55:07.246761,6278,4220,0,1
2026-08-23 09:55:07.246781,6364,5670,2773,1
2026-08-23 09:55:07.246801,6273,4343,0,1
2026-08-23 09:55:07.246821,6371,5751,3122,1
2026-08-23 09:55:07.246841,6281,4342,0,1
2026-08-23 09:55:07.246861,6382,5778,3142,1
2026-08-23 09:55:07.246881,6270,4349,0,1
2026-08-23 09:55:07.246901,6379,5793,3179,1
2026-08-23 09:55:07.246921,6284,4380,5,1
2026-08-23 09:55:07.246941,6379,5778,2921,1
2026-08-23 09:55:07.266381,6403,3739,0,1
2026-08-23 09:55:07.266401,6401,5404,3156,1
2026-08-23 09:55:07.266421,6278,4140,0,1
2026-08-23 09:55:07.266441,6267,5420,0,1
2026-08-23 09:55:07.266461,6293,4408,0,1
2026-08-23 09:55:07.266481,6371,5841,2917,1
2026-08-23 09:55:07.266501,6275,4462,0,1
2026-08-23 09:55:07.266521,6357,5820,2872,1
2026-08-23 09:55:07.266541,6296,4464,0,1
2026-08-23 09:55:07.266561,6336,5731,1631,1
2026-08-23 09:55:07.266581,6274,4549,0,1
2026-08-23 09:55:07.266601,6380,5880,3141,1
2026-08-23 09:55:07.266621,6285,4440,0,1
2026-08-23 09:55:07.286512,6397,5545,2938,1
2026-08-23 09:55:07.286532,6285,4211,10,1
2026-08-23 09:55:07.286552,6375,5657,3232,1
2026-08-23 09:55:07.286572,6254,4234,0,1
2026-08-23 09:55:07.286592,6372,5678,3088,1
2026-08-23 09:55:07.286613,6281,4346,0,1
2026-08-23 09:55:07.286633,6338,5774,3128,1
2026-08-23 09:55:07.286653,6276,4330,0,1
2026-08-23 09:55:07.286672,6365,5763,2815,1
2026-08-23 09:55:07.286692,6283,4397,0,1
2026-08-23 09:55:07.286712,6377,5842,3224,1
2026-08-23 09:55:07.286732,6279,4316,0,1
2026-08-23 09:55:07.286752,6389,5775,3105,1
2026-08-23 09:55:07.304408,6320,3674,0,1
2026-08-23 09:55:07.304428,6451,5333,2994,1
2026-08-23 09:55:07.304448,6280,4133,8,1
2026-08-23 09:55:07.304468,6397,5644,3469,1
2026-08-23 09:55:07.304488,6272,4308,0,1
2026-08-23 09:55:07.304508,6381,5724,3146,1
2026-08-23 09:55:07.304528,6276,4401,0,1
2026-08-23 09:55:07.304548,6384,5799,3394,1
2026-08-23 09:55:07.304568,6289,4399,0,1
2026-08-23 09:55:07.304588,6320,5809,2968,1
2026-08-23 09:55:07.304608,6285,4440,0,1
2026-08-23 09:55:07.304628,6374,5796,2869,1
2026-08-23 09:55:07.321674,6315,3822,0,1
2026-08-23 09:55:07.321694,6394,5457,3314,1
2026-08-23 09:55:07.321714,6290,4228,0,1
2026-08-23 09:55:07.321734,6381,5606,3123,1
2026-08-23 09:55:07.321754,6283,4366,0,1
2026-08-23 09:55:07.321774,6384,5738,2836,1
2026-08-23 09:55:07.321794,6269,4452,0,1
2026-08-23 09:55:07.321814,6376,5811,3089,1
2026-08-23 09:55:07.321834,6285,4429,6,1
2026-08-23 09:55:07.321854,6375,5836,3316,1
2026-08-23 09:55:07.321874,6270,4426,0,1
2026-08-23 09:55:07.321894,6491,5811,3233,1
2026-08-23 09:55:07.338566,6325,3950,0,1
2026-08-23 09:55:07.338586,6368,5524,2858,1
2026-08-23 09:55:07.338606,6275,4264,0,1
2026-08-23 09:55:07.338626,6280,5735,3258,1
2026-08-23 09:55:07.338646,6277,4357,0,1
2026-08-23 09:55:07.338666,6373,5765,3206,1
2026-08-23 09:55:07.338686,6276,4424,0,1
2026-08-23 09:55:07.338706,6381,5840,3181,1
2026-08-23 09:55:07.338726,6276,4464,0,1
2026-08-23 09:55:07.338746,6411,5798,2841,1
2026-08-23 09:55:07.338766,6293,4410,0,1
2026-08-23 09:55:07.338786,6374,5845,2819,1
2026-08-23 09:55:07.354664,6339,3999,0,1
2026-08-23 09:55:07.354684,6379,5552,3193,1
2026-08-23 09:55:07.354704,6273,4272,0,1
2026-08-23 09:55:07.354724,6382,5753,3269,1
2026-08-23 09:55:07.354744,6274,4381,10,1
2026-08-23 09:55:07.354764,6378,5827,3114,1
2026-08-23 09:55:07.354784,6280,4440,0,1
2026-08-23 09:55:07.354804,6378,5814,2840,1
2026-08-23 09:55:07.354824,6278,4485,0,1
2026-08-23 09:55:07.354844,6391,5853,3226,1
2026-08-23 09:55:07.354864,6261,4408,0,1
2026-08-23 09:55:07.371665,6328,5490,862,1
2026-08-23 09:55:07.371686,6290,4311,0,1
2026-08-23 09:55:07.371706,6368,5726,2738,1
2026-08-23 09:55:07.371726,6276,4363,0,1
2026-08-23 09:55:07.371746,6368,5815,3130,1
2026-08-23 09:55:07.371766,6252,4382,0,1
2026-08-23 09:55:07.371786,6367,5803,3124,1
2026-08-23 09:55:07.371805,6259,4397,0,1
2026-08-23 09:55:07.371825,6381,5828,3196,1
2026-08-23 09:55:07.371845,6409,4435,12,1
2026-08-23 09:55:07.371866,6379,5807,2956,1
2026-08-23 09:55:07.371886,6292,4384,0,1
2026-08-23 09:55:07.389863,6385,5673,3122,1
2026-08-23 09:55:07.389883,6267,4203,0,1
2026-08-23 09:55:07.389903,6280,5712,3279,1
2026-08-23 09:55:07.389923,6280,4288,2,1
2026-08-23 09:55:07.389943,6375,5686,2834,1
2026-08-23 09:55:07.389963,6265,4364,0,1
2026-08-23 09:55:07.389983,6373,5745,3188,1
2026-08-23 09:55:07.390003,6284,4421,145,1
2026-08-23 09:55:07.390023,6380,5852,3310,1
2026-08-23 09:55:07.390043,6275,4397,0,1
2026-08-23 09:55:07.390063,6381,5813,3037,1
2026-08-23 09:55:07.390083,6292,4409,0,1
2026-08-23 09:55:07.407919,6354,5466,1894,1
2026-08-23 09:55:07.407939,6275,4205,0,1
2026-08-23 09:55:07.407959,6371,5685,2999,1
2026-08-23 09:55:07.407979,6280,4320,0,1
2026-08-23 09:55:07.407999,6331,5615,1371,1
2026-08-23 09:55:07.408019,6293,4431,0,1
2026-08-23 09:55:07.408039,6315,5811,2724,1
2026-08-23 09:55:07.408059,6277,4411,0,1
2026-08-23 09:55:07.408079,6386,5832,3169,1
2026-08-23 09:55:07.408099,6275,4363,0,1
2026-08-23 09:55:07.408119,6378,5826,3096,1
2026-08-23 09:55:07.408139,6277,4363,0,1
2026-08-23 09:55:07.427862,6396,5518,2895,1
2026-08-23 09:55:07.427882,6285,4212,21,1
2026-08-23 09:55:07.427902,6386,5588,3131,1
2026-08-23 09:55:07.427922,6257,4211,0,1
2026-08-23 09:55:07.427943,6380,5677,3110,1
2026-08-23 09:55:07.427963,6272,4363,6,1
2026-08-23 09:55:07.427983,6374,5730,2896,1
2026-08-23 09:55:07.428003,6266,4381,0,1
2026-08-23 09:55:07.428022,6356,5799,2799,1
2026-08-23 09:55:07.428042,6284,4412,11,1
2026-08-23 09:55:07.428062,6378,5859,3342,1
2026-08-23 09:55:07.428082,6264,4367,0,1
2026-08-23 09:55:07.428102,6360,5823,3118,1
2026-08-23 09:55:07.447772,6343,3706,7,1
2026-08-23 09:55:07.447792,6400,5380,3480,1
2026-08-23 09:55:07.447812,6290,4103,0,1
2026-08-23 09:55:07.447832,6376,5666,3115,1
2026-08-23 09:55:07.447852,6266,4312,0,1
2026-08-23 09:55:07.447872,6389,5748,3370,1
2026-08-23 09:55:07.447892,6279,4369,6,1
2026-08-23 09:55:07.447912,6376,5796,2948,1
2026-08-23 09:55:07.447932,6278,4422,0,1
2026-08-23 09:55:07.447952,6374,5788,2573,1
2026-08-23 09:55:07.447972,6278,4428,0,1
2026-08-23 09:55:07.447992,6376,5830,2930,1
2026-08-23 09:55:07.448012,6293,4411,0,1
2026-08-23 09:55:07.467789,6386,5531,2768,1
2026-08-23 09:55:07.467809,6262,4200,0,1
2026-08-23 09:55:07.467829,6386,5640,3192,1
2026-08-23 09:55:07.467849,6277,4195,0,1
2026-08-23 09:55:07.467870,6377,5644,3054,1
2026-08-23 09:55:07.467890,6276,4298,0,1
2026-08-23 09:55:07.467910,6380,5747,3265,1
2026-08-23 09:55:07.467930,6280,4357,8,1
2026-08-23 09:55:07.467949,6374,5730,2884,1
2026-08-23 09:55:07.467969,6259,4363,0,1
2026-08-23 09:55:07.467989,6371,5806,2824,1
2026-08-23 09:55:07.468009,6296,4401,14,1
2026-08-23 09:55:07.468029,6388,5824,3355,1
2026-08-23 09:55:07.487659,6316,3674,0,1
2026-08-23 09:55:07.487679,6376,5346,2846,1
2026-08-23 09:55:07.487700,6290,4177,0,1
2026-08-23 09:55:07.487720,6378,5642,3145,1
2026-08-23 09:55:07.487740,6284,4326,0,1
2026-08-23 09:55:07.487760,6383,5714,3265,1
2026-08-23 09:55:07.487780,6274,4399,0,1
2026-08-23 09:55:07.487800,6378,5767,3135,1
2026-08-23 09:55:07.487819,6269,4453,0,1
2026-08-23 09:55:07.487839,6331,5735,1754,1
2026-08-23 09:55:07.487859,6276,4509,0,1
2026-08-23 09:55:07.487880,6375,5862,2841,1
2026-08-23 09:55:07.487900,6284,4440,0,1
2026-08-23 09:55:07.507604,6398,5569,3300,1
2026-08-23 09:55:07.507624,6282,4168,0,1
2026-08-23 09:55:07.507644,6362,5565,2870,1
2026-08-23 09:55:07.507664,6267,4294,0,1
2026-08-23 09:55:07.507684,6374,5669,3044,1
2026-08-23 09:55:07.507704,6276,4348,0,1
2026-08-23 09:55:07.507724,6384,5765,3345,1
2026-08-23 09:55:07.507744,6258,4386,0,1
2026-08-23 09:55:07.507764,6377,5815,3026,1
2026-08-23 09:55:07.507784,6268,4435,0,1
2026-08-23 09:55:07.507804,6354,5770,2284,1
2026-08-23 09:55:07.507824,6286,4441,0,1
2026-08-23 09:55:07.507844,6368,5832,2763,1
2026-08-23 09:55:07.527546,6294,3740,0,1
2026-08-23 09:55:07.527566,6394,5434,3406,1
2026-08-23 09:55:07.527586,6278,4111,6,1
2026-08-23 09:55:07.527606,6381,5648,2959,1
2026-08-23 09:55:07.527626,6268,4323,0,1
2026-08-23 09:55:07.527646,6367,5759,2846,1
2026-08-23 09:55:07.527666,6281,4399,0,1
2026-08-23 09:55:07.527686,6382,5817,3243,1
2026-08-23 09:55:07.527706,6275,4380,0,1
2026-08-23 09:55:07.527726,6374,5776,3200,1
2026-08-23 09:55:07.527746,6128,4429,0,1
2026-08-23 09:55:07.527766,6380,5811,3229,1
2026-08-23 09:55:07.527786,6295,4402,0,1
2026-08-23 09:55:07.547507,6387,5539,3266,1
2026-08-23 09:55:07.547527,6267,4165,0,1
2026-08-23 09:55:07.547547,6383,5557,3044,1
2026-08-23 09:55:07.547567,6285,4286,0,1
2026-08-23 09:55:07.547587,6390,5698,3174,1
2026-08-23 09:55:07.547607,6276,4335,0,1
2026-08-23 09:55:07.547627,6373,5685,2771,1
2026-08-23 09:55:07.547647,6277,4368,0,1
2026-08-23 09:55:07.547667,6380,5804,3156,1
2026-08-23 09:55:07.547687,6278,4384,0,1
2026-08-23 09:55:07.547707,6384,5776,3138,1
2026-08-23 09:55:07.547727,6271,4338,0,1
2026-08-23 09:55:07.547747,6395,5778,3301,1
2026-08-23 09:55:07.567329,6329,3742,4,1
2026-08-23 09:55:07.567349,6389,5398,3465,1
2026-08-23 09:55:07.567369,6285,4101,0,1
2026-08-23 09:55:07.567389,6376,5608,3164,1
2026-08-23 09:55:07.567409,6270,4332,0,1
2026-08-23 09:55:07.567429,6383,5743,3348,1
2026-08-23 09:55:07.567449,6285,4403,13,1
2026-08-23 09:55:07.567469,6373,5752,3019,1
2026-08-23 09:55:07.567489,6281,4417,0,1
2026-08-23 09:55:07.567509,6383,5775,2821,1
2026-08-23 09:55:07.567529,6276,4476,0,1
2026-08-23 09:55:07.567549,6382,5860,3233,1
2026-08-23 09:55:07.567569,6284,4357,0,1
2026-08-23 09:55:07.587328,6383,5478,2794,1
2026-08-23 09:55:07.587348,6280,4153,0,1
2026-08-23 09:55:07.587368,6386,5586,3003,1
2026-08-23 09:55:07.587388,6283,4248,0,1
2026-08-23 09:55:07.587408,6383,5676,3169,1
2026-08-23 09:55:07.587428,6124,4292,0,1
2026-08-23 09:55:07.587448,6388,5725,3146,1
2026-08-23 09:55:07.587468,6283,4411,13,1
2026-08-23 09:55:07.587488,6374,5786,3016,1
2026-08-23 09:55:07.587508,6269,4374,0,1
2026-08-23 09:55:07.587528,6378,5781,2754,1
2026-08-23 09:55:07.587548,6289,4449,0,1
2026-08-23 09:55:07.587568,6362,5729,2352,1
2026-08-23 09:55:07.607138,6350,3758,0,1
2026-08-23 09:55:07.607158,6384,5350,2883,1
2026-08-23 09:55:07.607178,6278,4165,0,1
2026-08-23 09:55:07.607198,6379,5614,2940,1
2026-08-23 09:55:07.607219,6275,4372,1,1
2026-08-23 09:55:07.607239,6388,5795,3425,1
2026-08-23 09:55:07.607259,6263,4390,0,1
2026-08-23 09:55:07.607279,6373,5802,3152,1
2026-08-23 09:55:07.607298,6272,4407,0,1
2026-08-23 09:55:07.607318,6385,5822,3369,1
2026-08-23 09:55:07.607338,6280,4429,0,1
2026-08-23 09:55:07.607358,6371,5836,2985,1
2026-08-23 09:55:07.607378,6288,4381,0,1
2026-08-23 09:55:07.625472,6401,5499,3118,1
2026-08-23 09:55:07.625492,6292,4222,0,1
2026-08-23 09:55:07.625512,6376,5569,3116,1
2026-08-23 09:55:07.625532,6276,4227,0,1
2026-08-23 09:55:07.625552,6374,5614,2719,1
2026-08-23 09:55:07.625572,6280,4331,0,1
2026-08-23 09:55:07.625592,6335,5642,1624,1
2026-08-23 09:55:07.625612,6285,4406,0,1
2026-08-23 09:55:07.625632,6375,5802,3057,1
2026-08-23 09:55:07.625652,6268,4422,0,1
2026-08-23 09:55:07.625672,6385,5826,3400,1
2026-08-23 09:55:07.625692,6288,4385,0,1
2026-08-23 09:55:07.645436,6401,5547,3187,1
2026-08-23 09:55:07.645456,6265,4152,0,1
2026-08-23 09:55:07.645476,6384,5594,3140,1
2026-08-23 09:55:07.645496,6281,4263,10,1
2026-08-23 09:55:07.645516,6373,5607,2917,1
2026-08-23 09:55:07.645536,6423,4341,0,1
2026-08-23 09:55:07.645556,6381,5751,2865,1
2026-08-23 09:55:07.645576,6285,4397,6,1
2026-08-23 09:55:07.645596,6379,5796,3404,1
2026-08-23 09:55:07.645616,6257,4378,0,1
2026-08-23 09:55:07.645636,6375,5800,3035,1
2026-08-23 09:55:07.645656,6282,4395,0,1
2026-08-23 09:55:07.645676,6390,5828,3225,1
2026-08-23 09:55:07.665236,6350,3730,0,1
2026-08-23 09:55:07.665256,6384,5341,3144,1
2026-08-23 09:55:07.665276,6276,4112,0,1
2026-08-23 09:55:07.665296,6383,5647,3226,1
2026-08-23 09:55:07.665316,6285,4311,2,1
2026-08-23 09:55:07.665336,6413,5727,3103,1
2026-08-23 09:55:07.665356,6401,4402,0,1
2026-08-23 09:55:07.665376,6383,5791,2815,1
2026-08-23 09:55:07.665396,6281,4419,0,1
2026-08-23 09:55:07.665416,6380,5843,3158,1
2026-08-23 09:55:07.665436,6348,4390,0,1
2026-08-23 09:55:07.665456,6378,5821,3236,1
2026-08-23 09:55:07.665476,6278,4370,0,1
2026-08-23 09:55:07.685239,6392,5522,2845,1
2026-08-23 09:55:07.685259,6292,4211,5,1
2026-08-23 09:55:07.685279,6384,5661,3337,1
2026-08-23 09:55:07.685299,6264,4237,0,1
2026-08-23 09:55:07.685319,6383,5663,3019,1
2026-08-23 09:55:07.685339,6277,4342,0,1
2026-08-23 09:55:07.685359,6369,5710,2492,1
2026-08-23 09:55:07.685379,6245,4356,0,1
2026-08-23 09:55:07.685399,6366,5762,2741,1
2026-08-23 09:55:07.685419,6288,4407,0,1
2026-08-23 09:55:07.685439,6434,5846,3196,1
2026-08-23 09:55:07.685459,6450,4361,0,1
2026-08-23 09:55:07.685479,6390,5763,3125,1
2026-08-23 09:55:07.705121,6325,3682,0,1
2026-08-23 09:55:07.705141,6391,5343,2948,1
2026-08-23 09:55:07.705161,6276,4140,4,1
2026-08-23 09:55:07.705181,6391,5675,3144,1
2026-08-23 09:55:07.705201,6281,4323,0,1
2026-08-23 09:55:07.705221,6386,5747,3146,1
2026-08-23 09:55:07.705241,6263,4406,0,1
2026-08-23 09:55:07.705261,6384,5858,3345,1
2026-08-23 09:55:07.705281,6291,4431,3,1
2026-08-23 09:55:07.705301,6323,5802,2964,1
2026-08-23 09:55:07.705321,6277,4449,0,1
2026-08-23 09:55:07.705341,6370,5860,2849,1
2026-08-23 09:55:07.705361,6295,4452,0,1
2026-08-23 09:55:07.725107,6370,5531,2702,1
2026-08-23 09:55:07.725127,6277,4176,0,1
2026-08-23 09:55:07.725147,6380,5586,2735,1
2026-08-23 09:55:07.725167,6280,4287,0,1
2026-08-23 09:55:07.725187,6384,5689,3199,1
2026-08-23 09:55:07.725207,6264,4280,0,1
2026-08-23 09:55:07.725227,6379,5748,3058,1
2026-08-23 09:55:07.725247,6262,4340,0,1
2026-08-23 09:55:07.725267,6384,5775,3253,1
2026-08-23 09:55:07.725287,6286,4372,4,1
2026-08-23 09:55:07.725307,6362,5768,2906,1
2026-08-23 09:55:07.725327,6279,4407,0,1
2026-08-23 09:55:07.725347,6371,5813,2865,1
2026-08-23 09:55:07.745006,6333,3719,0,1
2026-08-23 09:55:07.745026,6392,5350,3221,1
2026-08-23 09:55:07.745046,6278,4134,0,1
2026-08-23 09:55:07.745066,6372,5566,2871,1
2026-08-23 09:55:07.745086,6279,4286,0,1
2026-08-23 09:55:07.745106,6378,5772,2977,1
2026-08-23 09:55:07.745126,6288,4381,11,1
2026-08-23 09:55:07.745146,6390,5826,3434,1
2026-08-23 09:55:07.745166,6270,4415,0,1
2026-08-23 09:55:07.745186,6384,5843,3138,1
2026-08-23 09:55:07.745206,6284,4446,0,1
2026-08-23 09:55:07.745226,6391,5913,3461,1
2026-08-23 09:55:07.745246,6309,4359,0,1
2026-08-23 09:55:07.765001,6397,5540,3183,1
2026-08-23 09:55:07.765021,6255,4151,0,1
2026-08-23 09:55:07.765041,6376,5569,3202,1
2026-08-23 09:55:07.765061,6285,4230,67,1
2026-08-23 09:55:07.765081,6375,5693,2931,1
2026-08-23 09:55:07.765101,6272,4313,0,1
2026-08-23 09:55:07.765121,6386,5747,2508,1
2026-08-23 09:55:07.765141,6288,4407,0,1
2026-08-23 09:55:07.765161,6363,5798,2863,1
2026-08-23 09:55:07.765181,6284,4406,0,1
2026-08-23 09:55:07.765201,6371,5789,3033,1
2026-08-23 09:55:07.765221,6288,4416,0,1
2026-08-23 09:55:07.765241,6406,5708,1331,1
2026-08-23 09:55:07.784781,6344,3772,0,1
2026-08-23 09:55:07.784801,6396,5440,3286,1
2026-08-23 09:55:07.784822,6280,4177,0,1
2026-08-23 09:55:07.784842,6384,5651,3170,1
2026-08-23 09:55:07.784862,6282,4347,0,1
2026-08-23 09:55:07.784882,6390,5807,3300,1
2026-08-23 09:55:07.784902,6271,4385,0,1
2026-08-23 09:55:07.784922,6388,5793,2893,1
2026-08-23 09:55:07.784941,6282,4438,0,1
2026-08-23 09:55:07.784961,6364,5842,2901,1
2026-08-23 09:55:07.784981,6301,4473,9,1
2026-08-23 09:55:07.785002,6371,5806,2828,1
2026-08-23 09:55:07.785022,6320,4389,0,1
2026-08-23 09:55:07.804789,6390,5536,3038,1
2026-08-23 09:55:07.804809,6280,4168,0,1
2026-08-23 09:55:07.804829,6393,5595,3162,1
2026-08-23 09:55:07.804849,6282,4226,0,1
2026-08-23 09:55:07.804869,6382,5674,3126,1
2026-08-23 09:55:07.804889,6256,4284,0,1
2026-08-23 09:55:07.804909,6382,5735,3208,1
2026-08-23 09:55:07.804929,6293,4367,4,1
2026-08-23 09:55:07.804949,6378,5756,3041,1
2026-08-23 09:55:07.804969,6269,4360,0,1
2026-08-23 09:55:07.804989,6376,5791,2789,1
2026-08-23 09:55:07.805009,6292,4409,0,1
2026-08-23 09:55:07.805029,6375,5792,2590,1
2026-08-23 09:55:07.824699,6339,3726,0,1
2026-08-23 09:55:07.824719,6386,5377,2902,1
2026-08-23 09:55:07.824739,6294,4185,0,1
2026-08-23 09:55:07.824759,6379,5671,2931,1
2026-08-23 09:55:07.824779,6286,4341,17,1
2026-08-23 09:55:07.824799,6390,5771,3393,1
2026-08-23 09:55:07.824819,6277,4355,0,1
2026-08-23 09:55:07.824839,6378,5818,3142,1
2026-08-23 09:55:07.824859,6274,4393,0,1
2026-08-23 09:55:07.824879,6385,5821,3319,1
2026-08-23 09:55:07.824899,6286,4412,14,1
2026-08-23 09:55:07.824919,6366,5863,3016,1
2026-08-23 09:55:07.824939,6283,4404,0,1
2026-08-23 09:55:07.844631,6424,5517,3104,1
2026-08-23 09:55:07.844651,6275,4195,0,1
2026-08-23 09:55:07.844671,6353,5524,2384,1
2026-08-23 09:55:07.844692,6270,4252,0,1
2026-08-23 09:55:07.844712,6377,5646,2737,1
2026-08-23 09:55:07.844732,6275,4327,0,1
2026-08-23 09:55:07.844752,6376,5764,3167,1
2026-08-23 09:55:07.844772,6274,4318,88,1
2026-08-23 09:55:07.844791,6373,5792,3116,1
2026-08-23 09:55:07.844811,6267,4334,0,1
2026-08-23 09:55:07.844831,6370,5816,3219,1
2026-08-23 09:55:07.844851,6286,4390,4,1
2026-08-23 09:55:07.844872,6370,5799,2921,1
2026-08-23 09:55:07.864415,6321,3761,0,1
2026-08-23 09:55:07.864435,6389,5378,3040,1
2026-08-23 09:55:07.864455,6271,4180,0,1
2026-08-23 09:55:07.864475,6389,5680,3550,1
2026-08-23 09:55:07.864495,6275,4257,0,1
2026-08-23 09:55:07.864515,6384,5703,2893,1
2026-08-23 09:55:07.864535,6246,4356,0,1
2026-08-23 09:55:07.864555,6381,5799,2896,1
2026-08-23 09:55:07.864575,6285,4458,7,1
2026-08-23 09:55:07.864595,6394,5838,3309,1
2026-08-23 09:55:07.864615,6272,4432,0,1
2026-08-23 09:55:07.864635,6388,5860,3138,1
2026-08-23 09:55:07.864655,6287,4404,0,1
2026-08-23 09:55:07.884633,6402,5548,3031,1
2026-08-23 09:55:07.884653,6265,4167,0,1
2026-08-23 09:55:07.884673,6378,5585,3144,1
2026-08-23 09:55:07.884693,6261,4218,0,1
2026-08-23 09:55:07.884713,6393,5684,3168,1
2026-08-23 09:55:07.884733,6275,4317,0,1
2026-08-23 09:55:07.884753,6373,5728,2952,1
2026-08-23 09:55:07.884773,6290,4358,0,1
2026-08-23 09:55:07.884793,6383,5788,2798,1
2026-08-23 09:55:07.884813,6282,4437,0,1
2026-08-23 09:55:07.884833,6382,5828,3222,1
2026-08-23 09:55:07.884853,6286,4362,0,1
2026-08-23 09:55:07.884873,6390,5814,3102,1
2026-08-23 09:55:07.904408,6333,3707,0,1
2026-08-23 09:55:07.904428,6392,5380,3106,1
2026-08-23 09:55:07.904448,6281,4072,0,1
2026-08-23 09:55:07.904468,6384,5614,3188,1
2026-08-23 09:55:07.904488,6272,4283,0,1
2026-08-23 09:55:07.904508,6386,5724,3190,1
2026-08-23 09:55:07.904528,6290,4369,0,1
2026-08-23 09:55:07.904548,6380,5787,3172,1
2026-08-23 09:55:07.904568,6268,4414,0,1
2026-08-23 09:55:07.904588,6376,5783,2827,1
2026-08-23 09:55:07.904608,6274,4430,0,1
2026-08-23 09:55:07.904628,6379,5829,3053,1
2026-08-23 09:55:07.904648,6288,4448,0,1
2026-08-23 09:55:07.924509,6388,5505,2861,1
2026-08-23 09:55:07.924529,6275,4149,0,1
2026-08-23 09:55:07.924549,6377,5565,2870,1
2026-08-23 09:55:07.924569,6285,4289,9,1
2026-08-23 09:55:07.924589,6393,5732,3269,1
2026-08-23 09:55:07.924609,6261,4263,0,1
2026-08-23 09:55:07.924629,6378,5760,3042,1
2026-08-23 09:55:07.924649,6294,4351,0,1
2026-08-23 09:55:07.924669,6373,5812,3135,1
2026-08-23 09:55:07.924689,6259,4384,0,1
2026-08-23 09:55:07.924709,6370,5787,2753,1
2026-08-23 09:55:07.924729,6288,4389,0,1
2026-08-23 09:55:07.924749,6375,5741,2621,1
2026-08-23 09:55:07.944352,6339,3745,0,1
2026-08-23 09:55:07.944372,6387,5350,2948,1
2026-08-23 09:55:07.944392,6279,4164,0,1
2026-08-23 09:55:07.944412,6379,5580,2888,1
2026-08-23 09:55:07.944432,6281,4368,0,1
2026-08-23 09:55:07.944452,6338,5615,1416,1
2026-08-23 09:55:07.944472,6286,4480,0,1
2026-08-23 09:55:07.944492,6383,5827,3177,1
2026-08-23 09:55:07.944512,6274,4498,0,1
2026-08-23 09:55:07.944532,6384,5864,3269,1
2026-08-23 09:55:07.944552,6290,4464,0,1
2026-08-23 09:55:07.944572,6383,5874,3090,1
2026-08-23 09:55:07.944592,6282,4426,0,1
2026-08-23 09:55:07.964341,6395,5556,3097,1
2026-08-23 09:55:07.964361,6288,4164,0,1
2026-08-23 09:55:07.964381,6360,5544,2610,1
2026-08-23 09:55:07.964401,6280,4275,0,1
2026-08-23 09:55:07.964421,6375,5686,2759,1
2026-08-23 09:55:07.964441,6275,4318,0,1
2026-08-23 09:55:07.964461,6379,5787,3049,1
2026-08-23 09:55:07.964481,6274,4359,0,1
2026-08-23 09:55:07.964501,6374,5805,3160,1
2026-08-23 09:55:07.964521,6268,4358,0,1
2026-08-23 09:55:07.964541,6394,5818,3142,1
2026-08-23 09:55:07.964561,6295,4361,0,1
2026-08-23 09:55:07.964581,6386,5796,2948,1
2026-08-23 09:55:07.983958,6323,3694,0,1
2026-08-23 09:55:07.983978,6391,5424,3166,1
2026-08-23 09:55:07.983998,6275,4140,0,1
2026-08-23 09:55:07.984018,6234,5335,0,1
2026-08-23 09:55:07.984038,6289,4338,0,1
2026-08-23 09:55:07.984058,6378,5748,2936,1
2026-08-23 09:55:07.984078,6277,4414,0,1
2026-08-23 09:55:07.984098,6382,5803,2861,1
2026-08-23 09:55:07.984118,6285,4425,0,1
2026-08-23 09:55:07.984138,6324,5713,1221,1
2026-08-23 09:55:07.984158,6290,4496,0,1
2026-08-23 09:55:07.984178,6383,5901,3164,1
2026-08-23 09:55:07.984198,6280,4424,0,1
2026-08-23 09:55:08.003859,6394,5583,2946,1
2026-08-23 09:55:08.003879,6291,4178,13,1
2026-08-23 09:55:08.003899,6382,5610,3203,1
2026-08-23 09:55:08.003919,6270,4266,0,1
2026-08-23 09:55:08.003939,6379,5726,3107,1
2026-08-23 09:55:08.003959,6279,4317,0,1
2026-08-23 09:55:08.003979,6369,5761,3090,1
2026-08-23 09:55:08.003999,6280,4336,0,1
2026-08-23 09:55:08.004019,6377,5736,2755,1
2026-08-23 09:55:08.004039,6278,4418,0,1
2026-08-23 09:55:08.004059,6269,5591,0,1
2026-08-23 09:55:08.004079,6271,4329,0,1
2026-08-23 09:55:08.004099,6386,5787,3088,1
2026-08-23 09:55:08.023671,6340,3714,0,1
2026-08-23 09:55:08.023691,6386,5417,2975,1
2026-08-23 09:55:08.023711,6296,4136,0,1
2026-08-23 09:55:08.023731,6388,5682,3417,1
2026-08-23 09:55:08.023751,6279,4306,0,1
2026-08-23 09:55:08.023772,6374,5778,3141,1
2026-08-23 09:55:08.023792,6318,4342,0,1
2026-08-23 09:55:08.023812,6388,5830,3401,1
2026-08-23 09:55:08.023831,6289,4400,1,1
2026-08-23 09:55:08.023851,6368,5843,2954,1
2026-08-23 09:55:08.023871,6276,4432,0,1
2026-08-23 09:55:08.023891,6389,5846,2863,1
2026-08-23 09:55:08.023911,6298,4437,0,1
2026-08-23 09:55:08.043662,6378,5517,2595,1
2026-08-23 09:55:08.043682,6280,4174,0,1
2026-08-23 09:55:08.043702,6375,5599,2725,1
2026-08-23 09:55:08.043722,6280,4256,0,1
2026-08-23 09:55:08.043742,6315,5559,643,1
2026-08-23 09:55:08.043762,6290,4365,0,1
2026-08-23 09:55:08.043782,6374,5829,3036,1
2026-08-23 09:55:08.043802,6258,4375,0,1
2026-08-23 09:55:08.043822,6391,5876,3332,1
2026-08-23 09:55:08.043842,6274,4408,0,1
2026-08-23 09:55:08.043862,6368,5800,2880,1
2026-08-23 09:55:08.043882,6280,4380,0,1
2026-08-23 09:55:08.043902,6374,5803,2889,1
2026-08-23 09:55:08.063647,6331,3724,0,1
2026-08-23 09:55:08.063667,6392,5385,3170,1
2026-08-23 09:55:08.063687,6284,4108,0,1
2026-08-23 09:55:08.063707,6376,5666,2816,1
2026-08-23 09:55:08.063727,6276,4318,0,1
2026-08-23 09:55:08.063747,6383,5807,3162,1
2026-08-23 09:55:08.063767,6133,4420,12,1
2026-08-23 09:55:08.063787,6392,5836,3349,1
2026-08-23 09:55:08.063807,6269,4414,0,1
2026-08-23 09:55:08.063827,6373,5840,3118,1
2026-08-23 09:55:08.063847,6275,4412,0,1
2026-08-23 09:55:08.063867,6282,5696,321,1
2026-08-23 09:55:08.063887,6309,4485,0,1
2026-08-23 09:55:08.083616,6389,5660,3134,1
2026-08-23 09:55:08.083636,6264,4194,0,1
2026-08-23 09:55:08.083656,6393,5664,3263,1
2026-08-23 09:55:08.083676,6295,4245,11,1
2026-08-23 09:55:08.083696,6386,5695,2874,1
2026-08-23 09:55:08.083716,6264,4323,0,1
2026-08-23 09:55:08.083736,6378,5757,2831,1
2026-08-23 09:55:08.083756,6289,4395,14,1
2026-08-23 09:55:08.083776,6389,5852,3373,1
2026-08-23 09:55:08.083796,6270,4336,0,1
2026-08-23 09:55:08.083816,6374,5807,3046,1
2026-08-23 09:55:08.083836,6275,4366,0,1
2026-08-23 09:55:08.083856,6384,5836,2948,1
2026-08-23 09:55:08.103486,6331,3720,0,1
2026-08-23 09:55:08.103506,6393,5430,3208,1
2026-08-23 09:55:08.103526,6279,4151,0,1
2026-08-23 09:55:08.103546,6392,5694,3202,1
2026-08-23 09:55:08.103566,6291,4286,0,1
2026-08-23 09:55:08.103586,6379,5781,3190,1
2026-08-23 09:55:08.103606,6284,4341,0,1
2026-08-23 09:55:08.103626,6369,5797,2826,1
2026-08-23 09:55:08.103646,6280,4435,0,1
2026-08-23 09:55:08.103666,6386,5850,3050,1
2026-08-23 09:55:08.103686,6281,4408,14,1
2026-08-23 09:55:08.103706,6379,5880,3314,1
2026-08-23 09:55:08.103726,6241,4388,0,1
2026-08-23 09:55:08.123249,6391,5552,2802,1
2026-08-23 09:55:08.123269,6259,4187,0,1
2026-08-23 09:55:08.123289,6367,5578,2698,1
2026-08-23 09:55:08.123309,6278,4233,0,1
2026-08-23 09:55:08.123329,6384,5735,3005,1
2026-08-23 09:55:08.123349,6270,4294,0,1
2026-08-23 09:55:08.123369,6228,5435,0,1
2026-08-23 09:55:08.123389,6302,4331,0,1
2026-08-23 09:55:08.123409,6377,5802,2781,1
2026-08-23 09:55:08.123429,6273,4403,0,1
2026-08-23 09:55:08.123449,6377,5853,3003,1
2026-08-23 09:55:08.123469,6298,4378,0,1
2026-08-23 09:55:08.123489,6381,5825,3180,1
2026-08-23 09:55:08.143088,6333,3738,0,1
2026-08-23 09:55:08.143108,6390,5387,2851,1
2026-08-23 09:55:08.143128,6277,4123,0,1
2026-08-23 09:55:08.143148,6395,5709,3271,1
2026-08-23 09:55:08.143168,6272,4243,0,1
2026-08-23 09:55:08.143188,6386,5763,3197,1
2026-08-23 09:55:08.143208,6272,4316,0,1
2026-08-23 09:55:08.143228,6379,5848,3306,1
2026-08-23 09:55:08.143248,6289,4438,0,1
2026-08-23 09:55:08.143268,6378,5873,3156,1
2026-08-23 09:55:08.143288,6277,4383,0,1
2026-08-23 09:55:08.143308,6379,5830,2829,1
2026-08-23 09:55:08.143328,6304,4396,0,1
2026-08-23 09:55:08.163165,6410,5606,3469,1
2026-08-23 09:55:08.163185,6292,4125,0,1
2026-08-23 09:55:08.163205,6362,5537,2800,1
2026-08-23 09:55:08.163225,6282,4259,0,1
2026-08-23 09:55:08.163245,6367,5714,2933,1
2026-08-23 09:55:08.163265,6288,4298,3,1
2026-08-23 09:55:08.163285,6395,5755,3180,1
2026-08-23 09:55:08.163305,6267,4323,0,1
2026-08-23 09:55:08.163325,6490,5782,3096,1
2026-08-23 09:55:08.163345,6286,4420,6,1
2026-08-23 09:55:08.163365,6369,5813,3089,1
2026-08-23 09:55:08.163385,6281,4384,0,1
2026-08-23 09:55:08.163405,6371,5827,2796,1
2026-08-23 09:55:08.182977,6327,3710,0,1
2026-08-23 09:55:08.182997,6336,5284,1445,1
2026-08-23 09:55:08.183017,6284,4188,0,1
2026-08-23 09:55:08.183037,6388,5659,2929,1
2026-08-23 09:55:08.183057,6292,4321,0,1
2026-08-23 09:55:08.183077,6388,5779,2891,1
2026-08-23 09:55:08.183097,6276,4421,0,1
2026-08-23 09:55:08.183117,6322,5694,1093,1
2026-08-23 09:55:08.183137,6292,4491,0,1
2026-08-23 09:55:08.183157,6319,5913,3159,1
2026-08-23 09:55:08.183177,6258,4440,0,1
2026-08-23 09:55:08.183197,6388,5921,3288,1
2026-08-23 09:55:08.183217,6303,4425,20,1
2026-08-23 09:55:08.203023,6399,5611,3271,1
2026-08-23 09:55:08.203043,6270,4134,0,1
2026-08-23 09:55:08.203063,6367,5596,3056,1
2026-08-23 09:55:08.203083,6271,4226,0,1
2026-08-23 09:55:08.203103,6374,5697,3128,1
2026-08-23 09:55:08.203123,6280,4270,0,1
2026-08-23 09:55:08.203143,6374,5731,2755,1
2026-08-23 09:55:08.203163,6279,4384,0,1
2026-08-23 09:55:08.203183,6385,5828,3229,1
2026-08-23 09:55:08.203203,6276,4314,0,1
2026-08-23 09:55:08.203223,6384,5802,3102,1
2026-08-23 09:55:08.203243,6278,4344,0,1
2026-08-23 09:55:08.203263,6382,5843,3381,1
2026-08-23 09:55:08.222784,6343,3664,6,1
2026-08-23 09:55:08.222804,6398,5422,3409,1
2026-08-23 09:55:08.222824,6281,4061,0,1
2026-08-23 09:55:08.222844,6389,5674,3148,1
2026-08-23 09:55:08.222864,6268,4270,0,1
2026-08-23 09:55:08.222884,6379,5796,3413,1
2026-08-23 09:55:08.222904,6290,4343,11,1
2026-08-23 09:55:08.222924,6374,5802,2990,1
2026-08-23 09:55:08.222944,6278,4399,0,1
2026-08-23 09:55:08.222964,6373,5842,2848,1
2026-08-23 09:55:08.222984,6272,4449,0,1
2026-08-23 09:55:08.223004,6388,5908,3288,1
2026-08-23 09:55:08.223024,6295,4330,0,1
2026-08-23 09:55:08.242887,6384,5518,2794,1
2026-08-23 09:55:08.242908,6284,4134,0,1
2026-08-23 09:55:08.242928,6380,5573,3007,1
2026-08-23 09:55:08.242948,6284,4199,0,1
2026-08-23 09:55:08.242968,6386,5686,3156,1
2026-08-23 09:55:08.242988,6266,4286,0,1
2026-08-23 09:55:08.243008,6379,5744,3132,1
2026-08-23 09:55:08.243028,6289,4333,5,1
2026-08-23 09:55:08.243047,6378,5783,3008,1
2026-08-23 09:55:08.243068,6269,4349,0,1
2026-08-23 09:55:08.243088,6371,5812,2767,1
2026-08-23 09:55:08.243108,6288,4401,0,1
2026-08-23 09:55:08.243128,6360,5750,2226,1
2026-08-23 09:55:08.262719,6344,3702,0,1
2026-08-23 09:55:08.262739,6388,5421,2917,1
2026-08-23 09:55:08.262759,6278,4173,0,1
2026-08-23 09:55:08.262779,6370,5702,2914,1
2026-08-23 09:55:08.262799,6281,4345,14,1
2026-08-23 09:55:08.262819,6380,5822,3236,1
2026-08-23 09:55:08.262839,6277,4348,0,1
2026-08-23 09:55:08.262859,6385,5823,3154,1
2026-08-23 09:55:08.262879,6273,4383,0,1
2026-08-23 09:55:08.262899,6378,5882,3296,1
2026-08-23 09:55:08.262919,6278,4452,4,1
2026-08-23 09:55:08.262939,6386,5871,3046,1
2026-08-23 09:55:08.262959,6293,4366,0,1
2026-08-23 09:55:08.282727,6396,5549,3083,1
2026-08-23 09:55:08.282748,6280,4146,0,1
2026-08-23 09:55:08.282768,6339,5518,1830,1
2026-08-23 09:55:08.282788,6286,4256,0,1
2026-08-23 09:55:08.282808,6384,5728,2731,1
2026-08-23 09:55:08.282828,6284,4325,0,1
2026-08-23 09:55:08.282848,6443,5825,3125,1
2026-08-23 09:55:08.282868,6266,4347,0,1
2026-08-23 09:55:08.282887,6380,5776,3143,1
2026-08-23 09:55:08.282907,6266,4326,0,1
2026-08-23 09:55:08.282928,6383,5814,3179,1
2026-08-23 09:55:08.282948,6291,4361,0,1
2026-08-23 09:55:08.282968,6383,5842,2971,1
2026-08-23 09:55:08.302605,6327,3703,0,1
2026-08-23 09:55:08.302625,6393,5428,3150,1
2026-08-23 09:55:08.302645,6291,4159,0,1
2026-08-23 09:55:08.302665,6381,5680,3500,1
2026-08-23 09:55:08.302685,6286,4293,0,1
2026-08-23 09:55:08.302705,6377,5767,2890,1
2026-08-23 09:55:08.302725,6273,4372,0,1
2026-08-23 09:55:08.302745,6377,5823,2862,1
2026-08-23 09:55:08.302765,6282,4410,0,1
2026-08-23 09:55:08.302785,6392,5858,3181,1
2026-08-23 09:55:08.302805,6277,4398,0,1
2026-08-23 09:55:08.302825,6387,5891,3139,1
2026-08-23 09:55:08.302845,6288,4402,0,1
2026-08-23 09:55:08.322675,6409,5548,3083,1
2026-08-23 09:55:08.322695,6284,4175,0,1
2026-08-23 09:55:08.322715,6381,5644,3122,1
2026-08-23 09:55:08.322735,6267,4200,0,1
2026-08-23 09:55:08.322755,6378,5722,3175,1
2026-08-23 09:55:08.322775,6285,4292,12,1
2026-08-23 09:55:08.322795,6376,5720,2916,1
2026-08-23 09:55:08.322815,6280,4331,0,1
2026-08-23 09:55:08.322835,6368,5804,2784,1
2026-08-23 09:55:08.322855,6285,4412,0,1
2026-08-23 09:55:08.322875,6389,5838,3300,1
2026-08-23 09:55:08.322895,6276,4338,0,1
2026-08-23 09:55:08.322915,6395,5846,3084,1
2026-08-23 09:55:08.342461,6334,3731,0,1
2026-08-23 09:55:08.342481,6400,5440,3271,1
2026-08-23 09:55:08.342501,6280,4102,0,1
2026-08-23 09:55:08.342521,6382,5661,3228,1
2026-08-23 09:55:08.342541,6283,4242,0,1
2026-08-23 09:55:08.342561,6386,5787,3181,1
2026-08-23 09:55:08.342581,6275,4353,0,1
2026-08-23 09:55:08.342601,6386,5801,2839,1
2026-08-23 09:55:08.342621,6281,4414,0,1
2026-08-23 09:55:08.342641,6374,5811,2820,1
2026-08-23 09:55:08.342661,6274,4438,0,1
2026-08-23 09:55:08.342681,6371,5895,3083,1
2026-08-23 09:55:08.342701,6286,4399,1,1
2026-08-23 09:55:08.362453,6393,5526,2884,1
2026-08-23 09:55:08.362473,6277,4129,0,1
2026-08-23 09:55:08.362493,6379,5613,2849,1
2026-08-23 09:55:08.362513,6291,4234,0,1
2026-08-23 09:55:08.362533,6378,5720,3302,1
2026-08-23 09:55:08.362553,6263,4299,0,1
2026-08-23 09:55:08.362573,6382,5747,3042,1
2026-08-23 09:55:08.362593,6278,4374,0,1
2026-08-23 09:55:08.362613,6371,5791,2772,1
2026-08-23 09:55:08.362633,6296,4387,0,1
2026-08-23 09:55:08.362653,6366,5809,2748,1
2026-08-23 09:55:08.362673,6300,4370,0,1
2026-08-23 09:55:08.362693,6348,5732,1739,1
2026-08-23 09:55:09.766253,6341,3764,2,1
2026-08-23 09:55:09.766273,6393,5421,2974,1
2026-08-23 09:55:09.766293,6278,4138,0,1
2026-08-23 09:55:09.766313,6366,5674,2885,1
2026-08-23 09:55:09.766333,6280,4320,0,1
2026-08-23 09:55:09.766353,6387,5841,3299,1
2026-08-23 09:55:09.766373,6271,4315,0,1
2026-08-23 09:55:09.766392,6388,5827,3200,1
2026-08-23 09:55:09.766412,6272,4353,0,1
2026-08-23 09:55:09.766433,6384,5874,3210,1
2026-08-23 09:55:09.766453,6290,4396,0,1
2026-08-23 09:55:09.766473,6390,5853,3167,1
2026-08-23 09:55:09.766493,6268,4412,0,1
2026-08-23 09:55:09.766513,6366,5836,2818,1
2026-08-23 09:55:09.766533,6283,4441,0,1
2026-08-23 09:55:09.766552,6381,5859,3057,1
2026-08-23 09:55:09.766572,6286,4432,7,1
2026-08-23 09:55:09.766593,6379,5857,3301,1
2026-08-23 09:55:09.766613,6275,4416,0,1
2026-08-23 09:55:09.766633,6390,5890,3124,1
2026-08-23 09:55:09.766653,6288,4422,0,1
2026-08-23 09:55:09.766673,6354,5818,2226,1
2026-08-23 09:55:09.766693,6290,4408,0,1
2026-08-23 09:55:09.766713,6371,5881,2862,1
2026-08-23 09:55:09.766732,6275,4427,0,1
2026-08-23 09:55:09.766752,6380,5881,2924,1
2026-08-23 09:55:09.766773,6292,4429,19,1
2026-08-23 09:55:09.766793,6379,5929,3404,1
2026-08-23 09:55:09.766813,6282,4414,0,1
2026-08-23 09:55:09.766833,6379,5878,3088,1
2026-08-23 09:55:09.766853,6280,4419,0,1
2026-08-23 09:55:09.766873,6392,5917,3513,1
2026-08-23 09:55:09.766893,6290,4408,0,1
2026-08-23 09:55:09.766912,6373,5808,2860,1
2026-08-23 09:55:09.766932,6276,4422,0,1
2026-08-23 09:55:09.766953,6372,5873,2890,1
2026-08-23 09:55:09.766973,6279,4450,15,1
2026-08-23 09:55:09.766993,6391,5872,3426,1
2026-08-23 09:55:09.767013,6277,4418,0,1
2026-08-23 09:55:09.767033,6378,5848,3080,1
2026-08-23 09:55:09.767053,6276,4398,0,1
2026-08-23 09:55:09.767073,6286,5732,0,1
2026-08-23 09:55:09.767092,6274,4403,0,1
2026-08-23 09:55:09.767112,6380,5833,2905,1
2026-08-23 09:55:09.767133,6270,4436,0,1
2026-08-23 09:55:09.767153,6375,5853,2879,1
2026-08-23 09:55:09.767173,6286,4429,16,1
2026-08-23 09:55:09.767193,6382,5860,3041,1
2026-08-23 09:55:09.767213,6273,4436,0,1
2026-08-23 09:55:09.767233,6384,5897,2964,1
2026-08-23 09:55:09.767253,6275,4416,0,1
2026-08-23 09:55:09.767272,6387,5889,3453,1
2026-08-23 09:55:09.767292,6268,4401,0,1
2026-08-23 09:55:09.767313,6379,5838,2876,1
2026-08-23 09:55:09.767333,6279,4403,0,1
2026-08-23 09:55:09.767353,6369,5861,2870,1
2026-08-23 09:55:09.767373,6282,4401,2,1
2026-08-23 09:55:09.767393,6389,5882,3426,1
2026-08-23 09:55:09.767413,6274,4387,0,1
2026-08-23 09:55:09.767432,6394,5853,3091,1
2026-08-23 09:55:09.767452,6276,4431,0,1
2026-08-23 09:55:09.767473,6266,5616,0,1
2026-08-23 09:55:09.767493,6291,4441,0,1
2026-08-23 09:55:09.767513,6384,5881,2849,1
2026-08-23 09:55:09.767533,6275,4424,0,1
2026-08-23 09:55:09.767553,6380,5919,2888,1
2026-08-23 09:55:09.767573,6286,4445,0,1
2026-08-23 09:55:09.767593,6388,5884,3177,1
2026-08-23 09:55:09.767612,6267,4406,0,1
2026-08-23 09:55:09.767632,6383,5903,3052,1
2026-08-23 09:55:09.767653,6274,4452,0,1
2026-08-23 09:55:09.767673,6388,5879,3483,1
2026-08-23 09:55:09.767693,6272,4406,0,1
2026-08-23 09:55:09.767713,6378,5853,2843,1
2026-08-23 09:55:09.767733,6411,4426,0,1
2026-08-23 09:55:09.767753,6372,5872,2896,1
2026-08-23 09:55:09.767773,6280,4440,56,1
2026-08-23 09:55:09.767792,6399,5871,3387,1
2026-08-23 09:55:09.767812,6269,4386,0,1
2026-08-23 09:55:09.767833,6385,5872,3080,1
2026-08-23 09:55:09.767853,6276,4419,0,1
2026-08-23 09:55:09.767873,6300,5723,642,1
2026-08-23 09:55:09.767893,6292,4486,0,1
2026-08-23 09:55:09.767913,6388,5942,2848,1
2026-08-23 09:55:09.767933,6279,4463,0,1
2026-08-23 09:55:09.767953,6384,5889,2908,1
2026-08-23 09:55:09.767972,6289,4457,19,1
2026-08-23 09:55:09.767992,6381,5943,3375,1
2026-08-23 09:55:09.768013,6273,4409,0,1
2026-08-23 09:55:09.768033,6369,5891,3087,1
2026-08-23 09:55:09.768053,6315,4460,0,1
2026-08-23 09:55:09.768073,6209,5575,0,1
2026-08-23 09:55:09.768093,6286,4472,0,1
2026-08-23 09:55:09.768113,6375,5874,2812,1
2026-08-23 09:55:09.768132,6275,4455,0,1
2026-08-23 09:55:09.768152,6354,5909,2951,1
2026-08-23 09:55:09.768173,6289,4465,11,1
2026-08-23 09:55:09.768193,6386,5942,3317,1
2026-08-23 09:55:09.768213,6270,4442,0,1
2026-08-23 09:55:09.768233,6374,5871,3086,1
2026-08-23 09:55:09.768253,6285,4439,0,1
2026-08-23 09:55:09.768273,6371,5823,2438,1
2026-08-23 09:55:09.768293,6282,4435,0,1
2026-08-23 09:55:09.768312,6372,5873,2833,1
2026-08-23 09:55:09.768332,6275,4445,0,1
2026-08-23 09:55:09.768353,6385,5863,2922,1
2026-08-23 09:55:09.768373,6288,4434,0,1
2026-08-23 09:55:09.768393,6387,5896,3324,1
2026-08-23 09:55:09.768413,6274,4410,0,1
2026-08-23 09:55:09.768433,6377,5883,3092,1
2026-08-23 09:55:09.768453,6277,4421,0,1
2026-08-23 09:55:09.768473,6337,5740,1430,1
2026-08-23 09:55:09.768492,6286,4515,0,1
2026-08-23 09:55:09.768512,6377,5882,2789,1
2026-08-23 09:55:09.768533,6446,4494,0,1
2026-08-23 09:55:09.768553,6383,5898,2989,1
2026-08-23 09:55:09.768573,6287,4444,49,1
2026-08-23 09:55:09.768593,6384,5906,3273,1
2026-08-23 09:55:09.768613,6275,4406,0,1
2026-08-23 09:55:09.768633,6380,5872,3097,1
2026-08-23 09:55:09.768653,6280,4429,0,1
2026-08-23 09:55:09.768672,6356,5879,3257,1
2026-08-23 09:55:09.768692,6282,4416,0,1
2026-08-23 09:55:09.768713,6378,5868,2819,1
2026-08-23 09:55:09.768733,6281,4448,0,1
2026-08-23 09:55:09.768753,6383,5892,3001,1
2026-08-23 09:55:09.768773,6287,4410,11,1
2026-08-23 09:55:09.768793,6384,5910,3279,1
2026-08-23 09:55:09.768813,6265,4425,0,1
2026-08-23 09:55:09.768833,6384,5850,3093,1
2026-08-23 09:55:09.768852,6284,4488,0,1
2026-08-23 09:55:09.768872,6362,5825,2295,1
2026-08-23 09:55:09.768893,6284,4455,0,1
2026-08-23 09:55:09.768913,6374,5842,2775,1
2026-08-23 09:55:09.768933,6279,4426,0,1
2026-08-23 09:55:09.768953,6375,5901,3050,1
2026-08-23 09:55:09.768973,6283,4453,0,1
2026-08-23 09:55:09.768993,6380,5894,3242,1
2026-08-23 09:55:09.769012,6272,4386,0,1
2026-08-23 09:55:09.769032,6388,5879,3124,1
2026-08-23 09:55:09.769053,6236,4397,0,1
2026-08-23 09:55:09.769073,6395,5870,3237,1
2026-08-23 09:55:09.769093,6284,4394,0,1
2026-08-23 09:55:09.769113,6382,5813,2812,1
2026-08-23 09:55:09.769133,6285,4416,0,1
2026-08-23 09:55:09.769153,6387,5894,3027,1
2026-08-23 09:55:09.769173,6277,4415,4,1
2026-08-23 09:55:09.769192,6383,5862,3244,1
2026-08-23 09:55:09.769212,6267,4372,0,1
2026-08-23 09:55:09.769233,6372,5845,3116,1
2026-08-23 09:55:09.769253,6292,4410,0,1
2026-08-23 09:55:09.769273,6378,5875,2746,1
2026-08-23 09:55:09.769293,6283,4402,0,1
2026-08-23 09:55:09.769313,6486,5867,2782,1
2026-08-23 09:55:09.769333,6281,4452,0,1
2026-08-23 09:55:09.769353,6384,5912,3100,1
2026-08-23 09:55:09.769372,6284,4429,0,1
2026-08-23 09:55:09.769392,6370,5881,3205,1
2026-08-23 09:55:09.769413,6279,4384,0,1
2026-08-23 09:55:09.769433,6326,5878,3141,1
2026-08-23 09:55:09.769453,6275,4403,0,1
2026-08-23 09:55:09.769473,6383,5890,3171,1
2026-08-23 09:55:09.769493,6280,4382,0,1
2026-08-23 09:55:09.769513,6375,5853,2799,1
2026-08-23 09:55:09.769533,6278,4432,0,1
2026-08-23 09:55:09.769552,6380,5889,3113,1
2026-08-23 09:55:09.769572,6296,4425,0,1
2026-08-23 09:55:09.769593,6389,5891,3203,1
2026-08-23 09:55:09.769613,6272,4387,0,1
2026-08-23 09:55:09.769633,6372,5887,3141,1
2026-08-23 09:55:09.769653,6296,4415,0,1
2026-08-23 09:55:09.769673,6383,5892,3130,1
2026-08-23 09:55:09.769693,6285,4426,0,1
2026-08-23 09:55:09.769712,6379,5826,2772,1
2026-08-23 09:55:09.769732,6281,4420,0,1
2026-08-23 09:55:09.769753,6385,5882,3183,1
2026-08-23 09:55:09.769773,6282,4377,0,1
2026-08-23 09:55:09.769793,6373,5874,3166,1
2026-08-23 09:55:09.769813,6263,4401,0,1
2026-08-23 09:55:09.769833,6387,5885,3193,1
2026-08-23 09:55:09.769853,6296,4408,15,1
2026-08-23 09:55:09.769873,6381,5878,3254,1
2026-08-23 09:55:09.769892,6278,4426,0,1
2026-08-23 09:55:09.769912,6379,5855,2788,1
2026-08-23 09:55:09.769933,6287,4450,0,1
2026-08-23 09:55:09.769953,6398,5917,3202,1
2026-08-23 09:55:09.769973,6266,4403,0,1
2026-08-23 09:55:09.769993,6373,5873,3152,1
2026-08-23 09:55:09.770013,6271,4399,0,1
2026-08-23 09:55:09.770033,6376,5883,3185,1
2026-08-23 09:55:09.770053,6282,4417,4,1
2026-08-23 09:55:09.770072,6385,5884,3047,1
2026-08-23 09:55:09.770092,6277,4432,0,1
2026-08-23 09:55:09.770113,6374,5835,2800,1
2026-08-23 09:55:09.770133,6295,4420,0,1
2026-08-23 09:55:09.770153,6267,5664,0,1
2026-08-23 09:55:09.770173,6294,4495,0,1
2026-08-23 09:55:09.770193,6384,5957,3153,1
2026-08-23 09:55:09.770213,6267,4470,0,1
2026-08-23 09:55:09.770233,6390,5924,3230,1
2026-08-23 09:55:09.770252,6288,4436,5,1
2026-08-23 09:55:09.770272,6373,5875,3039,1
2026-08-23 09:55:09.770293,6268,4384,0,1
2026-08-23 09:55:09.770313,6365,5842,2786,1
2026-08-23 09:55:09.770333,6287,4463,0,1
2026-08-23 09:55:09.770353,6388,5915,3257,1
2026-08-23 09:55:09.770373,6279,4383,0,1
2026-08-23 09:55:09.770393,6377,5820,3134,1
2026-08-23 09:55:09.770413,6273,4364,0,1
2026-08-23 09:55:09.770432,6382,5882,3195,1
2026-08-23 09:55:09.770452,6282,4399,11,1
2026-08-23 09:55:09.770473,6384,5843,2990,1
2026-08-23 09:55:09.770493,6273,4394,0,1
2026-08-23 09:55:09.770513,6352,5874,2795,1
2026-08-23 09:55:09.770533,6284,4462,0,1
2026-08-23 09:55:09.770553,6332,5738,1598,1
2026-08-23 09:55:09.770573,6285,4480,0,1
2026-08-23 09:55:09.770592,6386,5917,3131,1
2026-08-23 09:55:09.770612,6272,4477,0,1
2026-08-23 09:55:09.770633,6379,5933,3271,1
2026-08-23 09:55:09.770653,6288,4425,6,1
2026-08-23 09:55:09.770673,6380,5888,3008,1
2026-08-23 09:55:09.770693,6281,4402,0,1
2026-08-23 09:55:09.770713,6375,5874,2808,1
2026-08-23 09:55:09.770733,6282,4472,0,1
2026-08-23 09:55:09.770753,6238,5499,0,1
2026-08-23 09:55:09.770772,6285,4345,0,1
2026-08-23 09:55:09.770792,6392,5850,3105,1
2026-08-23 09:55:09.770813,6259,4373,0,1
2026-08-23 09:55:09.770833,6390,5850,3258,1
2026-08-23 09:55:09.770853,6284,4438,0,1
2026-08-23 09:55:09.770873,6381,5837,2990,1
2026-08-23 09:55:09.770893,6276,4398,0,1
2026-08-23 09:55:09.770913,6378,5837,2792,1
2026-08-23 09:55:09.770933,6288,4456,0,1
2026-08-23 09:55:09.770952,6346,5779,1837,1
2026-08-23 09:55:09.770972,6281,4468,0,1
2026-08-23 09:55:09.770993,6385,5933,3135,1
2026-08-23 09:55:09.771013,6299,4431,0,1
2026-08-23 09:55:09.771033,6375,5929,3278,1
2026-08-23 09:55:09.771053,6287,4429,0,1
2026-08-23 09:55:09.771073,6379,5838,3004,1
2026-08-23 09:55:09.771093,6269,4441,0,1
2026-08-23 09:55:09.771113,6374,5841,2799,1
2026-08-23 09:55:09.771132,6282,4463,0,1
2026-08-23 09:55:09.771152,6216,5530,0,1
2026-08-23 09:55:09.771173,6277,4392,0,1
2026-08-23 09:55:09.771193,6379,5846,3088,1
2026-08-23 09:55:09.771213,6274,4424,0,1
2026-08-23 09:55:09.771233,6384,5872,3265,1
2026-08-23 09:55:09.771253,6284,4418,9,1
2026-08-23 09:55:09.771273,6377,5878,2996,1
2026-08-23 09:55:09.771292,6265,4428,0,1
2026-08-23 09:55:09.771312,6376,5831,2793,1
2026-08-23 09:55:09.771333,6284,4430,0,1
2026-08-23 09:55:09.771353,6354,5779,1894,1
2026-08-23 09:55:09.771373,6267,4499,0,1
2026-08-23 09:55:09.771393,6389,5878,3121,1
2026-08-23 09:55:09.771413,6279,4427,0,1
2026-08-23 09:55:09.771433,6384,5889,3280,1
2026-08-23 09:55:09.771453,6281,4466,4,1
2026-08-23 09:55:09.771472,6373,5892,2985,1
2026-08-23 09:55:09.771492,6281,4431,0,1
2026-08-23 09:55:09.771513,6381,5872,2797,1
2026-08-23 09:55:09.771533,6282,4464,0,1
2026-08-23 09:55:09.771553,6246,5547,0,1
2026-08-23 09:55:09.771573,6285,4456,0,1
2026-08-23 09:55:09.771593,6372,5918,3138,1
2026-08-23 09:55:09.771613,6275,4439,0,1
2026-08-23 09:55:09.771633,6375,5919,3265,1
2026-08-23 09:55:09.771652,6285,4421,9,1
2026-08-23 09:55:09.771672,6343,5880,2978,1
2026-08-23 09:55:09.771693,6275,4439,0,1
2026-08-23 09:55:09.771713,6382,5841,2797,1
2026-08-23 09:55:09.771733,6281,4464,0,1
2026-08-23 09:55:09.771753,6353,5779,1878,1
2026-08-23 09:55:09.771773,6291,4498,0,1
2026-08-23 09:55:09.771793,6388,5897,3125,1
2026-08-23 09:55:09.771813,6277,4431,0,1
2026-08-23 09:55:09.771832,6376,5945,3269,1
2026-08-23 09:55:09.771852,6289,4467,17,1
2026-08-23 09:55:09.771873,6365,5898,2997,1
2026-08-23 09:55:09.771893,6277,4422,0,1
2026-08-23 09:55:09.771913,6373,5895,2796,1
2026-08-23 09:55:09.771933,6276,4480,0,1
2026-08-23 09:55:09.771953,6261,5598,0,1
2026-08-23 09:55:09.771973,6284,4391,0,1
2026-08-23 09:55:09.771993,6388,5872,3127,1
2026-08-23 09:55:09.772012,6263,4435,0,1
2026-08-23 09:55:09.772032,6391,5892,3244,1
2026-08-23 09:55:09.772053,6281,4408,3,1
2026-08-23 09:55:09.772073,6376,5877,2997,1
2026-08-23 09:55:09.772093,6269,4428,0,1
2026-08-23 09:55:09.772113,6388,5837,2810,1
2026-08-23 09:55:09.772133,6281,4475,0,1
2026-08-23 09:55:09.772153,6336,5758,1409,1
2026-08-23 09:55:09.772172,6292,4479,0,1
2026-08-23 09:55:09.772192,6387,5913,3130,1
2026-08-23 09:55:09.772213,6272,4436,0,1
2026-08-23 09:55:09.772233,6359,5897,3250,1
2026-08-23 09:55:09.772253,6291,4436,11,1
2026-08-23 09:55:09.772273,6451,5892,3012,1
2026-08-23 09:55:09.772293,6277,4411,0,1
2026-08-23 09:55:09.772313,6374,5846,2806,1
2026-08-23 09:55:09.772333,6276,4466,0,1
2026-08-23 09:55:09.772352,6408,5907,3288,1
2026-08-23 09:55:09.772372,6270,4376,0,1
2026-08-23 09:55:09.772393,6384,5828,3131,1
2026-08-23 09:55:09.772413,6269,4411,0,1
2026-08-23 09:55:09.772433,6382,5876,3242,1
2026-08-23 09:55:09.772453,6281,4437,10,1
2026-08-23 09:55:09.772473,6391,5813,2997,1
2026-08-23 09:55:09.772493,6282,4391,0,1
2026-08-23 09:55:09.772513,6375,5854,2796,1
2026-08-23 09:55:09.772532,6272,4424,0,1
2026-08-23 09:55:09.772552,6338,5780,1669,1
2026-08-23 09:55:09.772573,6287,4511,0,1
2026-08-23 09:55:09.772593,6381,5883,3161,1
2026-08-23 09:55:09.772613,6271,4449,0,1
2026-08-23 09:55:09.772633,6377,5877,3253,1
2026-08-23 09:55:09.772653,6286,4464,7,1
2026-08-23 09:55:09.772673,6389,5856,3001,1
2026-08-23 09:55:09.772693,6280,4426,0,1
2026-08-23 09:55:09.772712,6376,5862,2799,1
2026-08-23 09:55:09.772732,6291,4450,0,1
2026-08-23 09:55:09.772753,6234,5524,0,1
2026-08-23 09:55:09.772773,6279,4427,0,1
2026-08-23 09:55:09.772793,6394,5824,3130,1
2026-08-23 09:55:09.772813,6272,4398,0,1
2026-08-23 09:55:09.772833,6372,5888,3265,1
2026-08-23 09:55:09.772853,6300,4409,1,1
2026-08-23 09:55:09.772872,6386,5825,2978,1
2026-08-23 09:55:09.772892,6275,4454,0,1
2026-08-23 09:55:09.772913,6377,5825,2795,1
2026-08-23 09:55:09.772933,6285,4485,0,1
2026-08-23 09:55:09.772953,6357,5815,2220,1
2026-08-23 09:55:09.772973,6286,4458,0,1
2026-08-23 09:55:09.772993,6381,5888,3109,1
2026-08-23 09:55:09.773013,6268,4439,0,1
2026-08-23 09:55:09.773033,6388,5936,3302,1
2026-08-23 09:55:09.773052,6281,4444,8,1
2026-08-23 09:55:09.773072,6380,5868,2973,1
2026-08-23 09:55:09.773093,6274,4439,0,1
2026-08-23 09:55:09.773113,6369,5866,2810,1
2026-08-23 09:55:09.773133,6280,4453,0,1
2026-08-23 09:55:09.773153,6284,5640,1,1
2026-08-23 09:55:09.773173,6288,4505,0,1
2026-08-23 09:55:09.773193,6394,5920,3107,1
2026-08-23 09:55:09.773213,6259,4474,0,1
2026-08-23 09:55:09.773232,6385,5899,3309,1
2026-08-23 09:55:09.773252,6284,4448,6,1
2026-08-23 09:55:09.773273,6378,5872,2958,1
2026-08-23 09:55:09.773293,6276,4435,0,1
2026-08-23 09:55:09.773313,6381,5837,2816,1
2026-08-23 09:55:09.773333,6287,4493,0,1
2026-08-23 09:55:09.773353,6367,5820,2549,1
2026-08-23 09:55:09.773373,6286,4477,0,1
2026-08-23 09:55:09.773393,6372,5896,3124,1
2026-08-23 09:55:09.773412,6261,4465,0,1
2026-08-23 09:55:09.773432,6392,5857,3316,1
2026-08-23 09:55:09.773453,6283,4454,5,1
2026-08-23 09:55:09.773473,6378,5856,2970,1
2026-08-23 09:55:09.773493,6277,4460,0,1
2026-08-23 09:55:09.773513,6366,5853,2828,1
2026-08-23 09:55:09.773533,6292,4442,0,1
2026-08-23 09:55:09.773553,6303,5674,577,1
2026-08-23 09:55:09.773573,6287,4514,0,1
2026-08-23 09:55:09.773592,6389,5940,3114,1
2026-08-23 09:55:09.773612,6273,4488,0,1
2026-08-23 09:55:09.773633,6392,5911,3304,1
2026-08-23 09:55:09.773653,6286,4484,13,1
2026-08-23 09:55:09.773673,6370,5878,2944,1
2026-08-23 09:55:09.773693,6277,4462,0,1
2026-08-23 09:55:09.773713,6378,5861,2806,1
2026-08-23 09:55:09.773733,6287,4480,0,1
2026-08-23 09:55:09.773752,6379,5819,2783,1
2026-08-23 09:55:09.773772,6281,4469,0,1
2026-08-23 09:55:09.773793,6381,5889,3107,1
2026-08-23 09:55:09.773813,6271,4458,0,1
2026-08-23 09:55:09.773833,6388,5873,3345,1
2026-08-23 09:55:09.773853,6280,4422,9,1
2026-08-23 09:55:09.773873,6379,5825,2956,1
2026-08-23 09:55:09.773893,6269,4416,0,1
2026-08-23 09:55:09.773913,6386,5867,2777,1
2026-08-23 09:55:09.773932,6289,4478,0,1
2026-08-23 09:55:09.773952,6332,5772,1408,1
2026-08-23 09:55:09.773973,6295,4488,0,1
2026-08-23 09:55:09.773993,6382,5902,3105,1
2026-08-23 09:55:09.774013,6269,4464,0,1
2026-08-23 09:55:09.774033,6381,5900,3321,1
2026-08-23 09:55:09.774053,6275,4466,17,1
2026-08-23 09:55:09.774073,6380,5869,2940,1
2026-08-23 09:55:09.774093,6282,4450,0,1
2026-08-23 09:55:09.774112,6378,5838,2800,1
2026-08-23 09:55:09.774132,6282,4483,0,1
2026-08-23 09:55:09.774153,6390,5848,2951,1
2026-08-23 09:55:09.774173,6285,4449,0,1
2026-08-23 09:55:09.774193,6372,5909,3097,1
2026-08-23 09:55:09.774213,6271,4457,0,1
2026-08-23 09:55:09.774233,6394,5907,3332,1
2026-08-23 09:55:09.774253,6283,4401,7,1
2026-08-23 09:55:09.774273,6373,5848,2942,1
2026-08-23 09:55:09.774292,6269,4402,0,1
2026-08-23 09:55:09.774312,6373,5852,2817,1
2026-08-23 09:55:09.774333,6275,4487,0,1
2026-08-23 09:55:09.774353,6343,5762,1817,1
2026-08-23 09:55:09.774373,6281,4472,0,1
2026-08-23 09:55:09.774393,6379,5932,3095,1
2026-08-23 09:55:09.774413,6269,4437,0,1
2026-08-23 09:55:09.774433,6387,5948,3338,1
2026-08-23 09:55:09.774452,6284,4425,0,1
2026-08-23 09:55:09.774472,6362,5874,2923,1
2026-08-23 09:55:09.774493,6274,4437,0,1
2026-08-23 09:55:09.774513,6377,5837,2833,1
2026-08-23 09:55:09.774533,6277,4429,0,1
2026-08-23 09:55:09.774553,6388,5909,3149,1
2026-08-23 09:55:09.774573,6274,4440,0,1
2026-08-23 09:55:09.774593,6383,5852,3086,1
2026-08-23 09:55:09.774613,6271,4414,0,1
2026-08-23 09:55:09.774632,6388,5883,3340,1
2026-08-23 09:55:09.774652,6273,4434,2,1
2026-08-23 09:55:09.774673,6384,5865,2917,1
2026-08-23 09:55:09.774693,6275,4440,0,1
2026-08-23 09:55:09.774713,6372,5851,2831,1
2026-08-23 09:55:09.774733,6284,4453,0,1
2026-08-23 09:55:09.774753,6366,5836,2428,1
2026-08-23 09:55:09.774773,6274,4444,0,1
2026-08-23 09:55:09.774793,6382,5878,3091,1
2026-08-23 09:55:09.774812,6275,4431,0,1
2026-08-23 09:55:09.774832,6390,5922,3379,1
2026-08-23 09:55:09.774853,6284,4447,2,1
2026-08-23 09:55:09.774873,6375,5856,2877,1
2026-08-23 09:55:09.774893,6269,4412,0,1
2026-08-23 09:55:09.774913,6372,5873,2843,1
2026-08-23 09:55:09.774933,6289,4468,0,1
2026-08-23 09:55:09.774953,6390,5901,3310,1
2026-08-23 09:55:09.774973,6280,4392,0,1
2026-08-23 09:55:09.774992,6382,5878,3096,1
2026-08-23 09:55:09.775012,6276,4443,0,1
2026-08-23 09:55:09.775033,6388,5898,3425,1
2026-08-23 09:55:09.775053,6286,4422,13,1
2026-08-23 09:55:09.775073,6390,5809,2902,1
2026-08-23 09:55:09.775093,6280,4413,0,1
2026-08-23 09:55:09.775113,6356,5837,2861,1
2026-08-23 09:55:09.775133,6286,4443,0,1
2026-08-23 09:55:09.775153,6370,5835,2906,1
2026-08-23 09:55:09.775172,6276,4448,0,1
2026-08-23 09:55:09.775192,6378,5888,3082,1
2026-08-23 09:55:09.775213,6275,4425,0,1
2026-08-23 09:55:09.775233,6377,5900,3421,1
2026-08-23 09:55:09.775253,6288,4431,0,1
2026-08-23 09:55:09.775273,6379,5845,2859,1
2026-08-23 09:55:09.775293,6271,4405,0,1
2026-08-23 09:55:09.775313,6379,5838,2875,1
2026-08-23 09:55:09.775332,6298,4436,0,1
2026-08-23 09:55:09.775352,6390,5925,3434,1
2026-08-23 09:55:09.775373,6276,4439,0,1
2026-08-23 09:55:09.775393,6389,5844,3085,1
2026-08-23 09:55:09.775413,6275,4463,0,1
2026-08-23 09:55:09.775433,6248,5530,0,1
2026-08-23 09:55:09.775453,6281,4396,0,1
2026-08-23 09:55:09.775473,6382,5824,2875,1
2026-08-23 09:55:09.775493,6273,4447,0,1
2026-08-23 09:55:09.775512,6379,5830,2874,1
2026-08-23 09:55:09.775532,6277,4465,18,1
2026-08-23 09:55:09.775553,6390,5896,3200,1
2026-08-23 09:55:09.775573,6275,4410,0,1
2026-08-23 09:55:09.775593,6376,5844,3057,1
2026-08-23 09:55:09.775613,6274,4422,0,1
2026-08-23 09:55:09.775633,6379,5924,3498,1
2026-08-23 09:55:09.775653,6299,4401,0,1
2026-08-23 09:55:09.775673,6370,5830,2849,1
2026-08-23 09:55:09.775692,6276,4433,0,1
2026-08-23 09:55:09.775712,6372,5833,2889,1
2026-08-23 09:55:09.775733,6286,4433,11,1
2026-08-23 09:55:09.775753,6387,5880,3381,1
2026-08-23 09:55:09.775773,6274,4422,0,1
2026-08-23 09:55:09.775793,6379,5849,3054,1
2026-08-23 09:55:09.775813,6297,4415,0,1
2026-08-23 09:55:09.775833,6318,5712,1093,1
2026-08-23 09:55:09.775853,6291,4520,0,1
2026-08-23 09:55:09.775872,6378,5915,2851,1
2026-08-23 09:55:09.775892,6268,4479,0,1
2026-08-23 09:55:09.775913,6380,5906,2905,1
2026-08-23 09:55:09.775933,6285,4482,10,1
2026-08-23 09:55:09.775953,6389,5922,3371,1
2026-08-23 09:55:09.775973,6281,4407,0,1
2026-08-23 09:55:09.775993,6386,5887,3047,1
2026-08-23 09:55:09.776013,6280,4429,0,1
2026-08-23 09:55:09.776032,6242,5585,0,1
2026-08-23 09:55:09.776052,6299,4493,0,1
2026-08-23 09:55:09.776073,6380,5897,2817,1
2026-08-23 09:55:09.776093,6272,4504,0,1
2026-08-23 09:55:09.776113,6380,5919,2965,1
2026-08-23 09:55:09.776133,6286,4494,17,1
2026-08-23 09:55:09.776153,6386,5883,3314,1
2026-08-23 09:55:09.776173,6277,4396,0,1
2026-08-23 09:55:09.776193,6382,5884,3095,1
2026-08-23 09:55:09.776212,6277,4462,0,1
2026-08-23 09:55:09.776232,6365,5804,2426,1
2026-08-23 09:55:09.776253,6275,4452,0,1
2026-08-23 09:55:09.776273,6391,5826,2826,1
2026-08-23 09:55:09.776293,6274,4431,0,1
2026-08-23 09:55:09.776313,6380,5894,2943,1
2026-08-23 09:55:09.776333,6291,4465,81,1
2026-08-23 09:55:09.776353,6392,5879,3330,1
2026-08-23 09:55:09.776373,6275,4437,0,1
2026-08-23 09:55:09.776392,6394,5883,3015,1
2026-08-23 09:55:09.776412,6275,4422,0,1
2026-08-23 09:55:09.776433,6268,5773,1375,1
2026-08-23 09:55:09.776453,6284,4480,0,1
2026-08-23 09:55:09.776473,6385,5895,2807,1
2026-08-23 09:55:09.776493,6281,4471,0,1
2026-08-23 09:55:09.776513,6386,5893,3007,1
2026-08-23 09:55:09.776533,6287,4459,0,1
2026-08-23 09:55:09.776553,6396,5921,3265,1
2026-08-23 09:55:09.776572,6269,4420,0,1
2026-08-23 09:55:09.776592,6388,5873,3112,1
2026-08-23 09:55:09.776613,6290,4438,0,1
2026-08-23 09:55:09.776633,6388,5906,3261,1
2026-08-23 09:55:09.776653,6280,4403,0,1
2026-08-23 09:55:09.776673,6383,5810,2843,1
2026-08-23 09:55:09.776693,6288,4413,0,1
2026-08-23 09:55:09.776713,6342,5869,2994,1
2026-08-23 09:55:09.776733,6285,4422,0,1
2026-08-23 09:55:09.776752,6380,5865,3485,1
2026-08-23 09:55:09.776772,6265,4436,0,1
2026-08-23 09:55:09.776793,6391,5851,3101,1
2026-08-23 09:55:09.776813,6298,4455,0,1
2026-08-23 09:55:09.776833,6368,5799,2280,1
2026-08-23 09:55:09.776853,6282,4466,0,1
2026-08-23 09:55:09.776873,6380,5856,2782,1
2026-08-23 09:55:09.776893,6200,4452,0,1
2026-08-23 09:55:09.776912,6378,5891,3049,1
2026-08-23 09:55:09.776932,6281,4436,0,1
2026-08-23 09:55:09.776953,6392,5873,3237,1
2026-08-23 09:55:09.776973,6274,4412,0,1
2026-08-23 09:55:09.776993,6383,5888,3122,1
2026-08-23 09:55:09.777013,6285,4462,0,1
2026-08-23 09:55:09.777033,6388,5908,3228,1
2026-08-23 09:55:09.777053,6270,4392,0,1
2026-08-23 09:55:09.777073,6383,5856,2820,1
2026-08-23 09:55:09.777092,6288,4455,0,1
2026-08-23 09:55:09.777112,6379,5884,3019,1
2026-08-23 09:55:09.777133,6286,4408,1,1
2026-08-23 09:55:09.777153,6389,5847,3271,1
2026-08-23 09:55:09.777173,6269,4396,0,1
2026-08-23 09:55:09.777193,6382,5864,3107,1
2026-08-23 09:55:09.777213,6286,4437,0,1
2026-08-23 09:55:09.777233,6372,5840,2473,1
2026-08-23 09:55:09.777253,6293,4425,0,1
2026-08-23 09:55:09.777272,6365,5842,2788,1
2026-08-23 09:55:09.777292,6282,4469,0,1
2026-08-23 09:55:09.777313,6385,5874,3093,1
2026-08-23 09:55:09.777333,6379,4455,0,1
2026-08-23 09:55:09.777353,6383,5889,3219,1
2026-08-23 09:55:09.777373,6274,4436,0,1
2026-08-23 09:55:09.777393,6382,5853,3158,1
2026-08-23 09:55:09.777413,6279,4463,0,1
2026-08-23 09:55:09.777433,6435,5866,3190,1
2026-08-23 09:55:09.777452,6281,4389,0,1
2026-08-23 09:55:09.777472,6332,5837,2808,1
2026-08-23 09:55:09.777493,6285,4451,0,1
2026-08-23 09:55:09.777513,6380,5853,3039,1
2026-08-23 09:55:09.777533,6282,4437,0,1
2026-08-23 09:55:09.777553,6385,5878,3102,1
2026-08-23 09:55:09.777573,6261,4418,0,1
2026-08-23 09:55:09.777593,6381,5823,3121,1
2026-08-23 09:55:09.777612,6288,4413,0,1
2026-08-23 09:55:09.777632,6383,5830,2886,1
2026-08-23 09:55:09.777653,6289,4444,0,1
2026-08-23 09:55:09.777673,6381,5826,2765,1
2026-08-23 09:55:09.777693,6281,4464,0,1
2026-08-23 09:55:09.777713,6378,5862,3118,1
2026-08-23 09:55:09.777733,6271,4424,0,1
2026-08-23 09:55:09.777753,6379,5879,3210,1
2026-08-23 09:55:09.777773,6286,4428,0,1
2026-08-23 09:55:09.777792,6383,5911,3143,1
2026-08-23 09:55:09.777812,6281,4425,0,1
2026-08-23 09:55:09.777833,6371,5883,3174,1
2026-08-23 09:55:09.777853,6278,4397,0,1
2026-08-23 09:55:09.777873,6410,5844,2782,1
2026-08-23 09:55:09.777893,6280,4443,0,1
2026-08-23 09:55:09.777913,6379,5889,3103,1
2026-08-23 09:55:09.777933,6284,4396,0,1
2026-08-23 09:55:09.777953,6379,5840,3113,1
2026-08-23 09:55:09.777972,6283,4383,0,1
2026-08-23 09:55:09.777992,6383,5872,3144,1
2026-08-23 09:55:09.778013,6286,4458,205,1
2026-08-23 09:55:09.778033,6379,5855,3144,1
2026-08-23 09:55:09.778053,6271,4429,0,1
2026-08-23 09:55:09.778073,6368,5831,2738,1
2026-08-23 09:55:09.778093,6271,4452,0,1
2026-08-23 09:55:09.778113,6390,5901,3184,1
2026-08-23 09:55:09.778133,6275,4388,0,1
2026-08-23 09:55:09.778152,6384,5853,3164,1
2026-08-23 09:55:09.778172,6275,4395,0,1
2026-08-23 09:55:09.778193,6399,5845,3174,1
2026-08-23 09:55:09.778213,6275,4465,2,1
2026-08-23 09:55:09.778233,6380,5853,3107,1
2026-08-23 09:55:09.778253,6285,4430,0,1
2026-08-23 09:55:09.778273,6382,5831,2792,1
2026-08-23 09:55:09.778293,6280,4462,0,1
2026-08-23 09:55:09.778313,6393,5864,3168,1
2026-08-23 09:55:09.778332,6279,4383,0,1
2026-08-23 09:55:09.778352,6371,5869,3170,1
2026-08-23 09:55:09.778373,6271,4383,0,1
2026-08-23 09:55:09.778393,6386,5848,3171,1
2026-08-23 09:55:09.778413,6288,4429,8,1
2026-08-23 09:55:09.778433,6383,5894,3057,1
2026-08-23 09:55:09.778453,6259,4406,0,1
2026-08-23 09:55:09.778473,6365,5834,2780,1
2026-08-23 09:55:09.778492,6284,4472,0,1
2026-08-23 09:55:09.778512,6261,5601,0,1
2026-08-23 09:55:09.778533,6291,4535,0,1
2026-08-23 09:55:09.778553,6384,5955,3153,1
2026-08-23 09:55:09.778573,6274,4458,0,1
2026-08-23 09:55:09.778593,6382,5937,3223,1
2026-08-23 09:55:09.778613,6296,4436,12,1
2026-08-23 09:55:09.778633,6390,5887,3038,1
2026-08-23 09:55:09.778653,6278,4414,0,1
2026-08-23 09:55:09.778672,6386,5825,2784,1
2026-08-23 09:55:09.778692,6285,4446,0,1
2026-08-23 09:55:09.778713,6386,5912,3250,1
2026-08-23 09:55:09.778733,6278,4391,0,1
2026-08-23 09:55:09.778753,6375,5822,3126,1
2026-08-23 09:55:09.778773,6270,4420,0,1
2026-08-23 09:55:09.778793,6379,5853,3223,1
2026-08-23 09:55:09.778813,6285,4407,2,1
2026-08-23 09:55:09.778833,6381,5833,3030,1
2026-08-23 09:55:09.778852,6275,4416,0,1
2026-08-23 09:55:09.778872,6380,5826,2787,1
2026-08-23 09:55:09.778893,6276,4468,0,1
2026-08-23 09:55:09.778913,6319,5750,1114,1
2026-08-23 09:55:09.778933,6287,4495,0,1
2026-08-23 09:55:09.778953,6383,5940,3126,1
2026-08-23 09:55:09.778973,6276,4463,0,1
2026-08-23 09:55:09.778993,6390,5926,3259,1
2026-08-23 09:55:09.779013,6280,4474,8,1
2026-08-23 09:55:09.779032,6374,5857,3014,1
2026-08-23 09:55:09.779052,6272,4414,0,1
2026-08-23 09:55:09.779073,6379,5884,2810,1
2026-08-23 09:55:09.779093,6280,4443,0,1
2026-08-23 09:55:09.779113,6268,5663,0,1
2026-08-23 09:55:09.779133,6275,4447,0,1
2026-08-23 09:55:09.779153,6380,5842,3129,1
2026-08-23 09:55:09.779173,6272,4413,0,1
2026-08-23 09:55:09.779192,6388,5907,3265,1
2026-08-23 09:55:09.779212,6281,4455,24,1
2026-08-23 09:55:09.779233,6380,5839,3004,1
2026-08-23 09:55:09.779253,6272,4435,0,1
2026-08-23 09:55:09.779273,6356,5855,2790,1
2026-08-23 09:55:09.779293,6287,4452,0,1
2026-08-23 09:55:09.779313,6344,5739,1746,1
2026-08-23 09:55:09.779333,6280,4496,0,1
2026-08-23 09:55:09.779353,6370,5925,3136,1
2026-08-23 09:55:09.779372,6271,4454,0,1
2026-08-23 09:55:09.779392,6388,5903,3267,1
2026-08-23 09:55:09.779413,6291,4445,5,1
2026-08-23 09:55:09.779433,6369,5862,3014,1
2026-08-23 09:55:09.779453,6288,4407,0,1
2026-08-23 09:55:09.779473,6374,5863,2779,1
2026-08-23 09:55:09.779493,6276,4474,0,1
2026-08-23 09:55:09.779513,6251,5449,0,1
2026-08-23 09:55:09.779533,6275,4320,0,1
2026-08-23 09:55:09.779552,6387,5795,3130,1
2026-08-23 09:55:09.779572,6277,4375,0,1
2026-08-23 09:55:09.779593,6380,5844,3246,1
2026-08-23 09:55:09.779613,6286,4445,15,1
2026-08-23 09:55:09.779633,6382,5828,2999,1
2026-08-23 09:55:09.779653,6281,4392,0,1
2026-08-23 09:55:09.779673,6378,5837,2791,1
2026-08-23 09:55:09.779693,6286,4424,0,1
2026-08-23 09:55:09.779713,6346,5770,1653,1
2026-08-23 09:55:09.779732,6299,4466,0,1
2026-08-23 09:55:09.779752,6399,5899,3138,1
2026-08-23 09:55:09.779773,6277,4434,0,1
2026-08-23 09:55:09.779793,6377,5910,3285,1
2026-08-23 09:55:09.779813,6287,4477,7,1
2026-08-23 09:55:09.779833,6380,5861,3014,1
2026-08-23 09:55:09.779853,6279,4447,0,1
2026-08-23 09:55:09.779873,6377,5844,2808,1
2026-08-23 09:55:09.779893,6279,4475,0,1
2026-08-23 09:55:09.779912,6392,5873,3288,1
2026-08-23 09:55:09.779932,6283,4364,0,1
2026-08-23 09:55:09.779953,6374,5853,3136,1
2026-08-23 09:55:09.779973,6271,4387,0,1
2026-08-23 09:55:09.779993,6383,5868,3189,1
2026-08-23 09:55:09.780013,6288,4416,4,1
2026-08-23 09:55:09.780033,6377,5872,3030,1
2026-08-23 09:55:09.780053,6275,4402,0,1
2026-08-23 09:55:09.780072,6373,5833,2795,1
2026-08-23 09:55:09.780092,6278,4441,51,1
2026-08-23 09:55:09.780113,6294,5715,350,1
2026-08-23 09:55:09.780133,6295,4509,0,1
2026-08-23 09:55:09.780153,6379,5958,3146,1
2026-08-23 09:55:09.780173,6274,4489,0,1
2026-08-23 09:55:09.780193,6386,5923,3093,1
2026-08-23 09:55:09.780213,6275,4478,6,1
2026-08-23 09:55:09.780233,6381,5862,3054,1
2026-08-23 09:55:09.780252,6280,4450,0,1
2026-08-23 09:55:09.780272,6380,5882,2800,1
2026-08-23 09:55:09.780293,6277,4444,0,1
2026-08-23 09:55:09.780313,6387,5919,3234,1
2026-08-23 09:55:09.780333,6275,4401,0,1
2026-08-23 09:55:09.780353,6373,5847,3168,1
2026-08-23 09:55:09.780373,6269,4424,0,1
2026-08-23 09:55:09.780393,6392,5852,3208,1
2026-08-23 09:55:09.780413,6293,4423,12,1
2026-08-23 09:55:09.780432,6383,5847,3032,1
2026-08-23 09:55:09.780452,6281,4441,0,1
2026-08-23 09:55:09.780473,6429,5861,2771,1
2026-08-23 09:55:09.780493,6288,4442,0,1
2026-08-23 09:55:09.780513,6293,5676,335,1
2026-08-23 09:55:09.780533,6290,4514,0,1
2026-08-23 09:55:09.780553,6366,5956,3136,1
2026-08-23 09:55:09.780573,6274,4459,0,1
2026-08-23 09:55:09.780593,6393,5898,3238,1
2026-08-23 09:55:09.780612,6285,4493,22,1
2026-08-23 09:55:09.780632,6378,5880,3047,1
2026-08-23 09:55:09.780653,6275,4445,0,1
2026-08-23 09:55:09.780673,6384,5832,2783,1
2026-08-23 09:55:09.780693,6286,4453,0,1
2026-08-23 09:55:09.780713,6390,5877,3255,1
2026-08-23 09:55:09.780733,6265,4368,0,1
2026-08-23 09:55:09.780753,6382,5822,3141,1
2026-08-23 09:55:09.780772,6269,4375,0,1
2026-08-23 09:55:09.780792,6388,5847,3228,1
2026-08-23 09:55:09.780813,6290,4444,12,1
2026-08-23 09:55:09.780833,6384,5774,3017,1
2026-08-23 09:55:09.780853,6274,4498,0,1
2026-08-23 09:55:09.780873,6380,5807,2787,1
2026-08-23 09:55:09.780893,6290,4454,0,1
2026-08-23 09:55:09.780913,6326,5720,1074,1
2026-08-23 09:55:09.780933,6283,4492,0,1
2026-08-23 09:55:09.780952,6390,5905,3130,1
2026-08-23 09:55:09.780972,6275,4488,0,1
2026-08-23 09:55:09.780993,6381,5917,3247,1
2026-08-23 09:55:09.781013,6119,4474,8,1
2026-08-23 09:55:09.781033,6374,5910,3015,1
2026-08-23 09:55:09.781053,6281,4451,0,1
2026-08-23 09:55:09.781073,6364,5853,2806,1
2026-08-23 09:55:09.781093,6284,4480,0,1
2026-08-23 09:55:09.781113,6383,5932,1562,1
2026-08-23 09:55:09.781132,6199,4387,0,1
2026-08-23 09:55:09.781152,6382,5833,3128,1
2026-08-23 09:55:09.781173,6275,4405,0,1
2026-08-23 09:55:09.781193,6394,5874,3239,1
2026-08-23 09:55:09.781213,6285,4440,12,1
2026-08-23 09:55:09.781233,6372,5860,2997,1
2026-08-23 09:55:09.781253,6267,4440,0,1
2026-08-23 09:55:09.781273,6370,5824,2815,1
2026-08-23 09:55:09.781293,6285,4470,0,1
2026-08-23 09:55:09.781312,6339,5719,1508,1
2026-08-23 09:55:09.781332,6324,4510,0,1
2026-08-23 09:55:09.781353,6384,5897,3126,1
2026-08-23 09:55:09.781373,6268,4451,0,1
2026-08-23 09:55:09.781393,6396,5891,3287,1
2026-08-23 09:55:09.781413,6285,4449,5,1
2026-08-23 09:55:09.781433,6382,5877,2992,1
2026-08-23 09:55:09.781453,6278,4416,0,1
2026-08-23 09:55:09.781473,6387,5842,2784,1
2026-08-23 09:55:09.781492,6284,4483,0,1
2026-08-23 09:55:09.781512,6219,5546,0,1
2026-08-23 09:55:09.781533,6280,4415,0,1
2026-08-23 09:55:09.781553,6382,5834,3127,1
2026-08-23 09:55:09.781573,6277,4399,0,1
2026-08-23 09:55:09.781593,6399,5862,3253,1
2026-08-23 09:55:09.781613,6291,4454,6,1
2026-08-23 09:55:09.781633,6381,5834,2994,1
2026-08-23 09:55:09.781652,6280,4402,0,1
2026-08-23 09:55:09.781672,6377,5878,2788,1
2026-08-23 09:55:09.781693,6276,4474,0,1
2026-08-23 09:55:09.781713,6350,5775,1915,1
2026-08-23 09:55:09.781733,6287,4494,0,1
2026-08-23 09:55:09.781753,6391,5887,3106,1
2026-08-23 09:55:09.781773,6273,4474,0,1
2026-08-23 09:55:09.781793,6382,5885,3287,1
2026-08-23 09:55:09.781813,6279,4471,0,1
2026-08-23 09:55:09.781832,6368,5889,2993,1
2026-08-23 09:55:09.781852,6327,4447,0,1
2026-08-23 09:55:09.781873,6367,5864,2809,1
2026-08-23 09:55:09.781893,6287,4433,0,1
2026-08-23 09:55:09.781913,6337,5771,1408,1
2026-08-23 09:55:09.849560,6361,2778,0,1
2026-08-23 09:55:09.849580,6398,4781,3321,1
2026-08-23 09:55:09.849600,6294,3695,12,1
2026-08-23 09:55:09.849620,6393,5368,3652,1
2026-08-23 09:55:09.849640,6290,3997,13,1
2026-08-23 09:55:09.849660,6391,5595,3661,1
2026-08-23 09:55:09.849680,6283,4180,6,1
2026-08-23 09:55:09.849700,6384,5726,3331,1
2026-08-23 09:55:09.849720,6292,4284,22,1
2026-08-23 09:55:09.849740,6384,5777,3508,1
2026-08-23 09:55:09.849760,6287,4339,13,1
2026-08-23 09:55:09.849780,6386,5825,3314,1
2026-08-23 09:55:09.849800,6287,4335,0,1
2026-08-23 09:55:09.849820,6396,5825,3660,1
2026-08-23 09:55:09.849840,6281,4326,13,1
2026-08-23 09:55:09.849860,6397,5840,3673,1
2026-08-23 09:55:09.849880,6276,4379,6,1
2026-08-23 09:55:09.849900,6384,5819,3310,1
2026-08-23 09:55:09.849920,6287,4335,4,1
2026-08-23 09:55:09.849940,6358,5803,3319,1
2026-08-23 09:55:09.849960,6276,4378,12,1
2026-08-23 09:55:09.849980,6385,5793,3320,1
2026-08-23 09:55:09.850000,6288,4366,13,1
2026-08-23 09:55:09.850020,6394,5810,3668,1
2026-08-23 09:55:09.850040,6276,4352,23,1
2026-08-23 09:55:09.850060,6388,5840,3667,1
2026-08-23 09:55:09.850080,6286,4355,4,1
2026-08-23 09:55:09.850100,6389,5792,3653,1
2026-08-23 09:55:09.850120,6288,4363,22,1
2026-08-23 09:55:09.850140,6377,5788,3710,1
2026-08-23 09:55:09.850160,6290,4322,11,1
2026-08-23 09:55:09.850180,6383,5817,3301,1
2026-08-23 09:55:09.850200,6274,4346,22,1
2026-08-23 09:55:09.850220,6378,5823,3333,1
2026-08-23 09:55:09.850240,6271,4319,27,1
2026-08-23 09:55:09.850260,6383,5815,3322,1
2026-08-23 09:55:09.850280,6297,4325,4,1
2026-08-23 09:55:09.850300,6394,5793,3325,1
2026-08-23 09:55:09.850320,6292,4344,6,1
2026-08-23 09:55:09.850340,6390,5788,3321,1
2026-08-23 09:55:09.869494,6357,2934,11,1
2026-08-23 09:55:09.869514,6402,4900,3664,1
2026-08-23 09:55:09.869534,6287,3684,11,1
2026-08-23 09:55:09.869554,6391,5337,3322,1
2026-08-23 09:55:09.869574,6290,4058,8,1
2026-08-23 09:55:09.869594,6385,5568,3322,1
2026-08-23 09:55:09.869614,6283,4182,0,1
2026-08-23 09:55:09.869634,6384,5736,3320,1
2026-08-23 09:55:09.869654,6285,4294,2,1
2026-08-23 09:55:09.869674,6376,5750,3321,1
2026-08-23 09:55:09.869694,6282,4311,5,1
2026-08-23 09:55:09.869714,6346,5821,3691,1
2026-08-23 09:55:09.869734,6302,4315,0,1
2026-08-23 09:55:09.887475,6399,5543,3332,1
2026-08-23 09:55:09.887495,6269,4016,0,1
2026-08-23 09:55:09.887515,6391,5564,3316,1
2026-08-23 09:55:09.887535,6358,4164,3,1
2026-08-23 09:55:09.887555,6381,5642,3311,1
2026-08-23 09:55:09.887575,6311,4225,4,1
2026-08-23 09:55:09.887595,6388,5693,3289,1
2026-08-23 09:55:09.887615,6296,4278,8,1
2026-08-23 09:55:09.887635,6381,5759,3284,1
2026-08-23 09:55:09.887655,6291,4276,11,1
2026-08-23 09:55:09.887675,6387,5749,3255,1
2026-08-23 09:55:09.887695,6305,4306,0,1
2026-08-23 09:55:09.905387,6402,5520,3053,1
2026-08-23 09:55:09.905407,6299,4158,6,1
2026-08-23 09:55:09.905427,6390,5599,3093,1
2026-08-23 09:55:09.905447,6289,4210,0,1
2026-08-23 09:55:09.905468,6319,5736,3349,1
2026-08-23 09:55:09.905488,6284,4305,0,1
2026-08-23 09:55:09.905508,6386,5772,3231,1
2026-08-23 09:55:09.905527,6292,4322,0,1
2026-08-23 09:55:09.905547,6391,5793,3452,1
2026-08-23 09:55:09.905567,6293,4344,12,1
2026-08-23 09:55:09.905587,6386,5803,3110,1
2026-08-23 09:55:09.905607,6305,4313,0,1
2026-08-23 09:55:09.923464,6400,5542,3339,1
2026-08-23 09:55:09.923484,6274,4125,0,1
2026-08-23 09:55:09.923504,6371,5580,3129,1
2026-08-23 09:55:09.923524,6279,4223,0,1
2026-08-23 09:55:09.923544,6337,5640,2102,1
2026-08-23 09:55:09.923564,6297,4322,0,1
2026-08-23 09:55:09.923584,6369,5779,2834,1
2026-08-23 09:55:09.923604,6283,4386,0,1
2026-08-23 09:55:09.923624,6382,5791,2967,1
2026-08-23 09:55:09.923644,6298,4388,21,1
2026-08-23 09:55:09.923664,6389,5827,3359,1
2026-08-23 09:55:09.923684,6285,4367,0,1
2026-08-23 09:55:09.941503,6396,5542,2780,1
2026-08-23 09:55:09.941523,6293,4175,0,1
2026-08-23 09:55:09.941543,6389,5662,3171,1
2026-08-23 09:55:09.941563,6269,4219,0,1
2026-08-23 09:55:09.941583,6384,5660,2753,1
2026-08-23 09:55:09.941603,6269,4306,0,1
2026-08-23 09:55:09.941623,6385,5742,3256,1
2026-08-23 09:55:09.941643,6275,4370,21,1
2026-08-23 09:55:09.941663,6351,5759,2889,1
2026-08-23 09:55:09.941683,6267,4398,0,1
2026-08-23 09:55:09.941703,6373,5815,2828,1
2026-08-23 09:55:09.941723,6305,4392,6,1
2026-08-23 09:55:09.959548,6396,5545,2931,1
2026-08-23 09:55:09.959568,6271,4159,0,1
2026-08-23 09:55:09.959588,6374,5608,2752,1
2026-08-23 09:55:09.959608,6287,4278,0,1
2026-08-23 09:55:09.959628,6391,5751,3313,1
2026-08-23 09:55:09.959648,6265,4277,0,1
2026-08-23 09:55:09.959668,6378,5786,3002,1
2026-08-23 09:55:09.959688,6282,4369,0,1
2026-08-23 09:55:09.959708,6381,5819,3043,1
2026-08-23 09:55:09.959728,6278,4387,0,1
2026-08-23 09:55:09.959748,6378,5783,2737,1
2026-08-23 09:55:09.959768,6304,4416,0,1
2026-08-23 09:55:09.979508,6398,5567,2937,1
2026-08-23 09:55:09.979528,6276,4147,0,1
2026-08-23 09:55:09.979548,6380,5595,2751,1
2026-08-23 09:55:09.979568,6289,4271,13,1
2026-08-23 09:55:09.979588,6394,5755,3267,1
2026-08-23 09:55:09.979608,6275,4272,0,1
2026-08-23 09:55:09.979628,6386,5752,3020,1
2026-08-23 09:55:09.979648,6288,4389,1,1
2026-08-23 09:55:09.979668,6391,5816,2943,1
2026-08-23 09:55:09.979688,6265,4380,0,1
2026-08-23 09:55:09.979708,6377,5795,2767,1
2026-08-23 09:55:09.979728,6305,4397,5,1
2026-08-23 09:55:09.979748,6400,5874,3230,1
2026-08-23 09:55:09.999274,6326,3668,0,1
2026-08-23 09:55:09.999295,6384,5389,2932,1
2026-08-23 09:55:09.999315,6298,4125,17,1
2026-08-23 09:55:09.999335,6379,5692,3383,1
2026-08-23 09:55:09.999355,6272,4281,0,1
2026-08-23 09:55:09.999375,6393,5747,3039,1
2026-08-23 09:55:09.999395,6285,4378,0,1
2026-08-23 09:55:09.999415,6236,5548,0,1
2026-08-23 09:55:09.999434,6282,4425,0,1
2026-08-23 09:55:09.999454,6379,5881,2798,1
2026-08-23 09:55:09.999475,6277,4437,0,1
2026-08-23 09:55:09.999495,6381,5903,3030,1
2026-08-23 09:55:09.999515,6295,4391,0,1
2026-08-23 09:55:10.019231,6401,5543,2829,1
2026-08-23 09:55:10.019251,6273,4197,0,1
2026-08-23 09:55:10.019271,6384,5609,2934,1
2026-08-23 09:55:10.019291,6290,4262,0,1
2026-08-23 09:55:10.019311,6379,5737,3161,1
2026-08-23 09:55:10.019331,6259,4301,0,1
2026-08-23 09:55:10.019351,6376,5780,3129,1
2026-08-23 09:55:10.019371,6288,4344,14,1
2026-08-23 09:55:10.019391,6367,5819,2913,1
2026-08-23 09:55:10.019411,6272,4372,0,1
2026-08-23 09:55:10.019431,6378,5782,2802,1
2026-08-23 09:55:10.019451,6298,4420,0,1
2026-08-23 09:55:10.019471,6390,5833,3310,1
2026-08-23 09:55:10.039114,6333,3665,0,1
2026-08-23 09:55:10.039134,6386,5386,2855,1
2026-08-23 09:55:10.039154,6302,4158,0,1
2026-08-23 09:55:10.039174,6390,5661,3290,1
2026-08-23 09:55:10.039194,6275,4266,0,1
2026-08-23 09:55:10.039214,6383,5758,3135,1
2026-08-23 09:55:10.039234,6269,4354,0,1
2026-08-23 09:55:10.039254,6381,5796,3220,1
2026-08-23 09:55:10.039274,6297,4389,12,1
2026-08-23 09:55:10.039294,6383,5824,3050,1
2026-08-23 09:55:10.039314,6273,4390,0,1
2026-08-23 09:55:10.039334,6386,5858,2808,1
2026-08-23 09:55:10.039354,6305,4392,0,1
2026-08-23 09:55:10.059171,6394,5540,2733,1
2026-08-23 09:55:10.059191,6292,4165,0,1
2026-08-23 09:55:10.059211,6372,5589,2731,1
2026-08-23 09:55:10.059231,6306,4288,0,1
2026-08-23 09:55:10.059251,6392,5760,3216,1
2026-08-23 09:55:10.059271,6281,4215,0,1
2026-08-23 09:55:10.059291,6384,5694,3052,1
2026-08-23 09:55:10.059311,6272,4301,0,1
2026-08-23 09:55:10.059331,6392,5778,3303,1
2026-08-23 09:55:10.059351,6285,4371,0,1
2026-08-23 09:55:10.059371,6377,5762,2861,1
2026-08-23 09:55:10.059391,6284,4345,0,1
2026-08-23 09:55:10.059411,6384,5833,2921,1
2026-08-23 09:55:10.078982,6341,3692,0,1
2026-08-23 09:55:10.079002,6390,5380,3172,1
2026-08-23 09:55:10.079022,6271,4101,0,1
2026-08-23 09:55:10.079042,6380,5613,2855,1
2026-08-23 09:55:10.079062,6273,4293,0,1
2026-08-23 09:55:10.079082,6375,5777,3052,1
2026-08-23 09:55:10.079102,6290,4408,10,1
2026-08-23 09:55:10.079122,6376,5850,3320,1
2026-08-23 09:55:10.079142,6272,4373,0,1
2026-08-23 09:55:10.079162,6386,5842,3108,1
2026-08-23 09:55:10.079182,6285,4416,0,1
2026-08-23 09:55:10.079202,6306,5688,857,1
2026-08-23 09:55:10.079222,6290,4463,0,1
2026-08-23 09:55:10.099004,6396,5576,3112,1
2026-08-23 09:55:10.099024,6270,4193,0,1
2026-08-23 09:55:10.099044,6377,5649,3378,1
2026-08-23 09:55:10.099064,6280,4223,0,1
2026-08-23 09:55:10.099084,6376,5680,2827,1
2026-08-23 09:55:10.099104,6275,4325,0,1
2026-08-23 09:55:10.099124,6375,5749,2886,1
2026-08-23 09:55:10.099144,6289,4361,20,1
2026-08-23 09:55:10.099164,6380,5835,3303,1
2026-08-23 09:55:10.099184,6270,4380,0,1
2026-08-23 09:55:10.099204,6392,5800,3048,1
2026-08-23 09:55:10.099224,6289,4414,0,1
2026-08-23 09:55:10.099244,6384,5811,2965,1
2026-08-23 09:55:10.118825,6338,3734,0,1
2026-08-23 09:55:10.118845,6393,5404,3172,1
2026-08-23 09:55:10.118865,6281,4118,0,1
2026-08-23 09:55:10.118885,6379,5719,3330,1
2026-08-23 09:55:10.118905,6288,4329,6,1
2026-08-23 09:55:10.118925,6380,5765,3094,1
2026-08-23 09:55:10.118945,6270,4384,0,1
2026-08-23 09:55:10.118965,6380,5801,2819,1
2026-08-23 09:55:10.118985,6292,4412,0,1
2026-08-23 09:55:10.119005,6373,5893,3189,1
2026-08-23 09:55:10.119025,6277,4381,0,1
2026-08-23 09:55:10.119045,6389,5863,3228,1
2026-08-23 09:55:10.119065,6279,4389,0,1
2026-08-23 09:55:10.138816,6398,5554,2898,1
2026-08-23 09:55:10.138836,6296,4186,0,1
2026-08-23 09:55:10.138856,6392,5653,3264,1
2026-08-23 09:55:10.138876,6264,4191,0,1
2026-08-23 09:55:10.138896,6381,5691,3052,1
2026-08-23 09:55:10.138916,6276,4307,0,1
2026-08-23 09:55:10.138936,6385,5756,3131,1
2026-08-23 09:55:10.138956,6275,4352,0,1
2026-08-23 09:55:10.138976,6370,5791,2758,1
2026-08-23 09:55:10.138996,6275,4411,0,1
2026-08-23 09:55:10.139016,6377,5825,3250,1
2026-08-23 09:55:10.139036,6274,4308,0,1
2026-08-23 09:55:10.139056,6381,5768,3097,1
2026-08-23 09:55:10.158684,6333,3673,0,1
2026-08-23 09:55:10.158704,6391,5401,3020,1
2026-08-23 09:55:10.158724,6286,4148,0,1
2026-08-23 09:55:10.158744,6379,5684,3385,1
2026-08-23 09:55:10.158764,6276,4249,0,1
2026-08-23 09:55:10.158784,6389,5772,3163,1
2026-08-23 09:55:10.158804,6276,4348,0,1
2026-08-23 09:55:10.158824,6389,5836,3436,1
2026-08-23 09:55:10.158844,6287,4394,3,1
2026-08-23 09:55:10.158864,6388,5808,2966,1
2026-08-23 09:55:10.158884,6286,4397,0,1
2026-08-23 09:55:10.158904,6348,5842,2867,1
2026-08-23 09:55:10.158924,6302,4414,0,1
2026-08-23 09:55:10.178663,6377,5513,2646,1
2026-08-23 09:55:10.178683,6274,4145,0,1
2026-08-23 09:55:10.178703,6379,5567,2724,1
2026-08-23 09:55:10.178723,6292,4273,0,1
2026-08-23 09:55:10.178743,6315,5559,1252,1
2026-08-23 09:55:10.178763,6290,4387,0,1
2026-08-23 09:55:10.178783,6392,5798,3043,1
2026-08-23 09:55:10.178803,6271,4401,0,1
2026-08-23 09:55:10.178823,6398,5871,3346,1
2026-08-23 09:55:10.178843,6288,4369,0,1
2026-08-23 09:55:10.178863,6378,5820,2882,1
2026-08-23 09:55:10.178883,6285,4387,0,1
2026-08-23 09:55:10.178903,6386,5829,2740,1
2026-08-23 09:55:10.198106,6349,3695,36,1
2026-08-23 09:55:10.198126,6391,5375,3174,1
2026-08-23 09:55:10.198146,6279,4138,0,1
2026-08-23 09:55:10.198166,6377,5643,2847,1
2026-08-23 09:55:10.198186,6276,4299,0,1
2026-08-23 09:55:10.198206,6379,5767,3032,1
2026-08-23 09:55:10.198226,6287,4392,5,1
2026-08-23 09:55:10.198246,6387,5827,3346,1
2026-08-23 09:55:10.198266,6269,4406,0,1
2026-08-23 09:55:10.198286,6383,5825,3130,1
2026-08-23 09:55:10.198306,6279,4385,0,1
2026-08-23 09:55:10.198326,6319,5730,1215,1
2026-08-23 09:55:10.198346,6311,4446,0,1
2026-08-23 09:55:10.215111,6394,5574,3134,1
2026-08-23 09:55:10.215131,6273,4130,0,1
2026-08-23 09:55:10.215151,6380,5607,3295,1
2026-08-23 09:55:10.215171,6286,4229,4,1
2026-08-23 09:55:10.215191,6255,5691,2854,1
2026-08-23 09:55:10.215211,6274,4287,0,1
2026-08-23 09:55:10.215231,6377,5766,2850,1
2026-08-23 09:55:10.215251,6288,4357,13,1
2026-08-23 09:55:10.215271,6393,5833,3348,1
2026-08-23 09:55:10.215291,6279,4324,0,1
2026-08-23 09:55:10.215311,6389,5824,3109,1
2026-08-23 09:55:10.234627,6333,3811,0,1
2026-08-23 09:55:10.234647,6387,5459,3004,1
2026-08-23 09:55:10.234667,6292,4187,0,1
2026-08-23 09:55:10.234687,6392,5734,3342,1
2026-08-23 09:55:10.234707,6277,4295,0,1
2026-08-23 09:55:10.234727,6382,5807,3099,1
2026-08-23 09:55:10.234747,6281,4373,0,1
2026-08-23 09:55:10.234767,6242,5551,0,1
2026-08-23 09:55:10.234787,6295,4472,0,1
2026-08-23 09:55:10.234807,6376,5913,2836,1
2026-08-23 09:55:10.234827,6290,4495,0,1
2026-08-23 09:55:10.234847,6379,5912,2963,1
2026-08-23 09:55:10.234867,6298,4455,10,1
2026-08-23 09:55:10.254790,6397,5549,2925,1
2026-08-23 09:55:10.254810,6276,4139,0,1
2026-08-23 09:55:10.254830,6374,5608,2835,1
2026-08-23 09:55:10.254850,6292,4211,0,1
2026-08-23 09:55:10.254870,6391,5714,3316,1
2026-08-23 09:55:10.254890,6263,4277,0,1
2026-08-23 09:55:10.254910,6394,5780,3026,1
2026-08-23 09:55:10.254930,6285,4352,0,1
2026-08-23 09:55:10.254950,6373,5814,2795,1
2026-08-23 09:55:10.254970,6284,4404,0,1
2026-08-23 09:55:10.254990,6376,5791,2738,1
2026-08-23 09:55:10.255010,6280,4423,0,1
2026-08-23 09:55:10.255030,6368,5804,2297,1
2026-08-23 09:55:10.274602,6355,3753,0,1
2026-08-23 09:55:10.274622,6392,5389,2962,1
2026-08-23 09:55:10.274642,6279,4170,0,1
2026-08-23 09:55:10.274662,6382,5677,2883,1
2026-08-23 09:55:10.274682,6292,4346,0,1
2026-08-23 09:55:10.274702,6292,5586,340,1
2026-08-23 09:55:10.274722,6287,4501,0,1
2026-08-23 09:55:10.274742,6386,5911,3184,1
2026-08-23 09:55:10.274762,6275,4421,0,1
2026-08-23 09:55:10.274782,6387,5881,3240,1
2026-08-23 09:55:10.274802,6290,4466,0,1
2026-08-23 09:55:10.274822,6385,5885,3112,1
2026-08-23 09:55:10.274842,6298,4361,0,1
2026-08-23 09:55:10.294665,6398,5567,3094,1
2026-08-23 09:55:10.294685,6279,4146,0,1
2026-08-23 09:55:10.294705,6348,5532,2218,1
2026-08-23 09:55:10.294725,6270,4274,0,1
2026-08-23 09:55:10.294745,6380,5707,2776,1
2026-08-23 09:55:10.294765,6279,4304,0,1
2026-08-23 09:55:10.294785,6391,5776,3042,1
2026-08-23 09:55:10.294805,6287,4345,0,1
2026-08-23 09:55:10.294825,6388,5790,3185,1
2026-08-23 09:55:10.294845,6276,4355,0,1
2026-08-23 09:55:10.294865,6386,5819,3148,1
2026-08-23 09:55:10.294885,6298,4413,6,1
2026-08-23 09:55:10.294905,6388,5818,2910,1
2026-08-23 09:55:10.314268,6332,3694,0,1
2026-08-23 09:55:10.314288,6394,5403,3161,1
2026-08-23 09:55:10.314308,6276,4171,0,1
2026-08-23 09:55:10.314328,6394,5697,3465,1
2026-08-23 09:55:10.314348,6279,4306,0,1
2026-08-23 09:55:10.314368,6380,5695,2942,1
2026-08-23 09:55:10.314388,6286,4392,0,1
2026-08-23 09:55:10.314408,6380,5792,2860,1
2026-08-23 09:55:10.314428,6291,4450,0,1
2026-08-23 09:55:10.314448,6255,5614,0,1
2026-08-23 09:55:10.314468,6289,4519,0,1
2026-08-23 09:55:10.314488,6385,5944,3163,1
2026-08-23 09:55:10.314508,6281,4423,0,1
2026-08-23 09:55:10.334474,6395,5600,2908,1
2026-08-23 09:55:10.334494,6290,4195,5,1
2026-08-23 09:55:10.334514,6388,5675,3245,1
2026-08-23 09:55:10.334534,6268,4252,0,1
2026-08-23 09:55:10.334554,6384,5704,3081,1
2026-08-23 09:55:10.334574,6386,4349,0,1
2026-08-23 09:55:10.334594,6265,5790,3125,1
2026-08-23 09:55:10.334614,6284,4348,0,1
2026-08-23 09:55:10.334634,6379,5791,2761,1
2026-08-23 09:55:10.334654,6281,4409,0,1
2026-08-23 09:55:10.334674,6384,5857,3264,1
2026-08-23 09:55:10.334694,6282,4294,0,1
2026-08-23 09:55:10.334714,6391,5767,3108,1
2026-08-23 09:55:10.354096,6335,3712,0,1
2026-08-23 09:55:10.354116,6392,5398,3080,1
2026-08-23 09:55:10.354136,6286,4107,0,1
2026-08-23 09:55:10.354156,6386,5694,3358,1
2026-08-23 09:55:10.354176,6268,4285,0,1
2026-08-23 09:55:10.354196,6385,5775,3141,1
2026-08-23 09:55:10.354216,6272,4384,0,1
2026-08-23 09:55:10.354236,6275,5564,0,1
2026-08-23 09:55:10.354256,6290,4408,0,1
2026-08-23 09:55:10.354276,6386,5828,2921,1
2026-08-23 09:55:10.354296,6289,4408,0,1
2026-08-23 09:55:10.354316,6381,5841,2892,1
2026-08-23 09:55:10.354336,6297,4418,0,1
2026-08-23 09:55:10.374235,6374,5522,2688,1
2026-08-23 09:55:10.374255,6284,4157,0,1
2026-08-23 09:55:10.374275,6372,5612,2735,1
2026-08-23 09:55:10.374295,6284,4266,0,1
2026-08-23 09:55:10.374315,6328,5597,1489,1
2026-08-23 09:55:10.374335,6289,4373,0,1
2026-08-23 09:55:10.374355,6388,5814,3052,1
2026-08-23 09:55:10.374375,6267,4411,0,1
2026-08-23 09:55:10.374395,6395,5887,3357,1
2026-08-23 09:55:10.374415,6284,4411,0,1
2026-08-23 09:55:10.374435,6381,5788,2892,1
2026-08-23 09:55:10.374455,6293,4400,0,1
2026-08-23 09:55:10.374475,6388,5807,2962,1
2026-08-23 09:55:10.394041,6331,3719,3,1
2026-08-23 09:55:10.394061,6385,5402,3139,1
2026-08-23 09:55:10.394081,6284,4141,0,1
2026-08-23 09:55:10.394101,6381,5606,2672,1
2026-08-23 09:55:10.394121,6283,4327,0,1
2026-08-23 09:55:10.394141,6378,5791,3093,1
2026-08-23 09:55:10.394161,6298,4360,4,1
2026-08-23 09:55:10.394181,6382,5859,3309,1
2026-08-23 09:55:10.394201,6280,4387,0,1
2026-08-23 09:55:10.394221,6380,5830,3147,1
2026-08-23 09:55:10.394241,6283,4414,0,1
2026-08-23 09:55:10.394261,6355,5776,1893,1
2026-08-23 09:55:10.394281,6302,4424,0,1
2026-08-23 09:55:10.414124,6378,5567,3147,1
2026-08-23 09:55:10.414144,6284,4132,0,1
2026-08-23 09:55:10.414164,6390,5613,3302,1
2026-08-23 09:55:10.414184,6284,4230,0,1
2026-08-23 09:55:10.414204,6375,5713,2859,1
2026-08-23 09:55:10.414224,6273,4296,0,1
2026-08-23 09:55:10.414244,6374,5778,2572,1
2026-08-23 09:55:10.414264,6285,4405,6,1
2026-08-23 09:55:10.414284,6388,5811,3345,1
2026-08-23 09:55:10.414304,6263,4384,0,1
2026-08-23 09:55:10.414324,6377,5837,3035,1
2026-08-23 09:55:10.414344,6294,4376,0,1
2026-08-23 09:55:10.414364,6441,5872,3201,1
2026-08-23 09:55:10.433891,6339,3699,0,1
2026-08-23 09:55:10.433911,6397,5423,3175,1
2026-08-23 09:55:10.433931,6280,4141,0,1
2026-08-23 09:55:10.433951,6393,5663,3259,1
2026-08-23 09:55:10.433971,6283,4327,7,1
2026-08-23 09:55:10.433991,6386,5792,3097,1
2026-08-23 09:55:10.434011,6283,4352,0,1
2026-08-23 09:55:10.434031,6386,5798,2821,1
2026-08-23 09:55:10.434051,6285,4449,0,1
2026-08-23 09:55:10.434071,6380,5883,3164,1
2026-08-23 09:55:10.434091,6286,4410,0,1
2026-08-23 09:55:10.434111,6388,5862,3240,1
2026-08-23 09:55:10.434131,6286,4360,0,1
2026-08-23 09:55:10.453935,6396,5509,2856,1
2026-08-23 09:55:10.453955,6250,4189,8,1
2026-08-23 09:55:10.453975,6380,5602,3344,1
2026-08-23 09:55:10.453995,6276,4236,0,1
2026-08-23 09:55:10.454015,6384,5686,3028,1
2026-08-23 09:55:10.454036,6288,4331,0,1
2026-08-23 09:55:10.454056,6365,5739,2530,1
2026-08-23 09:55:10.454076,6281,4343,0,1
2026-08-23 09:55:10.454095,6373,5786,2746,1
2026-08-23 09:55:10.454115,6292,4396,0,1
2026-08-23 09:55:10.454135,6394,5843,3191,1
2026-08-23 09:55:10.454155,6286,4351,0,1
2026-08-23 09:55:10.454175,6393,5816,3141,1
2026-08-23 09:55:10.473866,6331,3674,0,1
2026-08-23 09:55:10.473886,6399,5385,3083,1
2026-08-23 09:55:10.473907,6285,4157,8,1
2026-08-23 09:55:10.473927,6391,5696,3544,1
2026-08-23 09:55:10.473947,6284,4271,0,1
2026-08-23 09:55:10.473967,6382,5730,3122,1
2026-08-23 09:55:10.473987,6284,4380,0,1
2026-08-23 09:55:10.474007,6386,5836,3416,1
2026-08-23 09:55:10.474026,6289,4355,0,1
2026-08-23 09:55:10.474046,6385,5792,2930,1
2026-08-23 09:55:10.474066,6287,4385,0,1
2026-08-23 09:55:10.474087,6387,5876,2872,1
2026-08-23 09:55:10.474107,6316,4408,4,1
2026-08-23 09:55:10.493952,6487,5528,3001,1
2026-08-23 09:55:10.493972,6282,4117,0,1
2026-08-23 09:55:10.493992,6370,5567,2749,1
2026-08-23 09:55:10.494012,6294,4282,0,1
2026-08-23 09:55:10.494032,6332,5598,1466,1
2026-08-23 09:55:10.494052,6280,4347,0,1
2026-08-23 09:55:10.494072,6390,5861,3029,1
2026-08-23 09:55:10.494092,6279,4428,0,1
2026-08-23 09:55:10.494112,6399,5846,3445,1
2026-08-23 09:55:10.494132,6280,4369,0,1
2026-08-23 09:55:10.494152,6380,5823,2826,1
2026-08-23 09:55:10.494172,6275,4359,0,1
2026-08-23 09:55:10.494192,6396,5824,3028,1
2026-08-23 09:55:10.513735,6342,3694,11,1
2026-08-23 09:55:10.513755,6394,5379,3163,1
2026-08-23 09:55:10.513775,6286,4103,0,1
2026-08-23 09:55:10.513795,6377,5608,2877,1
2026-08-23 09:55:10.513815,6290,4304,0,1
2026-08-23 09:55:10.513835,6376,5790,3034,1
2026-08-23 09:55:10.513855,6283,4391,8,1
2026-08-23 09:55:10.513875,6387,5841,3359,1
2026-08-23 09:55:10.513895,6278,4358,0,1
2026-08-23 09:55:10.513915,6386,5816,3129,1
2026-08-23 09:55:10.513935,6280,4431,0,1
2026-08-23 09:55:10.513955,6404,5897,3564,1
2026-08-23 09:55:10.513975,6291,4357,0,1
2026-08-23 09:55:10.533747,6395,5496,3152,1
2026-08-23 09:55:10.533767,6263,4123,0,1
2026-08-23 09:55:10.533787,6392,5580,3280,1
2026-08-23 09:55:10.533807,6295,4213,0,1
2026-08-23 09:55:10.533827,6380,5680,2881,1
2026-08-23 09:55:10.533847,6279,4264,0,1
2026-08-23 09:55:10.533867,6380,5751,2827,1
2026-08-23 09:55:10.533887,6288,4355,4,1
2026-08-23 09:55:10.533907,6380,5810,3152,1
2026-08-23 09:55:10.533927,6281,4358,0,1
2026-08-23 09:55:10.533947,6373,5800,3025,1
2026-08-23 09:55:10.533967,6297,4426,0,1
2026-08-23 09:55:10.533987,6366,5749,2151,1
2026-08-23 09:55:10.553764,6350,3730,0,1
2026-08-23 09:55:10.553784,6388,5442,3247,1
2026-08-23 09:55:10.553804,6273,4149,0,1
2026-08-23 09:55:10.553824,6388,5646,3194,1
2026-08-23 09:55:10.553844,6292,4304,0,1
2026-08-23 09:55:10.553864,6408,5764,3262,1
2026-08-23 09:55:10.553884,6289,4335,0,1
2026-08-23 09:55:10.553904,6384,5802,2875,1
2026-08-23 09:55:10.553924,6279,4415,0,1
2026-08-23 09:55:10.553944,6385,5841,2956,1
2026-08-23 09:55:10.553964,6290,4430,10,1
2026-08-23 09:55:10.553984,6397,5886,3428,1
2026-08-23 09:55:10.554004,6295,4323,0,1
2026-08-23 09:55:10.573688,6379,5484,2767,1
2026-08-23 09:55:10.573708,6288,4170,0,1
2026-08-23 09:55:10.573728,6361,5530,2519,1
2026-08-23 09:55:10.573748,6284,4276,0,1
2026-08-23 09:55:10.573768,6384,5740,3037,1
2026-08-23 09:55:10.573788,6273,4297,0,1
2026-08-23 09:55:10.573808,6392,5777,3407,1
2026-08-23 09:55:10.573828,6308,4351,0,1
2026-08-23 09:55:10.573848,6392,5752,2853,1
2026-08-23 09:55:10.573868,6281,4367,0,1
2026-08-23 09:55:10.573888,6381,5796,2886,1
2026-08-23 09:55:10.573908,6292,4391,3,1
2026-08-23 09:55:10.573928,6392,5880,3319,1
2026-08-23 09:55:10.593656,6345,3698,0,1
2026-08-23 09:55:10.593676,6393,5407,2839,1
2026-08-23 09:55:10.593696,6288,4189,0,1
2026-08-23 09:55:10.593716,6386,5697,3202,1
2026-08-23 09:55:10.593736,6279,4254,0,1
2026-08-23 09:55:10.593756,6391,5752,3243,1
2026-08-23 09:55:10.593776,6276,4311,0,1
2026-08-23 09:55:10.593796,6389,5818,3178,1
2026-08-23 09:55:10.593816,6276,4430,0,1
2026-08-23 09:55:10.593836,6399,5874,3266,1
2026-08-23 09:55:10.593856,6284,4378,0,1
2026-08-23 09:55:10.593876,6388,5832,2868,1
2026-08-23 09:55:10.593896,6300,4385,0,1
2026-08-23 09:55:10.613640,6402,5552,3280,1
2026-08-23 09:55:10.613660,6275,4120,0,1
2026-08-23 09:55:10.613680,6508,5558,2880,1
2026-08-23 09:55:10.613700,6272,4203,0,1
2026-08-23 09:55:10.613720,6376,5710,2817,1
2026-08-23 09:55:10.613740,6290,4314,11,1
2026-08-23 09:55:10.613760,6392,5822,3361,1
2026-08-23 09:55:10.613780,6272,4345,0,1
2026-08-23 09:55:10.613800,6401,5802,3038,1
2026-08-23 09:55:10.613820,6292,4401,0,1
2026-08-23 09:55:10.613840,6383,5812,3251,1
2026-08-23 09:55:10.613860,6295,4369,0,1
2026-08-23 09:55:10.613880,6474,5806,2784,1
2026-08-23 09:55:10.633454,6326,3709,0,1
2026-08-23 09:55:10.633474,6400,5419,3438,1
2026-08-23 09:55:10.633494,6290,4077,6,1
2026-08-23 09:55:10.633514,6380,5652,2984,1
2026-08-23 09:55:10.633534,6276,4299,0,1
2026-08-23 09:55:10.633554,6388,5733,2838,1
2026-08-23 09:55:10.633574,6284,4380,0,1
2026-08-23 09:55:10.633595,6300,5614,373,1
2026-08-23 09:55:10.633614,6292,4534,0,1
2026-08-23 09:55:10.633634,6379,5937,3196,1
2026-08-23 09:55:10.633654,6263,4487,0,1
2026-08-23 09:55:10.633674,6395,5927,3249,1
2026-08-23 09:55:10.633694,6303,4416,11,1
2026-08-23 09:55:10.653516,6399,5548,3045,1
2026-08-23 09:55:10.653536,6271,4144,0,1
2026-08-23 09:55:10.653556,6380,5656,3029,1
2026-08-23 09:55:10.653576,6272,4280,0,1
2026-08-23 09:55:10.653596,6362,5618,2213,1
2026-08-23 09:55:10.653616,6281,4323,0,1
2026-08-23 09:55:10.653636,6305,5793,2754,1
2026-08-23 09:55:10.653656,6290,4414,0,1
2026-08-23 09:55:10.653676,6384,5808,3151,1
2026-08-23 09:55:10.653696,6271,4357,0,1
2026-08-23 09:55:10.653716,6370,5835,3153,1
2026-08-23 09:55:10.653736,6275,4341,0,1
2026-08-23 09:55:10.653756,6394,5824,3314,1
2026-08-23 09:55:10.673241,6342,3714,18,1
2026-08-23 09:55:10.673261,6322,5439,3511,1
2026-08-23 09:55:10.673281,6276,4116,0,1
2026-08-23 09:55:10.673301,6391,5605,3164,1
2026-08-23 09:55:10.673321,6282,4268,0,1
2026-08-23 09:55:10.673341,6394,5770,3335,1
2026-08-23 09:55:10.673361,6286,4374,8,1
2026-08-23 09:55:10.673381,6381,5816,3014,1
2026-08-23 09:55:10.673401,6282,4384,0,1
2026-08-23 09:55:10.673421,6381,5847,2817,1
2026-08-23 09:55:10.673441,6284,4454,0,1
2026-08-23 09:55:10.673461,6285,5683,144,1
2026-08-23 09:55:10.673481,6308,4457,0,1
2026-08-23 09:55:10.691219,6390,5615,2837,1
2026-08-23 09:55:10.691239,6271,4189,0,1
2026-08-23 09:55:10.691259,6378,5682,2938,1
2026-08-23 09:55:10.691279,6293,4308,0,1
2026-08-23 09:55:10.691299,6386,5761,3219,1
2026-08-23 09:55:10.691319,6255,4326,0,1
2026-08-23 09:55:10.691339,6385,5767,3108,1
2026-08-23 09:55:10.691359,6289,4364,0,1
2026-08-23 09:55:10.691379,6377,5824,3103,1
2026-08-23 09:55:10.691399,6273,4405,0,1
2026-08-23 09:55:10.691419,6376,5810,2775,1
2026-08-23 09:55:10.691439,6305,4378,0,1
2026-08-23 09:55:10.707436,6364,5468,1983,1
2026-08-23 09:55:10.707456,6288,4178,0,1
2026-08-23 09:55:10.707476,6383,5654,2716,1
2026-08-23 09:55:10.707496,6281,4313,0,1
2026-08-23 09:55:10.707516,6384,5766,3211,1
2026-08-23 09:55:10.707536,6271,4277,0,1
2026-08-23 09:55:10.707556,6384,5718,3030,1
2026-08-23 09:55:10.707576,6262,4311,0,1
2026-08-23 09:55:10.707596,6398,5788,3319,1
2026-08-23 09:55:10.707616,6284,4358,0,1
2026-08-23 09:55:10.707636,6383,5776,2794,1
2026-08-23 09:55:10.723674,6340,3839,0,1
2026-08-23 09:55:10.723694,6388,5480,3119,1
2026-08-23 09:55:10.723714,6285,4215,0,1
2026-08-23 09:55:10.723734,6286,5479,165,1
2026-08-23 09:55:10.723754,6297,4436,0,1
2026-08-23 09:55:10.723774,6370,5824,2848,1
2026-08-23 09:55:10.723794,6277,4435,0,1
2026-08-23 09:55:10.723814,6385,5886,2900,1
2026-08-23 09:55:10.723834,6284,4474,16,1
2026-08-23 09:55:10.723854,6390,5918,3406,1
2026-08-23 09:55:10.723874,6283,4402,0,1
2026-08-23 09:55:10.741182,6381,5661,2851,1
2026-08-23 09:55:10.741202,6274,4249,0,1
2026-08-23 09:55:10.741222,6381,5696,2900,1
2026-08-23 09:55:10.741242,6288,4325,0,1
2026-08-23 09:55:10.741262,6390,5773,3284,1
2026-08-23 09:55:10.741282,6272,4325,0,1
2026-08-23 09:55:10.741302,6382,5774,3061,1
2026-08-23 09:55:10.741322,6287,4388,0,1
2026-08-23 09:55:10.741342,6377,5844,3198,1
2026-08-23 09:55:10.741362,6278,4362,0,1
2026-08-23 09:55:10.741382,6376,5778,2794,1
2026-08-23 09:55:10.741402,6322,4353,0,1
2026-08-23 09:55:10.758219,6398,5655,3190,1
2026-08-23 09:55:10.758239,6292,4225,6,1
2026-08-23 09:55:10.758259,6377,5684,2926,1
2026-08-23 09:55:10.758279,6283,4259,0,1
2026-08-23 09:55:10.758299,6381,5692,2790,1
2026-08-23 09:55:10.758319,6292,4384,23,1
2026-08-23 09:55:10.758339,6385,5797,3337,1
2026-08-23 09:55:10.758359,6266,4343,0,1
2026-08-23 09:55:10.758379,6380,5786,3025,1
2026-08-23 09:55:10.758399,6282,4413,0,1
2026-08-23 09:55:10.758419,6384,5836,3210,1
2026-08-23 09:55:10.758439,6299,4333,0,1
2026-08-23 09:55:10.776197,6399,5586,3184,1
2026-08-23 09:55:10.776217,6271,4166,0,1
2026-08-23 09:55:10.776237,6376,5662,3149,1
2026-08-23 09:55:10.776257,6283,4253,0,1
2026-08-23 09:55:10.776277,6380,5687,2968,1
2026-08-23 09:55:10.776297,6272,4321,0,1
2026-08-23 09:55:10.776317,6379,5738,2774,1
2026-08-23 09:55:10.776337,6280,4414,0,1
2026-08-23 09:55:10.776357,6382,5840,3181,1
2026-08-23 09:55:10.776377,6278,4355,0,1
2026-08-23 09:55:10.776397,6391,5786,3025,1
2026-08-23 09:55:10.776417,6276,4391,0,1
2026-08-23 09:55:10.796194,6409,5569,3110,1
2026-08-23 09:55:10.796214,6274,4148,0,1
2026-08-23 09:55:10.796234,6383,5580,3033,1
2026-08-23 09:55:10.796254,6263,4247,0,1
2026-08-23 09:55:10.796274,6386,5700,3278,1
2026-08-23 09:55:10.796294,6291,4308,0,1
2026-08-23 09:55:10.796314,6375,5745,2812,1
2026-08-23 09:55:10.796334,6278,4335,0,1
2026-08-23 09:55:10.796354,6387,5804,2900,1
2026-08-23 09:55:10.796374,6285,4384,7,1
2026-08-23 09:55:10.796394,6367,5855,3247,1
2026-08-23 09:55:10.796414,6274,4343,0,1
2026-08-23 09:55:10.796434,6383,5808,3162,1
2026-08-23 09:55:10.815988,6338,3712,10,1
2026-08-23 09:55:10.816008,6404,5427,3490,1
2026-08-23 09:55:10.816028,6280,4117,0,1
2026-08-23 09:55:10.816048,6375,5644,3121,1
2026-08-23 09:55:10.816068,6282,4306,0,1
2026-08-23 09:55:10.816088,6392,5794,3395,1
2026-08-23 09:55:10.816108,6275,4344,0,1
2026-08-23 09:55:10.816128,6379,5813,2939,1
2026-08-23 09:55:10.816148,6277,4404,0,1
2026-08-23 09:55:10.816168,6381,5808,2850,1
2026-08-23 09:55:10.816188,6286,4454,0,1
2026-08-23 09:55:10.816208,6381,5832,2896,1
2026-08-23 09:55:10.816228,6289,4419,0,1
2026-08-23 09:55:10.836011,6396,5532,2761,1
2026-08-23 09:55:10.836031,6279,4189,0,1
2026-08-23 09:55:10.836051,6384,5603,3185,1
2026-08-23 09:55:10.836071,6270,4203,0,1
2026-08-23 09:55:10.836091,6378,5662,3059,1
2026-08-23 09:55:10.836111,6262,4276,0,1
2026-08-23 09:55:10.836131,6374,5745,3261,1
2026-08-23 09:55:10.836151,6289,4319,1,1
2026-08-23 09:55:10.836171,6381,5760,2898,1
2026-08-23 09:55:10.836191,6282,4352,0,1
2026-08-23 09:55:10.836211,6375,5814,2836,1
2026-08-23 09:55:10.836231,6294,4426,6,1
2026-08-23 09:55:10.836251,6390,5840,3361,1
2026-08-23 09:55:10.855822,6333,3705,0,1
2026-08-23 09:55:10.855842,6376,5348,2843,1
2026-08-23 09:55:10.855862,6277,4161,0,1
2026-08-23 09:55:10.855882,6376,5665,3124,1
2026-08-23 09:55:10.855902,6276,4290,0,1
2026-08-23 09:55:10.855922,6383,5780,3277,1
2026-08-23 09:55:10.855942,6272,4369,0,1
2026-08-23 09:55:10.855963,6381,5801,3147,1
2026-08-23 09:55:10.855982,6175,4411,0,1
2026-08-23 09:55:10.856002,6343,5728,1708,1
2026-08-23 09:55:10.856022,6287,4472,0,1
2026-08-23 09:55:10.856042,6377,5896,2802,1
2026-08-23 09:55:10.856062,6289,4460,0,1
2026-08-23 09:55:10.875784,6396,5568,3340,1
2026-08-23 09:55:10.875804,6276,4146,0,1
2026-08-23 09:55:10.875824,6372,5603,2868,1
2026-08-23 09:55:10.875844,6259,4263,0,1
2026-08-23 09:55:10.875864,6373,5714,2843,1
2026-08-23 09:55:10.875884,6270,4312,0,1
2026-08-23 09:55:10.875904,6385,5776,3339,1
2026-08-23 09:55:10.875924,6267,4334,0,1
2026-08-23 09:55:10.875944,6380,5785,3019,1
2026-08-23 09:55:10.875964,6276,4407,0,1
2026-08-23 09:55:10.875984,6352,5752,2454,1
2026-08-23 09:55:10.876004,6284,4407,0,1
2026-08-23 09:55:10.876024,6382,5862,2775,1
2026-08-23 09:55:10.895609,6324,3705,0,1
2026-08-23 09:55:10.895629,6392,5449,3474,1
2026-08-23 09:55:10.895649,6279,4140,2,1
2026-08-23 09:55:10.895669,6380,5657,2989,1
2026-08-23 09:55:10.895689,6273,4309,0,1
2026-08-23 09:55:10.895710,6324,5733,2853,1
2026-08-23 09:55:10.895730,6270,4380,0,1
2026-08-23 09:55:10.895750,6378,5835,3283,1
2026-08-23 09:55:10.895769,6264,4370,0,1
2026-08-23 09:55:10.895789,6379,5807,3200,1
2026-08-23 09:55:10.895809,6277,4408,0,1
2026-08-23 09:55:10.895829,6388,5860,3192,1
2026-08-23 09:55:10.895849,6258,4368,17,1
2026-08-23 09:55:10.915732,6402,5577,3264,1
2026-08-23 09:55:10.915752,6264,4103,0,1
2026-08-23 09:55:10.915772,6371,5574,3036,1
2026-08-23 09:55:10.915792,6268,4239,0,1
2026-08-23 09:55:10.915812,6381,5707,3255,1
2026-08-23 09:55:10.915832,6265,4285,0,1
2026-08-23 09:55:10.915852,6371,5706,2782,1
2026-08-23 09:55:10.915872,6270,4347,0,1
2026-08-23 09:55:10.915892,6375,5825,3098,1
2026-08-23 09:55:10.915912,6279,4372,0,1
2026-08-23 09:55:10.915932,6400,5819,3171,1
2026-08-23 09:55:10.915952,6270,4335,0,1
2026-08-23 09:55:10.915972,6386,5839,3286,1
2026-08-23 09:55:10.935543,6243,3693,15,1
2026-08-23 09:55:10.935563,6391,5387,3460,1
2026-08-23 09:55:10.935583,6274,4120,0,1
2026-08-23 09:55:10.935603,6376,5600,3154,1
2026-08-23 09:55:10.935623,6273,4287,0,1
2026-08-23 09:55:10.935643,6371,5797,3357,1
2026-08-23 09:55:10.935663,6275,4380,10,1
2026-08-23 09:55:10.935683,6382,5812,3029,1
2026-08-23 09:55:10.935703,6264,4376,0,1
2026-08-23 09:55:10.935723,6364,5843,2848,1
2026-08-23 09:55:10.935743,6284,4419,0,1
2026-08-23 09:55:10.935763,6387,5889,3258,1
2026-08-23 09:55:10.935783,6277,4325,0,1
2026-08-23 09:55:10.955624,6371,5494,2789,1
2026-08-23 09:55:10.955644,6269,4142,0,1
2026-08-23 09:55:10.955664,6366,5564,3028,1
2026-08-23 09:55:10.955684,6275,4245,0,1
2026-08-23 09:55:10.955704,6381,5673,3168,1
2026-08-23 09:55:10.955724,6263,4275,0,1
2026-08-23 09:55:10.955745,6378,5767,3158,1
2026-08-23 09:55:10.955765,6269,4345,11,1
2026-08-23 09:55:10.955784,6374,5807,3019,1
2026-08-23 09:55:10.955804,6270,4385,0,1
2026-08-23 09:55:10.955824,6355,5773,2770,1
2026-08-23 09:55:10.955844,6285,4390,0,1
2026-08-23 09:55:10.955864,6363,5799,2485,1
2026-08-23 09:55:10.975378,6333,3707,0,1
2026-08-23 09:55:10.975398,6386,5366,2886,1
2026-08-23 09:55:10.975418,6323,4145,0,1
2026-08-23 09:55:10.975438,6376,5675,2963,1
2026-08-23 09:55:10.975458,6279,4324,3,1
2026-08-23 09:55:10.975478,6376,5800,3426,1
2026-08-23 09:55:10.975498,6282,4366,0,1
2026-08-23 09:55:10.975518,6363,5822,3145,1
2026-08-23 09:55:10.975538,6269,4425,0,1
2026-08-23 09:55:10.975558,6383,5870,3379,1
2026-08-23 09:55:10.975578,6279,4432,4,1
2026-08-23 09:55:10.975598,6367,5818,2954,1
2026-08-23 09:55:10.975618,6287,4385,0,1
2026-08-23 09:55:10.995444,6389,5549,3127,1
2026-08-23 09:55:10.995464,6286,4158,0,1
2026-08-23 09:55:10.995484,6373,5589,3092,1
2026-08-23 09:55:10.995504,6265,4226,0,1
2026-08-23 09:55:10.995524,6242,5672,2753,1
2026-08-23 09:55:10.995544,6275,4328,0,1
2026-08-23 09:55:10.995564,6354,5727,2298,1
2026-08-23 09:55:10.995584,6279,4406,0,1
2026-08-23 09:55:10.995604,6375,5858,3046,1
2026-08-23 09:55:10.995624,6255,4408,0,1
2026-08-23 09:55:10.995644,6381,5871,3397,1
2026-08-23 09:55:10.995664,6285,4353,0,1
2026-08-23 09:55:10.995684,6371,5809,2839,1
2026-08-23 09:55:11.015272,6311,3715,0,1
2026-08-23 09:55:11.015292,6376,5413,3215,1
2026-08-23 09:55:11.015312,6274,4123,0,1
2026-08-23 09:55:11.015332,6378,5648,3198,1
2026-08-23 09:55:11.015352,6273,4261,0,1
2026-08-23 09:55:11.015372,6370,5760,2832,1
2026-08-23 09:55:11.015392,6277,4358,0,1
2026-08-23 09:55:11.015412,6376,5840,3023,1
2026-08-23 09:55:11.015432,6279,4393,5,1
2026-08-23 09:55:11.015452,6364,5856,3341,1
2026-08-23 09:55:11.015472,6267,4376,0,1
2026-08-23 09:55:11.015492,6374,5822,3144,1
2026-08-23 09:55:11.015512,6287,4375,0,1
2026-08-23 09:55:11.035056,6252,5293,0,1
2026-08-23 09:55:11.035076,6273,4212,0,1
2026-08-23 09:55:11.035096,6373,5639,3028,1
2026-08-23 09:55:11.035116,6246,4265,0,1
2026-08-23 09:55:11.035136,6373,5742,3405,1
2026-08-23 09:55:11.035156,6279,4291,0,1
2026-08-23 09:55:11.035176,6370,5762,2813,1
2026-08-23 09:55:11.035196,6272,4345,0,1
2026-08-23 09:55:11.035216,6365,5804,2879,1
2026-08-23 09:55:11.035236,6280,4385,16,1
2026-08-23 09:55:11.035256,6367,5806,3282,1
2026-08-23 09:55:11.035276,6266,4371,0,1
2026-08-23 09:55:11.035296,6380,5811,3149,1
2026-08-23 09:55:11.054734,6326,3730,0,1
2026-08-23 09:55:11.054754,6235,5067,0,1
2026-08-23 09:55:11.054775,6274,4156,0,1
2026-08-23 09:55:11.054795,6377,5717,3200,1
2026-08-23 09:55:11.054815,6272,4286,0,1
2026-08-23 09:55:11.054835,6367,5807,3218,1
2026-08-23 09:55:11.054855,6278,4372,1,1
2026-08-23 09:55:11.054875,6373,5844,3198,1
2026-08-23 09:55:11.054894,6277,4376,0,1
2026-08-23 09:55:11.054914,6372,5840,2828,1
2026-08-23 09:55:11.054935,6269,4455,0,1
2026-08-23 09:55:11.054955,6378,5852,3106,1
2026-08-23 09:55:11.054975,6299,4385,0,1
2026-08-23 09:55:11.074615,6388,5544,2892,1
2026-08-23 09:55:11.074635,6276,4190,0,1
2026-08-23 09:55:11.074655,6367,5573,2849,1
2026-08-23 09:55:11.074675,6278,4254,0,1
2026-08-23 09:55:11.074695,6375,5711,3352,1
2026-08-23 09:55:11.074715,6270,4270,0,1
2026-08-23 09:55:11.074735,6364,5769,3031,1
2026-08-23 09:55:11.074755,6262,4353,0,1
2026-08-23 09:55:11.074775,6350,5761,2351,1
2026-08-23 09:55:11.074795,6269,4419,0,1
2026-08-23 09:55:11.074815,6366,5807,2739,1
2026-08-23 09:55:11.074835,6277,4395,0,1
2026-08-23 09:55:11.074855,6219,5482,0,1
2026-08-23 09:55:11.094516,6333,3747,7,1
2026-08-23 09:55:11.094536,6379,5350,3083,1
2026-08-23 09:55:11.094556,6274,4127,0,1
2026-08-23 09:55:11.094576,6376,5611,2865,1
2026-08-23 09:55:11.094596,6274,4328,0,1
2026-08-23 09:55:11.094616,6380,5795,3147,1
2026-08-23 09:55:11.094636,6272,4353,0,1
2026-08-23 09:55:11.094656,6365,5822,3283,1
2026-08-23 09:55:11.094676,6254,4353,0,1
2026-08-23 09:55:11.094696,6373,5818,3144,1
2026-08-23 09:55:11.094716,6282,4405,0,1
2026-08-23 09:55:11.094736,6324,5751,1524,1
2026-08-23 09:55:11.094756,6292,4457,0,1
2026-08-23 09:55:11.114373,6382,5587,3141,1
2026-08-23 09:55:11.114393,6266,4146,0,1
2026-08-23 09:55:11.114413,6377,5611,3329,1
2026-08-23 09:55:11.114434,6284,4263,0,1
2026-08-23 09:55:11.114454,6371,5699,2864,1
2026-08-23 09:55:11.114474,6264,4295,0,1
2026-08-23 09:55:11.114494,6358,5745,2855,1
2026-08-23 09:55:11.114514,6277,4365,16,1
2026-08-23 09:55:11.114533,6374,5836,3361,1
2026-08-23 09:55:11.114553,6258,4346,0,1
2026-08-23 09:55:11.114573,6370,5817,3022,1
2026-08-23 09:55:11.114594,6277,4385,0,1
2026-08-23 09:55:11.114614,6350,5777,2660,1
2026-08-23 09:55:11.134324,6333,3698,0,1
2026-08-23 09:55:11.134344,6372,5403,3209,1
2026-08-23 09:55:11.134364,6272,4140,0,1
2026-08-23 09:55:11.134384,6376,5672,3207,1
2026-08-23 09:55:11.134404,6284,4352,0,1
2026-08-23 09:55:11.134424,6372,5803,3183,1
2026-08-23 09:55:11.134444,6274,4347,0,1
2026-08-23 09:55:11.134464,6366,5810,2865,1
2026-08-23 09:55:11.134484,6272,4390,0,1
2026-08-23 09:55:11.134504,6368,5826,3024,1
2026-08-23 09:55:11.134524,6275,4451,18,1
2026-08-23 09:55:11.134544,6378,5887,3335,1
2026-08-23 09:55:11.134564,6281,4328,0,1
2026-08-23 09:55:11.154377,6380,5475,2805,1
2026-08-23 09:55:11.154397,6276,4143,0,1
2026-08-23 09:55:11.154417,6377,5586,3279,1
2026-08-23 09:55:11.154437,6122,4231,0,1
2026-08-23 09:55:11.154457,6369,5690,3013,1
2026-08-23 09:55:11.154477,6264,4288,0,1
2026-08-23 09:55:11.154497,6333,5695,2110,1
2026-08-23 09:55:11.154517,6266,4395,0,1
2026-08-23 09:55:11.154536,6363,5771,2767,1
2026-08-23 09:55:11.154557,6267,4409,0,1
2026-08-23 09:55:11.154577,6380,5805,3013,1
2026-08-23 09:55:11.154597,6275,4395,0,1
2026-08-23 09:55:11.154617,6376,5845,3187,1
2026-08-23 09:55:11.174218,6320,3691,0,1
2026-08-23 09:55:11.174238,6375,5380,2909,1
2026-08-23 09:55:11.174258,6280,4165,0,1
2026-08-23 09:55:11.174278,6373,5568,3021,1
2026-08-23 09:55:11.174298,6272,4351,0,1
2026-08-23 09:55:11.174318,6368,5755,3154,1
2026-08-23 09:55:11.174338,6256,4406,0,1
2026-08-23 09:55:11.174358,6368,5867,3276,1
2026-08-23 09:55:11.174378,6269,4421,0,1
2026-08-23 09:55:11.174398,6361,5802,3123,1
2026-08-23 09:55:11.174418,6257,4428,0,1
2026-08-23 09:55:11.174438,6357,5809,2832,1
2026-08-23 09:55:11.174458,6292,4399,0,1
2026-08-23 09:55:11.194054,6265,5179,0,1
2026-08-23 09:55:11.194074,6272,4066,0,1
2026-08-23 09:55:11.194094,6367,5510,2732,1
2026-08-23 09:55:11.194114,6326,4206,0,1
2026-08-23 09:55:11.194134,6361,5718,3029,1
2026-08-23 09:55:11.194154,6259,4287,0,1
2026-08-23 09:55:11.194174,6366,5740,3125,1
2026-08-23 09:55:11.194194,6241,4314,0,1
2026-08-23 09:55:11.194214,6372,5770,3181,1
2026-08-23 09:55:11.194234,6288,4304,12,1
2026-08-23 09:55:11.194254,6359,5781,2977,1
2026-08-23 09:55:11.194274,6267,4354,0,1
2026-08-23 09:55:11.194294,6370,5814,2854,1
2026-08-23 09:55:11.213860,6326,3691,0,1
2026-08-23 09:55:11.213880,6352,5361,2590,1
2026-08-23 09:55:11.213900,6278,4109,0,1
2026-08-23 09:55:11.213920,6374,5607,2876,1
2026-08-23 09:55:11.213940,6266,4335,0,1
2026-08-23 09:55:11.213960,6367,5788,2941,1
2026-08-23 09:55:11.213980,6286,4380,17,1
2026-08-23 09:55:11.214000,6380,5886,3435,1
2026-08-23 09:55:11.214020,6259,4406,0,1
2026-08-23 09:55:11.214040,6368,5819,3137,1
2026-08-23 09:55:11.214060,6257,4411,0,1
2026-08-23 09:55:11.214080,6371,5862,3458,1
2026-08-23 09:55:11.214100,6291,4361,0,1
2026-08-23 09:55:11.233919,6388,5493,3180,1
2026-08-23 09:55:11.233939,6264,4074,0,1
2026-08-23 09:55:11.233959,6375,5567,3181,1
2026-08-23 09:55:11.233979,6271,4248,10,1
2026-08-23 09:55:11.233999,6355,5684,2942,1
2026-08-23 09:55:11.234020,6271,4271,0,1
2026-08-23 09:55:11.234040,6365,5753,2781,1
2026-08-23 09:55:11.234060,6279,4378,0,1
2026-08-23 09:55:11.234079,6374,5829,3249,1
2026-08-23 09:55:11.234099,6264,4370,0,1
2026-08-23 09:55:11.234119,6369,5788,3042,1
2026-08-23 09:55:11.234139,6259,4397,0,1
2026-08-23 09:55:11.234159,6355,5785,2490,1
2026-08-23 09:55:11.253754,6334,3745,0,1
2026-08-23 09:55:11.253774,6377,5437,3282,1
2026-08-23 09:55:11.253794,6267,4144,0,1
2026-08-23 09:55:11.253814,6371,5666,3171,1
2026-08-23 09:55:11.253834,6267,4287,0,1
2026-08-23 09:55:11.253854,6321,5670,1594,1
2026-08-23 09:55:11.253874,6270,4401,0,1
2026-08-23 09:55:11.253894,6364,5871,2883,1
2026-08-23 09:55:11.253914,6280,4467,0,1
2026-08-23 09:55:11.253934,6365,5825,2931,1
2026-08-23 09:55:11.253954,6270,4478,4,1
2026-08-23 09:55:11.253974,6375,5827,3445,1
2026-08-23 09:55:11.253994,6272,4432,0,1
2026-08-23 09:55:11.273090,6378,5433,2763,1
2026-08-23 09:55:11.273110,6264,4234,0,1
2026-08-23 09:55:11.273130,6378,5593,2088,1
2026-08-23 09:55:11.273150,6245,4202,0,1
2026-08-23 09:55:11.273170,6364,5614,3044,1
2026-08-23 09:55:11.273190,6263,4282,0,1
2026-08-23 09:55:11.273210,6375,5689,3309,1
2026-08-23 09:55:11.273230,6267,4382,1,1
2026-08-23 09:55:11.273250,6371,5688,2864,1
2026-08-23 09:55:11.273270,6258,4410,0,1
2026-08-23 09:55:11.273290,6359,5763,2821,1
2026-08-23 09:55:11.273310,6275,4421,9,1
2026-08-23 09:55:11.273330,6375,5799,3324,1
2026-08-23 09:55:11.292813,6324,3804,0,1
2026-08-23 09:55:11.292833,6364,5331,2867,1
2026-08-23 09:55:11.292853,6268,4227,0,1
2026-08-23 09:55:11.292873,6366,5619,2966,1
2026-08-23 09:55:11.292893,6272,4354,5,1
2026-08-23 09:55:11.292913,6374,5735,3390,1
2026-08-23 09:55:11.292933,6257,4411,0,1
2026-08-23 09:55:11.292953,6368,5782,3102,1
2026-08-23 09:55:11.292973,6262,4460,0,1
2026-08-23 09:55:11.292993,6372,5803,3510,1
2026-08-23 09:55:11.293013,6277,4434,0,1
2026-08-23 09:55:11.293033,6367,5764,2853,1
2026-08-23 09:55:11.293053,6267,4403,0,1
2026-08-23 09:55:11.311966,6392,5460,3261,1
2026-08-23 09:55:11.311986,6271,4185,8,1
2026-08-23 09:55:11.312006,6363,5528,2885,1
2026-08-23 09:55:11.312026,6259,4278,0,1
2026-08-23 09:55:11.312046,6388,5619,2807,1
2026-08-23 09:55:11.312066,6284,4365,8,1
2026-08-23 09:55:11.312086,6372,5767,3331,1
2026-08-23 09:55:11.312106,6242,4399,0,1
2026-08-23 09:55:11.312126,6366,5762,3020,1
2026-08-23 09:55:11.312146,6264,4426,0,1
2026-08-23 09:55:11.312166,6367,5740,2741,1
2026-08-23 09:55:11.312186,6268,4405,0,1
2026-08-23 09:55:11.312206,6366,5724,2794,1
2026-08-23 09:55:11.331945,6300,3808,0,1
2026-08-23 09:55:11.331965,6380,5393,3376,1
2026-08-23 09:55:11.331985,6264,4168,5,1
2026-08-23 09:55:11.332006,6367,5615,3013,1
2026-08-23 09:55:11.332026,6367,4338,0,1
2026-08-23 09:55:11.332046,6371,5691,2798,1
2026-08-23 09:55:11.332066,6270,4409,0,1
2026-08-23 09:55:11.332086,6381,5815,3268,1
2026-08-23 09:55:11.332105,6265,4371,0,1
2026-08-23 09:55:11.332125,6377,5771,3171,1
2026-08-23 09:55:11.332145,6260,4429,0,1
2026-08-23 09:55:11.332165,6367,5786,3254,1
2026-08-23 09:55:11.332186,6297,4415,10,1
2026-08-23 09:55:11.351919,6385,5485,3246,1
2026-08-23 09:55:11.351939,6265,4162,0,1
2026-08-23 09:55:11.351959,6363,5526,3118,1
2026-08-23 09:55:11.351979,6280,4308,12,1
2026-08-23 09:55:11.352000,6366,5617,2991,1
2026-08-23 09:55:11.352020,6264,4326,0,1
2026-08-23 09:55:11.352040,6356,5699,2770,1
2026-08-23 09:55:11.352060,6268,4435,0,1
2026-08-23 09:55:11.352079,6320,5656,1659,1
2026-08-23 09:55:11.352099,6269,4454,0,1
2026-08-23 09:55:11.352119,6363,5831,3032,1
2026-08-23 09:55:11.352139,6266,4482,0,1
2026-08-23 09:55:11.352160,6377,5849,3556,1
2026-08-23 09:55:11.371674,6320,3749,0,1
2026-08-23 09:55:11.371694,6380,5326,3329,1
2026-08-23 09:55:11.371714,6086,4134,0,1
2026-08-23 09:55:11.371734,6368,5584,3140,1
2026-08-23 09:55:11.371754,6258,4303,0,1
2026-08-23 09:55:11.371774,6274,5523,584,1
2026-08-23 09:55:11.371794,6283,4501,0,1
2026-08-23 09:55:11.371814,6366,5826,2927,1
2026-08-23 09:55:11.371834,6267,4460,0,1
2026-08-23 09:55:11.371854,6371,5806,2861,1
2026-08-23 09:55:11.371874,6268,4472,0,1
2026-08-23 09:55:11.371894,6331,5742,1851,1
2026-08-23 09:55:11.371914,6279,4512,0,1
2026-08-23 09:55:11.390005,6370,5475,2772,1
2026-08-23 09:55:11.390025,6265,4224,0,1
2026-08-23 09:55:11.390045,6361,5609,3123,1
2026-08-23 09:55:11.390065,6271,4299,0,1
2026-08-23 09:55:11.390085,6374,5640,3104,1
2026-08-23 09:55:11.390105,6245,4314,0,1
2026-08-23 09:55:11.390125,6371,5710,3192,1
2026-08-23 09:55:11.390145,6280,4391,11,1
2026-08-23 09:55:11.390165,6367,5750,2979,1
2026-08-23 09:55:11.390185,6258,4430,0,1
2026-08-23 09:55:11.390205,6375,5728,2808,1
2026-08-23 09:55:11.390225,6292,4395,6,1
2026-08-23 09:55:11.409679,6362,5414,2409,1
2026-08-23 09:55:11.409699,6273,4213,0,1
2026-08-23 09:55:11.409719,6352,5549,2707,1
2026-08-23 09:55:11.409739,6269,4351,0,1
2026-08-23 09:55:11.409760,6342,5576,2531,1
2026-08-23 09:55:11.409780,6263,4383,0,1
2026-08-23 09:55:11.409800,6368,5759,3010,1
2026-08-23 09:55:11.409820,6250,4430,0,1
2026-08-23 09:55:11.409839,6216,5468,0,1
2026-08-23 09:55:11.409859,6261,4442,0,1
2026-08-23 09:55:11.409879,6359,5750,2810,1
2026-08-23 09:55:11.409899,6263,4467,0,1
2026-08-23 09:55:11.409920,6377,5778,3054,1
2026-08-23 09:55:11.429600,6324,3786,7,1
2026-08-23 09:55:11.429620,6388,5302,3093,1
2026-08-23 09:55:11.429640,6276,4155,0,1
2026-08-23 09:55:11.429660,6367,5573,2834,1
2026-08-23 09:55:11.429680,6269,4360,0,1
2026-08-23 09:55:11.429700,6366,5743,3179,1
2026-08-23 09:55:11.429720,6261,4385,0,1
2026-08-23 09:55:11.429740,6368,5728,3237,1
2026-08-23 09:55:11.429760,6265,4384,0,1
2026-08-23 09:55:11.429780,6367,5757,3152,1
2026-08-23 09:55:11.429800,6257,4482,0,1
2026-08-23 09:55:11.429820,6355,5820,3252,1
2026-08-23 09:55:11.429840,6282,4423,0,1
2026-08-23 09:55:11.449547,6385,5437,3113,1
2026-08-23 09:55:11.449567,6261,4188,0,1
2026-08-23 09:55:11.449587,6372,5558,3389,1
2026-08-23 09:55:11.449607,6266,4265,0,1
2026-08-23 09:55:11.449627,6356,5571,2812,1
2026-08-23 09:55:11.449647,6246,4326,0,1
2026-08-23 09:55:11.449667,6355,5724,2910,1
2026-08-23 09:55:11.449687,6275,4392,6,1
2026-08-23 09:55:11.449707,6368,5752,3301,1
2026-08-23 09:55:11.449727,6245,4380,0,1
2026-08-23 09:55:11.449747,6367,5775,3088,1
2026-08-23 09:55:11.449767,6269,4396,0,1
2026-08-23 09:55:11.449787,6368,5745,3160,1
2026-08-23 09:55:11.469527,6314,3772,0,1
2026-08-23 09:55:11.469547,6366,5355,3200,1
2026-08-23 09:55:11.469567,6311,4177,0,1
2026-08-23 09:55:11.469587,6369,5555,3180,1
2026-08-23 09:55:11.469607,6271,4347,4,1
2026-08-23 09:55:11.469627,6372,5689,2934,1
2026-08-23 09:55:11.469647,6269,4392,0,1
2026-08-23 09:55:11.469667,6363,5734,2799,1
2026-08-23 09:55:11.469687,6264,4494,0,1
2026-08-23 09:55:11.469707,6335,5794,3190,1
2026-08-23 09:55:11.469727,6260,4418,0,1
2026-08-23 09:55:11.469747,6364,5810,3223,1
2026-08-23 09:55:11.469767,6268,4377,0,1
2026-08-23 09:55:11.489568,6373,5452,2873,1
2026-08-23 09:55:11.489588,6275,4185,5,1
2026-08-23 09:55:11.489609,6367,5594,3337,1
2026-08-23 09:55:11.489629,6250,4238,0,1
2026-08-23 09:55:11.489649,6370,5610,3022,1
2026-08-23 09:55:11.489669,6258,4350,0,1
2026-08-23 09:55:11.489689,6357,5702,2677,1
2026-08-23 09:55:11.489709,6267,4380,0,1
2026-08-23 09:55:11.489728,6356,5741,2743,1
2026-08-23 09:55:11.489748,6264,4447,0,1
2026-08-23 09:55:11.489769,6359,5802,2415,1
2026-08-23 09:55:11.489789,6268,4405,0,1
2026-08-23 09:55:11.489809,6378,5751,3110,1
2026-08-23 09:55:11.509429,6311,3778,0,1
2026-08-23 09:55:11.509449,6361,5318,2982,1
2026-08-23 09:55:11.509469,6273,4168,5,1
2026-08-23 09:55:11.509489,6375,5584,3438,1
2026-08-23 09:55:11.509509,6259,4322,0,1
2026-08-23 09:55:11.509529,6363,5723,3125,1
2026-08-23 09:55:11.509549,6263,4416,0,1
2026-08-23 09:55:11.509569,6370,5807,3417,1
2026-08-23 09:55:11.509588,6271,4405,0,1
2026-08-23 09:55:11.509609,6360,5757,2930,1
2026-08-23 09:55:11.509629,6253,4409,0,1
2026-08-23 09:55:11.509649,6354,5759,2852,1
2026-08-23 09:55:11.509669,6275,4466,18,1
2026-08-23 09:55:11.529417,6385,5468,2997,1
2026-08-23 09:55:11.529437,6252,4148,0,1
2026-08-23 09:55:11.529457,6353,5517,2746,1
2026-08-23 09:55:11.529477,6272,4318,0,1
2026-08-23 09:55:11.529497,6282,5438,670,1
2026-08-23 09:55:11.529517,6273,4419,0,1
2026-08-23 09:55:11.529537,6358,5771,3023,1
2026-08-23 09:55:11.529557,6253,4422,0,1
2026-08-23 09:55:11.529577,6381,5817,3413,1
2026-08-23 09:55:11.529597,6264,4441,0,1
2026-08-23 09:55:11.529617,6357,5762,2815,1
2026-08-23 09:55:11.529637,6260,4415,0,1
2026-08-23 09:55:11.529657,6369,5760,2973,1
2026-08-23 09:55:11.549143,6318,3765,15,1
2026-08-23 09:55:11.549163,6364,5334,3159,1
2026-08-23 09:55:11.549183,6268,4174,0,1
2026-08-23 09:55:11.549203,6357,5528,2847,1
2026-08-23 09:55:11.549223,6259,4299,0,1
2026-08-23 09:55:11.549243,6362,5695,3043,1
2026-08-23 09:55:11.549263,6274,4400,6,1
2026-08-23 09:55:11.549283,6368,5752,3355,1
2026-08-23 09:55:11.549303,6255,4429,0,1
2026-08-23 09:55:11.549323,6362,5780,3116,1
2026-08-23 09:55:11.549343,6265,4471,0,1
2026-08-23 09:55:11.549363,6416,5706,43,1
2026-08-23 09:55:11.549383,6284,4433,0,1
2026-08-23 09:55:11.568876,6390,5457,3184,1
2026-08-23 09:55:11.568896,6256,4172,0,1
2026-08-23 09:55:11.568916,6366,5563,3208,1
2026-08-23 09:55:11.568936,6273,4320,7,1
2026-08-23 09:55:11.568956,6364,5610,2960,1
2026-08-23 09:55:11.568976,6258,4360,0,1
2026-08-23 09:55:11.568996,6367,5682,2792,1
2026-08-23 09:55:11.569016,6268,4417,0,1
2026-08-23 09:55:11.569036,6356,5719,2483,1
2026-08-23 09:55:11.569056,6267,4420,0,1
2026-08-23 09:55:11.569076,6365,5762,3040,1
2026-08-23 09:55:11.569096,6270,4427,0,1
2026-08-23 09:55:11.569116,6245,5515,0,1
2026-08-23 09:55:11.588429,6321,3895,2,1
2026-08-23 09:55:11.588449,6378,5390,3345,1
2026-08-23 09:55:11.588469,6261,4223,0,1
2026-08-23 09:55:11.588489,6364,5603,3160,1
2026-08-23 09:55:11.588509,6265,4387,0,1
2026-08-23 09:55:11.588529,6229,5394,0,1
2026-08-23 09:55:11.588549,6272,4405,14,1
2026-08-23 09:55:11.588569,6360,5730,2956,1
2026-08-23 09:55:11.588589,6270,4416,0,1
2026-08-23 09:55:11.588609,6359,5763,2866,1
2026-08-23 09:55:11.588629,6260,4507,0,1
2026-08-23 09:55:11.588649,6286,5581,524,1
2026-08-23 09:55:11.588669,6286,4523,0,1
2026-08-23 09:55:11.608225,6366,5528,2825,1
2026-08-23 09:55:11.608245,6263,4272,0,1
2026-08-23 09:55:11.608265,6364,5585,2974,1
2026-08-23 09:55:11.608285,6269,4323,5,1
2026-08-23 09:55:11.608305,6359,5696,3221,1
2026-08-23 09:55:11.608325,6250,4346,0,1
2026-08-23 09:55:11.608345,6361,5708,3109,1
2026-08-23 09:55:11.608365,6276,4429,0,1
2026-08-23 09:55:11.608385,6366,5733,3283,1
2026-08-23 09:55:11.608405,6272,4429,0,1
2026-08-23 09:55:11.608425,6356,5761,2765,1
2026-08-23 09:55:11.608445,6272,4435,0,1
2026-08-23 09:55:11.608465,6233,5510,0,1
2026-08-23 09:55:11.627949,6319,3867,0,1
2026-08-23 09:55:11.627969,6372,5370,2999,1
2026-08-23 09:55:11.627989,6260,4219,0,1
2026-08-23 09:55:11.628009,6370,5575,2483,1
2026-08-23 09:55:11.628029,6270,4371,0,1
2026-08-23 09:55:11.628049,6207,5375,0,1
2026-08-23 09:55:11.628069,6259,4436,0,1
2026-08-23 09:55:11.628089,6369,5755,3222,1
2026-08-23 09:55:11.628109,6418,4435,0,1
2026-08-23 09:55:11.628129,6365,5803,3187,1
2026-08-23 09:55:11.628149,6268,4454,0,1
2026-08-23 09:55:11.628169,6367,5795,3248,1
2026-08-23 09:55:11.628189,6272,4430,0,1
2026-08-23 09:55:11.647959,6374,5455,3174,1
2026-08-23 09:55:11.647979,6258,4200,0,1
2026-08-23 09:55:11.647999,6364,5557,3253,1
2026-08-23 09:55:11.648019,6259,4276,6,1
2026-08-23 09:55:11.648039,6360,5664,2914,1
2026-08-23 09:55:11.648059,6261,4351,0,1
2026-08-23 09:55:11.648079,6358,5709,2802,1
2026-08-23 09:55:11.648099,6272,4435,0,1
2026-08-23 09:55:11.648119,6385,5796,3255,1
2026-08-23 09:55:11.648139,6259,4440,0,1
2026-08-23 09:55:11.648159,6358,5739,3045,1
2026-08-23 09:55:11.648179,6273,4441,0,1
2026-08-23 09:55:11.648199,6346,5709,2166,1
2026-08-23 09:55:11.667697,6332,3791,0,1
2026-08-23 09:55:11.667717,6384,5344,3340,1
2026-08-23 09:55:11.667737,6261,4156,0,1
2026-08-23 09:55:11.667757,6354,5595,3168,1
2026-08-23 09:55:11.667777,6274,4324,0,1
2026-08-23 09:55:11.667797,6211,5315,0,1
2026-08-23 09:55:11.667817,6261,4378,0,1
2026-08-23 09:55:11.667837,6361,5736,2890,1
2026-08-23 09:55:11.667857,6251,4406,0,1
2026-08-23 09:55:11.667877,6354,5792,2897,1
2026-08-23 09:55:11.667897,6409,4482,4,1
2026-08-23 09:55:11.667917,6367,5800,3358,1
2026-08-23 09:55:11.667937,6286,4390,0,1
2026-08-23 09:55:11.687685,6376,5478,2796,1
2026-08-23 09:55:11.687705,6257,4190,0,1
2026-08-23 09:55:11.687725,6366,5584,3085,1
2026-08-23 09:55:11.687745,6270,4275,0,1
2026-08-23 09:55:11.687765,6365,5613,3137,1
2026-08-23 09:55:11.687785,6243,4316,0,1
2026-08-23 09:55:11.687805,6368,5707,3180,1
2026-08-23 09:55:11.687825,6272,4380,12,1
2026-08-23 09:55:11.687845,6337,5745,2992,1
2026-08-23 09:55:11.687865,6252,4417,0,1
2026-08-23 09:55:11.687885,6362,5733,2899,1
2026-08-23 09:55:11.687905,6276,4427,0,1
2026-08-23 09:55:11.687925,6374,5812,3245,1
2026-08-23 09:55:11.707534,6330,3716,0,1
2026-08-23 09:55:11.707554,6367,5279,2897,1
2026-08-23 09:55:11.707574,6271,4145,0,1
2026-08-23 09:55:11.707594,6361,5574,2937,1
2026-08-23 09:55:11.707614,6274,4337,10,1
2026-08-23 09:55:11.707634,6368,5739,3468,1
2026-08-23 09:55:11.707654,6264,4397,0,1
2026-08-23 09:55:11.707674,6359,5776,3130,1
2026-08-23 09:55:11.707694,6260,4385,0,1
2026-08-23 09:55:11.707714,6380,5822,3390,1
2026-08-23 09:55:11.707734,6275,4432,2,1
2026-08-23 09:55:11.707754,6355,5794,2935,1
2026-08-23 09:55:11.707774,6268,4443,0,1
2026-08-23 09:55:11.727506,6391,5458,3156,1
2026-08-23 09:55:11.727526,6279,4199,5,1
2026-08-23 09:55:11.727546,6356,5581,3026,1
2026-08-23 09:55:11.727566,6258,4259,0,1
2026-08-23 09:55:11.727586,6356,5595,2759,1
2026-08-23 09:55:11.727606,6256,4391,0,1
2026-08-23 09:55:11.727626,6313,5589,1323,1
2026-08-23 09:55:11.727646,6270,4444,0,1
2026-08-23 09:55:11.727666,6376,5808,2974,1
2026-08-23 09:55:11.727686,6259,4449,0,1
2026-08-23 09:55:11.727706,6373,5828,3436,1
2026-08-23 09:55:11.727726,6276,4439,0,1
2026-08-23 09:55:11.727746,6365,5761,2801,1
2026-08-23 09:55:11.747354,6295,3737,0,1
2026-08-23 09:55:11.747374,6377,5362,3316,1
2026-08-23 09:55:11.747394,6274,4194,4,1
2026-08-23 09:55:11.747414,6363,5595,3173,1
2026-08-23 09:55:11.747434,6269,4316,0,1
2026-08-23 09:55:11.747454,6361,5660,2848,1
2026-08-23 09:55:11.747474,6259,4415,0,1
2026-08-23 09:55:11.747494,6360,5798,3018,1
2026-08-23 09:55:11.747514,6268,4448,4,1
2026-08-23 09:55:11.747534,6387,5794,3332,1
2026-08-23 09:55:11.747554,6258,4422,0,1
2026-08-23 09:55:11.747574,6366,5767,3136,1
2026-08-23 09:55:11.747594,6345,4458,0,1
2026-08-23 09:55:11.767192,6362,5406,2320,1
2026-08-23 09:55:11.767212,6277,4227,0,1
2026-08-23 09:55:11.767232,6366,5551,3024,1
2026-08-23 09:55:11.767252,6259,4309,0,1
2026-08-23 09:55:11.767272,6222,5306,0,1
2026-08-23 09:55:11.767292,6264,4296,0,1
2026-08-23 09:55:11.767312,6346,5617,2816,1
2026-08-23 09:55:11.767332,6267,4401,0,1
2026-08-23 09:55:11.767352,6360,5710,2917,1
2026-08-23 09:55:11.767372,6268,4421,10,1
2026-08-23 09:55:11.767392,6378,5749,3281,1
2026-08-23 09:55:11.767412,6248,4383,0,1
2026-08-23 09:55:11.767432,6375,5748,3153,1
2026-08-23 09:55:11.786982,6327,3783,0,1
2026-08-23 09:55:11.787002,6370,5293,2815,1
2026-08-23 09:55:11.787022,6271,4206,0,1
2026-08-23 09:55:11.787042,6369,5573,3195,1
2026-08-23 09:55:11.787062,6253,4346,0,1
2026-08-23 09:55:11.787082,6354,5722,3244,1
2026-08-23 09:55:11.787102,6272,4408,10,1
2026-08-23 09:55:11.787122,6360,5740,3145,1
2026-08-23 09:55:11.787142,6257,4443,0,1
2026-08-23 09:55:11.787162,6352,5742,2831,1
2026-08-23 09:55:11.787182,6271,4457,0,1
2026-08-23 09:55:11.787202,6363,5800,3120,1
2026-08-23 09:55:11.787222,6285,4472,0,1
2026-08-23 09:55:11.806969,6372,5450,2817,1
2026-08-23 09:55:11.806989,6262,4185,0,1
2026-08-23 09:55:11.807009,6363,5548,2913,1
2026-08-23 09:55:11.807029,6276,4321,12,1
2026-08-23 09:55:11.807049,6322,5669,3191,1
2026-08-23 09:55:11.807069,6260,4340,0,1
2026-08-23 09:55:11.807089,6360,5720,3114,1
2026-08-23 09:55:11.807109,6358,4395,4,1
2026-08-23 09:55:11.807129,6366,5759,3036,1
2026-08-23 09:55:11.807149,6262,4425,0,1
2026-08-23 09:55:11.807169,6352,5752,2732,1
2026-08-23 09:55:11.807189,6274,4449,0,1
2026-08-23 09:55:11.807209,6340,5695,2219,1
2026-08-23 09:55:11.826776,6322,3773,0,1
2026-08-23 09:55:11.826796,6358,5320,2886,1
2026-08-23 09:55:11.826816,6267,4235,0,1
2026-08-23 09:55:11.826836,6349,5574,2944,1
2026-08-23 09:55:11.826856,6275,4359,10,1
2026-08-23 09:55:11.826876,6357,5744,3459,1
2026-08-23 09:55:11.826896,6251,4424,0,1
2026-08-23 09:55:11.826916,6364,5755,3120,1
2026-08-23 09:55:11.826936,6254,4482,0,1
2026-08-23 09:55:11.826956,6301,5802,3399,1
2026-08-23 09:55:11.826976,6267,4460,21,1
2026-08-23 09:55:11.826996,6349,5774,2952,1
2026-08-23 09:55:11.827016,6273,4428,0,1
2026-08-23 09:55:11.846668,6383,5486,3129,1
2026-08-23 09:55:11.846688,6271,4204,0,1
2026-08-23 09:55:11.846708,6370,5549,3054,1
2026-08-23 09:55:11.846728,6261,4304,0,1
2026-08-23 09:55:11.846748,6357,5597,2742,1
2026-08-23 09:55:11.846768,6272,4409,0,1
2026-08-23 09:55:11.846788,6352,5695,2758,1
2026-08-23 09:55:11.846808,6275,4390,0,1
2026-08-23 09:55:11.846828,6354,5762,3030,1
2026-08-23 09:55:11.846848,6259,4451,0,1
2026-08-23 09:55:11.846868,6267,5580,0,1
2026-08-23 09:55:11.846888,6273,4414,0,1
2026-08-23 09:55:11.846908,6359,5777,2801,1
2026-08-23 09:55:11.866538,6300,3764,0,1
2026-08-23 09:55:11.866558,6370,5363,3248,1
2026-08-23 09:55:11.866578,6267,4164,8,1
2026-08-23 09:55:11.866598,6362,5559,3124,1
2026-08-23 09:55:11.866618,6268,4326,0,1
2026-08-23 09:55:11.866638,6357,5669,2822,1
2026-08-23 09:55:11.866658,6259,4395,0,1
2026-08-23 09:55:11.866678,6362,5780,3122,1
2026-08-23 09:55:11.866698,6259,4466,0,1
2026-08-23 09:55:11.866718,6357,5812,3263,1
2026-08-23 09:55:11.866738,6255,4449,0,1
2026-08-23 09:55:11.866758,6368,5838,3174,1
2026-08-23 09:55:11.866778,6279,4460,0,1
2026-08-23 09:55:11.886324,6356,5408,2125,1
2026-08-23 09:55:11.886344,6268,4239,0,1
2026-08-23 09:55:11.886364,6366,5565,2991,1
2026-08-23 09:55:11.886384,6264,4338,0,1
2026-08-23 09:55:11.886405,6204,5349,0,1
2026-08-23 09:55:11.886425,6256,4340,0,1
2026-08-23 09:55:11.886445,6359,5674,2781,1
2026-08-23 09:55:11.886465,6257,4425,0,1
2026-08-23 09:55:11.886484,6370,5778,3000,1
2026-08-23 09:55:11.886504,6263,4446,0,1
2026-08-23 09:55:11.886524,6365,5782,3231,1
2026-08-23 09:55:11.886544,6269,4382,0,1
2026-08-23 09:55:11.886564,6371,5785,3184,1
2026-08-23 09:55:11.906106,6318,3812,0,1
2026-08-23 09:55:11.906126,6279,5169,616,1
2026-08-23 09:55:11.906146,6271,4280,0,1
2026-08-23 09:55:11.906166,6355,5676,3193,1
2026-08-23 09:55:11.906186,6252,4346,0,1
2026-08-23 09:55:11.906206,6352,5770,3220,1
2026-08-23 09:55:11.906226,6272,4442,6,1
2026-08-23 09:55:11.906246,6364,5774,3149,1
2026-08-23 09:55:11.906266,6265,4469,0,1
2026-08-23 09:55:11.906286,6355,5820,2822,1
2026-08-23 09:55:11.906306,6256,4471,0,1
2026-08-23 09:55:11.906326,6367,5793,3109,1
2026-08-23 09:55:11.906346,6280,4401,0,1
2026-08-23 09:55:11.926144,6382,5467,2878,1
2026-08-23 09:55:11.926164,6236,4206,0,1
2026-08-23 09:55:11.926184,6353,5527,2859,1
2026-08-23 09:55:11.926204,6260,4312,12,1
2026-08-23 09:55:11.926224,6374,5696,3292,1
2026-08-23 09:55:11.926244,6251,4346,0,1
2026-08-23 09:55:11.926264,6355,5700,3036,1
2026-08-23 09:55:11.926284,6267,4372,0,1
2026-08-23 09:55:11.926304,6356,5708,2869,1
2026-08-23 09:55:11.926324,6276,4419,0,1
2026-08-23 09:55:11.926344,6355,5723,2743,1
2026-08-23 09:55:11.926364,6272,4464,0,1
2026-08-23 09:55:11.926384,6335,5697,1699,1
2026-08-23 09:55:11.945981,6317,3809,0,1
2026-08-23 09:55:11.946001,6370,5360,2970,1
2026-08-23 09:55:11.946021,6267,4201,0,1
2026-08-23 09:55:11.946041,6349,5556,2851,1
2026-08-23 09:55:11.946061,6261,4339,0,1
2026-08-23 09:55:11.946081,6245,5505,0,1
2026-08-23 09:55:11.946101,6246,4398,0,1
2026-08-23 09:55:11.946121,6365,5746,3209,1
2026-08-23 09:55:11.946141,6251,4435,0,1
2026-08-23 09:55:11.946161,6365,5801,3203,1
2026-08-23 09:55:11.946181,6269,4469,4,1
2026-08-23 09:55:11.946201,6370,5778,3169,1
2026-08-23 09:55:11.946221,6271,4441,0,1
2026-08-23 09:55:11.965918,6373,5490,3168,1
2026-08-23 09:55:11.965938,6247,4168,0,1
2026-08-23 09:55:11.965958,6379,5581,3438,1
2026-08-23 09:55:11.965978,6258,4245,0,1
2026-08-23 09:55:11.965998,6363,5586,2811,1
2026-08-23 09:55:11.966018,6247,4328,0,1
2026-08-23 09:55:11.966038,6360,5713,2897,1
2026-08-23 09:55:11.966058,6268,4440,12,1
2026-08-23 09:55:11.966078,6363,5776,3311,1
2026-08-23 09:55:11.966098,6242,4381,0,1
2026-08-23 09:55:11.966118,6356,5743,3033,1
2026-08-23 09:55:11.966138,6271,4425,0,1
2026-08-23 09:55:11.966158,6360,5733,2939,1
2026-08-23 09:55:11.985775,6318,3745,0,1
2026-08-23 09:55:11.985795,6374,5316,3193,1
2026-08-23 09:55:11.985815,6258,4160,0,1
2026-08-23 09:55:11.985835,6373,5614,3275,1
2026-08-23 09:55:11.985855,6269,4320,14,1
2026-08-23 09:55:11.985875,6359,5701,3105,1
2026-08-23 09:55:11.985895,6250,4415,144,1
2026-08-23 09:55:11.985915,6350,5755,2850,1
2026-08-23 09:55:11.985935,6262,4437,0,1
2026-08-23 09:55:11.985955,6357,5816,3126,1
2026-08-23 09:55:11.985975,6264,4461,0,1
2026-08-23 09:55:11.985995,6368,5786,3256,1
2026-08-23 09:55:11.986015,6266,4379,0,1
2026-08-23 09:55:12.005716,6370,5454,2844,1
2026-08-23 09:55:12.005736,6264,4227,6,1
2026-08-23 09:55:12.005756,6255,5603,3343,1
2026-08-23 09:55:12.005776,6241,4245,0,1
2026-08-23 09:55:12.005796,6368,5600,3029,1
2026-08-23 09:55:12.005816,6262,4374,0,1
2026-08-23 09:55:12.005836,6367,5687,3206,1
2026-08-23 09:55:12.005856,6261,4350,0,1
2026-08-23 09:55:12.005876,6357,5698,2760,1
2026-08-23 09:55:12.005896,6259,4434,0,1
2026-08-23 09:55:12.005916,6368,5788,3167,1
2026-08-23 09:55:12.005936,6263,4363,0,1
2026-08-23 09:55:12.005956,6366,5726,3116,1
2026-08-23 09:55:12.025549,6306,3761,0,1
2026-08-23 09:55:12.025569,6361,5306,2991,1
2026-08-23 09:55:12.025589,6272,4187,39,1
2026-08-23 09:55:12.025609,6364,5612,3428,1
2026-08-23 09:55:12.025629,6258,4285,0,1
2026-08-23 09:55:12.025649,6361,5710,3130,1
2026-08-23 09:55:12.025669,6259,4383,0,1
2026-08-23 09:55:12.025689,6367,5774,3398,1
2026-08-23 09:55:12.025709,6265,4418,11,1
2026-08-23 09:55:12.025729,6358,5788,2970,1
2026-08-23 09:55:12.025749,6249,4445,0,1
2026-08-23 09:55:12.025769,6356,5760,2854,1
2026-08-23 09:55:12.025789,6280,4467,0,1
2026-08-23 09:55:12.045571,6356,5456,2611,1
2026-08-23 09:55:12.045591,6268,4188,0,1
2026-08-23 09:55:12.045611,6356,5528,2727,1
2026-08-23 09:55:12.045631,6265,4322,0,1
2026-08-23 09:55:12.045651,6310,5530,1306,1
2026-08-23 09:55:12.045671,6252,4442,0,1
2026-08-23 09:55:12.045691,6363,5764,3044,1
2026-08-23 09:55:12.045711,6242,4444,0,1
2026-08-23 09:55:12.045731,6369,5812,3355,1
2026-08-23 09:55:12.045751,6263,4434,0,1
2026-08-23 09:55:12.045771,6358,5737,2874,1
2026-08-23 09:55:12.045791,6258,4420,0,1
2026-08-23 09:55:12.045811,6364,5759,2946,1
2026-08-23 09:55:12.065424,6322,3778,30,1
2026-08-23 09:55:12.065444,6370,5342,3163,1
2026-08-23 09:55:12.065464,6255,4153,0,1
2026-08-23 09:55:12.065484,6358,5561,2850,1
2026-08-23 09:55:12.065504,6252,4332,0,1
2026-08-23 09:55:12.065524,6368,5695,3044,1
2026-08-23 09:55:12.065544,6268,4410,4,1
2026-08-23 09:55:12.065564,6363,5761,3334,1
2026-08-23 09:55:12.065584,6256,4436,0,1
2026-08-23 09:55:12.065604,6360,5793,3119,1
2026-08-23 09:55:12.065624,6262,4478,0,1
2026-08-23 09:55:12.065644,6316,5676,1614,1
2026-08-23 09:55:12.065664,6289,4459,0,1
2026-08-23 09:55:12.085479,6366,5530,3134,1
2026-08-23 09:55:12.085499,6241,4197,0,1
2026-08-23 09:55:12.085519,6359,5579,3314,1
2026-08-23 09:55:12.085539,6268,4291,0,1
2026-08-23 09:55:12.085559,6354,5670,2853,1
2026-08-23 09:55:12.085579,6263,4338,0,1
2026-08-23 09:55:12.085599,6353,5685,2855,1
2026-08-23 09:55:12.085619,6276,4429,4,1
2026-08-23 09:55:12.085639,6378,5788,3325,1
2026-08-23 09:55:12.085659,6245,4401,0,1
2026-08-23 09:55:12.085679,6361,5743,3042,1
2026-08-23 09:55:12.085699,6270,4403,0,1
2026-08-23 09:55:12.085719,6358,5760,3162,1
2026-08-23 09:55:12.105322,6315,3754,0,1
2026-08-23 09:55:12.105342,6372,5336,3186,1
2026-08-23 09:55:12.105362,6255,4143,0,1
2026-08-23 09:55:12.105382,6362,5613,3276,1
2026-08-23 09:55:12.105402,6272,4319,20,1
2026-08-23 09:55:12.105422,6364,5709,3044,1
2026-08-23 09:55:12.105442,6261,4418,0,1
2026-08-23 09:55:12.105462,6358,5738,2810,1
2026-08-23 09:55:12.105482,6264,4502,0,1
2026-08-23 09:55:12.105502,6365,5797,3233,1
2026-08-23 09:55:12.105522,6246,4438,0,1
2026-08-23 09:55:12.105542,6366,5769,3193,1
2026-08-23 09:55:12.105562,6262,4422,0,1
2026-08-23 09:55:12.125188,6359,5443,2870,1
2026-08-23 09:55:12.125208,6266,4189,4,1
2026-08-23 09:55:12.125228,6364,5565,3282,1
2026-08-23 09:55:12.125248,6244,4278,0,1
2026-08-23 09:55:12.125268,6362,5613,3038,1
2026-08-23 09:55:12.125288,6261,4376,0,1
2026-08-23 09:55:12.125309,6348,5700,2877,1
2026-08-23 09:55:12.125329,6255,4415,0,1
2026-08-23 09:55:12.125348,6344,5739,2739,1
2026-08-23 09:55:12.125368,6260,4460,0,1
2026-08-23 09:55:12.125388,6240,5547,0,1
2026-08-23 09:55:12.125408,6262,4490,0,1
2026-08-23 09:55:12.125428,6368,5847,3102,1
2026-08-23 09:55:12.145004,6309,3797,0,1
2026-08-23 09:55:12.145024,6364,5390,2962,1
2026-08-23 09:55:12.145044,6264,4187,7,1
2026-08-23 09:55:12.145064,6374,5655,3452,1
2026-08-23 09:55:12.145084,6250,4330,0,1
2026-08-23 09:55:12.145104,6364,5694,3113,1
2026-08-23 09:55:12.145124,6249,4437,0,1
2026-08-23 09:55:12.145144,6365,5798,3405,1
2026-08-23 09:55:12.145164,6269,4448,11,1
2026-08-23 09:55:12.145184,6354,5746,2944,1
2026-08-23 09:55:12.145204,6257,4431,0,1
2026-08-23 09:55:12.145224,6364,5773,2842,1
2026-08-23 09:55:12.145244,6277,4455,0,1
2026-08-23 09:55:12.164914,6371,5452,2986,1
2026-08-23 09:55:12.164934,6263,4216,0,1
2026-08-23 09:55:12.164954,6343,5528,2748,1
2026-08-23 09:55:12.164974,6263,4332,0,1
2026-08-23 09:55:12.164994,6261,5482,135,1
2026-08-23 09:55:12.165014,6266,4419,0,1
2026-08-23 09:55:12.165034,6359,5818,3027,1
2026-08-23 09:55:12.165054,6241,4434,0,1
2026-08-23 09:55:12.165074,6364,5797,3401,1
2026-08-23 09:55:12.165094,6256,4444,0,1
2026-08-23 09:55:12.165114,6344,5766,2833,1
2026-08-23 09:55:12.165134,6266,4437,0,1
2026-08-23 09:55:12.165154,6359,5767,3000,1
2026-08-23 09:55:12.184688,6318,3771,0,1
2026-08-23 09:55:12.184708,6364,5337,3203,1
2026-08-23 09:55:12.184728,6253,4146,0,1
2026-08-23 09:55:12.184748,6349,5569,2894,1
2026-08-23 09:55:12.184768,6256,4341,0,1
2026-08-23 09:55:12.184788,6351,5706,2985,1
2026-08-23 09:55:12.184808,6261,4396,10,1
2026-08-23 09:55:12.184828,6366,5799,3393,1
2026-08-23 09:55:12.184848,6236,4427,0,1
2026-08-23 09:55:12.184868,6359,5791,3125,1
2026-08-23 09:55:12.184888,6252,4422,0,1
2026-08-23 09:55:12.184908,6386,5803,3491,1
2026-08-23 09:55:12.184928,6264,4390,0,1
2026-08-23 09:55:12.204718,6374,5461,3172,1
2026-08-23 09:55:12.204738,6246,4125,0,1
2026-08-23 09:55:12.204758,6371,5574,3230,1
2026-08-23 09:55:12.204778,6268,4249,14,1
2026-08-23 09:55:12.204798,6360,5591,2916,1
2026-08-23 09:55:12.204818,6256,4346,0,1
2026-08-23 09:55:12.204838,6345,5659,2809,1
2026-08-23 09:55:12.204858,6268,4395,0,1
2026-08-23 09:55:12.204878,6356,5722,2962,1
2026-08-23 09:55:12.204898,6259,4390,0,1
2026-08-23 09:55:12.204918,6355,5780,3023,1
2026-08-23 09:55:12.204938,6264,4436,0,1
2026-08-23 09:55:12.204958,6316,5678,1698,1
2026-08-23 09:55:12.224509,6315,3808,0,1
2026-08-23 09:55:12.224529,6371,5392,3280,1
2026-08-23 09:55:12.224549,6252,4140,0,1
2026-08-23 09:55:12.224569,6357,5584,3170,1
2026-08-23 09:55:12.224589,6252,4357,0,1
2026-08-23 09:55:12.224609,6360,5746,3295,1
2026-08-23 09:55:12.224629,6262,4364,0,1
2026-08-23 09:55:12.224649,6342,5721,2908,1
2026-08-23 09:55:12.224669,6242,4426,0,1
2026-08-23 09:55:12.224689,6356,5769,2923,1
2026-08-23 09:55:12.224709,6257,4492,5,1
2026-08-23 09:55:12.224729,6352,5771,3050,1
2026-08-23 09:55:12.224749,6270,4436,0,1
2026-08-23 09:55:12.244640,6361,5472,2767,1
2026-08-23 09:55:12.244660,6262,4199,0,1
2026-08-23 09:55:12.244680,6366,5560,3203,1
2026-08-23 09:55:12.244700,6250,4223,0,1
2026-08-23 09:55:12.244720,6357,5597,3104,1
2026-08-23 09:55:12.244740,6233,4335,0,1
2026-08-23 09:55:12.244760,6357,5697,3238,1
2026-08-23 09:55:12.244780,6269,4375,10,1
2026-08-23 09:55:12.244800,6347,5744,2969,1
2026-08-23 09:55:12.244820,6253,4390,0,1
2026-08-23 09:55:12.244840,6355,5735,2800,1
2026-08-23 09:55:12.244860,6270,4427,0,1
2026-08-23 09:55:12.244880,6366,5780,3081,1
2026-08-23 09:55:12.264412,6310,3742,0,1
2026-08-23 09:55:12.264432,6352,5324,2882,1
2026-08-23 09:55:12.264452,6253,4175,0,1
2026-08-23 09:55:12.264472,6356,5573,2984,1
2026-08-23 09:55:12.264493,6262,4346,16,1
2026-08-23 09:55:12.264513,6359,5710,3406,1
2026-08-23 09:55:12.264533,6244,4391,0,1
2026-08-23 09:55:12.264553,6360,5733,3120,1
2026-08-23 09:55:12.264572,6256,4448,0,1
2026-08-23 09:55:12.264592,6367,5799,3435,1
2026-08-23 09:55:12.264612,6266,4414,0,1
2026-08-23 09:55:12.264632,6363,5784,2951,1
2026-08-23 09:55:12.264652,6267,4435,0,1
2026-08-23 09:55:12.284442,6377,5472,3131,1
2026-08-23 09:55:12.284462,6277,4202,0,1
2026-08-23 09:55:12.284482,6349,5554,3047,1
2026-08-23 09:55:12.284502,6258,4252,0,1
2026-08-23 09:55:12.284522,6347,5600,2732,1
2026-08-23 09:55:12.284542,6259,4356,0,1
2026-08-23 09:55:12.284562,6342,5689,2295,1
2026-08-23 09:55:12.284582,6257,4431,0,1
2026-08-23 09:55:12.284602,6350,5751,3044,1
2026-08-23 09:55:12.284622,6237,4418,0,1
2026-08-23 09:55:12.284642,6361,5818,3390,1
2026-08-23 09:55:12.284662,6262,4387,0,1
2026-08-23 09:55:12.284682,6360,5724,2848,1
2026-08-23 09:55:12.304299,6279,3716,0,1
2026-08-23 09:55:12.304319,6360,5350,3212,1
2026-08-23 09:55:12.304339,6265,4168,0,1
2026-08-23 09:55:12.304359,6365,5545,3184,1
2026-08-23 09:55:12.304379,6256,4297,0,1
2026-08-23 09:55:12.304399,6354,5665,2826,1
2026-08-23 09:55:12.304419,6251,4398,0,1
2026-08-23 09:55:12.304439,6345,5756,3026,1
2026-08-23 09:55:12.304459,6264,4472,6,1
2026-08-23 09:55:12.304479,6368,5789,3305,1
2026-08-23 09:55:12.304499,6246,4446,0,1
2026-08-23 09:55:12.304519,6354,5787,3144,1
2026-08-23 09:55:12.304539,6276,4448,0,1
2026-08-23 09:55:12.324245,6233,5236,0,1
2026-08-23 09:55:12.324265,6254,4198,0,1
2026-08-23 09:55:12.324286,6364,5597,3024,1
2026-08-23 09:55:12.324306,6245,4311,0,1
2026-08-23 09:55:12.324326,6380,5685,3383,1
2026-08-23 09:55:12.324346,6264,4318,0,1
2026-08-23 09:55:12.324366,6352,5716,2805,1
2026-08-23 09:55:12.324386,6236,4408,0,1
2026-08-23 09:55:12.324405,6359,5723,2854,1
2026-08-23 09:55:12.324425,6265,4432,70,1
2026-08-23 09:55:12.324445,6368,5803,3308,1
2026-08-23 09:55:12.324466,6253,4392,0,1
2026-08-23 09:55:12.324486,6355,5725,3162,1
2026-08-23 09:55:12.343852,6316,3754,0,1
2026-08-23 09:55:12.343872,6198,4913,0,1
2026-08-23 09:55:12.343892,6255,4121,0,1
2026-08-23 09:55:12.343912,6360,5538,3212,1
2026-08-23 09:55:12.343932,6241,4312,0,1
2026-08-23 09:55:12.343952,6369,5724,3242,1
2026-08-23 09:55:12.343972,6265,4390,0,1
2026-08-23 09:55:12.343992,6374,5785,3186,1
2026-08-23 09:55:12.344012,6257,4418,0,1
2026-08-23 09:55:12.344032,6354,5733,2827,1
2026-08-23 09:55:12.344052,6259,4472,0,1
2026-08-23 09:55:12.344072,6356,5791,3091,1
2026-08-23 09:55:12.344092,6276,4432,0,1
2026-08-23 09:55:12.363887,6367,5469,2923,1
2026-08-23 09:55:12.363907,6256,4209,0,1
2026-08-23 09:55:12.363927,6357,5564,2820,1
2026-08-23 09:55:12.363947,6235,4295,6,1
2026-08-23 09:55:12.363967,6354,5673,3205,1
2026-08-23 09:55:12.363987,6253,4346,0,1
2026-08-23 09:55:12.364007,6354,5694,3020,1
2026-08-23 09:55:12.364027,6251,4415,0,1
2026-08-23 09:55:12.364047,6298,5646,1567,1
2026-08-23 09:55:12.364067,6253,4459,0,1
2026-08-23 09:55:12.364087,6420,5803,2761,1
2026-08-23 09:55:12.364107,6261,4441,0,1
2026-08-23 09:55:12.364127,6363,5821,3184,1
2026-08-23 09:55:12.383663,6315,3697,0,1
2026-08-23 09:55:12.383683,6365,5300,3085,1
2026-08-23 09:55:12.383703,6262,4108,0,1
2026-08-23 09:55:12.383723,6361,5557,2859,1
2026-08-23 09:55:12.383744,6253,4319,0,1
2026-08-23 09:55:12.383764,6349,5714,3144,1
2026-08-23 09:55:12.383784,6256,4376,0,1
2026-08-23 09:55:12.383804,6350,5814,3287,1
2026-08-23 09:55:12.383823,6241,4424,0,1
2026-08-23 09:55:12.383843,6374,5763,3135,1
2026-08-23 09:55:12.383863,6256,4456,0,1
2026-08-23 09:55:12.383883,6300,5680,1303,1
2026-08-23 09:55:12.383904,6276,4477,0,1
2026-08-23 09:55:12.403776,6371,5509,3138,1
2026-08-23 09:55:12.403796,6254,4204,0,1
2026-08-23 09:55:12.403816,6367,5592,3321,1
2026-08-23 09:55:12.403836,6261,4267,0,1
2026-08-23 09:55:12.403857,6357,5652,2878,1
2026-08-23 09:55:12.403877,6247,4349,0,1
2026-08-23 09:55:12.403897,6356,5682,2857,1
2026-08-23 09:55:12.403917,6255,4425,12,1
2026-08-23 09:55:12.403936,6368,5778,3368,1
2026-08-23 09:55:12.403956,6247,4372,0,1
2026-08-23 09:55:12.403976,6351,5738,3032,1
2026-08-23 09:55:12.403996,6270,4400,0,1
2026-08-23 09:55:12.404016,6343,5734,2801,1
2026-08-23 09:55:12.423662,6320,3762,0,1
2026-08-23 09:55:12.423682,6359,5349,3212,1
2026-08-23 09:55:12.423702,6245,4163,0,1
2026-08-23 09:55:12.423723,6354,5599,3252,1
2026-08-23 09:55:12.423743,6267,4305,0,1
2026-08-23 09:55:12.423763,6348,5731,3153,1
2026-08-23 09:55:12.423783,6255,4397,0,1
2026-08-23 09:55:12.423803,6349,5748,2861,1
2026-08-23 09:55:12.423822,6252,4446,0,1
2026-08-23 09:55:12.423842,6344,5811,3082,1
2026-08-23 09:55:12.423862,6252,4454,16,1
2026-08-23 09:55:12.423882,6352,5821,3305,1
2026-08-23 09:55:12.423903,6254,4427,0,1
2026-08-23 09:55:12.443640,6374,5438,2814,1
2026-08-23 09:55:12.443660,6266,4232,1,1
2026-08-23 09:55:12.443680,6361,5597,3380,1
2026-08-23 09:55:12.443700,6237,4237,0,1
2026-08-23 09:55:12.443720,6355,5660,2996,1
2026-08-23 09:55:12.443740,6247,4323,0,1
2026-08-23 09:55:12.443760,6360,5670,2875,1
2026-08-23 09:55:12.443780,6239,4395,0,1
2026-08-23 09:55:12.443800,6354,5733,2765,1
2026-08-23 09:55:12.443820,6241,4448,0,1
2026-08-23 09:55:12.443840,6357,5764,3105,1
2026-08-23 09:55:12.443860,6258,4414,0,1
2026-08-23 09:55:12.443880,6361,5765,3149,1
2026-08-23 09:55:12.463603,6290,3749,0,1
2026-08-23 09:55:12.463623,6357,5321,2912,1
2026-08-23 09:55:12.463643,6259,4176,19,1
2026-08-23 09:55:12.463663,6371,5604,3494,1
2026-08-23 09:55:12.463683,6257,4295,0,1
2026-08-23 09:55:12.463703,6354,5706,3146,1
2026-08-23 09:55:12.463723,6250,4385,0,1
2026-08-23 09:55:12.463743,6359,5747,3323,1
2026-08-23 09:55:12.463763,6255,4407,3,1
2026-08-23 09:55:12.463783,6363,5790,3032,1
2026-08-23 09:55:12.463803,6247,4454,0,1
2026-08-23 09:55:12.463823,6340,5778,2834,1
2026-08-23 09:55:12.463843,6274,4411,0,1
2026-08-23 09:55:12.483593,6305,5355,1318,1
2026-08-23 09:55:12.483613,6260,4259,0,1
2026-08-23 09:55:12.483633,6338,5577,2720,1
2026-08-23 09:55:12.483653,6254,4345,0,1
2026-08-23 09:55:12.483673,6350,5689,3175,1
2026-08-23 09:55:12.483693,6254,4301,0,1
2026-08-23 09:55:12.483713,6354,5677,3098,1
2026-08-23 09:55:12.483733,6242,4383,0,1
2026-08-23 09:55:12.483753,6354,5767,3243,1
2026-08-23 09:55:12.483773,6254,4393,8,1
2026-08-23 09:55:12.483793,6351,5727,2942,1
2026-08-23 09:55:12.483813,6258,4425,0,1
2026-08-23 09:55:12.483833,6354,5760,2867,1
2026-08-23 09:55:12.503348,6291,3727,0,1
2026-08-23 09:55:12.503368,6353,5296,3214,1
2026-08-23 09:55:12.503388,6247,4120,0,1
2026-08-23 09:55:12.503408,6301,5540,2843,1
2026-08-23 09:55:12.503428,6229,4335,0,1
2026-08-23 09:55:12.503448,6353,5680,2994,1
2026-08-23 09:55:12.503468,6252,4377,13,1
2026-08-23 09:55:12.503488,6353,5797,3378,1
2026-08-23 09:55:12.503508,6249,4413,0,1
2026-08-23 09:55:12.503528,6352,5764,3136,1
2026-08-23 09:55:12.503548,6251,4426,0,1
2026-08-23 09:55:12.503568,6213,5487,0,1
2026-08-23 09:55:12.503588,6276,4490,0,1
2026-08-23 09:55:12.523286,6372,5511,3177,1
2026-08-23 09:55:12.523306,6237,4195,0,1
2026-08-23 09:55:12.523326,6366,5608,3210,1
2026-08-23 09:55:12.523346,6260,4293,16,1
2026-08-23 09:55:12.523366,6353,5615,2936,1
2026-08-23 09:55:12.523386,6243,4364,0,1
2026-08-23 09:55:12.523407,6346,5720,2781,1
2026-08-23 09:55:12.523427,6256,4447,0,1
2026-08-23 09:55:12.523446,6272,5757,3265,1
2026-08-23 09:55:12.523466,6236,4410,0,1
2026-08-23 09:55:12.523486,6351,5770,2916,1
2026-08-23 09:55:12.523506,6253,4405,0,1
2026-08-23 09:55:12.523526,6338,5691,2318,1
2026-08-23 09:55:12.543179,6312,3772,0,1
2026-08-23 09:55:12.543199,6366,5318,3275,1
2026-08-23 09:55:12.543219,6253,4137,0,1
2026-08-23 09:55:12.543239,6351,5600,3167,1
2026-08-23 09:55:12.543259,6260,4353,0,1
2026-08-23 09:55:12.543279,6315,5614,1793,1
2026-08-23 09:55:12.543299,6256,4457,0,1
2026-08-23 09:55:12.543319,6344,5780,2850,1
2026-08-23 09:55:12.543339,6253,4451,0,1
2026-08-23 09:55:12.543359,6341,5802,2952,1
2026-08-23 09:55:12.543379,6259,4464,14,1
2026-08-23 09:55:12.543399,6369,5819,3413,1
2026-08-23 09:55:12.543419,6257,4396,0,1
2026-08-23 09:55:12.562915,6348,5487,2820,1
2026-08-23 09:55:12.562935,6255,4193,0,1
2026-08-23 09:55:12.562955,6228,5323,0,1
2026-08-23 09:55:12.562975,6250,4327,0,1
2026-08-23 09:55:12.562995,6345,5701,3019,1
2026-08-23 09:55:12.563015,6245,4360,0,1
2026-08-23 09:55:12.563035,6360,5780,3371,1
2026-08-23 09:55:12.563056,6262,4364,0,1
2026-08-23 09:55:12.563075,6335,5751,2812,1
2026-08-23 09:55:12.563095,6242,4430,0,1
2026-08-23 09:55:12.563115,6354,5753,2882,1
2026-08-23 09:55:12.563135,6262,4424,3,1
2026-08-23 09:55:12.563155,6367,5793,3289,1
2026-08-23 09:55:12.582750,6304,3754,0,1
2026-08-23 09:55:12.582770,6357,5274,2844,1
2026-08-23 09:55:12.582790,6264,4183,0,1
2026-08-23 09:55:12.582810,6364,5606,3130,1
2026-08-23 09:55:12.582830,6264,4292,0,1
2026-08-23 09:55:12.582850,6355,5681,3243,1
2026-08-23 09:55:12.582870,6251,4368,0,1
2026-08-23 09:55:12.582890,6358,5746,3139,1
2026-08-23 09:55:12.582910,6254,4514,0,1
2026-08-23 09:55:12.582930,6331,5731,2232,1
2026-08-23 09:55:12.582950,6256,4447,0,1
2026-08-23 09:55:12.582970,6352,5797,2830,1
2026-08-23 09:55:12.582990,6267,4472,0,1
2026-08-23 09:55:12.602706,6373,5503,3351,1
2026-08-23 09:55:12.602726,6262,4189,2,1
2026-08-23 09:55:12.602746,6348,5527,2838,1
2026-08-23 09:55:12.602766,6243,4302,0,1
2026-08-23 09:55:12.602786,6349,5662,2864,1
2026-08-23 09:55:12.602806,6254,4389,16,1
2026-08-23 09:55:12.602826,6348,5753,3282,1
2026-08-23 09:55:12.602846,6234,4392,0,1
2026-08-23 09:55:12.602866,6352,5741,3016,1
2026-08-23 09:55:12.602886,6216,4409,0,1
2026-08-23 09:55:12.602906,6338,5729,2867,1
2026-08-23 09:55:12.602926,6256,4419,0,1
2026-08-23 09:55:12.602946,6339,5724,2780,1
2026-08-23 09:55:12.622267,6292,3759,0,1
2026-08-23 09:55:12.622287,6218,5028,0,1
2026-08-23 09:55:12.622307,6262,4210,0,1
2026-08-23 09:55:12.622327,6358,5607,2954,1
2026-08-23 09:55:12.622347,6253,4329,0,1
2026-08-23 09:55:12.622367,6347,5728,2876,1
2026-08-23 09:55:12.622387,6266,4429,0,1
2026-08-23 09:55:12.622407,6254,5540,84,1
2026-08-23 09:55:12.622427,6257,4526,0,1
2026-08-23 09:55:12.622447,6350,5851,3173,1
2026-08-23 09:55:12.622467,6240,4490,0,1
2026-08-23 09:55:12.622487,6358,5865,3286,1
2026-08-23 09:55:12.622507,6272,4499,17,1
2026-08-23 09:55:12.640175,6364,5532,3244,1
2026-08-23 09:55:12.640195,6254,4200,0,1
2026-08-23 09:55:12.640215,6344,5565,3032,1
2026-08-23 09:55:12.640235,6251,4282,0,1
2026-08-23 09:55:12.640255,6340,5716,3263,1
2026-08-23 09:55:12.640275,6247,4290,0,1
2026-08-23 09:55:12.640296,6354,5683,2768,1
2026-08-23 09:55:12.640315,6247,4392,0,1
2026-08-23 09:55:12.640335,6352,5762,3046,1
2026-08-23 09:55:12.640355,6243,4311,0,1
2026-08-23 09:55:12.640375,6358,5732,3175,1
2026-08-23 09:55:12.640395,6256,4389,0,1
2026-08-23 09:55:12.657338,6367,5431,2802,1
2026-08-23 09:55:12.657358,6267,4212,9,1
2026-08-23 09:55:12.657378,6351,5570,3325,1
2026-08-23 09:55:12.657398,6247,4216,0,1
2026-08-23 09:55:12.657418,6339,5595,3013,1
2026-08-23 09:55:12.657438,6243,4333,0,1
2026-08-23 09:55:12.657458,6346,5676,3191,1
2026-08-23 09:55:12.657478,6237,4382,0,1
2026-08-23 09:55:12.657498,6333,5725,2748,1
2026-08-23 09:55:12.657518,6240,4438,0,1
2026-08-23 09:55:12.657538,6197,5385,0,1
2026-08-23 09:55:12.657558,6258,4306,0,1
2026-08-23 09:55:12.673660,6351,5462,2925,1
2026-08-23 09:55:12.673680,6236,4213,0,1
2026-08-23 09:55:12.673700,6344,5549,2771,1
2026-08-23 09:55:12.673720,6247,4345,0,1
2026-08-23 09:55:12.673740,6358,5668,3295,1
2026-08-23 09:55:12.673760,6242,4310,0,1
2026-08-23 09:55:12.673780,6349,5708,3010,1
2026-08-23 09:55:12.673800,6241,4407,0,1
2026-08-23 09:55:12.673820,6281,5568,1315,1
2026-08-23 09:55:12.673840,6269,4452,0,1
2026-08-23 09:55:12.673860,6344,5758,2782,1
2026-08-23 09:55:12.689840,6294,3907,0,1
2026-08-23 09:55:12.689860,6361,5460,3145,1
2026-08-23 09:55:12.689880,6240,4228,0,1
2026-08-23 09:55:12.689900,6197,5322,0,1
2026-08-23 09:55:12.689920,6251,4372,0,1
2026-08-23 09:55:12.689940,6336,5738,2838,1
2026-08-23 09:55:12.689960,6257,4440,0,1
2026-08-23 09:55:12.689980,6346,5787,2926,1
2026-08-23 09:55:12.690000,6230,4447,9,1
2026-08-23 09:55:12.690020,6355,5820,3395,1
2026-08-23 09:55:12.690040,6252,4406,0,1
2026-08-23 09:55:12.706687,6354,5545,2924,1
2026-08-23 09:55:12.706707,6250,4222,0,1
2026-08-23 09:55:12.706727,6336,5566,2859,1
2026-08-23 09:55:12.706747,6303,4346,11,1
2026-08-23 09:55:12.706767,6357,5680,3215,1
2026-08-23 09:55:12.706787,6227,4337,0,1
2026-08-23 09:55:12.706807,6360,5730,3035,1
2026-08-23 09:55:12.706827,6244,4423,0,1
2026-08-23 09:55:12.706847,6216,5499,0,1
2026-08-23 09:55:12.706867,6254,4498,0,1
2026-08-23 09:55:12.706887,6345,5765,2792,1
2026-08-23 09:55:12.728034,6288,3968,0,1
2026-08-23 09:55:12.728055,6342,5389,3128,1
2026-08-23 09:55:12.728075,6249,4256,0,1
2026-08-23 09:55:12.728095,6352,5698,3473,1
2026-08-23 09:55:12.728115,6253,4325,6,1
2026-08-23 09:55:12.728135,6342,5710,2917,1
2026-08-23 09:55:12.728155,6258,4415,0,1
2026-08-23 09:55:12.728175,6349,5773,2861,1
2026-08-23 09:55:12.728195,6242,4448,0,1
2026-08-23 09:55:12.728215,6306,5699,2033,1
2026-08-23 09:55:12.728235,6260,4491,0,1
2026-08-23 09:55:12.728255,6363,5850,3116,1
2026-08-23 09:55:12.728275,6248,4453,0,1
2026-08-23 09:55:12.728295,6364,5836,3477,1
2026-08-23 09:55:12.747789,6309,3712,0,1
2026-08-23 09:55:12.747809,6365,5314,3409,1
2026-08-23 09:55:12.747829,6238,4136,0,1
2026-08-23 09:55:12.747849,6351,5539,3196,1
2026-08-23 09:55:12.747869,6244,4329,0,1
2026-08-23 09:55:12.747890,6345,5752,3368,1
2026-08-23 09:55:12.747910,6250,4422,6,1
2026-08-23 09:55:12.747930,6395,5731,3093,1
2026-08-23 09:55:12.747949,6253,4428,0,1
2026-08-23 09:55:12.747969,6340,5747,2864,1
2026-08-23 09:55:12.747989,6244,4477,0,1
2026-08-23 09:55:12.748009,6353,5818,3387,1
2026-08-23 09:55:12.748029,6270,4405,0,1
2026-08-23 09:55:12.767910,6349,5457,2864,1
2026-08-23 09:55:12.767930,6250,4210,0,1
2026-08-23 09:55:12.767950,6344,5529,2896,1
2026-08-23 09:55:12.767970,6249,4299,8,1
2026-08-23 09:55:12.767990,6351,5648,3287,1
2026-08-23 09:55:12.768010,6239,4300,0,1
2026-08-23 09:55:12.768030,6352,5680,3057,1
2026-08-23 09:55:12.768050,6246,4435,0,1
2026-08-23 09:55:12.768070,6335,5768,3199,1
2026-08-23 09:55:12.768090,6243,4379,0,1
2026-08-23 09:55:12.768110,6339,5766,2774,1
2026-08-23 09:55:12.768130,6245,4442,0,1
2026-08-23 09:55:12.768150,6354,5771,3234,1
2026-08-23 09:55:12.787657,6308,3730,10,1
2026-08-23 09:55:12.787677,6353,5281,3004,1
2026-08-23 09:55:12.787697,6245,4148,0,1
2026-08-23 09:55:12.787717,6333,5535,2854,1
2026-08-23 09:55:12.787737,6237,4309,0,1
2026-08-23 09:55:12.787757,6356,5697,3219,1
2026-08-23 09:55:12.787777,6255,4393,0,1
2026-08-23 09:55:12.787797,6355,5719,3241,1
2026-08-23 09:55:12.787817,6250,4418,0,1
2026-08-23 09:55:12.787837,6355,5773,3161,1
2026-08-23 09:55:12.787857,6244,4462,0,1
2026-08-23 09:55:12.787877,6352,5797,3264,1
2026-08-23 09:55:12.787897,6261,4373,0,1
2026-08-23 09:55:12.807697,6368,5441,3137,1
2026-08-23 09:55:12.807717,6228,4183,0,1
2026-08-23 09:55:12.807737,6350,5553,3330,1
2026-08-23 09:55:12.807757,6246,4277,0,1
2026-08-23 09:55:12.807777,6339,5617,2853,1
2026-08-23 09:55:12.807797,6252,4357,0,1
2026-08-23 09:55:12.807817,6339,5678,2864,1
2026-08-23 09:55:12.807837,6255,4351,17,1
2026-08-23 09:55:12.807857,6352,5740,3346,1
2026-08-23 09:55:12.807877,6241,4396,0,1
2026-08-23 09:55:12.807897,6336,5741,3047,1
2026-08-23 09:55:12.807917,6244,4403,0,1
2026-08-23 09:55:12.807937,6351,5785,3314,1
2026-08-23 09:55:12.827532,6305,3752,0,1
2026-08-23 09:55:12.827552,6354,5330,3220,1
2026-08-23 09:55:12.827572,6252,4124,0,1
2026-08-23 09:55:12.827592,6359,5586,3202,1
2026-08-23 09:55:12.827612,6247,4313,0,1
2026-08-23 09:55:12.827632,6353,5683,3179,1
2026-08-23 09:55:12.827652,6235,4363,0,1
2026-08-23 09:55:12.827672,6347,5737,2834,1
2026-08-23 09:55:12.827692,6246,4421,0,1
2026-08-23 09:55:12.827712,6350,5774,2918,1
2026-08-23 09:55:12.827732,6247,4451,4,1
2026-08-23 09:55:12.827752,6352,5820,3311,1
2026-08-23 09:55:12.827772,6250,4421,0,1
2026-08-23 09:55:12.847522,6378,5424,2805,1
2026-08-23 09:55:12.847542,6242,4244,0,1
2026-08-23 09:55:12.847562,6331,5500,2490,1
2026-08-23 09:55:12.847582,6365,4288,0,1
2026-08-23 09:55:12.847602,6345,5683,3016,1
2026-08-23 09:55:12.847622,6231,4375,0,1
2026-08-23 09:55:12.847642,6354,5746,3376,1
2026-08-23 09:55:12.847662,6239,4347,0,1
2026-08-23 09:55:12.847682,6344,5715,2795,1
2026-08-23 09:55:12.847702,6233,4412,0,1
2026-08-23 09:55:12.847722,6334,5756,2979,1
2026-08-23 09:55:12.847742,6258,4416,3,1
2026-08-23 09:55:12.847762,6360,5768,3224,1
2026-08-23 09:55:12.867462,6298,3754,0,1
2026-08-23 09:55:12.867482,6353,5268,2868,1
2026-08-23 09:55:12.867502,6248,4160,0,1
2026-08-23 09:55:12.867522,6347,5568,3264,1
2026-08-23 09:55:12.867543,6244,4306,0,1
2026-08-23 09:55:12.867563,6343,5687,3213,1
2026-08-23 09:55:12.867583,6251,4367,0,1
2026-08-23 09:55:12.867603,6349,5757,3173,1
2026-08-23 09:55:12.867622,6260,4420,0,1
2026-08-23 09:55:12.867642,6339,5748,3205,1
2026-08-23 09:55:12.867662,6236,4438,0,1
2026-08-23 09:55:12.867682,6346,5765,2831,1
2026-08-23 09:55:12.867702,6262,4404,0,1
2026-08-23 09:55:12.887507,6367,5499,3407,1
2026-08-23 09:55:12.887527,6264,4177,0,1
2026-08-23 09:55:12.887547,6339,5496,2812,1
2026-08-23 09:55:12.887567,6230,4257,0,1
2026-08-23 09:55:12.887587,6344,5659,2892,1
2026-08-23 09:55:12.887607,6250,4346,0,1
2026-08-23 09:55:12.887627,6352,5743,3271,1
2026-08-23 09:55:12.887647,6220,4382,0,1
2026-08-23 09:55:12.887667,6348,5713,3103,1
2026-08-23 09:55:12.887687,6239,4446,0,1
2026-08-23 09:55:12.887707,6342,5784,3130,1
2026-08-23 09:55:12.887727,6250,4393,0,1
2026-08-23 09:55:12.887747,6337,5743,2770,1
2026-08-23 09:55:12.907354,6293,3752,0,1
2026-08-23 09:55:12.907374,6309,5212,1654,1
2026-08-23 09:55:12.907394,6252,4217,0,1
2026-08-23 09:55:12.907414,6346,5569,2889,1
2026-08-23 09:55:12.907434,6242,4339,0,1
2026-08-23 09:55:12.907454,6352,5728,2883,1
2026-08-23 09:55:12.907474,6242,4441,0,1
2026-08-23 09:55:12.907494,6292,5641,1311,1
2026-08-23 09:55:12.907514,6265,4508,0,1
2026-08-23 09:55:12.907534,6352,5827,3173,1
2026-08-23 09:55:12.907554,6235,4487,0,1
2026-08-23 09:55:12.907574,6349,5820,3293,1
2026-08-23 09:55:12.907594,6268,4462,0,1
2026-08-23 09:55:12.927309,6364,5498,3259,1
2026-08-23 09:55:12.927329,6238,4170,0,1
2026-08-23 09:55:12.927349,6345,5578,3095,1
2026-08-23 09:55:12.927369,6237,4342,0,1
2026-08-23 09:55:12.927389,6331,5647,3120,1
2026-08-23 09:55:12.927409,6238,4297,0,1
2026-08-23 09:55:12.927429,6330,5667,2758,1
2026-08-23 09:55:12.927449,6246,4423,0,1
2026-08-23 09:55:12.927469,6354,5772,1195,1
2026-08-23 09:55:12.927489,6183,4351,0,1
2026-08-23 09:55:12.927509,6332,5694,3086,1
2026-08-23 09:55:12.927529,6240,4349,0,1
2026-08-23 09:55:12.927549,6360,5730,3411,1
2026-08-23 09:55:12.947026,6306,3721,0,1
2026-08-23 09:55:12.947046,6368,5282,3383,1
2026-08-23 09:55:12.947066,6254,4107,0,1
2026-08-23 09:55:12.947086,6343,5558,3144,1
2026-08-23 09:55:12.947106,6227,4316,0,1
2026-08-23 09:55:12.947126,6355,5733,3441,1
2026-08-23 09:55:12.947146,6242,4343,0,1
2026-08-23 09:55:12.947166,6338,5730,2974,1
2026-08-23 09:55:12.947186,6234,4425,0,1
2026-08-23 09:55:12.947206,6333,5753,2834,1
2026-08-23 09:55:12.947226,6244,4438,0,1
2026-08-23 09:55:12.947246,6208,5506,0,1
2026-08-23 09:55:12.947266,6265,4474,0,1
2026-08-23 09:55:12.967012,6353,5501,2793,1
2026-08-23 09:55:12.967032,6245,4220,0,1
2026-08-23 09:55:12.967052,6345,5600,3018,1
2026-08-23 09:55:12.967072,6254,4274,0,1
2026-08-23 09:55:12.967093,6349,5612,3162,1
2026-08-23 09:55:12.967113,6240,4308,0,1
2026-08-23 09:55:12.967133,6350,5728,3141,1
2026-08-23 09:55:12.967153,6248,4405,4,1
2026-08-23 09:55:12.967172,6340,5722,3033,1
2026-08-23 09:55:12.967192,6230,4413,0,1
2026-08-23 09:55:12.967212,6340,5726,2775,1
2026-08-23 09:55:12.967232,6257,4412,0,1
2026-08-23 09:55:12.967252,6316,5682,1932,1
2026-08-23 09:55:12.986912,6298,3824,0,1
2026-08-23 09:55:12.986932,6356,5292,2925,1
2026-08-23 09:55:12.986952,6245,4163,0,1
2026-08-23 09:55:12.986972,6340,5586,2902,1
2026-08-23 09:55:12.986992,6251,4351,3,1
2026-08-23 09:55:12.987012,6347,5713,3200,1
2026-08-23 09:55:12.987032,6241,4417,0,1
2026-08-23 09:55:12.987052,6350,5774,3160,1
2026-08-23 09:55:12.987072,6228,4415,0,1
2026-08-23 09:55:12.987092,6345,5815,3290,1
2026-08-23 09:55:12.987112,6246,4443,13,1
2026-08-23 09:55:12.987132,6344,5772,2997,1
2026-08-23 09:55:12.987152,6261,4380,0,1
2026-08-23 09:55:13.006976,6354,5441,3098,1
2026-08-23 09:55:13.006996,6243,4213,0,1
2026-08-23 09:55:13.007016,6314,5498,1961,1
2026-08-23 09:55:13.007036,6248,4288,0,1
2026-08-23 09:55:13.007056,6344,5668,2742,1
2026-08-23 09:55:13.007076,6234,4396,0,1
2026-08-23 09:55:13.007096,6335,5754,3313,1
2026-08-23 09:55:13.007116,6239,4380,0,1
2026-08-23 09:55:13.007136,6349,5712,3144,1
2026-08-23 09:55:13.007156,6234,4361,0,1
2026-08-23 09:55:13.007176,6343,5775,3180,1
2026-08-23 09:55:13.007196,6260,4431,5,1
2026-08-23 09:55:13.007216,6345,5739,2967,1
2026-08-23 09:55:13.026761,6299,3739,0,1
2026-08-23 09:55:13.026781,6358,5332,3149,1
2026-08-23 09:55:13.026801,6238,4146,0,1
2026-08-23 09:55:13.026821,6355,5614,3478,1
2026-08-23 09:55:13.026841,6250,4312,0,1
2026-08-23 09:55:13.026861,6332,5650,2888,1
2026-08-23 09:55:13.026881,6253,4415,0,1
2026-08-23 09:55:13.026901,6343,5719,2871,1
2026-08-23 09:55:13.026921,6240,4441,0,1
2026-08-23 09:55:13.026941,6343,5795,3034,1
2026-08-23 09:55:13.026961,6241,4446,0,1
2026-08-23 09:55:13.026981,6345,5782,3147,1
2026-08-23 09:55:13.027001,6251,4458,0,1
2026-08-23 09:55:13.046770,6372,5476,2986,1
2026-08-23 09:55:13.046790,6256,4172,0,1
2026-08-23 09:55:13.046810,6340,5532,3167,1
2026-08-23 09:55:13.046830,6223,4270,0,1
2026-08-23 09:55:13.046850,6345,5612,3116,1
2026-08-23 09:55:13.046870,6250,4335,9,1
2026-08-23 09:55:13.046890,6340,5676,2982,1
2026-08-23 09:55:13.046910,6244,4304,0,1
2026-08-23 09:55:13.046930,6335,5722,2779,1
2026-08-23 09:55:13.046950,6247,4450,0,1
2026-08-23 09:55:13.046970,6342,5734,2922,1
2026-08-23 09:55:13.046990,6251,4419,0,1
2026-08-23 09:55:13.047010,6350,5740,3055,1
2026-08-23 09:55:13.066687,6294,3751,0,1
2026-08-23 09:55:13.066707,6365,5330,3170,1
2026-08-23 09:55:13.066727,6237,4127,0,1
2026-08-23 09:55:13.066747,6347,5549,3261,1
2026-08-23 09:55:13.066767,6236,4340,0,1
2026-08-23 09:55:13.066787,6341,5716,3109,1
2026-08-23 09:55:13.066807,6337,4395,0,1
2026-08-23 09:55:13.066827,6289,5699,1555,1
2026-08-23 09:55:13.066847,6257,4506,0,1
2026-08-23 09:55:13.066867,6331,5791,2848,1
2026-08-23 09:55:13.066887,6242,4472,0,1
2026-08-23 09:55:13.066907,6341,5874,2996,1
2026-08-23 09:55:13.066927,6278,4450,37,1
2026-08-23 09:55:13.086531,6351,5502,2886,1
2026-08-23 09:55:13.086551,6241,4229,0,1
2026-08-23 09:55:13.086571,6331,5568,2823,1
2026-08-23 09:55:13.086591,6256,4343,7,1
2026-08-23 09:55:13.086611,6345,5674,3337,1
2026-08-23 09:55:13.086631,6235,4351,0,1
2026-08-23 09:55:13.086651,6356,5692,3022,1
2026-08-23 09:55:13.086671,6245,4430,0,1
2026-08-23 09:55:13.086691,6338,5692,2580,1
2026-08-23 09:55:13.086711,6234,4445,0,1
2026-08-23 09:55:13.086731,6340,5731,2746,1
2026-08-23 09:55:13.086751,6250,4465,0,1
2026-08-23 09:55:13.086771,6267,5612,439,1
2026-08-23 09:55:13.103921,6300,3792,1,1
2026-08-23 09:55:13.103941,6345,5375,2983,1
2026-08-23 09:55:13.103961,6233,4176,0,1
2026-08-23 09:55:13.103981,6328,5568,2866,1
2026-08-23 09:55:13.104001,6247,4347,0,1
2026-08-23 09:55:13.104021,6345,5728,3237,1
2026-08-23 09:55:13.104041,6231,4389,0,1
2026-08-23 09:55:13.104061,6345,5742,3229,1
2026-08-23 09:55:13.104081,6236,4429,0,1
2026-08-23 09:55:13.104101,6347,5782,3187,1
2026-08-23 09:55:13.104121,6248,4416,0,1
2026-08-23 09:55:13.104141,6350,5750,3083,1
2026-08-23 09:55:13.120997,6300,3958,9,1
2026-08-23 09:55:13.121017,6272,5482,3218,1
2026-08-23 09:55:13.121037,6254,4226,0,1
2026-08-23 09:55:13.121057,6345,5678,3237,1
2026-08-23 09:55:13.121077,6240,4322,0,1
2026-08-23 09:55:13.121097,6354,5722,3242,1
2026-08-23 09:55:13.121117,6188,4409,0,1
2026-08-23 09:55:13.121137,6336,5764,3487,1
2026-08-23 09:55:13.121157,6237,4437,0,1
2026-08-23 09:55:13.121177,6351,5774,2896,1
2026-08-23 09:55:13.121197,6257,4412,0,1
2026-08-23 09:55:13.121217,6347,5798,3005,1
2026-08-23 09:55:13.138460,6284,3938,0,1
2026-08-23 09:55:13.138480,6340,5456,3213,1
2026-08-23 09:55:13.138500,6244,4278,0,1
2026-08-23 09:55:13.138520,6288,5527,1292,1
2026-08-23 09:55:13.138540,6255,4453,0,1
2026-08-23 09:55:13.138560,6344,5767,2926,1
2026-08-23 09:55:13.138580,6251,4485,0,1
2026-08-23 09:55:13.138600,6345,5786,2909,1
2026-08-23 09:55:13.138620,6247,4503,0,1
2026-08-23 09:55:13.138640,6266,5750,2793,1
2026-08-23 09:55:13.138660,6225,4479,0,1
2026-08-23 09:55:13.138680,6343,5816,3205,1
2026-08-23 09:55:13.155415,6307,4009,0,1
2026-08-23 09:55:13.155435,6352,5449,2967,1
2026-08-23 09:55:13.155455,6235,4306,0,1
2026-08-23 09:55:13.155475,6335,5646,2909,1
2026-08-23 09:55:13.155495,6246,4420,0,1
2026-08-23 09:55:13.155515,6338,5763,2805,1
2026-08-23 09:55:13.155535,6245,4404,0,1
2026-08-23 09:55:13.155555,6351,5748,3227,1
2026-08-23 09:55:13.155575,6241,4432,0,1
2026-08-23 09:55:13.155595,6333,5769,3188,1
2026-08-23 09:55:13.155615,6247,4447,0,1
2026-08-23 09:55:13.155635,6342,5792,2977,1
2026-08-23 09:55:13.173057,6308,3918,0,1
2026-08-23 09:55:13.173077,6339,5370,2810,1
2026-08-23 09:55:13.173097,6257,4218,0,1
2026-08-23 09:55:13.173117,6346,5676,3282,1
2026-08-23 09:55:13.173137,6231,4339,0,1
2026-08-23 09:55:13.173157,6347,5764,3216,1
2026-08-23 09:55:13.173177,6239,4448,0,1
2026-08-23 09:55:13.173197,6286,5672,1302,1
2026-08-23 09:55:13.173217,6260,4504,0,1
2026-08-23 09:55:13.173237,6338,5815,2972,1
2026-08-23 09:55:13.173257,6259,4477,0,1
2026-08-23 09:55:13.173277,6342,5775,2946,1
2026-08-23 09:55:13.190725,6284,4017,0,1
2026-08-23 09:55:13.190745,6353,5481,3180,1
2026-08-23 09:55:13.190765,6239,4296,0,1
2026-08-23 09:55:13.190785,6354,5723,3499,1
2026-08-23 09:55:13.190805,6051,4335,0,1
2026-08-23 09:55:13.190825,6330,5721,2959,1
2026-08-23 09:55:13.190845,6257,4415,0,1
2026-08-23 09:55:13.190865,6360,5740,2864,1
2026-08-23 09:55:13.190885,6248,4492,0,1
2026-08-23 09:55:13.190905,6223,5573,0,1
2026-08-23 09:55:13.190925,6252,4560,0,1
2026-08-23 09:55:13.190945,6346,5847,3222,1
2026-08-23 09:55:13.210510,6299,3956,0,1
2026-08-23 09:55:13.210530,6348,5456,2947,1
2026-08-23 09:55:13.210550,6245,4251,0,1
2026-08-23 09:55:13.210570,6331,5664,2929,1
2026-08-23 09:55:13.210590,6251,4414,0,1
2026-08-23 09:55:13.210610,6281,5570,1223,1
2026-08-23 09:55:13.210630,6255,4521,0,1
2026-08-23 09:55:13.210650,6340,5829,3213,1
2026-08-23 09:55:13.210670,6231,4469,0,1
2026-08-23 09:55:13.210690,6337,5827,3210,1
2026-08-23 09:55:13.210710,6251,4488,7,1
2026-08-23 09:55:13.210730,6353,5826,3170,1
2026-08-23 09:55:13.210750,6259,4452,0,1
2026-08-23 09:55:13.228564,6345,5516,3125,1
2026-08-23 09:55:13.228584,6234,4192,0,1
2026-08-23 09:55:13.228604,6347,5584,3401,1
2026-08-23 09:55:13.228624,6235,4255,0,1
2026-08-23 09:55:13.228644,6337,5585,2843,1
2026-08-23 09:55:13.228664,6237,4348,0,1
2026-08-23 09:55:13.228684,6338,5702,2876,1
2026-08-23 09:55:13.228704,6247,4424,15,1
2026-08-23 09:55:13.228724,6343,5769,3340,1
2026-08-23 09:55:13.228744,6233,4409,0,1
2026-08-23 09:55:13.228764,6344,5760,3085,1
2026-08-23 09:55:13.228784,6253,4392,0,1
2026-08-23 09:55:13.248642,6311,5393,1812,1
2026-08-23 09:55:13.248662,6251,4232,0,1
2026-08-23 09:55:13.248682,6338,5608,2982,1
2026-08-23 09:55:13.248702,6231,4299,0,1
2026-08-23 09:55:13.248722,6275,5527,1090,1
2026-08-23 09:55:13.248742,6255,4408,0,1
2026-08-23 09:55:13.248762,6352,5762,2773,1
2026-08-23 09:55:13.248782,6238,4431,0,1
2026-08-23 09:55:13.248802,6343,5757,3019,1
2026-08-23 09:55:13.248822,6243,4449,0,1
2026-08-23 09:55:13.248842,6336,5780,3159,1
2026-08-23 09:55:13.248862,6226,4383,0,1
2026-08-23 09:55:13.248882,6350,5762,3296,1
2026-08-23 09:55:13.268530,6301,3736,6,1
2026-08-23 09:55:13.268550,6354,5341,3331,1
2026-08-23 09:55:13.268570,6234,4106,0,1
2026-08-23 09:55:13.268590,6442,5536,3127,1
2026-08-23 09:55:13.268610,6247,4301,0,1
2026-08-23 09:55:13.268631,6250,5508,305,1
2026-08-23 09:55:13.268651,6251,4455,0,1
2026-08-23 09:55:13.268671,6328,5816,2895,1
2026-08-23 09:55:13.268690,6247,4468,0,1
2026-08-23 09:55:13.268710,6335,5798,2871,1
2026-08-23 09:55:13.268730,6246,4482,0,1
2026-08-23 09:55:13.268750,6337,5787,2998,1
2026-08-23 09:55:13.268770,6260,4413,0,1
2026-08-23 09:55:13.288550,6351,5470,2643,1
2026-08-23 09:55:13.288570,6247,4203,0,1
2026-08-23 09:55:13.288590,6306,5498,1980,1
2026-08-23 09:55:13.288610,6253,4346,0,1
2026-08-23 09:55:13.288630,6331,5675,3038,1
2026-08-23 09:55:13.288650,6225,4380,0,1
2026-08-23 09:55:13.288670,6343,5779,3117,1
2026-08-23 09:55:13.288690,6193,4372,0,1
2026-08-23 09:55:13.288710,6335,5699,2853,1
2026-08-23 09:55:13.288730,6232,4437,0,1
2026-08-23 09:55:13.288750,6337,5768,2881,1
2026-08-23 09:55:13.288770,6261,4459,10,1
2026-08-23 09:55:13.288790,6344,5760,3289,1
2026-08-23 09:55:13.308238,6297,3722,0,1
2026-08-23 09:55:13.308258,6332,5284,2852,1
2026-08-23 09:55:13.308278,6246,4195,0,1
2026-08-23 09:55:13.308298,6214,5265,0,1
2026-08-23 09:55:13.308318,6240,4317,0,1
2026-08-23 09:55:13.308338,6337,5712,3204,1
2026-08-23 09:55:13.308358,6232,4363,0,1
2026-08-23 09:55:13.308378,6349,5770,3361,1
2026-08-23 09:55:13.308398,6246,4438,0,1
2026-08-23 09:55:13.308418,6343,5762,3213,1
2026-08-23 09:55:13.308438,6239,4448,0,1
2026-08-23 09:55:13.308458,6340,5769,2850,1
2026-08-23 09:55:13.308478,6057,4414,0,1
2026-08-23 09:55:13.328345,6361,5518,3282,1
2026-08-23 09:55:13.328365,6248,4220,4,1
2026-08-23 09:55:13.328385,6337,5567,2846,1
2026-08-23 09:55:13.328405,6242,4270,0,1
2026-08-23 09:55:13.328425,6333,5608,2829,1
2026-08-23 09:55:13.328445,6253,4406,3,1
2026-08-23 09:55:13.328465,6345,5723,3327,1
2026-08-23 09:55:13.328485,6214,4352,0,1
2026-08-23 09:55:13.328505,6327,5718,3031,1
2026-08-23 09:55:13.328525,6244,4426,0,1
2026-08-23 09:55:13.328545,6329,5748,3234,1
2026-08-23 09:55:13.328565,6251,4374,0,1
2026-08-23 09:55:13.328585,6342,5710,2780,1
2026-08-23 09:55:13.348230,6280,3715,0,1
2026-08-23 09:55:13.348250,6357,5313,3510,1
2026-08-23 09:55:13.348270,6242,4139,0,1
2026-08-23 09:55:13.348290,6339,5537,2932,1
2026-08-23 09:55:13.348310,6237,4298,0,1
2026-08-23 09:55:13.348330,6337,5666,2865,1
2026-08-23 09:55:13.348351,6247,4427,0,1
2026-08-23 09:55:13.348371,6316,5708,2387,1
2026-08-23 09:55:13.348390,6243,4455,0,1
2026-08-23 09:55:13.348410,6347,5778,3161,1
2026-08-23 09:55:13.348430,6233,4443,0,1
2026-08-23 09:55:13.348450,6345,5838,3293,1
2026-08-23 09:55:13.348470,6279,4415,13,1
2026-08-23 09:55:13.367996,6364,5455,3195,1
2026-08-23 09:55:13.368016,6196,4179,0,1
2026-08-23 09:55:13.368036,6342,5533,3050,1
2026-08-23 09:55:13.368056,6244,4287,0,1
2026-08-23 09:55:13.368076,6338,5680,3135,1
2026-08-23 09:55:13.368096,6233,4319,0,1
2026-08-23 09:55:13.368116,6383,5673,2746,1
2026-08-23 09:55:13.368136,6242,4402,0,1
2026-08-23 09:55:13.368156,6214,5500,0,1
2026-08-23 09:55:13.368176,6257,4512,0,1
2026-08-23 09:55:13.368196,6335,5829,3102,1
2026-08-23 09:55:13.368216,6236,4463,0,1
2026-08-23 09:55:13.368236,6365,5787,3380,1
2026-08-23 09:55:13.387724,6237,3768,34,1
2026-08-23 09:55:13.387744,6360,5371,3476,1
2026-08-23 09:55:13.387764,6241,4155,0,1
2026-08-23 09:55:13.387784,6336,5541,3170,1
2026-08-23 09:55:13.387804,6236,4297,0,1
2026-08-23 09:55:13.387824,6345,5704,3345,1
2026-08-23 09:55:13.387844,6240,4358,5,1
2026-08-23 09:55:13.387864,6330,5747,3013,1
2026-08-23 09:55:13.387884,6241,4408,0,1
2026-08-23 09:55:13.387904,6333,5789,2816,1
2026-08-23 09:55:13.387924,6244,4475,0,1
2026-08-23 09:55:13.387944,6236,5589,0,1
2026-08-23 09:55:13.387964,6252,4513,0,1
2026-08-23 09:55:13.407932,6345,5536,2853,1
2026-08-23 09:55:13.407952,6241,4233,0,1
2026-08-23 09:55:13.407972,6341,5606,2949,1
2026-08-23 09:55:13.407992,6248,4302,6,1
2026-08-23 09:55:13.408012,6348,5676,3216,1
2026-08-23 09:55:13.408032,6232,4339,0,1
2026-08-23 09:55:13.408052,6334,5681,3124,1
2026-08-23 09:55:13.408072,6245,4413,0,1
2026-08-23 09:55:13.408092,6338,5715,3100,1
2026-08-23 09:55:13.408112,6234,4417,0,1
2026-08-23 09:55:13.408132,6342,5716,2739,1
2026-08-23 09:55:13.408152,6254,4440,0,1
2026-08-23 09:55:13.408172,6332,5741,2634,1
2026-08-23 09:55:13.427563,6306,3771,0,1
2026-08-23 09:55:13.427583,6346,5329,2933,1
2026-08-23 09:55:13.427603,6256,4143,0,1
2026-08-23 09:55:13.427623,6341,5538,2889,1
2026-08-23 09:55:13.427643,6243,4385,0,1
2026-08-23 09:55:13.427663,6300,5599,1581,1
2026-08-23 09:55:13.427683,6238,4485,0,1
2026-08-23 09:55:13.427703,6343,5792,3180,1
2026-08-23 09:55:13.427723,6235,4467,0,1
2026-08-23 09:55:13.427743,6339,5807,3257,1
2026-08-23 09:55:13.427763,6260,4450,2,1
2026-08-23 09:55:13.427783,6339,5774,3050,1
2026-08-23 09:55:13.427803,6247,4412,0,1
2026-08-23 09:55:13.447510,6354,5462,3101,1
2026-08-23 09:55:13.447530,6240,4223,0,1
2026-08-23 09:55:13.447550,6340,5526,2772,1
2026-08-23 09:55:13.447570,6235,4267,0,1
2026-08-23 09:55:13.447590,6344,5653,2754,1
2026-08-23 09:55:13.447610,6233,4343,0,1
2026-08-23 09:55:13.447630,6339,5704,3253,1
2026-08-23 09:55:13.447650,6246,4379,0,1
2026-08-23 09:55:13.447670,6339,5702,3129,1
2026-08-23 09:55:13.447690,6223,4397,0,1
2026-08-23 09:55:13.447710,6337,5731,3242,1
2026-08-23 09:55:13.447730,6254,4401,0,1
2026-08-23 09:55:13.447750,6340,5727,2925,1
2026-08-23 09:55:13.467360,6276,3728,0,1
2026-08-23 09:55:13.467381,6344,5357,3149,1
2026-08-23 09:55:13.467401,6238,4156,0,1
2026-08-23 09:55:13.467421,6286,5484,1460,1
2026-08-23 09:55:13.467441,6342,4369,0,1
2026-08-23 09:55:13.467461,6339,5729,2911,1
2026-08-23 09:55:13.467481,6238,4407,0,1
2026-08-23 09:55:13.467501,6338,5753,2889,1
2026-08-23 09:55:13.467520,6249,4490,0,1
2026-08-23 09:55:13.467541,6326,5756,2534,1
2026-08-23 09:55:13.467561,6241,4494,0,1
2026-08-23 09:55:13.467581,6343,5807,3144,1
2026-08-23 09:55:13.467601,6247,4464,0,1
2026-08-23 09:55:13.487420,6353,5491,3049,1
2026-08-23 09:55:13.487440,6265,4192,0,1
2026-08-23 09:55:13.487460,6339,5550,3114,1
2026-08-23 09:55:13.487480,6224,4266,0,1
2026-08-23 09:55:13.487500,6340,5602,3162,1
2026-08-23 09:55:13.487520,6246,4325,11,1
2026-08-23 09:55:13.487540,6344,5700,2977,1
2026-08-23 09:55:13.487560,6235,4374,0,1
2026-08-23 09:55:13.487580,6328,5722,2771,1
2026-08-23 09:55:13.487600,6246,4435,0,1
2026-08-23 09:55:13.487620,6309,5683,1907,1
2026-08-23 09:55:13.487640,6243,4465,0,1
2026-08-23 09:55:13.487660,6346,5773,3051,1
2026-08-23 09:55:13.507279,6294,3800,0,1
2026-08-23 09:55:13.507299,6348,5363,3156,1
2026-08-23 09:55:13.507319,6247,4139,0,1
2026-08-23 09:55:13.507339,6347,5595,3299,1
2026-08-23 09:55:13.507360,6229,4291,0,1
2026-08-23 09:55:13.507380,6353,5682,3463,1
2026-08-23 09:55:13.507400,6246,4421,0,1
2026-08-23 09:55:13.507420,6299,5643,1818,1
2026-08-23 09:55:13.507439,6244,4500,0,1
2026-08-23 09:55:13.507459,6336,5827,2908,1
2026-08-23 09:55:13.507479,6242,4458,0,1
2026-08-23 09:55:13.507499,6340,5784,2916,1
2026-08-23 09:55:13.507519,6255,4450,0,1
2026-08-23 09:55:13.527310,6336,5438,2932,1
2026-08-23 09:55:13.527330,6236,4169,0,1
2026-08-23 09:55:13.527350,6330,5549,2759,1
2026-08-23 09:55:13.527370,6250,4324,0,1
2026-08-23 09:55:13.527390,6338,5659,3231,1
2026-08-23 09:55:13.527410,6228,4313,0,1
2026-08-23 09:55:13.527430,6350,5686,2998,1
2026-08-23 09:55:13.527450,6235,4394,0,1
2026-08-23 09:55:13.527470,6303,5655,1740,1
2026-08-23 09:55:13.527490,6245,4439,0,1
2026-08-23 09:55:13.527510,6339,5760,2793,1
2026-08-23 09:55:13.527530,6243,4464,0,1
2026-08-23 09:55:13.527550,6347,5805,3101,1
2026-08-23 09:55:13.547129,6284,3771,5,1
2026-08-23 09:55:13.547149,6348,5322,3039,1
2026-08-23 09:55:13.547169,6233,4164,0,1
2026-08-23 09:55:13.547189,6331,5533,2864,1
2026-08-23 09:55:13.547209,6243,4357,0,1
2026-08-23 09:55:13.547229,6330,5717,3195,1
2026-08-23 09:55:13.547249,6233,4353,0,1
2026-08-23 09:55:13.547269,6338,5724,3290,1
2026-08-23 09:55:13.547289,6238,4381,0,1
2026-08-23 09:55:13.547309,6336,5744,3162,1
2026-08-23 09:55:13.547329,6241,4437,0,1
2026-08-23 09:55:13.547349,6348,5811,3252,1
2026-08-23 09:55:13.547369,6246,4371,0,1
2026-08-23 09:55:13.567104,6356,5433,3124,1
2026-08-23 09:55:13.567124,6239,4183,0,1
2026-08-23 09:55:13.567144,6339,5559,3360,1
2026-08-23 09:55:13.567164,6239,4246,0,1
2026-08-23 09:55:13.567184,6342,5567,2815,1
2026-08-23 09:55:13.567204,6225,4337,0,1
2026-08-23 09:55:13.567224,6345,5682,2887,1
2026-08-23 09:55:13.567244,6241,4377,6,1
2026-08-23 09:55:13.567264,6340,5734,3306,1
2026-08-23 09:55:13.567284,6279,4365,0,1
2026-08-23 09:55:13.567304,6338,5751,3046,1
2026-08-23 09:55:13.567324,6249,4385,0,1
2026-08-23 09:55:13.567344,6279,5734,3178,1
2026-08-23 09:55:13.586924,6291,3754,0,1
2026-08-23 09:55:13.586944,6348,5331,3167,1
2026-08-23 09:55:13.586964,6233,4156,0,1
2026-08-23 09:55:13.586984,6328,5557,3275,1
2026-08-23 09:55:13.587004,6243,4328,13,1
2026-08-23 09:55:13.587024,6322,5708,3080,1
2026-08-23 09:55:13.587044,6237,4346,0,1
2026-08-23 09:55:13.587064,6332,5700,2815,1
2026-08-23 09:55:13.587084,6240,4429,0,1
2026-08-23 09:55:13.587104,6342,5788,3194,1
2026-08-23 09:55:13.587124,6235,4408,0,1
2026-08-23 09:55:13.587144,6340,5783,3209,1
2026-08-23 09:55:13.587164,6249,4400,0,1
2026-08-23 09:55:13.606866,6350,5443,2882,1
2026-08-23 09:55:13.606886,6241,4216,4,1
2026-08-23 09:55:13.606906,6339,5568,3322,1
2026-08-23 09:55:13.606926,6226,4261,0,1
2026-08-23 09:55:13.606946,6335,5590,3026,1
2026-08-23 09:55:13.606966,6233,4327,0,1
2026-08-23 09:55:13.606986,6335,5683,2712,1
2026-08-23 09:55:13.607006,6226,4368,0,1
2026-08-23 09:55:13.607026,6339,5726,2740,1
2026-08-23 09:55:13.607046,6236,4444,0,1
2026-08-23 09:55:13.607066,6231,5564,0,1
2026-08-23 09:55:13.607086,6236,4397,0,1
2026-08-23 09:55:13.607106,6341,5719,3115,1
2026-08-23 09:55:13.626726,6279,3737,0,1
2026-08-23 09:55:13.626746,6347,5330,2970,1
2026-08-23 09:55:13.626766,6251,4163,4,1
2026-08-23 09:55:13.626786,6345,5566,3428,1
2026-08-23 09:55:13.626806,6239,4297,0,1
2026-08-23 09:55:13.626826,6333,5669,3116,1
2026-08-23 09:55:13.626846,6234,4405,0,1
2026-08-23 09:55:13.626866,6353,5783,3411,1
2026-08-23 09:55:13.626886,6246,4404,0,1
2026-08-23 09:55:13.626906,6333,5780,2918,1
2026-08-23 09:55:13.626926,6238,4416,0,1
2026-08-23 09:55:13.626946,6326,5708,2885,1
2026-08-23 09:55:13.626966,6265,4414,2,1
2026-08-23 09:55:13.646730,6290,5379,3002,1
2026-08-23 09:55:13.646750,6235,4191,0,1
2026-08-23 09:55:13.646770,6322,5501,2747,1
2026-08-23 09:55:13.646790,6248,4338,0,1
2026-08-23 09:55:13.646810,6326,5569,2453,1
2026-08-23 09:55:13.646830,6236,4361,0,1
2026-08-23 09:55:13.646850,6348,5721,3018,1
2026-08-23 09:55:13.646870,6233,4403,0,1
2026-08-23 09:55:13.646890,6378,5691,607,1
2026-08-23 09:55:13.646910,6238,4397,0,1
2026-08-23 09:55:13.646930,6333,5750,2783,1
2026-08-23 09:55:13.646950,6238,4395,0,1
2026-08-23 09:55:13.646970,6331,5777,3111,1
2026-08-23 09:55:13.666560,6292,3751,0,1
2026-08-23 09:55:13.666580,6346,5308,3130,1
2026-08-23 09:55:13.666600,6240,4140,0,1
2026-08-23 09:55:13.666620,6337,5524,2863,1
2026-08-23 09:55:13.666641,6243,4308,0,1
2026-08-23 09:55:13.666661,6334,5684,3090,1
2026-08-23 09:55:13.666681,6228,4406,1,1
2026-08-23 09:55:13.666701,6334,5758,3281,1
2026-08-23 09:55:13.666720,6233,4425,0,1
2026-08-23 09:55:13.666740,6330,5756,3123,1
2026-08-23 09:55:13.666760,6232,4461,0,1
2026-08-23 09:55:13.666780,6256,5568,616,1
2026-08-23 09:55:13.666800,6259,4518,0,1
2026-08-23 09:55:13.686654,6356,5505,3127,1
2026-08-23 09:55:13.686674,6234,4199,0,1
2026-08-23 09:55:13.686694,6332,5568,3331,1
2026-08-23 09:55:13.686714,6234,4307,0,1
2026-08-23 09:55:13.686734,6335,5647,2854,1
2026-08-23 09:55:13.686754,6227,4367,0,1
2026-08-23 09:55:13.686774,6331,5700,2859,1
2026-08-23 09:55:13.686795,6250,4408,14,1
2026-08-23 09:55:13.686814,6348,5731,3353,1
2026-08-23 09:55:13.686834,6218,4359,0,1
2026-08-23 09:55:13.686854,6343,5730,3040,1
2026-08-23 09:55:13.686874,6243,4428,0,1
2026-08-23 09:55:13.686894,6338,5733,2792,1
2026-08-23 09:55:13.706490,6296,3758,0,1
2026-08-23 09:55:13.706510,6362,5306,3199,1
2026-08-23 09:55:13.706530,6232,4162,0,1
2026-08-23 09:55:13.706550,6343,5586,3215,1
2026-08-23 09:55:13.706570,6235,4349,5,1
2026-08-23 09:55:13.706590,6344,5694,3178,1
2026-08-23 09:55:13.706610,6237,4400,0,1
2026-08-23 09:55:13.706630,6333,5730,2838,1
2026-08-23 09:55:13.706650,6162,4459,0,1
2026-08-23 09:55:13.706670,6327,5803,3046,1
2026-08-23 09:55:13.706690,6249,4441,7,1
2026-08-23 09:55:13.706710,6340,5764,3301,1
2026-08-23 09:55:13.706730,6242,4407,0,1
2026-08-23 09:55:13.726460,6341,5435,2802,1
2026-08-23 09:55:13.726480,6250,4191,3,1
2026-08-23 09:55:13.726500,6335,5557,3381,1
2026-08-23 09:55:13.726520,6227,4272,0,1
2026-08-23 09:55:13.726540,6321,5590,3021,1
2026-08-23 09:55:13.726560,6232,4355,0,1
2026-08-23 09:55:13.726580,6335,5688,2796,1
2026-08-23 09:55:13.726600,6232,4363,0,1
2026-08-23 09:55:13.726619,6340,5683,2771,1
2026-08-23 09:55:13.726640,6226,4409,0,1
2026-08-23 09:55:13.726660,6327,5790,3103,1
2026-08-23 09:55:13.726680,6247,4386,0,1
2026-08-23 09:55:13.726700,6348,5729,3134,1
2026-08-23 09:55:13.746374,6286,3740,0,1
2026-08-23 09:55:13.746394,6347,5311,2950,1
2026-08-23 09:55:13.746414,6238,4188,9,1
2026-08-23 09:55:13.746434,6339,5602,3481,1
2026-08-23 09:55:13.746454,6228,4299,0,1
2026-08-23 09:55:13.746474,6349,5700,3142,1
2026-08-23 09:55:13.746494,6230,4400,0,1
2026-08-23 09:55:13.746514,6335,5774,3356,1
2026-08-23 09:55:13.746534,6252,4439,0,1
2026-08-23 09:55:13.746554,6184,5746,2987,1
2026-08-23 09:55:13.746574,6233,4415,0,1
2026-08-23 09:55:13.746594,6334,5730,2866,1
2026-08-23 09:55:13.746614,6269,4419,0,1
2026-08-23 09:55:13.766487,6352,5398,2534,1
2026-08-23 09:55:13.766507,6235,4183,0,1
2026-08-23 09:55:13.766527,6325,5512,2707,1
2026-08-23 09:55:13.766547,6236,4305,0,1
2026-08-23 09:55:13.766567,6296,5558,1608,1
2026-08-23 09:55:13.766587,6252,4425,0,1
2026-08-23 09:55:13.766607,6342,5726,3042,1
2026-08-23 09:55:13.766627,6231,4404,0,1
2026-08-23 09:55:13.766647,6344,5794,3359,1
2026-08-23 09:55:13.766667,6233,4422,0,1
2026-08-23 09:55:13.766687,6334,5742,2846,1
2026-08-23 09:55:13.766707,6236,4440,0,1
2026-08-23 09:55:13.766727,6339,5720,2961,1
2026-08-23 09:55:13.786318,6296,3761,31,1
2026-08-23 09:55:13.786338,6334,5279,3097,1
2026-08-23 09:55:13.786358,6250,4112,0,1
2026-08-23 09:55:13.786378,6320,5539,2848,1
2026-08-23 09:55:13.786398,6236,4327,0,1
2026-08-23 09:55:13.786418,6327,5716,3136,1
2026-08-23 09:55:13.786438,6242,4382,0,1
2026-08-23 09:55:13.786458,6339,5740,3268,1
2026-08-23 09:55:13.786478,6240,4390,0,1
2026-08-23 09:55:13.786498,6420,5763,3143,1
2026-08-23 09:55:13.786518,6247,4425,0,1
2026-08-23 09:55:13.786538,6338,5803,3282,1
2026-08-23 09:55:13.786558,6253,4398,0,1
2026-08-23 09:55:13.806368,6352,5450,3135,1
2026-08-23 09:55:13.806388,6217,4137,0,1
2026-08-23 09:55:13.806408,6353,5562,3322,1
2026-08-23 09:55:13.806428,6233,4236,0,1
2026-08-23 09:55:13.806448,6335,5594,2837,1
2026-08-23 09:55:13.806468,6229,4337,0,1
2026-08-23 09:55:13.806489,6331,5698,2860,1
2026-08-23 09:55:13.806509,6234,4397,12,1
2026-08-23 09:55:13.806528,6344,5777,3335,1
2026-08-23 09:55:13.806548,6225,4403,0,1
2026-08-23 09:55:13.806568,6330,5752,3048,1
2026-08-23 09:55:13.806588,6248,4431,0,1
2026-08-23 09:55:13.806608,6340,5748,3223,1
2026-08-23 09:55:13.826124,6295,3778,0,1
2026-08-23 09:55:13.826144,6344,5302,3221,1
2026-08-23 09:55:13.826164,6240,4124,0,1
2026-08-23 09:55:13.826184,6344,5550,3204,1
2026-08-23 09:55:13.826204,6241,4352,0,1
2026-08-23 09:55:13.826224,6341,5711,3200,1
2026-08-23 09:55:13.826244,6234,4370,0,1
2026-08-23 09:55:13.826264,6404,5712,2829,1
2026-08-23 09:55:13.826284,6229,4441,0,1
2026-08-23 09:55:13.826304,6327,5797,2998,1
2026-08-23 09:55:13.826324,6233,4458,8,1
2026-08-23 09:55:13.826344,6330,5803,3322,1
2026-08-23 09:55:13.826364,6241,4420,0,1
2026-08-23 09:55:13.846122,6349,5438,2785,1
2026-08-23 09:55:13.846142,6251,4184,0,1
2026-08-23 09:55:13.846162,6323,5477,2353,1
2026-08-23 09:55:13.846182,6237,4322,0,1
2026-08-23 09:55:13.846202,6338,5650,3008,1
2026-08-23 09:55:13.846222,6235,4373,0,1
2026-08-23 09:55:13.846242,6355,5751,3503,1
2026-08-23 09:55:13.846262,6232,4356,0,1
2026-08-23 09:55:13.846282,6315,5662,2789,1
2026-08-23 09:55:13.846302,6233,4407,0,1
2026-08-23 09:55:13.846322,6335,5757,2975,1
2026-08-23 09:55:13.846342,6247,4393,8,1
2026-08-23 09:55:13.846362,6338,5728,3216,1
2026-08-23 09:55:13.865987,6284,3725,0,1
2026-08-23 09:55:13.866007,6352,5266,2874,1
2026-08-23 09:55:13.866027,6240,4166,0,1
2026-08-23 09:55:13.866047,6341,5585,3286,1
2026-08-23 09:55:13.866067,6254,4256,0,1
2026-08-23 09:55:13.866087,6335,5647,3193,1
2026-08-23 09:55:13.866107,6226,4379,0,1
2026-08-23 09:55:13.866127,6345,5718,3198,1
2026-08-23 09:55:13.866147,6245,4410,0,1
2026-08-23 09:55:13.866167,6337,5782,3163,1
2026-08-23 09:55:13.866187,6234,4418,0,1
2026-08-23 09:55:13.866207,6340,5735,2826,1
2026-08-23 09:55:13.866227,6240,4415,0,1
2026-08-23 09:55:13.885912,6362,5517,3457,1
2026-08-23 09:55:13.885932,6247,4174,0,1
2026-08-23 09:55:13.885952,6330,5491,2809,1
2026-08-23 09:55:13.885972,6232,4233,0,1
2026-08-23 09:55:13.885992,6339,5587,2922,1
2026-08-23 09:55:13.886012,6236,4357,6,1
2026-08-23 09:55:13.886032,6334,5694,3217,1
2026-08-23 09:55:13.886052,6218,4322,0,1
2026-08-23 09:55:13.886072,6336,5743,3097,1
2026-08-23 09:55:13.886092,6238,4408,0,1
2026-08-23 09:55:13.886112,6336,5766,3054,1
2026-08-23 09:55:13.886132,6240,4405,0,1
2026-08-23 09:55:13.886152,6331,5718,2794,1
2026-08-23 09:55:13.904976,6276,3754,0,1
2026-08-23 09:55:13.904996,6267,5336,3322,1
2026-08-23 09:55:13.905016,6235,4117,0,1
2026-08-23 09:55:13.905036,6334,5536,2940,1
2026-08-23 09:55:13.905056,6252,4289,0,1
2026-08-23 09:55:13.905077,6333,5699,2897,1
2026-08-23 09:55:13.905097,6233,4425,0,1
2026-08-23 09:55:13.905117,6292,5600,1687,1
2026-08-23 09:55:13.905136,6244,4501,0,1
2026-08-23 09:55:13.905156,6340,5837,3168,1
2026-08-23 09:55:13.905176,6238,4443,0,1
2026-08-23 09:55:13.905196,6332,5831,3298,1
2026-08-23 09:55:13.905216,6263,4459,24,1
2026-08-23 09:55:13.924214,6292,5434,1514,1
2026-08-23 09:55:13.924234,6236,4289,0,1
2026-08-23 09:55:13.924254,6342,5597,3028,1
2026-08-23 09:55:13.924274,6214,4331,0,1
2026-08-23 09:55:13.924294,6342,5737,3381,1
2026-08-23 09:55:13.924314,6241,4360,0,1
2026-08-23 09:55:13.924335,6324,5679,2866,1
2026-08-23 09:55:13.924355,6239,4389,0,1
2026-08-23 09:55:13.924374,6326,5741,2858,1
2026-08-23 09:55:13.924394,6232,4424,0,1
2026-08-23 09:55:13.924414,6352,5801,3371,1
2026-08-23 09:55:13.924434,6232,4415,0,1
2026-08-23 09:55:13.924454,6340,5758,3103,1
2026-08-23 09:55:13.943501,6299,3719,4,1
2026-08-23 09:55:13.943521,6359,5297,3523,1
2026-08-23 09:55:13.943541,6225,4070,0,1
2026-08-23 09:55:13.943561,6343,5517,3158,1
2026-08-23 09:55:13.943581,6234,4313,0,1
2026-08-23 09:55:13.943601,6344,5684,3284,1
2026-08-23 09:55:13.943621,6243,4411,12,1
2026-08-23 09:55:13.943641,6339,5730,3096,1
2026-08-23 09:55:13.943661,6243,4402,0,1
2026-08-23 09:55:13.943681,6319,5736,2812,1
2026-08-23 09:55:13.943701,6250,4464,0,1
2026-08-23 09:55:13.943721,6353,5815,3243,1
2026-08-23 09:55:13.963047,6293,3825,0,1
2026-08-23 09:55:13.963067,6248,5158,0,1
2026-08-23 09:55:13.963087,6248,4244,0,1
2026-08-23 09:55:13.963107,6340,5668,2973,1
2026-08-23 09:55:13.963127,6233,4373,0,1
2026-08-23 09:55:13.963147,6337,5730,2898,1
2026-08-23 09:55:13.963167,6242,4472,0,1
2026-08-23 09:55:13.963187,6342,5714,208,1
2026-08-23 09:55:13.963207,6240,4435,0,1
2026-08-23 09:55:13.963227,6339,5820,3275,1
2026-08-23 09:55:13.963247,6226,4461,0,1
2026-08-23 09:55:13.963267,6339,5778,3207,1
2026-08-23 09:55:13.963287,6259,4410,0,1
2026-08-23 09:55:13.982957,6354,5518,3056,1
2026-08-23 09:55:13.982977,6255,4237,0,1
2026-08-23 09:55:13.982997,6335,5579,3194,1
2026-08-23 09:55:13.983017,6221,4290,0,1
2026-08-23 09:55:13.983037,6336,5618,3125,1
2026-08-23 09:55:13.983057,6251,4384,19,1
2026-08-23 09:55:13.983077,6329,5681,3057,1
2026-08-23 09:55:13.983097,6231,4356,0,1
2026-08-23 09:55:13.983117,6335,5724,2766,1
2026-08-23 09:55:13.983137,6238,4410,0,1
2026-08-23 09:55:13.983157,6257,5585,560,1
2026-08-23 09:55:13.983177,6245,4501,0,1
2026-08-23 09:55:13.983197,6332,5841,3118,1
2026-08-23 09:55:14.002807,6280,3826,0,1
2026-08-23 09:55:14.002827,6345,5366,2970,1
2026-08-23 09:55:14.002847,6250,4203,6,1
2026-08-23 09:55:14.002867,6341,5601,3136,1
2026-08-23 09:55:14.002887,6235,4342,0,1
2026-08-23 09:55:14.002907,6345,5709,3155,1
2026-08-23 09:55:14.002927,6227,4382,0,1
2026-08-23 09:55:14.002947,6348,5803,3321,1
2026-08-23 09:55:14.002967,6238,4435,0,1
2026-08-23 09:55:14.002987,6328,5692,3004,1
2026-08-23 09:55:14.003007,6232,4423,0,1
2026-08-23 09:55:14.003027,6331,5755,2835,1
2026-08-23 09:55:14.003047,6256,4425,0,1
2026-08-23 09:55:14.022783,6332,5394,2388,1
2026-08-23 09:55:14.022803,6240,4216,0,1
2026-08-23 09:55:14.022823,6328,5534,2732,1
2026-08-23 09:55:14.022843,6232,4297,0,1
2026-08-23 09:55:14.022863,6341,5692,3135,1
2026-08-23 09:55:14.022883,6203,4328,0,1
2026-08-23 09:55:14.022903,6338,5713,3110,1
2026-08-23 09:55:14.022923,6222,4374,0,1
2026-08-23 09:55:14.022943,6336,5726,3228,1
2026-08-23 09:55:14.022963,6238,4446,8,1
2026-08-23 09:55:14.022983,6334,5738,2926,1
2026-08-23 09:55:14.023003,6226,4401,0,1
2026-08-23 09:55:14.023023,6334,5763,2882,1
2026-08-23 09:55:14.042589,6291,3775,0,1
2026-08-23 09:55:14.042609,6347,5339,3219,1
2026-08-23 09:55:14.042629,6246,4135,0,1
2026-08-23 09:55:14.042650,6328,5549,2873,1
2026-08-23 09:55:14.042670,6245,4313,0,1
2026-08-23 09:55:14.042690,6331,5707,2996,1
2026-08-23 09:55:14.042710,6213,4424,20,1
2026-08-23 09:55:14.042730,6343,5761,3387,1
2026-08-23 09:55:14.042749,6219,4386,0,1
2026-08-23 09:55:14.042769,6344,5784,3107,1
2026-08-23 09:55:14.042789,6228,4461,0,1
2026-08-23 09:55:14.042809,6360,5802,3562,1
2026-08-23 09:55:14.042830,6245,4390,0,1
2026-08-23 09:55:14.062721,6355,5411,3153,1
2026-08-23 09:55:14.062741,6224,4134,0,1
2026-08-23 09:55:14.062761,6327,5533,3269,1
2026-08-23 09:55:14.062781,6245,4257,13,1
2026-08-23 09:55:14.062801,6338,5590,2875,1
2026-08-23 09:55:14.062821,6234,4322,0,1
2026-08-23 09:55:14.062841,6342,5656,2828,1
2026-08-23 09:55:14.062861,6246,4419,0,1
2026-08-23 09:55:14.062881,6335,5755,3383,1
2026-08-23 09:55:14.062901,6226,4374,0,1
2026-08-23 09:55:14.062921,6339,5721,3029,1
2026-08-23 09:55:14.062941,6248,4424,0,1
2026-08-23 09:55:14.062961,6322,5683,2484,1
2026-08-23 09:55:14.082345,6304,3788,0,1
2026-08-23 09:55:14.082366,6350,5345,3218,1
2026-08-23 09:55:14.082386,6235,4133,0,1
2026-08-23 09:55:14.082406,6338,5563,3222,1
2026-08-23 09:55:14.082426,6230,4349,6,1
2026-08-23 09:55:14.082446,6341,5721,3149,1
2026-08-23 09:55:14.082466,6238,4366,0,1
2026-08-23 09:55:14.082486,6330,5714,2818,1
2026-08-23 09:55:14.082505,6230,4452,0,1
2026-08-23 09:55:14.082525,6328,5762,3007,1
2026-08-23 09:55:14.082546,6235,4474,7,1
2026-08-23 09:55:14.082566,6347,5814,3313,1
2026-08-23 09:55:14.082586,6238,4389,0,1
2026-08-23 09:55:14.098755,6345,5465,2788,1
2026-08-23 09:55:14.098775,6243,4160,0,1
2026-08-23 09:55:14.098795,6344,5607,3266,1
2026-08-23 09:55:14.098815,6244,4227,0,1
2026-08-23 09:55:14.098835,6329,5645,3016,1
2026-08-23 09:55:14.098855,6233,4284,0,1
2026-08-23 09:55:14.098875,6315,5684,2136,1
2026-08-23 09:55:14.098895,6248,4362,0,1
2026-08-23 09:55:14.098915,6333,5785,2789,1
2026-08-23 09:55:14.098935,6232,4383,0,1
2026-08-23 09:55:14.098955,6342,5797,3119,1
2026-08-23 09:55:14.116182,6286,3754,0,1
2026-08-23 09:55:14.116202,6251,5239,453,1
2026-08-23 09:55:14.116222,6256,4231,0,1
2026-08-23 09:55:14.116242,6341,5718,2908,1
2026-08-23 09:55:14.116262,6230,4361,0,1
2026-08-23 09:55:14.116282,6332,5796,2898,1
2026-08-23 09:55:14.116302,6240,4395,0,1
2026-08-23 09:55:14.116322,6328,5801,3273,1
2026-08-23 09:55:14.116342,6240,4384,0,1
2026-08-23 09:55:14.116362,6336,5828,3156,1
2026-08-23 09:55:14.116382,6256,4392,0,1
2026-08-23 09:55:14.116402,6305,5713,204,1
2026-08-23 09:55:14.133987,6285,3886,0,1
2026-08-23 09:55:14.134007,6344,5478,3034,1
2026-08-23 09:55:14.134027,6242,4236,0,1
2026-08-23 09:55:14.134047,6343,5694,3470,1
2026-08-23 09:55:14.134067,6230,4234,0,1
2026-08-23 09:55:14.134087,6338,5736,3157,1
2026-08-23 09:55:14.134107,6233,4387,0,1
2026-08-23 09:55:14.134127,6342,5784,3382,1
2026-08-23 09:55:14.134147,6235,4384,5,1
2026-08-23 09:55:14.134167,6339,5774,3032,1
2026-08-23 09:55:14.134187,6247,4381,0,1
2026-08-23 09:55:14.134207,6441,5754,2862,1
2026-08-23 09:55:14.150004,6276,3873,0,1
2026-08-23 09:55:14.150024,6347,5453,3242,1
2026-08-23 09:55:14.150044,6247,4244,0,1
2026-08-23 09:55:14.150064,6340,5680,3229,1
2026-08-23 09:55:14.150084,6229,4326,0,1
2026-08-23 09:55:14.150104,6332,5714,2953,1
2026-08-23 09:55:14.150124,6222,4392,0,1
2026-08-23 09:55:14.150144,6333,5780,2904,1
2026-08-23 09:55:14.150164,6244,4416,0,1
2026-08-23 09:55:14.150184,6229,5567,0,1
2026-08-23 09:55:14.150204,6257,4466,0,1
2026-08-23 09:55:14.166488,6328,5616,2250,1
2026-08-23 09:55:14.166508,6247,4328,0,1
2026-08-23 09:55:14.166528,6326,5644,2762,1
2026-08-23 09:55:14.166548,6240,4336,0,1
2026-08-23 09:55:14.166568,6338,5699,3102,1
2026-08-23 09:55:14.166588,6228,4334,0,1
2026-08-23 09:55:14.166608,6336,5715,3193,1
2026-08-23 09:55:14.166628,6217,4369,0,1
2026-08-23 09:55:14.166648,6344,5751,3151,1
2026-08-23 09:55:14.166668,6250,4428,4,1
2026-08-23 09:55:14.166688,6338,5758,3098,1
2026-08-23 09:55:14.184676,6292,3907,8,1
2026-08-23 09:55:14.184696,6352,5470,3342,1
2026-08-23 09:55:14.184716,6222,4167,0,1
2026-08-23 09:55:14.184736,6341,5687,3135,1
2026-08-23 09:55:14.184756,6231,4320,0,1
2026-08-23 09:55:14.184776,6339,5796,4190,1
2026-08-23 09:55:14.184796,6237,4383,0,1
2026-08-23 09:55:14.184816,6329,5762,2883,1
2026-08-23 09:55:14.184836,6231,4424,0,1
2026-08-23 09:55:14.184856,6337,5774,2889,1
2026-08-23 09:55:14.184876,6245,4411,12,1
2026-08-23 09:55:14.184896,6354,5864,3454,1
2026-08-23 09:55:14.204458,6299,3846,0,1
2026-08-23 09:55:14.204479,6346,5370,3123,1
2026-08-23 09:55:14.204499,6240,4189,0,1
2026-08-23 09:55:14.204519,6331,5592,2879,1
2026-08-23 09:55:14.204539,6221,4357,0,1
2026-08-23 09:55:14.204559,6342,5705,3101,1
2026-08-23 09:55:14.204579,6242,4425,21,1
2026-08-23 09:55:14.204599,6351,5746,3345,1
2026-08-23 09:55:14.204618,6224,4386,0,1
2026-08-23 09:55:14.204638,6325,5788,3118,1
2026-08-23 09:55:14.204659,6239,4459,0,1
2026-08-23 09:55:14.204679,6352,5843,3641,1
2026-08-23 09:55:14.204699,6260,4369,0,1
2026-08-23 09:55:14.224284,6354,5460,3191,1
2026-08-23 09:55:14.224304,6212,4191,0,1
2026-08-23 09:55:14.224324,6332,5575,3219,1
2026-08-23 09:55:14.224344,6235,4297,0,1
2026-08-23 09:55:14.224364,6324,5606,2947,1
2026-08-23 09:55:14.224384,6226,4356,0,1
2026-08-23 09:55:14.224404,6322,5693,2793,1
2026-08-23 09:55:14.224424,6251,4430,0,1
2026-08-23 09:55:14.224444,6330,5670,2377,1
2026-08-23 09:55:14.224464,6236,4419,0,1
2026-08-23 09:55:14.224484,6333,5799,3038,1
2026-08-23 09:55:14.224504,6235,4414,0,1
2026-08-23 09:55:14.224524,6206,5558,0,1
2026-08-23 09:55:14.243901,6301,3772,0,1
2026-08-23 09:55:14.243921,6343,5354,3364,1
2026-08-23 09:55:14.243941,6235,4159,0,1
2026-08-23 09:55:14.243961,6341,5591,3160,1
2026-08-23 09:55:14.243981,6233,4331,0,1
2026-08-23 09:55:14.244001,6340,5741,3468,1
2026-08-23 09:55:14.244021,6237,4353,0,1
2026-08-23 09:55:14.244041,6319,5737,2974,1
2026-08-23 09:55:14.244061,6241,4430,0,1
2026-08-23 09:55:14.244081,6329,5738,2820,1
2026-08-23 09:55:14.244101,6238,4448,0,1
2026-08-23 09:55:14.244121,6202,5514,0,1
2026-08-23 09:55:14.244141,6236,4486,0,1
2026-08-23 09:55:14.263915,6344,5477,2787,1
2026-08-23 09:55:14.263935,6234,4249,0,1
2026-08-23 09:55:14.263955,6333,5567,3014,1
2026-08-23 09:55:14.263975,6235,4278,0,1
2026-08-23 09:55:14.263995,6338,5619,3141,1
2026-08-23 09:55:14.264015,6226,4308,0,1
2026-08-23 09:55:14.264035,6320,5725,3137,1
2026-08-23 09:55:14.264055,6241,4410,11,1
2026-08-23 09:55:14.264075,6342,5723,3046,1
2026-08-23 09:55:14.264095,6222,4424,0,1
2026-08-23 09:55:14.264115,6320,5714,2767,1
2026-08-23 09:55:14.264135,6245,4435,0,1
2026-08-23 09:55:14.264155,6290,5698,1785,1
2026-08-23 09:55:14.283875,6286,3767,0,1
2026-08-23 09:55:14.283895,6328,5333,2905,1
2026-08-23 09:55:14.283915,6240,4176,0,1
2026-08-23 09:55:14.283935,6324,5541,2952,1
2026-08-23 09:55:14.283955,6243,4344,12,1
2026-08-23 09:55:14.283975,6345,5697,3226,1
2026-08-23 09:55:14.283995,6231,4376,0,1
2026-08-23 09:55:14.284015,6322,5747,3149,1
2026-08-23 09:55:14.284035,6222,4457,0,1
2026-08-23 09:55:14.284055,6335,5801,3273,1
2026-08-23 09:55:14.284075,6239,4446,6,1
2026-08-23 09:55:14.284095,6340,5792,3052,1
2026-08-23 09:55:14.284115,6244,4378,0,1
2026-08-23 09:55:14.304123,6352,5432,3034,1
2026-08-23 09:55:14.304143,6236,4177,0,1
2026-08-23 09:55:14.304163,6324,5516,2308,1
2026-08-23 09:55:14.304183,6236,4283,0,1
2026-08-23 09:55:14.304203,6329,5668,2737,1
2026-08-23 09:55:14.304223,6234,4356,0,1
2026-08-23 09:55:14.304243,6336,5718,3163,1
2026-08-23 09:55:14.304263,6235,4339,0,1
2026-08-23 09:55:14.304283,6327,5731,3122,1
2026-08-23 09:55:14.304303,6219,4410,0,1
2026-08-23 09:55:14.304323,6409,5739,3204,1
2026-08-23 09:55:14.304343,6251,4381,9,1
2026-08-23 09:55:14.304363,6320,5715,2938,1
2026-08-23 09:55:14.323625,6269,3759,0,1
2026-08-23 09:55:14.323645,6340,5309,3161,1
2026-08-23 09:55:14.323665,6248,4173,0,1
2026-08-23 09:55:14.323685,6173,5275,0,1
2026-08-23 09:55:14.323705,6239,4361,0,1
2026-08-23 09:55:14.323725,6333,5716,2862,1
2026-08-23 09:55:14.323745,6236,4428,0,1
2026-08-23 09:55:14.323765,6336,5756,2940,1
2026-08-23 09:55:14.323785,6240,4476,0,1
2026-08-23 09:55:14.323805,6347,5803,3469,1
2026-08-23 09:55:14.323825,6238,4410,0,1
2026-08-23 09:55:14.323845,6341,5789,3135,1
2026-08-23 09:55:14.323865,6242,4409,0,1
2026-08-23 09:55:14.343664,6358,5476,3046,1
2026-08-23 09:55:14.343684,6242,4147,0,1
2026-08-23 09:55:14.343704,6348,5559,3138,1
2026-08-23 09:55:14.343724,6221,4271,0,1
2026-08-23 09:55:14.343744,6339,5641,3169,1
2026-08-23 09:55:14.343764,6241,4332,9,1
2026-08-23 09:55:14.343784,6327,5680,2952,1
2026-08-23 09:55:14.343804,6228,4360,0,1
2026-08-23 09:55:14.343824,6336,5700,2776,1
2026-08-23 09:55:14.343844,6247,4422,0,1
2026-08-23 09:55:14.343864,6342,5757,3215,1
2026-08-23 09:55:14.343884,6234,4415,0,1
2026-08-23 09:55:14.343904,6343,5695,3057,1
2026-08-23 09:55:14.363548,6277,3796,0,1
2026-08-23 09:55:14.363568,6351,5315,3253,1
2026-08-23 09:55:14.363588,6242,4074,0,1
2026-08-23 09:55:14.363608,6338,5544,3230,1
2026-08-23 09:55:14.363628,6226,4299,0,1
2026-08-23 09:55:14.363648,6338,5663,3161,1
2026-08-23 09:55:14.363668,6279,4378,0,1
2026-08-23 09:55:14.363688,6324,5727,2685,1
2026-08-23 09:55:14.363708,6237,4426,0,1
2026-08-23 09:55:14.363728,6332,5743,2845,1
2026-08-23 09:55:14.363748,6232,4452,0,1
2026-08-23 09:55:14.363768,6332,5798,3034,1
2026-08-23 09:55:14.363788,6257,4362,0,1
2026-08-23 09:55:14.383552,6350,5505,2860,1
2026-08-23 09:55:14.383572,6224,4160,0,1
2026-08-23 09:55:14.383592,6322,5568,2879,1
2026-08-23 09:55:14.383612,6239,4236,17,1
2026-08-23 09:55:14.383632,6304,5688,3250,1
2026-08-23 09:55:14.383652,6216,4289,0,1
2026-08-23 09:55:14.383672,6315,5717,3046,1
2026-08-23 09:55:14.383693,6238,4348,0,1
2026-08-23 09:55:14.383712,6335,5800,3114,1
2026-08-23 09:55:14.383732,6238,4350,0,1
2026-08-23 09:55:14.383752,6327,5743,2743,1
2026-08-23 09:55:14.383772,6173,4399,0,1
2026-08-23 09:55:14.383792,6326,5774,2664,1
2026-08-23 09:55:14.403425,6285,3720,0,1
2026-08-23 09:55:14.403445,6348,5343,2921,1
2026-08-23 09:55:14.403465,6245,4152,0,1
2026-08-23 09:55:14.403485,6336,5649,2913,1
2026-08-23 09:55:14.403505,6231,4337,2,1
2026-08-23 09:55:14.403525,6317,5697,2545,1
2026-08-23 09:55:14.403545,6239,4415,0,1
2026-08-23 09:55:14.403565,6336,5804,3147,1
2026-08-23 09:55:14.403584,6254,4395,0,1
2026-08-23 09:55:14.403605,6336,5834,3289,1
2026-08-23 09:55:14.403625,6237,4429,11,1
2026-08-23 09:55:14.403645,6346,5807,3012,1
2026-08-23 09:55:14.403665,6245,4397,0,1
2026-08-23 09:55:14.423420,6349,5515,3101,1
2026-08-23 09:55:14.423440,6240,4184,0,1
2026-08-23 09:55:14.423460,6332,5602,3192,1
2026-08-23 09:55:14.423480,6225,4193,0,1
2026-08-23 09:55:14.423500,6328,5649,2749,1
2026-08-23 09:55:14.423520,6234,4291,0,1
2026-08-23 09:55:14.423540,6329,5776,3215,1
2026-08-23 09:55:14.423560,6230,4307,0,1
2026-08-23 09:55:14.423580,6331,5754,3104,1
2026-08-23 09:55:14.423600,6218,4355,0,1
2026-08-23 09:55:14.423620,6341,5775,3254,1
2026-08-23 09:55:14.423640,6250,4349,10,1
2026-08-23 09:55:14.423660,6332,5770,2870,1
2026-08-23 09:55:14.443310,6286,3689,0,1
2026-08-23 09:55:14.443330,6339,5354,3200,1
2026-08-23 09:55:14.443350,6227,4108,0,1
2026-08-23 09:55:14.443370,6346,5610,3311,1
2026-08-23 09:55:14.443390,6252,4251,0,1
2026-08-23 09:55:14.443410,6327,5643,2901,1
2026-08-23 09:55:14.443430,6228,4395,0,1
2026-08-23 09:55:14.443450,6338,5759,2907,1
2026-08-23 09:55:14.443470,6234,4462,4,1
2026-08-23 09:55:14.443490,6320,5727,2678,1
2026-08-23 09:55:14.443510,6238,4465,0,1
2026-08-23 09:55:14.443530,6340,5818,3153,1
2026-08-23 09:55:14.443550,6252,4395,0,1
2026-08-23 09:55:14.463271,6347,5432,3038,1
2026-08-23 09:55:14.463291,6250,4158,0,1
2026-08-23 09:55:14.463311,6337,5546,3144,1
2026-08-23 09:55:14.463331,6219,4239,0,1
2026-08-23 09:55:14.463351,6336,5664,3149,1
2026-08-23 09:55:14.463371,6239,4335,10,1
2026-08-23 09:55:14.463391,6342,5691,2935,1
2026-08-23 09:55:14.463411,6238,4368,0,1
2026-08-23 09:55:14.463431,6339,5726,2687,1
2026-08-23 09:55:14.463451,6249,4436,0,1
2026-08-23 09:55:14.463471,6272,5606,1114,1
2026-08-23 09:55:14.463491,6242,4440,0,1
2026-08-23 09:55:14.463511,6340,5824,3123,1
2026-08-23 09:55:14.483115,6276,3789,0,1
2026-08-23 09:55:14.483135,6345,5364,3122,1
2026-08-23 09:55:14.483155,6236,4180,0,1
2026-08-23 09:55:14.483175,6337,5570,3299,1
2026-08-23 09:55:14.483195,6229,4279,0,1
2026-08-23 09:55:14.483215,6338,5675,3155,1
2026-08-23 09:55:14.483235,6237,4374,103,1
2026-08-23 09:55:14.483255,6238,5557,223,1
2026-08-23 09:55:14.483275,6234,4534,0,1
2026-08-23 09:55:14.483295,6400,5813,2918,1
2026-08-23 09:55:14.483315,6228,4508,0,1
2026-08-23 09:55:14.483335,6329,5773,2884,1
2026-08-23 09:55:14.483355,6263,4504,10,1
2026-08-23 09:55:14.503166,6332,5482,2780,1
2026-08-23 09:55:14.503186,6237,4178,0,1
2026-08-23 09:55:14.503206,6338,5562,2742,1
2026-08-23 09:55:14.503226,6233,4300,0,1
2026-08-23 09:55:14.503246,6315,5579,2324,1
2026-08-23 09:55:14.503266,6233,4378,0,1
2026-08-23 09:55:14.503286,6333,5744,3036,1
2026-08-23 09:55:14.503306,6230,4383,0,1
2026-08-23 09:55:14.503326,6336,5792,3384,1
2026-08-23 09:55:14.503346,6237,4382,0,1
2026-08-23 09:55:14.503366,6331,5747,2850,1
2026-08-23 09:55:14.503386,6241,4386,0,1
2026-08-23 09:55:14.503406,6329,5770,2937,1
2026-08-23 09:55:14.522854,6295,3731,6,1
2026-08-23 09:55:14.522874,6343,5315,3157,1
2026-08-23 09:55:14.522894,6230,4083,0,1
2026-08-23 09:55:14.522914,6341,5550,2819,1
2026-08-23 09:55:14.522934,6236,4306,0,1
2026-08-23 09:55:14.522954,6321,5720,3058,1
2026-08-23 09:55:14.522974,6248,4415,16,1
2026-08-23 09:55:14.522994,6341,5773,3329,1
2026-08-23 09:55:14.523014,6231,4400,0,1
2026-08-23 09:55:14.523034,6335,5734,3127,1
2026-08-23 09:55:14.523054,6239,4474,0,1
2026-08-23 09:55:14.523074,6287,5674,1421,1
2026-08-23 09:55:14.523094,6129,4494,0,1
2026-08-23 09:55:14.542890,6356,5468,3140,1
2026-08-23 09:55:14.542910,6221,4214,0,1
2026-08-23 09:55:14.542930,6341,5580,3248,1
2026-08-23 09:55:14.542950,6243,4300,3,1
2026-08-23 09:55:14.542970,6333,5640,2866,1
2026-08-23 09:55:14.542990,6226,4356,0,1
2026-08-23 09:55:14.543010,6325,5698,2835,1
2026-08-23 09:55:14.543030,6236,4420,9,1
2026-08-23 09:55:14.543050,6336,5757,3361,1
2026-08-23 09:55:14.543070,6225,4379,0,1
2026-08-23 09:55:14.543090,6341,5732,3015,1
2026-08-23 09:55:14.543110,6122,4390,0,1
2026-08-23 09:55:14.543130,6343,5797,3239,1
2026-08-23 09:55:14.562714,6293,3696,0,1
2026-08-23 09:55:14.562734,6353,5331,3221,1
2026-08-23 09:55:14.562754,6230,4100,0,1
2026-08-23 09:55:14.562774,6367,5587,3212,1
2026-08-23 09:55:14.562794,6242,4344,4,1
2026-08-23 09:55:14.562814,6340,5697,3192,1
2026-08-23 09:55:14.562834,6238,4353,0,1
2026-08-23 09:55:14.562854,6333,5720,2820,1
2026-08-23 09:55:14.562874,6235,4424,0,1
2026-08-23 09:55:14.562894,6343,5817,3080,1
2026-08-23 09:55:14.562914,6231,4417,0,1
2026-08-23 09:55:14.562934,6342,5812,3259,1
2026-08-23 09:55:14.562954,6237,4379,0,1
2026-08-23 09:55:14.582933,6355,5470,2811,1
2026-08-23 09:55:14.582953,6252,4190,0,1
2026-08-23 09:55:14.582973,6336,5550,2980,1
2026-08-23 09:55:14.582993,6219,4250,0,1
2026-08-23 09:55:14.583013,6334,5641,3015,1
2026-08-23 09:55:14.583033,6233,4349,0,1
2026-08-23 09:55:14.583053,6264,5493,728,1
2026-08-23 09:55:14.583073,6235,4425,0,1
2026-08-23 09:55:14.583093,6321,5793,2759,1
2026-08-23 09:55:14.583113,6279,4457,0,1
2026-08-23 09:55:14.583133,6310,5790,3021,1
2026-08-23 09:55:14.583153,6245,4390,0,1
2026-08-23 09:55:14.583173,6346,5764,3157,1
2026-08-23 09:55:14.602720,6272,3722,0,1
2026-08-23 09:55:14.602740,6340,5312,2910,1
2026-08-23 09:55:14.602760,6241,4143,0,1
2026-08-23 09:55:14.602780,6311,5521,2252,1
2026-08-23 09:55:14.602800,6240,4330,0,1
2026-08-23 09:55:14.602820,6335,5775,3164,1
2026-08-23 09:55:14.602840,6227,4399,0,1
2026-08-23 09:55:14.602860,6342,5804,3284,1
2026-08-23 09:55:14.602880,6229,4442,3,1
2026-08-23 09:55:14.602900,6337,5801,3037,1
2026-08-23 09:55:14.602920,6238,4442,0,1
2026-08-23 09:55:14.602940,6322,5780,2824,1
2026-08-23 09:55:14.602960,6252,4438,0,1
2026-08-23 09:55:14.622703,6314,5448,2088,1
2026-08-23 09:55:14.622723,6238,4212,0,1
2026-08-23 09:55:14.622743,6346,5573,2761,1
2026-08-23 09:55:14.622763,6221,4261,0,1
2026-08-23 09:55:14.622783,6338,5704,3105,1
2026-08-23 09:55:14.622803,6235,4297,0,1
2026-08-23 09:55:14.622823,6333,5719,3106,1
2026-08-23 09:55:14.622843,6217,4320,0,1
2026-08-23 09:55:14.622863,6338,5762,3208,1
2026-08-23 09:55:14.622883,6229,4392,14,1
2026-08-23 09:55:14.622903,6334,5735,2923,1
2026-08-23 09:55:14.622923,6230,4364,0,1
2026-08-23 09:55:14.622943,6335,5744,2849,1
2026-08-23 09:55:14.642524,6302,3699,0,1
2026-08-23 09:55:14.642544,6302,5335,3242,1
2026-08-23 09:55:14.642564,6233,4130,0,1
2026-08-23 09:55:14.642584,6329,5539,2865,1
2026-08-23 09:55:14.642604,6236,4283,0,1
2026-08-23 09:55:14.642624,6326,5741,2962,1
2026-08-23 09:55:14.642644,6243,4390,6,1
2026-08-23 09:55:14.642664,6341,5810,3419,1
2026-08-23 09:55:14.642684,6119,4377,0,1
2026-08-23 09:55:14.642704,6348,5763,3119,1
2026-08-23 09:55:14.642724,6220,4436,0,1
2026-08-23 09:55:14.642744,6354,5852,3476,1
2026-08-23 09:55:14.642764,6258,4357,0,1
2026-08-23 09:55:14.662532,6353,5479,3431,1
2026-08-23 09:55:14.662552,6220,4153,0,1
2026-08-23 09:55:14.662572,6342,5532,3228,1
2026-08-23 09:55:14.662592,6238,4221,0,1
2026-08-23 09:55:14.662612,6335,5602,2912,1
2026-08-23 09:55:14.662632,6222,4267,0,1
2026-08-23 09:55:14.662652,6331,5708,2815,1
2026-08-23 09:55:14.662672,6240,4392,6,1
2026-08-23 09:55:14.662692,6338,5740,3091,1
2026-08-23 09:55:14.662712,6223,4366,0,1
2026-08-23 09:55:14.662732,6332,5753,2990,1
2026-08-23 09:55:14.662752,6237,4411,0,1
2026-08-23 09:55:14.662772,6311,5723,2117,1
2026-08-23 09:55:14.682431,6286,3767,0,1
2026-08-23 09:55:14.682451,6350,5394,3236,1
2026-08-23 09:55:14.682471,6234,4136,0,1
2026-08-23 09:55:14.682491,6338,5596,3196,1
2026-08-23 09:55:14.682511,6235,4305,0,1
2026-08-23 09:55:14.682531,6325,5763,3244,1
2026-08-23 09:55:14.682551,6228,4329,0,1
2026-08-23 09:55:14.682571,6335,5723,2844,1
2026-08-23 09:55:14.682591,6233,4403,0,1
2026-08-23 09:55:14.682611,6319,5815,2959,1
2026-08-23 09:55:14.682631,6243,4436,15,1
2026-08-23 09:55:14.682651,6346,5850,3406,1
2026-08-23 09:55:14.682671,6238,4380,0,1
2026-08-23 09:55:14.702473,6332,5441,2747,1
2026-08-23 09:55:14.702493,6240,4168,0,1
2026-08-23 09:55:14.702513,6335,5542,2586,1
2026-08-23 09:55:14.702533,6232,4276,0,1
2026-08-23 09:55:14.702553,6332,5692,3037,1
2026-08-23 09:55:14.702573,6225,4305,0,1
2026-08-23 09:55:14.702593,6345,5736,3442,1
2026-08-23 09:55:14.702613,6251,4320,0,1
2026-08-23 09:55:14.702633,6332,5716,2845,1
2026-08-23 09:55:14.702653,6221,4364,0,1
2026-08-23 09:55:14.702673,6323,5769,2894,1
2026-08-23 09:55:14.702693,6246,4376,7,1
2026-08-23 09:55:14.702713,6333,5806,3268,1
2026-08-23 09:55:14.722265,6281,3705,0,1
2026-08-23 09:55:14.722285,6331,5324,2856,1
2026-08-23 09:55:14.722305,6232,4131,0,1
2026-08-23 09:55:14.722325,6233,5403,65,1
2026-08-23 09:55:14.722345,6254,4382,0,1
2026-08-23 09:55:14.722365,6325,5812,3206,1
2026-08-23 09:55:14.722385,6226,4398,0,1
2026-08-23 09:55:14.722405,6347,5809,3181,1
2026-08-23 09:55:14.722425,6235,4444,0,1
2026-08-23 09:55:14.722445,6339,5822,3138,1
2026-08-23 09:55:14.722465,6228,4409,0,1
2026-08-23 09:55:14.722485,6320,5808,2899,1
2026-08-23 09:55:14.722505,6252,4424,0,1
2026-08-23 09:55:14.742177,6354,5555,3338,1
2026-08-23 09:55:14.742197,6233,4149,0,1
2026-08-23 09:55:14.742217,6326,5535,2810,1
2026-08-23 09:55:14.742237,6214,4240,0,1
2026-08-23 09:55:14.742257,6335,5651,2874,1
2026-08-23 09:55:14.742277,6238,4326,4,1
2026-08-23 09:55:14.742297,6340,5756,3284,1
2026-08-23 09:55:14.742317,6219,4347,0,1
2026-08-23 09:55:14.742337,6338,5730,3039,1
2026-08-23 09:55:14.742357,6239,4384,0,1
2026-08-23 09:55:14.742377,6344,5777,3169,1
2026-08-23 09:55:14.742397,6236,4350,0,1
2026-08-23 09:55:14.742417,6324,5736,2809,1
2026-08-23 09:55:14.762063,6275,3715,0,1
2026-08-23 09:55:14.762083,6352,5356,3526,1
2026-08-23 09:55:14.762103,6241,4057,0,1
2026-08-23 09:55:14.762123,6326,5533,2927,1
2026-08-23 09:55:14.762143,6229,4272,0,1
2026-08-23 09:55:14.762163,6332,5679,2873,1
2026-08-23 09:55:14.762183,6245,4363,0,1
2026-08-23 09:55:14.762203,6324,5709,2496,1
2026-08-23 09:55:14.762223,6253,4414,0,1
2026-08-23 09:55:14.762243,6334,5836,3172,1
2026-08-23 09:55:14.762263,6231,4436,0,1
2026-08-23 09:55:14.762283,6343,5812,3279,1
2026-08-23 09:55:14.762303,6248,4427,7,1
2026-08-23 09:55:14.781998,6356,5486,3202,1
2026-08-23 09:55:14.782018,6223,4127,0,1
2026-08-23 09:55:14.782038,6338,5543,3050,1
2026-08-23 09:55:14.782058,6236,4247,0,1
2026-08-23 09:55:14.782078,6336,5663,3133,1
2026-08-23 09:55:14.782098,6231,4297,0,1
2026-08-23 09:55:14.782118,6329,5667,2737,1
2026-08-23 09:55:14.782138,6234,4406,0,1
2026-08-23 09:55:14.782158,6208,5488,0,1
2026-08-23 09:55:14.782178,6245,4441,0,1
2026-08-23 09:55:14.782198,6337,5843,3104,1
2026-08-23 09:55:14.782218,6229,4396,0,1
2026-08-23 09:55:14.782238,6359,5810,3416,1
2026-08-23 09:55:14.801742,6293,3717,5,1
2026-08-23 09:55:14.801762,6356,5373,3437,1
2026-08-23 09:55:14.801782,6240,4128,0,1
2026-08-23 09:55:14.801802,6335,5591,3146,1
2026-08-23 09:55:14.801822,6229,4284,0,1
2026-08-23 09:55:14.801842,6335,5757,3413,1
2026-08-23 09:55:14.801862,6236,4352,15,1
2026-08-23 09:55:14.801882,6435,5735,2940,1
2026-08-23 09:55:14.801902,6226,4395,0,1
2026-08-23 09:55:14.801922,6331,5806,2832,1
2026-08-23 09:55:14.801942,6240,4433,0,1
2026-08-23 09:55:14.801962,6318,5765,2423,1
2026-08-23 09:55:14.801982,6252,4461,0,1
2026-08-23 09:55:14.821782,6356,5491,3184,1
2026-08-23 09:55:14.821802,6245,4209,0,1
2026-08-23 09:55:14.821822,6337,5606,3041,1
2026-08-23 09:55:14.821842,6238,4228,0,1
2026-08-23 09:55:14.821862,6339,5650,3136,1
2026-08-23 09:55:14.821882,6226,4271,0,1
2026-08-23 09:55:14.821902,6340,5731,3153,1
2026-08-23 09:55:14.821922,6254,4385,1,1
2026-08-23 09:55:14.821942,6274,5728,2973,1
2026-08-23 09:55:14.821962,6221,4388,0,1
2026-08-23 09:55:14.821982,6326,5733,2770,1
2026-08-23 09:55:14.822002,6247,4403,0,1
2026-08-23 09:55:14.822022,6349,5806,3324,1
2026-08-23 09:55:16.183132,6283,3716,0,1
2026-08-23 09:55:16.183152,6343,5336,2880,1
2026-08-23 09:55:16.183172,6236,4139,0,1
2026-08-23 09:55:16.183192,6337,5587,2974,1
2026-08-23 09:55:16.183212,6244,4312,6,1
2026-08-23 09:55:16.183232,6339,5760,3398,1
2026-08-23 09:55:16.183252,6241,4361,0,1
2026-08-23 09:55:16.183272,6336,5777,3118,1
2026-08-23 09:55:16.183292,6232,4393,0,1
2026-08-23 09:55:16.183312,6342,5842,3456,1
2026-08-23 09:55:16.183332,6236,4398,0,1
2026-08-23 09:55:16.183352,6444,5775,2897,1
2026-08-23 09:55:16.183372,6226,4430,0,1
2026-08-23 09:55:16.183392,6332,5776,2915,1
2026-08-23 09:55:16.183412,6245,4464,34,1
2026-08-23 09:55:16.183432,6341,5794,3394,1
2026-08-23 09:55:16.183452,6230,4411,0,1
2026-08-23 09:55:16.183472,6345,5775,3138,1
2026-08-23 09:55:16.183492,6216,4425,0,1
2026-08-23 09:55:16.183512,6349,5808,3389,1
2026-08-23 09:55:16.183532,6243,4384,24,1
2026-08-23 09:55:16.183552,6331,5792,2929,1
2026-08-23 09:55:16.183572,6234,4398,0,1
2026-08-23 09:55:16.183592,6328,5776,2844,1
2026-08-23 09:55:16.183612,6254,4433,0,1
2026-08-23 09:55:16.183632,6298,5740,1942,1
2026-08-23 09:55:16.183652,6228,4468,0,1
2026-08-23 09:55:16.183672,6339,5868,3113,1
2026-08-23 09:55:16.183692,6233,4477,0,1
2026-08-23 09:55:16.183712,6341,5849,3324,1
2026-08-23 09:55:16.183732,6241,4430,1,1
2026-08-23 09:55:16.183752,6326,5778,2875,1
2026-08-23 09:55:16.183772,6230,4429,0,1
2026-08-23 09:55:16.183792,6328,5786,2699,1
2026-08-23 09:55:16.183812,6238,4449,0,1
2026-08-23 09:55:16.183832,6182,5801,2841,1
2026-08-23 09:55:16.183852,6232,4464,0,1
2026-08-23 09:55:16.183872,6337,5809,3110,1
2026-08-23 09:55:16.183892,6236,4424,0,1
2026-08-23 09:55:16.183912,6335,5878,3317,1
2026-08-23 09:55:16.183932,6238,4465,4,1
2026-08-23 09:55:16.183952,6333,5808,2960,1
2026-08-23 09:55:16.183972,6232,4446,0,1
2026-08-23 09:55:16.183992,6332,5769,2812,1
2026-08-23 09:55:16.184012,6240,4465,0,1
2026-08-23 09:55:16.184032,6272,5682,948,1
2026-08-23 09:55:16.184052,6243,4497,0,1
2026-08-23 09:55:16.184072,6331,5875,3107,1
2026-08-23 09:55:16.184092,6229,4463,0,1
2026-08-23 09:55:16.184112,6346,5871,3301,1
2026-08-23 09:55:16.184132,6237,4437,2,1
2026-08-23 09:55:16.184152,6336,5837,2956,1
2026-08-23 09:55:16.184172,6226,4463,0,1
2026-08-23 09:55:16.184192,6329,5823,2808,1
2026-08-23 09:55:16.184212,6237,4454,0,1
2026-08-23 09:55:16.184232,6333,5819,2720,1
2026-08-23 09:55:16.184252,6234,4469,0,1
2026-08-23 09:55:16.184272,6342,5802,3122,1
2026-08-23 09:55:16.184292,6220,4425,0,1
2026-08-23 09:55:16.184312,6339,5863,3331,1
2026-08-23 09:55:16.184332,6237,4447,8,1
2026-08-23 09:55:16.184352,6342,5785,2946,1
2026-08-23 09:55:16.184372,6224,4435,0,1
2026-08-23 09:55:16.184392,6336,5771,2813,1
2026-08-23 09:55:16.184412,6237,4461,0,1
2026-08-23 09:55:16.184432,6257,5549,592,1
2026-08-23 09:55:16.184452,6246,4521,0,1
2026-08-23 09:55:16.184472,6338,5883,3118,1
2026-08-23 09:55:16.184492,6214,4455,0,1
2026-08-23 09:55:16.184512,6346,5883,3311,1
2026-08-23 09:55:16.184532,6233,4472,13,1
2026-08-23 09:55:16.184552,6326,5824,2964,1
2026-08-23 09:55:16.184572,6235,4438,0,1
2026-08-23 09:55:16.184592,6334,5820,2833,1
2026-08-23 09:55:16.184612,6232,4485,0,1
2026-08-23 09:55:16.184632,6315,5770,2631,1
2026-08-23 09:55:16.184652,6238,4474,0,1
2026-08-23 09:55:16.184672,6335,5838,3129,1
2026-08-23 09:55:16.184692,6232,4439,0,1
2026-08-23 09:55:16.184712,6333,5859,3330,1
2026-08-23 09:55:16.184732,6227,4459,4,1
2026-08-23 09:55:16.184752,6342,5784,2945,1
2026-08-23 09:55:16.184772,6231,4421,0,1
2026-08-23 09:55:16.184792,6323,5823,2823,1
2026-08-23 09:55:16.184812,6248,4461,0,1
2026-08-23 09:55:16.184832,6284,5685,1000,1
2026-08-23 09:55:16.184852,6246,4498,0,1
2026-08-23 09:55:16.184872,6324,5850,3102,1
2026-08-23 09:55:16.184892,6222,4487,0,1
2026-08-23 09:55:16.184912,6342,5846,3311,1
2026-08-23 09:55:16.184932,6248,4461,13,1
2026-08-23 09:55:16.184952,6317,5794,2948,1
2026-08-23 09:55:16.184972,6227,4407,0,1
2026-08-23 09:55:16.184992,6326,5829,2819,1
2026-08-23 09:55:16.185012,6235,4447,0,1
2026-08-23 09:55:16.185032,6336,5820,2891,1
2026-08-23 09:55:16.185052,6224,4422,0,1
2026-08-23 09:55:16.185072,6335,5828,3099,1
2026-08-23 09:55:16.185092,6228,4452,0,1
2026-08-23 09:55:16.185112,6357,5854,3332,1
2026-08-23 09:55:16.185132,6239,4432,0,1
2026-08-23 09:55:16.185152,6331,5773,2918,1
2026-08-23 09:55:16.185172,6302,4441,0,1
2026-08-23 09:55:16.185192,6329,5782,2795,1
2026-08-23 09:55:16.185212,6228,4442,0,1
2026-08-23 09:55:16.185232,6296,5695,1645,1
2026-08-23 09:55:16.185252,6241,4480,0,1
2026-08-23 09:55:16.185272,6328,5887,3126,1
2026-08-23 09:55:16.185292,6224,4496,0,1
2026-08-23 09:55:16.185312,6354,5928,3332,1
2026-08-23 09:55:16.185332,6232,4460,2,1
2026-08-23 09:55:16.185352,6339,5819,2926,1
2026-08-23 09:55:16.185372,6234,4450,0,1
2026-08-23 09:55:16.185392,6331,5784,2820,1
2026-08-23 09:55:16.185412,6241,4442,0,1
2026-08-23 09:55:16.185432,6338,5850,3015,1
2026-08-23 09:55:16.185452,6238,4438,0,1
2026-08-23 09:55:16.185472,6426,5814,3090,1
2026-08-23 09:55:16.185492,6240,4412,0,1
2026-08-23 09:55:16.185512,6346,5810,3364,1
2026-08-23 09:55:16.185532,6243,4406,4,1
2026-08-23 09:55:16.185552,6332,5800,2931,1
2026-08-23 09:55:16.185572,6234,4406,0,1
2026-08-23 09:55:16.185592,6330,5810,2845,1
2026-08-23 09:55:16.185612,6243,4443,0,1
2026-08-23 09:55:16.185632,6310,5715,2008,1
2026-08-23 09:55:16.185652,6240,4459,0,1
2026-08-23 09:55:16.185672,6336,5828,3099,1
2026-08-23 09:55:16.185692,6236,4456,0,1
2026-08-23 09:55:16.185712,6345,5843,3363,1
2026-08-23 09:55:16.185732,6238,4455,2,1
2026-08-23 09:55:16.185752,6331,5765,2888,1
2026-08-23 09:55:16.185772,6240,4415,0,1
2026-08-23 09:55:16.185792,6318,5791,2828,1
2026-08-23 09:55:16.185812,6234,4481,0,1
2026-08-23 09:55:16.185832,6318,5847,3253,1
2026-08-23 09:55:16.185852,6231,4426,0,1
2026-08-23 09:55:16.185872,6344,5798,3052,1
2026-08-23 09:55:16.185892,6228,4441,0,1
2026-08-23 09:55:16.185912,6345,5842,3420,1
2026-08-23 09:55:16.185932,6234,4401,0,1
2026-08-23 09:55:16.185952,6330,5758,2895,1
2026-08-23 09:55:16.185972,6235,4411,0,1
2026-08-23 09:55:16.185992,6332,5776,2861,1
2026-08-23 09:55:16.186012,6246,4447,12,1
2026-08-23 09:55:16.186032,6331,5778,2859,1
2026-08-23 09:55:16.186052,6201,4451,0,1
2026-08-23 09:55:16.186072,6336,5798,3130,1
2026-08-23 09:55:16.186092,6230,4457,0,1
2026-08-23 09:55:16.186112,6343,5853,3437,1
2026-08-23 09:55:16.186132,6230,4433,0,1
2026-08-23 09:55:16.186152,6332,5799,2861,1
2026-08-23 09:55:16.186172,6170,4430,0,1
2026-08-23 09:55:16.186192,6338,5781,2887,1
2026-08-23 09:55:16.186212,6242,4429,1,1
2026-08-23 09:55:16.186232,6345,5816,3418,1
2026-08-23 09:55:16.186252,6240,4421,0,1
2026-08-23 09:55:16.186272,6324,5815,3058,1
2026-08-23 09:55:16.186292,6231,4441,0,1
2026-08-23 09:55:16.186312,6228,5538,0,1
2026-08-23 09:55:16.186332,6236,4524,0,1
2026-08-23 09:55:16.186352,6336,5862,2878,1
2026-08-23 09:55:16.186372,6235,4486,0,1
2026-08-23 09:55:16.186392,6343,5832,2882,1
2026-08-23 09:55:16.186412,6231,4471,17,1
2026-08-23 09:55:16.186432,6344,5837,3400,1
2026-08-23 09:55:16.186452,6228,4439,0,1
2026-08-23 09:55:16.186472,6335,5796,3048,1
2026-08-23 09:55:16.186492,6233,4460,0,1
2026-08-23 09:55:16.186512,6184,5447,0,1
2026-08-23 09:55:16.186532,6227,4429,0,1
2026-08-23 09:55:16.186552,6329,5736,2820,1
2026-08-23 09:55:16.186572,6234,4397,0,1
2026-08-23 09:55:16.186592,6337,5822,2938,1
2026-08-23 09:55:16.186612,6236,4418,0,1
2026-08-23 09:55:16.186632,6343,5802,3332,1
2026-08-23 09:55:16.186652,6223,4426,0,1
2026-08-23 09:55:16.186672,6340,5815,3086,1
2026-08-23 09:55:16.186692,6238,4406,0,1
2026-08-23 09:55:16.186712,6325,5772,2414,1
2026-08-23 09:55:16.186732,6241,4424,0,1
2026-08-23 09:55:16.186752,6327,5817,2861,1
2026-08-23 09:55:16.186772,6232,4441,0,1
2026-08-23 09:55:16.186792,6327,5856,2968,1
2026-08-23 09:55:16.186812,6234,4468,12,1
2026-08-23 09:55:16.186832,6332,5852,3312,1
2026-08-23 09:55:16.186852,6227,4393,0,1
2026-08-23 09:55:16.186872,6327,5795,3090,1
2026-08-23 09:55:16.186892,6234,4413,0,1
2026-08-23 09:55:16.186912,6285,5733,1655,1
2026-08-23 09:55:16.186932,6247,4468,0,1
2026-08-23 09:55:16.186952,6386,5819,2786,1
2026-08-23 09:55:16.186972,6222,4465,0,1
2026-08-23 09:55:16.186992,6334,5866,3016,1
2026-08-23 09:55:16.187012,6234,4475,11,1
2026-08-23 09:55:16.187032,6342,5826,3272,1
2026-08-23 09:55:16.187052,6225,4414,0,1
2026-08-23 09:55:16.187072,6335,5839,3109,1
2026-08-23 09:55:16.187092,6245,4468,0,1
2026-08-23 09:55:16.187112,6337,5815,3243,1
2026-08-23 09:55:16.187132,6231,4431,0,1
2026-08-23 09:55:16.187152,6332,5763,2814,1
2026-08-23 09:55:16.187172,6228,4413,0,1
2026-08-23 09:55:16.187192,6344,5830,3018,1
2026-08-23 09:55:16.187212,6238,4457,7,1
2026-08-23 09:55:16.187232,6361,5798,3264,1
2026-08-23 09:55:16.187252,6221,4428,0,1
2026-08-23 09:55:16.187272,6346,5798,3107,1
2026-08-23 09:55:16.187292,6237,4464,0,1
2026-08-23 09:55:16.187312,6337,5789,2624,1
2026-08-23 09:55:16.187332,6249,4421,0,1
2026-08-23 09:55:16.187352,6339,5786,2785,1
2026-08-23 09:55:16.187372,6234,4489,0,1
2026-08-23 09:55:16.187392,6330,5847,3095,1
2026-08-23 09:55:16.187412,6231,4454,0,1
2026-08-23 09:55:16.187432,6333,5825,3217,1
2026-08-23 09:55:16.187452,6236,4408,0,1
2026-08-23 09:55:16.187472,6345,5809,3129,1
2026-08-23 09:55:16.187492,6242,4470,0,1
2026-08-23 09:55:16.187512,6340,5817,3196,1
2026-08-23 09:55:16.187532,6231,4427,0,1
2026-08-23 09:55:16.187552,6337,5764,2800,1
2026-08-23 09:55:16.187572,6235,4432,0,1
2026-08-23 09:55:16.187592,6349,5803,3044,1
2026-08-23 09:55:16.187612,6246,4410,0,1
2026-08-23 09:55:16.187632,6338,5801,3208,1
2026-08-23 09:55:16.187652,6225,4422,0,1
2026-08-23 09:55:16.187672,6341,5798,3572,1
2026-08-23 09:55:16.187692,6246,4451,0,1
2026-08-23 09:55:16.187712,6352,5833,3159,1
2026-08-23 09:55:16.187732,6222,4404,0,1
2026-08-23 09:55:16.187752,6333,5770,2778,1
2026-08-23 09:55:16.187772,6239,4432,0,1
2026-08-23 09:55:16.187792,6215,5814,3162,1
2026-08-23 09:55:16.187812,6233,4416,0,1
2026-08-23 09:55:16.187832,6337,5797,3164,1
2026-08-23 09:55:16.187852,6232,4375,0,1
2026-08-23 09:55:16.187872,6342,5804,3170,1
2026-08-23 09:55:16.187892,6239,4444,7,1
2026-08-23 09:55:16.187912,6343,5825,3148,1
2026-08-23 09:55:16.187932,6234,4429,0,1
2026-08-23 09:55:16.187952,6369,5762,2793,1
2026-08-23 09:55:16.187972,6241,4457,0,1
2026-08-23 09:55:16.187992,6329,5835,3154,1
2026-08-23 09:55:16.188012,6233,4425,0,1
2026-08-23 09:55:16.188032,6340,5789,3171,1
2026-08-23 09:55:16.188052,6225,4385,0,1
2026-08-23 09:55:16.188072,6341,5820,3176,1
2026-08-23 09:55:16.188092,6251,4432,18,1
2026-08-23 09:55:16.188112,6335,5827,3089,1
2026-08-23 09:55:16.188132,6236,4430,0,1
2026-08-23 09:55:16.188152,6335,5767,2773,1
2026-08-23 09:55:16.188172,6236,4429,0,1
2026-08-23 09:55:16.188192,6181,5495,0,1
2026-08-23 09:55:16.188212,6234,4395,0,1
2026-08-23 09:55:16.188232,6335,5818,3148,1
2026-08-23 09:55:16.188252,6226,4424,0,1
2026-08-23 09:55:16.188272,6330,5833,3216,1
2026-08-23 09:55:16.188292,6240,4401,4,1
2026-08-23 09:55:16.188312,6340,5816,3042,1
2026-08-23 09:55:16.188332,6232,4396,0,1
2026-08-23 09:55:16.188352,6336,5768,2804,1
2026-08-23 09:55:16.188372,6240,4461,0,1
2026-08-23 09:55:16.188392,6333,5846,3236,1
2026-08-23 09:55:16.188412,6230,4369,0,1
2026-08-23 09:55:16.188432,6326,5772,3132,1
2026-08-23 09:55:16.188452,6222,4423,0,1
2026-08-23 09:55:16.188472,6339,5818,3184,1
2026-08-23 09:55:16.188492,6245,4411,6,1
2026-08-23 09:55:16.188512,6340,5778,3015,1
2026-08-23 09:55:16.188532,6241,4397,0,1
2026-08-23 09:55:16.188552,6322,5808,2795,1
2026-08-23 09:55:16.188572,6239,4437,0,1
2026-08-23 09:55:16.188592,6276,5722,1233,1
2026-08-23 09:55:16.188612,6245,4492,0,1
2026-08-23 09:55:16.188632,6345,5888,3129,1
2026-08-23 09:55:16.188652,6285,4478,0,1
2026-08-23 09:55:16.188672,6333,5871,3265,1
2026-08-23 09:55:16.188692,6242,4437,13,1
2026-08-23 09:55:16.188712,6345,5828,3014,1
2026-08-23 09:55:16.188732,6210,4407,0,1
2026-08-23 09:55:16.188752,6328,5806,2808,1
2026-08-23 09:55:16.188772,6238,4455,0,1
2026-08-23 09:55:16.188792,6213,5528,0,1
2026-08-23 09:55:16.188812,6226,4404,0,1
2026-08-23 09:55:16.188832,6342,5792,3132,1
2026-08-23 09:55:16.188852,6230,4384,0,1
2026-08-23 09:55:16.188872,6336,5834,3247,1
2026-08-23 09:55:16.188892,6248,4414,0,1
2026-08-23 09:55:16.188912,6336,5811,2995,1
2026-08-23 09:55:16.188932,6232,4436,0,1
2026-08-23 09:55:16.188952,6331,5792,2792,1
2026-08-23 09:55:16.188972,6241,4436,0,1
2026-08-23 09:55:16.188992,6286,5710,1786,1
2026-08-23 09:55:16.189012,6241,4497,0,1
2026-08-23 09:55:16.189032,6340,5857,3122,1
2026-08-23 09:55:16.189052,6231,4441,0,1
2026-08-23 09:55:16.189072,6344,5843,3281,1
2026-08-23 09:55:16.189092,6241,4449,7,1
2026-08-23 09:55:16.189112,6345,5831,3002,1
2026-08-23 09:55:16.189132,6231,4447,0,1
2026-08-23 09:55:16.189152,6338,5783,2816,1
2026-08-23 09:55:16.189172,6235,4481,0,1
2026-08-23 09:55:16.189192,6197,5551,0,1
2026-08-23 09:55:16.189212,6239,4507,0,1
2026-08-23 09:55:16.189232,6339,5839,3259,1
2026-08-23 09:55:16.189252,6226,4484,0,1
2026-08-23 09:55:16.189272,6346,5840,3263,1
2026-08-23 09:55:16.189292,6242,4464,9,1
2026-08-23 09:55:16.189312,6339,5790,2973,1
2026-08-23 09:55:16.189332,6231,4446,0,1
2026-08-23 09:55:16.189352,6382,5780,2805,1
2026-08-23 09:55:16.189372,6236,4479,0,1
2026-08-23 09:55:16.189392,6302,5770,2180,1
2026-08-23 09:55:16.189412,6229,4497,0,1
2026-08-23 09:55:16.189432,6346,5831,3105,1
2026-08-23 09:55:16.189452,6216,4440,0,1
2026-08-23 09:55:16.189472,6349,5920,3295,1
2026-08-23 09:55:16.189492,6241,4456,9,1
2026-08-23 09:55:16.189512,6327,5790,2984,1
2026-08-23 09:55:16.189532,6244,4414,0,1
2026-08-23 09:55:16.189552,6330,5815,2802,1
2026-08-23 09:55:16.189572,6244,4446,0,1
2026-08-23 09:55:16.189592,6212,5593,0,1
2026-08-23 09:55:16.189612,6241,4526,0,1
2026-08-23 09:55:16.189632,6339,5888,3126,1
2026-08-23 09:55:16.189652,6229,4451,0,1
2026-08-23 09:55:16.189672,6339,5840,3239,1
2026-08-23 09:55:16.189692,6241,4423,0,1
2026-08-23 09:55:16.189712,6333,5825,2966,1
2026-08-23 09:55:16.189732,6229,4416,0,1
2026-08-23 09:55:16.189752,6334,5795,2806,1
2026-08-23 09:55:16.189772,6241,4489,0,1
2026-08-23 09:55:16.189792,6336,5769,2590,1
2026-08-23 09:55:16.189812,6240,4473,0,1
2026-08-23 09:55:16.189832,6339,5847,3112,1
2026-08-23 09:55:16.189852,6252,4451,0,1
2026-08-23 09:55:16.189872,6348,5857,3321,1
2026-08-23 09:55:16.189892,6241,4442,11,1
2026-08-23 09:55:16.189912,6334,5788,2957,1
2026-08-23 09:55:16.189932,6236,4407,0,1
2026-08-23 09:55:16.189952,6322,5822,2828,1
2026-08-23 09:55:16.189972,6242,4466,0,1
2026-08-23 09:55:16.189992,6281,5662,1094,1
2026-08-23 09:55:16.190012,6192,4518,0,1
2026-08-23 09:55:16.190032,6332,5883,3100,1
2026-08-23 09:55:16.190052,6225,4476,0,1
2026-08-23 09:55:16.190072,6341,5876,3315,1
2026-08-23 09:55:16.190092,6252,4427,3,1
2026-08-23 09:55:16.190112,6348,5772,2937,1
2026-08-23 09:55:16.190132,6232,4448,0,1
2026-08-23 09:55:16.190152,6325,5786,2794,1
2026-08-23 09:55:16.190172,6245,4445,0,1
2026-08-23 09:55:16.190192,6338,5783,2889,1
2026-08-23 09:55:16.190212,6240,4446,0,1
2026-08-23 09:55:16.190232,6340,5806,3105,1
2026-08-23 09:55:16.190252,6228,4425,0,1
2026-08-23 09:55:16.190272,6270,5860,3349,1
2026-08-23 09:55:16.190292,6244,4447,4,1
2026-08-23 09:55:16.190312,6335,5772,2944,1
2026-08-23 09:55:16.190332,6222,4438,0,1
2026-08-23 09:55:16.190352,6329,5796,2836,1
2026-08-23 09:55:16.190372,6238,4441,0,1
2026-08-23 09:55:16.190392,6292,5700,1572,1
2026-08-23 09:55:16.190412,6237,4513,0,1
2026-08-23 09:55:16.190432,6344,5844,3100,1
2026-08-23 09:55:16.190452,6218,4445,0,1
2026-08-23 09:55:16.190472,6342,5879,3334,1
2026-08-23 09:55:16.190492,6243,4448,0,1
2026-08-23 09:55:16.190512,6331,5823,2924,1
2026-08-23 09:55:16.190532,6222,4416,0,1
2026-08-23 09:55:16.190552,6330,5803,2819,1
2026-08-23 09:55:16.190572,6243,4484,0,1
2026-08-23 09:55:16.190592,6334,5832,3021,1
2026-08-23 09:55:16.190612,6247,4421,0,1
2026-08-23 09:55:16.190632,6345,5803,3091,1
2026-08-23 09:55:16.190652,6228,4450,0,1
2026-08-23 09:55:16.190672,6338,5855,3365,1
2026-08-23 09:55:16.190692,6232,4442,0,1
2026-08-23 09:55:16.190712,6340,5775,2932,1
2026-08-23 09:55:16.190732,6243,4417,0,1
2026-08-23 09:55:16.190752,6332,5809,2834,1
2026-08-23 09:55:16.190772,6245,4436,0,1
2026-08-23 09:55:16.190792,6318,5765,2275,1
2026-08-23 09:55:16.190812,6238,4486,0,1
2026-08-23 09:55:16.190832,6342,5827,3099,1
2026-08-23 09:55:16.190852,6230,4463,0,1
2026-08-23 09:55:16.190872,6342,5847,3384,1
2026-08-23 09:55:16.190892,6239,4436,2,1
2026-08-23 09:55:16.190912,6326,5802,2897,1
2026-08-23 09:55:16.190932,6237,4427,0,1
2026-08-23 09:55:16.190952,6336,5808,2845,1
2026-08-23 09:55:16.190972,6242,4431,1,1
2026-08-23 09:55:16.190992,6347,5831,3310,1
2026-08-23 09:55:16.191012,6231,4422,0,1
2026-08-23 09:55:16.191032,6337,5788,3100,1
2026-08-23 09:55:16.191052,6227,4450,0,1
2026-08-23 09:55:16.191072,6270,5827,3422,1
2026-08-23 09:55:16.191092,6232,4434,12,1
2026-08-23 09:55:16.191112,6333,5760,2891,1
2026-08-23 09:55:16.191132,6236,4408,0,1
2026-08-23 09:55:16.191152,6331,5802,2854,1
2026-08-23 09:55:16.191172,6243,4470,7,1
2026-08-23 09:55:16.191192,6346,5810,2875,1
2026-08-23 09:55:16.191212,6228,4411,0,1
2026-08-23 09:55:16.191232,6327,5809,3086,1
2026-08-23 09:55:16.191252,6218,4429,0,1
2026-08-23 09:55:16.191272,6338,5872,3444,1
2026-08-23 09:55:16.191292,6240,4426,0,1
2026-08-23 09:55:16.191312,6347,5765,2851,1
2026-08-23 09:55:16.191332,6236,4400,0,1
2026-08-23 09:55:16.191352,6345,5825,2875,1
2026-08-23 09:55:16.191372,6245,4462,3,1
2026-08-23 09:55:16.191392,6346,5841,3419,1
2026-08-23 09:55:16.191412,6230,4426,0,1
2026-08-23 09:55:16.191432,6341,5820,3094,1
2026-08-23 09:55:16.191452,6232,4433,0,1
2026-08-23 09:55:16.191472,6204,5540,0,1
2026-08-23 09:55:16.191492,6258,4503,0,1
2026-08-23 09:55:16.191512,6335,5843,2861,1
2026-08-23 09:55:16.191532,6233,4452,0,1
2026-08-23 09:55:16.191552,6334,5826,2885,1
2026-08-23 09:55:16.191572,6246,4464,9,1
2026-08-23 09:55:16.191592,6344,5852,3413,1
2026-08-23 09:55:16.191612,6229,4403,0,1
2026-08-23 09:55:16.191632,6337,5831,3049,1
2026-08-23 09:55:16.191652,6232,4463,0,1
2026-08-23 09:55:16.191672,6345,5871,3885,1
2026-08-23 09:55:16.191692,6235,4414,0,1
2026-08-23 09:55:16.191712,6330,5791,2829,1
2026-08-23 09:55:16.191732,6229,4433,0,1
2026-08-23 09:55:16.191752,6365,5819,2924,1
2026-08-23 09:55:16.191772,6225,4452,13,1
2026-08-23 09:55:16.191792,6348,5810,3230,1
2026-08-23 09:55:16.191812,6150,4389,0,1
2026-08-23 09:55:16.191832,6327,5827,3095,1
2026-08-23 09:55:16.191852,6237,4452,0,1
2026-08-23 09:55:16.191872,6311,5702,1989,1
2026-08-23 09:55:16.191892,6245,4449,0,1
2026-08-23 09:55:16.191912,6332,5813,2850,1
2026-08-23 09:55:16.191932,6234,4450,0,1
2026-08-23 09:55:16.191952,6335,5837,2964,1
2026-08-23 09:55:16.191972,6245,4449,10,1
2026-08-23 09:55:16.191992,6346,5832,3188,1
2026-08-23 09:55:16.192012,6245,4406,0,1
2026-08-23 09:55:16.192032,6335,5833,3085,1
2026-08-23 09:55:16.192052,6242,4433,0,1
2026-08-23 09:55:16.192072,6252,5643,658,1
2026-08-23 09:55:16.192092,6242,4532,0,1
2026-08-23 09:55:16.192112,6332,5848,2816,1
2026-08-23 09:55:16.192132,6244,4492,0,1
2026-08-23 09:55:16.192152,6340,5839,2985,1
2026-08-23 09:55:16.192172,6243,4475,58,1
2026-08-23 09:55:16.192192,6336,5867,3205,1
2026-08-23 09:55:16.192212,6225,4447,0,1
2026-08-23 09:55:16.192232,6337,5788,3097,1
2026-08-23 09:55:16.192252,6242,4435,0,1
2026-08-23 09:55:16.192272,6339,5849,3293,1
2026-08-23 09:55:16.192292,6241,4419,0,1
2026-08-23 09:55:16.192312,6329,5788,2836,1
2026-08-23 09:55:16.192332,6231,4434,0,1
2026-08-23 09:55:16.192352,6344,5785,2880,1
2026-08-23 09:55:16.192372,6242,4462,12,1
2026-08-23 09:55:16.192392,6341,5811,3320,1
2026-08-23 09:55:16.192412,6234,4376,0,1
2026-08-23 09:55:16.192432,6337,5783,3087,1
2026-08-23 09:55:16.192452,6238,4434,0,1
2026-08-23 09:55:16.192472,6282,5670,958,1
2026-08-23 09:55:16.192492,6236,4480,0,1
2026-08-23 09:55:16.192512,6343,5831,2818,1
2026-08-23 09:55:16.192532,6243,4436,0,1
2026-08-23 09:55:16.192552,6337,5808,2995,1
2026-08-23 09:55:16.192572,6242,4462,0,1
2026-08-23 09:55:16.192592,6346,5822,3290,1
2026-08-23 09:55:16.192612,6230,4406,0,1
2026-08-23 09:55:16.192632,6338,5801,3105,1
2026-08-23 09:55:16.192652,6242,4455,0,1
2026-08-23 09:55:16.192672,6337,5802,3282,1
2026-08-23 09:55:16.192692,6240,4380,0,1
2026-08-23 09:55:16.192712,6332,5791,2817,1
2026-08-23 09:55:16.192732,6222,4436,0,1
2026-08-23 09:55:16.192752,6343,5782,2984,1
2026-08-23 09:55:16.192772,6250,4412,11,1
2026-08-23 09:55:16.192792,6345,5840,3322,1
2026-08-23 09:55:16.192812,6228,4368,0,1
2026-08-23 09:55:16.192832,6332,5790,3094,1
2026-08-23 09:55:16.192852,6235,4432,0,1
2026-08-23 09:55:16.192872,6270,5667,1329,1
2026-08-23 09:55:16.192892,6236,4480,0,1
2026-08-23 09:55:16.192912,6338,5828,2802,1
2026-08-23 09:55:16.192932,6234,4457,0,1
2026-08-23 09:55:16.192952,6351,5831,2987,1
2026-08-23 09:55:16.192972,6233,4450,2,1
2026-08-23 09:55:16.192992,6335,5835,3291,1
2026-08-23 09:55:16.193012,6230,4425,0,1
2026-08-23 09:55:16.193032,6341,5841,3107,1
2026-08-23 09:55:16.193052,6254,4462,0,1
2026-08-23 09:55:16.193072,6342,5801,2812,1
2026-08-23 09:55:16.193092,6245,4401,0,1
2026-08-23 09:55:16.193112,6334,5781,2828,1
2026-08-23 09:55:16.193132,6241,4421,0,1
2026-08-23 09:55:16.193152,6333,5829,2984,1
2026-08-23 09:55:16.193172,6241,4425,0,1
2026-08-23 09:55:16.193192,6338,5841,3325,1
2026-08-23 09:55:16.193212,6232,4396,0,1
2026-08-23 09:55:16.193232,6339,5830,3096,1
2026-08-23 09:55:16.193252,6231,4415,0,1
2026-08-23 09:55:16.193272,6299,5722,1836,1
2026-08-23 09:55:16.193292,6244,4489,0,1
2026-08-23 09:55:16.193312,6324,5837,2807,1
2026-08-23 09:55:16.193332,6232,4481,0,1
2026-08-23 09:55:16.193352,6342,5827,3014,1
2026-08-23 09:55:16.193372,6238,4456,8,1
2026-08-23 09:55:16.193392,6350,5844,3265,1
2026-08-23 09:55:16.193412,6221,4425,0,1
2026-08-23 09:55:16.193432,6340,5810,3118,1
2026-08-23 09:55:16.193452,6229,4468,0,1
2026-08-23 09:55:16.193472,6343,5819,3266,1
2026-08-23 09:55:16.193492,6235,4403,0,1
2026-08-23 09:55:16.193512,6333,5757,2820,1
2026-08-23 09:55:16.193532,6235,4414,0,1
2026-08-23 09:55:16.193552,6337,5829,3000,1
2026-08-23 09:55:16.193572,6243,4411,9,1
2026-08-23 09:55:16.193592,6342,5853,3280,1
2026-08-23 09:55:16.193612,6227,4420,0,1
2026-08-23 09:55:16.193632,6331,5787,3093,1
2026-08-23 09:55:16.193652,6237,4457,0,1
2026-08-23 09:55:16.193672,6318,5767,2272,1
2026-08-23 09:55:16.193692,6255,4465,0,1
2026-08-23 09:55:16.193712,6337,5794,2794,1
2026-08-23 09:55:16.193732,6240,4442,0,1
2026-08-23 09:55:16.193752,6346,5812,3040,1
2026-08-23 09:55:16.193772,6241,4463,2,1
2026-08-23 09:55:16.193792,6332,5852,3254,1
2026-08-23 09:55:16.193812,6232,4437,0,1
2026-08-23 09:55:16.193832,6337,5836,3086,1
2026-08-23 09:55:16.193852,6232,4428,0,1
2026-08-23 09:55:16.193872,6347,5840,3237,1
2026-08-23 09:55:16.193892,6238,4397,0,1
2026-08-23 09:55:16.193912,6332,5773,2821,1
2026-08-23 09:55:16.193932,6239,4410,0,1
2026-08-23 09:55:16.193952,6335,5829,3025,1
2026-08-23 09:55:16.193972,6240,4433,0,1
2026-08-23 09:55:16.193992,6340,5836,3257,1
2026-08-23 09:55:16.194012,6252,4392,0,1
2026-08-23 09:55:16.194032,6341,5794,3103,1
2026-08-23 09:55:16.194052,6240,4428,0,1
2026-08-23 09:55:16.194072,6325,5773,2630,1
2026-08-23 09:55:16.194092,6219,4464,0,1
2026-08-23 09:55:16.194112,6339,5814,2815,1
2026-08-23 09:55:16.194132,6233,4446,0,1
2026-08-23 09:55:16.194152,6337,5834,3082,1
2026-08-23 09:55:16.194172,6242,4416,0,1
2026-08-23 09:55:16.194192,6352,5803,3201,1
2026-08-23 09:55:16.194212,6214,4422,0,1
2026-08-23 09:55:16.194232,6333,5835,3133,1
2026-08-23 09:55:16.194252,6250,4428,0,1
2026-08-23 09:55:16.194272,6351,5814,3196,1
2026-08-23 09:55:16.194292,6248,4431,0,1
2026-08-23 09:55:16.194312,6332,5758,2800,1
2026-08-23 09:55:16.194332,6234,4456,0,1
2026-08-23 09:55:16.194352,6352,5833,3083,1
2026-08-23 09:55:16.194372,6240,4436,0,1
2026-08-23 09:55:16.194392,6352,5822,3224,1
2026-08-23 09:55:16.194412,6217,4384,0,1
2026-08-23 09:55:16.194432,6338,5788,3087,1
2026-08-23 09:55:16.194452,6247,4426,0,1
2026-08-23 09:55:16.194472,6344,5797,3170,1
2026-08-23 09:55:16.194492,6239,4373,0,1
2026-08-23 09:55:16.194512,6326,5800,2770,1
2026-08-23 09:55:16.194532,6240,4426,0,1
2026-08-23 09:55:16.194552,6336,5832,3166,1
2026-08-23 09:55:16.194572,6236,4385,0,1
2026-08-23 09:55:16.194592,6342,5798,3182,1
2026-08-23 09:55:16.194612,6224,4405,0,1
2026-08-23 09:55:16.194632,6339,5790,3168,1
2026-08-23 09:55:16.194652,6246,4411,5,1
2026-08-23 09:55:16.194672,6343,5788,3179,1
2026-08-23 09:55:16.194692,6238,4391,0,1
2026-08-23 09:55:16.194712,6332,5797,2799,1
2026-08-23 09:55:16.194732,6227,4474,0,1
2026-08-23 09:55:16.194752,6339,5844,3155,1
2026-08-23 09:55:16.194772,6229,4374,0,1
2026-08-23 09:55:16.194792,6342,5813,3168,1
2026-08-23 09:55:16.194812,6230,4419,0,1
2026-08-23 09:55:16.194832,6331,5821,3179,1
2026-08-23 09:55:16.194852,6250,4415,3,1
2026-08-23 09:55:16.194872,6335,5780,3050,1
2026-08-23 09:55:16.194892,6230,4396,0,1
2026-08-23 09:55:16.194912,6327,5811,2772,1
2026-08-23 09:55:16.194932,6244,4441,0,1
2026-08-23 09:55:16.194952,6218,5581,0,1
2026-08-23 09:55:16.194972,6244,4548,0,1
2026-08-23 09:55:16.194992,6335,5863,3144,1
2026-08-23 09:55:16.195012,6233,4485,0,1
2026-08-23 09:55:16.195032,6346,5864,3220,1
2026-08-23 09:55:16.195052,6256,4461,11,1
2026-08-23 09:55:16.195072,6341,5855,3239,1
2026-08-23 09:55:16.195092,6246,4420,0,1
2026-08-23 09:55:16.195112,6337,5796,2783,1
2026-08-23 09:55:16.195132,6229,4343,0,1
2026-08-23 09:55:16.195152,6345,5861,3277,1
2026-08-23 09:55:16.195172,6232,4371,0,1
2026-08-23 09:55:16.195192,6330,5781,3115,1
2026-08-23 09:55:16.195212,6174,4400,0,1
2026-08-23 09:55:16.195232,6330,5794,3251,1
2026-08-23 09:55:16.195252,6239,4441,11,1
2026-08-23 09:55:16.195272,6336,5812,2987,1
2026-08-23 09:55:16.195292,6237,4375,0,1
2026-08-23 09:55:16.195312,6318,5766,2801,1
2026-08-23 09:55:16.195332,6239,4458,0,1
2026-08-23 09:55:16.195352,6320,5760,2089,1
2026-08-23 09:55:16.195372,6246,4482,0,1
2026-08-23 09:55:16.195392,6348,5826,3116,1
2026-08-23 09:55:16.195412,6227,4426,0,1
2026-08-23 09:55:16.195432,6347,5856,3302,1
2026-08-23 09:55:16.195452,6243,4444,13,1
2026-08-23 09:55:16.195472,6334,5811,2973,1
2026-08-23 09:55:16.195492,6232,4433,0,1
2026-08-23 09:55:16.195512,6328,5792,2820,1
2026-08-23 09:55:16.195532,6253,4461,0,1
2026-08-23 09:55:16.195552,6256,5651,426,1
2026-08-23 09:55:16.195572,6243,4528,0,1
2026-08-23 09:55:16.195592,6330,5853,3106,1
2026-08-23 09:55:16.195612,6235,4442,0,1
2026-08-23 09:55:16.195632,6356,5874,3305,1
2026-08-23 09:55:16.195652,6251,4433,4,1
2026-08-23 09:55:16.195672,6333,5829,2950,1
2026-08-23 09:55:16.195692,6232,4415,0,1
2026-08-23 09:55:16.195712,6338,5822,2812,1
2026-08-23 09:55:16.195732,6242,4472,0,1
2026-08-23 09:55:16.195752,6337,5776,2840,1
2026-08-23 09:55:16.195772,6240,4418,0,1
2026-08-23 09:55:16.195792,6340,5808,3100,1
2026-08-23 09:55:16.195812,6233,4416,0,1
2026-08-23 09:55:16.195832,6342,5837,3344,1
2026-08-23 09:55:16.195852,6247,4425,19,1
2026-08-23 09:55:16.195872,6335,5808,2949,1
2026-08-23 09:55:16.195892,6226,4403,0,1
2026-08-23 09:55:16.195912,6333,5804,2826,1
2026-08-23 09:55:16.195932,6241,4468,0,1
2026-08-23 09:55:16.195952,6298,5689,1614,1
2026-08-23 09:55:16.195972,6248,4492,0,1
2026-08-23 09:55:16.195992,6346,5850,3104,1
2026-08-23 09:55:16.196012,6231,4446,0,1
2026-08-23 09:55:16.196032,6343,5882,3331,1
2026-08-23 09:55:16.196052,6242,4467,4,1
2026-08-23 09:55:16.196072,6335,5810,2933,1
2026-08-23 09:55:16.196092,6235,4416,0,1
2026-08-23 09:55:16.196112,6335,5823,2827,1
2026-08-23 09:55:16.196132,6245,4476,0,1
2026-08-23 09:55:16.196152,6334,5852,3018,1
2026-08-23 09:55:16.196172,6230,4416,0,1
2026-08-23 09:55:16.196192,6333,5804,3085,1
2026-08-23 09:55:16.196212,6234,4425,0,1
2026-08-23 09:55:16.196232,6345,5866,3361,1
2026-08-23 09:55:16.196252,6242,4421,4,1
2026-08-23 09:55:16.196272,6339,5779,2933,1
2026-08-23 09:55:16.196292,6236,4418,0,1
2026-08-23 09:55:16.196312,6338,5778,2824,1
2026-08-23 09:55:16.196332,6247,4469,0,1
2026-08-23 09:55:16.196352,6317,5738,2219,1
2026-08-23 09:55:16.196372,6240,4483,0,1
2026-08-23 09:55:16.196392,6342,5866,3093,1
2026-08-23 09:55:16.196412,6242,4416,0,1
2026-08-23 09:55:16.196432,6349,5860,3372,1
2026-08-23 09:55:16.196452,6243,4415,0,1
2026-08-23 09:55:16.196472,6329,5775,2906,1
2026-08-23 09:55:16.196492,6237,4441,0,1
2026-08-23 09:55:16.196512,6328,5818,2845,1
2026-08-23 09:55:16.196532,6253,4433,0,1
2026-08-23 09:55:16.196552,6349,5820,3293,1
2026-08-23 09:55:16.196572,6234,4433,0,1
2026-08-23 09:55:16.196592,6343,5794,3088,1
2026-08-23 09:55:16.196612,6234,4412,0,1
2026-08-23 09:55:16.196632,6348,5857,3420,1
2026-08-23 09:55:16.196652,6235,4427,0,1
2026-08-23 09:55:16.196672,6334,5773,2895,1
2026-08-23 09:55:16.196692,6236,4405,0,1
2026-08-23 09:55:16.196712,6333,5789,2845,1
2026-08-23 09:55:16.196732,6246,4444,0,1
2026-08-23 09:55:16.196752,6340,5832,2839,1
2026-08-23 09:55:16.196772,6234,4446,0,1
2026-08-23 09:55:16.196792,6332,5853,3083,1
2026-08-23 09:55:16.196812,6237,4463,0,1
2026-08-23 09:55:16.196832,6349,5865,3420,1
2026-08-23 09:55:16.196852,6238,4390,67,1
2026-08-23 09:55:16.196872,6327,5797,2876,1
2026-08-23 09:55:16.196892,6245,4420,0,1
2026-08-23 09:55:16.196912,6343,5811,2858,1
2026-08-23 09:55:16.196932,6249,4435,2,1
2026-08-23 09:55:16.196952,6349,5842,3452,1
2026-08-23 09:55:16.196972,6228,4411,0,1
2026-08-23 09:55:16.196992,6320,5827,3083,1
2026-08-23 09:55:16.197012,6235,4424,0,1
2026-08-23 09:55:16.197032,6239,5617,0,1
2026-08-23 09:55:16.197052,6234,4420,0,1
2026-08-23 09:55:16.197072,6334,5795,2879,1
2026-08-23 09:55:16.197092,6232,4425,0,1
2026-08-23 09:55:16.197112,6352,5828,2878,1
2026-08-23 09:55:16.197132,6243,4467,10,1
2026-08-23 09:55:16.197152,6346,5797,3167,1
2026-08-23 09:55:16.197172,6234,4408,0,1
2026-08-23 09:55:16.197192,6335,5827,3082,1
2026-08-23 09:55:16.197212,6234,4439,0,1
2026-08-23 09:55:16.197232,6348,5844,3480,1
2026-08-23 09:55:16.197252,6239,4412,0,1
2026-08-23 09:55:16.197272,6338,5787,2862,1
2026-08-23 09:55:16.197292,6206,4393,0,1
2026-08-23 09:55:16.197312,6341,5821,2855,1
2026-08-23 09:55:16.197332,6246,4453,25,1
2026-08-23 09:55:16.197352,6345,5874,3405,1
2026-08-23 09:55:16.197372,6227,4378,0,1
2026-08-23 09:55:16.197392,6336,5816,3080,1
2026-08-23 09:55:16.197412,6240,4426,0,1
2026-08-23 09:55:16.197432,6244,5645,318,1
2026-08-23 09:55:16.197452,6264,4497,0,1
2026-08-23 09:55:16.197472,6338,5849,2853,1
2026-08-23 09:55:16.197492,6236,4468,0,1
2026-08-23 09:55:16.197512,6328,5901,2897,1
2026-08-23 09:55:16.197532,6250,4473,22,1
2026-08-23 09:55:16.197552,6349,5854,3385,1
2026-08-23 09:55:16.197572,6231,4417,0,1
2026-08-23 09:55:16.197592,6343,5802,3059,1
2026-08-23 09:55:16.197612,6238,4425,0,1
2026-08-23 09:55:16.197632,6193,5473,0,1
2026-08-23 09:55:16.197652,6244,4423,0,1
2026-08-23 09:55:16.197672,6338,5818,2823,1
2026-08-23 09:55:16.197692,6234,4477,0,1
2026-08-23 09:55:16.197712,6339,5854,2963,1
2026-08-23 09:55:16.197732,6091,4433,6,1
2026-08-23 09:55:16.197752,6345,5827,3327,1
2026-08-23 09:55:16.197772,6224,4405,0,1
2026-08-23 09:55:16.197792,6339,5828,3092,1
2026-08-23 09:55:16.197812,6246,4432,0,1
2026-08-23 09:55:16.197832,6325,5793,2530,1
2026-08-23 09:55:16.197852,6245,4419,0,1
2026-08-23 09:55:16.197872,6336,5816,2822,1
2026-08-23 09:55:16.197892,6232,4462,0,1
2026-08-23 09:55:16.197912,6338,5803,2957,1
2026-08-23 09:55:16.197932,6236,4465,15,1
2026-08-23 09:55:16.197952,6343,5812,3294,1
2026-08-23 09:55:16.197972,6224,4430,0,1
2026-08-23 09:55:16.197992,6346,5797,3092,1
2026-08-23 09:55:16.198012,6238,4459,0,1
2026-08-23 09:55:16.198032,6307,5762,2084,1
2026-08-23 09:55:16.198052,6246,4448,0,1
2026-08-23 09:55:16.198072,6338,5840,2794,1
2026-08-23 09:55:16.198092,6238,4456,0,1
2026-08-23 09:55:16.198112,6333,5864,3033,1
2026-08-23 09:55:16.198132,6236,4424,0,1
2026-08-23 09:55:16.198152,6341,5838,3248,1
2026-08-23 09:55:16.198172,6221,4406,0,1
2026-08-23 09:55:16.198192,6342,5793,3118,1
2026-08-23 09:55:16.198212,6245,4459,0,1
2026-08-23 09:55:16.198232,6341,5819,3226,1
2026-08-23 09:55:16.198252,6236,4394,0,1
2026-08-23 09:55:16.198272,6327,5797,2796,1
2026-08-23 09:55:16.198292,6243,4438,0,1
2026-08-23 09:55:16.198312,6352,5798,3189,1
2026-08-23 09:55:16.261668,6306,2799,13,1
2026-08-23 09:55:16.261688,6359,4638,3328,1
2026-08-23 09:55:16.261708,6244,3627,35,1
2026-08-23 09:55:16.261729,6349,5281,3658,1
2026-08-23 09:55:16.261749,6240,4037,4,1
2026-08-23 09:55:16.261769,6341,5500,3317,1
2026-08-23 09:55:16.261789,6241,4233,3,1
2026-08-23 09:55:16.261808,6350,5651,3671,1
2026-08-23 09:55:16.261828,6232,4277,17,1
2026-08-23 09:55:16.261848,6356,5740,3659,1
2026-08-23 09:55:16.261868,6253,4325,11,1
2026-08-23 09:55:16.261889,6349,5744,3324,1
2026-08-23 09:55:16.261909,6239,4375,0,1
2026-08-23 09:55:16.261929,6340,5760,3335,1
2026-08-23 09:55:16.261949,6239,4378,6,1
2026-08-23 09:55:16.261969,6349,5760,3317,1
2026-08-23 09:55:16.261988,6245,4376,1,1
2026-08-23 09:55:16.262008,6348,5750,3317,1
2026-08-23 09:55:16.262028,6242,4382,0,1
2026-08-23 09:55:16.262048,6354,5758,3679,1
2026-08-23 09:55:16.262069,6252,4383,3,1
2026-08-23 09:55:16.262089,6348,5801,3673,1
2026-08-23 09:55:16.262109,6248,4355,5,1
2026-08-23 09:55:16.262129,6351,5784,3656,1
2026-08-23 09:55:16.262148,6236,4373,12,1
2026-08-23 09:55:16.262168,6354,5763,3322,1
2026-08-23 09:55:16.262188,6247,4393,12,1
2026-08-23 09:55:16.262208,6336,5731,3322,1
2026-08-23 09:55:16.262228,6244,4382,16,1
2026-08-23 09:55:16.262249,6337,5745,3322,1
2026-08-23 09:55:16.262269,6245,4338,1,1
2026-08-23 09:55:16.262289,6350,5730,3289,1
2026-08-23 09:55:16.262309,6234,4345,11,1
2026-08-23 09:55:16.262328,6349,5732,3327,1
2026-08-23 09:55:16.262348,6242,4374,327,1
2026-08-23 09:55:16.262368,6345,5740,3314,1
2026-08-23 09:55:16.262388,6265,4329,14,1
2026-08-23 09:55:16.262408,6346,5702,3321,1
2026-08-23 09:55:16.280696,6294,2914,6,1
2026-08-23 09:55:16.280716,6354,4786,3321,1
2026-08-23 09:55:16.280736,6258,3727,2,1
2026-08-23 09:55:16.280756,6350,5286,3331,1
2026-08-23 09:55:16.280776,6248,4025,5,1
2026-08-23 09:55:16.280796,6348,5512,3335,1
2026-08-23 09:55:16.280816,6244,4208,6,1
2026-08-23 09:55:16.280836,6344,5668,3328,1
2026-08-23 09:55:16.280856,6248,4295,12,1
2026-08-23 09:55:16.280876,6344,5697,3310,1
2026-08-23 09:55:16.280896,6247,4360,263,1
2026-08-23 09:55:16.280916,6355,5727,3733,1
2026-08-23 09:55:16.298668,6293,3790,5,1
2026-08-23 09:55:16.298688,6346,5404,3668,1
2026-08-23 09:55:16.298708,6244,4120,6,1
2026-08-23 09:55:16.298728,6345,5575,3656,1
2026-08-23 09:55:16.298748,6236,4262,5,1
2026-08-23 09:55:16.298768,6344,5680,3328,1
2026-08-23 09:55:16.298788,6242,4346,9,1
2026-08-23 09:55:16.298808,6343,5715,3325,1
2026-08-23 09:55:16.298828,6252,4347,8,1
2026-08-23 09:55:16.298848,6340,5734,3311,1
2026-08-23 09:55:16.298868,6256,4378,7,1
2026-08-23 09:55:16.298888,6351,5765,3350,1
2026-08-23 09:55:16.316752,6298,3851,17,1
2026-08-23 09:55:16.316772,6348,5378,3336,1
2026-08-23 09:55:16.316792,6237,4160,0,1
2026-08-23 09:55:16.316812,6348,5576,3323,1
2026-08-23 09:55:16.316832,6244,4252,7,1
2026-08-23 09:55:16.316852,6349,5680,3324,1
2026-08-23 09:55:16.316872,6256,4347,5,1
2026-08-23 09:55:16.316892,6347,5741,3316,1
2026-08-23 09:55:16.316912,6253,4338,11,1
2026-08-23 09:55:16.316932,6342,5738,3300,1
2026-08-23 09:55:16.316952,6256,4374,6,1
2026-08-23 09:55:16.316972,6358,5776,3714,1
2026-08-23 09:55:16.334641,6302,3838,3,1
2026-08-23 09:55:16.334661,6365,5404,3716,1
2026-08-23 09:55:16.334681,6256,4156,2,1
2026-08-23 09:55:16.334701,6356,5607,3648,1
2026-08-23 09:55:16.334721,6243,4295,22,1
2026-08-23 09:55:16.334741,6343,5675,3328,1
2026-08-23 09:55:16.334761,6245,4340,10,1
2026-08-23 09:55:16.334780,6344,5668,3306,1
2026-08-23 09:55:16.334800,6245,4337,13,1
2026-08-23 09:55:16.334821,6346,5721,3273,1
2026-08-23 09:55:16.334841,6257,4336,7,1
2026-08-23 09:55:16.334861,6357,5682,3337,1
2026-08-23 09:55:16.354466,6304,3857,7,1
2026-08-23 09:55:16.354486,6350,5369,3320,1
2026-08-23 09:55:16.354506,6244,4129,9,1
2026-08-23 09:55:16.354527,6332,5526,3314,1
2026-08-23 09:55:16.354547,6241,4279,0,1
2026-08-23 09:55:16.354567,6345,5654,3323,1
2026-08-23 09:55:16.354587,6242,4316,15,1
2026-08-23 09:55:16.354607,6345,5689,3325,1
2026-08-23 09:55:16.354626,6249,4341,17,1
2026-08-23 09:55:16.354646,6340,5743,3328,1
2026-08-23 09:55:16.354666,6240,4363,4,1
2026-08-23 09:55:16.354686,6344,5722,3335,1
2026-08-23 09:55:16.354707,6265,4338,16,1
2026-08-23 09:55:16.372721,6367,5403,3346,1
2026-08-23 09:55:16.372741,6244,4129,3,1
2026-08-23 09:55:16.372761,6338,5490,3322,1
2026-08-23 09:55:16.372782,6254,4214,10,1
2026-08-23 09:55:16.372802,6352,5591,3321,1
2026-08-23 09:55:16.372822,6276,4238,4,1
2026-08-23 09:55:16.372842,6346,5587,3321,1
2026-08-23 09:55:16.372861,6243,4289,5,1
2026-08-23 09:55:16.372881,6318,5678,3314,1
2026-08-23 09:55:16.372901,6232,4319,0,1
2026-08-23 09:55:16.372921,6343,5659,3329,1
2026-08-23 09:55:16.372941,6257,4289,11,1
2026-08-23 09:55:16.392559,6371,5388,3244,1
2026-08-23 09:55:16.392579,6255,4171,19,1
2026-08-23 09:55:16.392599,6335,5518,3138,1
2026-08-23 09:55:16.392619,6238,4273,0,1
2026-08-23 09:55:16.392639,6338,5578,3059,1
2026-08-23 09:55:16.392659,6245,4318,0,1
2026-08-23 09:55:16.392679,6347,5646,3137,1
2026-08-23 09:55:16.392699,6242,4360,6,1
2026-08-23 09:55:16.392719,6349,5729,3768,1
2026-08-23 09:55:16.392739,6240,4362,8,1
2026-08-23 09:55:16.392759,6338,5695,3405,1
2026-08-23 09:55:16.392779,6237,4366,0,1
2026-08-23 09:55:16.392799,6344,5733,3338,1
2026-08-23 09:55:16.412453,6314,3762,0,1
2026-08-23 09:55:16.412473,6354,5280,3036,1
2026-08-23 09:55:16.412493,6253,4123,0,1
2026-08-23 09:55:16.412513,6351,5558,2971,1
2026-08-23 09:55:16.412534,6245,4339,0,1
2026-08-23 09:55:16.412554,6359,5678,3203,1
2026-08-23 09:55:16.412574,6247,4393,3,1
2026-08-23 09:55:16.412594,6351,5774,3397,1
2026-08-23 09:55:16.412613,6240,4335,0,1
2026-08-23 09:55:16.412633,6346,5745,3225,1
2026-08-23 09:55:16.412653,6237,4425,0,1
2026-08-23 09:55:16.412673,6354,5804,3399,1
2026-08-23 09:55:16.412694,6261,4413,9,1
2026-08-23 09:55:16.432270,6359,5449,3197,1
2026-08-23 09:55:16.432290,6239,4168,0,1
2026-08-23 09:55:16.432310,6344,5526,3058,1
2026-08-23 09:55:16.432330,6229,4322,0,1
2026-08-23 09:55:16.432350,6202,5413,0,1
2026-08-23 09:55:16.432370,6248,4416,0,1
2026-08-23 09:55:16.432390,6345,5722,2862,1
2026-08-23 09:55:16.432410,6239,4449,0,1
2026-08-23 09:55:16.432430,6343,5767,2899,1
2026-08-23 09:55:16.432450,6256,4432,6,1
2026-08-23 09:55:16.432470,6340,5789,3386,1
2026-08-23 09:55:16.432490,6231,4414,0,1
2026-08-23 09:55:16.432510,6352,5728,3103,1
2026-08-23 09:55:16.452014,6302,3765,0,1
2026-08-23 09:55:16.452034,6363,5356,3226,1
2026-08-23 09:55:16.452054,6247,4107,0,1
2026-08-23 09:55:16.452074,6348,5553,3264,1
2026-08-23 09:55:16.452094,6232,4306,0,1
2026-08-23 09:55:16.452114,6350,5688,3179,1
2026-08-23 09:55:16.452134,6245,4412,0,1
2026-08-23 09:55:16.452154,6346,5776,3319,1
2026-08-23 09:55:16.452174,6239,4370,0,1
2026-08-23 09:55:16.452194,6338,5707,2880,1
2026-08-23 09:55:16.452214,6240,4409,0,1
2026-08-23 09:55:16.452234,6342,5752,2966,1
2026-08-23 09:55:16.452254,6255,4462,17,1
2026-08-23 09:55:16.472122,6354,5417,2912,1
2026-08-23 09:55:16.472142,6237,4176,0,1
2026-08-23 09:55:16.472162,6337,5524,2772,1
2026-08-23 09:55:16.472182,6259,4343,2,1
2026-08-23 09:55:16.472202,6340,5653,3336,1
2026-08-23 09:55:16.472222,6241,4350,0,1
2026-08-23 09:55:16.472242,6344,5676,3008,1
2026-08-23 09:55:16.472262,6239,4417,0,1
2026-08-23 09:55:16.472282,6343,5693,2801,1
2026-08-23 09:55:16.472302,6246,4393,0,1
2026-08-23 09:55:16.472322,6344,5742,2753,1
2026-08-23 09:55:16.472342,6245,4440,0,1
2026-08-23 09:55:16.472362,6364,5746,3289,1
2026-08-23 09:55:16.492005,6304,3677,0,1
2026-08-23 09:55:16.492025,6350,5238,2912,1
2026-08-23 09:55:16.492045,6251,4107,0,1
2026-08-23 09:55:16.492065,6334,5562,2882,1
2026-08-23 09:55:16.492085,6252,4351,0,1
2026-08-23 09:55:16.492105,6346,5685,3245,1
2026-08-23 09:55:16.492125,6238,4398,0,1
2026-08-23 09:55:16.492145,6347,5733,3122,1
2026-08-23 09:55:16.492165,6224,4448,0,1
2026-08-23 09:55:16.492185,6349,5820,3357,1
2026-08-23 09:55:16.492205,6247,4442,0,1
2026-08-23 09:55:16.492225,6340,5777,2976,1
2026-08-23 09:55:16.492245,6243,4401,0,1
2026-08-23 09:55:16.512019,6357,5461,3136,1
2026-08-23 09:55:16.512039,6253,4187,0,1
2026-08-23 09:55:16.512059,6344,5520,3000,1
2026-08-23 09:55:16.512079,6240,4290,0,1
2026-08-23 09:55:16.512100,6335,5573,2737,1
2026-08-23 09:55:16.512120,6241,4385,0,1
2026-08-23 09:55:16.512140,6363,5724,3192,1
2026-08-23 09:55:16.512160,6236,4387,0,1
2026-08-23 09:55:16.512179,6342,5708,3008,1
2026-08-23 09:55:16.512199,6233,4395,0,1
2026-08-23 09:55:16.512219,6325,5679,2296,1
2026-08-23 09:55:16.512239,6253,4449,0,1
2026-08-23 09:55:16.512259,6344,5732,2781,1
2026-08-23 09:55:16.531672,6274,3789,0,1
2026-08-23 09:55:16.531692,6360,5365,3442,1
2026-08-23 09:55:16.531712,6252,4082,0,1
2026-08-23 09:55:16.531732,6333,5517,2939,1
2026-08-23 09:55:16.531752,6240,4320,0,1
2026-08-23 09:55:16.531772,6340,5694,2851,1
2026-08-23 09:55:16.531792,6245,4413,0,1
2026-08-23 09:55:16.531812,6327,5691,2596,1
2026-08-23 09:55:16.531832,6243,4431,0,1
2026-08-23 09:55:16.531852,6338,5783,3153,1
2026-08-23 09:55:16.531872,6239,4444,0,1
2026-08-23 09:55:16.531892,6348,5794,3331,1
2026-08-23 09:55:16.531912,6261,4452,14,1
2026-08-23 09:55:16.549715,6359,5461,3193,1
2026-08-23 09:55:16.549735,6224,4175,0,1
2026-08-23 09:55:16.549755,6345,5562,3129,1
2026-08-23 09:55:16.549775,6264,4279,5,1
2026-08-23 09:55:16.549795,6336,5605,2968,1
2026-08-23 09:55:16.549815,6234,4364,0,1
2026-08-23 09:55:16.549835,6334,5680,2763,1
2026-08-23 09:55:16.549855,6251,4436,0,1
2026-08-23 09:55:16.549875,6349,5728,3243,1
2026-08-23 09:55:16.549895,6242,4382,0,1
2026-08-23 09:55:16.549915,6340,5745,3042,1
2026-08-23 09:55:16.549935,6255,4392,0,1
2026-08-23 09:55:16.566973,6372,5482,3261,1
2026-08-23 09:55:16.566993,6232,4114,0,1
2026-08-23 09:55:16.567013,6333,5546,2976,1
2026-08-23 09:55:16.567033,6235,4284,0,1
2026-08-23 09:55:16.567053,6352,5676,3465,1
2026-08-23 09:55:16.567073,6237,4295,0,1
2026-08-23 09:55:16.567093,6332,5603,2727,1
2026-08-23 09:55:16.567113,6231,4355,0,1
2026-08-23 09:55:16.567133,6341,5741,3007,1
2026-08-23 09:55:16.567153,6247,4411,0,1
2026-08-23 09:55:16.567173,6336,5732,3144,1
2026-08-23 09:55:16.567193,6256,4300,0,1
2026-08-23 09:55:16.584228,6350,5478,2739,1
2026-08-23 09:55:16.584248,6250,4264,0,1
2026-08-23 09:55:16.584268,6291,5434,1240,1
2026-08-23 09:55:16.584288,6257,4372,0,1
2026-08-23 09:55:16.584308,6338,5678,2995,1
2026-08-23 09:55:16.584328,6224,4421,0,1
2026-08-23 09:55:16.584348,6347,5758,4210,1
2026-08-23 09:55:16.584368,6241,4407,0,1
2026-08-23 09:55:16.584388,6435,5708,2755,1
2026-08-23 09:55:16.584408,6235,4454,0,1
2026-08-23 09:55:16.584428,6342,5717,3092,1
2026-08-23 09:55:16.584448,6271,4416,15,1
2026-08-23 09:55:16.601874,6354,5363,2982,1
2026-08-23 09:55:16.601894,6243,4168,0,1
2026-08-23 09:55:16.601914,6348,5510,2722,1
2026-08-23 09:55:16.601934,6241,4343,0,1
2026-08-23 09:55:16.601954,6290,5499,1484,1
2026-08-23 09:55:16.601974,6244,4439,0,1
2026-08-23 09:55:16.601995,6348,5726,3008,1
2026-08-23 09:55:16.602014,6225,4460,0,1
2026-08-23 09:55:16.602034,6356,5821,3503,1
2026-08-23 09:55:16.602054,6235,4434,0,1
2026-08-23 09:55:16.602074,6374,5707,2773,1
2026-08-23 09:55:16.602094,6273,4384,0,1
2026-08-23 09:55:16.619345,6346,5406,3110,1
2026-08-23 09:55:16.619365,6250,4277,0,1
2026-08-23 09:55:16.619385,6341,5579,3160,1
2026-08-23 09:55:16.619405,6246,4299,0,1
2026-08-23 09:55:16.619425,6331,5587,2735,1
2026-08-23 09:55:16.619445,6246,4424,0,1
2026-08-23 09:55:16.619465,6184,5340,0,1
2026-08-23 09:55:16.619485,6224,4355,0,1
2026-08-23 09:55:16.619505,6376,5680,3031,1
2026-08-23 09:55:16.619525,6222,4412,0,1
2026-08-23 09:55:16.619545,6350,5738,3377,1
2026-08-23 09:55:16.619565,6263,4418,0,1
2026-08-23 09:55:16.637135,6354,5343,3185,1
2026-08-23 09:55:16.637155,6222,4159,0,1
2026-08-23 09:55:16.637175,6346,5527,3147,1
2026-08-23 09:55:16.637195,6252,4324,4,1
2026-08-23 09:55:16.637215,6334,5574,2906,1
2026-08-23 09:55:16.637235,6231,4376,0,1
2026-08-23 09:55:16.637255,6335,5685,2805,1
2026-08-23 09:55:16.637275,6249,4454,10,1
2026-08-23 09:55:16.637295,6347,5732,3332,1
2026-08-23 09:55:16.637315,6228,4432,0,1
2026-08-23 09:55:16.637335,6329,5727,3042,1
2026-08-23 09:55:16.637355,6250,4430,0,1
2026-08-23 09:55:16.655078,6356,5364,3119,1
2026-08-23 09:55:16.655098,6231,4174,0,1
2026-08-23 09:55:16.655118,6339,5488,2998,1
2026-08-23 09:55:16.655138,6238,4297,0,1
2026-08-23 09:55:16.655158,6347,5656,3137,1
2026-08-23 09:55:16.655178,6240,4370,0,1
2026-08-23 09:55:16.655198,6330,5648,2731,1
2026-08-23 09:55:16.655218,6248,4426,0,1
2026-08-23 09:55:16.655238,6233,5479,0,1
2026-08-23 09:55:16.655258,6246,4496,0,1
2026-08-23 09:55:16.655278,6338,5773,3020,1
2026-08-23 09:55:16.655298,6257,4449,0,1
2026-08-23 09:55:16.673273,6363,5406,3113,1
2026-08-23 09:55:16.673293,6272,4191,0,1
2026-08-23 09:55:16.673313,6345,5530,3028,1
2026-08-23 09:55:16.673333,6228,4321,0,1
2026-08-23 09:55:16.673353,6344,5665,3287,1
2026-08-23 09:55:16.673373,6236,4339,0,1
2026-08-23 09:55:16.673393,6341,5612,2833,1
2026-08-23 09:55:16.673413,6233,4426,0,1
2026-08-23 09:55:16.673433,6336,5711,2879,1
2026-08-23 09:55:16.673453,6244,4438,11,1
2026-08-23 09:55:16.673473,6352,5729,3242,1
2026-08-23 09:55:16.673493,6234,4381,0,1
2026-08-23 09:55:16.693129,6349,5327,2801,1
2026-08-23 09:55:16.693149,6254,4186,7,1
2026-08-23 09:55:16.693169,6344,5548,3240,1
2026-08-23 09:55:16.693189,6232,4292,0,1
2026-08-23 09:55:16.693209,6336,5579,3042,1
2026-08-23 09:55:16.693229,6248,4383,0,1
2026-08-23 09:55:16.693249,6327,5696,3029,1
2026-08-23 09:55:16.693269,6242,4377,0,1
2026-08-23 09:55:16.693289,6337,5695,2652,1
2026-08-23 09:55:16.693309,6248,4446,0,1
2026-08-23 09:55:16.693329,6319,5671,2246,1
2026-08-23 09:55:16.693349,6244,4466,0,1
2026-08-23 09:55:16.693369,6346,5748,3050,1
2026-08-23 09:55:16.712291,6290,3884,0,1
2026-08-23 09:55:16.712312,6313,5206,1512,1
2026-08-23 09:55:16.712332,6255,4229,0,1
2026-08-23 09:55:16.712352,6352,5575,3216,1
2026-08-23 09:55:16.712372,6234,4374,0,1
2026-08-23 09:55:16.712392,6349,5716,3218,1
2026-08-23 09:55:16.712412,6247,4449,4,1
2026-08-23 09:55:16.712432,6336,5725,3204,1
2026-08-23 09:55:16.712451,6253,4394,0,1
2026-08-23 09:55:16.712471,6335,5691,2840,1
2026-08-23 09:55:16.712492,6234,4475,0,1
2026-08-23 09:55:16.712512,6349,5757,2767,1
2026-08-23 09:55:16.712532,6271,4419,0,1
2026-08-23 09:55:16.731789,6355,5363,2790,1
2026-08-23 09:55:16.731809,6242,4183,0,1
2026-08-23 09:55:16.731829,6329,5510,2738,1
2026-08-23 09:55:16.731849,6235,4380,0,1
2026-08-23 09:55:16.731869,6294,5538,1519,1
2026-08-23 09:55:16.731889,6247,4456,0,1
2026-08-23 09:55:16.731910,6343,5784,3046,1
2026-08-23 09:55:16.731930,6233,4495,0,1
2026-08-23 09:55:16.731949,6343,5805,3363,1
2026-08-23 09:55:16.731969,6244,4439,0,1
2026-08-23 09:55:16.731989,6340,5717,2888,1
2026-08-23 09:55:16.732009,6234,4478,0,1
2026-08-23 09:55:16.732029,6352,5679,3122,1
2026-08-23 09:55:16.751572,6284,3854,0,1
2026-08-23 09:55:16.751592,6337,5326,2889,1
2026-08-23 09:55:16.751612,6247,4165,0,1
2026-08-23 09:55:16.751632,6329,5496,2860,1
2026-08-23 09:55:16.751652,6235,4344,0,1
2026-08-23 09:55:16.751672,6332,5674,2994,1
2026-08-23 09:55:16.751692,6239,4374,23,1
2026-08-23 09:55:16.751712,6349,5706,3392,1
2026-08-23 09:55:16.751732,6239,4402,0,1
2026-08-23 09:55:16.751752,6339,5754,3124,1
2026-08-23 09:55:16.751772,6247,4435,0,1
2026-08-23 09:55:16.751792,6297,5602,185,1
2026-08-23 09:55:16.751812,6260,4401,0,1
2026-08-23 09:55:16.771566,6349,5308,3206,1
2026-08-23 09:55:16.771586,6235,4140,0,1
2026-08-23 09:55:16.771606,6346,5519,3186,1
2026-08-23 09:55:16.771626,6237,4316,0,1
2026-08-23 09:55:16.771646,6334,5615,2974,1
2026-08-23 09:55:16.771666,6238,4368,0,1
2026-08-23 09:55:16.771686,6337,5650,2784,1
2026-08-23 09:55:16.771706,6247,4420,95,1
2026-08-23 09:55:16.771726,6378,5705,3084,1
2026-08-23 09:55:16.771746,6235,4408,0,1
2026-08-23 09:55:16.771766,6339,5710,3050,1
2026-08-23 09:55:16.771786,6242,4458,0,1
2026-08-23 09:55:16.771806,6264,5572,755,1
2026-08-23 09:55:16.791404,6308,3919,8,1
2026-08-23 09:55:16.791424,6357,5370,3338,1
2026-08-23 09:55:16.791444,6236,4181,0,1
2026-08-23 09:55:16.791464,6340,5541,3150,1
2026-08-23 09:55:16.791484,6227,4366,0,1
2026-08-23 09:55:16.791504,6352,5697,3545,1
2026-08-23 09:55:16.791524,6238,4380,0,1
2026-08-23 09:55:16.791544,6341,5688,2905,1
2026-08-23 09:55:16.791564,6237,4431,0,1
2026-08-23 09:55:16.791584,6334,5707,2883,1
2026-08-23 09:55:16.791604,6242,4473,0,1
2026-08-23 09:55:16.791624,6348,5763,3209,1
2026-08-23 09:55:16.791644,6260,4412,0,1
2026-08-23 09:55:16.811320,6353,5281,2778,1
2026-08-23 09:55:16.811340,6242,4180,0,1
2026-08-23 09:55:16.811360,6343,5504,3108,1
2026-08-23 09:55:16.811380,6231,4257,0,1
2026-08-23 09:55:16.811400,6333,5584,3121,1
2026-08-23 09:55:16.811420,6228,4334,0,1
2026-08-23 09:55:16.811440,6343,5710,3191,1
2026-08-23 09:55:16.811460,6249,4435,28,1
2026-08-23 09:55:16.811480,6337,5730,2974,1
2026-08-23 09:55:16.811500,6235,4450,0,1
2026-08-23 09:55:16.811520,6325,5723,2783,1
2026-08-23 09:55:16.811540,6252,4461,0,1
2026-08-23 09:55:16.811560,6368,5745,3317,1
2026-08-23 09:55:16.831189,6292,3851,0,1
2026-08-23 09:55:16.831209,6348,5280,2884,1
2026-08-23 09:55:16.831229,6230,4146,0,1
2026-08-23 09:55:16.831249,6336,5536,2981,1
2026-08-23 09:55:16.831269,6245,4319,6,1
2026-08-23 09:55:16.831289,6326,5676,3403,1
2026-08-23 09:55:16.831309,6230,4355,0,1
2026-08-23 09:55:16.831329,6333,5716,3117,1
2026-08-23 09:55:16.831349,6277,4464,0,1
2026-08-23 09:55:16.831369,6349,5752,3476,1
2026-08-23 09:55:16.831389,6238,4434,0,1
2026-08-23 09:55:16.831409,6335,5716,2893,1
2026-08-23 09:55:16.831429,6247,4408,0,1
2026-08-23 09:55:16.851154,6346,5314,3196,1
2026-08-23 09:55:16.851174,6253,4193,22,1
2026-08-23 09:55:16.851194,6338,5498,2975,1
2026-08-23 09:55:16.851214,6192,4304,0,1
2026-08-23 09:55:16.851234,6324,5572,2774,1
2026-08-23 09:55:16.851254,6239,4387,0,1
2026-08-23 09:55:16.851274,6314,5606,2403,1
2026-08-23 09:55:16.851294,6239,4421,0,1
2026-08-23 09:55:16.851314,6333,5724,3026,1
2026-08-23 09:55:16.851334,6229,4459,0,1
2026-08-23 09:55:16.851354,6340,5810,3533,1
2026-08-23 09:55:16.851374,6245,4388,0,1
2026-08-23 09:55:16.851394,6322,5712,2784,1
2026-08-23 09:55:16.871074,6274,3851,0,1
2026-08-23 09:55:16.871094,6351,5354,3295,1
2026-08-23 09:55:16.871114,6253,4168,10,1
2026-08-23 09:55:16.871134,6332,5527,3146,1
2026-08-23 09:55:16.871154,6227,4287,0,1
2026-08-23 09:55:16.871174,6319,5651,2853,1
2026-08-23 09:55:16.871194,6236,4409,0,1
2026-08-23 09:55:16.871214,6335,5704,3046,1
2026-08-23 09:55:16.871234,6242,4419,0,1
2026-08-23 09:55:16.871254,6341,5752,3313,1
2026-08-23 09:55:16.871274,6228,4451,0,1
2026-08-23 09:55:16.871294,6344,5724,3148,1
2026-08-23 09:55:16.871314,6250,4437,0,1
2026-08-23 09:55:16.890850,6332,5302,2522,1
2026-08-23 09:55:16.890870,6229,4165,0,1
2026-08-23 09:55:16.890890,6374,5525,3027,1
2026-08-23 09:55:16.890910,6223,4308,0,1
2026-08-23 09:55:16.890930,6191,5374,0,1
2026-08-23 09:55:16.890950,6245,4445,0,1
2026-08-23 09:55:16.890970,6334,5730,2810,1
2026-08-23 09:55:16.890990,6162,4437,0,1
2026-08-23 09:55:16.891010,6350,5732,2934,1
2026-08-23 09:55:16.891030,6244,4486,14,1
2026-08-23 09:55:16.891050,6345,5782,3276,1
2026-08-23 09:55:16.891070,6235,4430,0,1
2026-08-23 09:55:16.891090,6348,5733,3153,1
2026-08-23 09:55:16.910649,6288,3834,0,1
2026-08-23 09:55:16.910669,6338,5265,2753,1
2026-08-23 09:55:16.910689,6243,4197,0,1
2026-08-23 09:55:16.910709,6332,5554,3177,1
2026-08-23 09:55:16.910729,6229,4348,0,1
2026-08-23 09:55:16.910749,6343,5717,3244,1
2026-08-23 09:55:16.910769,6231,4420,4,1
2026-08-23 09:55:16.910789,6340,5730,3185,1
2026-08-23 09:55:16.910809,6244,4397,0,1
2026-08-23 09:55:16.910829,6334,5723,2857,1
2026-08-23 09:55:16.910849,6236,4478,0,1
2026-08-23 09:55:16.910869,6338,5761,3031,1
2026-08-23 09:55:16.910889,6259,4418,16,1
2026-08-23 09:55:16.930720,6351,5380,2849,1
2026-08-23 09:55:16.930740,6237,4165,0,1
2026-08-23 09:55:16.930760,6334,5548,2878,1
2026-08-23 09:55:16.930780,6236,4327,14,1
2026-08-23 09:55:16.930800,6329,5663,3256,1
2026-08-23 09:55:16.930820,6222,4338,0,1
2026-08-23 09:55:16.930840,6344,5676,3049,1
2026-08-23 09:55:16.930861,6236,4407,0,1
2026-08-23 09:55:16.930880,6337,5716,3133,1
2026-08-23 09:55:16.930900,6219,4381,0,1
2026-08-23 09:55:16.930920,6329,5724,2761,1
2026-08-23 09:55:16.930940,6241,4409,0,1
2026-08-23 09:55:16.930960,6272,5544,1195,1
2026-08-23 09:55:16.950579,6296,3837,0,1
2026-08-23 09:55:16.950599,6337,5304,2929,1
2026-08-23 09:55:16.950619,6235,4151,0,1
2026-08-23 09:55:16.950639,6327,5525,2894,1
2026-08-23 09:55:16.950660,6240,4359,4,1
2026-08-23 09:55:16.950680,6340,5660,3098,1
2026-08-23 09:55:16.950700,6238,4378,0,1
2026-08-23 09:55:16.950720,6335,5757,3163,1
2026-08-23 09:55:16.950739,6235,4440,0,1
2026-08-23 09:55:16.950759,6338,5785,3296,1
2026-08-23 09:55:16.950779,6242,4420,14,1
2026-08-23 09:55:16.950799,6330,5765,3055,1
2026-08-23 09:55:16.950819,6239,4385,0,1
2026-08-23 09:55:16.970698,6342,5425,3092,1
2026-08-23 09:55:16.970718,6235,4187,0,1
2026-08-23 09:55:16.970738,6277,5395,1482,1
2026-08-23 09:55:16.970758,6235,4340,0,1
2026-08-23 09:55:16.970778,6329,5663,2751,1
2026-08-23 09:55:16.970798,6232,4399,0,1
2026-08-23 09:55:16.970819,6337,5702,3112,1
2026-08-23 09:55:16.970839,6225,4418,0,1
2026-08-23 09:55:16.970858,6343,5728,3303,1
2026-08-23 09:55:16.970878,6218,4386,0,1
2026-08-23 09:55:16.970898,6335,5707,3180,1
2026-08-23 09:55:16.970918,6239,4401,10,1
2026-08-23 09:55:16.970938,6335,5701,2956,1
2026-08-23 09:55:16.990583,6282,3790,0,1
2026-08-23 09:55:16.990603,6352,5331,3166,1
2026-08-23 09:55:16.990623,6233,4145,0,1
2026-08-23 09:55:16.990643,6351,5557,3527,1
2026-08-23 09:55:16.990663,6235,4276,0,1
2026-08-23 09:55:16.990683,6336,5585,2967,1
2026-08-23 09:55:16.990703,6220,4385,0,1
2026-08-23 09:55:16.990723,6325,5686,2890,1
2026-08-23 09:55:16.990743,6239,4455,12,1
2026-08-23 09:55:16.990763,6341,5775,3262,1
2026-08-23 09:55:16.990783,6232,4435,0,1
2026-08-23 09:55:16.990803,6336,5771,3143,1
2026-08-23 09:55:16.990823,6238,4421,0,1
2026-08-23 09:55:17.010540,6348,5411,3042,1
2026-08-23 09:55:17.010560,6244,4154,0,1
2026-08-23 09:55:17.010580,6339,5507,3119,1
2026-08-23 09:55:17.010600,6213,4220,0,1
2026-08-23 09:55:17.010620,6336,5585,3187,1
2026-08-23 09:55:17.010640,6230,4346,6,1
2026-08-23 09:55:17.010660,6335,5680,2932,1
2026-08-23 09:55:17.010680,6224,4384,0,1
2026-08-23 09:55:17.010700,6324,5705,2793,1
2026-08-23 09:55:17.010720,6243,4424,0,1
2026-08-23 09:55:17.010740,6333,5764,3341,1
2026-08-23 09:55:17.010760,6238,4387,0,1
2026-08-23 09:55:17.010780,6312,5746,3083,1
2026-08-23 09:55:17.030423,6279,3797,0,1
2026-08-23 09:55:17.030443,6352,5313,3286,1
2026-08-23 09:55:17.030463,6223,4104,0,1
2026-08-23 09:55:17.030483,6330,5526,3215,1
2026-08-23 09:55:17.030503,6224,4261,0,1
2026-08-23 09:55:17.030523,6341,5650,3196,1
2026-08-23 09:55:17.030543,6227,4403,0,1
2026-08-23 09:55:17.030563,6332,5716,3195,1
2026-08-23 09:55:17.030583,6235,4396,0,1
2026-08-23 09:55:17.030603,6321,5741,2836,1
2026-08-23 09:55:17.030623,6222,4391,0,1
2026-08-23 09:55:17.030643,6342,5751,3088,1
2026-08-23 09:55:17.030663,6253,4460,0,1
2026-08-23 09:55:17.050484,6349,5413,2861,1
2026-08-23 09:55:17.050504,6225,4156,0,1
2026-08-23 09:55:17.050524,6457,5535,2881,1
2026-08-23 09:55:17.050544,6238,4324,5,1
2026-08-23 09:55:17.050564,6330,5612,3211,1
2026-08-23 09:55:17.050584,6214,4328,0,1
2026-08-23 09:55:17.050604,6322,5695,3084,1
2026-08-23 09:55:17.050624,6238,4415,0,1
2026-08-23 09:55:17.050644,6336,5727,3127,1
2026-08-23 09:55:17.050664,6240,4367,0,1
2026-08-23 09:55:17.050684,6323,5715,2729,1
2026-08-23 09:55:17.050704,6231,4424,0,1
2026-08-23 09:55:17.050724,6336,5687,2896,1
2026-08-23 09:55:17.070349,6304,3777,0,1
2026-08-23 09:55:17.070369,6343,5253,2862,1
2026-08-23 09:55:17.070390,6233,4159,0,1
2026-08-23 09:55:17.070410,6327,5561,2924,1
2026-08-23 09:55:17.070430,6234,4355,3,1
2026-08-23 09:55:17.070450,6324,5614,2794,1
2026-08-23 09:55:17.070470,6235,4414,0,1
2026-08-23 09:55:17.070490,6326,5753,3132,1
2026-08-23 09:55:17.070509,6216,4398,0,1
2026-08-23 09:55:17.070529,6342,5791,3330,1
2026-08-23 09:55:17.070549,6237,4418,12,1
2026-08-23 09:55:17.070570,6333,5759,2982,1
2026-08-23 09:55:17.070590,6268,4425,0,1
2026-08-23 09:55:17.090124,6358,5410,3123,1
2026-08-23 09:55:17.090144,6239,4207,0,1
2026-08-23 09:55:17.090164,6221,5532,3135,1
2026-08-23 09:55:17.090184,6230,4282,0,1
2026-08-23 09:55:17.090204,6319,5567,2748,1
2026-08-23 09:55:17.090224,6235,4375,0,1
2026-08-23 09:55:17.090244,6207,5346,0,1
2026-08-23 09:55:17.090264,6211,4307,0,1
2026-08-23 09:55:17.090284,6323,5695,3047,1
2026-08-23 09:55:17.090304,6218,4398,0,1
2026-08-23 09:55:17.090324,6335,5757,3324,1
2026-08-23 09:55:17.090344,6238,4371,0,1
2026-08-23 09:55:17.090364,6332,5696,2838,1
2026-08-23 09:55:17.110004,6273,3764,0,1
2026-08-23 09:55:17.110024,6328,5305,3194,1
2026-08-23 09:55:17.110044,6236,4148,0,1
2026-08-23 09:55:17.110065,6319,5561,3303,1
2026-08-23 09:55:17.110085,6227,4311,0,1
2026-08-23 09:55:17.110105,6326,5615,2909,1
2026-08-23 09:55:17.110125,6214,4408,0,1
2026-08-23 09:55:17.110145,6323,5700,2912,1
2026-08-23 09:55:17.110164,6237,4465,13,1
2026-08-23 09:55:17.110184,6319,5754,2867,1
2026-08-23 09:55:17.110204,6231,4445,0,1
2026-08-23 09:55:17.110224,6338,5786,3151,1
2026-08-23 09:55:17.110245,6236,4408,0,1
2026-08-23 09:55:17.130089,6348,5376,3048,1
2026-08-23 09:55:17.130109,6237,4162,0,1
2026-08-23 09:55:17.130129,6342,5510,3136,1
2026-08-23 09:55:17.130149,6227,4251,0,1
2026-08-23 09:55:17.130169,6329,5617,3160,1
2026-08-23 09:55:17.130189,6231,4360,6,1
2026-08-23 09:55:17.130209,6332,5653,3018,1
2026-08-23 09:55:17.130229,6222,4365,0,1
2026-08-23 09:55:17.130249,6335,5680,2772,1
2026-08-23 09:55:17.130269,6233,4455,0,1
2026-08-23 09:55:17.130289,6247,5589,1456,1
2026-08-23 09:55:17.130309,6024,4463,0,1
2026-08-23 09:55:17.130329,6342,5762,3097,1
2026-08-23 09:55:17.149882,6280,3860,0,1
2026-08-23 09:55:17.149902,6336,5323,3174,1
2026-08-23 09:55:17.149922,6237,4165,0,1
2026-08-23 09:55:17.149942,6331,5507,3294,1
2026-08-23 09:55:17.149962,6225,4292,0,1
2026-08-23 09:55:17.149982,6333,5597,3141,1
2026-08-23 09:55:17.150002,6236,4383,0,1
2026-08-23 09:55:17.150022,6292,5610,1918,1
2026-08-23 09:55:17.150042,6240,4447,0,1
2026-08-23 09:55:17.150062,6321,5786,2901,1
2026-08-23 09:55:17.150082,6229,4456,0,1
2026-08-23 09:55:17.150102,6328,5759,2923,1
2026-08-23 09:55:17.150122,6251,4469,14,1
2026-08-23 09:55:17.169842,6335,5444,2897,1
2026-08-23 09:55:17.169862,6231,4180,0,1
2026-08-23 09:55:17.169882,6319,5527,2763,1
2026-08-23 09:55:17.169902,6238,4279,0,1
2026-08-23 09:55:17.169922,6337,5602,3123,1
2026-08-23 09:55:17.169942,6208,4287,0,1
2026-08-23 09:55:17.169962,6325,5695,3009,1
2026-08-23 09:55:17.169982,6228,4357,0,1
2026-08-23 09:55:17.170002,6238,5515,304,1
2026-08-23 09:55:17.170022,6236,4514,0,1
2026-08-23 09:55:17.170042,6327,5763,2810,1
2026-08-23 09:55:17.170062,6223,4445,0,1
2026-08-23 09:55:17.170082,6322,5800,3012,1
2026-08-23 09:55:17.189688,6287,3761,0,1
2026-08-23 09:55:17.189708,6328,5279,3093,1
2026-08-23 09:55:17.189728,6230,4136,0,1
2026-08-23 09:55:17.189749,6316,5545,2817,1
2026-08-23 09:55:17.189769,6227,4322,0,1
2026-08-23 09:55:17.189789,6326,5685,3140,1
2026-08-23 09:55:17.189809,6228,4398,0,1
2026-08-23 09:55:17.189829,6326,5710,3276,1
2026-08-23 09:55:17.189848,6186,4404,0,1
2026-08-23 09:55:17.189868,6330,5716,3147,1
2026-08-23 09:55:17.189888,6231,4442,0,1
2026-08-23 09:55:17.189909,6322,5759,2839,1
2026-08-23 09:55:17.189929,6251,4371,0,1
2026-08-23 09:55:17.209742,6342,5425,3120,1
2026-08-23 09:55:17.209762,6215,4177,0,1
2026-08-23 09:55:17.209782,6329,5525,3323,1
2026-08-23 09:55:17.209802,6235,4221,0,1
2026-08-23 09:55:17.209822,6328,5594,2834,1
2026-08-23 09:55:17.209842,6151,4291,0,1
2026-08-23 09:55:17.209862,6329,5685,2873,1
2026-08-23 09:55:17.209882,6235,4404,0,1
2026-08-23 09:55:17.209902,6323,5760,3337,1
2026-08-23 09:55:17.209922,6209,4390,0,1
2026-08-23 09:55:17.209942,6322,5761,3036,1
2026-08-23 09:55:17.209962,6238,4415,0,1
2026-08-23 09:55:17.209982,6330,5780,3207,1
2026-08-23 09:55:17.229704,6275,3711,0,1
2026-08-23 09:55:17.229724,6336,5292,3187,1
2026-08-23 09:55:17.229744,6227,4126,0,1
2026-08-23 09:55:17.229764,6333,5580,3252,1
2026-08-23 09:55:17.229784,6226,4300,1,1
2026-08-23 09:55:17.229804,6328,5669,3108,1
2026-08-23 09:55:17.229824,6225,4395,0,1
2026-08-23 09:55:17.229844,6331,5703,2825,1
2026-08-23 09:55:17.229864,6215,4448,0,1
2026-08-23 09:55:17.229884,6327,5759,3169,1
2026-08-23 09:55:17.229904,6226,4423,0,1
2026-08-23 09:55:17.229924,6330,5734,3221,1
2026-08-23 09:55:17.229944,6236,4368,0,1
2026-08-23 09:55:17.249497,6340,5425,2861,1
2026-08-23 09:55:17.249517,6234,4152,9,1
2026-08-23 09:55:17.249537,6335,5522,3299,1
2026-08-23 09:55:17.249557,6204,4199,0,1
2026-08-23 09:55:17.249577,6326,5590,3032,1
2026-08-23 09:55:17.249597,6229,4305,0,1
2026-08-23 09:55:17.249617,6317,5674,2749,1
2026-08-23 09:55:17.249637,6231,4341,0,1
2026-08-23 09:55:17.249657,6310,5681,2738,1
2026-08-23 09:55:17.249677,6218,4434,0,1
2026-08-23 09:55:17.249697,6161,5360,0,1
2026-08-23 09:55:17.249717,6223,4399,0,1
2026-08-23 09:55:17.249737,6318,5751,3110,1
2026-08-23 09:55:17.269299,6275,3738,0,1
2026-08-23 09:55:17.269319,6327,5341,2919,1
2026-08-23 09:55:17.269339,6234,4185,6,1
2026-08-23 09:55:17.269359,6327,5549,3158,1
2026-08-23 09:55:17.269379,6222,4301,0,1
2026-08-23 09:55:17.269399,6339,5713,3138,1
2026-08-23 09:55:17.269419,6216,4373,0,1
2026-08-23 09:55:17.269439,6326,5741,3368,1
2026-08-23 09:55:17.269459,6224,4393,7,1
2026-08-23 09:55:17.269479,6330,5733,3034,1
2026-08-23 09:55:17.269499,6226,4438,0,1
2026-08-23 09:55:17.269519,6317,5735,2851,1
2026-08-23 09:55:17.269539,6238,4421,0,1
2026-08-23 09:55:17.289252,6332,5457,2972,1
2026-08-23 09:55:17.289272,6382,4149,0,1
2026-08-23 09:55:17.289292,6319,5503,2711,1
2026-08-23 09:55:17.289312,6220,4295,0,1
2026-08-23 09:55:17.289332,6179,5251,0,1
2026-08-23 09:55:17.289352,6217,4246,0,1
2026-08-23 09:55:17.289372,6322,5650,3040,1
2026-08-23 09:55:17.289392,6213,4314,0,1
2026-08-23 09:55:17.289412,6332,5692,3347,1
2026-08-23 09:55:17.289432,6223,4386,0,1
2026-08-23 09:55:17.289452,6324,5719,2865,1
2026-08-23 09:55:17.289472,6211,4393,0,1
2026-08-23 09:55:17.289492,6316,5710,2967,1
2026-08-23 09:55:17.309181,6281,3738,0,1
2026-08-23 09:55:17.309201,6338,5304,3193,1
2026-08-23 09:55:17.309221,6236,4122,0,1
2026-08-23 09:55:17.309241,6315,5528,2886,1
2026-08-23 09:55:17.309261,6190,4278,0,1
2026-08-23 09:55:17.309281,6316,5671,2996,1
2026-08-23 09:55:17.309301,6228,4404,14,1
2026-08-23 09:55:17.309321,6326,5767,3398,1
2026-08-23 09:55:17.309341,6222,4363,0,1
2026-08-23 09:55:17.309361,6282,5734,3128,1
2026-08-23 09:55:17.309381,6224,4406,0,1
2026-08-23 09:55:17.309401,6430,5812,3511,1
2026-08-23 09:55:17.309421,6247,4369,0,1
2026-08-23 09:55:17.329279,6343,5405,3156,1
2026-08-23 09:55:17.329299,6212,4105,0,1
2026-08-23 09:55:17.329319,6319,5518,3235,1
2026-08-23 09:55:17.329339,6227,4262,18,1
2026-08-23 09:55:17.329359,6316,5568,2961,1
2026-08-23 09:55:17.329379,6202,4318,0,1
2026-08-23 09:55:17.329399,6327,5645,2810,1
2026-08-23 09:55:17.329419,6220,4418,5,1
2026-08-23 09:55:17.329439,6329,5714,3144,1
2026-08-23 09:55:17.329459,6218,4369,0,1
2026-08-23 09:55:17.329479,6331,5691,3027,1
2026-08-23 09:55:17.329499,6229,4438,0,1
2026-08-23 09:55:17.329519,6309,5716,2533,1
2026-08-23 09:55:17.349165,6293,3730,0,1
2026-08-23 09:55:17.349185,6331,5344,3219,1
2026-08-23 09:55:17.349205,6217,4140,0,1
2026-08-23 09:55:17.349225,6327,5560,3213,1
2026-08-23 09:55:17.349245,6234,4304,9,1
2026-08-23 09:55:17.349265,6348,5694,3201,1
2026-08-23 09:55:17.349285,6221,4356,0,1
2026-08-23 09:55:17.349305,6312,5740,2852,1
2026-08-23 09:55:17.349325,6210,4438,0,1
2026-08-23 09:55:17.349345,6310,5744,2999,1
2026-08-23 09:55:17.349365,6217,4449,5,1
2026-08-23 09:55:17.349385,6319,5763,3336,1
2026-08-23 09:55:17.349405,6228,4365,0,1
2026-08-23 09:55:17.369128,6330,5416,2789,1
2026-08-23 09:55:17.369148,6235,4168,0,1
2026-08-23 09:55:17.369168,6335,5531,3218,1
2026-08-23 09:55:17.369188,6215,4275,0,1
2026-08-23 09:55:17.369208,6320,5608,3008,1
2026-08-23 09:55:17.369228,6224,4311,0,1
2026-08-23 09:55:17.369248,6280,5562,1718,1
2026-08-23 09:55:17.369268,6227,4411,0,1
2026-08-23 09:55:17.369287,6316,5721,2793,1
2026-08-23 09:55:17.369308,6217,4451,0,1
2026-08-23 09:55:17.369328,6309,5785,2990,1
2026-08-23 09:55:17.369348,6236,4419,5,1
2026-08-23 09:55:17.369368,6331,5774,3209,1
2026-08-23 09:55:17.388970,6269,3740,0,1
2026-08-23 09:55:17.388990,6331,5293,2894,1
2026-08-23 09:55:17.389010,6228,4156,0,1
2026-08-23 09:55:17.389030,6314,5513,2673,1
2026-08-23 09:55:17.389050,6227,4298,0,1
2026-08-23 09:55:17.389070,6320,5734,3167,1
2026-08-23 09:55:17.389090,6214,4410,0,1
2026-08-23 09:55:17.389110,6324,5779,3256,1
2026-08-23 09:55:17.389130,6229,4418,16,1
2026-08-23 09:55:17.389150,6310,5755,3111,1
2026-08-23 09:55:17.389170,6213,4443,0,1
2026-08-23 09:55:17.389190,6320,5727,2833,1
2026-08-23 09:55:17.389210,6231,4418,0,1
2026-08-23 09:55:17.408979,6358,5470,3252,1
2026-08-23 09:55:17.408999,6220,4144,0,1
2026-08-23 09:55:17.409019,6308,5497,2795,1
2026-08-23 09:55:17.409039,6215,4237,0,1
2026-08-23 09:55:17.409059,6330,5592,2989,1
2026-08-23 09:55:17.409079,6228,4297,0,1
2026-08-23 09:55:17.409099,6321,5706,3122,1
2026-08-23 09:55:17.409119,6197,4326,0,1
2026-08-23 09:55:17.409139,6326,5700,3140,1
2026-08-23 09:55:17.409159,6232,4421,0,1
2026-08-23 09:55:17.409179,6315,5715,3021,1
2026-08-23 09:55:17.409199,6232,4396,0,1
2026-08-23 09:55:17.409219,6323,5700,2817,1
2026-08-23 09:55:17.428858,6269,3762,0,1
2026-08-23 09:55:17.428878,6311,5235,2579,1
2026-08-23 09:55:17.428898,6223,4159,0,1
2026-08-23 09:55:17.428918,6317,5528,2860,1
2026-08-23 09:55:17.428938,6214,4348,0,1
2026-08-23 09:55:17.428958,6325,5657,2962,1
2026-08-23 09:55:17.428978,6218,4406,4,1
2026-08-23 09:55:17.428998,6332,5755,3415,1
2026-08-23 09:55:17.429018,6222,4407,0,1
2026-08-23 09:55:17.429038,6322,5742,3131,1
2026-08-23 09:55:17.429058,6213,4442,0,1
2026-08-23 09:55:17.429078,6320,5780,3795,1
2026-08-23 09:55:17.429098,6245,4392,0,1
2026-08-23 09:55:17.448893,6336,5448,3168,1
2026-08-23 09:55:17.448913,6206,4140,0,1
2026-08-23 09:55:17.448933,6446,5510,3236,1
2026-08-23 09:55:17.448953,6229,4266,4,1
2026-08-23 09:55:17.448973,6315,5568,2866,1
2026-08-23 09:55:17.448993,6208,4295,0,1
2026-08-23 09:55:17.449013,6314,5653,2802,1
2026-08-23 09:55:17.449033,6220,4400,8,1
2026-08-23 09:55:17.449053,6330,5762,3379,1
2026-08-23 09:55:17.449073,6209,4378,0,1
2026-08-23 09:55:17.449093,6321,5712,3027,1
2026-08-23 09:55:17.449113,6240,4397,0,1
2026-08-23 09:55:17.449133,6321,5722,3019,1
2026-08-23 09:55:17.468756,6276,3749,0,1
2026-08-23 09:55:17.468776,6334,5298,3214,1
2026-08-23 09:55:17.468796,6214,4119,0,1
2026-08-23 09:55:17.468816,6321,5598,3225,1
2026-08-23 09:55:17.468836,6232,4337,19,1
2026-08-23 09:55:17.468856,6322,5711,3120,1
2026-08-23 09:55:17.468876,6224,4392,0,1
2026-08-23 09:55:17.468896,6302,5730,2791,1
2026-08-23 09:55:17.468916,6217,4450,0,1
2026-08-23 09:55:17.468936,6294,5790,3122,1
2026-08-23 09:55:17.468956,6220,4441,0,1
2026-08-23 09:55:17.468976,6324,5785,3248,1
2026-08-23 09:55:17.468996,6223,4404,0,1
2026-08-23 09:55:17.488731,6331,5428,2838,1
2026-08-23 09:55:17.488751,6230,4178,17,1
2026-08-23 09:55:17.488771,6430,5542,3372,1
2026-08-23 09:55:17.488791,6204,4259,0,1
2026-08-23 09:55:17.488811,6314,5603,3011,1
2026-08-23 09:55:17.488832,6227,4319,0,1
2026-08-23 09:55:17.488852,6290,5657,2325,1
2026-08-23 09:55:17.488872,6222,4380,0,1
2026-08-23 09:55:17.488891,6319,5705,2740,1
2026-08-23 09:55:17.488911,6214,4462,0,1
2026-08-23 09:55:17.488931,6319,5794,3167,1
2026-08-23 09:55:17.488951,6232,4363,0,1
2026-08-23 09:55:17.488971,6326,5708,3125,1
2026-08-23 09:55:17.508342,6267,3738,0,1
2026-08-23 09:55:17.508362,6314,5311,2936,1
2026-08-23 09:55:17.508382,6229,4136,13,1
2026-08-23 09:55:17.508402,6313,5547,2963,1
2026-08-23 09:55:17.508422,6209,4326,0,1
2026-08-23 09:55:17.508442,6320,5727,3144,1
2026-08-23 09:55:17.508462,6216,4373,0,1
2026-08-23 09:55:17.508482,6331,5770,3335,1
2026-08-23 09:55:17.508502,6215,4436,10,1
2026-08-23 09:55:17.508522,6315,5768,3002,1
2026-08-23 09:55:17.508542,6228,4404,0,1
2026-08-23 09:55:17.508562,6312,5734,2831,1
2026-08-23 09:55:17.508582,6224,4452,0,1
2026-08-23 09:55:17.525720,6321,5431,2745,1
2026-08-23 09:55:17.525740,6225,4148,0,1
2026-08-23 09:55:17.525760,6315,5528,2731,1
2026-08-23 09:55:17.525780,6223,4310,0,1
2026-08-23 09:55:17.525800,6325,5617,3201,1
2026-08-23 09:55:17.525820,6206,4289,0,1
2026-08-23 09:55:17.525840,6325,5649,3086,1
2026-08-23 09:55:17.525860,6208,4319,0,1
2026-08-23 09:55:17.525880,6325,5706,3109,1
2026-08-23 09:55:17.525900,6230,4367,12,1
2026-08-23 09:55:17.525920,6315,5692,2876,1
2026-08-23 09:55:17.525940,6241,4346,0,1
2026-08-23 09:55:17.542506,6335,5511,3091,1
2026-08-23 09:55:17.542526,6199,4195,0,1
2026-08-23 09:55:17.542547,6190,5340,0,1
2026-08-23 09:55:17.542567,6218,4348,0,1
2026-08-23 09:55:17.542587,6314,5682,2754,1
2026-08-23 09:55:17.542607,6211,4377,0,1
2026-08-23 09:55:17.542627,6302,5729,2940,1
2026-08-23 09:55:17.542646,6219,4428,7,1
2026-08-23 09:55:17.542666,6323,5772,3203,1
2026-08-23 09:55:17.542686,6204,4377,0,1
2026-08-23 09:55:17.542706,6333,5740,3050,1
2026-08-23 09:55:17.542727,6235,4383,8,1
2026-08-23 09:55:17.559628,6335,5580,3183,1
2026-08-23 09:55:17.559648,6206,4226,0,1
2026-08-23 09:55:17.559668,6302,5546,2994,1
2026-08-23 09:55:17.559688,6200,4262,0,1
2026-08-23 09:55:17.559708,6336,5664,3366,1
2026-08-23 09:55:17.559728,6212,4338,0,1
2026-08-23 09:55:17.559748,6309,5651,2785,1
2026-08-23 09:55:17.559767,6215,4348,0,1
2026-08-23 09:55:17.559788,6317,5709,2927,1
2026-08-23 09:55:17.559808,6223,4432,5,1
2026-08-23 09:55:17.559828,6320,5758,2778,1
2026-08-23 09:55:17.559848,6210,4312,0,1
2026-08-23 09:55:17.577600,6326,5460,2728,1
2026-08-23 09:55:17.577620,6215,4258,0,1
2026-08-23 09:55:17.577640,6225,5396,172,1
2026-08-23 09:55:17.577660,6223,4354,0,1
2026-08-23 09:55:17.577680,6318,5745,3164,1
2026-08-23 09:55:17.577700,6205,4402,0,1
2026-08-23 09:55:17.577720,6327,5739,3385,1
2026-08-23 09:55:17.577740,6216,4369,0,1
2026-08-23 09:55:17.577760,6309,5706,2999,1
2026-08-23 09:55:17.577780,6213,4381,0,1
2026-08-23 09:55:17.577800,6315,5720,2886,1
2026-08-23 09:55:17.577820,6228,4386,11,1
2026-08-23 09:55:17.595515,6316,5450,2850,1
2026-08-23 09:55:17.595535,6222,4176,0,1
2026-08-23 09:55:17.595555,6303,5536,2816,1
2026-08-23 09:55:17.595575,6221,4266,12,1
2026-08-23 09:55:17.595595,6322,5608,3217,1
2026-08-23 09:55:17.595615,6196,4302,0,1
2026-08-23 09:55:17.595635,6306,5696,3047,1
2026-08-23 09:55:17.595655,6225,4352,8,1
2026-08-23 09:55:17.595675,6325,5696,3016,1
2026-08-23 09:55:17.595695,6210,4397,0,1
2026-08-23 09:55:17.595715,6312,5702,2762,1
2026-08-23 09:55:17.595735,6231,4382,0,1
2026-08-23 09:55:17.613662,6320,5410,2762,1
2026-08-23 09:55:17.613682,6215,4177,0,1
2026-08-23 09:55:17.613702,6306,5500,2728,1
2026-08-23 09:55:17.613722,6230,4298,0,1
2026-08-23 09:55:17.613742,6319,5681,3371,1
2026-08-23 09:55:17.613762,6197,4318,0,1
2026-08-23 09:55:17.613782,6316,5661,2996,1
2026-08-23 09:55:17.613801,6207,4353,0,1
2026-08-23 09:55:17.613822,6318,5719,3192,1
2026-08-23 09:55:17.613842,6211,4363,0,1
2026-08-23 09:55:17.613862,6307,5701,2749,1
2026-08-23 09:55:17.613882,6228,4374,0,1
2026-08-23 09:55:17.631311,6194,5189,0,1
2026-08-23 09:55:17.631331,6218,4185,0,1
2026-08-23 09:55:17.631351,6318,5560,2686,1
2026-08-23 09:55:17.631371,6221,4289,0,1
2026-08-23 09:55:17.631391,6189,5398,0,1
2026-08-23 09:55:17.631411,6220,4402,0,1
2026-08-23 09:55:17.631431,6312,5730,3031,1
2026-08-23 09:55:17.631451,6204,4408,0,1
2026-08-23 09:55:17.631471,6320,5793,3340,1
2026-08-23 09:55:17.631491,6222,4428,0,1
2026-08-23 09:55:17.631511,6311,5730,2838,1
2026-08-23 09:55:17.631531,6209,4387,0,1
2026-08-23 09:55:17.651143,6330,5460,3094,1
2026-08-23 09:55:17.651163,6232,4169,0,1
2026-08-23 09:55:17.651183,6315,5524,2996,1
2026-08-23 09:55:17.651203,6207,4271,0,1
2026-08-23 09:55:17.651223,6313,5585,2748,1
2026-08-23 09:55:17.651243,6228,4333,0,1
2026-08-23 09:55:17.651263,6328,5707,3238,1
2026-08-23 09:55:17.651283,6077,4374,0,1
2026-08-23 09:55:17.651303,6312,5731,3019,1
2026-08-23 09:55:17.651323,6213,4412,0,1
2026-08-23 09:55:17.651343,6275,5642,1791,1
2026-08-23 09:55:17.651363,6224,4416,0,1
2026-08-23 09:55:17.651383,6314,5760,2795,1
2026-08-23 09:55:17.671008,6240,3714,0,1
2026-08-23 09:55:17.671028,6332,5312,3389,1
2026-08-23 09:55:17.671048,6219,4143,10,1
2026-08-23 09:55:17.671068,6313,5541,3037,1
2026-08-23 09:55:17.671088,6203,4292,0,1
2026-08-23 09:55:17.671108,6304,5643,2828,1
2026-08-23 09:55:17.671128,6216,4372,0,1
2026-08-23 09:55:17.671148,6182,5399,0,1
2026-08-23 09:55:17.671168,6215,4357,0,1
2026-08-23 09:55:17.671188,6315,5709,3209,1
2026-08-23 09:55:17.671208,6203,4397,0,1
2026-08-23 09:55:17.671228,6329,5777,3244,1
2026-08-23 09:55:17.671248,6244,4362,8,1
2026-08-23 09:55:17.690753,6314,5374,2673,1
2026-08-23 09:55:17.690773,6210,4156,0,1
2026-08-23 09:55:17.690794,6306,5515,3008,1
2026-08-23 09:55:17.690814,6203,4255,0,1
2026-08-23 09:55:17.690834,6197,5395,0,1
2026-08-23 09:55:17.690854,6224,4471,0,1
2026-08-23 09:55:17.690874,6308,5723,2763,1
2026-08-23 09:55:17.690894,6209,4409,0,1
2026-08-23 09:55:17.690913,6313,5721,3011,1
2026-08-23 09:55:17.690933,6217,4392,0,1
2026-08-23 09:55:17.690953,6314,5761,3219,1
2026-08-23 09:55:17.690974,6211,4357,0,1
2026-08-23 09:55:17.690994,6318,5765,3206,1
2026-08-23 09:55:17.710491,6270,3764,0,1
2026-08-23 09:55:17.710511,6213,5061,143,1
2026-08-23 09:55:17.710531,6224,4226,0,1
2026-08-23 09:55:17.710551,6315,5604,3209,1
2026-08-23 09:55:17.710571,6200,4383,0,1
2026-08-23 09:55:17.710591,6316,5716,3221,1
2026-08-23 09:55:17.710611,6209,4398,0,1
2026-08-23 09:55:17.710631,6316,5786,3246,1
2026-08-23 09:55:17.710651,6214,4425,0,1
2026-08-23 09:55:17.710671,6307,5811,2837,1
2026-08-23 09:55:17.710691,6218,4426,0,1
2026-08-23 09:55:17.710711,6329,5756,3044,1
2026-08-23 09:55:17.710731,6224,4424,16,1
2026-08-23 09:55:17.730353,6324,5423,2981,1
2026-08-23 09:55:17.730373,6209,4142,0,1
2026-08-23 09:55:17.730393,6315,5531,2784,1
2026-08-23 09:55:17.730413,6218,4281,0,1
2026-08-23 09:55:17.730433,6320,5601,2684,1
2026-08-23 09:55:17.730453,6209,4323,0,1
2026-08-23 09:55:17.730474,6308,5723,3030,1
2026-08-23 09:55:17.730494,6211,4354,0,1
2026-08-23 09:55:17.730513,6326,5722,3641,1
2026-08-23 09:55:17.730533,6208,4358,0,1
2026-08-23 09:55:17.730553,6314,5675,2791,1
2026-08-23 09:55:17.730573,6222,4355,0,1
2026-08-23 09:55:17.730593,6319,5729,3044,1
2026-08-23 09:55:17.750250,6259,3675,11,1
2026-08-23 09:55:17.750270,6305,5308,3156,1
2026-08-23 09:55:17.750290,6217,4071,0,1
2026-08-23 09:55:17.750310,6319,5502,2876,1
2026-08-23 09:55:17.750330,6215,4316,0,1
2026-08-23 09:55:17.750350,6306,5696,3016,1
2026-08-23 09:55:17.750370,6218,4362,0,1
2026-08-23 09:55:17.750390,6323,5735,3390,1
2026-08-23 09:55:17.750410,6207,4372,0,1
2026-08-23 09:55:17.750430,6305,5726,3122,1
2026-08-23 09:55:17.750450,6206,4383,0,1
2026-08-23 09:55:17.750470,6332,5813,3515,1
2026-08-23 09:55:17.750490,6216,4379,0,1
2026-08-23 09:55:17.770278,6325,5393,3181,1
2026-08-23 09:55:17.770298,6201,4105,0,1
2026-08-23 09:55:17.770318,6318,5489,3230,1
2026-08-23 09:55:17.770338,6214,4226,12,1
2026-08-23 09:55:17.770358,6309,5565,2921,1
2026-08-23 09:55:17.770378,6203,4281,0,1
2026-08-23 09:55:17.770398,6324,5677,2809,1
2026-08-23 09:55:17.770418,6222,4390,0,1
2026-08-23 09:55:17.770438,6307,5674,2771,1
2026-08-23 09:55:17.770458,6198,4406,0,1
2026-08-23 09:55:17.770478,6297,5725,3043,1
2026-08-23 09:55:17.770498,6203,4419,0,1
2026-08-23 09:55:17.770518,6225,5566,499,1
2026-08-23 09:55:17.790069,6275,3807,0,1
2026-08-23 09:55:17.790089,6329,5354,3289,1
2026-08-23 09:55:17.790109,6210,4146,0,1
2026-08-23 09:55:17.790129,6322,5598,3175,1
2026-08-23 09:55:17.790149,6180,4306,0,1
2026-08-23 09:55:17.790169,6276,5617,2186,1
2026-08-23 09:55:17.790189,6215,4399,0,1
2026-08-23 09:55:17.790209,6306,5738,2920,1
2026-08-23 09:55:17.790229,6211,4393,0,1
2026-08-23 09:55:17.790249,6313,5751,2720,1
2026-08-23 09:55:17.790269,6323,4452,0,1
2026-08-23 09:55:17.790289,6302,5767,2668,1
2026-08-23 09:55:17.790309,6222,4402,0,1
2026-08-23 09:55:17.810127,6320,5425,2751,1
2026-08-23 09:55:17.810148,6209,4193,0,1
2026-08-23 09:55:17.810168,6331,5531,3180,1
2026-08-23 09:55:17.810188,6216,4231,0,1
2026-08-23 09:55:17.810208,6311,5595,3108,1
2026-08-23 09:55:17.810228,6198,4266,0,1
2026-08-23 09:55:17.810248,6321,5694,3230,1
2026-08-23 09:55:17.810268,6210,4339,12,1
2026-08-23 09:55:17.810287,6312,5706,2963,1
2026-08-23 09:55:17.810308,6209,4400,0,1
2026-08-23 09:55:17.810328,6293,5693,2787,1
2026-08-23 09:55:17.810348,6100,4388,0,1
2026-08-23 09:55:17.810368,6320,5734,2990,1
2026-08-23 09:55:17.829894,6262,3708,0,1
2026-08-23 09:55:17.829914,6318,5266,2893,1
2026-08-23 09:55:17.829934,6213,4158,0,1
2026-08-23 09:55:17.829954,6309,5533,2972,1
2026-08-23 09:55:17.829974,6210,4339,21,1
2026-08-23 09:55:17.829994,6324,5691,3414,1
2026-08-23 09:55:17.830014,6206,4369,0,1
2026-08-23 09:55:17.830034,6311,5739,3129,1
2026-08-23 09:55:17.830054,6208,4397,0,1
2026-08-23 09:55:17.830074,6320,5795,3440,1
2026-08-23 09:55:17.830094,6226,4425,0,1
2026-08-23 09:55:17.830114,6302,5730,2952,1
2026-08-23 09:55:17.830134,6221,4403,0,1
2026-08-23 09:55:17.850020,6331,5422,3015,1
2026-08-23 09:55:17.850040,6222,4193,0,1
2026-08-23 09:55:17.850060,6312,5510,3031,1
2026-08-23 09:55:17.850080,6197,4254,0,1
2026-08-23 09:55:17.850100,6305,5561,2744,1
2026-08-23 09:55:17.850120,6213,4354,0,1
2026-08-23 09:55:17.850140,6303,5660,2713,1
2026-08-23 09:55:17.850160,6199,4382,0,1
2026-08-23 09:55:17.850180,6315,5740,3033,1
2026-08-23 09:55:17.850200,6204,4408,0,1
2026-08-23 09:55:17.850220,6322,5764,4147,1
2026-08-23 09:55:17.850240,6220,4389,0,1
2026-08-23 09:55:17.850260,6313,5724,2812,1
2026-08-23 09:55:17.869842,6235,3722,0,1
2026-08-23 09:55:17.869862,6331,5343,3292,1
2026-08-23 09:55:17.869882,6222,4151,6,1
2026-08-23 09:55:17.869902,6308,5532,3109,1
2026-08-23 09:55:17.869922,6212,4305,0,1
2026-08-23 09:55:17.869942,6303,5644,2810,1
2026-08-23 09:55:17.869962,6210,4372,0,1
2026-08-23 09:55:17.869982,6319,5803,3138,1
2026-08-23 09:55:17.870002,6211,4413,0,1
2026-08-23 09:55:17.870022,6315,5773,3244,1
2026-08-23 09:55:17.870042,6206,4380,0,1
2026-08-23 09:55:17.870062,6318,5751,3194,1
2026-08-23 09:55:17.870082,6233,4424,0,1
2026-08-23 09:55:17.889831,6314,5427,2628,1
2026-08-23 09:55:17.889851,6208,4140,0,1
2026-08-23 09:55:17.889871,6314,5546,2973,1
2026-08-23 09:55:17.889891,6205,4282,0,1
2026-08-23 09:55:17.889911,6224,5476,730,1
2026-08-23 09:55:17.889931,6212,4396,0,1
2026-08-23 09:55:17.889951,6306,5699,2764,1
2026-08-23 09:55:17.889971,6203,4385,0,1
2026-08-23 09:55:17.889991,6313,5729,3042,1
2026-08-23 09:55:17.890011,6206,4412,0,1
2026-08-23 09:55:17.890031,6315,5738,3240,1
2026-08-23 09:55:17.890051,6158,4399,0,1
2026-08-23 09:55:17.890071,6321,5773,3245,1
2026-08-23 09:55:17.909603,6265,3767,4,1
2026-08-23 09:55:17.909623,6331,5375,3500,1
2026-08-23 09:55:17.909643,6217,4065,0,1
2026-08-23 09:55:17.909663,6306,5523,3163,1
2026-08-23 09:55:17.909683,6204,4288,0,1
2026-08-23 09:55:17.909703,6321,5695,3325,1
2026-08-23 09:55:17.909723,6216,4355,23,1
2026-08-23 09:55:17.909743,6213,5711,3015,1
2026-08-23 09:55:17.909763,6207,4406,0,1
2026-08-23 09:55:17.909783,6303,5724,2807,1
2026-08-23 09:55:17.909803,6215,4423,0,1
2026-08-23 09:55:17.909823,6190,5544,0,1
2026-08-23 09:55:17.909843,6229,4465,0,1
2026-08-23 09:55:17.929610,6309,5527,2838,1
2026-08-23 09:55:17.929630,6205,4218,0,1
2026-08-23 09:55:17.929650,6314,5585,2924,1
2026-08-23 09:55:17.929670,6222,4274,4,1
2026-08-23 09:55:17.929690,6302,5657,3237,1
2026-08-23 09:55:17.929710,6203,4282,0,1
2026-08-23 09:55:17.929730,6303,5713,3099,1
2026-08-23 09:55:17.929750,6220,4361,0,1
2026-08-23 09:55:17.929770,6308,5742,3100,1
2026-08-23 09:55:17.929790,6210,4354,0,1
2026-08-23 09:55:17.929810,6312,5737,2743,1
2026-08-23 09:55:17.929830,6221,4384,0,1
2026-08-23 09:55:17.929850,6305,5716,2898,1
2026-08-23 09:55:17.948808,6272,3702,0,1
2026-08-23 09:55:17.948828,6190,5275,2918,1
2026-08-23 09:55:17.948848,6209,4154,0,1
2026-08-23 09:55:17.948869,6294,5541,2912,1
2026-08-23 09:55:17.948889,6221,4331,18,1
2026-08-23 09:55:17.948909,6288,5686,2595,1
2026-08-23 09:55:17.948929,6151,4399,0,1
2026-08-23 09:55:17.948949,6310,5746,3156,1
2026-08-23 09:55:17.948968,6212,4423,0,1
2026-08-23 09:55:17.948988,6311,5814,3299,1
2026-08-23 09:55:17.949008,6217,4441,4,1
2026-08-23 09:55:17.949028,6309,5780,3008,1
2026-08-23 09:55:17.949049,6233,4338,0,1
2026-08-23 09:55:17.968205,6323,5522,3156,1
2026-08-23 09:55:17.968225,6197,4206,0,1
2026-08-23 09:55:17.968246,6315,5595,3336,1
2026-08-23 09:55:17.968266,6210,4266,0,1
2026-08-23 09:55:17.968286,6308,5642,2891,1
2026-08-23 09:55:17.968306,6202,4300,0,1
2026-08-23 09:55:17.968326,6314,5673,2837,1
2026-08-23 09:55:17.968346,6222,4397,0,1
2026-08-23 09:55:17.968365,6320,5714,3140,1
2026-08-23 09:55:17.968385,6196,4380,0,1
2026-08-23 09:55:17.968405,6311,5752,3048,1
2026-08-23 09:55:17.968426,6202,4424,0,1
2026-08-23 09:55:17.968446,6312,5724,2951,1
2026-08-23 09:55:17.988136,6265,3797,17,1
2026-08-23 09:55:17.988156,6330,5327,3290,1
2026-08-23 09:55:17.988176,6192,4122,0,1
2026-08-23 09:55:17.988196,6308,5583,3156,1
2026-08-23 09:55:17.988216,6205,4282,0,1
2026-08-23 09:55:17.988236,6276,5600,2002,1
2026-08-23 09:55:17.988256,6212,4413,0,1
2026-08-23 09:55:17.988276,6309,5727,2996,1
2026-08-23 09:55:17.988296,6207,4403,0,1
2026-08-23 09:55:17.988316,6308,5765,2893,1
2026-08-23 09:55:17.988336,6222,4438,10,1
2026-08-23 09:55:17.988356,6306,5781,3008,1
2026-08-23 09:55:17.988376,6231,4372,0,1
2026-08-23 09:55:18.008123,6318,5475,2747,1
2026-08-23 09:55:18.008143,6217,4137,0,1
2026-08-23 09:55:18.008163,6210,5304,127,1
2026-08-23 09:55:18.008183,6219,4287,0,1
2026-08-23 09:55:18.008203,6311,5685,3039,1
2026-08-23 09:55:18.008223,6198,4325,0,1
2026-08-23 09:55:18.008243,6318,5692,3296,1
2026-08-23 09:55:18.008263,6213,4378,4,1
2026-08-23 09:55:18.008283,6313,5694,2897,1
2026-08-23 09:55:18.008303,6191,4373,0,1
2026-08-23 09:55:18.008323,6311,5720,2835,1
2026-08-23 09:55:18.008343,6223,4433,9,1
2026-08-23 09:55:18.008363,6314,5794,3275,1
2026-08-23 09:55:18.027600,6265,3706,0,1
2026-08-23 09:55:18.027620,6213,5294,2853,1
2026-08-23 09:55:18.027640,6212,4160,0,1
2026-08-23 09:55:18.027660,6308,5574,3029,1
2026-08-23 09:55:18.027680,6211,4290,3,1
2026-08-23 09:55:18.027700,6326,5698,3346,1
2026-08-23 09:55:18.027720,6190,4371,0,1
2026-08-23 09:55:18.027740,6315,5753,3128,1
2026-08-23 09:55:18.027760,6217,4429,0,1
2026-08-23 09:55:18.027780,6188,5544,0,1
2026-08-23 09:55:18.027800,6212,4518,0,1
2026-08-23 09:55:18.027820,6308,5842,2905,1
2026-08-23 09:55:18.027840,6209,4406,0,1
2026-08-23 09:55:18.047552,6342,5516,3154,1
2026-08-23 09:55:18.047572,6218,4189,0,1
2026-08-23 09:55:18.047592,6294,5575,3038,1
2026-08-23 09:55:18.047612,6198,4242,0,1
2026-08-23 09:55:18.047632,6300,5607,2727,1
2026-08-23 09:55:18.047652,6208,4324,0,1
2026-08-23 09:55:18.047672,6437,5646,2668,1
2026-08-23 09:55:18.047692,6197,4379,0,1
2026-08-23 09:55:18.047712,6312,5713,3035,1
2026-08-23 09:55:18.047732,6206,4373,0,1
2026-08-23 09:55:18.047752,6307,5797,3417,1
2026-08-23 09:55:18.047772,6212,4333,0,1
2026-08-23 09:55:18.047792,6306,5666,2836,1
2026-08-23 09:55:18.067389,6242,3720,0,1
2026-08-23 09:55:18.067410,6314,5330,3237,1
2026-08-23 09:55:18.067430,6220,4148,15,1
2026-08-23 09:55:18.067450,6313,5569,3147,1
2026-08-23 09:55:18.067470,6198,4287,0,1
2026-08-23 09:55:18.067490,6304,5645,2850,1
2026-08-23 09:55:18.067510,6205,4360,0,1
2026-08-23 09:55:18.067530,6315,5762,3089,1
2026-08-23 09:55:18.067549,6209,4400,0,1
2026-08-23 09:55:18.067569,6315,5750,3275,1
2026-08-23 09:55:18.067590,6201,4372,0,1
2026-08-23 09:55:18.067610,6307,5793,3166,1
2026-08-23 09:55:18.067630,6258,4419,0,1
2026-08-23 09:55:18.087385,6287,5347,1827,1
2026-08-23 09:55:18.087405,6207,4208,0,1
2026-08-23 09:55:18.087425,6295,5543,2994,1
2026-08-23 09:55:18.087445,6203,4261,0,1
2026-08-23 09:55:18.087465,6324,5672,4014,1
2026-08-23 09:55:18.087485,6234,4306,0,1
2026-08-23 09:55:18.087505,6294,5649,2768,1
2026-08-23 09:55:18.087525,6203,4333,0,1
2026-08-23 09:55:18.087545,6306,5727,2981,1
2026-08-23 09:55:18.087565,6203,4402,18,1
2026-08-23 09:55:18.087585,6302,5763,3218,1
2026-08-23 09:55:18.087605,6190,4341,0,1
2026-08-23 09:55:18.087625,6314,5761,3196,1
2026-08-23 09:55:18.107298,6263,3715,0,1
2026-08-23 09:55:18.107318,6304,5244,2644,1
2026-08-23 09:55:18.107338,6228,4156,0,1
2026-08-23 09:55:18.107358,6301,5551,3179,1
2026-08-23 09:55:18.107378,6197,4310,0,1
2026-08-23 09:55:18.107398,6323,5683,3292,1
2026-08-23 09:55:18.107418,6212,4351,11,1
2026-08-23 09:55:18.107438,6310,5737,3059,1
2026-08-23 09:55:18.107458,6029,4397,0,1
2026-08-23 09:55:18.107478,6302,5717,2815,1
2026-08-23 09:55:18.107498,6213,4449,0,1
2026-08-23 09:55:18.107518,6311,5802,3220,1
2026-08-23 09:55:18.107538,6224,4356,0,1
2026-08-23 09:55:18.127232,6314,5418,2812,1
2026-08-23 09:55:18.127252,6207,4169,0,1
2026-08-23 09:55:18.127272,6410,5529,2941,1
2026-08-23 09:55:18.127292,6216,4258,23,1
2026-08-23 09:55:18.127312,6311,5604,3204,1
2026-08-23 09:55:18.127332,6194,4261,0,1
2026-08-23 09:55:18.127352,6307,5718,3104,1
2026-08-23 09:55:18.127372,6219,4344,4,1
2026-08-23 09:55:18.127392,6306,5701,3038,1
2026-08-23 09:55:18.127412,6202,4352,0,1
2026-08-23 09:55:18.127432,6290,5700,2749,1
2026-08-23 09:55:18.127452,6241,4400,0,1
2026-08-23 09:55:18.127472,6309,5723,2969,1
2026-08-23 09:55:18.147118,6265,3703,0,1
2026-08-23 09:55:18.147138,6306,5283,2898,1
2026-08-23 09:55:18.147158,6198,4121,0,1
2026-08-23 09:55:18.147178,6297,5552,2927,1
2026-08-23 09:55:18.147198,6210,4326,28,1
2026-08-23 09:55:18.147218,6303,5715,3011,1
2026-08-23 09:55:18.147238,6204,4385,0,1
2026-08-23 09:55:18.147258,6322,5767,3138,1
2026-08-23 09:55:18.147278,6192,4380,0,1
2026-08-23 09:55:18.147298,6309,5789,3256,1
2026-08-23 09:55:18.147318,6208,4424,2,1
2026-08-23 09:55:18.147338,6305,5775,2935,1
2026-08-23 09:55:18.147358,6226,4364,0,1
2026-08-23 09:55:18.166989,6325,5451,3125,1
2026-08-23 09:55:18.167009,6199,4180,0,1
2026-08-23 09:55:18.167029,6306,5580,3110,1
2026-08-23 09:55:18.167049,6200,4223,0,1
2026-08-23 09:55:18.167069,6366,5554,2742,1
2026-08-23 09:55:18.167089,6203,4338,0,1
2026-08-23 09:55:18.167109,6181,5409,0,1
2026-08-23 09:55:18.167130,6203,4447,0,1
2026-08-23 09:55:18.167149,6314,5781,3039,1
2026-08-23 09:55:18.167169,6184,4415,0,1
2026-08-23 09:55:18.167189,6304,5802,3356,1
2026-08-23 09:55:18.167209,6228,4403,0,1
2026-08-23 09:55:18.167229,6318,5695,2815,1
2026-08-23 09:55:18.186915,6245,3753,0,1
2026-08-23 09:55:18.186935,6318,5340,3215,1
2026-08-23 09:55:18.186955,6210,4136,0,1
2026-08-23 09:55:18.186975,6284,5557,3226,1
2026-08-23 09:55:18.186995,6207,4299,0,1
2026-08-23 09:55:18.187015,6293,5672,2854,1
2026-08-23 09:55:18.187035,6197,4340,0,1
2026-08-23 09:55:18.187055,6299,5755,2963,1
2026-08-23 09:55:18.187075,6210,4402,20,1
2026-08-23 09:55:18.187095,6306,5799,3880,1
2026-08-23 09:55:18.187115,6197,4398,0,1
2026-08-23 09:55:18.187135,6297,5751,3124,1
2026-08-23 09:55:18.187155,6222,4396,0,1
2026-08-23 09:55:18.206740,6300,5410,2281,1
2026-08-23 09:55:18.206760,6214,4182,0,1
2026-08-23 09:55:18.206780,6305,5559,3006,1
2026-08-23 09:55:18.206800,6192,4244,0,1
2026-08-23 09:55:18.206820,6153,5326,0,1
2026-08-23 09:55:18.206840,6200,4304,0,1
2026-08-23 09:55:18.206860,6296,5667,2832,1
2026-08-23 09:55:18.206880,6200,4326,0,1
2026-08-23 09:55:18.206900,6307,5746,2934,1
2026-08-23 09:55:18.206920,6211,4407,22,1
2026-08-23 09:55:18.206940,6302,5787,3280,1
2026-08-23 09:55:18.206960,6198,4353,0,1
2026-08-23 09:55:18.206980,6317,5724,3140,1
2026-08-23 09:55:18.226562,6253,3764,0,1
2026-08-23 09:55:18.226583,6303,5269,2519,1
2026-08-23 09:55:18.226603,6212,4149,0,1
2026-08-23 09:55:18.226623,6311,5594,3201,1
2026-08-23 09:55:18.226643,6204,4297,0,1
2026-08-23 09:55:18.226663,6309,5736,3245,1
2026-08-23 09:55:18.226683,6219,4382,1,1
2026-08-23 09:55:18.226703,6308,5767,3202,1
2026-08-23 09:55:18.226722,6200,4384,0,1
2026-08-23 09:55:18.226743,6301,5733,2861,1
2026-08-23 09:55:18.226763,6202,4432,0,1
2026-08-23 09:55:18.226783,6308,5800,3040,1
2026-08-23 09:55:18.226803,6227,4414,0,1
2026-08-23 09:55:18.246363,6314,5451,2936,1
2026-08-23 09:55:18.246383,6197,4161,0,1
2026-08-23 09:55:18.246403,6296,5559,2860,1
2026-08-23 09:55:18.246423,6216,4236,6,1
2026-08-23 09:55:18.246443,6314,5680,3284,1
2026-08-23 09:55:18.246463,6190,4289,0,1
2026-08-23 09:55:18.246483,6300,5686,3040,1
2026-08-23 09:55:18.246503,6218,4339,0,1
2026-08-23 09:55:18.246523,6310,5746,3181,1
2026-08-23 09:55:18.246543,6205,4356,0,1
2026-08-23 09:55:18.246563,6298,5704,2748,1
2026-08-23 09:55:18.246583,6203,4402,0,1
2026-08-23 09:55:18.246603,6155,5411,0,1
2026-08-23 09:55:18.266152,6273,3702,11,1
2026-08-23 09:55:18.266172,6314,5330,2986,1
2026-08-23 09:55:18.266192,6210,4105,0,1
2026-08-23 09:55:18.266212,6299,5574,2866,1
2026-08-23 09:55:18.266232,6211,4290,0,1
2026-08-23 09:55:18.266252,6194,5460,0,1
2026-08-23 09:55:18.266272,6209,4473,0,1
2026-08-23 09:55:18.266292,6309,5798,3217,1
2026-08-23 09:55:18.266312,6194,4456,0,1
2026-08-23 09:55:18.266332,6311,5823,3201,1
2026-08-23 09:55:18.266352,6214,4429,0,1
2026-08-23 09:55:18.266372,6309,5796,3190,1
2026-08-23 09:55:18.266392,6182,4352,0,1
2026-08-23 09:55:18.286079,6323,5452,3140,1
2026-08-23 09:55:18.286099,6195,4157,0,1
2026-08-23 09:55:18.286119,6303,5574,3367,1
2026-08-23 09:55:18.286139,6206,4238,0,1
2026-08-23 09:55:18.286159,6306,5575,2840,1
2026-08-23 09:55:18.286179,6198,4280,0,1
2026-08-23 09:55:18.286199,6308,5672,2878,1
2026-08-23 09:55:18.286219,6211,4358,9,1
2026-08-23 09:55:18.286239,6310,5757,3327,1
2026-08-23 09:55:18.286259,6192,4357,0,1
2026-08-23 09:55:18.286279,6308,5719,3036,1
2026-08-23 09:55:18.286299,6211,4393,0,1
2026-08-23 09:55:18.286319,6310,5777,3226,1
2026-08-23 09:55:18.305936,6269,3715,0,1
2026-08-23 09:55:18.305956,6315,5341,3223,1
2026-08-23 09:55:18.305976,6188,4128,0,1
2026-08-23 09:55:18.305996,6301,5602,3210,1
2026-08-23 09:55:18.306016,6222,4312,2,1
2026-08-23 09:55:18.306036,6295,5645,3193,1
2026-08-23 09:55:18.306056,6203,4348,0,1
2026-08-23 09:55:18.306077,6304,5696,2832,1
2026-08-23 09:55:18.306096,6203,4419,0,1
2026-08-23 09:55:18.306116,6321,5740,3038,1
2026-08-23 09:55:18.306136,6214,4385,4,1
2026-08-23 09:55:18.306156,6313,5793,3303,1
2026-08-23 09:55:18.306176,6206,4338,0,1
2026-08-23 09:55:18.325943,6316,5449,2795,1
2026-08-23 09:55:18.325963,6215,4143,0,1
2026-08-23 09:55:18.325983,6292,5480,2605,1
2026-08-23 09:55:18.326003,6196,4269,0,1
2026-08-23 09:55:18.326023,6305,5675,3022,1
2026-08-23 09:55:18.326043,6197,4325,0,1
2026-08-23 09:55:18.326063,6361,5678,679,1
2026-08-23 09:55:18.326083,6197,4355,0,1
2026-08-23 09:55:18.326103,6293,5702,2780,1
2026-08-23 09:55:18.326123,6198,4360,0,1
2026-08-23 09:55:18.326143,6302,5724,2975,1
2026-08-23 09:55:18.326163,6212,4406,0,1
2026-08-23 09:55:18.326183,6313,5773,3195,1
2026-08-23 09:55:18.345766,6240,3690,0,1
2026-08-23 09:55:18.345786,6303,5301,2875,1
2026-08-23 09:55:18.345806,6207,4154,0,1
2026-08-23 09:55:18.345826,6309,5575,3294,1
2026-08-23 09:55:18.345846,6193,4249,0,1
2026-08-23 09:55:18.345866,6300,5645,3194,1
2026-08-23 09:55:18.345886,6192,4310,0,1
2026-08-23 09:55:18.345906,6313,5721,3213,1
2026-08-23 09:55:18.345926,6210,4406,1,1
2026-08-23 09:55:18.345946,6305,5784,3105,1
2026-08-23 09:55:18.345966,6207,4390,0,1
2026-08-23 09:55:18.345986,6303,5762,2816,1
2026-08-23 09:55:18.346006,6219,4376,0,1
2026-08-23 09:55:18.365857,6335,5503,3468,1
2026-08-23 09:55:18.365877,6202,4076,0,1
2026-08-23 09:55:18.365897,6305,5487,2790,1
2026-08-23 09:55:18.365917,6202,4243,0,1
2026-08-23 09:55:18.365937,6294,5616,2935,1
2026-08-23 09:55:18.365957,6204,4279,0,1
2026-08-23 09:55:18.365977,6311,5698,3214,1
2026-08-23 09:55:18.365997,6189,4330,0,1
2026-08-23 09:55:18.366017,6316,5712,3098,1
2026-08-23 09:55:18.366037,6213,4358,0,1
2026-08-23 09:55:18.366057,6300,5763,3048,1
2026-08-23 09:55:18.366077,6199,4373,0,1
2026-08-23 09:55:18.366097,6307,5704,2788,1
2026-08-23 09:55:18.385795,6250,3715,0,1
2026-08-23 09:55:18.385815,6313,5339,3274,1
2026-08-23 09:55:18.385835,6206,4104,0,1
2026-08-23 09:55:18.385855,6299,5503,2849,1
2026-08-23 09:55:18.385875,6200,4259,0,1
2026-08-23 09:55:18.385895,6300,5656,2937,1
2026-08-23 09:55:18.385915,6199,4389,7,1
2026-08-23 09:55:18.385935,6319,5723,3132,1
2026-08-23 09:55:18.385955,6205,4365,0,1
2026-08-23 09:55:18.385975,6305,5803,3135,1
2026-08-23 09:55:18.385995,6205,4432,0,1
2026-08-23 09:55:18.386015,6315,5834,3405,1
2026-08-23 09:55:18.386035,6232,4376,0,1
2026-08-23 09:55:18.405781,6321,5431,3332,1
2026-08-23 09:55:18.405801,6195,4067,0,1
2026-08-23 09:55:18.405821,6309,5538,3199,1
2026-08-23 09:55:18.405841,6210,4243,12,1
2026-08-23 09:55:18.405861,6288,5606,2938,1
2026-08-23 09:55:18.405881,6198,4301,0,1
2026-08-23 09:55:18.405901,6300,5680,2786,1
2026-08-23 09:55:18.405921,6205,4385,0,1
2026-08-23 09:55:18.405941,6287,5712,2750,1
2026-08-23 09:55:18.405961,6202,4386,0,1
2026-08-23 09:55:18.405981,6297,5744,3041,1
2026-08-23 09:55:18.406001,6207,4385,0,1
2026-08-23 09:55:18.406021,6227,5559,671,1
2026-08-23 09:55:18.425645,6262,3812,0,1
2026-08-23 09:55:18.425665,6316,5391,3286,1
2026-08-23 09:55:18.425685,6196,4128,0,1
2026-08-23 09:55:18.425705,6300,5589,3169,1
2026-08-23 09:55:18.425725,6201,4285,0,1
2026-08-23 09:55:18.425745,6284,5684,2596,1
2026-08-23 09:55:18.425765,6206,4360,0,1
2026-08-23 09:55:18.425785,6300,5771,2899,1
2026-08-23 09:55:18.425805,6200,4408,0,1
2026-08-23 09:55:18.425825,6191,5797,2903,1
2026-08-23 09:55:18.425845,6201,4424,9,1
2026-08-23 09:55:18.425865,6304,5763,3053,1
2026-08-23 09:55:18.425885,6221,4377,0,1
2026-08-23 09:55:18.445433,6315,5415,2752,1
2026-08-23 09:55:18.445453,6198,4160,0,1
2026-08-23 09:55:18.445473,6168,5291,0,1
2026-08-23 09:55:18.445493,6214,4297,0,1
2026-08-23 09:55:18.445513,6297,5713,3055,1
2026-08-23 09:55:18.445533,6197,4352,0,1
2026-08-23 09:55:18.445553,6304,5723,3307,1
2026-08-23 09:55:18.445573,6220,4344,4,1
2026-08-23 09:55:18.445593,6299,5697,2902,1
2026-08-23 09:55:18.445613,6197,4359,0,1
2026-08-23 09:55:18.445633,6310,5710,2826,1
2026-08-23 09:55:18.445653,6216,4412,1,1
2026-08-23 09:55:18.445673,6315,5743,3291,1
2026-08-23 09:55:18.465393,6261,3725,0,1
2026-08-23 09:55:18.465413,6302,5294,2867,1
2026-08-23 09:55:18.465433,6206,4115,0,1
2026-08-23 09:55:18.465453,6294,5563,3034,1
2026-08-23 09:55:18.465473,6205,4307,1,1
2026-08-23 09:55:18.465493,6306,5717,3326,1
2026-08-23 09:55:18.465513,6199,4316,0,1
2026-08-23 09:55:18.465533,6309,5731,3120,1
2026-08-23 09:55:18.465553,6201,4421,0,1
2026-08-23 09:55:18.465573,6218,5554,532,1
2026-08-23 09:55:18.465593,6201,4484,0,1
2026-08-23 09:55:18.465613,6293,5851,2888,1
2026-08-23 09:55:18.465633,6214,4410,0,1
2026-08-23 09:55:18.485434,6321,5474,3158,1
2026-08-23 09:55:18.485454,6209,4149,10,1
2026-08-23 09:55:18.485474,6296,5508,2918,1
2026-08-23 09:55:18.485494,6198,4230,0,1
2026-08-23 09:55:18.485514,6303,5596,2784,1
2026-08-23 09:55:18.485534,6209,4353,0,1
2026-08-23 09:55:18.485554,6303,5737,3363,1
2026-08-23 09:55:18.485574,6186,4339,0,1
2026-08-23 09:55:18.485594,6296,5732,3026,1
2026-08-23 09:55:18.485614,6196,4397,0,1
2026-08-23 09:55:18.485634,6284,5721,2497,1
2026-08-23 09:55:18.485654,6209,4363,0,1
2026-08-23 09:55:18.485674,6304,5725,2791,1
2026-08-23 09:55:18.505082,6237,3724,0,1
2026-08-23 09:55:18.505102,6314,5350,3399,1
2026-08-23 09:55:18.505122,6209,4130,16,1
2026-08-23 09:55:18.505142,6303,5537,2990,1
2026-08-23 09:55:18.505162,6196,4260,0,1
2026-08-23 09:55:18.505182,6298,5659,2830,1
2026-08-23 09:55:18.505202,6216,4367,0,1
2026-08-23 09:55:18.505222,6190,5494,0,1
2026-08-23 09:55:18.505242,6220,4464,0,1
2026-08-23 09:55:18.505262,6303,5826,3194,1
2026-08-23 09:55:18.505282,6193,4460,0,1
2026-08-23 09:55:18.505302,6304,5833,3230,1
2026-08-23 09:55:18.505322,6225,4414,4,1
2026-08-23 09:55:18.525060,6307,5455,2944,1
2026-08-23 09:55:18.525080,6184,4137,0,1
2026-08-23 09:55:18.525100,6303,5541,3000,1
2026-08-23 09:55:18.525120,6196,4269,0,1
2026-08-23 09:55:18.525141,6258,5516,1663,1
2026-08-23 09:55:18.525161,6193,4348,0,1
2026-08-23 09:55:18.525181,6297,5694,2760,1
2026-08-23 09:55:18.525201,6191,4401,0,1
2026-08-23 09:55:18.525220,6290,5747,3109,1
2026-08-23 09:55:18.525240,6198,4363,0,1
2026-08-23 09:55:18.525260,6287,5763,3173,1
2026-08-23 09:55:18.525280,6187,4363,0,1
2026-08-23 09:55:18.525301,6298,5765,3252,1
2026-08-23 09:55:18.544913,6271,3708,5,1
2026-08-23 09:55:18.544933,6319,5305,3510,1
2026-08-23 09:55:18.544953,6199,4076,0,1
2026-08-23 09:55:18.544973,6303,5554,3162,1
2026-08-23 09:55:18.544993,6154,4249,0,1
2026-08-23 09:55:18.545013,6299,5708,3328,1
2026-08-23 09:55:18.545033,6218,4335,9,1
2026-08-23 09:55:18.545053,6304,5710,2991,1
2026-08-23 09:55:18.545073,6197,4363,0,1
2026-08-23 09:55:18.545093,6300,5756,2816,1
2026-08-23 09:55:18.545113,6201,4403,0,1
2026-08-23 09:55:18.545133,6211,5538,43,1
2026-08-23 09:55:18.545153,6224,4474,0,1
2026-08-23 09:55:18.564887,6314,5470,2812,1
2026-08-23 09:55:18.564907,6196,4161,0,1
2026-08-23 09:55:18.564927,6305,5547,3004,1
2026-08-23 09:55:18.564947,6210,4290,0,1
2026-08-23 09:55:18.564967,6277,5668,3178,1
2026-08-23 09:55:18.564987,6178,4271,0,1
2026-08-23 09:55:18.565007,6298,5684,3112,1
2026-08-23 09:55:18.565027,6196,4381,11,1
2026-08-23 09:55:18.565047,6306,5745,3035,1
2026-08-23 09:55:18.565067,6182,4353,0,1
2026-08-23 09:55:18.565087,6302,5715,2774,1
2026-08-23 09:55:18.565107,6195,4384,0,1
2026-08-23 09:55:18.565127,6314,5745,3204,1
2026-08-23 09:55:18.584728,6257,3697,0,1
2026-08-23 09:55:18.584748,6294,5306,2888,1
2026-08-23 09:55:18.584768,6203,4144,0,1
2026-08-23 09:55:18.584788,6299,5566,2956,1
2026-08-23 09:55:18.584808,6201,4285,5,1
2026-08-23 09:55:18.584828,6299,5733,3426,1
2026-08-23 09:55:18.584848,6196,4345,0,1
2026-08-23 09:55:18.584868,6309,5745,3101,1
2026-08-23 09:55:18.584888,6183,4365,0,1
2026-08-23 09:55:18.584908,6307,5803,3439,1
2026-08-23 09:55:18.584928,6206,4367,0,1
2026-08-23 09:55:18.584948,6294,5723,2892,1
2026-08-23 09:55:18.584968,6208,4358,0,1
2026-08-23 09:55:18.604764,6320,5437,3183,1
2026-08-23 09:55:18.604784,6209,4142,13,1
2026-08-23 09:55:18.604805,6297,5499,2977,1
2026-08-23 09:55:18.604825,6202,4241,0,1
2026-08-23 09:55:18.604845,6308,5594,2764,1
2026-08-23 09:55:18.604865,6196,4330,0,1
2026-08-23 09:55:18.604885,6284,5648,2496,1
2026-08-23 09:55:18.604905,6194,4375,0,1
2026-08-23 09:55:18.604924,6293,5748,3019,1
2026-08-23 09:55:18.604944,6188,4397,0,1
2026-08-23 09:55:18.604964,6327,5828,2833,1
2026-08-23 09:55:18.604985,6197,4324,0,1
2026-08-23 09:55:18.605005,6291,5709,2788,1
2026-08-23 09:55:18.624636,6234,3671,0,1
2026-08-23 09:55:18.624656,6310,5310,3307,1
2026-08-23 09:55:18.624676,6210,4141,2,1
2026-08-23 09:55:18.624696,6297,5554,3120,1
2026-08-23 09:55:18.624716,6200,4271,0,1
2026-08-23 09:55:18.624736,6298,5686,2843,1
2026-08-23 09:55:18.624756,6197,4382,0,1
2026-08-23 09:55:18.624776,6300,5759,3094,1
2026-08-23 09:55:18.624796,6205,4413,7,1
2026-08-23 09:55:18.624816,6296,5745,3298,1
2026-08-23 09:55:18.624836,6196,4364,0,1
2026-08-23 09:55:18.624856,6308,5735,3136,1
2026-08-23 09:55:18.624876,6215,4406,0,1
2026-08-23 09:55:18.644519,6299,5414,2962,1
2026-08-23 09:55:18.644539,6202,4115,0,1
2026-08-23 09:55:18.644559,6293,5513,3010,1
2026-08-23 09:55:18.644579,6198,4254,0,1
2026-08-23 09:55:18.644599,6259,5535,1583,1
2026-08-23 09:55:18.644619,6203,4330,0,1
2026-08-23 09:55:18.644639,6297,5720,2794,1
2026-08-23 09:55:18.644659,6193,4386,0,1
2026-08-23 09:55:18.644679,6297,5760,2992,1
2026-08-23 09:55:18.644699,6207,4366,0,1
2026-08-23 09:55:18.644719,6299,5767,3209,1
2026-08-23 09:55:18.644739,6184,4321,0,1
2026-08-23 09:55:18.644759,6310,5763,3203,1
2026-08-23 09:55:18.664508,6263,3728,2,1
2026-08-23 09:55:18.664528,6318,5322,3498,1
2026-08-23 09:55:18.664548,6200,4106,0,1
2026-08-23 09:55:18.664568,6298,5556,3164,1
2026-08-23 09:55:18.664588,6189,4275,0,1
2026-08-23 09:55:18.664608,6302,5695,3355,1
2026-08-23 09:55:18.664629,6207,4314,12,1
2026-08-23 09:55:18.664649,6288,5734,3043,1
2026-08-23 09:55:18.664668,6194,4379,0,1
2026-08-23 09:55:18.664688,6292,5717,2833,1
2026-08-23 09:55:18.664708,6203,4407,0,1
2026-08-23 09:55:18.664728,6313,5800,3227,1
2026-08-23 09:55:18.664748,6216,4312,0,1
2026-08-23 09:55:18.684442,6296,5398,2772,1
2026-08-23 09:55:18.684462,6184,4126,0,1
2026-08-23 09:55:18.684482,6297,5531,3034,1
2026-08-23 09:55:18.684502,6197,4228,0,1
2026-08-23 09:55:18.684522,6280,5596,3133,1
2026-08-23 09:55:18.684542,6179,4266,0,1
2026-08-23 09:55:18.684562,6306,5685,3177,1
2026-08-23 09:55:18.684582,6315,4324,9,1
2026-08-23 09:55:18.684602,6288,5678,2963,1
2026-08-23 09:55:18.684622,6190,4373,0,1
2026-08-23 09:55:18.684642,6292,5769,2784,1
2026-08-23 09:55:18.684662,6212,4384,0,1
2026-08-23 09:55:18.684682,6309,5740,3100,1
2026-08-23 09:55:18.704382,6252,3693,0,1
2026-08-23 09:55:18.704402,6304,5303,2851,1
2026-08-23 09:55:18.704422,6207,4108,0,1
2026-08-23 09:55:18.704442,6308,5573,3087,1
2026-08-23 09:55:18.704462,6204,4288,11,1
2026-08-23 09:55:18.704482,6304,5735,3318,1
2026-08-23 09:55:18.704502,6182,4357,0,1
2026-08-23 09:55:18.704522,6306,5720,3128,1
2026-08-23 09:55:18.704542,6193,4401,0,1
2026-08-23 09:55:18.704562,6256,5651,1735,1
2026-08-23 09:55:18.704582,6196,4438,0,1
2026-08-23 09:55:18.704602,6297,5804,2882,1
2026-08-23 09:55:18.704622,6221,4413,0,1
2026-08-23 09:55:18.724500,6311,5455,3254,1
2026-08-23 09:55:18.724520,6215,4122,10,1
2026-08-23 09:55:18.724540,6295,5530,2881,1
2026-08-23 09:55:18.724560,6151,4205,0,1
2026-08-23 09:55:18.724580,6301,5579,2828,1
2026-08-23 09:55:18.724600,6195,4318,4,1
2026-08-23 09:55:18.724620,6300,5684,3347,1
2026-08-23 09:55:18.724640,6182,4325,0,1
2026-08-23 09:55:18.724660,6293,5693,3008,1
2026-08-23 09:55:18.724680,6203,4398,0,1
2026-08-23 09:55:18.724700,6300,5767,3217,1
2026-08-23 09:55:18.724720,6200,4324,0,1
2026-08-23 09:55:18.724740,6288,5689,2786,1
2026-08-23 09:55:18.744339,6231,3706,0,1
2026-08-23 09:55:18.744359,6318,5344,3515,1
2026-08-23 09:55:18.744379,6206,4055,0,1
2026-08-23 09:55:18.744399,6294,5540,2927,1
2026-08-23 09:55:18.744419,6203,4248,0,1
2026-08-23 09:55:18.744439,6293,5678,2861,1
2026-08-23 09:55:18.744459,6200,4384,0,1
2026-08-23 09:55:18.744479,6284,5704,2656,1
2026-08-23 09:55:18.744498,6203,4419,0,1
2026-08-23 09:55:18.744519,6299,5785,3154,1
2026-08-23 09:55:18.744539,6192,4396,0,1
2026-08-23 09:55:18.744559,6311,5819,3305,1
2026-08-23 09:55:18.744579,6216,4377,3,1
2026-08-23 09:55:18.764321,6314,5450,3230,1
2026-08-23 09:55:18.764341,6197,4132,0,1
2026-08-23 09:55:18.764361,6302,5539,3089,1
2026-08-23 09:55:18.764381,6203,4250,0,1
2026-08-23 09:55:18.764401,6299,5589,3103,1
2026-08-23 09:55:18.764421,6185,4295,0,1
2026-08-23 09:55:18.764441,6284,5673,2749,1
2026-08-23 09:55:18.764461,6203,4348,0,1
2026-08-23 09:55:18.764481,6259,5645,1753,1
2026-08-23 09:55:18.764501,6187,4424,0,1
2026-08-23 09:55:18.764521,6302,5768,3084,1
2026-08-23 09:55:18.764541,6201,4421,0,1
2026-08-23 09:55:18.764561,6308,5781,3467,1
2026-08-23 09:55:18.784092,6262,3720,38,1
2026-08-23 09:55:18.784112,6307,5325,3359,1
2026-08-23 09:55:18.784132,6184,4068,0,1
2026-08-23 09:55:18.784152,6297,5539,3132,1
2026-08-23 09:55:18.784172,6194,4269,0,1
2026-08-23 09:55:18.784192,6313,5735,3520,1
2026-08-23 09:55:18.784212,6187,4338,0,1
2026-08-23 09:55:18.784232,6293,5683,2892,1
2026-08-23 09:55:18.784252,6197,4366,0,1
2026-08-23 09:55:18.784272,6300,5723,2874,1
2026-08-23 09:55:18.784292,6195,4438,2,1
2026-08-23 09:55:18.784312,6308,5797,3273,1
2026-08-23 09:55:18.784332,6203,4336,0,1
2026-08-23 09:55:18.803963,6305,5380,2769,1
2026-08-23 09:55:18.803983,6190,4149,0,1
2026-08-23 09:55:18.804003,6303,5544,3184,1
2026-08-23 09:55:18.804023,6186,4196,0,1
2026-08-23 09:55:18.804043,6298,5547,3052,1
2026-08-23 09:55:18.804063,6180,4277,0,1
2026-08-23 09:55:18.804083,6323,5657,3265,1
2026-08-23 09:55:18.804103,6196,4341,32,1
2026-08-23 09:55:18.804123,6298,5693,2896,1
2026-08-23 09:55:18.804143,6191,4364,0,1
2026-08-23 09:55:18.804163,6292,5732,2818,1
2026-08-23 09:55:18.804183,6213,4408,0,1
2026-08-23 09:55:18.804203,6302,5743,3326,1
2026-08-23 09:55:18.822414,6239,3669,0,1
2026-08-23 09:55:18.822434,6303,5276,2851,1
2026-08-23 09:55:18.822454,6178,4140,0,1
2026-08-23 09:55:18.822474,6310,5546,3152,1
2026-08-23 09:55:18.822494,6195,4288,0,1
2026-08-23 09:55:18.822514,6299,5664,3238,1
2026-08-23 09:55:18.822534,6179,4308,0,1
2026-08-23 09:55:18.822554,6301,5712,3144,1
2026-08-23 09:55:18.822574,6203,4390,120,1
2026-08-23 09:55:18.822594,6275,5697,2476,1
2026-08-23 09:55:18.822614,6208,4364,0,1
2026-08-23 09:55:18.822634,6302,5776,2813,1
2026-08-23 09:55:18.841850,6241,3824,0,1
2026-08-23 09:55:18.841870,6310,5444,3188,1
2026-08-23 09:55:18.841890,6204,4184,0,1
2026-08-23 09:55:18.841910,6176,5364,0,1
2026-08-23 09:55:18.841930,6204,4415,0,1
2026-08-23 09:55:18.841950,6297,5790,2950,1
2026-08-23 09:55:18.841970,6198,4416,0,1
2026-08-23 09:55:18.841990,6296,5799,2875,1
2026-08-23 09:55:18.842010,6198,4467,0,1
2026-08-23 09:55:18.842030,6157,5475,0,1
2026-08-23 09:55:18.842050,6198,4434,0,1
2026-08-23 09:55:18.842070,6301,5837,3200,1
2026-08-23 09:55:18.842090,6218,4374,0,1
2026-08-23 09:55:18.861640,6302,5489,2832,1
2026-08-23 09:55:18.861660,6202,4220,0,1
2026-08-23 09:55:18.861680,6306,5604,3286,1
2026-08-23 09:55:18.861700,6190,4262,0,1
2026-08-23 09:55:18.861720,6288,5644,3048,1
2026-08-23 09:55:18.861740,6170,4332,0,1
2026-08-23 09:55:18.861760,6198,5475,245,1
2026-08-23 09:55:18.861780,6181,4452,0,1
2026-08-23 09:55:18.861800,6290,5785,2855,1
2026-08-23 09:55:18.861820,6194,4395,0,1
2026-08-23 09:55:18.861840,6291,5788,2936,1
2026-08-23 09:55:18.861860,6221,4425,9,1
2026-08-23 09:55:18.861880,6297,5790,3287,1
2026-08-23 09:55:18.881432,6260,3712,0,1
2026-08-23 09:55:18.881452,6301,5341,2855,1
2026-08-23 09:55:18.881472,6189,4130,0,1
2026-08-23 09:55:18.881492,6297,5567,3158,1
2026-08-23 09:55:18.881512,6196,4289,0,1
2026-08-23 09:55:18.881532,6298,5678,3259,1
2026-08-23 09:55:18.881552,6195,4314,0,1
2026-08-23 09:55:18.881572,6304,5724,3145,1
2026-08-23 09:55:18.881592,6198,4379,0,1
2026-08-23 09:55:18.881612,6297,5765,3300,1
2026-08-23 09:55:18.881632,6203,4347,0,1
2026-08-23 09:55:18.881652,6287,5748,2868,1
2026-08-23 09:55:18.881672,6207,4357,0,1
2026-08-23 09:55:18.901452,6319,5458,3240,1
2026-08-23 09:55:18.901472,6209,4121,14,1
2026-08-23 09:55:18.901492,6294,5495,2898,1
2026-08-23 09:55:18.901512,6187,4256,0,1
2026-08-23 09:55:18.901532,6293,5606,2799,1
2026-08-23 09:55:18.901552,6198,4340,10,1
2026-08-23 09:55:18.901572,6299,5732,3369,1
2026-08-23 09:55:18.901592,6190,4327,0,1
2026-08-23 09:55:18.901612,6303,5701,3016,1
2026-08-23 09:55:18.901632,6184,4381,0,1
2026-08-23 09:55:18.901652,6291,5725,2743,1
2026-08-23 09:55:18.901672,6210,4340,0,1
2026-08-23 09:55:18.901692,6295,5699,2774,1
2026-08-23 09:55:18.921221,6232,3678,0,1
2026-08-23 09:55:18.921242,6319,5338,3406,1
2026-08-23 09:55:18.921262,6218,4075,10,1
2026-08-23 09:55:18.921282,6296,5561,2973,1
2026-08-23 09:55:18.921302,6195,4275,0,1
2026-08-23 09:55:18.921322,6299,5680,2836,1
2026-08-23 09:55:18.921342,6203,4366,0,1
2026-08-23 09:55:18.921362,6194,5513,0,1
2026-08-23 09:55:18.921381,6205,4467,0,1
2026-08-23 09:55:18.921402,6296,5845,3186,1
2026-08-23 09:55:18.921422,6194,4422,0,1
2026-08-23 09:55:18.921442,6306,5823,3261,1
2026-08-23 09:55:18.921462,6216,4383,10,1
2026-08-23 09:55:18.939289,6316,5455,2988,1
2026-08-23 09:55:18.939309,6188,4170,0,1
2026-08-23 09:55:18.939329,6404,5561,3027,1
2026-08-23 09:55:18.939349,6194,4285,0,1
2026-08-23 09:55:18.939369,6258,5517,1855,1
2026-08-23 09:55:18.939389,6195,4332,0,1
2026-08-23 09:55:18.939409,6304,5715,2749,1
2026-08-23 09:55:18.939429,6216,4404,0,1
2026-08-23 09:55:18.939449,6295,5770,3114,1
2026-08-23 09:55:18.939469,6198,4352,0,1
2026-08-23 09:55:18.939489,6299,5728,3155,1
2026-08-23 09:55:18.939509,6197,4340,0,1
2026-08-23 09:55:18.959294,6311,5454,2820,1
2026-08-23 09:55:18.959314,6207,4177,10,1
2026-08-23 09:55:18.959334,6311,5534,3332,1
2026-08-23 09:55:18.959354,6182,4235,0,1
2026-08-23 09:55:18.959374,6295,5616,3004,1
2026-08-23 09:55:18.959394,6164,4318,0,1
2026-08-23 09:55:18.959414,6296,5675,2776,1
2026-08-23 09:55:18.959434,6200,4349,0,1
2026-08-23 09:55:18.959454,6348,5688,2728,1
2026-08-23 09:55:18.959474,6199,4383,0,1
2026-08-23 09:55:18.959494,6248,5599,1246,1
2026-08-23 09:55:18.959514,6208,4453,0,1
2026-08-23 09:55:18.959534,6301,5814,3082,1
2026-08-23 09:55:18.979061,6241,3734,0,1
2026-08-23 09:55:18.979081,6304,5366,3162,1
2026-08-23 09:55:18.979101,6204,4129,0,1
2026-08-23 09:55:18.979121,6308,5539,3266,1
2026-08-23 09:55:18.979141,6190,4272,0,1
2026-08-23 09:55:18.979162,6295,5694,3131,1
2026-08-23 09:55:18.979182,6198,4362,0,1
2026-08-23 09:55:18.979202,6258,5663,1862,1
2026-08-23 09:55:18.979221,6203,4446,0,1
2026-08-23 09:55:18.979241,6270,5756,2834,1
2026-08-23 09:55:18.979261,6193,4460,0,1
2026-08-23 09:55:18.979281,6290,5807,3003,1
2026-08-23 09:55:18.979301,6218,4382,7,1
2026-08-23 09:55:18.999084,6308,5448,2887,1
2026-08-23 09:55:18.999104,6191,4112,0,1
2026-08-23 09:55:18.999124,6394,5513,2842,1
2026-08-23 09:55:18.999144,6197,4263,0,1
2026-08-23 09:55:18.999164,6306,5660,3281,1
2026-08-23 09:55:18.999184,6184,4219,0,1
2026-08-23 09:55:18.999204,6291,5694,3029,1
2026-08-23 09:55:18.999224,6208,4362,107,1
2026-08-23 09:55:18.999244,6291,5692,2842,1
2026-08-23 09:55:18.999264,6201,4364,0,1
2026-08-23 09:55:18.999284,6289,5738,2747,1
2026-08-23 09:55:18.999304,6202,4370,0,1
2026-08-23 09:55:18.999324,6256,5665,1920,1
2026-08-23 09:55:19.018849,6268,3757,4,1
2026-08-23 09:55:19.018869,6296,5338,2963,1
2026-08-23 09:55:19.018889,6196,4149,0,1
2026-08-23 09:55:19.018909,6293,5539,2883,1
2026-08-23 09:55:19.018929,6209,4314,0,1
2026-08-23 09:55:19.018949,6174,5462,0,1
2026-08-23 09:55:19.018969,6204,4466,0,1
2026-08-23 09:55:19.018989,6300,5833,3187,1
2026-08-23 09:55:19.019009,6186,4420,0,1
2026-08-23 09:55:19.019029,6300,5835,3221,1
2026-08-23 09:55:19.019049,6201,4435,12,1
2026-08-23 09:55:19.019069,6293,5790,3111,1
2026-08-23 09:55:19.019089,6207,4372,0,1
2026-08-23 09:55:19.038643,6316,5484,3085,1
2026-08-23 09:55:19.038663,6191,4174,0,1
2026-08-23 09:55:19.038683,6194,5342,203,1
2026-08-23 09:55:19.038703,6205,4323,0,1
2026-08-23 09:55:19.038723,6294,5672,2800,1
2026-08-23 09:55:19.038743,6193,4331,0,1
2026-08-23 09:55:19.038763,6297,5744,2961,1
2026-08-23 09:55:19.038783,6196,4395,6,1
2026-08-23 09:55:19.038803,6297,5736,3308,1
2026-08-23 09:55:19.038823,6175,4381,0,1
2026-08-23 09:55:19.038843,6298,5734,3060,1
2026-08-23 09:55:19.038863,6216,4381,0,1
2026-08-23 09:55:19.038883,6305,5740,3055,1
2026-08-23 09:55:19.058326,6247,3726,0,1
2026-08-23 09:55:19.058346,6319,5320,3152,1
2026-08-23 09:55:19.058366,6193,4145,0,1
2026-08-23 09:55:19.058386,6305,5582,3333,1
2026-08-23 09:55:19.058406,6202,4309,10,1
2026-08-23 09:55:19.058426,6293,5674,3021,1
2026-08-23 09:55:19.058446,6186,4388,0,1
2026-08-23 09:55:19.058466,6287,5736,2821,1
2026-08-23 09:55:19.058486,6191,4402,0,1
2026-08-23 09:55:19.058506,6302,5769,3214,1
2026-08-23 09:55:19.058526,6183,4405,0,1
2026-08-23 09:55:19.058546,6304,5778,3197,1
2026-08-23 09:55:19.058566,6201,4360,0,1
2026-08-23 09:55:19.078225,6315,5431,2906,1
2026-08-23 09:55:19.078245,6210,4139,4,1
2026-08-23 09:55:19.078265,6303,5507,3257,1
2026-08-23 09:55:19.078285,6183,4212,0,1
2026-08-23 09:55:19.078305,6300,5617,3082,1
2026-08-23 09:55:19.078326,6287,4278,0,1
2026-08-23 09:55:19.078346,6302,5710,3086,1
2026-08-23 09:55:19.078366,6197,4338,0,1
2026-08-23 09:55:19.078385,6296,5699,2747,1
2026-08-23 09:55:19.078405,6198,4403,0,1
2026-08-23 09:55:19.078425,6272,5607,70,1
2026-08-23 09:55:19.078445,6204,4350,0,1
2026-08-23 09:55:19.078465,6303,5717,3094,1
2026-08-23 09:55:19.098099,6240,3729,0,1
2026-08-23 09:55:19.098119,6307,5332,3003,1
2026-08-23 09:55:19.098139,6208,4143,10,1
2026-08-23 09:55:19.098159,6300,5586,3479,1
2026-08-23 09:55:19.098179,6189,4269,0,1
2026-08-23 09:55:19.098199,6277,5700,3115,1
2026-08-23 09:55:19.098219,6194,4339,0,1
2026-08-23 09:55:19.098239,6306,5794,3470,1
2026-08-23 09:55:19.098259,6199,4359,0,1
2026-08-23 09:55:19.098279,6292,5736,2934,1
2026-08-23 09:55:19.098299,6193,4372,0,1
2026-08-23 09:55:19.098319,6286,5733,2867,1
2026-08-23 09:55:19.098339,6219,4351,12,1
2026-08-23 09:55:19.118020,6290,5441,2873,1
2026-08-23 09:55:19.118040,6194,4110,0,1
2026-08-23 09:55:19.118060,6290,5478,2743,1
2026-08-23 09:55:19.118080,6196,4234,0,1
2026-08-23 09:55:19.118100,6307,5574,2842,1
2026-08-23 09:55:19.118120,6185,4322,0,1
2026-08-23 09:55:19.118140,6294,5676,3019,1
2026-08-23 09:55:19.118160,6182,4364,0,1
2026-08-23 09:55:19.118180,6147,5425,0,1
2026-08-23 09:55:19.118200,6211,4371,0,1
2026-08-23 09:55:19.118220,6286,5701,2820,1
2026-08-23 09:55:19.118240,6199,4391,0,1
2026-08-23 09:55:19.118260,6300,5734,3048,1
2026-08-23 09:55:19.137929,6255,3681,4,1
2026-08-23 09:55:19.137949,6317,5275,3112,1
2026-08-23 09:55:19.137969,6182,4081,0,1
2026-08-23 09:55:19.137989,6288,5567,2842,1
2026-08-23 09:55:19.138009,6192,4314,0,1
2026-08-23 09:55:19.138029,6292,5706,3124,1
2026-08-23 09:55:19.138049,6197,4335,0,1
2026-08-23 09:55:19.138069,6299,5752,3266,1
2026-08-23 09:55:19.138089,6193,4354,0,1
2026-08-23 09:55:19.138109,6300,5753,3139,1
2026-08-23 09:55:19.138129,6195,4397,0,1
2026-08-23 09:55:19.138149,6292,5806,3289,1
2026-08-23 09:55:19.138169,6218,4360,0,1
2026-08-23 09:55:19.157841,6303,5424,3142,1
2026-08-23 09:55:19.157861,6187,4144,0,1
2026-08-23 09:55:19.157881,6308,5556,3308,1
2026-08-23 09:55:19.157901,6206,4194,0,1
2026-08-23 09:55:19.157921,6279,5586,2864,1
2026-08-23 09:55:19.157941,6200,4263,0,1
2026-08-23 09:55:19.157961,6292,5655,2817,1
2026-08-23 09:55:19.157981,6347,4345,10,1
2026-08-23 09:55:19.158001,6305,5715,3329,1
2026-08-23 09:55:19.158021,6174,4323,0,1
2026-08-23 09:55:19.158041,6298,5714,3042,1
2026-08-23 09:55:19.158061,6208,4385,0,1
2026-08-23 09:55:19.158081,6306,5744,3234,1
2026-08-23 09:55:19.177731,6262,3715,0,1
2026-08-23 09:55:19.177751,6311,5329,3216,1
2026-08-23 09:55:19.177771,6196,4071,0,1
2026-08-23 09:55:19.177791,6298,5556,3196,1
2026-08-23 09:55:19.177811,6194,4288,0,1
2026-08-23 09:55:19.177831,6296,5695,3177,1
2026-08-23 09:55:19.177851,6202,4320,0,1
2026-08-23 09:55:19.177871,6301,5689,2831,1
2026-08-23 09:55:19.177891,6195,4379,0,1
2026-08-23 09:55:19.177911,6287,5797,3031,1
2026-08-23 09:55:19.177931,6204,4427,45,1
2026-08-23 09:55:19.177951,6309,5795,3257,1
2026-08-23 09:55:19.177971,6203,4379,0,1
2026-08-23 09:55:19.197511,6312,5400,2794,1
2026-08-23 09:55:19.197531,6205,4171,0,1
2026-08-23 09:55:19.197551,6288,5490,2650,1
2026-08-23 09:55:19.197572,6181,4206,0,1
2026-08-23 09:55:19.197592,6300,5616,3008,1
2026-08-23 09:55:19.197612,6190,4334,0,1
2026-08-23 09:55:19.197632,6155,5372,0,1
2026-08-23 09:55:19.197652,6199,4320,0,1
2026-08-23 09:55:19.197671,6294,5710,2751,1
2026-08-23 09:55:19.197691,6195,4366,0,1
2026-08-23 09:55:19.197711,6302,5759,3002,1
2026-08-23 09:55:19.197731,6205,4395,0,1
2026-08-23 09:55:19.197752,6310,5773,3225,1
2026-08-23 09:55:19.217227,6249,3725,0,1
2026-08-23 09:55:19.217247,6308,5301,2855,1
2026-08-23 09:55:19.217267,6203,4113,0,1
2026-08-23 09:55:19.217287,6311,5596,3253,1
2026-08-23 09:55:19.217307,6197,4202,0,1
2026-08-23 09:55:19.217327,6301,5685,3204,1
2026-08-23 09:55:19.217347,6197,4310,0,1
2026-08-23 09:55:19.217367,6293,5757,3182,1
2026-08-23 09:55:19.217387,6204,4384,0,1
2026-08-23 09:55:19.217407,6300,5753,3197,1
2026-08-23 09:55:19.217427,6199,4375,0,1
2026-08-23 09:55:19.217447,6296,5727,2824,1
2026-08-23 09:55:19.217467,6210,4419,0,1
2026-08-23 09:55:19.235173,6320,5490,3429,1
2026-08-23 09:55:19.235193,6196,4127,0,1
2026-08-23 09:55:19.235213,6294,5491,2779,1
2026-08-23 09:55:19.235233,6056,4229,0,1
2026-08-23 09:55:19.235253,6297,5578,2977,1
2026-08-23 09:55:19.235273,6196,4326,5,1
2026-08-23 09:55:19.235293,6302,5659,3209,1
2026-08-23 09:55:19.235313,6186,4335,0,1
2026-08-23 09:55:19.235333,6303,5733,3043,1
2026-08-23 09:55:19.235353,6206,4369,0,1
2026-08-23 09:55:19.235373,6303,5754,3042,1
2026-08-23 09:55:19.235393,6201,4344,0,1
2026-08-23 09:55:19.252720,6304,5430,3028,1
2026-08-23 09:55:19.252740,6205,4142,0,1
2026-08-23 09:55:19.252760,6300,5570,3213,1
2026-08-23 09:55:19.252780,6194,4190,0,1
2026-08-23 09:55:19.252800,6282,5593,2715,1
2026-08-23 09:55:19.252820,6196,4283,0,1
2026-08-23 09:55:19.252840,6302,5677,3226,1
2026-08-23 09:55:19.252860,6187,4272,0,1
2026-08-23 09:55:19.252880,6293,5690,3033,1
2026-08-23 09:55:19.252900,6192,4312,0,1
2026-08-23 09:55:19.252920,6292,5773,3449,1
2026-08-23 09:55:19.252940,6230,4229,0,1
2026-08-23 09:55:19.270555,6315,5492,3223,1
2026-08-23 09:55:19.270575,6186,4138,0,1
2026-08-23 09:55:19.270595,6293,5552,3026,1
2026-08-23 09:55:19.270615,6190,4273,0,1
2026-08-23 09:55:19.270635,6292,5660,3204,1
2026-08-23 09:55:19.270655,6196,4267,0,1
2026-08-23 09:55:19.270675,6289,5641,2737,1
2026-08-23 09:55:19.270695,6208,4380,0,1
2026-08-23 09:55:19.270715,6306,5760,3204,1
2026-08-23 09:55:19.270735,6184,4333,0,1
2026-08-23 09:55:19.270755,6302,5709,3108,1
2026-08-23 09:55:19.270775,6206,4314,0,1
2026-08-23 09:55:19.286766,6304,5411,2897,1
2026-08-23 09:55:19.286786,6201,4152,8,1
2026-08-23 09:55:19.286806,6307,5503,3155,1
2026-08-23 09:55:19.286826,6176,4183,0,1
2026-08-23 09:55:19.286846,6288,5569,3100,1
2026-08-23 09:55:19.286866,6214,4295,1,1
2026-08-23 09:55:19.286886,6287,5681,2970,1
2026-08-23 09:55:19.286906,6191,4339,0,1
2026-08-23 09:55:19.286926,6291,5705,2758,1
2026-08-23 09:55:19.286946,6194,4402,0,1
2026-08-23 09:55:19.286966,6297,5701,3058,1
2026-08-23 09:55:19.303124,6257,3788,198,1
2026-08-23 09:55:19.303144,6286,5338,2898,1
2026-08-23 09:55:19.303164,6192,4174,0,1
2026-08-23 09:55:19.303185,6297,5586,2862,1
2026-08-23 09:55:19.303205,6201,4346,6,1
2026-08-23 09:55:19.303225,6298,5741,3322,1
2026-08-23 09:55:19.303244,6192,4367,0,1
2026-08-23 09:55:19.303264,6311,5714,3105,1
2026-08-23 09:55:19.303284,6200,4361,0,1
2026-08-23 09:55:19.303304,6308,5799,3387,1
2026-08-23 09:55:19.303324,6214,4370,0,1
2026-08-23 09:55:19.320428,6266,5396,1447,1
2026-08-23 09:55:19.320448,6204,4264,0,1
2026-08-23 09:55:19.320468,6302,5589,2990,1
2026-08-23 09:55:19.320488,6189,4311,0,1
2026-08-23 09:55:19.320508,6304,5713,3488,1
2026-08-23 09:55:19.320528,6194,4308,0,1
2026-08-23 09:55:19.320548,6290,5615,2789,1
2026-08-23 09:55:19.320568,6190,4356,0,1
2026-08-23 09:55:19.320588,6297,5685,2955,1
2026-08-23 09:55:19.320608,6207,4380,10,1
2026-08-23 09:55:19.320628,6309,5746,3232,1
2026-08-23 09:55:19.320648,6216,4275,0,1
2026-08-23 09:55:19.338338,6307,5487,2777,1
2026-08-23 09:55:19.338358,6197,4178,0,1
2026-08-23 09:55:19.338378,6294,5588,3101,1
2026-08-23 09:55:19.338398,6184,4244,0,1
2026-08-23 09:55:19.338418,6285,5591,3126,1
2026-08-23 09:55:19.338438,6179,4264,0,1
2026-08-23 09:55:19.338458,6295,5695,3193,1
2026-08-23 09:55:19.338478,6198,4369,14,1
2026-08-23 09:55:19.338498,6294,5686,2926,1
2026-08-23 09:55:19.338518,6176,4382,0,1
2026-08-23 09:55:19.338538,6296,5709,2787,1
2026-08-23 09:55:19.338558,6209,4381,0,1
2026-08-23 09:55:19.356344,6311,5454,2953,1
2026-08-23 09:55:19.356364,6197,4152,0,1
2026-08-23 09:55:19.356384,6294,5542,2711,1
2026-08-23 09:55:19.356404,6209,4287,0,1
2026-08-23 09:55:19.356424,6263,5560,2131,1
2026-08-23 09:55:19.356444,6198,4312,0,1
2026-08-23 09:55:19.356464,6298,5719,2988,1
2026-08-23 09:55:19.356483,6201,4384,0,1
2026-08-23 09:55:19.356503,6178,5457,0,1
2026-08-23 09:55:19.356524,6197,4471,0,1
2026-08-23 09:55:19.356544,6293,5747,2735,1
2026-08-23 09:55:19.356564,6210,4401,0,1
2026-08-23 09:55:19.375676,6322,5515,3314,1
2026-08-23 09:55:19.375696,6207,4250,0,1
2026-08-23 09:55:19.375716,6296,5523,2782,1
2026-08-23 09:55:19.375736,6196,4270,0,1
2026-08-23 09:55:19.375757,6287,5595,2907,1
2026-08-23 09:55:19.375777,6206,4326,0,1
2026-08-23 09:55:19.375797,6300,5709,3134,1
2026-08-23 09:55:19.375817,6176,4338,0,1
2026-08-23 09:55:19.375836,6304,5728,3146,1
2026-08-23 09:55:19.375856,6208,4368,17,1
2026-08-23 09:55:19.375876,6292,5703,2897,1
2026-08-23 09:55:19.375896,6200,4373,0,1
2026-08-23 09:55:19.375916,6311,5713,2963,1
2026-08-23 09:55:19.395360,6250,3747,0,1
2026-08-23 09:55:19.395380,6326,5318,3254,1
2026-08-23 09:55:19.395400,6196,4110,0,1
2026-08-23 09:55:19.395420,6286,5522,2851,1
2026-08-23 09:55:19.395440,6182,4288,0,1
2026-08-23 09:55:19.395460,6298,5663,2978,1
2026-08-23 09:55:19.395480,6196,4372,5,1
2026-08-23 09:55:19.395500,6298,5758,3374,1
2026-08-23 09:55:19.395520,6187,4366,0,1
2026-08-23 09:55:19.395540,6299,5720,3107,1
2026-08-23 09:55:19.395560,6189,4408,0,1
2026-08-23 09:55:19.395580,6193,5531,0,1
2026-08-23 09:55:19.395600,6229,4317,0,1
2026-08-23 09:55:19.415297,6317,5432,3141,1
2026-08-23 09:55:19.415317,6186,4074,0,1
2026-08-23 09:55:19.415337,6299,5547,3297,1
2026-08-23 09:55:19.415357,6196,4200,0,1
2026-08-23 09:55:19.415377,6292,5570,2896,1
2026-08-23 09:55:19.415397,6196,4295,0,1
2026-08-23 09:55:19.415417,6296,5679,2822,1
2026-08-23 09:55:19.415437,6209,4385,0,1
2026-08-23 09:55:19.415457,6311,5738,3192,1
2026-08-23 09:55:19.415477,6190,4367,0,1
2026-08-23 09:55:19.415497,6298,5723,3034,1
2026-08-23 09:55:19.415517,6196,4398,0,1
2026-08-23 09:55:19.415537,6274,5679,1978,1
2026-08-23 09:55:19.434835,6252,3726,0,1
2026-08-23 09:55:19.434855,6320,5330,3257,1
2026-08-23 09:55:19.434875,6193,4115,0,1
2026-08-23 09:55:19.434896,6305,5603,3207,1
2026-08-23 09:55:19.434916,6207,4325,0,1
2026-08-23 09:55:19.434936,6304,5728,3276,1
2026-08-23 09:55:19.434956,6202,4355,0,1
2026-08-23 09:55:19.434976,6291,5692,2889,1
2026-08-23 09:55:19.434995,6196,4353,0,1
2026-08-23 09:55:19.435015,6292,5732,2921,1
2026-08-23 09:55:19.435035,6199,4417,2,1
2026-08-23 09:55:19.435055,6309,5800,3201,1
2026-08-23 09:55:19.435076,6203,4382,0,1
2026-08-23 09:55:19.451480,6316,5403,2672,1
2026-08-23 09:55:19.451500,6204,4144,0,1
2026-08-23 09:55:19.451520,6159,5251,0,1
2026-08-23 09:55:19.451540,6216,4282,0,1
2026-08-23 09:55:19.451560,6294,5704,2918,1
2026-08-23 09:55:19.451580,6186,4342,0,1
2026-08-23 09:55:19.451600,6302,5751,3276,1
2026-08-23 09:55:19.451620,6205,4344,4,1
2026-08-23 09:55:19.451640,6300,5706,2924,1
2026-08-23 09:55:19.451660,6190,4347,0,1
2026-08-23 09:55:19.451680,6304,5714,2861,1
2026-08-23 09:55:19.470356,6234,3823,0,1
2026-08-23 09:55:19.470376,6324,5406,3331,1
2026-08-23 09:55:19.470396,6210,4199,0,1
2026-08-23 09:55:19.470416,6297,5591,2993,1
2026-08-23 09:55:19.470436,6203,4286,0,1
2026-08-23 09:55:19.470456,6280,5731,2819,1
2026-08-23 09:55:19.470476,6204,4392,0,1
2026-08-23 09:55:19.470496,6187,5527,0,1
2026-08-23 09:55:19.470516,6212,4477,0,1
2026-08-23 09:55:19.470536,6284,5852,3163,1
2026-08-23 09:55:19.470556,6194,4432,0,1
2026-08-23 09:55:19.470576,6312,5838,3265,1
2026-08-23 09:55:19.470596,6239,4391,2,1
2026-08-23 09:55:19.489667,6175,5263,0,1
2026-08-23 09:55:19.489687,6198,4277,0,1
2026-08-23 09:55:19.489707,6306,5600,3015,1
2026-08-23 09:55:19.489727,6194,4334,0,1
2026-08-23 09:55:19.489747,6387,5698,3411,1
2026-08-23 09:55:19.489767,6196,4292,0,1
2026-08-23 09:55:19.489787,6299,5665,2846,1
2026-08-23 09:55:19.489807,6186,4370,0,1
2026-08-23 09:55:19.489827,6294,5723,2912,1
2026-08-23 09:55:19.489847,6203,4385,7,1
2026-08-23 09:55:19.489867,6310,5781,3303,1
2026-08-23 09:55:19.489887,6197,4379,0,1
2026-08-23 09:55:19.489907,6298,5762,3161,1
2026-08-23 09:55:19.508970,6254,3720,0,1
2026-08-23 09:55:19.508990,6320,5330,3503,1
2026-08-23 09:55:19.509010,6286,4053,0,1
2026-08-23 09:55:19.509030,6294,5524,3148,1
2026-08-23 09:55:19.509050,6197,4285,0,1
2026-08-23 09:55:19.509070,6310,5728,3331,1
2026-08-23 09:55:19.509090,6327,4334,6,1
2026-08-23 09:55:19.509110,6297,5710,2998,1
2026-08-23 09:55:19.509130,6203,4373,0,1
2026-08-23 09:55:19.509150,6297,5735,2816,1
2026-08-23 09:55:19.509170,6208,4416,0,1
2026-08-23 09:55:19.509190,6271,5672,1938,1
2026-08-23 09:55:19.528766,6258,3882,0,1
2026-08-23 09:55:19.528786,6316,5416,3278,1
2026-08-23 09:55:19.528806,6201,4185,0,1
2026-08-23 09:55:19.528826,6290,5564,2966,1
2026-08-23 09:55:19.528847,6201,4324,0,1
2026-08-23 09:55:19.528867,6304,5726,2912,1
2026-08-23 09:55:19.528887,6203,4395,0,1
2026-08-23 09:55:19.528907,6345,5791,3260,1
2026-08-23 09:55:19.528926,6187,4377,0,1
2026-08-23 09:55:19.528946,6301,5736,3268,1
2026-08-23 09:55:19.528966,6196,4400,0,1
2026-08-23 09:55:19.528986,6306,5756,3203,1
2026-08-23 09:55:19.529006,6217,4387,0,1
2026-08-23 09:55:19.548481,6188,5176,0,1
2026-08-23 09:55:19.548501,6204,4215,0,1
2026-08-23 09:55:19.548521,6300,5593,3103,1
2026-08-23 09:55:19.548541,6185,4274,0,1
2026-08-23 09:55:19.548561,6306,5664,3282,1
2026-08-23 09:55:19.548581,6202,4341,2,1
2026-08-23 09:55:19.548601,6294,5669,2936,1
2026-08-23 09:55:19.548621,6037,4351,0,1
2026-08-23 09:55:19.548641,6285,5710,2808,1
2026-08-23 09:55:19.548661,6209,4389,0,1
2026-08-23 09:55:19.548681,6274,5719,2412,1
2026-08-23 09:55:19.548701,6201,4394,0,1
2026-08-23 09:55:19.548721,6305,5781,3101,1
2026-08-23 09:55:19.568282,6237,3735,0,1
2026-08-23 09:55:19.568302,6304,5316,3087,1
2026-08-23 09:55:19.568322,6210,4119,4,1
2026-08-23 09:55:19.568342,6312,5601,3336,1
2026-08-23 09:55:19.568362,6197,4251,0,1
2026-08-23 09:55:19.568382,6303,5701,3134,1
2026-08-23 09:55:19.568402,6198,4368,0,1
2026-08-23 09:55:19.568422,6314,5755,3476,1
2026-08-23 09:55:19.568442,6189,4391,0,1
2026-08-23 09:55:19.568462,6296,5704,2936,1
2026-08-23 09:55:19.568482,6192,4376,0,1
2026-08-23 09:55:19.568502,6292,5736,2883,1
2026-08-23 09:55:19.568522,6083,4403,0,1
2026-08-23 09:55:19.588243,6296,5395,2664,1
2026-08-23 09:55:19.588263,6195,4154,0,1
2026-08-23 09:55:19.588283,6298,5492,2723,1
2026-08-23 09:55:19.588303,6201,4281,0,1
2026-08-23 09:55:19.588323,6248,5509,1177,1
2026-08-23 09:55:19.588343,6213,4387,0,1
2026-08-23 09:55:19.588363,6291,5724,3050,1
2026-08-23 09:55:19.588383,6193,4363,0,1
2026-08-23 09:55:19.588403,6304,5794,3341,1
2026-08-23 09:55:19.588423,6205,4398,11,1
2026-08-23 09:55:19.588443,6298,5756,2885,1
2026-08-23 09:55:19.588463,6204,4391,0,1
2026-08-23 09:55:19.588483,6302,5751,2923,1
2026-08-23 09:55:19.608118,6258,3722,4,1
2026-08-23 09:55:19.608138,6304,5299,3175,1
2026-08-23 09:55:19.608158,6205,4115,0,1
2026-08-23 09:55:19.608178,6298,5514,2848,1
2026-08-23 09:55:19.608198,6189,4306,0,1
2026-08-23 09:55:19.608218,6303,5709,3025,1
2026-08-23 09:55:19.608238,6209,4372,6,1
2026-08-23 09:55:19.608258,6327,5772,3357,1
2026-08-23 09:55:19.608278,6188,4384,0,1
2026-08-23 09:55:19.608298,6303,5776,3126,1
2026-08-23 09:55:19.608318,6192,4393,0,1
2026-08-23 09:55:19.608338,6236,5657,873,1
2026-08-23 09:55:19.608358,6231,4459,0,1
2026-08-23 09:55:19.628054,6317,5529,3153,1
2026-08-23 09:55:19.628074,6181,4181,0,1
2026-08-23 09:55:19.628094,6311,5539,3246,1
2026-08-23 09:55:19.628114,6198,4276,12,1
2026-08-23 09:55:19.628134,6297,5591,2880,1
2026-08-23 09:55:19.628155,6201,4288,0,1
2026-08-23 09:55:19.628175,6295,5701,2822,1
2026-08-23 09:55:19.628195,6200,4389,8,1
2026-08-23 09:55:19.628214,6299,5768,3372,1
2026-08-23 09:55:19.628234,6197,4349,0,1
2026-08-23 09:55:19.628254,6297,5753,3031,1
2026-08-23 09:55:19.628274,6211,4389,0,1
2026-08-23 09:55:19.628294,6303,5765,3240,1
2026-08-23 09:55:19.647978,6262,3713,0,1
2026-08-23 09:55:19.647998,6311,5320,3221,1
2026-08-23 09:55:19.648018,6197,4079,0,1
2026-08-23 09:55:19.648038,6306,5512,3205,1
2026-08-23 09:55:19.648058,6209,4304,1,1
2026-08-23 09:55:19.648078,6303,5671,3148,1
2026-08-23 09:55:19.648098,6192,4303,0,1
2026-08-23 09:55:19.648118,6300,5688,2822,1
2026-08-23 09:55:19.648138,6213,4410,0,1
2026-08-23 09:55:19.648158,6298,5747,3084,1
2026-08-23 09:55:19.648178,6208,4424,0,1
2026-08-23 09:55:19.648198,6311,5783,3277,1
2026-08-23 09:55:19.648218,6222,4358,0,1
2026-08-23 09:55:19.667905,6302,5401,2807,1
2026-08-23 09:55:19.667925,6212,4165,0,1
2026-08-23 09:55:19.667945,6298,5525,2964,1
2026-08-23 09:55:19.667965,6196,4231,0,1
2026-08-23 09:55:19.667985,6312,5643,3016,1
2026-08-23 09:55:19.668005,6201,4283,0,1
2026-08-23 09:55:19.668025,6205,5449,147,1
2026-08-23 09:55:19.668045,6101,4413,0,1
2026-08-23 09:55:19.668065,6291,5777,2765,1
2026-08-23 09:55:19.668085,6190,4448,0,1
2026-08-23 09:55:19.668105,6297,5776,3024,1
2026-08-23 09:55:19.668125,6205,4405,0,1
2026-08-23 09:55:19.668145,6309,5783,3157,1
2026-08-23 09:55:19.687637,6244,3754,0,1
2026-08-23 09:55:19.687657,6305,5306,2877,1
2026-08-23 09:55:19.687677,6199,4133,0,1
2026-08-23 09:55:19.687697,6313,5588,3284,1
2026-08-23 09:55:19.687717,6202,4217,0,1
2026-08-23 09:55:19.687737,6315,5675,3196,1
2026-08-23 09:55:19.687757,6183,4323,0,1
2026-08-23 09:55:19.687778,6308,5699,3205,1
2026-08-23 09:55:19.687797,6214,4370,8,1
2026-08-23 09:55:19.687817,6303,5737,3157,1
2026-08-23 09:55:19.687837,6201,4362,0,1
2026-08-23 09:55:19.687857,6299,5763,2819,1
2026-08-23 09:55:19.687877,6203,4409,0,1
2026-08-23 09:55:19.707751,6314,5493,3483,1
2026-08-23 09:55:19.707771,6204,4072,0,1
2026-08-23 09:55:19.707791,6307,5498,2782,1
2026-08-23 09:55:19.707811,6208,4241,0,1
2026-08-23 09:55:19.707831,6306,5608,2958,1
2026-08-23 09:55:19.707851,6215,4284,5,1
2026-08-23 09:55:19.707871,6306,5680,3193,1
2026-08-23 09:55:19.707891,6185,4302,0,1
2026-08-23 09:55:19.707911,6311,5729,3116,1
2026-08-23 09:55:19.707931,6209,4403,22,1
2026-08-23 09:55:19.707951,6306,5718,3011,1
2026-08-23 09:55:19.707971,6201,4326,0,1
2026-08-23 09:55:19.707991,6289,5692,2793,1
2026-08-23 09:55:19.727523,6258,3722,0,1
2026-08-23 09:55:19.727543,6296,5293,3276,1
2026-08-23 09:55:19.727563,6218,4081,0,1
2026-08-23 09:55:19.727583,6298,5533,2892,1
2026-08-23 09:55:19.727603,6201,4250,0,1
2026-08-23 09:55:19.727623,6300,5695,2924,1
2026-08-23 09:55:19.727643,6208,4356,0,1
2026-08-23 09:55:19.727663,6303,5754,3124,1
2026-08-23 09:55:19.727683,6191,4398,0,1
2026-08-23 09:55:19.727703,6312,5782,3124,1
2026-08-23 09:55:19.727723,6188,4425,0,1
2026-08-23 09:55:19.727743,6310,5813,3396,1
2026-08-23 09:55:19.727763,6219,4355,0,1
2026-08-23 09:55:19.747543,6329,5425,3179,1
2026-08-23 09:55:19.747563,6193,4077,0,1
2026-08-23 09:55:19.747583,6305,5536,3188,1
2026-08-23 09:55:19.747603,6206,4262,5,1
2026-08-23 09:55:19.747623,6300,5578,2962,1
2026-08-23 09:55:19.747643,6190,4266,0,1
2026-08-23 09:55:19.747663,6303,5653,2807,1
2026-08-23 09:55:19.747684,6220,4361,0,1
2026-08-23 09:55:19.747703,6289,5707,2715,1
2026-08-23 09:55:19.747723,6205,4358,0,1
2026-08-23 09:55:19.747743,6305,5736,3022,1
2026-08-23 09:55:19.747763,6200,4416,0,1
2026-08-23 09:55:19.747783,6227,5577,835,1
2026-08-23 09:55:19.767371,6263,3798,0,1
2026-08-23 09:55:19.767391,6319,5388,3161,1
2026-08-23 09:55:19.767411,6198,4123,0,1
2026-08-23 09:55:19.767431,6312,5608,3209,1
2026-08-23 09:55:19.767452,6205,4337,0,1
2026-08-23 09:55:19.767472,6306,5705,3256,1
2026-08-23 09:55:19.767492,6195,4358,0,1
2026-08-23 09:55:19.767512,6291,5725,2891,1
2026-08-23 09:55:19.767531,6201,4369,0,1
2026-08-23 09:55:19.767551,6299,5742,2921,1
2026-08-23 09:55:19.767571,6214,4404,10,1
2026-08-23 09:55:19.767591,6310,5750,3080,1
2026-08-23 09:55:19.767612,6221,4362,0,1
2026-08-23 09:55:19.787220,6315,5457,2768,1
2026-08-23 09:55:19.787240,6206,4175,0,1
2026-08-23 09:55:19.787260,6130,5089,0,1
2026-08-23 09:55:19.787280,6210,4187,0,1
2026-08-23 09:55:19.787300,6167,5580,3059,1
2026-08-23 09:55:19.787320,6187,4237,0,1
2026-08-23 09:55:19.787340,6301,5698,3272,1
2026-08-23 09:55:19.787360,6205,4339,103,1
2026-08-23 09:55:19.787380,6294,5696,2921,1
2026-08-23 09:55:19.787400,6196,4332,0,1
2026-08-23 09:55:19.787420,6300,5707,2813,1
2026-08-23 09:55:19.787440,6216,4385,0,1
2026-08-23 09:55:19.787460,6316,5761,3138,1
2026-08-23 09:55:19.806802,6248,3725,0,1
2026-08-23 09:55:19.806822,6319,5289,2850,1
2026-08-23 09:55:19.806842,6207,4139,0,1
2026-08-23 09:55:19.806862,6298,5577,2994,1
2026-08-23 09:55:19.806882,6206,4333,20,1
2026-08-23 09:55:19.806902,6305,5722,3398,1
2026-08-23 09:55:19.806922,6206,4320,0,1
2026-08-23 09:55:19.806942,6298,5747,3123,1
2026-08-23 09:55:19.806962,6209,4406,0,1
2026-08-23 09:55:19.806982,6324,5794,3463,1
2026-08-23 09:55:19.807002,6213,4372,1,1
2026-08-23 09:55:19.807022,6299,5742,2922,1
2026-08-23 09:55:19.807042,6209,4379,0,1
2026-08-23 09:55:19.823322,6312,5248,3151,1
2026-08-23 09:55:19.823342,6220,4052,0,1
2026-08-23 09:55:19.823362,6295,5455,3015,1
2026-08-23 09:55:19.823382,6197,4222,0,1
2026-08-23 09:55:19.823402,6293,5614,2751,1
2026-08-23 09:55:19.823422,6199,4342,0,1
2026-08-23 09:55:19.823442,6295,5714,3083,1
2026-08-23 09:55:19.823462,6198,4399,0,1
2026-08-23 09:55:19.823482,6301,5733,3016,1
2026-08-23 09:55:19.823502,6205,4380,0,1
2026-08-23 09:55:19.823522,6284,5693,2269,1
2026-08-23 09:55:19.841012,6255,3884,13,1
2026-08-23 09:55:19.841032,6323,5459,3503,1
2026-08-23 09:55:19.841052,6206,4165,0,1
2026-08-23 09:55:19.841072,6311,5599,3137,1
2026-08-23 09:55:19.841092,6191,4297,0,1
2026-08-23 09:55:19.841112,6308,5724,3343,1
2026-08-23 09:55:19.841132,6210,4373,6,1
2026-08-23 09:55:19.841152,6296,5740,2986,1
2026-08-23 09:55:19.841172,6201,4404,0,1
2026-08-23 09:55:19.841192,6296,5763,2838,1
2026-08-23 09:55:19.841212,6232,4437,0,1
2026-08-23 09:55:19.841232,6322,5746,3326,1
2026-08-23 09:55:19.859506,6255,3922,0,1
2026-08-23 09:55:19.859526,6308,5464,3332,1
2026-08-23 09:55:19.859546,6213,4153,0,1
2026-08-23 09:55:19.859566,6299,5581,2974,1
2026-08-23 09:55:19.859586,6196,4315,0,1
2026-08-23 09:55:19.859607,6306,5663,2895,1
2026-08-23 09:55:19.859627,6208,4367,0,1
2026-08-23 09:55:19.859646,6298,5745,3253,1
2026-08-23 09:55:19.859666,6203,4346,0,1
2026-08-23 09:55:19.859686,6300,5753,3242,1
2026-08-23 09:55:19.859706,6197,4397,0,1
2026-08-23 09:55:19.859726,6311,5735,3224,1
2026-08-23 09:55:19.877636,6265,3847,0,1
2026-08-23 09:55:19.877656,6311,5402,2973,1
2026-08-23 09:55:19.877676,6211,4186,5,1
2026-08-23 09:55:19.877696,6318,5653,3311,1
2026-08-23 09:55:19.877716,6210,4295,0,1
2026-08-23 09:55:19.877736,6312,5730,3232,1
2026-08-23 09:55:19.877756,6204,4371,0,1
2026-08-23 09:55:19.877776,6307,5755,3242,1
2026-08-23 09:55:19.877796,6202,4433,0,1
2026-08-23 09:55:19.877816,6304,5795,3236,1
2026-08-23 09:55:19.877836,6206,4376,0,1
2026-08-23 09:55:19.877856,6302,5774,2899,1
2026-08-23 09:55:19.877876,6228,4369,0,1
2026-08-23 09:55:19.894190,6322,5548,3150,1
2026-08-23 09:55:19.894210,6204,4218,0,1
2026-08-23 09:55:19.894230,6305,5619,3462,1
2026-08-23 09:55:19.894250,6193,4222,0,1
2026-08-23 09:55:19.894270,6298,5613,2841,1
2026-08-23 09:55:19.894290,6191,4306,0,1
2026-08-23 09:55:19.894310,6310,5710,2897,1
2026-08-23 09:55:19.894330,6214,4352,4,1
2026-08-23 09:55:19.894350,6305,5749,3368,1
2026-08-23 09:55:19.894370,6197,4378,0,1
2026-08-23 09:55:19.894390,6305,5715,3093,1
2026-08-23 09:55:19.912514,6247,3832,0,1
2026-08-23 09:55:19.912534,6301,5379,2937,1
2026-08-23 09:55:19.912554,6208,4218,2,1
2026-08-23 09:55:19.912574,6294,5579,2933,1
2026-08-23 09:55:19.912594,6196,4336,0,1
2026-08-23 09:55:19.912614,6302,5716,3144,1
2026-08-23 09:55:19.912634,6196,4380,0,1
2026-08-23 09:55:19.912654,6318,5770,3322,1
2026-08-23 09:55:19.912674,6208,4397,0,1
2026-08-23 09:55:19.912694,6303,5753,2986,1
2026-08-23 09:55:19.912714,6218,4407,0,1
2026-08-23 09:55:19.912734,6304,5752,2851,1
2026-08-23 09:55:19.932146,6235,3854,0,1
2026-08-23 09:55:19.932166,6318,5410,3301,1
2026-08-23 09:55:19.932186,6207,4186,6,1
2026-08-23 09:55:19.932206,6313,5660,3176,1
2026-08-23 09:55:19.932226,6206,4313,0,1
2026-08-23 09:55:19.932246,6300,5685,2876,1
2026-08-23 09:55:19.932266,6203,4403,0,1
2026-08-23 09:55:19.932287,6309,5748,2974,1
2026-08-23 09:55:19.932306,6215,4405,11,1
2026-08-23 09:55:19.932326,6314,5799,3401,1
2026-08-23 09:55:19.932346,6210,4379,0,1
2026-08-23 09:55:19.932366,6311,5780,3094,1
2026-08-23 09:55:19.932386,6214,4415,0,1
2026-08-23 09:55:19.952087,6318,5461,3213,1
2026-08-23 09:55:19.952107,6198,4057,0,1
2026-08-23 09:55:19.952127,6303,5514,3053,1
2026-08-23 09:55:19.952147,6187,4223,0,1
2026-08-23 09:55:19.952168,6312,5608,3269,1
2026-08-23 09:55:19.952188,6209,4274,0,1
2026-08-23 09:55:19.952208,6305,5644,2907,1
2026-08-23 09:55:19.952228,6198,4353,0,1
2026-08-23 09:55:19.952247,6300,5704,2793,1
2026-08-23 09:55:19.952267,6209,4423,0,1
2026-08-23 09:55:19.952287,6315,5733,2932,1
2026-08-23 09:55:19.952307,6196,4391,0,1
2026-08-23 09:55:19.952327,6321,5747,3093,1
2026-08-23 09:55:19.971956,6257,3743,0,1
2026-08-23 09:55:19.971977,6306,5356,1208,1
2026-08-23 09:55:19.971997,6211,4122,0,1
2026-08-23 09:55:19.972017,6318,5520,3306,1
2026-08-23 09:55:19.972037,6200,4287,0,1
2026-08-23 09:55:19.972057,6301,5663,3170,1
2026-08-23 09:55:19.972077,6200,4356,0,1
2026-08-23 09:55:19.972097,6311,5719,3300,1
2026-08-23 09:55:19.972116,6210,4388,0,1
2026-08-23 09:55:19.972136,6228,5722,2894,1
2026-08-23 09:55:19.972157,6200,4451,0,1
2026-08-23 09:55:19.972177,6304,5762,2938,1
2026-08-23 09:55:19.972197,6231,4402,12,1
2026-08-23 09:55:19.991835,6305,5432,2884,1
2026-08-23 09:55:19.991855,6190,4171,0,1
2026-08-23 09:55:19.991875,6306,5482,2733,1
2026-08-23 09:55:19.991895,6216,4280,0,1
2026-08-23 09:55:19.991915,6314,5593,2989,1
2026-08-23 09:55:19.991935,6193,4340,0,1
2026-08-23 09:55:19.991956,6305,5688,3021,1
2026-08-23 09:55:19.991976,6202,4386,0,1
2026-08-23 09:55:19.991995,6182,5429,0,1
2026-08-23 09:55:19.992015,6214,4456,0,1
2026-08-23 09:55:19.992035,6304,5738,2824,1
2026-08-23 09:55:19.992055,6210,4454,0,1
2026-08-23 09:55:19.992075,6313,5775,3009,1
2026-08-23 09:55:20.011665,6255,3759,5,1
2026-08-23 09:55:20.011685,6307,5317,3136,1
2026-08-23 09:55:20.011705,6200,4160,0,1
2026-08-23 09:55:20.011725,6305,5499,2850,1
2026-08-23 09:55:20.011745,6196,4331,0,1
2026-08-23 09:55:20.011765,6276,5703,3136,1
2026-08-23 09:55:20.011785,6218,4361,8,1
2026-08-23 09:55:20.011805,6301,5729,3324,1
2026-08-23 09:55:20.011825,6194,4375,0,1
2026-08-23 09:55:20.011845,6307,5766,3126,1
2026-08-23 09:55:20.011865,6210,4408,0,1
2026-08-23 09:55:20.011885,6269,5654,1688,1
2026-08-23 09:55:20.011905,6227,4437,0,1
2026-08-23 09:55:20.031586,6422,5453,3140,1
2026-08-23 09:55:20.031606,6206,4161,0,1
2026-08-23 09:55:20.031626,6310,5563,3253,1
2026-08-23 09:55:20.031646,6168,4248,0,1
2026-08-23 09:55:20.031666,6291,5569,2870,1
2026-08-23 09:55:20.031686,6197,4343,0,1
2026-08-23 09:55:20.031706,6295,5673,2827,1
2026-08-23 09:55:20.031726,6213,4390,2,1
2026-08-23 09:55:20.031746,6311,5716,3345,1
2026-08-23 09:55:20.031766,6191,4380,0,1
2026-08-23 09:55:20.031786,6300,5729,3039,1
2026-08-23 09:55:20.031806,6218,4380,0,1
2026-08-23 09:55:20.031826,6303,5746,3211,1
2026-08-23 09:55:20.051438,6253,3734,0,1
2026-08-23 09:55:20.051458,6325,5296,3162,1
2026-08-23 09:55:20.051478,6194,4130,0,1
2026-08-23 09:55:20.051498,6310,5549,3253,1
2026-08-23 09:55:20.051518,6201,4341,14,1
2026-08-23 09:55:20.051538,6299,5675,3086,1
2026-08-23 09:55:20.051558,6201,4380,0,1
2026-08-23 09:55:20.051579,6304,5724,2812,1
2026-08-23 09:55:20.051598,6302,4414,0,1
2026-08-23 09:55:20.051618,6311,5801,3167,1
2026-08-23 09:55:20.051638,6205,4379,0,1
2026-08-23 09:55:20.051658,6309,5730,3210,1
2026-08-23 09:55:20.051678,6205,4394,0,1
2026-08-23 09:55:20.071267,6308,5381,2863,1
2026-08-23 09:55:20.071287,6211,4189,0,1
2026-08-23 09:55:20.071307,6312,5541,3300,1
2026-08-23 09:55:20.071327,6196,4232,0,1
2026-08-23 09:55:20.071347,6319,5603,3028,1
2026-08-23 09:55:20.071368,6220,4341,0,1
2026-08-23 09:55:20.071388,6292,5663,2810,1
2026-08-23 09:55:20.071408,6205,4367,0,1
2026-08-23 09:55:20.071427,6298,5668,2730,1
2026-08-23 09:55:20.071447,6203,4432,0,1
2026-08-23 09:55:20.071467,6182,5504,0,1
2026-08-23 09:55:20.071487,6225,4458,0,1
2026-08-23 09:55:20.071507,6310,5783,3098,1
2026-08-23 09:55:20.091201,6251,3821,0,1
2026-08-23 09:55:20.091221,6314,5331,2971,1
2026-08-23 09:55:20.091241,6214,4170,9,1
2026-08-23 09:55:20.091261,6310,5577,3431,1
2026-08-23 09:55:20.091281,6204,4309,0,1
2026-08-23 09:55:20.091301,6311,5654,3118,1
2026-08-23 09:55:20.091321,6214,4394,0,1
2026-08-23 09:55:20.091341,6307,5767,3422,1
2026-08-23 09:55:20.091361,6208,4376,0,1
2026-08-23 09:55:20.091381,6298,5737,2910,1
2026-08-23 09:55:20.091401,6205,4396,0,1
2026-08-23 09:55:20.091421,6308,5765,2874,1
2026-08-23 09:55:20.091441,6067,4432,7,1
2026-08-23 09:55:20.111085,6316,5432,2986,1
2026-08-23 09:55:20.111105,6195,4134,0,1
2026-08-23 09:55:20.111125,6300,5498,2720,1
2026-08-23 09:55:20.111145,6218,4262,0,1
2026-08-23 09:55:20.111165,6282,5576,2476,1
2026-08-23 09:55:20.111185,6195,4315,0,1
2026-08-23 09:55:20.111205,6309,5709,3008,1
2026-08-23 09:55:20.111225,6198,4398,0,1
2026-08-23 09:55:20.111245,6162,5362,0,1
2026-08-23 09:55:20.111265,6208,4307,0,1
2026-08-23 09:55:20.111285,6296,5681,2786,1
2026-08-23 09:55:20.111305,6206,4395,0,1
2026-08-23 09:55:20.111325,6325,5748,3139,1
2026-08-23 09:55:20.130954,6272,3687,3,1
2026-08-23 09:55:20.130974,6304,5292,3110,1
2026-08-23 09:55:20.130994,6210,4108,0,1
2026-08-23 09:55:20.131014,6303,5490,2867,1
2026-08-23 09:55:20.131034,6206,4282,0,1
2026-08-23 09:55:20.131054,6286,5667,3058,1
2026-08-23 09:55:20.131074,6211,4357,14,1
2026-08-23 09:55:20.131094,6319,5722,3305,1
2026-08-23 09:55:20.131114,6210,4404,0,1
2026-08-23 09:55:20.131134,6311,5736,3126,1
2026-08-23 09:55:20.131154,6209,4388,0,1
2026-08-23 09:55:20.131174,6234,5589,785,1
2026-08-23 09:55:20.131194,6232,4460,0,1
2026-08-23 09:55:20.151166,6335,5468,3154,1
2026-08-23 09:55:20.151186,6199,4195,0,1
2026-08-23 09:55:20.151206,6310,5557,3338,1
2026-08-23 09:55:20.151226,6216,4226,0,1
2026-08-23 09:55:20.151246,6308,5583,2853,1
2026-08-23 09:55:20.151266,6196,4298,0,1
2026-08-23 09:55:20.151286,6312,5696,2876,1
2026-08-23 09:55:20.151306,6204,4404,4,1
2026-08-23 09:55:20.151326,6314,5731,3354,1
2026-08-23 09:55:20.151346,6200,4350,0,1
2026-08-23 09:55:20.151366,6433,5720,3025,1
2026-08-23 09:55:20.151386,6214,4446,0,1
2026-08-23 09:55:20.151406,6316,5720,2776,1
2026-08-23 09:55:20.169235,6257,3743,0,1
2026-08-23 09:55:20.169255,6402,5355,3220,1
2026-08-23 09:55:20.169276,6204,4159,22,1
2026-08-23 09:55:20.169296,6314,5555,3242,1
2026-08-23 09:55:20.169316,6213,4308,4,1
2026-08-23 09:55:20.169336,6311,5698,3155,1
2026-08-23 09:55:20.169356,6197,4352,0,1
2026-08-23 09:55:20.169375,6306,5723,2836,1
2026-08-23 09:55:20.169395,6207,4380,0,1
2026-08-23 09:55:20.169415,6299,5731,3051,1
2026-08-23 09:55:20.169436,6206,4404,3,1
2026-08-23 09:55:20.169456,6314,5746,3290,1
2026-08-23 09:55:20.188926,6262,3836,0,1
2026-08-23 09:55:20.188946,6305,5377,2899,1
2026-08-23 09:55:20.188966,6214,4184,0,1
2026-08-23 09:55:20.188986,6303,5573,2936,1
2026-08-23 09:55:20.189006,6209,4336,4,1
2026-08-23 09:55:20.189026,6319,5710,3260,1
2026-08-23 09:55:20.189046,6198,4397,0,1
2026-08-23 09:55:20.189066,6324,5728,3164,1
2026-08-23 09:55:20.189086,6203,4442,0,1
2026-08-23 09:55:20.189106,6299,5788,3298,1
2026-08-23 09:55:20.189126,6213,4442,13,1
2026-08-23 09:55:20.189146,6321,5756,3091,1
2026-08-23 09:55:20.189166,6221,4348,0,1
2026-08-23 09:55:20.208786,6316,5410,3080,1
2026-08-23 09:55:20.208807,6203,4139,0,1
2026-08-23 09:55:20.208827,6183,5269,0,1
2026-08-23 09:55:20.208847,6213,4326,0,1
2026-08-23 09:55:20.208867,6306,5645,2764,1
2026-08-23 09:55:20.208887,6206,4346,0,1
2026-08-23 09:55:20.208907,6303,5739,3018,1
2026-08-23 09:55:20.208927,6222,4361,0,1
2026-08-23 09:55:20.208946,6314,5751,3213,1
2026-08-23 09:55:20.208966,6195,4395,0,1
2026-08-23 09:55:20.208987,6300,5725,3103,1
2026-08-23 09:55:20.209007,6216,4401,10,1
2026-08-23 09:55:20.209027,6311,5760,3050,1
2026-08-23 09:55:20.228407,6262,3711,0,1
2026-08-23 09:55:20.228427,6309,5331,3154,1
2026-08-23 09:55:20.228447,6203,4127,0,1
2026-08-23 09:55:20.228467,6313,5562,3314,1
2026-08-23 09:55:20.228487,6213,4282,0,1
2026-08-23 09:55:20.228508,6306,5667,2986,1
2026-08-23 09:55:20.228528,6206,4393,0,1
2026-08-23 09:55:20.228548,6299,5750,2821,1
2026-08-23 09:55:20.228567,6212,4434,0,1
2026-08-23 09:55:20.228587,6208,5546,47,1
2026-08-23 09:55:20.228607,6216,4503,0,1
2026-08-23 09:55:20.228627,6317,5867,3185,1
2026-08-23 09:55:20.228647,6218,4438,0,1
2026-08-23 09:55:20.248276,6338,5477,2884,1
2026-08-23 09:55:20.248296,6222,4216,15,1
2026-08-23 09:55:20.248316,6311,5584,3314,1
2026-08-23 09:55:20.248336,6194,4257,0,1
2026-08-23 09:55:20.248356,6307,5599,3037,1
2026-08-23 09:55:20.248376,6212,4348,0,1
2026-08-23 09:55:20.248396,6304,5610,2865,1
2026-08-23 09:55:20.248416,6216,4345,0,1
2026-08-23 09:55:20.248436,6310,5721,2723,1
2026-08-23 09:55:20.248456,6206,4396,0,1
2026-08-23 09:55:20.248476,6154,5440,0,1
2026-08-23 09:55:20.248496,6209,4413,0,1
2026-08-23 09:55:20.248516,6315,5724,3103,1
2026-08-23 09:55:20.268003,6261,3740,0,1
2026-08-23 09:55:20.268023,6306,5341,2953,1
2026-08-23 09:55:20.268044,6215,4148,6,1
2026-08-23 09:55:20.268064,6318,5552,3100,1
2026-08-23 09:55:20.268084,6212,4292,0,1
2026-08-23 09:55:20.268104,6315,5688,3128,1
2026-08-23 09:55:20.268124,6199,4393,0,1
2026-08-23 09:55:20.268144,6318,5740,3354,1
2026-08-23 09:55:20.268163,6206,4370,13,1
2026-08-23 09:55:20.268183,6312,5752,2957,1
2026-08-23 09:55:20.268203,6204,4394,0,1
2026-08-23 09:55:20.268224,6312,5773,2839,1
2026-08-23 09:55:20.268244,6222,4409,0,1
2026-08-23 09:55:20.287806,6321,5437,2988,1
2026-08-23 09:55:20.287826,6204,4131,0,1
2026-08-23 09:55:20.287846,6306,5479,2721,1
2026-08-23 09:55:20.287866,6210,4278,0,1
2026-08-23 09:55:20.287886,6156,5307,0,1
2026-08-23 09:55:20.287906,6206,4329,0,1
2026-08-23 09:55:20.287926,6312,5680,2934,1
2026-08-23 09:55:20.287946,6182,4383,0,1
2026-08-23 09:55:20.287966,6315,5729,3350,1
2026-08-23 09:55:20.287986,6202,4397,0,1
2026-08-23 09:55:20.288006,6310,5688,2839,1
2026-08-23 09:55:20.288026,6208,4390,0,1
2026-08-23 09:55:20.288046,6312,5731,2935,1
2026-08-23 09:55:20.307729,6265,3731,0,1
2026-08-23 09:55:20.307749,6318,5288,3207,1
2026-08-23 09:55:20.307769,6211,4073,0,1
2026-08-23 09:55:20.307789,6303,5542,2871,1
2026-08-23 09:55:20.307809,6209,4312,0,1
2026-08-23 09:55:20.307829,6309,5698,2980,1
2026-08-23 09:55:20.307849,6210,4366,11,1
2026-08-23 09:55:20.307869,6321,5755,3425,1
2026-08-23 09:55:20.307889,6252,4357,0,1
2026-08-23 09:55:20.307909,6315,5733,3120,1
2026-08-23 09:55:20.307929,6194,4420,0,1
2026-08-23 09:55:20.307949,6327,5812,3503,1
2026-08-23 09:55:20.307969,6224,4343,0,1
2026-08-23 09:55:20.327679,6315,5402,3170,1
2026-08-23 09:55:20.327699,6201,4135,0,1
2026-08-23 09:55:20.327719,6310,5516,3242,1
2026-08-23 09:55:20.327739,6212,4219,0,1
2026-08-23 09:55:20.327759,6305,5571,2902,1
2026-08-23 09:55:20.327779,6194,4325,0,1
2026-08-23 09:55:20.327799,6306,5683,2804,1
2026-08-23 09:55:20.327819,6216,4369,0,1
2026-08-23 09:55:20.327839,6312,5734,3054,1
2026-08-23 09:55:20.327859,6203,4390,0,1
2026-08-23 09:55:20.327879,6297,5684,3016,1
2026-08-23 09:55:20.327899,6214,4408,0,1
2026-08-23 09:55:20.327919,6282,5647,1979,1
2026-08-23 09:55:20.347556,6267,3760,0,1
2026-08-23 09:55:20.347576,6324,5340,3234,1
2026-08-23 09:55:20.347596,6200,4162,0,1
2026-08-23 09:55:20.347616,6225,5592,3198,1
2026-08-23 09:55:20.347636,6210,4330,0,1
2026-08-23 09:55:20.347656,6301,5727,3239,1
2026-08-23 09:55:20.347676,6221,4370,0,1
2026-08-23 09:55:20.347696,6310,5717,2863,1
2026-08-23 09:55:20.347716,6215,4412,0,1
2026-08-23 09:55:20.347736,6298,5781,2958,1
2026-08-23 09:55:20.347756,6207,4451,6,1
2026-08-23 09:55:20.347776,6325,5808,3394,1
2026-08-23 09:55:20.347796,6221,4385,0,1
2026-08-23 09:55:20.367356,6319,5410,2760,1
2026-08-23 09:55:20.367376,6221,4139,0,1
2026-08-23 09:55:20.367396,6293,5493,2749,1
2026-08-23 09:55:20.367416,6192,4257,0,1
2026-08-23 09:55:20.367436,6302,5651,3037,1
2026-08-23 09:55:20.367456,6204,4308,0,1
2026-08-23 09:55:20.367476,6229,5519,0,1
2026-08-23 09:55:20.367496,6215,4342,0,1
2026-08-23 09:55:20.367516,6313,5724,2831,1
2026-08-23 09:55:20.367536,6200,4411,0,1
2026-08-23 09:55:20.367556,6304,5757,2905,1
2026-08-23 09:55:20.367576,6233,4397,0,1
2026-08-23 09:55:20.367596,6331,5749,3258,1
2026-08-23 09:55:20.387219,6255,3761,0,1
2026-08-23 09:55:20.387239,6308,5325,2849,1
2026-08-23 09:55:20.387259,6202,4162,0,1
2026-08-23 09:55:20.387279,6318,5578,3181,1
2026-08-23 09:55:20.387299,6197,4269,0,1
2026-08-23 09:55:20.387319,6315,5653,3222,1
2026-08-23 09:55:20.387339,6204,4357,0,1
2026-08-23 09:55:20.387359,6314,5707,3175,1
2026-08-23 09:55:20.387379,6225,4385,0,1
2026-08-23 09:55:20.387399,6309,5750,3209,1
2026-08-23 09:55:20.387419,6209,4397,0,1
2026-08-23 09:55:20.387439,6311,5755,2842,1
2026-08-23 09:55:20.387459,6227,4410,0,1
2026-08-23 09:55:20.407332,6338,5466,3343,1
2026-08-23 09:55:20.407352,6218,4148,0,1
2026-08-23 09:55:20.407372,6304,5493,2787,1
2026-08-23 09:55:20.407392,6203,4249,0,1
2026-08-23 09:55:20.407412,6309,5605,2883,1
2026-08-23 09:55:20.407432,6210,4339,4,1
2026-08-23 09:55:20.407452,6305,5711,3242,1
2026-08-23 09:55:20.407472,6188,4332,0,1
2026-08-23 09:55:20.407492,6304,5726,3057,1
2026-08-23 09:55:20.407512,6216,4388,0,1
2026-08-23 09:55:20.407532,6310,5729,3131,1
2026-08-23 09:55:20.407552,6222,4351,0,1
2026-08-23 09:55:20.407572,6297,5732,2805,1
2026-08-23 09:55:20.427310,6262,3701,0,1
2026-08-23 09:55:20.427330,6238,5126,998,1
2026-08-23 09:55:20.427350,6226,4185,0,1
2026-08-23 09:55:20.427370,6299,5575,2874,1
2026-08-23 09:55:20.427390,6216,4329,0,1
2026-08-23 09:55:20.427410,6288,5695,2923,1
2026-08-23 09:55:20.427430,6216,4427,8,1
2026-08-23 09:55:20.427450,6321,5792,3477,1
2026-08-23 09:55:20.427470,6205,4392,0,1
2026-08-23 09:55:20.427490,6312,5728,3128,1
2026-08-23 09:55:20.427510,6198,4422,0,1
2026-08-23 09:55:20.427530,6309,5807,3416,1
2026-08-23 09:55:20.427550,6224,4357,0,1
2026-08-23 09:55:20.447244,6324,5400,3179,1
2026-08-23 09:55:20.447264,6205,4068,0,1
2026-08-23 09:55:20.447284,6310,5486,3165,1
2026-08-23 09:55:20.447304,6210,4251,0,1
2026-08-23 09:55:20.447325,6307,5591,2921,1
2026-08-23 09:55:20.447345,6212,4312,0,1
2026-08-23 09:55:20.447365,6309,5639,2786,1
2026-08-23 09:55:20.447385,6218,4398,0,1
2026-08-23 09:55:20.447404,6318,5721,3299,1
2026-08-23 09:55:20.447424,6211,4381,0,1
2026-08-23 09:55:20.447444,6311,5718,3010,1
2026-08-23 09:55:20.447464,6211,4374,0,1
2026-08-23 09:55:20.447484,6296,5691,2600,1
2026-08-23 09:55:20.467186,6273,3783,0,1
2026-08-23 09:55:20.467206,6315,5315,3247,1
2026-08-23 09:55:20.467226,6209,4112,0,1
2026-08-23 09:55:20.467246,6306,5643,3194,1
2026-08-23 09:55:20.467266,6218,4301,0,1
2026-08-23 09:55:20.467286,6309,5661,2802,1
2026-08-23 09:55:20.467306,6212,4372,0,1
2026-08-23 09:55:20.467326,6306,5741,2832,1
2026-08-23 09:55:20.467346,6213,4410,0,1
2026-08-23 09:55:20.467366,6310,5774,3011,1
2026-08-23 09:55:20.467386,6211,4452,4,1
2026-08-23 09:55:20.467406,6314,5765,3316,1
2026-08-23 09:55:20.467426,6213,4393,0,1
2026-08-23 09:55:20.486957,6327,5395,2803,1
2026-08-23 09:55:20.486977,6182,4164,0,1
2026-08-23 09:55:20.486997,6303,5503,2534,1
2026-08-23 09:55:20.487017,6195,4249,0,1
2026-08-23 09:55:20.487037,6305,5603,3007,1
2026-08-23 09:55:20.487057,6196,4310,0,1
2026-08-23 09:55:20.487077,6188,5360,0,1
2026-08-23 09:55:20.487097,6202,4308,0,1
2026-08-23 09:55:20.487117,6301,5672,2781,1
2026-08-23 09:55:20.487137,6202,4352,0,1
2026-08-23 09:55:20.487157,6306,5708,2989,1
2026-08-23 09:55:20.487177,6218,4364,0,1
2026-08-23 09:55:20.487197,6334,5723,3206,1
2026-08-23 09:55:20.506790,6253,3743,0,1
2026-08-23 09:55:20.506810,6326,5282,2853,1
2026-08-23 09:55:20.506830,6216,4142,0,1
2026-08-23 09:55:20.506850,6316,5564,3634,1
2026-08-23 09:55:20.506870,6205,4261,0,1
2026-08-23 09:55:20.506890,6313,5677,3188,1
2026-08-23 09:55:20.506910,6197,4344,0,1
2026-08-23 09:55:20.506930,6308,5747,3195,1
2026-08-23 09:55:20.506950,6215,4411,12,1
2026-08-23 09:55:20.506970,6306,5784,3161,1
2026-08-23 09:55:20.506990,6212,4375,0,1
2026-08-23 09:55:20.507010,6314,5755,2844,1
2026-08-23 09:55:20.507030,6217,4380,0,1
2026-08-23 09:55:20.526730,6336,5485,3471,1
2026-08-23 09:55:20.526750,6220,4133,0,1
2026-08-23 09:55:20.526770,6299,5488,2787,1
2026-08-23 09:55:20.526790,6202,4217,0,1
2026-08-23 09:55:20.526810,6317,5603,2932,1
2026-08-23 09:55:20.526830,6218,4328,11,1
2026-08-23 09:55:20.526850,6318,5670,3198,1
2026-08-23 09:55:20.526870,6197,4314,0,1
2026-08-23 09:55:20.526890,6290,5718,3102,1
2026-08-23 09:55:20.526910,6207,4407,6,1
2026-08-23 09:55:20.526930,6312,5757,3044,1
2026-08-23 09:55:20.526950,6216,4363,0,1
2026-08-23 09:55:20.526970,6438,5737,2788,1
2026-08-23 09:55:20.546585,6258,3695,0,1
2026-08-23 09:55:20.546605,6327,5313,3297,1
2026-08-23 09:55:20.546625,6215,4109,0,1
2026-08-23 09:55:20.546645,6299,5533,2903,1
2026-08-23 09:55:20.546665,6203,4299,0,1
2026-08-23 09:55:20.546685,6303,5679,2920,1
2026-08-23 09:55:20.546705,6217,4360,0,1
2026-08-23 09:55:20.546725,6312,5720,2803,1
2026-08-23 09:55:20.546745,6213,4376,0,1
2026-08-23 09:55:20.546765,6318,5749,3140,1
2026-08-23 09:55:20.546785,6207,4397,0,1
2026-08-23 09:55:20.546805,6326,5777,3367,1
2026-08-23 09:55:20.546825,6232,4411,6,1
2026-08-23 09:55:20.566579,6326,5456,3232,1
2026-08-23 09:55:20.566599,6196,4081,0,1
2026-08-23 09:55:20.566619,6314,5513,3131,1
2026-08-23 09:55:20.566639,6222,4270,4,1
2026-08-23 09:55:20.566659,6308,5641,3017,1
2026-08-23 09:55:20.566679,6201,4289,0,1
2026-08-23 09:55:20.566699,6303,5667,2760,1
2026-08-23 09:55:20.566719,6228,4399,0,1
2026-08-23 09:55:20.566739,6252,5543,1074,1
2026-08-23 09:55:20.566759,6224,4436,0,1
2026-08-23 09:55:20.566779,6311,5759,3047,1
2026-08-23 09:55:20.566799,6215,4414,0,1
2026-08-23 09:55:20.566819,6320,5804,3521,1
2026-08-23 09:55:20.586405,6271,3756,9,1
2026-08-23 09:55:20.586425,6330,5301,3317,1
2026-08-23 09:55:20.586445,6202,4136,0,1
2026-08-23 09:55:20.586465,6311,5548,3152,1
2026-08-23 09:55:20.586485,6209,4289,0,1
2026-08-23 09:55:20.586505,6221,5481,265,1
2026-08-23 09:55:20.586525,6229,4453,0,1
2026-08-23 09:55:20.586545,6310,5772,2924,1
2026-08-23 09:55:20.586565,6207,4474,0,1
2026-08-23 09:55:20.586585,6302,5803,2884,1
2026-08-23 09:55:20.586605,6214,4528,0,1
2026-08-23 09:55:20.586625,6278,5742,2016,1
2026-08-23 09:55:20.586645,6224,4488,0,1
2026-08-23 09:55:20.606403,6315,5477,2765,1
2026-08-23 09:55:20.606423,6204,4227,0,1
2026-08-23 09:55:20.606443,6312,5553,3107,1
2026-08-23 09:55:20.606463,6217,4227,0,1
2026-08-23 09:55:20.606483,6305,5610,3118,1
2026-08-23 09:55:20.606503,6196,4285,0,1
2026-08-23 09:55:20.606523,6312,5682,3198,1
2026-08-23 09:55:20.606543,6216,4319,23,1
2026-08-23 09:55:20.606563,6303,5717,2995,1
2026-08-23 09:55:20.606583,6200,4393,0,1
2026-08-23 09:55:20.606603,6299,5732,2798,1
2026-08-23 09:55:20.606623,6232,4422,0,1
2026-08-23 09:55:20.606643,6302,5736,2815,1
2026-08-23 09:55:20.626285,6275,3745,0,1
2026-08-23 09:55:20.626305,6309,5270,2885,1
2026-08-23 09:55:20.626325,6215,4140,0,1
2026-08-23 09:55:20.626345,6315,5529,2929,1
2026-08-23 09:55:20.626365,6214,4300,7,1
2026-08-23 09:55:20.626385,6330,5741,3476,1
2026-08-23 09:55:20.626405,6207,4331,0,1
2026-08-23 09:55:20.626425,6313,5715,3129,1
2026-08-23 09:55:20.626445,6204,4412,0,1
2026-08-23 09:55:20.626465,6316,5774,3346,1
2026-08-23 09:55:20.626485,6212,4418,4,1
2026-08-23 09:55:20.626505,6318,5733,2977,1
2026-08-23 09:55:20.626525,6222,4395,0,1
2026-08-23 09:55:20.646230,6327,5456,3106,1
2026-08-23 09:55:20.646250,6219,4132,0,1
2026-08-23 09:55:20.646271,6307,5535,3132,1
2026-08-23 09:55:20.646291,6208,4199,0,1
2026-08-23 09:55:20.646311,6306,5592,2736,1
2026-08-23 09:55:20.646331,6202,4342,0,1
2026-08-23 09:55:20.646351,6267,5530,1223,1
2026-08-23 09:55:20.646371,6207,4420,0,1
2026-08-23 09:55:20.646390,6320,5762,3046,1
2026-08-23 09:55:20.646410,6204,4437,0,1
2026-08-23 09:55:20.646430,6315,5775,3331,1
2026-08-23 09:55:20.646451,6229,4412,0,1
2026-08-23 09:55:20.646471,6303,5758,2859,1
2026-08-23 09:55:20.666118,6260,3707,0,1
2026-08-23 09:55:20.666138,6323,5355,3178,1
2026-08-23 09:55:20.666158,6228,4133,0,1
2026-08-23 09:55:20.666178,6297,5507,2438,1
2026-08-23 09:55:20.666198,6213,4345,0,1
2026-08-23 09:55:20.666219,6310,5714,2844,1
2026-08-23 09:55:20.666239,6216,4378,0,1
2026-08-23 09:55:20.666259,6327,5729,2977,1
2026-08-23 09:55:20.666278,6225,4430,0,1
2026-08-23 09:55:20.666298,6343,5775,3370,1
2026-08-23 09:55:20.666318,6214,4399,0,1
2026-08-23 09:55:20.666338,6311,5800,3116,1
2026-08-23 09:55:20.666358,6219,4412,0,1
2026-08-23 09:55:20.686023,6343,5460,3268,1
2026-08-23 09:55:20.686043,6208,4081,0,1
2026-08-23 09:55:20.686063,6312,5508,3027,1
2026-08-23 09:55:20.686083,6202,4224,0,1
2026-08-23 09:55:20.686103,6318,5601,3301,1
2026-08-23 09:55:20.686123,6220,4288,0,1
2026-08-23 09:55:20.686143,6303,5658,2839,1
2026-08-23 09:55:20.686163,6201,4326,0,1
2026-08-23 09:55:20.686183,6309,5701,2861,1
2026-08-23 09:55:20.686203,6220,4396,0,1
2026-08-23 09:55:20.686223,6315,5784,3319,1
2026-08-23 09:55:20.686243,6208,4351,0,1
2026-08-23 09:55:20.686263,6319,5727,3112,1
2026-08-23 09:55:20.706010,6274,3736,0,1
2026-08-23 09:55:20.706030,6254,5192,1140,1
2026-08-23 09:55:20.706050,6228,4226,0,1
2026-08-23 09:55:20.706070,6315,5662,3178,1
2026-08-23 09:55:20.706090,6205,4312,0,1
2026-08-23 09:55:20.706110,6318,5719,3243,1
2026-08-23 09:55:20.706131,6228,4411,21,1
2026-08-23 09:55:20.706151,6309,5787,3109,1
2026-08-23 09:55:20.706170,6208,4427,0,1
2026-08-23 09:55:20.706190,6307,5769,2812,1
2026-08-23 09:55:20.706210,6217,4437,0,1
2026-08-23 09:55:20.706230,6315,5781,3176,1
2026-08-23 09:55:20.706250,6232,4359,0,1
2026-08-23 09:55:20.726121,6328,5430,2810,1
2026-08-23 09:55:20.726141,6201,4109,0,1
2026-08-23 09:55:20.726161,6306,5534,2990,1
2026-08-23 09:55:20.726181,6224,4258,7,1
2026-08-23 09:55:20.726201,6320,5661,3183,1
2026-08-23 09:55:20.726221,6205,4300,0,1
2026-08-23 09:55:20.726241,6317,5674,3118,1
2026-08-23 09:55:20.726261,6213,4362,6,1
2026-08-23 09:55:20.726281,6313,5711,3009,1
2026-08-23 09:55:20.726301,6207,4372,0,1
2026-08-23 09:55:20.726321,6210,5738,2752,1
2026-08-23 09:55:20.726341,6223,4424,0,1
2026-08-23 09:55:20.726361,6324,5779,3236,1
2026-08-23 09:55:20.745943,6271,3692,0,1
2026-08-23 09:55:20.745963,6311,5276,2873,1
2026-08-23 09:55:20.745983,6212,4119,0,1
2026-08-23 09:55:20.746003,6318,5564,2998,1
2026-08-23 09:55:20.746023,6215,4280,11,1
2026-08-23 09:55:20.746043,6308,5694,3353,1
2026-08-23 09:55:20.746063,6207,4331,0,1
2026-08-23 09:55:20.746083,6313,5722,3107,1
2026-08-23 09:55:20.746103,6211,4388,0,1
2026-08-23 09:55:20.746123,6322,5792,3532,1
2026-08-23 09:55:20.746143,6212,4378,0,1
2026-08-23 09:55:20.746163,6323,5716,2859,1
2026-08-23 09:55:20.746183,6219,4351,0,1
2026-08-23 09:55:20.765935,6334,5477,3201,1
2026-08-23 09:55:20.765955,6225,4115,5,1
2026-08-23 09:55:20.765975,6308,5536,2907,1
2026-08-23 09:55:20.765995,6208,4239,0,1
2026-08-23 09:55:20.766015,6312,5580,2794,1
2026-08-23 09:55:20.766035,6221,4346,4,1
2026-08-23 09:55:20.766055,6309,5727,3126,1
2026-08-23 09:55:20.766075,6267,4334,0,1
2026-08-23 09:55:20.766095,6314,5720,3016,1
2026-08-23 09:55:20.766115,6219,4410,0,1
2026-08-23 09:55:20.766135,6272,5597,1582,1
2026-08-23 09:55:20.766155,6215,4435,0,1
2026-08-23 09:55:20.766175,6311,5790,2754,1
2026-08-23 09:55:20.785922,6248,3765,0,1
2026-08-23 09:55:20.785942,6330,5338,3403,1
2026-08-23 09:55:20.785962,6220,4133,0,1
2026-08-23 09:55:20.785982,6313,5556,2996,1
2026-08-23 09:55:20.786002,6208,4308,0,1
2026-08-23 09:55:20.786022,6293,5687,2836,1
2026-08-23 09:55:20.786042,6221,4374,0,1
2026-08-23 09:55:20.786062,6314,5800,3207,1
2026-08-23 09:55:20.786082,6217,4344,0,1
2026-08-23 09:55:20.786102,6267,5733,3212,1
2026-08-23 09:55:20.786122,6190,4399,0,1
2026-08-23 09:55:20.786142,6321,5786,3223,1
2026-08-23 09:55:20.786162,6240,4367,0,1
2026-08-23 09:55:20.805961,6329,5472,3272,1
2026-08-23 09:55:20.805981,6214,4080,0,1
2026-08-23 09:55:20.806001,6318,5521,3036,1
2026-08-23 09:55:20.806021,6218,4223,0,1
2026-08-23 09:55:20.806041,6320,5656,3150,1
2026-08-23 09:55:20.806061,6207,4267,0,1
2026-08-23 09:55:20.806081,6306,5645,2760,1
2026-08-23 09:55:20.806101,6204,4353,0,1
2026-08-23 09:55:20.806121,6323,5728,3226,1
2026-08-23 09:55:20.806141,6205,4309,0,1
2026-08-23 09:55:20.806161,6321,5696,3085,1
2026-08-23 09:55:20.806181,6212,4321,0,1
2026-08-23 09:55:20.806201,6327,5740,3427,1
2026-08-23 09:55:20.825173,6279,3682,0,1
2026-08-23 09:55:20.825193,6325,5337,3382,1
2026-08-23 09:55:20.825213,6211,4103,0,1
2026-08-23 09:55:20.825233,6321,5549,3144,1
2026-08-23 09:55:20.825253,6215,4266,0,1
2026-08-23 09:55:20.825274,6320,5735,3477,1
2026-08-23 09:55:20.825294,6206,4322,0,1
2026-08-23 09:55:20.825314,6319,5692,2941,1
2026-08-23 09:55:20.825333,6198,4404,0,1
2026-08-23 09:55:20.825353,6309,5762,2863,1
2026-08-23 09:55:20.825373,6209,4440,0,1
2026-08-23 09:55:20.825393,6258,5603,1236,1
2026-08-23 09:55:20.825413,6248,4425,0,1
2026-08-23 09:55:20.844428,6333,5559,2904,1
2026-08-23 09:55:20.844448,6210,4214,0,1
2026-08-23 09:55:20.844468,6315,5576,2808,1
2026-08-23 09:55:20.844488,6225,4283,0,1
2026-08-23 09:55:20.844508,6326,5717,3423,1
2026-08-23 09:55:20.844528,6207,4304,0,1
2026-08-23 09:55:20.844548,6317,5693,3083,1
2026-08-23 09:55:20.844568,6214,4349,0,1
2026-08-23 09:55:20.844588,6247,5539,765,1
2026-08-23 09:55:20.844608,6217,4487,0,1
2026-08-23 09:55:20.844628,6314,5784,2815,1
2026-08-23 09:55:20.844648,6212,4461,0,1
2026-08-23 09:55:20.844668,6318,5815,2987,1
2026-08-23 09:55:20.863647,6279,3712,1,1
2026-08-23 09:55:20.863667,6331,5312,3058,1
2026-08-23 09:55:20.863687,6216,4125,0,1
2026-08-23 09:55:20.863707,6325,5525,2848,1
2026-08-23 09:55:20.863727,6231,4313,0,1
2026-08-23 09:55:20.863747,6314,5714,3150,1
2026-08-23 09:55:20.863767,6218,4377,0,1
2026-08-23 09:55:20.863787,6326,5770,3274,1
2026-08-23 09:55:20.863807,6208,4370,0,1
2026-08-23 09:55:20.863827,6320,5759,3152,1
2026-08-23 09:55:20.863847,6221,4399,0,1
2026-08-23 09:55:20.863867,6335,5773,3286,1
2026-08-23 09:55:20.883216,6278,3823,0,1
2026-08-23 09:55:20.883236,6250,5261,975,1
2026-08-23 09:55:20.883256,6240,4282,0,1
2026-08-23 09:55:20.883276,6326,5683,3281,1
2026-08-23 09:55:20.883296,6205,4334,0,1
2026-08-23 09:55:20.883316,6324,5740,3206,1
2026-08-23 09:55:20.883336,6223,4429,0,1
2026-08-23 09:55:20.883356,6165,5466,0,1
2026-08-23 09:55:20.883376,6228,4492,0,1
2026-08-23 09:55:20.883396,6317,5812,2951,1
2026-08-23 09:55:20.883416,6219,4476,0,1
2026-08-23 09:55:20.883436,6318,5832,2888,1
2026-08-23 09:55:20.883456,6236,4413,0,1
2026-08-23 09:55:20.903058,6212,5249,0,1
2026-08-23 09:55:20.903078,6231,4235,0,1
2026-08-23 09:55:20.903098,6304,5582,2768,1
2026-08-23 09:55:20.903118,6289,4306,0,1
2026-08-23 09:55:20.903138,6305,5707,2967,1
2026-08-23 09:55:20.903158,6219,4342,2,1
2026-08-23 09:55:20.903178,6320,5705,3224,1
2026-08-23 09:55:20.903198,6205,4341,0,1
2026-08-23 09:55:20.903218,6314,5764,3088,1
2026-08-23 09:55:20.903238,6221,4414,0,1
2026-08-23 09:55:20.903258,6319,5772,2912,1
2026-08-23 09:55:20.903278,6230,4395,0,1
2026-08-23 09:55:20.903298,6314,5758,2778,1
2026-08-23 09:55:20.921117,6254,3727,0,1
2026-08-23 09:55:20.921137,6329,5375,3381,1
2026-08-23 09:55:20.921157,6225,4158,11,1
2026-08-23 09:55:20.921177,6317,5571,3011,1
2026-08-23 09:55:20.921197,6212,4272,0,1
2026-08-23 09:55:20.921217,6299,5700,2836,1
2026-08-23 09:55:20.921237,6222,4375,0,1
2026-08-23 09:55:20.921257,6318,5775,3187,1
2026-08-23 09:55:20.921277,6212,4396,0,1
2026-08-23 09:55:20.921297,6307,5738,3227,1
2026-08-23 09:55:20.921317,6213,4358,0,1
2026-08-23 09:55:20.921337,6325,5763,3253,1
2026-08-23 09:55:20.938435,6262,3844,0,1
2026-08-23 09:55:20.938455,6324,5375,3116,1
2026-08-23 09:55:20.938475,6224,4183,8,1
2026-08-23 09:55:20.938495,6327,5649,3365,1
2026-08-23 09:55:20.938515,6209,4308,0,1
2026-08-23 09:55:20.938535,6321,5696,3178,1
2026-08-23 09:55:20.938555,6214,4363,0,1
2026-08-23 09:55:20.938575,6218,5789,3442,1
2026-08-23 09:55:20.938595,6221,4399,2,1
2026-08-23 09:55:20.938615,6315,5734,2972,1
2026-08-23 09:55:20.938635,6214,4370,0,1
2026-08-23 09:55:20.938655,6326,5739,2919,1
2026-08-23 09:55:20.956621,6257,3953,0,1
2026-08-23 09:55:20.956641,6316,5494,3185,1
2026-08-23 09:55:20.956661,6217,4255,0,1
2026-08-23 09:55:20.956681,6249,5477,973,1
2026-08-23 09:55:20.956701,6231,4443,0,1
2026-08-23 09:55:20.956721,6308,5812,2886,1
2026-08-23 09:55:20.956741,6216,4486,0,1
2026-08-23 09:55:20.956761,6314,5841,2914,1
2026-08-23 09:55:20.956781,6216,4511,19,1
2026-08-23 09:55:20.956801,6329,5821,3373,1
2026-08-23 09:55:20.956821,6217,4389,0,1
2026-08-23 09:55:20.956841,6318,5763,3150,1
2026-08-23 09:55:20.975752,6269,3872,0,1
2026-08-23 09:55:20.975772,6328,5440,2873,1
2026-08-23 09:55:20.975792,6213,4223,0,1
2026-08-23 09:55:20.975812,6320,5648,3151,1
2026-08-23 09:55:20.975832,6211,4348,0,1
2026-08-23 09:55:20.975852,6319,5763,3291,1
2026-08-23 09:55:20.975872,6202,4356,0,1
2026-08-23 09:55:20.975892,6320,5748,3164,1
2026-08-23 09:55:20.975912,6214,4441,0,1
2026-08-23 09:55:20.975932,6221,5553,233,1
2026-08-23 09:55:20.975952,6226,4501,0,1
2026-08-23 09:55:20.975972,6309,5823,2875,1
2026-08-23 09:55:20.975992,6226,4455,0,1
2026-08-23 09:55:20.993686,6329,5546,3167,1
2026-08-23 09:55:20.993706,6230,4198,0,1
2026-08-23 09:55:20.993726,6308,5575,3089,1
2026-08-23 09:55:20.993746,6206,4274,0,1
2026-08-23 09:55:20.993766,6302,5586,2765,1
2026-08-23 09:55:20.993786,6214,4335,0,1
2026-08-23 09:55:20.993806,6176,5396,0,1
2026-08-23 09:55:20.993826,6209,4352,0,1
2026-08-23 09:55:20.993846,6331,5765,3052,1
2026-08-23 09:55:20.993866,6201,4404,0,1
2026-08-23 09:55:20.993886,6325,5794,3372,1
2026-08-23 09:55:20.993906,6237,4349,0,1
2026-08-23 09:55:21.011674,6338,5470,3227,1
2026-08-23 09:55:21.011694,6204,4114,0,1
2026-08-23 09:55:21.011714,6316,5555,3055,1
2026-08-23 09:55:21.011734,6219,4280,0,1
2026-08-23 09:55:21.011755,6312,5658,3057,1
2026-08-23 09:55:21.011775,6210,4312,0,1
2026-08-23 09:55:21.011795,6308,5684,2754,1
2026-08-23 09:55:21.011814,6231,4385,0,1
2026-08-23 09:55:21.011834,6250,5574,1002,1
2026-08-23 09:55:21.011854,6216,4415,0,1
2026-08-23 09:55:21.011874,6321,5803,3031,1
2026-08-23 09:55:21.011894,6222,4392,0,1
2026-08-23 09:55:21.029935,6326,5467,3088,1
2026-08-23 09:55:21.029955,6218,4140,0,1
2026-08-23 09:55:21.029975,6311,5511,3020,1
2026-08-23 09:55:21.029995,6202,4203,0,1
2026-08-23 09:55:21.030015,6320,5617,3298,1
2026-08-23 09:55:21.030035,6219,4312,0,1
2026-08-23 09:55:21.030055,6308,5691,2811,1
2026-08-23 09:55:21.030075,6211,4369,0,1
2026-08-23 09:55:21.030095,6311,5708,2890,1
2026-08-23 09:55:21.030115,6220,4372,7,1
2026-08-23 09:55:21.030135,6318,5753,3223,1
2026-08-23 09:55:21.030155,6221,4307,0,1
2026-08-23 09:55:21.049101,6325,5442,2823,1
2026-08-23 09:55:21.049121,6229,4159,13,1
2026-08-23 09:55:21.049141,6315,5496,3163,1
2026-08-23 09:55:21.049161,6201,4230,0,1
2026-08-23 09:55:21.049181,6310,5596,3106,1
2026-08-23 09:55:21.049201,6221,4292,12,1
2026-08-23 09:55:21.049221,6313,5683,2914,1
2026-08-23 09:55:21.049241,6208,4363,0,1
2026-08-23 09:55:21.049261,6306,5697,2783,1
2026-08-23 09:55:21.049281,6231,4390,24,1
2026-08-23 09:55:21.049301,6326,5804,3331,1
2026-08-23 09:55:21.049321,6202,4335,0,1
2026-08-23 09:55:21.049341,6325,5752,3163,1
2026-08-23 09:55:21.069056,6266,3805,0,1
2026-08-23 09:55:21.069076,6312,5332,2504,1
2026-08-23 09:55:21.069096,6206,4159,0,1
2026-08-23 09:55:21.069116,6306,5572,3141,1
2026-08-23 09:55:21.069136,6210,4285,0,1
2026-08-23 09:55:21.069156,6326,5718,3274,1
2026-08-23 09:55:21.069176,6224,4391,5,1
2026-08-23 09:55:21.069196,6316,5735,3024,1
2026-08-23 09:55:21.069216,6212,4376,0,1
2026-08-23 09:55:21.069236,6321,5774,2800,1
2026-08-23 09:55:21.069256,6220,4415,0,1
2026-08-23 09:55:21.069276,6315,5831,3309,1
2026-08-23 09:55:21.069296,6237,4343,0,1
2026-08-23 09:55:21.089010,6317,5364,2740,1
2026-08-23 09:55:21.089030,6215,4128,0,1
2026-08-23 09:55:21.089050,6310,5530,3194,1
2026-08-23 09:55:21.089070,6211,4168,0,1
2026-08-23 09:55:21.089090,6315,5567,3047,1
2026-08-23 09:55:21.089110,6199,4283,0,1
2026-08-23 09:55:21.089130,6326,5674,3125,1
2026-08-23 09:55:21.089150,6221,4351,24,1
2026-08-23 09:55:21.089170,6314,5666,2890,1
2026-08-23 09:55:21.089190,6206,4372,0,1
2026-08-23 09:55:21.089210,6314,5714,2823,1
2026-08-23 09:55:21.089230,6219,4417,3,1
2026-08-23 09:55:21.089250,6325,5771,3352,1
2026-08-23 09:55:21.107589,6268,3697,0,1
2026-08-23 09:55:21.107610,6311,5263,2853,1
2026-08-23 09:55:21.107630,6206,4126,0,1
2026-08-23 09:55:21.107650,6318,5549,3163,1
2026-08-23 09:55:21.107670,6211,4280,0,1
2026-08-23 09:55:21.107690,6315,5688,3213,1
2026-08-23 09:55:21.107710,6213,4333,0,1
2026-08-23 09:55:21.107730,6315,5723,3138,1
2026-08-23 09:55:21.107749,6213,4438,0,1
2026-08-23 09:55:21.107769,6318,5803,3269,1
2026-08-23 09:55:21.107790,6214,4363,0,1
2026-08-23 09:55:21.107810,6313,5757,2861,1
2026-08-23 09:55:21.107830,6238,4389,0,1
2026-08-23 09:55:21.124595,6334,5501,3123,1
2026-08-23 09:55:21.124615,6224,4226,0,1
2026-08-23 09:55:21.124635,6257,5508,1928,1
2026-08-23 09:55:21.124655,6219,4287,0,1
2026-08-23 09:55:21.124675,6307,5675,2763,1
2026-08-23 09:55:21.124695,6228,4378,0,1
2026-08-23 09:55:21.124715,6315,5707,2796,1
2026-08-23 09:55:21.124735,6197,4338,0,1
2026-08-23 09:55:21.124755,6322,5725,3174,1
2026-08-23 09:55:21.124775,6204,4378,0,1
2026-08-23 09:55:21.124795,6317,5765,3198,1
2026-08-23 09:55:21.142737,6268,3830,0,1
2026-08-23 09:55:21.142757,6337,5381,3196,1
2026-08-23 09:55:21.142777,6209,4139,0,1
2026-08-23 09:55:21.142797,6309,5568,3255,1
2026-08-23 09:55:21.142817,6202,4321,0,1
2026-08-23 09:55:21.142838,6318,5733,3198,1
2026-08-23 09:55:21.142858,6222,4359,0,1
2026-08-23 09:55:21.142877,6286,5672,1816,1
2026-08-23 09:55:21.142897,6270,4425,0,1
2026-08-23 09:55:21.142917,6352,5774,2840,1
2026-08-23 09:55:21.142937,6215,4433,0,1
2026-08-23 09:55:21.142957,6325,5788,3028,1
2026-08-23 09:55:21.162481,6250,3811,0,1
2026-08-23 09:55:21.162501,6335,5432,3463,1
2026-08-23 09:55:21.162521,6215,4180,8,1
2026-08-23 09:55:21.162541,6319,5601,3047,1
2026-08-23 09:55:21.162561,6208,4275,0,1
2026-08-23 09:55:21.162581,6304,5707,2860,1
2026-08-23 09:55:21.162601,6220,4378,0,1
2026-08-23 09:55:21.162621,6319,5753,3118,1
2026-08-23 09:55:21.162641,6231,4386,4,1
2026-08-23 09:55:21.162661,6318,5797,3324,1
2026-08-23 09:55:21.162681,6198,4380,0,1
2026-08-23 09:55:21.162701,6320,5768,3161,1
2026-08-23 09:55:21.162721,6229,4378,0,1
2026-08-23 09:55:21.182341,6191,5167,0,1
2026-08-23 09:55:21.182361,6220,4171,0,1
2026-08-23 09:55:21.182381,6322,5544,3055,1
2026-08-23 09:55:21.182401,6197,4241,0,1
2026-08-23 09:55:21.182421,6320,5672,3284,1
2026-08-23 09:55:21.182441,6216,4324,5,1
2026-08-23 09:55:21.182461,6313,5701,2904,1
2026-08-23 09:55:21.182481,6216,4341,0,1
2026-08-23 09:55:21.182501,6324,5741,2809,1
2026-08-23 09:55:21.182521,6226,4411,0,1
2026-08-23 09:55:21.182541,6324,5758,2913,1
2026-08-23 09:55:21.182561,6217,4403,0,1
2026-08-23 09:55:21.182581,6328,5788,3121,1
2026-08-23 09:55:21.202186,6272,3737,0,1
2026-08-23 09:55:21.202206,6333,5374,3182,1
2026-08-23 09:55:21.202226,6226,4104,0,1
2026-08-23 09:55:21.202246,6320,5590,3272,1
2026-08-23 09:55:21.202266,6200,4296,0,1
2026-08-23 09:55:21.202286,6317,5688,3169,1
2026-08-23 09:55:21.202306,6217,4363,0,1
2026-08-23 09:55:21.202326,6339,5716,2499,1
2026-08-23 09:55:21.202346,6224,4404,0,1
2026-08-23 09:55:21.202366,6312,5758,2887,1
2026-08-23 09:55:21.202386,6216,4443,0,1
2026-08-23 09:55:21.202406,6285,5769,2925,1
2026-08-23 09:55:21.202426,6257,4422,21,1
2026-08-23 09:55:21.222295,6323,5425,2924,1
2026-08-23 09:55:21.222315,6216,4119,0,1
2026-08-23 09:55:21.222335,6319,5499,2766,1
2026-08-23 09:55:21.222355,6222,4291,5,1
2026-08-23 09:55:21.222375,6316,5646,3328,1
2026-08-23 09:55:21.222395,6201,4272,0,1
2026-08-23 09:55:21.222415,6305,5713,3027,1
2026-08-23 09:55:21.222435,6215,4368,0,1
2026-08-23 09:55:21.222455,6299,5696,2522,1
2026-08-23 09:55:21.222475,6275,4351,0,1
2026-08-23 09:55:21.222495,6307,5750,2765,1
2026-08-23 09:55:21.222515,6218,4387,0,1
2026-08-23 09:55:21.222535,6325,5807,3124,1
2026-08-23 09:55:21.241957,6274,3690,1,1
2026-08-23 09:55:21.241977,6316,5293,3015,1
2026-08-23 09:55:21.241997,6231,4111,0,1
2026-08-23 09:55:21.242017,6325,5565,2849,1
2026-08-23 09:55:21.242037,6216,4316,0,1
2026-08-23 09:55:21.242057,6201,5392,0,1
2026-08-23 09:55:21.242077,6217,4320,0,1
2026-08-23 09:55:21.242097,6322,5726,3207,1
2026-08-23 09:55:21.242117,6218,4406,0,1
2026-08-23 09:55:21.242137,6322,5754,2968,1
2026-08-23 09:55:21.242157,6220,4406,0,1
2026-08-23 09:55:21.242177,6318,5767,3245,1
2026-08-23 09:55:21.242197,6223,4348,0,1
2026-08-23 09:55:21.262123,6350,5458,3122,1
2026-08-23 09:55:21.262143,6209,4118,0,1
2026-08-23 09:55:21.262163,6333,5561,3388,1
2026-08-23 09:55:21.262183,6228,4217,0,1
2026-08-23 09:55:21.262203,6312,5561,2807,1
2026-08-23 09:55:21.262223,6213,4284,0,1
2026-08-23 09:55:21.262243,6319,5696,2904,1
2026-08-23 09:55:21.262263,6225,4342,0,1
2026-08-23 09:55:21.262283,6321,5758,3284,1
2026-08-23 09:55:21.262303,6202,4349,0,1
2026-08-23 09:55:21.262323,6274,5755,3055,1
2026-08-23 09:55:21.262343,6223,4401,0,1
2026-08-23 09:55:21.262363,6318,5742,3152,1
2026-08-23 09:55:21.281925,6274,3689,0,1
2026-08-23 09:55:21.281945,6318,5348,3185,1
2026-08-23 09:55:21.281965,6216,4145,0,1
2026-08-23 09:55:21.281985,6318,5572,3286,1
2026-08-23 09:55:21.282005,6222,4285,4,1
2026-08-23 09:55:21.282025,6318,5683,3050,1
2026-08-23 09:55:21.282045,6215,4374,0,1
2026-08-23 09:55:21.282065,6312,5719,2805,1
2026-08-23 09:55:21.282085,6222,4446,0,1
2026-08-23 09:55:21.282105,6338,5787,3208,1
2026-08-23 09:55:21.282125,6206,4399,0,1
2026-08-23 09:55:21.282145,6319,5789,3200,1
2026-08-23 09:55:21.282165,6216,4382,0,1
2026-08-23 09:55:22.631906,6305,5435,2877,1
2026-08-23 09:55:22.631926,6228,4177,2,1
2026-08-23 09:55:22.631946,6320,5545,3273,1
2026-08-23 09:55:22.631966,6202,4193,0,1
2026-08-23 09:55:22.631986,6317,5648,3053,1
2026-08-23 09:55:22.632006,6219,4308,0,1
2026-08-23 09:55:22.632026,6310,5698,3140,1
2026-08-23 09:55:22.632046,6208,4319,0,1
2026-08-23 09:55:22.632066,6312,5693,2743,1
2026-08-23 09:55:22.632086,6226,4418,0,1
2026-08-23 09:55:22.632106,6235,5565,340,1
2026-08-23 09:55:22.632126,6219,4486,0,1
2026-08-23 09:55:22.632146,6326,5808,3059,1
2026-08-23 09:55:22.632166,6217,4433,0,1
2026-08-23 09:55:22.632186,6332,5814,3286,1
2026-08-23 09:55:22.632206,6219,4455,4,1
2026-08-23 09:55:22.632226,6316,5763,2919,1
2026-08-23 09:55:22.632246,6216,4414,0,1
2026-08-23 09:55:22.632266,6304,5780,2813,1
2026-08-23 09:55:22.632286,6228,4474,0,1
2026-08-23 09:55:22.632306,6309,5790,2633,1
2026-08-23 09:55:22.632326,6210,4423,0,1
2026-08-23 09:55:22.632346,6321,5785,3046,1
2026-08-23 09:55:22.632366,6208,4459,0,1
2026-08-23 09:55:22.632386,6332,5807,3452,1
2026-08-23 09:55:22.632406,6220,4420,0,1
2026-08-23 09:55:22.632426,6307,5773,2829,1
2026-08-23 09:55:22.632446,6211,4447,0,1
2026-08-23 09:55:22.632466,6315,5803,2917,1
2026-08-23 09:55:22.632486,6216,4440,13,1
2026-08-23 09:55:22.632506,6327,5824,3334,1
2026-08-23 09:55:22.632526,6221,4422,0,1
2026-08-23 09:55:22.632546,6279,5761,3048,1
2026-08-23 09:55:22.632566,6222,4426,0,1
2026-08-23 09:55:22.632586,6301,5761,2442,1
2026-08-23 09:55:22.632606,6214,4458,0,1
2026-08-23 09:55:22.632626,6309,5798,2811,1
2026-08-23 09:55:22.632646,6216,4454,0,1
2026-08-23 09:55:22.632666,6317,5839,2975,1
2026-08-23 09:55:22.632686,6218,4465,6,1
2026-08-23 09:55:22.632706,6330,5817,3264,1
2026-08-23 09:55:22.632726,6195,4424,0,1
2026-08-23 09:55:22.632746,6322,5782,3096,1
2026-08-23 09:55:22.632766,6221,4460,0,1
2026-08-23 09:55:22.632786,6308,5778,2629,1
2026-08-23 09:55:22.632806,6216,4422,0,1
2026-08-23 09:55:22.632826,6310,5756,2775,1
2026-08-23 09:55:22.632846,6226,4466,0,1
2026-08-23 09:55:22.632866,6321,5825,3105,1
2026-08-23 09:55:22.632886,6211,4401,0,1
2026-08-23 09:55:22.632906,6325,5809,3166,1
2026-08-23 09:55:22.632926,6208,4385,0,1
2026-08-23 09:55:22.632946,6329,5770,3109,1
2026-08-23 09:55:22.632966,6232,4464,0,1
2026-08-23 09:55:22.632986,6319,5818,3147,1
2026-08-23 09:55:22.633006,6225,4404,0,1
2026-08-23 09:55:22.633026,6308,5790,2786,1
2026-08-23 09:55:22.633046,6221,4452,0,1
2026-08-23 09:55:22.633066,6319,5782,3150,1
2026-08-23 09:55:22.633086,6209,4421,0,1
2026-08-23 09:55:22.633106,6327,5794,3176,1
2026-08-23 09:55:22.633126,6204,4401,0,1
2026-08-23 09:55:22.633146,6324,5796,3185,1
2026-08-23 09:55:22.633166,6212,4441,20,1
2026-08-23 09:55:22.633186,6314,5762,3088,1
2026-08-23 09:55:22.633206,6208,4421,0,1
2026-08-23 09:55:22.633226,6311,5740,2690,1
2026-08-23 09:55:22.633246,6228,4427,0,1
2026-08-23 09:55:22.633266,6182,5535,0,1
2026-08-23 09:55:22.633286,6228,4484,0,1
2026-08-23 09:55:22.633306,6322,5868,3133,1
2026-08-23 09:55:22.633326,6202,4442,0,1
2026-08-23 09:55:22.633346,6332,5820,3221,1
2026-08-23 09:55:22.633366,6234,4440,4,1
2026-08-23 09:55:22.633386,6311,5783,3018,1
2026-08-23 09:55:22.633406,6212,4433,0,1
2026-08-23 09:55:22.633426,6315,5779,2785,1
2026-08-23 09:55:22.633446,6226,4438,0,1
2026-08-23 09:55:22.633466,6313,5810,3269,1
2026-08-23 09:55:22.633486,6214,4359,0,1
2026-08-23 09:55:22.633506,6324,5743,3124,1
2026-08-23 09:55:22.633526,6197,4371,0,1
2026-08-23 09:55:22.633546,6319,5775,3225,1
2026-08-23 09:55:22.633566,6231,4433,10,1
2026-08-23 09:55:22.633586,6320,5802,2991,1
2026-08-23 09:55:22.633606,6218,4432,0,1
2026-08-23 09:55:22.633626,6312,5782,2802,1
2026-08-23 09:55:22.633646,6224,4429,0,1
2026-08-23 09:55:22.633666,6297,5707,2147,1
2026-08-23 09:55:22.633686,6224,4452,0,1
2026-08-23 09:55:22.633706,6326,5824,3114,1
2026-08-23 09:55:22.633726,6201,4432,0,1
2026-08-23 09:55:22.633746,6328,5816,3317,1
2026-08-23 09:55:22.633766,6224,4418,5,1
2026-08-23 09:55:22.633786,6319,5807,2941,1
2026-08-23 09:55:22.633806,6210,4455,0,1
2026-08-23 09:55:22.633826,6315,5797,2809,1
2026-08-23 09:55:22.633846,6225,4439,0,1
2026-08-23 09:55:22.633866,6256,5672,997,1
2026-08-23 09:55:22.633886,6224,4533,0,1
2026-08-23 09:55:22.633906,6319,5835,3105,1
2026-08-23 09:55:22.633926,6198,4466,0,1
2026-08-23 09:55:22.633946,6329,5863,3317,1
2026-08-23 09:55:22.633966,6228,4468,8,1
2026-08-23 09:55:22.633986,6317,5802,2928,1
2026-08-23 09:55:22.634006,6219,4447,0,1
2026-08-23 09:55:22.634026,6317,5796,2824,1
2026-08-23 09:55:22.634046,6237,4464,0,1
2026-08-23 09:55:22.634066,6292,5779,2990,1
2026-08-23 09:55:22.634086,6227,4419,0,1
2026-08-23 09:55:22.634106,6324,5789,3089,1
2026-08-23 09:55:22.634126,6205,4456,0,1
2026-08-23 09:55:22.634146,6314,5843,3335,1
2026-08-23 09:55:22.634166,6192,4412,10,1
2026-08-23 09:55:22.634186,6308,5790,2774,1
2026-08-23 09:55:22.634206,6219,4428,0,1
2026-08-23 09:55:22.634226,6321,5756,2520,1
2026-08-23 09:55:22.634246,6227,4437,0,1
2026-08-23 09:55:22.634266,6300,5723,2219,1
2026-08-23 09:55:22.634286,6225,4457,0,1
2026-08-23 09:55:22.634306,6317,5801,3096,1
2026-08-23 09:55:22.634326,6193,4471,0,1
2026-08-23 09:55:22.634346,6325,5818,3371,1
2026-08-23 09:55:22.634366,6228,4446,12,1
2026-08-23 09:55:22.634386,6318,5768,2901,1
2026-08-23 09:55:22.634406,6221,4425,0,1
2026-08-23 09:55:22.634426,6316,5778,2833,1
2026-08-23 09:55:22.634446,6225,4467,0,1
2026-08-23 09:55:22.634466,6329,5832,3233,1
2026-08-23 09:55:22.634486,6222,4393,0,1
2026-08-23 09:55:22.634506,6322,5801,3086,1
2026-08-23 09:55:22.634526,6216,4402,0,1
2026-08-23 09:55:22.634546,6329,5828,3394,1
2026-08-23 09:55:22.634566,6219,4383,0,1
2026-08-23 09:55:22.634586,6324,5753,2910,1
2026-08-23 09:55:22.634606,6219,4436,0,1
2026-08-23 09:55:22.634626,6311,5762,2838,1
2026-08-23 09:55:22.634646,6221,4473,0,1
2026-08-23 09:55:22.634666,6313,5777,2624,1
2026-08-23 09:55:22.634686,6218,4459,0,1
2026-08-23 09:55:22.634706,6322,5818,3094,1
2026-08-23 09:55:22.634726,6227,4449,0,1
2026-08-23 09:55:22.634746,6324,5840,3389,1
2026-08-23 09:55:22.634766,6222,4434,0,1
2026-08-23 09:55:22.634786,6317,5768,2881,1
2026-08-23 09:55:22.634806,6213,4422,0,1
2026-08-23 09:55:22.634826,6315,5793,2852,1
2026-08-23 09:55:22.634846,6225,4426,0,1
2026-08-23 09:55:22.634866,6319,5804,3344,1
2026-08-23 09:55:22.634886,6217,4393,0,1
2026-08-23 09:55:22.634906,6322,5777,3059,1
2026-08-23 09:55:22.634926,6221,4411,0,1
2026-08-23 09:55:22.634946,6314,5841,3441,1
2026-08-23 09:55:22.634966,6225,4379,0,1
2026-08-23 09:55:22.634986,6307,5769,2869,1
2026-08-23 09:55:22.635006,6214,4419,0,1
2026-08-23 09:55:22.635026,6315,5796,2860,1
2026-08-23 09:55:22.635046,6213,4457,19,1
2026-08-23 09:55:22.635066,6314,5797,3117,1
2026-08-23 09:55:22.635086,6216,4403,0,1
2026-08-23 09:55:22.635106,6328,5807,3031,1
2026-08-23 09:55:22.635126,6216,4449,0,1
2026-08-23 09:55:22.635146,6330,5844,3457,1
2026-08-23 09:55:22.635166,6214,4400,0,1
2026-08-23 09:55:22.635186,6303,5731,2842,1
2026-08-23 09:55:22.635206,6218,4438,0,1
2026-08-23 09:55:22.635226,6321,5808,2888,1
2026-08-23 09:55:22.635246,6230,4425,7,1
2026-08-23 09:55:22.635266,6331,5799,3390,1
2026-08-23 09:55:22.635286,6184,4384,0,1
2026-08-23 09:55:22.635306,6320,5794,3211,1
2026-08-23 09:55:22.635326,6218,4432,0,1
2026-08-23 09:55:22.635346,6245,5644,834,1
2026-08-23 09:55:22.635366,6224,4532,0,1
2026-08-23 09:55:22.635386,6320,5845,2834,1
2026-08-23 09:55:22.635406,6219,4488,0,1
2026-08-23 09:55:22.635426,6314,5805,2911,1
2026-08-23 09:55:22.635446,6231,4455,70,1
2026-08-23 09:55:22.635466,6325,5823,3375,1
2026-08-23 09:55:22.635486,6217,4400,0,1
2026-08-23 09:55:22.635506,6320,5819,3047,1
2026-08-23 09:55:22.635526,6224,4453,0,1
2026-08-23 09:55:22.635546,6198,5513,0,1
2026-08-23 09:55:22.635566,6225,4494,0,1
2026-08-23 09:55:22.635586,6324,5844,2812,1
2026-08-23 09:55:22.635606,6220,4481,0,1
2026-08-23 09:55:22.635626,6311,5843,2950,1
2026-08-23 09:55:22.635646,6228,4447,12,1
2026-08-23 09:55:22.635666,6329,5810,3305,1
2026-08-23 09:55:22.635686,6213,4436,0,1
2026-08-23 09:55:22.635706,6317,5815,3084,1
2026-08-23 09:55:22.635726,6228,4424,0,1
2026-08-23 09:55:22.635746,6272,5749,2743,1
2026-08-23 09:55:22.635766,6227,4416,0,1
2026-08-23 09:55:22.635786,6310,5764,2822,1
2026-08-23 09:55:22.635806,6216,4427,0,1
2026-08-23 09:55:22.635826,6320,5811,2972,1
2026-08-23 09:55:22.635846,6237,4442,7,1
2026-08-23 09:55:22.635866,6328,5836,3291,1
2026-08-23 09:55:22.635886,6212,4456,0,1
2026-08-23 09:55:22.635906,6326,5816,3087,1
2026-08-23 09:55:22.635926,6222,4440,0,1
2026-08-23 09:55:22.635946,6305,5726,2288,1
2026-08-23 09:55:22.635966,6223,4464,0,1
2026-08-23 09:55:22.635986,6306,5789,2782,1
2026-08-23 09:55:22.636006,6213,4489,0,1
2026-08-23 09:55:22.636026,6316,5842,3048,1
2026-08-23 09:55:22.636046,6232,4421,0,1
2026-08-23 09:55:22.636066,6334,5769,3168,1
2026-08-23 09:55:22.636086,6209,4410,0,1
2026-08-23 09:55:22.636106,6332,5780,3122,1
2026-08-23 09:55:22.636126,6232,4414,0,1
2026-08-23 09:55:22.636146,6326,5829,3195,1
2026-08-23 09:55:22.636166,6223,4420,0,1
2026-08-23 09:55:22.636186,6317,5767,2797,1
2026-08-23 09:55:22.636206,6227,4412,0,1
2026-08-23 09:55:22.636226,6322,5812,3089,1
2026-08-23 09:55:22.636246,6219,4399,0,1
2026-08-23 09:55:22.636266,6328,5774,3204,1
2026-08-23 09:55:22.636286,6215,4385,0,1
2026-08-23 09:55:22.636306,6315,5782,3128,1
2026-08-23 09:55:22.636326,6228,4422,0,1
2026-08-23 09:55:22.636346,6323,5788,3146,1
2026-08-23 09:55:22.636366,6222,4425,0,1
2026-08-23 09:55:22.636386,6311,5752,2769,1
2026-08-23 09:55:22.636406,6216,4461,0,1
2026-08-23 09:55:22.636426,6321,5828,3188,1
2026-08-23 09:55:22.636446,6219,4392,0,1
2026-08-23 09:55:22.636466,6319,5754,3170,1
2026-08-23 09:55:22.636486,6211,4368,0,1
2026-08-23 09:55:22.636506,6324,5790,3177,1
2026-08-23 09:55:22.636526,6226,4438,1,1
2026-08-23 09:55:22.636546,6323,5774,3060,1
2026-08-23 09:55:22.636566,6225,4395,0,1
2026-08-23 09:55:22.636586,6337,5782,2790,1
2026-08-23 09:55:22.636606,6226,4476,0,1
2026-08-23 09:55:22.636626,6322,5820,3199,1
2026-08-23 09:55:22.636646,6215,4355,0,1
2026-08-23 09:55:22.636666,6322,5741,3154,1
2026-08-23 09:55:22.636686,6207,4373,0,1
2026-08-23 09:55:22.636706,6328,5771,3198,1
2026-08-23 09:55:22.636726,6228,4451,5,1
2026-08-23 09:55:22.636746,6320,5768,3030,1
2026-08-23 09:55:22.636766,6280,4396,0,1
2026-08-23 09:55:22.636786,6315,5763,2771,1
2026-08-23 09:55:22.636806,6217,4436,0,1
2026-08-23 09:55:22.636826,6249,5644,960,1
2026-08-23 09:55:22.636846,6231,4532,0,1
2026-08-23 09:55:22.636866,6333,5841,3107,1
2026-08-23 09:55:22.636886,6212,4480,0,1
2026-08-23 09:55:22.636906,6329,5859,3267,1
2026-08-23 09:55:22.636926,6227,4429,9,1
2026-08-23 09:55:22.636946,6319,5836,2997,1
2026-08-23 09:55:22.636966,6224,4422,0,1
2026-08-23 09:55:22.636986,6313,5804,2803,1
2026-08-23 09:55:22.637006,6228,4474,0,1
2026-08-23 09:55:22.637026,6183,5512,0,1
2026-08-23 09:55:22.637046,6224,4465,0,1
2026-08-23 09:55:22.637066,6317,5855,3110,1
2026-08-23 09:55:22.637086,6204,4471,0,1
2026-08-23 09:55:22.637106,6326,5824,3279,1
2026-08-23 09:55:22.637126,6229,4434,9,1
2026-08-23 09:55:22.637146,6313,5816,2938,1
2026-08-23 09:55:22.637166,6218,4448,0,1
2026-08-23 09:55:22.637186,6319,5774,2800,1
2026-08-23 09:55:22.637206,6225,4469,0,1
2026-08-23 09:55:22.637226,6303,5784,2611,1
2026-08-23 09:55:22.637246,6224,4441,0,1
2026-08-23 09:55:22.637266,6316,5831,3101,1
2026-08-23 09:55:22.637286,6210,4457,0,1
2026-08-23 09:55:22.637306,6330,5837,3329,1
2026-08-23 09:55:22.637326,6217,4436,3,1
2026-08-23 09:55:22.637346,6319,5771,2938,1
2026-08-23 09:55:22.637366,6220,4422,0,1
2026-08-23 09:55:22.637386,6344,5763,2812,1
2026-08-23 09:55:22.637406,6234,4443,0,1
2026-08-23 09:55:22.637426,6233,5712,1660,1
2026-08-23 09:55:22.637446,6231,4469,0,1
2026-08-23 09:55:22.637466,6325,5851,3099,1
2026-08-23 09:55:22.637486,6210,4449,0,1
2026-08-23 09:55:22.637506,6320,5832,3332,1
2026-08-23 09:55:22.637526,6231,4468,0,1
2026-08-23 09:55:22.637546,6320,5798,2909,1
2026-08-23 09:55:22.637566,6226,4478,0,1
2026-08-23 09:55:22.637586,6316,5782,2828,1
2026-08-23 09:55:22.637606,6323,4487,0,1
2026-08-23 09:55:22.637626,6322,5779,3128,1
2026-08-23 09:55:22.637646,6216,4441,0,1
2026-08-23 09:55:22.637666,6300,5802,3080,1
2026-08-23 09:55:22.637686,6212,4437,0,1
2026-08-23 09:55:22.637706,6332,5834,3384,1
2026-08-23 09:55:22.637726,6227,4407,0,1
2026-08-23 09:55:22.637746,6307,5779,2918,1
2026-08-23 09:55:22.637766,6219,4420,0,1
2026-08-23 09:55:22.637786,6316,5742,2832,1
2026-08-23 09:55:22.637806,6235,4465,0,1
2026-08-23 09:55:22.637826,6311,5736,2531,1
2026-08-23 09:55:22.637846,6303,4423,0,1
2026-08-23 09:55:22.637866,6324,5818,3088,1
2026-08-23 09:55:22.637886,6214,4425,0,1
2026-08-23 09:55:22.637906,6327,5848,3383,1
2026-08-23 09:55:22.637926,6227,4428,0,1
2026-08-23 09:55:22.637946,6316,5791,2869,1
2026-08-23 09:55:22.637966,6216,4452,0,1
2026-08-23 09:55:22.637986,6308,5802,2848,1
2026-08-23 09:55:22.638006,6219,4472,12,1
2026-08-23 09:55:22.638026,6332,5843,3429,1
2026-08-23 09:55:22.638046,6218,4416,0,1
2026-08-23 09:55:22.638066,6321,5809,3091,1
2026-08-23 09:55:22.638086,6222,4420,0,1
2026-08-23 09:55:22.638106,6326,5832,3419,1
2026-08-23 09:55:22.638126,6230,4417,0,1
2026-08-23 09:55:22.638146,6318,5751,2886,1
2026-08-23 09:55:22.638166,6219,4438,0,1
2026-08-23 09:55:22.638186,6308,5781,2857,1
2026-08-23 09:55:22.638206,6231,4440,7,1
2026-08-23 09:55:22.638226,6315,5796,2918,1
2026-08-23 09:55:22.638246,6222,4418,0,1
2026-08-23 09:55:22.638266,6315,5815,3026,1
2026-08-23 09:55:22.638286,6220,4428,0,1
2026-08-23 09:55:22.638306,6345,5813,3432,1
2026-08-23 09:55:22.638326,6324,4416,0,1
2026-08-23 09:55:22.638346,6319,5747,2863,1
2026-08-23 09:55:22.638366,6224,4414,0,1
2026-08-23 09:55:22.638386,6319,5770,2877,1
2026-08-23 09:55:22.638406,6233,4438,8,1
2026-08-23 09:55:22.638426,6328,5850,3342,1
2026-08-23 09:55:22.638446,6214,4393,0,1
2026-08-23 09:55:22.638466,6321,5766,3081,1
2026-08-23 09:55:22.638486,6217,4452,0,1
2026-08-23 09:55:22.638506,6173,5469,0,1
2026-08-23 09:55:22.638526,6237,4444,0,1
2026-08-23 09:55:22.638546,6321,5782,2865,1
2026-08-23 09:55:22.638566,6220,4467,0,1
2026-08-23 09:55:22.638586,6319,5808,2882,1
2026-08-23 09:55:22.638606,6216,4483,0,1
2026-08-23 09:55:22.638626,6330,5823,3416,1
2026-08-23 09:55:22.638646,6215,4398,0,1
2026-08-23 09:55:22.638666,6311,5807,3087,1
2026-08-23 09:55:22.638686,6222,4420,0,1
2026-08-23 09:55:22.638706,6334,5821,3496,1
2026-08-23 09:55:22.638726,6340,4373,0,1
2026-08-23 09:55:22.638746,6316,5729,2836,1
2026-08-23 09:55:22.638766,6226,4439,0,1
2026-08-23 09:55:22.638786,6311,5800,2919,1
2026-08-23 09:55:22.638806,6228,4465,1,1
2026-08-23 09:55:22.638826,6335,5798,3368,1
2026-08-23 09:55:22.638846,6215,4388,0,1
2026-08-23 09:55:22.638866,6321,5775,3049,1
2026-08-23 09:55:22.638886,6208,4450,0,1
2026-08-23 09:55:22.638906,6272,5720,1786,1
2026-08-23 09:55:22.638926,6228,4497,0,1
2026-08-23 09:55:22.638946,6349,5803,2839,1
2026-08-23 09:55:22.638966,6226,4471,0,1
2026-08-23 09:55:22.638986,6321,5803,2940,1
2026-08-23 09:55:22.639006,6230,4444,13,1
2026-08-23 09:55:22.639026,6324,5808,3337,1
2026-08-23 09:55:22.639046,6205,4425,0,1
2026-08-23 09:55:22.639066,6319,5803,3080,1
2026-08-23 09:55:22.639086,6214,4432,0,1
2026-08-23 09:55:22.639106,6257,5608,877,1
2026-08-23 09:55:22.639126,6231,4525,0,1
2026-08-23 09:55:22.639146,6314,5851,2806,1
2026-08-23 09:55:22.639166,6213,4464,0,1
2026-08-23 09:55:22.639186,6323,5817,2960,1
2026-08-23 09:55:22.639206,6220,4480,5,1
2026-08-23 09:55:22.639226,6321,5798,3271,1
2026-08-23 09:55:22.639246,6214,4438,0,1
2026-08-23 09:55:22.639266,6325,5778,3087,1
2026-08-23 09:55:22.639286,6222,4427,0,1
2026-08-23 09:55:22.639306,6328,5795,3269,1
2026-08-23 09:55:22.639326,6216,4385,0,1
2026-08-23 09:55:22.639346,6318,5761,2815,1
2026-08-23 09:55:22.639366,6221,4458,0,1
2026-08-23 09:55:22.639386,6315,5811,3007,1
2026-08-23 09:55:22.639406,6220,4442,0,1
2026-08-23 09:55:22.639426,6323,5808,3272,1
2026-08-23 09:55:22.639446,6216,4385,0,1
2026-08-23 09:55:22.639466,6321,5795,3100,1
2026-08-23 09:55:22.639486,6216,4442,0,1
2026-08-23 09:55:22.639506,6386,5777,2538,1
2026-08-23 09:55:22.639526,6222,4453,0,1
2026-08-23 09:55:22.639546,6315,5794,2778,1
2026-08-23 09:55:22.639566,6221,4436,0,1
2026-08-23 09:55:22.639586,6325,5803,3146,1
2026-08-23 09:55:22.639606,6227,4448,0,1
2026-08-23 09:55:22.639626,6316,5813,3215,1
2026-08-23 09:55:22.639646,6217,4396,0,1
2026-08-23 09:55:22.639666,6326,5785,3124,1
2026-08-23 09:55:22.639686,6234,4425,0,1
2026-08-23 09:55:22.639706,6324,5820,3197,1
2026-08-23 09:55:22.639726,6224,4394,0,1
2026-08-23 09:55:22.639746,6313,5752,2692,1
2026-08-23 09:55:22.639766,6211,4450,0,1
2026-08-23 09:55:22.639786,6313,5821,3023,1
2026-08-23 09:55:22.639806,6219,4432,0,1
2026-08-23 09:55:22.639826,6333,5772,3200,1
2026-08-23 09:55:22.639846,6223,4392,0,1
2026-08-23 09:55:22.639866,6326,5840,3132,1
2026-08-23 09:55:22.639886,6230,4456,0,1
2026-08-23 09:55:22.639906,6198,5794,3132,1
2026-08-23 09:55:22.639926,6218,4412,0,1
2026-08-23 09:55:22.639946,6307,5800,2776,1
2026-08-23 09:55:22.639966,6224,4441,0,1
2026-08-23 09:55:22.639986,6332,5806,2936,1
2026-08-23 09:55:22.640006,6220,4412,0,1
2026-08-23 09:55:22.640026,6336,5792,2967,1
2026-08-23 09:55:22.640046,6215,4394,0,1
2026-08-23 09:55:22.640066,6326,5785,3219,1
2026-08-23 09:55:22.640086,6232,4451,7,1
2026-08-23 09:55:22.640106,6321,5805,3047,1
2026-08-23 09:55:22.640126,6227,4431,0,1
2026-08-23 09:55:22.640146,6317,5748,2783,1
2026-08-23 09:55:22.640166,6226,4455,0,1
2026-08-23 09:55:22.640186,6332,5794,3238,1
2026-08-23 09:55:22.640206,6210,4344,0,1
2026-08-23 09:55:22.640226,6321,5745,3121,1
2026-08-23 09:55:22.640246,6213,4379,0,1
2026-08-23 09:55:22.640266,6321,5808,3225,1
2026-08-23 09:55:22.640286,6218,4437,7,1
2026-08-23 09:55:22.640306,6324,5762,2995,1
2026-08-23 09:55:22.640326,6219,4436,0,1
2026-08-23 09:55:22.640346,6309,5792,2433,1
2026-08-23 09:55:22.640366,6222,4468,0,1
2026-08-23 09:55:22.640386,6282,5741,2076,1
2026-08-23 09:55:22.640406,6230,4443,0,1
2026-08-23 09:55:22.640426,6327,5841,3103,1
2026-08-23 09:55:22.640446,6212,4459,0,1
2026-08-23 09:55:22.640466,6326,5811,3298,1
2026-08-23 09:55:22.640486,6228,4456,2,1
2026-08-23 09:55:22.640506,6314,5810,2977,1
2026-08-23 09:55:22.640526,6205,4434,0,1
2026-08-23 09:55:22.640546,6316,5774,2819,1
2026-08-23 09:55:22.640566,6225,4448,0,1
2026-08-23 09:55:22.640586,6260,5618,1234,1
2026-08-23 09:55:22.640606,6234,4492,0,1
2026-08-23 09:55:22.640626,6328,5844,3058,1
2026-08-23 09:55:22.640646,6227,4471,0,1
2026-08-23 09:55:22.640666,6321,5868,3319,1
2026-08-23 09:55:22.640686,6228,4435,5,1
2026-08-23 09:55:22.640706,6320,5788,2932,1
2026-08-23 09:55:22.640726,6222,4426,0,1
2026-08-23 09:55:22.640746,6326,5777,2830,1
2026-08-23 09:55:22.640766,6223,4486,0,1
2026-08-23 09:55:22.640786,6327,5794,3057,1
2026-08-23 09:55:22.640806,6222,4454,0,1
2026-08-23 09:55:22.640826,6326,5788,3102,1
2026-08-23 09:55:22.640846,6214,4426,0,1
2026-08-23 09:55:22.640866,6331,5818,3382,1
2026-08-23 09:55:22.640886,6223,4437,0,1
2026-08-23 09:55:22.640906,6320,5789,2906,1
2026-08-23 09:55:22.640926,6223,4464,0,1
2026-08-23 09:55:22.640946,6319,5798,2856,1
2026-08-23 09:55:22.640966,6229,4472,0,1
2026-08-23 09:55:22.640986,6310,5754,2614,1
2026-08-23 09:55:22.641006,6216,4464,0,1
2026-08-23 09:55:22.641026,6324,5812,3082,1
2026-08-23 09:55:22.641046,6216,4424,0,1
2026-08-23 09:55:22.641066,6226,5821,3406,1
2026-08-23 09:55:22.641086,6224,4398,0,1
2026-08-23 09:55:22.641106,6318,5758,2868,1
2026-08-23 09:55:22.641126,6214,4446,0,1
2026-08-23 09:55:22.641146,6318,5807,2863,1
2026-08-23 09:55:22.641166,6188,4436,12,1
2026-08-23 09:55:22.641186,6340,5812,3442,1
2026-08-23 09:55:22.641206,6219,4398,0,1
2026-08-23 09:55:22.641226,6320,5771,3051,1
2026-08-23 09:55:22.641246,6209,4430,0,1
2026-08-23 09:55:22.641266,6202,5497,0,1
2026-08-23 09:55:22.641286,6232,4391,0,1
2026-08-23 09:55:22.641306,6324,5752,2854,1
2026-08-23 09:55:22.641326,6209,4439,0,1
2026-08-23 09:55:22.641346,6318,5768,2880,1
2026-08-23 09:55:22.641366,6226,4444,5,1
2026-08-23 09:55:22.641386,6335,5815,3434,1
2026-08-23 09:55:22.641406,6216,4390,0,1
2026-08-23 09:55:22.641426,6322,5763,3050,1
2026-08-23 09:55:22.641446,6220,4432,0,1
2026-08-23 09:55:22.641466,6326,5797,3513,1
2026-08-23 09:55:22.641486,6228,4392,0,1
2026-08-23 09:55:22.641506,6308,5727,2824,1
2026-08-23 09:55:22.641526,6215,4427,0,1
2026-08-23 09:55:22.641546,6321,5792,2926,1
2026-08-23 09:55:22.641566,6238,4441,8,1
2026-08-23 09:55:22.641586,6327,5777,3353,1
2026-08-23 09:55:22.641606,6215,4386,0,1
2026-08-23 09:55:22.641626,6318,5783,3054,1
2026-08-23 09:55:22.641646,6221,4442,0,1
2026-08-23 09:55:22.641666,6303,5727,1994,1
2026-08-23 09:55:22.641686,6230,4489,0,1
2026-08-23 09:55:22.641706,6319,5782,2824,1
2026-08-23 09:55:22.641726,6223,4466,0,1
2026-08-23 09:55:22.641746,6322,5796,2932,1
2026-08-23 09:55:22.641766,6233,4473,4,1
2026-08-23 09:55:22.641786,6327,5832,3324,1
2026-08-23 09:55:22.641806,6221,4434,0,1
2026-08-23 09:55:22.641826,6325,5779,3102,1
2026-08-23 09:55:22.641846,6214,4455,0,1
2026-08-23 09:55:22.641866,6278,5674,1439,1
2026-08-23 09:55:22.641886,6231,4486,0,1
2026-08-23 09:55:22.641906,6354,5815,2794,1
2026-08-23 09:55:22.641926,6216,4497,0,1
2026-08-23 09:55:22.641946,6323,5856,3003,1
2026-08-23 09:55:22.641966,6235,4457,7,1
2026-08-23 09:55:22.641986,6328,5806,3265,1
2026-08-23 09:55:22.642006,6209,4448,0,1
2026-08-23 09:55:22.642026,6312,5790,3098,1
2026-08-23 09:55:22.642046,6225,4463,0,1
2026-08-23 09:55:22.642066,6308,5832,3248,1
2026-08-23 09:55:22.642086,6221,4386,0,1
2026-08-23 09:55:22.642106,6315,5733,2810,1
2026-08-23 09:55:22.642126,6212,4441,0,1
2026-08-23 09:55:22.642146,6323,5799,3016,1
2026-08-23 09:55:22.642166,6230,4440,4,1
2026-08-23 09:55:22.642186,6327,5815,3252,1
2026-08-23 09:55:22.642206,6220,4385,0,1
2026-08-23 09:55:22.642226,6327,5780,3097,1
2026-08-23 09:55:22.642246,6227,4422,0,1
2026-08-23 09:55:22.642266,6318,5780,2671,1
2026-08-23 09:55:22.642286,6227,4415,0,1
2026-08-23 09:55:22.642306,6323,5807,2777,1
2026-08-23 09:55:22.642326,6214,4428,0,1
2026-08-23 09:55:22.642346,6332,5847,3103,1
2026-08-23 09:55:22.642366,6226,4409,0,1
2026-08-23 09:55:22.642386,6457,5774,3200,1
2026-08-23 09:55:22.642406,6213,4421,0,1
2026-08-23 09:55:22.642426,6326,5786,3146,1
2026-08-23 09:55:22.642446,6233,4422,0,1
2026-08-23 09:55:22.642466,6327,5838,3169,1
2026-08-23 09:55:22.642486,6230,4358,0,1
2026-08-23 09:55:22.642506,6321,5746,2783,1
2026-08-23 09:55:22.642526,6224,4450,0,1
2026-08-23 09:55:22.642546,6331,5824,3105,1
2026-08-23 09:55:22.642566,6213,4430,0,1
2026-08-23 09:55:22.642586,6320,5775,3192,1
2026-08-23 09:55:22.642606,6211,4416,0,1
2026-08-23 09:55:22.642626,6325,5771,3146,1
2026-08-23 09:55:22.642646,6235,4409,0,1
2026-08-23 09:55:22.642666,6325,5782,3120,1
2026-08-23 09:55:22.642686,6217,4399,0,1
2026-08-23 09:55:22.642706,6328,5737,2770,1
2026-08-23 09:55:22.642726,6225,4423,0,1
2026-08-23 09:55:22.642746,6316,5824,2170,1
2026-08-23 09:55:22.642766,6217,4394,0,1
2026-08-23 09:55:22.642786,6324,5767,3144,1
2026-08-23 09:55:22.642806,6208,4419,0,1
2026-08-23 09:55:22.642826,6327,5801,3204,1
2026-08-23 09:55:22.642846,6219,4435,5,1
2026-08-23 09:55:22.642866,6321,5755,3093,1
2026-08-23 09:55:22.642886,6288,4393,0,1
2026-08-23 09:55:22.642906,6325,5783,2792,1
2026-08-23 09:55:22.642926,6232,4464,0,1
2026-08-23 09:55:22.642946,6328,5811,3241,1
2026-08-23 09:55:22.642966,6218,4372,0,1
2026-08-23 09:55:22.642986,6329,5779,3136,1
2026-08-23 09:55:22.643006,6208,4385,0,1
2026-08-23 09:55:22.643026,6335,5776,3232,1
2026-08-23 09:55:22.643046,6223,4449,14,1
2026-08-23 09:55:22.643066,6325,5793,3011,1
2026-08-23 09:55:22.643086,6216,4429,0,1
2026-08-23 09:55:22.643106,6321,5747,2786,1
2026-08-23 09:55:22.643126,6217,4438,0,1
2026-08-23 09:55:22.643146,6275,5726,1649,1
2026-08-23 09:55:22.643166,6246,4482,0,1
2026-08-23 09:55:22.643186,6325,5843,3112,1
2026-08-23 09:55:22.643206,6216,4489,0,1
2026-08-23 09:55:22.643226,6325,5858,3287,1
2026-08-23 09:55:22.643246,6219,4467,32,1
2026-08-23 09:55:22.643266,6323,5780,2963,1
2026-08-23 09:55:22.643286,6210,4419,0,1
2026-08-23 09:55:22.643306,6306,5808,2838,1
2026-08-23 09:55:22.643326,6233,4453,0,1
2026-08-23 09:55:22.643346,6235,5575,156,1
2026-08-23 09:55:22.643366,6233,4541,0,1
2026-08-23 09:55:22.643386,6318,5892,3115,1
2026-08-23 09:55:22.643406,6218,4462,0,1
2026-08-23 09:55:22.643426,6330,5840,3291,1
2026-08-23 09:55:22.643446,6232,4453,0,1
2026-08-23 09:55:22.643466,6314,5773,2941,1
2026-08-23 09:55:22.643486,6219,4467,0,1
2026-08-23 09:55:22.643506,6320,5814,2805,1
2026-08-23 09:55:22.643526,6222,4485,0,1
2026-08-23 09:55:22.643546,6316,5794,2801,1
2026-08-23 09:55:22.643566,6218,4464,0,1
2026-08-23 09:55:22.643586,6323,5790,3096,1
2026-08-23 09:55:22.643606,6216,4442,0,1
2026-08-23 09:55:22.643626,6334,5840,3344,1
2026-08-23 09:55:22.643646,6232,4426,9,1
2026-08-23 09:55:22.643666,6322,5766,2919,1
2026-08-23 09:55:22.643686,6218,4452,0,1
2026-08-23 09:55:22.643706,6327,5783,2813,1
2026-08-23 09:55:22.643726,6246,4432,0,1
2026-08-23 09:55:22.643746,6245,5721,1953,1
2026-08-23 09:55:22.643766,6224,4474,0,1
2026-08-23 09:55:22.643786,6318,5859,3086,1
2026-08-23 09:55:22.643806,6211,4454,0,1
2026-08-23 09:55:22.643826,6331,5823,3357,1
2026-08-23 09:55:22.643846,6228,4453,0,1
2026-08-23 09:55:22.643866,6317,5796,2923,1
2026-08-23 09:55:22.643886,6210,4454,0,1
2026-08-23 09:55:22.643906,6308,5795,2758,1
2026-08-23 09:55:22.643926,6235,4517,0,1
2026-08-23 09:55:22.643946,6336,5805,3300,1
2026-08-23 09:55:22.643966,6222,4456,0,1
2026-08-23 09:55:22.643986,6338,5753,3085,1
2026-08-23 09:55:22.644006,6220,4432,0,1
2026-08-23 09:55:22.644026,6324,5837,3418,1
2026-08-23 09:55:22.644046,6219,4434,0,1
2026-08-23 09:55:22.644066,6322,5778,2883,1
2026-08-23 09:55:22.644086,6219,4426,0,1
2026-08-23 09:55:22.644106,6314,5790,2870,1
2026-08-23 09:55:22.644126,6231,4501,4,1
2026-08-23 09:55:22.644146,6326,5763,3020,1
2026-08-23 09:55:22.644166,6219,4380,0,1
2026-08-23 09:55:22.644186,6225,5768,3047,1
2026-08-23 09:55:22.644206,6215,4476,0,1
2026-08-23 09:55:22.644226,6329,5799,3462,1
2026-08-23 09:55:22.644246,6229,4437,0,1
2026-08-23 09:55:22.644266,6317,5796,2844,1
2026-08-23 09:55:22.644286,6222,4422,0,1
2026-08-23 09:55:22.644306,6321,5768,2896,1
2026-08-23 09:55:22.644326,6231,4458,10,1
2026-08-23 09:55:22.644346,6333,5827,3383,1
2026-08-23 09:55:22.644366,6227,4402,0,1
2026-08-23 09:55:22.644386,6327,5804,3054,1
2026-08-23 09:55:22.644406,6224,4440,0,1
2026-08-23 09:55:22.644426,6262,5615,1047,1
2026-08-23 09:55:22.644446,6238,4514,0,1
2026-08-23 09:55:22.644466,6322,5826,2791,1
2026-08-23 09:55:22.644486,6224,4488,0,1
2026-08-23 09:55:22.644506,6323,5850,2911,1
2026-08-23 09:55:22.644526,6222,4463,9,1
2026-08-23 09:55:22.644546,6325,5849,3363,1
2026-08-23 09:55:22.644566,6208,4445,0,1
2026-08-23 09:55:22.644586,6333,5772,3049,1
2026-08-23 09:55:22.644606,6224,4469,0,1
2026-08-23 09:55:22.644626,6240,5557,194,1
2026-08-23 09:55:22.644646,6222,4547,0,1
2026-08-23 09:55:22.644666,6315,5840,2808,1
2026-08-23 09:55:22.644686,6219,4482,0,1
2026-08-23 09:55:22.644706,6328,5826,2974,1
2026-08-23 09:55:22.644726,6231,4492,7,1
2026-08-23 09:55:22.644746,6332,5849,3297,1
2026-08-23 09:55:22.644766,6221,4429,0,1
2026-08-23 09:55:22.644786,6316,5775,3098,1
2026-08-23 09:55:22.644806,6226,4429,0,1
2026-08-23 09:55:22.644826,6337,5802,3286,1
2026-08-23 09:55:22.644846,6229,4379,14,1
2026-08-23 09:55:22.644866,6322,5786,2816,1
2026-08-23 09:55:22.644886,6207,4446,0,1
2026-08-23 09:55:22.644906,6328,5820,2989,1
2026-08-23 09:55:22.644926,6228,4406,0,1
2026-08-23 09:55:22.644946,6336,5826,3131,1
2026-08-23 09:55:22.644966,6214,4385,0,1
2026-08-23 09:55:22.644986,6328,5803,3084,1
2026-08-23 09:55:22.645006,6231,4466,0,1
2026-08-23 09:55:22.645026,6371,5720,1777,1
2026-08-23 09:55:22.645046,6234,4488,0,1
2026-08-23 09:55:22.645066,6317,5792,2787,1
2026-08-23 09:55:22.645086,6221,4431,0,1
2026-08-23 09:55:22.645106,6254,5820,3004,1
2026-08-23 09:55:22.645126,6235,4474,10,1
2026-08-23 09:55:22.645146,6329,5810,3266,1
2026-08-23 09:55:22.645166,6202,4430,0,1
2026-08-23 09:55:22.645186,6326,5794,3108,1
2026-08-23 09:55:22.645206,6182,4438,0,1
2026-08-23 09:55:22.645226,6325,5797,3267,1
2026-08-23 09:55:22.645246,6231,4409,0,1
2026-08-23 09:55:22.645266,6317,5755,2829,1
2026-08-23 09:55:22.645286,6225,4440,0,1
2026-08-23 09:55:22.645306,6323,5793,3004,1
2026-08-23 09:55:22.645326,6239,4440,4,1
2026-08-23 09:55:22.645346,6331,5830,3302,1
2026-08-23 09:55:22.645366,6216,4403,0,1
2026-08-23 09:55:22.645386,6333,5756,3095,1
2026-08-23 09:55:22.645406,6230,4434,0,1
2026-08-23 09:55:22.645426,6293,5706,2039,1
2026-08-23 09:55:22.645446,6237,4449,0,1
2026-08-23 09:55:22.645466,6326,5836,2788,1
2026-08-23 09:55:22.645486,6234,4474,0,1
2026-08-23 09:55:22.645506,6327,5806,3031,1
2026-08-23 09:55:22.645526,6240,4426,17,1
2026-08-23 09:55:22.645546,6325,5835,3265,1
2026-08-23 09:55:22.645566,6223,4395,0,1
2026-08-23 09:55:22.645586,6329,5808,3119,1
2026-08-23 09:55:22.645606,6229,4436,0,1
2026-08-23 09:55:22.645626,6326,5842,3246,1
2026-08-23 09:55:22.645646,6213,4389,0,1
2026-08-23 09:55:22.645666,6322,5790,2805,1
2026-08-23 09:55:22.645686,6228,4429,0,1
2026-08-23 09:55:22.645706,6335,5806,3013,1
2026-08-23 09:55:22.645726,6231,4454,5,1
2026-08-23 09:55:22.645746,6326,5819,3250,1
2026-08-23 09:55:22.645766,6221,4425,0,1
2026-08-23 09:55:22.645786,6323,5782,3104,1
2026-08-23 09:55:22.645806,6226,4423,0,1
2026-08-23 09:55:22.645826,6306,5790,2673,1
2026-08-23 09:55:22.645846,6227,4417,0,1
2026-08-23 09:55:22.645866,6321,5810,2776,1
2026-08-23 09:55:22.645886,6221,4425,0,1
2026-08-23 09:55:22.645906,6326,5853,3100,1
2026-08-23 09:55:22.645926,6228,4440,0,1
2026-08-23 09:55:22.645946,6327,5790,3196,1
2026-08-23 09:55:22.645966,6217,4421,0,1
2026-08-23 09:55:22.645986,6322,5792,3131,1
2026-08-23 09:55:22.646006,6373,4459,0,1
2026-08-23 09:55:22.646026,6336,5823,3171,1
2026-08-23 09:55:22.646046,6217,4453,0,1
2026-08-23 09:55:22.646066,6315,5786,2790,1
2026-08-23 09:55:22.646086,6228,4422,0,1
2026-08-23 09:55:22.646106,6329,5842,3128,1
2026-08-23 09:55:22.646126,6228,4411,0,1
2026-08-23 09:55:22.646146,6324,5780,3201,1
2026-08-23 09:55:22.646166,6216,4417,0,1
2026-08-23 09:55:22.646186,6335,5787,3152,1
2026-08-23 09:55:22.646206,6239,4425,6,1
2026-08-23 09:55:22.646226,6341,5799,3105,1
2026-08-23 09:55:22.646246,6234,4399,0,1
2026-08-23 09:55:22.646266,6319,5805,2977,1
2026-08-23 09:55:22.646286,6235,4434,0,1
2026-08-23 09:55:22.646306,6315,5692,0,1
2026-08-23 09:55:22.646326,6227,4403,0,1
2026-08-23 09:55:22.646346,6334,5823,3140,1
2026-08-23 09:55:22.646366,6208,4401,0,1
2026-08-23 09:55:22.646386,6319,5838,3221,1
2026-08-23 09:55:22.646406,6238,4421,9,1
2026-08-23 09:55:22.646426,6324,5794,3048,1
2026-08-23 09:55:22.646446,5995,4433,0,1
2026-08-23 09:55:22.646466,6315,5804,2592,1
2026-08-23 09:55:22.646486,6228,4434,0,1
2026-08-23 09:55:22.646506,6332,5860,3233,1
2026-08-23 09:55:22.646526,6219,4353,0,1
2026-08-23 09:55:22.646546,6335,5790,3138,1
2026-08-23 09:55:22.646566,6212,4414,0,1
2026-08-23 09:55:22.646586,6331,5827,3216,1
2026-08-23 09:55:22.646606,6234,4438,23,1
2026-08-23 09:55:22.646626,6328,5774,3007,1
2026-08-23 09:55:22.646646,6209,4397,0,1
2026-08-23 09:55:22.646666,6317,5810,2784,1
2026-08-23 09:55:22.646686,6232,4466,0,1
2026-08-23 09:55:22.646706,6275,5718,1485,1
2026-08-23 09:55:22.646726,6229,4505,0,1
2026-08-23 09:55:22.646746,6317,5836,2999,1
2026-08-23 09:55:22.646766,6206,4460,0,1
2026-08-23 09:55:22.646786,6330,5831,3270,1
2026-08-23 09:55:22.646806,6232,4477,13,1
2026-08-23 09:55:22.646826,6361,5839,2984,1
2026-08-23 09:55:22.646846,6227,4432,0,1
2026-08-23 09:55:22.646866,6326,5788,2803,1
2026-08-23 09:55:22.646886,6236,4473,0,1
2026-08-23 09:55:22.646906,6205,5568,0,1
2026-08-23 09:55:22.646926,6235,4477,0,1
2026-08-23 09:55:22.646946,6332,5843,3117,1
2026-08-23 09:55:22.708668,6301,2762,1,1
2026-08-23 09:55:22.708688,6345,4749,3323,1
2026-08-23 09:55:22.708708,6232,3631,0,1
2026-08-23 09:55:22.708728,6335,5296,3314,1
2026-08-23 09:55:22.708748,6232,3987,10,1
2026-08-23 09:55:22.708768,6344,5598,3658,1
2026-08-23 09:55:22.708788,6236,4164,8,1
2026-08-23 09:55:22.708808,6351,5698,3639,1
2026-08-23 09:55:22.708828,6237,4250,0,1
2026-08-23 09:55:22.708848,6332,5736,3659,1
2026-08-23 09:55:22.708868,6232,4257,8,1
2026-08-23 09:55:22.708888,6325,5752,3336,1
2026-08-23 09:55:22.708908,6238,4291,1,1
2026-08-23 09:55:22.708928,6335,5794,3322,1
2026-08-23 09:55:22.708948,6233,4338,16,1
2026-08-23 09:55:22.708968,6335,5764,3322,1
2026-08-23 09:55:22.708988,6228,4337,10,1
2026-08-23 09:55:22.709008,6339,5820,3656,1
2026-08-23 09:55:22.709028,6226,4323,0,1
2026-08-23 09:55:22.709048,6333,5820,3676,1
2026-08-23 09:55:22.709068,6228,4309,14,1
2026-08-23 09:55:22.709088,6350,5815,3666,1
2026-08-23 09:55:22.709108,6232,4287,55,1
2026-08-23 09:55:22.709128,6339,5780,3320,1
2026-08-23 09:55:22.709148,6232,4312,12,1
2026-08-23 09:55:22.709168,6335,5785,3328,1
2026-08-23 09:55:22.709188,6228,4299,6,1
2026-08-23 09:55:22.709208,6339,5798,3339,1
2026-08-23 09:55:22.709228,6237,4303,8,1
2026-08-23 09:55:22.709248,6343,5827,3664,1
2026-08-23 09:55:22.709268,6236,4293,14,1
2026-08-23 09:55:22.709288,6331,5807,3664,1
2026-08-23 09:55:22.709308,6230,4326,6,1
2026-08-23 09:55:22.709328,6340,5804,3622,1
2026-08-23 09:55:22.709348,6233,4319,2,1
2026-08-23 09:55:22.709368,6333,5761,3326,1
2026-08-23 09:55:22.709388,6241,4253,5,1
2026-08-23 09:55:22.728446,6355,4352,3432,1
2026-08-23 09:55:22.728466,6240,3202,0,1
2026-08-23 09:55:22.728486,6338,4924,3348,1
2026-08-23 09:55:22.728506,6222,3714,0,1
2026-08-23 09:55:22.728526,6336,5282,3522,1
2026-08-23 09:55:22.728546,6239,3962,6,1
2026-08-23 09:55:22.728566,6331,5465,3157,1
2026-08-23 09:55:22.728586,6235,4076,0,1
2026-08-23 09:55:22.728606,6331,5598,2996,1
2026-08-23 09:55:22.728626,6231,4233,0,1
2026-08-23 09:55:22.728646,6327,5657,2967,1
2026-08-23 09:55:22.728666,6238,4261,0,1
2026-08-23 09:55:22.728686,6332,5725,3308,1
2026-08-23 09:55:22.746549,6291,3572,0,1
2026-08-23 09:55:22.746569,6363,5325,3482,1
2026-08-23 09:55:22.746589,6234,3996,8,1
2026-08-23 09:55:22.746609,6329,5538,3204,1
2026-08-23 09:55:22.746629,6228,4213,0,1
2026-08-23 09:55:22.746649,6317,5680,2999,1
2026-08-23 09:55:22.746669,6233,4283,0,1
2026-08-23 09:55:22.746689,6331,5731,2945,1
2026-08-23 09:55:22.746709,6235,4343,0,1
2026-08-23 09:55:22.746729,6335,5817,3242,1
2026-08-23 09:55:22.746749,6235,4325,0,1
2026-08-23 09:55:22.746769,6340,5770,3255,1
2026-08-23 09:55:22.763959,6290,3761,4,1
2026-08-23 09:55:22.763979,6339,5400,3169,1
2026-08-23 09:55:22.763999,6247,4107,0,1
2026-08-23 09:55:22.764019,6331,5639,2952,1
2026-08-23 09:55:22.764039,6230,4270,0,1
2026-08-23 09:55:22.764059,6337,5731,2964,1
2026-08-23 09:55:22.764079,6238,4344,11,1
2026-08-23 09:55:22.764099,6281,5702,1977,1
2026-08-23 09:55:22.764119,6239,4426,0,1
2026-08-23 09:55:22.764139,6340,5850,3262,1
2026-08-23 09:55:22.764159,6236,4403,0,1
2026-08-23 09:55:22.764179,6341,5862,3325,1
2026-08-23 09:55:22.781535,6277,3873,0,1
2026-08-23 09:55:22.781555,6335,5495,2914,1
2026-08-23 09:55:22.781575,6228,4244,0,1
2026-08-23 09:55:22.781595,6183,5389,0,1
2026-08-23 09:55:22.781615,6243,4379,0,1
2026-08-23 09:55:22.781635,6327,5812,3277,1
2026-08-23 09:55:22.781655,6238,4403,0,1
2026-08-23 09:55:22.781675,6332,5870,3192,1
2026-08-23 09:55:22.781695,6231,4389,0,1
2026-08-23 09:55:22.781715,6304,5763,2200,1
2026-08-23 09:55:22.781735,6244,4399,0,1
2026-08-23 09:55:22.781755,6331,5865,2918,1
2026-08-23 09:55:22.798205,6290,3892,0,1
2026-08-23 09:55:22.798225,6347,5530,3250,1
2026-08-23 09:55:22.798245,6221,4176,0,1
2026-08-23 09:55:22.798265,6337,5732,3211,1
2026-08-23 09:55:22.798285,6242,4311,0,1
2026-08-23 09:55:22.798305,6319,5723,2619,1
2026-08-23 09:55:22.798325,6236,4390,0,1
2026-08-23 09:55:22.798345,6326,5829,2868,1
2026-08-23 09:55:22.798365,6230,4382,0,1
2026-08-23 09:55:22.798385,6462,5858,2953,1
2026-08-23 09:55:22.798405,6252,4364,10,1
2026-08-23 09:55:22.815840,6354,5679,4108,1
2026-08-23 09:55:22.815860,6234,4198,0,1
2026-08-23 09:55:22.815880,6327,5662,2796,1
2026-08-23 09:55:22.815900,6216,4268,0,1
2026-08-23 09:55:22.815920,6319,5746,2939,1
2026-08-23 09:55:22.815940,6236,4329,12,1
2026-08-23 09:55:22.815960,6333,5755,3205,1
2026-08-23 09:55:22.815980,6203,4323,0,1
2026-08-23 09:55:22.816000,6327,5800,3095,1
2026-08-23 09:55:22.816020,6245,4364,8,1
2026-08-23 09:55:22.816040,6339,5825,3023,1
2026-08-23 09:55:22.816060,6242,4322,0,1
2026-08-23 09:55:22.834198,6350,5538,3037,1
2026-08-23 09:55:22.834219,6236,4184,0,1
2026-08-23 09:55:22.834239,6333,5656,3122,1
2026-08-23 09:55:22.834259,6224,4197,0,1
2026-08-23 09:55:22.834279,6318,5685,2701,1
2026-08-23 09:55:22.834299,6231,4288,0,1
2026-08-23 09:55:22.834319,6306,5668,2176,1
2026-08-23 09:55:22.834338,6227,4335,0,1
2026-08-23 09:55:22.834358,6331,5810,2974,1
2026-08-23 09:55:22.834378,6228,4398,0,1
2026-08-23 09:55:22.834399,6282,5682,1417,1
2026-08-23 09:55:22.834419,6247,4408,0,1
2026-08-23 09:55:22.855693,6345,5545,3012,1
2026-08-23 09:55:22.855713,6235,4145,0,1
2026-08-23 09:55:22.855733,6300,5568,2230,1
2026-08-23 09:55:22.855753,6243,4255,0,1
2026-08-23 09:55:22.855773,6319,5687,2659,1
2026-08-23 09:55:22.855793,6232,4299,0,1
2026-08-23 09:55:22.855813,6326,5803,3203,1
2026-08-23 09:55:22.855833,6232,4295,0,1
2026-08-23 09:55:22.855853,6330,5716,3008,1
2026-08-23 09:55:22.855873,6220,4334,0,1
2026-08-23 09:55:22.855893,6327,5819,3359,1
2026-08-23 09:55:22.855913,6234,4316,0,1
2026-08-23 09:55:22.855933,6329,5753,2808,1
2026-08-23 09:55:22.855953,6241,4332,0,1
2026-08-23 09:55:22.874771,6344,5387,2952,1
2026-08-23 09:55:22.874791,6226,3992,0,1
2026-08-23 09:55:22.874811,6331,5507,2741,1
2026-08-23 09:55:22.874831,6239,4177,11,1
2026-08-23 09:55:22.874851,6330,5697,3304,1
2026-08-23 09:55:22.874871,6221,4212,0,1
2026-08-23 09:55:22.874892,6333,5681,3011,1
2026-08-23 09:55:22.874912,6241,4307,0,1
2026-08-23 09:55:22.874931,6327,5767,3008,1
2026-08-23 09:55:22.874951,6214,4331,0,1
2026-08-23 09:55:22.874971,6324,5792,2737,1
2026-08-23 09:55:22.874991,6240,4347,0,1
2026-08-23 09:55:22.875011,6350,5831,3273,1
2026-08-23 09:55:22.894736,6277,3699,0,1
2026-08-23 09:55:22.894756,6329,5425,2797,1
2026-08-23 09:55:22.894776,6241,4178,0,1
2026-08-23 09:55:22.894796,6333,5656,3215,1
2026-08-23 09:55:22.894816,6220,4226,0,1
2026-08-23 09:55:22.894836,6318,5728,3123,1
2026-08-23 09:55:22.894856,6223,4300,0,1
2026-08-23 09:55:22.894876,6340,5821,3496,1
2026-08-23 09:55:22.894896,6234,4387,1,1
2026-08-23 09:55:22.894916,6332,5799,2971,1
2026-08-23 09:55:22.894936,6225,4355,0,1
2026-08-23 09:55:22.894956,6344,5842,2825,1
2026-08-23 09:55:22.894976,6255,4364,9,1
2026-08-23 09:55:22.914745,6326,5504,2939,1
2026-08-23 09:55:22.914765,6230,4127,0,1
2026-08-23 09:55:22.914785,6331,5547,2793,1
2026-08-23 09:55:22.914805,6239,4240,8,1
2026-08-23 09:55:22.914825,6348,5700,3328,1
2026-08-23 09:55:22.914845,6214,4269,0,1
2026-08-23 09:55:22.914865,6308,5717,3015,1
2026-08-23 09:55:22.914885,6228,4329,0,1
2026-08-23 09:55:22.914905,6323,5775,2849,1
2026-08-23 09:55:22.914925,6216,4337,0,1
2026-08-23 09:55:22.914945,6324,5772,2732,1
2026-08-23 09:55:22.914965,6245,4414,0,1
2026-08-23 09:55:22.914985,6323,5793,2765,1
2026-08-23 09:55:22.934610,6281,3674,0,1
2026-08-23 09:55:22.934630,6332,5342,2884,1
2026-08-23 09:55:22.934650,6235,4072,0,1
2026-08-23 09:55:22.934670,6337,5656,2935,1
2026-08-23 09:55:22.934690,6238,4303,6,1
2026-08-23 09:55:22.934711,6341,5762,3442,1
2026-08-23 09:55:22.934731,6233,4326,0,1
2026-08-23 09:55:22.934751,6334,5775,3058,1
2026-08-23 09:55:22.934770,6227,4388,0,1
2026-08-23 09:55:22.934790,6323,5864,3436,1
2026-08-23 09:55:22.934810,6228,4374,0,1
2026-08-23 09:55:22.934830,6340,5823,2880,1
2026-08-23 09:55:22.934850,6236,4362,0,1
2026-08-23 09:55:22.954638,6355,5524,3203,1
2026-08-23 09:55:22.954658,6240,4146,0,1
2026-08-23 09:55:22.954678,6336,5582,2943,1
2026-08-23 09:55:22.954698,6224,4222,0,1
2026-08-23 09:55:22.954718,6331,5691,2802,1
2026-08-23 09:55:22.954738,6242,4284,0,1
2026-08-23 09:55:22.954758,6334,5731,2972,1
2026-08-23 09:55:22.954778,6319,4298,0,1
2026-08-23 09:55:22.954798,6347,5796,3026,1
2026-08-23 09:55:22.954818,6234,4382,0,1
2026-08-23 09:55:22.954838,6256,5655,779,1
2026-08-23 09:55:22.954858,6247,4399,0,1
2026-08-23 09:55:22.954878,6331,5826,2770,1
2026-08-23 09:55:22.974405,6274,3691,0,1
2026-08-23 09:55:22.974425,6352,5402,3397,1
2026-08-23 09:55:22.974445,6226,4134,10,1
2026-08-23 09:55:22.974465,6328,5642,3032,1
2026-08-23 09:55:22.974485,6243,4290,0,1
2026-08-23 09:55:22.974505,6318,5748,2840,1
2026-08-23 09:55:22.974525,6222,4356,0,1
2026-08-23 09:55:22.974545,6344,5817,3199,1
2026-08-23 09:55:22.974565,6232,4372,0,1
2026-08-23 09:55:22.974585,6336,5847,3221,1
2026-08-23 09:55:22.974605,6213,4391,0,1
2026-08-23 09:55:22.974625,6338,5882,3193,1
2026-08-23 09:55:22.974645,6244,4352,0,1
2026-08-23 09:55:22.994334,6354,5581,3267,1
2026-08-23 09:55:22.994354,6227,4105,0,1
2026-08-23 09:55:22.994374,6332,5600,3028,1
2026-08-23 09:55:22.994394,6333,4232,0,1
2026-08-23 09:55:22.994414,6347,5690,3213,1
2026-08-23 09:55:22.994434,6225,4233,0,1
2026-08-23 09:55:22.994454,6328,5706,2759,1
2026-08-23 09:55:22.994474,6238,4342,0,1
2026-08-23 09:55:22.994494,6326,5786,3169,1
2026-08-23 09:55:22.994514,6228,4328,0,1
2026-08-23 09:55:22.994534,6333,5763,3118,1
2026-08-23 09:55:22.994554,6222,4300,0,1
2026-08-23 09:55:22.994574,6342,5809,3344,1
2026-08-23 09:55:23.014307,6294,3683,6,1
2026-08-23 09:55:23.014327,6350,5370,3410,1
2026-08-23 09:55:23.014347,6235,4032,0,1
2026-08-23 09:55:23.014367,6330,5641,3113,1
2026-08-23 09:55:23.014387,6225,4242,0,1
2026-08-23 09:55:23.014407,6338,5800,3428,1
2026-08-23 09:55:23.014427,6225,4298,0,1
2026-08-23 09:55:23.014447,6329,5758,2958,1
2026-08-23 09:55:23.014467,6234,4346,0,1
2026-08-23 09:55:23.014487,6318,5838,2843,1
2026-08-23 09:55:23.014507,6191,4425,0,1
2026-08-23 09:55:23.014527,6249,5688,590,1
2026-08-23 09:55:23.014547,6250,4446,0,1
2026-08-23 09:55:23.034249,6335,5589,2749,1
2026-08-23 09:55:23.034269,6241,4164,0,1
2026-08-23 09:55:23.034289,6332,5676,3161,1
2026-08-23 09:55:23.034309,6230,4199,0,1
2026-08-23 09:55:23.034329,6449,5694,3098,1
2026-08-23 09:55:23.034349,6210,4206,0,1
2026-08-23 09:55:23.034369,6392,5754,3227,1
2026-08-23 09:55:23.034389,6238,4326,7,1
2026-08-23 09:55:23.034409,6342,5750,2936,1
2026-08-23 09:55:23.034429,6216,4351,0,1
2026-08-23 09:55:23.034449,6327,5802,2798,1
2026-08-23 09:55:23.034469,6246,4361,3,1
2026-08-23 09:55:23.034489,6334,5821,3116,1
2026-08-23 09:55:23.052208,6300,3628,0,1
2026-08-23 09:55:23.052228,6339,5370,2859,1
2026-08-23 09:55:23.052248,6240,4120,0,1
2026-08-23 09:55:23.052268,6335,5642,3014,1
2026-08-23 09:55:23.052288,6243,4287,7,1
2026-08-23 09:55:23.052308,6330,5778,3349,1
2026-08-23 09:55:23.052328,6232,4291,0,1
2026-08-23 09:55:23.052348,6335,5780,3117,1
2026-08-23 09:55:23.052368,6228,4348,0,1
2026-08-23 09:55:23.052388,6221,5609,0,1
2026-08-23 09:55:23.052408,6237,4421,0,1
2026-08-23 09:55:23.052428,6331,5872,2886,1
2026-08-23 09:55:23.072032,6286,3864,0,1
2026-08-23 09:55:23.072052,6344,5550,3169,1
2026-08-23 09:55:23.072072,6243,4212,0,1
2026-08-23 09:55:23.072092,6336,5781,3320,1
2026-08-23 09:55:23.072112,6228,4353,11,1
2026-08-23 09:55:23.072132,6328,5788,3178,1
2026-08-23 09:55:23.072152,6222,4374,0,1
2026-08-23 09:55:23.072172,6330,5806,2820,1
2026-08-23 09:55:23.072192,6245,4404,0,1
2026-08-23 09:55:23.072212,6342,5861,3210,1
2026-08-23 09:55:23.072232,6221,4378,0,1
2026-08-23 09:55:23.072252,6339,5825,3219,1
2026-08-23 09:55:23.072272,6235,4291,0,1
2026-08-23 09:55:23.091971,6342,5516,2835,1
2026-08-23 09:55:23.091991,6250,4121,18,1
2026-08-23 09:55:23.092011,6340,5650,3368,1
2026-08-23 09:55:23.092031,6220,4183,0,1
2026-08-23 09:55:23.092051,6331,5717,3021,1
2026-08-23 09:55:23.092071,6227,4281,0,1
2026-08-23 09:55:23.092091,6317,5649,1935,1
2026-08-23 09:55:23.092111,6231,4368,0,1
2026-08-23 09:55:23.092131,6339,5780,2781,1
2026-08-23 09:55:23.092151,6225,4386,0,1
2026-08-23 09:55:23.092171,6324,5867,3112,1
2026-08-23 09:55:23.092191,6240,4358,0,1
2026-08-23 09:55:23.092211,6336,5841,3162,1
2026-08-23 09:55:23.111878,6289,3632,0,1
2026-08-23 09:55:23.111898,6355,5402,2907,1
2026-08-23 09:55:23.111918,6235,4139,0,1
2026-08-23 09:55:23.111938,6303,5581,1911,1
2026-08-23 09:55:23.111958,6258,4308,0,1
2026-08-23 09:55:23.111978,6335,5799,3162,1
2026-08-23 09:55:23.111998,6216,4371,0,1
2026-08-23 09:55:23.112018,6338,5843,3271,1
2026-08-23 09:55:23.112038,6250,4365,3,1
2026-08-23 09:55:23.112058,6337,5843,3039,1
2026-08-23 09:55:23.112078,6227,4380,0,1
2026-08-23 09:55:23.112098,6331,5839,2816,1
2026-08-23 09:55:23.112118,6250,4356,0,1
2026-08-23 09:55:23.131529,6301,5432,1599,1
2026-08-23 09:55:23.131549,6231,4179,0,1
2026-08-23 09:55:23.131569,6337,5652,2748,1
2026-08-23 09:55:23.131589,6230,4219,0,1
2026-08-23 09:55:23.131609,6334,5744,3092,1
2026-08-23 09:55:23.131629,6228,4261,0,1
2026-08-23 09:55:23.131649,6338,5740,3129,1
2026-08-23 09:55:23.131669,6219,4272,0,1
2026-08-23 09:55:23.131689,6335,5783,3169,1
2026-08-23 09:55:23.131709,6241,4337,9,1
2026-08-23 09:55:23.131729,6328,5804,2943,1
2026-08-23 09:55:23.131749,6258,4348,0,1
2026-08-23 09:55:23.131769,6335,5829,2822,1
2026-08-23 09:55:23.147896,6285,3641,0,1
2026-08-23 09:55:23.147916,6350,5375,3223,1
2026-08-23 09:55:23.147936,6240,4035,0,1
2026-08-23 09:55:23.147956,6336,5592,2874,1
2026-08-23 09:55:23.147976,6229,4245,0,1
2026-08-23 09:55:23.147996,6330,5747,2965,1
2026-08-23 09:55:23.148016,6239,4357,0,1
2026-08-23 09:55:23.148036,6340,5816,3413,1
2026-08-23 09:55:23.148056,6232,4320,0,1
2026-08-23 09:55:23.148076,6329,5842,3122,1
2026-08-23 09:55:23.148096,6243,4308,0,1
2026-08-23 09:55:23.165183,6358,5648,2822,1
2026-08-23 09:55:23.165203,6241,4214,0,1
2026-08-23 09:55:23.165223,6339,5695,3264,1
2026-08-23 09:55:23.165243,6232,4229,0,1
2026-08-23 09:55:23.165263,6333,5744,3059,1
2026-08-23 09:55:23.165283,6231,4278,0,1
2026-08-23 09:55:23.165303,6218,5521,0,1
2026-08-23 09:55:23.165323,6238,4387,0,1
2026-08-23 09:55:23.165343,6334,5855,2827,1
2026-08-23 09:55:23.165363,6232,4376,0,1
2026-08-23 09:55:23.165383,6334,5840,2951,1
2026-08-23 09:55:23.165403,6269,4315,0,1
2026-08-23 09:55:23.182545,6233,5415,0,1
2026-08-23 09:55:23.182565,6227,4268,0,1
2026-08-23 09:55:23.182585,6328,5701,2700,1
2026-08-23 09:55:23.182605,6231,4300,0,1
2026-08-23 09:55:23.182625,6338,5792,3174,1
2026-08-23 09:55:23.182645,6224,4255,0,1
2026-08-23 09:55:23.182665,6324,5771,3055,1
2026-08-23 09:55:23.182685,6219,4331,0,1
2026-08-23 09:55:23.182705,6338,5828,3277,1
2026-08-23 09:55:23.182725,6252,4351,0,1
2026-08-23 09:55:23.182745,6334,5803,2860,1
2026-08-23 09:55:23.182765,6250,4272,0,1
2026-08-23 09:55:23.201443,6343,5600,3084,1
2026-08-23 09:55:23.201463,6225,4141,0,1
2026-08-23 09:55:23.201483,6241,5480,0,1
2026-08-23 09:55:23.201503,6232,4210,0,1
2026-08-23 09:55:23.201523,6218,5666,2747,1
2026-08-23 09:55:23.201543,6238,4269,0,1
2026-08-23 09:55:23.201563,6326,5788,3027,1
2026-08-23 09:55:23.201583,6225,4306,0,1
2026-08-23 09:55:23.201603,6332,5791,3151,1
2026-08-23 09:55:23.201623,6224,4320,0,1
2026-08-23 09:55:23.201643,6268,5812,3208,1
2026-08-23 09:55:23.201663,6271,4240,0,1
2026-08-23 09:55:23.219346,6340,5524,89,1
2026-08-23 09:55:23.219366,6218,4136,0,1
2026-08-23 09:55:23.219386,6330,5614,2977,1
2026-08-23 09:55:23.219406,6210,4188,0,1
2026-08-23 09:55:23.219426,6347,5756,3452,1
2026-08-23 09:55:23.219446,6222,4241,0,1
2026-08-23 09:55:23.219466,6318,5708,2750,1
2026-08-23 09:55:23.219486,6227,4291,0,1
2026-08-23 09:55:23.219506,6333,5809,3014,1
2026-08-23 09:55:23.219526,6215,4343,0,1
2026-08-23 09:55:23.219546,6338,5790,3151,1
2026-08-23 09:55:23.219566,6222,4342,0,1
2026-08-23 09:55:23.219586,6340,5811,3250,1
2026-08-23 09:55:23.236762,6283,3647,7,1
2026-08-23 09:55:23.236782,6354,5386,3420,1
2026-08-23 09:55:23.236802,6230,4032,0,1
2026-08-23 09:55:23.236822,6343,5651,3116,1
2026-08-23 09:55:23.236842,6231,4250,0,1
2026-08-23 09:55:23.236862,6348,5811,3494,1
2026-08-23 09:55:23.236882,6234,4277,0,1
2026-08-23 09:55:23.236902,6331,5761,2890,1
2026-08-23 09:55:23.236922,6216,4356,0,1
2026-08-23 09:55:23.236942,6331,5848,2893,1
2026-08-23 09:55:23.236962,6243,4341,11,1
2026-08-23 09:55:23.236982,6352,5864,3386,1
2026-08-23 09:55:23.255014,6287,3855,6,1
2026-08-23 09:55:23.255034,6340,5479,3109,1
2026-08-23 09:55:23.255054,6233,4168,0,1
2026-08-23 09:55:23.255075,6322,5672,2867,1
2026-08-23 09:55:23.255095,6233,4320,0,1
2026-08-23 09:55:23.255115,6319,5782,3021,1
2026-08-23 09:55:23.255135,6237,4362,35,1
2026-08-23 09:55:23.255154,6330,5860,3366,1
2026-08-23 09:55:23.255174,6228,4311,0,1
2026-08-23 09:55:23.255194,6337,5860,3120,1
2026-08-23 09:55:23.255214,6236,4390,0,1
2026-08-23 09:55:23.255234,6342,5893,3559,1
2026-08-23 09:55:23.276275,6295,3762,0,1
2026-08-23 09:55:23.276295,6281,5267,1005,1
2026-08-23 09:55:23.276315,6252,4196,0,1
2026-08-23 09:55:23.276335,6354,5743,3310,1
2026-08-23 09:55:23.276355,6223,4288,0,1
2026-08-23 09:55:23.276375,6337,5852,3206,1
2026-08-23 09:55:23.276395,6239,4383,0,1
2026-08-23 09:55:23.276415,6219,5608,0,1
2026-08-23 09:55:23.276435,6235,4387,4,1
2026-08-23 09:55:23.276455,6332,5811,2998,1
2026-08-23 09:55:23.276475,6233,4383,0,1
2026-08-23 09:55:23.276495,6331,5837,2876,1
2026-08-23 09:55:23.276515,6246,4369,0,1
2026-08-23 09:55:23.276535,6349,5861,3266,1
2026-08-23 09:55:23.295794,6303,3636,6,1
2026-08-23 09:55:23.295814,6338,5366,3238,1
2026-08-23 09:55:23.295834,6228,4055,0,1
2026-08-23 09:55:23.295854,6324,5640,2991,1
2026-08-23 09:55:23.295874,6212,4224,0,1
2026-08-23 09:55:23.295894,6346,5763,2945,1
2026-08-23 09:55:23.295914,6238,4327,0,1
2026-08-23 09:55:23.295934,6182,5523,0,1
2026-08-23 09:55:23.295954,6240,4399,0,1
2026-08-23 09:55:23.295974,6335,5885,3303,1
2026-08-23 09:55:23.295994,6078,4384,0,1
2026-08-23 09:55:23.296014,6330,5872,3212,1
2026-08-23 09:55:23.296034,6258,4353,0,1
2026-08-23 09:55:23.316016,6352,5583,3006,1
2026-08-23 09:55:23.316036,6234,4113,10,1
2026-08-23 09:55:23.316056,6334,5653,3244,1
2026-08-23 09:55:23.316076,6225,4172,0,1
2026-08-23 09:55:23.316096,6497,5685,3094,1
2026-08-23 09:55:23.316116,6369,4291,0,1
2026-08-23 09:55:23.316136,6333,5763,2899,1
2026-08-23 09:55:23.316156,6224,4291,0,1
2026-08-23 09:55:23.316176,6332,5758,2796,1
2026-08-23 09:55:23.316196,6239,4375,0,1
2026-08-23 09:55:23.316216,6341,5853,3146,1
2026-08-23 09:55:23.316236,6233,4296,0,1
2026-08-23 09:55:23.316256,6345,5817,3159,1
2026-08-23 09:55:23.335835,6273,3638,0,1
2026-08-23 09:55:23.335855,6346,5402,2928,1
2026-08-23 09:55:23.335875,6241,4130,0,1
2026-08-23 09:55:23.335895,6301,5551,1815,1
2026-08-23 09:55:23.335915,6237,4325,0,1
2026-08-23 09:55:23.335935,6333,5828,3179,1
2026-08-23 09:55:23.335955,6214,4326,0,1
2026-08-23 09:55:23.335975,6342,5848,3260,1
2026-08-23 09:55:23.335994,6239,4390,24,1
2026-08-23 09:55:23.336015,6325,5885,3114,1
2026-08-23 09:55:23.336035,6232,4347,0,1
2026-08-23 09:55:23.336055,6322,5815,2829,1
2026-08-23 09:55:23.336075,6250,4348,0,1
2026-08-23 09:55:23.355588,6197,5262,0,1
2026-08-23 09:55:23.355608,6248,4125,0,1
2026-08-23 09:55:23.355628,6323,5600,2781,1
2026-08-23 09:55:23.355648,6234,4195,0,1
2026-08-23 09:55:23.355668,6324,5742,2980,1
2026-08-23 09:55:23.355688,6239,4256,0,1
2026-08-23 09:55:23.355708,6340,5767,3170,1
2026-08-23 09:55:23.355728,6206,4271,0,1
2026-08-23 09:55:23.355748,6336,5827,3128,1
2026-08-23 09:55:23.355768,6251,4326,2,1
2026-08-23 09:55:23.355788,6336,5785,2987,1
2026-08-23 09:55:23.355808,6241,4318,0,1
2026-08-23 09:55:23.355828,6335,5816,2817,1
2026-08-23 09:55:23.375429,6282,3633,0,1
2026-08-23 09:55:23.375449,6348,5389,3284,1
2026-08-23 09:55:23.375469,6235,4048,0,1
2026-08-23 09:55:23.375489,6335,5616,2912,1
2026-08-23 09:55:23.375509,6228,4214,0,1
2026-08-23 09:55:23.375529,6340,5739,2921,1
2026-08-23 09:55:23.375549,6240,4309,5,1
2026-08-23 09:55:23.375569,6330,5818,2862,1
2026-08-23 09:55:23.375589,6314,4384,0,1
2026-08-23 09:55:23.375609,6337,5843,3134,1
2026-08-23 09:55:23.375629,6225,4384,0,1
2026-08-23 09:55:23.375649,6343,5878,3385,1
2026-08-23 09:55:23.375669,6255,4346,4,1
2026-08-23 09:55:23.395235,6358,5539,3213,1
2026-08-23 09:55:23.395255,6215,4034,0,1
2026-08-23 09:55:23.395275,6332,5651,3160,1
2026-08-23 09:55:23.395295,6245,4195,13,1
2026-08-23 09:55:23.395315,6339,5684,2970,1
2026-08-23 09:55:23.395335,6224,4229,0,1
2026-08-23 09:55:23.395355,6329,5733,2770,1
2026-08-23 09:55:23.395375,6244,4313,0,1
2026-08-23 09:55:23.395395,6324,5748,2417,1
2026-08-23 09:55:23.395415,6224,4336,0,1
2026-08-23 09:55:23.395435,6331,5867,3015,1
2026-08-23 09:55:23.395455,6245,4369,0,1
2026-08-23 09:55:23.395475,6235,5602,0,1
2026-08-23 09:55:23.415260,6300,3750,0,1
2026-08-23 09:55:23.415280,6354,5464,3280,1
2026-08-23 09:55:23.415300,6227,4133,0,1
2026-08-23 09:55:23.415320,6340,5715,3034,1
2026-08-23 09:55:23.415340,6224,4260,0,1
2026-08-23 09:55:23.415360,6273,5714,1697,1
2026-08-23 09:55:23.415380,6252,4369,0,1
2026-08-23 09:55:23.415401,6321,5877,2906,1
2026-08-23 09:55:23.415420,6242,4378,0,1
2026-08-23 09:55:23.415440,6343,5860,2889,1
2026-08-23 09:55:23.415460,6240,4432,218,1
2026-08-23 09:55:23.415480,6330,5821,2697,1
2026-08-23 09:55:23.415500,6252,4342,0,1
2026-08-23 09:55:23.434911,6340,5537,2748,1
2026-08-23 09:55:23.434931,6241,4124,0,1
2026-08-23 09:55:23.434951,6244,5493,0,1
2026-08-23 09:55:23.434971,6222,4188,0,1
2026-08-23 09:55:23.434991,6341,5719,3094,1
2026-08-23 09:55:23.435011,6221,4235,0,1
2026-08-23 09:55:23.435031,6339,5769,3261,1
2026-08-23 09:55:23.435051,6233,4320,20,1
2026-08-23 09:55:23.435071,6335,5768,2929,1
2026-08-23 09:55:23.435091,6224,4301,0,1
2026-08-23 09:55:23.435111,6327,5795,2812,1
2026-08-23 09:55:23.435131,6242,4338,0,1
2026-08-23 09:55:23.435151,6339,5831,3181,1
2026-08-23 09:55:23.454798,6302,3642,0,1
2026-08-23 09:55:23.454818,6340,5375,2848,1
2026-08-23 09:55:23.454839,6240,4073,0,1
2026-08-23 09:55:23.454859,6339,5707,3038,1
2026-08-23 09:55:23.454879,6247,4240,7,1
2026-08-23 09:55:23.454899,6343,5808,3335,1
2026-08-23 09:55:23.454919,6225,4291,0,1
2026-08-23 09:55:23.454939,6327,5840,3127,1
2026-08-23 09:55:23.454958,6224,4395,0,1
2026-08-23 09:55:23.454978,6269,5677,879,1
2026-08-23 09:55:23.454998,6251,4457,0,1
2026-08-23 09:55:23.455019,6294,5882,2887,1
2026-08-23 09:55:23.455039,6243,4380,0,1
2026-08-23 09:55:23.474756,6349,5615,3215,1
2026-08-23 09:55:23.474776,6248,4146,5,1
2026-08-23 09:55:23.474796,6333,5598,2902,1
2026-08-23 09:55:23.474816,6213,4186,0,1
2026-08-23 09:55:23.474836,6325,5687,2790,1
2026-08-23 09:55:23.474856,6241,4325,0,1
2026-08-23 09:55:23.474876,6349,5822,3366,1
2026-08-23 09:55:23.474896,6224,4279,0,1
2026-08-23 09:55:23.474916,6322,5817,3026,1
2026-08-23 09:55:23.474936,6224,4361,0,1
2026-08-23 09:55:23.474956,6327,5831,3266,1
2026-08-23 09:55:23.474976,6240,4290,0,1
2026-08-23 09:55:23.474996,6326,5783,2785,1
2026-08-23 09:55:23.494729,6265,3668,0,1
2026-08-23 09:55:23.494749,6352,5413,3416,1
2026-08-23 09:55:23.494769,6232,4042,0,1
2026-08-23 09:55:23.494789,6326,5653,2972,1
2026-08-23 09:55:23.494809,6238,4225,0,1
2026-08-23 09:55:23.494829,6326,5763,2846,1
2026-08-23 09:55:23.494849,6244,4328,0,1
2026-08-23 09:55:23.494869,6255,5687,723,1
2026-08-23 09:55:23.494889,6242,4464,0,1
2026-08-23 09:55:23.494909,6339,5902,3160,1
2026-08-23 09:55:23.494929,6226,4428,0,1
2026-08-23 09:55:23.494949,6348,5927,3261,1
2026-08-23 09:55:23.494969,6254,4339,11,1
2026-08-23 09:55:23.514605,6350,5592,3189,1
2026-08-23 09:55:23.514625,6221,4060,0,1
2026-08-23 09:55:23.514645,6336,5644,3054,1
2026-08-23 09:55:23.514665,6233,4231,0,1
2026-08-23 09:55:23.514685,6335,5720,3133,1
2026-08-23 09:55:23.514705,6231,4268,0,1
2026-08-23 09:55:23.514725,6334,5716,2748,1
2026-08-23 09:55:23.514745,6234,4301,0,1
2026-08-23 09:55:23.514765,6235,5596,18,1
2026-08-23 09:55:23.514785,6240,4408,0,1
2026-08-23 09:55:23.514805,6342,5893,3088,1
2026-08-23 09:55:23.514825,6228,4356,0,1
2026-08-23 09:55:23.514845,6298,5905,3441,1
2026-08-23 09:55:23.534411,6300,3661,12,1
2026-08-23 09:55:23.534431,6352,5444,3428,1
2026-08-23 09:55:23.534451,6233,4034,0,1
2026-08-23 09:55:23.534471,6342,5644,3118,1
2026-08-23 09:55:23.534491,6235,4235,0,1
2026-08-23 09:55:23.534511,6342,5793,3437,1
2026-08-23 09:55:23.534531,6232,4288,0,1
2026-08-23 09:55:23.534551,6334,5818,2944,1
2026-08-23 09:55:23.534571,6235,4325,0,1
2026-08-23 09:55:23.534591,6333,5844,2842,1
2026-08-23 09:55:23.534611,6241,4367,0,1
2026-08-23 09:55:23.534631,6334,5802,2664,1
2026-08-23 09:55:23.534651,6248,4339,0,1
2026-08-23 09:55:23.554549,6345,5537,2790,1
2026-08-23 09:55:23.554569,6235,4124,0,1
2026-08-23 09:55:23.554589,6335,5668,3102,1
2026-08-23 09:55:23.554609,6234,4163,0,1
2026-08-23 09:55:23.554629,6344,5742,3140,1
2026-08-23 09:55:23.554649,6196,4250,0,1
2026-08-23 09:55:23.554669,6335,5796,3201,1
2026-08-23 09:55:23.554689,6239,4317,7,1
2026-08-23 09:55:23.554708,6325,5803,2953,1
2026-08-23 09:55:23.554729,6218,4310,0,1
2026-08-23 09:55:23.554749,6335,5788,2785,1
2026-08-23 09:55:23.554769,6256,4375,0,1
2026-08-23 09:55:23.554789,6349,5883,3360,1
2026-08-23 09:55:23.574159,6287,3642,0,1
2026-08-23 09:55:23.574179,6344,5392,2865,1
2026-08-23 09:55:23.574199,6241,4080,0,1
2026-08-23 09:55:23.574219,6409,5688,3036,1
2026-08-23 09:55:23.574239,6238,4226,9,1
2026-08-23 09:55:23.574260,6339,5764,3298,1
2026-08-23 09:55:23.574280,6235,4279,0,1
2026-08-23 09:55:23.574300,6338,5837,3123,1
2026-08-23 09:55:23.574319,6231,4372,0,1
2026-08-23 09:55:23.574339,6233,5610,54,1
2026-08-23 09:55:23.574359,6243,4464,0,1
2026-08-23 09:55:23.574379,6338,5926,2842,1
2026-08-23 09:55:23.574399,6244,4370,0,1
2026-08-23 09:55:23.594252,6381,5640,3252,1
2026-08-23 09:55:23.594272,6248,4153,13,1
2026-08-23 09:55:23.594292,6343,5658,2890,1
2026-08-23 09:55:23.594312,6214,4210,0,1
2026-08-23 09:55:23.594332,6320,5731,2812,1
2026-08-23 09:55:23.594352,6253,4270,24,1
2026-08-23 09:55:23.594373,6347,5823,3344,1
2026-08-23 09:55:23.594393,6202,4291,0,1
2026-08-23 09:55:23.594412,6337,5783,3022,1
2026-08-23 09:55:23.594432,6246,4343,0,1
2026-08-23 09:55:23.594452,6303,5772,2281,1
2026-08-23 09:55:23.594472,6246,4356,0,1
2026-08-23 09:55:23.594492,6335,5847,2753,1
2026-08-23 09:55:23.614072,6287,3632,0,1
2026-08-23 09:55:23.614092,6355,5460,3342,1
2026-08-23 09:55:23.614112,6238,4041,0,1
2026-08-23 09:55:23.614132,6341,5658,2966,1
2026-08-23 09:55:23.614152,6234,4212,0,1
2026-08-23 09:55:23.614172,6322,5783,2850,1
2026-08-23 09:55:23.614192,6241,4356,0,1
2026-08-23 09:55:23.614213,6346,5845,1744,1
2026-08-23 09:55:23.614232,6225,4311,0,1
2026-08-23 09:55:23.614252,6349,5814,3185,1
2026-08-23 09:55:23.614272,6235,4317,0,1
2026-08-23 09:55:23.614292,6343,5851,3246,1
2026-08-23 09:55:23.614312,6254,4353,6,1
2026-08-23 09:55:23.634054,6350,5583,3267,1
2026-08-23 09:55:23.634074,6222,4062,0,1
2026-08-23 09:55:23.634094,6337,5573,3059,1
2026-08-23 09:55:23.634114,6232,4184,0,1
2026-08-23 09:55:23.634134,6340,5731,3164,1
2026-08-23 09:55:23.634154,6228,4235,0,1
2026-08-23 09:55:23.634174,6336,5742,2741,1
2026-08-23 09:55:23.634194,6232,4281,0,1
2026-08-23 09:55:23.634214,6340,5832,3205,1
2026-08-23 09:55:23.634234,6224,4255,0,1
2026-08-23 09:55:23.634254,6335,5768,3108,1
2026-08-23 09:55:23.634274,6224,4270,0,1
2026-08-23 09:55:23.634294,6314,5837,3348,1
2026-08-23 09:55:23.653734,6304,3547,3,1
2026-08-23 09:55:23.653754,6354,5427,3397,1
2026-08-23 09:55:23.653774,6238,4000,0,1
2026-08-23 09:55:23.653795,6330,5615,3148,1
2026-08-23 09:55:23.653815,6235,4244,0,1
2026-08-23 09:55:23.653835,6335,5823,3449,1
2026-08-23 09:55:23.653855,6246,4277,11,1
2026-08-23 09:55:23.653875,6336,5788,2970,1
2026-08-23 09:55:23.653894,6230,4342,0,1
2026-08-23 09:55:23.653914,6328,5828,2845,1
2026-08-23 09:55:23.653934,6245,4364,10,1
2026-08-23 09:55:23.653955,6221,5673,0,1
2026-08-23 09:55:23.653975,6251,4380,0,1
2026-08-23 09:55:23.673797,6346,5597,2770,1
2026-08-23 09:55:23.673817,6222,4172,0,1
2026-08-23 09:55:23.673837,6325,5691,3023,1
2026-08-23 09:55:23.673857,6236,4228,0,1
2026-08-23 09:55:23.673877,6332,5747,3156,1
2026-08-23 09:55:23.673897,6223,4232,0,1
2026-08-23 09:55:23.673917,6344,5767,3144,1
2026-08-23 09:55:23.673937,6241,4299,15,1
2026-08-23 09:55:23.673957,6337,5830,3032,1
2026-08-23 09:55:23.673977,6225,4333,0,1
2026-08-23 09:55:23.673997,6328,5824,2770,1
2026-08-23 09:55:23.674017,6243,4359,0,1
2026-08-23 09:55:23.674037,6309,5745,1932,1
2026-08-23 09:55:23.693728,6296,3691,162,1
2026-08-23 09:55:23.693748,6344,5427,2895,1
2026-08-23 09:55:23.693768,6238,4114,0,1
2026-08-23 09:55:23.693788,6335,5698,2921,1
2026-08-23 09:55:23.693808,6242,4263,3,1
2026-08-23 09:55:23.693828,6346,5800,3324,1
2026-08-23 09:55:23.693848,6237,4316,0,1
2026-08-23 09:55:23.693868,6328,5847,3152,1
2026-08-23 09:55:23.693888,6230,4366,0,1
2026-08-23 09:55:23.693908,6347,5895,3306,1
2026-08-23 09:55:23.693928,6239,4340,9,1
2026-08-23 09:55:23.693948,6329,5819,3030,1
2026-08-23 09:55:23.693968,6244,4332,0,1
2026-08-23 09:55:23.713693,6342,5542,3059,1
2026-08-23 09:55:23.713713,6243,4066,0,1
2026-08-23 09:55:23.713733,6325,5554,2490,1
2026-08-23 09:55:23.713753,6235,4181,0,1
2026-08-23 09:55:23.713773,6325,5654,2727,1
2026-08-23 09:55:23.713794,6235,4310,0,1
2026-08-23 09:55:23.713814,6337,5794,3095,1
2026-08-23 09:55:23.713834,6230,4251,0,1
2026-08-23 09:55:23.713853,6340,5776,3097,1
2026-08-23 09:55:23.713873,6221,4311,0,1
2026-08-23 09:55:23.713893,6339,5842,3241,1
2026-08-23 09:55:23.713913,6250,4328,7,1
2026-08-23 09:55:23.713933,6348,5802,2904,1
2026-08-23 09:55:23.733637,6280,3620,0,1
2026-08-23 09:55:23.733657,6351,5437,3179,1
2026-08-23 09:55:23.733677,6239,4107,0,1
2026-08-23 09:55:23.733697,6263,5483,938,1
2026-08-23 09:55:23.733717,6235,4304,0,1
2026-08-23 09:55:23.733737,6328,5839,2851,1
2026-08-23 09:55:23.733757,6231,4346,0,1
2026-08-23 09:55:23.733777,6335,5854,2927,1
2026-08-23 09:55:23.733797,6239,4408,6,1
2026-08-23 09:55:23.733817,6350,5940,3431,1
2026-08-23 09:55:23.733837,6231,4375,0,1
2026-08-23 09:55:23.733857,6340,5899,3124,1
2026-08-23 09:55:23.733877,6234,4324,0,1
2026-08-23 09:55:23.753657,6391,5577,3193,1
2026-08-23 09:55:23.753677,6225,4025,0,1
2026-08-23 09:55:23.753697,6332,5615,3055,1
2026-08-23 09:55:23.753717,6222,4177,0,1
2026-08-23 09:55:23.753737,6342,5712,3288,1
2026-08-23 09:55:23.753757,6232,4209,2,1
2026-08-23 09:55:23.753777,6319,5758,2846,1
2026-08-23 09:55:23.753797,6241,4293,0,1
2026-08-23 09:55:23.753817,6347,5774,2852,1
2026-08-23 09:55:23.753837,6238,4359,3,1
2026-08-23 09:55:23.753857,6349,5870,3309,1
2026-08-23 09:55:23.753877,6252,4278,0,1
2026-08-23 09:55:23.753897,6352,5815,3154,1
2026-08-23 09:55:23.772486,6327,3636,0,1
2026-08-23 09:55:23.772506,6331,5374,2495,1
2026-08-23 09:55:23.772526,6250,4071,0,1
2026-08-23 09:55:23.772546,6330,5687,3154,1
2026-08-23 09:55:23.772566,6235,4275,0,1
2026-08-23 09:55:23.772586,6346,5840,3298,1
2026-08-23 09:55:23.772606,6241,4321,0,1
2026-08-23 09:55:23.772626,6329,5850,3025,1
2026-08-23 09:55:23.772646,6230,4321,0,1
2026-08-23 09:55:23.772666,6341,5848,2814,1
2026-08-23 09:55:23.772686,6239,4346,0,1
2026-08-23 09:55:23.772706,6213,5655,0,1
2026-08-23 09:55:23.772726,6266,4390,0,1
2026-08-23 09:55:23.791847,6336,5721,3018,1
2026-08-23 09:55:23.791867,6224,4155,0,1
2026-08-23 09:55:23.791887,6334,5711,2778,1
2026-08-23 09:55:23.791907,6243,4290,0,1
2026-08-23 09:55:23.791927,6267,5591,1134,1
2026-08-23 09:55:23.791947,6242,4367,0,1
2026-08-23 09:55:23.791967,6331,5841,3045,1
2026-08-23 09:55:23.791987,6228,4377,0,1
2026-08-23 09:55:23.792007,6344,5863,3334,1
2026-08-23 09:55:23.792027,6243,4352,0,1
2026-08-23 09:55:23.792047,6338,5800,2864,1
2026-08-23 09:55:23.792067,6236,4333,0,1
2026-08-23 09:55:23.792087,6338,5844,2928,1
2026-08-23 09:55:23.810729,6295,3628,0,1
2026-08-23 09:55:23.810749,6346,5400,3152,1
2026-08-23 09:55:23.810769,6228,4005,0,1
2026-08-23 09:55:23.810789,6335,5642,2662,1
2026-08-23 09:55:23.810809,6242,4228,0,1
2026-08-23 09:55:23.810829,6338,5814,3103,1
2026-08-23 09:55:23.810849,6241,4296,0,1
2026-08-23 09:55:23.810869,6336,5837,3368,1
2026-08-23 09:55:23.810889,6227,4314,0,1
2026-08-23 09:55:23.810909,6340,5844,3125,1
2026-08-23 09:55:23.810929,6244,4363,0,1
2026-08-23 09:55:23.810949,6206,5604,0,1
2026-08-23 09:55:23.830402,6307,3855,0,1
2026-08-23 09:55:23.830422,6261,5397,779,1
2026-08-23 09:55:23.830442,6267,4283,0,1
2026-08-23 09:55:23.830462,6351,5809,3302,1
2026-08-23 09:55:23.830482,6232,4317,0,1
2026-08-23 09:55:23.830503,6331,5896,3212,1
2026-08-23 09:55:23.830523,6221,4395,0,1
2026-08-23 09:55:23.830543,6180,5554,0,1
2026-08-23 09:55:23.830562,6234,4389,13,1
2026-08-23 09:55:23.830582,6330,5903,2985,1
2026-08-23 09:55:23.830602,6234,4364,0,1
2026-08-23 09:55:23.830622,6307,5871,2881,1
2026-08-23 09:55:23.830642,6260,4347,0,1
2026-08-23 09:55:23.850384,6364,5684,3445,1
2026-08-23 09:55:23.850404,6239,4105,0,1
2026-08-23 09:55:23.850424,6336,5651,2818,1
2026-08-23 09:55:23.850444,6226,4176,0,1
2026-08-23 09:55:23.850464,6334,5740,2881,1
2026-08-23 09:55:23.850484,6240,4275,7,1
2026-08-23 09:55:23.850504,6339,5798,3296,1
2026-08-23 09:55:23.850524,6236,4296,0,1
2026-08-23 09:55:23.850544,6338,5797,3047,1
2026-08-23 09:55:23.850564,6236,4342,0,1
2026-08-23 09:55:23.850584,6337,5871,3231,1
2026-08-23 09:55:23.850604,6241,4301,0,1
2026-08-23 09:55:23.850624,6330,5785,2791,1
2026-08-23 09:55:23.870058,6275,3644,0,1
2026-08-23 09:55:23.870078,6355,5405,3403,1
2026-08-23 09:55:23.870098,6256,4058,5,1
2026-08-23 09:55:23.870118,6327,5616,2991,1
2026-08-23 09:55:23.870138,6240,4203,0,1
2026-08-23 09:55:23.870158,6322,5787,2806,1
2026-08-23 09:55:23.870178,6243,4320,0,1
2026-08-23 09:55:23.870198,6223,5597,0,1
2026-08-23 09:55:23.870218,6240,4321,0,1
2026-08-23 09:55:23.870238,6348,5884,3213,1
2026-08-23 09:55:23.870258,6231,4369,0,1
2026-08-23 09:55:23.870278,6341,5894,3212,1
2026-08-23 09:55:23.870298,6261,4321,0,1
2026-08-23 09:55:23.890037,6330,5556,2380,1
2026-08-23 09:55:23.890057,6245,4082,0,1
2026-08-23 09:55:23.890077,6345,5643,3011,1
2026-08-23 09:55:23.890097,6225,4190,0,1
2026-08-23 09:55:23.890117,6208,5514,0,1
2026-08-23 09:55:23.890137,6245,4349,0,1
2026-08-23 09:55:23.890157,6324,5836,2771,1
2026-08-23 09:55:23.890177,6227,4377,0,1
2026-08-23 09:55:23.890197,6347,5882,3021,1
2026-08-23 09:55:23.890217,6247,4352,0,1
2026-08-23 09:55:23.890237,6337,5864,3199,1
2026-08-23 09:55:23.890257,6231,4331,0,1
2026-08-23 09:55:23.890277,6353,5879,3233,1
2026-08-23 09:55:23.909832,6302,3690,0,1
2026-08-23 09:55:23.909852,6330,5367,2482,1
2026-08-23 09:55:23.909872,6239,4146,0,1
2026-08-23 09:55:23.909892,6343,5693,3165,1
2026-08-23 09:55:23.909912,6238,4243,0,1
2026-08-23 09:55:23.909932,6336,5816,3283,1
2026-08-23 09:55:23.909952,6242,4363,9,1
2026-08-23 09:55:23.909972,6333,5844,3106,1
2026-08-23 09:55:23.909992,6240,4330,0,1
2026-08-23 09:55:23.910012,6333,5833,2820,1
2026-08-23 09:55:23.910032,6237,4373,0,1
2026-08-23 09:55:23.910052,6341,5892,3205,1
2026-08-23 09:55:23.910072,6250,4286,0,1
2026-08-23 09:55:23.929854,6349,5568,2846,1
2026-08-23 09:55:23.929874,6235,4076,0,1
2026-08-23 09:55:23.929894,6340,5593,2919,1
2026-08-23 09:55:23.929914,6235,4166,5,1
2026-08-23 09:55:23.929934,6343,5742,3224,1
2026-08-23 09:55:23.929954,6229,4221,0,1
2026-08-23 09:55:23.929974,6339,5755,3033,1
2026-08-23 09:55:23.929994,6242,4320,0,1
2026-08-23 09:55:23.930014,6249,5802,3096,1
2026-08-23 09:55:23.930034,6231,4268,0,1
2026-08-23 09:55:23.930054,6333,5815,2741,1
2026-08-23 09:55:23.930074,6240,4341,0,1
2026-08-23 09:55:23.930094,6337,5808,2809,1
2026-08-23 09:55:23.949825,6282,3627,0,1
2026-08-23 09:55:23.949845,6346,5394,2912,1
2026-08-23 09:55:23.949865,6246,4054,0,1
2026-08-23 09:55:23.949885,6338,5673,2915,1
2026-08-23 09:55:23.949905,6243,4258,11,1
2026-08-23 09:55:23.949925,6338,5773,2848,1
2026-08-23 09:55:23.949945,6245,4336,0,1
2026-08-23 09:55:23.949965,6339,5883,3134,1
2026-08-23 09:55:23.949985,6234,4346,0,1
2026-08-23 09:55:23.950005,6354,5892,3314,1
2026-08-23 09:55:23.950025,6241,4391,7,1
2026-08-23 09:55:23.950045,6340,5850,2966,1
2026-08-23 09:55:23.950065,6251,4293,0,1
2026-08-23 09:55:23.969673,6357,5601,3132,1
2026-08-23 09:55:23.969693,6245,4060,0,1
2026-08-23 09:55:23.969713,6339,5664,3097,1
2026-08-23 09:55:23.969733,6228,4145,0,1
2026-08-23 09:55:23.969753,6331,5704,2758,1
2026-08-23 09:55:23.969773,6236,4248,0,1
2026-08-23 09:55:23.969793,6204,5499,0,1
2026-08-23 09:55:23.969813,6233,4331,0,1
2026-08-23 09:55:23.969833,6341,5849,3058,1
2026-08-23 09:55:23.969853,6234,4363,0,1
2026-08-23 09:55:23.969873,6348,5858,3363,1
2026-08-23 09:55:23.969893,6255,4336,0,1
2026-08-23 09:55:23.969913,6348,5806,2816,1
2026-08-23 09:55:23.989591,6277,3633,0,1
2026-08-23 09:55:23.989611,6353,5458,3215,1
2026-08-23 09:55:23.989631,6241,4130,230,1
2026-08-23 09:55:23.989651,6352,5691,3321,1
2026-08-23 09:55:23.989671,6235,4245,0,1
2026-08-23 09:55:23.989691,6332,5783,2842,1
2026-08-23 09:55:23.989711,6233,4318,0,1
2026-08-23 09:55:23.989731,6339,5863,2992,1
2026-08-23 09:55:23.989751,6231,4353,14,1
2026-08-23 09:55:23.989771,6349,5846,3347,1
2026-08-23 09:55:23.989791,6225,4310,0,1
2026-08-23 09:55:23.989811,6347,5849,3122,1
2026-08-23 09:55:23.989831,6257,4344,0,1
2026-08-23 09:55:24.009334,6327,5530,2266,1
2026-08-23 09:55:24.009354,6254,4071,0,1
2026-08-23 09:55:24.009374,6354,5653,3007,1
2026-08-23 09:55:24.009394,6204,4182,0,1
2026-08-23 09:55:24.009414,6194,5434,0,1
2026-08-23 09:55:24.009434,6257,4326,0,1
2026-08-23 09:55:24.009454,6330,5810,2807,1
2026-08-23 09:55:24.009475,6235,4308,0,1
2026-08-23 09:55:24.009494,6334,5838,2859,1
2026-08-23 09:55:24.009514,6233,4337,15,1
2026-08-23 09:55:24.009534,6341,5884,3260,1
2026-08-23 09:55:24.009554,6230,4310,0,1
2026-08-23 09:55:24.009574,6336,5858,3161,1
2026-08-23 09:55:24.029176,6292,3682,0,1
2026-08-23 09:55:24.029196,6346,5401,2998,1
2026-08-23 09:55:24.029216,6250,4052,0,1
2026-08-23 09:55:24.029236,6340,5718,3184,1
2026-08-23 09:55:24.029256,6234,4263,0,1
2026-08-23 09:55:24.029276,6331,5838,3251,1
2026-08-23 09:55:24.029296,6244,4288,0,1
2026-08-23 09:55:24.029316,6256,5860,3134,1
2026-08-23 09:55:24.029336,6236,4326,0,1
2026-08-23 09:55:24.029356,6333,5832,2827,1
2026-08-23 09:55:24.029376,6228,4385,0,1
2026-08-23 09:55:24.029396,6344,5899,3126,1
2026-08-23 09:55:24.029416,6245,4339,0,1
2026-08-23 09:55:24.049277,6349,5513,2804,1
2026-08-23 09:55:24.049297,6235,4107,0,1
2026-08-23 09:55:24.049317,6337,5644,2938,1
2026-08-23 09:55:24.049337,6245,4169,8,1
2026-08-23 09:55:24.049357,6344,5708,3192,1
2026-08-23 09:55:24.049377,6227,4200,0,1
2026-08-23 09:55:24.049397,6335,5791,3114,1
2026-08-23 09:55:24.049417,6246,4302,8,1
2026-08-23 09:55:24.049437,6349,5828,3029,1
2026-08-23 09:55:24.049457,6245,4314,0,1
2026-08-23 09:55:24.049477,6319,5816,2755,1
2026-08-23 09:55:24.049497,6242,4326,0,1
2026-08-23 09:55:24.049517,6340,5832,2735,1
2026-08-23 09:55:24.068962,6407,3649,0,1
2026-08-23 09:55:24.068982,6343,5402,2849,1
2026-08-23 09:55:24.069002,6238,4066,0,1
2026-08-23 09:55:24.069022,6342,5681,2984,1
2026-08-23 09:55:24.069042,6244,4288,15,1
2026-08-23 09:55:24.069062,6343,5778,3371,1
2026-08-23 09:55:24.069082,6233,4277,0,1
2026-08-23 09:55:24.069102,6335,5848,3122,1
2026-08-23 09:55:24.069122,6233,4361,0,1
2026-08-23 09:55:24.069142,6217,5501,0,1
2026-08-23 09:55:24.069162,6241,4308,0,1
2026-08-23 09:55:24.069182,6347,5854,3248,1
2026-08-23 09:55:24.069202,6253,4289,0,1
2026-08-23 09:55:24.088876,6367,5582,3174,1
2026-08-23 09:55:24.088896,6241,4134,0,1
2026-08-23 09:55:24.088916,6343,5641,3026,1
2026-08-23 09:55:24.088936,6264,4189,0,1
2026-08-23 09:55:24.088956,6328,5716,2744,1
2026-08-23 09:55:24.088976,6232,4282,0,1
2026-08-23 09:55:24.088996,6325,5748,2763,1
2026-08-23 09:55:24.089016,6238,4311,0,1
2026-08-23 09:55:24.089036,6342,5840,3030,1
2026-08-23 09:55:24.089056,6228,4307,0,1
2026-08-23 09:55:24.089076,6376,5940,2121,1
2026-08-23 09:55:24.089096,6247,4260,0,1
2026-08-23 09:55:24.089116,6332,5776,2813,1
2026-08-23 09:55:24.108801,6264,3636,0,1
2026-08-23 09:55:24.108821,6356,5413,3261,1
2026-08-23 09:55:24.108841,6245,4071,8,1
2026-08-23 09:55:24.108861,6332,5687,3119,1
2026-08-23 09:55:24.108881,6230,4234,0,1
2026-08-23 09:55:24.108901,6338,5775,2819,1
2026-08-23 09:55:24.108921,6233,4306,0,1
2026-08-23 09:55:24.108941,6344,5850,3172,1
2026-08-23 09:55:24.108961,6240,4322,0,1
2026-08-23 09:55:24.108981,6348,5838,3239,1
2026-08-23 09:55:24.109001,6231,4346,0,1
2026-08-23 09:55:24.109021,6350,5882,3171,1
2026-08-23 09:55:24.109041,6254,4349,0,1
2026-08-23 09:55:24.128782,6339,5556,2659,1
2026-08-23 09:55:24.128802,6238,4103,0,1
2026-08-23 09:55:24.128822,6338,5615,3003,1
2026-08-23 09:55:24.128842,6239,4187,0,1
2026-08-23 09:55:24.128862,6262,5568,662,1
2026-08-23 09:55:24.128882,6246,4303,0,1
2026-08-23 09:55:24.128902,6333,5810,2734,1
2026-08-23 09:55:24.128922,6236,4336,0,1
2026-08-23 09:55:24.128942,6344,5837,3051,1
2026-08-23 09:55:24.128962,6233,4366,0,1
2026-08-23 09:55:24.128982,6343,5874,3186,1
2026-08-23 09:55:24.129002,6245,4290,0,1
2026-08-23 09:55:24.129022,6353,5878,3282,1
2026-08-23 09:55:24.148711,6300,3659,5,1
2026-08-23 09:55:24.148731,6353,5415,3481,1
2026-08-23 09:55:24.148751,6235,4016,0,1
2026-08-23 09:55:24.148772,6336,5694,3153,1
2026-08-23 09:55:24.148792,6239,4212,0,1
2026-08-23 09:55:24.148812,6354,5787,3371,1
2026-08-23 09:55:24.148832,6243,4272,2,1
2026-08-23 09:55:24.148852,6342,5814,2967,1
2026-08-23 09:55:24.148871,6236,4315,0,1
2026-08-23 09:55:24.148891,6340,5861,2825,1
2026-08-23 09:55:24.148911,6235,4386,0,1
2026-08-23 09:55:24.148932,6313,5796,2198,1
2026-08-23 09:55:24.148952,6256,4343,0,1
2026-08-23 09:55:24.168644,6354,5528,2786,1
2026-08-23 09:55:24.168664,6236,4121,0,1
2026-08-23 09:55:24.168684,6338,5643,3051,1
2026-08-23 09:55:24.168705,6235,4155,0,1
2026-08-23 09:55:24.168725,6345,5739,3156,1
2026-08-23 09:55:24.168745,6212,4245,0,1
2026-08-23 09:55:24.168765,6344,5808,3170,1
2026-08-23 09:55:24.168785,6251,4278,0,1
2026-08-23 09:55:24.168804,6340,5791,2935,1
2026-08-23 09:55:24.168824,6227,4324,0,1
2026-08-23 09:55:24.168844,6331,5840,2782,1
2026-08-23 09:55:24.168864,6253,4340,0,1
2026-08-23 09:55:24.168885,6362,5904,3365,1
2026-08-23 09:55:24.188456,6292,3645,0,1
2026-08-23 09:55:24.188476,6338,5407,2850,1
2026-08-23 09:55:24.188496,6250,4057,0,1
2026-08-23 09:55:24.188516,6343,5707,3044,1
2026-08-23 09:55:24.188536,6232,4227,10,1
2026-08-23 09:55:24.188556,6350,5780,3296,1
2026-08-23 09:55:24.188576,6232,4276,0,1
2026-08-23 09:55:24.188596,6345,5816,3117,1
2026-08-23 09:55:24.188616,6243,4328,0,1
2026-08-23 09:55:24.188636,6239,5650,370,1
2026-08-23 09:55:24.188656,6251,4422,0,1
2026-08-23 09:55:24.188676,6337,5889,2838,1
2026-08-23 09:55:24.188696,6250,4406,0,1
2026-08-23 09:55:24.208520,6361,5659,3317,1
2026-08-23 09:55:24.208540,6240,4100,10,1
2026-08-23 09:55:24.208560,6344,5612,2873,1
2026-08-23 09:55:24.208580,6232,4195,0,1
2026-08-23 09:55:24.208601,6329,5705,2831,1
2026-08-23 09:55:24.208621,6241,4251,12,1
2026-08-23 09:55:24.208641,6349,5828,3306,1
2026-08-23 09:55:24.208661,6232,4263,0,1
2026-08-23 09:55:24.208680,6339,5817,3029,1
2026-08-23 09:55:24.208700,6237,4340,0,1
2026-08-23 09:55:24.208720,6340,5792,2666,1
2026-08-23 09:55:24.208740,6251,4335,0,1
2026-08-23 09:55:24.208760,6346,5811,2764,1
2026-08-23 09:55:24.227958,6278,3656,0,1
2026-08-23 09:55:24.227978,6209,5130,0,1
2026-08-23 09:55:24.227998,6253,4156,6,1
2026-08-23 09:55:24.228018,6342,5698,2942,1
2026-08-23 09:55:24.228038,6240,4290,0,1
2026-08-23 09:55:24.228058,6349,5825,2871,1
2026-08-23 09:55:24.228078,6241,4327,0,1
2026-08-23 09:55:24.228098,6213,5563,0,1
2026-08-23 09:55:24.228118,6253,4411,0,1
2026-08-23 09:55:24.228138,6350,5943,3171,1
2026-08-23 09:55:24.228158,6235,4421,0,1
2026-08-23 09:55:24.228178,6344,5945,3265,1
2026-08-23 09:55:24.228198,6259,4351,5,1
2026-08-23 09:55:24.248164,6365,5646,3206,1
2026-08-23 09:55:24.248184,6239,4078,0,1
2026-08-23 09:55:24.248204,6354,5672,3035,1
2026-08-23 09:55:24.248224,6236,4204,0,1
2026-08-23 09:55:24.248244,6338,5697,2766,1
2026-08-23 09:55:24.248264,6240,4235,0,1
2026-08-23 09:55:24.248284,6326,5784,2769,1
2026-08-23 09:55:24.248304,6243,4302,0,1
2026-08-23 09:55:24.248324,6344,5855,3080,1
2026-08-23 09:55:24.248344,6238,4328,0,1
2026-08-23 09:55:24.248364,6343,5849,3160,1
2026-08-23 09:55:24.248384,6233,4296,0,1
2026-08-23 09:55:24.248404,6359,5846,3290,1
2026-08-23 09:55:24.267846,6310,3617,4,1
2026-08-23 09:55:24.267866,6361,5412,3442,1
2026-08-23 09:55:24.267886,6238,4021,0,1
2026-08-23 09:55:24.267906,6348,5689,3141,1
2026-08-23 09:55:24.267926,6237,4249,0,1
2026-08-23 09:55:24.267946,6354,5831,3385,1
2026-08-23 09:55:24.267967,6238,4301,12,1
2026-08-23 09:55:24.267987,6352,5826,3140,1
2026-08-23 09:55:24.268006,6242,4287,0,1
2026-08-23 09:55:24.268026,6343,5846,2830,1
2026-08-23 09:55:24.268046,6241,4382,0,1
2026-08-23 09:55:24.268066,6233,5645,0,1
2026-08-23 09:55:24.268086,6259,4291,0,1
2026-08-23 09:55:24.287659,6344,5566,2803,1
2026-08-23 09:55:24.287679,6238,4102,0,1
2026-08-23 09:55:24.287699,6341,5655,3030,1
2026-08-23 09:55:24.287719,6244,4182,0,1
2026-08-23 09:55:24.287740,6352,5755,3106,1
2026-08-23 09:55:24.287760,6263,4193,0,1
2026-08-23 09:55:24.287780,6344,5757,3110,1
2026-08-23 09:55:24.287800,6253,4312,19,1
2026-08-23 09:55:24.287819,6351,5807,3056,1
2026-08-23 09:55:24.287839,6243,4309,0,1
2026-08-23 09:55:24.287859,6330,5828,2755,1
2026-08-23 09:55:24.287879,6245,4301,0,1
2026-08-23 09:55:24.287899,6295,5749,1510,1
2026-08-23 09:55:24.306910,6316,3687,0,1
2026-08-23 09:55:24.306930,6340,5429,2820,1
2026-08-23 09:55:24.306950,6243,4067,0,1
2026-08-23 09:55:24.306970,6344,5722,2897,1
2026-08-23 09:55:24.306990,6240,4279,0,1
2026-08-23 09:55:24.307010,6353,5828,3100,1
2026-08-23 09:55:24.307030,6240,4311,0,1
2026-08-23 09:55:24.307050,6341,5849,3139,1
2026-08-23 09:55:24.307070,6234,4362,0,1
2026-08-23 09:55:24.307090,6340,5899,3271,1
2026-08-23 09:55:24.307110,6246,4374,28,1
2026-08-23 09:55:24.307130,6337,5860,3032,1
2026-08-23 09:55:24.307150,6254,4248,0,1
2026-08-23 09:55:24.323556,6363,5678,3155,1
2026-08-23 09:55:24.323576,6236,4138,0,1
2026-08-23 09:55:24.323596,6347,5712,3305,1
2026-08-23 09:55:24.323617,6248,4188,14,1
2026-08-23 09:55:24.323637,6337,5729,2882,1
2026-08-23 09:55:24.323657,6234,4272,0,1
2026-08-23 09:55:24.323676,6338,5768,2818,1
2026-08-23 09:55:24.323696,6252,4308,6,1
2026-08-23 09:55:24.323716,6352,5850,3433,1
2026-08-23 09:55:24.323736,6230,4294,0,1
2026-08-23 09:55:24.323756,6344,5849,3094,1
2026-08-23 09:55:24.339828,6292,3705,0,1
2026-08-23 09:55:24.339848,6351,5495,2949,1
2026-08-23 09:55:24.339868,6243,4110,0,1
2026-08-23 09:55:24.339888,6350,5775,3437,1
2026-08-23 09:55:24.339908,6234,4235,0,1
2026-08-23 09:55:24.339928,6346,5832,3112,1
2026-08-23 09:55:24.339948,6235,4315,0,1
2026-08-23 09:55:24.339968,6341,5894,3524,1
2026-08-23 09:55:24.339988,6245,4315,0,1
2026-08-23 09:55:24.340008,6338,5839,2909,1
2026-08-23 09:55:24.340028,6256,4295,0,1
2026-08-23 09:55:24.360066,6372,5729,3133,1
2026-08-23 09:55:24.360086,6242,4192,0,1
2026-08-23 09:55:24.360106,6357,5746,3356,1
2026-08-23 09:55:24.360126,6243,4200,0,1
2026-08-23 09:55:24.360147,6332,5757,2865,1
2026-08-23 09:55:24.360167,6236,4274,0,1
2026-08-23 09:55:24.360187,6339,5782,2856,1
2026-08-23 09:55:24.360206,6119,4326,14,1
2026-08-23 09:55:24.360226,6344,5848,3372,1
2026-08-23 09:55:24.360246,6225,4285,0,1
2026-08-23 09:55:24.360266,6347,5872,3112,1
2026-08-23 09:55:24.360286,6267,4241,110,1
2026-08-23 09:55:24.378803,6360,5716,3039,1
2026-08-23 09:55:24.378823,6246,4123,0,1
2026-08-23 09:55:24.378843,6355,5687,3031,1
2026-08-23 09:55:24.378863,6212,4188,0,1
2026-08-23 09:55:24.378883,6351,5776,3234,1
2026-08-23 09:55:24.378903,6252,4282,9,1
2026-08-23 09:55:24.378923,6344,5801,2850,1
2026-08-23 09:55:24.378943,6209,4307,0,1
2026-08-23 09:55:24.378963,6340,5807,2836,1
2026-08-23 09:55:24.378983,6340,4346,5,1
2026-08-23 09:55:24.379003,6344,5862,3287,1
2026-08-23 09:55:24.379023,6222,4334,0,1
2026-08-23 09:55:24.379043,6347,5877,3038,1
2026-08-23 09:55:24.379063,6258,4325,0,1
2026-08-23 09:55:24.397149,6367,5542,2995,1
2026-08-23 09:55:24.397169,6236,4021,0,1
2026-08-23 09:55:24.397189,6313,5504,1976,1
2026-08-23 09:55:24.397209,6242,4173,0,1
2026-08-23 09:55:24.397229,6327,5727,2691,1
2026-08-23 09:55:24.397249,6245,4243,0,1
2026-08-23 09:55:24.397269,6353,5803,3198,1
2026-08-23 09:55:24.397289,6233,4240,0,1
2026-08-23 09:55:24.397309,6353,5790,3011,1
2026-08-23 09:55:24.397329,6231,4253,0,1
2026-08-23 09:55:24.397349,6355,5859,3396,1
2026-08-23 09:55:24.397369,6253,4262,0,1
2026-08-23 09:55:24.417008,6352,5582,3046,1
2026-08-23 09:55:24.417028,6233,4003,0,1
2026-08-23 09:55:24.417048,6356,5664,3338,1
2026-08-23 09:55:24.417068,6243,4131,0,1
2026-08-23 09:55:24.417088,6327,5670,2769,1
2026-08-23 09:55:24.417108,6231,4234,0,1
2026-08-23 09:55:24.417128,6344,5759,2952,1
2026-08-23 09:55:24.417148,6251,4252,0,1
2026-08-23 09:55:24.417168,6340,5831,3133,1
2026-08-23 09:55:24.417188,6212,4283,0,1
2026-08-23 09:55:24.417208,6337,5852,3154,1
2026-08-23 09:55:24.417228,6262,4328,6,1
2026-08-23 09:55:24.417248,6345,5821,2846,1
2026-08-23 09:55:24.436970,6269,3619,0,1
2026-08-23 09:55:24.436990,6358,5414,3157,1
2026-08-23 09:55:24.437011,6252,4074,4,1
2026-08-23 09:55:24.437031,6335,5716,3158,1
2026-08-23 09:55:24.437051,6223,4242,0,1
2026-08-23 09:55:24.437071,6333,5764,2824,1
2026-08-23 09:55:24.437091,6265,4332,0,1
2026-08-23 09:55:24.437111,6347,5842,3085,1
2026-08-23 09:55:24.437130,6257,4319,0,1
2026-08-23 09:55:24.437150,6349,5898,3257,1
2026-08-23 09:55:24.437171,6237,4317,0,1
2026-08-23 09:55:24.437191,6345,5879,3144,1
2026-08-23 09:55:24.437211,6268,4312,0,1
2026-08-23 09:55:24.456975,6361,5655,3241,1
2026-08-23 09:55:24.456995,6232,4080,0,1
2026-08-23 09:55:24.457015,6348,5650,3019,1
2026-08-23 09:55:24.457035,6241,4208,0,1
2026-08-23 09:55:24.457055,6347,5780,3187,1
2026-08-23 09:55:24.457075,6252,4230,0,1
2026-08-23 09:55:24.457095,6328,5785,2756,1
2026-08-23 09:55:24.457115,6240,4278,0,1
2026-08-23 09:55:24.457135,6355,5840,3215,1
2026-08-23 09:55:24.457155,6243,4261,0,1
2026-08-23 09:55:24.457175,6346,5838,3047,1
2026-08-23 09:55:24.457195,6235,4279,0,1
2026-08-23 09:55:24.457215,6355,5854,3356,1
2026-08-23 09:55:24.476751,6312,3649,0,1
2026-08-23 09:55:24.476771,6350,5410,3388,1
2026-08-23 09:55:24.476791,6245,4040,0,1
2026-08-23 09:55:24.476811,6343,5700,3147,1
2026-08-23 09:55:24.476831,6236,4202,0,1
2026-08-23 09:55:24.476851,6354,5807,3447,1
2026-08-23 09:55:24.476871,6238,4301,0,1
2026-08-23 09:55:24.476892,6344,5808,2928,1
2026-08-23 09:55:24.476911,6228,4342,0,1
2026-08-23 09:55:24.476931,6345,5848,2844,1
2026-08-23 09:55:24.476951,6258,4361,0,1
2026-08-23 09:55:24.476971,6252,5684,345,1
2026-08-23 09:55:24.476991,6266,4408,0,1
2026-08-23 09:55:24.496854,6354,5688,2762,1
2026-08-23 09:55:24.496874,6245,4170,0,1
2026-08-23 09:55:24.496894,6350,5732,3113,1
2026-08-23 09:55:24.496914,6231,4164,0,1
2026-08-23 09:55:24.496934,6349,5749,3113,1
2026-08-23 09:55:24.496954,6218,4214,0,1
2026-08-23 09:55:24.496974,6349,5831,3204,1
2026-08-23 09:55:24.496994,6259,4281,13,1
2026-08-23 09:55:24.497014,6354,5807,2987,1
2026-08-23 09:55:24.497034,6231,4324,0,1
2026-08-23 09:55:24.497054,6333,5832,2765,1
2026-08-23 09:55:24.497074,6255,4374,0,1
2026-08-23 09:55:24.497094,6353,5882,3029,1
2026-08-23 09:55:24.516527,6300,3628,0,1
2026-08-23 09:55:24.516547,6353,5396,2862,1
2026-08-23 09:55:24.516567,6245,4070,0,1
2026-08-23 09:55:24.516587,6340,5682,3008,1
2026-08-23 09:55:24.516607,6247,4223,4,1
2026-08-23 09:55:24.516627,6353,5802,3346,1
2026-08-23 09:55:24.516647,6238,4271,0,1
2026-08-23 09:55:24.516667,6349,5858,3118,1
2026-08-23 09:55:24.516687,6238,4315,0,1
2026-08-23 09:55:24.516707,6216,5598,0,1
2026-08-23 09:55:24.516727,6261,4447,0,1
2026-08-23 09:55:24.516747,6345,5949,2889,1
2026-08-23 09:55:24.516767,6264,4363,0,1
2026-08-23 09:55:24.536329,6355,5645,3161,1
2026-08-23 09:55:24.536349,6250,4108,6,1
2026-08-23 09:55:24.536369,6338,5665,2998,1
2026-08-23 09:55:24.536389,6237,4201,0,1
2026-08-23 09:55:24.536409,6334,5751,2747,1
2026-08-23 09:55:24.536429,6236,4296,0,1
2026-08-23 09:55:24.536449,6346,5817,2994,1
2026-08-23 09:55:24.536469,6232,4300,0,1
2026-08-23 09:55:24.536489,6353,5849,3014,1
2026-08-23 09:55:24.536509,6201,4295,0,1
2026-08-23 09:55:24.536529,6212,5556,0,1
2026-08-23 09:55:24.536549,6256,4360,0,1
2026-08-23 09:55:24.536569,6339,5912,2812,1
2026-08-23 09:55:24.556174,6279,3702,0,1
2026-08-23 09:55:24.556194,6354,5460,3230,1
2026-08-23 09:55:24.556214,6252,4103,0,1
2026-08-23 09:55:24.556234,6361,5716,3162,1
2026-08-23 09:55:24.556254,6240,4258,0,1
2026-08-23 09:55:24.556274,6336,5787,2827,1
2026-08-23 09:55:24.556294,6245,4340,0,1
2026-08-23 09:55:24.556314,6343,5831,3059,1
2026-08-23 09:55:24.556334,6172,4318,10,1
2026-08-23 09:55:24.556354,6357,5869,3283,1
2026-08-23 09:55:24.556374,6235,4345,0,1
2026-08-23 09:55:24.556394,6347,5873,3143,1
2026-08-23 09:55:24.556414,6265,4353,0,1
2026-08-23 09:55:24.575728,6314,5523,1607,1
2026-08-23 09:55:24.575748,6242,4146,0,1
2026-08-23 09:55:24.575768,6346,5719,3003,1
2026-08-23 09:55:24.575788,6236,4195,0,1
2026-08-23 09:55:24.575808,6356,5786,3493,1
2026-08-23 09:55:24.575828,6244,4180,0,1
2026-08-23 09:55:24.575848,6332,5774,2789,1
2026-08-23 09:55:24.575868,6240,4293,0,1
2026-08-23 09:55:24.575888,6336,5816,2951,1
2026-08-23 09:55:24.575908,6235,4333,3,1
2026-08-23 09:55:24.575928,6349,5838,3225,1
2026-08-23 09:55:24.575948,6243,4312,0,1
2026-08-23 09:55:24.575968,6350,5848,3171,1
2026-08-23 09:55:24.592423,6311,3639,0,1
2026-08-23 09:55:24.592443,6353,5406,2633,1
2026-08-23 09:55:24.592463,6243,4067,0,1
2026-08-23 09:55:24.592483,6343,5704,3158,1
2026-08-23 09:55:24.592503,6229,4257,0,1
2026-08-23 09:55:24.592523,6348,5817,3290,1
2026-08-23 09:55:24.592543,6245,4304,5,1
2026-08-23 09:55:24.592563,6348,5854,3046,1
2026-08-23 09:55:24.592583,6241,4320,0,1
2026-08-23 09:55:24.592603,6337,5893,2812,1
2026-08-23 09:55:24.592623,6253,4324,0,1
2026-08-23 09:55:24.611709,6360,5746,3153,1
2026-08-23 09:55:24.611729,6244,4212,0,1
2026-08-23 09:55:24.611749,6352,5728,3149,1
2026-08-23 09:55:24.611769,6242,4199,0,1
2026-08-23 09:55:24.611789,6323,5741,2763,1
2026-08-23 09:55:24.611809,6249,4291,0,1
2026-08-23 09:55:24.611829,6360,5831,3213,1
2026-08-23 09:55:24.611849,6233,4236,0,1
2026-08-23 09:55:24.611869,6346,5834,3130,1
2026-08-23 09:55:24.611889,6234,4280,0,1
2026-08-23 09:55:24.611909,6336,5869,3237,1
2026-08-23 09:55:24.611929,6259,4320,25,1
2026-08-23 09:55:24.611949,6282,5847,2860,1
2026-08-23 09:55:24.631628,6279,3697,0,1
2026-08-23 09:55:24.631648,6345,5496,3137,1
2026-08-23 09:55:24.631668,6241,4104,0,1
2026-08-23 09:55:24.631688,6351,5750,3449,1
2026-08-23 09:55:24.631708,6257,4243,0,1
2026-08-23 09:55:24.631728,6343,5774,2929,1
2026-08-23 09:55:24.631748,6241,4322,0,1
2026-08-23 09:55:24.631768,6330,5821,2852,1
2026-08-23 09:55:24.631788,6243,4374,0,1
2026-08-23 09:55:24.631808,6317,5795,2072,1
2026-08-23 09:55:24.631828,6245,4412,0,1
2026-08-23 09:55:24.631848,6345,5911,3125,1
2026-08-23 09:55:24.631868,6246,4344,0,1
2026-08-23 09:55:24.651706,6361,5586,3134,1
2026-08-23 09:55:24.651726,6237,4032,0,1
2026-08-23 09:55:24.651746,6343,5655,3058,1
2026-08-23 09:55:24.651766,6225,4150,0,1
2026-08-23 09:55:24.651786,6352,5758,3226,1
2026-08-23 09:55:24.651806,6250,4242,6,1
2026-08-23 09:55:24.651826,6341,5746,2910,1
2026-08-23 09:55:24.651846,6240,4290,0,1
2026-08-23 09:55:24.651866,6337,5793,2812,1
2026-08-23 09:55:24.651886,6241,4339,0,1
2026-08-23 09:55:24.651906,6346,5831,2995,1
2026-08-23 09:55:24.651926,6245,4287,0,1
2026-08-23 09:55:24.651946,6358,5857,3111,1
2026-08-23 09:55:24.671570,6294,3678,0,1
2026-08-23 09:55:24.671590,6313,5333,1953,1
2026-08-23 09:55:24.671610,6243,4115,0,1
2026-08-23 09:55:24.671630,6346,5725,3210,1
2026-08-23 09:55:24.671650,6248,4268,0,1
2026-08-23 09:55:24.671670,6338,5823,3222,1
2026-08-23 09:55:24.671690,6252,4316,0,1
2026-08-23 09:55:24.671710,6343,5890,3192,1
2026-08-23 09:55:24.671730,6235,4343,0,1
2026-08-23 09:55:24.671750,6345,5841,2836,1
2026-08-23 09:55:24.671770,6237,4383,0,1
2026-08-23 09:55:24.671790,6345,5918,3038,1
2026-08-23 09:55:24.671810,6260,4314,2,1
2026-08-23 09:55:24.691622,6360,5574,2855,1
2026-08-23 09:55:24.691642,6277,4059,0,1
2026-08-23 09:55:24.691662,6339,5604,2849,1
2026-08-23 09:55:24.691682,6248,4218,4,1
2026-08-23 09:55:24.691702,6344,5740,3239,1
2026-08-23 09:55:24.691722,6222,4235,0,1
2026-08-23 09:55:24.691742,6353,5770,3049,1
2026-08-23 09:55:24.691762,6250,4308,0,1
2026-08-23 09:55:24.691782,6339,5842,3124,1
2026-08-23 09:55:24.691802,6228,4286,0,1
2026-08-23 09:55:24.691822,6332,5834,2749,1
2026-08-23 09:55:24.691842,6250,4305,0,1
2026-08-23 09:55:24.691862,6275,5740,837,1
2026-08-23 09:55:24.711397,6300,3665,0,1
2026-08-23 09:55:24.711417,6359,5354,2905,1
2026-08-23 09:55:24.711437,6251,4072,0,1
2026-08-23 09:55:24.711457,6337,5737,2891,1
2026-08-23 09:55:24.711477,6253,4279,7,1
2026-08-23 09:55:24.711497,6355,5867,3272,1
2026-08-23 09:55:24.711517,6235,4320,0,1
2026-08-23 09:55:24.711537,6353,5838,3144,1
2026-08-23 09:55:24.711557,6239,4363,0,1
2026-08-23 09:55:24.711577,6353,5916,3315,1
2026-08-23 09:55:24.711597,6190,4336,12,1
2026-08-23 09:55:24.711617,6343,5863,3168,1
2026-08-23 09:55:24.711637,6253,4299,0,1
2026-08-23 09:55:24.731263,6365,5643,3094,1
2026-08-23 09:55:24.731283,6250,4106,0,1
2026-08-23 09:55:24.731303,6332,5644,2625,1
2026-08-23 09:55:24.731323,6229,4200,0,1
2026-08-23 09:55:24.731343,6324,5742,2726,1
2026-08-23 09:55:24.731363,6245,4284,0,1
2026-08-23 09:55:24.731383,6195,5447,0,1
2026-08-23 09:55:24.731403,6234,4236,0,1
2026-08-23 09:55:24.731423,6346,5782,3095,1
2026-08-23 09:55:24.731443,6223,4262,0,1
2026-08-23 09:55:24.731463,6339,5836,3241,1
2026-08-23 09:55:24.731483,6253,4329,16,1
2026-08-23 09:55:24.731503,6345,5820,2888,1
2026-08-23 09:55:24.751158,6284,3633,0,1
2026-08-23 09:55:24.751178,6359,5430,3125,1
2026-08-23 09:55:24.751198,6245,4049,0,1
2026-08-23 09:55:24.751218,6361,5766,4203,1
2026-08-23 09:55:24.751238,6253,4222,0,1
2026-08-23 09:55:24.751258,6342,5795,2894,1
2026-08-23 09:55:24.751278,6240,4287,0,1
2026-08-23 09:55:24.751298,6332,5830,2897,1
2026-08-23 09:55:24.751318,6248,4345,0,1
2026-08-23 09:55:24.751338,6355,5921,3310,1
2026-08-23 09:55:24.751358,6237,4333,0,1
2026-08-23 09:55:24.751378,6336,5886,3138,1
2026-08-23 09:55:24.751398,6249,4338,0,1
2026-08-23 09:55:24.771037,6363,5650,3040,1
2026-08-23 09:55:24.771057,6245,4074,0,1
2026-08-23 09:55:24.771077,6344,5613,3122,1
2026-08-23 09:55:24.771097,6225,4143,0,1
2026-08-23 09:55:24.771117,6339,5795,3163,1
2026-08-23 09:55:24.771137,6239,4271,15,1
2026-08-23 09:55:24.771157,6342,5802,2926,1
2026-08-23 09:55:24.771177,6235,4259,0,1
2026-08-23 09:55:24.771197,6327,5834,2913,1
2026-08-23 09:55:24.771217,6249,4365,0,1
2026-08-23 09:55:24.771237,6353,5866,3300,1
2026-08-23 09:55:24.771257,6250,4307,0,1
2026-08-23 09:55:24.771277,6242,5843,3085,1
2026-08-23 09:55:24.791000,6294,3670,0,1
2026-08-23 09:55:24.791020,6354,5429,3256,1
2026-08-23 09:55:24.791040,6235,3993,0,1
2026-08-23 09:55:24.791060,6358,5658,3209,1
2026-08-23 09:55:24.791080,6234,4178,0,1
2026-08-23 09:55:24.791101,6350,5786,3173,1
2026-08-23 09:55:24.791121,6247,4276,0,1
2026-08-23 09:55:24.791141,6344,5810,2812,1
2026-08-23 09:55:24.791160,6259,4314,0,1
2026-08-23 09:55:24.791180,6346,5876,2820,1
2026-08-23 09:55:24.791200,6243,4348,0,1
2026-08-23 09:55:24.791220,6349,5915,3043,1
2026-08-23 09:55:24.791240,6272,4289,0,1
2026-08-23 09:55:24.811070,6399,5575,2859,1
2026-08-23 09:55:24.811090,6236,4100,0,1
2026-08-23 09:55:24.811110,6346,5667,2878,1
2026-08-23 09:55:24.811130,6250,4184,13,1
2026-08-23 09:55:24.811150,6349,5744,3243,1
2026-08-23 09:55:24.811170,6234,4207,0,1
2026-08-23 09:55:24.811190,6335,5808,3054,1
2026-08-23 09:55:24.811210,6245,4287,0,1
2026-08-23 09:55:24.811230,6342,5833,3275,1
2026-08-23 09:55:24.811250,6241,4285,0,1
2026-08-23 09:55:24.811270,6340,5800,2742,1
2026-08-23 09:55:24.811290,6253,4371,0,1
2026-08-23 09:55:24.811310,6360,5847,2894,1
2026-08-23 09:55:24.830909,6306,3653,0,1
2026-08-23 09:55:24.830930,6356,5391,2916,1
2026-08-23 09:55:24.830950,6245,4046,0,1
2026-08-23 09:55:24.830970,6333,5696,2912,1
2026-08-23 09:55:24.830990,6244,4264,6,1
2026-08-23 09:55:24.831010,6343,5787,2872,1
2026-08-23 09:55:24.831030,6246,4325,0,1
2026-08-23 09:55:24.831050,6340,5887,3103,1
2026-08-23 09:55:24.831069,6247,4327,0,1
2026-08-23 09:55:24.831089,6350,5895,3333,1
2026-08-23 09:55:24.831110,6247,4365,8,1
2026-08-23 09:55:24.831130,6350,5883,2967,1
2026-08-23 09:55:24.831150,6242,4310,0,1
2026-08-23 09:55:24.850738,6364,5595,3122,1
2026-08-23 09:55:24.850758,6251,4137,0,1
2026-08-23 09:55:24.850778,6344,5652,3113,1
2026-08-23 09:55:24.850798,6242,4174,0,1
2026-08-23 09:55:24.850818,6348,5723,2741,1
2026-08-23 09:55:24.850838,6253,4241,0,1
2026-08-23 09:55:24.850858,6200,5497,0,1
2026-08-23 09:55:24.850878,6259,4350,0,1
2026-08-23 09:55:24.850898,6345,5891,3037,1
2026-08-23 09:55:24.850918,6236,4347,0,1
2026-08-23 09:55:24.850938,6357,5877,3351,1
2026-08-23 09:55:24.850958,6236,4330,0,1
2026-08-23 09:55:24.850978,6344,5832,2826,1
2026-08-23 09:55:24.870620,6284,3660,0,1
2026-08-23 09:55:24.870640,6371,5434,3346,1
2026-08-23 09:55:24.870660,6264,4057,0,1
2026-08-23 09:55:24.870680,6348,5701,3282,1
2026-08-23 09:55:24.870700,6242,4231,0,1
2026-08-23 09:55:24.870720,6343,5756,2888,1
2026-08-23 09:55:24.870740,6242,4323,0,1
2026-08-23 09:55:24.870760,6342,5823,2933,1
2026-08-23 09:55:24.870780,6255,4368,15,1
2026-08-23 09:55:24.870800,6351,5882,3440,1
2026-08-23 09:55:24.870820,6239,4314,0,1
2026-08-23 09:55:24.870840,6342,5894,3129,1
2026-08-23 09:55:24.870860,6250,4318,0,1
2026-08-23 09:55:24.890548,6359,5606,3196,1
2026-08-23 09:55:24.890568,6242,4032,0,1
2026-08-23 09:55:24.890588,6346,5567,3055,1
2026-08-23 09:55:24.890608,6216,4117,0,1
2026-08-23 09:55:24.890628,6338,5715,3268,1
2026-08-23 09:55:24.890648,6250,4205,2,1
2026-08-23 09:55:24.890668,6342,5743,2909,1
2026-08-23 09:55:24.890688,6233,4277,0,1
2026-08-23 09:55:24.890707,6335,5793,2814,1
2026-08-23 09:55:24.890728,6252,4355,2,1
2026-08-23 09:55:24.890748,6338,5830,3049,1
2026-08-23 09:55:24.890768,6243,4321,0,1
2026-08-23 09:55:24.890788,6342,5876,3082,1
2026-08-23 09:55:24.910171,6309,3656,0,1
2026-08-23 09:55:24.910191,6251,5231,0,1
2026-08-23 09:55:24.910211,6255,4198,0,1
2026-08-23 09:55:24.910231,6349,5780,3210,1
2026-08-23 09:55:24.910251,6231,4247,0,1
2026-08-23 09:55:24.910271,6351,5839,3186,1
2026-08-23 09:55:24.910291,6248,4355,0,1
2026-08-23 09:55:24.910311,6340,5866,3280,1
2026-08-23 09:55:24.910331,6255,4304,0,1
2026-08-23 09:55:24.910351,6339,5837,2860,1
2026-08-23 09:55:24.910371,6242,4374,0,1
2026-08-23 09:55:24.910391,6335,5895,2971,1
2026-08-23 09:55:24.910411,6270,4343,2,1
2026-08-23 09:55:24.930063,6344,5569,2923,1
2026-08-23 09:55:24.930083,6235,4119,0,1
2026-08-23 09:55:24.930103,6339,5641,2762,1
2026-08-23 09:55:24.930123,6244,4195,0,1
2026-08-23 09:55:24.930143,6345,5763,3059,1
2026-08-23 09:55:24.930163,6231,4262,0,1
2026-08-23 09:55:24.930183,6350,5814,3031,1
2026-08-23 09:55:24.930203,6241,4279,0,1
2026-08-23 09:55:24.930223,6240,5586,0,1
2026-08-23 09:55:24.930243,6241,4390,0,1
2026-08-23 09:55:24.930263,6344,5913,2812,1
2026-08-23 09:55:24.930283,6243,4346,0,1
2026-08-23 09:55:24.930303,6352,5869,3013,1
2026-08-23 09:55:24.949871,6309,3682,17,1
2026-08-23 09:55:24.949891,6353,5416,3119,1
2026-08-23 09:55:24.949911,6247,4071,0,1
2026-08-23 09:55:24.949931,6338,5658,2843,1
2026-08-23 09:55:24.949951,6240,4241,0,1
2026-08-23 09:55:24.949971,6344,5796,3098,1
2026-08-23 09:55:24.949991,6249,4304,1,1
2026-08-23 09:55:24.950011,6350,5878,3314,1
2026-08-23 09:55:24.950031,6238,4300,0,1
2026-08-23 09:55:24.950051,6347,5853,2952,1
2026-08-23 09:55:24.950071,6239,4380,0,1
2026-08-23 09:55:24.950091,6325,5837,2254,1
2026-08-23 09:55:24.950111,6260,4332,0,1
2026-08-23 09:55:24.969789,6364,5574,3144,1
2026-08-23 09:55:24.969809,6236,4055,0,1
2026-08-23 09:55:24.969829,6352,5684,3299,1
2026-08-23 09:55:24.969849,6243,4185,0,1
2026-08-23 09:55:24.969869,6346,5683,2851,1
2026-08-23 09:55:24.969889,6230,4256,0,1
2026-08-23 09:55:24.969909,6327,5790,2839,1
2026-08-23 09:55:24.969929,6253,4289,4,1
2026-08-23 09:55:24.969949,6358,5866,3324,1
2026-08-23 09:55:24.969969,6235,4304,0,1
2026-08-23 09:55:24.969989,6344,5812,3042,1
2026-08-23 09:55:24.970009,6250,4336,0,1
2026-08-23 09:55:24.970029,6349,5846,3222,1
2026-08-23 09:55:24.989661,6307,3660,0,1
2026-08-23 09:55:24.989681,6353,5415,3138,1
2026-08-23 09:55:24.989701,6237,4079,0,1
2026-08-23 09:55:24.989721,6351,5707,3220,1
2026-08-23 09:55:24.989741,6249,4285,0,1
2026-08-23 09:55:24.989761,6352,5788,3127,1
2026-08-23 09:55:24.989781,6244,4281,0,1
2026-08-23 09:55:24.989801,6342,5811,2808,1
2026-08-23 09:55:24.989821,6246,4334,0,1
2026-08-23 09:55:24.989841,6474,5871,3108,1
2026-08-23 09:55:24.989861,6251,4346,0,1
2026-08-23 09:55:24.989881,6355,5871,3236,1
2026-08-23 09:55:24.989901,6249,4276,0,1
2026-08-23 09:55:25.010289,6372,5564,2827,1
2026-08-23 09:55:25.010309,6254,4111,8,1
2026-08-23 09:55:25.010329,6400,5681,3167,1
2026-08-23 09:55:25.010350,6236,4173,0,1
2026-08-23 09:55:25.010370,6348,5741,3048,1
2026-08-23 09:55:25.010390,6248,4229,0,1
2026-08-23 09:55:25.010410,6304,5716,1763,1
2026-08-23 09:55:25.010430,6240,4329,0,1
2026-08-23 09:55:25.010449,6324,5866,2747,1
2026-08-23 09:55:25.010469,6238,4356,0,1
2026-08-23 09:55:25.010489,6347,5892,3119,1
2026-08-23 09:55:25.010509,6251,4274,0,1
2026-08-23 09:55:25.010530,6352,5843,3154,1
2026-08-23 09:55:25.027910,6295,3613,0,1
2026-08-23 09:55:25.027930,6343,5398,2933,1
2026-08-23 09:55:25.027950,6243,4107,2,1
2026-08-23 09:55:25.027970,6322,5584,2296,1
2026-08-23 09:55:25.027990,6245,4256,0,1
2026-08-23 09:55:25.028010,6357,5821,3154,1
2026-08-23 09:55:25.028030,6235,4326,0,1
2026-08-23 09:55:25.028050,6346,5873,3283,1
2026-08-23 09:55:25.028070,6250,4334,8,1
2026-08-23 09:55:25.028090,6342,5890,3042,1
2026-08-23 09:55:25.028110,6244,4314,0,1
2026-08-23 09:55:25.028130,6352,5864,2831,1
2026-08-23 09:55:25.047338,6282,3770,0,1
2026-08-23 09:55:25.047358,6352,5530,3240,1
2026-08-23 09:55:25.047378,6257,4162,0,1
2026-08-23 09:55:25.047398,6349,5771,3238,1
2026-08-23 09:55:25.047418,6246,4251,0,1
2026-08-23 09:55:25.047438,6330,5782,2901,1
2026-08-23 09:55:25.047458,6241,4306,0,1
2026-08-23 09:55:25.047478,6345,5850,2936,1
2026-08-23 09:55:25.047498,6241,4378,8,1
2026-08-23 09:55:25.047518,6342,5900,3124,1
2026-08-23 09:55:25.047538,6232,4339,0,1
2026-08-23 09:55:25.047558,6352,5903,3158,1
2026-08-23 09:55:25.047578,6250,4312,0,1
2026-08-23 09:55:25.065543,6356,5644,3011,1
2026-08-23 09:55:25.065563,6245,4111,0,1
2026-08-23 09:55:25.065583,6363,5659,3180,1
2026-08-23 09:55:25.065603,6326,4140,0,1
2026-08-23 09:55:25.065623,6340,5734,3138,1
2026-08-23 09:55:25.065643,6251,4263,38,1
2026-08-23 09:55:25.065663,6347,5803,3057,1
2026-08-23 09:55:25.065683,6234,4286,0,1
2026-08-23 09:55:25.065703,6331,5826,2754,1
2026-08-23 09:55:25.065723,6239,4338,0,1
2026-08-23 09:55:25.065743,6268,5686,444,1
2026-08-23 09:55:25.065763,6258,4374,0,1
2026-08-23 09:55:25.084049,6355,5646,2743,1
2026-08-23 09:55:25.084069,6247,4143,0,1
2026-08-23 09:55:25.084090,6360,5668,3058,1
2026-08-23 09:55:25.084110,6248,4132,0,1
2026-08-23 09:55:25.084130,6347,5740,3092,1
2026-08-23 09:55:25.084150,6225,4252,0,1
2026-08-23 09:55:25.084170,6345,5792,3212,1
2026-08-23 09:55:25.084189,6258,4314,11,1
2026-08-23 09:55:25.084209,6341,5821,2910,1
2026-08-23 09:55:25.084229,6242,4309,0,1
2026-08-23 09:55:25.084249,6342,5821,2826,1
2026-08-23 09:55:25.084270,6264,4331,8,1
2026-08-23 09:55:25.105682,6354,5576,2863,1
2026-08-23 09:55:25.105702,6248,4040,0,1
2026-08-23 09:55:25.105722,6156,5604,2762,1
2026-08-23 09:55:25.105742,6252,4199,4,1
2026-08-23 09:55:25.105762,6338,5772,3289,1
2026-08-23 09:55:25.105782,6240,4216,0,1
2026-08-23 09:55:25.105802,6340,5770,3012,1
2026-08-23 09:55:25.105822,6247,4269,0,1
2026-08-23 09:55:25.105842,6346,5842,3089,1
2026-08-23 09:55:25.105862,6241,4284,0,1
2026-08-23 09:55:25.105882,6339,5832,2733,1
2026-08-23 09:55:25.105902,6248,4365,0,1
2026-08-23 09:55:25.105922,6300,5739,1518,1
2026-08-23 09:55:25.105942,6261,4332,0,1
2026-08-23 09:55:25.124219,6356,5496,2994,1
2026-08-23 09:55:25.124239,6247,3994,0,1
2026-08-23 09:55:25.124259,6337,5578,3009,1
2026-08-23 09:55:25.124279,6232,4102,0,1
2026-08-23 09:55:25.124299,6356,5696,3269,1
2026-08-23 09:55:25.124319,6249,4171,0,1
2026-08-23 09:55:25.124339,6332,5708,2778,1
2026-08-23 09:55:25.124359,6227,4283,0,1
2026-08-23 09:55:25.124379,6331,5787,2905,1
2026-08-23 09:55:25.124399,6235,4283,0,1
2026-08-23 09:55:25.124419,6342,5822,3141,1
2026-08-23 09:55:25.124439,6224,4248,0,1
2026-08-23 09:55:25.124459,6364,5862,3394,1
2026-08-23 09:55:25.142209,6302,3689,26,1
2026-08-23 09:55:25.142229,6359,5438,3401,1
2026-08-23 09:55:25.142249,6240,4013,0,1
2026-08-23 09:55:25.142269,6349,5691,3102,1
2026-08-23 09:55:25.142289,6234,4199,0,1
2026-08-23 09:55:25.142309,6388,5772,707,1
2026-08-23 09:55:25.142329,6244,4292,0,1
2026-08-23 09:55:25.142349,6344,5812,2887,1
2026-08-23 09:55:25.142369,6234,4337,0,1
2026-08-23 09:55:25.142389,6343,5918,2863,1
2026-08-23 09:55:25.142409,6268,4344,0,1
2026-08-23 09:55:25.142429,6359,5898,3346,1
