group_id,label,severity,audio_ch1_band00,audio_ch1_band01,audio_ch1_band02,audio_ch1_band03,audio_ch1_band04,audio_ch1_band05,audio_ch1_band06,audio_ch1_band07,audio_ch1_band08,audio_ch1_band09,audio_ch1_band10,audio_ch1_band11,audio_ch1_band12,audio_ch1_band13,audio_ch1_band14,audio_ch1_band15,audio_ch1_band16,audio_ch1_band17,audio_ch1_band18,audio_ch1_band19
Audio_healthy_motor50_base,healthy,motor_50,71759156.78121921,23712864.622131985,19245074.624515075,12548908.501668466,27517404.631523903,33987229.78847264,26891996.99147307,31072620.701227505,23166227.762891825,28160863.456168767,25873948.63857788,17537490.635144714,10949151.515931163,19413739.900752947,9389424.643958006,16172711.565183055,59736437.24688774,87430727.06395541,52965178.0318883,42504992.12585116
Audio_healthy_motor50_base,healthy,motor_50,34505936.59266486,7491940.847677224,4133700.2094766637,3312225.7306081518,10673343.395998154,14728706.14469495,13680647.229285728,19921908.466564614,16283233.986310946,14029041.788911358,12442214.437380295,9700112.343846435,6133739.864962796,7575374.826608354,8486517.191737639,6347642.842953482,7326597.611856079,11504637.801791187,6889193.132831033,7290420.492667051
Audio_healthy_motor50_base,healthy,motor_50,757237734.4906576,1663470872.18441,991739093.2044661,3154590630.509758,27174224539.469196,5994235014.877009,3928758999.5654397,4525895022.571627,4605987927.4545145,1318474001.7466726,4583429077.229796,2404100148.2380824,2394799635.205354,1861779223.197953,437279613.0188898,681303299.077561,384364548.91645086,3405634891.0138144,1704034484.489805,430039265.15907323
Audio_healthy_motor50_base,healthy,motor_50,556870328.8042357,329066495.8030313,411646603.908315,241657318.0779255,1418389851.418678,498686176.61155224,850575462.0277506,1574129608.7272255,481380259.9330479,532409321.76912034,525343669.28787446,388662891.28806466,548590267.7967137,227361116.60589936,112914579.43327034,106662243.43317808,136253335.96662974,237325462.026406,166216475.967202,107002320.41290417
Audio_healthy_motor50_base,healthy,motor_50,148963143.66307113,123860151.48051243,31869513.897143126,44277758.92497411,130361770.99640018,109706208.94081193,143712562.51271996,220411547.63130248,216937809.70375547,148470002.121394,91560428.6441481,51350480.218542315,65370440.523131296,46858292.99367661,57513277.55936698,40258995.04065755,27092966.185151055,42694192.81476874,49153588.64320271,41203705.52177094
Audio_healthy_motor50_base,healthy,motor_50,583383314.7815673,155419609.33951542,523606521.24848723,204912281.28519788,1876038779.7891088,1282341371.6867652,8845256489.21595,1268473493.876462,9845173667.876272,1388089132.94845,248362776.36363962,249675976.4532348,315348463.1765839,125107579.84263006,595089454.8407565,2184882093.3062267,308886352.4151629,744424195.4076421,634826446.3363438,106636274179.68964
Audio_healthy_motor50_base,healthy,motor_50,194477149.60884002,69488464.93052493,171102847.58141398,87583648.45907044,253288777.63542518,209626538.84329692,926076221.0970372,404281327.1899029,1876480952.5074391,476296407.8993689,271823231.23371667,234757450.55817944,232242581.2520966,194612879.6606548,449318682.05975205,159135675.41706824,144321485.50242984,364497998.2150812,431498515.6482512,1020822099.9273953
Audio_healthy_motor50_base,healthy,motor_50,177852508.86255646,86385026.5803335,37381176.13925756,39249909.36444677,74539253.94518064,289436988.3586593,555109998.6535808,532138451.2340904,592202551.7257977,326270926.9934982,234243658.32158327,303935568.818739,289557541.2774518,148949264.94714525,201358236.5931997,103550587.80278835,148908068.01120067,181318647.81666538,226621697.29360172,358450009.6559365
Audio_healthy_motor50_base,healthy,motor_50,112603114.53317347,39989982.84356215,18970153.169088382,23831897.677793145,55267700.68874183,54626737.310192004,100215115.06672144,120975811.03235236,190406842.88531145,152647826.64800265,144227751.3971433,89742593.4889537,105585858.92729175,135682586.4125146,289869249.98944396,95313444.28811835,123530993.89814661,788245394.9059048,370278537.1638502,1212796305.83965
Audio_healthy_motor50_base,healthy,motor_50,284497614.86897725,125468408.28331381,60460112.83010056,102815083.37671301,100436030.51942395,250956210.62408763,297672901.39621353,387807012.7806425,504483085.77864397,304123830.13821405,208833893.31029326,229308555.86070943,418456677.5345399,395865158.44309896,460506652.7313065,297907202.6138612,286400679.0634774,719445410.3097944,583661293.7895514,926393650.374377
Audio_healthy_motor50_base,healthy,motor_50,191743614.50987253,96105593.92661986,36058642.968900055,38726183.30710238,109461946.18530934,234215028.29623887,311781416.23786706,192506048.66130883,196767549.9875454,149790714.63653883,118241676.42304401,133186471.08233061,215894836.28619638,175131617.4219761,190817827.79683176,178858790.7256742,147292549.49046084,152060134.6715267,175150413.13614395,152543328.18220082
Audio_healthy_motor50_base,healthy,motor_50,146862773.75697052,36536454.711505145,22941922.16310596,20776313.446792502,23979467.567718834,47543562.68713526,76579197.35489194,106914460.55292857,250105722.61570764,208213855.982307,129937153.34346636,85870811.75455764,134843003.58714923,150914264.5563347,143970735.44254074,127515224.23561114,103191027.65617009,182149767.42557815,208287371.59455785,341425925.1767906
Audio_healthy_motor50_base,healthy,motor_50,58447641.41551495,24866051.75344229,20019860.541762736,20682957.48789647,31604949.654420417,36932828.963662975,57757134.272656746,124117345.40349409,165375518.94988683,192068023.62092423,83124810.25384356,45795564.27202343,78055969.95519216,80330277.21741675,62138736.80720475,75826488.48356177,119043858.113732,79181989.2450294,289764440.1927555,117586430.66398495
Audio_healthy_motor50_base,healthy,motor_50,68334454.80682926,18268316.469460532,12421156.94595734,8742157.95759901,18727729.66231044,23461341.563095797,52963240.98181747,68567545.61910151,130656214.21554142,99017565.92517984,50354116.83127011,42531640.22466451,24069194.70595271,22164938.823895093,36494061.6348061,27813237.835579127,48641976.4903217,129689313.48500946,50158533.349014744,112946109.21327892
Audio_healthy_motor50_base,healthy,motor_50,58735704.15713019,16335221.833423695,19590309.242274154,20229494.485941797,64128403.43566016,95877153.90591906,81516735.55687943,134779441.6377533,456658910.21451235,205624012.28061303,99102413.33532345,90363780.11172873,145468549.08450365,232013738.08691967,92394339.7352511,106970981.01533781,143125143.1658916,94561050.88151892,157328190.7585295,313805855.99374586
Audio_healthy_motor50_base,healthy,motor_50,144225856.7905604,49014334.26578186,31413893.86605266,26026118.711555403,26200328.52648101,52971942.570345454,189270003.9765886,194401535.9107327,169455904.51589316,209663376.13164508,65815787.59844009,91561551.6844912,109244039.0959446,146368344.42116925,89653768.13926724,101820081.92514403,101089673.15657572,121956607.90633829,105019003.61781764,222590788.67029178
Audio_healthy_motor50_base,healthy,motor_50,398964396.2128466,138680226.62517086,91072851.26861551,45270831.195498794,78782577.98918076,102841876.23133793,332541109.97769487,631690121.873695,621071342.1466004,783596315.5033814,286985969.88728803,539914074.9324389,478291983.81602633,398918630.2282384,283966698.0415247,270455855.3928957,201005409.7622629,186998554.43476015,313588146.6631231,171230702.10233226
Audio_healthy_motor50_base,healthy,motor_50,173152370.667931,119685202.46304025,52640982.572022215,79733444.71584308,80345148.90008754,105228295.26120481,451038656.62370616,622715452.6662941,707958319.6635664,571604890.4574231,189096282.56759506,228797639.64611822,334177695.67232853,220332973.7906676,127657198.12651707,147874513.72707695,121331332.65746532,162989891.80870408,119318707.0671846,173596220.10845718
Audio_healthy_motor50_base,healthy,motor_50,685649439.3287982,693118902.691448,318446206.9933486,181534103.393545,217343262.43262285,485668849.7016206,1868256136.955643,1422751783.1256537,1418500048.3549328,1386114708.1674607,678639015.8529857,734331431.3631079,878996789.6819313,1216332401.4271004,1280078237.111709,891486062.9745642,331156567.8169826,568299221.1061298,658550993.7142493,1336155222.5895715
Audio_healthy_motor50_base,healthy,motor_50,1160182912.2874207,554402437.3413769,384678873.14047736,579448130.116167,363514002.3743019,653235388.0339608,2167585764.6417623,1473611272.3512552,2249239280.992052,2307050803.793312,1214406953.7607923,1499335449.7834399,1406169960.0175493,1823555100.037175,3788708569.483194,1693252677.1453407,712268256.163667,1667399343.6113381,1985923797.3840475,1615220686.3229322
Audio_healthy_motor50_base,healthy,motor_50,887753006.8917305,300095941.24123245,224288392.23693168,277431910.25114876,307673613.0973454,446292983.4332459,1374457914.8028214,1218270557.7703805,1549644196.6207764,1631921882.2777548,603485583.0435519,738574685.239278,843535472.0203966,1143366220.1952753,893154698.8228611,842219183.9321458,575996371.5002453,531815928.38478905,614189308.5084007,841918464.4982088
Audio_healthy_motor50_base,healthy,motor_50,647057595.4410836,164364488.6916019,184243338.55901408,92731317.41316104,234343480.2322063,485246902.44153666,601424817.9609694,833812395.4902873,1034813533.7697004,866196226.1455233,418873250.77081823,508774067.6693428,590096273.0517106,641812280.5728923,555427061.0078437,400886796.8511436,356107105.0647737,317017839.27289927,752771261.3763142,418752290.9691652
Audio_healthy_motor50_base,healthy,motor_50,406379823.36359674,142610809.46164098,84991854.46301368,120793663.10998353,123972494.05833183,181604214.68533015,423185919.52324283,491848492.11441004,638167432.2372627,576270102.8736523,244594500.59460956,413763581.24957573,302817636.59203804,595667615.0947098,1060941034.3314342,574389818.0713638,736354664.0135823,1056816942.9934514,757082598.7716515,693974256.2989271
Audio_healthy_motor50_base,healthy,motor_50,609980581.1585976,263436720.97388005,134301987.59707886,120064433.2398198,278469935.0935725,477979066.6095348,561989764.8951731,828447918.5157918,810994454.561322,873023681.2236278,742078182.8059734,456409782.1972705,762877024.3305293,1292963067.1627376,929091538.0151695,1473977110.9767456,1454227856.140929,1779835736.2084937,1793947896.5847392,1587613435.6555688
Audio_healthy_motor50_base,healthy,motor_50,341258186.84019357,99248821.4732345,63618971.77705853,53989429.38082212,102549680.64193967,248122703.03097895,280552707.3205659,249762730.63489902,228956647.33978963,302731670.76965207,177761199.5955243,177295427.6075506,130331662.93021692,332590095.37198937,301340749.69775754,168687577.05296358,246988908.8478686,356931415.19895583,424333817.29579294,475071432.2853788
Audio_healthy_motor50_base,healthy,motor_50,520888609.384025,180159237.146876,91297202.95314732,51800134.4838792,149507814.8415088,183437116.46451467,209359172.63994977,336335045.3221175,244467235.96860653,332291495.6564868,214630673.8382757,405150480.6907088,397608145.59322244,355391290.29609364,236503676.5480629,202171699.0506097,213364190.7490718,332317351.5894573,422552736.55787957,292137983.71250844
Audio_healthy_motor50_base,healthy,motor_50,255076805.05415183,81668966.90481551,45597318.1604408,45232217.5834557,254766116.6654116,163197138.7142717,477243446.862307,468697192.6855166,379921646.7463966,296955487.1303113,205749271.4244096,175133316.83683476,135200250.44026232,186950705.83698335,222108764.00166753,126135620.0657582,155910731.86653468,161812642.61499667,249976929.31186703,325753154.74539673
Audio_healthy_motor50_base,healthy,motor_50,159720156.6446236,115178630.89715528,69598499.73338555,65445395.75403768,213955031.20148978,341520520.93894947,331224430.3193772,572118775.0546314,1347599709.3374197,1006295721.679749,354355492.161509,277542830.97018707,675479979.5054998,417580574.25387394,234348246.74111202,230284633.5888721,198981766.11062577,436999744.915241,457302266.70155686,825220421.4811826
Audio_healthy_motor50_base,healthy,motor_50,359407851.19160867,63871964.352580465,43570041.387966305,49965572.253417425,76276191.23793608,260706464.91208333,366302449.36466366,348355977.5683532,503845435.9985201,744012297.6131527,312589585.2311799,416908676.53378344,381402317.9026835,345450803.97712934,267728303.13553575,180039089.48295978,200094166.5544859,412881624.25040317,786638308.9107236,400589048.3081181
Audio_healthy_motor50_base,healthy,motor_50,324683790.5439342,132578331.77830748,51104258.29843072,68567853.58801833,119699856.43596797,133600196.61173837,285465196.4885371,219033221.2352632,424992967.1064318,589582937.8568534,387103350.9196664,257962832.80724487,189460443.194929,98268891.74602363,227077827.2174068,115796898.99215665,114702156.25050753,127008275.45979302,219287217.16577145,219329869.81618544
Audio_healthy_motor50_base,healthy,motor_50,187825859.31634894,51743391.04844478,35922144.73549812,43834575.16947704,119190424.78933382,121294722.73484366,176459783.83246318,452469919.66144466,639806962.3375651,242900134.5228561,196029346.31592175,192739773.50974506,102182279.62627748,76475655.74531797,139961015.34266394,89100868.33408564,98605758.42855175,116902031.07223512,206212318.6923236,138502733.6526351
Audio_healthy_motor50_base,healthy,motor_50,146360763.09246898,85748015.78772826,76514669.95107412,104518462.78496264,262733338.13612574,235290320.651212,287459158.9917442,352793147.20892316,576423309.3279201,387502183.5760245,658845265.2451138,411638011.7367212,500206932.20404476,325171608.3275354,370004203.9540604,262909009.06470296,451831066.42581016,354524296.7385791,463147040.8495694,418525077.493056
Audio_healthy_motor50_base,healthy,motor_50,192486239.1587947,106060357.44828734,36060709.190768465,63987017.28103063,138737275.87894222,260441629.74997884,569925982.6709113,978861192.8696243,1033880379.6588347,736067339.9117339,1318100185.9993176,915015063.5595796,973245799.9389966,476894469.1695626,1698407122.928506,712155335.186248,420018192.70381045,399724806.94936705,798677161.3789204,730652666.2790164
Audio_healthy_motor50_base,healthy,motor_50,128231646.14474349,67177604.87801592,14015003.641431069,48012822.06078444,77950073.06314734,135011751.37034383,205559576.14986107,547745919.6530144,615002526.1787407,723888807.6951169,504387787.4796015,512516965.2647119,825588666.2978783,367459909.4932085,415061135.6867046,304632149.96402055,188999741.08568916,209526964.80331028,318765477.89967877,182312746.54387626
Audio_healthy_motor50_base,healthy,motor_50,400047755.30327743,56844302.69434468,22589461.33928101,60379947.09337598,40219966.00996736,137730662.05168143,269843493.0855752,435330635.56818545,885426226.9622841,912589050.449035,513094087.77603835,541232751.9444755,342676526.9533376,275662237.905452,336707336.0758381,272399656.75801104,210844575.88608423,148815610.99615642,181351503.05302164,174745216.31946647
Audio_healthy_motor50_base,healthy,motor_50,35047319.49042613,9924002.366102975,5323791.555211451,12673356.629108546,14832294.833522726,20797046.189788982,57186384.50210938,82798056.08266166,134318597.83954924,213898966.81563655,321013652.4334047,300260705.08602846,92782115.70103411,122856997.4612283,184010333.09174943,94636067.0191365,73158662.08031142,62993069.29410205,72339701.23220493,56673961.02112969
Audio_healthy_motor50_base,healthy,motor_50,20348214.152164783,10531442.68254672,11037289.480194781,8685280.522267384,11167352.332994249,30837774.128427543,90292286.17499927,417254051.466316,418507692.90854573,191130586.16679096,276253470.9723109,119865300.902928,106196118.17620078,136383181.097393,179293772.51222605,177824586.47155547,139755876.57217994,275663832.3938961,382892496.1079819,249709233.69748944
Audio_healthy_motor50_base,healthy,motor_50,30386175.755769886,14741156.123339226,7378968.564065294,6884831.248383975,7718494.064046502,9420448.866645327,31579798.85274375,54602756.69556081,81291499.02220134,99754408.00734103,164127032.26032233,118572748.21308185,64198478.98211537,98780191.37096822,203368933.43006143,181237518.85907727,118404130.17012332,143930942.8195958,197065496.70979133,105330734.01989815
Audio_healthy_motor50_base,healthy,motor_50,74470476.79770161,41477790.202292375,20196362.881262757,14780114.882953135,14554134.957265195,62862142.49286342,70287243.31559199,629648011.5384731,281146082.8381246,132861503.30424082,148950553.54302433,93230021.68428354,104626750.88945813,386205493.7689379,172482914.10482603,262609537.90462968,601265119.3137047,808932142.1288339,590129168.1908836,82481299.43318334
Audio_healthy_motor50_base,healthy,motor_50,59762549.3829751,25199699.684043974,15842455.789065339,17892408.610518657,62612896.6071275,77789312.54309843,85203083.19185726,112673955.38231659,246325661.45343047,210795068.33975893,135208320.6790954,147667476.58121657,98702527.0395001,90371114.7762441,59520262.81532746,42418539.517651394,41394903.15331864,46223909.21012307,43396658.97021548,59324109.007365145
Audio_healthy_motor50_base,healthy,motor_50,143618930.42247826,107351544.14473502,52277267.985549524,20030029.323073115,26621923.25155689,86063584.58335568,121613855.63843162,134991250.4793555,246218461.7955728,201153015.46264037,484389875.7397874,393238901.0689743,230677429.5159437,198787965.00693235,112857866.65649047,91501379.76227263,122256516.49379316,77749934.41752908,137257898.32661,112258558.64351779
Audio_healthy_motor50_base,healthy,motor_50,324121890.8444169,106586041.53031176,68561261.99948072,115612326.35114025,162058822.02194244,128075391.45594391,332501271.83778745,379270233.89481026,480069871.085797,475922360.3363517,578499153.0552381,484893243.0932387,301977883.1742289,335663382.8761241,287058202.8685509,212863328.01376495,142110417.46750093,157297276.91690692,192876645.8365885,142068971.61797825
Audio_healthy_motor50_base,healthy,motor_50,175589477.19984382,70437494.04204577,39013972.12805679,81199049.28028584,48983894.51127387,77020121.45390153,172554929.64186475,294608356.09386885,285597407.63259876,235903492.0694098,386094751.57357794,203119116.01046953,142365623.85832945,133894853.71790151,103006273.23117332,83902963.65934534,84434053.47081083,94638868.80660202,130816043.14762102,102609959.75969598
Audio_healthy_motor50_base,healthy,motor_50,155995559.56758428,62893617.73211788,18488191.723454084,10893827.640859613,25234887.40825918,26081930.197408527,49434326.89276516,94703502.36153135,120236943.93979931,114388967.47991048,230766675.6551156,136995016.42017263,84267588.75118949,84120439.6248534,83823185.10555919,38224244.578095816,36787202.29660381,32296594.55274346,44410100.879142836,36091217.021281265
Audio_healthy_motor50_base,healthy,motor_50,86429283.73554626,62421565.35768785,44209924.30284257,50202722.06110716,44177207.43226663,52971802.781829566,70934598.83493882,170492714.32680735,163371124.816114,259694292.57397616,136099609.02966127,121644396.46346515,154239246.16338807,75052446.12341404,60204600.86396122,62120007.24419309,36254862.84184881,41126645.72504868,48198563.18941157,39951764.734794
Audio_healthy_motor50_base,healthy,motor_50,363028807.08807784,142568119.35769883,70228087.62266442,68756264.32875928,59001163.95015979,88858439.55491397,330052307.7268692,333655822.80018526,442498775.5017794,276488077.4784917,425311098.25308895,265329936.64682183,281316928.2442718,119127178.55125596,124838082.96988745,161003982.25375506,89313031.94314308,83933252.3743237,100635985.70256887,82498842.70375675
Audio_healthy_motor50_base,healthy,motor_50,250430124.86164555,101697981.90007327,62846561.011483006,51025601.22334492,48577315.038690336,70383194.63637988,146357867.12046295,240551146.43747813,220425730.4236743,235519949.34110805,180893695.59610385,106267647.6704482,153242604.328228,134445320.14873776,118401723.60823268,89043824.56765667,70256630.4439621,78162923.4491344,68319221.6043696,103738682.06043665
Audio_healthy_motor50_base,healthy,motor_50,204660498.39962175,78933788.97908781,65835677.45654043,51405133.14613409,65102947.475506485,69705833.95667195,309727417.28582156,231376961.68226704,400796088.7079779,209511420.46510145,200063440.5763252,160307498.56852543,142781320.12910372,91275468.22538325,90438525.08253206,87801829.26740399,60588152.33188117,55228367.690741956,62381547.504083805,124071390.19912626
Audio_healthy_motor50_base,healthy,motor_50,228026263.36404005,79654286.96665993,87497194.83927543,61132034.940999374,26485334.818884425,61284697.41665762,226106591.43285868,297693653.4655482,292257501.0734023,236977024.0319844,243148985.00579834,161181794.2139142,209656916.0552229,123322590.46928103,106417470.02720186,79193984.67976928,56019054.449291654,100475623.25259867,58691638.29518377,56994978.9862558
Audio_healthy_motor50_base,healthy,motor_50,143614830.06795108,53762193.0422161,30229354.31466396,52627784.140130185,14686780.481075417,45204752.62817599,90232790.78002998,175953293.41824538,243135425.82878602,158176078.52107742,175286577.61433142,128856082.93669279,78261497.35910378,116201275.10881217,94295847.0509894,97641113.62486129,56624656.94928266,60441336.03660415,75953686.52416337,61144651.07451075
Audio_healthy_motor50_base,healthy,motor_50,115204369.08565828,58847902.82174231,36096787.43558272,30625221.059865866,57971709.664105594,71192011.57266027,244223666.3671336,383029800.0890968,263874995.44984874,270237347.7556511,124682194.33688453,90110459.99552731,110672093.23278148,79531997.37849973,62118394.481067315,58307767.226655,41938200.65345379,47389852.580944836,46413698.028867975,44185243.03575029
Audio_healthy_motor50_base,healthy,motor_50,90021968.13456663,27989619.018683273,17141183.65152106,24174591.405592054,15066783.12844469,32836792.262625735,73865027.53889549,141632872.29285955,121374713.47129408,135460461.71951273,76758711.2467022,71433043.00895636,54857139.34046543,38299256.582690656,42644614.96930931,25104708.994619142,20436731.191867165,19421291.302267663,23676987.72800444,33113395.798893888
Audio_healthy_motor50_base,healthy,motor_50,95280929.50353211,24774311.183101032,25594271.92839752,55975214.0505777,34065210.79452583,85479646.77204026,148878686.67739698,217016124.3276513,255303313.73068926,219537979.26970068,141602187.67351612,199756998.5039196,138733674.76961848,75884452.7726451,92358063.66247219,83088900.64507072,49327408.68492255,40104037.99604338,50215414.17049619,76000801.16130829
Audio_healthy_motor50_base,healthy,motor_50,66877433.763622604,22529229.521829233,13378270.757697975,10803382.93044731,12727578.973954856,25170045.375052646,35430000.71123053,46465269.243500836,128052847.43820369,83262291.66485411,50504426.40926844,38464293.065483525,30271269.15967118,35068653.15826164,21334228.733366463,17658395.10582864,17502025.700965017,15098221.088069739,15218710.857254086,26081726.40133431
Audio_healthy_motor50_base,healthy,motor_50,99722308.66788308,32677720.209801953,18220566.096210912,16240142.28561925,26271416.27284567,33083891.24293567,83577828.55279794,85766827.29120515,134861591.4316604,92203399.94397233,109313914.45808417,63450773.573022105,66867132.86697842,38949005.27999743,31550106.830866635,44074290.73104989,23744341.16982112,35033645.0301688,23328462.673787538,38010293.756866574
Audio_healthy_motor50_base,healthy,motor_50,116069907.29870766,43253995.20142834,47457999.03373754,45172592.13794987,48951534.55556413,80989100.07622743,207041925.32671836,263935417.99396467,410941727.8193416,309871320.88699704,290162652.5979954,352138768.9969888,303196470.62668025,110593734.34602095,140319828.00136277,122805013.19390498,67473160.48923425,51866551.437885866,72401608.07277183,61745214.487965055
Audio_healthy_motor50_base,healthy,motor_50,319653557.8920245,150171959.66702408,61872936.58930801,84506936.20646939,72613420.35419792,102345703.88378172,232511328.07265785,365214132.0000782,365840270.6424471,334871062.54902637,375617489.43164086,406570519.4727348,268650147.0746559,176776210.29220048,153282415.9485455,185330733.118382,148465598.95108187,116448090.82064998,99050426.17015336,145536953.1857535
Audio_healthy_motor50_base,healthy,motor_50,221754242.38967553,65681929.9485468,50640982.785839096,44050493.01847563,33538798.168639712,34977000.76314062,94127842.05886589,119618376.51098005,161618542.92255455,189790672.0881383,153212995.0920034,84033143.78003533,135508016.87778005,117187597.80123508,102327346.72612329,63964766.08858016,54020905.331982255,60280601.24577965,30062497.87018316,44922874.99102518
Audio_healthy_motor50_base,healthy,motor_50,82103615.48248197,52090817.35775938,19392713.07529018,19942254.50574063,20532154.581112545,22175839.863406323,51391915.98512396,80181853.18513083,91484466.34406316,73891407.94105804,70348186.56650953,44301055.1715901,44689039.04405406,39849014.48072004,30028521.309026953,27825928.878989454,21125738.635527343,26065199.80918933,25214638.991232734,22424339.006738514
Audio_healthy_motor50_base,healthy,motor_50,138591084.3722583,48478916.30309854,23330985.70699313,15299948.91818885,21539726.50815238,40249500.423362784,81700176.13580364,78880559.04989232,99075346.00739878,159523240.9703101,137669892.25214592,131270079.50293633,122330228.29646376,60669483.869431645,56250209.43882054,33122876.01102258,22985569.034510557,18127941.415392883,21729469.12484879,21722403.610767074
Audio_healthy_motor50_base,healthy,motor_50,546745347.4453679,134686565.883081,153008247.01265004,176289503.56360993,118182925.816329,154610141.49371344,324385711.31084186,439854477.91048783,410808828.9590651,888746797.3132252,2272082665.644615,1357900255.5278249,963928998.6501355,996324339.534809,537032426.2411346,272284927.71998554,254726754.53212103,296738011.1297234,252023235.56787437,251560785.61213747
Audio_healthy_motor50_base,healthy,motor_50,1073872494.8695219,507740674.18586934,257017159.2038896,392178346.7942094,505156337.8380767,654034657.8616223,755641666.0106614,1613028515.3582046,1475916103.264664,1870680414.7931387,3543640601.1111956,4013133012.9590325,2081587157.26334,1601731917.3134234,1410234368.2475357,686698093.5628424,500378739.99848473,836382970.1310525,668221800.6941013,861387810.0869111
Audio_healthy_motor50_base,healthy,motor_50,505738131.7812717,216080362.59529984,186773581.4447473,131790425.35246335,219364525.63990104,230569060.59347573,637817088.1709859,1104313351.9094272,1127434565.7806754,798701641.1634958,1020215086.891038,919667054.5439355,650575510.5872369,566673047.7892317,566476194.4239389,483706233.137599,317025467.41841656,233849336.7951521,216371389.21898803,285063390.3264494
Audio_healthy_motor50_base,healthy,motor_50,192027600.97147346,72843008.72408998,81316986.01965205,64584403.03038112,56013221.658277355,85450001.07574612,166620343.77997202,310514417.05856013,398136157.7264754,269239212.46770734,270916148.7123322,150555250.8714488,96189569.55300467,106929379.77377483,83245061.51235883,52041960.665658996,60428428.51804647,56494520.95206418,47421219.69510249,57169408.23833435
Audio_healthy_motor50_base,healthy,motor_50,120856273.27849461,39083165.93938933,29370265.17723313,23122703.903943982,10287417.081912303,21752723.0957916,116118883.7070211,132376776.60767995,229113433.11596864,219184930.23778182,125322852.8906769,74529964.82381561,70459364.73941478,58161667.31741094,35544329.70328519,34953620.78221165,44025984.48194443,60538131.34133384,30346017.22863472,31007436.774629362
Audio_healthy_motor50_base,healthy,motor_50,178411680.68569106,74101995.56711592,31249052.186715014,34361825.536666915,72301756.37652296,76837954.43926434,355481541.6842195,448695300.7648525,268372151.5975769,259905239.71130067,253874162.87335682,100173786.76034372,106184833.47670412,83585932.37573186,96805190.762685,69177256.95838691,63899076.719533734,36211363.12392986,58695535.84915725,37108024.925859794
Audio_healthy_motor50_base,healthy,motor_50,195175350.90068075,58641034.306232356,50764074.95815213,39200907.00413378,28054749.062770452,50448160.34295349,99353890.73362221,230312311.4783284,247659423.444158,239086580.26333886,118728924.91123039,75686551.4134955,67923123.56823422,71752365.69635671,75123912.757285,77861750.42635989,31221222.12508799,31287117.937302534,48386993.51641791,27103164.405847955
Audio_healthy_motor50_base,healthy,motor_50,76085712.52052279,27297499.029591177,26568674.589574356,17257946.542351708,13997529.470352886,16111997.474645263,58811188.24442473,124910235.66610597,92569015.76037264,103367369.61512452,61850750.6847277,37808113.49441738,37454854.932842396,48096459.13187054,31799448.638996076,28149502.57213939,26193782.957344197,31161930.04095029,28020912.52709595,21841896.084960304
Audio_healthy_motor50_base,healthy,motor_50,119039927.14687233,92349078.62640886,54351877.61143966,55865586.70679032,35463972.5114938,61557678.99099043,200761638.92636034,362687069.40529305,379340623.29693,396457237.3153136,241335784.706612,130248897.98208198,196888493.1480121,131524762.57002185,180381148.91981393,245500289.4457859,123201077.9468104,154753407.95518345,150092892.74071097,130061670.64026971
Audio_healthy_motor50_base,healthy,motor_50,462148934.96762395,182161641.52509207,119567243.78639369,107986080.29737729,80671271.06988317,69413624.19737922,186230273.6495214,575919132.7074031,634596032.6918187,519916201.24284303,460231533.1579177,677274851.5217105,494565890.0390719,425379286.06856436,276480558.054631,395579791.44338065,209618738.56712794,256682076.6060513,338661675.2736841,312439112.62675756
Audio_healthy_motor50_base,healthy,motor_50,223686255.76109442,62268715.68469541,41307498.36568526,28106142.796471916,54870721.889217995,107504026.18626592,248866263.90077084,486434336.4590215,381513479.96597004,291052703.64976966,134134045.5905348,126655241.1468401,114068940.68959908,77506820.22824682,101513814.2583968,87130113.1541953,41519985.23300648,63183149.6146277,71536316.86688268,45495253.58862455
Audio_healthy_motor50_base,healthy,motor_50,205946210.56681812,81265684.84724523,36282588.714763865,42720669.21180535,51808224.92375259,87918667.47746356,236644286.7552733,601347438.4486711,553067852.6152269,629781672.839936,362574196.03720206,137436500.80003023,129524521.62770037,206777679.28222078,118361226.87178999,121965303.45834704,72027636.85646132,120403545.07206611,74827102.18000253,70717370.26981856
Audio_healthy_motor50_base,healthy,motor_50,141171279.3167863,124001666.58198394,121015654.50102638,91985330.27592853,69716813.63376407,103142116.63303319,302743096.0682991,428085499.87019426,288080278.00330573,317880402.9835683,265424391.06177217,212508578.25689068,266706219.94745475,140844275.685238,141851838.85553,191744255.96093264,117301721.7648481,208186627.31638736,145825363.68474823,141382941.20614234
Audio_healthy_motor50_base,healthy,motor_50,790241104.0176486,255380556.6407743,141102607.84410566,136033480.4727826,106353183.30142163,117484210.52578224,260229498.2617789,288411845.9732163,433597677.18255764,401006077.7320454,550431647.9052988,621210098.8462496,553198960.4677162,760850907.6075042,269742103.57199836,266081696.3433021,216687370.8853467,198702696.57075313,270954586.47446084,215760483.4967417
Audio_healthy_motor50_base,healthy,motor_50,223469383.6657963,119325878.42039733,59502528.62313549,62186964.19013869,88914986.97517191,112358756.4886752,147581003.29425353,464605035.0378877,406859431.87007916,572071885.2357556,454937389.20404744,267096392.9710634,314008489.83627355,341248641.245701,206217339.72393802,151684239.11181936,128818982.9008268,157939408.52966708,137186645.30505612,194551391.9905166
Audio_healthy_motor50_base,healthy,motor_50,372598892.8538919,146517511.20790932,75044697.82691537,79640842.57064047,52901217.124368615,117317673.10168278,570468801.087356,965026578.6873392,719025274.0596801,320770915.5443779,794158043.3314286,566144499.2040117,347131521.2757067,289706463.97426903,198949481.1434542,129191154.37713672,107625259.62230384,137544190.67293742,196845870.17389327,145086644.55239093
Audio_healthy_motor50_base,healthy,motor_50,185084780.6172411,59784961.72497776,41796095.948671386,43442652.07731302,37982490.31454362,47708038.34870999,195319504.00484967,341334326.6242551,259105887.2611773,385746040.0686669,316645991.2108617,233412382.26754066,126386511.41695444,124210624.21661377,118518219.00974303,78456786.49772565,79674906.34454843,55924347.78290648,69366855.15498444,66084310.43469698
Audio_healthy_motor50_base,healthy,motor_50,171283246.74542055,35714525.00857397,18513188.992371593,21418205.691891465,18829034.766828876,28027210.102913927,100092601.45287368,117163812.3365699,104952358.11146136,89359432.37402143,45961726.8641462,23893291.142266255,30862849.430578902,20078625.226185247,14090422.791505316,15250024.867981942,17598059.10523056,17315226.497838724,13050852.574934755,12926747.308918115
Audio_healthy_motor50_base,healthy,motor_50,241221565.71298027,48556573.87515897,15877777.935160764,23153930.637298714,14619197.472211495,37234455.078592,39123228.82462876,37856656.06763592,93604858.8553609,62980353.45743683,34255847.9161013,75231563.35410742,73619643.69847836,33594140.80833177,17787252.621087804,24420039.04082225,19251380.499818157,18488705.725927927,19790541.08719419,27065155.39515831
Audio_healthy_motor50_base,healthy,motor_50,48851566.659201026,30357986.391506094,17303072.02621624,33297384.587833963,46818268.898640834,65461786.5124516,256788050.72947478,464798595.6753102,452716717.0435304,171357312.45696214,80999350.30973971,102642957.3963243,82162669.69318631,53969742.67512938,63265712.71096245,48724671.24300071,44632147.78565042,46020932.95567272,31248206.110638406,37291390.63137879
Audio_healthy_motor50_base,healthy,motor_50,60362649.66307004,29441062.95709312,20522354.935583774,19451895.318660133,41133427.69244393,33536492.17688446,43825233.588978454,75420254.31133467,57307000.016957775,50133008.29452052,34555684.84658586,60120810.610136,53930101.32700707,31969786.18861767,55916508.383395605,33093091.133459102,45418601.0844108,36433020.52868617,71315692.5708877,75148407.56175901
Audio_healthy_motor50_base,healthy,motor_50,62251715.9457958,27008632.21019486,16975592.69713544,28789296.26726945,64693028.95266804,83858471.83096594,112795968.6918043,99588036.88475174,115547526.36227906,65542268.4535753,83155108.02269799,37356547.03477371,44798297.54390371,41125971.41959358,42109926.26564802,40376481.94828593,35376952.9078617,53681953.727167375,75530867.5453094,72438548.00746885
Audio_healthy_motor50_base,healthy,motor_50,75135124.64475234,20138130.475552462,11535782.577781383,12289227.26761764,22556350.19176379,17103559.14694792,40583870.510581635,67728271.80366988,52041057.38041769,51228773.19957817,49115194.336591065,25278320.853556965,22306957.36216687,23978850.631511807,27685053.430671487,32686565.93422038,26143305.38157955,28705263.82440605,47664256.70997461,67437055.52197458
Audio_healthy_motor50_base,healthy,motor_50,22133334.595692802,14354378.27217547,3739993.7342993133,4175689.0319462223,8982523.127125554,13462043.475746378,24972922.135041174,24288962.817097932,31193359.3943841,25675151.216873284,23804506.873793293,16408777.111856498,9390563.602879042,12516516.98293868,8496169.24635408,8078052.515219535,9936073.051223798,10611622.590328638,15372928.7098281,14303421.846656665
Audio_healthy_motor50_base,healthy,motor_50,42332917.63364835,22417608.40511516,5041624.388208115,7435798.716070569,12170386.155518722,12172239.648093453,20275526.7674544,31737994.265801255,47035991.33271735,49452157.780950844,24400754.225783832,16230518.367549336,17293912.79976971,13077664.416283267,5928325.447667538,5334598.399881215,9990684.952948645,22569986.969763722,28875055.61416583,32031977.39684746
Audio_healthy_motor50_base,healthy,motor_50,29782144.61854766,20827428.839353796,10429655.651918154,11269191.891884513,44891851.2874532,20147899.935546283,23914444.62021042,48627905.68890452,75167473.07405408,68190650.63700394,57251028.08321889,14781047.402322572,13014399.487704938,9235711.335930463,6723353.842106668,6447341.003433344,8269705.321426698,8605829.974591043,13777458.934247034,25079218.044768594
Audio_healthy_motor50_base,healthy,motor_50,252093665.93027997,59966127.49327573,51834969.01419269,26638424.074404664,195047948.15706208,313059410.15297145,108938700.45021713,400952443.56260055,198443328.61542085,102837428.11147997,141526627.99726218,50373937.551758654,28410373.614336442,24487816.567238986,12654387.701738296,13213642.250107694,11130794.188614253,26813784.350822918,59250462.82610032,30397610.203936346
Audio_healthy_motor50_base,healthy,motor_50,431692232.1003304,42805180.599911205,49330836.675798476,67601759.65418656,602026321.3479828,132371896.95495932,123722760.86440015,693240143.2254119,252495642.82583633,136062213.43611115,281002846.0954184,58176611.11024425,65336675.70381689,52673853.59315311,29452163.54193172,20318052.4127943,33184680.979758102,39870182.657989,47770114.8742046,45876142.97323766
Audio_healthy_motor50_base,healthy,motor_50,98501773.99326406,38694985.99424755,19598597.072757572,27587664.098695885,61200133.883339725,32287809.51239299,39681861.92043186,95263455.9443492,87694476.64715636,118382378.39994739,84958345.16352215,20336289.007822756,20641252.565124877,32110490.540271554,29089910.389834832,26864507.534110773,54870234.31209939,43966484.50913203,36757111.60653854,57621146.50428846
Audio_healthy_motor50_base,healthy,motor_50,62488550.981898405,26991931.075239614,7703408.179930173,12068628.825149734,19187369.454612143,15918282.327057837,23060631.305413786,56338781.573930874,78016912.94988066,58363378.20545046,44034243.87550377,21721434.757957816,12437784.605335528,19231939.792620294,23796923.980606157,22992512.498845506,29621076.958550595,24741663.26567336,46459024.26077919,56494141.91715681
Audio_healthy_motor50_base,healthy,motor_50,133784879.52584018,60793181.982716195,15459839.644800441,32616193.642158303,47690707.53505801,66243067.145227954,258094823.8577518,471121505.00017685,402131991.97495705,375107631.2892526,201629808.63311622,175897644.42910144,87265898.80906495,73756790.78851329,89046778.97150882,68359168.85098282,102780865.7231855,92726636.2952281,94162260.94712211,108236471.10797612
Audio_healthy_motor50_base,healthy,motor_50,44943103.65823954,32896511.34158436,17778487.4170029,28539454.375494044,30373782.585839245,27745821.80007308,56471325.698403776,82416053.65876615,103160722.22444655,81306974.44933407,62485051.00800104,36331579.83999935,42040500.42985219,21198918.59015,20951752.678308748,27384837.056345817,19309182.2122004,22560983.086696144,36895941.66513097,48907446.1212773
Audio_healthy_motor50_base,healthy,motor_50,199384631.07863617,86376800.14080024,31809918.51262884,21123199.815277196,23095075.304907255,32024172.068677567,49280469.589065805,76429962.07886815,133596756.44999953,61376148.66923559,45592464.69613918,36649262.34416455,27663891.78557437,10519682.583114877,13189010.433013551,10727056.495991627,11543534.970332237,19418409.16437839,17116586.78233928,26924758.01127287
Audio_healthy_motor50_base,healthy,motor_50,103320705.65511128,65068239.740367845,11142188.827832049,38017948.04403708,59076991.927068286,33409856.401892155,71328257.83882669,116618191.79861237,162736653.9399577,126483080.4201315,115640969.25214416,36836003.70462856,31218455.27188648,24682448.91213288,10394466.110852156,14669184.751895245,36885216.085518606,38680154.86728138,56034417.099630244,97435632.79894258
Audio_healthy_motor50_base,healthy,motor_50,35640815.04092888,20427550.88473446,9574030.715252083,11116327.275879325,9343262.207312109,11929087.918516196,32571041.588920794,43003356.03358794,75727351.19834755,54837050.95316637,50115914.066339135,15799156.981519522,12011084.761269618,12287413.27518357,9409977.709626421,7856341.319125024,8623495.521831164,5379525.1376979835,12132338.113611443,11445175.16346377
Audio_healthy_motor50_base,healthy,motor_50,43346601.61634521,18052082.861560836,9508560.06176817,8960804.1984182,11632928.75992843,14774527.824422712,43466627.030226626,215903985.18262196,161923336.88076258,200910854.51756543,124216035.97805755,37703788.43038356,32502147.526391532,34691847.03047529,47521108.096331626,28427682.088151116,18227540.5838212,21334188.15395746,25365269.966133032,41158773.51405808
Audio_healthy_motor50_base,healthy,motor_50,49001701.849698715,29809668.53404749,30684268.765184984,30814548.84534875,12550356.098565198,22935080.173887555,241416366.36231324,157061210.85604754,89235125.03485346,107943562.23209086,39690940.47963013,20809050.94656201,18636313.995442223,30656925.030237347,210037756.4904176,96534878.98460092,56430489.71426855,52726019.14418493,36243657.54808839,151855273.48229486
Audio_healthy_motor50_base,healthy,motor_50,73268477.30343437,20129119.708914775,23528886.77769344,15163429.454075068,9415426.574399177,29702612.23246809,87641715.38185184,115778564.96138106,178851935.93745503,138037340.15461716,74431458.64781879,39669531.448894,29623186.293860003,38306021.93229671,36111737.96114055,30314934.73254491,34811674.902754515,26618224.8542682,29463160.63146816,60395514.68577935
Audio_healthy_motor50_base,healthy,motor_50,67262572.94510709,22466443.016365685,8650972.840922033,9000486.394734727,13823256.096050095,19302663.933750723,33665269.65235765,64910441.80022219,85014807.50101656,92990988.0520599,83460711.69645153,43362939.29265778,27334547.092949715,37002073.34506088,55601195.26080947,35979045.748942636,20905817.196454205,67857793.92379981,128632398.26493761,88634643.48557289
Audio_healthy_motor50_base,healthy,motor_50,96779067.73645167,30103337.242912635,19483600.166294724,7835430.382381743,19179391.905218143,22266835.497737523,42654768.322646916,43461811.966758244,83447977.95930043,80769718.17268936,64581804.10121754,26751061.03144432,23295755.607853025,16789596.401637133,9499005.055986783,6808926.426256425,7910720.275205901,11422179.60244642,12599933.672076378,13295541.140403783
Audio_healthy_motor50_base,healthy,motor_50,58909203.79189978,12447920.526679756,8418278.59374018,8005260.657271545,8632054.137163749,7791411.245315658,16444392.330244014,18675524.64938391,49590567.89447093,51186688.198612496,50372278.39942863,48211828.146956734,21512659.264097672,27274447.6681926,30642759.112731285,22457857.65999169,16398244.209984574,30986886.229241457,67846726.85110024,126242001.284855
Audio_healthy_motor50_base,healthy,motor_50,47549789.058630705,19424806.903186597,15867123.44160607,21794497.260033038,25730541.63172626,49820213.46534767,292977711.4408781,278688857.9441776,291635263.4965212,144662479.5821966,64568285.182812855,53240742.14245293,35403424.06590579,19186540.619327202,28678886.42174212,15285459.917897802,22269974.580745902,39375163.36784838,22994162.087647095,53992567.69492634
Audio_healthy_motor50_base,healthy,motor_50,44046394.193347484,14870727.386254795,18798463.206965458,19277224.19406963,16864264.315748446,24930199.3183035,61173114.55708304,58139611.3733289,149247028.26693815,151955610.73277253,71553389.0143799,26819605.248611715,33482354.143648107,24537629.44148852,11423902.839680716,12722840.29821505,18490780.632929254,41401056.289049774,24787532.249537393,36126977.9978169
Audio_healthy_motor50_base,healthy,motor_50,13239511.159759676,7147047.943198717,9519731.600698903,9766258.938097045,8723952.487354618,9166829.834370801,19440567.421083666,21487182.462520827,77567471.2719188,60055862.819353916,67052523.92071809,35672682.585261025,18812157.683013454,21352356.042513955,14738664.023385901,16792345.711048782,20045653.288112476,17219395.97275312,19219992.50485751,23435382.57061704
Audio_healthy_motor50_base,healthy,motor_50,81204328.15958676,34655891.08778275,16333305.137294047,19355475.680816516,11739667.99873107,29760505.17633238,135340445.8916527,215603355.7985517,283767247.4929083,114842267.72352318,59091157.788545385,41051524.959742345,26437270.7890143,24279499.202756252,22546463.018723797,12961419.932693942,14783670.354187742,28808226.33093132,17183423.16550417,26857050.202440348
Audio_healthy_motor50_base,healthy,motor_50,54822423.132676005,18102233.532335293,11235587.332504703,11390311.171637513,10618155.658457756,13653878.252735699,28302724.21873397,58711756.9764928,104466624.78207695,78870452.03095883,68757636.28403606,28194995.125509024,18871797.91092329,17139292.685010225,27116567.154475212,16661736.821721153,16097088.621597784,63334744.316824675,19730735.372491717,34724849.855709486
Audio_healthy_motor50_base,healthy,motor_50,52002735.47537355,24465973.352934293,7478074.124242387,7590506.237480797,11511260.051472649,17820284.364890765,52289341.9339041,107175456.00674252,128035738.78286275,124358521.69585794,69946996.44160439,53858280.28537869,52229339.206383415,43713443.58424219,57492945.44208849,31655002.536856737,96293764.55217752,106855662.03349447,64739909.833651416,164346813.7953336
Audio_healthy_motor50_base,healthy,motor_50,23472086.029222675,10335893.182069944,4258230.4904783815,3706753.419414646,8029499.980467824,16088609.655736627,68434813.23287639,131499576.40348005,105904452.07703698,101490429.19716376,60249255.25277876,18188927.416571073,20439715.746683728,15017550.54016101,18499036.690691248,19786119.972546592,14929014.75545292,46606192.999400705,62335724.37473623,88264809.0145633
Audio_healthy_motor50_base,healthy,motor_50,86537827.74032837,24584834.166162767,8872801.101169543,10967395.91191516,16970268.185195543,28920614.83617981,72418965.97597148,95075347.80097164,109249061.47675323,64977679.10407702,62924507.75330944,40065682.13797307,23001256.478021495,32611529.891989376,22499215.406365428,25204399.824006837,18660416.363649882,24579080.74123279,30442053.563418407,39484895.19852757
Audio_healthy_motor50_base,healthy,motor_50,164748242.23773456,34507319.08286549,17199233.40318266,14853558.19128143,29399739.11114273,48357613.91169664,89666579.70574722,159021101.46989095,134491381.81815538,211013108.15489468,136742861.63754696,59381897.111555964,58848179.38327723,39949657.80029694,41354056.690220974,42696035.15252815,27635829.597673897,36586678.380483225,72431425.2254207,103367563.76671144
Audio_healthy_motor50_base,healthy,motor_50,125641671.31608815,40106846.752337724,10064219.688482182,21460528.45916774,30209744.627493966,168189684.53760183,406582029.8957803,444396097.3964317,372323303.0671237,221736623.30855024,90786923.72677591,42002754.3509734,67102642.972736,45825443.145345956,54251436.85169713,36688494.845962524,42898628.965957224,44095725.006388895,32947178.19631255,64534006.11511099
Audio_healthy_motor50_base,healthy,motor_50,35186502.73847555,16661192.662955044,9686189.712298473,11851744.726387884,12754270.612914216,26012247.484172437,29351973.18065945,34841255.650657356,81092939.49462275,216719529.05634534,67523173.87245782,25334132.528345887,21685873.58948437,11439170.747491056,12435121.051520444,6309649.384028879,7913869.7551985355,12088303.887495358,13444214.975702364,21576564.81638278
Audio_healthy_motor50_base,healthy,motor_50,27383130.37093801,8039190.760002852,11281412.596279066,10759917.134452222,11361820.482939757,17945557.977763634,24925704.250431195,40428340.077529304,91790402.62379739,109550302.10995148,42804836.10147011,19820977.91253905,19381867.765963163,13362317.602121087,12124717.204225322,12509451.707569113,8662117.005771874,16347232.09134894,31434416.436962325,31159600.5306198
Audio_healthy_motor50_base,healthy,motor_50,182380479.64402732,77207841.48556483,17401303.72626927,11391616.419488633,15095558.631587148,13783527.399742277,55909021.84252551,118407192.45798035,190623482.56674752,237277530.88715506,153519906.04030028,73929057.0992037,74578880.95419079,73008855.45891343,54284466.123502865,59994493.114971116,76508752.64559521,89598596.43378101,83924730.64671527,76328828.14115776
Audio_healthy_motor50_base,healthy,motor_50,173235759.42462915,39666371.247762606,18187537.24215825,17805655.50275226,12823226.663337395,28261160.115343016,130456324.00710236,209038358.75282282,190999550.5280326,178450454.78293136,212665490.2150545,127786643.5057928,121885820.6636548,99519337.02184442,74483129.82593557,96744644.57553439,129798093.1037336,106976831.75769539,164336163.9871605,73530107.05378227
Audio_healthy_motor50_base,healthy,motor_50,42526388.092117704,15961630.850190008,12109411.368926907,5798886.519317423,6953199.465944179,11267608.675952272,31221692.623262167,85116027.20096609,170526458.16530517,131863123.83935934,58932002.56126072,76983082.63688189,62392796.17089776,59507333.48314742,71040805.8136388,70971830.1949176,44464868.54149342,67856571.45155004,146657899.5212679,116863740.26008546
Audio_healthy_motor50_base,healthy,motor_50,10269099.043514952,9105754.11098232,3852861.4489307627,3661307.6732464507,3391426.8986650426,5530318.200118549,8619050.77643631,17693585.87519338,45671920.29129821,52003622.8564112,31005373.418325014,20223210.591357507,10436344.981960526,13245853.263623701,12179859.088117667,10571044.65957787,8841225.081651052,12800747.040516764,16883320.02798168,16783368.930143815
Audio_healthy_motor50_base,healthy,motor_50,27570740.967960168,13586065.36843765,7804362.496234013,8701599.295719087,4950367.725944224,9013076.59127031,14754677.984762138,34361974.47612781,51472787.22915821,59690659.0953794,41844978.49417182,12806750.378882134,17728299.033819634,11572119.563047264,9859515.65753901,20731773.040846508,12659244.438899063,25299635.343506675,43848569.3551952,28610521.17918148
Audio_healthy_motor50_base,healthy,motor_50,107243928.63015446,34044245.30021922,14429483.079970432,7440714.254698266,14281636.707543243,17951877.16018438,54701879.4951667,116425221.49446112,95998522.11346978,60042754.61427724,55101480.302905485,11017739.564683244,10339136.206002899,12034152.817706298,15121513.199583521,24242152.17573841,103591079.29451855,60724655.8831587,74054003.156196,131951775.53523792
Audio_healthy_motor50_base,healthy,motor_50,208602842.83632892,117176008.39144288,27547104.913791317,12678020.562052693,21029979.510392524,11618530.589042414,113209423.76737651,181731262.00859156,113741510.14438014,65214147.16095762,82279659.7616293,35209319.97897681,27763818.354748975,57431408.80573682,42661149.006476894,74228448.42162839,73601454.33889547,66714839.80061589,95438182.84435518,104441912.47334775
Audio_healthy_motor50_base,healthy,motor_50,44955880.44972867,23016307.786761392,19004561.12262825,19172885.584091913,55986301.467483565,41027155.56656068,74719584.95551968,147115636.85593164,155395268.25799,125298478.12748387,84864954.5521715,52787804.31550801,30386223.472853206,37956153.814427465,29179203.99326708,41241017.165977076,38816204.96262309,79441661.14026886,198052708.3745141,332692863.4613328
Audio_healthy_motor50_base,healthy,motor_50,16137556.736021679,14282866.345581744,17070041.51095516,12653236.478161057,11370026.305966295,17449478.814141188,31035160.984596763,44527700.82756569,94269127.93417487,63335022.64052362,53400221.62595986,13829444.637948262,8484448.060896477,25090372.033087395,22601991.464363698,28572327.15988947,24722669.562766533,49819527.89235954,56376967.46249196,39350853.79394001
Audio_healthy_motor50_base,healthy,motor_50,107661143.6167818,32964034.04850329,20006110.05287018,10363212.69376903,8596462.971432943,10255590.774815662,19544897.77734796,30998356.972571045,59898926.035535224,62335389.0074002,41588973.70923308,13029510.293903533,16334631.169277461,19971490.814823303,17681069.732170727,25977669.62350037,30898998.474870864,43804811.82633072,37012196.219328344,124106489.94771723
Audio_healthy_motor50_base,healthy,motor_50,45328657.98682904,12496673.63809926,9355583.691246007,8045568.023795854,4750854.930205568,8557527.773929581,24740163.366832025,37025804.74499855,115691592.89886576,76663426.87798356,52499730.9521469,14250351.257070605,25979418.148818057,44634971.61121926,14841533.403795125,37329691.062748305,19438278.054290615,86175053.83727163,124898766.85562721,76994035.37584402
Audio_healthy_motor50_base,healthy,motor_50,116597230.66970348,57062642.95943217,32879192.784930367,39727903.8113441,33114599.27406008,33540656.477270745,335140748.4099306,372902795.35226125,141683811.90134686,132791578.43296953,115294324.90776008,22165328.446703047,29384720.765259586,24625069.70112827,29224506.79894326,24220977.146619625,30317436.084701575,33886055.1890748,27669627.82522454,72195979.08969732
Audio_healthy_motor50_base,healthy,motor_50,19599031.562113527,23691061.793543596,6969808.416740198,7550020.815542146,11231048.236119043,9943901.243548676,19564791.227587946,33623070.62581057,134658310.61981046,93780207.27207443,64991194.33061826,59585887.01741831,56777985.96448368,16700377.322177073,10125217.040708352,9128547.227129757,19338084.448704846,53178245.13317726,17976190.679089878,63573829.31691407
Audio_healthy_motor50_base,healthy,motor_50,16945117.16860687,10989183.205922294,7605534.005370142,8192277.409311654,12368830.281470131,37077645.705795154,226417956.95515174,230033955.94165555,678098615.3153026,181005281.0539472,76493146.22990093,45898234.77694261,45144568.868316285,28556524.405943032,44759525.00830432,61571733.344509035,36618748.28089829,52885337.77752825,79424935.52351859,117627176.01111859
Audio_healthy_motor50_base,healthy,motor_50,25993013.930403426,18895325.331404433,3706494.877560469,9453302.560225006,15371451.833774066,11407637.730704524,32521009.56017991,59474740.34668285,91685540.46589193,53291165.84705197,58416461.77937672,8396403.268160002,9111712.792771654,8539365.271367101,7899690.8269450525,8261874.703746183,8794086.480905188,16346317.93689618,30395380.612018783,20317920.713563107
Audio_healthy_motor50_base,healthy,motor_50,16532216.544425724,4954215.9514118675,10539520.590759853,15722113.842433518,14168851.820208693,15600761.615808534,72191540.45598577,125485528.97159216,181094499.07814738,105233379.14783554,66967703.88160244,35412528.98822667,29231581.961209472,26796533.14781654,17367909.808856253,18196426.981261805,17267780.067071225,31888835.84756433,31691308.24772955,49714212.27269695
Audio_healthy_motor50_base,healthy,motor_50,48308179.431425385,20027905.48535953,11451522.370572088,12630654.294905402,8705717.421875108,8784051.78120605,35204468.000803195,99995535.8163286,100811851.33846636,64639379.01956392,76587214.76075722,15497261.906210119,29424575.078424945,19753015.178745203,19145165.08591964,21328873.218922973,19860597.939646535,11695186.226824122,17326264.839158375,24664799.453310303
Audio_healthy_motor50_base,healthy,motor_50,7866619.925655911,9437986.573218161,12617272.053136712,7551561.997282842,6055674.172371482,10974443.272156877,59761163.84739108,58145671.21112824,65172135.88911377,48003024.93357358,35876789.5103224,5782596.209879828,4843753.33390362,6291993.9875429105,12251821.933223609,7483555.791048253,7127353.56055884,8998905.496329019,10927478.303179476,14632809.400181139
Audio_healthy_motor50_base,healthy,motor_50,13871515.649456466,7067235.327372899,6344208.2844161,6673346.742398938,8568638.607240867,6969182.739330118,28480759.726720408,43605210.62507039,89025636.38388772,49993509.93756617,37470131.473296635,20734382.568300076,26209156.749854177,36483665.52251661,31210842.879675087,28266425.478044145,16521290.808346516,42310702.51429156,53366852.6258574,38606168.372741334
Audio_healthy_motor50_base,healthy,motor_50,17540961.423034027,11167047.948394882,9228158.535925109,7868880.278359047,8323139.274165064,9039669.445048265,38543112.620386735,56086413.51070056,55778826.71755991,84278639.86047949,65110662.05494399,13445087.185448999,13722935.630585484,28716935.07519214,13256558.45517706,15829410.373266531,19117856.38972911,17111642.09018156,26157533.541624457,19908317.603222374
Audio_healthy_motor50_base,healthy,motor_50,27142442.605899088,12139498.872409757,3107161.8345106426,4306275.82136427,9430650.54080046,7456202.068076211,17349112.909295127,20165481.169931807,49728842.12254058,56765010.39142874,35908558.19467141,5918392.761072206,5236174.234812293,7704220.686511605,9855531.172453612,3947384.3001498636,7729286.761283988,11921422.574759621,11321219.115891859,16923316.30187951
Audio_healthy_motor50_base,healthy,motor_50,21185851.728857845,6628443.380062131,4812138.503802367,3849003.993987618,7192378.393822147,6802586.989955796,17979529.67753869,27878544.569225725,47334989.23735592,42614668.90250776,18982769.52400024,4354498.827471536,3637878.5783832828,6585525.991522682,5329515.792885895,3490634.312431042,3948842.531447576,7118051.301483754,10580821.934629448,6419251.642678193
Audio_healthy_motor50_base,healthy,motor_50,44341808.39574142,15885246.972712,9481997.676114285,9683385.992050428,7887004.002275073,16539848.415932026,162541015.33865112,180406266.21639985,244234502.2004447,133865335.01109754,61750345.045527175,11856764.747964855,19272788.058230016,14249664.392683407,13972951.045157144,12594068.882502321,15987672.745614618,26827442.07698761,26423781.237124246,50296204.84182777
Audio_healthy_motor50_base,healthy,motor_50,54733664.750481755,21960161.91010341,18724641.765356235,10227906.112175146,9198001.684779374,9827425.829932071,27752551.323265225,48016572.40322379,82341210.28839459,41480374.88948569,32105551.495569173,10157101.17097435,10451571.743532797,10114904.453893632,10484439.48308387,9881990.70320283,11063285.788001722,18515328.02083859,15338311.09629473,15423637.377525806
Audio_healthy_motor50_base,healthy,motor_50,22101548.378272187,6525726.703788664,5452244.222192053,6517919.538923434,5679852.423672479,7943855.41340904,19130404.774117697,45312259.53641243,167108118.52922085,82190973.82205926,29098219.8795206,6837576.7586722225,5197845.624985612,11124285.661474818,15972971.054718763,17435560.443855472,18683867.520091657,44313752.112213485,75770460.95977862,41755665.9759324
Audio_healthy_motor50_base,healthy,motor_50,15101555.724282406,10992326.715542108,9998091.469145102,6466330.633047989,7926629.932002668,5555793.613647334,14377779.66954813,28884384.33275207,98916946.14898989,87646443.3558503,58649814.21793112,9673166.920620913,8239900.040498728,10620426.015173154,13137254.188304244,6919110.230153212,12482123.166939761,22866068.68949131,12946885.46954004,18874539.351066414
Audio_healthy_motor50_base,healthy,motor_50,49532807.79921708,23366938.617988944,10639249.810121242,8657577.881143447,12051969.20280229,12652077.022378307,51399691.43573626,127457037.91371602,110794009.06670035,120428578.48057716,57087456.49538977,12714615.10928816,16431996.495488076,20992956.634837173,27669321.748011325,25697615.95960487,20845818.673834734,66307111.98143439,45087493.070659995,79584832.75744396
Audio_healthy_motor50_base,healthy,motor_50,55761679.09589098,26793988.486555614,12543494.22599044,16132192.411560714,4750399.970290218,8554902.710339596,38785050.22212107,61526071.36154973,59225124.483629934,52040983.40167282,26377980.59858293,5896222.874367954,4626541.613285481,7913252.180093437,4697862.565210936,4709411.474580745,10716233.200115796,9159361.180062246,12023896.169286419,17141050.03984922
Audio_healthy_motor50_base,healthy,motor_50,56788647.37734931,14587938.943140395,11364080.28451464,6034262.068218706,12072109.776202926,16614538.016876832,45387457.57958898,103654129.7589763,118368458.8335367,93110052.05472504,56733936.092673026,41231935.69823535,15018404.655830218,22007222.637373634,30641773.070880987,20781652.124268945,14567024.012233937,39413881.97611067,40882484.654878035,62332351.61590294
Audio_healthy_motor50_base,healthy,motor_50,140023119.51193687,12690990.801985921,9079048.637654584,4312955.487345276,8085489.773568848,19390594.695558373,35395611.74616932,50976243.38607782,83573428.6069052,76703618.6219121,69960602.91536835,66858713.98908425,20752709.979932625,17782765.973804947,36787909.90141899,30449262.044609983,12478449.031441737,21532520.488261297,39257394.95393166,25348829.177056562
Audio_healthy_motor50_base,healthy,motor_50,16410140.791486138,5329607.0860359715,1464462.1505588111,1464626.7074302593,4202001.293618185,7195922.699434901,43522843.52109054,29410208.760330517,148429286.56767783,109653495.45445858,52267003.49087852,12414605.448618283,7220681.923045005,5302513.083546599,15311559.879774867,7962972.336218145,6988090.1285120845,3748138.378989068,4475340.165751326,8307526.8961115815
Audio_healthy_motor50_base,healthy,motor_50,22630133.65203302,10599486.47465514,3085124.619045776,3682399.4349195277,4882862.369675279,10229629.836470325,10250348.499378087,11702491.187766695,12535470.20844076,12507968.019100934,11846946.367410375,1991302.2623768032,1795393.1951200443,2118328.1005643425,3504741.8300038697,4103226.3902228866,8914122.794449206,9708447.473428275,11845321.842022127,9374177.567196622
Audio_healthy_motor50_base,healthy,motor_50,24685227.225513957,16911084.04543151,5517095.4660321595,4174890.3273533215,5360201.583274122,8216780.724679901,9863585.418764563,7220538.771373684,5103249.8857994815,4343289.813517557,3720592.479664351,1745131.961084407,1480652.7710956882,1091209.918227201,790185.5229812714,1154244.4847547985,902313.5460583264,1106130.3319322981,1075968.305609099,1679904.0150808992
Audio_healthy_motor50_base,healthy,motor_50,12045536.015389273,3974291.076558597,1402944.0456564098,1850197.6585357075,2036248.582631982,2459447.218964764,1393111.531852664,2539506.1769448724,1761011.1866764394,1325043.4030352202,959655.3411158441,829725.4824882023,558276.1231318262,868366.3141607491,518200.33663749095,879468.1887305987,902899.5187766119,765982.5307528327,782615.75117326,685545.9532053223
Audio_healthy_motor50_base,healthy,motor_50,1593123.05699954,1014236.2057743631,622595.1991280415,840016.1730475673,877521.8586039292,1762170.0417776285,2229289.744440154,2658039.101365511,1785360.0901928917,1266880.1433966956,1475096.973592282,1053275.499030117,776695.8985573953,884347.43683682,1510825.783992212,1049678.4807776785,839685.7956797061,1422751.002757442,832442.7810381264,914336.5021716096
Audio_healthy_motor50_base,healthy,motor_50,4675739.159098867,1732769.4696416873,718542.9014400432,831925.5120030977,1342507.0833860517,1941103.096157789,2656540.482479249,4292260.305309321,4189085.230995173,3006596.7316478635,5284549.969691256,2038930.429518337,1275869.0626034266,1386396.9629346803,1388647.4613071843,1029586.3233918356,1172453.482148415,1426942.9856155291,1461285.508640608,1468521.6825740002
Audio_healthy_motor50_base,healthy,motor_50,13973171.396839272,6600232.453761527,2914684.373636638,2608286.975373077,4173101.5012066504,5415976.350663787,8301737.547389984,8415426.038108334,13008888.113878964,10224884.430899918,4793404.714647072,2618566.978766875,1431293.0879018644,1926019.5823881468,1867881.978819308,1875159.1905652878,1750364.8923717306,1836636.680628102,2347830.1581156217,1392808.528797404
Audio_healthy_motor100_base,healthy,motor_100,0.0,0.0,0.0,0.0,0.0,0.0,0.0,0.0,0.0,0.0,0.0,0.0,0.0,0.0,0.0,0.0,0.0,0.0,0.0,0.0
Audio_healthy_motor100_base,healthy,motor_100,0.0,0.0,0.0,0.0,0.0,0.0,0.0,0.0,0.0,0.0,0.0,0.0,0.0,0.0,0.0,0.0,0.0,0.0,0.0,0.0
Audio_healthy_motor100_base,healthy,motor_100,0.0,0.0,0.0,0.0,0.0,0.0,0.0,0.0,0.0,0.0,0.0,0.0,0.0,0.0,0.0,0.0,0.0,0.0,0.0,0.0
Audio_healthy_motor100_base,healthy,motor_100,1.4582060123327087,0.5956552221957153,1.682706591531178,1.0333813019261153,0.725971872764323,0.49657204330294025,1.147053630853539,1.0014755734961123,1.7051193848830466,1.4157712381818939,0.9121952067866792,0.3644164721391254,0.22962689851963583,0.3633615686484392,0.4439001468135098,0.6036756869075237,1.0466930537704013,0.7597514404857272,0.7355654125831701,0.4181194323295554
Audio_healthy_motor100_base,healthy,motor_100,308345.725164779,745239.3847461725,888956.0193926769,762409.2683866173,494783.18759239186,379810.1980078939,525766.7443866514,243023.6436564151,135172.19769969935,154949.42502445553,158037.98480927414,73012.47123215602,23090.78682219826,9809.670448439001,27322.50623435218,80136.12188287276,43108.10999576738,50042.74699932275,50546.78330925706,70935.5383930344
Audio_healthy_motor100_base,healthy,motor_100,1708486.848953218,9471574.419815574,7605202.366247918,14134350.915265102,3744885.7585423356,3555462.589184975,3082560.124871372,3913473.0936684445,1796507.708707457,970563.9031358021,1554632.9045385951,587117.8376343569,261487.50119931658,70307.74904195691,263182.20442692796,645439.9593212457,394590.17075073265,323276.0717335058,691302.9148647139,570906.6383253154
Audio_healthy_motor100_base,healthy,motor_100,13951870.649543652,22026200.05647522,31759106.178008236,52051052.44382852,13537234.409673402,13060633.15151786,15657685.880183633,8667561.782770006,3556134.4589579706,3595204.536638897,5636444.162750611,1408810.5114548604,1003957.8363411996,203665.27428471931,820161.5551703294,1000797.042196466,2338858.006446845,1177926.0435011762,833613.5227570367,1854378.2950849312
Audio_healthy_motor100_base,healthy,motor_100,15994756.05058112,43632840.53282861,69889308.38984704,47916351.939174466,22859459.667437322,35728326.8963612,18625568.26704193,20036522.496898647,7699214.897448566,5010244.737064244,4107745.8407668523,1355852.0320248995,948695.6578910912,165846.3387827608,848128.7429545824,1293292.2256044436,1369850.1313079463,1501185.5661929399,2551572.246816268,3597195.7034841124
Audio_healthy_motor100_base,healthy,motor_100,11163526.595572464,30296401.81467877,25464837.566344652,32444030.650511414,33193337.18001828,19231610.256073393,10581923.20314444,10828402.324202958,4758561.159427868,2668876.7776497765,2003263.2871657007,1213962.928656402,693148.7555519397,136727.39014788106,709904.2689715968,623538.8359438416,944797.9653100823,682313.0690029656,1275233.0443341057,1927473.276284006
Audio_healthy_motor100_base,healthy,motor_100,3945898.6655372223,22703768.508305665,20887962.6242328,30422765.08718896,15902898.94739687,23147743.276702113,11292595.976885412,9978573.02787684,4156350.4195647202,3330360.0873244773,2029828.0501869088,1616567.839090468,769849.9439339226,121822.58202424942,674622.1420685744,913907.388763968,878180.2646988056,1056408.556202828,1072894.4950458452,2000532.2791245799
Audio_healthy_motor100_base,healthy,motor_100,1897586.1826269445,16366072.135148015,21092809.305102002,12242175.170197781,15974866.843380837,12063340.310978264,5559731.369472022,6266150.294637435,4560871.422759135,2446372.6488201674,1478962.863104311,1561843.905732843,575883.6306227159,70722.16652845537,571854.29837197,872463.2209577822,452772.1093189615,887372.1226784923,1282916.6343138097,1025923.5914106338
Audio_healthy_motor100_base,healthy,motor_100,826638.7058680862,19821919.419891432,38992825.89200183,14526388.027517794,18172173.5283751,16614334.995322164,11681249.49915743,5736761.904433456,4776254.849743751,3385135.1902936893,1481191.4570307888,1227354.6881442904,692063.0950232776,118102.7740668184,668137.9952841195,650029.6981132017,733467.3842368894,1073178.5624321953,1211020.1125304566,1142959.5173846732
Audio_healthy_motor100_base,healthy,motor_100,2348187.292327458,14830564.924548332,23848232.45285362,16855067.33410959,11086805.186964888,8175361.037108252,6166909.721460306,6447536.766972498,4073196.525112824,3806320.00918872,1268971.5494963857,1469482.006557183,758807.0140890238,105081.44182586858,739108.4868424442,738880.8937751035,716957.4716984269,1093086.5433410876,991585.5620894986,1158330.2651339166
Audio_healthy_motor100_base,healthy,motor_100,8493955.294745943,24357795.72970757,25990088.657082792,22230365.64630841,31215151.03072701,55653701.877231844,18627288.862637192,6248315.867945259,5581753.970595221,5464701.071174522,2702540.361306584,1617544.322320706,761491.1459453045,207608.5508750144,763033.8337295775,932322.2640383451,1334947.3250106664,1391663.408562398,1349684.6900607666,1249093.8871843973
Audio_healthy_motor100_base,healthy,motor_100,2029566.023108588,13984422.955324695,16819388.769462027,20328259.961006682,25041499.58296536,26886607.195817478,21858573.93426503,6245426.3121649,5761161.20239185,5782232.802842851,2657137.4288050043,2165813.285000916,731129.2432341464,176063.68045539092,833467.1845885315,1167460.333254709,1274529.4602039354,1823536.5065592027,1680012.320196599,1457493.7645427713
Audio_healthy_motor100_base,healthy,motor_100,112195448.42228921,54529907.04608062,212373932.31942302,112255199.33550872,27465448.979603127,28777444.4036937,48200008.191795655,14302632.02182127,11159319.110420581,14549314.86215952,3289249.0185890784,1843531.8936379894,1561715.3941017126,273671.46790682204,1181406.58289018,1062266.617900704,2007726.1147920806,4945726.143067542,2034630.4223203405,3794333.369218815
Audio_healthy_motor100_base,healthy,motor_100,23743269.742052108,36799443.69626613,43956342.79970523,18415699.909239884,23658083.169894163,31308877.410954062,33959652.01261767,10631972.237079252,8450061.957702674,8626968.886164503,3265917.3964483636,2165360.069581966,1036998.0530564839,208857.60397749647,973227.5279935917,1178929.6866648255,1897711.9453936708,2539740.60648849,1318817.7274950847,2981502.5248434334
Audio_healthy_motor100_base,healthy,motor_100,1139005.2916482186,20745971.361402694,31985132.037137564,13672253.697557645,15428960.766015273,14279890.050369332,9682093.838366726,15118418.97872115,13613908.419993145,6495049.241620484,2006140.254351535,1740780.9435031028,809412.1900668774,147830.3294393559,850285.586678295,1104566.9251968823,980735.5818232849,1922875.0983467116,3370597.471452787,2342692.870064708
Audio_healthy_motor100_base,healthy,motor_100,4533816.0571211055,37468346.93540037,99025790.27564639,64171567.611464165,54147389.577216186,63464766.915396936,37120335.31394769,28776272.35359233,21582020.021912318,5897874.713949381,3555529.5011030696,1841651.130939616,1033716.6977326302,178494.40364951495,840061.1488621597,1277259.522066601,1153041.0043624819,3389418.051810853,4140492.2805962763,5005395.645200098
Audio_healthy_motor100_base,healthy,motor_100,13445697.784519,120963999.65109226,158807281.4897566,33752231.48292589,98374565.68882123,106853968.38390054,15299424.198427284,16851955.3132897,17856780.52899573,7337592.859925704,2434174.1211388125,2548693.025722527,1588186.9507557976,183277.31960526295,1327920.1986797785,1590647.8271538815,1519660.87895927,2096780.324152517,4369846.741434067,2504820.1019974495
Audio_healthy_motor100_base,healthy,motor_100,3682873.1727989307,73787601.72979438,88243511.26194763,41727425.866871774,64645943.87431916,69612423.48151189,19239695.502809145,16447518.368857363,28914936.65328261,9279365.835330347,4327904.987422261,3265617.0035571065,1119124.8410842018,222135.29977828628,932415.5306918784,1995241.4159914912,1974252.7290476449,3165530.946821101,6106773.2402127925,2515590.6039321013
Audio_healthy_motor100_base,healthy,motor_100,35082894.249307275,245530034.7277172,1228184703.2302787,85136550.768862,170634737.8139416,873480536.5986282,36858389.003892824,63909571.214952804,76222807.72616497,15851593.011276815,6299443.03290496,5315757.247815601,1624468.1301543189,335408.3242526155,2102542.9612507406,2537654.341337951,2966623.4386503347,7215199.167702766,15435590.742573548,11370700.196820673
Audio_healthy_motor100_base,healthy,motor_100,30705121.908424728,125281773.92783429,503302228.13513,89999190.50446913,99669748.17329966,628783464.1693649,34822674.0035841,41816373.4559617,39240955.281620525,21570251.523830153,6815338.852562142,7272605.341169429,1554970.5900128428,381860.3346239995,1382886.692231321,4091564.133171698,3185551.1055195793,6526939.87858079,8568010.3595187,8609709.046507541
Audio_healthy_motor100_base,healthy,motor_100,56818260.5239275,201475216.90283558,251907648.658723,180565372.68821982,143297825.33095247,234309021.64860615,49690755.62173549,40775328.166130304,29092082.47093347,10889505.614573665,5643522.305019142,5898651.318046998,2114659.645500329,320443.2812716902,2005025.2574573816,3176613.202831392,2549630.215237165,4632648.1392299235,6578157.835097112,7875563.089951905
Audio_healthy_motor100_base,healthy,motor_100,2791271.768464034,91854130.32371005,203814369.96439746,63130027.8127722,52408785.5740939,66363514.67592062,26958533.967385333,25719926.683395848,22973244.289652415,8991032.78418544,5751978.779344152,3132111.7948517036,1245891.262423122,356458.8333116036,1252141.1149497484,1858105.8305296968,2768624.4095451264,3346286.690762611,5672479.875423702,3913304.722975302
Audio_healthy_motor100_base,healthy,motor_100,6766188.4929458555,32558307.698137507,74969699.65700457,33083701.334403288,40416581.272932,246526433.48135796,24292462.888504464,36912301.751664735,22559330.026811603,16570466.4493524,7384004.979140011,2756949.0817471957,1030470.1559113833,446825.6445192612,1060844.3515310318,1538452.1939247563,3745159.8018494053,5087939.843553437,5209020.001941333,6065027.699770173
Audio_healthy_motor100_base,healthy,motor_100,8049534.861583127,47734997.56719617,102085908.96015678,52630576.243055806,33559060.621226765,171410619.1137958,25719907.66696079,33512070.36703637,19417658.901440613,11219385.269073894,8061696.206796684,3257798.2192269745,1492013.696911885,363757.6817044084,1338889.9880388447,2151280.6050083297,3560309.631728772,4367635.434303642,6060009.126834591,4704940.076851562
Audio_healthy_motor100_base,healthy,motor_100,11585477.746439816,62778218.15469684,76612351.54105644,83435661.89464189,95604259.33442846,323449316.9653782,56547586.37062879,58361010.297915705,37204090.52037067,28712819.673045225,16690109.092627445,12671512.97662902,1714653.2603015674,510561.0717637732,3077640.443257852,7142775.51482341,6523388.50599718,7800555.445298895,9135695.279853992,12474401.774137374
Audio_healthy_motor100_base,healthy,motor_100,4406396.672455526,55560714.80176585,164411005.45939878,78446171.5234773,78952993.78366062,124422370.13862585,28606209.935851477,23895648.04445209,18653493.977027893,14022868.930382734,6191189.783305061,2755749.565311033,1298145.1920751887,297630.8415263212,1257762.5749102074,1623416.045679161,2884487.3065743963,4664272.020287413,4401664.102889396,4890838.761793871
Audio_healthy_motor100_base,healthy,motor_100,4203304.604332169,38300858.462106,63579991.07515705,60917538.055908464,58020846.461674094,36512085.277963586,28289872.958624147,20884077.512702476,14624142.891623959,6241458.499669012,4102031.8623927077,2078145.827846915,587242.5795633626,160144.58943896255,602316.3432120035,1451413.1224613374,1479013.1048120928,2245986.273968206,3302470.821947553,3525484.8963934374
Audio_healthy_motor100_base,healthy,motor_100,3356895.692357295,24627471.552020565,57529878.360705964,21876987.643952746,74050830.58719625,61264691.40921109,30835259.43571533,22209102.219053682,22296760.10301693,7539340.215771724,4677780.701442095,2513180.59430091,991050.8736382786,231195.8807360324,810067.6503511927,1346448.2086156516,2063603.4129770966,2862058.2202160647,5112577.694535058,4984999.494943624
Audio_healthy_motor100_base,healthy,motor_100,3924725.815972295,42665138.96437435,85933112.4624818,29338871.825660665,55290914.38134382,36883660.63795439,32605768.385461137,21250574.472374916,12124032.844678238,7157670.626387692,2863679.926657174,1695549.1261869795,1009948.1375460977,174095.43589050788,952213.1626673907,1112754.3457033935,1317304.3253987618,2190205.3567032325,3156544.3335062317,5152389.9879662
Audio_healthy_motor100_base,healthy,motor_100,2704220.3136733705,24448553.504319318,44157053.47590912,37635824.76068025,21323149.075587444,22287700.774311375,18524593.95457772,16658000.30301357,5965049.696886468,6676034.123372654,3126611.6678576777,2031421.5213035252,831913.6756875783,162837.5839271603,890472.5754974484,1301913.4424477657,1376081.0902731803,2160723.847802282,1704048.3094779637,3571309.294486831
Audio_healthy_motor100_base,healthy,motor_100,4269932.769694255,58309715.10130055,121711251.25579181,45199025.174172685,61607335.79849233,26058262.9252803,20036741.124071207,25380402.088945717,11592819.752764653,9838821.503421333,4499732.541807968,1991623.307463219,786612.9310688282,219238.07065394268,721162.431020194,1277930.9721386647,2025778.1042453127,2754663.23343075,2909633.9158029775,4700970.469955309
Audio_healthy_motor100_base,healthy,motor_100,14496202.37162053,151749266.944081,191991234.014896,172952657.84932223,106626555.9698035,112810074.58306104,38904182.22500984,16375877.299592048,12878971.686131267,7662367.6383705335,3342213.2110354556,2372321.202005883,903099.2818442325,221151.18873944887,676812.2522305149,1267277.5664706854,1403922.74494683,2797484.5538469707,2916990.653636654,3403045.0811231136
Audio_healthy_motor100_base,healthy,motor_100,4844803.216383129,87103764.03516667,74801814.70128635,53589176.856844485,44425237.52320879,53122517.49937135,16118919.592314519,19274522.71148232,10151028.319635237,6253077.54258192,2507556.9987220047,1820669.622321286,659841.3839854085,160126.3526024939,710267.2242173068,1073201.5202159504,1260131.6393276704,1711839.4156534318,2436436.846116358,3070999.3218984525
Audio_healthy_motor100_base,healthy,motor_100,2537498.9029401,58710391.40233078,71173929.51520103,56869855.86294848,44061407.02484829,39049550.47574492,41640311.97875975,24517582.63783686,17595659.912402526,6746546.428126905,4032389.829205567,3594468.1836752594,1504879.4877789512,189676.05566171577,1420226.1865062811,1946484.075824748,2037280.6035883909,2706444.942887375,4335163.948373111,4042251.896472801
Audio_healthy_motor100_base,healthy,motor_100,6593753.864274123,132328418.24635135,108698201.2147048,100799792.72713734,66069565.841976374,24971854.18580615,26319787.794688534,22510892.633158933,12688608.982253209,5387724.42760027,4634660.773458496,3138926.340767007,1451740.8898357823,220008.78919868736,1497179.4512726262,2096038.3171876036,1624993.7861085099,2029701.6731453838,3245157.3241511853,4148257.8620562856
Audio_healthy_motor100_base,healthy,motor_100,3446337.873684047,54253549.60214403,81588379.84939744,55205975.41908313,39847100.135475755,38059372.00816203,51087080.04336561,36036764.68230134,12539390.84108609,7930415.443979508,5702765.353209525,2614233.4751187013,1712992.9873900614,263648.9443070127,1674005.1391594266,1713084.2668394304,2218451.1211113217,2052832.2483939703,3954702.68205235,9183929.355172357
Audio_healthy_motor100_base,healthy,motor_100,1342590.6386785356,46349611.88605922,123284252.82683685,58617841.47773263,59964067.93858103,43302820.28108803,30245823.824657567,22284300.779748928,11608782.778641883,7764616.437867657,3001828.989593348,6539261.019892396,1192596.1090474771,188692.5240015244,1236133.9787030336,3255547.2093006815,1097767.2834176223,2392338.2164487196,3548425.691772291,4603218.286009343
Audio_healthy_motor100_base,healthy,motor_100,8524013.278953345,51005147.42047245,72248050.86644182,69674560.69219528,60910834.99883703,52940188.361082815,18808239.431483496,24109261.462518945,11491737.543024529,6511291.043044315,2890448.2993754894,1875482.3752390712,1080609.5307560018,163041.0912366627,741970.418227903,1012550.4706799396,1261380.1248561726,2471578.124210208,2769096.5447299904,4013419.3566777557
Audio_healthy_motor100_base,healthy,motor_100,15723592.66782737,80458247.46806216,113389231.31125283,92908847.76528287,84288984.57814358,44462582.19195339,30387637.716916293,19269723.789353963,14104820.552573455,8018733.592094537,2507039.315016702,3110658.4891494755,923891.646928404,140262.87862380437,1039368.4582472346,1501563.5019359582,1112470.9057345262,2471698.2302338947,3826577.293565328,2827261.8586942567
Audio_healthy_motor100_base,healthy,motor_100,26479013.29586546,99876543.19394876,149598524.86608192,62248959.35899665,94861720.53787167,38164429.66960611,33348105.645114623,32467362.296005875,14882447.271219801,6663009.041666937,3742305.330454396,2592353.564299647,1041287.5248682994,221283.23552582497,846542.5528575968,1484176.1096971491,1695863.0212903135,2922509.307771852,3626524.70931937,6402925.611345393
Audio_healthy_motor100_base,healthy,motor_100,8638452.352818256,70251060.58685257,103532239.47914149,48326707.44024938,52393370.883308984,26400301.385686968,31925651.674635075,17502866.434816994,10649198.627556518,6925177.1262108,2837735.909537631,1456522.7269421855,1003814.1634306726,139682.96214018294,845398.3378406812,909740.8383685272,1073904.8271791623,2007995.2935652821,2971613.589333769,4510268.463026736
Audio_healthy_motor100_base,healthy,motor_100,11390828.849722281,72789350.73649617,102793449.61618583,64880983.96488905,52218773.16327609,36177139.99420996,20475200.812866908,21794694.067692045,8624215.921994666,5092736.236286109,3030723.51682316,2173709.7624166375,1265362.9296939867,143325.32223147672,1031409.4154736095,1502212.0957721074,1026820.6151136747,1898963.7620868827,2476492.278715352,3675925.039935354
Audio_healthy_motor100_base,healthy,motor_100,2236446.2294615083,76072933.18878865,94830936.64299996,99628913.9059752,52350041.01689475,38395826.955415376,23548739.84179575,17673790.057351425,9502037.780193835,5065423.630619761,2573300.8827848583,1702732.4883750475,991256.627473439,133569.4522191544,927089.0128123264,1160331.2290816426,1055700.021910551,2112122.8984877462,1953924.1372460204,3523933.0393165885
Audio_healthy_motor100_base,healthy,motor_100,3149718.858708133,32555778.857485656,53464051.071816325,58399454.61897268,40893727.686932474,30138167.669736877,18602834.757793125,15426042.365957886,9139976.232092382,5885105.361354918,2209128.012961153,1682291.090389001,1732164.904697059,146380.7689511169,1427008.6344466791,886434.2582426341,754588.7665941501,2509435.8151491624,1925510.6451291733,3015306.628789596
Audio_healthy_motor100_base,healthy,motor_100,28643867.634391695,70112614.30398394,113584398.14901733,68874910.01287349,60859154.89437008,35802979.26019516,19050052.274653338,25640137.221567146,11489806.243487805,9658863.69210428,3419605.210363594,2065358.1668781992,2032695.3721727375,174492.05427252548,1466151.6858715059,1021949.2796687012,1360407.4702525754,3393371.7263511783,3308863.179988434,3881473.2746423665
Audio_healthy_motor100_base,healthy,motor_100,12834323.942122221,81906714.30105965,115140623.13245006,91907337.58595902,81926451.86739142,56749783.07884523,77205735.84974696,25249233.153293632,42793051.90369795,20529679.695896722,5586520.633619859,2877169.073415185,1596683.8450182707,421334.8919538786,1029719.8120895142,1515513.3028969516,2552264.8179220073,7099111.857243547,8847952.506343927,6103478.871438845
Audio_healthy_motor100_base,healthy,motor_100,27976593.220091965,77764266.18989792,137244535.33150432,80701616.46425375,115293336.8489777,69093651.63881776,44286676.10940553,20299700.782951348,16905881.16087105,6027916.021291993,2860819.17437707,2132410.7331949645,1218006.1175222835,218125.7046214795,1008589.3285125684,1025303.1846745153,1485248.1584308427,2629738.518275381,4027754.6147556226,4276149.188843984
Audio_healthy_motor100_base,healthy,motor_100,18976990.813043684,33018572.231016006,56730754.261660635,30193612.293534778,29877070.65534105,25246181.45968107,14986063.306849865,15096378.516339576,11665212.129380604,6990938.1236978425,2570900.0444337884,2918179.3774459464,1162297.6618401583,175228.90159625403,1011965.6828612632,1578150.3148111864,1443279.3074058532,2478275.818398365,2350340.665445068,2961490.5067725577
Audio_healthy_motor100_base,healthy,motor_100,7418346.229384526,31101566.170020856,35200922.38654198,19693580.47401711,18081772.60917212,13210789.48096747,11730092.275402578,16041885.009007487,10266109.739321413,5868014.97948408,2793858.8482949887,4240229.223476978,1451600.7860766004,136104.75889613017,1519822.9057594547,2545577.504345148,1246423.2775351284,2159081.965609864,2250101.374541838,2491067.669983085
Audio_healthy_motor100_base,healthy,motor_100,4976735.55322645,36712084.49156246,32187675.9686611,43489421.9876575,26916948.186900977,26347812.073535703,19078369.63523246,22600069.138297357,14303782.213342233,4627120.638526204,4048000.9667247534,3151829.2931167837,2076436.954879344,116211.52213775316,2278977.4409329467,2102410.3741015634,984574.5543723772,2307505.8468447044,3534323.4264958766,3748858.4059041394
Audio_healthy_motor100_base,healthy,motor_100,14508897.855942005,31892840.842602342,47506629.15048503,31919723.735468686,23096159.434770178,22938805.492290612,14440528.899543066,12432753.442944586,17184178.91219281,5487501.231467392,3059992.349621659,3033590.878903436,1184662.677876603,163904.14721855609,1297895.3223772824,1974839.5885075338,1011809.8069386693,2168733.2234966643,3964007.155698546,2290858.494357256
Audio_healthy_motor100_base,healthy,motor_100,11005728.257497964,44589912.14154475,63800714.86702744,26029694.361896407,23197708.877068292,32197886.908789758,13333827.585223265,15174869.461923782,13486448.42378471,3991244.109164075,3657298.2290317,2379196.7294614366,1011572.9950783678,107021.77784378418,1127839.5065561754,1795159.1059018834,785278.0864799622,1530098.946295745,3135495.9467526115,2718265.657674582
Audio_healthy_motor100_base,healthy,motor_100,3101082.966345096,25651293.840274468,42713278.72633802,20964882.27310312,25520434.98827315,14689552.550895583,15210751.350027751,8250172.1840168135,8916720.31670581,4402795.120053093,4281282.098682271,1392297.3959634516,803265.2108319431,157543.24671429791,966121.6171734638,1612439.3859391173,1183802.419315596,1512658.454662628,2000118.3462450716,1643553.5999270352
Audio_healthy_motor100_base,healthy,motor_100,3072114.4975858936,27443138.02121596,88175586.28352441,30980830.667714477,23693031.317475952,17757672.655108396,14454298.725660102,12123232.545883035,6441618.394222613,4009991.1894090227,2821499.10213044,1719131.7101078012,774205.0510230935,135110.6409175756,769270.6345126225,1100504.544403382,930973.1079164303,1701752.9494910054,1608995.3309894085,2463354.4365712167
Audio_healthy_motor100_base,healthy,motor_100,3739169.2773701944,27451707.26442148,84724260.59271798,37348430.34306048,32795312.45845067,24347331.69564435,16953705.808766607,14483259.222608127,9926640.385432517,5620500.318786134,2545223.0169022954,1783478.0060195865,1228341.7792297853,160552.67728396418,826734.5928804014,1131239.8455280017,983787.061183169,2010303.6990949416,2215356.019907304,2701193.5206596786
Audio_healthy_motor100_base,healthy,motor_100,27645095.696516708,91460119.11112165,206716440.9019456,86267728.62818591,49223794.775535494,35685408.32068183,25135901.308478355,17874417.1329632,16263407.97747972,7988441.775017066,3523468.506756334,2010693.761131296,797809.2419893858,178828.8704066655,611235.1938613085,1276216.950197621,1384840.053416397,3464892.0431613135,3436914.9533338626,2718355.0180843887
Audio_healthy_motor100_base,healthy,motor_100,109713241.64302814,156567154.46457472,125234579.93612354,49978469.28855515,50994228.08676033,48245893.63402775,27727909.357774816,28803170.836495146,12869544.439042177,5437018.970172041,1809591.0091312758,2009719.2445870347,697809.9248990295,100561.61701751368,669219.4856381887,990827.9089324067,705237.2619739575,2149602.248555678,4197352.905056698,4795044.21734436
Audio_healthy_motor100_base,healthy,motor_100,81457919.51120634,225084672.35019502,400209143.1706611,158224765.6905664,158744442.6493306,104222725.6175929,66763893.27886837,44559473.75143199,12112835.022419982,7792685.759096916,3068423.5028577256,2219029.93507349,504252.5075153327,246291.25943653533,458586.62695385603,1193633.1393830208,1669963.4314889095,2307203.0202586483,3373724.5284288707,8902224.131544827
Audio_healthy_motor100_base,healthy,motor_100,12340792.410317115,99964520.38327225,77157002.05378821,39446208.1287102,57249520.00250236,48159388.57768311,22374553.58418473,23624656.446038608,13015936.800412351,7065832.862543621,3034223.7942415094,1996548.755149069,902823.7732466836,217470.96725668284,758798.4490605008,1198560.077402503,1028388.0771195395,2693729.0894001084,2985769.665022306,4542531.784756493
Audio_healthy_motor100_base,healthy,motor_100,17734627.58429441,70062377.3313029,83568813.16572542,51654647.097991794,68721355.8778551,55933167.56448234,29158483.886049792,25823886.368068833,11939687.797027497,5449622.5729656825,3031511.800920982,1558861.8380331774,964371.6795646023,108382.3805437995,770701.6896703443,1156465.2478396657,1045065.8948772805,2294620.3124452285,2908354.3600154817,4629329.5507367095
Audio_healthy_motor100_base,healthy,motor_100,2086166.5641825043,50556285.74173409,46164799.42291726,30689193.562837847,33350129.182413697,28096249.51444555,26028750.265305288,26853323.65436955,9681907.4992655,7340649.601695597,2311591.7406551475,1977955.9294163217,636883.8425339821,166840.3378371465,767367.4804147892,1207882.3809095526,1293701.3738990794,2114502.641522465,2627629.9981938745,4787460.492321075
Audio_healthy_motor100_base,healthy,motor_100,42823241.91409908,131310538.87933825,139164109.80361718,85048034.08644868,56462116.63344596,47303585.90805552,28205276.355291624,22898798.125652235,16950386.468993682,8719953.586545646,3468310.905668756,2185325.311403395,1485288.4696522392,155317.61458764444,1476207.2859579346,1110319.8638080142,1355541.5655265285,3623915.009495921,3577090.295234659,4243056.197339847
Audio_healthy_motor100_base,healthy,motor_100,132688642.84911627,129919513.9468586,246769229.19295514,149840823.14367738,134745917.17838773,123330926.70284143,54830654.12103382,27690952.955020618,28500777.436356317,14312575.40201307,3252966.509031082,3634364.478843036,1695662.9340357743,245297.40789652214,1375233.8408109462,1200209.0525988974,1996336.6888510936,5770242.931456558,6571229.6103501115,5012131.440899526
Audio_healthy_motor100_base,healthy,motor_100,88504999.38011089,310881506.08468086,406828181.67432827,263078983.57633018,272948840.3391395,194649317.0883112,81909847.46112454,56924143.9740381,36769913.387274876,22563269.617434558,4286263.5926442845,3559311.832892975,1977486.6769023817,245429.7890296423,1296485.7915211872,1804992.4055276406,2621043.0867384044,7854891.579709269,8834615.763351927,10131297.101261474
Audio_healthy_motor100_base,healthy,motor_100,44473109.7513943,157687663.25214654,235847763.25133622,178964218.2674937,165054055.31655356,98221013.16511272,39287039.34215889,35787643.38245927,23139843.61676942,9201064.03359025,5140645.827871694,3186515.0492147272,800406.4250057169,256152.23141323542,1114044.2609934523,1455557.7210040912,1826011.7199069988,3662546.2794875507,5208124.013145362,7574835.0313989185
Audio_healthy_motor100_base,healthy,motor_100,103225441.23605856,172484655.15445578,214599788.30779725,284333742.33075815,162264764.60346383,74670578.60828175,31024899.789147638,26568501.481679145,38666747.55000761,12266735.192939324,3178948.0367022255,2744670.3664709544,1394041.6370496172,180767.57335991392,970729.0928675048,1286677.9501539087,1403517.9763858558,4639591.91638797,8452026.09654801,4936963.87010803
Audio_healthy_motor100_base,healthy,motor_100,27729355.254634287,80160920.38246986,95930082.70333707,78688340.12080787,64834068.62918499,36443807.6971783,18143054.803979844,19270736.60619249,14968036.507258061,7025741.412438592,5052529.4421983315,1973948.0367322564,867552.660507859,251517.99075786787,807039.0004994688,1803995.9303978921,2139175.4332402274,1912534.8320004938,3408918.287982869,3340919.088256622
Audio_healthy_motor100_base,healthy,motor_100,38499458.69285607,90754740.16069235,69390823.59754401,89917971.80904704,69491862.0011254,37009210.66058179,23973694.126217384,20874445.731514625,12330915.357304858,8578580.648941968,3644989.9300363353,1919201.3022711861,1334585.17461262,286935.2856840474,1112864.9919639858,1146510.535474225,1615136.245484428,2914333.049665991,3396486.4082094,3775306.3113404475
Audio_healthy_motor100_base,healthy,motor_100,23826822.671790827,96104374.64724362,105308204.03521778,59108571.03389748,48381386.738985024,34496111.76031315,21768083.61395896,16319132.641065674,9637180.012264352,6914848.796599531,2643900.6922964104,1819411.254336466,1376430.561605136,204987.9393546723,994229.8637284896,1020828.3864093601,1234092.0258774466,2423697.3780075125,2435486.8845832623,2944800.5011397838
Audio_healthy_motor100_base,healthy,motor_100,25817887.509920456,84270117.30969979,62145942.74828428,75581565.24419923,33232737.548451,40760041.42385527,27808843.90040901,15977276.373746065,9292444.586671535,6103643.309506694,2178890.1922354316,2476974.692471745,1245412.940791646,145496.56541708618,1204959.3610143056,1317528.713483343,954583.1414931408,2276615.3249310134,1939137.1920245527,4066238.492291421
Audio_healthy_motor100_base,healthy,motor_100,27152443.87508554,133426051.15479718,134959159.7966186,109431615.04150125,38993976.198122874,38365239.749416165,27322133.61961296,28754242.73177958,15944424.37532146,7427062.72967363,2633478.6154495887,5566483.767199026,1340685.359928972,180699.0893121374,1271548.2408948722,2913422.3918022066,988683.6031210026,3007693.17343487,5132539.934900149,4569285.937731379
Audio_healthy_motor100_base,healthy,motor_100,18487948.199528605,125768018.975652,75740773.4526937,101351749.1863923,75109121.99260221,49057471.981545165,20463656.39269867,21252526.003781304,7170306.931615669,6975611.375906863,3502695.110981626,2393091.1001767507,968160.2921432208,144460.2700447572,961400.4785329577,1919873.2727165176,1151528.3096482626,1985004.119549477,2220040.2736255145,3613320.4747262155
Audio_healthy_motor100_base,healthy,motor_100,11872646.043168513,74233138.48110434,51433158.170017414,44102346.93939574,33045717.90541552,33349945.72630628,17715668.254163086,15942984.984732343,9556055.36119937,7412046.381846487,2809397.9825416803,3159033.587692062,961015.0846021018,192956.87458680914,797795.7811985777,1762434.1962075124,1493998.1440452982,2314020.434426674,2514415.122194272,2486881.7798330733
Audio_healthy_motor100_base,healthy,motor_100,22672665.458765794,61156333.78332404,76552158.47775775,52105783.18165558,57362901.24167906,23896141.28336734,19310543.575997062,14461372.102017106,11580800.98545797,6729004.63400533,2166415.937938047,2310487.1061437065,969882.6095516627,107328.33559055672,962738.1935426577,1174746.7699883871,1002070.0500935203,2705679.45896918,2312796.6275279243,2746683.3980392385
Audio_healthy_motor100_base,healthy,motor_100,33092897.7125645,132871715.7290652,46740429.90043641,37863780.845894046,54268212.113896936,26594655.762466773,17175224.944049396,15745929.849323548,8730935.539462509,6576998.289650703,2680877.67031362,1280861.3327954481,733388.6586831148,166403.17723614036,647594.9205506524,801502.8069929339,1175400.3698030915,2333547.008629163,1765084.5829867874,2754760.652817551
Audio_healthy_motor100_base,healthy,motor_100,40276676.7084907,91187814.18495683,46166652.35837537,30305632.680933382,21059136.099805303,25772425.711290125,21744506.81632445,11535024.986487146,7462913.890214681,6239353.8642465295,1989541.625204962,1597927.3858397917,881987.9557146754,157301.72820490802,761265.6678892946,1030906.5406539636,802116.4347371096,2431431.202943508,1509505.7018224653,2786139.4828032306
Audio_healthy_motor100_base,healthy,motor_100,19110109.69819021,83991386.6872547,33167785.962347876,33568916.75766185,44973798.65368196,22579398.76384117,17554504.533413626,12138437.787245335,10306094.807161992,4000029.6518503325,2426605.4950848958,1273084.787153105,554241.9286664877,153685.0237020723,489807.9299192065,776052.6234215831,770973.7903362755,1694010.1953715268,2409337.321134234,2586388.2993298676
Audio_healthy_motor100_base,healthy,motor_100,11333951.149019396,70979220.6908331,47373171.945839755,77495814.44575512,33127555.95323359,26370277.03053559,20583433.81093881,17937384.18376487,9520595.84617743,5957899.500940841,3033160.572050269,1757269.1438449114,1037495.3194528798,115175.37593984538,1019866.0838863939,924965.2679245431,1002436.0884550912,1982716.6126924993,2808322.5491582276,3458126.5170268845
Audio_healthy_motor100_base,healthy,motor_100,27304710.31300839,72031580.73876244,52068876.42381692,47228200.37324056,24230518.05963536,28937986.3407913,21380792.122424178,13360495.558834033,12698676.87934456,6699235.681657692,2646737.7793250037,1387153.3148013954,1061539.1324080608,167057.56523128052,822179.923313954,905670.1983761892,1021308.0870900411,2685737.4918996394,2495087.6629430586,2706286.107174113
Audio_healthy_motor100_base,healthy,motor_100,16480152.709040288,42451920.20073071,48549172.281191826,29171129.03540409,33652414.34997104,22843641.163859684,17487587.847931184,13784042.728825899,11622168.251565535,5731230.89145776,3225217.5832208167,1445764.428230089,784851.1985754357,148581.9776285034,687538.6373348,943236.4563202378,1058024.6267217374,2573330.2839867375,1852917.6343972154,3022811.2687206385
Audio_healthy_motor100_base,healthy,motor_100,2639333.157026255,26864653.014182664,44254082.52185954,27354685.627883594,25072586.78380776,17304070.83424301,17304485.98034202,10864601.97061944,9215502.323653396,7707091.636274583,1950757.8406202698,1039881.1913364556,724248.1560512976,153450.04603726568,609376.2451938975,641332.7853498313,1034524.2389747611,2869911.207180709,1793088.5181662326,1965702.686121205
Audio_healthy_motor100_base,healthy,motor_100,1534620.226075979,23640339.888059795,35924881.79045829,34760854.15626316,23239424.755148765,17993605.8115164,16919188.227361523,13819214.03098931,8418267.52080134,6176567.245134993,2513213.7218514336,1752542.3388813192,1072877.2313645768,163525.88619051824,968888.7302749375,995922.1665010208,1147462.0435308923,2310085.7740882784,1925516.0343290993,2691903.7176803043
Audio_healthy_motor100_base,healthy,motor_100,18390875.195296776,44431238.514480285,33881501.46937164,31537126.89150752,23601452.52942424,20228473.65294752,12124792.559037676,16199808.816082906,11268831.339094307,5649063.909704473,2780160.8702278393,1585212.5103625578,854031.1389525278,165700.81728984896,708343.1994893485,967692.1837342968,1140135.232557569,2397925.776829429,2016403.0782317147,3164718.7429889604
Audio_healthy_motor100_base,healthy,motor_100,40972415.33039818,346416184.45059717,46178295.33875746,34468020.27613638,24226259.30075742,27386550.62116108,19803011.073530313,18783761.791669376,10719160.548293075,4924987.988960532,2275910.882409133,2460620.0965266004,1015990.984313262,150503.341768038,944742.1660775744,1409185.8047507908,989966.5067740725,1904488.7722920554,2435472.720882054,3672471.038575709
Audio_healthy_motor100_base,healthy,motor_100,23553098.581013292,88561741.1883761,49059440.766897656,34040902.5280035,35495573.41254969,29605270.62598435,20635385.89912281,16572139.893033296,14339269.944890957,7677691.80112497,2804011.939180078,2890501.6606420744,1529577.7700919202,306142.7980369558,1557409.1098722292,1438396.0022596214,1539884.6909940257,2443724.9651854103,3595644.51725866,3006127.5226628557
Audio_healthy_motor100_base,healthy,motor_100,45416251.40406934,156578227.85178733,36791802.86076688,52346801.8030624,33360124.68578604,26608657.517384455,30452209.079329334,19421907.72003154,9172654.351935128,7613009.037556994,3643648.2553390856,1981230.371003343,1133638.1414565912,245889.68170529982,846568.03788365,1511537.7207079171,1317054.3030791192,2619632.025572708,2581286.1795226187,4184693.008166727
Audio_healthy_motor100_base,healthy,motor_100,32411044.63351854,131043152.91821623,40230129.93721094,43898182.36864112,20604062.840565775,32256163.094042502,14125323.160202375,17311865.764419507,11649441.631434014,8601902.697977267,3360815.057714375,1554337.8537838422,1037595.4557795139,246805.77801533666,728751.861225571,1257716.4696485682,1565072.2016748055,3078618.8985844073,2722846.074010764,2898505.888716131
Audio_healthy_motor100_base,healthy,motor_100,8953318.006129976,98637379.68610281,68723607.34552154,38263910.673808046,29745170.412113678,24991743.75273025,20329053.71976242,23685162.681545008,20321864.342116132,10489069.614540378,6189895.537809555,6287589.809144102,1839120.921228506,339941.9746829254,2710367.0489673093,4140896.890057909,2794408.355872067,3900872.708908766,3769844.063148165,3569682.963032352
Audio_healthy_motor100_base,healthy,motor_100,26133291.234010328,69555700.96993107,69700130.54986556,61317541.25345942,38252186.42507393,20773671.95571909,22589724.38465361,35193882.50212665,14213675.862586603,13164782.026238421,7009534.84419752,4172087.3768041166,2793816.434558319,247513.46260286742,2890777.923282187,2764810.5777184544,2783589.2688331353,3760403.0833424907,4103699.6564122913,6185699.059722855
Audio_healthy_motor100_base,healthy,motor_100,6805006.044564487,53016546.93177304,55255209.294396035,53741493.46343934,39898974.63067456,33919040.04930021,20832243.071884666,26377758.702936307,13907296.586467616,8539733.949636664,5656491.071432623,2467694.7744103055,1885713.5526182223,225500.1175315335,1328744.34982992,1572106.8165232828,2219277.739664927,3294698.587551564,3792037.3611998055,3883813.957464917
Audio_healthy_motor100_base,healthy,motor_100,19786684.390296917,36615079.30824152,62434465.002828024,35214127.51064351,38934308.71646791,24531834.187702373,21087107.812988464,19188413.537796214,12109329.23017802,6750026.98381596,6299917.414399508,2330639.047573552,1239165.352560701,274820.76497272693,1076532.0165417262,1875118.5697836427,2127960.5001176405,2915648.210015875,2763320.4425418745,3663573.3400504133
Audio_healthy_motor100_base,healthy,motor_100,7763482.188290784,43385633.27969324,57031957.33110576,68158882.86592272,52825085.51535634,19385255.7493253,18999179.907874875,21935612.751427658,11578597.889262322,8599034.668422883,4953409.999968694,2910817.487797745,1277847.886176792,267471.05744420935,1137261.0822463785,1761001.2616854508,1808883.4610993082,3444678.672745778,2500825.5192464637,4402220.656266304
Audio_healthy_motor100_base,healthy,motor_100,5092070.245209893,56173062.00047269,63228544.99216245,55665367.76589076,36975938.6409058,29300141.65960884,20087097.76305503,19410400.425261907,12521568.189266281,8807073.970145684,5606879.338085045,3365689.1837509517,1402618.1253028898,303078.64261660306,1476817.350839228,2070822.352787212,2492177.831828495,2436331.6863988647,3061169.813608952,3920589.1118395715
Audio_healthy_motor100_base,healthy,motor_100,29486705.78338623,75140371.9313855,69827250.1634092,54616736.885268904,49789078.72257908,27547395.597969856,24390125.652292393,21862128.765453745,11320304.911707224,10245457.035840193,3780019.8783167913,4080627.812306866,1163517.9877534204,206105.55829190576,1403661.0611067298,2333298.8739037486,1788283.3572306153,3233830.5946178716,3643391.4701321563,3634103.5024356847
Audio_healthy_motor100_base,healthy,motor_100,19103634.601273738,70702120.15868266,64558290.00760405,64172287.23290014,47403346.822941035,42766528.605031654,34699181.1860867,28981324.66427055,17156592.880134806,11483175.5983029,5357710.785433858,5892905.617212506,2822297.641949305,347888.3400044552,1904326.8098166198,2628060.2102193516,2443205.387444475,4564294.179759063,4320792.717622999,5490711.776646293
Audio_healthy_motor100_base,healthy,motor_100,24555045.131506115,102753861.82635726,68666746.59224316,66573989.94348861,63723155.86173625,35586068.44142322,32093181.227698475,34640422.52953534,11132319.012188407,10951277.77428229,6156643.081505753,2983520.5086720996,2151940.250843335,247987.63744082366,1718487.8873859528,2296596.753184862,1849570.0235733613,3995085.722946658,3727450.1157270093,5905577.10415331
Audio_healthy_motor100_base,healthy,motor_100,136336898.6750107,46462934.32562235,78929701.72817506,95516426.43928117,64277431.90453606,50199620.58566177,46587940.88604006,25223903.308840916,18155417.90053232,9835165.754570706,4371033.672582303,2964391.6523628198,1529721.2988530619,236255.6653453145,1339665.6274956518,1553444.240966766,1872723.566622834,3728610.228742781,4958750.387776662,4904600.260914326
Audio_healthy_motor100_base,healthy,motor_100,349576882.40187114,67615823.46582858,63792043.06352396,49844149.63963111,50985313.18725015,41292069.869183056,41916234.31514939,33272797.85823424,19251439.560779013,11443806.532798843,4906237.399720644,2494959.6181428875,2169667.1609142474,366743.0549852344,1444273.8032134797,1818989.6010563206,2165270.619821519,4595730.127507374,3016782.7221954837,6652024.979655037
Audio_healthy_motor100_base,healthy,motor_100,209210293.83774137,628694101.8603281,82752236.13139088,60137615.39430388,71019412.90597108,31490358.955724668,42453701.23546605,28494658.439500406,14432082.920739295,15133865.72736319,4249309.004626027,1998818.7526266898,1179377.230813162,349060.46187604265,858542.7321552045,1324234.6185380106,3486096.3355665803,3406786.3606168344,3520436.406232268,5457941.135543936
Audio_healthy_motor100_base,healthy,motor_100,8083929811.598739,23095486890.56737,16482819830.46892,8981438419.908712,7281458133.944985,17643013018.574505,7199377022.083131,1155935111.7662313,349928033.74384964,123409364.28719415,41722599.60610255,18402303.343632884,9615330.965929056,3278108.1007117946,7004740.38078325,7913709.598584914,8004987.222075293,25606065.62210433,70963827.16064557,367035421.0376312
Audio_healthy_motor100_base,healthy,motor_100,12384214925.304466,42340293779.4249,42159643958.68931,22062892299.325268,36822803828.237434,29131602966.54526,12444121702.97355,1315054153.3807788,1525964547.0542417,363057464.7034902,56465900.08688304,60105688.64995159,29282545.082310356,9640028.543571254,17448992.128597923,21632392.726573825,23333558.33075608,142135388.75857863,213327822.35658345,320620852.81470776
Audio_healthy_motor100_base,healthy,motor_100,30219545297.321266,59009356377.53015,72014854720.71257,36489332803.94541,54814743612.836586,23986493533.363552,9488077606.679295,2313438181.205942,985061873.5729917,359998387.69054174,84366703.15481292,63271596.49463045,34950335.558500014,13892802.655376434,23745628.812753405,29883693.124996804,27002871.25000837,131275829.00170308,191394862.02850106,500729116.9756667
Audio_healthy_motor100_base,healthy,motor_100,39955901883.429924,150844479754.66345,84320334797.2784,100424072502.73637,59468448563.523994,45272233634.57198,50880439227.351295,13639077899.316349,3475139286.7373414,1446140959.8857613,509834523.5279676,151295134.29298088,69858810.80080597,29431045.241748605,31443101.924268153,53305527.75439046,90821701.15065888,609284514.999387,707255081.1780099,4302550044.514196
Audio_healthy_motor100_base,healthy,motor_100,157179800250.90833,410393642405.20447,391960592931.8945,215274220681.19113,156546332803.67386,409495430927.799,147685552702.1078,12303388999.018906,6586341467.972708,4618321152.52592,652067039.6103839,271293154.39716285,276039613.83928156,110806328.07482556,130699328.34357853,132100665.79661046,195338413.49980927,855824808.1928302,1221633799.4440928,4697278551.146136
Audio_healthy_motor100_base,healthy,motor_100,136365887496.0136,605125412526.9437,759028230800.2314,510575578943.32996,426588975615.4064,273249765213.26138,170042570491.8435,50849459396.46649,16453192511.134144,4619375708.749651,1725879406.7491848,448590700.25824904,313968797.12794995,208258233.3028487,122986687.47665985,157319396.78118157,458158281.7697718,1884859505.170804,3715845701.7500367,14451352077.8813
Audio_healthy_motor100_base,healthy,motor_100,164357518277.13885,742433624652.7124,1767030677202.1697,847873883649.7661,384960115889.14777,318549205802.84564,121864665358.37334,76914502688.10832,29794200656.692455,4810014528.374247,1024006445.5153246,1409116759.7057903,343624384.9173849,160772271.31615084,188445922.14228785,238505358.17130208,290953774.93991405,1738666122.4318671,12474063715.742607,9238120521.87414
Audio_healthy_motor100_base,healthy,motor_100,18357950675.833134,52992341403.018524,93623569023.55954,37099316854.48564,30778029859.148335,15115625863.593401,8004254089.192932,3061412119.1287594,1204093703.3676398,458523635.1093481,74209291.44972181,42468398.98190382,22840104.492761206,6786289.886747574,12486347.15505455,17602742.63690956,15489066.551383447,192112717.2031423,231389700.54831278,658456045.4696448
Audio_healthy_motor100_base,healthy,motor_100,24731174190.965687,76554939848.49232,98577439800.09886,83484478693.75468,45862804548.71823,61619809107.881935,17972490495.278496,3358746878.7050967,1290366914.2420096,412854695.8059775,143233926.59175333,58819737.307029314,34588489.65068711,19046755.91005809,23833045.53107188,25433980.275881816,29922055.40520378,152870651.8382181,214180111.24910715,1190125692.7400265
Audio_healthy_motor100_base,healthy,motor_100,7427870980.166583,11098533450.411842,17536842995.32658,17881145260.37443,10285947089.200647,7320240080.745111,5292102572.783082,1588368556.9135833,510194663.7109104,252542602.1034225,54892097.66595807,18132760.457467854,14109501.09404927,4926817.094179226,5126091.108286988,7893065.150240193,12205526.563034814,107401731.45750734,107570266.22270761,438210584.6047258
Audio_healthy_motor100_base,healthy,motor_100,20185130123.210514,33861163757.87233,63510071280.05849,105367283342.80034,91984799615.0174,31603862478.028675,12668220412.680973,6242947410.879206,662626384.3544122,355546455.45439404,165728558.9526117,38832400.864451595,35126256.57907289,22719195.356393427,20769735.672637865,20561448.805274475,39484371.66671812,128980563.52726647,110774986.70893385,1299811543.1150045
Audio_healthy_motor100_base,healthy,motor_100,13180134505.972687,18150030640.034065,37973855733.18352,59520165950.0403,62767194118.321045,24932707259.845238,15323310130.669432,3553374560.659122,811571263.3371745,470036572.4761116,113275841.67223826,33939908.38234063,28737609.386277147,13613626.242900219,11824272.791475618,16074905.42911497,29367744.39605808,158439423.5273429,125888837.54440494,838462782.7534181
Audio_healthy_motor100_base,healthy,motor_100,12113375078.477621,22951257784.578796,30600085672.472878,42571967959.83128,47649626432.860725,38242035121.75187,33461634805.536842,2231433902.2897778,972272012.9439429,581715379.2579846,136073049.67018002,29571763.909081772,35428630.586270094,15582749.323348297,10836636.880075792,18142199.738236506,31775491.671288222,138287021.81079638,161411662.91624516,1128869930.132401
Audio_healthy_motor100_base,healthy,motor_100,15725279629.481548,22172414415.7678,29627491224.516582,43554016391.36243,34222821347.914177,13897481868.39239,9394804735.657234,4521109811.399732,621797241.5467653,273344869.6711587,109629950.0134409,27200934.398600973,16327980.419255506,9975932.254377626,8292594.408279575,12817749.195109613,23551946.76279494,97631330.52396831,119701746.56471947,848597661.0993189
Audio_healthy_motor100_base,healthy,motor_100,13303407102.244114,28009895551.81168,23838897020.069057,45815323273.25015,27203377329.923367,18277224967.302677,14285127804.045076,1829245166.8676915,598690096.7455951,309392802.3200052,95026960.04030034,26414987.82994154,16045184.627653373,15738659.10140157,7353632.830552751,10852977.030645773,32202656.13559498,76961225.87295555,120440342.48703983,614513443.4814758
Audio_healthy_motor100_base,healthy,motor_100,25929216925.234604,27349739006.82544,31298099985.925045,53259921510.59762,92131920219.71306,64233877003.015396,29191784225.584824,5472246932.728344,1879218748.803171,762299231.3009859,219260521.18630046,82632116.75723577,35766816.97172205,41962573.32950618,17591734.243554488,29490778.75801349,92763708.94106126,167787695.78546676,391810282.3413937,1736827857.2515278
Audio_healthy_motor100_base,healthy,motor_100,2822179106.5372643,11392635801.829264,22624227255.928444,21436292788.02386,17529304380.09135,11518386005.584373,6662356288.879614,1584543027.7345214,685347857.2422451,161218599.80422178,61008867.720753364,20064000.158877634,14404697.343448607,8694090.72361367,5877480.450312244,9236934.782344867,14337811.649024677,92948347.09064879,105375637.3833291,581308621.079384
Audio_healthy_motor100_base,healthy,motor_100,2952134511.284167,11506558844.748144,31367621981.161198,29496940148.201073,13617888175.887516,19140469196.12355,13715540026.03406,2106889425.0008311,679122537.0671556,448356918.34421134,89463862.54278968,32415977.494636863,27826103.137148306,15249977.213765495,11065028.436701607,14684369.889032256,29694082.44095264,124591235.3656107,174762242.32767028,623295668.4292722
Audio_healthy_motor100_base,healthy,motor_100,57563222354.09775,46068567464.61376,39502726862.17773,45002547949.09664,33535066362.113777,13802880499.080053,7802895326.797989,1556710575.646453,488188639.5226158,298492106.85769093,76997184.51386356,22283668.263162725,17949508.807406288,9543048.916043961,9229904.368797228,12861953.286170717,18982171.625200067,99495865.56021743,95934168.93858239,585122562.1493151
Audio_healthy_motor100_base,healthy,motor_100,8486871465.535716,11889991729.440584,21536901549.141403,17061259684.237299,16376754177.893097,8610172963.985151,6645852102.560324,2073949300.0926988,574706778.1480207,214790248.55172914,60088435.955992185,21875210.603599448,12575691.413184503,4683690.62703313,6634239.635505109,9717260.176572777,15378622.35019897,103857840.48456553,95838681.32756478,470415386.9011946
Audio_healthy_motor100_base,healthy,motor_100,4515409153.299381,12002598446.577972,16920713027.056793,18014198566.5119,16356646918.871235,8929575765.405237,10609465340.497099,1888030554.8197541,562006182.0954405,291659332.70056725,82972601.55720921,24464989.160345066,14764735.692257658,12309272.021886546,5983654.550252768,10057339.814333035,24156358.003715552,101849954.91935103,118572363.47694832,776760417.8641441
Audio_healthy_motor100_base,healthy,motor_100,4639909097.44312,20121544073.99719,27529750509.23681,27639963449.526073,20626028733.000248,20547185937.13192,22576132137.174305,4312725371.579944,994850094.233132,494761357.1033001,152171099.18705854,46174567.26343418,26147294.559491545,25583839.172388937,11863900.912857728,15814527.454248054,42827159.10570774,142013864.3039241,200373367.47643542,1353735722.7035062
Audio_healthy_motor100_base,healthy,motor_100,3031067568.801677,17734356186.13034,25814098320.336597,19387275768.569317,18148308337.356903,8479333848.500542,7600487713.972144,2112600694.622892,634003843.7477975,305925830.48184013,74796231.95249784,25943246.610038575,15136728.27381452,6383083.656315498,6104606.248181953,12046759.616303861,16130928.233988548,117167629.58708993,129329999.12707543,476556459.09097755
Audio_healthy_motor100_base,healthy,motor_100,4211242695.302393,21737605690.282497,42938629153.042206,27498955151.14905,18078323409.17225,14730092264.368687,11571356599.165712,2409923178.5020943,1006733234.7464974,325190707.0085832,113961008.07001767,40787600.031402454,21096076.491940696,12781961.579950651,10763387.19527227,12555087.987682413,29386252.455698345,142633124.24876902,205950226.49678427,798357855.4954042
Audio_healthy_motor100_base,healthy,motor_100,6711719101.809237,13153744893.997364,27938620885.269978,27128746697.168705,17242506372.158978,11663967306.938135,13192013027.439486,3002916162.36603,1099442685.9881036,386176869.284274,119654011.83861777,52894052.14893967,24236879.20294678,16304944.064244676,11560987.671555087,18210139.070307627,41472844.308208175,170411815.9718238,238721237.14409527,716403876.4007692
Audio_healthy_motor100_base,healthy,motor_100,60938643878.036545,31879630499.568275,51237825156.531006,61983573141.771484,30030052396.963676,14270482732.148508,18017306399.072918,3074175925.64007,1174466148.9579515,533480157.76178426,142856034.78662297,42101625.496021494,28559722.109677844,26053286.475574918,12384629.126860783,21378363.253387902,56271553.21963031,190708576.8472511,242399902.78794616,957414914.4887396
Audio_healthy_motor100_base,healthy,motor_100,157410335766.6383,19353480796.653366,31877309758.643307,24192045943.644905,25577731552.31931,19432928050.741474,14191605953.304338,2015036703.1088126,1224798419.731072,649677502.3262051,112002677.10383207,51277652.587127686,37814077.09710938,12567162.027352398,15365864.796564141,27250955.8151736,33912014.6581872,239064513.57841694,301441496.13165283,730259395.6584218
Audio_healthy_motor100_base,healthy,motor_100,182908480473.88068,19477830169.150307,21298054247.29498,34751128417.251144,28261507032.84308,10212456382.06285,11111957510.518791,2446178332.480999,1809665251.7005181,581895426.7671978,92581208.07680024,58579397.10234362,32606020.295018062,11601520.777270518,19093037.961735073,18935319.82489034,32538514.660683006,219508253.9536295,388141359.07780313,642430757.5000178
Audio_healthy_motor100_base,healthy,motor_100,47052199719.91064,11136434620.248665,25294860466.822887,35564472282.55667,23973508824.958675,11909003406.127506,10367297325.604475,1613320229.978006,1482378078.431373,523185565.97759193,63896617.73828696,53297539.42553945,35515911.29401472,16463813.700023368,13523247.822760746,20094046.12976648,33991427.480591014,246166573.09199032,291459112.2140337,537982507.9799466
Audio_healthy_motor100_base,healthy,motor_100,79541685545.05104,14553763449.806927,29025238651.49428,29066238125.630814,33046301209.338955,14584864316.833523,15408767290.709858,2281723197.4455495,1735050932.6422174,749079778.3993096,70953626.79300433,60668960.1387663,35441916.24798694,11469260.645820772,11538079.291322261,19084981.77333034,28359813.655113965,263006285.41087934,356545459.3482173,458869165.6775791
Audio_healthy_motor100_base,healthy,motor_100,32245136215.26995,15127672376.879225,27472669126.731796,21980230187.875954,29809955622.97086,12355444446.6331,12436663976.436481,1916354945.9014406,1370280629.946413,514783172.64339596,57850471.68108923,34624951.801285625,30053896.888237175,10458943.10298935,11104276.531454071,13899200.614503961,20084239.167991053,204387815.70224246,263221064.77263203,488052326.26908404
Audio_healthy_motor100_base,healthy,motor_100,38766901933.81318,23148940033.160633,28821326486.36415,28659723321.833702,20096199954.206993,10893879027.445936,9093811001.899197,2160741806.497645,1512780705.7156315,491366056.9935727,90148774.2084393,64085903.955168694,25579926.543098167,13100916.38905771,11112489.04480822,23105919.352334604,43948891.651406884,184471474.90100873,304990597.03815943,417498047.8999279
Audio_healthy_motor100_base,healthy,motor_100,24142218764.49512,14206078620.283504,40429795708.42646,20525681777.68291,20548880356.192577,18568883696.431255,13515308537.459158,1608472341.500485,1280877685.017714,371972638.808453,56053713.87078276,53372175.17431957,19070054.50551814,11186317.174000606,10871475.671525994,14566182.645701611,26433333.37026167,165277028.90464893,256253510.77098885,434078085.2046157
Audio_healthy_motor100_base,healthy,motor_100,7345674246.805411,11409740599.531805,37153309533.54126,20540140954.50819,16730167148.76694,17216575827.268105,8833597693.864332,1209420375.702301,1053899071.8616138,621769646.3451773,54526595.672844864,32563200.181874547,34607742.01863316,8876238.016571386,11119078.350296583,14197260.021199655,22862663.30994168,242658521.95408604,178853551.04368085,483345595.39723474
Audio_healthy_motor100_base,healthy,motor_100,8436636429.923248,12446821168.420801,19814189946.53634,19657084599.386974,21131117707.17787,10895315284.4976,8750815618.504757,2341930469.247234,1316116589.2855635,430938258.1125435,93248002.08036692,41658777.834143266,24571668.73309851,10532510.942592083,9218545.311928518,15280371.50465608,32913374.915943872,179654106.6798799,231376941.39004225,546746195.2804016
Audio_healthy_motor100_base,healthy,motor_100,4703966523.030588,10101922410.690533,32693044531.270473,31143946672.276276,19142825084.081158,18946898039.570618,10606275953.932291,1806530406.7618065,1230669998.496916,478218404.7351936,109247806.00213763,46182616.77014083,27887090.5302707,11665728.532072615,11830129.427208038,15963555.770539451,29973779.984026816,161795519.59941053,274012441.78878516,560233540.2967072
Audio_healthy_motor100_base,healthy,motor_100,10905824353.891647,18375004661.08702,36258327081.822395,32448083412.627182,25307645003.530216,13629671456.48841,9237245902.957632,2210991403.943696,1319196392.9874816,481994889.62334657,72569097.77517873,43747614.91862967,27962657.56108731,9171885.507167213,10865239.632151373,15978044.68519985,28607351.016264077,185274522.81759402,239310098.12980258,520144781.1229866
Audio_healthy_motor100_base,healthy,motor_100,11272343308.692621,10308953621.689959,22617034867.699535,16373086191.848557,19794102015.859535,12582302435.85129,14994009006.258286,1532728868.273918,962408083.6027197,478201419.90524834,50985063.52463333,26812627.553499516,17839484.026496753,6588462.851832851,5803932.5712836655,8375303.148833017,19216250.575505506,158555566.1952395,217586694.13493478,356922814.9860806
Audio_healthy_motor100_base,healthy,motor_100,5530741014.593366,14757706305.067068,29870672509.591972,26977809045.16994,33159597567.002094,15081115485.621723,8988137770.466246,1558649498.9650404,1076545560.0156255,389963017.6595693,70972776.84952457,24652106.372182142,31623492.72162162,7612431.224990912,14173976.027632847,15728994.032956779,22363606.81921284,183226507.28886953,188430681.8205292,484958398.1611365
Audio_healthy_motor100_base,healthy,motor_100,6456380667.092566,10820014275.037094,21909044976.705376,28595101694.959023,20076204015.918247,9878198370.106201,10685419273.401089,1447208524.5565927,1179443322.4769454,459054223.56542444,85540406.43586905,39538868.60372603,27951461.18820845,11520318.828048376,10633248.984622438,14941657.307551604,30450617.111107606,187836168.9216432,228920503.61464822,500787817.4207066
Audio_healthy_motor100_base,healthy,motor_100,10319226593.647177,9901762732.393663,23227376858.202553,22138544554.6874,19863768439.556274,11872164235.755707,9703080266.953127,1453435271.1371386,721728075.2257948,449370337.407833,65818201.88906885,27531793.705255136,22554558.79386912,8354856.964389235,8297406.980924337,13447079.06990384,22860658.920060378,146005800.67506552,173352680.0505159,403468836.50233537
Audio_healthy_motor100_base,healthy,motor_100,3788475476.7299285,12144148712.253044,12810906311.951273,21282806057.28745,14465870261.46752,9767101799.75939,8602753091.114096,1160263250.9264188,920273057.8540406,314578006.0548208,64991515.57707786,33877531.79664121,14819341.789899332,8749520.189073639,7038045.79702443,11061629.5773739,26870944.876641735,110664394.02285624,193662367.93579456,353136136.6155473
Audio_healthy_motor100_base,healthy,motor_100,10227875101.824081,11335775583.231256,20115184431.387318,25387458405.4975,21506667515.089813,10256172793.065346,7645479345.135345,1664053499.6466775,1041904201.4129548,304771751.4012572,62512647.79761129,31620066.004203353,16611919.574013358,6138775.406790877,7655811.600947767,9561160.860348655,18848347.878584597,121831194.36870477,225740236.2417666,386111239.75405854
Audio_healthy_motor100_base,healthy,motor_100,8641321341.103514,11599605464.869497,20546081992.403633,27737127543.710754,12007990253.503902,13705180305.861994,7096767797.598683,1727580259.7556334,1318338524.174865,606411941.9981002,70292716.18047275,60963073.354588054,33866157.7303059,10349960.768904783,13937510.730181007,22538160.90268716,34813228.53596433,208897452.01255947,317625976.32299626,346444567.7502889
Audio_healthy_motor100_base,healthy,motor_100,5607109644.75764,13621658604.704409,25379275907.00453,20389743435.606014,20186933712.35901,12247919180.83729,8339971988.360931,1351505259.5119386,1125863275.3738542,450098168.9897761,65243845.65278167,46619814.3014563,29910548.250339575,8041203.865687884,11790918.674183547,20692483.586359784,17319890.228998754,202542819.69022235,207457912.7614946,320940662.0847371
Audio_healthy_motor100_base,healthy,motor_100,6123251967.614248,10874223890.706089,22733804135.949303,24580602958.59604,17148853389.707706,13844734134.60327,10884277555.64161,1830061599.403239,1018467984.8570124,562404080.2265073,66616528.7279072,39143383.01612556,27640049.367134184,9640084.124565348,9713234.102310738,16196273.010824557,26338287.207324088,179469084.2708668,218193010.10418007,461669066.1512584
Audio_healthy_motor100_base,healthy,motor_100,5693478564.160839,6730189297.496292,24993668277.598164,22996381040.15386,14342700854.586872,11656276821.602867,6542490638.8652,1380519405.2360852,1189191553.6568615,330175721.9686185,61124771.268042594,47931795.445311874,23202115.570391156,6662651.128674359,12306800.026026122,17509761.15882064,18520787.729891628,162121929.35889986,226358548.8037442,360445492.5400075
Audio_healthy_motor100_base,healthy,motor_100,3891298118.7577047,15473559326.728556,39568826727.98524,28361706881.123882,21021817108.21774,12614775188.851812,10726566447.974365,1414448766.442587,1157161197.0205536,512231642.37314487,68919893.0325489,48450817.41049912,44980193.30517771,9490622.702777922,20940659.890438005,21014931.532751527,25889493.567605007,218812907.87927145,212828732.6222217,469890550.1909019
Audio_cavitation_motor50_base,cavitation,motor_50,25402788723.712944,10341811140.22471,6797020583.720511,4851513094.288348,6007125230.194761,2109633416.0794303,4066469407.652062,10030393567.445097,9852929627.183035,10568572577.902529,17852430843.04018,18474633729.09089,16179665273.165777,11185869634.120523,4574985071.003985,5122987897.993292,6346627935.567431,4723848426.931799,8265172460.811128,5063031234.38018
Audio_cavitation_motor50_base,cavitation,motor_50,29776836097.46536,12839374332.954248,9725862474.163254,3314504487.174055,1983828237.0024288,1022514557.5724224,2076196610.8350224,6101521826.812322,8789042570.145506,11586979708.961954,10527380491.354906,10222890123.164255,8869282714.90719,6434356654.381075,7950223844.924335,4993520191.967532,4210206832.266418,5515917626.195957,7784244804.936619,10379706422.784431
Audio_cavitation_motor50_base,cavitation,motor_50,44863168635.65311,19360096785.218742,20306464735.77083,6743223783.290795,4572848875.085342,2083226296.6062205,5746658880.959932,10257606982.738144,11048071563.158752,27864485316.258118,15780575401.770718,11301028058.653038,9275059121.52583,10435456596.04222,14122704556.863823,8643687621.867172,9176723378.456966,10737832493.816261,10532566792.38147,9913653571.872282
Audio_cavitation_motor50_base,cavitation,motor_50,30057067048.584496,19471496249.27914,11021513156.315847,6418834342.787185,4503757536.567827,1394044445.4701738,3294589623.362125,9685611233.300327,10593270739.67131,31435407837.72114,33036848346.27784,10750583054.306942,12328080843.26314,15367353809.839054,12791543273.955564,10134259276.076885,3876840660.352688,7487660520.897646,6846665682.216141,11422192632.897276
Audio_cavitation_motor50_base,cavitation,motor_50,16861466278.658188,14870740652.638186,8124315350.351627,5109273632.737912,5254265928.897442,7369480143.12059,3969268272.787343,5678818372.745954,5967924949.020022,6642581576.043289,11252619506.327425,10205772893.674168,22320475146.48744,34575728909.220116,24744502690.145542,16777993585.638437,10874537416.610727,17403470168.323917,11307374638.942385,10665317168.34392
Audio_cavitation_motor50_base,cavitation,motor_50,15474429252.68273,16284729762.32694,6438268877.709578,3671065259.7090573,3106986062.5506945,4276631179.1696086,1964279691.9787738,3931235616.460284,3634879434.1832323,6052143547.769202,4943580588.240956,19259960245.960087,26669084697.2623,23622945690.048065,21461213762.191933,28910596233.85228,17894393344.828293,14878045417.868532,13289010273.47322,8116009030.886492
Audio_cavitation_motor50_base,cavitation,motor_50,18391202587.587692,22241036238.24897,10635212329.610764,6062093028.929291,4015067238.880931,4059046102.9502573,4645388457.431147,4795425908.093229,4209453231.3879848,3576941043.944692,7936009516.636869,13736053302.776688,21852150585.98868,27694383726.09154,27488490264.55545,32609783569.124836,17308261166.916336,26610262954.08335,17415927459.965485,34901310106.93934
Audio_cavitation_motor50_base,cavitation,motor_50,35291828718.52387,25444041076.567734,9022266670.4932,4447083049.4524555,3007914900.937525,3332143881.5903964,2558679533.717603,6852656382.1328745,6389375252.173012,6612660691.295297,14610527644.056988,24784718817.046616,10753839111.127405,12320302409.31669,7432613700.843277,6345410328.516493,6003868427.233361,11783101913.96868,8890183367.364136,11991075530.229786
Audio_cavitation_motor50_base,cavitation,motor_50,73669098123.97089,45026258145.97178,40278414608.084305,12044441308.765423,5715600089.066087,5069636443.380583,4764112180.733429,13229797972.017685,10403883552.8912,15847899897.916723,19962862952.28383,29865532320.61834,29120928595.45634,16733154482.840187,10381803357.91402,8159802111.946738,9613808427.910826,11082302356.490963,7011861106.303472,8767970189.084415
Audio_cavitation_motor50_base,cavitation,motor_50,42148378367.9949,26169901880.643494,14288075338.998194,7094939324.932603,7217761863.653361,6323745853.662803,6279247495.8933525,10032642954.514185,13742698749.847136,11935271491.330175,17272397553.050854,20445935750.93303,11521627260.33656,11780435893.904638,8857321198.081654,4434016723.837409,6204656476.158021,7470060703.438572,7302489934.483603,8758432538.542929
Audio_cavitation_motor50_base,cavitation,motor_50,96603185958.25197,47852526685.5781,23931168600.153675,13290068969.606085,8215039749.585051,6349190928.695766,5348696924.62331,14401068286.86726,12902545737.65511,14012183088.728695,20851867051.09373,44767373360.03966,40764849507.94594,21483533579.505695,10214616722.479149,9565318683.610746,10056350500.887436,11106160529.755852,9169827462.969082,9339185265.174454
Audio_cavitation_motor50_base,cavitation,motor_50,103754210489.19205,47992203299.34751,12089094596.417332,8686271753.244694,5476311918.765104,3889940820.7692013,5199415575.1890545,14633513141.039616,13535094398.389814,13784172887.836536,10653339050.50211,34031292018.808846,30648833514.357376,17988253492.525974,9297306417.230387,7459600090.559997,6892865732.26773,9386166447.748016,10195322453.121176,6787105809.532636
Audio_cavitation_motor50_base,cavitation,motor_50,132516526103.12877,50278140874.99478,37905814236.877884,12108489897.519135,9428550595.418833,5969414986.391344,8681517360.048605,29023669707.956284,13997667514.047121,29375986451.768185,37566567403.75342,63186869306.28376,40453291458.6127,28125772386.14379,11399808542.055902,9435966114.85126,11628649848.845966,7243410669.124849,8897534451.593822,9885619209.778387
Audio_cavitation_motor50_base,cavitation,motor_50,98127847525.47858,78006093243.71191,21835484530.02707,7680828359.494427,5498361345.597931,5047076343.669085,6281788447.081182,11725534601.072142,15754082532.57529,13371483147.801937,19788166710.842182,41957873842.872894,30289461546.24216,13591221405.190065,12060198020.707008,11294013801.439825,14052824221.447731,10848033951.32551,7269667153.719998,10077089046.49902
Audio_cavitation_motor50_base,cavitation,motor_50,133793770761.25902,56563956459.15942,22951652994.202324,18179791380.712433,7597409320.583919,6020460668.241901,7084558032.646009,13009795384.928474,17860801616.41403,24082616188.182716,32284353128.631596,40464327428.46425,32046494806.338028,17705838237.385395,12304901323.613659,17134626504.109234,8772812425.740406,13542969976.870182,13896361906.136158,10974148492.634811
Audio_cavitation_motor50_base,cavitation,motor_50,156718268797.90286,86300178989.291,26803768338.670776,14818433733.238594,9178476570.117329,5020022692.491859,5096278152.503619,13668179773.413944,17532908629.893932,15722204219.63014,25334908629.192993,49249794730.57273,27839333275.403053,14961825710.35311,10504434368.92518,14289711799.874435,18088226547.654957,13202657947.635624,12767414704.70197,9370738616.411716
Audio_cavitation_motor50_base,cavitation,motor_50,150619990695.45972,76954428425.63765,25411484123.745796,15298229714.279581,5937993266.109641,3171179059.887379,6092982111.939521,16237468896.452353,14703630933.207499,20521572046.266327,28592387801.469433,44173772691.07675,27679240829.96098,18973756278.61917,11733722734.481138,6885135157.905224,9628875043.637058,11790301979.065075,12210178636.898909,11830615800.326923
Audio_cavitation_motor50_base,cavitation,motor_50,147366309521.05457,60013119407.00791,25858649454.52771,16174441515.987705,6103406024.523144,7797717798.705966,19577000836.976162,38467935242.848366,28097146942.503963,22363180719.783077,26346819764.27499,47203301769.37709,27390450700.235134,11602215921.877668,8646148185.54307,7948598940.659711,9718714281.56639,7127170744.008187,12609816372.251804,17675776728.998642
Audio_cavitation_motor50_base,cavitation,motor_50,150867965147.7311,112685694615.67068,34866086420.29531,10741353760.697704,3198885547.330213,5903293564.250572,8962628182.665754,33796456662.221375,28257697672.149513,48979589285.27246,36754475100.16637,85318576984.21251,27656413367.616547,21160077192.294876,8438470499.811515,15910000821.785261,7352150845.390251,9062491523.13433,15990869692.772768,21585868882.133545
Audio_cavitation_motor50_base,cavitation,motor_50,71083453557.9888,55650970640.57281,34725770560.22442,8842756383.669512,4501584611.055296,5911879828.339156,6689659296.573409,19301447799.31488,20976764052.82229,33771767862.962673,33074004838.21387,49543744925.63443,23411337863.489777,13137322491.516443,7324104152.524315,10319967173.01106,5843644314.120709,8794016004.016407,9468996855.656773,9111879428.927399
Audio_cavitation_motor50_base,cavitation,motor_50,75575333576.45822,89007372408.19151,42162962194.853226,11269309821.037643,2710975314.503221,2892550647.723481,5757625073.045064,11251568627.2921,19080171211.65578,19523370405.481617,35658115919.60728,36861588970.45739,10637864574.01224,15940132901.140528,7185329364.268135,10712545331.426943,11510342894.359041,8141731769.306472,10164813639.866106,11695934137.828417
Audio_cavitation_motor50_base,cavitation,motor_50,180928795423.65186,128840156201.23312,62427937405.14292,24356939757.661785,3712855244.2345552,5026569275.849472,12980779121.432821,25663737617.489384,25446693660.002224,28198056721.89314,37878228202.27721,48949306339.4421,42631620325.26415,18294476879.00754,15877335188.374332,11491780434.455757,14445112685.336851,10536809620.484426,18812585654.523705,15195993645.597912
Audio_cavitation_motor50_base,cavitation,motor_50,99289924541.73743,69762831457.23233,26945608279.078934,8791556710.03272,5049873920.862816,3272112854.3903613,5475885921.338246,10922420781.862688,10185269348.14065,19283590423.623512,23753274058.474728,39122392922.77888,23724490948.49347,9530712423.078558,6023512480.150968,9958997380.101791,9686175859.538656,12478273528.788689,13938272684.033401,12781936662.387846
Audio_cavitation_motor50_base,cavitation,motor_50,150775487043.6019,79672372724.44702,50421467209.717476,12974082499.229977,7409884410.259613,4253873417.9632096,8452052574.112105,16867456012.403551,39565181736.39656,21861211029.965023,35224556055.87247,58096360550.813774,25994397538.10173,10103606645.993713,8445042669.171816,7846084473.985729,10415068194.36961,9336469854.926966,13202173348.878414,12384533260.208199
Audio_cavitation_motor50_base,cavitation,motor_50,80898278772.40285,114276414410.21101,55680303354.63933,21112812406.47185,6068935913.082886,4903919859.474099,7173297078.476222,18361885636.814198,42180045365.744255,51774627885.11264,51270169645.25536,73728852960.54936,32050100312.52959,14286233185.764847,14260792642.866581,15417972502.991165,9906578829.283298,13231831308.203518,15164449623.966614,27438600347.73787
Audio_cavitation_motor50_base,cavitation,motor_50,160443826071.20044,88488016422.7743,38542074842.49428,25498261090.696556,8350074511.97933,6013690052.121728,11097096709.423183,26876505955.281487,51391633058.70088,70391245551.65524,97330280663.69974,84703786040.88824,38500228886.27252,19291320417.324394,18620234000.364002,19887359527.132057,14022988905.539028,20798153760.29467,22546562092.43429,23866919555.247177
Audio_cavitation_motor50_base,cavitation,motor_50,168175855492.18713,123122249028.39613,65057412241.795395,17616323677.732582,10809804490.545237,6775720582.35026,8201051940.746423,23932852260.810238,57106342985.27515,50420357549.43568,106585725333.39508,124852728611.38225,42958293351.38689,23865582516.868683,20110434365.938156,28799827663.50143,18872684431.02717,26707363967.49244,26660886882.399773,25218623100.182358
Audio_cavitation_motor50_base,cavitation,motor_50,232821084034.56723,256490657098.73492,50750143184.6279,13320875916.243357,11860849796.739874,4769431641.204367,14359330104.904558,50505402212.43947,96335435650.38782,74338437435.7591,50576392281.482864,74550010807.95242,34776487044.83773,20005667757.043423,19266123837.305733,8731315513.261292,9570245858.390291,10200278625.67025,15767320904.202988,17486363702.982994
Audio_cavitation_motor50_base,cavitation,motor_50,151659794182.5889,80703189415.26422,48448057654.63512,9062503370.092524,7386149956.406409,4083761094.15424,5776123096.388102,18141635743.962383,45719992484.27689,39241763716.546646,37175497471.3854,52384543214.93567,28915234385.055435,16397652977.646313,15785172894.92846,10081734765.573267,11391341380.531128,10910723308.339996,15318827062.479815,20271048934.336468
Audio_cavitation_motor50_base,cavitation,motor_50,115001643213.89517,50103168083.287186,39740610200.07599,11867973918.039183,4391069871.979516,2786058921.2741327,7221655315.716751,23297795422.377167,54902023865.13784,52809884526.55959,52360150017.402145,64702661868.55328,36715321741.95576,15208858611.183685,10669960017.231506,7980409480.033222,10408177585.808226,8332652442.800075,11249454900.592358,14132655061.347559
Audio_cavitation_motor50_base,cavitation,motor_50,204176777933.02652,284432327097.3953,54075658396.460175,24559357634.36707,8061564985.014227,4890737614.267405,7080372536.794404,23092737815.43709,48346083135.797104,71108559639.2422,104529049012.49986,121860303818.80046,53819747279.48802,23318924287.59248,19934987169.812984,19015374462.131603,17333989952.16618,19241840348.099598,17519543873.668648,24215063211.87863
Audio_cavitation_motor50_base,cavitation,motor_50,104417951975.77318,98240638117.75319,51065094470.21783,16087362786.172485,4892644428.511842,4194201401.39404,7411883966.294141,19976900919.59176,57971494245.18041,72797992005.00885,61331180493.10912,93444273402.5368,50819966126.56689,14488511890.012247,16716644406.617044,10985250794.947012,7905096393.442164,9599004310.945034,8796589622.37111,9938173728.853628
Audio_cavitation_motor50_base,cavitation,motor_50,163747227261.06143,95073973789.9191,49519227328.13947,13612328733.113297,5353658010.32563,3788196466.445862,6172223298.12017,22371160742.52039,38787271948.387344,35099523776.36886,54591471527.17235,45040041179.152176,18469185706.61127,13561513289.795107,12892831261.770847,10048943401.892378,9344705059.701548,8146115551.8146925,8194010441.9202795,19375549304.86355
Audio_cavitation_motor50_base,cavitation,motor_50,110543914897.52972,227064576833.8545,67267783104.4285,27481866488.15112,10328910466.6677,5725498874.618088,9040194652.79112,27072487978.539917,75350063260.82991,88853229751.60612,58201938756.655685,108570914017.75058,96519107707.10283,33306727763.407303,17202167354.353245,22884367824.80122,18896648261.504005,20905935935.5022,24759730095.78403,32224043276.540627
Audio_cavitation_motor50_base,cavitation,motor_50,218773266024.5669,124165751604.02512,36561709571.765144,14390589761.969027,6392867345.362891,4572435381.527539,10424031276.402111,20699629433.723602,66611010846.64783,80023088181.94489,81717041065.28925,86871957243.03076,29159142666.85881,17369202908.232605,16545190140.367374,11892450715.280325,8403882446.488775,8113721537.36165,13550609563.995188,17053723392.039427
Audio_cavitation_motor50_base,cavitation,motor_50,234310378901.3953,115417990556.1987,63337185199.96686,26641370823.60824,10022204562.28591,7842249610.624428,10140614098.831884,46532472789.9121,106992238993.47372,126732164887.25766,73248419025.95822,88365441778.55746,29817443295.91287,12155381783.939356,22396393066.507835,18374110600.057465,11892563497.82182,9669557713.77631,17814131757.836742,18159140899.582375
Audio_cavitation_motor50_base,cavitation,motor_50,137206097651.41663,91455669129.3008,24456396662.41351,10503945480.662516,4632023801.507163,3793912610.1991773,7224491366.436345,17193168469.678265,49276419167.932304,32989351194.204094,51678642263.71931,48778666165.724655,23305252605.592888,13996650033.911041,10287952426.428837,7814504515.059237,6173564636.635981,7447103507.1996765,8850112764.720255,7862116332.001661
Audio_cavitation_motor50_base,cavitation,motor_50,118120299815.10309,53854589866.604996,26402463487.323826,12230403654.71723,4730435406.261376,3045120044.206599,4330707326.364844,17555118525.405563,33027710845.951378,30537808899.40542,33582541561.173237,52893470386.909134,21244065545.09448,16790719903.719662,12975081240.01432,7513050068.735858,6295470707.41546,8548328196.826812,9605532640.550642,10768229825.688433
Audio_cavitation_motor50_base,cavitation,motor_50,156109779403.5996,116380390376.00174,35210526985.45906,20049571537.001007,6281656192.149044,3484365524.7745924,10324575580.745556,24131361890.659016,51219387192.97298,59501087239.92289,105959178918.05977,78821359909.9401,49531554502.65907,17293269777.263355,12177836905.576738,10552086516.443575,7275909721.367518,7500148378.987213,17721129000.757374,27769203423.623928
Audio_cavitation_motor50_base,cavitation,motor_50,174346949014.22263,109233688313.16808,33819857644.21622,12730653796.600643,5271061771.75138,2691111718.9405518,5429153622.306968,18741218223.696198,35977878669.69818,39048314253.58111,39537192248.82526,48956027276.694275,29835120251.098255,14351785968.986063,16184683194.611279,9783695058.82153,8792517977.06071,8427498844.738587,9912684359.161901,12765709573.297588
Audio_cavitation_motor50_base,cavitation,motor_50,158765702382.96646,99693582868.69772,34018461610.83311,15800873897.279413,6346393420.59402,4883583245.996507,7918539626.819244,20291636738.08601,44897506959.42302,52193505818.659424,48302688185.72263,49116661398.479126,38325355408.9584,21526542978.823517,9314131272.39549,11093577761.595999,6566397652.648621,9889362674.295322,8856638653.540453,10883892820.481136
Audio_cavitation_motor50_base,cavitation,motor_50,148423436455.1321,77881504763.41342,50902527953.9053,11393423109.002874,6117720912.17308,4697934122.422106,6457734702.03485,15208262854.661901,29116082098.421078,34740894765.97355,40818104887.35453,57565157916.54433,31028766137.80371,14500601851.040154,11323048271.420477,9911039695.27938,5579525135.093668,8100809134.4546385,12544068020.426386,12289940175.987198
Audio_cavitation_motor50_base,cavitation,motor_50,175933969962.46622,74767129344.9337,41196538857.514565,12950615727.365091,5930690794.692965,2784058996.340156,5250757694.1498785,19940269017.655796,43082395719.74257,28287220851.8309,32294964027.249363,51374316958.247314,17624748258.871758,9747873272.646677,13905781167.199589,9732670948.14193,3989628178.003023,5532383318.877928,8740693240.39347,11980121506.418962
Audio_cavitation_motor50_base,cavitation,motor_50,227530859267.21002,130386753533.05406,45701222528.03257,21264135128.830643,6568416497.513784,4203579234.5174937,6432454620.072667,27930007239.872612,41175719432.752266,37702968777.853584,31040145855.89568,81533673341.40886,21761019162.09856,16291762939.569792,12396898477.238997,12591555628.642382,10756192621.418512,12734207520.002392,14204878477.353195,13193799690.212318
Audio_cavitation_motor50_base,cavitation,motor_50,230546796679.84265,93474597516.97234,43500097632.9988,16238137861.664864,7257696394.595938,2827697277.1503754,6199021017.162835,19463567127.994156,27734281781.257885,46282535252.64483,57256453961.76882,60601957940.539856,16124832644.806847,11600195805.959286,12133042510.312168,10941433388.38099,8143897600.321761,8649448581.370098,9282130788.700064,14217540869.288074
Audio_cavitation_motor50_base,cavitation,motor_50,113654488711.02748,61154327102.07075,29170509974.825035,8973816544.934265,2635020023.4334226,2406687228.8746724,5495479353.489712,25458982299.54756,37067651761.13765,41208048374.64949,53075604842.86714,38528803676.93983,16033452292.63246,10636939767.143105,10169591599.420233,6638662317.397938,6106177652.980234,9310103251.605486,7334913031.152973,14144970305.041279
Audio_cavitation_motor50_base,cavitation,motor_50,129473917301.2582,47714018155.21325,24999441322.152363,11898183992.425041,6561763014.184751,3025017597.39347,4277701572.2988386,23868446834.292076,41172137497.309074,47025753176.60541,46454192118.438545,45606958277.75051,22077964575.966743,6903541719.668791,10685944652.420591,8586855324.902671,5210556162.16142,6342761199.131214,6954003497.619884,9008125232.265701
Audio_cavitation_motor50_base,cavitation,motor_50,177543936938.80786,110477127763.66699,54605123627.66112,22060640527.409115,12392750044.552551,5792192851.540996,9271917070.639154,22490744145.84391,52308967477.86301,47072327307.87345,34181590777.98351,38815161963.227646,18909162866.146553,12263949091.762354,9574237050.620535,9542646910.779083,6311590036.096554,11265762993.678965,16049552092.937014,11723380760.878967
Audio_cavitation_motor50_base,cavitation,motor_50,121569510731.28535,69583907043.95605,33997855140.644325,12973520483.99548,5138784623.302391,2878413315.630867,5758669355.588423,13413711383.246012,69089202236.41167,101528716755.84142,75586014236.88754,38131705574.08802,22110044599.249832,9098134527.020239,11921662808.79215,5913507742.351663,5012142623.228667,9294115376.66781,9412022994.369476,12031615043.174063
Audio_cavitation_motor50_base,cavitation,motor_50,103058055202.1505,52780880866.63201,21559572361.45683,7296263139.468874,5933438707.097998,3393514951.5036583,6875295752.937947,18900920934.8421,38238206590.85919,24664805821.743797,27948733020.049828,56008027118.385445,17664838349.913612,15014656423.148935,10073605323.91977,7876184123.918497,6357980805.461136,4447208480.447509,11767597695.469269,14552299998.39793
Audio_cavitation_motor50_base,cavitation,motor_50,170748134864.8903,76415330553.98601,52543665322.57666,19428115357.313538,11658802169.370802,3012504540.2097216,6720090752.183072,21251041773.49749,31083971672.233307,41630910042.16997,40947358572.02483,40392556370.532715,15575481698.801327,11020965665.915949,12571095032.512983,6267213662.533809,4765025127.925442,8189050468.254405,12684481514.627323,15536490901.654982
Audio_cavitation_motor50_base,cavitation,motor_50,260070105028.64407,113253280574.01897,38298365660.55851,16048026455.204622,12318908738.95832,4725159558.574754,7305745496.993047,25938043896.25966,41850276419.419136,34147837000.065197,38426664512.78186,37876965835.03253,21268783599.15203,11465945751.200102,16643093194.988167,11890455819.106115,9101158924.979301,9483985049.841364,9865459331.18849,15640630046.035433
Audio_cavitation_motor50_base,cavitation,motor_50,260946154889.0204,82819893243.98761,38258802015.90086,13676241496.833729,7045185550.642231,5150388968.25908,5454652449.80899,18879734068.800426,46195604420.32951,48915912196.68799,32687282842.48863,37387923063.14701,12939453663.329262,9462375005.267752,9435915685.582996,9874293020.095844,7765613520.6720295,10802682644.637053,15447500555.344866,18633528725.60919
Audio_cavitation_motor50_base,cavitation,motor_50,231374391521.48828,88410940613.11949,31568362295.663376,19950658587.57573,5451833910.369612,3354668491.791139,6230748881.54849,16171431067.845726,36964278333.84161,51424120749.03305,32750655625.751316,31140951000.102203,22278591542.132805,10439612743.652998,11523512348.471441,8321984820.867204,9775779303.001701,11047619920.993984,10366293364.225018,14327257306.18008
Audio_cavitation_motor50_base,cavitation,motor_50,204693482090.27335,73121970076.28865,20879999913.04837,10954565815.933722,6096440184.504951,2851920009.536959,5400976923.250383,21396812148.504253,55466852115.840965,65875095777.46592,75618589788.96361,39030461703.821236,20910496227.85734,10801467673.783829,6090763119.800801,7074498654.067793,6494605984.763851,10630284266.05577,15893212372.19393,15748416611.612532
Audio_cavitation_motor50_base,cavitation,motor_50,220204052082.74716,90781532311.16928,39838915646.6772,14686339594.973925,9207659178.75338,3634774399.2082305,10758260108.061932,21544667240.421047,79236612027.78561,69337443747.14365,40115616525.96089,41938583004.300255,16795390031.15402,11398283900.305973,9383214461.600113,9159452304.7276,10097843327.45568,11989637126.719278,15025514044.35036,18100479983.843056
Audio_cavitation_motor50_base,cavitation,motor_50,78807741217.41371,60873244352.19759,39294254279.30423,8992575739.492983,5495103355.690532,2928469634.7436247,5609780666.453391,14248994642.369555,24899087080.949795,39477022403.16802,27527017079.39677,44558930779.419556,17546076205.85271,6646854486.914507,9864708823.733019,6738227674.207108,6157531236.853629,6703457451.638051,12100442413.145594,9966395205.508148
Audio_cavitation_motor50_base,cavitation,motor_50,119366947264.22696,59938889680.724365,27022929113.246407,9743082131.519108,5082610378.894117,3238556539.858515,5361827752.5747175,13355594481.174982,45406303223.08537,47804669556.926926,36978981510.30856,42367667788.023415,22360885881.833694,11230811524.501123,11545381452.328875,8633657261.984098,6722064423.981416,7022961488.105084,7613892569.19041,10545516172.975988
Audio_cavitation_motor50_base,cavitation,motor_50,181868396907.7141,79529833091.07869,22767117239.250927,10800299883.359638,5578059920.923415,2629942668.972529,4485849827.152629,14715573823.91068,72941536286.59727,62815616644.85925,54198711493.49692,38971084411.181465,20230506047.118008,11468993318.200153,11550313827.679243,7827877413.565806,5161381381.428726,6976043024.178043,7825625920.340519,11790602412.278006
Audio_cavitation_motor50_base,cavitation,motor_50,155089115580.5195,66903495672.650085,28142277554.201107,11367580352.936548,4553574740.987776,2088055929.9992585,3742385262.363505,14526458773.457737,27423273430.907696,32779472305.769363,19322318891.876873,30548978691.88746,16511714230.01515,7331407224.599547,7316176205.132129,7661932403.329428,4335060641.003264,6481633305.252087,9346668040.436178,8923892826.008465
Audio_cavitation_motor50_base,cavitation,motor_50,179175380221.8274,77714275663.0953,26922784103.646927,13362578819.99678,4373025879.1147175,3797570256.2337604,5549900174.815475,20840697926.10314,25568563001.46132,30004628700.228092,32975751781.242752,39603838401.24541,16803171878.842522,12973525841.611156,10800400637.977776,7295682583.13369,5982626479.506829,8145564109.457048,9217789138.383905,10664903493.141945
Audio_cavitation_motor50_base,cavitation,motor_50,174321065425.4527,84418476673.99565,27978720774.84795,12879176255.684706,6953051630.746152,3493975145.819587,4257046506.4411664,21694018555.190624,25964768747.909023,39324977029.41663,30212188014.878777,34669885220.94613,22238419441.06554,8346683502.730204,13409142555.02309,9209591803.366575,9526180205.98146,9775691197.200386,10139412343.75417,17428655317.290947
Audio_cavitation_motor50_base,cavitation,motor_50,114648023527.27716,38258208333.57758,25863801417.939034,9551003533.876436,8193648579.886454,4088627203.2483616,5350413709.148657,12823910202.87355,38463942273.62851,28790830288.1025,26173513808.49985,25519411931.32781,16741681022.182728,11301227619.759872,10628852682.650871,8874960384.414999,5066433284.676508,8742254167.466364,13233467091.58742,12021005029.567575
Audio_cavitation_motor50_base,cavitation,motor_50,159820622886.964,59063930987.97358,27023368894.96896,7326699192.411851,5582333621.636798,1751481198.287118,5155268284.54813,13132513778.140959,24844718217.432144,23205591989.927517,40822064639.93875,42283751017.941666,15309767993.648296,10198445639.047964,7904295486.259124,5741691104.752714,6139565902.35371,8649226268.71714,9933583405.838528,13258514761.727692
Audio_cavitation_motor50_base,cavitation,motor_50,99437191736.03192,68046477948.76456,34274065408.666637,8663568290.58186,5193462854.858952,2530442820.052298,4806592791.322161,10409557242.724554,31168747207.596806,37819346448.14356,63323929241.81358,43570059853.21682,19951177920.080635,9385342747.43991,9726210874.604809,4936570193.847355,4539139366.01329,5582427593.064499,9415969458.200352,12676638209.591845
Audio_cavitation_motor50_base,cavitation,motor_50,178146792193.03714,65585862260.44607,22849686101.560913,13013073784.31141,6725250608.600253,4157883718.8416476,6272208123.616644,13643151971.31245,26512788638.536774,57332172728.624,76119847768.57866,27659779959.832428,21397716119.446983,11060673242.51574,11318785687.023972,5987718313.278696,5040957563.561224,8807337033.245092,8516007493.095847,15583684144.740374
Audio_cavitation_motor50_base,cavitation,motor_50,144576474788.78885,92147971667.15396,27770050603.38714,13090716123.067072,5128548501.805935,3645547976.415618,6012606056.148843,22715637091.157536,28332548206.73219,49958217216.81474,40733806436.58616,70389150306.58751,31945390651.98018,17582128824.25083,19265784546.58101,14271488112.59058,8487042783.780467,19070189645.22921,34874693511.479454,24575774270.05742
Audio_cavitation_motor50_base,cavitation,motor_50,189963700321.69183,70939477473.36217,59684824410.94775,18834200571.632145,8497024364.752496,4625946773.588804,8597934614.48023,23289319602.275463,40125283131.18183,76374297548.90343,84027109177.42392,50326596450.60715,19868788741.120663,7762926747.190683,9315458820.890316,10081614261.188759,8148672484.12501,10557441069.07791,9980306028.803297,13556471078.050785
Audio_cavitation_motor50_base,cavitation,motor_50,215766776505.56244,80371772813.4237,27300833344.539577,20120347359.166344,10954826182.181772,4259200980.9833536,9185315814.144257,18102139875.44242,50030573262.01715,81519275979.86092,48560812932.32893,80275624071.40033,34238331301.906418,21258624612.241375,15986998768.185188,10925453875.74908,5904041212.365079,12030904204.306316,18349060859.131054,19576329917.587967
Audio_cavitation_motor50_base,cavitation,motor_50,133258371192.94551,104108942544.55449,19550877780.465725,15530236121.255379,10531519556.406052,5453275853.682911,6621908827.778271,12365836187.562122,32086916727.107468,25418934195.033703,35331559813.5399,38117327728.89872,22257041424.612995,14999576006.84257,11193002769.504047,8550048737.940744,4250569433.162204,7340260240.660997,26094638841.37088,20796999288.65325
Audio_cavitation_motor50_base,cavitation,motor_50,164213275119.76163,66912484101.93239,29273997246.07377,11278222259.015106,7094816477.741605,2336627843.400762,3356076693.404785,18335729076.38129,29804416775.297745,28510604141.34912,55385341710.338264,54704704845.977715,25731093313.32138,9851856131.91272,15577443429.558722,9552015765.279758,6866919571.044376,10879131886.646765,16166574479.570782,11446064635.486248
Audio_cavitation_motor50_base,cavitation,motor_50,196191759456.21225,91118092522.24069,47701041698.77232,15043259944.76316,8630779009.391632,4348468891.573601,8156978494.639426,25054589332.543877,38149761715.03036,45130414936.53493,39907639574.73191,73754650267.50966,26191098460.27518,16981471370.184923,18532654738.239925,10638270850.895298,10034322841.35212,21386738714.620964,15175104230.2369,27344653283.105034
Audio_cavitation_motor50_base,cavitation,motor_50,210192560996.89114,70867354605.06638,28087762832.748615,10627670810.341932,5655459391.37951,2499978506.997602,7374805787.228536,15484051369.252829,39139339752.9962,42356703955.64553,39842304683.79824,30951244811.298,22704627333.697166,10739397231.562416,6521827839.18582,9085779701.58497,8754767832.091774,8757455029.895979,10851738989.735598,11743832337.993147
Audio_cavitation_motor50_base,cavitation,motor_50,103103576495.1252,27738577559.35113,20209560722.01286,8316173672.30441,6328513977.459598,1839134709.6642146,4292237935.766156,11881689246.68412,25493474371.770527,40863493410.95277,31192197989.90171,38441158852.00994,14463214448.276,10693292406.584953,8106641941.594132,8231680971.459757,6147377761.629943,11773402723.14933,8580715363.011606,9871612503.95206
Audio_cavitation_motor50_base,cavitation,motor_50,93614384802.75198,73202436346.71281,22247986725.660164,14213135830.910769,5208196717.657887,3438827837.4711175,4906599919.436028,13699040463.219133,35654067010.7455,31884081694.565926,41881728012.27118,22307382234.825287,16082291200.233892,9166522666.58985,8894084178.53365,8956494346.421658,6162992082.160847,11128287682.934229,15407663787.440228,14818944504.632763
Audio_cavitation_motor50_base,cavitation,motor_50,136275516286.33978,52607898340.65611,17998555472.828163,8606797141.771479,5613339470.946621,3178030470.4725814,3594807775.618366,8391480355.910392,16075928269.554804,31720596796.89565,26815494363.51397,49847171570.80519,13349731637.573015,9424963165.680103,5856385367.914835,7249237379.348305,4322022642.593692,5717360814.867498,7159103191.372484,6502128118.082157
Audio_cavitation_motor50_base,cavitation,motor_50,158067218832.49457,45963888946.13192,25504530568.05387,10718668901.69072,5019156123.244124,3426110062.4554176,4979381635.100284,14925910305.93052,25916569957.90963,25750342144.02034,30527069971.074944,25064775315.6337,15355319072.40187,8781233818.727884,6245439265.076766,4935992847.244944,5315500872.572803,6214731214.565221,14764833201.58034,7300771987.469064
Audio_cavitation_motor50_base,cavitation,motor_50,124574831375.67459,92090672336.85388,57021989108.82405,8631357840.402893,7063677098.333091,3781669208.520246,5494679825.165092,17467319626.18626,34354816332.429363,44992599452.654854,50667832339.72532,52344555567.05885,20873330516.28288,8798199796.795868,7192709358.164178,7695981174.649234,7584507398.662996,6369250409.435353,10831609470.406591,10334419333.74212
Audio_cavitation_motor50_base,cavitation,motor_50,179911703019.46567,122975922067.18553,35691737784.69232,11857387111.32228,7154499987.044348,3936769482.071184,4110300917.862767,19043955459.49307,27074447491.07593,26886829545.251377,48389038094.701324,62854438194.204,25375269708.69771,7905357755.853259,11180197525.40625,7289063279.80547,7887161454.875381,10043756674.012907,17678068392.408592,13022236581.258783
Audio_cavitation_motor50_base,cavitation,motor_50,157890891901.99847,81129515372.42395,25240228628.233917,15809178788.474936,6978802451.956374,4168575481.3187265,8195722935.883231,13882078269.975443,59351940558.728935,52122467483.25237,42857863675.729576,41127260945.36141,19036270027.06892,8323358179.881521,10164417187.586287,5508983033.842098,4294124038.137233,6923905549.142342,10696556244.372438,12692015112.3681
Audio_cavitation_motor50_base,cavitation,motor_50,147217898576.53156,66340220141.21006,15688006070.01958,9953733850.431997,6911431460.330059,2561616600.041154,7418077744.693458,25087688538.813213,42350349935.13472,26796978642.946873,29246154606.137054,43577472031.98618,20828733314.648125,9118492575.737593,9372815615.125275,7354177213.577157,4290679697.0314503,8646576087.409893,12775976032.026608,10761193365.341244
Audio_cavitation_motor50_base,cavitation,motor_50,113118841030.08882,50520644230.12515,19264549783.513725,13826563344.955605,7340151783.787233,3949721620.2793064,8805172353.766872,11902299988.837353,25628889592.98277,33170461173.44206,31254770461.46978,35516953427.24787,23569000258.983616,9921015947.044548,9802270435.344175,7123768700.72483,8167251466.336723,10470344426.106514,12790593694.965961,18752929636.607895
Audio_cavitation_motor50_base,cavitation,motor_50,150896256785.13812,73590547445.50233,30997513671.026897,18419263043.281456,6512903617.699239,2620714602.171131,11089464092.558563,25685711989.431232,26761758570.29554,41463874987.306335,62126960220.82726,62124558486.781,30127158156.160587,17398477726.16091,19163711938.676716,12130864657.122795,7153473305.416299,11016279744.204937,16870464135.964598,15346003601.157103
Audio_cavitation_motor50_base,cavitation,motor_50,184995706163.9003,88381406186.78568,33724951052.317524,22510782399.632317,9175885589.892864,7702506466.078915,9650599959.089975,38565745648.21954,55949588796.00848,39890296366.21124,58033524882.96077,75351166390.74367,23719865809.529427,20092241178.318005,11863875818.401363,7921689560.775325,9383942789.273663,10729595631.11849,17697047621.038708,21314450419.391064
Audio_cavitation_motor50_base,cavitation,motor_50,173682198944.73325,67402809270.19058,30793194285.762684,14139656035.07536,8127377945.136339,5645630856.288124,5256235486.356345,15564185196.101978,42159682347.52569,49468888898.3912,32731594108.092903,48241340730.24683,19716230115.49178,11465368868.086355,9853020241.909966,8138084839.930516,6136100973.178321,8111969996.292443,17797823746.63386,17400136001.71609
Audio_cavitation_motor50_base,cavitation,motor_50,247557773557.9579,80629013982.10109,38612254003.55068,15760266616.904003,7669836024.663646,5086531300.415849,5925152562.203689,24957013295.116615,39619216723.92847,55879090276.71779,54830638682.22636,50508580336.742226,25445628938.11506,11345387787.661646,17074574699.116316,6433956404.762537,9065017569.129833,16556352963.737366,12621838828.623703,15288964796.083746
Audio_cavitation_motor50_base,cavitation,motor_50,166039548627.4116,99089622253.821,32276986405.071625,14867696400.663572,6763005736.513322,4812487903.925901,9908274823.495378,26732344175.77396,41415146688.97268,20076824907.136623,46684631953.893135,55113911161.98049,19153768068.372776,5758616151.884771,10475138466.441168,5070001891.02473,4651593294.331253,12092259208.039995,14116520431.743193,9219385338.424208
Audio_cavitation_motor50_base,cavitation,motor_50,244421795890.79593,97018772606.88115,39489774636.388504,13687406657.964256,9476965510.952795,9108553015.43138,10626338067.51319,21722337187.50254,41704122800.34306,50188141683.093216,71563373524.45422,48275315183.79242,31049214617.352386,19028731400.763836,15528335606.130106,10749187727.902397,6859981359.258521,15792747878.113777,19495318758.134884,15728992718.849657
Audio_cavitation_motor50_base,cavitation,motor_50,220667763878.2684,88821761187.5449,45277297004.17089,22288572155.08883,14960479027.221405,5221295963.790655,13642039682.750015,31016847345.599102,80746468479.2835,148420960418.09116,62235034236.8244,58792742178.18376,28195197809.418884,18092563837.044888,10956318974.742392,9639905800.58607,6899202975.747799,12262908024.68311,20517744424.07639,35003806971.39464
Audio_cavitation_motor50_base,cavitation,motor_50,132328300522.05539,56372254207.75305,21265441915.647682,7031652848.437603,4696059663.569722,2047884330.8364751,3496402761.4808474,13214092866.892466,28309884911.339508,22732438868.012363,33074705052.856644,41063640913.77958,17771656540.565212,11376404386.722937,11660825957.004105,8108919723.892384,6089623962.173227,9671164359.105907,11440253117.868233,9857737106.372936
Audio_cavitation_motor50_base,cavitation,motor_50,147554499746.84464,52195566641.40828,22687024061.471836,10503886792.76803,5862814592.872524,3682931995.47094,5165353330.682975,17046022569.455235,26562612190.99262,28792402802.305126,34712801598.58656,46167382701.37083,13239937293.449764,8203216388.65559,9473753651.431967,6310521940.378689,5367054268.099475,10806451059.48233,16469578527.149643,16222410571.873505
Audio_cavitation_motor50_base,cavitation,motor_50,133587902018.95544,71415207011.25648,32749443783.35566,17835774440.648266,6861965809.53113,4651220726.184808,7871564972.544076,14404249764.589565,33840488165.235355,41111356447.08348,45153353433.8509,49188608964.338806,20531139949.522026,13364337305.694878,7880558689.677541,7851821663.317856,4262796793.8774776,9679768736.475742,10428932478.581373,13107109109.758522
Audio_cavitation_motor50_base,cavitation,motor_50,109239875639.13306,69384759219.62213,17421067985.89239,13131448183.739084,6548854753.041317,4742116185.76616,14900850211.037258,22271619287.07321,47759899015.87744,59110020797.688354,83785046450.5428,55745428998.47836,27905999582.91478,27273345760.367645,15327265016.937862,9431733947.569408,12153916383.95759,13756138846.143248,10482525062.032839,14684172625.206701
Audio_cavitation_motor50_base,cavitation,motor_50,129529902953.78067,60869804290.32544,29274357417.54028,17107220639.275047,8174759405.795768,10022379999.215738,11676870388.156961,19676422262.586193,38616782455.38968,45894930453.50813,30660678576.653236,39172726598.15246,16817388810.912554,12399432069.545652,8870114781.10982,6148515520.20919,6928393161.789093,9794166772.205061,9173683625.838816,11860194779.114376
Audio_cavitation_motor50_base,cavitation,motor_50,90208884289.02951,59411149754.14877,24346105382.59917,10463633718.286684,4893085071.782715,2609016030.5380445,4246993149.807585,12244521675.640348,27868386995.40772,28983698697.90258,48011723633.17075,31475731161.757774,24609245873.120018,9942904379.22562,8932046071.563227,9520014319.793064,6747389362.951038,9212116892.16038,9355622865.30446,11329558601.673708
Audio_cavitation_motor50_base,cavitation,motor_50,171190201886.82962,59913780664.23317,29681908193.710285,14415484467.898762,6527211704.157511,3805650601.9807887,4285728572.4363265,20890890341.27779,35360490308.88589,37722961247.95557,44386155275.3065,56583526839.42521,19775897649.352135,12427592628.52019,7339308499.561744,7246996521.264276,7590406864.560041,11745271458.975254,13935182905.460058,11989653573.020473
Audio_cavitation_motor50_base,cavitation,motor_50,198240194972.74033,102210557846.6875,37745431748.51202,21920081984.731876,10876173741.688358,8369674012.649784,15321563002.998552,41651766445.61054,49332371140.73019,39093638388.42046,52709525866.77513,54585802062.68294,22138537832.70192,11027283626.48812,12303744615.306223,10953299301.396805,7709001535.877475,11119418709.175951,18804770308.56222,13197390895.349451
Audio_cavitation_motor50_base,cavitation,motor_50,199407700846.54477,56752947458.2722,22585718325.112545,13803696616.944923,7696862316.316931,5541195606.261197,7555323960.146836,16978130731.88134,50833102207.065445,49795552996.36025,39806294189.22771,73976390407.88435,20050085950.790524,16073503828.554796,12314062663.19027,8988134354.400558,12005064528.214716,15888224267.79757,21880237505.178627,16492608575.928268
Audio_cavitation_motor50_base,cavitation,motor_50,134951502650.58255,85851628424.01352,29741871930.094658,15411773754.489376,7540899596.315116,4902201134.372224,7229437967.92545,18890742347.66461,33912456095.50559,29479996844.654045,44542150630.8249,39025832379.72706,26062799335.9202,10826906889.78867,10944505705.399183,10738623308.740818,7716609684.418246,9945296129.719152,24848069030.214783,14946858772.846235
Audio_cavitation_motor50_base,cavitation,motor_50,219991238617.65662,74398449501.08806,47016515161.71724,14031224143.685545,9136417307.901855,7217638884.73185,11837896335.957546,36625500610.30398,63376893477.04075,51457000285.82182,84724627162.50237,74050836871.81096,32631816945.22413,17590054951.00933,14165551555.516516,9123040986.334368,7465867601.44258,13317967119.829283,18373929676.7653,17419038940.265453
Audio_cavitation_motor50_base,cavitation,motor_50,119127905243.90079,65784618512.44433,29203774279.97634,15852247554.211218,7075016214.9878,3499563333.012073,9307515299.4671,24384717712.310196,43835787979.260124,44602240510.618866,39391236526.542404,51081687174.15618,21206512061.80264,12070735759.342712,9476743876.110603,7148858708.701411,6922571537.0608015,7988551829.966519,11589345302.353025,9779974686.068218
Audio_cavitation_motor50_base,cavitation,motor_50,237400689591.46167,93088658051.73878,27126257363.115765,11046718830.702393,6606755177.217645,3681318324.8791885,4890103995.87388,11232114074.514809,32281854316.022064,45200565459.297806,41106014066.96798,54697619418.59235,26641108596.99258,8004383111.1506605,8116293971.149983,7034696566.444385,7406716680.353534,13398014778.082087,10744696403.109138,11216942451.40833
Audio_cavitation_motor50_base,cavitation,motor_50,206963214533.7248,66462995571.65682,28562283462.23228,14029089167.709312,5296276107.763572,2133798766.5592585,3519671418.447199,15849716902.9965,30847649783.446304,28454665863.306286,36840928992.66289,54041433650.92957,28677930619.496666,12502813383.087574,8472521232.128624,7762238825.015705,8854237477.56998,6896050418.585748,14273271025.980618,9273631780.373262
Audio_cavitation_motor50_base,cavitation,motor_50,173120218826.41052,69548627997.2595,38315119053.73537,12990264745.798628,4381814946.171167,5047244354.7095585,7123064449.387479,20876766310.650345,35362069913.18096,56773616183.437546,59292029699.00499,43497831007.29973,20755768657.002544,10433387955.171719,9319531971.956581,5709699762.267375,6828941671.247183,7293161492.226816,12346316487.779057,8432641114.37956
Audio_cavitation_motor50_base,cavitation,motor_50,178958351022.06854,124309536203.97041,37184724205.89579,18249714060.168156,7883826837.746307,4764975582.006722,6264470542.654164,27254383400.113377,61925894173.07549,82654445555.5135,38509745304.39984,54000614845.23184,23555687331.60446,9225960124.960789,13863625480.998266,6472154515.769757,10206002972.322254,17044846692.520655,25569858055.55629,16999216029.10061
Audio_cavitation_motor50_base,cavitation,motor_50,222426852185.70483,154350759802.2709,35611079251.58484,17818758562.01047,9464540433.09556,4036493921.0237975,6837823925.221703,27149865736.71008,40224787096.56437,56180679098.681656,83282221760.76083,54582417972.00205,32442598595.58273,12164332020.724483,17893944855.5752,13200015872.713903,21573431473.336483,26739019250.803967,30481394681.797256,26222092586.846687
Audio_cavitation_motor50_base,cavitation,motor_50,208315574213.4321,109258156731.224,29064055761.29168,17518942968.680687,6578409034.281106,6797535803.865116,9159008212.360205,26530445892.24187,40112575718.6369,58131668576.46703,82647928769.18124,81606938387.12671,20792621342.223164,14323170444.346186,7568803200.499329,9586318372.680223,8332127192.060562,11131103284.576677,16886895434.659624,16070253655.766079
Audio_cavitation_motor50_base,cavitation,motor_50,226724718579.17233,61744533791.84819,38896467730.59513,17147843847.839458,9201482392.852692,5695825047.168876,5758675552.432957,22979851326.306984,51040659750.718605,64746221551.30337,55314284983.38393,61812861470.192924,25376317121.809013,11538861575.373047,13426866276.285994,7800034042.312933,8090924435.122726,20332086559.487724,28673312518.37024,17388691402.058
Audio_cavitation_motor50_base,cavitation,motor_50,204115944176.833,89529848275.02396,33733338277.88334,14188677709.828846,11907487838.198961,8366524963.420411,17471901800.89871,47936695999.003334,88452717679.91107,61703179905.63094,69367718784.12439,53814162275.04848,21967136025.380695,21971587777.965485,30429646726.114883,9461042411.966494,13687347448.797937,16580398887.19296,32871901716.935894,18502969940.0764
Audio_cavitation_motor50_base,cavitation,motor_50,230820731574.9182,115839095310.71925,52988112777.16388,18768750613.312683,12822247241.554846,5950267606.339709,15860666465.439266,33040755705.35418,59654778134.286736,77353756488.50616,78160325193.7984,44758126138.73653,24966509866.2086,15286726170.446741,14206203463.964006,9483902223.198702,13555584676.145365,22699847846.347538,17527793241.976913,22901349522.332733
Audio_cavitation_motor50_base,cavitation,motor_50,313347766337.7045,159825422503.95212,47525972615.06348,23279098267.779728,12082322187.148247,5842947708.546003,6291190117.977599,26144614927.34051,39547486386.3418,45548064048.19642,38372426855.410736,35843553830.34718,20180570162.73533,11828975244.67649,11677179451.063892,7466690868.768361,7701308773.614747,7679339098.418469,16322181671.973284,13855556776.274216
Audio_cavitation_motor50_base,cavitation,motor_50,125914231991.856,89156893429.24654,21348361686.161247,11358385378.895218,5896123797.080201,4160421394.7937846,5426203522.779052,14879044312.142042,33210940663.415775,42058048036.32969,42158838712.981865,45199709976.937485,18605682836.058716,13698530169.099901,10419464982.755358,7879160307.187904,10659959562.110321,16866927966.328413,12897626550.528984,13100037900.28805
Audio_cavitation_motor50_base,cavitation,motor_50,248751882896.88916,104080237379.1481,38944534902.552246,17691005383.794296,11441989392.682177,5407631404.465627,12358560046.5209,50586972570.31956,48942711999.05213,49422766907.039734,59488889091.30865,52900954957.16371,27349241104.917633,14551692284.216866,12579977888.92506,11572759403.372597,11055334838.537624,19342151653.28383,24072315417.87272,24667503836.98201
Audio_cavitation_motor50_base,cavitation,motor_50,214792795444.12332,111279435668.17566,37045952412.35992,24825174178.230846,12611290887.090763,6745476289.881634,7758282854.292626,27426780364.21405,56090277702.575455,80671659995.0088,80498255434.65637,75649507836.1711,23953078566.319736,15197626210.650671,15184023581.44815,9192274491.030056,7970896262.494092,12244038864.560852,29610245289.36122,18956739071.888702
Audio_cavitation_motor50_base,cavitation,motor_50,309301885536.50104,100658646982.97057,32818533978.352276,17980863808.917862,11038331776.109402,7625785254.595007,7749102759.004981,14008039879.039318,44349933328.656296,45820209056.67366,34929080222.33335,44041015403.59615,29127648620.327423,12883840745.539078,12212217857.071304,10655482152.255564,10986791895.36042,20666763219.008278,14997599270.262018,14087692739.096077
Audio_cavitation_motor50_base,cavitation,motor_50,157268948918.68893,75562965046.51273,30098913589.535275,15119862944.923304,9319753524.05242,8308675472.706331,8139260923.959464,25648145225.43524,39608009464.76887,62384919075.01269,51398387414.76289,45497246333.780594,23794060724.085632,12306345829.689138,9853402463.132872,6435590228.660549,6764545990.04244,9815000499.128548,14458691677.127552,10296914464.56575
Audio_cavitation_motor50_base,cavitation,motor_50,104948543753.97821,49649118799.709915,25697895934.09646,10844189879.33408,5700453488.866036,3852625326.1012793,4798241713.348664,17302834213.16943,27593174003.36764,31775276103.467392,27171050224.87141,34452958357.577934,21849235337.758553,26260415166.47171,20167615236.98673,10157511817.717539,6502225134.791521,22916920318.209545,16746696444.300808,16137773769.385117
Audio_cavitation_motor50_base,cavitation,motor_50,221302249845.18814,111276745056.54942,38596617593.07767,18216567471.44552,6055616827.565074,3938900339.073475,8092192667.167566,27140701133.64588,56727040742.98584,58392480391.31635,63580644963.150795,48683456294.05429,21431787098.372734,10726034578.402197,13573314016.636076,7419948604.228483,7797546747.938377,15005502552.472294,11785853497.330757,9653621801.728542
Audio_cavitation_motor50_base,cavitation,motor_50,156393119479.51044,88538615860.51704,38195848327.19663,16507208069.593552,7693040535.485792,6186881756.207827,17422557092.73851,41397701622.52748,66212419059.85355,82755449999.86955,98529045390.86566,60796475542.86064,21390570048.757614,13711466053.094532,15156674179.554356,9939451061.286457,12440955825.954891,25750595041.084698,30059796924.378998,27952197988.95327
Audio_cavitation_motor50_base,cavitation,motor_50,182345910496.43356,82795045078.07472,28460338266.842575,12563485054.559887,7100535928.762377,5462250626.722698,7484781221.905935,25085143269.440548,32510072492.575325,39386312698.436615,68524450171.81425,51194391372.839066,20750988369.186188,12129211848.539476,14484257362.930176,9466759066.40371,9081934750.15179,9645214974.29436,23578014023.662834,20380952991.57518
Audio_cavitation_motor50_base,cavitation,motor_50,145360590812.9162,76330929853.68863,31129584765.964577,13208194392.547081,6951562558.963135,4751875044.67174,5987652678.764355,12324163963.351534,36559862498.93205,28386972151.22692,55085802026.31878,61571950633.75775,24409679306.328896,10471945595.758595,12439906428.896471,8777920630.22422,8604168730.761875,13035326083.994173,19793070072.264595,8080581966.561698
Audio_cavitation_motor50_base,cavitation,motor_50,198384642136.69592,89984829954.41672,37886131595.17249,14022862247.357262,5878184742.14409,4530876743.889477,4737610670.744713,17861440891.157032,37574726204.77457,89725848967.81726,69548502473.21997,72329159264.91801,28781598090.186962,17762320213.230877,9685297359.47993,11110753228.874002,14067216195.511023,10743343328.23285,20152961931.270805,13039322754.838306
Audio_cavitation_motor50_base,cavitation,motor_50,265335242497.65182,107643332285.69234,59790945148.9622,24250107174.55749,8465004645.372488,5923157805.194037,10160160291.77933,26855489747.45647,70195387585.71603,66775166276.88227,53655488313.10896,72677957215.27235,31715165648.72736,19321021918.23049,19122188512.296932,13659684547.613176,11484051891.787432,17407614993.841465,41355220907.11587,33586933035.420902
Audio_cavitation_motor50_base,cavitation,motor_50,279443919244.2278,83165163125.6139,34264296409.103085,18649887327.89163,8155925935.073768,5085538077.553041,5992576006.962114,16988061956.17786,35434400199.517555,58262688402.61706,63890033275.38574,57296210363.965225,40395635882.33415,19010692295.94378,21089135631.67463,15136165793.376135,8415343632.925757,13547479356.497398,14654565719.552137,13258657435.56406
Audio_cavitation_motor50_base,cavitation,motor_50,184462121115.33002,75974171000.24763,32289427355.33582,31089480628.07207,7509178222.684663,5265376441.904426,9959642330.516672,18863496925.68699,43938173340.24304,40073771951.12861,70307921954.92494,99389483575.30397,44517067883.50663,11818251545.358402,14164960742.712032,10253575965.788961,10144561315.789322,13140485465.611656,22829911388.73954,22091799242.689663
Audio_cavitation_motor50_base,cavitation,motor_50,221651024007.3028,114131574229.91045,34074351578.89429,14463053622.744457,5893455646.124953,5334384814.264324,4268538506.2578955,19694711787.9634,47203989391.99871,51560884682.89768,44719119940.7358,65198874815.24201,18728386947.313667,11644231844.948977,13423468112.42922,9097380617.677298,8379854785.211283,14750621413.170158,14961852622.345402,13554802719.265545
Audio_cavitation_motor50_base,cavitation,motor_50,84007414847.80037,38279247288.70253,18851941763.566494,8110386369.769697,8672004543.699734,7077159557.674174,6261205203.218207,47144189202.87907,78554419743.98883,82865364188.58672,57784884555.09355,49003667731.900566,25751527171.084984,11997067962.635748,12897788373.47268,9096570724.337635,6751912196.471949,8774601687.215046,16259476387.574762,15471922125.074205
Audio_cavitation_motor50_base,cavitation,motor_50,217560361200.16656,65837450497.844505,36880993149.97491,11827367754.10608,7320267889.669615,5488609453.033059,8473301522.877867,24917630577.607716,58722969127.05948,51917587996.818504,87012765740.4217,67684139113.961754,25371110974.787968,19748138179.31298,11647672544.452625,7808133217.360093,10317885269.86261,12298832484.160286,15574481994.752792,11375645344.802826
Audio_cavitation_motor50_base,cavitation,motor_50,227768687383.92667,79078173292.95854,42238086887.838646,21686878434.399597,7983021456.701677,3730220819.368169,7846564980.816835,18805456549.346825,49588859703.86026,63966956952.53261,51822402828.91974,59554703120.944824,35747905823.01376,18049476501.887775,17967297185.57228,10691995492.720217,12978953554.230112,15825400133.62915,41906165557.13332,26930624989.02203
Audio_cavitation_motor50_base,cavitation,motor_50,201435680312.119,118341636795.34633,47241537574.31785,15957908954.679806,13120846143.851658,7106287154.865291,8371303262.651163,35363637863.97961,90892249927.00513,91829094009.31805,91616892465.32596,111988817960.52695,38764715221.983536,22080278338.54459,21672043545.912685,9727567968.479988,14821151630.055557,19360885532.90095,28278442021.597736,40388131041.99531
Audio_cavitation_motor50_base,cavitation,motor_50,203622433363.4575,71362979928.34566,24962899350.547836,12169404001.722141,9603320275.041285,6366043778.454156,8671670524.095926,26309129279.418736,40264788750.50113,43399319883.86406,42339614803.89796,75203193718.94304,24931503959.420055,14148422944.798857,11952791348.50837,11411455438.403456,6780493783.865204,13382380490.361208,19484422875.718323,14474746283.832003
Audio_cavitation_motor50_base,cavitation,motor_50,79049713982.46593,43900193545.510895,18241737096.34653,10360937959.64736,4576225112.444274,2173540310.913398,6172148550.961607,15342883871.324589,34122670203.565727,36099316071.88289,43678165168.32545,55271243300.40161,25046985817.944378,20434186712.52265,12196144841.662699,6454940060.9004545,7777864840.101007,10105197314.972404,16847804210.328094,17968506405.264416
Audio_cavitation_motor50_base,cavitation,motor_50,113445323682.29881,77709034461.49236,32510869659.72346,10330066402.556904,5716340864.914351,2402226189.991093,5002717181.866054,20003310787.763016,43185644859.26845,37164606465.7384,52098120432.13897,53079216957.96986,18463867276.11588,11973672032.044275,11352902607.513796,5922711461.51361,7045910613.81709,9320641189.934391,11529947693.847866,12953494514.548248
Audio_cavitation_motor50_base,cavitation,motor_50,134658664812.24255,57998949925.68784,28932683606.626987,10262426663.45286,4024009568.915921,3249722443.9858203,9689186466.363031,35031025208.51394,79259197686.6302,150470161602.2265,101887884430.09433,46419054003.92518,20720649442.46602,13872617851.953817,11713409564.364164,8993092981.906488,5025317940.804209,10046696532.978977,14670967202.947172,17832944205.198242
Audio_cavitation_motor50_base,cavitation,motor_50,130499964494.2734,76926752175.40813,33686434046.76341,15314326192.661938,7078715990.996182,3672118892.470057,5845868442.325969,20488914599.58867,35962631557.738846,51411609058.97155,47113879880.48316,72800144297.33556,26455408445.266193,14800273746.125784,16063427683.412586,9248300289.049286,6576416643.183359,14494741720.813692,16178962999.873549,8687432999.857044
Audio_cavitation_motor50_base,cavitation,motor_50,430385384002.39685,213580005605.9089,54869210069.44659,19719109399.078125,6215536182.882963,5497430936.690936,22263923883.954315,31105139173.39784,43460090814.32708,104126958700.57065,61386736754.161896,88613794528.32507,41145032565.10757,20719697319.683105,16494069651.057524,12274932163.602476,12211574919.089758,14271533032.263714,30755038926.660904,17597053098.74641
Audio_cavitation_motor50_base,cavitation,motor_50,193639293713.07712,80634624449.88116,40848870816.11373,11076378740.809841,8222786710.682798,6383408001.696252,14870105829.270838,30182993087.8716,59119998458.62866,76553119929.97885,92759454532.46428,59353180591.24333,43334913480.75644,22942606423.300396,15628491516.832293,10289500865.430214,8624533950.096163,16576465039.397953,13190416006.933105,16275948405.806278
Audio_cavitation_motor50_base,cavitation,motor_50,190238648598.4313,106903850252.56723,49968917592.20627,21996411637.242836,7207899053.452684,4368601260.445058,11160055676.429369,20069332205.71337,53935100130.00646,78272003404.22148,92057343944.1845,74637101669.65543,26281101149.086952,13138859183.729641,15178696782.708185,9305570324.3706,6979461601.630737,9279579040.822067,11986179798.17237,14555406664.640089
Audio_cavitation_motor50_base,cavitation,motor_50,200364745377.58646,139933382662.80634,65053950698.61294,28273603586.82126,6308672786.667229,6998253892.227291,12999192561.312973,30501362380.559498,114546537100.3377,218102487344.8821,120700144822.05424,80294447207.03827,49757521933.33238,14566285863.745472,17827772019.261055,16130321567.90266,9462753947.994505,17497866292.91062,26784528280.31942,22011475983.731243
Audio_cavitation_motor50_base,cavitation,motor_50,271284623312.928,144793186234.91843,64223718860.285675,15158859233.155819,7345701924.838791,7587035048.229553,14124147548.284319,30832423419.771286,90884883828.33151,92859143503.50899,132165033527.26988,129001179221.30836,89723562127.39963,34103396410.194107,24004100103.618694,17898408167.20157,16397319983.30906,27785908680.472927,44281742747.7714,46371177151.84576
Audio_cavitation_motor50_base,cavitation,motor_50,294675651431.22156,173879787131.31802,70064326313.31416,22457241029.43148,7855054072.185582,6914402919.385591,9567286619.843513,26991034624.410522,68726440392.49623,125277799739.76427,128299175119.09467,123771837948.84894,62399315472.26667,32463312657.36343,23880219095.864193,17217622427.196014,20753106048.822884,23166482609.810047,26227628928.94385,25572802797.42032
Audio_cavitation_motor50_base,cavitation,motor_50,305456354884.11707,263599465367.01584,89407202352.55112,35388735901.096275,8834424244.195751,8818655690.22072,14875042477.391443,42329905789.93371,130474232021.34775,199173209050.13123,160492105010.9299,221080194526.68756,82617698844.78954,52795394017.92973,36697848389.26706,28947268103.534374,19358639707.26835,26386504316.328003,44238910818.513,25172606184.089622
Audio_cavitation_motor50_base,cavitation,motor_50,187815898011.57748,196678020391.044,85370737550.4209,38685965748.60422,7144211645.651755,8702419570.390371,18486640160.89572,55780837384.73219,137094484977.15526,237401895040.95602,222660607169.7282,162932739722.5577,73691441159.43695,30911879270.751015,31796817463.138584,26160005944.984318,23558209682.310947,31652909315.001183,29851278426.938683,28908859684.23777
Audio_cavitation_motor50_base,cavitation,motor_50,522907057882.38184,557555476100.6907,172650786580.4306,37732839079.678856,7459492604.587442,7672137457.180505,15127411430.04694,29358409586.94316,122080209377.22833,139557436829.59622,143427922265.02335,142539851561.1479,99857714464.07434,47754586559.44949,40282047560.3754,21605357820.37934,19656655797.804214,28467086109.04344,35021991250.92165,32516324814.5529
Audio_cavitation_motor50_base,cavitation,motor_50,222672005563.71146,153392585835.02533,97283941238.60092,26287195803.63836,6329739543.690111,7248961231.034303,14192699284.321642,17869971954.056396,65298708132.872696,142112536000.68185,176822802927.5955,214222501988.25064,76258423699.03723,29634451242.9303,52776364000.9759,26621306312.890045,19405169361.26987,27403617804.319122,57877953529.57578,34871546993.679695
Audio_cavitation_motor50_base,cavitation,motor_50,184672387676.86945,186400767656.66315,83570825336.98315,16383857595.680489,5566804013.025786,6442666813.932273,11699607842.021416,22537262980.358776,97561153633.26569,141662132895.69263,146852559168.46667,168695899041.33676,91703620060.74023,45238412697.07975,54686611198.20325,48155070306.97088,33230450622.123394,37420742942.60999,52533779943.045,58046474524.33931
Audio_cavitation_motor50_base,cavitation,motor_50,162219402947.01132,144825721806.90326,69089017698.32071,20165899908.944313,9606182212.315632,5872003780.3814,9071574072.339533,31041694991.011898,50719361752.94425,116531129223.00452,223387146717.87637,178181408501.31995,86677194997.20729,40486808240.22252,36174295187.7854,22397949488.191074,24119609040.66817,29716884604.45436,59399065295.05539,39772305733.10113
Audio_cavitation_motor50_base,cavitation,motor_50,205665729788.17236,159756702974.22974,39606753231.84126,7307705976.288924,6697260336.290315,8192200835.937552,10513539779.550451,25059013249.390682,51417547588.906876,148835092734.8076,156969039391.66345,182625164641.78232,102046520377.48827,49200451860.98633,36353236483.29384,38573462093.23173,15373630931.742043,41486650735.02807,42345174929.6746,43377992544.07813
Audio_cavitation_motor50_base,cavitation,motor_50,282300712271.2409,149348993610.44858,75554576869.11562,20386102480.473427,4199237369.2176356,3891795911.907257,9995578370.583128,31356114045.002293,66217266067.654335,92698508643.3582,269753535057.1874,290088505875.5939,119263056764.20471,71581825392.74677,50471551004.03905,46791475483.722534,28521731498.406723,36536187051.47916,60326834434.252625,57081713336.54243
Audio_cavitation_motor50_base,cavitation,motor_50,270441223588.05743,162398957793.9137,116437742540.85878,23639787586.40503,5980311217.445814,7061613479.542737,14948633932.751488,31779339858.95423,89072347593.38791,123362380212.49197,226885970138.4421,348665086410.6623,170711799400.72488,40093764015.46733,35002751506.1513,35391162190.55094,36661657124.14747,38235076371.942245,44383254235.47356,71589158613.83142
Audio_cavitation_motor100_base,cavitation,motor_100,0.0,0.0,0.0,0.0,0.0,0.0,0.0,0.0,0.0,0.0,0.0,0.0,0.0,0.0,0.0,0.0,0.0,0.0,0.0,0.0
Audio_cavitation_motor100_base,cavitation,motor_100,0.0,0.0,0.0,0.0,0.0,0.0,0.0,0.0,0.0,0.0,0.0,0.0,0.0,0.0,0.0,0.0,0.0,0.0,0.0,0.0
Audio_cavitation_motor100_base,cavitation,motor_100,0.0,0.0,0.0,0.0,0.0,0.0,0.0,0.0,0.0,0.0,0.0,0.0,0.0,0.0,0.0,0.0,0.0,0.0,0.0,0.0
Audio_cavitation_motor100_base,cavitation,motor_100,1.3596312036859186,0.23992329513625563,1.9504425752680032,3.81508429912858,2.1576006466929902,2.842930714889864,0.3997890429489884,1.173612214730086,2.402157116729127,0.8234194107517135,0.5029148540908209,0.33286578122841526,0.3487737747415411,0.062308408773850556,0.24091345277907955,0.32968393528420376,0.07770158474305669,0.35565226321546806,0.6257707083576485,0.5008623053748853
Audio_cavitation_motor100_base,cavitation,motor_100,311243.1278928071,953566.5051820559,733451.6992876307,489329.3496586725,355176.24326400866,242644.37163464705,286417.2125794611,272170.1977685275,241079.84664087137,376978.98041812016,298308.6188561944,56498.874029751554,31726.950752427652,22355.25707690372,37271.95067050829,48317.92916624159,177668.79562538257,74104.85391000121,57442.058593824164,82832.98200356484
Audio_cavitation_motor100_base,cavitation,motor_100,4688202.662402022,5426930.968094304,8346973.757392964,3383124.8907757415,2202920.819059097,4192534.0111595234,3927023.5787639036,9767361.12028992,5914725.821662452,2958843.0693975384,1183116.348463146,580710.8141251422,301119.3275292735,98326.69577430747,241811.27667202026,321734.04163516185,930991.8664053588,831405.3847697257,1434312.4476852915,1514321.9764500468
Audio_cavitation_motor100_base,cavitation,motor_100,16254363.83171032,27381154.34254663,52177760.282078765,72698087.71880926,63580929.78263333,125193685.25827765,150897254.71724394,124289686.50216758,32831463.34784584,5353676.711770363,4248888.828208777,2047064.9262826229,703403.8696535525,343314.6776370039,588342.1400164017,991357.4923315357,1489880.0613323909,2865557.7259373334,11482847.091902291,20383179.42866031
Audio_cavitation_motor100_base,cavitation,motor_100,35933927.702295765,63432170.26769608,64771047.38341794,102345284.14727306,88616750.18127306,207226463.52858725,80514590.86758192,109859937.34775832,34204723.54894876,8026608.71921481,3152572.077599918,2276038.2325028135,909409.0990374178,170560.2196277617,603379.7002775596,823449.212780819,884270.6209341781,2537478.3324685,14095779.668990413,14492104.986100085
Audio_cavitation_motor100_base,cavitation,motor_100,63555203.499015905,270706290.5640503,139143148.55610967,163896840.65776578,189382856.66587493,243451521.42586893,219287936.5587432,249762840.30381435,52439381.42678599,26020073.772062223,23458585.214219213,14492618.187768698,1973692.925555008,1041449.2846573885,2989904.4533221656,8685328.04238718,8060800.666293769,7590419.666156951,21548820.558025822,45011811.26358081
Audio_cavitation_motor100_base,cavitation,motor_100,6332874.484535729,46122136.09851823,57861783.91826049,28432676.77550968,17588340.711675577,39573571.270208165,40131312.681696735,35767830.78260027,16848636.784602113,10573382.541529253,12430719.707261719,2070174.3423257857,875330.0174904533,462127.1856856333,785405.1635445498,3078564.641512029,4435887.941017088,2755585.6280249557,4108201.734104434,6405990.527392345
Audio_cavitation_motor100_base,cavitation,motor_100,6126337.311760561,15641977.544707255,21517870.880945556,26162200.26960675,17805156.55601891,22889259.456385832,11810773.021286592,15989708.161654038,5067915.058816183,5024110.311245093,3499545.392606723,1228921.1311733446,662536.7198485972,192395.10663172923,515356.2318157792,874030.8121882918,1687241.5351805163,1578159.7718056447,1185299.954311952,2914772.382776543
Audio_cavitation_motor100_base,cavitation,motor_100,8914148.575452855,10724342.164771559,15302381.508802922,19780683.625494573,12381536.552278688,19264467.14926087,8924782.942908075,10850585.29136965,6772647.915469769,5184053.957937123,1644916.5795848032,1200869.9119263475,555096.165786973,178204.6804774946,412663.50780619914,659412.7806759397,1068045.947054405,1554567.9630975241,1518103.7381375504,1730416.7378364012
Audio_cavitation_motor100_base,cavitation,motor_100,7840106.8287288835,19394360.137358665,20514507.76003947,20048951.40371392,33547663.048837386,35926896.70407598,13956811.772928823,9330761.243059073,9613120.79127879,5427060.504613129,1878537.6216776983,1082993.903709722,829262.0146931288,128027.61757317538,646869.3710946632,609996.0591226105,888739.157592217,1709202.4117065805,2037296.4225837889,1775129.9892939422
Audio_cavitation_motor100_base,cavitation,motor_100,21926297.93784237,30146583.48710053,27268005.189651188,36174722.97028319,28738001.38735285,25421377.980250895,14856293.233906483,17164202.7935275,26072086.45307061,10907556.74853223,7770179.287223746,4170531.578056805,9067905.346077556,447315.50045065937,7621993.195984483,3654063.1008722335,2587426.4168667886,3976369.6184050636,6390843.688213538,2754837.108208805
Audio_cavitation_motor100_base,cavitation,motor_100,49943237.39554936,101179232.17273365,120333647.02154581,45125110.07142681,43604462.58416877,447200141.32748514,115422285.25367807,27301342.236542434,24024908.44655449,28688159.76914268,18837582.889377695,16788485.024955817,28686565.554107454,1046892.277336976,30384635.777769238,5706093.465781773,8193180.814285292,9586396.983834565,4716811.021575637,7475985.138391278
Audio_cavitation_motor100_base,cavitation,motor_100,14717341.322221322,34257875.59268668,67499583.69188529,21359208.838977266,31014788.54927863,376078548.3728886,129332809.92393959,28860775.41122436,53494372.28776518,21280278.04788757,15919078.665307315,4053049.5128016807,16877973.58938755,657330.2293237054,12787675.211220233,3457002.570202668,6215613.988210788,9405833.321401468,9060527.106846044,5150552.908545449
Audio_cavitation_motor100_base,cavitation,motor_100,1781531022.077441,3666751353.61704,3484427559.466716,1007420650.9517319,844873086.5037605,192500454.43037096,74808896.94637962,21325040.269999355,17614032.055559527,15421319.062971298,5216938.728968726,2118496.679842641,2088602.8498716073,358692.58720322745,1473760.3273720501,1338008.0253568054,2150054.215144376,4447650.344838387,4217778.681319281,3999872.6694004936
Audio_cavitation_motor100_base,cavitation,motor_100,29548011.856466934,40625484.81744176,71059277.26389247,117574187.48250295,101354417.89239892,58707116.372139364,32013447.077797595,20855751.485840347,10543470.005555488,9295536.116428575,3316133.6612672936,1702011.7648617614,1340287.2715586242,211009.87043161446,1089953.0822485662,925119.2771277217,1317542.1958273633,3356138.058216475,2306205.61628539,4250310.187048992
Audio_cavitation_motor100_base,cavitation,motor_100,514710165.9511106,88207380.02323055,103529525.27747801,67630051.23620519,81526846.34360942,82758436.99960539,46176323.93478031,35382254.19632622,14773521.887891121,20407010.15540439,4874701.527009615,2270015.8207870363,2065961.191865632,736651.4731988006,1469113.4698411492,1269186.510343821,4633505.959577652,4921233.827450059,3848739.9936221153,8553952.222545907
Audio_cavitation_motor100_base,cavitation,motor_100,1947293545.429442,459844787.8699373,1501494739.0704918,445022280.6595773,266074767.05088478,153572182.5847287,87744176.84883294,52281814.115262784,18653315.023491345,13110756.272221042,11285681.371673256,2982259.2167926165,1539217.2696619518,480293.2569948846,1659113.5296940051,2296472.097061668,4522753.509098245,4122863.735640891,5336016.485831691,9884051.050928311
Audio_cavitation_motor100_base,cavitation,motor_100,346475301.1935675,672415692.7420045,808953532.7140042,636453800.5000312,322728509.33106065,278293511.5370478,320404006.74776626,53554562.16639214,29826467.18760786,56193690.044933535,12809151.268274395,3594157.7204082627,2152845.8255993575,871342.3143343768,1251752.6139778867,2720548.495962557,9918619.434131343,15869015.049758768,5966590.942398106,23599910.426029004
Audio_cavitation_motor100_base,cavitation,motor_100,14585219570.82559,23484003066.229347,14508654867.589071,748091688.6394086,202652041.47082976,334615789.7770393,167122526.83974427,28461931.277275704,15315586.84645512,17661438.00266969,7079354.57529171,4537488.911074713,3565782.0849914597,662519.022732734,3045237.599484238,3267044.856171649,3278548.9835229884,5686464.563845785,3668939.6427261634,6917940.272479621
Audio_cavitation_motor100_base,cavitation,motor_100,56504186.35099809,113078270.27868003,104385916.08215714,92836639.05194965,35998127.79674525,39975165.351445615,29365021.48224789,24290618.954981394,10863112.228787087,9026825.217088643,3968592.484828202,1587706.1945904791,1321119.1208733367,221143.75309784824,1182231.3180797482,778402.5931654498,2147713.797377688,2506705.6434758073,2722181.372590203,4992934.190855483
Audio_cavitation_motor100_base,cavitation,motor_100,5522096082.832711,3992319239.4761863,1454095391.8544228,352581830.6043923,236478213.08600542,189088032.9468446,83076976.1754374,210140061.15985873,26603726.172965556,24429059.659702502,4640240.119168612,3650827.752393883,1236458.7290631165,324338.31730578054,1265798.0744695752,1712856.1534083732,1895935.7950374251,8127643.195947325,12327407.256360214,30733773.553155277
Audio_cavitation_motor100_base,cavitation,motor_100,484591644.5214515,249858123.0615733,150488021.0837863,86856463.06304528,71363136.01215252,45963702.741077244,26708586.45278495,47336212.51997928,14245360.81682941,13806790.933208738,5077351.550754218,3034726.281926587,974716.8064765065,275187.8443141412,716865.6854545816,1749916.7291961624,2173733.309270508,4370356.764432822,4544466.041379961,7473540.909648645
Audio_cavitation_motor100_base,cavitation,motor_100,16862990.406621184,80352560.78648642,51017166.4891591,43206487.58672529,26228065.78108805,17798096.78142996,15547775.932615202,20545080.69505918,8073103.156330908,11548372.229060221,17130387.778757952,2458453.429572988,753974.7467137771,850574.6318031789,652358.1454026081,2163340.431051386,7594715.840594573,2965062.809312533,2372483.5109204454,3477753.661351564
Audio_cavitation_motor100_base,cavitation,motor_100,24142030.481153503,79396464.54036196,35815870.87514348,38147752.84866102,32944723.02433206,49286126.89654936,26896826.28168471,11342209.037387798,7823966.434111388,9989461.14620172,3897294.3049312164,2163808.2066444145,615050.364308771,294130.5294174946,684931.1797889101,1097069.4969864513,3002013.4250417803,2152784.1365732714,1927015.8086520282,2129160.6376571683
Audio_cavitation_motor100_base,cavitation,motor_100,8664260.061216824,63295480.73738094,92558207.2143059,80147819.01705937,56579491.22418606,54243998.52990505,56393939.83531834,31392838.697627697,10495433.746971816,9137639.177596439,3489171.7178382645,1965174.9453494423,637883.7063086898,278449.52984339994,626228.972404994,1374538.7817470196,1961644.2873177747,2667259.9595356765,2852669.135334743,5417778.561614427
Audio_cavitation_motor100_base,cavitation,motor_100,72897675.90278502,457826949.15566576,66095447.504038066,178937869.22306678,153446186.4220411,68289920.39340842,30276060.91078134,15984594.451595353,11260055.738883266,19458674.64600486,4263294.154822165,2470174.4768616254,1039401.1104727089,351024.0410201446,902838.5946418582,1528465.2594474312,4125653.520158572,4424062.549644845,2860845.3447416094,2985694.3094639336
Audio_cavitation_motor100_base,cavitation,motor_100,1509006.5895626312,21790218.793219436,20511608.34143802,42291548.934816435,50218028.990809485,19071728.159009762,20902179.58151385,31675527.420697484,16509715.945349097,12351490.106909635,8257260.958483616,2196924.7192444773,1152799.2612113734,389445.08543915197,914528.5974842982,2745846.4683347554,3265743.0879669883,4117936.922334034,3518443.80924613,5371155.307880491
Audio_cavitation_motor100_base,cavitation,motor_100,13877913.222834405,80830161.22424442,23208517.525055572,42702102.11447497,32029607.397597842,23175473.881470475,29516372.57685618,24824966.480727755,11875906.662438195,12509181.914839368,3351374.9884725213,1173775.2136204196,760690.7606353775,307291.5764412786,475730.0947621471,865858.4024739204,2504937.1931492947,3098019.95955994,2696020.664417427,5624899.282010936
Audio_cavitation_motor100_base,cavitation,motor_100,4693282.742476422,55862473.053721316,53943842.06441978,42363002.764112696,51137713.89136246,25699537.48433059,25586205.716288723,23200282.89293719,25364006.502309427,23809129.129082073,11272011.34652125,2388920.886314587,1601545.018316251,718899.5005746271,1421686.8505027397,2625607.396662125,6916041.455243847,7854193.609976597,3034853.241541308,4388087.799887825
Audio_cavitation_motor100_base,cavitation,motor_100,3543395.561969697,46353273.0039164,25805812.34885506,17917938.43349351,21252446.74529877,20911723.424589,15171175.534267481,33976479.31674291,15429826.980135038,8343303.662449313,4805019.597173754,2530530.1669392874,684909.0141861516,231291.04540900397,710031.5885223782,2266696.000596098,1812711.2244080442,3473697.343927195,2362539.6227916745,5801513.935639855
Audio_cavitation_motor100_base,cavitation,motor_100,4462460.571514057,15233988.665811323,14426851.908867164,12359598.136306971,15284885.987517748,9281885.187010424,7717088.732272899,15461827.681547597,6184179.305683156,7059022.105105048,1894824.6382863799,1570067.52321499,552129.2192619572,205079.66347523543,660491.782666592,1027157.9687987381,1296881.6037660623,1594792.61666171,1894006.5455218758,2391473.010646602
Audio_cavitation_motor100_base,cavitation,motor_100,3985935.9273469043,11226712.403837318,10056889.228290644,12153126.368287472,13122774.98247313,12026204.48637004,8344295.4231442725,8607416.740657555,5707611.303796663,4451798.35510317,1405014.1821809649,1621635.256459444,882161.3170385704,108975.97354567601,1032586.4873091055,893343.572473821,928361.5569080064,1512421.1701663118,1268682.493213347,1276460.1694000186
Audio_cavitation_motor100_base,cavitation,motor_100,4925583.941822867,13478735.999728788,11539541.958166188,10300766.182069924,12660410.329829108,10589530.375117894,8038265.94917433,5294009.759863033,4893099.903991043,4370384.669246124,1262277.1838114217,1149363.7160976534,628277.1775797853,123620.67164804497,549588.585212589,665343.0914734496,929273.0644750554,1224277.0005445373,1096026.7888573639,904442.5564715553
Audio_cavitation_motor100_base,cavitation,motor_100,9103131.990523979,11522217.407925118,11241623.954686634,11210433.640083788,13775219.09812056,10475370.437804233,10188228.713221805,7202142.400862944,5586293.228763749,6841946.873430088,1802844.656968074,912887.4494437061,704971.0505442672,125333.33717791326,606490.9463984929,766326.4647492287,824908.4999791604,2059038.8685897163,1276221.4355019934,1778847.6714390605
Audio_cavitation_motor100_base,cavitation,motor_100,5946350.347324929,13392595.088482061,10110838.842460968,23983187.832728054,13050006.711005956,9464652.57853288,9409974.872623224,11074126.710561885,6929226.890154883,5103600.563666225,1753481.5659563732,964443.4806154239,500856.6005473478,114723.11052673685,524149.64562541107,698267.3654969364,861083.9939692079,1553372.378116229,1759142.9944370468,1794110.082593321
Audio_cavitation_motor100_base,cavitation,motor_100,3620827.885509398,10049813.503843242,12364088.749312816,7806172.393878893,16724598.888410652,12537034.515372759,10134809.763918692,6304176.323246666,6052351.402234952,4150891.891688546,2461873.9189008004,1010460.0302232419,700507.7902519549,119199.60902727529,527472.5474992718,725448.8625909247,748283.5114488889,1795479.6619751898,928209.4245183268,1476735.3041012718
Audio_cavitation_motor100_base,cavitation,motor_100,4667052.250606298,20057488.78611804,23439242.66933353,25126357.852881193,9540319.318029515,12553483.082746575,11526944.053635446,8213624.136639042,4398850.525371892,8097108.665027281,2108115.308673919,1336884.145744202,895573.8281805639,180084.5174583003,794744.3787129677,813704.1378078139,1389148.4627746537,2160633.322292022,982473.8507522108,1744128.0656858138
Audio_cavitation_motor100_base,cavitation,motor_100,2812447.024466021,19618166.966715943,14881985.873233154,19967337.185550865,12564221.517912125,21891323.6079398,11049351.967241883,9045167.340014685,7350763.997215864,5953133.568372889,2436913.144187399,1583909.0712986675,919876.927139138,108375.78399142523,801984.5455999817,1017304.1328882055,1031856.2652197822,1953005.3213504613,1954934.1214082772,1678446.6659270567
Audio_cavitation_motor100_base,cavitation,motor_100,4018207.8107810495,16620480.84891903,11486370.502811868,11249686.248739004,11240712.477067158,14274979.294326223,9261613.975871548,9996655.824867597,7540194.648345908,5711567.415324398,1652354.7890721925,1753510.3626101823,597674.4083149064,126399.12351048668,623075.4539448585,871621.9185623259,703723.230609957,2011123.4027230795,1991964.324301261,1652196.0318870954
Audio_cavitation_motor100_base,cavitation,motor_100,4773083.120824369,15677087.94793023,12172628.09056745,10360776.916806072,8597010.61788343,12601890.726372818,16731363.073681068,12043925.219806382,5580899.044632409,5394636.640000325,1786368.2856440467,1757440.7546727601,672110.5773860635,151269.65886268445,539701.4114733959,1083264.1539158656,776042.9662087831,1935184.239714539,1611698.8293602802,2649281.4290785044
Audio_cavitation_motor100_base,cavitation,motor_100,1612437.6714080758,19065409.176992714,12621857.304596297,14702573.932134762,16929994.256814994,11398602.197033126,133083884.09784055,12146533.514817644,8373493.358107399,9284143.426052995,3485668.7359554144,1616678.7368368823,1138263.0423910343,250915.5402455723,889500.7159112082,928689.3117735815,1209792.0749481546,3266481.9927897616,1811232.2004484413,17538807.91739943
Audio_cavitation_motor100_base,cavitation,motor_100,538531892.5772873,5162203101.013497,19104422509.723557,57720113066.45015,38791122911.81273,8425300131.597997,4830788843.6229725,577873478.108459,83814225.43231215,91641026.83931321,38954692.83367109,9037128.951129131,12550486.25065963,10180627.666393764,7131195.015546659,6962233.972529362,14033341.582940297,19667166.61493785,25022916.869343583,167363601.38913524
Audio_cavitation_motor100_base,cavitation,motor_100,15210342858.071926,16603748302.142038,20437541153.04635,21132121544.326797,16223104080.02393,11276735023.389317,6149454989.392211,1855842414.8466806,450364521.0831854,198611129.70930108,53296791.40391563,26201902.613189634,9800605.573048128,7346312.379061263,8017577.311118037,7427061.840758855,15413199.41807384,41606497.36655773,157639635.6566193,366916221.67348945
Audio_cavitation_motor100_base,cavitation,motor_100,14167323865.24669,13811865970.840511,24124727078.087997,33390987033.984447,22193902210.455074,34752077834.29526,23427302083.607697,2226983305.783741,554550054.5441264,372950993.50982016,123562891.22908287,21975991.193256106,22485314.382311303,18701061.94607394,10507867.631371154,10273593.799559163,27818791.78899877,63663404.64552797,135878420.10217702,1024126048.2956085
Audio_cavitation_motor100_base,cavitation,motor_100,7877835043.966425,25483982847.980003,29485069680.612907,13006120359.560368,10632133557.571552,21434493542.30587,25025864288.69058,2100219130.9913263,546649994.8632135,393807954.8888888,123355451.28207386,26059927.944269042,19588522.457304496,23583560.068616647,8615291.009751065,10430641.033287846,45728272.582897015,64249993.066980995,142801150.81494334,960331599.79119
Audio_cavitation_motor100_base,cavitation,motor_100,23874992464.481937,24844840331.225735,28184348200.909046,27096145088.153393,17404717676.507362,32638856382.45124,29564816294.7162,3305968573.7036314,1514768621.398701,605510820.7910075,127513241.31082776,45344702.56361061,34502436.85918237,13743224.684352022,15370679.63709831,16153102.373869052,24593425.68610528,120616469.46668765,351708084.58094305,1068542051.266445
Audio_cavitation_motor100_base,cavitation,motor_100,9071507250.76241,40543146393.10693,42298173639.901,25091072376.74522,21510784477.61814,15753972136.476236,20508547611.303337,2478376832.1507044,843130878.8835505,399352200.63799405,82470492.69852,38579071.29992037,19989095.89943446,15309908.162443051,10103773.472021898,10155478.634763552,23814993.87415037,73559158.79041027,262441650.6782987,774627075.8255646
Audio_cavitation_motor100_base,cavitation,motor_100,12767227938.718039,31082161475.47715,29948431421.552055,19287279358.129013,20083845107.98444,22032183770.8838,23133434810.3151,2591504843.0233417,904410842.8701657,444635408.8721914,136085611.27593797,32577486.691391442,19924916.555643193,19505508.259861007,11434536.608787933,9431755.689164167,37792311.06871628,76563236.47077918,206530572.9551889,1343778301.998061
Audio_cavitation_motor100_base,cavitation,motor_100,28966765417.71839,58405392807.83183,71380949221.21451,35684640584.724075,41785935274.05891,35849300173.13694,26344783566.05378,2768031670.86675,736381526.3527822,363840108.99104476,161634325.51848006,32371273.88067528,33756280.33663088,23296072.030287363,20389947.34206781,18130286.43777653,38010064.355952375,85848182.90453653,181944851.61979026,1223925239.5829017
Audio_cavitation_motor100_base,cavitation,motor_100,50308747126.33164,52920860347.33359,60127774178.37138,73226545762.16756,35150297297.003685,36018435560.80808,27494341320.279015,6194950227.185939,1184911082.1693888,532126191.8442785,210226159.6536142,56481235.12117537,40753881.01014991,30006365.273480516,21361395.59995282,22763087.68671058,53476558.77841793,119930226.90374698,324101241.2281666,1661800308.8131404
Audio_cavitation_motor100_base,cavitation,motor_100,31060553885.806187,60236615878.94839,70920345036.25726,42745871084.064575,33843792955.831642,38842598155.495316,37568800126.06303,6568955710.856383,2042041218.606108,569382999.1845219,198562440.51045272,84590465.72289012,24174229.974048067,26633651.397040877,16721345.623970678,21437226.877765983,49247358.730425715,91105693.7581602,585981000.8366884,1819132755.1696534
Audio_cavitation_motor100_base,cavitation,motor_100,29858659654.419056,54635532361.99482,53372543101.20759,41029405446.700676,41419129948.61396,23837447553.510086,21408602618.08773,3806559475.123632,1069100895.5801034,264928907.89919725,151318573.20200327,36837094.11878842,18922299.28839083,19542035.88291354,10309798.021943262,13428663.480867108,27225319.88875026,64931388.39732061,274289473.2754014,1477036888.3488665
Audio_cavitation_motor100_base,cavitation,motor_100,55602800580.57574,130674429345.03964,76038190189.51033,87309779477.42354,36995923477.91779,47094667838.42775,42119565947.31034,5108449348.941449,1345250086.7801995,684652741.6064434,185534267.87212703,45261496.439682916,37302220.88280351,37166551.235950366,16451685.86810252,14851336.007438283,57861380.20546513,121334920.80896173,361379199.1555304,1599682369.218603
Audio_cavitation_motor100_base,cavitation,motor_100,49320564535.81647,74659968424.93979,58426715756.94635,37990835496.97408,45088080691.54038,44885580407.023766,28461846724.425743,4363380546.953268,1014792015.9280652,460307782.9632821,159579490.10459712,33241604.7459851,30564464.52412465,22091918.906765576,15979525.397287779,14772632.699411737,37594354.84207856,80902570.4866502,254463933.28867716,1489089054.678816
Audio_cavitation_motor100_base,cavitation,motor_100,35217129586.09577,79514209377.44612,95299904781.12741,46003313150.43547,71815779368.10825,74187818682.96086,61618334878.44861,6991854585.07084,2008678303.3488631,982385289.2948118,314754046.60493016,78593271.86317918,54553138.388981834,39136915.33892532,26648975.1559631,29184397.474720247,57399722.023047924,141764905.18587106,609928046.6252956,3110223917.844465
Audio_cavitation_motor100_base,cavitation,motor_100,37926580201.492134,71288358561.18079,66761443970.26766,55667159230.36179,38436789389.40194,38723162088.027954,38929336711.53883,4957124396.928028,1339048540.1005201,629643009.6101636,215073019.42393112,52319150.55273858,35182310.85987933,27620428.484838847,16036678.012913505,16755684.305206088,48614138.08297093,109158661.05418983,352535189.9183488,1813128154.284313
Audio_cavitation_motor100_base,cavitation,motor_100,31741733523.011497,82128171987.55286,61945216417.3627,51027869162.65209,35096813191.49663,59272454703.893295,26994811918.80589,6625336120.811993,1863171272.3134725,807291327.8322964,203732220.13536882,51105344.1096336,44014914.62475524,33420904.21882123,19687860.942141358,17996575.108272225,53224908.70537319,173923579.96905783,373983528.93422586,1684402474.237208
Audio_cavitation_motor100_base,cavitation,motor_100,69355105547.60805,73404479921.40776,36949361952.634796,38359391481.8602,28362063331.912075,32394387800.107567,29994755671.122673,3272269250.219303,1444223132.9889932,532171139.2232922,107107784.37100837,52723795.17611722,34693411.08632057,17807184.938643314,16311467.27639116,18256820.51780233,30297895.768891886,87572925.99047261,375480259.73355305,889086362.4406074
Audio_cavitation_motor100_base,cavitation,motor_100,20757609949.775604,50928094886.28078,40233604312.625114,46889648211.161446,27305312135.23826,34700861398.8173,31515834414.120186,4009106745.7991,1253294118.780363,538110005.85969,144824262.30151048,43978214.39113639,39508499.56444004,20048302.8541226,16442446.993425861,16548915.97909245,31011253.796191156,120254791.48239431,304823366.23168814,1278935165.3782744
Audio_cavitation_motor100_base,cavitation,motor_100,41367869726.98301,50940180563.41465,35690673000.04968,33966604481.209362,22152204779.60249,23563663380.397373,13581072973.512486,1922014273.7280529,731481638.3754725,247367351.20407906,85097481.63675755,27978951.672275618,23440279.601898115,17773739.572958034,13481080.831002442,12618297.01973715,24596826.131237097,63681172.39718194,161914520.04127386,660034959.4786806
Audio_cavitation_motor100_base,cavitation,motor_100,22834564536.9206,36542907362.98601,57164949454.775345,22710537877.920334,17486416630.704525,23691924438.231804,17753989406.87323,3584571954.4684243,1118009361.0048532,341049922.006829,108154455.15449846,36453730.81826978,21816772.11928209,13699512.972313736,11275742.868495297,12187750.85433625,22787217.900795832,65088611.262494534,280340697.29322517,933912781.052254
Audio_cavitation_motor100_base,cavitation,motor_100,37471428403.63446,61244780989.98754,56648576058.71487,36267241554.91457,26388648640.634598,34215564073.25525,31354432697.55406,2812476824.6981378,1127215960.969168,509190147.450325,124686891.33229288,40843003.68105842,28755311.854005404,15778812.884416357,14310335.471848655,15643851.106596155,26214983.560931638,87394034.49351566,271839165.4019965,1133319894.6593742
Audio_cavitation_motor100_base,cavitation,motor_100,18427567183.9755,53089227460.46893,40607922109.3927,27847551578.53457,31822806378.495384,27031294373.10276,29235891415.175907,3461488069.7961,795257048.9134377,606887344.3142025,141195590.37961146,38899677.560838655,35556679.623969324,19721668.796905242,14463664.777788175,16288878.79383074,31491976.843945883,109680470.88083096,238248448.1706185,1115715241.8295414
Audio_cavitation_motor100_base,cavitation,motor_100,27445046903.895557,62019329660.58178,43107271168.86772,29375525769.2889,22754981638.04701,34635827390.17213,28824429003.16743,3935054135.262481,1043003368.4845259,436322202.28499144,149303817.05681643,29808904.794110473,20285354.971180413,18067034.06689947,9069836.535052426,9366395.369768985,32554029.526644804,78471804.91524594,240079175.5363266,1578697457.6406999
Audio_cavitation_motor100_base,cavitation,motor_100,34730723159.60733,61734488654.14943,69858741782.05322,45333016739.03555,33248409892.01759,32443914211.036552,15573769535.022844,3497847908.1582274,1137775007.4205525,379040513.2512398,101934557.01790622,42897157.139640145,23843636.375865728,15586382.646213716,12642353.133118557,13799963.27159248,27581120.416359205,71175782.6348084,332385725.92350405,859264514.760413
Audio_cavitation_motor100_base,cavitation,motor_100,20023079417.34035,55686864077.98405,70153526711.53482,45980701672.556595,29088637304.489788,33356747532.265823,28211123111.34504,4103099969.5655046,1316092666.2235456,481586819.963137,171218036.191507,48294573.77422146,26120966.5498712,26619602.903583806,12975117.702171125,14560652.214818403,40363183.74865327,77179475.98714584,347688982.92026526,1594905439.9986837
Audio_cavitation_motor100_base,cavitation,motor_100,20631033066.38776,33191076926.61211,30427936332.77098,32010532377.632244,32933919762.912357,36668879608.65015,20106167695.09594,4501131144.9134445,1209237187.9314313,359444024.0430673,138612941.50214097,38678624.51206179,32500452.275162604,19314225.84879707,15417439.683458325,15651267.06803546,32412202.531521264,102677751.85270555,277869233.6686773,1286873902.1282852
Audio_cavitation_motor100_base,cavitation,motor_100,30758975326.002964,103660369044.34818,78187652897.79971,37767935535.30996,20543806258.447517,38335570916.55643,34985837489.9841,7795509575.637003,1443572102.7774417,609414230.0934557,245401546.72324303,45755327.09841093,40340228.59990179,33328007.037410952,17264813.589897387,15231950.616691416,49738974.69805887,119082117.94545035,403594312.9631497,2341275987.7083254
Audio_cavitation_motor100_base,cavitation,motor_100,24260454790.508614,29579546709.75718,17541247641.482048,20367641661.794743,19316176027.34164,18777020556.783096,12297026023.78537,4433130010.506493,1038911459.251908,279712379.7349222,109259861.55498181,30495963.138359692,16896874.732546706,11229030.724463666,6968019.544344199,9255316.29901941,21652234.471645296,71695182.80264914,267133011.7360441,1050334499.473216
Audio_cavitation_motor100_base,cavitation,motor_100,61000757149.5565,47696880512.48168,58595631607.117386,64085407472.54834,31970358860.771297,40302147448.55264,31454306745.800247,2933748218.313816,1167236153.3287792,515236505.5184577,149899475.4765081,39499878.78351126,32972570.130895972,25372896.49677392,12948566.276713738,14904766.795766221,38487050.55700103,101688994.23826252,280917665.91320133,1222628351.030945
Audio_cavitation_motor100_base,cavitation,motor_100,24952426946.548943,54312050019.5798,40493906699.16176,34488637994.540985,19425473986.846176,30522386099.07563,22319095417.807785,4033222808.781415,1353075204.1770813,451795247.9211468,111199347.7484706,44271638.526469626,30850304.939310156,18604825.049061175,12926760.937573286,13744648.547786625,29028887.664794397,123978808.72719511,329910237.8472848,1018847823.5182369
Audio_cavitation_motor100_base,cavitation,motor_100,51650838381.95969,59012518944.67535,48073317292.813416,39784529737.329956,29914247118.32336,36109421181.01216,21330718889.14996,2984253727.969977,1782179418.157558,434545028.15149266,114014497.27240019,65800699.57892905,25484006.142811738,20869992.93349527,16046230.616428945,18220699.253388226,34437022.97784838,92246274.97148773,407511623.1436154,980380365.8586307
Audio_cavitation_motor100_base,cavitation,motor_100,70647195504.9872,107046701317.74089,40862202620.56222,35274265674.341156,30348349495.041473,49817477089.205185,32872972564.262257,4586959297.641152,1799197614.1025698,537761239.5963053,204201577.73384428,66337164.303433396,34801691.91037661,25019937.11414536,17940361.815370314,18699653.49280121,41741640.499122,118849903.19062012,428216389.7794225,1943483380.7083256
Audio_cavitation_motor100_base,cavitation,motor_100,37080313696.98726,68783329806.48445,40321039516.91399,50467164853.10086,47612363430.07899,56971238756.976974,32208384898.51624,3118244673.441852,1930808030.8726995,640866622.0776645,118851720.44647837,81400927.60221118,28819377.77305913,26817063.389671493,20102264.841646537,20479972.078140102,38789492.795952484,102907677.23872599,452114776.7024416,1007180139.1777226
Audio_cavitation_motor100_base,cavitation,motor_100,24495998821.6583,75561071020.01863,51327749020.56454,51511509728.19194,44543013320.409706,63577222948.86635,41965170499.23774,6937086209.683155,1625599542.09774,634220631.8457481,216123142.150052,62121764.25860131,42608128.03752248,32559952.254564866,22179549.53679964,20938150.075563528,49309623.33432342,126523699.06735764,381707674.7791537,1976887909.1518126
Audio_cavitation_motor100_base,cavitation,motor_100,48001523193.1749,56234645183.04077,35274644579.26226,54658894659.38385,47469990794.18513,75352768537.34393,20113664184.16979,5638859927.824861,2254321202.4919324,447504845.57498384,132766516.90184587,74308413.05714267,45196549.124882706,21619571.58690359,25374694.87034454,25118364.892392553,33468240.746702936,154191325.7185902,460400435.23738784,1260616733.156914
Audio_cavitation_motor100_base,cavitation,motor_100,20474664475.709503,74423985407.36032,110808377541.08258,102403095912.66013,61481747976.70591,63074120924.0046,40031017668.71552,8229225774.970354,2089262908.5017781,725129586.2384382,316513480.45602137,77129600.38265488,48799728.57106451,27270869.64387785,24785689.034382623,26856172.650279775,55258131.37529037,144810320.77452525,601337062.8726937,2859804122.1756005
Audio_cavitation_motor100_base,cavitation,motor_100,34360458455.93679,66871234167.050964,64568757430.78547,48517838755.33792,64564390312.5095,35012044749.55916,25468512255.56816,5985840506.028664,1500061947.9163368,429532156.24112654,160053548.8528444,61554270.43781159,27200201.756896198,15621211.402109925,15729574.831063328,21070564.368067946,27515651.97442597,84638165.98416957,446211081.93357444,1476201834.322282
Audio_cavitation_motor100_base,cavitation,motor_100,13047668789.661165,76977678986.59471,63167660089.236336,55184636845.55543,73593742571.61371,50828989652.56267,15065231355.685104,5538623380.136979,1787132811.8485155,406836445.4262537,152903908.30190274,88488193.52339227,32093437.998470835,18248188.69152427,26217324.972633082,30657667.308123298,32666056.28295118,99209978.37245958,471133150.48890424,1326953014.8511512
Audio_cavitation_motor100_base,cavitation,motor_100,25862880512.40805,67687371152.47771,124244232597.72209,79325040372.79272,70044716224.61713,40762408969.766235,17954706220.63387,5355400449.927288,2517461825.134654,344251864.79982823,146129187.1408664,76199392.17567614,40192472.75693571,18405688.132812843,22537350.630956423,21860090.05284232,31226320.789041113,139039049.4854281,569427862.2679265,1255132652.8014617
Audio_cavitation_motor100_base,cavitation,motor_100,51656055876.73575,154855857658.78375,192275708912.16248,93109406598.60382,112890045688.79471,65762685497.93572,39638756594.33156,8480681190.896546,2690130127.4286065,748152936.8634444,227289900.03921407,112235219.25194809,48843468.53445592,31464367.335753433,29102503.28306245,33623384.13863449,59160194.86587449,193004525.48345453,703172018.8901619,2196588220.0866365
Audio_cavitation_motor100_base,cavitation,motor_100,41381767413.07772,217143730247.55444,231928559269.74063,97932141938.29904,82677873727.53459,77623819925.20288,34490309212.402214,9572264911.975634,2420057335.0273085,745293221.5948368,249304241.99204883,116734992.0966739,69717580.48366998,29025495.46516176,41559780.01130157,43603568.365515396,54374467.695066944,226608560.88872716,767527807.0006933,2063098934.793863
Audio_cavitation_motor100_base,cavitation,motor_100,51394249739.05809,177469070937.703,291292872307.44196,203673744702.16354,125236991577.27939,97421765839.92358,56290290475.26763,14149004938.248486,3507687794.6982427,882630138.6553184,445540591.77022165,142100562.00025162,67316555.94826503,70008307.46328051,37430512.089275554,44453386.83839832,102294637.72942275,204679091.12112963,868401595.5073023,4067526304.9540963
Audio_cavitation_motor100_base,cavitation,motor_100,48160636092.2266,177019874150.82913,267041695831.0188,110795065426.32817,82773568001.94028,87114581192.34,47483689557.44064,11139795986.286667,4041091970.7437673,1082834748.7384038,331745016.58107656,118638800.39174175,89744871.3047618,36271057.81200922,52060197.905418314,53271136.093713455,57841065.60341826,323871925.92475337,964242380.1427941,3183204464.6466045
Audio_cavitation_motor100_base,cavitation,motor_100,44628085943.63834,100837711717.99277,238884835345.0702,109865761358.50822,102028434411.40735,106030793655.87881,65658237511.8706,17166278638.698277,3607028861.109575,1510947439.3241942,531248053.08155364,173935582.14936054,99280218.67543428,72542493.75689678,54401900.925724015,58994855.58909832,105759593.35789824,384961995.4817686,1227978665.2178667,4816781745.1684065
Audio_cavitation_motor100_base,cavitation,motor_100,47049974116.799286,198611951224.7745,247972144861.00867,184547413423.36734,108259635901.14574,75770500328.00757,41189123360.12938,10190933593.997719,3822181698.1370087,718199333.9781898,326134576.72548497,113062255.62151706,71507118.78593922,32245293.37469309,39502271.86877427,40387031.79843064,56388771.444340095,257096023.44137117,1041060345.7804257,3267504282.971839
Audio_cavitation_motor100_base,cavitation,motor_100,53026122949.35614,168098397979.09985,199213304849.522,158876286183.92328,128609460603.35867,109320715926.9946,76492850125.86316,15428746049.594526,4838337331.876995,1436536261.7591722,389875610.7323284,223029944.07906413,78257233.02827267,58474975.93399861,62280811.91616161,72577598.44532147,111434982.49221295,240256395.78253204,1381711189.572291,3519281584.178071
Audio_cavitation_motor100_base,cavitation,motor_100,53832547926.987206,123995424591.6504,303117477080.4256,201506572562.80667,165576548884.81393,108234027781.67903,60010764422.46295,11257486331.912321,4292572690.782941,903213852.0876763,411620856.2135806,134808248.35950154,67840449.06641045,65333412.66143332,40790543.92909025,42356718.88561957,113795843.78373934,307256720.9419326,916060438.8898207,3568666024.12467
Audio_cavitation_motor100_base,cavitation,motor_100,34667331095.79752,145731775378.2395,239842350075.66077,112598777833.90114,109702939302.1252,111708693293.29945,64658030611.5138,24013989297.35317,5204504992.646975,1448117087.4706092,607489271.8926673,187321986.5970086,93266069.34677027,46178484.990612075,34238641.85271295,35467739.171559714,101214747.7905013,359983686.56662786,1974056719.7829838,5610945841.94256
Audio_cavitation_motor100_base,cavitation,motor_100,48680121798.280914,130372779389.1829,201951036486.86362,132905781015.81317,117996685504.16464,115388725654.18225,68313119205.5098,17889415768.787464,3755505056.693603,1406279347.1306534,531811323.7158157,166812395.505354,87123669.36962903,76830185.96446303,52541662.32858833,67621955.6805756,112096134.25676557,256141116.41588786,1054254052.2494055,4617193568.150632
Audio_cavitation_motor100_base,cavitation,motor_100,73489530623.5518,162616011141.9911,252754375208.34247,121879760452.38823,123324857258.48387,111366920573.63548,39568568142.833046,14894582032.06326,3590717010.7473106,1040002419.6342831,363256568.900183,156643962.88508302,81889190.39848304,36106035.93148723,48455634.41295118,52603404.41809888,60744255.015380144,331374542.1419237,1008450436.942929,3438702433.6493244
Audio_cavitation_motor100_base,cavitation,motor_100,37071214380.71357,156593106086.20135,213520162830.78113,98977822264.49542,131415055497.46107,70302003273.42683,55525014711.99804,13820669251.251017,5383041559.805833,1069701937.3520864,417056647.0373666,169655204.59243128,77651001.82979241,41660551.96098955,45067278.11467853,43123137.32739488,77915161.5867644,285238991.6821368,1222178692.8204887,3613722242.160762
Audio_cavitation_motor100_base,cavitation,motor_100,47967993810.44012,225521275606.97238,275099679563.4978,165964396264.82156,154460776062.62244,110677688805.9207,52532360943.02374,14288449281.086699,5002369184.0164995,1218441737.156993,335905112.1473734,173270956.4398552,96485326.25656341,59039478.02455842,55648810.08758504,57771158.525744975,88419075.85412669,378622289.06907153,1259476244.2924445,3505172909.698983
Audio_cavitation_motor100_base,cavitation,motor_100,51017718117.90945,131529547534.20277,287184781862.5548,203410294382.6675,112959399581.42653,98933446605.92343,59615084667.21814,16531024157.155819,4433642870.969482,1235046145.6886992,416106768.5552819,180774205.6713707,90769890.00090787,50943742.8713,51952712.85839223,62603338.49439963,78603691.32891415,316406136.88702387,1342342596.1053345,4092028781.5068593
Audio_cavitation_motor100_base,cavitation,motor_100,91541363477.6345,304377750583.2951,236566285167.9763,123658484003.47516,85420510352.56439,77019743626.26044,46733660824.41599,13099123576.982859,2898858487.2728662,1119813568.873721,410240367.68190557,148308472.0411044,73011918.46772717,33141189.403315965,43176543.5636412,55479725.67110465,64227328.37931283,280344402.9387445,998947613.5037069,3177934120.0823417
Audio_cavitation_motor100_base,cavitation,motor_100,37862517295.79033,212875902942.59708,264109864962.85104,98459461131.63115,138316307211.72824,82920869523.71399,49534716308.91723,19250909456.10461,7816024491.66548,1258606076.3878095,511543380.3427011,254985872.11652106,108084398.8345659,55169184.583548605,55915402.25198177,68670651.12073162,105547789.35975653,427986716.6004787,2208547688.847508,4088317951.3180523
Audio_cavitation_motor100_base,cavitation,motor_100,60870015735.631714,227121527772.0933,436957950755.1719,168299812425.28946,146352505274.66248,104100721260.32921,40169468151.75511,15476873861.527895,4275543341.2704,1118181561.457214,311459576.470645,183415695.6396315,89073054.0330248,33465163.644416288,50761480.3208442,53381150.84789978,53956462.31490091,322700885.8024505,1392667287.4671865,3123359591.127632
Audio_cavitation_motor100_base,cavitation,motor_100,79671563176.5775,165139354646.39282,244828162528.33435,195056529528.17087,150641982917.2353,82786405070.12737,57930554782.72981,33551938695.492275,5652651466.091793,1136735506.0423577,760088025.2313563,206451702.09249577,99338489.26405351,82677210.81273986,64573699.68829142,79320861.04319036,118523939.69121742,340530370.6410143,1666407529.8439875,7213788039.362661
Audio_cavitation_motor100_base,cavitation,motor_100,53727762912.498886,148535308166.04895,194087494865.40524,162672718733.06033,111438473684.58524,110313554892.85683,36937347645.51451,12113886520.824715,3154817224.269136,1243210723.3048627,299849935.50262326,156096499.97895175,73073120.84983331,35751691.61991398,44333338.78926278,44166528.804235,66916290.75822009,261503165.60411996,1088945993.8974404,3100910093.478889
Audio_cavitation_motor100_base,cavitation,motor_100,190524040349.06677,228685084237.01422,340967965858.74664,259411875880.82425,198398334854.20184,120451083376.07181,43875992312.42749,24197811789.54206,4947136846.063553,1041735585.987331,606274727.2640953,150241456.95713896,93099441.21775049,52028682.854446836,57095359.345511846,61950927.7609367,94112263.50322121,319122997.1881255,1283173704.9991088,5186029605.211641
Audio_cavitation_motor100_base,cavitation,motor_100,51339305796.37315,192659183884.1938,283412621835.32465,196726216217.71442,152654060163.46625,109459519878.56148,45091657695.63342,17519361608.36952,4159400318.8236346,1325038694.3179147,405407900.6637433,178998041.43282396,90276167.92083235,49310662.4329208,46058434.22930495,55793327.06509026,82744875.03009903,336794987.10230744,1195087111.3874202,3989674766.446842
Audio_cavitation_motor100_base,cavitation,motor_100,93536010867.0817,183000955853.5019,330969050708.7261,179435923935.87637,165894225675.93066,112192385072.77188,54704309072.77218,21917733056.004395,5292203764.888726,1274987076.6335504,660731049.2810463,200860126.95382062,100659603.29884954,63867218.468327425,66208427.89711247,86675352.43287438,108189078.42013286,293155939.8564373,1357634141.6895866,5031783179.721382
Audio_cavitation_motor100_base,cavitation,motor_100,119141377993.11852,129468381050.84683,112646486867.7232,200302025212.0905,112799102219.67203,119318560667.24211,56728765663.79058,10884103770.031118,5326679265.517301,967808209.9664932,325168587.898621,126805920.13355477,63957866.263108425,53625436.22424846,28030508.170827445,33035073.87745767,81906429.91681181,252761888.87978148,1054993550.6112167,2802195088.455865
Audio_cavitation_motor100_base,cavitation,motor_100,138244021648.73615,127257714068.77945,212971249000.4592,154283285592.25,163342484790.0949,106481438422.21606,63922071685.99685,19785520070.61565,4319265287.33183,1557702935.9922783,427531740.0457568,203818820.12442502,92639452.61087105,39401351.46495948,53409440.528092794,67786737.28860122,65694876.73023052,366836363.16627634,1489297472.8458085,3855729598.822405
Audio_cavitation_motor100_base,cavitation,motor_100,97791826203.54837,200060649197.07394,223074487076.45847,309649167831.95874,139525866364.46863,150172172872.058,48702316686.76067,15158200419.726274,5648305332.144363,1109860543.8864868,515963431.6681823,136670122.03285167,114860986.63172954,82914043.40801275,46423436.476498894,40141386.149682775,123689188.21064289,378471237.3124964,1179855794.7234392,4056994458.0240893
Audio_cavitation_motor100_base,cavitation,motor_100,92706158843.4436,78724733901.37439,165684967779.59387,164164402051.88818,99355169623.57973,78593981414.53311,55087571330.13655,26370425485.07431,4806056882.259885,859421583.700054,538025477.5698025,182768132.22278962,99304159.85080555,60963346.46433978,48257971.290684514,60093554.155665204,92823466.03956395,402724936.01924694,1302743376.62022,4516631980.423154
Audio_cavitation_motor100_base,cavitation,motor_100,42713181677.10284,155962139033.635,195191063803.91638,257879517738.37695,181079709503.98965,134061135020.47617,42307224698.760124,18085223681.88331,4225395994.080379,1013113649.0645293,545336464.5523549,171944695.71789932,82668890.34276354,76204409.75991268,54300152.53173341,63232665.7310081,116632916.11371495,275595343.166445,1054774225.4358155,4214415599.7331924
Audio_cavitation_motor100_base,cavitation,motor_100,256269147221.09012,132593808209.91148,176049432068.42917,204047618585.6214,168407978717.8122,170176236767.80502,56851889897.73992,27489473202.993454,6826404156.194211,1341965681.6644256,544636836.9603437,300279097.8878785,132337089.52595001,46172641.84836942,94841921.4676272,104532399.77490142,84395871.91544953,383628776.4333588,1951507630.291882,4903597979.983765
Audio_cavitation_motor100_base,cavitation,motor_100,63656637040.32468,69442240214.6119,157563970179.31406,140190543099.63696,94215265177.44832,76548665239.58778,52144068505.773125,16560223698.235533,4637869499.563096,894032133.9823107,421189731.71550083,160743567.7669928,68228418.80792935,49579533.04557763,37644914.35652939,47090491.834286965,85408827.78392991,276840824.7405177,1375797857.3591406,3955923624.9863343
Audio_cavitation_motor100_base,cavitation,motor_100,48257359996.76329,99395131180.35614,172254846164.45377,173668532775.7805,109396145887.7533,38007272745.27726,47946845839.50498,12496338660.791626,3450426553.607282,1140804523.6439917,310063982.2518834,101856938.5372418,60988639.65657527,45686245.42746491,25743966.26222203,29172266.879142404,64680419.736827284,233904447.87525874,869237213.860331,2685136451.2226753
Audio_cavitation_motor100_base,cavitation,motor_100,30584529455.63652,64752785303.9796,135342961767.94984,137491525469.78424,64888875720.89467,49761166435.072754,30817023172.520866,12173721534.410559,3034447098.9653535,725452008.1889154,348766191.82799566,120186534.70985395,61539516.71627159,47639154.22272649,32784583.117269803,35883288.16869585,80037937.28160988,196832403.0043082,890242251.5036507,2821733251.324622
Audio_cavitation_motor100_base,cavitation,motor_100,34552606789.55681,130986417471.57841,236248246501.26126,106896561030.6665,89876594324.64764,83938485876.14232,44517201254.91077,12969538561.787724,2254248686.638932,626271540.9489367,395842530.43954855,101147421.23679228,57383310.16688507,44612865.941648625,35824151.28333062,42746195.63900523,69403436.89958683,183875610.6435843,625004724.2851541,3481555699.849358
Audio_cavitation_motor100_base,cavitation,motor_100,46499115038.938324,105845107374.22481,115243430056.289,219004762419.08502,177193626884.96506,84519523769.69006,30095283037.9794,8731135382.111862,2885472992.0372696,651996969.2848772,195146040.8458112,115183303.60592707,52034116.74716005,33517694.51687922,34044264.63548161,35874012.80814334,46684541.45676262,206037034.67922792,803366830.642574,1998353399.8314817
Audio_cavitation_motor100_base,cavitation,motor_100,71157750465.22989,82948188030.73654,128893471094.44997,149053304886.06845,64302766006.822235,50735011373.071304,23111978102.871845,10836746224.206736,1638727977.8363373,470858493.36761457,326294108.3303411,78421570.74873641,37558095.77872109,23961591.85306585,24004222.052996714,28605658.049744383,52354788.143682584,115158178.27239531,534846189.6046929,2678960931.7277513
Audio_cavitation_motor100_base,cavitation,motor_100,29436033199.449318,106335268268.4347,106871365005.49628,155236021245.1811,141013051248.07663,113201756832.23853,47510220266.44173,14079884693.479513,2634711884.766335,1225948934.1074965,381159234.32853055,142490145.75255308,90657726.3023489,44004875.08831881,54566538.814457946,58784442.42001998,74876767.09710376,245087397.80176768,1068134447.5756465,2957501289.6965075
Audio_cavitation_motor100_base,cavitation,motor_100,31828076587.127747,165297579166.2553,158177503495.85944,141874487812.6797,63175117132.646515,87924838262.7786,25849881338.870747,9645404285.023914,3254650629.882702,589279062.4838836,266099478.74200988,112096511.18038882,51277134.50703853,35679199.02261675,33918369.3985891,32830453.93179956,59281361.23664141,148509987.8114342,884878515.0486753,2118153563.9754074
Audio_cavitation_motor100_base,cavitation,motor_100,52958221487.119774,139352330547.3099,272318590191.0017,156828135777.3777,85856377116.95699,70004208391.9768,30436788526.68196,18972287614.861816,2300088173.91827,764358479.8972458,444847767.7754628,128146090.96138345,56538323.24995594,48924199.15971718,36032026.0639137,38543340.77532331,77958093.92305917,184562864.59156308,888225954.1854589,4307993738.845507
Audio_cavitation_motor100_base,cavitation,motor_100,22797228632.734573,103527955826.2975,126446099877.8517,90592307529.1258,40231122223.431526,35664807002.7384,18981485465.712997,10620713395.550564,1628975398.591206,319028671.11354756,229221842.759111,113266180.94368403,38362308.73342212,25369638.03942658,24271433.82456772,28109324.306588195,37769199.56283102,145650368.58817086,787992619.9960095,2061197569.0506332
Audio_cavitation_motor100_base,cavitation,motor_100,10676202186.061455,39829789618.16925,48815939004.10499,30204283115.712334,16693534141.074997,15609604729.691973,11321322134.640955,3387455974.168168,842236211.194652,253041641.14642596,83811388.95619388,29876668.86925119,18656816.905565932,11283538.652818805,7851541.651990528,8484242.609386293,20710814.328704532,82813917.99561632,224117264.60128847,754775936.5258934
Audio_cavitation_motor100_base,cavitation,motor_100,10928992921.725271,28334006310.769203,37401714304.911285,25774882929.835793,14080865809.075207,13026218821.028614,12062802413.951885,3135823371.69694,883187100.6459546,228540553.19577184,88346389.550126,31759093.718137406,15822757.930723103,8080840.2138955565,8717044.602595532,9562431.876521923,14654325.673774553,58378386.30462015,247132576.0365333,820208213.8378932
Audio_cavitation_motor100_base,cavitation,motor_100,14522673951.793358,31720101710.741135,42658758707.815704,27216029445.451183,25480436281.316998,16362904179.564346,7474481799.9729,4217917999.404146,941754672.4550455,200937018.37319,72040283.88217026,37015089.92084182,15184746.924899515,9678046.137405844,10242019.67505155,10530928.387428928,15300724.955364322,50701195.09777361,298853465.1949965,692786411.7704724
Audio_cavitation_motor100_base,cavitation,motor_100,11991182757.205091,24972739435.760544,35840925612.16428,28341706394.364353,12971617956.932201,10011762504.774214,5976365531.421442,3970758712.9802203,683107044.6299244,125525172.1335669,93532525.47829328,28763852.546312742,14337150.252962966,7715571.827047568,10858023.102009732,10254989.289471438,14414365.895555774,44268093.73474931,186725991.38537028,843897062.7719414
Audio_cavitation_motor100_base,cavitation,motor_100,11700577791.28823,27521783696.08537,38566604018.58604,34627997811.92489,18726563118.225063,23814906221.66199,13710949297.720669,3688645944.9820237,1253431184.3824613,287055930.86789936,112484273.7483976,44864486.814618655,17200351.83883757,10481326.300791204,12515422.36494776,13734921.227998225,20905117.515611865,65923830.22155082,256993527.33904377,939465054.1204466
Audio_cavitation_motor100_base,cavitation,motor_100,7650659666.808056,20780844815.352272,31919779086.769226,18146667187.743988,13114175274.256784,8651654764.80992,8571056526.64734,2595530360.842126,662797026.2470119,165582418.15630034,72498519.31999566,27986564.30510284,18967310.533103876,8223664.996382683,10145987.224348754,7902409.810573474,12950775.730021598,58464386.89348809,225527028.65543422,663551556.3407902
Audio_cavitation_motor100_base,cavitation,motor_100,10790475805.427137,19515534198.687515,43766376542.31612,54025752324.75902,14431213474.710428,10466234456.23946,5398431585.325098,4020485952.811818,735965003.9703828,148118276.35149089,74606200.71315058,29196479.645003363,11239701.319527376,9385503.936209207,6625596.467259751,7561316.86811705,14868355.401825447,41024972.10084846,222691286.22506446,655696571.0064853
Audio_cavitation_motor100_base,cavitation,motor_100,14460040307.495708,29076795669.955456,37842307096.71386,35446877360.70225,14259700619.50391,14413674310.72078,8116606416.8052,6166612486.585959,928598911.5094995,265888250.96734095,124651215.39900208,36933572.53163501,19844091.775219202,11941172.710810058,9446864.03710054,8193086.529394112,23281013.50360551,73806471.90320924,354857335.5712443,1166544547.1819487
Audio_cavitation_motor100_base,cavitation,motor_100,8503940457.287928,21965471165.485786,35167690812.2377,26897233784.64789,10436028886.764109,16866741427.929527,5222269969.671766,3802190113.004665,827253183.5081536,122114105.54493642,82609200.59809875,24194258.09609827,10771372.561700491,6731670.446863931,6921473.618126335,9859312.628889363,14979009.600605965,51171007.21255103,199278176.52025124,707756354.3391412
Audio_cavitation_motor100_base,cavitation,motor_100,11875949370.108839,33669467378.68498,46669750928.20058,53595887125.45171,15501982864.140686,18538940020.67094,8627296379.842863,3210359584.1105676,609648563.4457664,235706179.3881969,89621186.43271469,20244694.808477655,15931721.425820768,14875507.94104808,9127380.647557236,9450828.888870623,24387533.15064745,54447265.158505626,144244262.45990708,718241483.9737113
Audio_cavitation_motor100_base,cavitation,motor_100,12168638749.194479,24349350485.847794,59660091055.939354,28543445478.29106,10583623793.879467,18021828581.273117,8410669790.456671,3362149867.188284,736390089.0054909,152185182.8968887,113454544.9817584,31996187.263700794,19124310.06651544,13406311.832198799,10502941.646428753,11592219.257845942,24974872.863797016,51469118.22495118,217687998.7243627,918821756.5658822
Audio_cavitation_motor100_base,cavitation,motor_100,10166261920.04748,33573589705.16451,50957152529.82963,49057580558.87424,15894923155.67803,16464524892.01994,7702828363.193108,3696937991.566196,584285006.8927786,227219153.72079408,90800723.4775587,29426114.635114495,15986605.24426939,12279478.734645637,9808924.351187706,10450930.110032348,20718140.33724184,68532927.19323272,195817083.4057336,729603375.6145049
Audio_cavitation_motor100_base,cavitation,motor_100,14005410741.172714,32895845796.96746,52082653072.73676,40126428984.276665,22971763392.36494,19989105260.882935,18178882406.715828,5609905822.686998,992957319.95516,189834117.14509627,130736603.25616103,48527087.70001347,19018226.98054306,19607748.20668438,9832913.690083664,12578789.857834712,24644443.451594107,74442022.79114343,423910568.170013,1263487734.419023
Audio_cavitation_motor100_base,cavitation,motor_100,21358148065.171444,32563067707.940323,70006924782.15884,39860273718.754906,13056412207.739126,11547359565.547707,5729194037.238892,4208452379.967769,651013426.9521409,198023969.90230998,84971101.39873324,26438660.58711157,23040464.16062185,8591646.19349245,16020000.0913702,12303100.163391802,20836589.535693154,46590696.956174746,188781096.31627792,759653470.9165319
Audio_cavitation_motor100_base,cavitation,motor_100,29770213795.534927,52451199441.93814,96128808058.39168,91274539420.59076,44070688615.63676,32992780504.03956,16057221420.171623,6071371758.31582,1600420331.6343446,404048893.64405817,165362052.6379342,54413658.86871539,30108631.670461018,22160831.84201814,17714816.639793616,18985487.669708773,43033287.14177791,86969730.20967291,367434041.9806921,1230283103.6381936
Audio_cavitation_motor100_base,cavitation,motor_100,26788532869.57676,69245000315.12836,185115857168.36618,113901319409.23308,37421468649.71062,31573125235.089985,16987975709.98545,7867363128.975553,1299081409.814748,380178182.77196646,191836020.45064533,58983860.85427337,33124147.775152437,30991516.964552525,21011330.66175934,21110521.62332327,47690499.14804971,88180673.64993183,404637487.8578832,1545344744.3195918
Audio_cavitation_motor100_base,cavitation,motor_100,70872320150.20056,136746100365.27545,209065539978.5551,213866553500.5839,116442685896.1294,80718387933.52275,35332319490.3676,18044033266.713085,6610021557.85652,994617198.1185287,374961585.5409613,217567080.0694679,74909897.87553658,46839468.91587082,42802822.1765217,49660459.00790375,76391246.42765106,282461793.1964298,1711660175.1076946,3333490820.8808627
Audio_cavitation_motor100_base,cavitation,motor_100,78450767555.01018,114725017915.31909,237573344531.3523,155882095678.97983,99349219190.35823,58025573125.66149,29902803530.95977,12665494150.894722,2770025351.634269,733568114.3838258,312715224.4612418,106435059.08752877,84454094.07297789,40272955.82512319,45793023.23380748,43634081.43567733,64918030.81703497,245638389.21462542,673428745.2646484,2761032368.8015423
Audio_cavitation_motor100_base,cavitation,motor_100,49888308635.52369,113847978047.81339,163551083011.13547,116010706830.73924,75323296284.03958,70861352911.22647,21541461198.406055,10207013512.807508,3300684439.5603895,536715215.00321144,183140916.88376957,124195594.0957168,44365142.44486262,24049214.225103255,29327602.804363072,30924424.080585353,39683036.867954515,157280082.84457684,965512309.9997195,1728396481.0966532
Audio_cavitation_motor100_base,cavitation,motor_100,102002759590.98111,135465432179.41385,188432023137.30524,136259002871.78008,98211895856.15181,96077797582.63313,36910908423.70175,11703163796.771347,5212831501.12246,833132764.2498709,289477376.862706,160938489.83005607,64380783.15031483,54434225.77476331,35651634.60618801,36689021.29679895,83613676.44777253,181322414.05760196,1234381843.727237,2295247572.8335576
Audio_cavitation_motor100_base,cavitation,motor_100,62600500815.28366,85693135777.41602,161201009499.80795,119927281049.7959,92629034546.548,90611377250.51521,33156246570.929977,20014696221.908504,3217304883.9106827,653852356.0459685,504700609.85377204,116458720.9047618,82455660.44929229,44831914.96335534,49528197.552791305,59598164.4800919,81113649.85613771,239224978.67516363,943090590.2477254,3876734005.4403896
Audio_cavitation_motor100_base,cavitation,motor_100,145835679404.66342,151364776439.77832,194443095856.92764,218272176387.31198,134999609623.35364,110981703474.67604,53442514922.29501,17837475575.05821,3732034836.13324,1209430250.0307517,440497444.6911929,124585264.58067386,89599888.49994218,42104137.203628555,49292779.85770881,55254072.345740326,72878027.54645222,317925909.4567964,779265584.4850156,3883665988.3421464
Audio_cavitation_motor100_base,cavitation,motor_100,53609485484.179924,139674634220.5415,173723858215.66306,201675276475.26886,118724904826.16588,79178897943.2989,35418434066.28786,9441124810.351555,2919883909.9661903,894335857.8074523,221380235.87716788,120642675.3971556,57671842.39523135,35774627.30126319,33238262.399954114,35717380.09721723,57089300.888309814,202992141.88947663,736916418.1957912,2175515115.0975523
Audio_cavitation_motor100_base,cavitation,motor_100,72887800826.2133,100686284159.29407,236737085031.1656,212443521178.7047,116531908358.05379,80973991304.10945,33887011820.309795,14460220764.093033,3352744026.228178,796165111.2972194,364354393.2544721,135050278.52205038,54708908.68911712,60516925.91693585,31525730.48752025,36036441.789351515,100619013.01888493,197763383.46977136,1033334162.0027328,2898899275.3110065
Audio_cavitation_motor100_base,cavitation,motor_100,69036843213.42078,143494862371.1931,171463643369.11755,140655087369.37405,82958432489.77635,93375451788.73666,34078398440.451115,6173012213.878477,3443796004.0286365,878067423.5440943,231103881.6637485,92019385.98776934,77683034.67066786,43768395.82237855,37100251.84744075,37145212.63895643,63870352.969527885,290178066.0832197,696196588.9528525,1934891938.2991633
Audio_cavitation_motor100_base,cavitation,motor_100,57140379422.80606,114704577772.57874,121436456712.21649,139617341444.0204,115815788356.19955,56514783070.238655,37932360642.72341,11321305922.030695,3925069448.5452843,928518584.3729665,282633756.7225766,163322844.20785457,64502843.01998716,42168960.681868315,42466389.10773305,47735814.70662016,73721187.58948335,232843453.920453,984985959.5630311,2448914852.107391
Audio_cavitation_motor100_base,cavitation,motor_100,54269773484.35131,88062595014.3476,211204184861.9657,225087412780.21744,110876031451.61284,70396884541.95454,47050310353.83872,14802778575.546907,2781831151.2926073,1169330127.2969043,332113726.75246876,107026771.64338997,77030815.77597123,59436967.970869236,30453449.29703082,33657962.327846766,77836261.8888273,243500109.40817004,624350828.7602232,2901564739.7048573
Audio_cavitation_motor100_base,cavitation,motor_100,78543326595.9139,128530056193.03574,152740919384.28238,188942506650.94565,137282042377.66972,103466516483.62846,40721571594.31006,12314134623.682117,5521283662.392072,872857612.4740803,328756052.7473525,199216734.43247586,66622372.08888292,44732608.52220711,47064638.53041634,59065054.452837214,69152067.81956121,210413084.68714508,1487422867.6130881,2504225153.5861926
Audio_cavitation_motor100_base,cavitation,motor_100,71076184566.03572,78006155352.49823,128695534631.36806,182245394286.97113,100244313802.57205,70830872141.61513,28044055792.81865,8271373168.736016,1753413377.10218,767706331.5186588,225495968.90949062,90781350.38983251,46123866.34672526,33595905.556824274,28945951.596059237,31358046.08465528,49970341.13476446,132930663.05187777,638661191.9316922,1791682680.4795523
Audio_partial_cavitation_motor50_base,partial_cavitation,motor_50,124819770797.61736,77683765866.72215,31004241317.241936,20073811085.847824,12811745669.886734,25903161047.208523,58331961766.511635,50789949150.93727,120514578904.44205,237964261639.77036,460698901510.3233,316591280931.0783,242064070338.51642,169156632887.88507,226120815189.09415,155593024531.82697,79138216943.83539,74021830672.15689,41384544376.41894,98385563142.29834
Audio_partial_cavitation_motor50_base,partial_cavitation,motor_50,91839519209.44261,55697145508.078964,10674003978.195412,4194155468.5929,2752780209.0644264,8694340781.360985,14752452301.74811,25131656468.963543,35033079780.84103,64640211897.09415,122041444553.11212,123603648366.2039,42386146779.29023,51608425028.38385,48369111090.25587,33591078040.953613,29576619729.150078,20626088421.51338,14267950336.997826,23428565256.892212
Audio_partial_cavitation_motor50_base,partial_cavitation,motor_50,166868405235.17126,89469942591.83928,13073746205.729046,8642808957.276981,4323425210.696136,10154332740.309084,12312654394.555033,28883588075.917274,46267120223.16261,46999511209.33292,74961397933.84628,137723424670.3685,97764340390.55367,39234610596.23733,23274652509.49818,29823500941.45856,23372847849.41304,32349554998.40896,29504621106.41496,36398700247.021324
Audio_partial_cavitation_motor50_base,partial_cavitation,motor_50,50430160252.403175,48205043014.95065,13597105517.101042,5655342929.704355,5742153293.318697,8944770449.783731,10508971872.68008,23370160693.19658,51780946446.34257,46424898379.57035,19715772261.649975,43537352315.04641,45986160091.1307,33752828174.063225,16703423277.775623,17871388593.547325,15245995419.97311,16293524797.266312,11017898504.058273,14873695057.242313
Audio_partial_cavitation_motor50_base,partial_cavitation,motor_50,76664424202.57263,26254765625.739216,7307736026.609787,4976397352.362973,2072195947.9252067,4885947543.506843,13629761108.327723,22626310554.705406,49989563956.83811,57491710429.5834,85123136963.43704,79454804070.06941,37925266899.865265,30597491959.86393,23845337605.201675,18666958521.92091,13196179726.421144,19207970791.234528,12717000967.981462,13803040006.851442
Audio_partial_cavitation_motor50_base,partial_cavitation,motor_50,64011309678.4915,28640569936.217163,16906555697.188076,9725517938.976662,7498943127.257608,13085133686.326202,28911323046.842953,26995516590.499146,41400234724.11234,50893196139.989586,74760338930.92216,70389150229.3211,39555160588.14597,45966016861.439865,47720232926.75047,35848659208.75999,27944022925.143963,27133145560.212585,40942099855.46634,22148355081.208954
Audio_partial_cavitation_motor50_base,partial_cavitation,motor_50,82326419329.49231,23920935795.39137,8756475271.291628,4716566558.112597,6038888401.648676,7866449827.193772,13449367540.339943,35081514462.25932,64569318221.473274,94962888920.51132,86839869968.44865,89910919352.95839,91339664124.56616,56559177224.93459,42949011167.84245,36829943912.38913,27424779154.947353,27559456448.61901,25673760054.093597,20061168181.97328
Audio_partial_cavitation_motor50_base,partial_cavitation,motor_50,81022755782.3131,34982966256.370575,27976976805.842598,13821752615.611305,5546369839.277618,12308847156.314934,8213477431.760086,24079756058.34206,41316832755.37684,62236355737.572395,100116556888.64957,84368701930.34177,73664219174.90045,65087879882.61357,40853850792.95426,40838037886.366806,25134331246.386024,22017126400.96197,25018502509.677746,28518170479.251728
Audio_partial_cavitation_motor50_base,partial_cavitation,motor_50,127542796697.55414,32855250158.809162,16195780753.4086,6783803475.428267,3376905413.533616,4475039581.934373,13151815440.856125,21987667366.98569,29374236244.355305,54541266057.72133,63095940153.357544,89591212587.87389,56418806441.37737,57184425388.70618,44451112312.217285,43406120574.19393,53233194631.98713,38577444618.33019,44788207304.944954,23749950530.42196
Audio_partial_cavitation_motor50_base,partial_cavitation,motor_50,59900597797.52051,33065377118.725334,12932686516.687765,5250608465.693089,3257145881.1926785,8378902216.549401,11923297518.90883,15810929754.508116,39199639790.94926,58918702052.27998,60576337764.34395,139275425905.6196,121795940104.14668,60388474169.27085,55430274690.83419,53102557093.202736,28183328350.685917,22717638046.97977,29527120091.736618,19668735834.957005
Audio_partial_cavitation_motor50_base,partial_cavitation,motor_50,145896205650.47772,98224127937.4708,14261234007.62595,4761015094.444713,3200159596.243645,6954018276.1587305,10824344411.082067,36231518673.939125,59851989449.8749,89790402278.41745,69731288531.2618,64094451413.712616,69039106166.45387,39635894734.76127,51957692097.62385,50374348236.84451,47457812056.93142,46862409697.48916,39339873798.898735,42760649611.074455
Audio_partial_cavitation_motor50_base,partial_cavitation,motor_50,106099916327.90132,57626355683.420555,12665742720.968317,5810398207.974279,4103517630.685848,4319699833.311758,7714971811.564621,9317729937.210947,16762712306.501686,44561301810.977295,61816388693.31656,85808553206.50064,51527183957.71591,33863202314.998993,32748668336.373283,48039756466.21783,17096049646.721745,10642353014.683792,18366783079.105118,22328720129.29282
Audio_partial_cavitation_motor50_base,partial_cavitation,motor_50,92856267010.30075,45213205399.85062,18162282949.275047,7765918041.700897,3157376109.650162,6939604546.912095,10428094663.79163,19884509782.039753,31113901241.879105,95608107935.16959,71471261748.53165,112013418653.51106,113305822879.45284,87596966663.2021,50862743432.11125,33933410177.221195,28350863561.134415,21671423356.048256,48506874900.65466,38585555560.4047
Audio_partial_cavitation_motor50_base,partial_cavitation,motor_50,62974731646.27922,38576996376.73346,25653111366.656116,15365166606.4048,4076961010.862317,12887249169.70823,9948758274.948227,16485517941.60969,48765038633.87747,106442143850.21515,171235534864.13065,115796974914.7637,76653225811.43468,51086289135.09006,36751710498.254135,31660250858.87583,23672246306.767773,29856928774.327694,25710759130.46568,30640544510.4232
Audio_partial_cavitation_motor50_base,partial_cavitation,motor_50,114526237640.79132,48048799812.80656,14099525772.656729,9122202273.03326,4777419255.519819,12656032314.858162,19091953441.822285,30326474045.476784,46975804716.672714,86300123486.1861,136864407089.1101,157368769968.4563,146751735981.77243,158057879576.4143,68521830513.29485,42450804213.01934,35633545345.55357,28259511378.521084,34111241804.972458,44820641634.202095
Audio_partial_cavitation_motor50_base,partial_cavitation,motor_50,77701887765.84048,34551697629.816376,12284104933.471348,4058021038.4675264,4912471188.226896,9743416914.016836,24673415855.872337,21420364454.03611,30844415736.990753,29196967253.76064,83839859633.835,124902141539.32556,52668975777.821686,31890949095.4185,48358968328.24032,32032687095.239178,16853647530.548288,27026654495.564163,31310518769.772858,42512015375.56855
Audio_partial_cavitation_motor50_base,partial_cavitation,motor_50,127757850198.12454,56539432706.97314,26218605999.294388,9145989873.960503,5086732649.181076,9234351557.030136,11223991129.972105,24635921763.567093,39836037371.454636,60872114383.34894,109785509774.00082,81879538820.69342,89142465961.76863,63650192283.01178,44325404130.219444,39584489823.72751,43621112976.45762,30083439134.79319,26938841744.103374,29547967698.837635
Audio_partial_cavitation_motor50_base,partial_cavitation,motor_50,101414012407.22499,55298801758.814156,25004404689.452515,10921826449.927431,4511381494.658303,5734154727.858933,11212438200.694683,16535574842.308998,29517875594.14042,45017911638.41804,70077165320.55121,76921053008.18971,69377665534.92815,41965366566.4648,28822952193.9005,30156675375.52893,18323910384.337795,42576566715.00053,21761278539.64139,33199293990.347355
Audio_partial_cavitation_motor50_base,partial_cavitation,motor_50,70276471200.87524,30930100508.064194,13824332136.31777,8658251503.39284,3840502843.3167405,9480039424.03367,13836106458.373398,21264459666.563145,25489401963.59944,67830278380.831245,69956300269.72192,115071970881.15005,63856847220.690544,45189021396.038704,34312906648.922226,35989709063.26941,18316670925.332554,18106847529.715366,25884542193.324226,23217628472.425465
Audio_partial_cavitation_motor50_base,partial_cavitation,motor_50,172218891186.241,34454520889.00847,13775622344.330503,10189058618.474781,10026915602.438797,11791886455.179955,21680800663.434437,26698603815.97586,29912568773.29466,90688393861.6523,80755138371.95291,136524770831.0991,92955587668.2346,42279344728.32516,25651351291.10055,35481249224.58801,22527263427.95347,18822927607.0435,18640994789.2371,23518037392.291843
Audio_partial_cavitation_motor50_base,partial_cavitation,motor_50,31942585989.862988,28295694051.932213,6707738922.644554,3933583453.85436,3519760460.053689,4855211341.211495,11188776158.186617,18562438030.109894,34213452027.93536,47974649879.76953,43375326915.753586,67488190255.56207,30776528824.844,25326461105.719242,19539233127.076008,13492085786.533499,14173609467.994755,13997001383.401402,15323524826.513338,12987905853.80736
Audio_partial_cavitation_motor50_base,partial_cavitation,motor_50,70083287018.80002,33125166064.388897,14129553640.59557,8088847876.102327,4549629282.465403,10665999639.414946,10580811553.417145,17320626581.35801,27467908428.90382,67840787684.36463,111898506034.27626,87349464335.63216,40277481159.35985,49933443171.221176,39954403567.176056,27899169912.4167,17737431240.689987,21534467615.559364,11996005151.433329,16094033951.491014
Audio_partial_cavitation_motor50_base,partial_cavitation,motor_50,97723303030.67542,40273111759.66481,12445697062.556482,8699776753.602016,8209990883.707942,6983446715.480451,13101370851.861416,27933103958.77537,49484077772.94853,89476228804.80983,112802522669.09056,119582970828.87064,85741801381.91196,36420244623.94,34268740684.7782,32362685918.73878,25214116277.405396,21853760619.65287,19599704518.43356,36288046800.022804
Audio_partial_cavitation_motor50_base,partial_cavitation,motor_50,73628941803.8609,23832618110.94112,12735094623.171272,4694370150.236319,5586122340.190965,8152667747.672468,16931267260.442755,26448840353.484535,47703300531.70347,79232218473.95879,78911906515.11186,82525557611.67894,81225914524.60962,67816896670.607,41565387996.06397,39042530111.61212,33743192867.552177,22323026868.065086,22198829252.80789,24164717358.816437
Audio_partial_cavitation_motor50_base,partial_cavitation,motor_50,71801993703.43036,44147910632.92477,22261198478.351734,13611930642.732159,2553994244.6935987,11009714772.402664,24990324409.3206,39379100510.52201,74956710376.31732,54425735767.00807,64398122624.4504,62512821383.434166,41564814848.09915,49397120687.75776,43649788311.66835,27895568075.016193,25640992309.20137,30884216869.231464,25183569747.019344,24389716885.848877
Audio_partial_cavitation_motor50_base,partial_cavitation,motor_50,75352830663.20795,28197350819.43066,11498629210.15479,8768966368.015007,3023801598.6475205,10080674894.556263,21350957530.45731,44406887338.95936,46225591392.98648,64887360029.37147,70088137977.3149,53496307152.79416,59106808132.12407,38808463436.04879,86300983813.3083,72292482716.39162,32041761501.743416,52285966494.10019,23426310667.46513,30239187752.281464
Audio_partial_cavitation_motor50_base,partial_cavitation,motor_50,186503712101.19116,69410830753.80788,18884747091.896893,11935070512.754873,11360831342.818388,10595249838.248896,8050734277.300938,19950265498.523487,62888372901.55475,54852770919.599434,88109906607.39056,72788197458.17818,77549393591.55215,46444126113.41912,47675174907.349724,36951414611.51746,28105157354.468056,21237115721.378914,24765323444.743736,20588710087.602856
Audio_partial_cavitation_motor50_base,partial_cavitation,motor_50,185110779798.3127,48401244443.24311,8547096235.627796,8326919456.165596,5149971121.418857,8992844111.956993,9779195738.061943,28697716185.314476,37423580078.75249,49709056717.82578,76675061074.12053,85393208957.868,44347875775.69989,30516368154.854626,23633700070.623703,23683027695.26553,20839736063.979813,25918643013.989193,19641589846.296394,26922786139.250786
Audio_partial_cavitation_motor50_base,partial_cavitation,motor_50,149769742814.72342,61529741847.72689,25731095427.739536,9336988528.287674,4487380932.333517,11688636061.859716,33622805711.42427,65086651087.49348,106009728155.05774,107628951945.72046,90736205928.62592,145391266372.39966,91101826854.72682,32923188421.09893,43092184851.808464,61588154198.50767,37672472635.6392,40778511439.12818,49872002503.30164,36096235946.148605
Audio_partial_cavitation_motor50_base,partial_cavitation,motor_50,96870608685.89725,28199720584.89606,10001772360.18609,6094344386.442589,4352615163.648493,7732908655.322061,9085895319.224213,17476430117.58828,26104928006.761944,42761402727.72415,92320471983.90887,87147784920.04861,58143500508.64815,43191398647.639046,28558268274.90617,38777845073.14963,19946292241.131668,17755065327.614235,15327847661.687365,19145601675.860252
Audio_partial_cavitation_motor50_base,partial_cavitation,motor_50,165847849122.99127,46857804013.92783,30560491714.38003,8654314492.741545,3595541186.22686,6417898005.566545,12836969791.302032,22320758162.677742,29788310037.43179,78236464993.80273,85508589429.22409,61713907863.9905,55900036250.18222,29973784355.07752,26001273917.298515,30471739474.0174,19797512964.909454,21756346331.043327,18459703695.111713,33612774010.63649
Audio_partial_cavitation_motor50_base,partial_cavitation,motor_50,176116472831.13425,84001191563.69385,13191808972.797724,7488544458.799116,9714204376.857475,10528050878.69346,17944629387.962837,18964059280.862465,21963169323.500614,44717164094.28944,52253151672.73288,58958488662.5766,86959103764.03758,37947803865.25467,40111221069.02255,31125933080.307503,27381967248.692192,19935531657.74887,32696817612.275837,29522776030.35807
Audio_partial_cavitation_motor50_base,partial_cavitation,motor_50,84447757463.93181,55540403058.79384,13118707747.45001,8586493426.537984,4755983194.37672,10539197166.27153,13612517605.552057,23511765387.84441,34418850174.863,72185155998.41734,89682738219.2923,67542648648.36944,55730462380.67287,46136838708.867905,40415817345.98311,25928789659.282825,27334300944.688538,28955418329.118023,22294267428.867107,24045470285.68581
Audio_partial_cavitation_motor50_base,partial_cavitation,motor_50,128854933446.43878,48775763915.105286,13858928217.674889,7539753831.350395,4507826927.959458,9209919763.260033,18414577215.900005,66596970151.701225,100135104658.28265,81872422563.61967,184602012584.8403,149727956691.56177,85830709053.39519,43876638647.0147,33841337308.67819,35042462468.675545,15031638810.078682,25893358485.73083,18912225533.742973,22180839394.0027
Audio_partial_cavitation_motor50_base,partial_cavitation,motor_50,85322513894.08528,37373417812.9377,9690862583.808422,7104293215.043164,5479029912.44742,10111232201.084164,21186776427.897415,22478473485.101677,32953704208.46217,40612705397.98144,81474394820.38258,66413848869.80499,40464247046.62607,20365684105.955524,28149382180.34835,27808159584.267937,22175760887.892937,30153324350.609604,28317464487.6413,24007159672.893856
Audio_partial_cavitation_motor50_base,partial_cavitation,motor_50,244449602439.58228,41632475794.73646,33731493047.568245,9876879128.067867,5714569618.978608,9341528060.761917,17230641607.11741,32158902327.45393,39313940196.94897,44956314508.992424,50594829895.598785,69999195504.00598,56815220295.34122,41711247149.62215,31190051961.13886,27453087405.04612,20297901433.960503,26500207188.658745,16580122892.904026,26558378934.08173
Audio_partial_cavitation_motor50_base,partial_cavitation,motor_50,57139064378.10193,35317237183.43453,7112629022.653183,4055477277.9072337,2357866268.7326097,4273528155.6343865,6922478669.294667,17069439658.969118,29199001113.206646,64947867413.731125,69533438866.34038,78960437686.07674,45450350192.012474,38806686988.78167,21683402910.30866,28131617114.627647,10169618098.547527,11586963399.518223,19585051607.07068,13076654759.88353
Audio_partial_cavitation_motor50_base,partial_cavitation,motor_50,87792406857.23729,51155072587.13152,34861921245.54588,11162834938.624441,4676168911.016855,7934567991.180348,12178851528.93097,12053495486.262165,25873909032.179974,37033289651.69668,65097385848.418564,82078660475.70296,45321185679.24202,36150113231.524796,14115644864.0937,20286151651.06161,14841696383.198044,16093768938.547699,16581509302.337488,25637615167.4682
Audio_partial_cavitation_motor50_base,partial_cavitation,motor_50,135167164152.27437,75315358028.18188,13619910489.105286,9672678201.776516,5404024568.491222,13282013875.83918,18428553612.484203,27224129494.82279,38160490249.785706,42217795590.239815,87794910121.33093,43894974439.66937,58032579098.065956,36703362055.425095,23239407816.615067,17615775818.428177,14340673154.658947,23413841201.66544,25046975843.00999,30829369466.886593
Audio_partial_cavitation_motor50_base,partial_cavitation,motor_50,213915857837.59512,73532608835.09816,13375996792.274786,11673279001.831757,5874002030.415341,9050256340.620407,12554039145.74439,23650545933.89659,50452387034.71291,63543480161.50518,105102608823.2685,119193608686.71913,69095337188.38144,43981380371.861015,44277712354.40811,33979049882.626698,19080727832.990322,22103160004.42262,52318899465.276924,44886295542.6453
Audio_partial_cavitation_motor50_base,partial_cavitation,motor_50,159834931904.3869,80396723225.55943,26145867325.415028,8761643421.453314,10312020120.752161,15627813516.900494,20326153034.207493,22814162228.589165,59531849888.215675,72700042228.30133,98134578206.46083,73391936109.45421,51921781505.68237,43792821523.55415,35054667461.73167,30694999872.077312,20185917648.037174,18902163327.654453,28190208661.803513,39261938647.96233
Audio_partial_cavitation_motor50_base,partial_cavitation,motor_50,95191683479.3891,63046295626.21957,20931532422.533207,6462633217.320088,5953773934.567579,15803050032.932678,18864409177.02874,30264528683.91393,55673516159.75865,69932356652.8591,55634344441.99124,107983172421.69258,53656697376.91705,44763372202.29602,41813372151.47041,30418274263.40329,23403270864.394302,21683542545.99489,17169710369.73611,27690043083.84817
Audio_partial_cavitation_motor50_base,partial_cavitation,motor_50,148062294069.93945,62362850623.59429,15210390033.729519,7602319312.484766,8160308939.239043,8560234458.688145,14641409032.096964,24068299631.686165,53894295355.57622,53356662482.16532,109017173476.9039,75633269676.29837,65294958793.66074,39299562343.77772,34696688318.139854,31328207888.1016,28401581460.21311,24673457900.181484,23016169504.9588,29982376830.035057
Audio_partial_cavitation_motor50_base,partial_cavitation,motor_50,161157054688.40802,46655516100.57576,24963411505.81378,11197118108.78591,4859672139.71458,6683112035.100719,12222693620.85113,21283649089.3569,25672367093.773155,39958246957.162834,67028241109.4646,89304862676.67848,67623172582.005295,39390617802.971214,36473945057.29655,24011672354.859005,18687183398.070667,27032013458.77883,14654756613.41601,29437827889.019707
Audio_partial_cavitation_motor50_base,partial_cavitation,motor_50,133534458834.88748,67644861326.46017,23182462937.376343,8469644367.585719,4246962162.655616,7512054110.477389,19351147759.205406,19543847604.688606,48800885494.6102,55518804872.49611,60506522786.38867,45239882996.75758,48959969831.36163,28229142879.373447,28322222694.983562,18898564164.90507,29383328889.64357,27081671719.726948,39613929462.1049,34671529605.47564
Audio_partial_cavitation_motor50_base,partial_cavitation,motor_50,164681970894.29337,97416329187.0791,34834722124.88065,18537616198.931217,9067632632.484758,14128008852.532187,17093462481.58993,18943987440.198242,31457585634.472263,53241915451.68095,85641456776.20645,99446954909.58243,58189786657.992744,48525491711.06097,57614402469.894485,33650854723.929985,24453365171.195793,23364077549.00739,24582758630.41122,31184236726.10168
Audio_partial_cavitation_motor50_base,partial_cavitation,motor_50,186634117785.53882,116148181417.77275,33614293918.034195,17131333491.932123,7721290784.671915,28754054869.85813,56659656423.40866,40813120013.35603,65836403716.625725,147601639510.72208,120389183284.43019,97211528213.27817,81798979560.30685,57586781512.159256,82539256638.01694,95975675882.65297,43471983905.41275,45670779707.40663,34765302648.50145,33548319900.177
Audio_partial_cavitation_motor50_base,partial_cavitation,motor_50,148747114060.67502,60191355768.22833,16689773578.997334,9447623205.690174,10322852569.543013,16951791776.406286,23500358873.323334,24847048497.980686,56125679581.077576,74428043921.34384,97814607196.54248,116583530885.6181,72178749642.28555,36515772060.243935,51933095728.02353,38560950781.73408,20359020072.244972,32242272190.162388,16986565525.265095,30711246932.77406
Audio_partial_cavitation_motor50_base,partial_cavitation,motor_50,247008002631.2005,59603672918.461136,16176526843.251097,11603290010.663897,8449054736.449917,35912710871.38853,53484154041.24736,65271574622.10865,87252838097.79686,173850282632.10382,137198593083.07,494603058242.1738,301577409449.42773,58779029920.124954,59171212496.605156,92085813352.12595,35914888576.57081,16729177827.728125,29306071610.422096,19879403584.976334
Audio_partial_cavitation_motor50_base,partial_cavitation,motor_50,58369764536.59945,39339365252.280624,10767258831.864653,4869075658.39888,4498745370.565944,6439870804.767869,15501095665.93713,19961650366.912132,33596790372.6868,46090276556.751,66669574195.81097,55650618545.76463,36062056646.55096,47950752007.97659,44335966173.10744,34812600094.303734,15932405371.017698,12362294734.004333,9241865462.661222,18622690091.912563
Audio_partial_cavitation_motor50_base,partial_cavitation,motor_50,161753281487.0377,110406466019.50832,53511974206.28695,14461033030.17511,5874050487.277869,10961539232.668652,15510816028.338703,28749801869.80592,51937223760.90704,72716901801.37918,94480732847.36374,89132579992.60057,58545968979.222534,55320670228.03484,26555292091.254696,21927424741.319218,22780896732.72884,13651569645.337225,24811248131.466297,42339604706.79909
Audio_partial_cavitation_motor50_base,partial_cavitation,motor_50,301572463883.03314,74572021241.99101,23841449293.13506,6748311186.499582,5005806509.298253,15639410048.341566,16783743178.983412,21847080758.258766,39610757382.22875,34551967537.39709,75742603771.38712,45261481050.431244,41077049681.589096,21026956161.497635,25177139065.46543,23978725373.49694,17540467916.35004,14264872473.778088,18728318425.063766,14095710280.56042
Audio_partial_cavitation_motor50_base,partial_cavitation,motor_50,197761111669.9233,101465055142.30807,39233182334.372314,11250257313.981995,3832918217.7420115,16221417590.850176,22159284596.133213,26596951872.41114,75382588061.39789,169876395838.75058,144353134171.37012,56431130669.58211,50963659539.42254,45862251087.09025,23700673258.18758,31186836598.176952,16814346988.533672,18922094588.55366,20442436062.780827,25869721100.87812
Audio_partial_cavitation_motor50_base,partial_cavitation,motor_50,78268211862.71973,42464417199.31818,16073407542.740826,5219252129.889978,3247795096.3700867,6524234211.328508,17084089307.805815,29055836426.077156,60802624553.38611,72524583531.06332,57616948142.17054,45033488294.68731,38746357620.06652,24245006681.888325,20744218363.195606,22520423194.564255,13685636273.626308,15898647194.187279,17897281615.300198,26433910148.657524
Audio_partial_cavitation_motor50_base,partial_cavitation,motor_50,76301504222.73282,19081356766.588562,7004701011.643495,4173984469.822516,3555355144.1336474,5590956332.221305,11827836739.336449,14662089639.111849,27336323385.23146,43668671884.31477,67030916360.26167,47876593496.38242,67576014594.77965,31068450337.209473,39174945430.04994,36882675069.78798,29439243904.25532,21543913240.62858,33199410758.434162,28883662562.26635
Audio_partial_cavitation_motor50_base,partial_cavitation,motor_50,131892254941.97928,40830606286.8431,15080578512.819801,6451717125.436426,4292027079.9475665,5028128801.961183,14831129088.836481,15123063570.835436,50661748012.871925,97930027041.21397,95641544723.6081,68121974434.422966,53912781203.323105,22768843193.29062,14791284020.909391,17442859902.65902,17024129204.8321,15238168679.076418,16705866031.218542,25342790530.21706
Audio_partial_cavitation_motor50_base,partial_cavitation,motor_50,52839828438.75521,28086396599.44388,6863384313.791428,5686214035.843597,3518834269.8448706,7457987998.195636,12912000191.449968,21501623951.535027,82096685236.2308,111608364524.82915,131368516733.7597,47251281373.092636,31104602170.622604,27833625577.124233,15158994424.404093,15908771807.830156,10177359230.126429,9091943228.939814,18198276870.584187,17202393337.401882
Audio_partial_cavitation_motor50_base,partial_cavitation,motor_50,75431765788.73718,16224975198.670824,10317735709.423052,5678877292.639719,2835702754.200028,9521356393.920395,12453186403.592611,26957289103.15229,50799711962.45045,56336510278.314865,74955402767.01945,42959466068.83269,33581189587.463707,20744086283.07449,14712269634.425863,16236457122.14557,8810635679.457058,11016156247.088501,18626381153.664814,27410418725.102848
Audio_partial_cavitation_motor50_base,partial_cavitation,motor_50,61092799256.01972,40350612473.16062,13607049804.283152,8911748889.81599,4711296281.549329,11219648683.777441,29896373637.741474,18009029977.73262,45671355298.25225,47334423328.51397,67153390078.71006,43408262658.47738,34175517695.330597,21431240742.714935,12305035920.183477,14449485907.860458,11997776338.760262,10747805994.550108,24028354578.907257,16690720591.582611
Audio_partial_cavitation_motor50_base,partial_cavitation,motor_50,83788513635.03716,20804871040.374725,14601086592.828907,5401163898.590982,2930361561.046766,6169966947.395378,10750193402.649231,21952871787.835793,39333605123.3865,56316877457.15287,57011146764.10726,33572215169.087265,46586048380.26378,21261455719.504807,18209661415.065617,23699390884.767628,16169501289.022835,15721922417.122644,27203764086.217762,34727944815.03518
Audio_partial_cavitation_motor50_base,partial_cavitation,motor_50,65760828202.36919,31794724090.53116,17317289207.520096,5433711900.710541,5174448697.502243,3902107915.1414795,9976307708.744043,26142376531.884956,40786900824.36072,64171692600.278534,97345187567.40688,65716921921.27535,49961936617.23981,31541436738.772793,21042223638.267853,20716250925.59225,14904773608.802513,17079047264.357052,17326262180.13978,19442914915.926594
Audio_partial_cavitation_motor50_base,partial_cavitation,motor_50,334086034181.11505,93446910554.51706,33243713617.334423,19473909455.54183,9584311455.143917,24345604531.92378,45428473562.100845,85194931092.38548,133668518258.65948,164043881002.26828,282249403448.2964,275605831972.3385,185359019782.8663,119693241766.48672,77106314962.59712,137317025098.11609,94429387421.58511,67834213767.47169,108394288673.01541,155842517774.84662
Audio_partial_cavitation_motor50_base,partial_cavitation,motor_50,210415193466.45126,87536148434.9259,31906932673.708954,26386554192.919613,11859092674.541058,28364896831.623196,43956234453.01816,84588375507.15283,143408809441.90137,224017106687.1224,368764368055.09045,406469274016.11005,238476873066.08545,141999880386.93182,105034070795.23546,93013652033.44981,71502140047.54958,74655734855.61913,59043132901.91255,153200677105.3236
Audio_partial_cavitation_motor50_base,partial_cavitation,motor_50,179928393718.67355,92501660644.94092,58386968144.13477,24886388042.612537,16051523255.504616,42000416028.17791,40273460970.69788,57761158969.58554,117519662842.683,236804384849.47983,397697389201.2367,331933656835.15674,193120457492.25024,119311967271.10744,93059176896.58229,159729768089.9258,61349441531.130356,57268610612.98301,105625223024.4144,146684808973.70148
Audio_partial_cavitation_motor50_base,partial_cavitation,motor_50,217438989404.4751,98917536476.28049,37068416329.822586,15007015629.874332,13974151536.399218,25090803604.250076,51364296901.1989,69266993299.92216,86771018282.18155,157251311142.5852,290189645817.2699,147826413552.95374,120553609618.47238,95089679016.34818,116763678691.84427,87774065183.51007,57940213202.0486,67832458934.61066,74154597928.41821,108716315700.91757
Audio_partial_cavitation_motor50_base,partial_cavitation,motor_50,155452483427.93365,97104887569.82831,25089906820.08808,14106595200.924568,10897957510.59282,25983675976.56583,36290416486.38843,44307561254.41233,86403952273.79776,109459405699.14706,198634866059.86185,218405741021.37656,141484006697.95404,95632320335.3495,80196823093.41241,81717855994.48137,56382178017.81641,55709892459.949486,76576910070.82521,98196958403.67651
Audio_partial_cavitation_motor50_base,partial_cavitation,motor_50,208042423492.87408,76589825131.68396,29388124443.144184,15057761300.31068,12547275170.269012,26014418371.475857,44761229670.474396,60849538841.679184,140458095625.4036,129397617687.87448,200630601791.85507,263388870353.8313,172094241868.59344,102607216784.63495,92457799815.76813,87178852171.93546,86593192327.99683,82162020982.88255,91558944453.1161,72276662643.55818
Audio_partial_cavitation_motor50_base,partial_cavitation,motor_50,24891950114.173378,9785480294.27813,3086806300.7106624,2228355774.121422,1781262128.3336442,1716617427.9545727,3110012713.6351686,4360259835.895901,9577982329.70267,13179448705.808657,16561109304.513456,17048210159.346855,16059770178.79612,13038898709.552711,11619398584.050085,13222339552.625017,7179880209.112846,6709920362.848852,4853688360.189366,6075422068.361234
Audio_partial_cavitation_motor50_base,partial_cavitation,motor_50,34516207862.23064,10948801955.813543,3205538954.1853356,2083198754.347119,2041674712.3490877,3258871592.235535,4440922388.753534,8779834653.866436,15891314091.754599,20113771421.217705,32663012140.888622,17650096427.42419,16337257272.686214,7650637245.243157,6688349995.930283,8295614092.419925,6041837666.974562,3934950327.751297,7826948601.974003,17062551156.423616
Audio_partial_cavitation_motor50_base,partial_cavitation,motor_50,99375584733.83139,57400303611.957054,10225172566.356083,6276794503.946836,2984800051.058189,3765590625.321463,5978246212.413287,11966402619.965427,14696956567.269068,23391679192.989643,36659838326.569824,32152974808.20138,18162887442.65692,11887757969.647205,9537557630.377094,16487190973.24177,10476685582.782434,10923452527.746431,9897407571.973948,11909693962.835352
Audio_partial_cavitation_motor50_base,partial_cavitation,motor_50,80757213592.94823,25998032095.623856,8927278803.335796,2645100280.2270203,2142530063.7719889,3977317964.2324286,4406390793.988931,6883612821.053288,21426204666.36433,41625848047.34192,67191869955.92455,33922606221.97059,15235419873.788668,18961634111.79644,9407035357.828848,7320334808.420772,5534538864.673542,5145721014.14719,9527865098.969921,14214376909.01907
Audio_partial_cavitation_motor50_base,partial_cavitation,motor_50,85394590185.64555,22110363667.14516,14804591922.577213,4871815532.32697,3348361763.4501653,4039305017.8103356,8619298879.797647,12877332698.515491,18272635892.26035,22296877104.3849,39010221664.38347,30739282250.035885,20773883476.47041,15658051977.065973,14019236947.471928,12493664743.153765,7787045891.98881,8937994424.499964,11143154347.75655,16195432248.668566
Audio_partial_cavitation_motor50_base,partial_cavitation,motor_50,61129826936.035866,26829449513.910492,7767994885.894437,3068782190.035373,3226726117.6195087,2674156274.116686,4595583522.402922,6903591056.062113,11096108854.787374,24544654578.771786,30561533363.02939,27346651476.126125,26996907965.09743,18745565617.290012,9729617534.89788,10479326305.186783,8908702139.42174,9220858395.209074,15819806230.530102,24537895491.50578
Audio_partial_cavitation_motor50_base,partial_cavitation,motor_50,102151719713.14087,43046951877.77951,6893889118.495636,1546225258.9411876,1894792586.5792148,4480437629.612009,8607612055.488426,14630757803.548,13787165352.67704,13959442965.096226,34443674818.37054,39686497462.423355,35384503380.88706,19337270874.758118,13703999876.15866,15436504798.778423,7782045361.6046505,7529649618.967092,11276228263.80561,14394357288.916714
Audio_partial_cavitation_motor50_base,partial_cavitation,motor_50,59976174276.84721,28296045419.040283,7908032394.462388,3512492344.9180546,1850124487.5909412,3406229076.9843335,10334973314.521757,11913913359.139902,17914609430.677307,22626787482.386856,56002683321.93898,37023536878.47232,25911418620.36502,10895232693.659832,15517083145.216042,12649058818.164675,6276282799.7131195,7361940763.998691,8989599119.297636,15807821510.058537
Audio_partial_cavitation_motor50_base,partial_cavitation,motor_50,133784637495.19757,39481128719.0404,10095453612.112352,2483345149.825386,3303434813.6306596,3637719758.459676,7843211401.451652,13897527498.577246,11335296559.951996,15717802607.572165,28238958568.19158,29858811941.271656,28886766028.253777,24096593830.342724,6952381179.775512,6805647539.856279,5240582447.210061,5160807600.4957485,7182849816.89094,10267947187.28326
Audio_partial_cavitation_motor50_base,partial_cavitation,motor_50,42248019453.16097,21328634624.407894,4234044298.0710807,1739515886.1046793,4254383450.0811715,5787130559.123722,5370285682.468587,8364067830.937104,14266071127.442913,18680821471.08973,30490170135.427185,44332346760.43065,22401797769.25661,19914301471.491573,13159701480.338367,9358757817.260849,13567504165.012724,10218836197.837524,10197120890.10324,21292609002.55946
Audio_partial_cavitation_motor50_base,partial_cavitation,motor_50,130460285531.00702,35232317122.00044,10559452042.286171,2622208033.850715,2576751123.8801804,4847950639.730339,6251103998.216934,13375506198.245434,17049864719.501698,18267804047.943836,33418190091.275806,40659227739.146324,30303954122.0905,16702909730.055124,9861812724.233881,13752938670.78131,6912917578.353411,5888779936.588015,8471731253.1622715,17325488940.17402
Audio_partial_cavitation_motor50_base,partial_cavitation,motor_50,65455163427.887085,21713312827.659428,5121241974.021381,2531953384.8693113,4010523014.467374,4443414964.341088,5831373516.086631,10970358425.500015,13104281548.729336,9413346264.201183,21583571824.480965,27734041226.74369,29649997735.763237,27030492848.527264,48153996132.2548,27372132750.69103,16003346993.612513,11030922308.426798,11399025200.970463,13659780447.815643
Audio_partial_cavitation_motor50_base,partial_cavitation,motor_50,65394866701.15197,23263760948.16276,8747799002.772085,3410968618.8301954,3189600101.5332346,3888297972.211798,5868452728.318268,12752691933.936693,16539145840.128407,39571806789.11476,61764895808.05322,36106519609.83283,16273710319.568628,21555753671.40087,15129150466.241776,13280857298.485662,12249763404.540346,13440949305.023655,9844763275.992271,18184112717.912247
Audio_partial_cavitation_motor50_base,partial_cavitation,motor_50,88400006447.67302,30097920093.43573,13374067135.01531,6247499554.721098,3982297628.612162,12694982790.57255,31238118630.947952,32178530672.928246,39848093109.82159,33174412535.999687,45390791058.11643,50752495324.92742,38783472379.73702,33248656247.099888,31537522476.559464,34716898982.465645,25535455828.279003,16924921014.380917,22218880283.41501,31452776619.50767
Audio_partial_cavitation_motor50_base,partial_cavitation,motor_50,80316952652.00414,53343071858.469734,11841814305.018295,4982869616.18545,5676744633.825707,9689757217.151453,12629108550.490875,27746131462.59026,62797132633.88992,50963414595.18428,90742899413.80217,73638523698.1114,47811375875.33352,55164193835.67753,23226642488.666874,33303660433.978638,27642227164.031254,11240525250.772861,15226646952.571825,17934903455.52318
Audio_partial_cavitation_motor50_base,partial_cavitation,motor_50,99197051255.3998,28879445024.30894,7528253586.295825,4620998692.053282,5023583083.318333,7978424580.15116,14416642660.804476,11778145212.79103,23266398902.051167,32233794370.627525,40188428775.60723,31896997902.238827,34461545644.86433,19366844470.86934,23112687631.06335,14855057743.454554,9924731739.307642,8260304762.002564,12820119053.443829,18000603713.310226
Audio_partial_cavitation_motor50_base,partial_cavitation,motor_50,82071967393.75272,50565981390.284256,12537906940.626036,2773622817.313067,3257520957.575919,4357519915.287237,8406046949.177357,12476914046.981478,15834195873.208408,15303947091.589117,25838966697.260914,49325585067.61568,36619092401.55308,29100304222.124203,12517273636.972721,11517653776.7913,9284895251.876408,7020409426.596584,8011249879.875461,16587242444.345636
Audio_partial_cavitation_motor50_base,partial_cavitation,motor_50,127603508699.83807,79959585962.46306,24577184488.495216,5255280610.936155,4731490347.127823,8642521104.880806,16832037025.443176,16666529353.82933,22773911695.682323,45854536337.69526,52128380141.420296,59713320761.80081,38601271106.52301,30144682816.31493,19102735992.729713,14470816933.443851,12472450361.93571,9784978152.825233,13718208067.842218,20368554359.911625
Audio_partial_cavitation_motor50_base,partial_cavitation,motor_50,117051221966.90866,31728785516.84925,9086831204.347546,3138383587.7707047,4197879593.800321,7109720078.713967,11586277889.705608,18659045175.866554,19896795038.310936,43740175847.290634,35204801585.9791,61971195304.54132,30750675793.618286,16556545985.783134,17764220113.51058,19122439108.19561,18158741634.1402,14464588428.937664,12504936526.428457,19904379480.241352
Audio_partial_cavitation_motor50_base,partial_cavitation,motor_50,70069635445.21198,36911168444.79378,11188491425.815893,6143070213.942028,3978049045.575446,5650701753.106158,10255851057.209814,15979239862.781643,33981874510.939884,41202019057.88306,44819806109.89842,57216520846.57478,35062215870.42499,28359281822.106426,31646113958.80304,22096729368.526604,15240416027.908405,12931391608.284203,16036294706.469294,32891562966.66326
Audio_partial_cavitation_motor50_base,partial_cavitation,motor_50,129740165479.45795,46527130686.43142,12275933354.562801,5337710797.482697,3658889535.8792443,6379512895.396811,8827800610.06322,13033858103.429089,18095313186.37585,32423148848.571728,29782322271.14175,34898618383.30444,27851847118.57842,23939900691.82023,15889991835.17111,14531884065.359972,16870061072.071634,12374537592.367651,13740021642.297226,25400266411.894558
Audio_partial_cavitation_motor50_base,partial_cavitation,motor_50,122018419322.6314,53261909162.83492,8115720941.128628,5456228105.291236,4390011397.119624,6954461173.19687,4555129434.734953,8163498623.979814,13399850397.343151,20494203599.440884,28637255265.835518,47260600742.63713,37774838433.36651,18230694192.438553,15486334304.794065,24351288938.64166,12577247678.406042,17694068464.604538,18792228975.138054,17898599271.481815
Audio_partial_cavitation_motor50_base,partial_cavitation,motor_50,142307871456.3509,43344026543.76049,6899288939.983242,5101792358.696507,2744896232.936038,10563076473.095823,14554870967.412016,7207630646.846954,13074940363.645706,13315947710.121077,22301154919.521553,19428821512.931416,31181383754.12338,12105711611.501007,13608387659.610155,9838404953.464113,7844937026.457921,7909289521.845404,7937955249.1661825,17961593475.613346
Audio_partial_cavitation_motor50_base,partial_cavitation,motor_50,80320491288.78638,33899953938.268055,7429132007.994549,3026274531.9098716,5253943696.725904,13966225759.386192,14306834202.556305,26662404631.31998,21630617341.20931,40853510155.89302,29231051270.571793,65490190094.58731,48594132011.18356,22390448109.844177,22334560043.825745,22906059658.553642,9998795347.87654,12536860027.256111,15108518784.062855,23267850833.09228
Audio_partial_cavitation_motor50_base,partial_cavitation,motor_50,70013917905.16101,26260981729.049725,12994337091.199646,2750625808.5346317,4580604296.406593,8162912943.451154,7683357153.742755,11710353492.610985,14686373868.71612,22248994333.75584,43229649636.24249,37636156206.78763,42239395309.350136,33462260937.752907,26277823357.695675,29015191693.785233,18279544490.052128,20998490779.00054,20329695999.343853,36359055475.50078
Audio_partial_cavitation_motor50_base,partial_cavitation,motor_50,235823498201.82062,66091948833.2993,18570697580.303097,6137522280.854151,3489109831.887994,6362727376.28531,8574678627.48548,11965599026.827238,18536913126.18881,25280266189.85874,37480005333.81408,44465710508.01083,22588067907.23215,25223501187.473995,20870083169.97829,18283569173.495167,10737436126.918098,8362749568.263277,16118949442.292572,18037111145.515224
Audio_partial_cavitation_motor50_base,partial_cavitation,motor_50,138139746372.53012,39557198490.58793,9340341335.899172,7641793476.905867,7935017687.642059,8822477788.428612,24805760239.328373,26824938929.919086,48752654035.60115,41635601768.94207,48986879427.48985,81884825177.19113,63779077538.94921,53217463464.31232,29422819245.293896,14661703473.799295,25758538506.98695,12596681827.31576,18017180684.776817,18880556490.238285
Audio_partial_cavitation_motor50_base,partial_cavitation,motor_50,117779526544.93411,47777337886.72446,9474242129.882017,4467155056.54741,3451619131.698771,6532622904.668989,8047336196.624189,19612150742.345356,22568180935.791927,65841509732.18361,48653717282.45565,89827519511.66794,64037886496.84596,31417409762.913948,21774605986.368973,15427233723.189861,10996776434.04481,8011179580.555144,9557226419.975124,37652773259.88409
Audio_partial_cavitation_motor50_base,partial_cavitation,motor_50,85370729748.07741,38747285200.937,6681463423.157641,2429984676.662725,2407348232.110756,4214714155.430654,6150216823.184096,7945925863.811461,14575638542.448242,29553989477.434685,35329665501.892334,41627521872.51311,21076523760.868416,19982645494.06719,31080781090.881077,7465051817.995141,14397334794.277689,7221954415.057678,20142161095.058598,14994869628.465355
Audio_partial_cavitation_motor50_base,partial_cavitation,motor_50,59393856055.01403,27188313033.13341,9285591575.823645,3746891466.0575876,4748137978.1786175,4157090404.0188494,17326869433.477985,17031786444.098373,22608167940.12227,42993914973.50946,42572330299.611336,49649934398.08168,45519006805.24103,49106918472.55548,28518309154.111095,19768806814.05304,25500192811.8008,18192424664.26214,24588322877.38268,35666792132.40299
Audio_partial_cavitation_motor50_base,partial_cavitation,motor_50,99040488849.1201,38871105149.55659,17576256446.081818,5358546432.227781,2783298545.636924,5473778366.425,11503509231.479113,13896074825.824238,25447685110.715145,30662775326.462204,45617860125.68144,43679799498.33509,56703418715.340416,26536330180.91586,17307548450.60016,14235085913.099129,18245466759.60577,10974154762.030495,12477268812.707426,40147709496.72624
Audio_partial_cavitation_motor50_base,partial_cavitation,motor_50,504494736066.67004,243390011895.15527,20769250571.49344,5995628217.581499,8723691366.250624,12720500627.543495,7742538521.308919,8712798755.270044,15029183875.166895,36574390418.13344,69533626806.62561,39840108435.27512,32085709172.514023,31700718637.11901,21050912207.843918,11623037682.999449,8714102815.42247,11636586908.16586,24678312975.77879,14844227243.844793
Audio_partial_cavitation_motor50_base,partial_cavitation,motor_50,91160795116.45427,36601441751.80985,9122216085.945942,5370981503.799267,5172980338.791106,5429381586.681404,13628450852.774954,21689855508.394085,31430259639.63904,37119295712.13332,40617814182.649826,44095409272.93932,33808860138.584103,24245416172.68414,19437523389.308403,24781174412.02068,10969570155.97234,7749186472.807333,12811245109.212452,21512899077.391617
Audio_partial_cavitation_motor50_base,partial_cavitation,motor_50,95520983539.33945,35980659133.63184,12297846019.514784,9963633318.178686,7169937460.536806,7403021422.600465,10958870510.144758,23474534429.656307,25127987429.526405,43882374028.20069,41295075279.46477,61878443000.312584,39525654303.35568,20284810540.39147,18978473075.77456,15686907002.633959,11742541020.368975,10070838939.969038,9879620961.392399,15192610488.695068
Audio_partial_cavitation_motor50_base,partial_cavitation,motor_50,156350465412.2624,53053237746.40361,18281841225.9782,7965233231.670514,7022269167.104592,7599824126.445597,17187933964.41671,17192736230.32241,22313465255.956123,42034118251.89466,53541707427.28232,72699966380.51997,41284075184.84452,48161332933.857544,35099658662.70794,25349263579.36514,16203009382.421598,15178521970.477829,13239217814.452036,22130539718.601173
Audio_partial_cavitation_motor50_base,partial_cavitation,motor_50,219330099528.9677,47120491287.10759,13883798500.666212,7373624332.968657,5306316456.733694,7337762346.647176,11966170505.823391,28464706399.37711,29112352159.118618,38351618660.97922,107306068537.43044,62630677593.56559,30837736604.95206,39629355045.240746,41930327376.42499,12782785979.252716,12835314811.474392,15328390894.392784,15385091961.516876,17982402047.075527
Audio_partial_cavitation_motor50_base,partial_cavitation,motor_50,89182451436.53036,26411446415.355072,7964133323.166129,4093413443.6576543,3861323788.235118,7835634019.511749,6629440487.513831,15078584178.23474,27032746575.452877,31513528456.75142,48335817952.57142,99335439864.60828,62456627914.427,30945132221.534046,19180826567.52922,21037615881.273598,11490751225.636932,10327011523.082369,13308670615.688875,18033114865.796032
Audio_partial_cavitation_motor50_base,partial_cavitation,motor_50,152854641546.7124,41464208757.025925,13802035738.581055,4283336788.9306445,3475433593.6515837,6734288879.46154,13838856305.101707,23788534799.53524,31143463287.720463,28601274503.89287,67161861238.09942,60698549499.767654,45371300849.26588,42448987665.929886,24017741953.616028,24982497347.3037,15074882444.181698,14318443923.523907,10738786876.639196,14657204467.548582
Audio_partial_cavitation_motor50_base,partial_cavitation,motor_50,191715888454.3312,70185773938.72702,15375885766.190525,6932149160.392006,7160068320.384189,4848915481.293246,12471030549.473494,18356202795.258423,15447141560.365156,34616856878.23577,46184748245.34423,93334100295.69432,90778882746.2524,30470530803.73311,27860573682.32301,17339486497.77096,16283628603.61768,13993708262.159458,18122563427.860126,28391033372.006836
Audio_partial_cavitation_motor50_base,partial_cavitation,motor_50,202279367364.25525,65663248785.68557,13821718636.032959,6684873780.729803,9573860487.729368,7168868305.907881,13506609919.194767,24316840047.55608,43267250767.92454,42975361569.81745,61080201650.88464,76100648904.00325,39846433901.09024,24945282542.766056,30395383040.394527,21289737777.45226,12169047670.549444,14611567357.97615,17978152752.22754,28145522681.68892
Audio_partial_cavitation_motor50_base,partial_cavitation,motor_50,87573897306.28549,59986346364.78197,13345860407.997246,5264086486.583429,6472457239.4137535,8837333518.470226,8914763661.33117,13477252339.804888,19416065989.219627,23042867098.374794,40735542667.8022,43074656611.90262,39448342769.41764,21109606437.92275,19602118647.12905,13961249674.564253,11577564205.6962,14947627665.542564,21921376073.52279,17720797916.76426
Audio_partial_cavitation_motor50_base,partial_cavitation,motor_50,105958362219.50223,41745422255.489845,17770025754.36791,6037967314.144615,8703933290.028955,7218288031.728068,11578651792.117224,20285750687.46922,44574121146.67876,61451185489.38759,104845514633.83673,73278980399.55095,53373727167.646095,36242807071.3439,21514920826.59116,20307244182.298077,14106934505.786509,13303063455.39079,14324290453.586023,38338032820.1005
Audio_partial_cavitation_motor50_base,partial_cavitation,motor_50,121534565303.07884,61638950562.624344,17265687487.508247,5529765843.806091,5445944191.548147,7714483703.254641,12448646510.595875,10440664809.66387,20841064276.8112,32373641025.740414,47594234924.3816,56465021972.96525,82936468803.30357,22105676977.59137,18377371255.913963,16847398146.025036,9767276460.242542,8704179717.34768,16388105646.481064,23004541913.665516
Audio_partial_cavitation_motor50_base,partial_cavitation,motor_50,124102400209.50935,53282617257.05192,12649157501.230665,7204869478.283648,6709464036.280655,7978410334.681806,12602239809.826836,8519633197.683065,20688421885.51053,26530454419.02403,46172303441.32505,54091233380.31738,30354181803.942654,20685939409.750248,20957484785.376022,17426252477.558388,17337405368.118702,14773794775.734459,18124328254.225193,39004631193.359535
Audio_partial_cavitation_motor50_base,partial_cavitation,motor_50,143927850208.68924,34110462588.76063,14425920226.428165,2896690433.222054,5833743311.688015,9201968178.283009,28237930561.364113,29766031990.715527,24689050516.74004,50196517329.13942,65118033515.61929,66685366705.25034,43970644090.0442,26052921398.569756,14318669785.816929,20895594849.17954,8178543299.875624,6650744503.28546,12071787102.516464,16909051177.27723
Audio_partial_cavitation_motor50_base,partial_cavitation,motor_50,125678938348.65878,75287522920.71,22588522855.47448,6090439516.570949,6384717592.488781,10636296107.060791,13799294977.898157,32047836140.062588,53700493514.37935,59739908120.83803,77071978831.06683,52540494767.51702,59292960506.369576,26462700498.277435,22278839132.272377,25953551743.987373,26223674673.793438,14454571100.17524,19376851160.84542,30317911878.74632
Audio_partial_cavitation_motor50_base,partial_cavitation,motor_50,122628777298.74806,41452644265.52905,7639264718.168242,4682600396.798553,5314682828.141733,11838248866.220055,9755554606.9341,13399294125.824615,18848087442.64305,26149711080.91697,42138394385.16831,47501009699.460556,41733884769.5571,28412305144.98907,24669014989.198666,18254431139.632008,13072725908.10116,12730359230.58038,15840662874.480629,20526786692.754494
Audio_partial_cavitation_motor50_base,partial_cavitation,motor_50,91111661713.32144,28405107937.318375,12180044825.248293,3682823206.3302455,3633781665.782853,6288344800.152122,7318834882.274757,9322753221.734818,14014183832.641418,36638741680.76699,49009090588.20685,102834042203.80179,85858051947.69695,34082673390.808784,16798149239.727652,18552964620.046585,12091406847.541882,13221611792.431799,15822035945.104542,28847928254.990814
Audio_partial_cavitation_motor50_base,partial_cavitation,motor_50,127277161772.03261,41080098741.535225,9622559159.910843,6859745795.911448,5802288923.527249,5541995482.699772,12952488305.336847,16407070614.210386,14327188989.78716,35799660493.42682,41082894986.31534,30962808831.044537,27169191928.0267,18590276473.515175,13640833041.235266,15768889465.405582,10831889382.16837,12633409660.605755,15208755585.071651,21083896546.42593
Audio_partial_cavitation_motor50_base,partial_cavitation,motor_50,108440774138.72983,35041609903.915306,11372762294.572475,5626047449.765953,5258691979.907278,6691302687.638886,9541337671.575647,9744014226.61213,15995369528.668982,32847562922.908295,46822754188.65611,61454601580.75498,35682856143.66235,24306216570.568733,19391629174.873005,21307757691.450417,13810850097.15073,15843074271.814455,18656045133.280876,24524920387.26865
Audio_partial_cavitation_motor50_base,partial_cavitation,motor_50,60726645245.212944,25803427708.326275,6535427895.085707,5188015209.34227,3574049597.617176,7715173965.758955,13084812149.11406,13759907079.155256,13812419637.62977,18829065227.57348,32618755906.470367,31274747904.459007,48659756287.62965,18328755804.920135,12717967816.310642,11942054773.961996,15323343423.229063,10993636684.124613,9739656550.52548,19848447553.8116
Audio_partial_cavitation_motor50_base,partial_cavitation,motor_50,137567679170.8906,46388153270.67293,11898406895.083338,6465001878.410716,4785808549.55289,11229061164.763496,13264011272.7349,16772800942.345224,22302422072.130207,64488535530.208244,56232716062.72928,65469792035.97672,46848449678.4303,44357110451.83098,26744250862.200863,22773366131.000866,15630041999.356539,15271037577.610952,15755127871.111723,22838378443.2059
Audio_partial_cavitation_motor50_base,partial_cavitation,motor_50,202218382069.07993,63136325492.654366,19362557828.787315,5483628005.889956,7865993954.582281,11540456540.675262,31612753720.411865,41332800014.14146,36923905212.37049,48486841332.739174,73392378730.10272,72101232519.0498,54170164890.790924,27074503313.913902,22856138199.20576,20992005181.41323,27642050603.13367,21920213755.29101,16394792608.848652,38733506608.52041
Audio_partial_cavitation_motor50_base,partial_cavitation,motor_50,146602874584.15222,55296053352.87135,7281990722.127645,4033777110.2836576,6792880241.350565,8149191161.889953,13680146144.134575,17963822269.937355,22747471382.01045,30520104547.961082,50874130862.4801,56004076030.55758,28811818489.16699,16917256465.32375,13270231601.266336,12830216554.593657,10690352408.36065,12164406140.564753,12641018246.352339,21221804892.366028
Audio_partial_cavitation_motor50_base,partial_cavitation,motor_50,85738633405.09271,29874524696.4469,13304521405.877258,5588838870.200575,3933236269.890499,7944241039.662937,18264450311.13063,22389389663.91212,29025480180.47181,32373483457.336304,52761960707.441124,49647228768.789665,37729692367.528755,22647400300.466717,16610329726.972263,13262227186.028362,6633771013.818874,8096160389.06668,13850463108.926218,16872589668.447739
Audio_partial_cavitation_motor50_base,partial_cavitation,motor_50,81808196028.3064,33138037946.76375,9903152539.720125,4594548935.834705,2854760479.062397,6078477070.856821,10489528991.413195,12524124161.944044,25008990376.726395,30784269874.656967,38223753549.57997,42383018796.25608,32677314470.28632,18975704755.00729,15875689807.092112,9675675683.633081,7781173007.01267,11869346831.229427,12673325502.48149,17638563642.124805
Audio_partial_cavitation_motor50_base,partial_cavitation,motor_50,221469352214.42017,69130070654.6495,13773695024.111877,6476930000.056823,13751614588.241293,8330466364.588538,14938562824.849619,17469316068.020645,25789439967.94007,30438030264.567734,40812777239.074486,40363461442.3761,27491571296.71477,30452606200.879745,14629896152.14936,13456724309.83645,14015080910.246397,8472852699.911775,9849436049.650928,12677712461.786606
Audio_partial_cavitation_motor50_base,partial_cavitation,motor_50,92817269229.61763,33443572008.091858,10650902210.488644,4085568084.9387035,3344920049.201282,5091391349.107046,8020524243.528822,10979617498.347984,16105391671.586832,23121670467.52128,33155801316.50056,47818263598.33623,52304806579.206474,20598376276.61723,11737708165.945606,12380515539.456926,7265383374.425498,8638172826.692616,9011973356.96939,13930816637.31085
Audio_partial_cavitation_motor50_base,partial_cavitation,motor_50,189267369857.23825,44612584604.559044,13099311759.721333,4209768042.058008,3385944201.6689,5722989678.67163,4869707539.323059,10266980369.559465,15231235143.96611,57258284228.66249,48992644617.34758,54955792414.21567,44470680533.351616,18166083768.77859,17470534188.186516,16183904068.653488,16233888291.033155,11373050447.196428,13666055350.731184,19682961393.42162
Audio_partial_cavitation_motor50_base,partial_cavitation,motor_50,693631969.1188045,304920324.4287847,92380849.1960989,54378666.0778098,90338258.80166844,51803183.74868497,84562114.5876901,183548814.34739718,180299890.48787946,266880721.72241873,216174929.83611745,471508190.63039047,593212460.5493288,242193289.0300792,151579358.99664024,159342750.95856115,60819822.35845248,108918497.76269051,205735265.34523907,252215772.83793342
Audio_partial_cavitation_motor50_base,partial_cavitation,motor_50,91130474.81503846,32729201.576484084,10337414.759313691,15540545.857275007,24557281.399592716,10320887.725099051,11837141.981133984,16487183.856494583,54780129.54810963,282432249.58915436,530325693.78384185,163718710.5826959,129111855.74904063,118034380.559622,59431168.5788185,34251728.483886495,29202179.005638067,38971053.19583138,38788253.53155995,51898532.178140245
Audio_partial_cavitation_motor50_base,partial_cavitation,motor_50,102424942.24305598,51880377.3100321,16214499.322593829,13221119.926917003,13299148.598705284,12364163.047025736,11633141.076569585,10428400.297100674,52263212.17277164,102856028.75729057,91887291.79780224,29764315.96129585,22469281.1621224,36668951.80256687,25011838.679268584,10846666.92598552,13088557.14454944,22459889.245008353,37970790.898464836,41493744.11224484
Audio_partial_cavitation_motor50_base,partial_cavitation,motor_50,358236381.94963795,203604912.8364362,270475402.997808,527828971.8765743,57904752.63046178,37446094.83813569,45543591.49530375,63219313.709891275,1291181271.0653832,1543895986.666697,4318336953.907935,1732964856.5186257,651070008.2956513,1833961223.5707355,523581001.3795098,409904168.1615855,126409296.57203755,90078111.33835885,418704035.8252157,241976125.4640844
Audio_partial_cavitation_motor50_base,partial_cavitation,motor_50,244322639.47772157,82794285.61205198,66115709.69390777,47770023.714697175,17925377.196755607,11064408.950515047,19112567.326408617,26558852.550694007,69582041.39471833,116637556.06848164,345959997.7146485,455756265.782467,296884721.62301284,548256724.6608876,314130089.55136985,271261902.22308093,68624168.37297796,164556929.16611022,148419977.8320938,183552582.2440976
Audio_partial_cavitation_motor50_base,partial_cavitation,motor_50,325295203.73819685,175727969.94294232,75729600.71070455,77657701.07451558,46633455.422759995,46794344.5166224,31567765.59827316,82079491.03191514,108779786.08029519,258834989.71370903,317164457.07281053,233643555.39388654,174029784.52223516,412357878.845596,171428698.1617931,204027115.31659424,82495586.9286142,104948116.80151628,271279478.1495003,128079629.67806436
Audio_partial_cavitation_motor50_base,partial_cavitation,motor_50,29110593782.608704,18085106613.12443,18001233934.700996,11859593692.548903,15331983394.412971,31988707162.913406,41135375904.92993,20490890468.372837,47311416861.32655,95528032575.83643,127552890671.06705,129624640210.86757,154815960040.6702,101842907060.68153,69291466381.88821,30936285366.43237,41992547334.273094,39383355599.32328,27397488731.13918,152545760606.64664
Audio_partial_cavitation_motor50_base,partial_cavitation,motor_50,32304166071.83205,10215967632.466799,3023598021.7564635,1335804450.378215,1771989536.548651,2784672384.4410458,6802800610.618074,8624822406.94353,14101472014.525864,31213161804.91948,24541353002.742462,31810648698.063133,32823821745.34976,30198496336.642467,12990959989.375088,8135243641.229228,7630676245.777229,8245049101.27823,10537841320.447334,11250722505.66952
Audio_partial_cavitation_motor50_base,partial_cavitation,motor_50,52966317778.496994,18469670317.43346,4298225198.199563,2344333688.2543745,2544453972.72334,8817640230.672972,13145894120.519098,15150172080.870352,12040426167.292488,18204207087.664845,25148213328.345272,25225991151.540466,29819594521.84711,25615883180.79943,29344494164.44716,19822775944.804485,13187111562.570604,16852276991.747849,15297223470.839397,8410225363.048723
Audio_partial_cavitation_motor50_base,partial_cavitation,motor_50,64353809336.423965,12572464686.370789,5873184706.16551,2998673130.470386,2400627457.6519837,6333140475.577517,10964575183.5362,5988917998.562184,6271359539.852326,8855298830.081017,13799550640.740486,18413176576.82188,22816049909.2131,23137993499.170395,12563107656.042128,9951096796.542887,5033113785.768544,6723208303.569869,8858305690.632402,14059369715.907753
Audio_partial_cavitation_motor50_base,partial_cavitation,motor_50,67945100008.76949,12260558488.77087,6323895099.323543,2009241843.3438468,2794324144.720894,7547669046.343329,17081557873.822626,11995585886.847038,12096758323.324295,15947849147.340353,20618942038.88309,41490735208.354546,22765935209.464245,17209852004.71689,10118145323.907377,8143733113.488363,6382667893.847548,12678130746.289726,9468344663.656075,18450728328.828125
Audio_partial_cavitation_motor50_base,partial_cavitation,motor_50,17169747601.098524,11977853937.123142,3178797973.660953,872261987.4056697,1678396335.4404888,4298280142.330368,5559288787.0229025,5959671049.293148,26561970223.25849,35168857632.097336,20732532667.485245,18643450956.273216,32167748535.87579,9384594162.660692,9095056863.868603,6032396381.431758,10904900516.300077,9133953311.40554,5112754785.684983,12462793531.91786
Audio_partial_cavitation_motor50_base,partial_cavitation,motor_50,28955991439.973843,14023720596.099283,5738023254.973276,2889978515.2501287,2292419866.9554424,8273386361.978652,7968036354.632246,12771600235.861574,15554069531.25658,13358339562.099218,13672663786.514404,17681040015.6356,14018011080.93876,7708066586.156723,7285753768.345388,4570196745.138715,5061623543.384356,5041288636.54791,8425013116.412318,11944851046.736338
Audio_partial_cavitation_motor50_base,partial_cavitation,motor_50,64327293136.48287,27909376610.908974,4435616228.496888,1823305484.5386405,5853494643.525907,15935970711.052425,29871856301.077953,44490117379.60729,45460923679.2425,31823571080.655373,41208682280.57049,50590686800.58413,58667011655.87962,34986971633.108765,17491810605.73743,11719492974.574081,7137095198.615791,11399585933.360613,12238951030.210062,22001396185.233307
Audio_partial_cavitation_motor50_base,partial_cavitation,motor_50,57304151619.84131,40202410079.162415,20690959995.787422,10468577110.231516,12308981740.211565,28044788637.68137,80219514613.32788,64452386671.20016,36709631723.968025,69018626151.95474,36608072524.94867,37261554749.050995,61621710440.0288,31020443891.2493,23808999896.808273,22255149985.609562,11319699743.905617,17210653819.18735,13282303837.089808,22344992934.64828
Audio_partial_cavitation_motor50_base,partial_cavitation,motor_50,49706618950.81678,18740928790.33424,4161729800.6508946,2330549706.229218,2680442507.91277,4916052010.132087,12631474472.51522,11243300850.292477,16559961489.318233,14259197474.457605,21450337662.015648,30869139170.058975,30601621042.831978,14574069185.997805,10496058176.317501,7629137600.031625,6778743247.4485035,7470846850.885967,7279751032.434793,18590596388.416275
Audio_partial_cavitation_motor50_base,partial_cavitation,motor_50,61799649052.611786,17663838780.796444,7422153937.422268,4600258985.31513,4653182445.341204,5633553358.652947,12039423626.622213,14294748054.735851,21545565783.576813,27816881774.750763,42259118872.8344,33355827543.057037,49389605233.92509,32003073172.97681,11226292937.388092,10738024261.566004,8860308281.71161,13054206121.846554,15039666893.38289,13140501570.520018
Audio_partial_cavitation_motor50_base,partial_cavitation,motor_50,33962275097.07936,31517366572.289894,15334722698.473562,3828088777.1431575,4054503126.7685595,6517610182.575948,7340015802.713784,10444526154.04978,20946354475.966137,19877369324.236755,21970861765.059357,15970066155.319242,20698479870.254738,7547216686.113798,6086047403.020172,5493475652.914693,4552837669.350632,3714784120.0616503,7819862239.911347,9157179194.849867
Audio_partial_cavitation_motor50_base,partial_cavitation,motor_50,54096164054.649025,19648475639.923115,10059670227.825274,5238759992.676552,3859089693.9258904,3234086228.4165564,6018921070.423849,9531768221.835375,19943572259.49863,18327283324.447315,24474159944.538692,28745848277.047554,39536416979.65624,15469940932.055645,17241258841.577,13139414360.940672,7730059773.716028,7186825310.145707,11654284243.09718,12513162398.55725
Audio_partial_cavitation_motor50_base,partial_cavitation,motor_50,33538288384.128025,12690639401.22211,5913888734.469063,3011949521.913279,3365374137.130852,4934265578.326361,11521727074.132154,13739370758.564262,17934876038.568615,20658082622.42255,24574556799.573673,22211372496.333073,32749910620.870193,19045133014.027664,8543722476.996004,10348641883.896284,15838043893.85705,9883585724.304821,7575108726.215977,18672043484.610504
Audio_partial_cavitation_motor50_base,partial_cavitation,motor_50,66024514763.3547,30576102376.889294,6357722989.125854,3197566559.802714,2364118899.169906,4848450562.267766,14751683089.223969,14316453400.877325,34962449866.51287,39347718356.41974,45972575775.45045,60243826421.40374,43305370509.79429,26905728507.398888,15016951073.790844,16812210109.572376,8799279837.296885,7953656380.63827,7680686537.471893,15477746767.25275
Audio_partial_cavitation_motor50_base,partial_cavitation,motor_50,42625441918.76301,20765745689.597973,7022844897.569759,4601915519.329959,1820367614.6774547,6485263498.398441,14845164464.387196,31904999910.071724,73494254452.54926,83342609369.21783,59265375678.96329,34965376517.35947,30073007650.80735,15537946212.622318,8454831390.349018,11061966547.261454,9332202926.883923,11474526893.044031,18139672895.000748,19337750698.479515
Audio_partial_cavitation_motor50_base,partial_cavitation,motor_50,64709155411.36735,29957865229.284435,8730995413.03383,10682737588.538654,4988318590.007007,8335823272.938735,17674096959.84564,37081456550.12659,53485232587.178154,54873523466.20081,57788760511.26963,20756971271.841057,15677423491.06602,10476169285.444338,8512221719.172712,9127692386.493883,8337016505.489233,9589277793.285648,14280108351.427055,11587847506.421219
Audio_partial_cavitation_motor50_base,partial_cavitation,motor_50,35423512275.02491,12441146933.44905,7136021909.104976,4924559524.575303,3304958508.8956666,4368236146.353105,10835446377.249937,29943059409.097416,76796469097.63956,59549672282.235245,53016872902.163025,35814380045.241516,44864950114.62358,41703452110.1403,31567018783.173584,44413357652.51589,19819490748.80623,16744422395.553745,14259559960.699394,16588629531.78251
Audio_partial_cavitation_motor100_base,partial_cavitation,motor_100,0.0,0.0,0.0,0.0,0.0,0.0,0.0,0.0,0.0,0.0,0.0,0.0,0.0,0.0,0.0,0.0,0.0,0.0,0.0,0.0
Audio_partial_cavitation_motor100_base,partial_cavitation,motor_100,0.0,0.0,0.0,0.0,0.0,0.0,0.0,0.0,0.0,0.0,0.0,0.0,0.0,0.0,0.0,0.0,0.0,0.0,0.0,0.0
Audio_partial_cavitation_motor100_base,partial_cavitation,motor_100,0.0,0.0,0.0,0.0,0.0,0.0,0.0,0.0,0.0,0.0,0.0,0.0,0.0,0.0,0.0,0.0,0.0,0.0,0.0,0.0
Audio_partial_cavitation_motor100_base,partial_cavitation,motor_100,12.83973682410154,12.589422239072029,2.8890009870955926,6.491488187708233,5.6798242174826985,7.58556949466086,4.031950266170606,1.2056116351647284,1.5253129680803446,1.8358646785343,1.4365738397341385,1.325065624708123,0.44270736085223317,0.7089595735967813,0.6883507705912759,0.6390803123304448,1.1949398936129585,0.6972349623668106,2.609924815089158,2.432756153407722
Audio_partial_cavitation_motor100_base,partial_cavitation,motor_100,42704060.38465261,124051175.96703584,94433278.55403118,47203850.50807802,30472669.200413235,9379588.856479095,7077070.907966022,6515591.5779481465,5038010.385615718,2079042.7358486692,290924.8390016146,231759.20042053258,110145.96652558791,43177.669898048815,65537.15180325297,93384.17602305775,128874.52063337032,706166.8756257446,1326429.1816737105,1027196.1373160643
Audio_partial_cavitation_motor100_base,partial_cavitation,motor_100,179397514.62339845,942434903.2995725,1238927711.5441737,822877695.4937856,304123116.9630453,201420907.36886883,85454339.84314348,26251719.82430344,17046064.589084733,10082787.864584504,3900206.3502369327,1038955.5515741541,522624.42469715886,446571.6958298445,329546.2822243241,792264.5687654774,1871024.1814940702,3368529.1151397233,3410491.335096837,6642074.916450745
Audio_partial_cavitation_motor100_base,partial_cavitation,motor_100,396731147.8446207,531079841.33851296,759503981.6094993,675073055.3399818,655810044.739105,306547831.1872097,100412363.70981571,30988421.93935694,22643379.9419955,10335629.53223282,2921757.3889356046,1414342.0457149134,702485.1103880764,309903.8527855556,431150.9000516358,709862.3918070447,1542901.8356034644,3573126.6992424815,4707592.300306972,6754594.189483412
Audio_partial_cavitation_motor100_base,partial_cavitation,motor_100,1073419787.9801093,1272338337.35401,1080785802.4146788,1866688197.842324,3477600158.180139,943273161.5730503,451615453.6198545,152534075.34101605,38372047.04079407,17360536.143433027,7028931.4453602955,3319327.74765495,2065342.1039183924,765423.9236428573,1417222.151676773,1943929.9330794583,3066381.107195404,5846168.2542274445,6102749.456203782,39383789.00212155
Audio_partial_cavitation_motor100_base,partial_cavitation,motor_100,1706521110.5284226,3995091586.3337526,2212252270.16991,2445382027.1553307,2937913870.9294863,1384664781.1518633,664471855.0135226,255509733.10887924,48813198.59753595,37825073.813351445,12776243.409891788,4218710.4089300465,2175622.0402815193,1041230.3014280614,1535432.4256068142,3098434.8150641904,3827090.3474439424,10625482.228542961,10854602.512750963,60792962.54609993
Audio_partial_cavitation_motor100_base,partial_cavitation,motor_100,302444090.20057297,1025757304.5109915,1291795085.20943,1200892225.2101183,1335467061.3785863,704168422.9346547,427133698.7190615,160011651.7684366,57088459.90613916,24267675.08268704,8421814.894173041,3960283.666375576,1618004.8227734545,624093.294116586,1304661.0878715368,2362729.416418528,3383474.4954067864,6868131.795165024,13226845.896130182,33470289.674562532
Audio_partial_cavitation_motor100_base,partial_cavitation,motor_100,506627402.5630623,820323453.3524449,1522570162.707966,1786195158.7672477,1204438336.1601915,576654891.563055,292797770.4987814,92566636.4563722,44451362.4674103,23687424.495261148,7805654.381554202,3898360.110640524,1175067.424908029,548547.3885945675,920730.4307567019,1855807.5223772728,4068917.95059542,7790828.786086779,8310781.309250387,19802895.508114163
Audio_partial_cavitation_motor100_base,partial_cavitation,motor_100,1748003013.2773242,4819372374.687078,6532437201.169027,7305650304.017263,7124618718.124531,2794542091.4767227,1365278234.9477649,490479081.21579,171612738.57217333,65024089.612009175,15919209.285172854,7892562.814427301,5083835.491978097,1658124.2055779723,2864162.590437202,4021060.5403181547,6613321.339368703,27454090.081408728,37580117.85168434,103213815.23743622
Audio_partial_cavitation_motor100_base,partial_cavitation,motor_100,825198709.2319667,3101129043.048287,4413908654.734275,4312486021.704349,4060504609.5550547,2045415895.1351213,1043714097.7839596,274182996.9524697,144232055.20532975,38443137.3389407,13666757.32519981,6244199.624925323,2995989.7582196575,1277657.1336804207,1726474.3075650812,2916482.641666464,4693069.824007859,13524721.937069414,27092916.276035737,105616327.16660845
Audio_partial_cavitation_motor100_base,partial_cavitation,motor_100,1638611980.0673206,3531408022.037052,5199652095.200423,4463842248.391246,4705069414.947539,2982312446.782108,1578556417.2156475,522134830.52607375,128717471.5111921,70375212.24838609,19767367.79401769,5813366.9060997525,3967072.6234183516,3453721.494016947,2308957.3935511615,3108823.1859699334,9831621.240342766,20429273.311194334,21174764.19459014,130526253.71294737
Audio_partial_cavitation_motor100_base,partial_cavitation,motor_100,649400719.7355345,2764298271.3061924,3083144743.778254,3690946855.9545927,2869121891.456213,1984779798.3587837,1520973215.111112,1463169161.9397967,277972280.2301713,49164933.98654342,25758005.041274287,17656829.90798367,3223518.945424659,1080979.4274658556,2529014.847106155,4760751.78950113,5745906.021254556,17429262.810548108,109434912.96396738,241580204.85430974
Audio_partial_cavitation_motor100_base,partial_cavitation,motor_100,1074747648.8151977,2642292311.444203,2736996655.865012,3667380345.673186,3459397715.11581,2483321978.068287,1604549478.8381553,767415931.6893556,112135005.0684525,81298293.66931358,28443422.7956993,7574457.288242375,3281904.821822627,4166591.3599401056,2032145.6218573027,3994871.507460216,17372080.98813615,20489954.709037434,31740774.32270264,144266777.3378096
Audio_partial_cavitation_motor100_base,partial_cavitation,motor_100,1644440566.7354038,4014424601.310891,6359243351.59153,5556526999.259555,3668208965.975397,2096270143.865919,1648554499.309202,614061166.0219041,163500094.10320458,115361163.41737482,118931272.77243367,90741810.98592308,14522950.94385519,4625702.937677867,31406305.968039572,63270504.98097634,36424200.4376198,28423475.89919646,44953394.12351889,161326423.70217845
Audio_partial_cavitation_motor100_base,partial_cavitation,motor_100,1586830841.8582232,6545151381.672105,8829905668.2611,9961935347.53531,8799782505.953003,4041167731.931415,2056035123.2893162,597646897.6188892,101967424.51284193,48712142.16113969,28144522.95687073,10230917.862832762,5244547.8914451,3492689.8311178517,4728391.70528169,6179745.279117521,8417492.471648855,19396286.193199813,30508806.182135705,162533596.85026905
Audio_partial_cavitation_motor100_base,partial_cavitation,motor_100,1730874429.3799713,7646301545.35995,14863788633.21907,22369130982.851795,17869409594.41174,6520049577.83548,5191676090.493829,1057397422.2542863,294882684.4593083,124902181.62424645,49953246.96769472,13841395.7429393,12889057.11011925,10359052.760190679,7723442.503365653,8120811.103943412,16981023.56745535,50726850.85735665,70912893.95918621,328967435.11956656
Audio_partial_cavitation_motor100_base,partial_cavitation,motor_100,5587725455.5011,19441671674.502373,37316152264.83525,45367103099.1624,52584917015.50519,17906467171.391384,8180222083.749459,1278050669.5771499,468520793.04686147,140694581.59393486,60452513.60046263,22743181.732139442,14623358.122400574,6202929.586204458,9878762.370196547,13722345.206799302,13951769.19656106,71938942.9706969,96279777.39876406,489196331.3651242
Audio_partial_cavitation_motor100_base,partial_cavitation,motor_100,4475702113.571244,18090979330.066154,41325886130.85249,57857056257.62585,56061531375.57477,18264081522.39687,9462811723.294306,2346144197.7089095,1696048034.6305275,353137350.69410485,82184701.23126292,56347116.81365873,22976721.347765602,13181585.901937166,14482549.195660187,22327962.38524968,26127196.479803316,128371734.76715508,340293087.3230713,546638211.0262115
Audio_partial_cavitation_motor100_base,partial_cavitation,motor_100,4965465510.540093,15673202256.793957,27022405529.56638,40174871299.95127,42457933254.93656,10200366958.422867,7289422319.956039,1166749371.576467,695416906.6072311,149579520.60962233,39964437.83010176,23515542.421313345,8641498.43549009,3944251.4722142145,5275801.636098647,9064342.401995441,7527758.834884259,68190686.72228374,140075286.3028182,335144168.2599641
Audio_partial_cavitation_motor100_base,partial_cavitation,motor_100,4339955440.717947,14573644195.151203,19594023496.519756,38457003341.62586,32375790121.5079,10048777113.830683,6568948680.297403,810695774.3654157,497691491.7383543,126461488.39099458,33260888.79865791,16150767.413224246,8591524.373853633,4908391.961465976,4777614.8727271985,7850568.5346569205,9266788.183974285,54888502.148072675,83815620.17517112,319748423.31472963
Audio_partial_cavitation_motor100_base,partial_cavitation,motor_100,3509379466.225868,8922709985.474073,10248357801.921782,26077778003.329815,22407408874.161457,8376220596.310525,6238906889.52734,1383988314.675762,457334565.9756001,155933850.69014177,54589751.060363784,14468174.526100827,7840779.511625513,5576001.657743794,3360709.5691234064,5921093.527995872,14627730.267747736,41795917.69016326,88016580.35309221,400497432.3882816
Audio_partial_cavitation_motor100_base,partial_cavitation,motor_100,2907363777.022433,8091499574.800934,11183318707.572052,29024422562.28335,25615463505.181465,5952775502.589181,5512347955.481549,1426805681.157036,320007386.8357086,191244252.83726665,66854209.58072738,14092209.508903766,12202914.110067246,8350705.829288997,5935843.278140972,9374439.481443359,17957760.679320116,56346442.71834422,82277757.22223039,372196140.9358724
Audio_partial_cavitation_motor100_base,partial_cavitation,motor_100,2576212363.7599354,4540785845.137374,11112462540.295355,24121887273.707207,26833893901.728996,5580742022.419856,6316498061.409753,1223183534.819129,614023351.6682022,191089311.28529426,39280101.64807863,17409244.887112845,10712924.97646194,6037312.509267245,4403097.27989093,6402047.58347365,12365365.784086186,70462742.70147769,107300583.6494323,299478903.7821231
Audio_partial_cavitation_motor100_base,partial_cavitation,motor_100,2849537676.0402966,7239080697.125469,7965076707.334135,25671221864.66958,19558514946.89026,6032083247.201133,4528988724.413225,393970410.02954507,262635814.8840032,84399559.5422269,25132172.428670086,12345752.987758687,5442539.1851573475,4154106.882091672,2896746.2435260024,5720131.286902016,7052703.421768922,32308736.838704806,46859784.74578505,159229638.45381698
Audio_partial_cavitation_motor100_base,partial_cavitation,motor_100,3726144276.8306785,13978505972.660297,18546516047.070366,42822122086.68618,35108439306.74293,8225986657.849119,7059235322.689334,1276258908.885019,316311359.9013902,158739214.0546408,58866903.25122578,16669605.244961146,8658671.934974106,8208827.898506633,5074182.746880272,7708999.488437964,14723245.981324363,40630715.52879357,73212377.73134436,436675552.544062
Audio_partial_cavitation_motor100_base,partial_cavitation,motor_100,3576192322.611433,8036891057.047073,19517067865.275295,46948049630.30177,30750866276.815575,9766441246.162798,5520404971.198155,746372951.4969081,729363549.5859269,179190589.2070026,28604917.762214217,27582470.451479737,14211958.097132178,5173377.611266126,8346716.164846931,8771217.040483315,11319611.08060179,72001657.54130779,126709825.23722708,210423308.5331232
Audio_partial_cavitation_motor100_base,partial_cavitation,motor_100,2969816912.613368,9789911724.181717,18752613842.382282,44311687648.95355,24026482442.808964,4891915860.15805,5777607787.315634,785575440.6298337,561618472.963572,171934138.90401983,55462909.12317067,21756876.2224194,11352303.67122228,5575689.128984054,7473991.298162031,12685416.782908905,14279855.004694793,67276462.8938966,102938676.5632002,256499442.56829867
Audio_partial_cavitation_motor100_base,partial_cavitation,motor_100,2423423320.4659324,6107398779.625863,10750317683.536764,25723019242.98958,18581285586.341896,5773108843.155783,4361449012.302878,859395898.7548009,166109846.62419516,114256162.06368941,41006319.194133356,14245335.373640753,7560220.8777229665,7925946.668246201,7737509.09709639,9344675.965705795,16763540.974623423,28225888.016023,40463006.19406973,224505811.70033082
Audio_partial_cavitation_motor100_base,partial_cavitation,motor_100,1301106895.8373744,5763594064.079099,11033848009.523972,18470527875.25416,13333760600.175386,4227087877.6049767,3064980887.8214226,714560290.9490397,225147298.49989945,116286122.38150024,31246153.054136988,20636224.746185362,9469017.244153528,5751144.036183583,5668640.4869023515,9606105.609714204,12014461.748494245,38405010.54300802,53175398.575647675,194715788.361538
Audio_partial_cavitation_motor100_base,partial_cavitation,motor_100,804534906.9270648,5071398511.372474,15888048406.937849,19286935072.677406,16045833091.903614,4306916670.61421,3736921494.2590933,748898282.7442538,330470382.2454751,152275931.76795307,31200523.21037823,21442179.063074064,12507093.500323497,3506697.3529500915,7422518.214248579,8325546.499045798,9372227.270117214,57736402.336286604,69800721.7146584,160169506.75534075
Audio_partial_cavitation_motor100_base,partial_cavitation,motor_100,2353736002.857702,9292395938.24451,12676179285.805084,16744723309.407219,13427223227.340595,6780926976.385454,3354733410.648538,661897053.1536856,238244060.13034472,116777133.5297553,38563572.9187553,21015806.076330174,9389228.576555917,5142891.756843281,4803550.128389881,12558869.094154332,11191628.87359554,38324342.653033175,50754635.95300837,207423982.9985957
Audio_partial_cavitation_motor100_base,partial_cavitation,motor_100,3049970381.055286,11522886215.26236,23071336798.359997,28780907973.44783,14822974367.4941,4660959948.755203,4718764469.550078,1313180452.7852285,231302879.33360374,119954336.58205019,54524674.28979666,16135614.67683762,12161254.670398988,8807464.028749717,7148371.424497856,10059283.594494127,16320796.756745232,41016290.008997396,62400460.08896594,286608326.60885894
Audio_partial_cavitation_motor100_base,partial_cavitation,motor_100,2172312930.586727,8333107565.391517,18999835186.16443,14927944140.641876,7705770337.119988,2166354373.7044897,2298496996.628398,480367848.23958194,199763900.05716792,95700888.0922477,28550686.68127918,13076811.511583714,7128465.46499315,3811189.833584288,4507022.323795807,7069276.681792923,9551156.604843207,25555955.589536034,38863857.88758504,110545308.06272726
Audio_partial_cavitation_motor100_base,partial_cavitation,motor_100,756450796.1193697,11395967783.290844,11229285875.725609,8671021891.768385,7372894211.23722,2558271654.533854,2262000951.2398934,448932789.73992246,99751049.85461563,81670759.78364713,19733530.223743293,7945505.32329072,5497319.994018676,2131661.262824028,3539386.129550111,5132971.221069865,7887973.145491374,19502790.167634975,24667384.725880552,117855805.83484663
Audio_partial_cavitation_motor100_base,partial_cavitation,motor_100,2083302091.3992634,14581321447.580265,10861052503.35654,11516038941.673819,10070339050.362349,3509952379.641679,3056873206.140944,438620686.0509291,236865134.3816714,126265458.88899077,41754494.12132433,14848996.451058984,8343632.850740022,4161483.078109433,4566636.180160346,8004497.165175553,16932840.692526136,47122210.87737956,42159294.846360415,140068948.61112958
Audio_partial_cavitation_motor100_base,partial_cavitation,motor_100,1654815897.0711339,6645312587.459975,7411251874.705495,13520625207.176521,8963120473.440413,3407304225.773397,1926297865.6512303,315600113.9262584,143030685.975885,74519626.3979413,20971330.19588966,10785461.521048054,6013678.961930022,3496479.9613068313,4344410.292886065,5324327.206950072,9064924.149989603,23136344.653109215,34059139.818170786,85860853.43257912
Audio_partial_cavitation_motor100_base,partial_cavitation,motor_100,2367551925.472447,16046811371.222733,10948015720.980734,13596709483.670929,9331056409.855572,3426758429.1078944,2590946556.976037,537191546.8894147,231565143.5378886,143226064.45797768,23761646.526266903,10984150.056140307,9565678.052515473,3479661.617583361,4163863.6698488817,6706546.548634001,8412433.367640976,43865706.25265394,46736048.01540813,126105651.72935456
Audio_partial_cavitation_motor100_base,partial_cavitation,motor_100,2125732920.2275586,16894322559.349598,6198788145.623564,11522431470.496758,7742995998.202434,2778897250.585205,2997342119.3294296,630921113.8318326,114070985.81885213,76811297.71129242,24710622.79917501,13070900.762534982,7773783.385656698,3365843.833468982,4857675.198548528,7243901.326976523,7187033.868220318,23755519.64012219,31217033.58247828,132723139.27042395
Audio_partial_cavitation_motor100_base,partial_cavitation,motor_100,697973792.4466332,8891437751.924232,6365291608.6632595,8257149702.119191,4562684687.845722,2845144497.161082,2626325817.313201,346256753.7365726,144759699.97257453,67323605.33254157,28076320.04923253,13329407.750532573,6081685.605096926,3683192.932389469,3932718.3548127036,7062687.080017092,8911419.408064127,26896241.730809625,34771505.97241515,91352936.16323723
Audio_partial_cavitation_motor100_base,partial_cavitation,motor_100,862375396.711462,9913018558.487696,5091246453.40143,5141333342.3745575,5954488167.095363,2696574034.084911,1353445545.319083,363186684.93459386,101189419.53097641,48200591.58190037,22666170.768777587,12829525.183659835,5064646.938690256,2091861.524921234,4289062.760316776,9085810.11772474,7582902.348708573,15926716.16603904,23461684.8383775,72107436.82099295
Audio_partial_cavitation_motor100_base,partial_cavitation,motor_100,1429923601.5547833,20029728160.615345,5983689926.210283,7507015111.181206,6102467135.168575,2885769629.5377445,2092429808.8109274,351889210.04917824,97280471.19698913,66251452.03060228,24651777.66494743,9786687.411817076,4715934.872490635,2197844.1813022923,2989736.0578556727,7034966.408349449,7059580.155370199,20342705.39683229,18773847.622507717,83776132.87079635
Audio_partial_cavitation_motor100_base,partial_cavitation,motor_100,2890276533.4511127,24179303155.089,9684951630.853807,8793291520.44387,8700761824.410782,4204943408.164268,1634735483.716042,332434492.767724,151753774.2646266,75176835.20168531,20942492.802540973,14132484.742836516,7506878.223891721,1670467.2398596483,5844409.116096656,7608663.646521045,7609924.973304327,25566992.80141964,29076907.431286298,70274725.85039718
Audio_partial_cavitation_motor100_base,partial_cavitation,motor_100,2054726755.3137283,6726808226.247111,5917274673.350836,8117641241.483064,6084156761.280578,2995528156.6769395,2070785264.7595632,423062926.48794323,82068338.9680624,61487128.67236278,25353054.661418274,11690115.248514308,6450928.9324673265,2557308.406843475,4797912.7389825275,6801337.894320055,9416378.157043925,16975432.02065907,24069627.956637327,84578194.52170633
Audio_partial_cavitation_motor100_base,partial_cavitation,motor_100,738076231.1051866,6694255496.498197,7789142324.477686,9746173643.868042,6202700497.673459,4301385236.007365,1876500049.692497,383499088.93231696,88346251.19595714,56879700.619368985,21390598.048807256,10319631.30955745,5159115.684714218,2599059.9398698583,3639396.942114904,6711739.230682902,7301437.158411242,15915906.867850449,18715792.88000989,98793951.42972204
Audio_partial_cavitation_motor100_base,partial_cavitation,motor_100,702567652.7356731,5798486983.293827,7565873254.446136,8378054890.61946,7447785788.656785,3251823738.8883038,2108689949.7805636,409965482.2752979,129804961.42503336,46082877.20498952,18406615.017839912,10837207.851696718,4104024.2367171613,2255581.54901717,3697567.504844932,4739940.357030178,7226702.5128863845,16332549.81446856,29417680.523950934,81467479.08937825
Audio_partial_cavitation_motor100_base,partial_cavitation,motor_100,892382627.8913695,6197464076.58217,5735049703.247355,5576190637.887387,4643639083.382931,2488176460.6248226,1702460541.7396646,190695923.56476226,158204912.56945327,59731373.143288724,8400574.204520624,9844782.24510912,3956144.9617660916,1670913.8775386433,2884402.490089564,4618418.339867187,5250365.538195295,16418505.585298201,38049290.49446204,48531348.36217286
Audio_partial_cavitation_motor100_base,partial_cavitation,motor_100,731575722.9556475,3211178039.845031,6677252335.871608,5002985907.903779,3608856623.9603505,2029311725.4612474,1253131619.5376282,321316978.28800637,158774975.2944363,40236102.743453495,12179199.3145584,8834874.25995588,5955951.347079504,2279712.392717959,3710069.8574239053,5524480.779144299,5685635.890250589,16596673.023256434,33714494.63113606,63348255.63758786
Audio_partial_cavitation_motor100_base,partial_cavitation,motor_100,1780749672.1399682,3538223213.3842354,7017865025.055351,3774539435.556428,3129794170.0994825,2022657536.7818904,1310750069.189826,203660757.47166732,111680112.68255334,42985801.784878775,14209652.610943973,10456688.575929362,3890299.0350139937,1628310.3222732632,2810893.92034411,6080418.010651152,5364042.280120168,10813662.726249343,28074438.13806435,47960711.02536783
Audio_partial_cavitation_motor100_base,partial_cavitation,motor_100,761872748.0413272,2253595246.577624,4494538395.793389,3716284650.9369617,2493345305.4163604,1389775245.8615031,1188932908.3327787,233910717.22511816,78291886.54768243,53342042.90475577,15716615.763641477,7159024.751163469,4378689.803988841,2678504.394277972,2459604.273215709,4810110.786171961,7323830.03012388,14657925.491236618,17288543.558713734,57026442.22777485
Audio_partial_cavitation_motor100_base,partial_cavitation,motor_100,2210375079.811113,3753384517.3475175,7563821877.335898,3146519071.498499,2849312143.4687624,1633013162.2126951,782521833.8766304,118081313.28537077,70330875.32720973,43772917.54817318,8143584.888791918,5656819.399902759,3037807.524163591,1578448.825700439,2051025.3262080015,2913934.2826816053,5217860.773252085,11296080.577996973,15338764.590743206,31416394.13774143
Audio_partial_cavitation_motor100_base,partial_cavitation,motor_100,2465574845.5645595,6475991698.016266,10097687981.112505,4937718407.139345,4759364569.47558,2239557816.338314,1504611028.313283,149546439.65001324,95842172.5489209,41871095.472086966,9704107.941281332,5798849.272024683,3728687.4118890236,915914.0965132165,1960119.6132479922,3434219.374664235,3240328.2801873526,16864824.354049876,17873068.194337673,51505462.22445281
Audio_partial_cavitation_motor100_base,partial_cavitation,motor_100,1494827256.1708212,5270704908.166198,9594363410.5601,3621649024.7852626,3182951148.035719,2100431598.4089596,2013411993.5012577,289712008.2783167,95315481.59342101,56817975.35243558,14956989.158586457,5727452.519870857,3425161.248631567,1961296.0235445504,2357174.212073746,3353913.5551126306,4695560.200339036,14507436.85745189,21826176.960448094,67392690.58306822
Audio_partial_cavitation_motor100_base,partial_cavitation,motor_100,1557421896.3810523,7948578101.6438875,10411195168.020748,5584538766.224183,3301200602.4469666,2571968268.129736,2547818882.6462193,426392682.1958897,128747449.49054362,63470159.86141424,24727968.467426576,8779062.419603966,5388486.871133553,2776310.7027930906,2886062.4610219304,7294668.503507967,4462855.471214478,18454710.784408506,32236475.098246753,132621535.4675577
Audio_partial_cavitation_motor100_base,partial_cavitation,motor_100,5804418968.179972,12969973720.542597,14817648795.063171,7955818283.601106,9915177255.654764,9307135810.962994,9022995895.631863,1930064294.8690763,351417922.95587623,189460870.1170952,66109387.5380986,14122604.91917518,11044187.53196352,5776525.143296871,5231678.578369101,6576485.646897941,11854055.367961636,47062290.37293152,99646259.06438342,546466855.6446105
Audio_partial_cavitation_motor100_base,partial_cavitation,motor_100,28796034262.220356,53781708893.099236,79586635389.10687,66079483296.84981,35096305763.324684,30026585152.721226,13929211030.25452,4065619691.253904,641173177.1778599,337616111.3499746,112521483.37309802,41769840.289780945,21588281.5572854,19036831.151112054,12328601.87653194,15343829.393615233,40696147.59784731,61871569.031689554,257612061.03636098,888364438.9692386
Audio_partial_cavitation_motor100_base,partial_cavitation,motor_100,46963769555.94275,61791791177.26863,97599520100.44029,71835246252.30632,40817177886.81915,40390605963.88367,10653054052.957943,3490781597.32407,875158330.2926217,389280699.08423775,104045141.88624212,36655326.734511144,24947628.23327399,11984484.60741053,14701494.712047823,19058828.06730707,28173492.43337114,93973264.82644008,262268239.02553967,876820347.9034545
Audio_partial_cavitation_motor100_base,partial_cavitation,motor_100,40166841181.02013,72570099811.7587,74021261657.73976,73934754810.5007,58284546726.39499,40775867720.11381,25979189120.96731,4694384910.524793,1226491819.6184387,588528167.737629,174138051.08006385,49723959.98958028,35863122.53189312,25649218.81043651,17611159.468295928,25011348.216391545,59833045.44543492,133245475.61109535,331440484.6767361,1193401374.0949502
Audio_partial_cavitation_motor100_base,partial_cavitation,motor_100,25877551035.229664,44377121500.4033,59959892621.22806,62648732341.31868,105201582415.54187,61573800104.35741,28829636310.79756,7127317085.09867,2353792871.6299043,881522704.6283288,191293412.6567828,92291561.63756949,54063355.15185818,29741797.168606028,28317288.418387767,32425028.705773156,63552613.65908664,242268155.2069872,527691968.2072398,1789301978.7674441
Audio_partial_cavitation_motor100_base,partial_cavitation,motor_100,56306464333.58296,60618935528.60057,103193432905.32347,113328806464.27979,109572018706.65962,53109521741.82176,39038846558.68513,10933247861.204021,3116884510.303092,1270947158.5022182,264680740.2837102,103495178.5402907,59952070.839460045,52622561.37418849,31255169.779658437,34065515.64312463,106015335.48031989,278770075.4367712,850027676.5979694,2444904073.6016674
Audio_partial_cavitation_motor100_base,partial_cavitation,motor_100,58700911652.44321,116667310359.6925,107141318292.81703,108531824388.18854,35879350634.32883,28340042981.776505,12587080219.587341,6967390512.788984,948998362.0062174,298057879.6995251,116746610.422125,46089103.07552296,18363888.605589524,15289178.000294046,10941836.636985958,13047182.064827861,30297954.453618884,56221435.28908066,381145444.2985719,1305572392.7309883
Audio_partial_cavitation_motor100_base,partial_cavitation,motor_100,47030460710.74877,128842538192.73581,83268676548.05975,64416169258.566925,38805812046.00738,14485789830.59327,10286773141.850725,4309622034.589224,407634075.05471694,217883144.68909654,116549706.55716597,43752728.00598922,20259581.861560296,14269121.369656986,16578644.086279534,19277240.63010053,23781016.770580634,53574010.67041001,161560620.71059927,1042992656.3423256
Audio_partial_cavitation_motor100_base,partial_cavitation,motor_100,34831566539.09503,42372228659.99498,25048818832.884644,28464370679.347385,23111838925.65118,14214166026.85224,20755041767.557106,1871667204.7797084,329484647.0523776,339647489.77621174,82107981.29268573,18561653.674948625,15799317.310443882,10288571.30782118,8234815.228616068,11411724.268775398,19148406.67677654,59958252.41454107,54339865.81016067,645259274.0515918
Audio_partial_cavitation_motor100_base,partial_cavitation,motor_100,47220614106.62437,58494433722.285866,60304450179.92929,70052863137.6206,80925545151.1286,57486480327.86571,48520334248.57847,11439338356.120401,1869579700.2403378,757710880.2930318,374816405.9590631,61155052.18901642,51135701.24890407,32041606.79371297,23402462.385295082,30623862.312531713,56725661.176528186,253311346.08436856,436382186.13663834,3484147204.843935
Audio_partial_cavitation_motor100_base,partial_cavitation,motor_100,54794594777.831474,63456240601.16336,191220788232.9198,166017488187.28723,132884288393.41505,54319463666.15558,31053186016.26795,7459751475.059242,2213419287.8981667,701247604.6226712,273142995.0840581,129074456.51488495,56776763.51700427,49763639.73177116,39729030.80172305,46825333.714442156,99720993.2864471,185770297.09398684,628203132.0516515,1903867710.0810363
Audio_partial_cavitation_motor100_base,partial_cavitation,motor_100,81103566182.32066,122519219392.06714,112559818381.53542,138276462247.23438,121527829912.7675,79657558406.28236,37846888847.08234,11410525250.21703,2365972905.0846496,1077328724.0505102,399247633.96893764,148534910.82001665,77291953.07924625,49307780.940571286,45917102.54018081,62658762.33489284,97364538.16424716,251115852.41665718,679670937.8290756,2769164196.6337094
Audio_partial_cavitation_motor100_base,partial_cavitation,motor_100,42950589817.46925,88349845054.63507,73199830174.92311,95456848387.06157,94072882071.38333,38793134826.67462,25399505916.59294,6915226061.735955,1804387905.2220242,703407549.0587746,242521495.0277181,87742144.19856538,51439961.85132362,35171504.74390052,30538979.173545904,40068669.67868237,90731860.86491841,190786200.903613,461364609.976747,1541128218.0552936
Audio_partial_cavitation_motor100_base,partial_cavitation,motor_100,50785566328.96334,86311502590.9915,88913103955.56198,116943548905.63101,110214907438.6332,44892652618.21017,15917425885.191328,4617878756.324655,1180541676.9739263,693618715.9286299,118834536.36586726,55249964.35620626,41874361.45769263,23921465.88959569,19794636.78243035,20914510.519650724,38635989.25296705,189818865.8981942,297352253.9614799,811782300.0906146
Audio_partial_cavitation_motor100_base,partial_cavitation,motor_100,195959001769.9226,223718231137.8756,172169731478.59723,150030763865.90857,62918223927.207085,21871016563.34927,27066383254.145855,9419949057.326645,1098770477.1555102,433755886.61423814,257778987.08429334,57846984.71672241,29768039.924111433,30386454.22219153,21415248.782638784,24554747.85341229,46070346.27150373,89639489.78673711,273670615.1627258,2407463721.951737
Audio_partial_cavitation_motor100_base,partial_cavitation,motor_100,176009902713.4072,133774840437.21501,104883830139.77744,146382425462.953,67947001883.58757,32181539143.665783,51541459754.05446,7819318182.071521,1325671471.0467885,812397061.8618363,433378833.284766,40219212.79027845,46399465.201256186,58424208.510278575,22975140.4487187,25757150.487472743,92106330.20805311,162537623.55093557,220287099.93692043,3606956025.3406687
Audio_partial_cavitation_motor100_base,partial_cavitation,motor_100,89172386231.32164,93237361541.66728,94009305699.9841,107585106215.65591,56689597128.58943,28922273832.716362,51938981782.30654,5611489030.137581,1550545730.9511836,714961880.1208642,304941725.39795154,55843485.08807552,42645136.10581548,61690143.88669216,21122457.09317138,24101372.670734316,91121550.58939995,159306844.0989883,266531844.61085916,2451736705.5542126
Audio_partial_cavitation_motor100_base,partial_cavitation,motor_100,83076961046.4224,110877174797.01392,119487604483.26353,124738295655.18636,52031482411.927536,29298183825.640354,57400352709.366135,5204916790.243588,1193069273.3902898,921757887.3165214,311116565.66715336,34170787.504975,58027959.23692573,43197849.08715359,19674644.38807303,18376877.662205897,68277646.04051225,199910989.53611174,205804994.82029215,2626132653.5693183
Audio_partial_cavitation_motor100_base,partial_cavitation,motor_100,56520419476.45282,119192204665.44255,126477205260.46954,146637560024.26657,56275962804.02695,20142710267.008736,58001127650.454895,5993826409.692854,899239965.5471951,873834156.576954,361218154.422588,27513011.621984538,58353984.97031462,77775149.24211454,19834496.436499808,22204695.09665577,108845960.3007737,148605132.42157483,164002763.25855708,2727331589.875921
Audio_partial_cavitation_motor100_base,partial_cavitation,motor_100,47641159372.33857,96247144463.7518,87678486312.9741,95130086989.87608,52864055281.012886,18099500402.0967,45968960957.96358,5350900530.763938,807266131.4471126,636479612.8715595,238806684.73977014,28473569.38989507,22890166.33488517,25126622.796330098,7995127.3224622095,10493044.728924688,47114737.995686516,118649964.85009441,177987247.40306112,2132928858.107889
Audio_partial_cavitation_motor100_base,partial_cavitation,motor_100,27739154826.064056,78761124044.71591,74543929292.24782,69501757531.04845,52003444664.855,16811210585.278736,50645945471.965,6764197257.729967,1014263647.3534458,844611613.4730083,252089616.39957,40597900.6812399,46232474.97970803,32622237.287509087,15190463.270069443,17372315.366728194,53345430.14462531,181061125.78940406,170140575.90379953,2373452768.929343
Audio_partial_cavitation_motor100_base,partial_cavitation,motor_100,83738344529.18529,75453453347.98145,48520965387.75335,56386804371.96701,55638346815.14322,25090465847.31407,40527617855.929794,4429797220.415448,894066137.8538567,570968571.2466698,216821916.06422508,24292874.89985435,27463682.555813186,31856892.131364353,8816319.099084308,10509085.317048145,53939979.295221224,122299572.69334841,141758991.54382893,2075503851.8214304
Audio_partial_cavitation_motor100_base,partial_cavitation,motor_100,14376396785.185352,18470912193.388268,14817599398.570375,23809362454.040962,21009786224.61829,10166098473.048595,19547346210.97479,1693273503.3350008,421181397.4692671,341019449.17708325,90068295.700424,15274586.062206924,19368227.236316603,11017797.913350524,7598083.598092925,9465142.132043893,24943420.84309826,80604558.09741683,76083557.74497116,654395929.8154945
Audio_partial_cavitation_motor100_base,partial_cavitation,motor_100,89309074764.51811,70833599673.17273,39495795174.160545,54119735724.972046,115978140896.80913,41948095795.563614,35698396877.035065,6089855480.52151,1373713398.1742866,604821756.8051745,244618244.18949667,88634220.51862983,51615513.51049502,32782453.15660693,28792712.679012015,32200784.113411482,55374797.62321689,147033232.27021188,392302909.3152006,1895685235.9944978
Audio_partial_cavitation_motor100_base,partial_cavitation,motor_100,104441553935.46939,163749285694.2681,206574016342.49707,211461677188.7258,149825125824.60864,61935157130.36484,42669730939.08242,9169752070.324368,2687115361.337627,964426098.6256703,228300632.62675002,102571704.51352361,69301272.52514257,48902805.46236399,32614936.850447964,43628671.50763769,101868122.95292431,212420636.6430269,486206435.3836899,1907345880.6677387
Audio_partial_cavitation_motor100_base,partial_cavitation,motor_100,81762821632.52437,139971236961.42313,177476479416.3349,149021438507.1752,152085565160.8506,69415819646.00629,40803126516.549614,6410340288.572376,3002746891.117548,1030710975.075322,292742562.63144517,99566933.26603396,79660965.42366824,38748119.087005176,38094022.76288059,41492449.26526477,90708072.1032751,283705857.58123803,675899237.7188377,1854284792.6784542
Audio_partial_cavitation_motor100_base,partial_cavitation,motor_100,117970979108.80664,130042407062.01572,115122586545.14876,98791874615.3107,84722479537.16106,38764420592.530594,14972608727.879932,5608175874.219238,1148025780.5368476,513290971.88326675,180776919.90444094,88124066.90019788,46494503.12379598,33376297.36057193,27747637.571658812,38628501.985206515,64979400.2638038,133400659.21922572,530997165.4301319,875569344.1353569
Audio_partial_cavitation_motor100_base,partial_cavitation,motor_100,15188885751.596548,134334794952.70917,164713827674.08783,148929470432.12143,91223926525.73404,16912494950.965979,4494871277.731172,2102552294.6996574,807252326.5706016,423925917.1377467,68567754.84817441,43164518.87725928,28354540.226255234,9957712.227781907,19004867.41314006,20330616.834290307,17254011.03995244,157180799.90404746,185112417.31313747,387932920.39055955
Audio_partial_cavitation_motor100_base,partial_cavitation,motor_100,21915535292.915062,26023821668.31437,22344198769.803223,35774741059.52441,26565625777.81154,15451873502.059093,12758909680.02911,2058366070.5379224,318731830.9829708,391899667.4413363,102102712.9374478,15733322.907800678,20316880.528186217,14815024.09709805,8481582.324030105,9927891.559434026,27777609.34163295,87467850.8463901,65848795.314635806,708426761.9631026
Audio_partial_cavitation_motor100_base,partial_cavitation,motor_100,17177468452.597643,17765788367.896282,18348544320.726006,33923121721.124836,27661768401.02202,15212889169.68972,8719824201.24889,1234052938.2249095,382328005.0973544,222214219.9287912,65871247.67822448,20236803.721631516,16286415.291052792,8047753.672558658,8303099.537139625,9514603.505757993,17541953.717160705,78370759.79635876,49882036.91826605,589579260.8617117
Audio_partial_cavitation_motor100_base,partial_cavitation,motor_100,10219047407.505486,11581980863.517796,20517522811.751976,32816179009.66552,30808082386.996532,8922873540.92676,9652423068.593437,745357297.0283325,434536493.2481012,213594532.1650722,41977843.57190047,16621374.268520435,13279486.57281348,9713804.749141097,5266845.266697371,7826558.617950166,15391629.220734134,62386197.21634952,73737168.32399559,325813821.84347606
Audio_partial_cavitation_motor100_base,partial_cavitation,motor_100,10687255997.612972,11541981835.534786,17733070175.82966,38207755615.784676,28403458300.952682,8844304201.369843,7031426355.8866205,1297398020.9826982,506654273.63359743,204525279.17179188,45453043.2953925,21466437.68140572,14192324.141345304,6667667.29545026,7509838.581103238,9040656.846492909,14171345.339808399,75895073.3335753,86006547.01527219,353412198.72556496
Audio_partial_cavitation_motor100_base,partial_cavitation,motor_100,2624434117.284928,7214209357.409323,14641258098.616196,15040881131.315681,12770181417.17338,3887736955.084277,6202260581.759629,1537994988.7831845,366109598.01802766,175772688.92619017,42377125.613659285,14116370.476893343,11332030.383454654,3693462.5333335865,4887673.613210393,6280935.582252085,9329112.91145331,59562634.5384064,70928448.83818935,434970814.0749194
Audio_partial_cavitation_motor100_base,partial_cavitation,motor_100,8511309311.020319,27854362411.666924,26870376188.665215,34619631879.65947,35403853370.11204,12347300081.550833,10550819601.430973,2755923160.21541,462946368.3594158,294766102.5649508,129753402.92885895,24982480.757009797,18951205.99261661,17734189.7162897,11165511.151206797,13306624.3257214,33859554.759820156,71467525.76025611,98166191.54248442,832515321.5508798
Audio_partial_cavitation_motor100_base,partial_cavitation,motor_100,4172719356.3175526,19452492025.49591,18809073969.218243,17362503655.331993,16842417310.059666,5855261306.064098,7956983283.903102,1414288896.8256004,465407563.16331965,157244169.95309696,42608808.686807655,17462233.367655795,6637075.902381836,3047857.7627124125,3387059.5231836415,4894441.389590571,10906731.668717425,39968660.93973832,100035634.99716261,393679778.01574934
Audio_partial_cavitation_motor100_base,partial_cavitation,motor_100,2580688849.995278,10016775419.14061,21703172323.460842,12961813810.029387,13838616023.19036,4028508724.4341187,10472233243.276514,1591778294.9382315,620187693.1801299,195858689.13147536,67997402.88443676,22752628.93068485,10901965.056271622,8293829.533034165,5232211.419320925,7586464.972610375,17782243.842220645,61343784.13861557,116555000.14770661,588867830.6032016
Audio_partial_cavitation_motor100_base,partial_cavitation,motor_100,4275748994.3180156,12920684434.564108,26741202495.219574,19533287362.812553,20083805480.728367,7192546469.963545,9158287511.981264,944459099.180332,356554642.2945446,159250816.21178496,55609117.99907273,15197799.16560009,10721036.44701055,8755111.781997588,5582564.747176477,6916697.40837084,14478062.824213415,48818933.574004464,76784718.503376,425763433.38705313
Audio_partial_cavitation_motor100_base,partial_cavitation,motor_100,4799532621.709455,18260547911.137722,22054468725.336987,20903287984.16769,18154341376.202236,7610720979.899008,9348929435.739904,1894851082.696224,424377544.7574031,222166586.10519204,82974248.28578478,20049767.328217357,19182167.76524036,13316659.619529042,8786453.528700288,9747984.126120564,23808241.856706224,63499608.23477973,111815799.71695152,576560504.6494309
Audio_partial_cavitation_motor100_base,partial_cavitation,motor_100,5173468702.230446,19763773550.64872,23578606099.72183,19443263604.581047,24010274635.00289,9535201054.749489,10808282096.485981,1996549368.971698,479700174.1175448,175558956.6345807,71496723.39610273,11655556.064554121,11762115.248274012,8962929.86125957,4680675.623053234,6390306.12996448,18669117.002607606,45949271.86761564,90962138.8612242,564438414.1838247
Audio_partial_cavitation_motor100_base,partial_cavitation,motor_100,2577558358.5816164,10257195934.57643,17133087162.406958,15114356939.810892,15112617093.972183,4829244602.201395,8187065763.322788,1106435139.515847,256232385.3078005,94459303.31282657,31102602.495004173,9363917.802214077,4977154.456454631,3747497.0886124508,3015422.186344745,4160486.2401305395,7720602.611365128,25793664.37681608,64290448.9095495,296598161.93589765
Audio_partial_cavitation_motor100_base,partial_cavitation,motor_100,13258469456.075043,29981811863.494076,37965356378.241974,56464195115.95301,33683773540.1876,11885910133.646244,15282175299.648985,1861622124.9013035,609323303.8846784,209100609.93793136,87895948.43973328,22427189.221155196,11088367.81443786,11574221.274161616,5813276.740353553,8080413.601352956,20239144.916596297,56542691.87868851,133299850.37369795,737897308.2964883
Audio_partial_cavitation_motor100_base,partial_cavitation,motor_100,5214035030.341316,20713392449.494392,28448720056.098797,28445005103.83501,23570599592.659485,9000870805.26542,10654964431.947456,1555474978.6372888,362459857.63681495,158339365.92550445,60393721.22921584,13614475.36857271,10044558.584711608,7199893.2340191845,3896430.096873644,5074955.493262805,13807724.588393249,50475835.41997449,92006935.25495325,472273905.7330009
Audio_partial_cavitation_motor100_base,partial_cavitation,motor_100,4850197993.353601,25939538194.414856,35193209654.50057,35048385030.9457,35204277122.21865,10327111329.420612,13508571695.977278,1082289057.2100694,619395352.9413873,176381349.48733693,62710385.796751626,22986937.447166596,14253299.691676356,5600698.116000316,9146661.152133293,10396931.119305834,12198862.199472552,68516901.16174065,121137409.2856832,575671656.3599788
Audio_partial_cavitation_motor100_base,partial_cavitation,motor_100,3537638435.036775,22577399480.10476,33807890962.704926,31417402940.22741,28072440499.822662,8197078126.6804695,11924627240.889933,1604814845.9030704,639379434.0007039,233834183.63777202,73173856.74324493,24890505.527725182,18792249.18495479,14888925.587436564,9809123.383225575,13563262.408114923,20547750.566601574,71717270.33886942,123893805.4013183,557316041.4675919
Audio_partial_cavitation_motor100_base,partial_cavitation,motor_100,4237688614.658764,25870846225.50471,30655180763.25809,37570293426.08847,21060209039.367905,6754642811.76372,13897812903.992231,1916664977.2802808,488202343.1256533,190731663.83083367,54004485.01324844,13873752.42375114,11643740.787058584,10030957.128678568,6030512.832001706,8366921.145984265,16133531.760751992,45820912.09221109,100230412.76607816,503802631.10728246
Audio_partial_cavitation_motor100_base,partial_cavitation,motor_100,7099063827.094135,31375971928.403225,41263041513.55038,51330905141.82558,30064612823.239243,8460756363.385613,17216331171.37792,2611737364.5529995,785301252.4971579,354546114.5077842,132656978.21092539,44348942.97689204,28054239.44194738,25796095.57465214,15376747.724600747,24952469.952262733,37347285.97330784,103343444.69980803,173773607.83264652,774178001.7422365
Audio_partial_cavitation_motor100_base,partial_cavitation,motor_100,6062642438.384969,22395240093.476246,21158122891.221626,26095314990.783077,18449873780.889374,9243014835.889378,11731942543.568266,2007081090.4120522,460565224.55557305,170730790.78848693,77040868.04816589,22151231.439516593,11153459.646554513,8978996.280271085,7550705.142907824,10266336.853024624,16683279.051229464,55941677.37574859,87959803.07885832,675383979.5881677
Audio_partial_cavitation_motor100_base,partial_cavitation,motor_100,5030360679.956613,23414017653.391598,26894450476.292473,37752299594.28042,21915822327.959816,9276975008.704433,9921330775.699717,1062423807.013346,476013796.56054467,152952900.2968242,41389231.62905736,20600616.25180529,14504889.422927504,3487876.579086901,9891746.329935027,9016108.834377585,8803446.197767165,66735696.39361134,89204397.3523094,397690856.7898329
Audio_partial_cavitation_motor100_base,partial_cavitation,motor_100,6520969936.15844,19484192017.26891,25390534312.023983,31410953773.50117,16919532430.618309,7022889944.587884,12110544639.604767,1264014312.4048343,422969194.22605777,165928769.7790043,59949345.20887698,17648669.38430039,8591546.77159966,7977316.224017864,5179406.163721306,6950214.783865679,15123436.595668556,49525585.03366399,102509695.26422301,482656364.6474308
Audio_partial_cavitation_motor100_base,partial_cavitation,motor_100,9995059057.262377,40444280298.41335,49913367337.48538,54930429402.93958,40898907935.00683,11645489722.360342,17913708667.509186,3421183259.6668067,830213351.2737509,289091940.7032438,132310388.14833924,31964605.73039688,19190499.04706429,19048764.093743507,10124499.874028524,10515346.891961347,33792558.90923434,94115509.22164127,174731099.18906084,1010746233.8905983
Audio_partial_cavitation_motor100_base,partial_cavitation,motor_100,11241260200.611313,44011927002.03236,54361422894.58818,44840438027.12616,34126251438.43462,12418771621.296535,16658659853.119621,2718708724.737237,691411146.5875041,258290909.2416493,114993059.26051421,24537816.370240405,16838095.1831636,20871785.697107516,9096595.03944168,10051580.73518884,32831955.38203645,64467774.65503232,160568620.9881589,956512608.2187655
Audio_partial_cavitation_motor100_base,partial_cavitation,motor_100,10545133471.620468,35937202037.19707,51284218567.46087,50886705292.80929,33360574660.65074,10942261631.13368,15994696389.28504,3378122009.9635725,828025649.1313201,465412052.5201326,116405086.88279843,36641584.56178041,37269151.91309115,24296742.41343183,16469311.197788926,17673361.009748604,42217168.7836838,121347015.15654387,185995220.6422994,812280489.1047727
Audio_partial_cavitation_motor100_base,partial_cavitation,motor_100,8075578704.658156,41631030151.41269,45905179019.97321,42683906888.61243,35636200746.701454,9885470812.733816,13427786245.821188,2284495998.359496,681902745.3144783,213527073.4720464,97880346.00272875,32772437.442673184,12585319.742269067,10146321.338578008,6059105.727034791,13024922.683123402,20224884.361481,67410949.44996208,157866405.83889386,752064897.7884325
Audio_partial_cavitation_motor100_base,partial_cavitation,motor_100,9222989011.869356,39317214670.59491,40530340485.38063,49979286819.291916,46562447764.3844,10255315935.550705,16426405569.477137,2512007752.0087,707523626.0052148,306966677.9565793,89534018.64527138,22766983.1937819,16251473.481587669,10715879.811072852,6242508.108159969,9003747.780651422,22526545.919126704,72767875.67487815,157242004.72887748,681714431.348686
Audio_partial_cavitation_motor100_base,partial_cavitation,motor_100,10932885155.965988,44458850859.94308,52099705571.04491,57203736122.51456,33262839861.27869,13046315957.723793,18050366879.353497,2741630745.8761525,822652078.8891546,236828314.5895669,115523007.20841064,29835429.76182131,21716831.39653084,16339498.872841576,7771268.80690408,11803176.025687627,23221342.898383398,93505450.61446762,184775493.69446763,944301983.9495406
Audio_partial_cavitation_motor100_base,partial_cavitation,motor_100,6579598565.00965,16111086711.009304,19665077287.04553,22847828077.45171,15840916432.603657,8735953159.582523,11586434569.800016,1670635173.9486198,525527325.89587253,264374615.37454644,59852646.243233,19363061.70378064,16653407.468310239,9521933.74734836,6496140.196183997,10117759.609576661,15723692.815258473,66926675.02510228,100956861.13948593,478084243.4849434
Audio_partial_cavitation_motor100_base,partial_cavitation,motor_100,4365967518.977369,17452236532.36814,19173354802.1556,15814873650.663843,16731893164.3512,4802893948.60539,8869516007.811563,1662507071.7485077,674483559.7165995,201527439.53104186,55702712.210434124,22875993.19909459,10145496.422715303,7581468.991994129,4162147.09816695,7419874.378505165,16336629.685816323,59047026.60109785,135160183.95434138,433124467.77309245
Audio_partial_cavitation_motor100_base,partial_cavitation,motor_100,18005725873.56923,69323436694.82071,67535902772.823494,60606922361.62079,43046357670.56194,11660144735.069088,16549351833.529612,2234835220.3734064,1008204399.6135652,269000457.8442942,73052645.84429824,50292595.43053332,20020083.48607903,7832365.689954389,16513484.645630358,18673110.255420357,17981050.404350337,79270298.29512954,227204469.4195592,690903954.2908958
Audio_partial_cavitation_motor100_base,partial_cavitation,motor_100,10639669458.400377,43217660150.5678,41287655195.67514,42020531038.554695,30123074482.58221,9823020598.683147,13114040699.248943,1651472316.8932347,376369596.37049073,223793682.07349184,68713581.50616932,17765766.3997264,10754704.669413887,11240220.071772339,5729792.959411874,7749336.579388808,19931153.09638042,56259056.2652333,96503362.57791774,552700928.5372452
Audio_partial_cavitation_motor100_base,partial_cavitation,motor_100,14401270801.548014,69196899683.67201,66713482786.33238,57309621636.244934,44701384469.82917,13553271443.191372,16890089280.411018,3054970935.5950584,1009366056.3146106,312689040.48359627,151501764.14287308,33731643.61594212,28431135.28495381,24971874.12603532,11904986.342443293,15317207.673830902,41069089.062882185,120960292.69796018,181778433.97449327,1091139203.054756
Audio_partial_cavitation_motor100_base,partial_cavitation,motor_100,5561585816.90871,12777621462.753792,9946751885.76298,14143010616.753984,10447349527.795145,4273203098.0187583,8598718899.840689,1450310492.0385156,394527176.9320568,170674919.73555297,55848420.89145733,17107418.483437326,14183663.212894563,10117448.379351255,6283959.8076334875,6677809.307609952,14032698.819568152,59665578.35027845,99603183.10859361,447660877.97781056
Audio_partial_cavitation_motor100_base,partial_cavitation,motor_100,6359801821.488551,21397931164.019257,26065860060.469456,19214453261.779842,27110042091.450752,8249228898.105831,11671740294.557188,2066368923.3773875,471183011.5006646,263620262.57572716,69581010.45204149,21445673.757019475,19052229.421988208,10107848.134653237,8900029.959825054,10104644.103155026,18223701.78383847,78999638.85584062,110446562.65069543,521393511.10297114
Audio_partial_cavitation_motor100_base,partial_cavitation,motor_100,5613708033.608978,18043146537.054806,15657990404.569355,16341514106.8331,16594787055.506054,5978345460.596207,10853317161.104052,1032773235.17562,243944520.31016606,105683787.26735198,40487743.28471602,12298372.417524252,6476463.7961480655,6143970.865796914,3530866.277186832,6079613.927941716,10167087.081476215,28892171.33280552,68128320.0314328,394508695.2440955
Audio_partial_cavitation_motor100_base,partial_cavitation,motor_100,8514007259.917776,23785208057.49614,21816655124.19958,24433680967.109512,22076365481.412033,8214631225.620205,11372355006.306849,1814900300.595477,456970984.53916276,259801179.2217674,84604401.42789784,30683367.92235803,21355061.512416504,15999942.242861183,11898926.148034187,12948802.461996581,25668691.195164047,77059545.98222616,135168764.79133692,638113311.6376685
Audio_partial_cavitation_motor100_base,partial_cavitation,motor_100,10681715416.363604,29551024255.567715,31121127814.56515,35368159966.199875,31792625920.789474,13278187573.436094,14368259468.385538,3007798733.4230804,718963594.3979224,265052675.70271847,95902100.09908465,24533786.552697733,16589483.761660334,11122242.439861182,6287389.996650268,7474376.262893525,18891319.760385282,97863741.70267706,150600222.7784498,830666899.5895746
Audio_partial_cavitation_motor100_base,partial_cavitation,motor_100,11472067199.838402,31547666776.64963,25731119459.656227,26511306052.05005,25814105786.31568,9251434924.972034,16369894817.604687,1624556873.3573759,685767918.0386915,189406896.6602381,65264421.5638838,28874812.66785799,15162848.078084502,7409506.542248037,9511184.136611579,10800091.737447185,13225319.6004282,72091228.09646247,135026014.95686665,699646320.6380328
Audio_partial_cavitation_motor100_base,partial_cavitation,motor_100,10809805185.816687,27655544270.1414,24301255513.70974,23134797275.20125,25488450472.998898,10727034309.817366,12464816278.12912,1834089606.9368465,386992393.7385325,129162803.82350467,54547474.08500972,16646058.382254915,7843272.80684739,7305221.1986308,4106322.527769886,6182969.849191011,12232490.771953667,33725276.602914006,107581287.33633922,538368350.8121494
Audio_partial_cavitation_motor100_base,partial_cavitation,motor_100,17561280195.807297,79665559528.79642,72461907088.99837,67078211525.65171,71521444018.95253,17486112128.194897,21440193615.931847,4226611428.624341,1025774665.1452849,571844672.0103482,165542801.7913749,54475210.49394366,45420828.93165795,32069546.208274834,26448585.898122262,30404611.17951264,49511830.333337225,162237016.1188653,245990189.56409687,1049747751.515564
Audio_partial_cavitation_motor100_base,partial_cavitation,motor_100,11134674276.455063,18049344983.672573,23700666754.930145,20533508160.441563,25070065971.369724,8125219050.0021105,14302145176.158773,2273124236.8859873,514963445.42006457,334302151.46628696,56148300.32669598,22180642.564639248,13880951.088661553,5364766.916677303,4018179.836554627,8947814.438610353,9673510.897754839,84417422.91875096,131017134.903143,566377815.4593859
Audio_partial_cavitation_motor100_base,partial_cavitation,motor_100,13171920859.81502,43759974383.385605,48988402704.96813,46125136977.50939,52147733786.59924,15894252596.41037,20912161346.45098,1936531598.7881064,799954980.2103883,223722332.9578538,106964126.03479198,38217446.43814452,14634148.238379428,17137236.993036628,14471147.05860251,16820854.034876645,28208060.502902225,53631952.577638336,198530549.13731676,894574720.8124175
Audio_partial_cavitation_motor100_base,partial_cavitation,motor_100,10442006228.427197,41903728125.762375,46271237855.35724,39353016919.79906,40080635008.2302,14045527710.960087,16885786923.22919,2430195125.9685674,838438996.380792,350058755.30567247,100884545.47606577,47867841.18012328,35592638.06648303,14509641.068099104,18572762.577789705,19803315.018379718,24919542.3582595,116207290.55150656,194010800.34327078,837598418.6313621
Audio_partial_cavitation_motor100_base,partial_cavitation,motor_100,6987379996.238073,34856322570.26419,43744775575.42452,35304182908.90852,41671390051.87347,12619869435.388334,14970913548.741383,1993030138.926985,745284921.791998,233733385.0107601,70992309.57379638,36666700.339982204,20031310.549826246,11209438.387069248,12076597.552778535,15698739.983228413,18821236.91498239,87117963.97488758,169462926.9676831,675416308.481915
Audio_partial_cavitation_motor100_base,partial_cavitation,motor_100,13111985203.49294,51219632720.13518,76222935876.00932,64665616010.04975,58941738565.01764,20320537739.04951,20616908992.97187,3128055961.8208585,685425587.1453173,281611930.89234626,149411904.2498393,29260330.989584636,22588766.284274977,25178753.80668909,12465404.826783562,14767326.354163686,34706325.72354728,83430762.5208387,174693357.76187745,1236172655.305753
Audio_partial_cavitation_motor100_base,partial_cavitation,motor_100,8965378613.746292,23469990816.607414,48017505442.645744,50161129843.39798,29978856063.165764,11334772919.082527,16474014663.949575,1163056818.2660577,636275029.7696849,190877046.18248314,67264285.48932384,22156777.701426145,10169376.500179525,8570657.50917845,4644242.214487715,7767438.487102933,14815441.47846029,55535194.145356975,154839496.27869165,665897026.0423647
Audio_partial_cavitation_motor100_base,partial_cavitation,motor_100,12486428712.625662,36751205493.81507,108960694896.12804,104727674230.9315,64001509368.969536,17213032627.90533,29246169869.70606,2744891235.8889275,1850565821.7169154,492008678.3775467,128695413.42736067,64560294.667956345,29550636.37254237,11729113.246216588,16765602.274741407,19629794.463380605,27762441.286448147,125484188.05330904,372108596.6178171,1235829593.4039304
Audio_partial_cavitation_motor100_base,partial_cavitation,motor_100,7519295997.341238,34449263834.659744,86032820079.48955,90801637139.62155,70081988376.88898,20182389563.721996,22938145728.986176,2499598689.2626257,1299261806.5812106,467150246.96037066,141658265.7678036,48316435.53431047,33388136.785814933,20192662.706670325,16876626.340730984,20239044.27002789,35021594.07993861,111465473.54610461,264074521.5429708,992214070.6308626
Audio_partial_cavitation_motor100_base,partial_cavitation,motor_100,30702830736.999992,88882462538.65521,172222462860.8491,158903557437.3065,99072106181.22633,27812866524.3667,24808260608.531845,5449199444.622205,1532554805.1800065,698873839.0136181,206330377.47140822,57972936.62927685,34700917.700858295,30717864.05109252,19465859.13033216,24688751.1061674,53452541.064068146,162805858.24764583,295473884.55475074,1425085235.9204946
Audio_partial_cavitation_motor100_base,partial_cavitation,motor_100,23692260715.50649,80102202770.11308,68524164793.017746,104241562047.93431,57447424883.02337,24433126623.54528,19111045578.18541,2250668772.464136,1018669707.0608579,377904527.3229928,130591329.31751195,46406117.26607884,31011555.85351721,24877345.746147625,21793429.309351336,23758417.801670484,33356635.90008089,118440659.88938276,209135716.34271625,1107059933.8156848
Audio_partial_cavitation_motor100_base,partial_cavitation,motor_100,17969224243.81928,19717534786.762135,19194299294.35146,41478808527.038635,38740685122.68959,18551869279.82212,11934915983.728695,1441655167.2989974,478935766.4217727,203806571.30219904,82302596.65233468,14693640.243680438,15807978.545336923,15500201.95473363,6509491.828936937,6337233.0816882225,21540155.982507464,78618045.49358787,77585334.71998264,646121672.1091385
Audio_partial_cavitation_motor100_base,partial_cavitation,motor_100,4032623686.61881,15274834184.05531,25978741948.19952,39356617613.32537,30514856377.780956,10200747128.991814,11701131431.614338,2325237298.6503115,352376761.0384708,264425681.94694307,101530717.47881809,21271997.397761773,17936707.51235322,18250522.819913223,8476338.54982838,12117374.059140293,26453497.032687463,67615465.3810272,87536607.06209117,750329984.8292161
Audio_partial_cavitation_motor100_base,partial_cavitation,motor_100,4041095155.7990975,12322364115.148949,16382774170.339102,24313095459.976685,22241491073.027267,3629814214.491301,6126126503.430908,1526936885.6652231,350991394.3012277,177740153.13014022,44760916.92957116,16307061.590087304,9788774.384760503,7249046.350574486,5687604.088597751,7173825.402919173,11558976.24665487,50002295.685026936,82690103.82049058,296188072.0724445
Audio_partial_cavitation_motor100_base,partial_cavitation,motor_100,3324450198.543754,16705399092.167374,22350340107.33247,51633488122.93957,47077522925.97581,14964190888.257427,12460799117.011786,2799808171.0695863,398254285.305454,208477459.96641898,104176459.66310363,19453220.28679225,16168128.624089785,17965002.656679243,9784854.220653249,12542480.539576054,26445190.69837113,71600150.52359767,62396544.02860833,815353162.1729977
Audio_partial_cavitation_motor100_base,partial_cavitation,motor_100,4086127061.216052,7908813234.490168,22157482296.9644,45094461977.78085,36196338746.67074,10253774337.245655,11440387881.541014,1553470814.6456487,447025293.9955735,224375392.47897813,88917773.50531214,22979385.180262983,15111683.908694902,13065898.023691108,6490636.521285803,11426070.961887935,22085485.855792124,71772912.286392,85822669.95284615,724163790.9607244
Audio_partial_cavitation_motor100_base,partial_cavitation,motor_100,5146343659.557991,10161128992.95844,22283684272.32853,58527960954.921776,48116513201.52176,12736071180.8063,13726612958.228127,1796819541.9111857,542002145.5061326,198115323.1140142,105987514.2372761,34415566.82243336,15049795.133734886,14128867.832701968,11884464.869237563,15643776.299701283,24613652.2423884,61272830.5735243,108563494.8670237,876496294.5703737
Audio_partial_cavitation_motor100_base,partial_cavitation,motor_100,2865721252.1419663,9650947972.234455,14920619677.764143,51990921984.01916,37267791678.10951,6065719935.637581,8952075935.305738,2079921997.2840319,431532548.7849841,251546085.67877224,84376957.96207893,20307239.772971857,20616123.671708956,17489245.41262493,8406176.450859029,9990449.204352243,26985268.2221518,86554752.78885943,91169419.08673945,567280732.1485833
Audio_partial_cavitation_motor100_base,partial_cavitation,motor_100,4575988700.475523,8134741139.564395,17593415901.492638,44568975841.44544,54197136674.34922,13184369945.981619,15433124287.410751,3569649322.7198014,444050102.87978494,236171874.0775178,99141347.88014375,24560336.716450732,11066477.76751007,19149216.707673185,6763056.462769425,10522170.741058808,26259223.273076978,63344171.95255008,109179236.06757931,792878291.1655312
Audio_partial_cavitation_motor100_base,partial_cavitation,motor_100,4155057890.9377794,8714332648.772293,29113560687.365463,99818554403.37485,76498095307.24185,17821986136.295948,18981397137.843838,2542294992.831553,955021302.4786063,324712264.53240216,126778853.33864368,36943488.88492449,26311763.947144534,29545404.14618957,12757636.531142933,16489805.533897337,37751220.86729992,114269684.47474931,183632598.51084822,872292373.3953305
Audio_partial_cavitation_motor100_base,partial_cavitation,motor_100,7166264326.324687,8114948716.875034,18934360812.082733,68864481233.50772,58855738350.72484,15020059229.442665,12432125716.288637,1909935117.5381064,890701341.9422699,225995569.44836804,99038911.33567764,30746901.88985962,14794439.641630141,16544394.996803872,9370357.739691343,12379935.629270088,25315544.130355578,85235868.00525904,162689964.7900861,770228406.9874548
Audio_partial_cavitation_motor100_base,partial_cavitation,motor_100,13418408783.388094,14178004704.53718,21976551046.76015,94171267769.7033,42293374510.94854,16445604225.407324,26773832402.972534,2500818247.392929,776863444.4459641,395785999.2040633,130574437.31691702,31023740.263354365,28261936.117843118,27236962.218273472,9891662.397750448,11261130.058491256,40218301.64497473,116556792.82651226,171895799.29911685,1010496315.092651
Audio_partial_cavitation_motor100_base,partial_cavitation,motor_100,2026753122.8249075,7077121473.119551,11684729210.61396,44338067061.43101,35386962393.07086,11182034751.090052,13977186190.110376,1083754713.2989428,1053900620.4383327,267056784.4428838,56878571.65939351,46454235.524235964,21059401.788728084,10074595.674786542,13738168.448650127,15484941.834293557,17246511.527604237,109651624.01568168,209613782.45160225,478954050.1043748
Audio_partial_cavitation_motor100_base,partial_cavitation,motor_100,4526993068.612694,7445355609.628103,20208039510.637638,74214148011.15468,68957387229.65121,14607688643.69089,15894094414.817293,2020124942.8599272,688488932.6477702,306972338.0176835,91133275.96324979,32148279.250670463,19938117.623555895,19549472.36065145,11533670.999594988,15513447.695345335,28010090.5477122,106287471.56078777,147400033.50311008,561211034.5963651
Audio_partial_cavitation_motor100_base,partial_cavitation,motor_100,3600165148.9531856,7994664426.535685,19955664245.76574,80272870673.91737,74099088466.1578,21020098504.054333,19635089450.492558,2410626965.036817,975348560.595962,400186646.0265813,98718843.2460989,34121262.543691814,25000446.530056216,10693171.265752636,12552962.742981408,13510398.682796814,17087871.644826997,113276776.48254347,174531637.76440185,851844038.5263683
Audio_partial_cavitation_motor100_base,partial_cavitation,motor_100,4493097239.07188,5274442643.924009,12636466311.788244,51495373690.18637,40719112033.2639,10120760055.926874,15511066815.914392,1742271161.1317155,650690445.4349366,213563517.2111806,98288982.4107789,20015098.658410292,16272204.21725543,22668961.386493165,8039513.83098367,9597412.94998116,33909769.67492372,72908652.89693937,122518524.10618651,619104687.0207523
Audio_partial_cavitation_motor100_base,partial_cavitation,motor_100,3326459987.337788,15047429943.75023,31795874509.232956,73688634277.10686,76132413963.23723,15461702396.173428,15581194335.21986,1453997115.3443427,454604163.2682325,201279734.41828972,111132534.865833,15615789.443930972,18413886.777563963,20432623.11812033,9702626.546443896,13899755.913435893,26921929.021151744,72811906.13999654,76784749.31318504,689184443.0284877
