Timestamp,A0_Raw,A1_Raw,A2_Raw,Motor_State
2026-08-23 07:08:56.412606,6447,4934,2809,0
2026-08-23 07:08:56.412626,6389,4908,1419,0
2026-08-23 07:08:56.412646,6438,5145,2923,0
2026-08-23 07:08:56.412666,6515,5222,2948,0
2026-08-23 07:08:56.412686,6541,5324,3546,0
2026-08-23 07:08:56.412706,6435,5234,2671,0
2026-08-23 07:08:56.412726,6489,5312,2592,0
2026-08-23 07:08:56.412746,6507,5355,2943,0
2026-08-23 07:08:56.412766,6441,5348,2921,0
2026-08-23 07:08:56.412786,6522,5371,2929,0
2026-08-23 07:08:56.412806,6534,5444,3048,0
2026-08-23 07:08:56.412826,6402,5236,1675,0
2026-08-23 07:08:56.433582,6451,4829,3205,0
2026-08-23 07:08:56.433602,6407,4880,2195,0
2026-08-23 07:08:56.433622,6463,5015,2596,0
2026-08-23 07:08:56.433642,6502,5163,2713,0
2026-08-23 07:08:56.433662,6385,5055,1159,0
2026-08-23 07:08:56.433682,6428,5251,3014,0
2026-08-23 07:08:56.433702,6530,5285,2907,0
2026-08-23 07:08:56.433722,6537,5336,3316,0
2026-08-23 07:08:56.433742,6433,5300,2653,0
2026-08-23 07:08:56.433762,6497,5326,2541,0
2026-08-23 07:08:56.433782,6507,5344,2749,0
2026-08-23 07:08:56.433802,6335,5177,0,0
2026-08-23 07:08:56.433822,6434,5323,2920,0
2026-08-23 07:08:56.454530,6439,4727,2985,0
2026-08-23 07:08:56.454550,6515,4883,2951,0
2026-08-23 07:08:56.454570,6548,5053,3501,0
2026-08-23 07:08:56.454590,6444,5052,2760,0
2026-08-23 07:08:56.454610,6521,5201,2605,0
2026-08-23 07:08:56.454630,6513,5275,2867,0
2026-08-23 07:08:56.454650,6391,5183,1558,0
2026-08-23 07:08:56.454670,6408,5286,2929,0
2026-08-23 07:08:56.454690,6524,5357,2950,0
2026-08-23 07:08:56.454710,6535,5375,3536,0
2026-08-23 07:08:56.454730,6421,5304,2694,0
2026-08-23 07:08:56.454750,6492,5322,2612,0
2026-08-23 07:08:56.454770,6514,5373,3060,0
2026-08-23 07:08:56.475599,6446,4712,3016,0
2026-08-23 07:08:56.475619,6445,4843,2718,0
2026-08-23 07:08:56.475639,6496,5010,2893,0
2026-08-23 07:08:56.475659,6521,5168,3105,0
2026-08-23 07:08:56.475679,6345,5020,557,0
2026-08-23 07:08:56.475699,6408,5233,2654,0
2026-08-23 07:08:56.475719,6504,5292,2646,0
2026-08-23 07:08:56.475739,6520,5351,1634,0
2026-08-23 07:08:56.475759,6428,5292,3043,0
2026-08-23 07:08:56.475779,6510,5316,2890,0
2026-08-23 07:08:56.475799,6529,5356,3173,0
2026-08-23 07:08:56.475819,6427,5291,2358,0
2026-08-23 07:08:56.475839,6483,5301,2609,0
2026-08-23 07:08:56.496546,6436,4659,2593,0
2026-08-23 07:08:56.496566,6496,4887,2745,0
2026-08-23 07:08:56.496586,6408,4943,1862,0
2026-08-23 07:08:56.496606,6463,5095,3004,0
2026-08-23 07:08:56.496626,6519,5212,2915,0
2026-08-23 07:08:56.496646,6538,5268,3366,0
2026-08-23 07:08:56.496666,6439,5239,2693,0
2026-08-23 07:08:56.496686,6491,5304,2612,0
2026-08-23 07:08:56.496706,6508,5327,2771,0
2026-08-23 07:08:56.496726,6323,5150,0,0
2026-08-23 07:08:56.496746,6399,5368,2931,0
2026-08-23 07:08:56.496766,6508,5375,2934,0
2026-08-23 07:08:56.496786,6536,5398,3617,0
2026-08-23 07:08:56.517671,6455,4749,3438,0
2026-08-23 07:08:56.517691,6435,4880,2738,0
2026-08-23 07:08:56.517711,6493,4975,2602,0
2026-08-23 07:08:56.517731,6507,5093,2887,0
2026-08-23 07:08:56.517751,6402,5086,1657,0
2026-08-23 07:08:56.517771,6445,5229,2913,0
2026-08-23 07:08:56.517791,6516,5305,2962,0
2026-08-23 07:08:56.517811,6543,5338,3568,0
2026-08-23 07:08:56.517831,6440,5300,2652,0
2026-08-23 07:08:56.517851,6485,5294,2643,0
2026-08-23 07:08:56.517871,6500,5378,2949,0
2026-08-23 07:08:56.517891,6451,5332,3020,0
2026-08-23 07:08:56.517911,6519,5335,2889,0
2026-08-23 07:08:56.538687,6446,4706,2877,0
2026-08-23 07:08:56.538707,6523,4925,3128,0
2026-08-23 07:08:56.538727,6378,4872,1283,0
2026-08-23 07:08:56.538747,6421,5093,2635,0
2026-08-23 07:08:56.538767,6480,5194,2673,0
2026-08-23 07:08:56.538787,6298,4904,0,0
2026-08-23 07:08:56.538807,6415,5229,3059,0
2026-08-23 07:08:56.538827,6529,5300,2904,0
2026-08-23 07:08:56.538846,6537,5348,3190,0
2026-08-23 07:08:56.538867,6418,5280,2311,0
2026-08-23 07:08:56.538887,6476,5304,2651,0
2026-08-23 07:08:56.538907,6510,5352,2672,0
2026-08-23 07:08:56.538927,6368,5181,490,0
2026-08-23 07:08:56.559517,6384,4636,1336,0
2026-08-23 07:08:56.559537,6448,4886,3005,0
2026-08-23 07:08:56.559557,6522,5056,2920,0
2026-08-23 07:08:56.559577,6531,5187,3376,0
2026-08-23 07:08:56.559597,6430,5146,2703,0
2026-08-23 07:08:56.559617,6495,5218,2609,0
2026-08-23 07:08:56.559637,6518,5303,2782,0
2026-08-23 07:08:56.559657,6306,5062,0,0
2026-08-23 07:08:56.559677,6410,5323,2935,0
2026-08-23 07:08:56.559697,6509,5352,2918,0
2026-08-23 07:08:56.559717,6533,5392,3393,0
2026-08-23 07:08:56.559737,6433,5338,2639,0
2026-08-23 07:08:56.559757,6495,5351,2600,0
2026-08-23 07:08:56.578773,6434,4722,2618,0
2026-08-23 07:08:56.578793,6507,4902,2852,0
2026-08-23 07:08:56.578813,6385,4928,1353,0
2026-08-23 07:08:56.578833,6423,5141,2922,0
2026-08-23 07:08:56.578853,6527,5189,2953,0
2026-08-23 07:08:56.578873,6539,5308,3523,0
2026-08-23 07:08:56.578893,6434,5225,2661,0
2026-08-23 07:08:56.578913,6498,5263,2544,0
2026-08-23 07:08:56.578933,6512,5307,2914,0
2026-08-23 07:08:56.578953,6440,5320,2828,0
2026-08-23 07:08:56.578973,6496,5331,2916,0
2026-08-23 07:08:56.578993,6523,5365,3160,0
2026-08-23 07:08:56.597234,6444,4791,2902,0
2026-08-23 07:08:56.597254,6518,4972,3241,0
2026-08-23 07:08:56.597274,6406,4950,2126,0
2026-08-23 07:08:56.597294,6466,5077,2614,0
2026-08-23 07:08:56.597314,6503,5181,2713,0
2026-08-23 07:08:56.597334,6362,5155,1053,0
2026-08-23 07:08:56.597354,6428,5331,3036,0
2026-08-23 07:08:56.597374,6527,5309,2909,0
2026-08-23 07:08:56.597394,6533,5363,3294,0
2026-08-23 07:08:56.597414,6426,5349,2649,0
2026-08-23 07:08:56.597434,6490,5309,2620,0
2026-08-23 07:08:56.597454,6506,5328,2918,0
2026-08-23 07:08:56.615058,6429,4880,2650,0
2026-08-23 07:08:56.615078,6496,4995,2646,0
2026-08-23 07:08:56.615098,6516,5150,3110,0
2026-08-23 07:08:56.615118,6445,5204,3041,0
2026-08-23 07:08:56.615138,6522,5241,2905,0
2026-08-23 07:08:56.615158,6518,5281,3131,0
2026-08-23 07:08:56.615178,6399,5235,1764,0
2026-08-23 07:08:56.615198,6447,5327,2677,0
2026-08-23 07:08:56.615218,6507,5341,2639,0
2026-08-23 07:08:56.615238,6514,5389,3138,0
2026-08-23 07:08:56.615258,6450,5317,2911,0
2026-08-23 07:08:56.615278,6523,5328,2908,0
2026-08-23 07:08:56.632161,6423,4875,2259,0
2026-08-23 07:08:56.632181,6481,5038,2955,0
2026-08-23 07:08:56.632201,6514,5153,2942,0
2026-08-23 07:08:56.632221,6531,5255,3457,0
2026-08-23 07:08:56.632241,6434,5246,2744,0
2026-08-23 07:08:56.632261,6505,5247,2621,0
2026-08-23 07:08:56.632281,6507,5337,2835,0
2026-08-23 07:08:56.632301,6424,5194,1189,0
2026-08-23 07:08:56.632321,6426,5326,2929,0
2026-08-23 07:08:56.632341,6509,5383,2947,0
2026-08-23 07:08:56.632361,6542,5389,3627,0
2026-08-23 07:08:56.649356,6442,4849,2914,0
2026-08-23 07:08:56.649376,6526,5008,3335,0
2026-08-23 07:08:56.649396,6435,5070,2658,0
2026-08-23 07:08:56.649416,6513,5199,2627,0
2026-08-23 07:08:56.649436,6519,5218,2752,0
2026-08-23 07:08:56.649456,6285,4962,0,0
2026-08-23 07:08:56.649476,6410,5269,2930,0
2026-08-23 07:08:56.649496,6513,5336,2889,0
2026-08-23 07:08:56.649516,6536,5356,3375,0
2026-08-23 07:08:56.649536,6419,5287,2604,0
2026-08-23 07:08:56.649556,6401,5292,2575,0
2026-08-23 07:08:56.666544,6411,4785,1985,0
2026-08-23 07:08:56.666564,6448,4979,2649,0
2026-08-23 07:08:56.666584,6502,5128,2678,0
2026-08-23 07:08:56.666604,6515,5204,3194,0
2026-08-23 07:08:56.666624,6444,5248,2885,0
2026-08-23 07:08:56.666644,6517,5297,2877,0
2026-08-23 07:08:56.666664,6534,5323,3221,0
2026-08-23 07:08:56.666684,6415,5250,2108,0
2026-08-23 07:08:56.666704,6460,5328,2608,0
2026-08-23 07:08:56.666724,6497,5358,2722,0
2026-08-23 07:08:56.666744,6432,5313,2428,0
2026-08-23 07:08:56.683742,6439,4850,2649,0
2026-08-23 07:08:56.683762,6510,4986,3166,0
2026-08-23 07:08:56.683782,6442,5078,2875,0
2026-08-23 07:08:56.683802,6509,5155,2889,0
2026-08-23 07:08:56.683822,6527,5237,3179,0
2026-08-23 07:08:56.683842,6406,5225,1832,0
2026-08-23 07:08:56.683862,6454,5266,2610,0
2026-08-23 07:08:56.683882,6510,5334,2680,0
2026-08-23 07:08:56.683902,6339,5177,192,0
2026-08-23 07:08:56.683922,6428,5359,3029,0
2026-08-23 07:08:56.683942,6528,5337,2922,0
2026-08-23 07:08:56.700797,6429,4837,2350,0
2026-08-23 07:08:56.700817,6484,4972,2902,0
2026-08-23 07:08:56.700837,6520,5094,3045,0
2026-08-23 07:08:56.700857,6286,4894,0,0
2026-08-23 07:08:56.700877,6393,5212,2654,0
2026-08-23 07:08:56.700897,6490,5261,2625,0
2026-08-23 07:08:56.700917,6522,5328,3085,0
2026-08-23 07:08:56.700937,6436,5331,3049,0
2026-08-23 07:08:56.700957,6517,5313,2918,0
2026-08-23 07:08:56.700977,6528,5378,3123,0
2026-08-23 07:08:56.700997,6432,5302,2316,0
2026-08-23 07:08:56.718116,6448,4882,2926,0
2026-08-23 07:08:56.718136,6526,5013,3487,0
2026-08-23 07:08:56.718156,6425,5057,2644,0
2026-08-23 07:08:56.718176,6482,5177,2591,0
2026-08-23 07:08:56.718196,6506,5243,2879,0
2026-08-23 07:08:56.718216,6433,5227,2700,0
2026-08-23 07:08:56.718235,6500,5291,2950,0
2026-08-23 07:08:56.718256,6527,5330,2943,0
2026-08-23 07:08:56.718276,6536,5409,3513,0
2026-08-23 07:08:56.718296,6435,5344,2749,0
2026-08-23 07:08:56.718316,6510,5305,2618,0
2026-08-23 07:08:56.735865,6422,4816,2400,0
2026-08-23 07:08:56.735885,6471,4944,2598,0
2026-08-23 07:08:56.735905,6502,5079,2767,0
2026-08-23 07:08:56.735925,6411,5088,2105,0
2026-08-23 07:08:56.735945,6468,5224,2997,0
2026-08-23 07:08:56.735965,6527,5265,2955,0
2026-08-23 07:08:56.735985,6527,5334,3402,0
2026-08-23 07:08:56.736005,6434,5289,2717,0
2026-08-23 07:08:56.736025,6493,5344,2614,0
2026-08-23 07:08:56.736045,6506,5326,2825,0
2026-08-23 07:08:56.736065,6415,5280,2001,0
2026-08-23 07:08:56.756428,6442,4818,2704,0
2026-08-23 07:08:56.756448,6375,4838,1161,0
2026-08-23 07:08:56.756468,6427,5137,3015,0
2026-08-23 07:08:56.756488,6506,5201,2900,0
2026-08-23 07:08:56.756508,6528,5295,3306,0
2026-08-23 07:08:56.756528,6466,5221,2637,0
2026-08-23 07:08:56.756548,6484,5268,2632,0
2026-08-23 07:08:56.756568,6518,5332,2730,0
2026-08-23 07:08:56.756588,6301,4982,0,0
2026-08-23 07:08:56.756608,6404,5291,2952,0
2026-08-23 07:08:56.756628,6531,5317,2894,0
2026-08-23 07:08:56.756648,6524,5379,3414,0
2026-08-23 07:08:56.756668,6439,5289,2626,0
2026-08-23 07:08:56.775509,6432,4701,2726,0
2026-08-23 07:08:56.775529,6491,4873,2596,0
2026-08-23 07:08:56.775549,6511,5024,2820,0
2026-08-23 07:08:56.775569,6405,4966,835,0
2026-08-23 07:08:56.775589,6418,5211,2925,0
2026-08-23 07:08:56.775609,6576,5238,2931,0
2026-08-23 07:08:56.775629,6541,5298,3482,0
2026-08-23 07:08:56.775649,6415,5265,2656,0
2026-08-23 07:08:56.775669,6482,5294,2571,0
2026-08-23 07:08:56.775689,6502,5366,2902,0
2026-08-23 07:08:56.775709,6431,5351,2906,0
2026-08-23 07:08:56.775729,6518,5326,2900,0
2026-08-23 07:08:56.796001,6436,4746,2809,0
2026-08-23 07:08:56.796021,6510,4937,2879,0
2026-08-23 07:08:56.796041,6524,5076,3193,0
2026-08-23 07:08:56.796062,6394,5029,1751,0
2026-08-23 07:08:56.796082,6440,5168,2627,0
2026-08-23 07:08:56.796102,6493,5235,2690,0
2026-08-23 07:08:56.796122,6330,5133,128,0
2026-08-23 07:08:56.796142,6417,5345,3031,0
2026-08-23 07:08:56.796161,6520,5337,2896,0
2026-08-23 07:08:56.796181,6532,5386,3253,0
2026-08-23 07:08:56.796201,6429,5293,2510,0
2026-08-23 07:08:56.796221,6485,5317,2625,0
2026-08-23 07:08:56.796242,6501,5315,2935,0
2026-08-23 07:08:56.816205,6427,4779,2579,0
2026-08-23 07:08:56.816225,6480,4937,2889,0
2026-08-23 07:08:56.816245,6436,5063,2816,0
2026-08-23 07:08:56.816265,6505,5146,2942,0
2026-08-23 07:08:56.816285,6529,5228,2975,0
2026-08-23 07:08:56.816305,6545,5370,2906,0
2026-08-23 07:08:56.816325,6409,5226,2731,0
2026-08-23 07:08:56.816345,6542,5304,2609,0
2026-08-23 07:08:56.816365,6508,5358,2925,0
2026-08-23 07:08:56.816385,6408,5291,1996,0
2026-08-23 07:08:56.816405,6466,5331,2918,0
2026-08-23 07:08:56.816425,6516,5391,2979,0
2026-08-23 07:08:56.816445,6325,5133,0,0
2026-08-23 07:08:56.836160,6416,4661,2316,0
2026-08-23 07:08:56.836180,6481,4862,2636,0
2026-08-23 07:08:56.836200,6490,4990,2699,0
2026-08-23 07:08:56.836220,6517,5163,3238,0
2026-08-23 07:08:56.836240,6435,5191,2931,0
2026-08-23 07:08:56.836260,6512,5252,2893,0
2026-08-23 07:08:56.836280,6527,5294,3243,0
2026-08-23 07:08:56.836300,6420,5222,2205,0
2026-08-23 07:08:56.836320,6466,5321,2612,0
2026-08-23 07:08:56.836340,6588,5326,2729,0
2026-08-23 07:08:56.836360,6399,5245,1706,0
2026-08-23 07:08:56.836380,6438,5327,2980,0
2026-08-23 07:08:56.854545,6395,4690,1688,0
2026-08-23 07:08:56.854565,6442,4956,2898,0
2026-08-23 07:08:56.854585,6513,5041,2975,0
2026-08-23 07:08:56.854605,6532,5225,3639,0
2026-08-23 07:08:56.854625,6423,5197,2665,0
2026-08-23 07:08:56.854645,6495,5213,2597,0
2026-08-23 07:08:56.854666,6509,5283,2992,0
2026-08-23 07:08:56.854685,6443,5291,2997,0
2026-08-23 07:08:56.854705,6518,5354,2918,0
2026-08-23 07:08:56.854725,6525,5368,3028,0
2026-08-23 07:08:56.854745,6372,5230,1170,0
2026-08-23 07:08:56.854765,6431,5306,2612,0
2026-08-23 07:08:56.872575,6452,4892,3449,0
2026-08-23 07:08:56.872595,6429,4971,2651,0
2026-08-23 07:08:56.872615,6484,5050,2578,0
2026-08-23 07:08:56.872635,6502,5202,2899,0
2026-08-23 07:08:56.872655,6449,5192,2808,0
2026-08-23 07:08:56.872675,6508,5268,2948,0
2026-08-23 07:08:56.872695,6521,5337,3000,0
2026-08-23 07:08:56.872715,6438,5261,141,0
2026-08-23 07:08:56.872735,6415,5290,2760,0
2026-08-23 07:08:56.872755,6482,5325,2599,0
2026-08-23 07:08:56.872775,6515,5334,2967,0
2026-08-23 07:08:56.872795,6438,5323,2793,0
2026-08-23 07:08:56.891569,6430,4844,2659,0
2026-08-23 07:08:56.891589,6332,4828,111,0
2026-08-23 07:08:56.891609,6412,5096,3042,0
2026-08-23 07:08:56.891629,6529,5190,2898,0
2026-08-23 07:08:56.891649,6536,5287,3248,0
2026-08-23 07:08:56.891669,6434,5224,2512,0
2026-08-23 07:08:56.891689,6488,5312,2618,0
2026-08-23 07:08:56.891709,6509,5331,2718,0
2026-08-23 07:08:56.891729,6523,5363,3296,0
2026-08-23 07:08:56.891749,6434,5328,2928,0
2026-08-23 07:08:56.891769,6512,5372,2913,0
2026-08-23 07:08:56.891789,6537,5360,3505,0
2026-08-23 07:08:56.911631,6435,4918,2994,0
2026-08-23 07:08:56.911651,6517,5017,2968,0
2026-08-23 07:08:56.911671,6283,4828,0,0
2026-08-23 07:08:56.911691,6408,5142,2725,0
2026-08-23 07:08:56.911711,6491,5174,2623,0
2026-08-23 07:08:56.911731,6502,5280,2926,0
2026-08-23 07:08:56.911751,6418,5257,2283,0
2026-08-23 07:08:56.911771,6489,5293,2904,0
2026-08-23 07:08:56.911791,6519,5344,3010,0
2026-08-23 07:08:56.911811,6342,5018,0,0
2026-08-23 07:08:56.911831,6403,5254,2658,0
2026-08-23 07:08:56.911851,6487,5274,2627,0
2026-08-23 07:08:56.911871,6220,5022,0,0
2026-08-23 07:08:56.930171,6444,4703,2889,0
2026-08-23 07:08:56.930191,6377,4767,1259,0
2026-08-23 07:08:56.930211,6434,5030,2928,0
2026-08-23 07:08:56.930231,6504,5145,2627,0
2026-08-23 07:08:56.930251,6528,5243,3522,0
2026-08-23 07:08:56.930271,6420,5218,2670,0
2026-08-23 07:08:56.930291,6493,5244,2578,0
2026-08-23 07:08:56.930311,6478,5290,2918,0
2026-08-23 07:08:56.930331,6442,5337,2888,0
2026-08-23 07:08:56.930351,6515,5349,2920,0
2026-08-23 07:08:56.930371,6531,5377,3005,0
2026-08-23 07:08:56.930391,6392,5195,1293,0
2026-08-23 07:08:56.949656,6447,4793,3166,0
2026-08-23 07:08:56.949677,6412,4874,2075,0
2026-08-23 07:08:56.949697,6450,5023,2598,0
2026-08-23 07:08:56.949717,6491,5104,2703,0
2026-08-23 07:08:56.949737,6359,5026,704,0
2026-08-23 07:08:56.949757,6412,5237,3032,0
2026-08-23 07:08:56.949777,6522,5331,2895,0
2026-08-23 07:08:56.949796,6526,5340,3284,0
2026-08-23 07:08:56.949816,6424,5328,2598,0
2026-08-23 07:08:56.949836,6490,5319,2609,0
2026-08-23 07:08:56.949857,6490,5357,2755,0
2026-08-23 07:08:56.949877,6371,5228,984,0
2026-08-23 07:08:56.971333,6446,4785,2961,0
2026-08-23 07:08:56.971353,6389,4958,2994,0
2026-08-23 07:08:56.971373,6510,5040,2914,0
2026-08-23 07:08:56.971393,6526,5150,2864,0
2026-08-23 07:08:56.971413,6337,4998,158,0
2026-08-23 07:08:56.971433,6388,5245,2678,0
2026-08-23 07:08:56.971453,6488,5304,2627,0
2026-08-23 07:08:56.971473,6503,5368,3016,0
2026-08-23 07:08:56.971493,6429,5279,2632,0
2026-08-23 07:08:56.971513,6472,5361,2890,0
2026-08-23 07:08:56.971533,6522,5387,3089,0
2026-08-23 07:08:56.971553,6343,5186,70,0
2026-08-23 07:08:56.971573,6406,5353,2634,0
2026-08-23 07:08:56.971593,6486,5315,2782,0
2026-08-23 07:08:56.993031,6433,4750,2615,0
2026-08-23 07:08:56.993051,6496,4917,3007,0
2026-08-23 07:08:56.993071,6417,4993,2641,0
2026-08-23 07:08:56.993091,6495,5104,2880,0
2026-08-23 07:08:56.993111,6529,5265,3048,0
2026-08-23 07:08:56.993131,6319,5025,1,0
2026-08-23 07:08:56.993151,6394,5278,2662,0
2026-08-23 07:08:56.993171,6490,5291,2630,0
2026-08-23 07:08:56.993191,6513,5377,3112,0
2026-08-23 07:08:56.993211,6443,5334,3061,0
2026-08-23 07:08:56.993231,6526,5341,2911,0
2026-08-23 07:08:56.993251,6529,5406,3134,0
2026-08-23 07:08:56.993271,6408,5326,2213,0
2026-08-23 07:08:56.993291,6467,5304,2624,0
2026-08-23 07:08:57.013597,6422,4709,2661,0
2026-08-23 07:08:57.013617,6492,4906,2621,0
2026-08-23 07:08:57.013637,6503,5023,3098,0
2026-08-23 07:08:57.013657,6456,5096,3034,0
2026-08-23 07:08:57.013677,6520,5195,2875,0
2026-08-23 07:08:57.013697,6519,5257,3100,0
2026-08-23 07:08:57.013717,6392,5204,1487,0
2026-08-23 07:08:57.013737,6422,5273,2681,0
2026-08-23 07:08:57.013757,6497,5303,2627,0
2026-08-23 07:08:57.013777,6502,5353,3100,0
2026-08-23 07:08:57.013797,6431,5350,2795,0
2026-08-23 07:08:57.013817,6518,5337,2872,0
2026-08-23 07:08:57.013837,6506,5317,3788,0
2026-08-23 07:08:57.033961,6444,4795,3000,0
2026-08-23 07:08:57.033981,6385,4803,1188,0
2026-08-23 07:08:57.034001,6422,5039,2684,0
2026-08-23 07:08:57.034021,6501,5094,2638,0
2026-08-23 07:08:57.034041,6512,5202,3086,0
2026-08-23 07:08:57.034061,6433,5223,2793,0
2026-08-23 07:08:57.034081,6516,5303,2906,0
2026-08-23 07:08:57.034101,6521,5351,3120,0
2026-08-23 07:08:57.034121,6369,5208,1121,0
2026-08-23 07:08:57.034141,6413,5343,2630,0
2026-08-23 07:08:57.034161,6492,5330,2658,0
2026-08-23 07:08:57.034181,6342,5152,186,0
2026-08-23 07:08:57.034201,6426,5352,2968,0
2026-08-23 07:08:57.054033,6341,4690,0,0
2026-08-23 07:08:57.054053,6413,4938,2960,0
2026-08-23 07:08:57.054073,6509,5066,2672,0
2026-08-23 07:08:57.054093,6524,5220,3342,0
2026-08-23 07:08:57.054113,6422,5162,2504,0
2026-08-23 07:08:57.054133,6490,5256,2603,0
2026-08-23 07:08:57.054153,6500,5275,2777,0
2026-08-23 07:08:57.054173,6414,5276,2128,0
2026-08-23 07:08:57.054193,6481,5358,2984,0
2026-08-23 07:08:57.054213,6520,5375,2925,0
2026-08-23 07:08:57.054233,6536,5425,3403,0
2026-08-23 07:08:57.054253,6429,5361,2732,0
2026-08-23 07:08:57.054273,6497,5301,2692,0
2026-08-23 07:08:57.072715,6429,4774,2618,0
2026-08-23 07:08:57.072735,6488,4909,2646,0
2026-08-23 07:08:57.072755,6406,4929,0,0
2026-08-23 07:08:57.072775,6416,5167,3053,0
2026-08-23 07:08:57.072795,6509,5194,2904,0
2026-08-23 07:08:57.072815,6523,5301,3187,0
2026-08-23 07:08:57.072835,6406,5227,2068,0
2026-08-23 07:08:57.072855,6453,5326,2668,0
2026-08-23 07:08:57.072875,6444,5292,2666,0
2026-08-23 07:08:57.072895,6510,5371,3183,0
2026-08-23 07:08:57.072915,6431,5353,2886,0
2026-08-23 07:08:57.072935,6514,5272,3054,0
2026-08-23 07:08:57.093728,6447,4821,3054,0
2026-08-23 07:08:57.093748,6526,5018,2851,0
2026-08-23 07:08:57.093768,6525,5095,3158,0
2026-08-23 07:08:57.093788,6399,5085,1950,0
2026-08-23 07:08:57.093808,6436,5189,2670,0
2026-08-23 07:08:57.093828,6489,5264,2655,0
2026-08-23 07:08:57.093848,6515,5338,3154,0
2026-08-23 07:08:57.093868,6433,5280,2850,0
2026-08-23 07:08:57.093888,6509,5338,2875,0
2026-08-23 07:08:57.093908,6523,5384,3182,0
2026-08-23 07:08:57.093928,6386,5245,1560,0
2026-08-23 07:08:57.093948,6435,5347,2601,0
2026-08-23 07:08:57.093968,6502,5320,2760,0
2026-08-23 07:08:57.114533,6436,4689,2735,0
2026-08-23 07:08:57.114553,6294,4652,0,0
2026-08-23 07:08:57.114573,6411,4984,2935,0
2026-08-23 07:08:57.114593,6515,5149,2906,0
2026-08-23 07:08:57.114613,6534,5240,3392,0
2026-08-23 07:08:57.114633,6427,5223,2590,0
2026-08-23 07:08:57.114653,6483,5271,2596,0
2026-08-23 07:08:57.114673,6497,5278,2824,0
2026-08-23 07:08:57.114693,6424,5266,2423,0
2026-08-23 07:08:57.114713,6491,5357,2973,0
2026-08-23 07:08:57.114733,6518,5340,2936,0
2026-08-23 07:08:57.114753,6538,5382,3499,0
2026-08-23 07:08:57.114773,6435,5311,2719,0
2026-08-23 07:08:57.135551,6431,4710,2649,0
2026-08-23 07:08:57.135571,6489,4845,2581,0
2026-08-23 07:08:57.135592,6508,5039,2919,0
2026-08-23 07:08:57.135612,6430,5134,2884,0
2026-08-23 07:08:57.135632,6510,5213,2937,0
2026-08-23 07:08:57.135652,6521,5285,2996,0
2026-08-23 07:08:57.135672,6321,4909,0,0
2026-08-23 07:08:57.135692,6415,5225,2713,0
2026-08-23 07:08:57.135711,6495,5258,2603,0
2026-08-23 07:08:57.135731,6511,5323,2953,0
2026-08-23 07:08:57.135751,6415,5276,2231,0
2026-08-23 07:08:57.135772,6487,5346,2843,0
2026-08-23 07:08:57.135792,6514,5362,3183,0
2026-08-23 07:08:57.156669,6431,4723,3086,0
2026-08-23 07:08:57.156689,6388,4758,1617,0
2026-08-23 07:08:57.156709,6439,4975,2694,0
2026-08-23 07:08:57.156729,6499,5131,2641,0
2026-08-23 07:08:57.156749,6515,5214,3105,0
2026-08-23 07:08:57.156769,6435,5237,2816,0
2026-08-23 07:08:57.156789,6505,5298,2886,0
2026-08-23 07:08:57.156809,6530,5312,3117,0
2026-08-23 07:08:57.156829,6361,5196,1152,0
2026-08-23 07:08:57.156849,6415,5332,2622,0
2026-08-23 07:08:57.156869,6494,5324,2661,0
2026-08-23 07:08:57.156889,6324,5158,0,0
2026-08-23 07:08:57.156909,6422,5351,3021,0
2026-08-23 07:08:57.177674,6438,4714,2881,0
2026-08-23 07:08:57.177694,6509,4897,2896,0
2026-08-23 07:08:57.177714,6527,5077,3235,0
2026-08-23 07:08:57.177734,6401,5019,2130,0
2026-08-23 07:08:57.177754,6472,5167,2600,0
2026-08-23 07:08:57.177774,6495,5259,2721,0
2026-08-23 07:08:57.177794,6362,5164,902,0
2026-08-23 07:08:57.177814,6424,5307,3044,0
2026-08-23 07:08:57.177834,6526,5330,2911,0
2026-08-23 07:08:57.177854,6534,5367,3279,0
2026-08-23 07:08:57.177874,6430,5337,2587,0
2026-08-23 07:08:57.177894,6487,5351,2608,0
2026-08-23 07:08:57.177914,6509,5364,2810,0
2026-08-23 07:08:57.198599,6437,4721,2842,0
2026-08-23 07:08:57.198619,6409,4839,2696,0
2026-08-23 07:08:57.198639,6500,4991,2945,0
2026-08-23 07:08:57.198659,6509,5142,2968,0
2026-08-23 07:08:57.198679,6535,5215,3526,0
2026-08-23 07:08:57.198699,6437,5231,2747,0
2026-08-23 07:08:57.198719,6499,5235,2607,0
2026-08-23 07:08:57.198739,6509,5322,2836,0
2026-08-23 07:08:57.198759,6406,5246,1942,0
2026-08-23 07:08:57.198779,6459,5315,2911,0
2026-08-23 07:08:57.198799,6517,5376,2977,0
2026-08-23 07:08:57.198819,6299,4977,0,0
2026-08-23 07:08:57.198839,6373,5239,2631,0
2026-08-23 07:08:57.219536,6434,4649,2724,0
2026-08-23 07:08:57.219556,6496,4868,2626,0
2026-08-23 07:08:57.219576,6508,5003,3017,0
2026-08-23 07:08:57.219596,6434,5045,2650,0
2026-08-23 07:08:57.219616,6500,5176,2890,0
2026-08-23 07:08:57.219636,6520,5246,3082,0
2026-08-23 07:08:57.219656,6335,5077,110,0
2026-08-23 07:08:57.219676,6402,5278,2647,0
2026-08-23 07:08:57.219696,6488,5327,2638,0
2026-08-23 07:08:57.219716,6505,5352,3129,0
2026-08-23 07:08:57.219736,6436,5367,3027,0
2026-08-23 07:08:57.219756,6509,5371,2892,0
2026-08-23 07:08:57.219776,6529,5363,3349,0
2026-08-23 07:08:57.240514,6450,4750,3208,0
2026-08-23 07:08:57.240534,6376,4785,2198,0
2026-08-23 07:08:57.240554,6461,4992,2596,0
2026-08-23 07:08:57.240574,6504,5086,2720,0
2026-08-23 07:08:57.240594,6373,5034,1130,0
2026-08-23 07:08:57.240614,6425,5242,3016,0
2026-08-23 07:08:57.240634,6524,5321,2899,0
2026-08-23 07:08:57.240654,6532,5365,3323,0
2026-08-23 07:08:57.240674,6433,5286,2646,0
2026-08-23 07:08:57.240694,6485,5337,2618,0
2026-08-23 07:08:57.240714,6503,5337,2738,0
2026-08-23 07:08:57.240734,6302,5142,0,0
2026-08-23 07:08:57.240754,6416,5366,2913,0
2026-08-23 07:08:57.261550,6427,4719,3007,0
2026-08-23 07:08:57.261570,6530,4886,2940,0
2026-08-23 07:08:57.261590,6536,5046,3397,0
2026-08-23 07:08:57.261610,6432,5092,2731,0
2026-08-23 07:08:57.261630,6491,5161,2835,0
2026-08-23 07:08:57.261650,6507,5261,2796,0
2026-08-23 07:08:57.261670,6327,5077,146,0
2026-08-23 07:08:57.261690,6415,5302,2952,0
2026-08-23 07:08:57.261710,6518,5349,2944,0
2026-08-23 07:08:57.261730,6536,5407,3433,0
2026-08-23 07:08:57.261750,6423,5337,2619,0
2026-08-23 07:08:57.261770,6489,5348,2586,0
2026-08-23 07:08:57.261790,6541,5330,2955,0
2026-08-23 07:08:57.282300,6436,4694,2816,0
2026-08-23 07:08:57.282320,6389,4764,1461,0
2026-08-23 07:08:57.282341,6434,5052,2936,0
2026-08-23 07:08:57.282361,6581,5105,2969,0
2026-08-23 07:08:57.282381,6535,5275,3555,0
2026-08-23 07:08:57.282401,6429,5216,2665,0
2026-08-23 07:08:57.282421,6479,5275,2584,0
2026-08-23 07:08:57.282441,6512,5291,2928,0
2026-08-23 07:08:57.282460,6437,5330,2867,0
2026-08-23 07:08:57.282480,6512,5375,2937,0
2026-08-23 07:08:57.282501,6526,5381,3008,0
2026-08-23 07:08:57.282521,6286,5104,0,0
2026-08-23 07:08:57.282541,6405,5318,2680,0
2026-08-23 07:08:57.302491,6429,4679,2657,0
2026-08-23 07:08:57.302511,6492,4853,2604,0
2026-08-23 07:08:57.302531,6501,5040,2969,0
2026-08-23 07:08:57.302551,6436,5136,3009,0
2026-08-23 07:08:57.302571,6543,5228,2921,0
2026-08-23 07:08:57.302591,6529,5276,3038,0
2026-08-23 07:08:57.302611,6320,5053,28,0
2026-08-23 07:08:57.302631,6407,5300,2702,0
2026-08-23 07:08:57.302651,6498,5344,2610,0
2026-08-23 07:08:57.302671,6508,5358,2976,0
2026-08-23 07:08:57.302691,6427,5338,2543,0
2026-08-23 07:08:57.302711,6494,5387,2884,0
2026-08-23 07:08:57.302731,6526,5336,3348,0
2026-08-23 07:08:57.322835,6443,4837,2904,0
2026-08-23 07:08:57.322855,6515,4947,3263,0
2026-08-23 07:08:57.322875,6422,5037,2572,0
2026-08-23 07:08:57.322896,6485,5102,2619,0
2026-08-23 07:08:57.322916,6501,5230,2708,0
2026-08-23 07:08:57.322936,6515,5281,3284,0
2026-08-23 07:08:57.322956,6428,5307,2949,0
2026-08-23 07:08:57.322976,6504,5296,2887,0
2026-08-23 07:08:57.322995,6534,5355,3308,0
2026-08-23 07:08:57.323015,6421,5296,2398,0
2026-08-23 07:08:57.323035,6479,5351,2589,0
2026-08-23 07:08:57.323056,6507,5385,2768,0
2026-08-23 07:08:57.323076,6432,5350,2719,0
2026-08-23 07:08:57.343036,6428,4677,2810,0
2026-08-23 07:08:57.343056,6494,4840,2878,0
2026-08-23 07:08:57.343076,6523,5003,3165,0
2026-08-23 07:08:57.343096,6379,5000,1601,0
2026-08-23 07:08:57.343117,6461,5145,2607,0
2026-08-23 07:08:57.343137,6501,5244,2701,0
2026-08-23 07:08:57.343157,6319,5053,0,0
2026-08-23 07:08:57.343176,6412,5316,3057,0
2026-08-23 07:08:57.343196,6508,5312,2901,0
2026-08-23 07:08:57.343216,6523,5365,3231,0
2026-08-23 07:08:57.343236,6438,5323,2622,0
2026-08-23 07:08:57.343256,6493,5298,2611,0
2026-08-23 07:08:57.364188,6428,4775,2551,0
2026-08-23 07:08:57.364208,6483,4899,2591,0
2026-08-23 07:08:57.364228,6502,5076,2831,0
2026-08-23 07:08:57.364249,6431,5146,2597,0
2026-08-23 07:08:57.364269,6440,5206,2972,0
2026-08-23 07:08:57.364289,6524,5253,2955,0
2026-08-23 07:08:57.364309,6533,5368,3471,0
2026-08-23 07:08:57.364329,6427,5310,2746,0
2026-08-23 07:08:57.364348,6498,5336,2624,0
2026-08-23 07:08:57.364368,6514,5316,2840,0
2026-08-23 07:08:57.364388,6374,5251,1418,0
2026-08-23 07:08:57.364408,6432,5350,2914,0
2026-08-23 07:08:57.364429,6518,5376,3048,0
2026-08-23 07:08:57.383276,6431,4725,3023,0
2026-08-23 07:08:57.383296,6343,4698,424,0
2026-08-23 07:08:57.383316,6407,4955,2701,0
2026-08-23 07:08:57.383336,6488,5108,2617,0
2026-08-23 07:08:57.383356,6503,5224,3048,0
2026-08-23 07:08:57.383376,6425,5189,2711,0
2026-08-23 07:08:57.383396,6499,5263,2890,0
2026-08-23 07:08:57.383416,6531,5308,3097,0
2026-08-23 07:08:57.383436,6344,5169,578,0
2026-08-23 07:08:57.383456,6393,5345,2632,0
2026-08-23 07:08:57.383476,6496,5343,2661,0
2026-08-23 07:08:57.383496,6373,5185,841,0
2026-08-23 07:08:57.404277,6434,4810,2762,0
2026-08-23 07:08:57.404297,6332,4765,153,0
2026-08-23 07:08:57.404317,6415,5059,2934,0
2026-08-23 07:08:57.404337,6510,5182,2931,0
2026-08-23 07:08:57.404357,6531,5243,3430,0
2026-08-23 07:08:57.404377,6435,5208,2613,0
2026-08-23 07:08:57.404397,6484,5249,2584,0
2026-08-23 07:08:57.404417,6501,5302,2838,0
2026-08-23 07:08:57.404437,6434,5298,2617,0
2026-08-23 07:08:57.404457,6497,5353,2975,0
2026-08-23 07:08:57.404477,6532,5389,2959,0
2026-08-23 07:08:57.404497,6547,5442,2919,0
2026-08-23 07:08:57.404517,6426,5282,2695,0
2026-08-23 07:08:57.425073,6427,4700,2662,0
2026-08-23 07:08:57.425093,6483,4890,2592,0
2026-08-23 07:08:57.425113,6444,5014,2945,0
2026-08-23 07:08:57.425133,6439,5098,2963,0
2026-08-23 07:08:57.425153,6518,5196,2914,0
2026-08-23 07:08:57.425173,6520,5270,3016,0
2026-08-23 07:08:57.425193,6301,5007,0,0
2026-08-23 07:08:57.425213,6480,5296,2718,0
2026-08-23 07:08:57.425233,6495,5288,2619,0
2026-08-23 07:08:57.425253,6501,5353,2976,0
2026-08-23 07:08:57.425273,6425,5290,2383,0
2026-08-23 07:08:57.425293,6485,5341,2896,0
2026-08-23 07:08:57.425313,6527,5371,3208,0
2026-08-23 07:08:57.443821,6443,4743,3101,0
2026-08-23 07:08:57.443841,6398,4824,1914,0
2026-08-23 07:08:57.443861,6445,5017,2681,0
2026-08-23 07:08:57.443882,6497,5138,2643,0
2026-08-23 07:08:57.443902,6504,5236,3158,0
2026-08-23 07:08:57.443922,6434,5224,2851,0
2026-08-23 07:08:57.443942,6514,5294,2885,0
2026-08-23 07:08:57.443961,6521,5348,3169,0
2026-08-23 07:08:57.443981,6386,5238,1660,0
2026-08-23 07:08:57.444001,6440,5337,2626,0
2026-08-23 07:08:57.444021,6484,5350,2724,0
2026-08-23 07:08:57.444041,6441,5282,2873,0
2026-08-23 07:08:57.464516,6432,4881,2631,0
2026-08-23 07:08:57.464536,6468,5003,3003,0
2026-08-23 07:08:57.464556,6424,5090,2636,0
2026-08-23 07:08:57.464576,6496,5208,2882,0
2026-08-23 07:08:57.464597,6530,5270,3085,0
2026-08-23 07:08:57.464617,6329,5045,205,0
2026-08-23 07:08:57.464637,6401,5266,2641,0
2026-08-23 07:08:57.464657,6479,5328,2623,0
2026-08-23 07:08:57.464676,6509,5357,3144,0
2026-08-23 07:08:57.464696,6449,5343,3151,0
2026-08-23 07:08:57.464716,6513,5382,2914,0
2026-08-23 07:08:57.464736,6526,5400,3148,0
2026-08-23 07:08:57.464756,6423,5290,2440,0
2026-08-23 07:08:57.485378,6365,4550,1040,0
2026-08-23 07:08:57.485398,6419,4904,2630,0
2026-08-23 07:08:57.485418,6487,5005,2663,0
2026-08-23 07:08:57.485438,6299,4892,0,0
2026-08-23 07:08:57.485458,6417,5221,3042,0
2026-08-23 07:08:57.485478,6513,5266,2901,0
2026-08-23 07:08:57.485498,6525,5296,3198,0
2026-08-23 07:08:57.485518,6415,5239,2440,0
2026-08-23 07:08:57.485538,6468,5296,2625,0
2026-08-23 07:08:57.485558,6509,5323,2667,0
2026-08-23 07:08:57.485578,6512,5416,3268,0
2026-08-23 07:08:57.485598,6440,5365,2936,0
2026-08-23 07:08:57.485618,6516,5338,2914,0
2026-08-23 07:08:57.506319,6439,4700,2914,0
2026-08-23 07:08:57.506339,6528,4936,3362,0
2026-08-23 07:08:57.506359,6432,5014,2708,0
2026-08-23 07:08:57.506379,6495,5074,2625,0
2026-08-23 07:08:57.506399,6506,5211,2772,0
2026-08-23 07:08:57.506419,6317,5004,0,0
2026-08-23 07:08:57.506439,6412,5265,2973,0
2026-08-23 07:08:57.506459,6512,5333,2906,0
2026-08-23 07:08:57.506479,6536,5386,3436,0
2026-08-23 07:08:57.506499,6434,5289,2603,0
2026-08-23 07:08:57.506519,6497,5319,2589,0
2026-08-23 07:08:57.506539,6508,5334,2903,0
2026-08-23 07:08:57.506559,6445,5354,3030,0
2026-08-23 07:08:57.527374,6398,4624,1777,0
2026-08-23 07:08:57.527394,6447,4887,2909,0
2026-08-23 07:08:57.527414,6514,5014,2984,0
2026-08-23 07:08:57.527434,6543,5198,3217,0
2026-08-23 07:08:57.527454,6429,5137,2654,0
2026-08-23 07:08:57.527474,6494,5218,2598,0
2026-08-23 07:08:57.527494,6511,5277,2985,0
2026-08-23 07:08:57.527514,6434,5293,2996,0
2026-08-23 07:08:57.527534,6517,5351,2895,0
2026-08-23 07:08:57.527554,6522,5370,3037,0
2026-08-23 07:08:57.527574,6328,5143,154,0
2026-08-23 07:08:57.527594,6404,5326,2708,0
2026-08-23 07:08:57.527614,6494,5340,2663,0
2026-08-23 07:08:57.548373,6432,4698,2602,0
2026-08-23 07:08:57.548393,6504,4932,3098,0
2026-08-23 07:08:57.548413,6433,5001,3056,0
2026-08-23 07:08:57.548433,6524,5129,2899,0
2026-08-23 07:08:57.548453,6518,5199,3141,0
2026-08-23 07:08:57.548473,6401,5145,1754,0
2026-08-23 07:08:57.548493,6442,5291,2669,0
2026-08-23 07:08:57.548513,6495,5288,2645,0
2026-08-23 07:08:57.548533,6519,5343,3127,0
2026-08-23 07:08:57.548553,6439,5298,2831,0
2026-08-23 07:08:57.548573,6480,5341,2906,0
2026-08-23 07:08:57.548593,6517,5397,3196,0
2026-08-23 07:08:57.548613,6427,5274,2362,0
2026-08-23 07:08:57.569359,6427,4698,2538,0
2026-08-23 07:08:57.569379,6487,4853,2625,0
2026-08-23 07:08:57.569399,6491,5017,2769,0
2026-08-23 07:08:57.569419,6285,4801,0,0
2026-08-23 07:08:57.569439,6402,5144,2938,0
2026-08-23 07:08:57.569459,6509,5244,2897,0
2026-08-23 07:08:57.569479,6527,5322,3369,0
2026-08-23 07:08:57.569499,6428,5236,2542,0
2026-08-23 07:08:57.569519,6483,5314,2605,0
2026-08-23 07:08:57.569539,6507,5322,2810,0
2026-08-23 07:08:57.569559,6416,5332,2391,0
2026-08-23 07:08:57.569579,6530,5372,2966,0
2026-08-23 07:08:57.569599,6524,5338,3009,0
2026-08-23 07:08:57.590168,6443,4718,2953,0
2026-08-23 07:08:57.590189,6525,4949,3513,0
2026-08-23 07:08:57.590209,6426,4995,2644,0
2026-08-23 07:08:57.590229,6486,5059,2606,0
2026-08-23 07:08:57.590249,6507,5213,2868,0
2026-08-23 07:08:57.590269,6440,5208,2844,0
2026-08-23 07:08:57.590289,6526,5292,2947,0
2026-08-23 07:08:57.590309,6515,5293,2979,0
2026-08-23 07:08:57.590328,6410,5060,0,0
2026-08-23 07:08:57.590348,6403,5298,2722,0
2026-08-23 07:08:57.590369,6490,5323,2612,0
2026-08-23 07:08:57.590389,6504,5356,2983,0
2026-08-23 07:08:57.590409,6430,5292,2775,0
2026-08-23 07:08:57.610601,6417,4689,3001,0
2026-08-23 07:08:57.610621,6514,4925,2897,0
2026-08-23 07:08:57.610641,6524,5011,3052,0
2026-08-23 07:08:57.610661,6357,4953,772,0
2026-08-23 07:08:57.610681,6402,5190,2706,0
2026-08-23 07:08:57.610701,6495,5206,2625,0
2026-08-23 07:08:57.610721,6502,5314,3017,0
2026-08-23 07:08:57.610741,6419,5261,2690,0
2026-08-23 07:08:57.610761,6501,5313,2889,0
2026-08-23 07:08:57.610781,6526,5342,3089,0
2026-08-23 07:08:57.610801,6332,5183,413,0
2026-08-23 07:08:57.610821,6409,5343,2619,0
2026-08-23 07:08:57.610841,6497,5332,2848,0
2026-08-23 07:08:57.631681,6440,4785,2609,0
2026-08-23 07:08:57.631701,6500,4927,2886,0
2026-08-23 07:08:57.631721,6409,4977,1912,0
2026-08-23 07:08:57.631741,6460,5169,2904,0
2026-08-23 07:08:57.631761,6507,5240,2991,0
2026-08-23 07:08:57.631781,6544,5296,3619,0
2026-08-23 07:08:57.631801,6424,5270,2674,0
2026-08-23 07:08:57.631821,6485,5263,2590,0
2026-08-23 07:08:57.631841,6504,5357,3003,0
2026-08-23 07:08:57.631861,6433,5343,2994,0
2026-08-23 07:08:57.631881,6515,5365,2919,0
2026-08-23 07:08:57.631901,6530,5383,3089,0
2026-08-23 07:08:57.631921,6414,5257,2213,0
2026-08-23 07:08:57.652669,6353,4527,895,0
2026-08-23 07:08:57.652689,6416,4869,2623,0
2026-08-23 07:08:57.652709,6485,5002,2677,0
2026-08-23 07:08:57.652730,6304,4851,0,0
2026-08-23 07:08:57.652750,6399,5206,3045,0
2026-08-23 07:08:57.652770,6516,5225,2889,0
2026-08-23 07:08:57.652790,6525,5290,3236,0
2026-08-23 07:08:57.652810,6439,5255,2451,0
2026-08-23 07:08:57.652829,6478,5328,2631,0
2026-08-23 07:08:57.652849,6503,5321,2692,0
2026-08-23 07:08:57.652869,6517,5375,3267,0
2026-08-23 07:08:57.652889,6439,5330,2945,0
2026-08-23 07:08:57.652910,6508,5331,2934,0
2026-08-23 07:08:57.673624,6440,4731,2891,0
2026-08-23 07:08:57.673644,6515,4892,3330,0
2026-08-23 07:08:57.673664,6430,4994,2639,0
2026-08-23 07:08:57.673684,6487,5101,2622,0
2026-08-23 07:08:57.673704,6514,5166,2737,0
2026-08-23 07:08:57.673724,6291,4935,0,0
2026-08-23 07:08:57.673744,6397,5266,2936,0
2026-08-23 07:08:57.673764,6507,5288,2910,0
2026-08-23 07:08:57.673784,6524,5358,3365,0
2026-08-23 07:08:57.673804,6422,5268,2526,0
2026-08-23 07:08:57.673824,6480,5323,2645,0
2026-08-23 07:08:57.673844,6498,5380,2853,0
2026-08-23 07:08:57.673864,6434,5324,2889,0
2026-08-23 07:08:57.694653,6324,4527,0,0
2026-08-23 07:08:57.694673,6404,4902,2900,0
2026-08-23 07:08:57.694693,6494,4995,2926,0
2026-08-23 07:08:57.694713,6523,5160,3527,0
2026-08-23 07:08:57.694733,6414,5148,2643,0
2026-08-23 07:08:57.694753,6491,5231,2597,0
2026-08-23 07:08:57.694773,6493,5323,2874,0
2026-08-23 07:08:57.694793,6433,5305,2749,0
2026-08-23 07:08:57.694813,6506,5339,2958,0
2026-08-23 07:08:57.694833,6510,5337,2976,0
2026-08-23 07:08:57.694853,6534,5428,3540,0
2026-08-23 07:08:57.694873,6429,5342,2739,0
2026-08-23 07:08:57.694893,6503,5332,2632,0
2026-08-23 07:08:57.715494,6430,4723,2601,0
2026-08-23 07:08:57.715514,6498,4914,2980,0
2026-08-23 07:08:57.715534,6445,4991,2985,0
2026-08-23 07:08:57.715554,6515,5088,2911,0
2026-08-23 07:08:57.715574,6523,5185,3039,0
2026-08-23 07:08:57.715594,6313,5028,5,0
2026-08-23 07:08:57.715614,6403,5257,2675,0
2026-08-23 07:08:57.715634,6489,5281,2620,0
2026-08-23 07:08:57.715654,6491,5333,3008,0
2026-08-23 07:08:57.715674,6419,5337,2618,0
2026-08-23 07:08:57.715694,6487,5367,2887,0
2026-08-23 07:08:57.715714,6537,5362,3109,0
2026-08-23 07:08:57.715734,6403,5243,1970,0
2026-08-23 07:08:57.736359,6386,4653,1572,0
2026-08-23 07:08:57.736379,6416,4862,2665,0
2026-08-23 07:08:57.736399,6500,5001,2632,0
2026-08-23 07:08:57.736419,6510,5133,3165,0
2026-08-23 07:08:57.736439,6430,5150,2850,0
2026-08-23 07:08:57.736459,6504,5261,2880,0
2026-08-23 07:08:57.736480,6522,5287,3174,0
2026-08-23 07:08:57.736500,6398,5194,1769,0
2026-08-23 07:08:57.736519,6444,5320,2614,0
2026-08-23 07:08:57.736539,6494,5336,2683,0
2026-08-23 07:08:57.736559,6331,5170,120,0
2026-08-23 07:08:57.736579,6408,5377,3018,0
2026-08-23 07:08:57.736599,6532,5410,2919,0
2026-08-23 07:08:57.757525,6433,4755,2894,0
2026-08-23 07:08:57.757545,6530,4911,3293,0
2026-08-23 07:08:57.757565,6421,4978,2378,0
2026-08-23 07:08:57.757585,6463,5101,2583,0
2026-08-23 07:08:57.757605,6496,5222,2767,0
2026-08-23 07:08:57.757625,6400,5148,1765,0
2026-08-23 07:08:57.757645,6455,5281,3027,0
2026-08-23 07:08:57.757665,6521,5307,2909,0
2026-08-23 07:08:57.757685,6541,5384,3367,0
2026-08-23 07:08:57.757705,6427,5286,2715,0
2026-08-23 07:08:57.757725,6496,5331,2602,0
2026-08-23 07:08:57.757745,6506,5321,2818,0
2026-08-23 07:08:57.757765,6412,5270,1859,0
2026-08-23 07:08:57.778441,6442,4703,2788,0
2026-08-23 07:08:57.778461,6495,4861,2939,0
2026-08-23 07:08:57.778481,6522,5001,2997,0
2026-08-23 07:08:57.778501,6294,4820,0,0
2026-08-23 07:08:57.778521,6395,5157,2728,0
2026-08-23 07:08:57.778541,6497,5199,2604,0
2026-08-23 07:08:57.778561,6496,5238,2959,0
2026-08-23 07:08:57.778581,6411,5222,2426,0
2026-08-23 07:08:57.778601,6495,5318,2897,0
2026-08-23 07:08:57.778621,6515,5329,3045,0
2026-08-23 07:08:57.778641,6295,5089,0,0
2026-08-23 07:08:57.778661,6405,5284,2636,0
2026-08-23 07:08:57.778681,6486,5299,2708,0
2026-08-23 07:08:57.799305,6429,4745,2626,0
2026-08-23 07:08:57.799325,6503,4902,3048,0
2026-08-23 07:08:57.799345,6425,5006,2699,0
2026-08-23 07:08:57.799366,6497,5103,2885,0
2026-08-23 07:08:57.799386,6520,5197,3058,0
2026-08-23 07:08:57.799406,6339,5034,456,0
2026-08-23 07:08:57.799426,6400,5280,2637,0
2026-08-23 07:08:57.799446,6475,5284,2630,0
2026-08-23 07:08:57.799465,6515,5345,2982,0
2026-08-23 07:08:57.799485,6452,5371,3056,0
2026-08-23 07:08:57.799505,6525,5353,2890,0
2026-08-23 07:08:57.799525,6530,5382,3205,0
2026-08-23 07:08:57.799546,6431,5314,2619,0
2026-08-23 07:08:57.818073,6414,4662,2267,0
2026-08-23 07:08:57.818093,6469,4847,2595,0
2026-08-23 07:08:57.818113,6488,4976,2754,0
2026-08-23 07:08:57.818133,6415,5014,1939,0
2026-08-23 07:08:57.818153,6463,5178,3009,0
2026-08-23 07:08:57.818173,6524,5234,2918,0
2026-08-23 07:08:57.818193,6533,5344,3387,0
2026-08-23 07:08:57.818213,6433,5268,2729,0
2026-08-23 07:08:57.818233,6495,5321,2689,0
2026-08-23 07:08:57.818253,6498,5331,2776,0
2026-08-23 07:08:57.818273,6361,5194,1091,0
2026-08-23 07:08:57.818293,6433,5304,2890,0
2026-08-23 07:08:57.838313,6322,4642,0,0
2026-08-23 07:08:57.838333,6408,5017,3037,0
2026-08-23 07:08:57.838353,6515,5085,2902,0
2026-08-23 07:08:57.838373,6518,5205,3271,0
2026-08-23 07:08:57.838393,6448,5225,2549,0
2026-08-23 07:08:57.838413,6481,5248,2619,0
2026-08-23 07:08:57.838434,6504,5316,2717,0
2026-08-23 07:08:57.838454,6526,5376,2022,0
2026-08-23 07:08:57.838473,6406,5300,2922,0
2026-08-23 07:08:57.838493,6510,5353,2890,0
2026-08-23 07:08:57.838513,6527,5401,3314,0
2026-08-23 07:08:57.838533,6415,5324,2472,0
2026-08-23 07:08:57.838553,6486,5304,2579,0
2026-08-23 07:08:57.855825,6425,4696,2614,0
2026-08-23 07:08:57.855845,6495,4898,2749,0
2026-08-23 07:08:57.855865,6295,4781,0,0
2026-08-23 07:08:57.855885,6466,5088,2941,0
2026-08-23 07:08:57.855905,6508,5218,2922,0
2026-08-23 07:08:57.855925,6522,5297,3378,0
2026-08-23 07:08:57.855945,6430,5241,2584,0
2026-08-23 07:08:57.855965,6484,5254,2593,0
2026-08-23 07:08:57.855985,6507,5334,2836,0
2026-08-23 07:08:57.856005,6429,5279,2605,0
2026-08-23 07:08:57.856025,6494,5312,2930,0
2026-08-23 07:08:57.876045,6449,4864,3142,0
2026-08-23 07:08:57.876065,6435,4981,2899,0
2026-08-23 07:08:57.876086,6503,5069,2877,0
2026-08-23 07:08:57.876106,6523,5187,3194,0
2026-08-23 07:08:57.876126,6396,5152,1972,0
2026-08-23 07:08:57.876146,6454,5261,2607,0
2026-08-23 07:08:57.876166,6497,5285,2703,0
2026-08-23 07:08:57.876186,6343,5185,684,0
2026-08-23 07:08:57.876205,6417,5331,3022,0
2026-08-23 07:08:57.876225,6517,5343,2903,0
2026-08-23 07:08:57.876245,6530,5409,3287,0
2026-08-23 07:08:57.876266,6387,5363,2698,0
2026-08-23 07:08:57.876286,6489,5302,2612,0
2026-08-23 07:08:57.896419,6428,4794,2673,0
2026-08-23 07:08:57.896439,6494,4927,2618,0
2026-08-23 07:08:57.896459,6508,5040,3098,0
2026-08-23 07:08:57.896479,6436,5161,3018,0
2026-08-23 07:08:57.896499,6521,5211,2897,0
2026-08-23 07:08:57.896519,6526,5291,3118,0
2026-08-23 07:08:57.896539,6389,5189,1620,0
2026-08-23 07:08:57.896559,6428,5298,2676,0
2026-08-23 07:08:57.896579,6499,5305,2635,0
2026-08-23 07:08:57.896599,6510,5354,3133,0
2026-08-23 07:08:57.896619,6427,5368,2823,0
2026-08-23 07:08:57.896639,6532,5342,2874,0
2026-08-23 07:08:57.896659,6530,5359,3420,0
2026-08-23 07:08:57.917358,6435,4807,2936,0
2026-08-23 07:08:57.917378,6407,4760,0,0
2026-08-23 07:08:57.917398,6412,5031,2728,0
2026-08-23 07:08:57.917418,6486,5139,2608,0
2026-08-23 07:08:57.917438,6494,5231,2969,0
2026-08-23 07:08:57.917458,6426,5127,2280,0
2026-08-23 07:08:57.917478,6469,5302,2895,0
2026-08-23 07:08:57.917498,6518,5318,3001,0
2026-08-23 07:08:57.917518,6347,4980,0,0
2026-08-23 07:08:57.917538,6402,5259,2649,0
2026-08-23 07:08:57.917558,6490,5298,2610,0
2026-08-23 07:08:57.917578,6505,5350,3103,0
2026-08-23 07:08:57.917598,6447,5312,3030,0
2026-08-23 07:08:57.937505,6404,4656,2234,0
2026-08-23 07:08:57.937526,6463,4899,2903,0
2026-08-23 07:08:57.937546,6519,5017,3003,0
2026-08-23 07:08:57.937566,6263,4823,0,0
2026-08-23 07:08:57.937586,6396,5095,2667,0
2026-08-23 07:08:57.937606,6481,5206,2620,0
2026-08-23 07:08:57.937626,6510,5252,3028,0
2026-08-23 07:08:57.937646,6435,5311,3039,0
2026-08-23 07:08:57.937665,6521,5303,2911,0
2026-08-23 07:08:57.937685,6521,5365,2970,0
2026-08-23 07:08:57.937706,6356,5231,1077,0
2026-08-23 07:08:57.937726,6412,5312,2658,0
2026-08-23 07:08:57.937746,6508,5331,2755,0
2026-08-23 07:08:57.957623,6420,4800,2612,0
2026-08-23 07:08:57.957643,6489,4951,2706,0
2026-08-23 07:08:57.957663,6363,4916,763,0
2026-08-23 07:08:57.957683,6428,5178,3039,0
2026-08-23 07:08:57.957703,6510,5211,2901,0
2026-08-23 07:08:57.957723,6525,5283,3287,0
2026-08-23 07:08:57.957743,6437,5238,2602,0
2026-08-23 07:08:57.957763,6485,5289,2612,0
2026-08-23 07:08:57.957783,6413,5364,2723,0
2026-08-23 07:08:57.957803,6417,5214,0,0
2026-08-23 07:08:57.957823,6412,5324,2950,0
2026-08-23 07:08:57.957843,6501,5380,2909,0
2026-08-23 07:08:57.957863,6541,5410,3448,0
2026-08-23 07:08:57.977581,6280,4423,0,0
2026-08-23 07:08:57.977601,6396,4820,2703,0
2026-08-23 07:08:57.977621,6488,4957,2609,0
2026-08-23 07:08:57.977641,6505,5086,2976,0
2026-08-23 07:08:57.977661,6416,5144,2485,0
2026-08-23 07:08:57.977681,6483,5250,2903,0
2026-08-23 07:08:57.977701,6517,5284,3033,0
2026-08-23 07:08:57.977721,6276,5017,0,0
2026-08-23 07:08:57.977741,6396,5301,2652,0
2026-08-23 07:08:57.977761,6491,5294,2317,0
2026-08-23 07:08:57.977781,6508,5349,3160,0
2026-08-23 07:08:57.977801,6445,5315,3027,0
2026-08-23 07:08:57.998378,6440,4824,3084,0
2026-08-23 07:08:57.998398,6436,4924,2812,0
2026-08-23 07:08:57.998418,6505,5074,2884,0
2026-08-23 07:08:57.998438,6526,5203,3131,0
2026-08-23 07:08:57.998458,6373,5095,1307,0
2026-08-23 07:08:57.998478,6420,5219,2637,0
2026-08-23 07:08:57.998498,6484,5282,2659,0
2026-08-23 07:08:57.998518,6286,5015,0,0
2026-08-23 07:08:57.998538,6410,5343,3084,0
2026-08-23 07:08:57.998558,6505,5327,2889,0
2026-08-23 07:08:57.998578,6531,5362,3203,0
2026-08-23 07:08:57.998598,6426,5330,2544,0
2026-08-23 07:08:57.998618,6483,5297,2600,0
2026-08-23 07:08:58.019233,6424,4685,2600,0
2026-08-23 07:08:58.019253,6495,4862,2758,0
2026-08-23 07:08:58.019273,6399,4886,1732,0
2026-08-23 07:08:58.019293,6466,5101,2990,0
2026-08-23 07:08:58.019313,6515,5210,2906,0
2026-08-23 07:08:58.019333,6530,5287,3351,0
2026-08-23 07:08:58.019353,6422,5275,2693,0
2026-08-23 07:08:58.019373,6488,5285,2620,0
2026-08-23 07:08:58.019393,6483,5307,2782,0
2026-08-23 07:08:58.019413,6286,5081,0,0
2026-08-23 07:08:58.019433,6401,5337,2933,0
2026-08-23 07:08:58.019453,6516,5388,2934,0
2026-08-23 07:08:58.019473,6373,4991,0,0
2026-08-23 07:08:58.039578,6449,4740,3360,0
2026-08-23 07:08:58.039598,6429,4857,2729,0
2026-08-23 07:08:58.039618,6484,4965,2606,0
2026-08-23 07:08:58.039638,6492,5131,2809,0
2026-08-23 07:08:58.039658,6344,5014,378,0
2026-08-23 07:08:58.039678,6408,5254,2940,0
2026-08-23 07:08:58.039698,6512,5282,2928,0
2026-08-23 07:08:58.039718,6524,5326,3456,0
2026-08-23 07:08:58.039738,6423,5262,2633,0
2026-08-23 07:08:58.039758,6481,5335,2581,0
2026-08-23 07:08:58.039778,6498,5355,2860,0
2026-08-23 07:08:58.039798,6417,5317,2886,0
2026-08-23 07:08:58.039818,6522,5309,2909,0
2026-08-23 07:08:58.060743,6443,4796,2803,0
2026-08-23 07:08:58.060763,6494,4936,2882,0
2026-08-23 07:08:58.060783,6525,5097,3276,0
2026-08-23 07:08:58.060803,6411,5088,2311,0
2026-08-23 07:08:58.060823,6467,5197,2596,0
2026-08-23 07:08:58.060843,6487,5279,2755,0
2026-08-23 07:08:58.060863,6386,5174,1620,0
2026-08-23 07:08:58.060883,6434,5335,3005,0
2026-08-23 07:08:58.060903,6516,5365,2922,0
2026-08-23 07:08:58.060923,6521,5405,3337,0
2026-08-23 07:08:58.060943,6427,5291,2676,0
2026-08-23 07:08:58.060963,6482,5328,2604,0
2026-08-23 07:08:58.060983,6498,5325,2876,0
2026-08-23 07:08:58.080697,6435,4726,2878,0
2026-08-23 07:08:58.080717,6433,4838,2828,0
2026-08-23 07:08:58.080737,6501,4989,2931,0
2026-08-23 07:08:58.080757,6519,5146,2990,0
2026-08-23 07:08:58.080777,6310,4829,0,0
2026-08-23 07:08:58.080797,6395,5153,2737,0
2026-08-23 07:08:58.080817,6493,5198,2611,0
2026-08-23 07:08:58.080837,6506,5297,2903,0
2026-08-23 07:08:58.080857,6416,5251,2203,0
2026-08-23 07:08:58.080877,6467,5304,2974,0
2026-08-23 07:08:58.080897,6516,5352,2993,0
2026-08-23 07:08:58.080917,6292,5044,0,0
2026-08-23 07:08:58.080937,6421,5297,2594,0
2026-08-23 07:08:58.102772,6357,4631,593,0
2026-08-23 07:08:58.102793,6406,4966,2680,0
2026-08-23 07:08:58.102813,6492,5070,2637,0
2026-08-23 07:08:58.102833,6498,5168,3048,0
2026-08-23 07:08:58.102853,6420,5181,2707,0
2026-08-23 07:08:58.102873,6491,5207,2893,0
2026-08-23 07:08:58.102893,6520,5336,3088,0
2026-08-23 07:08:58.102913,6341,5090,323,0
2026-08-23 07:08:58.102933,6391,5347,2653,0
2026-08-23 07:08:58.102952,6482,5338,2647,0
2026-08-23 07:08:58.102973,6440,5396,3153,0
2026-08-23 07:08:58.102993,6435,5387,3053,0
2026-08-23 07:08:58.103013,6524,5371,2852,0
2026-08-23 07:08:58.103033,6529,5388,3365,0
2026-08-23 07:08:58.123701,6437,4748,3210,0
2026-08-23 07:08:58.123721,6399,4842,2141,0
2026-08-23 07:08:58.123741,6443,4981,2598,0
2026-08-23 07:08:58.123761,6495,5084,2710,0
2026-08-23 07:08:58.123781,6369,5017,974,0
2026-08-23 07:08:58.123801,6433,5242,3023,0
2026-08-23 07:08:58.123821,6516,5289,2907,0
2026-08-23 07:08:58.123841,6522,5337,3291,0
2026-08-23 07:08:58.123861,6415,5313,2648,0
2026-08-23 07:08:58.123881,6489,5298,2613,0
2026-08-23 07:08:58.123901,6499,5334,2744,0
2026-08-23 07:08:58.123921,6307,5090,0,0
2026-08-23 07:08:58.123941,6408,5362,2911,0
2026-08-23 07:08:58.144739,6458,4715,2974,0
2026-08-23 07:08:58.144759,6523,4919,2936,0
2026-08-23 07:08:58.144779,6534,5068,3451,0
2026-08-23 07:08:58.144799,6434,5106,2747,0
2026-08-23 07:08:58.144819,6489,5157,2587,0
2026-08-23 07:08:58.144839,6493,5257,2836,0
2026-08-23 07:08:58.144859,6373,5148,1342,0
2026-08-23 07:08:58.144879,6426,5291,2916,0
2026-08-23 07:08:58.144899,6509,5319,2889,0
2026-08-23 07:08:58.144919,6528,5409,3529,0
2026-08-23 07:08:58.144939,6411,5330,2655,0
2026-08-23 07:08:58.144959,6485,5361,2595,0
2026-08-23 07:08:58.144979,6494,5355,3103,0
2026-08-23 07:08:58.165879,6436,4728,3019,0
2026-08-23 07:08:58.165899,6420,4834,2734,0
2026-08-23 07:08:58.165919,6434,4989,2889,0
2026-08-23 07:08:58.165939,6515,5103,3118,0
2026-08-23 07:08:58.165959,6343,4980,724,0
2026-08-23 07:08:58.165979,6400,5194,2599,0
2026-08-23 07:08:58.165999,6508,5265,2649,0
2026-08-23 07:08:58.166019,6501,5190,187,0
2026-08-23 07:08:58.166039,6411,5347,3088,0
2026-08-23 07:08:58.166059,6508,5329,2907,0
2026-08-23 07:08:58.166079,6510,5360,3174,0
2026-08-23 07:08:58.166099,6416,5281,2354,0
2026-08-23 07:08:58.166119,6466,5304,2623,0
2026-08-23 07:08:58.185258,6418,4677,2612,0
2026-08-23 07:08:58.185278,6488,4945,2711,0
2026-08-23 07:08:58.185298,6349,4867,549,0
2026-08-23 07:08:58.185318,6416,5137,3027,0
2026-08-23 07:08:58.185338,6503,5224,2907,0
2026-08-23 07:08:58.185358,6515,5295,3251,0
2026-08-23 07:08:58.185378,6427,5229,2594,0
2026-08-23 07:08:58.185398,6481,5293,2628,0
2026-08-23 07:08:58.185418,6486,5309,2702,0
2026-08-23 07:08:58.185438,6507,5402,2515,0
2026-08-23 07:08:58.185458,6431,5344,2936,0
2026-08-23 07:08:58.185478,6514,5326,2928,0
2026-08-23 07:08:58.205578,6432,4772,2936,0
2026-08-23 07:08:58.205598,6513,4959,3015,0
2026-08-23 07:08:58.205618,6298,4841,0,0
2026-08-23 07:08:58.205638,6403,5102,2710,0
2026-08-23 07:08:58.205658,6485,5212,2621,0
2026-08-23 07:08:58.205678,6498,5276,2981,0
2026-08-23 07:08:58.205698,6419,5271,2491,0
2026-08-23 07:08:58.205719,6485,5290,2897,0
2026-08-23 07:08:58.205738,6512,5366,3027,0
2026-08-23 07:08:58.205758,6279,5034,0,0
2026-08-23 07:08:58.205778,6391,5338,2650,0
2026-08-23 07:08:58.205798,6478,5352,2684,0
2026-08-23 07:08:58.205818,6308,5084,0,0
2026-08-23 07:08:58.225673,6433,4749,2869,0
2026-08-23 07:08:58.225693,6405,4873,2114,0
2026-08-23 07:08:58.225713,6451,5025,2911,0
2026-08-23 07:08:58.225733,6521,5132,2999,0
2026-08-23 07:08:58.225753,6387,4905,0,0
2026-08-23 07:08:58.225773,6399,5146,2652,0
2026-08-23 07:08:58.225793,6467,5235,2609,0
2026-08-23 07:08:58.225813,6504,5288,3024,0
2026-08-23 07:08:58.225833,6424,5320,3025,0
2026-08-23 07:08:58.225853,6512,5334,2925,0
2026-08-23 07:08:58.225873,6517,5338,3042,0
2026-08-23 07:08:58.225893,6388,5209,1427,0
2026-08-23 07:08:58.225913,6438,5267,2601,0
2026-08-23 07:08:58.245130,6384,4735,1703,0
2026-08-23 07:08:58.245150,6424,4931,2601,0
2026-08-23 07:08:58.245170,6493,5077,2683,0
2026-08-23 07:08:58.245190,6342,4953,393,0
2026-08-23 07:08:58.245210,6406,5250,3031,0
2026-08-23 07:08:58.245230,6514,5285,2891,0
2026-08-23 07:08:58.245250,6520,5351,3264,0
2026-08-23 07:08:58.245270,6417,5257,2548,0
2026-08-23 07:08:58.245290,6477,5308,2624,0
2026-08-23 07:08:58.245310,6495,5352,2619,0
2026-08-23 07:08:58.245330,6513,5302,292,0
2026-08-23 07:08:58.245350,6401,5323,2945,0
2026-08-23 07:08:58.266012,6453,4731,3085,0
2026-08-23 07:08:58.266032,6512,4896,2908,0
2026-08-23 07:08:58.266052,6529,5064,3163,0
2026-08-23 07:08:58.266072,6395,5062,2113,0
2026-08-23 07:08:58.266092,6456,5190,2648,0
2026-08-23 07:08:58.266112,6488,5228,2661,0
2026-08-23 07:08:58.266132,6509,5294,3139,0
2026-08-23 07:08:58.266152,6418,5280,2897,0
2026-08-23 07:08:58.266172,6508,5313,2868,0
2026-08-23 07:08:58.266192,6524,5383,3178,0
2026-08-23 07:08:58.266212,6391,5281,1802,0
2026-08-23 07:08:58.266232,6434,5336,2601,0
2026-08-23 07:08:58.266252,6490,5304,2778,0
2026-08-23 07:08:58.285135,6436,4689,2751,0
2026-08-23 07:08:58.285155,6323,4670,138,0
2026-08-23 07:08:58.285175,6405,4989,2935,0
2026-08-23 07:08:58.285195,6508,5097,3151,0
2026-08-23 07:08:58.285215,6535,5257,3438,0
2026-08-23 07:08:58.285235,6422,5214,2632,0
2026-08-23 07:08:58.285255,6486,5238,2619,0
2026-08-23 07:08:58.285275,6487,5321,2849,0
2026-08-23 07:08:58.285295,6427,5282,2686,0
2026-08-23 07:08:58.285315,6493,5374,2964,0
2026-08-23 07:08:58.285335,6514,5343,2968,0
2026-08-23 07:08:58.285355,6321,5097,0,0
2026-08-23 07:08:58.306164,6436,4844,3014,0
2026-08-23 07:08:58.306184,6261,4680,0,0
2026-08-23 07:08:58.306204,6391,5021,2659,0
2026-08-23 07:08:58.306224,6482,5101,2605,0
2026-08-23 07:08:58.306244,6499,5193,3054,0
2026-08-23 07:08:58.306264,6432,5264,3040,0
2026-08-23 07:08:58.306284,6516,5267,2913,0
2026-08-23 07:08:58.306304,6416,5356,3061,0
2026-08-23 07:08:58.306324,6378,5183,1187,0
2026-08-23 07:08:58.306344,6416,5318,2677,0
2026-08-23 07:08:58.306364,6486,5353,2630,0
2026-08-23 07:08:58.306384,6501,5390,3159,0
2026-08-23 07:08:58.306404,6434,5326,2912,0
2026-08-23 07:08:58.327222,6435,4719,3053,0
2026-08-23 07:08:58.327242,6517,4872,2912,0
2026-08-23 07:08:58.327262,6518,5051,3202,0
2026-08-23 07:08:58.327282,6423,5035,2461,0
2026-08-23 07:08:58.327302,6468,5191,2627,0
2026-08-23 07:08:58.327322,6490,5198,2701,0
2026-08-23 07:08:58.327343,6512,5326,3248,0
2026-08-23 07:08:58.327363,6434,5273,2919,0
2026-08-23 07:08:58.327382,6506,5343,2881,0
2026-08-23 07:08:58.327402,6522,5349,3282,0
2026-08-23 07:08:58.327422,6412,5270,2294,0
2026-08-23 07:08:58.327442,6457,5308,2579,0
2026-08-23 07:08:58.327462,6484,5352,2866,0
2026-08-23 07:08:58.348153,6431,4689,2781,0
2026-08-23 07:08:58.348173,6374,4743,1153,0
2026-08-23 07:08:58.348193,6415,5020,2926,0
2026-08-23 07:08:58.348213,6493,5095,2930,0
2026-08-23 07:08:58.348233,6517,5258,3514,0
2026-08-23 07:08:58.348253,6418,5201,2659,0
2026-08-23 07:08:58.348273,6495,5274,2576,0
2026-08-23 07:08:58.348293,6498,5290,2876,0
2026-08-23 07:08:58.348313,6424,5326,2829,0
2026-08-23 07:08:58.348333,6498,5315,2933,0
2026-08-23 07:08:58.348353,6514,5341,2983,0
2026-08-23 07:08:58.348373,6288,5099,0,0
2026-08-23 07:08:58.348393,6401,5311,2685,0
2026-08-23 07:08:58.369282,6423,4711,2660,0
2026-08-23 07:08:58.369303,6474,4854,2603,0
2026-08-23 07:08:58.369323,6497,5006,3002,0
2026-08-23 07:08:58.369343,6432,5086,3007,0
2026-08-23 07:08:58.369363,6512,5175,2911,0
2026-08-23 07:08:58.369383,6524,5239,3037,0
2026-08-23 07:08:58.369403,6335,5134,448,0
2026-08-23 07:08:58.369423,6402,5280,2696,0
2026-08-23 07:08:58.369442,6490,5326,2614,0
2026-08-23 07:08:58.369462,6499,5348,3026,0
2026-08-23 07:08:58.369483,6422,5337,2651,0
2026-08-23 07:08:58.369503,6490,5366,2883,0
2026-08-23 07:08:58.369523,6523,5384,3201,0
2026-08-23 07:08:58.390575,6445,4713,3424,0
2026-08-23 07:08:58.390595,6406,4842,2525,0
2026-08-23 07:08:58.390615,6477,4985,2632,0
2026-08-23 07:08:58.390635,6495,5107,2719,0
2026-08-23 07:08:58.390655,6509,5202,3244,0
2026-08-23 07:08:58.390675,6417,5207,2934,0
2026-08-23 07:08:58.390695,6512,5238,2879,0
2026-08-23 07:08:58.390715,6510,5308,3274,0
2026-08-23 07:08:58.390735,6413,5252,2334,0
2026-08-23 07:08:58.390755,6471,5281,2595,0
2026-08-23 07:08:58.390775,6492,5312,2748,0
2026-08-23 07:08:58.390795,6410,5287,2212,0
2026-08-23 07:08:58.390815,6469,5317,2937,0
2026-08-23 07:08:58.411597,6432,4690,2891,0
2026-08-23 07:08:58.411618,6507,4853,2989,0
2026-08-23 07:08:58.411638,6519,5039,3637,0
2026-08-23 07:08:58.411658,6426,5070,2665,0
2026-08-23 07:08:58.411678,6487,5143,2540,0
2026-08-23 07:08:58.411698,6503,5255,2998,0
2026-08-23 07:08:58.411718,6423,5281,2979,0
2026-08-23 07:08:58.411738,6509,5308,2909,0
2026-08-23 07:08:58.411757,6515,5349,3043,0
2026-08-23 07:08:58.411777,6328,5149,255,0
2026-08-23 07:08:58.411798,6398,5340,2702,0
2026-08-23 07:08:58.411818,6482,5320,2632,0
2026-08-23 07:08:58.411838,6516,5349,3242,0
2026-08-23 07:08:58.432806,6439,4750,3121,0
2026-08-23 07:08:58.432826,6451,4861,3048,0
2026-08-23 07:08:58.432846,6527,5023,2900,0
2026-08-23 07:08:58.432866,6523,5152,3192,0
2026-08-23 07:08:58.432886,6301,5134,2241,0
2026-08-23 07:08:58.432906,6462,5196,2641,0
2026-08-23 07:08:58.432926,6417,5280,2671,0
2026-08-23 07:08:58.432946,6505,5339,3219,0
2026-08-23 07:08:58.432966,6424,5327,2932,0
2026-08-23 07:08:58.432986,6503,5344,2882,0
2026-08-23 07:08:58.433006,6519,5381,3247,0
2026-08-23 07:08:58.433026,6396,5258,2428,0
2026-08-23 07:08:58.433046,6473,5303,2588,0
2026-08-23 07:08:58.453918,6424,4697,2600,0
2026-08-23 07:08:58.453938,6490,4866,2899,0
2026-08-23 07:08:58.453958,6391,4907,1923,0
2026-08-23 07:08:58.453978,6455,5103,2908,0
2026-08-23 07:08:58.453998,6513,5190,2953,0
2026-08-23 07:08:58.454018,6534,5277,3631,0
2026-08-23 07:08:58.454038,6425,5260,2659,0
2026-08-23 07:08:58.454058,6487,5288,2609,0
2026-08-23 07:08:58.454078,6497,5336,2982,0
2026-08-23 07:08:58.454098,6428,5312,2996,0
2026-08-23 07:08:58.454118,6513,5351,2905,0
2026-08-23 07:08:58.454138,6524,5370,3090,0
2026-08-23 07:08:58.454158,6404,5247,2127,0
2026-08-23 07:08:58.474926,6373,4558,1487,0
2026-08-23 07:08:58.474946,6417,4874,2617,0
2026-08-23 07:08:58.474966,6501,5004,2685,0
2026-08-23 07:08:58.474986,6306,4921,42,0
2026-08-23 07:08:58.475006,6395,5211,3043,0
2026-08-23 07:08:58.475026,6507,5244,2892,0
2026-08-23 07:08:58.475046,6513,5292,3234,0
2026-08-23 07:08:58.475066,6408,5272,2511,0
2026-08-23 07:08:58.475085,6475,5301,2643,0
2026-08-23 07:08:58.475106,6494,5357,2703,0
2026-08-23 07:08:58.475126,6513,5364,3303,0
2026-08-23 07:08:58.475146,6428,5333,2939,0
2026-08-23 07:08:58.475166,6508,5344,2942,0
2026-08-23 07:08:58.496097,6430,4714,2925,0
2026-08-23 07:08:58.496117,6525,4935,3430,0
2026-08-23 07:08:58.496137,6429,4962,2721,0
2026-08-23 07:08:58.496157,6482,5063,2600,0
2026-08-23 07:08:58.496177,6491,5184,2809,0
2026-08-23 07:08:58.496197,6361,5056,875,0
2026-08-23 07:08:58.496217,6417,5261,2932,0
2026-08-23 07:08:58.496237,6494,5337,2933,0
2026-08-23 07:08:58.496257,6545,5387,3498,0
2026-08-23 07:08:58.496277,6422,5284,2672,0
2026-08-23 07:08:58.496297,6480,5285,2588,0
2026-08-23 07:08:58.496317,6497,5365,2963,0
2026-08-23 07:08:58.496337,6437,5342,3044,0
2026-08-23 07:08:58.517132,6430,4699,2780,0
2026-08-23 07:08:58.517152,6491,4834,2878,0
2026-08-23 07:08:58.517172,6638,5033,3173,0
2026-08-23 07:08:58.517192,6381,4968,1616,0
2026-08-23 07:08:58.517212,6413,5174,2609,0
2026-08-23 07:08:58.517232,6487,5207,2675,0
2026-08-23 07:08:58.517252,6318,5047,0,0
2026-08-23 07:08:58.517272,6401,5290,3033,0
2026-08-23 07:08:58.517292,6512,5312,2896,0
2026-08-23 07:08:58.517312,6518,5355,3214,0
2026-08-23 07:08:58.517332,6410,5318,2456,0
2026-08-23 07:08:58.517352,6473,5355,2605,0
2026-08-23 07:08:58.517372,6490,5325,2832,0
2026-08-23 07:08:58.538265,6434,4729,2751,0
2026-08-23 07:08:58.538285,6406,4808,2251,0
2026-08-23 07:08:58.538305,6466,5042,2971,0
2026-08-23 07:08:58.538325,6507,5140,2923,0
2026-08-23 07:08:58.538345,6529,5259,3412,0
2026-08-23 07:08:58.538365,6424,5228,2741,0
2026-08-23 07:08:58.538385,6491,5238,2602,0
2026-08-23 07:08:58.538405,6491,5328,2824,0
2026-08-23 07:08:58.538425,6353,5167,801,0
2026-08-23 07:08:58.538445,6409,5325,2943,0
2026-08-23 07:08:58.538465,6508,5322,2930,0
2026-08-23 07:08:58.538485,6521,5390,3550,0
2026-08-23 07:08:58.538505,6425,5282,2655,0
2026-08-23 07:08:58.559267,6424,4665,2725,0
2026-08-23 07:08:58.559287,6501,4845,2617,0
2026-08-23 07:08:58.559307,6493,5037,2981,0
2026-08-23 07:08:58.559327,6415,5063,2531,0
2026-08-23 07:08:58.559347,6484,5161,2884,0
2026-08-23 07:08:58.559367,6507,5262,3028,0
2026-08-23 07:08:58.559387,6291,5027,0,0
2026-08-23 07:08:58.559407,6390,5294,2638,0
2026-08-23 07:08:58.559427,6498,5294,2618,0
2026-08-23 07:08:58.559447,6506,5378,3120,0
2026-08-23 07:08:58.559467,6435,5355,3041,0
2026-08-23 07:08:58.559487,6515,5358,2901,0
2026-08-23 07:08:58.559507,6523,5381,3338,0
2026-08-23 07:08:58.580322,6439,4712,3220,0
2026-08-23 07:08:58.580342,6391,4791,2234,0
2026-08-23 07:08:58.580362,6456,5008,2609,0
2026-08-23 07:08:58.580382,6490,5103,2723,0
2026-08-23 07:08:58.580402,6369,5057,1222,0
2026-08-23 07:08:58.580422,6424,5264,3018,0
2026-08-23 07:08:58.580442,6515,5260,2902,0
2026-08-23 07:08:58.580462,6513,5343,3316,0
2026-08-23 07:08:58.580482,6426,5277,2633,0
2026-08-23 07:08:58.580502,6481,5338,2608,0
2026-08-23 07:08:58.580522,6489,5330,2729,0
2026-08-23 07:08:58.580542,6321,5153,55,0
2026-08-23 07:08:58.580562,6401,5364,2891,0
2026-08-23 07:08:58.601536,6433,4732,2959,0
2026-08-23 07:08:58.601556,6517,4881,2951,0
2026-08-23 07:08:58.601576,6518,5057,3499,0
2026-08-23 07:08:58.601596,6428,5056,2743,0
2026-08-23 07:08:58.601616,6487,5182,2573,0
2026-08-23 07:08:58.601636,6489,5221,2860,0
2026-08-23 07:08:58.601656,6359,5158,1691,0
2026-08-23 07:08:58.601676,6434,5299,2924,0
2026-08-23 07:08:58.601696,6513,5359,2961,0
2026-08-23 07:08:58.601716,6535,5373,3570,0
2026-08-23 07:08:58.601736,6451,5294,2665,0
2026-08-23 07:08:58.601756,6488,5313,2601,0
2026-08-23 07:08:58.601776,6500,5374,3123,0
2026-08-23 07:08:58.622330,6435,4700,3086,0
2026-08-23 07:08:58.622350,6421,4859,2794,0
2026-08-23 07:08:58.622370,6502,5023,2878,0
2026-08-23 07:08:58.622391,6515,5104,3152,0
2026-08-23 07:08:58.622411,6380,5047,1644,0
2026-08-23 07:08:58.622431,6423,5228,2607,0
2026-08-23 07:08:58.622451,6485,5247,2686,0
2026-08-23 07:08:58.622471,6315,5081,0,0
2026-08-23 07:08:58.622490,6408,5351,3086,0
2026-08-23 07:08:58.622510,6509,5318,2900,0
2026-08-23 07:08:58.622530,6525,5362,3232,0
2026-08-23 07:08:58.622550,6410,5322,2641,0
2026-08-23 07:08:58.622571,6481,5309,2609,0
2026-08-23 07:08:58.641418,6419,4684,2583,0
2026-08-23 07:08:58.641438,6484,4879,2755,0
2026-08-23 07:08:58.641459,6391,4922,1747,0
2026-08-23 07:08:58.641479,6450,5098,3001,0
2026-08-23 07:08:58.641499,6514,5193,2915,0
2026-08-23 07:08:58.641519,6524,5278,3363,0
2026-08-23 07:08:58.641539,6421,5267,2706,0
2026-08-23 07:08:58.641558,6487,5272,2616,0
2026-08-23 07:08:58.641578,6494,5347,2769,0
2026-08-23 07:08:58.641598,6303,5103,0,0
2026-08-23 07:08:58.641618,6400,5376,2915,0
2026-08-23 07:08:58.641639,6503,5332,2976,0
2026-08-23 07:08:58.661227,6424,4814,2927,0
2026-08-23 07:08:58.661247,6510,4951,3003,0
2026-08-23 07:08:58.661267,6298,4841,0,0
2026-08-23 07:08:58.661287,6396,5145,2713,0
2026-08-23 07:08:58.661307,6472,5210,2598,0
2026-08-23 07:08:58.661327,6497,5273,2990,0
2026-08-23 07:08:58.661347,6414,5277,2488,0
2026-08-23 07:08:58.661367,6478,5323,2900,0
2026-08-23 07:08:58.661387,6514,5324,3047,0
2026-08-23 07:08:58.661407,6276,5085,0,0
2026-08-23 07:08:58.661427,6392,5329,2646,0
2026-08-23 07:08:58.661447,6477,5307,2638,0
2026-08-23 07:08:58.661467,6400,5243,1785,0
2026-08-23 07:08:58.681397,6422,4784,2635,0
2026-08-23 07:08:58.681417,6492,4970,3112,0
2026-08-23 07:08:58.681437,6425,5045,2814,0
2026-08-23 07:08:58.681458,6504,5151,2897,0
2026-08-23 07:08:58.681478,6512,5228,3162,0
2026-08-23 07:08:58.681498,6362,5154,1341,0
2026-08-23 07:08:58.681518,6414,5300,2679,0
2026-08-23 07:08:58.681538,6483,5318,2659,0
2026-08-23 07:08:58.681557,6268,5067,0,0
2026-08-23 07:08:58.681577,6392,5357,3081,0
2026-08-23 07:08:58.681597,6468,5359,2895,0
2026-08-23 07:08:58.681617,6513,5354,3191,0
2026-08-23 07:08:58.681638,6428,5283,2657,0
2026-08-23 07:08:58.700822,6432,4639,2658,0
2026-08-23 07:08:58.700842,6471,4805,2593,0
2026-08-23 07:08:58.700862,6489,5015,2930,0
2026-08-23 07:08:58.700882,6437,5072,2911,0
2026-08-23 07:08:58.700902,6523,5192,2926,0
2026-08-23 07:08:58.700922,6513,5242,3018,0
2026-08-23 07:08:58.700942,6287,4999,0,0
2026-08-23 07:08:58.700962,6399,5251,2726,0
2026-08-23 07:08:58.700982,6481,5321,2606,0
2026-08-23 07:08:58.701002,6503,5354,2952,0
2026-08-23 07:08:58.701022,6427,5288,2656,0
2026-08-23 07:08:58.701042,6489,5328,2912,0
2026-08-23 07:08:58.721906,6379,4776,2026,0
2026-08-23 07:08:58.721926,6451,4977,2995,0
2026-08-23 07:08:58.721946,6512,5080,2934,0
2026-08-23 07:08:58.721966,6516,5237,3412,0
2026-08-23 07:08:58.721986,6425,5190,2743,0
2026-08-23 07:08:58.722006,6476,5262,2619,0
2026-08-23 07:08:58.722026,6469,5322,2813,0
2026-08-23 07:08:58.722046,6351,5154,834,0
2026-08-23 07:08:58.722066,6404,5360,2925,0
2026-08-23 07:08:58.722086,6502,5370,2929,0
2026-08-23 07:08:58.722106,6520,5420,3492,0
2026-08-23 07:08:58.722126,6415,5305,2673,0
2026-08-23 07:08:58.722146,6484,5304,2596,0
2026-08-23 07:08:58.742745,6429,4702,2623,0
2026-08-23 07:08:58.742765,6490,4901,2970,0
2026-08-23 07:08:58.742785,6417,4980,2529,0
2026-08-23 07:08:58.742805,6476,5083,2902,0
2026-08-23 07:08:58.742826,6514,5200,3026,0
2026-08-23 07:08:58.742846,6272,4949,0,0
2026-08-23 07:08:58.742866,6392,5223,2650,0
2026-08-23 07:08:58.742886,6434,5308,2619,0
2026-08-23 07:08:58.742905,6493,5328,3081,0
2026-08-23 07:08:58.742925,6433,5324,3032,0
2026-08-23 07:08:58.742945,6506,5372,2910,0
2026-08-23 07:08:58.742965,6516,5357,3155,0
2026-08-23 07:08:58.742985,6423,5277,2496,0
2026-08-23 07:08:58.763802,6317,4521,0,0
2026-08-23 07:08:58.763822,6389,4849,2623,0
2026-08-23 07:08:58.763842,6484,5017,2650,0
2026-08-23 07:08:58.763862,6505,5165,1300,0
2026-08-23 07:08:58.763882,6411,5158,3082,0
2026-08-23 07:08:58.763902,6513,5220,2907,0
2026-08-23 07:08:58.763922,6524,5282,3158,0
2026-08-23 07:08:58.763942,6399,5229,2080,0
2026-08-23 07:08:58.763962,6450,5267,2666,0
2026-08-23 07:08:58.763982,6488,5309,2655,0
2026-08-23 07:08:58.764002,6500,5342,3135,0
2026-08-23 07:08:58.764022,6429,5344,2917,0
2026-08-23 07:08:58.764042,6506,5314,2907,0
2026-08-23 07:08:58.784775,6416,4696,2895,0
2026-08-23 07:08:58.784795,6512,4892,3284,0
2026-08-23 07:08:58.784815,6424,4977,2615,0
2026-08-23 07:08:58.784835,6480,5083,2621,0
2026-08-23 07:08:58.784855,6493,5170,2737,0
2026-08-23 07:08:58.784875,6386,5050,0,0
2026-08-23 07:08:58.784895,6409,5255,2947,0
2026-08-23 07:08:58.784915,6497,5283,2895,0
2026-08-23 07:08:58.784935,6515,5372,3336,0
2026-08-23 07:08:58.784955,6418,5287,2502,0
2026-08-23 07:08:58.784975,6478,5348,2589,0
2026-08-23 07:08:58.784995,6490,5329,2828,0
2026-08-23 07:08:58.785015,6437,5321,2952,0
2026-08-23 07:08:58.805859,6349,4528,778,0
2026-08-23 07:08:58.805879,6405,4871,2918,0
2026-08-23 07:08:58.805899,6498,5031,2946,0
2026-08-23 07:08:58.805919,6530,5187,3536,0
2026-08-23 07:08:58.805939,6416,5172,2659,0
2026-08-23 07:08:58.805959,6381,5230,2581,0
2026-08-23 07:08:58.805979,6500,5273,2857,0
2026-08-23 07:08:58.805999,6427,5291,2927,0
2026-08-23 07:08:58.806019,6502,5349,2943,0
2026-08-23 07:08:58.806039,6521,5329,3005,0
2026-08-23 07:08:58.806059,6291,5098,0,0
2026-08-23 07:08:58.806079,6392,5343,2697,0
2026-08-23 07:08:58.806099,6475,5339,2659,0
2026-08-23 07:08:58.826882,6409,4714,2616,0
2026-08-23 07:08:58.826902,6492,4889,3098,0
2026-08-23 07:08:58.826922,6440,5022,3047,0
2026-08-23 07:08:58.826942,6510,5130,2899,0
2026-08-23 07:08:58.826962,6512,5220,3113,0
2026-08-23 07:08:58.826982,6390,5158,1658,0
2026-08-23 07:08:58.827002,6426,5238,2695,0
2026-08-23 07:08:58.827022,6479,5280,2638,0
2026-08-23 07:08:58.827042,6502,5360,3120,0
2026-08-23 07:08:58.827062,6425,5318,2839,0
2026-08-23 07:08:58.827082,6505,5344,2871,0
2026-08-23 07:08:58.827102,6504,5349,3195,0
2026-08-23 07:08:58.827122,6412,5271,2662,0
2026-08-23 07:08:58.847882,6419,4664,2593,0
2026-08-23 07:08:58.847902,6457,4850,2622,0
2026-08-23 07:08:58.847922,6490,5020,2753,0
2026-08-23 07:08:58.847942,6292,4884,0,0
2026-08-23 07:08:58.847962,6401,5199,2931,0
2026-08-23 07:08:58.847982,6492,5242,2906,0
2026-08-23 07:08:58.848002,6520,5296,3414,0
2026-08-23 07:08:58.848022,6412,5268,2606,0
2026-08-23 07:08:58.848042,6480,5280,2583,0
2026-08-23 07:08:58.848062,6487,5312,2818,0
2026-08-23 07:08:58.848082,6417,5292,2610,0
2026-08-23 07:08:58.848102,6487,5347,2960,0
2026-08-23 07:08:58.848122,6514,5324,3084,0
2026-08-23 07:08:58.868006,6440,4701,2950,0
2026-08-23 07:08:58.868026,6521,4937,3546,0
2026-08-23 07:08:58.868046,6424,4999,2661,0
2026-08-23 07:08:58.868066,6473,5090,2598,0
2026-08-23 07:08:58.868086,6493,5212,2970,0
2026-08-23 07:08:58.868106,6421,5212,2972,0
2026-08-23 07:08:58.868126,6504,5284,2890,0
2026-08-23 07:08:58.868146,6512,5332,3037,0
2026-08-23 07:08:58.868166,6299,5100,0,0
2026-08-23 07:08:58.868186,6379,5317,2710,0
2026-08-23 07:08:58.868206,6482,5355,2615,0
2026-08-23 07:08:58.868226,6497,5366,3055,0
2026-08-23 07:08:58.868246,6432,5342,2937,0
2026-08-23 07:08:58.888322,6275,4505,0,0
2026-08-23 07:08:58.888342,6400,4919,3056,0
2026-08-23 07:08:58.888362,6496,5022,2899,0
2026-08-23 07:08:58.888382,6512,5153,3194,0
2026-08-23 07:08:58.888402,6404,5155,2356,0
2026-08-23 07:08:58.888422,6467,5211,2647,0
2026-08-23 07:08:58.888442,6488,5264,2671,0
2026-08-23 07:08:58.888462,6501,5328,3205,0
2026-08-23 07:08:58.888482,6420,5333,2929,0
2026-08-23 07:08:58.888502,6514,5360,2889,0
2026-08-23 07:08:58.888522,6528,5369,3227,0
2026-08-23 07:08:58.888542,6400,5260,2130,0
2026-08-23 07:08:58.888562,6455,5248,2625,0
2026-08-23 07:08:58.908643,6428,4793,2739,0
2026-08-23 07:08:58.908664,6484,4947,2605,0
2026-08-23 07:08:58.908684,6491,5072,2950,0
2026-08-23 07:08:58.908704,6394,5062,2309,0
2026-08-23 07:08:58.908724,6461,5219,2897,0
2026-08-23 07:08:58.908744,6506,5279,2994,0
2026-08-23 07:08:58.908764,6304,4922,0,0
2026-08-23 07:08:58.908784,6394,5185,2653,0
2026-08-23 07:08:58.908803,6480,5259,2600,0
2026-08-23 07:08:58.908823,6494,5276,3007,0
2026-08-23 07:08:58.908844,6427,5316,3038,0
2026-08-23 07:08:58.908864,6534,5316,2899,0
2026-08-23 07:08:58.908884,6286,4964,0,0
2026-08-23 07:08:58.930682,6412,4750,2807,0
2026-08-23 07:08:58.930702,6503,4947,3350,0
2026-08-23 07:08:58.930722,6427,4973,2523,0
2026-08-23 07:08:58.930742,6440,5087,2585,0
2026-08-23 07:08:58.930762,6492,5217,2804,0
2026-08-23 07:08:58.930782,6405,5218,2361,0
2026-08-23 07:08:58.930802,6468,5280,2985,0
2026-08-23 07:08:58.930822,6510,5309,2935,0
2026-08-23 07:08:58.930842,6524,5353,3432,0
2026-08-23 07:08:58.930862,6423,5295,2739,0
2026-08-23 07:08:58.930882,6482,5301,2603,0
2026-08-23 07:08:58.930902,6486,5337,2823,0
2026-08-23 07:08:58.930922,6406,5255,2179,0
2026-08-23 07:08:58.930942,6467,5302,2880,0
2026-08-23 07:08:58.951365,6416,4702,2854,0
2026-08-23 07:08:58.951385,6511,4885,3012,0
2026-08-23 07:08:58.951405,6307,4797,0,0
2026-08-23 07:08:58.951425,6397,5079,2703,0
2026-08-23 07:08:58.951445,6479,5158,2616,0
2026-08-23 07:08:58.951465,6491,5229,2993,0
2026-08-23 07:08:58.951485,6404,5233,2595,0
2026-08-23 07:08:58.951505,6478,5313,2896,0
2026-08-23 07:08:58.951525,6514,5365,3034,0
2026-08-23 07:08:58.951545,6289,5100,0,0
2026-08-23 07:08:58.951565,6389,5304,2641,0
2026-08-23 07:08:58.951585,6474,5318,2661,0
2026-08-23 07:08:58.951605,6327,5138,268,0
2026-08-23 07:08:58.972514,6425,4752,2997,0
2026-08-23 07:08:58.972534,6410,4869,2662,0
2026-08-23 07:08:58.972554,6494,5043,2900,0
2026-08-23 07:08:58.972574,6508,5127,3048,0
2026-08-23 07:08:58.972594,6313,4982,367,0
2026-08-23 07:08:58.972614,6396,5224,2633,0
2026-08-23 07:08:58.972634,6476,5292,2638,0
2026-08-23 07:08:58.972654,6500,5308,2489,0
2026-08-23 07:08:58.972674,6425,5298,3055,0
2026-08-23 07:08:58.972694,6515,5333,2893,0
2026-08-23 07:08:58.972714,6516,5346,3164,0
2026-08-23 07:08:58.972734,6406,5308,2355,0
2026-08-23 07:08:58.972754,6463,5235,2584,0
2026-08-23 07:08:58.993881,6413,4677,2586,0
2026-08-23 07:08:58.993901,6482,4881,2813,0
2026-08-23 07:08:58.993922,6413,4942,2534,0
2026-08-23 07:08:58.993942,6476,5079,2944,0
2026-08-23 07:08:58.993962,6513,5181,2946,0
2026-08-23 07:08:58.993982,6515,5265,3459,0
2026-08-23 07:08:58.994002,6432,5239,2737,0
2026-08-23 07:08:58.994022,6481,5258,2590,0
2026-08-23 07:08:58.994041,6481,5355,2835,0
2026-08-23 07:08:58.994061,6362,5210,1450,0
2026-08-23 07:08:58.994081,6419,5329,2913,0
2026-08-23 07:08:58.994102,6501,5367,2973,0
2026-08-23 07:08:58.994122,6356,5192,887,0
2026-08-23 07:08:59.014896,6379,4628,1667,0
2026-08-23 07:08:59.014916,6415,4857,2661,0
2026-08-23 07:08:59.014936,6475,5011,2661,0
2026-08-23 07:08:59.014956,6494,5158,3155,0
2026-08-23 07:08:59.014976,6430,5155,2856,0
2026-08-23 07:08:59.014996,6497,5217,2872,0
2026-08-23 07:08:59.015016,6513,5281,3182,0
2026-08-23 07:08:59.015036,6395,5196,1922,0
2026-08-23 07:08:59.015056,6435,5299,2603,0
2026-08-23 07:08:59.015076,6484,5314,2690,0
2026-08-23 07:08:59.015096,6337,5166,621,0
2026-08-23 07:08:59.015116,6404,5345,3013,0
2026-08-23 07:08:59.015136,6491,5368,2929,0
2026-08-23 07:08:59.036097,6424,4706,2906,0
2026-08-23 07:08:59.036117,6519,4944,3481,0
2026-08-23 07:08:59.036137,6415,4944,2649,0
2026-08-23 07:08:59.036157,6510,5095,2538,0
2026-08-23 07:08:59.036177,6488,5175,2681,0
2026-08-23 07:08:59.036197,6410,5232,2788,0
2026-08-23 07:08:59.036217,6502,5264,2936,0
2026-08-23 07:08:59.036237,6509,5328,2955,0
2026-08-23 07:08:59.036257,6537,5428,2573,0
2026-08-23 07:08:59.036277,6406,5274,2739,0
2026-08-23 07:08:59.036297,6481,5332,2525,0
2026-08-23 07:08:59.036317,6486,5345,2935,0
2026-08-23 07:08:59.036337,6413,5318,2834,0
2026-08-23 07:08:59.057337,6427,4698,3051,0
2026-08-23 07:08:59.057357,6504,4844,2898,0
2026-08-23 07:08:59.057377,6500,4991,3177,0
2026-08-23 07:08:59.057397,6389,5015,2212,0
2026-08-23 07:08:59.057417,6454,5168,2652,0
2026-08-23 07:08:59.057437,6483,5230,2670,0
2026-08-23 07:08:59.057457,6573,5307,3198,0
2026-08-23 07:08:59.057477,6421,5274,2903,0
2026-08-23 07:08:59.057497,6505,5297,2869,0
2026-08-23 07:08:59.057517,6515,5347,3205,0
2026-08-23 07:08:59.057537,6382,5269,2097,0
2026-08-23 07:08:59.057557,6442,5300,2587,0
2026-08-23 07:08:59.057577,6486,5326,2754,0
2026-08-23 07:08:59.078211,6432,4687,2764,0
2026-08-23 07:08:59.078231,6327,4704,661,0
2026-08-23 07:08:59.078251,6398,5013,2933,0
2026-08-23 07:08:59.078271,6498,5098,2917,0
2026-08-23 07:08:59.078291,6521,5210,3460,0
2026-08-23 07:08:59.078311,6413,5189,2647,0
2026-08-23 07:08:59.078331,6487,5271,2582,0
2026-08-23 07:08:59.078351,6480,5306,2885,0
2026-08-23 07:08:59.078371,6418,5288,2774,0
2026-08-23 07:08:59.078391,6493,5352,2941,0
2026-08-23 07:08:59.078411,6506,5371,2968,0
2026-08-23 07:08:59.078431,6288,5029,0,0
2026-08-23 07:08:59.078451,6399,5283,2685,0
2026-08-23 07:08:59.099374,6407,4669,2665,0
2026-08-23 07:08:59.099394,6462,4879,2601,0
2026-08-23 07:08:59.099414,6499,5034,2972,0
2026-08-23 07:08:59.099434,6424,5080,3000,0
2026-08-23 07:08:59.099454,6496,5198,2867,0
2026-08-23 07:08:59.099474,6519,5235,3088,0
2026-08-23 07:08:59.099494,6336,5075,810,0
2026-08-23 07:08:59.099514,6395,5293,2691,0
2026-08-23 07:08:59.099534,6478,5340,2614,0
2026-08-23 07:08:59.099554,6489,5355,3022,0
2026-08-23 07:08:59.099574,6410,5332,2701,0
2026-08-23 07:08:59.099594,6474,5331,2877,0
2026-08-23 07:08:59.099614,6503,5375,3537,0
2026-08-23 07:08:59.120323,6436,4742,3238,0
2026-08-23 07:08:59.120343,6406,4815,2632,0
2026-08-23 07:08:59.120363,6475,4991,2597,0
2026-08-23 07:08:59.120384,6484,5067,2731,0
2026-08-23 07:08:59.120404,6358,4862,0,0
2026-08-23 07:08:59.120424,6392,5196,2947,0
2026-08-23 07:08:59.120444,6500,5224,2878,0
2026-08-23 07:08:59.120464,6511,5327,3339,0
2026-08-23 07:08:59.120483,6408,5236,2529,0
2026-08-23 07:08:59.120503,6466,5301,2574,0
2026-08-23 07:08:59.120523,6486,5309,2793,0
2026-08-23 07:08:59.120543,6419,5319,2624,0
2026-08-23 07:08:59.120564,6479,5344,2920,0
2026-08-23 07:08:59.141268,6424,4673,2899,0
2026-08-23 07:08:59.141289,6491,4889,2973,0
2026-08-23 07:08:59.141309,6523,5052,3526,0
2026-08-23 07:08:59.141329,6413,5079,2670,0
2026-08-23 07:08:59.141349,6468,5186,2593,0
2026-08-23 07:08:59.141369,6478,5260,2959,0
2026-08-23 07:08:59.141389,6428,5244,2941,0
2026-08-23 07:08:59.141409,6497,5310,2922,0
2026-08-23 07:08:59.141428,6497,5314,3008,0
2026-08-23 07:08:59.141448,6291,5070,0,0
2026-08-23 07:08:59.141469,6395,5305,2712,0
2026-08-23 07:08:59.141489,6472,5320,2609,0
2026-08-23 07:08:59.141509,6493,5356,3124,0
2026-08-23 07:08:59.162432,6317,4701,3016,0
2026-08-23 07:08:59.162452,6424,4846,3044,0
2026-08-23 07:08:59.162472,6506,5019,2906,0
2026-08-23 07:08:59.162492,6506,5157,3100,0
2026-08-23 07:08:59.162512,6381,5098,1567,0
2026-08-23 07:08:59.162532,6425,5197,2676,0
2026-08-23 07:08:59.162552,6476,5280,2638,0
2026-08-23 07:08:59.162572,6497,5316,3124,0
2026-08-23 07:08:59.162592,6429,5322,2824,0
2026-08-23 07:08:59.162612,6495,5318,2888,0
2026-08-23 07:08:59.162632,6512,5375,3143,0
2026-08-23 07:08:59.162652,6398,5236,1983,0
2026-08-23 07:08:59.162672,6440,5313,2589,0
2026-08-23 07:08:59.183104,6423,4671,2614,0
2026-08-23 07:08:59.183124,6480,4856,2744,0
2026-08-23 07:08:59.183144,6259,4697,0,0
2026-08-23 07:08:59.183164,6393,5069,2933,0
2026-08-23 07:08:59.183184,6490,5190,2900,0
2026-08-23 07:08:59.183204,6508,5268,3367,0
2026-08-23 07:08:59.183224,6406,5228,2548,0
2026-08-23 07:08:59.183244,6482,5276,2582,0
2026-08-23 07:08:59.183264,6486,5287,2810,0
2026-08-23 07:08:59.183284,6406,5250,2425,0
2026-08-23 07:08:59.183304,6471,5350,2979,0
2026-08-23 07:08:59.183324,6507,5325,2976,0
2026-08-23 07:08:59.183344,6293,5090,0,0
2026-08-23 07:08:59.204366,6434,4753,3351,0
2026-08-23 07:08:59.204386,6403,4866,2541,0
2026-08-23 07:08:59.204406,6468,5008,2588,0
2026-08-23 07:08:59.204427,6480,5087,2799,0
2026-08-23 07:08:59.204447,6405,5156,2334,0
2026-08-23 07:08:59.204467,6463,5262,2980,0
2026-08-23 07:08:59.204487,6511,5266,2932,0
2026-08-23 07:08:59.204507,6518,5357,3431,0
2026-08-23 07:08:59.204526,6423,5274,2721,0
2026-08-23 07:08:59.204546,6485,5297,2598,0
2026-08-23 07:08:59.204566,6489,5338,2828,0
2026-08-23 07:08:59.204587,6330,5266,1774,0
2026-08-23 07:08:59.204607,6431,5299,2868,0
2026-08-23 07:08:59.225547,6426,4680,2914,0
2026-08-23 07:08:59.225567,6508,4870,3103,0
2026-08-23 07:08:59.225587,6373,4868,1549,0
2026-08-23 07:08:59.225607,6416,5058,2668,0
2026-08-23 07:08:59.225627,6481,5159,2624,0
2026-08-23 07:08:59.225647,6493,5278,3113,0
2026-08-23 07:08:59.225667,6420,5276,2806,0
2026-08-23 07:08:59.225687,6493,5315,2880,0
2026-08-23 07:08:59.225707,6511,5316,3143,0
2026-08-23 07:08:59.225727,6363,5221,1346,0
2026-08-23 07:08:59.225747,6398,5325,2624,0
2026-08-23 07:08:59.225767,6483,5316,2708,0
2026-08-23 07:08:59.225787,6409,5247,2249,0
2026-08-23 07:08:59.245704,6282,4404,0,0
2026-08-23 07:08:59.245724,6391,4864,2947,0
2026-08-23 07:08:59.245744,6500,4970,2911,0
2026-08-23 07:08:59.245764,6520,5168,3447,0
2026-08-23 07:08:59.245785,6418,5102,2641,0
2026-08-23 07:08:59.245805,6470,5212,2577,0
2026-08-23 07:08:59.245825,6506,5255,2864,0
2026-08-23 07:08:59.245845,6422,5261,2749,0
2026-08-23 07:08:59.245864,6483,5304,2946,0
2026-08-23 07:08:59.245884,6494,5326,2953,0
2026-08-23 07:08:59.245904,6520,5355,3511,0
2026-08-23 07:08:59.245924,6413,5306,2710,0
2026-08-23 07:08:59.245944,6474,5320,2667,0
2026-08-23 07:08:59.265539,6426,4792,2677,0
2026-08-23 07:08:59.265559,6478,4910,2536,0
2026-08-23 07:08:59.265579,6494,5101,3089,0
2026-08-23 07:08:59.265599,6425,5130,3038,0
2026-08-23 07:08:59.265619,6511,5203,2890,0
2026-08-23 07:08:59.265639,6510,5251,3120,0
2026-08-23 07:08:59.265659,6380,5219,1875,0
2026-08-23 07:08:59.265679,6429,5307,2653,0
2026-08-23 07:08:59.265699,6473,5347,2627,0
2026-08-23 07:08:59.265719,6497,5396,3182,0
2026-08-23 07:08:59.265739,6418,5323,2862,0
2026-08-23 07:08:59.265759,6497,5365,2886,0
2026-08-23 07:08:59.286114,6422,4729,2920,0
2026-08-23 07:08:59.286134,6509,4911,3048,0
2026-08-23 07:08:59.286155,6347,4866,800,0
2026-08-23 07:08:59.286175,6393,5133,2688,0
2026-08-23 07:08:59.286195,6475,5172,2624,0
2026-08-23 07:08:59.286215,6493,5259,3029,0
2026-08-23 07:08:59.286235,6416,5243,2692,0
2026-08-23 07:08:59.286255,6489,5314,2883,0
2026-08-23 07:08:59.286274,6507,5339,3080,0
2026-08-23 07:08:59.286294,6334,5140,545,0
2026-08-23 07:08:59.286314,6385,5338,2628,0
2026-08-23 07:08:59.286335,6470,5353,2660,0
2026-08-23 07:08:59.286355,6356,5216,913,0
2026-08-23 07:08:59.307203,6435,4758,3250,0
2026-08-23 07:08:59.307223,6419,4876,2932,0
2026-08-23 07:08:59.307243,6505,5014,2885,0
2026-08-23 07:08:59.307263,6511,5160,3293,0
2026-08-23 07:08:59.307283,6413,5133,2401,0
2026-08-23 07:08:59.307303,6460,5213,2612,0
2026-08-23 07:08:59.307323,6479,5255,2759,0
2026-08-23 07:08:59.307343,6384,5172,1842,0
2026-08-23 07:08:59.307363,6445,5300,2997,0
2026-08-23 07:08:59.307383,6504,5349,2909,0
2026-08-23 07:08:59.307403,6515,5390,3495,0
2026-08-23 07:08:59.307423,6414,5298,2731,0
2026-08-23 07:08:59.307443,6478,5331,2609,0
2026-08-23 07:08:59.328156,6415,4674,2526,0
2026-08-23 07:08:59.328176,6474,4859,2909,0
2026-08-23 07:08:59.328197,6432,5017,2953,0
2026-08-23 07:08:59.328217,6506,5095,2908,0
2026-08-23 07:08:59.328237,6507,5204,3018,0
2026-08-23 07:08:59.328257,6277,4956,0,0
2026-08-23 07:08:59.328277,6383,5233,2714,0
2026-08-23 07:08:59.328297,6477,5268,2598,0
2026-08-23 07:08:59.328316,6478,5320,2963,0
2026-08-23 07:08:59.328336,6404,5271,2449,0
2026-08-23 07:08:59.328357,6466,5364,2884,0
2026-08-23 07:08:59.328377,6506,5349,3091,0
2026-08-23 07:08:59.328397,6390,5224,1911,0
2026-08-23 07:08:59.349220,6364,4626,1326,0
2026-08-23 07:08:59.349240,6394,4853,2671,0
2026-08-23 07:08:59.349260,6473,4989,2643,0
2026-08-23 07:08:59.349280,6493,5172,3140,0
2026-08-23 07:08:59.349300,6420,5193,2835,0
2026-08-23 07:08:59.349320,6487,5253,2879,0
2026-08-23 07:08:59.349340,6507,5306,3165,0
2026-08-23 07:08:59.349360,6370,5172,1561,0
2026-08-23 07:08:59.349380,6405,5317,2617,0
2026-08-23 07:08:59.349400,6479,5328,2679,0
2026-08-23 07:08:59.349420,6288,5105,0,0
2026-08-23 07:08:59.349440,6398,5337,3025,0
2026-08-23 07:08:59.349460,6500,5324,2941,0
2026-08-23 07:08:59.370301,6428,4721,2899,0
2026-08-23 07:08:59.370322,6503,4937,3334,0
2026-08-23 07:08:59.370342,6400,4979,2467,0
2026-08-23 07:08:59.370362,6455,5056,2586,0
2026-08-23 07:08:59.370382,6482,5156,2785,0
2026-08-23 07:08:59.370402,6398,5172,2106,0
2026-08-23 07:08:59.370422,6453,5302,2991,0
2026-08-23 07:08:59.370442,6475,5330,2929,0
2026-08-23 07:08:59.370461,6528,5348,3393,0
2026-08-23 07:08:59.370481,6422,5327,2725,0
2026-08-23 07:08:59.370502,6454,5308,2594,0
2026-08-23 07:08:59.370522,6392,5371,2840,0
2026-08-23 07:08:59.370542,6395,5291,2168,0
2026-08-23 07:08:59.390322,6418,4711,2894,0
2026-08-23 07:08:59.390342,6482,4863,2920,0
2026-08-23 07:08:59.390362,6503,5001,3011,0
2026-08-23 07:08:59.390382,6296,4911,0,0
2026-08-23 07:08:59.390402,6385,5194,2699,0
2026-08-23 07:08:59.390422,6474,5247,2625,0
2026-08-23 07:08:59.390442,6481,5281,2981,0
2026-08-23 07:08:59.390462,6396,5280,2519,0
2026-08-23 07:08:59.390482,6477,5314,2891,0
2026-08-23 07:08:59.390502,6492,5367,3027,0
2026-08-23 07:08:59.390522,6280,5072,0,0
2026-08-23 07:08:59.390542,6385,5308,2634,0
2026-08-23 07:08:59.390562,6471,5292,2798,0
2026-08-23 07:08:59.410910,6416,4819,2665,0
2026-08-23 07:08:59.410930,6485,4968,2660,0
2026-08-23 07:08:59.410950,6501,5127,3179,0
2026-08-23 07:08:59.410970,6416,5153,2890,0
2026-08-23 07:08:59.410990,6494,5199,2886,0
2026-08-23 07:08:59.411010,6511,5289,3191,0
2026-08-23 07:08:59.411030,6383,5209,1879,0
2026-08-23 07:08:59.411050,6430,5270,2600,0
2026-08-23 07:08:59.411070,6473,5306,2681,0
2026-08-23 07:08:59.411090,6338,5182,412,0
2026-08-23 07:08:59.411110,6401,5345,3022,0
2026-08-23 07:08:59.411130,6495,5378,2904,0
2026-08-23 07:08:59.411150,6503,5388,3463,0
2026-08-23 07:08:59.430882,6352,4508,1423,0
2026-08-23 07:08:59.430902,6412,4842,2625,0
2026-08-23 07:08:59.430922,6474,4978,2685,0
2026-08-23 07:08:59.430942,6298,4840,0,0
2026-08-23 07:08:59.430962,6391,5167,3027,0
2026-08-23 07:08:59.430982,6497,5222,2882,0
2026-08-23 07:08:59.431002,6483,5320,3242,0
2026-08-23 07:08:59.431022,6394,5235,2491,0
2026-08-23 07:08:59.431042,6465,5319,2622,0
2026-08-23 07:08:59.431062,6488,5330,2714,0
2026-08-23 07:08:59.431082,6347,4946,0,0
2026-08-23 07:08:59.431102,6404,5272,2931,0
2026-08-23 07:08:59.451847,6396,4701,2017,0
2026-08-23 07:08:59.451867,6436,4913,2973,0
2026-08-23 07:08:59.451887,6508,5058,2933,0
2026-08-23 07:08:59.451907,6517,5157,3403,0
2026-08-23 07:08:59.451927,6382,5155,2724,0
2026-08-23 07:08:59.451947,6480,5239,2606,0
2026-08-23 07:08:59.451967,6486,5287,2795,0
2026-08-23 07:08:59.451988,6330,5130,554,0
2026-08-23 07:08:59.452007,6394,5339,2900,0
2026-08-23 07:08:59.452027,6495,5376,2933,0
2026-08-23 07:08:59.452047,6524,5378,3446,0
2026-08-23 07:08:59.452067,6427,5337,2669,0
2026-08-23 07:08:59.452087,6471,5328,2610,0
2026-08-23 07:08:59.472879,6420,4692,2606,0
2026-08-23 07:08:59.472899,6485,4909,2972,0
2026-08-23 07:08:59.472919,6399,4955,2596,0
2026-08-23 07:08:59.472939,6473,5083,2887,0
2026-08-23 07:08:59.472959,6500,5210,3089,0
2026-08-23 07:08:59.472979,6291,4979,0,0
2026-08-23 07:08:59.472999,6386,5276,2650,0
2026-08-23 07:08:59.473019,6473,5279,2618,0
2026-08-23 07:08:59.473039,6489,5318,3118,0
2026-08-23 07:08:59.473059,6429,5326,3038,0
2026-08-23 07:08:59.473079,6513,5334,2888,0
2026-08-23 07:08:59.473099,6512,5356,3165,0
2026-08-23 07:08:59.473119,6407,5281,2596,0
2026-08-23 07:08:59.493898,6352,4564,1087,0
2026-08-23 07:08:59.493918,6397,4846,2610,0
2026-08-23 07:08:59.493938,6483,4977,2703,0
2026-08-23 07:08:59.493958,6312,4876,0,0
2026-08-23 07:08:59.493979,6404,5221,3033,0
2026-08-23 07:08:59.493999,6499,5236,2936,0
2026-08-23 07:08:59.494019,6509,5338,3243,0
2026-08-23 07:08:59.494039,6406,5251,2515,0
2026-08-23 07:08:59.494058,6473,5322,2637,0
2026-08-23 07:08:59.494078,6492,5317,2702,0
2026-08-23 07:08:59.494098,6494,5381,3281,0
2026-08-23 07:08:59.494118,6412,5327,2945,0
2026-08-23 07:08:59.494138,6501,5317,2930,0
2026-08-23 07:08:59.514247,6421,4730,2917,0
2026-08-23 07:08:59.514267,6511,4935,3409,0
2026-08-23 07:08:59.514287,6406,4954,2735,0
2026-08-23 07:08:59.514307,6469,5089,2595,0
2026-08-23 07:08:59.514327,6474,5167,2818,0
2026-08-23 07:08:59.514347,6327,5069,673,0
2026-08-23 07:08:59.514367,6407,5286,2925,0
2026-08-23 07:08:59.514387,6497,5326,2899,0
2026-08-23 07:08:59.514407,6518,5373,3651,0
2026-08-23 07:08:59.514427,6420,5288,2658,0
2026-08-23 07:08:59.514447,6477,5312,2590,0
2026-08-23 07:08:59.514467,6501,5337,2918,0
2026-08-23 07:08:59.514487,6433,5304,3047,0
2026-08-23 07:08:59.535527,6432,4836,3222,0
2026-08-23 07:08:59.535547,6423,4894,2926,0
2026-08-23 07:08:59.535567,6498,5052,2887,0
2026-08-23 07:08:59.535587,6509,5192,3293,0
2026-08-23 07:08:59.535607,6403,5162,2377,0
2026-08-23 07:08:59.535627,6468,5241,2595,0
2026-08-23 07:08:59.535647,6492,5312,2764,0
2026-08-23 07:08:59.535667,6396,5233,1789,0
2026-08-23 07:08:59.535687,6440,5347,2994,0
2026-08-23 07:08:59.535707,6501,5377,2896,0
2026-08-23 07:08:59.535727,6515,5402,3355,0
2026-08-23 07:08:59.535747,6423,5336,2715,0
2026-08-23 07:08:59.535767,6488,5320,2598,0
2026-08-23 07:08:59.555779,6411,4666,2588,0
2026-08-23 07:08:59.555799,6486,4915,3002,0
2026-08-23 07:08:59.555819,6427,4980,3008,0
2026-08-23 07:08:59.555839,6507,5096,2912,0
2026-08-23 07:08:59.555859,6511,5177,3046,0
2026-08-23 07:08:59.555879,6351,5050,920,0
2026-08-23 07:08:59.555899,6393,5235,2683,0
2026-08-23 07:08:59.555919,6480,5309,2627,0
2026-08-23 07:08:59.555938,6497,5339,3049,0
2026-08-23 07:08:59.555959,6417,5335,2731,0
2026-08-23 07:08:59.555979,6479,5330,2873,0
2026-08-23 07:08:59.555999,6512,5383,3150,0
2026-08-23 07:08:59.556019,6415,5256,2598,0
2026-08-23 07:08:59.577146,6439,4840,3339,0
2026-08-23 07:08:59.577166,6414,4885,2742,0
2026-08-23 07:08:59.577186,6475,4996,2590,0
2026-08-23 07:08:59.577206,6488,5155,2886,0
2026-08-23 07:08:59.577226,6391,5104,1957,0
2026-08-23 07:08:59.577246,6453,5258,2906,0
2026-08-23 07:08:59.577266,6514,5281,2967,0
2026-08-23 07:08:59.577286,6526,5347,3610,0
2026-08-23 07:08:59.577306,6415,5284,2659,0
2026-08-23 07:08:59.577326,6480,5290,2584,0
2026-08-23 07:08:59.577346,6492,5331,2985,0
2026-08-23 07:08:59.577366,6432,5359,3061,0
2026-08-23 07:08:59.577386,6513,5343,2898,0
2026-08-23 07:08:59.598431,6424,4717,2863,0
2026-08-23 07:08:59.598451,6492,4877,3209,0
2026-08-23 07:08:59.598471,6389,4937,2139,0
2026-08-23 07:08:59.598491,6441,5053,2586,0
2026-08-23 07:08:59.598511,6478,5194,2708,0
2026-08-23 07:08:59.598531,6362,5133,1219,0
2026-08-23 07:08:59.598551,6418,5279,2999,0
2026-08-23 07:08:59.598571,6503,5331,2697,0
2026-08-23 07:08:59.598591,6519,5351,3328,0
2026-08-23 07:08:59.598611,6417,5293,2661,0
2026-08-23 07:08:59.598631,6479,5329,2609,0
2026-08-23 07:08:59.598651,6472,5331,2793,0
2026-08-23 07:08:59.598671,6399,5279,2176,0
2026-08-23 07:08:59.618702,6393,4675,2930,0
2026-08-23 07:08:59.618722,6497,4883,2906,0
2026-08-23 07:08:59.618742,6504,4990,3027,0
2026-08-23 07:08:59.618762,6315,4924,337,0
2026-08-23 07:08:59.618782,6393,5153,2698,0
2026-08-23 07:08:59.618802,6478,5225,2597,0
2026-08-23 07:08:59.618822,6494,5288,3021,0
2026-08-23 07:08:59.618842,6403,5261,2642,0
2026-08-23 07:08:59.618862,6488,5302,2909,0
2026-08-23 07:08:59.618882,6497,5360,3093,0
2026-08-23 07:08:59.618902,6319,5136,194,0
2026-08-23 07:08:59.618922,6395,5345,2620,0
2026-08-23 07:08:59.618942,6468,5343,2774,0
2026-08-23 07:08:59.639737,6419,4778,2827,0
2026-08-23 07:08:59.639757,6490,4967,2712,0
2026-08-23 07:08:59.639777,6400,4900,0,0
2026-08-23 07:08:59.639797,6402,5133,2948,0
2026-08-23 07:08:59.639817,6491,5201,2884,0
2026-08-23 07:08:59.639837,6509,5281,3325,0
2026-08-23 07:08:59.639857,6407,5243,2491,0
2026-08-23 07:08:59.639877,6466,5303,2581,0
2026-08-23 07:08:59.639897,6484,5302,2782,0
2026-08-23 07:08:59.639917,6396,5294,2217,0
2026-08-23 07:08:59.639937,6456,5361,2977,0
2026-08-23 07:08:59.639957,6509,5381,2926,0
2026-08-23 07:08:59.639977,6392,5196,1672,0
2026-08-23 07:08:59.660630,6332,4587,31,0
2026-08-23 07:08:59.660650,6400,4832,2667,0
2026-08-23 07:08:59.660670,6474,4955,2614,0
2026-08-23 07:08:59.660690,6493,5104,3052,0
2026-08-23 07:08:59.660710,6412,5167,3040,0
2026-08-23 07:08:59.660730,6500,5190,2893,0
2026-08-23 07:08:59.660750,6506,5284,3097,0
2026-08-23 07:08:59.660770,6362,5161,1354,0
2026-08-23 07:08:59.660790,6321,5288,2667,0
2026-08-23 07:08:59.660810,6481,5309,2620,0
2026-08-23 07:08:59.660830,6494,5391,3105,0
2026-08-23 07:08:59.660850,6420,5317,2866,0
2026-08-23 07:08:59.660870,6489,5358,2891,0
2026-08-23 07:08:59.681708,6423,4733,2912,0
2026-08-23 07:08:59.681728,6493,4924,3198,0
2026-08-23 07:08:59.681748,6407,4971,2337,0
2026-08-23 07:08:59.681768,6469,5061,2636,0
2026-08-23 07:08:59.681788,6481,5161,2669,0
2026-08-23 07:08:59.681808,6471,5253,3224,0
2026-08-23 07:08:59.681828,6415,5276,2914,0
2026-08-23 07:08:59.681848,6499,5266,2873,0
2026-08-23 07:08:59.681868,6500,5326,3226,0
2026-08-23 07:08:59.681888,6392,5274,2159,0
2026-08-23 07:08:59.681908,6446,5331,2598,0
2026-08-23 07:08:59.681928,6489,5330,2738,0
2026-08-23 07:08:59.681948,6402,5306,2448,0
2026-08-23 07:08:59.702765,6303,4461,0,0
2026-08-23 07:08:59.702785,6391,4859,2949,0
2026-08-23 07:08:59.702806,6491,4999,2925,0
2026-08-23 07:08:59.702826,6598,5148,3435,0
2026-08-23 07:08:59.702846,6411,5146,2635,0
2026-08-23 07:08:59.702866,6475,5196,2577,0
2026-08-23 07:08:59.702886,6483,5265,2850,0
2026-08-23 07:08:59.702906,6429,5298,2734,0
2026-08-23 07:08:59.702925,6486,5342,2936,0
2026-08-23 07:08:59.702945,6507,5335,2953,0
2026-08-23 07:08:59.702965,6524,5397,3540,0
2026-08-23 07:08:59.702986,6427,5302,2725,0
2026-08-23 07:08:59.703006,6492,5298,2624,0
2026-08-23 07:08:59.723934,6419,4677,2589,0
2026-08-23 07:08:59.723954,6489,4920,3032,0
2026-08-23 07:08:59.723974,6423,4979,3024,0
2026-08-23 07:08:59.723994,6501,5090,2904,0
2026-08-23 07:08:59.724014,6504,5220,3093,0
2026-08-23 07:08:59.724034,6358,5071,1275,0
2026-08-23 07:08:59.724054,6402,5241,2689,0
2026-08-23 07:08:59.724074,6474,5301,2633,0
2026-08-23 07:08:59.724094,6496,5337,3045,0
2026-08-23 07:08:59.724114,6417,5321,2740,0
2026-08-23 07:08:59.724134,6490,5331,2884,0
2026-08-23 07:08:59.724154,6513,5350,3143,0
2026-08-23 07:08:59.724174,6396,5293,2234,0
2026-08-23 07:08:59.744884,6408,4697,2474,0
2026-08-23 07:08:59.744904,6459,4837,2623,0
2026-08-23 07:08:59.744924,6483,4974,2726,0
2026-08-23 07:08:59.744944,6395,4930,0,0
2026-08-23 07:08:59.744964,6394,5192,2902,0
2026-08-23 07:08:59.744984,6498,5240,2890,0
2026-08-23 07:08:59.745004,6527,5294,3339,0
2026-08-23 07:08:59.745024,6408,5233,2480,0
2026-08-23 07:08:59.745044,6469,5263,2589,0
2026-08-23 07:08:59.745064,6479,5327,2767,0
2026-08-23 07:08:59.745084,6391,5262,2076,0
2026-08-23 07:08:59.745104,6447,5330,2957,0
2026-08-23 07:08:59.745124,6512,5349,3001,0
2026-08-23 07:08:59.765849,6421,4729,2939,0
2026-08-23 07:08:59.765869,6518,4938,3501,0
2026-08-23 07:08:59.765889,6417,4974,2664,0
2026-08-23 07:08:59.765909,6477,5066,2585,0
2026-08-23 07:08:59.765929,6474,5166,2906,0
2026-08-23 07:08:59.765949,6426,5249,2861,0
2026-08-23 07:08:59.765969,6498,5293,2928,0
2026-08-23 07:08:59.765989,6509,5289,2974,0
2026-08-23 07:08:59.766009,6262,4982,0,0
2026-08-23 07:08:59.766029,6378,5293,2734,0
2026-08-23 07:08:59.766049,6475,5316,2594,0
2026-08-23 07:08:59.766069,6495,5322,3003,0
2026-08-23 07:08:59.766089,6416,5282,2847,0
2026-08-23 07:08:59.787009,6431,4705,3019,0
2026-08-23 07:08:59.787030,6506,4853,2903,0
2026-08-23 07:08:59.787050,6517,5006,3084,0
2026-08-23 07:08:59.787070,6347,4982,1237,0
2026-08-23 07:08:59.787090,6413,5143,2677,0
2026-08-23 07:08:59.787110,6483,5206,2633,0
2026-08-23 07:08:59.787130,6498,5293,3080,0
2026-08-23 07:08:59.787150,6417,5270,2784,0
2026-08-23 07:08:59.787169,6494,5331,2893,0
2026-08-23 07:08:59.787189,6508,5369,3119,0
2026-08-23 07:08:59.787210,6338,5205,1154,0
2026-08-23 07:08:59.787230,6404,5341,2597,0
2026-08-23 07:08:59.787250,6481,5352,2681,0
2026-08-23 07:08:59.807827,6421,4690,2702,0
2026-08-23 07:08:59.807847,6385,4641,0,0
2026-08-23 07:08:59.807867,6404,5009,2845,0
2026-08-23 07:08:59.807887,6498,5103,2905,0
2026-08-23 07:08:59.807907,6525,5195,3366,0
2026-08-23 07:08:59.807927,6413,5159,2529,0
2026-08-23 07:08:59.807947,6467,5225,2588,0
2026-08-23 07:08:59.807967,6484,5309,2806,0
2026-08-23 07:08:59.807986,6401,5254,2319,0
2026-08-23 07:08:59.808007,6468,5362,2977,0
2026-08-23 07:08:59.808027,6509,5339,2918,0
2026-08-23 07:08:59.808047,6526,5412,3493,0
2026-08-23 07:08:59.808067,6434,5299,2710,0
2026-08-23 07:08:59.829011,6408,4675,2595,0
2026-08-23 07:08:59.829031,6467,4849,2581,0
2026-08-23 07:08:59.829051,6483,5003,2879,0
2026-08-23 07:08:59.829072,6417,5139,2753,0
2026-08-23 07:08:59.829092,6481,5177,2958,0
2026-08-23 07:08:59.829112,6515,5276,2961,0
2026-08-23 07:08:59.829132,6524,5332,3522,0
2026-08-23 07:08:59.829152,6420,5290,2736,0
2026-08-23 07:08:59.829171,6486,5298,2600,0
2026-08-23 07:08:59.829191,6487,5355,2871,0
2026-08-23 07:08:59.829211,6380,5243,1816,0
2026-08-23 07:08:59.829232,6432,5361,2897,0
2026-08-23 07:08:59.829252,6519,5342,3091,0
2026-08-23 07:08:59.849359,6413,4705,3049,0
2026-08-23 07:08:59.849379,6349,4773,1399,0
2026-08-23 07:08:59.849399,6420,4971,2678,0
2026-08-23 07:08:59.849419,6486,5078,2638,0
2026-08-23 07:08:59.849439,6491,5234,2984,0
2026-08-23 07:08:59.849459,6415,5200,2827,0
2026-08-23 07:08:59.849479,6483,5291,2887,0
2026-08-23 07:08:59.849499,6512,5316,3158,0
2026-08-23 07:08:59.849519,6359,5223,1427,0
2026-08-23 07:08:59.849539,6417,5325,2618,0
2026-08-23 07:08:59.849559,6483,5353,2669,0
2026-08-23 07:08:59.849579,6355,5198,687,0
2026-08-23 07:08:59.849599,6405,5301,2700,0
2026-08-23 07:08:59.869447,6356,4657,969,0
2026-08-23 07:08:59.869467,6389,4947,2896,0
2026-08-23 07:08:59.869487,6500,5038,3016,0
2026-08-23 07:08:59.869507,6271,4787,0,0
2026-08-23 07:08:59.869527,6380,5093,2658,0
2026-08-23 07:08:59.869547,6478,5179,2604,0
2026-08-23 07:08:59.869567,6495,5258,3001,0
2026-08-23 07:08:59.869587,6425,5300,3008,0
2026-08-23 07:08:59.869607,6526,5334,2897,0
2026-08-23 07:08:59.869627,6509,5374,3058,0
2026-08-23 07:08:59.869647,6359,5212,1078,0
2026-08-23 07:08:59.869667,6402,5343,2676,0
2026-08-23 07:08:59.869687,6477,5309,2710,0
2026-08-23 07:08:59.888734,6415,4808,2612,0
2026-08-23 07:08:59.888754,6473,4923,2684,0
2026-08-23 07:08:59.888774,6317,4881,1,0
2026-08-23 07:08:59.888794,6405,5185,3034,0
2026-08-23 07:08:59.888814,6502,5207,2886,0
2026-08-23 07:08:59.888834,6513,5300,3245,0
2026-08-23 07:08:59.888855,6410,5286,2498,0
2026-08-23 07:08:59.888874,6467,5307,2632,0
2026-08-23 07:08:59.888894,6484,5369,2714,0
2026-08-23 07:08:59.888914,6501,5390,3274,0
2026-08-23 07:08:59.888934,6423,5352,2925,0
2026-08-23 07:08:59.888954,6504,5362,2889,0
2026-08-23 07:08:59.909779,6434,4732,2916,0
2026-08-23 07:08:59.909799,6518,4917,3095,0
2026-08-23 07:08:59.909819,6366,4897,1469,0
2026-08-23 07:08:59.909839,6417,5087,2654,0
2026-08-23 07:08:59.909859,6479,5166,2636,0
2026-08-23 07:08:59.909879,6487,5242,3105,0
2026-08-23 07:08:59.909899,6423,5263,2793,0
2026-08-23 07:08:59.909920,6515,5328,2882,0
2026-08-23 07:08:59.909939,6512,5368,3137,0
2026-08-23 07:08:59.909959,6352,5220,1148,0
2026-08-23 07:08:59.909979,6405,5323,2610,0
2026-08-23 07:08:59.909999,6483,5345,2682,0
2026-08-23 07:08:59.910019,6384,5239,1586,0
2026-08-23 07:08:59.930138,6451,4730,3295,0
2026-08-23 07:08:59.930158,6412,4875,2929,0
2026-08-23 07:08:59.930178,6505,5014,2907,0
2026-08-23 07:08:59.930198,6518,5164,3360,0
2026-08-23 07:08:59.930218,6414,5134,2533,0
2026-08-23 07:08:59.930238,6464,5200,2542,0
2026-08-23 07:08:59.930258,6484,5295,2800,0
2026-08-23 07:08:59.930278,6409,5231,2370,0
2026-08-23 07:08:59.930298,6470,5340,2952,0
2026-08-23 07:08:59.930318,6500,5332,2933,0
2026-08-23 07:08:59.930338,6518,5380,3457,0
2026-08-23 07:08:59.930358,6425,5306,2710,0
2026-08-23 07:08:59.930378,6487,5281,2633,0
2026-08-23 07:08:59.950612,6419,4769,2643,0
2026-08-23 07:08:59.950632,6484,4885,2664,0
2026-08-23 07:08:59.950652,6335,4883,558,0
2026-08-23 07:08:59.950672,6402,5160,3027,0
2026-08-23 07:08:59.950692,6500,5220,2902,0
2026-08-23 07:08:59.950712,6518,5259,3260,0
2026-08-23 07:08:59.950732,6404,5253,2592,0
2026-08-23 07:08:59.950752,6476,5257,2624,0
2026-08-23 07:08:59.950772,6484,5309,2715,0
2026-08-23 07:08:59.950792,6494,5353,3294,0
2026-08-23 07:08:59.950812,6424,5357,2928,0
2026-08-23 07:08:59.950832,6501,5314,2922,0
2026-08-23 07:08:59.950852,6322,5101,176,0
2026-08-23 07:08:59.970799,6433,4828,3011,0
2026-08-23 07:08:59.970819,6315,4772,152,0
2026-08-23 07:08:59.970839,6390,5028,2703,0
2026-08-23 07:08:59.970859,6489,5153,2618,0
2026-08-23 07:08:59.970879,6487,5236,2986,0
2026-08-23 07:08:59.970899,6521,5226,2607,0
2026-08-23 07:08:59.970919,6475,5321,2892,0
2026-08-23 07:08:59.970939,6504,5321,3080,0
2026-08-23 07:08:59.970959,6307,5098,133,0
2026-08-23 07:08:59.970979,6380,5342,2626,0
2026-08-23 07:08:59.970999,6478,5312,2619,0
2026-08-23 07:08:59.971019,6490,5359,3131,0
2026-08-23 07:08:59.971039,6441,5282,2899,0
2026-08-23 07:08:59.988368,6378,4674,1715,0
2026-08-23 07:08:59.988388,6427,4942,2899,0
2026-08-23 07:08:59.988408,6502,5033,2964,0
2026-08-23 07:08:59.988428,6521,5238,3605,0
2026-08-23 07:08:59.988448,6416,5183,2664,0
2026-08-23 07:08:59.988468,6481,5211,2314,0
2026-08-23 07:08:59.988488,6490,5308,2974,0
2026-08-23 07:08:59.988508,6424,5315,2993,0
2026-08-23 07:08:59.988528,6505,5338,2917,0
2026-08-23 07:08:59.988548,6510,5326,3037,0
2026-08-23 07:08:59.988568,6371,5238,1351,0
2026-08-23 07:09:00.005752,6434,4838,3048,0
2026-08-23 07:09:00.005772,6322,4772,469,0
2026-08-23 07:09:00.005792,6385,5043,2622,0
2026-08-23 07:09:00.005812,6473,5131,2624,0
2026-08-23 07:09:00.005832,6499,5252,2379,0
2026-08-23 07:09:00.005852,6420,5236,3040,0
2026-08-23 07:09:00.005872,6512,5284,2896,0
2026-08-23 07:09:00.005892,6508,5345,3167,0
2026-08-23 07:09:00.005912,6392,5272,2144,0
2026-08-23 07:09:00.005932,6445,5321,2633,0
2026-08-23 07:09:00.005952,6474,5297,2719,0
2026-08-23 07:09:00.024616,6419,4828,2643,0
2026-08-23 07:09:00.024636,6478,4971,2624,0
2026-08-23 07:09:00.024656,6495,5098,3108,0
2026-08-23 07:09:00.024676,6423,5155,3043,0
2026-08-23 07:09:00.024696,6498,5213,2895,0
2026-08-23 07:09:00.024716,6501,5267,3145,0
2026-08-23 07:09:00.024736,6294,5186,1864,0
2026-08-23 07:09:00.024756,6433,5306,2664,0
2026-08-23 07:09:00.024776,6478,5327,2643,0
2026-08-23 07:09:00.024796,6497,5348,3170,0
2026-08-23 07:09:00.024816,6430,5341,2944,0
2026-08-23 07:09:00.044117,6427,4855,3014,0
2026-08-23 07:09:00.044137,6426,4982,3033,0
2026-08-23 07:09:00.044157,6501,5095,2906,0
2026-08-23 07:09:00.044177,6506,5209,3102,0
2026-08-23 07:09:00.044197,6363,5067,1301,0
2026-08-23 07:09:00.044217,6417,5218,2684,0
2026-08-23 07:09:00.044237,6480,5304,2635,0
2026-08-23 07:09:00.044257,6483,5323,3097,0
2026-08-23 07:09:00.044277,6417,5322,2780,0
2026-08-23 07:09:00.044297,6480,5339,2877,0
2026-08-23 07:09:00.044317,6506,5371,3127,0
2026-08-23 07:09:00.044337,6368,5258,1364,0
2026-08-23 07:09:00.044357,6410,5317,2593,0
2026-08-23 07:09:00.063076,6408,4674,2615,0
2026-08-23 07:09:00.063096,6481,4860,2731,0
2026-08-23 07:09:00.063116,6262,4724,0,0
2026-08-23 07:09:00.063136,6380,5067,2958,0
2026-08-23 07:09:00.063156,6490,5149,2897,0
2026-08-23 07:09:00.063176,6509,5237,3360,0
2026-08-23 07:09:00.063196,6395,5204,2548,0
2026-08-23 07:09:00.063216,6468,5255,2586,0
2026-08-23 07:09:00.063236,6484,5316,2805,0
2026-08-23 07:09:00.063256,6408,5278,2345,0
2026-08-23 07:09:00.063276,6467,5330,2935,0
2026-08-23 07:09:00.063296,6510,5356,2990,0
2026-08-23 07:09:00.080463,6429,4806,2910,0
2026-08-23 07:09:00.080483,6507,4941,2998,0
2026-08-23 07:09:00.080503,6548,5208,2488,0
2026-08-23 07:09:00.080523,6404,5056,2659,0
2026-08-23 07:09:00.080543,6477,5172,2597,0
2026-08-23 07:09:00.080563,6492,5231,3003,0
2026-08-23 07:09:00.080583,6427,5292,3003,0
2026-08-23 07:09:00.080603,6493,5289,2899,0
2026-08-23 07:09:00.080623,6514,5336,3039,0
2026-08-23 07:09:00.080643,6350,5175,997,0
2026-08-23 07:09:00.080663,6398,5292,2645,0
2026-08-23 07:09:00.097663,6442,4863,3529,0
2026-08-23 07:09:00.097683,6412,4914,2656,0
2026-08-23 07:09:00.097703,6467,5047,2588,0
2026-08-23 07:09:00.097723,6487,5154,2950,0
2026-08-23 07:09:00.097743,6422,5206,2959,0
2026-08-23 07:09:00.097763,6505,5247,2927,0
2026-08-23 07:09:00.097783,6499,5322,3014,0
2026-08-23 07:09:00.097803,6312,5090,0,0
2026-08-23 07:09:00.097823,6388,5321,2706,0
2026-08-23 07:09:00.097843,6473,5336,2604,0
2026-08-23 07:09:00.097863,6492,5335,3138,0
2026-08-23 07:09:00.114774,6411,4808,2593,0
2026-08-23 07:09:00.114794,6484,4958,2800,0
2026-08-23 07:09:00.114815,6412,5098,2480,0
2026-08-23 07:09:00.114835,6473,5163,2958,0
2026-08-23 07:09:00.114855,6505,5222,2950,0
2026-08-23 07:09:00.114875,6513,5321,3494,0
2026-08-23 07:09:00.114894,6413,5251,2730,0
2026-08-23 07:09:00.114914,6483,5279,2592,0
2026-08-23 07:09:00.114934,6487,5319,2842,0
2026-08-23 07:09:00.114954,6375,5252,1628,0
2026-08-23 07:09:00.114974,6451,5308,2881,0
2026-08-23 07:09:00.131944,6393,4773,1942,0
2026-08-23 07:09:00.131964,6433,4963,2981,0
2026-08-23 07:09:00.131984,6508,5104,2929,0
2026-08-23 07:09:00.132004,6514,5192,3419,0
2026-08-23 07:09:00.132024,6408,5173,2716,0
2026-08-23 07:09:00.132044,6479,5254,2595,0
2026-08-23 07:09:00.132064,6480,5288,2809,0
2026-08-23 07:09:00.132084,6354,5191,861,0
2026-08-23 07:09:00.132104,6392,5336,2929,0
2026-08-23 07:09:00.132124,6500,5333,2946,0
2026-08-23 07:09:00.132144,6290,4996,0,0
2026-08-23 07:09:00.149773,6293,4787,2887,0
2026-08-23 07:09:00.149793,6513,4981,3281,0
2026-08-23 07:09:00.149813,6401,5003,2602,0
2026-08-23 07:09:00.149833,6473,5105,2590,0
2026-08-23 07:09:00.149853,6481,5191,2718,0
2026-08-23 07:09:00.149873,6503,5199,722,0
2026-08-23 07:09:00.149893,6397,5298,2946,0
2026-08-23 07:09:00.149913,6500,5322,2882,0
2026-08-23 07:09:00.149933,6401,5335,3318,0
2026-08-23 07:09:00.149953,6409,5285,2538,0
2026-08-23 07:09:00.149973,6468,5318,2536,0
2026-08-23 07:09:00.170567,6386,4767,2257,0
2026-08-23 07:09:00.170587,6452,4976,2625,0
2026-08-23 07:09:00.170607,6480,5089,2691,0
2026-08-23 07:09:00.170627,6501,5190,3242,0
2026-08-23 07:09:00.170647,6413,5194,2925,0
2026-08-23 07:09:00.170667,6503,5248,2871,0
2026-08-23 07:09:00.170687,6507,5316,3264,0
2026-08-23 07:09:00.170707,6393,5234,2296,0
2026-08-23 07:09:00.170727,6451,5289,2592,0
2026-08-23 07:09:00.170747,6479,5331,2762,0
2026-08-23 07:09:00.170767,6361,5251,1457,0
2026-08-23 07:09:00.170787,6420,5356,3010,0
2026-08-23 07:09:00.170807,6504,5342,2942,0
2026-08-23 07:09:00.191578,6418,4740,2945,0
2026-08-23 07:09:00.191598,6511,4941,3501,0
2026-08-23 07:09:00.191618,6421,4949,2665,0
2026-08-23 07:09:00.191638,6466,5084,2590,0
2026-08-23 07:09:00.191658,6471,5196,2894,0
2026-08-23 07:09:00.191678,6416,5221,2850,0
2026-08-23 07:09:00.191698,6491,5259,2938,0
2026-08-23 07:09:00.191718,6504,5297,2958,0
2026-08-23 07:09:00.191738,6361,4952,0,0
2026-08-23 07:09:00.191758,6400,5259,2724,0
2026-08-23 07:09:00.191778,6473,5286,2607,0
2026-08-23 07:09:00.191798,6486,5304,2976,0
2026-08-23 07:09:00.191818,6424,5264,2816,0
2026-08-23 07:09:00.212307,6423,4707,2967,0
2026-08-23 07:09:00.212327,6491,4846,2893,0
2026-08-23 07:09:00.212347,6509,5036,3082,0
2026-08-23 07:09:00.212367,6349,4938,986,0
2026-08-23 07:09:00.212387,6393,5147,2675,0
2026-08-23 07:09:00.212407,6481,5201,2629,0
2026-08-23 07:09:00.212427,6494,5274,3038,0
2026-08-23 07:09:00.212447,6413,5259,2764,0
2026-08-23 07:09:00.212467,6470,5291,2873,0
2026-08-23 07:09:00.212487,6507,5338,3109,0
2026-08-23 07:09:00.212507,6341,5208,947,0
2026-08-23 07:09:00.212527,6393,5297,2623,0
2026-08-23 07:09:00.212547,6468,5314,2726,0
2026-08-23 07:09:00.229652,6418,4706,2729,0
2026-08-23 07:09:00.229672,6269,4573,0,0
2026-08-23 07:09:00.229692,6388,4953,2929,0
2026-08-23 07:09:00.229712,6496,5051,2918,0
2026-08-23 07:09:00.229732,6512,5183,3381,0
2026-08-23 07:09:00.229752,6405,5170,2549,0
2026-08-23 07:09:00.229772,6458,5269,2595,0
2026-08-23 07:09:00.229792,6485,5299,2806,0
2026-08-23 07:09:00.229812,6394,5248,2416,0
2026-08-23 07:09:00.229832,6483,5354,2951,0
2026-08-23 07:09:00.229852,6506,5316,2996,0
2026-08-23 07:09:00.246845,6426,4855,2872,0
2026-08-23 07:09:00.246866,6491,4968,2861,0
2026-08-23 07:09:00.246886,6507,5133,3217,0
2026-08-23 07:09:00.246906,6388,5136,2057,0
2026-08-23 07:09:00.246926,6434,5226,2607,0
2026-08-23 07:09:00.246946,6466,5272,2724,0
2026-08-23 07:09:00.246965,6335,5131,900,0
2026-08-23 07:09:00.246985,6395,5344,3011,0
2026-08-23 07:09:00.247005,6508,5314,2901,0
2026-08-23 07:09:00.247025,6513,5375,3299,0
2026-08-23 07:09:00.247046,6418,5276,2724,0
2026-08-23 07:09:00.265148,6432,4822,3129,0
2026-08-23 07:09:00.265168,6370,4898,1850,0
2026-08-23 07:09:00.265188,6426,5018,2620,0
2026-08-23 07:09:00.265208,6480,5174,2681,0
2026-08-23 07:09:00.265228,6312,5023,33,0
2026-08-23 07:09:00.265248,6394,5282,3039,0
2026-08-23 07:09:00.265268,6501,5292,2901,0
2026-08-23 07:09:00.265288,6503,5368,3253,0
2026-08-23 07:09:00.265308,6409,5283,2444,0
2026-08-23 07:09:00.265328,6468,5341,2611,0
2026-08-23 07:09:00.265348,6473,5321,2788,0
2026-08-23 07:09:00.283133,6409,4869,2647,0
2026-08-23 07:09:00.283153,6478,4957,2591,0
2026-08-23 07:09:00.283173,6491,5105,3091,0
2026-08-23 07:09:00.283193,6421,5196,3057,0
2026-08-23 07:09:00.283213,6492,5204,2851,0
2026-08-23 07:09:00.283233,6509,5258,3123,0
2026-08-23 07:09:00.283253,6360,5205,1667,0
2026-08-23 07:09:00.283273,6421,5276,2860,0
2026-08-23 07:09:00.283293,6474,5299,2631,0
2026-08-23 07:09:00.283313,6496,5379,3119,0
2026-08-23 07:09:00.283333,6416,5347,2862,0
2026-08-23 07:09:00.283353,6480,5310,2878,0
2026-08-23 07:09:00.300406,6415,4770,2958,0
2026-08-23 07:09:00.300426,6486,4900,2939,0
2026-08-23 07:09:00.300446,6514,5090,3485,0
2026-08-23 07:09:00.300466,6408,5103,2743,0
2026-08-23 07:09:00.300486,6473,5179,2601,0
2026-08-23 07:09:00.300506,6483,5258,2863,0
2026-08-23 07:09:00.300526,6369,5183,1692,0
2026-08-23 07:09:00.300546,6415,5287,2901,0
2026-08-23 07:09:00.300566,6499,5348,2958,0
2026-08-23 07:09:00.300586,6512,5373,3554,0
2026-08-23 07:09:00.300606,6416,5282,2650,0
2026-08-23 07:09:00.319832,6434,4859,3385,0
2026-08-23 07:09:00.319852,6305,4949,2738,0
2026-08-23 07:09:00.319872,6475,5058,2596,0
2026-08-23 07:09:00.319892,6478,5153,2819,0
2026-08-23 07:09:00.319912,6336,5065,798,0
2026-08-23 07:09:00.319932,6391,5276,2938,0
2026-08-23 07:09:00.319952,6492,5299,2922,0
2026-08-23 07:09:00.319972,6512,5332,3485,0
2026-08-23 07:09:00.319992,6399,5267,2640,0
2026-08-23 07:09:00.320012,6470,5325,2529,0
2026-08-23 07:09:00.320032,6484,5323,2938,0
2026-08-23 07:09:00.320052,6423,5343,3025,0
2026-08-23 07:09:00.340668,6430,4769,3127,0
2026-08-23 07:09:00.340688,6415,4885,2871,0
2026-08-23 07:09:00.340708,6494,5025,2872,0
2026-08-23 07:09:00.340728,6504,5175,3181,0
2026-08-23 07:09:00.340748,6375,5070,1871,0
2026-08-23 07:09:00.340768,6434,5201,2611,0
2026-08-23 07:09:00.340788,6430,5280,2698,0
2026-08-23 07:09:00.340808,6326,5081,113,0
2026-08-23 07:09:00.340828,6390,5327,3048,0
2026-08-23 07:09:00.340848,6500,5387,2869,0
2026-08-23 07:09:00.340868,6499,5412,3248,0
2026-08-23 07:09:00.340888,6427,5308,2662,0
2026-08-23 07:09:00.340908,6466,5321,2612,0
2026-08-23 07:09:00.361625,6394,4704,2574,0
2026-08-23 07:09:00.361645,6471,4895,2757,0
2026-08-23 07:09:00.361665,6389,4904,1743,0
2026-08-23 07:09:00.361685,6426,5069,2992,0
2026-08-23 07:09:00.361705,6494,5169,2910,0
2026-08-23 07:09:00.361725,6514,5288,3353,0
2026-08-23 07:09:00.361745,6409,5225,2712,0
2026-08-23 07:09:00.361765,6468,5291,2603,0
2026-08-23 07:09:00.361785,6479,5320,2761,0
2026-08-23 07:09:00.361805,6286,5087,0,0
2026-08-23 07:09:00.361825,6395,5327,2921,0
2026-08-23 07:09:00.361845,6500,5327,2910,0
2026-08-23 07:09:00.361865,6514,5368,3574,0
2026-08-23 07:09:00.382692,6426,4764,3441,0
2026-08-23 07:09:00.382712,6408,4850,2747,0
2026-08-23 07:09:00.382732,6475,4962,2594,0
2026-08-23 07:09:00.382752,6467,5133,2868,0
2026-08-23 07:09:00.382772,6374,5061,1725,0
2026-08-23 07:09:00.382792,6419,5209,2917,0
2026-08-23 07:09:00.382812,6478,5255,2963,0
2026-08-23 07:09:00.382833,6514,5341,3594,0
2026-08-23 07:09:00.382852,6395,5257,2663,0
2026-08-23 07:09:00.382872,6467,5327,2453,0
2026-08-23 07:09:00.382892,6493,5365,2980,0
2026-08-23 07:09:00.382912,6413,5310,3019,0
2026-08-23 07:09:00.382932,6499,5342,2933,0
2026-08-23 07:09:00.403542,6425,4669,2878,0
2026-08-23 07:09:00.403562,6496,4855,3123,0
2026-08-23 07:09:00.403582,6347,4861,1312,0
2026-08-23 07:09:00.403602,6397,5018,2608,0
2026-08-23 07:09:00.403622,6460,5137,2666,0
2026-08-23 07:09:00.403642,6266,4968,0,0
2026-08-23 07:09:00.403662,6389,5239,3037,0
2026-08-23 07:09:00.403682,6486,5261,2893,0
2026-08-23 07:09:00.403702,6495,5328,3199,0
2026-08-23 07:09:00.403722,6413,5286,2375,0
2026-08-23 07:09:00.403742,6457,5297,2632,0
2026-08-23 07:09:00.403762,6474,5330,2698,0
2026-08-23 07:09:00.403782,6318,5092,142,0
2026-08-23 07:09:00.424287,6265,4418,0,0
2026-08-23 07:09:00.424307,6395,4901,3036,0
2026-08-23 07:09:00.424327,6492,4996,2907,0
2026-08-23 07:09:00.424347,6502,5166,3206,0
2026-08-23 07:09:00.424367,6399,5095,2423,0
2026-08-23 07:09:00.424387,6454,5204,2624,0
2026-08-23 07:09:00.424407,6476,5249,2685,0
2026-08-23 07:09:00.424427,6492,5343,3254,0
2026-08-23 07:09:00.424447,6415,5297,2927,0
2026-08-23 07:09:00.424467,6487,5325,2886,0
2026-08-23 07:09:00.424487,6502,5406,3246,0
2026-08-23 07:09:00.424507,6396,5276,2451,0
2026-08-23 07:09:00.424527,6458,5286,2612,0
2026-08-23 07:09:00.445334,6407,4660,2607,0
2026-08-23 07:09:00.445354,6471,4901,2766,0
2026-08-23 07:09:00.445374,6262,4722,0,0
2026-08-23 07:09:00.445394,6378,5100,2949,0
2026-08-23 07:09:00.445414,6488,5166,2892,0
2026-08-23 07:09:00.445434,6510,5286,3366,0
2026-08-23 07:09:00.445454,6417,5241,2525,0
2026-08-23 07:09:00.445474,6475,5255,2588,0
2026-08-23 07:09:00.445494,6480,5287,2838,0
2026-08-23 07:09:00.445514,6401,5289,2365,0
2026-08-23 07:09:00.445534,6466,5335,2967,0
2026-08-23 07:09:00.445554,6500,5337,2942,0
2026-08-23 07:09:00.445574,6312,5106,254,0
2026-08-23 07:09:00.466285,6427,4777,3390,0
2026-08-23 07:09:00.466305,6392,4859,2618,0
2026-08-23 07:09:00.466325,6468,4977,2589,0
2026-08-23 07:09:00.466345,6450,5105,2825,0
2026-08-23 07:09:00.466365,6400,5182,2611,0
2026-08-23 07:09:00.466385,6471,5257,2957,0
2026-08-23 07:09:00.466405,6493,5264,2968,0
2026-08-23 07:09:00.466425,6509,5359,3479,0
2026-08-23 07:09:00.466445,6398,5280,2725,0
2026-08-23 07:09:00.466465,6480,5298,2609,0
2026-08-23 07:09:00.466485,6475,5364,2869,0
2026-08-23 07:09:00.466505,6389,5291,2023,0
2026-08-23 07:09:00.466525,6441,5337,2889,0
2026-08-23 07:09:00.487376,6411,4718,2913,0
2026-08-23 07:09:00.487396,6495,4915,3121,0
2026-08-23 07:09:00.487416,6375,4867,1584,0
2026-08-23 07:09:00.487436,6409,5051,2664,0
2026-08-23 07:09:00.487456,6471,5197,2638,0
2026-08-23 07:09:00.487476,6508,5256,3113,0
2026-08-23 07:09:00.487496,6417,5271,2802,0
2026-08-23 07:09:00.487516,6481,5309,2889,0
2026-08-23 07:09:00.487536,6496,5318,3145,0
2026-08-23 07:09:00.487556,6349,5220,1503,0
2026-08-23 07:09:00.487576,6409,5300,2617,0
2026-08-23 07:09:00.487596,6479,5305,2695,0
2026-08-23 07:09:00.487616,6395,5251,2129,0
2026-08-23 07:09:00.508567,6282,4367,0,0
2026-08-23 07:09:00.508587,6393,4796,2931,0
2026-08-23 07:09:00.508607,6486,4938,2905,0
2026-08-23 07:09:00.508627,6514,5084,3375,0
2026-08-23 07:09:00.508647,6411,5134,2599,0
2026-08-23 07:09:00.508667,6453,5172,2577,0
2026-08-23 07:09:00.508687,6477,5260,2823,0
2026-08-23 07:09:00.508707,6406,5286,2540,0
2026-08-23 07:09:00.508727,6402,5323,2958,0
2026-08-23 07:09:00.508747,6493,5343,2941,0
2026-08-23 07:09:00.508767,6504,5397,3474,0
2026-08-23 07:09:00.508787,6424,5294,2728,0
2026-08-23 07:09:00.508807,6477,5315,2626,0
2026-08-23 07:09:00.529596,6424,4701,2590,0
2026-08-23 07:09:00.529616,6476,4861,3004,0
2026-08-23 07:09:00.529636,6418,5014,2970,0
2026-08-23 07:09:00.529656,6491,5083,2902,0
2026-08-23 07:09:00.529676,6504,5203,3040,0
2026-08-23 07:09:00.529696,6316,5033,452,0
2026-08-23 07:09:00.529716,6381,5271,2689,0
2026-08-23 07:09:00.529736,6463,5295,2616,0
2026-08-23 07:09:00.529756,6492,5340,3020,0
2026-08-23 07:09:00.529776,6401,5305,2370,0
2026-08-23 07:09:00.529796,6469,5321,2878,0
2026-08-23 07:09:00.529816,6497,5339,3121,0
2026-08-23 07:09:00.529836,6376,5228,1997,0
2026-08-23 07:09:00.550656,6393,4683,2442,0
2026-08-23 07:09:00.550676,6449,4841,2608,0
2026-08-23 07:09:00.550696,6475,4957,2702,0
2026-08-23 07:09:00.550716,6490,5169,2700,0
2026-08-23 07:09:00.550736,6409,5127,2931,0
2026-08-23 07:09:00.550756,6489,5209,2892,0
2026-08-23 07:09:00.550776,6506,5280,3313,0
2026-08-23 07:09:00.550796,6396,5225,2458,0
2026-08-23 07:09:00.550816,6456,5265,2573,0
2026-08-23 07:09:00.550836,6473,5336,2771,0
2026-08-23 07:09:00.550856,6386,5276,2059,0
2026-08-23 07:09:00.550876,6444,5317,2960,0
2026-08-23 07:09:00.550896,6506,5312,2970,0
2026-08-23 07:09:00.571652,6404,4721,2817,0
2026-08-23 07:09:00.571672,6513,4910,3599,0
2026-08-23 07:09:00.571692,6399,4945,2618,0
2026-08-23 07:09:00.571712,6462,5042,2574,0
2026-08-23 07:09:00.571732,6479,5199,2960,0
2026-08-23 07:09:00.571752,6406,5195,2975,0
2026-08-23 07:09:00.571772,6489,5253,2872,0
2026-08-23 07:09:00.571792,6501,5301,3026,0
2026-08-23 07:09:00.571812,6315,5073,79,0
2026-08-23 07:09:00.571832,6376,5332,2693,0
2026-08-23 07:09:00.571852,6466,5311,2618,0
2026-08-23 07:09:00.571872,6488,5372,3052,0
2026-08-23 07:09:00.571892,6415,5301,2917,0
2026-08-23 07:09:00.592776,6416,4722,3038,0
2026-08-23 07:09:00.592796,6501,4864,2890,0
2026-08-23 07:09:00.592816,6506,5045,3177,0
2026-08-23 07:09:00.592836,6400,5039,2282,0
2026-08-23 07:09:00.592856,6455,5155,2655,0
2026-08-23 07:09:00.592876,6475,5206,2638,0
2026-08-23 07:09:00.592896,6489,5315,3161,0
2026-08-23 07:09:00.592916,6408,5291,2916,0
2026-08-23 07:09:00.592936,6492,5331,2874,0
2026-08-23 07:09:00.592956,6492,5366,3239,0
2026-08-23 07:09:00.592976,6386,5252,2184,0
2026-08-23 07:09:00.592996,6426,5328,2597,0
2026-08-23 07:09:00.593016,6480,5309,2840,0
2026-08-23 07:09:00.613786,6417,4678,2776,0
2026-08-23 07:09:00.613806,6342,4732,980,0
2026-08-23 07:09:00.613826,6388,4982,2925,0
2026-08-23 07:09:00.613846,6490,5104,2925,0
2026-08-23 07:09:00.613866,6510,5212,3480,0
2026-08-23 07:09:00.613886,6402,5180,2653,0
2026-08-23 07:09:00.613906,6467,5216,2572,0
2026-08-23 07:09:00.613926,6473,5279,2873,0
2026-08-23 07:09:00.613946,6452,5281,2836,0
2026-08-23 07:09:00.613966,6486,5331,2925,0
2026-08-23 07:09:00.613986,6500,5333,2984,0
2026-08-23 07:09:00.614006,6281,5066,0,0
2026-08-23 07:09:00.614026,6385,5332,2662,0
2026-08-23 07:09:00.634088,6404,4712,2656,0
2026-08-23 07:09:00.634108,6467,4877,2597,0
2026-08-23 07:09:00.634128,6476,5040,2997,0
2026-08-23 07:09:00.634148,6419,5074,2996,0
2026-08-23 07:09:00.634168,6487,5207,2917,0
2026-08-23 07:09:00.634188,6501,5261,3046,0
2026-08-23 07:09:00.634208,6315,5042,370,0
2026-08-23 07:09:00.634228,6384,5257,2702,0
2026-08-23 07:09:00.634248,6471,5298,2623,0
2026-08-23 07:09:00.634268,6481,5345,3011,0
2026-08-23 07:09:00.634288,6395,5288,2635,0
2026-08-23 07:09:00.634308,6475,5349,2887,0
2026-08-23 07:09:00.634328,6502,5368,3305,0
2026-08-23 07:09:00.654558,6414,4786,2886,0
2026-08-23 07:09:00.654578,6504,4981,3414,0
2026-08-23 07:09:00.654598,6402,4999,2754,0
2026-08-23 07:09:00.654618,6474,5078,2597,0
2026-08-23 07:09:00.654638,6473,5178,2820,0
2026-08-23 07:09:00.654658,6334,5088,802,0
2026-08-23 07:09:00.654678,6403,5290,2933,0
2026-08-23 07:09:00.654698,6483,5256,2912,0
2026-08-23 07:09:00.654718,6509,5374,3461,0
2026-08-23 07:09:00.654738,6398,5301,2654,0
2026-08-23 07:09:00.654758,6459,5325,2590,0
2026-08-23 07:09:00.654778,6483,5322,2943,0
2026-08-23 07:09:00.654798,6429,5286,3049,0
2026-08-23 07:09:00.675039,6411,4775,3159,0
2026-08-23 07:09:00.675059,6408,4913,2939,0
2026-08-23 07:09:00.675079,6495,5011,2878,0
2026-08-23 07:09:00.675099,6505,5168,3322,0
2026-08-23 07:09:00.675119,6401,5161,2500,0
2026-08-23 07:09:00.675139,6452,5236,2585,0
2026-08-23 07:09:00.675159,6471,5253,2768,0
2026-08-23 07:09:00.675179,6381,5250,2111,0
2026-08-23 07:09:00.675199,6459,5310,2992,0
2026-08-23 07:09:00.675219,6502,5323,2923,0
2026-08-23 07:09:00.675239,6502,5405,3399,0
2026-08-23 07:09:00.675259,6407,5309,2733,0
2026-08-23 07:09:00.675279,6476,5305,2636,0
2026-08-23 07:09:00.692375,6404,4774,2655,0
2026-08-23 07:09:00.692395,6462,4904,2682,0
2026-08-23 07:09:00.692415,6332,4874,791,0
2026-08-23 07:09:00.692435,6393,5100,3028,0
2026-08-23 07:09:00.692455,6489,5180,2889,0
2026-08-23 07:09:00.692475,6507,5322,3269,0
2026-08-23 07:09:00.692495,6408,5238,2612,0
2026-08-23 07:09:00.692515,6457,5295,2609,0
2026-08-23 07:09:00.692535,6469,5295,2733,0
2026-08-23 07:09:00.692555,6388,5161,0,0
2026-08-23 07:09:00.692575,6394,5313,2929,0
2026-08-23 07:09:00.712995,6413,4886,3090,0
2026-08-23 07:09:00.713015,6421,4960,3035,0
2026-08-23 07:09:00.713035,6481,5059,2891,0
2026-08-23 07:09:00.713055,6490,5173,3111,0
2026-08-23 07:09:00.713075,6368,5136,1678,0
2026-08-23 07:09:00.713095,6412,5221,2672,0
2026-08-23 07:09:00.713115,6462,5312,2643,0
2026-08-23 07:09:00.713135,6475,5354,3104,0
2026-08-23 07:09:00.713155,6406,5299,2819,0
2026-08-23 07:09:00.713175,6476,5327,2865,0
2026-08-23 07:09:00.713195,6494,5355,3149,0
2026-08-23 07:09:00.713215,6397,5266,2304,0
2026-08-23 07:09:00.713235,6451,5273,2585,0
2026-08-23 07:09:00.732335,6411,4747,2734,0
2026-08-23 07:09:00.732355,6463,4922,2615,0
2026-08-23 07:09:00.732375,6486,5058,2981,0
2026-08-23 07:09:00.732395,6402,5097,2685,0
2026-08-23 07:09:00.732415,6473,5182,2433,0
2026-08-23 07:09:00.732435,6530,5279,3052,0
2026-08-23 07:09:00.732455,6311,5057,370,0
2026-08-23 07:09:00.732475,6378,5259,2623,0
2026-08-23 07:09:00.732495,6461,5321,2635,0
2026-08-23 07:09:00.732515,6487,5333,3137,0
2026-08-23 07:09:00.732535,6419,5349,3047,0
2026-08-23 07:09:00.732555,6494,5302,2901,0
2026-08-23 07:09:00.753392,6413,4779,2910,0
2026-08-23 07:09:00.753412,6483,4905,2932,0
2026-08-23 07:09:00.753432,6497,5062,3470,0
2026-08-23 07:09:00.753452,6401,5067,2630,0
2026-08-23 07:09:00.753472,6455,5186,2547,0
2026-08-23 07:09:00.753492,6471,5252,2856,0
2026-08-23 07:09:00.753512,6407,5234,2733,0
2026-08-23 07:09:00.753532,6478,5278,2953,0
2026-08-23 07:09:00.753552,6507,5343,2952,0
2026-08-23 07:09:00.753572,6514,5368,3528,0
2026-08-23 07:09:00.753592,6407,5288,2736,0
2026-08-23 07:09:00.753612,6470,5291,2600,0
2026-08-23 07:09:00.753632,6481,5320,3026,0
2026-08-23 07:09:00.772503,6420,4695,3029,0
2026-08-23 07:09:00.772523,6416,4877,3059,0
2026-08-23 07:09:00.772543,6492,4969,2939,0
2026-08-23 07:09:00.772563,6499,5102,3123,0
2026-08-23 07:09:00.772583,6370,5057,1805,0
2026-08-23 07:09:00.772603,6412,5237,2669,0
2026-08-23 07:09:00.772623,6468,5242,2698,0
2026-08-23 07:09:00.772643,6485,5303,3107,0
2026-08-23 07:09:00.772663,6422,5283,2848,0
2026-08-23 07:09:00.772683,6484,5352,2871,0
2026-08-23 07:09:00.772703,6497,5348,3179,0
2026-08-23 07:09:00.772723,6396,5292,2418,0
2026-08-23 07:09:00.791603,6426,4826,3447,0
2026-08-23 07:09:00.791623,6410,4874,2728,0
2026-08-23 07:09:00.791643,6466,4995,2603,0
2026-08-23 07:09:00.791663,6507,5128,2854,0
2026-08-23 07:09:00.791683,6363,5068,1605,0
2026-08-23 07:09:00.791703,6405,5235,2701,0
2026-08-23 07:09:00.791723,6492,5287,2951,0
2026-08-23 07:09:00.791743,6526,5374,3557,0
2026-08-23 07:09:00.791763,6394,5273,2672,0
2026-08-23 07:09:00.791783,6456,5307,2527,0
2026-08-23 07:09:00.791803,6486,5341,2964,0
2026-08-23 07:09:00.791823,6434,5308,3033,0
2026-08-23 07:09:00.810930,6515,4804,3191,0
2026-08-23 07:09:00.810950,6417,4929,2626,0
2026-08-23 07:09:00.810970,6486,5015,2880,0
2026-08-23 07:09:00.810990,6496,5148,3231,0
2026-08-23 07:09:00.811010,6386,5145,2179,0
2026-08-23 07:09:00.811030,6429,5201,2598,0
2026-08-23 07:09:00.811050,6485,5287,2720,0
2026-08-23 07:09:00.811069,6346,5183,932,0
2026-08-23 07:09:00.811090,6408,5344,3011,0
2026-08-23 07:09:00.811110,6488,5361,2903,0
2026-08-23 07:09:00.811130,6506,5382,3305,0
2026-08-23 07:09:00.811150,6400,5315,2750,0
2026-08-23 07:09:02.193044,6426,4826,3562,0
2026-08-23 07:09:02.193064,6399,4898,2650,0
2026-08-23 07:09:02.193084,6455,4985,2596,0
2026-08-23 07:09:02.193104,6477,5107,2995,0
2026-08-23 07:09:02.193124,6304,5172,3008,0
2026-08-23 07:09:02.193144,6479,5264,2910,0
2026-08-23 07:09:02.193164,6502,5275,3027,0
2026-08-23 07:09:02.193184,6323,5153,719,0
2026-08-23 07:09:02.193204,6397,5289,2693,0
2026-08-23 07:09:02.193224,6468,5344,2601,0
2026-08-23 07:09:02.193244,6495,5361,3027,0
2026-08-23 07:09:02.193264,6395,5298,2678,0
2026-08-23 07:09:02.193284,6473,5335,2873,0
2026-08-23 07:09:02.193304,6502,5367,3060,0
2026-08-23 07:09:02.193324,6300,5168,433,0
2026-08-23 07:09:02.193344,6379,5360,2638,0
2026-08-23 07:09:02.193364,6463,5345,2625,0
2026-08-23 07:09:02.193384,6481,5412,3146,0
2026-08-23 07:09:02.193404,6422,5354,3058,0
2026-08-23 07:09:02.193424,6530,5354,2860,0
2026-08-23 07:09:02.193444,6495,5401,3147,0
2026-08-23 07:09:02.193464,6378,5305,2146,0
2026-08-23 07:09:02.193484,6437,5322,2639,0
2026-08-23 07:09:02.193504,6468,5367,2656,0
2026-08-23 07:09:02.193524,6492,5388,3082,0
2026-08-23 07:09:02.193544,6408,5332,2897,0
2026-08-23 07:09:02.193564,6456,5382,2874,0
2026-08-23 07:09:02.193584,6495,5409,3205,0
2026-08-23 07:09:02.193604,6377,5302,2028,0
2026-08-23 07:09:02.193624,6414,5345,2603,0
2026-08-23 07:09:02.193644,6468,5353,2696,0
2026-08-23 07:09:02.193664,6328,5227,750,0
2026-08-23 07:09:02.193684,6397,5365,3016,0
2026-08-23 07:09:02.193704,6502,5390,2891,0
2026-08-23 07:09:02.193724,6499,5405,3425,0
2026-08-23 07:09:02.193744,6391,5320,2605,0
2026-08-23 07:09:02.193764,6466,5337,2619,0
2026-08-23 07:09:02.193784,6461,5382,2730,0
2026-08-23 07:09:02.193804,6384,5251,0,0
2026-08-23 07:09:02.193824,6386,5348,2937,0
2026-08-23 07:09:02.193844,6483,5353,2882,0
2026-08-23 07:09:02.193864,6503,5387,3292,0
2026-08-23 07:09:02.193884,6391,5310,2461,0
2026-08-23 07:09:02.193904,6447,5381,2596,0
2026-08-23 07:09:02.193924,6477,5355,2760,0
2026-08-23 07:09:02.193944,6382,5315,1962,0
2026-08-23 07:09:02.193964,6440,5362,2988,0
2026-08-23 07:09:02.193984,6491,5405,2905,0
2026-08-23 07:09:02.194004,6496,5402,3377,0
2026-08-23 07:09:02.194024,6405,5364,2756,0
2026-08-23 07:09:02.194044,6462,5331,2596,0
2026-08-23 07:09:02.194064,6469,5387,2814,0
2026-08-23 07:09:02.194084,6303,5146,16,0
2026-08-23 07:09:02.194104,6383,5363,2937,0
2026-08-23 07:09:02.194124,6482,5376,2912,0
2026-08-23 07:09:02.194144,6508,5436,3420,0
2026-08-23 07:09:02.194164,6402,5326,2605,0
2026-08-23 07:09:02.194184,6454,5326,2581,0
2026-08-23 07:09:02.194204,6469,5391,2834,0
2026-08-23 07:09:02.194224,6405,5345,2639,0
2026-08-23 07:09:02.194244,6475,5393,2945,0
2026-08-23 07:09:02.194264,6501,5399,2949,0
2026-08-23 07:09:02.194284,6523,5433,3504,0
2026-08-23 07:09:02.194304,6406,5362,2741,0
2026-08-23 07:09:02.194324,6475,5328,2546,0
2026-08-23 07:09:02.194344,6476,5345,2890,0
2026-08-23 07:09:02.194364,6369,5288,1805,0
2026-08-23 07:09:02.194384,6425,5342,2902,0
2026-08-23 07:09:02.194404,6487,5398,2970,0
2026-08-23 07:09:02.194424,6510,5425,3574,0
2026-08-23 07:09:02.194444,6399,5348,2666,0
2026-08-23 07:09:02.194464,6467,5340,2517,0
2026-08-23 07:09:02.194484,6529,5360,2953,0
2026-08-23 07:09:02.194504,6410,5382,2981,0
2026-08-23 07:09:02.194524,6489,5383,2945,0
2026-08-23 07:09:02.194544,6508,5365,3021,0
2026-08-23 07:09:02.194564,6292,5168,0,0
2026-08-23 07:09:02.194584,6377,5372,2712,0
2026-08-23 07:09:02.194604,6470,5337,2577,0
2026-08-23 07:09:02.194624,6472,5403,2995,0
2026-08-23 07:09:02.194644,6405,5323,2509,0
2026-08-23 07:09:02.194664,6463,5383,2889,0
2026-08-23 07:09:02.194684,6502,5410,2990,0
2026-08-23 07:09:02.194704,6260,5078,0,0
2026-08-23 07:09:02.194724,6380,5328,2333,0
2026-08-23 07:09:02.194744,6460,5339,2615,0
2026-08-23 07:09:02.194764,6482,5377,3050,0
2026-08-23 07:09:02.194784,6413,5360,3039,0
2026-08-23 07:09:02.194804,6490,5403,2892,0
2026-08-23 07:09:02.194824,6498,5394,3088,0
2026-08-23 07:09:02.194844,6361,5292,1555,0
2026-08-23 07:09:02.194864,6398,5344,2671,0
2026-08-23 07:09:02.194884,6468,5355,2592,0
2026-08-23 07:09:02.194904,6484,5379,3115,0
2026-08-23 07:09:02.194924,6412,5347,2819,0
2026-08-23 07:09:02.194944,6482,5391,2880,0
2026-08-23 07:09:02.194964,6502,5413,3130,0
2026-08-23 07:09:02.194984,6349,5230,1298,0
2026-08-23 07:09:02.195004,6388,5365,2616,0
2026-08-23 07:09:02.195024,6467,5352,2662,0
2026-08-23 07:09:02.195044,6255,5132,0,0
2026-08-23 07:09:02.195064,6378,5388,3028,0
2026-08-23 07:09:02.195084,6496,5358,2887,0
2026-08-23 07:09:02.195104,6494,5415,3195,0
2026-08-23 07:09:02.195124,6379,5300,2357,0
2026-08-23 07:09:02.195144,6442,5383,2628,0
2026-08-23 07:09:02.195164,6463,5397,2681,0
2026-08-23 07:09:02.195184,6485,5424,3228,0
2026-08-23 07:09:02.195204,6412,5372,2899,0
2026-08-23 07:09:02.195224,6492,5368,2879,0
2026-08-23 07:09:02.195244,6500,5394,3232,0
2026-08-23 07:09:02.195264,6377,5327,2207,0
2026-08-23 07:09:02.195284,6437,5335,2589,0
2026-08-23 07:09:02.195304,6469,5358,2651,0
2026-08-23 07:09:02.195324,6355,5245,1294,0
2026-08-23 07:09:02.195344,6403,5402,3007,0
2026-08-23 07:09:02.195364,6485,5388,2914,0
2026-08-23 07:09:02.195384,6500,5431,3317,0
2026-08-23 07:09:02.195404,6408,5369,2677,0
2026-08-23 07:09:02.195424,6460,5370,2612,0
2026-08-23 07:09:02.195444,6476,5369,2766,0
2026-08-23 07:09:02.195464,6260,5088,0,0
2026-08-23 07:09:02.195484,6384,5331,2935,0
2026-08-23 07:09:02.195504,6474,5345,2893,0
2026-08-23 07:09:02.195524,6506,5383,3349,0
2026-08-23 07:09:02.195544,6393,5336,2516,0
2026-08-23 07:09:02.195564,6457,5362,2588,0
2026-08-23 07:09:02.195584,6474,5360,2798,0
2026-08-23 07:09:02.195604,6388,5337,2282,0
2026-08-23 07:09:02.195624,6388,5394,2969,0
2026-08-23 07:09:02.195644,6499,5401,2931,0
2026-08-23 07:09:02.195664,6509,5405,3405,0
2026-08-23 07:09:02.195684,6405,5371,2717,0
2026-08-23 07:09:02.195704,6466,5325,2594,0
2026-08-23 07:09:02.195724,6491,5384,2828,0
2026-08-23 07:09:02.195744,6332,5231,853,0
2026-08-23 07:09:02.195764,6393,5359,2917,0
2026-08-23 07:09:02.195784,6489,5379,2932,0
2026-08-23 07:09:02.195804,6515,5413,3491,0
2026-08-23 07:09:02.195824,6399,5360,2643,0
2026-08-23 07:09:02.195844,6467,5362,2580,0
2026-08-23 07:09:02.195864,6476,5384,2893,0
2026-08-23 07:09:02.195884,6408,5360,2820,0
2026-08-23 07:09:02.195904,6487,5347,2935,0
2026-08-23 07:09:02.195924,6494,5396,2967,0
2026-08-23 07:09:02.195944,6381,5139,0,0
2026-08-23 07:09:02.195964,6386,5327,2722,0
2026-08-23 07:09:02.195984,6475,5373,2603,0
2026-08-23 07:09:02.196004,6472,5397,2908,0
2026-08-23 07:09:02.196024,6385,5296,2145,0
2026-08-23 07:09:02.196044,6447,5365,2891,0
2026-08-23 07:09:02.196064,6493,5399,2976,0
2026-08-23 07:09:02.196084,6405,5285,0,0
2026-08-23 07:09:02.196104,6379,5351,2667,0
2026-08-23 07:09:02.196124,6464,5330,2612,0
2026-08-23 07:09:02.196144,6468,5404,2988,0
2026-08-23 07:09:02.196164,6417,5380,3005,0
2026-08-23 07:09:02.196184,6496,5355,2894,0
2026-08-23 07:09:02.196204,6499,5397,3054,0
2026-08-23 07:09:02.196224,6322,5187,530,0
2026-08-23 07:09:02.196244,6383,5337,2705,0
2026-08-23 07:09:02.196264,6463,5369,2617,0
2026-08-23 07:09:02.196284,6480,5355,2947,0
2026-08-23 07:09:02.196304,6408,5355,2651,0
2026-08-23 07:09:02.196324,6474,5353,2887,0
2026-08-23 07:09:02.196344,6500,5390,3040,0
2026-08-23 07:09:02.196364,6289,5169,0,0
2026-08-23 07:09:02.196384,6383,5346,2644,0
2026-08-23 07:09:02.196404,6455,5373,2617,0
2026-08-23 07:09:02.196424,6476,5419,3120,0
2026-08-23 07:09:02.196444,6405,5350,3055,0
2026-08-23 07:09:02.196464,6486,5363,2900,0
2026-08-23 07:09:02.196484,6491,5407,3112,0
2026-08-23 07:09:02.196504,6360,5264,1809,0
2026-08-23 07:09:02.196524,6421,5339,2664,0
2026-08-23 07:09:02.196544,6474,5342,2653,0
2026-08-23 07:09:02.196564,6490,5419,3133,0
2026-08-23 07:09:02.196584,6409,5369,2857,0
2026-08-23 07:09:02.196604,6478,5383,2873,0
2026-08-23 07:09:02.196624,6497,5398,3154,0
2026-08-23 07:09:02.196644,6354,5249,1715,0
2026-08-23 07:09:02.196664,6413,5338,2545,0
2026-08-23 07:09:02.196684,6459,5310,2658,0
2026-08-23 07:09:02.196704,6301,5174,1,0
2026-08-23 07:09:02.196724,6397,5397,3032,0
2026-08-23 07:09:02.196744,6483,5395,2895,0
2026-08-23 07:09:02.196764,6503,5383,3239,0
2026-08-23 07:09:02.196784,6384,5342,2529,0
2026-08-23 07:09:02.196804,6459,5319,2629,0
2026-08-23 07:09:02.196824,6480,5339,2701,0
2026-08-23 07:09:02.196844,6482,5419,3263,0
2026-08-23 07:09:02.196864,6399,5341,2931,0
2026-08-23 07:09:02.196884,6488,5369,2884,0
2026-08-23 07:09:02.196904,6503,5420,3273,0
2026-08-23 07:09:02.196924,6383,5335,2377,0
2026-08-23 07:09:02.196944,6438,5363,2597,0
2026-08-23 07:09:02.196964,6470,5366,2745,0
2026-08-23 07:09:02.196984,6368,5303,1677,0
2026-08-23 07:09:02.197004,6404,5394,2986,0
2026-08-23 07:09:02.197024,6487,5401,2908,0
2026-08-23 07:09:02.197044,6510,5442,3349,0
2026-08-23 07:09:02.197064,6395,5360,2714,0
2026-08-23 07:09:02.197084,6464,5370,2608,0
2026-08-23 07:09:02.197104,6474,5386,2768,0
2026-08-23 07:09:02.197124,6274,5167,0,0
2026-08-23 07:09:02.197144,6382,5391,2928,0
2026-08-23 07:09:02.197164,6485,5352,2896,0
2026-08-23 07:09:02.197184,6504,5429,3403,0
2026-08-23 07:09:02.197204,6390,5320,2619,0
2026-08-23 07:09:02.197224,6459,5332,2539,0
2026-08-23 07:09:02.197244,6479,5368,2834,0
2026-08-23 07:09:02.197264,6398,5367,2635,0
2026-08-23 07:09:02.197284,6473,5394,2942,0
2026-08-23 07:09:02.197304,6502,5370,2945,0
2026-08-23 07:09:02.197324,6500,5437,3506,0
2026-08-23 07:09:02.197344,6405,5369,2732,0
2026-08-23 07:09:02.197364,6472,5371,2595,0
2026-08-23 07:09:02.197384,6476,5379,2874,0
2026-08-23 07:09:02.197404,6370,5274,1709,0
2026-08-23 07:09:02.197424,6411,5397,2890,0
2026-08-23 07:09:02.197444,6492,5371,2959,0
2026-08-23 07:09:02.197464,6468,5437,3561,0
2026-08-23 07:09:02.197484,6401,5337,2658,0
2026-08-23 07:09:02.197504,6474,5334,2588,0
2026-08-23 07:09:02.197524,6467,5393,2951,0
2026-08-23 07:09:02.197544,6421,5371,2932,0
2026-08-23 07:09:02.197564,6486,5378,2917,0
2026-08-23 07:09:02.197584,6489,5410,2996,0
2026-08-23 07:09:02.197604,6274,5091,0,0
2026-08-23 07:09:02.197624,6383,5331,2709,0
2026-08-23 07:09:02.197644,6468,5333,2601,0
2026-08-23 07:09:02.197664,6476,5347,2960,0
2026-08-23 07:09:02.197684,6390,5323,2454,0
2026-08-23 07:09:02.197704,6456,5378,2912,0
2026-08-23 07:09:02.197724,6491,5409,3019,0
2026-08-23 07:09:02.197744,6248,5095,0,0
2026-08-23 07:09:02.197764,6370,5336,2661,0
2026-08-23 07:09:02.197784,6457,5359,2609,0
2026-08-23 07:09:02.197804,6481,5394,3081,0
2026-08-23 07:09:02.197824,6412,5373,3030,0
2026-08-23 07:09:02.197844,6496,5348,2909,0
2026-08-23 07:09:02.197864,6505,5398,3096,0
2026-08-23 07:09:02.197884,6358,5251,1469,0
2026-08-23 07:09:02.197904,6406,5360,2676,0
2026-08-23 07:09:02.197924,6459,5367,2634,0
2026-08-23 07:09:02.197944,6485,5411,3103,0
2026-08-23 07:09:02.197964,6405,5337,2797,0
2026-08-23 07:09:02.197984,6480,5352,2881,0
2026-08-23 07:09:02.198004,6445,5413,3147,0
2026-08-23 07:09:02.198024,6348,5263,1341,0
2026-08-23 07:09:02.198044,6392,5330,2615,0
2026-08-23 07:09:02.198064,6472,5352,2659,0
2026-08-23 07:09:02.198084,6266,5083,0,0
2026-08-23 07:09:02.198104,6381,5385,3045,0
2026-08-23 07:09:02.198124,6490,5359,2891,0
2026-08-23 07:09:02.198144,6498,5418,3201,0
2026-08-23 07:09:02.198164,6392,5304,2368,0
2026-08-23 07:09:02.198184,6451,5371,2645,0
2026-08-23 07:09:02.198204,6473,5379,2690,0
2026-08-23 07:09:02.198224,6495,5383,3211,0
2026-08-23 07:09:02.198244,6397,5347,2929,0
2026-08-23 07:09:02.198264,6484,5349,2889,0
2026-08-23 07:09:02.198284,6498,5380,3248,0
2026-08-23 07:09:02.198304,6374,5288,2239,0
2026-08-23 07:09:02.198324,6436,5381,2592,0
2026-08-23 07:09:02.198344,6468,5350,2720,0
2026-08-23 07:09:02.198364,6380,5240,1219,0
2026-08-23 07:09:02.198384,6402,5398,3012,0
2026-08-23 07:09:02.198404,6495,5365,2890,0
2026-08-23 07:09:02.198424,6505,5408,3298,0
2026-08-23 07:09:02.198444,6407,5367,2668,0
2026-08-23 07:09:02.198464,6466,5365,2539,0
2026-08-23 07:09:02.198484,6478,5343,2732,0
2026-08-23 07:09:02.198504,6247,5069,0,0
2026-08-23 07:09:02.198524,6380,5317,2935,0
2026-08-23 07:09:02.198544,6495,5357,2892,0
2026-08-23 07:09:02.198564,6503,5374,3365,0
2026-08-23 07:09:02.198584,6399,5332,2578,0
2026-08-23 07:09:02.198604,6462,5303,2576,0
2026-08-23 07:09:02.198624,6473,5335,2805,0
2026-08-23 07:09:02.198644,6392,5307,2416,0
2026-08-23 07:09:02.198664,6450,5355,2953,0
2026-08-23 07:09:02.198684,6493,5398,2936,0
2026-08-23 07:09:02.198704,6511,5391,3441,0
2026-08-23 07:09:02.198724,6398,5365,2735,0
2026-08-23 07:09:02.198744,6475,5357,2607,0
2026-08-23 07:09:02.198764,6474,5380,2823,0
2026-08-23 07:09:02.198784,6348,5278,1254,0
2026-08-23 07:09:02.198804,6398,5380,2922,0
2026-08-23 07:09:02.198824,6491,5364,2940,0
2026-08-23 07:09:02.198844,6506,5445,3521,0
2026-08-23 07:09:02.198864,6398,5357,2661,0
2026-08-23 07:09:02.198884,6466,5361,2579,0
2026-08-23 07:09:02.198904,6476,5356,2912,0
2026-08-23 07:09:02.198924,6412,5339,2918,0
2026-08-23 07:09:02.198944,6482,5376,2919,0
2026-08-23 07:09:02.198964,6496,5391,2994,0
2026-08-23 07:09:02.198984,6252,5086,0,0
2026-08-23 07:09:02.199004,6378,5340,2720,0
2026-08-23 07:09:02.199024,6470,5308,2613,0
2026-08-23 07:09:02.199044,6491,5353,2789,0
2026-08-23 07:09:02.199064,6381,5322,2344,0
2026-08-23 07:09:02.199084,6455,5381,2894,0
2026-08-23 07:09:02.199104,6494,5357,3008,0
2026-08-23 07:09:02.199124,6255,5031,0,0
2026-08-23 07:09:02.199144,6372,5297,2652,0
2026-08-23 07:09:02.199164,6456,5305,2605,0
2026-08-23 07:09:02.199184,6480,5347,3035,0
2026-08-23 07:09:02.199204,6405,5373,3020,0
2026-08-23 07:09:02.199224,6495,5348,2891,0
2026-08-23 07:09:02.199244,6498,5376,3102,0
2026-08-23 07:09:02.199264,6362,5233,1383,0
2026-08-23 07:09:02.199284,6396,5336,2670,0
2026-08-23 07:09:02.199304,6464,5343,2637,0
2026-08-23 07:09:02.199324,6470,5407,3093,0
2026-08-23 07:09:02.199344,6400,5333,2795,0
2026-08-23 07:09:02.199364,6478,5353,2872,0
2026-08-23 07:09:02.199384,6493,5371,3124,0
2026-08-23 07:09:02.199404,6330,5208,1078,0
2026-08-23 07:09:02.199424,6384,5362,2627,0
2026-08-23 07:09:02.199444,6471,5374,2660,0
2026-08-23 07:09:02.199464,6351,5026,0,0
2026-08-23 07:09:02.199484,6394,5350,3082,0
2026-08-23 07:09:02.199504,6497,5351,2900,0
2026-08-23 07:09:02.199524,6497,5339,2901,0
2026-08-23 07:09:02.199544,6382,5307,2221,0
2026-08-23 07:09:02.199564,6440,5350,2644,0
2026-08-23 07:09:02.199584,6474,5366,2660,0
2026-08-23 07:09:02.199604,6498,5403,3205,0
2026-08-23 07:09:02.199624,6407,5365,2902,0
2026-08-23 07:09:02.199644,6486,5324,2865,0
2026-08-23 07:09:02.199664,6498,5432,3197,0
2026-08-23 07:09:02.199684,6382,5264,2069,0
2026-08-23 07:09:02.199704,6440,5325,2625,0
2026-08-23 07:09:02.199724,6473,5394,2704,0
2026-08-23 07:09:02.199744,6331,5241,921,0
2026-08-23 07:09:02.199764,6395,5360,3007,0
2026-08-23 07:09:02.199784,6490,5369,2852,0
2026-08-23 07:09:02.199804,6502,5403,3294,0
2026-08-23 07:09:02.199824,6401,5335,2645,0
2026-08-23 07:09:02.199844,6468,5380,2617,0
2026-08-23 07:09:02.199864,6462,5360,2733,0
2026-08-23 07:09:02.199884,6251,5068,0,0
2026-08-23 07:09:02.199904,6380,5346,2939,0
2026-08-23 07:09:02.199924,6478,5334,2887,0
2026-08-23 07:09:02.199944,6506,5392,3361,0
2026-08-23 07:09:02.199964,6373,5333,2543,0
2026-08-23 07:09:02.199984,6461,5310,2587,0
2026-08-23 07:09:02.200004,6477,5332,2813,0
2026-08-23 07:09:02.200024,6407,5344,2411,0
2026-08-23 07:09:02.200044,6464,5390,2944,0
2026-08-23 07:09:02.200064,6510,5363,2935,0
2026-08-23 07:09:02.200084,6505,5442,3457,0
2026-08-23 07:09:02.200104,6405,5362,2733,0
2026-08-23 07:09:02.200124,6470,5363,2591,0
2026-08-23 07:09:02.200144,6474,5379,2827,0
2026-08-23 07:09:02.200164,6349,5223,1252,0
2026-08-23 07:09:02.200184,6392,5374,2895,0
2026-08-23 07:09:02.200204,6484,5402,2933,0
2026-08-23 07:09:02.200224,6513,5410,3523,0
2026-08-23 07:09:02.200244,6404,5332,2652,0
2026-08-23 07:09:02.200264,6458,5335,2583,0
2026-08-23 07:09:02.200284,6479,5377,2916,0
2026-08-23 07:09:02.200304,6406,5356,2911,0
2026-08-23 07:09:02.200324,6487,5353,2923,0
2026-08-23 07:09:02.200344,6502,5401,2987,0
2026-08-23 07:09:02.200364,6256,5052,0,0
2026-08-23 07:09:02.200384,6380,5344,2715,0
2026-08-23 07:09:02.200404,6461,5356,2590,0
2026-08-23 07:09:02.200424,6475,5392,2938,0
2026-08-23 07:09:02.200444,6396,5331,2348,0
2026-08-23 07:09:02.200464,6449,5376,2887,0
2026-08-23 07:09:02.200484,6490,5371,2998,0
2026-08-23 07:09:02.200504,6254,5033,0,0
2026-08-23 07:09:02.200524,6373,5289,2651,0
2026-08-23 07:09:02.200544,6452,5309,2608,0
2026-08-23 07:09:02.200564,6476,5350,3050,0
2026-08-23 07:09:02.200584,6439,5340,3036,0
2026-08-23 07:09:02.200604,6497,5366,2891,0
2026-08-23 07:09:02.200624,6510,5368,3043,0
2026-08-23 07:09:02.200644,6360,5260,1360,0
2026-08-23 07:09:02.200664,6398,5322,2684,0
2026-08-23 07:09:02.200684,6458,5341,2639,0
2026-08-23 07:09:02.200704,6487,5410,3103,0
2026-08-23 07:09:02.200724,6402,5355,2765,0
2026-08-23 07:09:02.200744,6474,5384,2884,0
2026-08-23 07:09:02.200764,6502,5352,3123,0
2026-08-23 07:09:02.200784,6343,5203,1086,0
2026-08-23 07:09:02.200804,6377,5329,2606,0
2026-08-23 07:09:02.200824,6473,5348,2658,0
2026-08-23 07:09:02.200844,6249,5053,0,0
2026-08-23 07:09:02.200864,6380,5340,3044,0
2026-08-23 07:09:02.200884,6492,5351,2892,0
2026-08-23 07:09:02.200904,6499,5410,3182,0
2026-08-23 07:09:02.200924,6392,5295,2282,0
2026-08-23 07:09:02.200944,6435,5365,2638,0
2026-08-23 07:09:02.200964,6463,5356,2656,0
2026-08-23 07:09:02.200984,6492,5386,3197,0
2026-08-23 07:09:02.201004,6408,5371,2893,0
2026-08-23 07:09:02.201024,6488,5368,2878,0
2026-08-23 07:09:02.201044,6503,5380,3219,0
2026-08-23 07:09:02.201064,6386,5276,2157,0
2026-08-23 07:09:02.201084,6433,5339,2619,0
2026-08-23 07:09:02.201104,6461,5345,2713,0
2026-08-23 07:09:02.201124,6341,5254,1062,0
2026-08-23 07:09:02.201144,6389,5376,3020,0
2026-08-23 07:09:02.201164,6490,5396,2899,0
2026-08-23 07:09:02.201184,6498,5423,3297,0
2026-08-23 07:09:02.201204,6403,5348,2646,0
2026-08-23 07:09:02.201224,6463,5368,2610,0
2026-08-23 07:09:02.201244,6473,5372,2733,0
2026-08-23 07:09:02.201264,6265,5068,0,0
2026-08-23 07:09:02.201284,6386,5315,2953,0
2026-08-23 07:09:02.201304,6489,5331,2906,0
2026-08-23 07:09:02.201324,6481,5370,3328,0
2026-08-23 07:09:02.201344,6401,5331,2537,0
2026-08-23 07:09:02.201364,6454,5349,2901,0
2026-08-23 07:09:02.201384,6474,5379,2801,0
2026-08-23 07:09:02.201404,6384,5310,2288,0
2026-08-23 07:09:02.201424,6452,5394,2974,0
2026-08-23 07:09:02.201444,6494,5363,2957,0
2026-08-23 07:09:02.201464,6500,5416,3423,0
2026-08-23 07:09:02.201484,6405,5356,2732,0
2026-08-23 07:09:02.201504,6469,5318,2604,0
2026-08-23 07:09:02.201524,6471,5382,2816,0
2026-08-23 07:09:02.201544,6337,5199,909,0
2026-08-23 07:09:02.201564,6392,5379,2933,0
2026-08-23 07:09:02.201584,6485,5367,2915,0
2026-08-23 07:09:02.201604,6506,5382,3486,0
2026-08-23 07:09:02.201624,6393,5356,2660,0
2026-08-23 07:09:02.201644,6472,5326,2578,0
2026-08-23 07:09:02.201664,6479,5383,2903,0
2026-08-23 07:09:02.201684,6408,5353,2835,0
2026-08-23 07:09:02.201704,6486,5344,2909,0
2026-08-23 07:09:02.201724,6498,5357,2979,0
2026-08-23 07:09:02.201744,6322,5013,0,0
2026-08-23 07:09:02.201764,6391,5310,2721,0
2026-08-23 07:09:02.201784,6464,5313,2597,0
2026-08-23 07:09:02.201804,6508,5334,2931,0
2026-08-23 07:09:02.201824,6385,5308,2279,0
2026-08-23 07:09:02.201844,6453,5347,2889,0
2026-08-23 07:09:02.201864,6494,5381,2995,0
2026-08-23 07:09:02.201884,6376,5047,0,0
2026-08-23 07:09:02.201904,6369,5281,2667,0
2026-08-23 07:09:02.201924,6462,5292,2593,0
2026-08-23 07:09:02.201944,6472,5374,3011,0
2026-08-23 07:09:02.201964,6410,5371,3036,0
2026-08-23 07:09:02.201984,6492,5371,2911,0
2026-08-23 07:09:02.202004,6497,5393,3080,0
2026-08-23 07:09:02.202024,6329,5214,872,0
2026-08-23 07:09:02.202044,6394,5349,2691,0
2026-08-23 07:09:02.202064,6461,5352,2623,0
2026-08-23 07:09:02.202084,6480,5376,3052,0
2026-08-23 07:09:02.202104,6409,5316,2921,0
2026-08-23 07:09:02.202124,6476,5352,2848,0
2026-08-23 07:09:02.202144,6491,5413,3100,0
2026-08-23 07:09:02.202164,6317,5218,587,0
2026-08-23 07:09:02.202184,6383,5383,2635,0
2026-08-23 07:09:02.202204,6467,5385,2638,0
2026-08-23 07:09:02.202224,6486,5416,1417,0
2026-08-23 07:09:02.202244,6405,5368,3050,0
2026-08-23 07:09:02.202264,6491,5336,2885,0
2026-08-23 07:09:02.202284,6498,5369,3148,0
2026-08-23 07:09:02.202304,6374,5306,2126,0
2026-08-23 07:09:02.202324,6440,5350,2648,0
2026-08-23 07:09:02.202344,6472,5339,2650,0
2026-08-23 07:09:02.202364,6479,5416,3184,0
2026-08-23 07:09:02.202384,6406,5369,2894,0
2026-08-23 07:09:02.202404,6483,5355,2850,0
2026-08-23 07:09:02.202424,6580,5411,3187,0
2026-08-23 07:09:02.202444,6372,5295,1993,0
2026-08-23 07:09:02.202464,6398,5350,2612,0
2026-08-23 07:09:02.202484,6464,5381,2706,0
2026-08-23 07:09:02.202504,6323,5224,553,0
2026-08-23 07:09:02.202524,6389,5399,3017,0
2026-08-23 07:09:02.202544,6493,5406,2892,0
2026-08-23 07:09:02.202564,6505,5424,3277,0
2026-08-23 07:09:02.202584,6405,5302,2590,0
2026-08-23 07:09:02.202604,6468,5351,2626,0
2026-08-23 07:09:02.202624,6468,5372,2717,0
2026-08-23 07:09:02.202644,6348,5073,0,0
2026-08-23 07:09:02.202664,6390,5320,2934,0
2026-08-23 07:09:02.202684,6489,5347,2889,0
2026-08-23 07:09:02.202704,6501,5376,3331,0
2026-08-23 07:09:02.202724,6388,5321,2506,0
2026-08-23 07:09:02.202744,6468,5348,2580,0
2026-08-23 07:09:02.202764,6469,5338,2794,0
2026-08-23 07:09:02.202784,6378,5286,2182,0
2026-08-23 07:09:02.202804,6449,5351,2990,0
2026-08-23 07:09:02.202824,6536,5376,2925,0
2026-08-23 07:09:02.202844,6513,5395,3408,0
2026-08-23 07:09:02.202864,6411,5305,2721,0
2026-08-23 07:09:02.202884,6473,5351,2595,0
2026-08-23 07:09:02.202904,6473,5361,2801,0
2026-08-23 07:09:02.202924,6287,5239,754,0
2026-08-23 07:09:02.202944,6376,5357,2921,0
2026-08-23 07:09:02.202964,6486,5366,2926,0
2026-08-23 07:09:02.202984,6510,5409,3484,0
2026-08-23 07:09:02.203004,6397,5339,2647,0
2026-08-23 07:09:02.203024,6466,5369,2591,0
2026-08-23 07:09:02.203044,6473,5360,2872,0
2026-08-23 07:09:02.203064,6435,5334,2805,0
2026-08-23 07:09:02.203084,6476,5394,2943,0
2026-08-23 07:09:02.203104,6510,5376,2970,0
2026-08-23 07:09:02.203124,6357,5009,0,0
2026-08-23 07:09:02.203144,6389,5260,2748,0
2026-08-23 07:09:02.203164,6474,5289,2594,0
2026-08-23 07:09:02.203184,6473,5330,2918,0
2026-08-23 07:09:02.203204,6377,5299,2239,0
2026-08-23 07:09:02.203224,6444,5364,2890,0
2026-08-23 07:09:02.203244,6492,5361,3004,0
2026-08-23 07:09:02.203264,6339,4984,0,0
2026-08-23 07:09:02.203284,6407,5202,2641,0
2026-08-23 07:09:02.203304,6464,5265,2613,0
2026-08-23 07:09:02.203324,6477,5323,3020,0
2026-08-23 07:09:02.203344,6416,5304,3030,0
2026-08-23 07:09:02.203364,6492,5319,2911,0
2026-08-23 07:09:02.203384,6503,5357,3045,0
2026-08-23 07:09:02.203404,6339,5201,1061,0
2026-08-23 07:09:02.203424,6381,5361,2691,0
2026-08-23 07:09:02.203444,6472,5356,2621,0
2026-08-23 07:09:02.203464,6486,5392,3045,0
2026-08-23 07:09:02.203484,6396,5359,2612,0
2026-08-23 07:09:02.203504,6487,5346,2854,0
2026-08-23 07:09:02.203524,6496,5380,3108,0
2026-08-23 07:09:02.203544,6327,5191,685,0
2026-08-23 07:09:02.203564,6381,5352,2582,0
2026-08-23 07:09:02.203584,6468,5376,2642,0
2026-08-23 07:09:02.203604,6484,5414,1303,0
2026-08-23 07:09:02.203624,6393,5371,3046,0
2026-08-23 07:09:02.203644,6502,5371,2862,0
2026-08-23 07:09:02.203664,6497,5375,3160,0
2026-08-23 07:09:02.203684,6384,5282,2150,0
2026-08-23 07:09:02.203704,6455,5331,2655,0
2026-08-23 07:09:02.203724,6470,5376,2658,0
2026-08-23 07:09:02.203744,6478,5375,3174,0
2026-08-23 07:09:02.203764,6408,5359,2896,0
2026-08-23 07:09:02.203784,6494,5361,2863,0
2026-08-23 07:09:02.203804,6491,5419,3194,0
2026-08-23 07:09:02.203824,6374,5304,1980,0
2026-08-23 07:09:02.203844,6427,5360,2599,0
2026-08-23 07:09:02.203864,6479,5341,2700,0
2026-08-23 07:09:02.203884,6323,5226,582,0
2026-08-23 07:09:02.203904,6381,5402,3033,0
2026-08-23 07:09:02.203924,6493,5371,2848,0
2026-08-23 07:09:02.203944,6498,5424,3261,0
2026-08-23 07:09:02.203964,6399,5319,2581,0
2026-08-23 07:09:02.203984,6459,5371,2625,0
2026-08-23 07:09:02.204004,6468,5358,2719,0
2026-08-23 07:09:02.204024,6497,5393,3296,0
2026-08-23 07:09:02.204044,6411,5379,2941,0
2026-08-23 07:09:02.204064,6486,5353,2887,0
2026-08-23 07:09:02.204084,6500,5425,3298,0
2026-08-23 07:09:02.204104,6395,5319,2435,0
2026-08-23 07:09:02.204124,6447,5361,2586,0
2026-08-23 07:09:02.204144,6477,5344,2738,0
2026-08-23 07:09:02.204164,6376,5263,1920,0
2026-08-23 07:09:02.204184,6441,5344,2979,0
2026-08-23 07:09:02.204204,6491,5387,2922,0
2026-08-23 07:09:02.204224,6508,5412,3378,0
2026-08-23 07:09:02.204244,6399,5328,2710,0
2026-08-23 07:09:02.204264,6471,5325,2594,0
2026-08-23 07:09:02.204284,6475,5392,2780,0
2026-08-23 07:09:02.204304,6310,5196,120,0
2026-08-23 07:09:02.204324,6385,5361,2901,0
2026-08-23 07:09:02.204344,6474,5401,2916,0
2026-08-23 07:09:02.204364,6507,5402,3432,0
2026-08-23 07:09:02.204384,6398,5338,2628,0
2026-08-23 07:09:02.204404,6462,5332,2574,0
2026-08-23 07:09:02.204424,6481,5400,2854,0
2026-08-23 07:09:02.204444,6405,5324,2691,0
2026-08-23 07:09:02.204464,6479,5354,2934,0
2026-08-23 07:09:02.204484,6491,5400,2951,0
2026-08-23 07:09:02.204504,6506,5429,3520,0
2026-08-23 07:09:02.204524,6400,5359,2725,0
2026-08-23 07:09:02.204544,6462,5367,2601,0
2026-08-23 07:09:02.204564,6473,5391,2883,0
2026-08-23 07:09:02.204584,6378,5304,1890,0
2026-08-23 07:09:02.204604,6427,5382,2911,0
2026-08-23 07:09:02.204624,6490,5414,2971,0
2026-08-23 07:09:02.204644,6513,5441,3598,0
2026-08-23 07:09:02.204664,6413,5328,2646,0
2026-08-23 07:09:02.204684,6469,5337,2589,0
2026-08-23 07:09:02.204704,6476,5413,2976,0
2026-08-23 07:09:02.204724,6426,5362,2969,0
2026-08-23 07:09:02.204744,6489,5403,2909,0
2026-08-23 07:09:02.204764,6505,5413,3028,0
2026-08-23 07:09:02.204784,6236,5182,0,0
2026-08-23 07:09:02.204804,6373,5376,2697,0
2026-08-23 07:09:02.204824,6467,5332,2605,0
2026-08-23 07:09:02.204844,6481,5378,2982,0
2026-08-23 07:09:02.204864,6398,5329,2547,0
2026-08-23 07:09:02.204884,6466,5364,2899,0
2026-08-23 07:09:02.204904,6496,5393,3032,0
2026-08-23 07:09:02.204924,6283,5132,0,0
2026-08-23 07:09:02.204944,6377,5346,2645,0
2026-08-23 07:09:02.204964,6454,5378,2617,0
2026-08-23 07:09:02.204984,6474,5399,3116,0
2026-08-23 07:09:02.205004,6415,5351,3037,0
2026-08-23 07:09:02.205024,6497,5363,2896,0
2026-08-23 07:09:02.205044,6497,5411,3119,0
2026-08-23 07:09:02.205064,6369,5304,1846,0
2026-08-23 07:09:02.205084,6447,5343,2679,0
2026-08-23 07:09:02.205104,6469,5373,2679,0
2026-08-23 07:09:02.205124,6497,5384,3127,0
2026-08-23 07:09:02.205144,6412,5339,2876,0
2026-08-23 07:09:02.205164,6481,5366,2877,0
2026-08-23 07:09:02.205184,6497,5400,3158,0
2026-08-23 07:09:02.205204,6362,5259,1644,0
2026-08-23 07:09:02.205224,6406,5337,2616,0
2026-08-23 07:09:02.205244,6467,5382,2675,0
2026-08-23 07:09:02.205264,6298,5208,0,0
2026-08-23 07:09:02.205284,6383,5381,3033,0
2026-08-23 07:09:02.205304,6480,5409,2893,0
2026-08-23 07:09:02.205324,6503,5422,3228,0
2026-08-23 07:09:02.205344,6393,5337,2507,0
2026-08-23 07:09:02.205364,6452,5420,2615,0
2026-08-23 07:09:02.205384,6473,5356,2698,0
2026-08-23 07:09:02.205404,6498,5388,3302,0
2026-08-23 07:09:02.205424,6407,5370,2894,0
2026-08-23 07:09:02.205444,6488,5363,2895,0
2026-08-23 07:09:02.205464,6501,5392,3300,0
2026-08-23 07:09:02.205484,6386,5344,2420,0
2026-08-23 07:09:02.205504,6449,5327,2590,0
2026-08-23 07:09:02.205524,6481,5386,2758,0
2026-08-23 07:09:02.205544,6383,5330,1983,0
2026-08-23 07:09:02.205564,6473,5392,2978,0
2026-08-23 07:09:02.205584,6492,5394,2898,0
2026-08-23 07:09:02.205604,6505,5409,3381,0
2026-08-23 07:09:02.205624,6399,5351,2718,0
2026-08-23 07:09:02.205644,6473,5317,2608,0
2026-08-23 07:09:02.205664,6463,5345,2781,0
2026-08-23 07:09:02.205684,6305,5211,308,0
2026-08-23 07:09:02.205704,6376,5390,2928,0
2026-08-23 07:09:02.205724,6483,5393,2920,0
2026-08-23 07:09:02.205744,6498,5432,3456,0
2026-08-23 07:09:02.205764,6399,5314,2634,0
2026-08-23 07:09:02.205784,6467,5356,2574,0
2026-08-23 07:09:02.205804,6470,5382,2862,0
2026-08-23 07:09:02.205824,6400,5351,2730,0
2026-08-23 07:09:02.205844,6479,5360,2939,0
2026-08-23 07:09:02.205864,6495,5374,2957,0
2026-08-23 07:09:02.205884,6512,5393,3516,0
2026-08-23 07:09:02.205904,6395,5325,2741,0
2026-08-23 07:09:02.205924,6466,5323,2585,0
2026-08-23 07:09:02.205944,6474,5394,2884,0
2026-08-23 07:09:02.205964,6379,5313,1924,0
2026-08-23 07:09:02.205984,6435,5356,2916,0
2026-08-23 07:09:02.206004,6511,5403,2972,0
2026-08-23 07:09:02.206024,6502,5409,3607,0
2026-08-23 07:09:02.206044,6399,5323,2660,0
2026-08-23 07:09:02.206064,6467,5337,2595,0
2026-08-23 07:09:02.206084,6478,5399,3004,0
2026-08-23 07:09:02.206104,6413,5357,3022,0
2026-08-23 07:09:02.206124,6494,5356,2905,0
2026-08-23 07:09:02.206144,6497,5409,3041,0
2026-08-23 07:09:02.206164,6324,5191,587,0
2026-08-23 07:09:02.206184,6372,5367,2690,0
2026-08-23 07:09:02.206204,6467,5354,2575,0
2026-08-23 07:09:02.206224,6480,5379,3015,0
2026-08-23 07:09:02.206244,6405,5319,2679,0
2026-08-23 07:09:02.206264,6476,5369,3044,0
2026-08-23 07:09:02.206284,6490,5396,3056,0
2026-08-23 07:09:02.206304,6312,5170,420,0
2026-08-23 07:09:02.206324,6386,5355,2642,0
2026-08-23 07:09:02.206344,6463,5369,2631,0
2026-08-23 07:09:02.206364,6484,5425,2782,0
2026-08-23 07:09:02.206384,6407,5357,3044,0
2026-08-23 07:09:02.206404,6494,5353,2883,0
2026-08-23 07:09:02.206424,6507,5383,3158,0
2026-08-23 07:09:02.206444,6370,5310,2203,0
2026-08-23 07:09:02.206464,6437,5381,2655,0
2026-08-23 07:09:02.206484,6475,5355,2627,0
2026-08-23 07:09:02.206504,6472,5380,3223,0
2026-08-23 07:09:02.206524,6405,5348,2897,0
2026-08-23 07:09:02.206544,6503,5353,2882,0
2026-08-23 07:09:02.206564,6502,5388,3232,0
2026-08-23 07:09:02.206584,6386,5285,2126,0
2026-08-23 07:09:02.206604,6421,5357,2597,0
2026-08-23 07:09:02.206624,6470,5377,2715,0
2026-08-23 07:09:02.206644,6354,5233,1250,0
2026-08-23 07:09:02.206664,6399,5356,2991,0
2026-08-23 07:09:02.206684,6486,5397,2892,0
2026-08-23 07:09:02.206704,6509,5420,3317,0
2026-08-23 07:09:02.206724,6402,5324,2671,0
2026-08-23 07:09:02.206744,6461,5378,2603,0
2026-08-23 07:09:02.206764,6474,5357,2736,0
2026-08-23 07:09:02.206784,6257,5149,0,0
2026-08-23 07:09:02.206804,6379,5380,2941,0
2026-08-23 07:09:02.206824,6477,5362,2887,0
2026-08-23 07:09:02.206844,6506,5423,3392,0
2026-08-23 07:09:02.206864,6396,5345,2600,0
2026-08-23 07:09:02.206884,6458,5353,2549,0
2026-08-23 07:09:02.206904,6464,5389,2842,0
2026-08-23 07:09:02.206924,6395,5341,2603,0
2026-08-23 07:09:02.206944,6471,5355,2853,0
2026-08-23 07:09:02.206964,6492,5367,2954,0
2026-08-23 07:09:02.206984,6507,5429,3487,0
2026-08-23 07:09:02.207004,6399,5348,2849,0
2026-08-23 07:09:02.207024,6469,5353,2592,0
2026-08-23 07:09:02.207044,6466,5396,2913,0
2026-08-23 07:09:02.207064,6359,5267,1791,0
2026-08-23 07:09:02.207084,6421,5391,2914,0
2026-08-23 07:09:02.207104,6507,5397,2963,0
2026-08-23 07:09:02.207124,6512,5442,3597,0
2026-08-23 07:09:02.207144,6400,5347,2656,0
2026-08-23 07:09:02.207164,6466,5374,2583,0
2026-08-23 07:09:02.207184,6478,5406,3002,0
2026-08-23 07:09:02.207204,6412,5382,2985,0
2026-08-23 07:09:02.207224,6467,5361,2897,0
2026-08-23 07:09:02.207244,6498,5369,3027,0
2026-08-23 07:09:02.207264,6319,5203,367,0
2026-08-23 07:09:02.207284,6379,5337,2680,0
2026-08-23 07:09:02.207304,6465,5353,2587,0
2026-08-23 07:09:02.207324,6486,5407,3020,0
2026-08-23 07:09:02.207344,6399,5343,2643,0
2026-08-23 07:09:02.207364,6477,5331,2868,0
2026-08-23 07:09:02.207384,6497,5400,3082,0
2026-08-23 07:09:02.207404,6317,5177,425,0
2026-08-23 07:09:02.207424,6377,5371,2639,0
2026-08-23 07:09:02.207444,6449,5340,2625,0
2026-08-23 07:09:02.207464,6480,5375,1983,0
2026-08-23 07:09:02.207484,6396,5348,3048,0
2026-08-23 07:09:02.207504,6480,5386,2868,0
2026-08-23 07:09:02.207524,6503,5406,3145,0
2026-08-23 07:09:02.207544,6381,5301,2074,0
2026-08-23 07:09:02.207564,6431,5369,2654,0
2026-08-23 07:09:02.207584,6471,5349,2670,0
2026-08-23 07:09:02.207604,6489,5414,3153,0
2026-08-23 07:09:02.207624,6409,5375,2874,0
2026-08-23 07:09:02.207644,6485,5354,2880,0
2026-08-23 07:09:02.207664,6496,5376,3176,0
2026-08-23 07:09:02.207684,6369,5270,1833,0
2026-08-23 07:09:02.207704,6423,5336,2605,0
2026-08-23 07:09:02.207724,6456,5381,2692,0
2026-08-23 07:09:02.207744,6348,5213,1107,0
2026-08-23 07:09:02.207764,6401,5332,2958,0
2026-08-23 07:09:02.273034,6417,2737,2712,0
2026-08-23 07:09:02.273054,6472,3487,2880,0
2026-08-23 07:09:02.273074,6504,3988,3156,0
2026-08-23 07:09:02.273094,6343,4215,916,0
2026-08-23 07:09:02.273114,6386,4567,2618,0
2026-08-23 07:09:02.273134,6468,4785,2642,0
2026-08-23 07:09:02.273154,6360,4686,0,0
2026-08-23 07:09:02.273174,6391,5009,3041,0
2026-08-23 07:09:02.273194,6491,5149,2876,0
2026-08-23 07:09:02.273214,6489,5204,3171,0
2026-08-23 07:09:02.273234,6399,5187,2266,0
2026-08-23 07:09:02.273254,6485,5237,2635,0
2026-08-23 07:09:02.273274,6465,5268,2686,0
2026-08-23 07:09:02.273294,6477,5331,3198,0
2026-08-23 07:09:02.273314,6402,5331,2902,0
2026-08-23 07:09:02.273334,6487,5356,2894,0
2026-08-23 07:09:02.273354,6501,5381,3196,0
2026-08-23 07:09:02.273374,6375,5258,2134,0
2026-08-23 07:09:02.273394,6436,5318,2593,0
2026-08-23 07:09:02.273414,6475,5362,2703,0
2026-08-23 07:09:02.273434,6343,5238,928,0
2026-08-23 07:09:02.273454,6396,5388,3010,0
2026-08-23 07:09:02.273474,6489,5379,2900,0
2026-08-23 07:09:02.273494,6504,5397,3289,0
2026-08-23 07:09:02.273514,6372,5350,2649,0
2026-08-23 07:09:02.273534,6458,5359,2613,0
2026-08-23 07:09:02.273554,6468,5372,2732,0
2026-08-23 07:09:02.273574,6317,5035,0,0
2026-08-23 07:09:02.273594,6380,5288,2942,0
2026-08-23 07:09:02.273614,6488,5327,2896,0
2026-08-23 07:09:02.273634,6504,5393,3330,0
2026-08-23 07:09:02.273654,6389,5278,2501,0
2026-08-23 07:09:02.273674,6457,5310,2577,0
2026-08-23 07:09:02.273694,6460,5366,2782,0
2026-08-23 07:09:02.273714,6390,5312,2254,0
2026-08-23 07:09:02.273734,6456,5372,2948,0
2026-08-23 07:09:02.273754,6495,5337,3054,0
2026-08-23 07:09:02.294059,6410,3378,2687,0
2026-08-23 07:09:02.294079,6325,3758,480,0
2026-08-23 07:09:02.294099,6391,4329,3013,0
2026-08-23 07:09:02.294119,6489,4577,2897,0
2026-08-23 07:09:02.294139,6506,4849,3271,0
2026-08-23 07:09:02.294159,6403,4917,2613,0
2026-08-23 07:09:02.294179,6459,5013,2611,0
2026-08-23 07:09:02.294199,6478,5129,2712,0
2026-08-23 07:09:02.294219,6503,5151,335,0
2026-08-23 07:09:02.294239,6374,5226,2934,0
2026-08-23 07:09:02.294259,6485,5259,2886,0
2026-08-23 07:09:02.294279,6500,5315,3367,0
2026-08-23 07:09:02.294299,6402,5248,2646,0
2026-08-23 07:09:02.313038,6404,4640,2746,0
2026-08-23 07:09:02.313058,6471,4858,2589,0
2026-08-23 07:09:02.313078,6473,4977,2883,0
2026-08-23 07:09:02.313098,6381,5023,1916,0
2026-08-23 07:09:02.313118,6431,5195,2906,0
2026-08-23 07:09:02.313138,6461,5252,2972,0
2026-08-23 07:09:02.313158,6516,5302,3608,0
2026-08-23 07:09:02.313178,6406,5257,2653,0
2026-08-23 07:09:02.313198,6467,5267,2597,0
2026-08-23 07:09:02.313218,6479,5352,2984,0
2026-08-23 07:09:02.313238,6416,5340,3001,0
2026-08-23 07:09:02.313258,6491,5305,2891,0
2026-08-23 07:09:02.332168,6433,4745,2905,0
2026-08-23 07:09:02.332188,6495,4932,2895,0
2026-08-23 07:09:02.332208,6501,5048,3282,0
2026-08-23 07:09:02.332228,6389,5055,2390,0
2026-08-23 07:09:02.332248,6450,5188,2576,0
2026-08-23 07:09:02.332268,6477,5221,2747,0
2026-08-23 07:09:02.332288,6384,5187,1855,0
2026-08-23 07:09:02.332308,6415,5349,2999,0
2026-08-23 07:09:02.332328,6498,5356,2904,0
2026-08-23 07:09:02.332348,6512,5359,3356,0
2026-08-23 07:09:02.332368,6407,5328,2709,0
2026-08-23 07:09:02.332388,6467,5311,2596,0
2026-08-23 07:09:02.351267,6410,4728,2655,0
2026-08-23 07:09:02.351287,6463,4891,2625,0
2026-08-23 07:09:02.351307,6491,5049,3107,0
2026-08-23 07:09:02.351327,6414,5136,3043,0
2026-08-23 07:09:02.351347,6501,5175,2864,0
2026-08-23 07:09:02.351367,6502,5249,3265,0
2026-08-23 07:09:02.351387,6369,5209,1856,0
2026-08-23 07:09:02.351407,6430,5275,2649,0
2026-08-23 07:09:02.351427,6469,5297,2642,0
2026-08-23 07:09:02.351447,6481,5362,3163,0
2026-08-23 07:09:02.351467,6413,5342,2917,0
2026-08-23 07:09:02.351487,6481,5345,2891,0
2026-08-23 07:09:02.371624,6412,4781,2974,0
2026-08-23 07:09:02.371644,6487,4898,2948,0
2026-08-23 07:09:02.371664,6506,5054,3486,0
2026-08-23 07:09:02.371684,6412,5059,2734,0
2026-08-23 07:09:02.371704,6471,5203,2612,0
2026-08-23 07:09:02.371724,6473,5236,2849,0
2026-08-23 07:09:02.371744,6366,5179,1604,0
2026-08-23 07:09:02.371764,6408,5291,2912,0
2026-08-23 07:09:02.371783,6493,5319,2942,0
2026-08-23 07:09:02.371804,6518,5381,3552,0
2026-08-23 07:09:02.371824,6401,5307,2653,0
2026-08-23 07:09:02.371844,6467,5333,2597,0
2026-08-23 07:09:02.371864,6346,5162,700,0
2026-08-23 07:09:02.392631,6416,4792,2692,0
2026-08-23 07:09:02.392651,6283,4678,0,0
2026-08-23 07:09:02.392671,6385,5051,2902,0
2026-08-23 07:09:02.392691,6484,5104,2919,0
2026-08-23 07:09:02.392711,6503,5242,3419,0
2026-08-23 07:09:02.392731,6399,5213,2629,0
2026-08-23 07:09:02.392751,6468,5256,2582,0
2026-08-23 07:09:02.392771,6482,5283,2862,0
2026-08-23 07:09:02.392791,6405,5269,2675,0
2026-08-23 07:09:02.392811,6471,5359,2945,0
2026-08-23 07:09:02.392831,6500,5356,2942,0
2026-08-23 07:09:02.392851,6373,5035,0,0
2026-08-23 07:09:02.392871,6396,5252,2698,0
2026-08-23 07:09:02.413821,6409,4639,2593,0
2026-08-23 07:09:02.413841,6458,4864,2580,0
2026-08-23 07:09:02.413861,6478,4966,2855,0
2026-08-23 07:09:02.413881,6398,5079,2675,0
2026-08-23 07:09:02.413901,6474,5198,2935,0
2026-08-23 07:09:02.413921,6514,5242,2964,0
2026-08-23 07:09:02.413941,6501,5267,3509,0
2026-08-23 07:09:02.413961,6412,5243,2730,0
2026-08-23 07:09:02.413981,6471,5278,2591,0
2026-08-23 07:09:02.414001,6476,5349,2886,0
2026-08-23 07:09:02.414021,6376,5239,1800,0
2026-08-23 07:09:02.414041,6432,5329,2900,0
2026-08-23 07:09:02.414061,6507,5370,3082,0
2026-08-23 07:09:02.434648,6420,4738,3103,0
2026-08-23 07:09:02.434668,6372,4802,1882,0
2026-08-23 07:09:02.434688,6416,4974,2646,0
2026-08-23 07:09:02.434708,6460,5060,2643,0
2026-08-23 07:09:02.434728,6486,5227,3144,0
2026-08-23 07:09:02.434748,6408,5217,2879,0
2026-08-23 07:09:02.434768,6481,5284,2860,0
2026-08-23 07:09:02.434788,6503,5293,3223,0
2026-08-23 07:09:02.434808,6376,5238,1896,0
2026-08-23 07:09:02.434828,6430,5289,2609,0
2026-08-23 07:09:02.434848,6470,5322,2682,0
2026-08-23 07:09:02.434868,6345,5203,1079,0
2026-08-23 07:09:02.434888,6400,5335,2967,0
2026-08-23 07:09:02.454045,6413,4722,2929,0
2026-08-23 07:09:02.454065,6493,4892,2897,0
2026-08-23 07:09:02.454085,6509,5007,3458,0
2026-08-23 07:09:02.454105,6396,5055,2643,0
2026-08-23 07:09:02.454125,6464,5159,2573,0
2026-08-23 07:09:02.454145,6467,5213,2895,0
2026-08-23 07:09:02.454165,6413,5245,2783,0
2026-08-23 07:09:02.454185,6485,5279,2928,0
2026-08-23 07:09:02.454205,6500,5343,2966,0
2026-08-23 07:09:02.454225,6546,5454,1862,0
2026-08-23 07:09:02.454245,6391,5266,2717,0
2026-08-23 07:09:02.454265,6471,5268,2602,0
2026-08-23 07:09:02.475035,6399,4745,2611,0
2026-08-23 07:09:02.475055,6474,4888,2686,0
2026-08-23 07:09:02.475075,6328,4829,264,0
2026-08-23 07:09:02.475096,6389,5133,3024,0
2026-08-23 07:09:02.475116,6493,5180,2889,0
2026-08-23 07:09:02.475136,6504,5295,3249,0
2026-08-23 07:09:02.475156,6398,5259,2536,0
2026-08-23 07:09:02.475176,6462,5276,2624,0
2026-08-23 07:09:02.475195,6480,5312,2710,0
2026-08-23 07:09:02.475215,6494,5386,3292,0
2026-08-23 07:09:02.475235,6427,5356,2935,0
2026-08-23 07:09:02.475255,6490,5321,2897,0
2026-08-23 07:09:02.475276,6510,5406,3526,0
2026-08-23 07:09:02.496098,6422,4721,3569,0
2026-08-23 07:09:02.496118,6410,4834,2711,0
2026-08-23 07:09:02.496138,6463,4946,2574,0
2026-08-23 07:09:02.496158,6495,5130,2920,0
2026-08-23 07:09:02.496178,6389,5127,2209,0
2026-08-23 07:09:02.496198,6453,5206,2916,0
2026-08-23 07:09:02.496218,6498,5294,2990,0
2026-08-23 07:09:02.496238,6396,5089,0,0
2026-08-23 07:09:02.496258,6391,5264,2671,0
2026-08-23 07:09:02.496278,6459,5306,2614,0
2026-08-23 07:09:02.496298,6487,5356,3022,0
2026-08-23 07:09:02.496318,6427,5352,3026,0
2026-08-23 07:09:02.496338,6496,5327,2890,0
2026-08-23 07:09:02.517116,6410,4703,2880,0
2026-08-23 07:09:02.517136,6492,4882,3115,0
2026-08-23 07:09:02.517156,6366,4913,1572,0
2026-08-23 07:09:02.517176,6404,5081,2612,0
2026-08-23 07:09:02.517196,6464,5159,2666,0
2026-08-23 07:09:02.517216,6285,4978,0,0
2026-08-23 07:09:02.517236,6390,5261,3048,0
2026-08-23 07:09:02.517256,6503,5296,2917,0
2026-08-23 07:09:02.517276,6500,5344,3227,0
2026-08-23 07:09:02.517296,6394,5267,2428,0
2026-08-23 07:09:02.517316,6458,5306,2615,0
2026-08-23 07:09:02.517336,6478,5307,2730,0
2026-08-23 07:09:02.517356,6356,5180,1140,0
2026-08-23 07:09:02.538333,6380,4656,1810,0
2026-08-23 07:09:02.538353,6426,4910,2967,0
2026-08-23 07:09:02.538373,6490,5012,2911,0
2026-08-23 07:09:02.538393,6514,5133,3423,0
2026-08-23 07:09:02.538414,6415,5140,2708,0
2026-08-23 07:09:02.538434,6478,5194,2590,0
2026-08-23 07:09:02.538454,6487,5262,2792,0
2026-08-23 07:09:02.538474,6344,5145,885,0
2026-08-23 07:09:02.538493,6396,5311,2909,0
2026-08-23 07:09:02.538513,6495,5343,2929,0
2026-08-23 07:09:02.538533,6509,5393,3492,0
2026-08-23 07:09:02.538553,6411,5347,2645,0
2026-08-23 07:09:02.538574,6480,5312,2619,0
2026-08-23 07:09:02.559314,6399,4694,2602,0
2026-08-23 07:09:02.559334,6481,4902,3109,0
2026-08-23 07:09:02.559354,6400,4958,2820,0
2026-08-23 07:09:02.559374,6488,5099,2876,0
2026-08-23 07:09:02.559394,6501,5207,3129,0
2026-08-23 07:09:02.559414,6356,5105,1441,0
2026-08-23 07:09:02.559434,6393,5256,2608,0
2026-08-23 07:09:02.559454,6472,5263,2664,0
2026-08-23 07:09:02.559474,6271,5061,0,0
2026-08-23 07:09:02.559494,6395,5333,3057,0
2026-08-23 07:09:02.559514,6494,5353,2887,0
2026-08-23 07:09:02.559534,6515,5361,3235,0
2026-08-23 07:09:02.559554,6420,5279,2695,0
2026-08-23 07:09:02.580192,6384,4589,2019,0
2026-08-23 07:09:02.580212,6428,4855,2580,0
2026-08-23 07:09:02.580232,6477,5014,2732,0
2026-08-23 07:09:02.580252,6361,4965,1222,0
2026-08-23 07:09:02.580272,6410,5177,3014,0
2026-08-23 07:09:02.580292,6498,5250,2905,0
2026-08-23 07:09:02.580312,6506,5296,3328,0
2026-08-23 07:09:02.580332,6416,5276,2659,0
2026-08-23 07:09:02.580352,6480,5302,2612,0
2026-08-23 07:09:02.580372,6471,5336,2706,0
2026-08-23 07:09:02.580392,6268,5035,0,0
2026-08-23 07:09:02.580412,6392,5333,2923,0
2026-08-23 07:09:02.580432,6486,5319,2953,0
2026-08-23 07:09:02.601428,6423,4692,2958,0
2026-08-23 07:09:02.601448,6514,4930,3463,0
2026-08-23 07:09:02.601468,6418,4956,2733,0
2026-08-23 07:09:02.601488,6466,5036,2583,0
2026-08-23 07:09:02.601508,6478,5192,2850,0
2026-08-23 07:09:02.601528,6367,5142,1461,0
2026-08-23 07:09:02.601548,6413,5280,2913,0
2026-08-23 07:09:02.601568,6492,5283,2941,0
2026-08-23 07:09:02.601588,6515,5358,3537,0
2026-08-23 07:09:02.601608,6406,5307,2657,0
2026-08-23 07:09:02.601628,6467,5288,2601,0
2026-08-23 07:09:02.601648,6496,5337,2985,0
2026-08-23 07:09:02.601668,6426,5307,3054,0
2026-08-23 07:09:02.622402,6402,4655,2701,0
2026-08-23 07:09:02.622422,6472,4835,2883,0
2026-08-23 07:09:02.622442,6551,5001,3136,0
2026-08-23 07:09:02.622462,6355,4951,1358,0
2026-08-23 07:09:02.622482,6401,5138,2609,0
2026-08-23 07:09:02.622502,6475,5196,2663,0
2026-08-23 07:09:02.622522,6277,5030,0,0
2026-08-23 07:09:02.622542,6382,5279,3044,0
2026-08-23 07:09:02.622562,6500,5334,2900,0
2026-08-23 07:09:02.622582,6502,5350,3406,0
2026-08-23 07:09:02.622602,6397,5280,2408,0
2026-08-23 07:09:02.622622,6454,5328,2609,0
2026-08-23 07:09:02.622642,6484,5332,2806,0
2026-08-23 07:09:02.643448,6421,4682,2748,0
2026-08-23 07:09:02.643468,6384,4796,2127,0
2026-08-23 07:09:02.643488,6450,5000,2972,0
2026-08-23 07:09:02.643508,6493,5157,2920,0
2026-08-23 07:09:02.643528,6512,5235,3386,0
2026-08-23 07:09:02.643548,6413,5227,2713,0
2026-08-23 07:09:02.643568,6481,5227,2594,0
2026-08-23 07:09:02.643588,6479,5291,2780,0
2026-08-23 07:09:02.643608,6325,5096,451,0
2026-08-23 07:09:02.643628,6391,5311,2902,0
2026-08-23 07:09:02.643648,6496,5341,2903,0
2026-08-23 07:09:02.643668,6510,5392,3521,0
2026-08-23 07:09:02.643688,6413,5328,2667,0
2026-08-23 07:09:02.664438,6409,4689,2708,0
2026-08-23 07:09:02.664458,6477,4864,2605,0
2026-08-23 07:09:02.664478,6486,5016,2987,0
2026-08-23 07:09:02.664498,6406,5058,2599,0
2026-08-23 07:09:02.664518,6475,5155,2883,0
2026-08-23 07:09:02.664538,6500,5232,3047,0
2026-08-23 07:09:02.664558,6296,5029,0,0
2026-08-23 07:09:02.664578,6365,5295,2641,0
2026-08-23 07:09:02.664598,6459,5290,2621,0
2026-08-23 07:09:02.664618,6489,5370,3113,0
2026-08-23 07:09:02.664638,6428,5325,3039,0
2026-08-23 07:09:02.664658,6475,5326,2884,0
2026-08-23 07:09:02.664678,6501,5380,3308,0
2026-08-23 07:09:02.685550,6422,4758,3190,0
2026-08-23 07:09:02.685570,6375,4833,2165,0
2026-08-23 07:09:02.685590,6444,4959,2589,0
2026-08-23 07:09:02.685610,6475,5074,2672,0
2026-08-23 07:09:02.685630,6359,5019,1144,0
2026-08-23 07:09:02.685650,6404,5216,3010,0
2026-08-23 07:09:02.685670,6494,5292,2893,0
2026-08-23 07:09:02.685690,6507,5312,3316,0
2026-08-23 07:09:02.685710,6410,5301,2674,0
2026-08-23 07:09:02.685730,6473,5275,2600,0
2026-08-23 07:09:02.685750,6474,5317,2750,0
2026-08-23 07:09:02.685770,6318,5132,185,0
2026-08-23 07:09:02.685790,6393,5336,2910,0
2026-08-23 07:09:02.706501,6417,4697,2966,0
2026-08-23 07:09:02.706521,6506,4880,2940,0
2026-08-23 07:09:02.706541,6500,5054,3443,0
2026-08-23 07:09:02.706561,6411,5093,2741,0
2026-08-23 07:09:02.706581,6475,5176,2596,0
2026-08-23 07:09:02.706601,6479,5255,2825,0
2026-08-23 07:09:02.706621,6366,5144,1423,0
2026-08-23 07:09:02.706641,6410,5289,2651,0
2026-08-23 07:09:02.706661,6496,5315,2924,0
2026-08-23 07:09:02.706681,6521,5371,3547,0
2026-08-23 07:09:02.706701,6399,5329,2653,0
2026-08-23 07:09:02.706721,6474,5309,2585,0
2026-08-23 07:09:02.706741,6459,5371,3095,0
2026-08-23 07:09:02.727470,6425,4695,3046,0
2026-08-23 07:09:02.727490,6417,4853,2796,0
2026-08-23 07:09:02.727510,6481,4971,2876,0
2026-08-23 07:09:02.727530,6505,5148,3157,0
2026-08-23 07:09:02.727551,6371,5071,1633,0
2026-08-23 07:09:02.727571,6402,5219,2605,0
2026-08-23 07:09:02.727591,6475,5240,2661,0
2026-08-23 07:09:02.727611,6310,5080,31,0
2026-08-23 07:09:02.727630,6387,5316,3058,0
2026-08-23 07:09:02.727650,6497,5354,2889,0
2026-08-23 07:09:02.727670,6507,5398,3243,0
2026-08-23 07:09:02.727690,6413,5331,2681,0
2026-08-23 07:09:02.727710,6473,5329,2607,0
2026-08-23 07:09:02.746699,6411,4681,2535,0
2026-08-23 07:09:02.746719,6476,4865,2747,0
2026-08-23 07:09:02.746739,6381,4921,1923,0
2026-08-23 07:09:02.746759,6433,5136,2998,0
2026-08-23 07:09:02.746779,6500,5214,2908,0
2026-08-23 07:09:02.746799,6508,5254,3361,0
2026-08-23 07:09:02.746819,6410,5271,2698,0
2026-08-23 07:09:02.746839,6473,5296,2595,0
2026-08-23 07:09:02.746859,6483,5343,2785,0
2026-08-23 07:09:02.746879,6304,5169,277,0
2026-08-23 07:09:02.746899,6392,5352,2930,0
2026-08-23 07:09:02.746919,6496,5331,2970,0
2026-08-23 07:09:02.766907,6422,4765,2879,0
2026-08-23 07:09:02.766927,6502,4934,3142,0
2026-08-23 07:09:02.766947,6379,4982,1855,0
2026-08-23 07:09:02.766967,6415,5097,2648,0
2026-08-23 07:09:02.766987,6470,5180,2646,0
2026-08-23 07:09:02.767007,6488,5295,3148,0
2026-08-23 07:09:02.767027,6408,5282,2845,0
2026-08-23 07:09:02.767047,6492,5282,2875,0
2026-08-23 07:09:02.767067,6511,5333,3161,0
2026-08-23 07:09:02.767087,6372,5210,1763,0
2026-08-23 07:09:02.767107,6433,5331,2612,0
2026-08-23 07:09:02.767127,6478,5314,2719,0
2026-08-23 07:09:02.767147,6434,5274,2748,0
2026-08-23 07:09:02.787963,6422,4807,2901,0
2026-08-23 07:09:02.787983,6394,4840,2148,0
2026-08-23 07:09:02.788003,6439,5071,2894,0
2026-08-23 07:09:02.788023,6500,5137,2980,0
2026-08-23 07:09:02.788043,6505,5134,359,0
2026-08-23 07:09:02.788063,6295,5224,2649,0
2026-08-23 07:09:02.788083,6467,5241,2590,0
2026-08-23 07:09:02.788103,6483,5337,2969,0
2026-08-23 07:09:02.788123,6410,5328,2983,0
2026-08-23 07:09:02.788143,6502,5356,2900,0
2026-08-23 07:09:02.788163,6498,5346,3085,0
2026-08-23 07:09:02.788183,6372,5216,1507,0
2026-08-23 07:09:02.788203,6411,5322,2627,0
2026-08-23 07:09:02.808958,6413,4666,2619,0
2026-08-23 07:09:02.808978,6452,4848,2666,0
2026-08-23 07:09:02.808998,6318,4797,244,0
2026-08-23 07:09:02.809018,6398,5075,3030,0
2026-08-23 07:09:02.809038,6498,5164,2886,0
2026-08-23 07:09:02.809058,6526,5266,3260,0
2026-08-23 07:09:02.809078,6408,5268,2577,0
2026-08-23 07:09:02.809098,6468,5252,2621,0
2026-08-23 07:09:02.809118,6478,5331,2711,0
2026-08-23 07:09:02.809138,6537,5227,190,0
2026-08-23 07:09:02.809158,6381,5353,2928,0
2026-08-23 07:09:02.809178,6498,5325,2901,0
2026-08-23 07:09:02.809198,6512,5394,3481,0
2026-08-23 07:09:02.829281,6423,4753,3379,0
2026-08-23 07:09:02.829301,6404,4831,2729,0
2026-08-23 07:09:02.829321,6474,4977,2590,0
2026-08-23 07:09:02.829341,6478,5061,2799,0
2026-08-23 07:09:02.829361,6331,5023,853,0
2026-08-23 07:09:02.829381,6385,5251,2916,0
2026-08-23 07:09:02.829401,6494,5289,2919,0
2026-08-23 07:09:02.829421,6527,5362,3487,0
2026-08-23 07:09:02.829441,6403,5287,2646,0
2026-08-23 07:09:02.829461,6473,5278,2549,0
2026-08-23 07:09:02.829481,6476,5331,2886,0
2026-08-23 07:09:02.829501,6428,5343,2971,0
2026-08-23 07:09:02.829521,6486,5303,2882,0
2026-08-23 07:09:02.850335,6426,4773,2870,0
2026-08-23 07:09:02.850355,6500,4935,2885,0
2026-08-23 07:09:02.850375,6505,5037,3259,0
2026-08-23 07:09:02.850395,6391,5048,2335,0
2026-08-23 07:09:02.850415,6453,5186,2585,0
2026-08-23 07:09:02.850435,6480,5223,2738,0
2026-08-23 07:09:02.850456,6373,5169,1715,0
2026-08-23 07:09:02.850476,6434,5293,3002,0
2026-08-23 07:09:02.850495,6507,5312,2892,0
2026-08-23 07:09:02.850515,6507,5388,3360,0
2026-08-23 07:09:02.850535,6407,5289,2708,0
2026-08-23 07:09:02.850555,6482,5336,2597,0
2026-08-23 07:09:02.850575,6475,5353,2879,0
2026-08-23 07:09:02.870421,6425,4711,2880,0
2026-08-23 07:09:02.870441,6410,4866,2847,0
2026-08-23 07:09:02.870461,6491,5006,2916,0
2026-08-23 07:09:02.870481,6508,5144,2960,0
2026-08-23 07:09:02.870501,6275,4911,0,0
2026-08-23 07:09:02.870521,6383,5190,2696,0
2026-08-23 07:09:02.870541,6471,5263,2600,0
2026-08-23 07:09:02.870561,6489,5282,3047,0
2026-08-23 07:09:02.870581,6398,5285,2456,0
2026-08-23 07:09:02.870601,6463,5347,2880,0
2026-08-23 07:09:02.870621,6503,5367,3027,0
2026-08-23 07:09:02.870641,6314,5153,445,0
2026-08-23 07:09:02.870661,6392,5289,2596,0
2026-08-23 07:09:02.891084,6379,4712,1906,0
2026-08-23 07:09:02.891104,6428,4922,2654,0
2026-08-23 07:09:02.891124,6469,5038,2652,0
2026-08-23 07:09:02.891145,6501,5178,3189,0
2026-08-23 07:09:02.891165,6422,5223,2882,0
2026-08-23 07:09:02.891185,6489,5264,2879,0
2026-08-23 07:09:02.891205,6519,5321,3190,0
2026-08-23 07:09:02.891225,6384,5232,2004,0
2026-08-23 07:09:02.891244,6444,5316,2604,0
2026-08-23 07:09:02.891264,6481,5289,2692,0
2026-08-23 07:09:02.891284,6335,5159,602,0
2026-08-23 07:09:02.891304,6394,5377,3022,0
2026-08-23 07:09:02.891325,6493,5275,3145,0
2026-08-23 07:09:02.912270,6417,4776,2869,0
2026-08-23 07:09:02.912290,6505,4900,3243,0
2026-08-23 07:09:02.912310,6405,4938,2343,0
2026-08-23 07:09:02.912330,6450,5057,2599,0
2026-08-23 07:09:02.912350,6486,5168,2738,0
2026-08-23 07:09:02.912370,6378,5167,1726,0
2026-08-23 07:09:02.912390,6423,5300,2985,0
2026-08-23 07:09:02.912410,6505,5298,2903,0
2026-08-23 07:09:02.912430,6501,5383,3355,0
2026-08-23 07:09:02.912450,6402,5320,2712,0
2026-08-23 07:09:02.912470,6479,5307,2608,0
2026-08-23 07:09:02.912490,6479,5364,2814,0
2026-08-23 07:09:02.912510,6395,5284,2167,0
2026-08-23 07:09:02.933064,6429,4710,2861,0
2026-08-23 07:09:02.933084,6491,4870,2926,0
2026-08-23 07:09:02.933105,6504,5032,3013,0
2026-08-23 07:09:02.933125,6284,4851,0,0
2026-08-23 07:09:02.933145,6384,5174,2688,0
2026-08-23 07:09:02.933165,6473,5207,2602,0
2026-08-23 07:09:02.933185,6479,5295,2978,0
2026-08-23 07:09:02.933205,6407,5275,2455,0
2026-08-23 07:09:02.933224,6470,5306,2879,0
2026-08-23 07:09:02.933244,6498,5340,3040,0
2026-08-23 07:09:02.933264,6262,5057,0,0
2026-08-23 07:09:02.933285,6384,5294,2618,0
2026-08-23 07:09:02.933305,6464,5337,2682,0
2026-08-23 07:09:02.953148,6407,4737,2597,0
2026-08-23 07:09:02.953168,6477,4907,2986,0
2026-08-23 07:09:02.953188,6401,4967,2495,0
2026-08-23 07:09:02.953208,6473,5146,2899,0
2026-08-23 07:09:02.953228,6503,5209,2954,0
2026-08-23 07:09:02.953249,6271,4954,0,0
2026-08-23 07:09:02.953269,6394,5228,2650,0
2026-08-23 07:09:02.953289,6471,5301,2618,0
2026-08-23 07:09:02.953308,6489,5331,3055,0
2026-08-23 07:09:02.953328,6413,5341,3041,0
2026-08-23 07:09:02.953348,6501,5362,2887,0
2026-08-23 07:09:02.953368,6509,5373,3152,0
2026-08-23 07:09:02.953388,6428,5270,2683,0
2026-08-23 07:09:02.973295,6421,4837,3260,0
2026-08-23 07:09:02.973315,6398,4899,2330,0
2026-08-23 07:09:02.973335,6453,5028,2583,0
2026-08-23 07:09:02.973355,6471,5128,2725,0
2026-08-23 07:09:02.973375,6373,5073,1716,0
2026-08-23 07:09:02.973395,6442,5269,3005,0
2026-08-23 07:09:02.973415,6504,5285,2910,0
2026-08-23 07:09:02.973435,6504,5335,3335,0
2026-08-23 07:09:02.973455,6410,5316,2689,0
2026-08-23 07:09:02.973475,6485,5300,2599,0
2026-08-23 07:09:02.973495,6478,5360,2775,0
2026-08-23 07:09:02.973515,6300,5148,0,0
2026-08-23 07:09:02.973535,6395,5330,2912,0
2026-08-23 07:09:02.993600,6419,4651,2893,0
2026-08-23 07:09:02.993620,6505,4855,3099,0
2026-08-23 07:09:02.993640,6365,4862,1417,0
2026-08-23 07:09:02.993660,6404,5082,2670,0
2026-08-23 07:09:02.993680,6469,5134,2627,0
2026-08-23 07:09:02.993700,6485,5262,3105,0
2026-08-23 07:09:02.993720,6427,5257,2813,0
2026-08-23 07:09:02.993740,6494,5272,2878,0
2026-08-23 07:09:02.993760,6518,5320,3117,0
2026-08-23 07:09:02.993780,6356,5192,1351,0
2026-08-23 07:09:02.993800,6399,5330,2593,0
2026-08-23 07:09:02.993820,6479,5331,2743,0
2026-08-23 07:09:03.014713,6416,4751,2590,0
2026-08-23 07:09:03.014733,6478,4932,2813,0
2026-08-23 07:09:03.014753,6355,4952,1334,0
2026-08-23 07:09:03.014773,6404,5135,2912,0
2026-08-23 07:09:03.014793,6493,5212,2937,0
2026-08-23 07:09:03.014813,6515,5297,3536,0
2026-08-23 07:09:03.014833,6406,5235,2656,0
2026-08-23 07:09:03.014853,6471,5318,2596,0
2026-08-23 07:09:03.014873,6483,5353,2943,0
2026-08-23 07:09:03.014893,6417,5305,2913,0
2026-08-23 07:09:03.014913,6492,5365,2926,0
2026-08-23 07:09:03.014933,6509,5378,3008,0
2026-08-23 07:09:03.014953,6407,5263,2110,0
2026-08-23 07:09:03.035679,6343,4568,1191,0
2026-08-23 07:09:03.035699,6389,4852,2616,0
2026-08-23 07:09:03.035719,6473,5009,2693,0
2026-08-23 07:09:03.035739,6294,4858,0,0
2026-08-23 07:09:03.035759,6394,5176,3038,0
2026-08-23 07:09:03.035779,6490,5247,2903,0
2026-08-23 07:09:03.035799,6499,5310,3208,0
2026-08-23 07:09:03.035819,6403,5238,2451,0
2026-08-23 07:09:03.035839,6474,5293,2650,0
2026-08-23 07:09:03.035859,6485,5367,2687,0
2026-08-23 07:09:03.035879,6472,5416,3275,0
2026-08-23 07:09:03.035899,6430,5346,2921,0
2026-08-23 07:09:03.035919,6492,5318,2939,0
2026-08-23 07:09:03.056041,6413,4741,2905,0
2026-08-23 07:09:03.056061,6508,4905,3402,0
2026-08-23 07:09:03.056081,6407,4957,2932,0
2026-08-23 07:09:03.056101,6478,5058,2592,0
2026-08-23 07:09:03.056121,6485,5192,2792,0
2026-08-23 07:09:03.056141,6342,5045,894,0
2026-08-23 07:09:03.056161,6399,5287,3155,0
2026-08-23 07:09:03.056181,6500,5315,2930,0
2026-08-23 07:09:03.056201,6519,5348,3493,0
2026-08-23 07:09:03.056221,6412,5318,2622,0
2026-08-23 07:09:03.056241,6474,5301,2575,0
2026-08-23 07:09:03.056261,6486,5367,2943,0
2026-08-23 07:09:03.056281,6432,5343,3037,0
2026-08-23 07:09:03.077479,6433,4824,3144,0
2026-08-23 07:09:03.077499,6423,4910,2918,0
2026-08-23 07:09:03.077519,6498,5015,2879,0
2026-08-23 07:09:03.077539,6506,5156,3333,0
2026-08-23 07:09:03.077559,6402,5146,2480,0
2026-08-23 07:09:03.077579,6467,5227,2583,0
2026-08-23 07:09:03.077599,6493,5275,2771,0
2026-08-23 07:09:03.077619,6394,5236,2217,0
2026-08-23 07:09:03.077639,6461,5311,2973,0
2026-08-23 07:09:03.077659,6502,5368,2898,0
2026-08-23 07:09:03.077679,6521,5379,3401,0
2026-08-23 07:09:03.077699,6423,5330,2742,0
2026-08-23 07:09:03.077719,6486,5283,2579,0
2026-08-23 07:09:03.099398,6414,4691,2588,0
2026-08-23 07:09:03.099418,6473,4855,3005,0
2026-08-23 07:09:03.099438,6408,4974,3021,0
2026-08-23 07:09:03.099458,6499,5097,2888,0
2026-08-23 07:09:03.099478,6504,5173,3087,0
2026-08-23 07:09:03.099498,6358,5056,1240,0
2026-08-23 07:09:03.099518,6396,5275,2689,0
2026-08-23 07:09:03.099538,6468,5264,2622,0
2026-08-23 07:09:03.099558,6493,5325,3085,0
2026-08-23 07:09:03.099578,6413,5331,2764,0
2026-08-23 07:09:03.099598,6484,5365,2869,0
2026-08-23 07:09:03.099618,6518,5337,3169,0
2026-08-23 07:09:03.099638,6411,5292,2497,0
2026-08-23 07:09:03.118764,6416,4681,2656,0
2026-08-23 07:09:03.118784,6470,4871,2595,0
2026-08-23 07:09:03.118804,6474,4984,2772,0
2026-08-23 07:09:03.118824,6300,4896,41,0
2026-08-23 07:09:03.118844,6393,5195,2942,0
2026-08-23 07:09:03.118864,6505,5233,2910,0
2026-08-23 07:09:03.118884,6517,5331,3428,0
2026-08-23 07:09:03.118904,6386,5286,2623,0
2026-08-23 07:09:03.118924,6471,5276,2587,0
2026-08-23 07:09:03.118944,6485,5305,2860,0
2026-08-23 07:09:03.118964,6415,5334,2731,0
2026-08-23 07:09:03.118984,6482,5320,2900,0
2026-08-23 07:09:03.119004,6506,5331,3138,0
2026-08-23 07:09:03.139251,6412,4780,2883,0
2026-08-23 07:09:03.139271,6500,4933,3055,0
2026-08-23 07:09:03.139291,6307,4861,208,0
2026-08-23 07:09:03.139311,6381,5136,2628,0
2026-08-23 07:09:03.139331,6459,5203,2613,0
2026-08-23 07:09:03.139351,6480,5244,3138,0
2026-08-23 07:09:03.139371,6422,5264,3044,0
2026-08-23 07:09:03.139391,6501,5319,2890,0
2026-08-23 07:09:03.139411,6507,5359,3147,0
2026-08-23 07:09:03.139431,6394,5252,2072,0
2026-08-23 07:09:03.139451,6432,5362,2636,0
2026-08-23 07:09:03.139471,6481,5376,2650,0
2026-08-23 07:09:03.139491,6423,5237,2653,0
2026-08-23 07:09:03.159654,6428,4767,2931,0
2026-08-23 07:09:03.159674,6414,4927,2971,0
2026-08-23 07:09:03.159694,6497,5028,2903,0
2026-08-23 07:09:03.159714,6506,5150,3025,0
2026-08-23 07:09:03.159734,6321,4982,267,0
2026-08-23 07:09:03.159754,6398,5229,2678,0
2026-08-23 07:09:03.159774,6473,5282,2580,0
2026-08-23 07:09:03.159794,6484,5341,3005,0
2026-08-23 07:09:03.159814,6409,5300,2622,0
2026-08-23 07:09:03.159834,6475,5355,2891,0
2026-08-23 07:09:03.159854,6500,5343,3052,0
2026-08-23 07:09:03.159874,6307,5161,121,0
2026-08-23 07:09:03.159894,6402,5240,2523,0
2026-08-23 07:09:03.180209,6422,4749,2735,0
2026-08-23 07:09:03.180229,6481,4898,2593,0
2026-08-23 07:09:03.180249,6471,5020,2858,0
2026-08-23 07:09:03.180269,6375,5014,1673,0
2026-08-23 07:09:03.180290,6427,5212,2907,0
2026-08-23 07:09:03.180310,6493,5280,2961,0
2026-08-23 07:09:03.180330,6539,5356,3555,0
2026-08-23 07:09:03.180350,6414,5261,2668,0
2026-08-23 07:09:03.180369,6462,5291,2611,0
2026-08-23 07:09:03.180389,6491,5318,2975,0
2026-08-23 07:09:03.180409,6427,5319,2935,0
2026-08-23 07:09:03.180429,6507,5379,2908,0
2026-08-23 07:09:03.180449,6507,5335,3467,0
2026-08-23 07:09:03.201511,6411,4738,2925,0
2026-08-23 07:09:03.201531,6506,5002,3211,0
2026-08-23 07:09:03.201551,6402,4983,2639,0
2026-08-23 07:09:03.201571,6471,5078,2604,0
2026-08-23 07:09:03.201591,6507,5204,3005,0
2026-08-23 07:09:03.201611,6423,5211,3011,0
2026-08-23 07:09:03.201631,6510,5288,2883,0
2026-08-23 07:09:03.201651,6493,5325,3060,0
2026-08-23 07:09:03.201671,6350,5153,971,0
2026-08-23 07:09:03.201691,6389,5319,2666,0
2026-08-23 07:09:03.201711,6474,5341,2619,0
2026-08-23 07:09:03.201731,6499,5376,3127,0
2026-08-23 07:09:03.201751,6442,5302,2915,0
2026-08-23 07:09:03.222548,6417,4722,3006,0
2026-08-23 07:09:03.222568,6489,4853,2902,0
2026-08-23 07:09:03.222588,6516,5049,3241,0
2026-08-23 07:09:03.222608,6403,5061,2500,0
2026-08-23 07:09:03.222628,6462,5136,2627,0
2026-08-23 07:09:03.222648,6478,5210,2686,0
2026-08-23 07:09:03.222668,6502,5282,3262,0
2026-08-23 07:09:03.222688,6426,5301,2928,0
2026-08-23 07:09:03.222708,6494,5330,2881,0
2026-08-23 07:09:03.222728,6508,5369,3251,0
2026-08-23 07:09:03.222748,6396,5255,2297,0
2026-08-23 07:09:03.222768,6466,5337,2588,0
2026-08-23 07:09:03.222788,6478,5348,2870,0
2026-08-23 07:09:03.243594,6425,4687,2782,0
2026-08-23 07:09:03.243614,6331,4720,642,0
2026-08-23 07:09:03.243634,6405,4991,2942,0
2026-08-23 07:09:03.243654,6496,5132,2941,0
2026-08-23 07:09:03.243674,6529,5212,3459,0
2026-08-23 07:09:03.243694,6407,5216,2646,0
2026-08-23 07:09:03.243714,6474,5252,2606,0
2026-08-23 07:09:03.243734,6487,5315,2956,0
2026-08-23 07:09:03.243754,6416,5282,2773,0
2026-08-23 07:09:03.243774,6490,5329,2930,0
2026-08-23 07:09:03.243794,6511,5383,2965,0
2026-08-23 07:09:03.243814,6271,5031,0,0
2026-08-23 07:09:03.243834,6392,5296,2683,0
2026-08-23 07:09:03.264501,6405,4655,2657,0
2026-08-23 07:09:03.264521,6473,4828,2593,0
2026-08-23 07:09:03.264541,6491,5024,2951,0
2026-08-23 07:09:03.264561,6430,5102,2953,0
2026-08-23 07:09:03.264581,6511,5198,2918,0
2026-08-23 07:09:03.264601,6514,5249,3001,0
2026-08-23 07:09:03.264621,6280,5024,0,0
2026-08-23 07:09:03.264641,6385,5288,2695,0
2026-08-23 07:09:03.264661,6474,5276,2598,0
2026-08-23 07:09:03.264681,6493,5326,2968,0
2026-08-23 07:09:03.264701,6399,5299,2488,0
2026-08-23 07:09:03.264721,6474,5330,2876,0
2026-08-23 07:09:03.264741,6509,5350,3218,0
2026-08-23 07:09:03.284803,6427,4776,3129,0
2026-08-23 07:09:03.284823,6395,4795,2113,0
2026-08-23 07:09:03.284843,6444,4992,2643,0
2026-08-23 07:09:03.284863,6481,5106,2653,0
2026-08-23 07:09:03.284883,6493,5215,3182,0
2026-08-23 07:09:03.284903,6419,5228,2879,0
2026-08-23 07:09:03.284923,6496,5293,2873,0
2026-08-23 07:09:03.284943,6508,5314,3215,0
2026-08-23 07:09:03.284963,6381,5252,1975,0
2026-08-23 07:09:03.284983,6440,5327,2597,0
2026-08-23 07:09:03.285003,6475,5335,2705,0
2026-08-23 07:09:03.285023,6413,5268,1633,0
2026-08-23 07:09:03.285043,6434,5327,2925,0
2026-08-23 07:09:03.305050,6381,4698,1831,0
2026-08-23 07:09:03.305070,6427,4935,2884,0
2026-08-23 07:09:03.305090,6497,5036,3053,0
2026-08-23 07:09:03.305110,6302,4910,84,0
2026-08-23 07:09:03.305130,6390,5207,2643,0
2026-08-23 07:09:03.305150,6474,5267,2623,0
2026-08-23 07:09:03.305170,6492,5343,3132,0
2026-08-23 07:09:03.305190,6422,5292,3044,0
2026-08-23 07:09:03.305210,6505,5322,2893,0
2026-08-23 07:09:03.305230,6497,5356,3127,0
2026-08-23 07:09:03.305250,6390,5285,1982,0
2026-08-23 07:09:03.305270,6431,5313,2634,0
2026-08-23 07:09:03.305290,6493,5347,2789,0
2026-08-23 07:09:03.325746,6422,4803,2582,0
2026-08-23 07:09:03.325766,6489,4957,2769,0
2026-08-23 07:09:03.325786,6395,5011,2060,0
2026-08-23 07:09:03.325806,6456,5185,2989,0
2026-08-23 07:09:03.325826,6513,5239,2926,0
2026-08-23 07:09:03.325846,6519,5320,3400,0
2026-08-23 07:09:03.325866,6404,5251,2715,0
2026-08-23 07:09:03.325886,6479,5309,2589,0
2026-08-23 07:09:03.325906,6481,5344,2808,0
2026-08-23 07:09:03.325926,6341,5173,730,0
2026-08-23 07:09:03.325946,6402,5372,2929,0
2026-08-23 07:09:03.325966,6484,5390,2917,0
2026-08-23 07:09:03.325986,6404,5221,2492,0
2026-08-23 07:09:03.346323,6441,4823,3352,0
2026-08-23 07:09:03.346344,6417,4939,2726,0
2026-08-23 07:09:03.346364,6490,5015,2589,0
2026-08-23 07:09:03.346384,6488,5155,2901,0
2026-08-23 07:09:03.346404,6395,5146,2104,0
2026-08-23 07:09:03.346424,6447,5225,2895,0
2026-08-23 07:09:03.346444,6505,5295,2901,0
2026-08-23 07:09:03.346464,6559,5327,1298,0
2026-08-23 07:09:03.346483,6394,5268,2651,0
2026-08-23 07:09:03.346503,6473,5335,2605,0
2026-08-23 07:09:03.346524,6492,5371,2998,0
2026-08-23 07:09:03.346544,6430,5319,3049,0
2026-08-23 07:09:03.346564,6508,5321,2891,0
2026-08-23 07:09:03.367385,6410,4795,2933,0
2026-08-23 07:09:03.367405,6502,4905,2915,0
2026-08-23 07:09:03.367425,6527,5051,3669,0
2026-08-23 07:09:03.367445,6416,5082,2668,0
2026-08-23 07:09:03.367465,6465,5147,2586,0
2026-08-23 07:09:03.367486,6497,5229,2953,0
2026-08-23 07:09:03.367506,6430,5251,2958,0
2026-08-23 07:09:03.367526,6506,5282,2917,0
2026-08-23 07:09:03.367545,6510,5303,3025,0
2026-08-23 07:09:03.367565,6310,5140,0,0
2026-08-23 07:09:03.367585,6394,5320,2693,0
2026-08-23 07:09:03.367605,6481,5356,2621,0
2026-08-23 07:09:03.367625,6496,5375,3189,0
2026-08-23 07:09:03.388421,6433,4752,3040,0
2026-08-23 07:09:03.388441,6425,4893,3045,0
2026-08-23 07:09:03.388461,6508,5007,2896,0
2026-08-23 07:09:03.388481,6522,5165,3096,0
2026-08-23 07:09:03.388501,6392,5066,1871,0
2026-08-23 07:09:03.388521,6432,5210,2650,0
2026-08-23 07:09:03.388541,6482,5247,2635,0
2026-08-23 07:09:03.388561,6492,5349,3136,0
2026-08-23 07:09:03.388581,6421,5297,2853,0
2026-08-23 07:09:03.388601,6457,5322,2864,0
2026-08-23 07:09:03.388621,6502,5388,3252,0
2026-08-23 07:09:03.388641,6398,5237,2230,0
2026-08-23 07:09:03.388661,6449,5271,2572,0
2026-08-23 07:09:03.407616,6409,4684,2589,0
2026-08-23 07:09:03.407636,6479,4837,2827,0
2026-08-23 07:09:03.407656,6369,4859,1272,0
2026-08-23 07:09:03.407676,6410,5067,2908,0
2026-08-23 07:09:03.407696,6503,5179,2929,0
2026-08-23 07:09:03.407716,6512,5297,3518,0
2026-08-23 07:09:03.407736,6423,5219,2656,0
2026-08-23 07:09:03.407756,6478,5299,2586,0
2026-08-23 07:09:03.407776,6494,5295,2915,0
2026-08-23 07:09:03.407796,6429,5338,2905,0
2026-08-23 07:09:03.407816,6500,5345,2880,0
2026-08-23 07:09:03.407836,6477,5327,3106,0
2026-08-23 07:09:03.426579,6427,4783,2861,0
2026-08-23 07:09:03.426599,6512,4941,3252,0
2026-08-23 07:09:03.426619,6398,4969,2281,0
2026-08-23 07:09:03.426639,6445,5102,2586,0
2026-08-23 07:09:03.426659,6479,5216,2715,0
2026-08-23 07:09:03.426679,6378,5143,1662,0
2026-08-23 07:09:03.426699,6436,5312,2959,0
2026-08-23 07:09:03.426719,6511,5333,2906,0
2026-08-23 07:09:03.426739,6511,5347,3335,0
2026-08-23 07:09:03.426759,6413,5330,2722,0
2026-08-23 07:09:03.426779,6471,5335,2596,0
2026-08-23 07:09:03.426799,6487,5304,3030,0
2026-08-23 07:09:03.444809,6415,4849,2593,0
2026-08-23 07:09:03.444829,6491,4964,2673,0
2026-08-23 07:09:03.444849,6303,4863,0,0
2026-08-23 07:09:03.444869,6394,5171,3024,0
2026-08-23 07:09:03.444889,6505,5260,2886,0
2026-08-23 07:09:03.444909,6513,5324,3196,0
2026-08-23 07:09:03.444929,6410,5284,2511,0
2026-08-23 07:09:03.444949,6467,5270,2618,0
2026-08-23 07:09:03.444969,6482,5310,2682,0
2026-08-23 07:09:03.444989,6500,5381,3216,0
2026-08-23 07:09:03.445009,6413,5362,2935,0
2026-08-23 07:09:03.445029,6507,5331,2883,0
2026-08-23 07:09:03.461985,6423,4794,2974,0
2026-08-23 07:09:03.462005,6501,4961,2928,0
2026-08-23 07:09:03.462025,6514,5142,3422,0
2026-08-23 07:09:03.462045,6416,5144,2733,0
2026-08-23 07:09:03.462065,6479,5180,2601,0
2026-08-23 07:09:03.462085,6486,5272,2797,0
2026-08-23 07:09:03.462105,6348,5142,814,0
2026-08-23 07:09:03.462125,6391,5325,2907,0
2026-08-23 07:09:03.462145,6518,5362,2930,0
2026-08-23 07:09:03.462165,6516,5374,3478,0
2026-08-23 07:09:03.462185,6420,5282,2661,0
2026-08-23 07:09:03.479794,6443,4859,3304,0
2026-08-23 07:09:03.479814,6416,4958,2729,0
2026-08-23 07:09:03.479834,6481,5060,2603,0
2026-08-23 07:09:03.479854,6486,5183,2750,0
2026-08-23 07:09:03.479874,6311,4992,10,0
2026-08-23 07:09:03.479894,6393,5253,2921,0
2026-08-23 07:09:03.479914,6498,5296,2920,0
2026-08-23 07:09:03.479934,6512,5370,3435,0
2026-08-23 07:09:03.479954,6422,5315,2615,0
2026-08-23 07:09:03.479974,6454,5328,2586,0
2026-08-23 07:09:03.479994,6489,5357,2959,0
2026-08-23 07:09:03.500474,6428,4816,2529,0
2026-08-23 07:09:03.500494,6468,4953,2688,0
2026-08-23 07:09:03.500515,6503,5098,3245,0
2026-08-23 07:09:03.500535,6432,5173,2922,0
2026-08-23 07:09:03.500555,6498,5261,2875,0
2026-08-23 07:09:03.500575,6509,5323,3240,0
2026-08-23 07:09:03.500595,6393,5249,2290,0
2026-08-23 07:09:03.500615,6453,5277,2572,0
2026-08-23 07:09:03.500634,6487,5298,2717,0
2026-08-23 07:09:03.500654,6376,5230,1523,0
2026-08-23 07:09:03.500674,6393,5375,3006,0
2026-08-23 07:09:03.500695,6510,5349,2900,0
2026-08-23 07:09:03.500715,6514,5385,3468,0
2026-08-23 07:09:03.521384,6447,4762,3498,0
2026-08-23 07:09:03.521404,6426,4821,2665,0
2026-08-23 07:09:03.521424,6455,4988,2606,0
2026-08-23 07:09:03.521444,6491,5068,2918,0
2026-08-23 07:09:03.521464,6432,5202,2927,0
2026-08-23 07:09:03.521484,6490,5235,2946,0
2026-08-23 07:09:03.521504,6503,5300,2997,0
2026-08-23 07:09:03.521524,6325,4977,0,0
2026-08-23 07:09:03.521544,6382,5292,2713,0
2026-08-23 07:09:03.521564,6478,5308,2607,0
2026-08-23 07:09:03.521584,6499,5360,2952,0
2026-08-23 07:09:03.521604,6410,5317,2612,0
2026-08-23 07:09:03.521624,6479,5348,2873,0
2026-08-23 07:09:03.541888,6423,4699,2898,0
2026-08-23 07:09:03.541908,6503,4902,3083,0
2026-08-23 07:09:03.541928,6356,4868,1156,0
2026-08-23 07:09:03.541948,6404,5104,2691,0
2026-08-23 07:09:03.541968,6482,5182,2635,0
2026-08-23 07:09:03.541988,6495,5244,3051,0
2026-08-23 07:09:03.542008,6415,5253,2725,0
2026-08-23 07:09:03.542028,6490,5284,2879,0
2026-08-23 07:09:03.542048,6507,5323,3091,0
2026-08-23 07:09:03.542068,6333,5158,655,0
2026-08-23 07:09:03.542088,6387,5351,2628,0
2026-08-23 07:09:03.542108,6476,5360,2676,0
2026-08-23 07:09:03.542128,6414,5298,2598,0
2026-08-23 07:09:03.562651,6425,4771,2755,0
2026-08-23 07:09:03.562671,6390,4878,2115,0
2026-08-23 07:09:03.562691,6453,5003,2889,0
2026-08-23 07:09:03.562711,6499,5167,2995,0
2026-08-23 07:09:03.562731,6356,4862,0,0
2026-08-23 07:09:03.562751,6389,5165,2653,0
2026-08-23 07:09:03.562771,6474,5211,2592,0
2026-08-23 07:09:03.562791,6478,5263,3018,0
2026-08-23 07:09:03.562811,6426,5278,3024,0
2026-08-23 07:09:03.562831,6511,5334,2887,0
2026-08-23 07:09:03.562851,6513,5333,3060,0
2026-08-23 07:09:03.562871,6381,5213,1720,0
2026-08-23 07:09:03.562891,6436,5281,2622,0
2026-08-23 07:09:03.581131,6413,4698,2628,0
2026-08-23 07:09:03.581151,6478,4882,2669,0
2026-08-23 07:09:03.581171,6270,4719,0,0
2026-08-23 07:09:03.581191,6399,5078,3031,0
2026-08-23 07:09:03.581211,6506,5183,2895,0
2026-08-23 07:09:03.581231,6514,5239,3192,0
2026-08-23 07:09:03.581251,6405,5204,2340,0
2026-08-23 07:09:03.581271,6464,5270,2635,0
2026-08-23 07:09:03.581291,6487,5331,2960,0
2026-08-23 07:09:03.581311,6512,5358,3213,0
2026-08-23 07:09:03.581331,6434,5346,2937,0
2026-08-23 07:09:03.581351,6514,5298,2925,0
2026-08-23 07:09:03.598639,6427,4889,2978,0
2026-08-23 07:09:03.598659,6498,5009,2884,0
2026-08-23 07:09:03.598679,6509,5155,3152,0
2026-08-23 07:09:03.598699,6394,5098,2115,0
2026-08-23 07:09:03.598719,6444,5190,2651,0
2026-08-23 07:09:03.598739,6484,5248,2644,0
2026-08-23 07:09:03.598759,6494,5340,3169,0
2026-08-23 07:09:03.598779,6403,5319,2888,0
2026-08-23 07:09:03.598799,6495,5346,2878,0
2026-08-23 07:09:03.598819,6510,5342,3199,0
2026-08-23 07:09:03.598839,6410,5274,2497,0
2026-08-23 07:09:03.618250,6432,4836,3105,0
2026-08-23 07:09:03.618270,6391,4860,1747,0
2026-08-23 07:09:03.618290,6432,5042,2665,0
2026-08-23 07:09:03.618310,6480,5168,2643,0
2026-08-23 07:09:03.618330,6483,5227,3121,0
2026-08-23 07:09:03.618350,6417,5227,2840,0
2026-08-23 07:09:03.618370,6509,5309,2883,0
2026-08-23 07:09:03.618390,6510,5303,3134,0
2026-08-23 07:09:03.618410,6361,5189,1461,0
2026-08-23 07:09:03.618430,6409,5304,2607,0
2026-08-23 07:09:03.618450,6484,5312,2727,0
2026-08-23 07:09:03.638194,6419,4814,2707,0
2026-08-23 07:09:03.638214,6491,4952,2612,0
2026-08-23 07:09:03.638234,6504,5083,3041,0
2026-08-23 07:09:03.638254,6415,5164,2742,0
2026-08-23 07:09:03.638274,6489,5238,2888,0
2026-08-23 07:09:03.638294,6512,5269,3094,0
2026-08-23 07:09:03.638314,6334,5096,677,0
2026-08-23 07:09:03.638334,6400,5282,2670,0
2026-08-23 07:09:03.638354,6478,5344,2633,0
2026-08-23 07:09:03.638374,6382,5146,0,0
2026-08-23 07:09:03.638394,6517,5371,3047,0
2026-08-23 07:09:03.638414,6501,5360,2886,0
2026-08-23 07:09:03.638434,6500,5389,3279,0
2026-08-23 07:09:03.638454,6431,5264,2707,0
2026-08-23 07:09:03.658197,6390,4653,2003,0
2026-08-23 07:09:03.658217,6439,4888,2590,0
2026-08-23 07:09:03.658237,6483,5024,2703,0
2026-08-23 07:09:03.658257,6356,4949,766,0
2026-08-23 07:09:03.658277,6467,5182,3021,0
2026-08-23 07:09:03.658297,6503,5266,2894,0
2026-08-23 07:09:03.658317,6503,5297,3270,0
2026-08-23 07:09:03.658337,6411,5246,2466,0
2026-08-23 07:09:03.658357,6484,5328,2579,0
2026-08-23 07:09:03.658377,6481,5315,2730,0
2026-08-23 07:09:03.658397,6400,5201,0,0
2026-08-23 07:09:03.658417,6407,5318,2934,0
2026-08-23 07:09:03.658437,6506,5325,2938,0
2026-08-23 07:09:03.678965,6422,4828,2957,0
2026-08-23 07:09:03.678985,6496,4962,2953,0
2026-08-23 07:09:03.679005,6524,5094,3528,0
2026-08-23 07:09:03.679025,6416,5080,2734,0
2026-08-23 07:09:03.679045,6481,5196,2613,0
2026-08-23 07:09:03.679065,6484,5277,2884,0
2026-08-23 07:09:03.679085,6377,5209,1902,0
2026-08-23 07:09:03.679105,6441,5281,2902,0
2026-08-23 07:09:03.679125,6497,5319,2977,0
2026-08-23 07:09:03.679145,6531,5407,3594,0
2026-08-23 07:09:03.679165,6416,5298,2647,0
2026-08-23 07:09:03.679185,6481,5314,2549,0
2026-08-23 07:09:03.679205,6497,5387,3123,0
2026-08-23 07:09:03.697940,6434,4744,2939,0
2026-08-23 07:09:03.697960,6410,4861,2535,0
2026-08-23 07:09:03.697980,6479,4998,2890,0
2026-08-23 07:09:03.698000,6497,5146,3023,0
2026-08-23 07:09:03.698020,6276,4900,0,0
2026-08-23 07:09:03.698040,6397,5227,2652,0
2026-08-23 07:09:03.698060,6475,5246,2616,0
2026-08-23 07:09:03.698080,6496,5316,3084,0
2026-08-23 07:09:03.698100,6438,5318,3033,0
2026-08-23 07:09:03.698120,6503,5323,2887,0
2026-08-23 07:09:03.698140,6517,5385,3178,0
2026-08-23 07:09:03.698160,6417,5263,2580,0
2026-08-23 07:09:03.716574,6433,4800,3233,0
2026-08-23 07:09:03.716594,6403,4893,2354,0
2026-08-23 07:09:03.716614,6458,5028,2579,0
2026-08-23 07:09:03.716634,6479,5132,2729,0
2026-08-23 07:09:03.716654,6386,5095,1969,0
2026-08-23 07:09:03.716674,6436,5245,2979,0
2026-08-23 07:09:03.716694,6503,5311,2893,0
2026-08-23 07:09:03.716714,6521,5319,3329,0
2026-08-23 07:09:03.716734,6410,5277,2678,0
2026-08-23 07:09:03.716754,6486,5301,2577,0
2026-08-23 07:09:03.716774,6489,5376,2867,0
2026-08-23 07:09:03.716794,6429,5309,2854,0
2026-08-23 07:09:03.735042,6429,4869,2695,0
2026-08-23 07:09:03.735062,6369,4862,1401,0
2026-08-23 07:09:03.735082,6429,5070,3001,0
2026-08-23 07:09:03.735102,6502,5172,2889,0
2026-08-23 07:09:03.735122,6516,5253,3323,0
2026-08-23 07:09:03.735142,6413,5251,2653,0
2026-08-23 07:09:03.735162,6481,5294,2593,0
2026-08-23 07:09:03.735182,6493,5292,2769,0
2026-08-23 07:09:03.735202,6283,5096,0,0
2026-08-23 07:09:03.735222,6395,5370,2930,0
2026-08-23 07:09:03.735242,6511,5343,2922,0
2026-08-23 07:09:03.735262,6525,5376,4250,0
2026-08-23 07:09:03.752041,6428,4814,2951,0
2026-08-23 07:09:03.752061,6393,4765,0,0
2026-08-23 07:09:03.752081,6395,5058,2721,0
2026-08-23 07:09:03.752101,6476,5100,2587,0
2026-08-23 07:09:03.752121,6489,5254,2896,0
2026-08-23 07:09:03.752141,6394,5208,2108,0
2026-08-23 07:09:03.752161,6464,5301,2904,0
2026-08-23 07:09:03.752181,6509,5289,2981,0
2026-08-23 07:09:03.752201,6558,5447,2000,0
2026-08-23 07:09:03.752221,6397,5272,2650,0
2026-08-23 07:09:03.752241,6480,5274,2639,0
2026-08-23 07:09:03.769337,6389,4818,2664,0
2026-08-23 07:09:03.769357,6481,4956,2602,0
2026-08-23 07:09:03.769377,6491,5094,2784,0
2026-08-23 07:09:03.769397,6307,4959,0,0
2026-08-23 07:09:03.769417,6395,5237,2960,0
2026-08-23 07:09:03.769437,6503,5282,2899,0
2026-08-23 07:09:03.769457,6519,5356,3421,0
2026-08-23 07:09:03.769477,6415,5250,2623,0
2026-08-23 07:09:03.769497,6472,5315,2579,0
2026-08-23 07:09:03.769517,6492,5349,2878,0
2026-08-23 07:09:03.769537,6439,5308,2980,0
2026-08-23 07:09:03.788694,6413,4869,2648,0
2026-08-23 07:09:03.788714,6483,5002,3213,0
2026-08-23 07:09:03.788734,6420,5089,2914,0
2026-08-23 07:09:03.788754,6487,5189,2883,0
2026-08-23 07:09:03.788774,6511,5239,3228,0
2026-08-23 07:09:03.788794,6399,5199,2152,0
2026-08-23 07:09:03.788814,6447,5257,2596,0
2026-08-23 07:09:03.788834,6479,5321,2692,0
2026-08-23 07:09:03.788854,6348,5222,980,0
2026-08-23 07:09:03.788874,6409,5369,3024,0
2026-08-23 07:09:03.788894,6507,5330,2900,0
2026-08-23 07:09:03.788914,6521,5377,3423,0
2026-08-23 07:09:03.809656,6428,4797,2919,0
2026-08-23 07:09:03.809676,6520,4974,3566,0
2026-08-23 07:09:03.809696,6430,5037,2665,0
2026-08-23 07:09:03.809716,6485,5097,2594,0
2026-08-23 07:09:03.809736,6495,5212,2974,0
2026-08-23 07:09:03.809756,6425,5233,2984,0
2026-08-23 07:09:03.809776,6508,5276,2917,0
2026-08-23 07:09:03.809796,6510,5309,3019,0
2026-08-23 07:09:03.809816,6311,5101,9,0
2026-08-23 07:09:03.809836,6396,5310,2694,0
2026-08-23 07:09:03.809856,6470,5385,2604,0
2026-08-23 07:09:03.809876,6495,5375,3042,0
2026-08-23 07:09:03.809896,6426,5327,2914,0
2026-08-23 07:09:03.830028,6431,4753,3040,0
2026-08-23 07:09:03.830048,6523,4879,2894,0
2026-08-23 07:09:03.830068,6519,5035,3125,0
2026-08-23 07:09:03.830088,6381,5016,1907,0
2026-08-23 07:09:03.830108,6432,5158,2659,0
2026-08-23 07:09:03.830128,6484,5247,2771,0
2026-08-23 07:09:03.830148,6497,5291,3138,0
2026-08-23 07:09:03.830168,6422,5280,2833,0
2026-08-23 07:09:03.830188,6498,5303,2867,0
2026-08-23 07:09:03.830208,6509,5375,3181,0
2026-08-23 07:09:03.830228,6381,5256,1732,0
2026-08-23 07:09:03.830248,6426,5307,2587,0
2026-08-23 07:09:03.830268,6502,5293,2935,0
2026-08-23 07:09:03.851052,6461,4754,2591,0
2026-08-23 07:09:03.851072,6497,4954,2986,0
2026-08-23 07:09:03.851092,6402,5020,2646,0
2026-08-23 07:09:03.851112,6472,5144,2884,0
2026-08-23 07:09:03.851132,6513,5205,3053,0
2026-08-23 07:09:03.851152,6318,5027,230,0
2026-08-23 07:09:03.851172,6394,5257,2629,0
2026-08-23 07:09:03.851192,6485,5301,2620,0
2026-08-23 07:09:03.851212,6494,5365,3126,0
2026-08-23 07:09:03.851232,6431,5331,3009,0
2026-08-23 07:09:03.851252,6512,5366,2882,0
2026-08-23 07:09:03.851272,6506,5389,3207,0
2026-08-23 07:09:03.851292,6430,5295,2635,0
2026-08-23 07:09:03.872164,6376,4633,1580,0
2026-08-23 07:09:03.872185,6421,4875,2600,0
2026-08-23 07:09:03.872205,6485,4986,2674,0
2026-08-23 07:09:03.872225,6335,4947,332,0
2026-08-23 07:09:03.872245,6401,5215,3022,0
2026-08-23 07:09:03.872265,6506,5252,2892,0
2026-08-23 07:09:03.872285,6483,5301,3243,0
2026-08-23 07:09:03.872305,6413,5243,2531,0
2026-08-23 07:09:03.872324,6477,5317,2616,0
2026-08-23 07:09:03.872344,6501,5349,2716,0
2026-08-23 07:09:03.872365,6497,5382,3284,0
2026-08-23 07:09:03.872385,6428,5325,2946,0
2026-08-23 07:09:03.872405,6506,5304,2932,0
2026-08-23 07:09:03.893509,6430,4689,2947,0
2026-08-23 07:09:03.893529,6521,4897,3823,0
2026-08-23 07:09:03.893549,6431,4958,2732,0
2026-08-23 07:09:03.893569,6486,5086,2607,0
2026-08-23 07:09:03.893589,6489,5151,2909,0
2026-08-23 07:09:03.893609,6394,5149,2102,0
2026-08-23 07:09:03.893629,6441,5248,2874,0
2026-08-23 07:09:03.893649,6508,5303,2965,0
2026-08-23 07:09:03.893669,6529,5410,4229,0
2026-08-23 07:09:03.893689,6428,5333,2676,0
2026-08-23 07:09:03.893709,6482,5300,2586,0
2026-08-23 07:09:03.893729,6484,5355,3027,0
2026-08-23 07:09:03.893749,6430,5343,3038,0
2026-08-23 07:09:03.914542,6418,4694,2872,0
2026-08-23 07:09:03.914562,6496,4878,2875,0
2026-08-23 07:09:03.914582,6501,5039,3213,0
2026-08-23 07:09:03.914602,6395,5016,2196,0
2026-08-23 07:09:03.914622,6452,5172,2441,0
2026-08-23 07:09:03.914642,6480,5235,2716,0
2026-08-23 07:09:03.914662,6358,5139,1206,0
2026-08-23 07:09:03.914682,6417,5338,2950,0
2026-08-23 07:09:03.914702,6519,5326,2900,0
2026-08-23 07:09:03.914722,6524,5356,3294,0
2026-08-23 07:09:03.914742,6416,5303,2658,0
2026-08-23 07:09:03.914762,6416,5342,2602,0
2026-08-23 07:09:03.914782,6490,5366,2858,0
2026-08-23 07:09:03.935500,6431,4713,2830,0
2026-08-23 07:09:03.935520,6415,4832,2770,0
2026-08-23 07:09:03.935540,6488,4999,2935,0
2026-08-23 07:09:03.935560,6504,5106,2954,0
2026-08-23 07:09:03.935580,6523,5231,3711,0
2026-08-23 07:09:03.935600,6423,5217,2734,0
2026-08-23 07:09:03.935620,6483,5225,2601,0
2026-08-23 07:09:03.935640,6500,5291,2876,0
2026-08-23 07:09:03.935660,6393,5211,1959,0
2026-08-23 07:09:03.935680,6448,5320,2889,0
2026-08-23 07:09:03.935700,6494,5357,2975,0
2026-08-23 07:09:03.935720,6325,4955,0,0
2026-08-23 07:09:03.935740,6398,5258,2638,0
2026-08-23 07:09:03.956501,6424,4628,2704,0
2026-08-23 07:09:03.956521,6485,4825,2626,0
2026-08-23 07:09:03.956541,6485,4996,2983,0
2026-08-23 07:09:03.956561,6423,5039,2598,0
2026-08-23 07:09:03.956581,6485,5140,2884,0
2026-08-23 07:09:03.956601,6508,5232,3049,0
2026-08-23 07:09:03.956621,6300,5017,0,0
2026-08-23 07:09:03.956641,6390,5291,2651,0
2026-08-23 07:09:03.956661,6471,5320,2593,0
2026-08-23 07:09:03.956681,6499,5326,3093,0
2026-08-23 07:09:03.956701,6428,5362,3031,0
2026-08-23 07:09:03.956721,6516,5365,2900,0
2026-08-23 07:09:03.956741,6518,5389,3313,0
2026-08-23 07:09:03.977522,6433,4751,3148,0
2026-08-23 07:09:03.977542,6384,4776,1955,0
2026-08-23 07:09:03.977562,6435,4960,2605,0
2026-08-23 07:09:03.977582,6488,5132,2681,0
2026-08-23 07:09:03.977602,6347,5027,609,0
2026-08-23 07:09:03.977622,6412,5278,3024,0
2026-08-23 07:09:03.977642,6502,5265,2890,0
2026-08-23 07:09:03.977662,6516,5329,3269,0
2026-08-23 07:09:03.977682,6417,5280,2611,0
2026-08-23 07:09:03.977702,6474,5339,2635,0
2026-08-23 07:09:03.977722,6501,5371,2727,0
2026-08-23 07:09:03.977742,6292,5074,0,0
2026-08-23 07:09:03.977762,6411,5310,2918,0
2026-08-23 07:09:03.998649,6432,4729,2964,0
2026-08-23 07:09:03.998669,6500,4908,2916,0
2026-08-23 07:09:03.998689,6524,5066,3404,0
2026-08-23 07:09:03.998709,6422,5066,2712,0
2026-08-23 07:09:03.998729,6484,5146,2591,0
2026-08-23 07:09:03.998749,6487,5263,2793,0
2026-08-23 07:09:03.998769,6346,5083,657,0
2026-08-23 07:09:03.998789,6401,5325,2939,0
2026-08-23 07:09:03.998809,6495,5323,2903,0
2026-08-23 07:09:03.998829,6523,5400,3480,0
2026-08-23 07:09:03.998849,6419,5327,2658,0
2026-08-23 07:09:03.998869,6480,5281,2542,0
2026-08-23 07:09:03.998889,6486,5357,3108,0
2026-08-23 07:09:04.019544,6435,4700,3028,0
2026-08-23 07:09:04.019564,6421,4865,2748,0
2026-08-23 07:09:04.019584,6484,4981,2888,0
2026-08-23 07:09:04.019604,6514,5103,3119,0
2026-08-23 07:09:04.019624,6354,5040,1183,0
2026-08-23 07:09:04.019644,6408,5220,2610,0
2026-08-23 07:09:04.019664,6491,5291,2647,0
2026-08-23 07:09:04.019684,6288,5038,0,0
2026-08-23 07:09:04.019704,6402,5297,3029,0
2026-08-23 07:09:04.019724,6514,5349,2882,0
2026-08-23 07:09:04.019744,6512,5363,3201,0
2026-08-23 07:09:04.019764,6413,5285,2491,0
2026-08-23 07:09:04.019784,6481,5323,2599,0
2026-08-23 07:09:04.040489,6419,4681,2593,0
2026-08-23 07:09:04.040509,6472,4862,2712,0
2026-08-23 07:09:04.040529,6372,4894,1290,0
2026-08-23 07:09:04.040549,6413,5136,2999,0
2026-08-23 07:09:04.040569,6494,5217,2909,0
2026-08-23 07:09:04.040589,6498,5288,3330,0
2026-08-23 07:09:04.040609,6419,5272,2686,0
2026-08-23 07:09:04.040629,6478,5285,2593,0
2026-08-23 07:09:04.040649,6483,5333,2742,0
2026-08-23 07:09:04.040669,6277,5047,0,0
2026-08-23 07:09:04.040689,6394,5320,2922,0
2026-08-23 07:09:04.040709,6504,5366,2832,0
2026-08-23 07:09:04.040729,6526,5398,3594,0
2026-08-23 07:09:04.061766,6433,4777,3381,0
2026-08-23 07:09:04.061786,6422,4846,2722,0
2026-08-23 07:09:04.061806,6482,5013,2593,0
2026-08-23 07:09:04.061826,6486,5083,2818,0
2026-08-23 07:09:04.061846,6355,5046,1073,0
2026-08-23 07:09:04.061867,6414,5246,2929,0
2026-08-23 07:09:04.061887,6517,5275,2912,0
2026-08-23 07:09:04.061907,6525,5340,3491,0
2026-08-23 07:09:04.061926,6416,5313,2639,0
2026-08-23 07:09:04.061946,6480,5347,2589,0
2026-08-23 07:09:04.061966,6492,5318,2897,0
2026-08-23 07:09:04.061986,6435,5332,2961,0
2026-08-23 07:09:04.062006,6501,5311,2863,0
2026-08-23 07:09:04.082723,6418,4681,2951,0
2026-08-23 07:09:04.082743,6510,4894,3122,0
2026-08-23 07:09:04.082763,6360,4846,1232,0
2026-08-23 07:09:04.082783,6427,5052,2625,0
2026-08-23 07:09:04.082803,6476,5166,2653,0
2026-08-23 07:09:04.082823,6294,4935,0,0
2026-08-23 07:09:04.082843,6401,5272,3025,0
2026-08-23 07:09:04.082863,6507,5309,2897,0
2026-08-23 07:09:04.082883,6517,5315,3205,0
2026-08-23 07:09:04.082903,6411,5258,2357,0
2026-08-23 07:09:04.082923,6468,5305,2645,0
2026-08-23 07:09:04.082943,6486,5343,2706,0
2026-08-23 07:09:04.082963,6370,5169,652,0
2026-08-23 07:09:04.103064,6384,4593,1618,0
2026-08-23 07:09:04.103084,6434,4859,2975,0
2026-08-23 07:09:04.103104,6515,4996,2908,0
2026-08-23 07:09:04.103124,6520,5187,3378,0
2026-08-23 07:09:04.103144,6429,5175,2709,0
2026-08-23 07:09:04.103164,6480,5212,2598,0
2026-08-23 07:09:04.103184,6495,5285,2842,0
2026-08-23 07:09:04.103204,6323,5095,440,0
2026-08-23 07:09:04.103224,6383,5322,2924,0
2026-08-23 07:09:04.103244,6503,5335,2902,0
2026-08-23 07:09:04.103264,6509,5381,3458,0
2026-08-23 07:09:04.103284,6420,5302,2662,0
2026-08-23 07:09:04.103304,6484,5284,2648,0
2026-08-23 07:09:04.124423,6421,4755,2663,0
2026-08-23 07:09:04.124443,6479,4948,2690,0
2026-08-23 07:09:04.124463,6505,5055,3242,0
2026-08-23 07:09:04.124483,6432,5150,2919,0
2026-08-23 07:09:04.124503,6497,5167,2881,0
2026-08-23 07:09:04.124523,6508,5258,3228,0
2026-08-23 07:09:04.124543,6402,5195,2239,0
2026-08-23 07:09:04.124563,6467,5267,2597,0
2026-08-23 07:09:04.124583,6489,5311,2714,0
2026-08-23 07:09:04.124603,6382,5200,1196,0
2026-08-23 07:09:04.124623,6425,5345,3002,0
2026-08-23 07:09:04.124643,6505,5355,2894,0
2026-08-23 07:09:04.124663,6535,5421,3158,0
2026-08-23 07:09:04.145530,6446,4757,3464,0
2026-08-23 07:09:04.145550,6417,4849,2652,0
2026-08-23 07:09:04.145571,6478,4982,2592,0
2026-08-23 07:09:04.145591,6495,5073,2894,0
2026-08-23 07:09:04.145611,6418,5189,2935,0
2026-08-23 07:09:04.145631,6506,5242,2908,0
2026-08-23 07:09:04.145651,6515,5255,2994,0
2026-08-23 07:09:04.145671,6284,5063,0,0
2026-08-23 07:09:04.145690,6382,5289,2722,0
2026-08-23 07:09:04.145710,6481,5315,2605,0
2026-08-23 07:09:04.145730,6497,5352,2967,0
2026-08-23 07:09:04.145751,6424,5328,2674,0
2026-08-23 07:09:04.145771,6490,5316,2865,0
2026-08-23 07:09:04.166415,6426,4745,2906,0
2026-08-23 07:09:04.166435,6514,4891,3094,0
2026-08-23 07:09:04.166455,6382,4943,1652,0
2026-08-23 07:09:04.166475,6428,5069,2644,0
2026-08-23 07:09:04.166495,6484,5195,2635,0
2026-08-23 07:09:04.166515,6504,5279,3109,0
2026-08-23 07:09:04.166535,6426,5239,2814,0
2026-08-23 07:09:04.166555,6496,5288,2867,0
2026-08-23 07:09:04.166575,6516,5377,3138,0
2026-08-23 07:09:04.166595,6379,5208,1485,0
2026-08-23 07:09:04.166615,6422,5323,2609,0
2026-08-23 07:09:04.166635,6481,5330,2676,0
2026-08-23 07:09:04.166655,6393,5272,1827,0
2026-08-23 07:09:04.187352,6264,4337,0,0
2026-08-23 07:09:04.187372,6405,4828,2954,0
2026-08-23 07:09:04.187392,6514,4938,2898,0
2026-08-23 07:09:04.187413,6512,5138,3344,0
2026-08-23 07:09:04.187433,6419,5137,2963,0
2026-08-23 07:09:04.187453,6477,5200,2601,0
2026-08-23 07:09:04.187473,6490,5242,2836,0
2026-08-23 07:09:04.187493,6422,5243,2538,0
2026-08-23 07:09:04.187512,6479,5301,2949,0
2026-08-23 07:09:04.187532,6514,5315,2938,0
2026-08-23 07:09:04.187552,6530,5413,3484,0
2026-08-23 07:09:04.187572,6425,5332,2725,0
2026-08-23 07:09:04.187593,6488,5309,2605,0
2026-08-23 07:09:04.208326,6422,4679,2503,0
2026-08-23 07:09:04.208346,6492,4909,2924,0
2026-08-23 07:09:04.208366,6417,4985,2887,0
2026-08-23 07:09:04.208386,6502,5081,2890,0
2026-08-23 07:09:04.208406,6520,5183,2991,0
2026-08-23 07:09:04.208426,6266,4968,0,0
2026-08-23 07:09:04.208446,6385,5259,2727,0
2026-08-23 07:09:04.208466,6496,5292,2603,0
2026-08-23 07:09:04.208486,6502,5338,2926,0
2026-08-23 07:09:04.208506,6408,5286,2346,0
2026-08-23 07:09:04.208526,6471,5322,2888,0
2026-08-23 07:09:04.208546,6512,5342,3029,0
2026-08-23 07:09:04.208566,6361,5217,1374,0
2026-08-23 07:09:04.229308,6334,4524,436,0
2026-08-23 07:09:04.229328,6395,4864,2676,0
2026-08-23 07:09:04.229348,6486,5000,2631,0
2026-08-23 07:09:04.229368,6494,5165,3045,0
2026-08-23 07:09:04.229388,6430,5186,2741,0
2026-08-23 07:09:04.229408,6488,5226,2972,0
2026-08-23 07:09:04.229428,6518,5309,3098,0
2026-08-23 07:09:04.229448,6352,5133,758,0
2026-08-23 07:09:04.229468,6402,5323,2622,0
2026-08-23 07:09:04.229488,6488,5318,2640,0
2026-08-23 07:09:04.229508,6387,5161,0,0
2026-08-23 07:09:04.229528,6408,5381,3047,0
2026-08-23 07:09:04.229548,6512,5351,2889,0
2026-08-23 07:09:04.250520,6424,4736,2877,0
2026-08-23 07:09:04.250540,6474,4923,3187,0
2026-08-23 07:09:04.250560,6384,4951,1918,0
2026-08-23 07:09:04.250580,6448,5100,2603,0
2026-08-23 07:09:04.250600,6491,5197,2678,0
2026-08-23 07:09:04.250620,6388,5061,306,0
2026-08-23 07:09:04.250640,6403,5282,3029,0
2026-08-23 07:09:04.250660,6511,5327,2885,0
2026-08-23 07:09:04.250680,6517,5353,3250,0
2026-08-23 07:09:04.250700,6418,5306,2530,0
2026-08-23 07:09:04.250720,6488,5312,2622,0
2026-08-23 07:09:04.250740,6485,5331,2741,0
2026-08-23 07:09:04.250760,6383,5242,1410,0
2026-08-23 07:09:04.271338,6436,4700,2665,0
2026-08-23 07:09:04.271358,6489,4864,2913,0
2026-08-23 07:09:04.271378,6508,5002,2966,0
2026-08-23 07:09:04.271398,6376,4840,0,0
2026-08-23 07:09:04.271418,6405,5107,2716,0
2026-08-23 07:09:04.271438,6485,5234,2597,0
2026-08-23 07:09:04.271458,6490,5262,2895,0
2026-08-23 07:09:04.271478,6356,5251,2109,0
2026-08-23 07:09:04.271498,6469,5336,2893,0
2026-08-23 07:09:04.271518,6515,5330,2987,0
2026-08-23 07:09:04.271538,6539,5416,4237,0
2026-08-23 07:09:04.271558,6438,5313,2622,0
2026-08-23 07:09:04.271578,6487,5326,2674,0
2026-08-23 07:09:04.292407,6425,4727,2605,0
2026-08-23 07:09:04.292427,6500,4927,3094,0
2026-08-23 07:09:04.292447,6428,5012,3043,0
2026-08-23 07:09:04.292467,6498,5133,2868,0
2026-08-23 07:09:04.292487,6504,5224,3134,0
2026-08-23 07:09:04.292507,6354,5074,1267,0
2026-08-23 07:09:04.292527,6411,5242,2620,0
2026-08-23 07:09:04.292547,6480,5284,2643,0
2026-08-23 07:09:04.292567,6280,5053,0,0
2026-08-23 07:09:04.292587,6415,5344,3034,0
2026-08-23 07:09:04.292607,6508,5325,2862,0
2026-08-23 07:09:04.292627,6521,5360,3267,0
2026-08-23 07:09:04.292647,6431,5330,2706,0
2026-08-23 07:09:04.313444,6393,4671,2197,0
2026-08-23 07:09:04.313464,6456,4890,2572,0
2026-08-23 07:09:04.313484,6384,5007,2736,0
2026-08-23 07:09:04.313504,6400,5011,1709,0
2026-08-23 07:09:04.313524,6420,5212,2990,0
2026-08-23 07:09:04.313544,6511,5258,2912,0
2026-08-23 07:09:04.313564,6521,5290,3347,0
2026-08-23 07:09:04.313584,6405,5252,2692,0
2026-08-23 07:09:04.313604,6483,5280,2607,0
2026-08-23 07:09:04.313624,6483,5346,2763,0
2026-08-23 07:09:04.313644,6311,5088,0,0
2026-08-23 07:09:04.313664,6398,5331,2791,0
2026-08-23 07:09:04.313684,6480,5369,2988,0
2026-08-23 07:09:04.334274,6433,4745,2979,0
2026-08-23 07:09:04.334294,6353,4536,0,0
2026-08-23 07:09:04.334314,6400,4938,2725,0
2026-08-23 07:09:04.334334,6472,5038,2598,0
2026-08-23 07:09:04.334354,6490,5138,2908,0
2026-08-23 07:09:04.334374,6401,5136,2189,0
2026-08-23 07:09:04.334394,6483,5266,2900,0
2026-08-23 07:09:04.334414,6513,5286,2990,0
2026-08-23 07:09:04.334434,6412,5158,0,0
2026-08-23 07:09:04.334454,6388,5322,2626,0
2026-08-23 07:09:04.334474,6480,5322,2595,0
2026-08-23 07:09:04.334494,6490,5345,3043,0
2026-08-23 07:09:04.334514,6438,5356,3031,0
2026-08-23 07:09:04.355235,6425,4700,2290,0
2026-08-23 07:09:04.355255,6474,4917,2875,0
2026-08-23 07:09:04.355275,6507,5022,3025,0
2026-08-23 07:09:04.355295,6286,4886,0,0
2026-08-23 07:09:04.355315,6385,5150,2640,0
2026-08-23 07:09:04.355335,6486,5235,2600,0
2026-08-23 07:09:04.355355,6501,5285,3090,0
2026-08-23 07:09:04.355375,6435,5289,3040,0
2026-08-23 07:09:04.355395,6505,5310,2890,0
2026-08-23 07:09:04.355415,6515,5374,3125,0
2026-08-23 07:09:04.355435,6387,5272,1746,0
2026-08-23 07:09:04.355455,6438,5343,2652,0
2026-08-23 07:09:04.355475,6492,5313,2749,0
2026-08-23 07:09:04.376269,6434,4716,2822,0
2026-08-23 07:09:04.376289,6340,4715,770,0
2026-08-23 07:09:04.376309,6398,5014,3034,0
2026-08-23 07:09:04.376329,6506,5099,2897,0
2026-08-23 07:09:04.376349,6518,5217,3291,0
2026-08-23 07:09:04.376369,6415,5215,2573,0
2026-08-23 07:09:04.376389,6475,5277,2615,0
2026-08-23 07:09:04.376409,6503,5304,2708,0
2026-08-23 07:09:04.376429,6394,5107,0,0
2026-08-23 07:09:04.376449,6398,5317,2935,0
2026-08-23 07:09:04.376469,6516,5341,2877,0
2026-08-23 07:09:04.376489,6523,5412,3402,0
2026-08-23 07:09:04.376509,6422,5291,2652,0
2026-08-23 07:09:04.397555,6416,4716,2752,0
2026-08-23 07:09:04.397575,6489,4860,2592,0
2026-08-23 07:09:04.397595,6498,5044,2856,0
2026-08-23 07:09:04.397615,6379,4982,1596,0
2026-08-23 07:09:04.397635,6435,5175,2905,0
2026-08-23 07:09:04.397655,6513,5245,2952,0
2026-08-23 07:09:04.397676,6531,5315,3532,0
2026-08-23 07:09:04.397696,6423,5261,2665,0
2026-08-23 07:09:04.397715,6496,5293,2531,0
2026-08-23 07:09:04.397735,6497,5323,2926,0
2026-08-23 07:09:04.397755,6430,5365,2923,0
2026-08-23 07:09:04.397775,6507,5358,2903,0
2026-08-23 07:09:04.397795,6523,5335,3160,0
2026-08-23 07:09:04.418469,6433,4738,3146,0
2026-08-23 07:09:04.418489,6394,4760,1976,0
2026-08-23 07:09:04.418509,6443,4954,2590,0
2026-08-23 07:09:04.418529,6611,5098,2691,0
2026-08-23 07:09:04.418549,6355,5019,770,0
2026-08-23 07:09:04.418569,6416,5227,3019,0
2026-08-23 07:09:04.418589,6507,5253,2896,0
2026-08-23 07:09:04.418609,6518,5347,3276,0
2026-08-23 07:09:04.418629,6426,5278,2615,0
2026-08-23 07:09:04.418649,6473,5336,2602,0
2026-08-23 07:09:04.418669,6501,5344,2720,0
2026-08-23 07:09:04.418689,6315,5155,0,0
2026-08-23 07:09:04.418709,6405,5344,2903,0
2026-08-23 07:09:04.439522,6428,4747,2972,0
2026-08-23 07:09:04.439542,6518,4911,2976,0
2026-08-23 07:09:04.439562,6532,5074,3407,0
2026-08-23 07:09:04.439582,6431,5066,2728,0
2026-08-23 07:09:04.439602,6495,5157,2591,0
2026-08-23 07:09:04.439622,6492,5246,2820,0
2026-08-23 07:09:04.439642,6357,5146,864,0
2026-08-23 07:09:04.439662,6407,5303,2930,0
2026-08-23 07:09:04.439682,6502,5334,2920,0
2026-08-23 07:09:04.439702,6527,5416,3478,0
2026-08-23 07:09:04.439722,6428,5317,2629,0
2026-08-23 07:09:04.439742,6482,5316,2516,0
2026-08-23 07:09:04.439762,6501,5372,3015,0
2026-08-23 07:09:04.460804,6425,4712,2945,0
2026-08-23 07:09:04.460824,6417,4837,2648,0
2026-08-23 07:09:04.460844,6484,5020,2879,0
2026-08-23 07:09:04.460864,6518,5106,3094,0
2026-08-23 07:09:04.460884,6333,5016,495,0
2026-08-23 07:09:04.460904,6392,5205,2630,0
2026-08-23 07:09:04.460924,6479,5252,2629,0
2026-08-23 07:09:04.460944,6504,5318,2609,0
2026-08-23 07:09:04.460963,6412,5333,3041,0
2026-08-23 07:09:04.460984,6509,5348,2882,0
2026-08-23 07:09:04.461004,6515,5393,3175,0
2026-08-23 07:09:04.461024,6410,5290,2367,0
2026-08-23 07:09:04.461044,6470,5331,2608,0
2026-08-23 07:09:04.481794,6417,4683,2578,0
2026-08-23 07:09:04.481814,6492,4853,2768,0
2026-08-23 07:09:04.481834,6406,4941,2264,0
2026-08-23 07:09:04.481854,6470,5142,2975,0
2026-08-23 07:09:04.481874,6510,5219,2983,0
2026-08-23 07:09:04.481894,6538,5312,3417,0
2026-08-23 07:09:04.481914,6427,5269,2723,0
2026-08-23 07:09:04.481934,6511,5271,2582,0
2026-08-23 07:09:04.481954,6492,5354,2812,0
2026-08-23 07:09:04.481974,6350,5197,774,0
2026-08-23 07:09:04.481994,6408,5320,2916,0
2026-08-23 07:09:04.482014,6504,5347,2948,0
2026-08-23 07:09:04.482034,6323,4984,0,0
2026-08-23 07:09:04.502625,6348,4690,3511,0
2026-08-23 07:09:04.502645,6413,4812,2719,0
2026-08-23 07:09:04.502665,6508,4977,2602,0
2026-08-23 07:09:04.502685,6519,5075,2914,0
2026-08-23 07:09:04.502705,6410,5070,2227,0
2026-08-23 07:09:04.502725,6469,5241,2896,0
2026-08-23 07:09:04.502745,6512,5263,2987,0
2026-08-23 07:09:04.502765,6404,5083,0,0
2026-08-23 07:09:04.502785,6411,5302,2653,0
2026-08-23 07:09:04.502805,6480,5289,2599,0
2026-08-23 07:09:04.502825,6513,5345,3012,0
2026-08-23 07:09:04.502845,6432,5334,3029,0
2026-08-23 07:09:04.502865,6514,5337,2886,0
2026-08-23 07:09:04.523387,6427,4748,2884,0
2026-08-23 07:09:04.523407,6513,4887,3115,0
2026-08-23 07:09:04.523427,6353,4855,916,0
2026-08-23 07:09:04.523447,6393,5060,2623,0
2026-08-23 07:09:04.523467,6481,5165,2620,0
2026-08-23 07:09:04.523487,6366,4934,0,0
2026-08-23 07:09:04.523507,6396,5245,3038,0
2026-08-23 07:09:04.523527,6502,5306,2882,0
2026-08-23 07:09:04.523547,6517,5365,3156,0
2026-08-23 07:09:04.523567,6408,5250,2246,0
2026-08-23 07:09:04.523587,6457,5346,2630,0
2026-08-23 07:09:04.523607,6491,5322,2691,0
2026-08-23 07:09:04.523627,6313,5079,0,0
2026-08-23 07:09:04.544279,6320,4494,0,0
2026-08-23 07:09:04.544299,6413,4951,3036,0
2026-08-23 07:09:04.544319,6517,5045,2888,0
2026-08-23 07:09:04.544339,6512,5149,3183,0
2026-08-23 07:09:04.544359,6407,5134,2283,0
2026-08-23 07:09:04.544379,6463,5222,2640,0
2026-08-23 07:09:04.544399,6485,5295,2668,0
2026-08-23 07:09:04.544419,6508,5338,3205,0
2026-08-23 07:09:04.544439,6448,5328,2897,0
2026-08-23 07:09:04.544459,6509,5367,2875,0
2026-08-23 07:09:04.544479,6516,5394,3218,0
2026-08-23 07:09:04.544499,6412,5303,2319,0
2026-08-23 07:09:04.544519,6461,5315,2549,0
2026-08-23 07:09:04.565107,6430,4680,2613,0
2026-08-23 07:09:04.565127,6490,4898,2736,0
2026-08-23 07:09:04.565147,6339,4705,0,0
2026-08-23 07:09:04.565167,6404,5038,2933,0
2026-08-23 07:09:04.565187,6497,5167,2897,0
2026-08-23 07:09:04.565207,6518,5256,3350,0
2026-08-23 07:09:04.565227,6420,5215,2507,0
2026-08-23 07:09:04.565247,6473,5207,2587,0
2026-08-23 07:09:04.565267,6489,5290,2771,0
2026-08-23 07:09:04.565287,6409,5275,2243,0
2026-08-23 07:09:04.565307,6485,5330,2928,0
2026-08-23 07:09:04.565327,6525,5381,2951,0
2026-08-23 07:09:04.565347,6317,4985,0,0
2026-08-23 07:09:04.586130,6449,4733,3304,0
2026-08-23 07:09:04.586150,6406,4836,2510,0
2026-08-23 07:09:04.586170,6484,4948,2579,0
2026-08-23 07:09:04.586190,6487,5100,2798,0
2026-08-23 07:09:04.586210,6406,5140,2231,0
2026-08-23 07:09:04.586230,6464,5250,2965,0
2026-08-23 07:09:04.586250,6512,5265,2909,0
2026-08-23 07:09:04.586270,6522,5359,3407,0
2026-08-23 07:09:04.586290,6424,5284,2732,0
2026-08-23 07:09:04.586310,6501,5325,2593,0
2026-08-23 07:09:04.586330,6495,5369,2800,0
2026-08-23 07:09:04.586350,6395,5257,1550,0
2026-08-23 07:09:04.586370,6438,5356,2874,0
2026-08-23 07:09:04.607232,6432,4724,2900,0
2026-08-23 07:09:04.607252,6511,4878,3043,0
2026-08-23 07:09:04.607272,6360,4880,899,0
2026-08-23 07:09:04.607292,6405,5129,2682,0
2026-08-23 07:09:04.607312,6477,5197,2618,0
2026-08-23 07:09:04.607332,6498,5277,3054,0
2026-08-23 07:09:04.607352,6422,5272,2744,0
2026-08-23 07:09:04.607372,6492,5320,2911,0
2026-08-23 07:09:04.607392,6510,5343,3119,0
2026-08-23 07:09:04.607412,6355,5164,823,0
2026-08-23 07:09:04.607432,6399,5344,2601,0
2026-08-23 07:09:04.607452,6487,5316,2664,0
2026-08-23 07:09:04.607472,6395,5233,1573,0
2026-08-23 07:09:04.628412,6446,4729,3254,0
2026-08-23 07:09:04.628432,6422,4860,2925,0
2026-08-23 07:09:04.628452,6502,5055,2882,0
2026-08-23 07:09:04.628472,6534,5141,3308,0
2026-08-23 07:09:04.628492,6412,5100,2482,0
2026-08-23 07:09:04.628512,6472,5229,2580,0
2026-08-23 07:09:04.628532,6496,5289,2786,0
2026-08-23 07:09:04.628552,6395,5250,2191,0
2026-08-23 07:09:04.628572,6455,5312,2968,0
2026-08-23 07:09:04.628592,6508,5363,2905,0
2026-08-23 07:09:04.628612,6531,5368,3404,0
2026-08-23 07:09:04.628632,6426,5301,2731,0
2026-08-23 07:09:04.628652,6490,5302,2606,0
2026-08-23 07:09:04.649605,6424,4700,2573,0
2026-08-23 07:09:04.649625,6486,4879,2981,0
2026-08-23 07:09:04.649645,6423,5012,2998,0
2026-08-23 07:09:04.649665,6506,5095,2938,0
2026-08-23 07:09:04.649685,6517,5191,3011,0
2026-08-23 07:09:04.649705,6345,5034,716,0
2026-08-23 07:09:04.649725,6405,5276,2670,0
2026-08-23 07:09:04.649745,6478,5278,2617,0
2026-08-23 07:09:04.649765,6444,5326,3014,0
2026-08-23 07:09:04.649785,6425,5333,2690,0
2026-08-23 07:09:04.649805,6489,5372,2872,0
2026-08-23 07:09:04.649825,6520,5393,3131,0
2026-08-23 07:09:04.649845,6415,5312,2372,0
2026-08-23 07:09:04.670647,6416,4665,2622,0
2026-08-23 07:09:04.670667,6474,4843,2604,0
2026-08-23 07:09:04.670687,6495,5023,2721,0
2026-08-23 07:09:04.670707,6284,4835,0,0
2026-08-23 07:09:04.670727,6396,5230,2935,0
2026-08-23 07:09:04.670747,6504,5264,2888,0
2026-08-23 07:09:04.670767,6525,5330,3333,0
2026-08-23 07:09:04.670787,6415,5276,2589,0
2026-08-23 07:09:04.670807,6482,5301,2549,0
2026-08-23 07:09:04.670827,6503,5311,2799,0
2026-08-23 07:09:04.670847,6406,5282,2483,0
2026-08-23 07:09:04.670867,6490,5366,2973,0
2026-08-23 07:09:04.670887,6522,5338,3047,0
2026-08-23 07:09:04.691786,6435,4710,2936,0
2026-08-23 07:09:04.691806,6523,4962,3617,0
2026-08-23 07:09:04.691826,6419,4956,2659,0
2026-08-23 07:09:04.691846,6500,5091,2602,0
2026-08-23 07:09:04.691866,6496,5223,2968,0
2026-08-23 07:09:04.691886,6443,5217,3007,0
2026-08-23 07:09:04.691906,6519,5268,2891,0
2026-08-23 07:09:04.691926,6527,5344,3032,0
2026-08-23 07:09:04.691946,6342,5144,591,0
2026-08-23 07:09:04.691966,6404,5350,2692,0
2026-08-23 07:09:04.691986,6491,5341,2609,0
2026-08-23 07:09:04.692006,6508,5387,3109,0
2026-08-23 07:09:04.692026,6447,5344,2926,0
2026-08-23 07:09:04.712714,6429,4712,3037,0
2026-08-23 07:09:04.712734,6510,4897,2917,0
2026-08-23 07:09:04.712754,6534,5054,3308,0
2026-08-23 07:09:04.712774,6415,5075,2638,0
2026-08-23 07:09:04.712794,6444,5173,2602,0
2026-08-23 07:09:04.712814,6491,5247,2751,0
2026-08-23 07:09:04.712834,6289,4948,0,0
2026-08-23 07:09:04.712854,6399,5279,2924,0
2026-08-23 07:09:04.712874,6482,5297,2894,0
2026-08-23 07:09:04.712894,6518,5377,3370,0
2026-08-23 07:09:04.712914,6418,5285,2535,0
2026-08-23 07:09:04.712934,6481,5289,2578,0
2026-08-23 07:09:04.712954,6531,5341,2954,0
2026-08-23 07:09:04.732988,6435,4731,2802,0
2026-08-23 07:09:04.733008,6380,4758,1393,0
2026-08-23 07:09:04.733028,6424,5026,2913,0
2026-08-23 07:09:04.733048,6533,5099,2939,0
2026-08-23 07:09:04.733068,6534,5227,3519,0
2026-08-23 07:09:04.733088,6423,5227,2669,0
2026-08-23 07:09:04.733108,6490,5281,2573,0
2026-08-23 07:09:04.733128,6496,5327,2912,0
2026-08-23 07:09:04.733148,6447,5302,2884,0
2026-08-23 07:09:04.733168,6510,5327,2913,0
2026-08-23 07:09:04.733188,6507,5384,2993,0
2026-08-23 07:09:04.733208,6338,5165,614,0
2026-08-23 07:09:04.733228,6414,5320,2618,0
2026-08-23 07:09:04.752424,6499,4758,2191,0
2026-08-23 07:09:04.752444,6457,4925,2573,0
2026-08-23 07:09:04.752464,6489,5028,2813,0
2026-08-23 07:09:04.752484,6419,5099,2527,0
2026-08-23 07:09:04.752504,6484,5199,2952,0
2026-08-23 07:09:04.752524,6531,5253,2927,0
2026-08-23 07:09:04.752544,6528,5337,3476,0
2026-08-23 07:09:04.752563,6427,5270,2738,0
2026-08-23 07:09:04.752584,6502,5299,2760,0
2026-08-23 07:09:04.752604,6495,5364,2857,0
2026-08-23 07:09:04.752624,6403,5290,1869,0
2026-08-23 07:09:04.752644,6442,5354,2860,0
2026-08-23 07:09:04.772610,6434,4808,3038,0
2026-08-23 07:09:04.772630,6516,4931,2883,0
2026-08-23 07:09:04.772650,6521,5047,3219,0
2026-08-23 07:09:04.772670,6422,5130,2499,0
2026-08-23 07:09:04.772690,6482,5201,2629,0
2026-08-23 07:09:04.772710,6489,5259,2694,0
2026-08-23 07:09:04.772730,6514,5330,3251,0
2026-08-23 07:09:04.772750,6431,5288,2933,0
2026-08-23 07:09:04.772770,6507,5323,2876,0
2026-08-23 07:09:04.772790,6535,5366,3300,0
2026-08-23 07:09:04.772810,6416,5299,2463,0
2026-08-23 07:09:04.772830,6478,5321,2575,0
2026-08-23 07:09:04.772850,6510,5330,2984,0
2026-08-23 07:09:04.793854,6427,4770,2596,0
2026-08-23 07:09:04.793874,6584,4947,3113,0
2026-08-23 07:09:04.793894,6435,5044,2864,0
2026-08-23 07:09:04.793914,6496,5131,2863,0
2026-08-23 07:09:04.793934,6521,5217,3142,0
2026-08-23 07:09:04.793954,6384,5174,1582,0
2026-08-23 07:09:04.793974,6433,5255,2595,0
2026-08-23 07:09:04.793994,6490,5317,2675,0
2026-08-23 07:09:04.794014,6307,5098,0,0
2026-08-23 07:09:04.794034,6410,5336,3050,0
2026-08-23 07:09:04.794054,6514,5355,2890,0
2026-08-23 07:09:04.794074,6534,5412,3332,0
2026-08-23 07:09:04.794094,6433,5326,2732,0
2026-08-23 07:09:04.814052,6417,4669,2409,0
2026-08-23 07:09:04.814072,6460,4895,2521,0
2026-08-23 07:09:04.814092,6470,5032,2776,0
2026-08-23 07:09:04.814112,6416,5040,2079,0
2026-08-23 07:09:04.814132,6474,5219,2958,0
2026-08-23 07:09:04.814152,6541,5228,2925,0
2026-08-23 07:09:04.814172,6524,5333,3413,0
2026-08-23 07:09:04.814192,6424,5287,2730,0
2026-08-23 07:09:04.814212,6491,5327,2608,0
2026-08-23 07:09:04.814232,6500,5328,2791,0
2026-08-23 07:09:04.814252,6360,5231,1013,0
2026-08-23 07:09:04.814272,6415,5364,2907,0
2026-08-23 07:09:04.814292,6508,5362,3115,0
2026-08-23 07:09:04.834628,6432,4804,2900,0
2026-08-23 07:09:04.834648,6513,4931,3226,0
2026-08-23 07:09:04.834668,6427,4983,2611,0
2026-08-23 07:09:04.834688,6478,5144,2604,0
2026-08-23 07:09:04.834708,6500,5218,2691,0
2026-08-23 07:09:04.834728,6514,5311,3267,0
2026-08-23 07:09:04.834749,6433,5291,2930,0
2026-08-23 07:09:04.834769,6502,5289,2878,0
2026-08-23 07:09:04.834788,6509,5347,3283,0
2026-08-23 07:09:04.834808,6408,5306,2433,0
2026-08-23 07:09:04.834828,6470,5328,2578,0
2026-08-23 07:09:04.834848,6493,5319,2790,0
2026-08-23 07:09:04.834868,6440,5334,2998,0
2026-08-23 07:09:04.854761,6440,4806,2929,0
2026-08-23 07:09:04.854781,6419,4916,2750,0
2026-08-23 07:09:04.854801,6505,5033,2863,0
2026-08-23 07:09:04.854821,6522,5157,3124,0
2026-08-23 07:09:04.854841,6373,5034,1296,0
2026-08-23 07:09:04.854861,6418,5239,2495,0
2026-08-23 07:09:04.854882,6485,5284,2641,0
2026-08-23 07:09:04.854902,6287,5038,0,0
2026-08-23 07:09:04.854921,6406,5297,3046,0
2026-08-23 07:09:04.854941,6509,5349,2878,0
2026-08-23 07:09:04.854961,6519,5374,3199,0
2026-08-23 07:09:04.854981,6425,5303,2573,0
2026-08-23 07:09:04.855001,6481,5321,2573,0
2026-08-23 07:09:04.875412,6432,4757,2572,0
2026-08-23 07:09:04.875432,6471,4942,2548,0
2026-08-23 07:09:04.875452,6488,5104,2820,0
2026-08-23 07:09:04.875472,6418,5129,2425,0
2026-08-23 07:09:04.875492,6478,5243,2959,0
2026-08-23 07:09:04.875512,6513,5278,2929,0
2026-08-23 07:09:04.875532,6527,5376,3449,0
2026-08-23 07:09:04.875552,6431,5314,2741,0
2026-08-23 07:09:04.875572,6497,5330,2660,0
2026-08-23 07:09:04.875592,6492,5347,2846,0
2026-08-23 07:09:04.875612,6373,5258,1296,0
2026-08-23 07:09:04.875632,6424,5358,2906,0
2026-08-23 07:09:04.875652,6513,5311,3368,0
2026-08-23 07:09:04.895597,6437,4783,2915,0
2026-08-23 07:09:04.895617,6503,4966,3520,0
2026-08-23 07:09:04.895637,6432,4988,2734,0
2026-08-23 07:09:04.895657,6497,5143,2603,0
2026-08-23 07:09:04.895677,6494,5224,2912,0
2026-08-23 07:09:04.895697,6408,5173,2180,0
2026-08-23 07:09:04.895717,6472,5304,2905,0
2026-08-23 07:09:04.895737,6519,5308,2995,0
2026-08-23 07:09:04.895756,6395,5142,0,0
2026-08-23 07:09:04.895777,6395,5288,2659,0
2026-08-23 07:09:04.895797,6485,5316,2590,0
2026-08-23 07:09:04.895817,6502,5380,3096,0
2026-08-23 07:09:04.895837,6437,5328,3001,0
2026-08-23 07:09:04.916234,6443,4820,3175,0
2026-08-23 07:09:04.916255,6416,4954,2886,0
2026-08-23 07:09:04.916275,6503,5039,2863,0
2026-08-23 07:09:04.916295,6522,5173,3219,0
2026-08-23 07:09:04.916315,6407,5139,2131,0
2026-08-23 07:09:04.916335,6446,5234,2586,0
2026-08-23 07:09:04.916355,6490,5287,2693,0
2026-08-23 07:09:04.916375,6359,5173,900,0
2026-08-23 07:09:04.916394,6413,5371,3011,0
2026-08-23 07:09:04.916414,6517,5368,2869,0
2026-08-23 07:09:04.916435,6526,5379,3287,0
2026-08-23 07:09:04.916455,6422,5353,2643,0
2026-08-23 07:09:04.916475,6539,5256,2650,0
2026-08-23 07:09:04.937236,6422,4734,2590,0
2026-08-23 07:09:04.937256,6496,4941,2722,0
2026-08-23 07:09:04.937276,6379,4897,1156,0
2026-08-23 07:09:04.937296,6423,5170,2998,0
2026-08-23 07:09:04.937316,6517,5206,2909,0
2026-08-23 07:09:04.937336,6524,5317,3297,0
2026-08-23 07:09:04.937356,6425,5251,2664,0
2026-08-23 07:09:04.937376,6489,5320,2642,0
2026-08-23 07:09:04.937396,6495,5350,2724,0
2026-08-23 07:09:04.937416,6279,5040,0,0
2026-08-23 07:09:04.937436,6402,5327,2940,0
2026-08-23 07:09:04.937456,6509,5345,2906,0
2026-08-23 07:09:04.937476,6534,5409,3531,0
2026-08-23 07:09:04.957502,6453,4787,3402,0
2026-08-23 07:09:04.957522,6429,4893,2731,0
2026-08-23 07:09:04.957542,6490,4982,2586,0
2026-08-23 07:09:04.957562,6506,5147,2850,0
2026-08-23 07:09:04.957582,6382,5083,1503,0
2026-08-23 07:09:04.957602,6429,5251,2900,0
2026-08-23 07:09:04.957622,6513,5270,2950,0
2026-08-23 07:09:04.957642,6447,5365,3548,0
2026-08-23 07:09:04.957662,6423,5265,2663,0
2026-08-23 07:09:04.957682,6487,5293,2582,0
2026-08-23 07:09:04.957702,6507,5345,2934,0
2026-08-23 07:09:04.957722,6439,5336,3006,0
2026-08-23 07:09:04.957742,6635,5338,2887,0
2026-08-23 07:09:04.978122,6439,4774,2915,0
2026-08-23 07:09:04.978142,6491,4924,2867,0
2026-08-23 07:09:04.978162,6531,5096,3366,0
2026-08-23 07:09:04.978182,6424,5087,2589,0
2026-08-23 07:09:04.978202,6472,5208,2579,0
2026-08-23 07:09:04.978222,6498,5263,2809,0
2026-08-23 07:09:04.978242,6422,5279,2394,0
2026-08-23 07:09:04.978262,6485,5308,2959,0
2026-08-23 07:09:04.978281,6534,5357,2928,0
2026-08-23 07:09:04.978302,6463,5409,3446,0
2026-08-23 07:09:04.978322,6427,5306,2735,0
2026-08-23 07:09:04.978342,6467,5303,2587,0
2026-08-23 07:09:04.978362,6509,5365,3169,0
2026-08-23 07:09:04.998379,6432,4754,2646,0
2026-08-23 07:09:04.998399,6385,4793,1552,0
2026-08-23 07:09:04.998419,6437,5028,2982,0
2026-08-23 07:09:04.998439,6514,5138,2901,0
2026-08-23 07:09:04.998459,6541,5232,3365,0
2026-08-23 07:09:04.998479,6443,5258,2707,0
2026-08-23 07:09:04.998499,6487,5293,2600,0
2026-08-23 07:09:04.998519,6499,5341,2768,0
2026-08-23 07:09:04.998538,6323,5101,0,0
2026-08-23 07:09:04.998559,6396,5371,2908,0
2026-08-23 07:09:04.998579,6514,5353,2909,0
2026-08-23 07:09:04.998599,6527,5388,3479,0
2026-08-23 07:09:04.998619,6440,5271,2616,0
2026-08-23 07:09:05.018641,6351,4664,545,0
2026-08-23 07:09:05.018661,6395,4927,2682,0
2026-08-23 07:09:05.018681,6476,5042,2634,0
2026-08-23 07:09:05.018701,6503,5166,3016,0
2026-08-23 07:09:05.018721,6423,5197,2699,0
2026-08-23 07:09:05.018741,6482,5271,2867,0
2026-08-23 07:09:05.018761,6517,5323,3083,0
2026-08-23 07:09:05.018781,6330,5101,448,0
2026-08-23 07:09:05.018800,6396,5325,2624,0
2026-08-23 07:09:05.018821,6493,5328,2613,0
2026-08-23 07:09:05.018841,6504,5376,3127,0
2026-08-23 07:09:05.018861,6434,5369,3031,0
2026-08-23 07:09:05.018881,6525,5342,2888,0
2026-08-23 07:09:05.038841,6526,4665,2941,0
2026-08-23 07:09:05.038862,6530,4914,3547,0
2026-08-23 07:09:05.038882,6402,4974,2652,0
2026-08-23 07:09:05.038902,6489,5068,2575,0
2026-08-23 07:09:05.038922,6500,5195,2945,0
2026-08-23 07:09:05.038942,6443,5213,2926,0
2026-08-23 07:09:05.038962,6512,5292,2897,0
2026-08-23 07:09:05.038981,6517,5297,2992,0
2026-08-23 07:09:05.039001,6196,5064,0,0
2026-08-23 07:09:05.039021,6395,5298,2710,0
2026-08-23 07:09:05.039042,6493,5341,2613,0
2026-08-23 07:09:05.039062,6511,5366,3185,0
2026-08-23 07:09:05.058919,6428,4802,2655,0
2026-08-23 07:09:05.058939,6300,4700,0,0
2026-08-23 07:09:05.058959,6409,5098,3033,0
2026-08-23 07:09:05.058980,6519,5151,2892,0
2026-08-23 07:09:05.059000,6533,5269,3224,0
2026-08-23 07:09:05.059020,6412,5231,2482,0
2026-08-23 07:09:05.059040,6478,5288,2626,0
2026-08-23 07:09:05.059060,6499,5292,2675,0
2026-08-23 07:09:05.059079,6502,5382,3245,0
2026-08-23 07:09:05.059099,6436,5320,2927,0
2026-08-23 07:09:05.059119,6514,5332,2883,0
2026-08-23 07:09:05.059139,6523,5403,3327,0
2026-08-23 07:09:05.059160,6428,5304,2667,0
2026-08-23 07:09:05.079524,6457,4828,3459,0
2026-08-23 07:09:05.079544,6432,4909,2686,0
2026-08-23 07:09:05.079564,6498,5054,2588,0
2026-08-23 07:09:05.079584,6500,5169,2766,0
2026-08-23 07:09:05.079604,6391,5129,1622,0
2026-08-23 07:09:05.079624,6437,5265,2913,0
2026-08-23 07:09:05.079644,6512,5285,2953,0
2026-08-23 07:09:05.079664,6536,5358,3543,0
2026-08-23 07:09:05.079684,6427,5309,2679,0
2026-08-23 07:09:05.079704,6491,5307,2587,0
2026-08-23 07:09:05.079724,6500,5338,2953,0
2026-08-23 07:09:05.079744,6442,5384,2926,0
2026-08-23 07:09:05.079764,6508,5276,2937,0
2026-08-23 07:09:05.099802,6424,4772,2913,0
2026-08-23 07:09:05.099822,6506,4879,2957,0
2026-08-23 07:09:05.099842,6531,5088,3196,0
2026-08-23 07:09:05.099862,6419,5090,2665,0
2026-08-23 07:09:05.099882,6480,5174,2586,0
2026-08-23 07:09:05.099902,6504,5268,2996,0
2026-08-23 07:09:05.099922,6433,5290,2991,0
2026-08-23 07:09:05.099942,6508,5288,2894,0
2026-08-23 07:09:05.099962,6519,5343,3024,0
2026-08-23 07:09:05.099982,6345,5156,487,0
2026-08-23 07:09:05.100002,6405,5353,2685,0
2026-08-23 07:09:05.100022,6495,5343,2623,0
2026-08-23 07:09:05.100042,6369,4988,0,0
2026-08-23 07:09:05.121083,6437,4730,2673,0
2026-08-23 07:09:05.121103,6339,4728,324,0
2026-08-23 07:09:05.121123,6407,5053,3021,0
2026-08-23 07:09:05.121143,6505,5131,2887,0
2026-08-23 07:09:05.121163,6530,5193,3248,0
2026-08-23 07:09:05.121183,6419,5207,2535,0
2026-08-23 07:09:05.121203,6531,5235,2612,0
2026-08-23 07:09:05.121223,6496,5294,2679,0
2026-08-23 07:09:05.121243,6520,5346,3011,0
2026-08-23 07:09:05.121263,6471,5350,2931,0
2026-08-23 07:09:05.121283,6527,5362,2880,0
2026-08-23 07:09:05.121303,6525,5373,3284,0
2026-08-23 07:09:05.121323,6432,5288,2658,0
2026-08-23 07:09:05.142079,6432,4653,2693,0
2026-08-23 07:09:05.142099,6481,4857,2624,0
2026-08-23 07:09:05.142119,6502,5033,3055,0
2026-08-23 07:09:05.142139,6433,5055,2750,0
2026-08-23 07:09:05.142159,6501,5213,2883,0
2026-08-23 07:09:05.142179,6519,5223,3139,0
2026-08-23 07:09:05.142199,6361,5106,912,0
2026-08-23 07:09:05.142219,6411,5282,2618,0
2026-08-23 07:09:05.142239,6486,5325,2634,0
2026-08-23 07:09:05.142259,6393,5060,0,0
2026-08-23 07:09:05.142279,6392,5360,3053,0
2026-08-23 07:09:05.142299,6503,5335,2886,0
2026-08-23 07:09:05.142319,6526,5386,3278,0
2026-08-23 07:09:05.162980,6455,4762,3176,0
2026-08-23 07:09:05.163000,6402,4828,2115,0
2026-08-23 07:09:05.163020,6441,4964,2601,0
2026-08-23 07:09:05.163040,6490,5137,2701,0
2026-08-23 07:09:05.163060,6359,5028,564,0
2026-08-23 07:09:05.163080,6410,5243,3022,0
2026-08-23 07:09:05.163100,6526,5303,2869,0
2026-08-23 07:09:05.163121,6523,5331,3270,0
2026-08-23 07:09:05.163140,6429,5269,2591,0
2026-08-23 07:09:05.163160,6480,5326,2615,0
2026-08-23 07:09:05.163180,6502,5335,2709,0
2026-08-23 07:09:05.163200,6287,5079,0,0
2026-08-23 07:09:05.163220,6416,5315,2908,0
2026-08-23 07:09:05.184017,6434,4744,2992,0
2026-08-23 07:09:05.184037,6519,4909,2919,0
2026-08-23 07:09:05.184057,6525,5072,3375,0
2026-08-23 07:09:05.184077,6427,5056,2715,0
2026-08-23 07:09:05.184097,6489,5151,2586,0
2026-08-23 07:09:05.184117,6497,5239,2769,0
2026-08-23 07:09:05.184137,6336,5040,184,0
2026-08-23 07:09:05.184157,6410,5297,2928,0
2026-08-23 07:09:05.184177,6508,5358,2916,0
2026-08-23 07:09:05.184197,6527,5375,3426,0
2026-08-23 07:09:05.184217,6417,5329,2625,0
2026-08-23 07:09:05.184237,6489,5339,2552,0
2026-08-23 07:09:05.184257,6510,5339,2966,0
2026-08-23 07:09:05.205036,6437,4740,2841,0
2026-08-23 07:09:05.205056,6403,4824,1916,0
2026-08-23 07:09:05.205076,6456,5013,2888,0
2026-08-23 07:09:05.205096,6532,5098,2960,0
2026-08-23 07:09:05.205116,6541,5234,3604,0
2026-08-23 07:09:05.205136,6426,5223,2666,0
2026-08-23 07:09:05.205156,6488,5289,2589,0
2026-08-23 07:09:05.205176,6500,5298,2947,0
2026-08-23 07:09:05.205196,6436,5347,2968,0
2026-08-23 07:09:05.205216,6528,5344,2916,0
2026-08-23 07:09:05.205236,6529,5350,3008,0
2026-08-23 07:09:05.205256,6379,5206,928,0
2026-08-23 07:09:05.205276,6416,5327,2629,0
2026-08-23 07:09:05.226140,6427,4666,2620,0
2026-08-23 07:09:05.226160,6490,4854,2663,0
2026-08-23 07:09:05.226180,6327,4807,0,0
2026-08-23 07:09:05.226200,6400,5090,3019,0
2026-08-23 07:09:05.226220,6515,5184,3008,0
2026-08-23 07:09:05.226240,6521,5253,3226,0
2026-08-23 07:09:05.226260,6417,5231,2502,0
2026-08-23 07:09:05.226280,6479,5298,2625,0
2026-08-23 07:09:05.226300,6492,5336,2687,0
2026-08-23 07:09:05.226320,6511,5391,3264,0
2026-08-23 07:09:05.226340,6434,5338,2924,0
2026-08-23 07:09:05.226360,6521,5386,2884,0
2026-08-23 07:09:05.226380,6533,5401,3505,0
2026-08-23 07:09:05.247159,6436,4744,3367,0
2026-08-23 07:09:05.247179,6428,4882,2739,0
2026-08-23 07:09:05.247199,6494,4986,2595,0
2026-08-23 07:09:05.247219,6498,5152,2796,0
2026-08-23 07:09:05.247239,6502,5011,818,0
2026-08-23 07:09:05.247259,6411,5219,2902,0
2026-08-23 07:09:05.247279,6506,5296,2933,0
2026-08-23 07:09:05.247299,6524,5338,3485,0
2026-08-23 07:09:05.247319,6424,5318,2689,0
2026-08-23 07:09:05.247339,6491,5323,2583,0
2026-08-23 07:09:05.247359,6491,5378,2885,0
2026-08-23 07:09:05.247379,6442,5365,2942,0
2026-08-23 07:09:05.247399,6507,5352,2882,0
2026-08-23 07:09:05.268133,6436,4691,2882,0
2026-08-23 07:09:05.268153,6517,4880,3045,0
2026-08-23 07:09:05.268173,6325,4832,247,0
2026-08-23 07:09:05.268193,6416,5075,2637,0
2026-08-23 07:09:05.268213,6493,5164,2634,0
2026-08-23 07:09:05.268233,6509,5250,3127,0
2026-08-23 07:09:05.268253,6435,5267,3023,0
2026-08-23 07:09:05.268273,6530,5295,2875,0
2026-08-23 07:09:05.268293,6526,5331,3155,0
2026-08-23 07:09:05.268313,6411,5288,2072,0
2026-08-23 07:09:05.268333,6450,5318,2638,0
2026-08-23 07:09:05.268353,6496,5338,2680,0
2026-08-23 07:09:05.268373,6324,5170,1,0
2026-08-23 07:09:05.288898,6274,4439,0,0
2026-08-23 07:09:05.288918,6412,4954,3026,0
2026-08-23 07:09:05.288938,6516,5045,3010,0
2026-08-23 07:09:05.288958,6526,5184,3219,0
2026-08-23 07:09:05.288978,6411,5128,2460,0
2026-08-23 07:09:05.288998,6475,5223,2616,0
2026-08-23 07:09:05.289018,6498,5265,2686,0
2026-08-23 07:09:05.289038,6519,5340,3268,0
2026-08-23 07:09:05.289058,6440,5305,2909,0
2026-08-23 07:09:05.289078,6509,5370,2879,0
2026-08-23 07:09:05.289098,6527,5355,3294,0
2026-08-23 07:09:05.289118,6413,5286,2531,0
2026-08-23 07:09:05.289138,6485,5304,2578,0
2026-08-23 07:09:05.309237,6435,4691,2592,0
2026-08-23 07:09:05.309257,6491,4879,2794,0
2026-08-23 07:09:05.309277,6355,4853,688,0
2026-08-23 07:09:05.309297,6407,5102,2905,0
2026-08-23 07:09:05.309317,6512,5198,2912,0
2026-08-23 07:09:05.309337,6532,5317,3466,0
2026-08-23 07:09:05.309357,6429,5258,2651,0
2026-08-23 07:09:05.309377,6495,5277,2603,0
2026-08-23 07:09:05.309397,6509,5320,2871,0
2026-08-23 07:09:05.309417,6437,5343,2794,0
2026-08-23 07:09:05.309437,6509,5345,2921,0
2026-08-23 07:09:05.309457,6524,5384,3008,0
2026-08-23 07:09:05.309477,6415,5237,2192,0
2026-08-23 07:09:05.328452,6437,4814,3136,0
2026-08-23 07:09:05.328472,6411,4848,2100,0
2026-08-23 07:09:05.328492,6456,5042,2582,0
2026-08-23 07:09:05.328512,6498,5131,2698,0
2026-08-23 07:09:05.328532,6369,5043,1035,0
2026-08-23 07:09:05.328552,6417,5272,2997,0
2026-08-23 07:09:05.328572,6518,5289,2887,0
2026-08-23 07:09:05.328592,6525,5347,3295,0
2026-08-23 07:09:05.328612,6432,5287,2644,0
2026-08-23 07:09:05.328632,6478,5308,2598,0
2026-08-23 07:09:05.328652,6499,5370,2750,0
2026-08-23 07:09:05.328672,6386,5210,1357,0
2026-08-23 07:09:05.349660,6452,4829,3003,0
2026-08-23 07:09:05.349680,6441,4930,3011,0
2026-08-23 07:09:05.349700,6530,5079,2897,0
2026-08-23 07:09:05.349720,6531,5196,2817,0
2026-08-23 07:09:05.349740,6387,5059,1416,0
2026-08-23 07:09:05.349760,6418,5253,2663,0
2026-08-23 07:09:05.349780,6485,5303,2632,0
2026-08-23 07:09:05.349800,6513,5352,3060,0
2026-08-23 07:09:05.349820,6435,5293,2806,0
2026-08-23 07:09:05.349840,6497,5354,2874,0
2026-08-23 07:09:05.349860,6518,5368,3104,0
2026-08-23 07:09:05.349880,6402,5274,1890,0
2026-08-23 07:09:05.349900,6440,5308,2526,0
2026-08-23 07:09:05.370251,6433,4661,2606,0
2026-08-23 07:09:05.370271,6500,4891,2730,0
2026-08-23 07:09:05.370291,6355,4639,0,0
2026-08-23 07:09:05.370311,6402,4995,2929,0
2026-08-23 07:09:05.370332,6515,5134,2855,0
2026-08-23 07:09:05.370352,6514,5231,3322,0
2026-08-23 07:09:05.370372,6409,5211,2536,0
2026-08-23 07:09:05.370392,6486,5262,2588,0
2026-08-23 07:09:05.370411,6494,5315,2796,0
2026-08-23 07:09:05.370431,6424,5254,2328,0
2026-08-23 07:09:05.370451,6485,5349,2954,0
2026-08-23 07:09:05.370471,6532,5373,2958,0
2026-08-23 07:09:05.370492,6280,5027,0,0
2026-08-23 07:09:05.391515,6442,4769,3323,0
2026-08-23 07:09:05.391535,6426,4821,2536,0
2026-08-23 07:09:05.391555,6487,5014,2577,0
2026-08-23 07:09:05.391575,6499,5145,2776,0
2026-08-23 07:09:05.391595,6417,5164,2292,0
2026-08-23 07:09:05.391615,6480,5226,2876,0
2026-08-23 07:09:05.391635,6515,5280,2915,0
2026-08-23 07:09:05.391655,6530,5383,3429,0
2026-08-23 07:09:05.391675,6428,5313,2729,0
2026-08-23 07:09:05.391695,6500,5356,2595,0
2026-08-23 07:09:05.391715,6497,5365,2828,0
2026-08-23 07:09:05.391735,6393,5230,1780,0
2026-08-23 07:09:05.391755,6440,5335,2874,0
2026-08-23 07:09:05.412505,6439,4697,2889,0
2026-08-23 07:09:05.412525,6518,4906,3052,0
2026-08-23 07:09:05.412545,6396,4845,972,0
2026-08-23 07:09:05.412565,6418,5056,2684,0
2026-08-23 07:09:05.412585,6494,5160,2616,0
2026-08-23 07:09:05.412605,6507,5271,3040,0
2026-08-23 07:09:05.412625,6430,5279,2700,0
2026-08-23 07:09:05.412645,6497,5291,2872,0
2026-08-23 07:09:05.412665,6521,5341,3060,0
2026-08-23 07:09:05.412685,6354,5168,693,0
2026-08-23 07:09:05.412705,6417,5311,2617,0
2026-08-23 07:09:05.412725,6493,5367,2912,0
2026-08-23 07:09:05.412745,6374,5197,977,0
2026-08-23 07:09:05.433563,6445,4769,3250,0
2026-08-23 07:09:05.433583,6434,4880,2928,0
2026-08-23 07:09:05.433603,6518,5020,2874,0
2026-08-23 07:09:05.433623,6534,5139,3302,0
2026-08-23 07:09:05.433643,6428,5129,2469,0
2026-08-23 07:09:05.433663,6482,5236,2579,0
2026-08-23 07:09:05.433683,6495,5296,2769,0
2026-08-23 07:09:05.433703,6417,5219,2126,0
2026-08-23 07:09:05.433723,6475,5301,3016,0
2026-08-23 07:09:05.433743,6525,5335,2924,0
2026-08-23 07:09:05.433763,6528,5414,3398,0
2026-08-23 07:09:05.433783,6429,5312,2587,0
2026-08-23 07:09:05.433803,6504,5342,2585,0
2026-08-23 07:09:05.454650,6431,4700,2593,0
2026-08-23 07:09:05.454670,6503,4911,3007,0
2026-08-23 07:09:05.454690,6447,5021,3020,0
2026-08-23 07:09:05.454710,6530,5141,2892,0
2026-08-23 07:09:05.454731,6520,5221,3038,0
2026-08-23 07:09:05.454751,6364,5095,928,0
2026-08-23 07:09:05.454771,6413,5280,2690,0
2026-08-23 07:09:05.454791,6480,5274,2620,0
2026-08-23 07:09:05.454810,6504,5370,3033,0
2026-08-23 07:09:05.454830,6441,5337,2728,0
2026-08-23 07:09:05.454850,6503,5365,2881,0
2026-08-23 07:09:05.454870,6524,5396,3126,0
2026-08-23 07:09:05.454890,6419,5277,2305,0
2026-08-23 07:09:05.474707,6422,4657,2430,0
2026-08-23 07:09:05.474727,6477,4845,2626,0
2026-08-23 07:09:05.474747,6502,5034,2729,0
2026-08-23 07:09:05.474767,6384,4912,0,0
2026-08-23 07:09:05.474787,6417,5200,2923,0
2026-08-23 07:09:05.474807,6506,5211,2891,0
2026-08-23 07:09:05.474827,6527,5303,3306,0
2026-08-23 07:09:05.474847,6413,5263,2492,0
2026-08-23 07:09:05.474867,6484,5309,2552,0
2026-08-23 07:09:05.474887,6506,5362,2775,0
2026-08-23 07:09:05.474907,6422,5279,2269,0
2026-08-23 07:09:05.474927,6480,5362,2855,0
2026-08-23 07:09:05.474947,6519,5335,2999,0
2026-08-23 07:09:05.495152,6434,4839,2912,0
2026-08-23 07:09:05.495173,6517,4957,2935,0
2026-08-23 07:09:05.495193,6537,5148,3515,0
2026-08-23 07:09:05.495213,6440,5139,2656,0
2026-08-23 07:09:05.495233,6492,5190,2571,0
2026-08-23 07:09:05.495253,6502,5253,2899,0
2026-08-23 07:09:05.495273,6442,5275,2886,0
2026-08-23 07:09:05.495293,6510,5345,2914,0
2026-08-23 07:09:05.495312,6523,5340,2983,0
2026-08-23 07:09:05.495332,6286,5055,0,0
2026-08-23 07:09:05.495353,6414,5343,2710,0
2026-08-23 07:09:05.495373,6498,5322,2600,0
2026-08-23 07:09:05.495393,6396,5146,1265,0
2026-08-23 07:09:05.515491,6432,4771,2769,0
2026-08-23 07:09:05.515512,6401,4891,2266,0
2026-08-23 07:09:05.515532,6477,5077,2956,0
2026-08-23 07:09:05.515552,6525,5145,2926,0
2026-08-23 07:09:05.515572,6531,5280,3432,0
2026-08-23 07:09:05.515592,6432,5228,2740,0
2026-08-23 07:09:05.515612,6496,5290,2595,0
2026-08-23 07:09:05.515632,6495,5307,2794,0
2026-08-23 07:09:05.515651,6375,5181,953,0
2026-08-23 07:09:05.515671,6421,5337,2918,0
2026-08-23 07:09:05.515692,6514,5369,2925,0
2026-08-23 07:09:05.515712,6534,5419,3473,0
2026-08-23 07:09:05.515732,6433,5335,2666,0
2026-08-23 07:09:05.534892,6432,4663,2629,0
2026-08-23 07:09:05.534912,6490,4830,2705,0
2026-08-23 07:09:05.534932,6509,5029,3279,0
2026-08-23 07:09:05.534952,6429,5079,2922,0
2026-08-23 07:09:05.534972,6524,5160,2889,0
2026-08-23 07:09:05.534992,6527,5262,3300,0
2026-08-23 07:09:05.535012,6412,5213,2457,0
2026-08-23 07:09:05.535032,6475,5288,2580,0
2026-08-23 07:09:05.535052,6497,5299,2761,0
2026-08-23 07:09:05.535072,6413,5259,2097,0
2026-08-23 07:09:05.535092,6458,5363,2950,0
2026-08-23 07:09:05.535112,6518,5331,3107,0
2026-08-23 07:09:05.555650,6434,4875,2781,0
2026-08-23 07:09:05.555670,6509,5018,2879,0
2026-08-23 07:09:05.555690,6522,5097,3146,0
2026-08-23 07:09:05.555710,6383,5049,1612,0
2026-08-23 07:09:05.555730,6433,5235,2626,0
2026-08-23 07:09:05.555750,6498,5287,2659,0
2026-08-23 07:09:05.555770,6322,5050,0,0
2026-08-23 07:09:05.555790,6415,5341,3021,0
2026-08-23 07:09:05.555809,6518,5364,2898,0
2026-08-23 07:09:05.555830,6447,5411,3213,0
2026-08-23 07:09:05.555850,6421,5345,2453,0
2026-08-23 07:09:05.555870,6482,5356,2608,0
2026-08-23 07:09:05.555890,6507,5329,2780,0
2026-08-23 07:09:05.575748,6439,4722,2670,0
2026-08-23 07:09:05.575768,6335,4729,733,0
2026-08-23 07:09:05.575788,6421,5013,3009,0
2026-08-23 07:09:05.575808,6512,5161,2890,0
2026-08-23 07:09:05.575828,6525,5256,3282,0
2026-08-23 07:09:05.575848,6432,5205,2611,0
2026-08-23 07:09:05.575868,6492,5260,2675,0
2026-08-23 07:09:05.575888,6505,5299,2720,0
2026-08-23 07:09:05.575908,6414,5209,0,0
2026-08-23 07:09:05.575928,6418,5330,2932,0
2026-08-23 07:09:05.575948,6515,5355,2869,0
2026-08-23 07:09:05.575968,6527,5403,3372,0
2026-08-23 07:09:05.575988,6444,5284,2648,0
2026-08-23 07:09:05.596118,6458,4886,3480,0
2026-08-23 07:09:05.596138,6438,4950,2727,0
2026-08-23 07:09:05.596159,6491,5061,2600,0
2026-08-23 07:09:05.596179,6503,5152,2907,0
2026-08-23 07:09:05.596199,6383,5127,1899,0
2026-08-23 07:09:05.596219,6460,5277,2902,0
2026-08-23 07:09:05.596239,6519,5281,2955,0
2026-08-23 07:09:05.596259,6538,5368,3596,0
2026-08-23 07:09:05.596278,6432,5301,2654,0
2026-08-23 07:09:05.596298,6493,5315,2585,0
2026-08-23 07:09:05.596318,6512,5344,2966,0
2026-08-23 07:09:05.596339,6440,5373,2960,0
2026-08-23 07:09:05.596359,6518,5327,2899,0
2026-08-23 07:09:05.616498,6438,4693,2890,0
2026-08-23 07:09:05.616518,6534,4864,3365,0
2026-08-23 07:09:05.616539,6428,4934,2549,0
2026-08-23 07:09:05.616559,6494,5057,2595,0
2026-08-23 07:09:05.616579,6493,5194,2771,0
2026-08-23 07:09:05.616599,6427,5211,2390,0
2026-08-23 07:09:05.616619,6487,5271,2972,0
2026-08-23 07:09:05.616638,6522,5314,2928,0
2026-08-23 07:09:05.616658,6548,5349,3429,0
2026-08-23 07:09:05.616678,6445,5332,2740,0
2026-08-23 07:09:05.616699,6512,5331,2504,0
2026-08-23 07:09:05.616719,6498,5352,3031,0
2026-08-23 07:09:05.636558,6435,4782,2628,0
2026-08-23 07:09:05.636578,6305,4713,0,0
2026-08-23 07:09:05.636598,6411,5057,3016,0
2026-08-23 07:09:05.636618,6518,5132,2864,0
2026-08-23 07:09:05.636638,6531,5259,3212,0
2026-08-23 07:09:05.636658,6422,5184,2437,0
2026-08-23 07:09:05.636678,6484,5249,2622,0
2026-08-23 07:09:05.636698,6504,5293,2683,0
2026-08-23 07:09:05.636718,6513,5381,3256,0
2026-08-23 07:09:05.636738,6427,5356,2926,0
2026-08-23 07:09:05.636758,6516,5371,2878,0
2026-08-23 07:09:05.636778,6533,5375,3331,0
2026-08-23 07:09:05.636798,6433,5281,2841,0
2026-08-23 07:09:05.656843,6444,4871,3481,0
2026-08-23 07:09:05.656863,6430,4937,2731,0
2026-08-23 07:09:05.656883,6502,5056,2593,0
2026-08-23 07:09:05.656903,6506,5177,2856,0
2026-08-23 07:09:05.656923,6394,5084,1742,0
2026-08-23 07:09:05.656943,6452,5274,2899,0
2026-08-23 07:09:05.656963,6513,5319,2934,0
2026-08-23 07:09:05.656983,6542,5377,3559,0
2026-08-23 07:09:05.657003,6419,5277,2651,0
2026-08-23 07:09:05.657023,6493,5304,2572,0
2026-08-23 07:09:05.657043,6504,5375,2933,0
2026-08-23 07:09:05.657063,6435,5352,2929,0
2026-08-23 07:09:05.657083,6518,5320,2886,0
2026-08-23 07:09:05.677326,6429,4690,2881,0
2026-08-23 07:09:05.677346,6527,4857,3334,0
2026-08-23 07:09:05.677366,6420,4960,2530,0
2026-08-23 07:09:05.677386,6485,5078,2586,0
2026-08-23 07:09:05.677406,6493,5164,2791,0
2026-08-23 07:09:05.677426,6422,5169,2300,0
2026-08-23 07:09:05.677446,6477,5280,2966,0
2026-08-23 07:09:05.677466,6531,5336,2920,0
2026-08-23 07:09:05.677486,6529,5387,3426,0
2026-08-23 07:09:05.677506,6430,5291,2722,0
2026-08-23 07:09:05.677526,6496,5339,2602,0
2026-08-23 07:09:05.677546,6511,5351,2988,0
2026-08-23 07:09:05.698168,6430,4768,2617,0
2026-08-23 07:09:05.698188,6352,4627,0,0
2026-08-23 07:09:05.698208,6421,5006,3045,0
2026-08-23 07:09:05.698228,6524,5087,2853,0
2026-08-23 07:09:05.698248,6527,5212,3164,0
2026-08-23 07:09:05.698268,6419,5158,2310,0
2026-08-23 07:09:05.698288,6593,5269,2620,0
2026-08-23 07:09:05.698308,6504,5303,2661,0
2026-08-23 07:09:05.698328,6518,5369,3214,0
2026-08-23 07:09:05.698348,6447,5339,2896,0
2026-08-23 07:09:05.698368,6510,5363,2883,0
2026-08-23 07:09:05.698388,6532,5363,3272,0
2026-08-23 07:09:05.698408,6431,5276,2575,0
2026-08-23 07:09:05.719277,6433,4711,2621,0
2026-08-23 07:09:05.719297,6490,4853,2601,0
2026-08-23 07:09:05.719317,6514,5050,2748,0
2026-08-23 07:09:05.719337,6294,4860,0,0
2026-08-23 07:09:05.719357,6403,5210,2883,0
2026-08-23 07:09:05.719377,6509,5253,2896,0
2026-08-23 07:09:05.719397,6530,5301,3385,0
2026-08-23 07:09:05.719417,6424,5286,2597,0
2026-08-23 07:09:05.719437,6487,5299,2388,0
2026-08-23 07:09:05.719457,6502,5359,2829,0
2026-08-23 07:09:05.719477,6430,5341,2581,0
2026-08-23 07:09:05.719497,6494,5382,2928,0
2026-08-23 07:09:05.719517,6531,5342,3054,0
2026-08-23 07:09:05.740127,6448,4713,2969,0
2026-08-23 07:09:05.740147,6329,4555,0,0
2026-08-23 07:09:05.740167,6410,4933,2667,0
2026-08-23 07:09:05.740187,6497,5024,2587,0
2026-08-23 07:09:05.740207,6514,5175,3013,0
2026-08-23 07:09:05.740227,6440,5261,3021,0
2026-08-23 07:09:05.740247,6523,5283,2897,0
2026-08-23 07:09:05.740267,6532,5330,3040,0
2026-08-23 07:09:05.740287,6368,5158,987,0
2026-08-23 07:09:05.740307,6413,5323,2689,0
2026-08-23 07:09:05.740327,6491,5340,2631,0
2026-08-23 07:09:05.740347,6513,5365,3108,0
2026-08-23 07:09:05.740367,6444,5357,2888,0
2026-08-23 07:09:05.761331,6440,4743,3036,0
2026-08-23 07:09:05.761351,6529,4904,2883,0
2026-08-23 07:09:05.761371,6530,5057,3164,0
2026-08-23 07:09:05.761391,6415,5031,2214,0
2026-08-23 07:09:05.761411,6455,5201,2633,0
2026-08-23 07:09:05.761431,6509,5249,2671,0
2026-08-23 07:09:05.761451,6513,5295,3175,0
2026-08-23 07:09:05.761472,6436,5307,2888,0
2026-08-23 07:09:05.761491,6514,5355,2849,0
2026-08-23 07:09:05.761511,6517,5396,3202,0
2026-08-23 07:09:05.761531,6408,5291,2111,0
2026-08-23 07:09:05.761551,6467,5329,2586,0
2026-08-23 07:09:05.761571,6501,5317,2826,0
2026-08-23 07:09:05.782306,6436,4680,2777,0
2026-08-23 07:09:05.782326,6355,4688,821,0
2026-08-23 07:09:05.782346,6415,5030,2905,0
2026-08-23 07:09:05.782367,6522,5146,2929,0
2026-08-23 07:09:05.782387,6540,5225,3502,0
2026-08-23 07:09:05.782407,6425,5184,2643,0
2026-08-23 07:09:05.782427,6498,5283,2572,0
2026-08-23 07:09:05.782447,6515,5293,2877,0
2026-08-23 07:09:05.782466,6439,5324,2839,0
2026-08-23 07:09:05.782486,6507,5372,2941,0
2026-08-23 07:09:05.782506,6525,5351,2975,0
2026-08-23 07:09:05.782526,6315,5135,0,0
2026-08-23 07:09:05.782547,6416,5325,2665,0
2026-08-23 07:09:05.803559,6431,4674,2646,0
2026-08-23 07:09:05.803579,6494,4856,2613,0
2026-08-23 07:09:05.803599,6507,5040,3085,0
2026-08-23 07:09:05.803619,6446,5096,3036,0
2026-08-23 07:09:05.803639,6524,5234,2891,0
2026-08-23 07:09:05.803659,6523,5244,3120,0
2026-08-23 07:09:05.803679,6395,5190,1591,0
2026-08-23 07:09:05.803699,6441,5315,2671,0
2026-08-23 07:09:05.803719,6503,5325,2620,0
2026-08-23 07:09:05.803739,6514,5352,3104,0
2026-08-23 07:09:05.803759,6431,5340,2805,0
2026-08-23 07:09:05.803779,6515,5371,2869,0
2026-08-23 07:09:05.803799,6453,5386,3332,0
2026-08-23 07:09:05.824467,6443,4751,3321,0
2026-08-23 07:09:05.824487,6433,4854,2708,0
2026-08-23 07:09:05.824507,6481,4989,2598,0
2026-08-23 07:09:05.824527,6500,5090,2777,0
2026-08-23 07:09:05.824547,6322,4975,0,0
2026-08-23 07:09:05.824567,6407,5268,2942,0
2026-08-23 07:09:05.824587,6515,5306,2916,0
2026-08-23 07:09:05.824607,6533,5348,3415,0
2026-08-23 07:09:05.824627,6422,5312,2626,0
2026-08-23 07:09:05.824647,6491,5287,2547,0
2026-08-23 07:09:05.824667,6500,5363,2826,0
2026-08-23 07:09:05.824687,6435,5324,2793,0
2026-08-23 07:09:05.824707,6512,5336,2911,0
2026-08-23 07:09:05.845538,6438,4718,2917,0
2026-08-23 07:09:05.845558,6508,4892,2939,0
2026-08-23 07:09:05.845578,6541,5102,3531,0
2026-08-23 07:09:05.845598,6429,5073,2652,0
2026-08-23 07:09:05.845618,6422,5210,2573,0
2026-08-23 07:09:05.845638,6504,5281,2887,0
2026-08-23 07:09:05.845658,6437,5297,2913,0
2026-08-23 07:09:05.845678,6515,5316,2920,0
2026-08-23 07:09:05.845698,6531,5331,3022,0
2026-08-23 07:09:05.845718,6289,5056,0,0
2026-08-23 07:09:05.845738,6410,5305,2708,0
2026-08-23 07:09:05.845758,6497,5351,2612,0
2026-08-23 07:09:05.845778,6515,5380,3163,0
2026-08-23 07:09:05.866659,6444,4742,3015,0
2026-08-23 07:09:05.866679,6445,4905,3033,0
2026-08-23 07:09:05.866699,6510,5034,2888,0
2026-08-23 07:09:05.866719,6535,5160,3127,0
2026-08-23 07:09:05.866739,6398,5065,1895,0
2026-08-23 07:09:05.866759,6441,5209,2642,0
2026-08-23 07:09:05.866779,6504,5253,2643,0
2026-08-23 07:09:05.866799,6513,5327,3143,0
2026-08-23 07:09:05.866819,6438,5339,2850,0
2026-08-23 07:09:05.866839,6507,5361,2871,0
2026-08-23 07:09:05.866859,6531,5355,3182,0
2026-08-23 07:09:05.866879,6415,5294,2181,0
2026-08-23 07:09:05.866899,6469,5331,2576,0
2026-08-23 07:09:05.887888,6435,4673,2577,0
2026-08-23 07:09:05.887908,6501,4903,2805,0
2026-08-23 07:09:05.887928,6361,4884,900,0
2026-08-23 07:09:05.887948,6415,5091,2900,0
2026-08-23 07:09:05.887968,6514,5185,2943,0
2026-08-23 07:09:05.887988,6524,5304,3496,0
2026-08-23 07:09:05.888008,6432,5226,2595,0
2026-08-23 07:09:05.888028,6496,5297,2571,0
2026-08-23 07:09:05.888048,6506,5323,2885,0
2026-08-23 07:09:05.888068,6441,5320,2848,0
2026-08-23 07:09:05.888088,6513,5338,2928,0
2026-08-23 07:09:05.888108,6531,5363,3005,0
2026-08-23 07:09:05.888128,6402,5227,1644,0
2026-08-23 07:09:05.908880,6306,4462,0,0
2026-08-23 07:09:05.908900,6410,4845,2622,0
2026-08-23 07:09:05.908920,6493,4993,2633,0
2026-08-23 07:09:05.908940,6527,5177,1335,0
2026-08-23 07:09:05.908960,6421,5172,3050,0
2026-08-23 07:09:05.908980,6538,5234,2878,0
2026-08-23 07:09:05.909000,6524,5290,3160,0
2026-08-23 07:09:05.909020,6402,5240,2157,0
2026-08-23 07:09:05.909040,6473,5294,2661,0
2026-08-23 07:09:05.909060,6498,5357,2658,0
2026-08-23 07:09:05.909080,6518,5369,3186,0
2026-08-23 07:09:05.909100,6438,5331,2923,0
2026-08-23 07:09:05.909120,6517,5314,2913,0
2026-08-23 07:09:05.929924,6439,4722,2889,0
2026-08-23 07:09:05.929944,6529,4937,3334,0
2026-08-23 07:09:05.929964,6433,4975,2683,0
2026-08-23 07:09:05.929984,6515,5128,2597,0
2026-08-23 07:09:05.930004,6502,5175,2757,0
2026-08-23 07:09:05.930024,6304,5008,0,0
2026-08-23 07:09:05.930044,6408,5297,2927,0
2026-08-23 07:09:05.930064,6514,5300,2907,0
2026-08-23 07:09:05.930084,6532,5348,3436,0
2026-08-23 07:09:05.930104,6424,5322,2600,0
2026-08-23 07:09:05.930124,6485,5341,2571,0
2026-08-23 07:09:05.930144,6507,5366,2873,0
2026-08-23 07:09:05.930164,6454,5337,3007,0
2026-08-23 07:09:05.950149,6412,4617,1780,0
2026-08-23 07:09:05.950169,6448,4903,2865,0
2026-08-23 07:09:05.950189,6516,5006,2976,0
2026-08-23 07:09:05.950209,6539,5185,4112,0
2026-08-23 07:09:05.950229,6448,5190,2674,0
2026-08-23 07:09:05.950249,6505,5203,2589,0
2026-08-23 07:09:05.950269,6512,5312,2933,0
2026-08-23 07:09:05.950289,6439,5324,2985,0
2026-08-23 07:09:05.950309,6519,5355,2899,0
2026-08-23 07:09:05.950329,6522,5376,2837,0
2026-08-23 07:09:05.950349,6342,5170,308,0
2026-08-23 07:09:05.950369,6416,5325,2582,0
2026-08-23 07:09:05.950389,6493,5309,2710,0
2026-08-23 07:09:05.970662,6434,4768,2534,0
2026-08-23 07:09:05.970682,6499,4925,2812,0
2026-08-23 07:09:05.970702,6425,5009,2608,0
2026-08-23 07:09:05.970722,6494,5173,2925,0
2026-08-23 07:09:05.970742,6519,5210,2929,0
2026-08-23 07:09:05.970762,6536,5328,3508,0
2026-08-23 07:09:05.970782,6432,5284,2737,0
2026-08-23 07:09:05.970802,6501,5303,2613,0
2026-08-23 07:09:05.970822,6510,5330,2884,0
2026-08-23 07:09:05.970842,6403,5253,2311,0
2026-08-23 07:09:05.970862,6458,5343,2818,0
2026-08-23 07:09:05.970882,6525,5347,2989,0
2026-08-23 07:09:05.970902,6409,5229,1872,0
2026-08-23 07:09:05.991757,6443,4849,3168,0
2026-08-23 07:09:05.991777,6438,4925,2649,0
2026-08-23 07:09:05.991797,6494,5045,2865,0
2026-08-23 07:09:05.991817,6500,5166,2756,0
2026-08-23 07:09:05.991838,6313,4982,0,0
2026-08-23 07:09:05.991858,6413,5292,2929,0
2026-08-23 07:09:05.991878,6518,5292,2892,0
2026-08-23 07:09:05.991898,6514,5378,3398,0
2026-08-23 07:09:05.991917,6432,5287,2628,0
2026-08-23 07:09:05.991937,6491,5318,2477,0
2026-08-23 07:09:05.991957,6510,5342,2819,0
2026-08-23 07:09:05.991977,6440,5365,2796,0
2026-08-23 07:09:05.991997,6539,5362,2891,0
2026-08-23 07:09:06.013043,6433,4743,2844,0
2026-08-23 07:09:06.013063,6528,4919,2973,0
2026-08-23 07:09:06.013083,6579,5001,1069,0
2026-08-23 07:09:06.013103,6406,5093,2657,0
2026-08-23 07:09:06.013123,6483,5184,2593,0
2026-08-23 07:09:06.013143,6501,5246,3003,0
2026-08-23 07:09:06.013163,6437,5270,3019,0
2026-08-23 07:09:06.013183,6521,5301,2908,0
2026-08-23 07:09:06.013203,6525,5354,3032,0
2026-08-23 07:09:06.013223,6363,5178,796,0
2026-08-23 07:09:06.013243,6467,5350,2678,0
2026-08-23 07:09:06.013263,6501,5357,2620,0
2026-08-23 07:09:06.013283,6513,5389,3261,0
2026-08-23 07:09:06.034004,6370,4561,883,0
2026-08-23 07:09:06.034024,6409,4864,2996,0
2026-08-23 07:09:06.034044,6520,5028,2869,0
2026-08-23 07:09:06.034064,6532,5151,3338,0
2026-08-23 07:09:06.034084,6439,5150,2687,0
2026-08-23 07:09:06.034104,6496,5213,2608,0
2026-08-23 07:09:06.034124,6501,5298,2752,0
2026-08-23 07:09:06.034144,6302,5080,0,0
2026-08-23 07:09:06.034164,6412,5357,2928,0
2026-08-23 07:09:06.034184,6513,5365,2909,0
2026-08-23 07:09:06.034204,6533,5384,3406,0
2026-08-23 07:09:06.034224,6435,5303,2640,0
2026-08-23 07:09:06.034244,6500,5309,2584,0
2026-08-23 07:09:06.055027,6434,4711,2597,0
2026-08-23 07:09:06.055047,6500,4889,2825,0
2026-08-23 07:09:06.055067,6391,4935,1469,0
2026-08-23 07:09:06.055087,6436,5104,2910,0
2026-08-23 07:09:06.055107,6508,5197,2944,0
2026-08-23 07:09:06.055127,6540,5309,3554,0
2026-08-23 07:09:06.055147,6435,5205,2645,0
2026-08-23 07:09:06.055167,6490,5306,2572,0
2026-08-23 07:09:06.055187,6504,5311,2931,0
2026-08-23 07:09:06.055207,6433,5345,2927,0
2026-08-23 07:09:06.055227,6518,5333,2910,0
2026-08-23 07:09:06.055247,6531,5386,3040,0
2026-08-23 07:09:06.055267,6409,5243,1944,0
2026-08-23 07:09:06.076013,6342,4496,354,0
2026-08-23 07:09:06.076033,6405,4845,2612,0
2026-08-23 07:09:06.076053,6498,5017,2654,0
2026-08-23 07:09:06.076073,6279,4866,0,0
2026-08-23 07:09:06.076093,6413,5198,3032,0
2026-08-23 07:09:06.076113,6518,5249,2890,0
2026-08-23 07:09:06.076133,6530,5324,3189,0
2026-08-23 07:09:06.076153,6420,5240,2392,0
2026-08-23 07:09:06.076173,6482,5291,2631,0
2026-08-23 07:09:06.076193,6506,5354,2674,0
2026-08-23 07:09:06.076213,6520,5398,3221,0
2026-08-23 07:09:06.076233,6443,5355,2927,0
2026-08-23 07:09:06.076253,6515,5339,2916,0
2026-08-23 07:09:06.096978,6439,4712,2889,0
2026-08-23 07:09:06.096998,6526,4940,3338,0
2026-08-23 07:09:06.097018,6434,4999,2692,0
2026-08-23 07:09:06.097038,6497,5068,2630,0
2026-08-23 07:09:06.097058,6504,5172,2745,0
2026-08-23 07:09:06.097078,6311,5020,0,0
2026-08-23 07:09:06.097098,6409,5262,2931,0
2026-08-23 07:09:06.097118,6514,5326,2903,0
2026-08-23 07:09:06.097138,6517,5392,3386,0
2026-08-23 07:09:06.097158,6426,5306,2602,0
2026-08-23 07:09:06.097178,6488,5347,2550,0
2026-08-23 07:09:06.097198,6489,5385,2852,0
2026-08-23 07:09:06.097218,6451,5320,3018,0
2026-08-23 07:09:06.118168,6400,4646,1715,0
2026-08-23 07:09:06.118188,6434,4899,2889,0
2026-08-23 07:09:06.118208,6515,5012,2972,0
2026-08-23 07:09:06.118228,6544,5170,3974,0
2026-08-23 07:09:06.118248,6451,5191,2659,0
2026-08-23 07:09:06.118268,6496,5268,2597,0
2026-08-23 07:09:06.118288,6500,5281,2981,0
2026-08-23 07:09:06.118308,6445,5285,2991,0
2026-08-23 07:09:06.118328,6522,5353,2897,0
2026-08-23 07:09:06.118348,6527,5376,2991,0
2026-08-23 07:09:06.118368,6350,5207,644,0
2026-08-23 07:09:06.118388,6415,5313,2654,0
2026-08-23 07:09:06.118408,6504,5320,2681,0
2026-08-23 07:09:06.139199,6442,4689,2706,0
2026-08-23 07:09:06.139220,6381,4777,1314,0
2026-08-23 07:09:06.139240,6436,4991,2991,0
2026-08-23 07:09:06.139260,6527,5097,2887,0
2026-08-23 07:09:06.139280,6548,5203,3339,0
2026-08-23 07:09:06.139300,6434,5203,2686,0
2026-08-23 07:09:06.139320,6496,5235,2605,0
2026-08-23 07:09:06.139340,6506,5319,2750,0
2026-08-23 07:09:06.139359,6316,5128,0,0
2026-08-23 07:09:06.139380,6410,5336,2921,0
2026-08-23 07:09:06.139400,6519,5343,2896,0
2026-08-23 07:09:06.139420,6536,5437,3493,0
2026-08-23 07:09:06.139440,6427,5332,2654,0
2026-08-23 07:09:06.160300,6434,4724,2720,0
2026-08-23 07:09:06.160320,6480,4899,2588,0
2026-08-23 07:09:06.160340,6501,5062,2872,0
2026-08-23 07:09:06.160360,6411,5039,1883,0
2026-08-23 07:09:06.160380,6466,5177,2909,0
2026-08-23 07:09:06.160400,6518,5274,2906,0
2026-08-23 07:09:06.160420,6546,5329,3602,0
2026-08-23 07:09:06.160440,6432,5257,2646,0
2026-08-23 07:09:06.160460,6493,5323,2594,0
2026-08-23 07:09:06.160480,6505,5369,2920,0
2026-08-23 07:09:06.160500,6447,5362,2974,0
2026-08-23 07:09:06.160520,6521,5344,2905,0
2026-08-23 07:09:06.160540,6523,5365,3192,0
2026-08-23 07:09:06.180478,6456,4716,3170,0
2026-08-23 07:09:06.180498,6406,4795,2146,0
2026-08-23 07:09:06.180518,6463,4985,2595,0
2026-08-23 07:09:06.180538,6496,5135,2695,0
2026-08-23 07:09:06.180558,6383,5051,767,0
2026-08-23 07:09:06.180578,6411,5233,2993,0
2026-08-23 07:09:06.180598,6563,5321,2893,0
2026-08-23 07:09:06.180619,6530,5332,3284,0
2026-08-23 07:09:06.180638,6429,5320,2644,0
2026-08-23 07:09:06.180658,6483,5314,2577,0
2026-08-23 07:09:06.180678,6520,5386,2740,0
2026-08-23 07:09:06.180698,6338,5184,123,0
2026-08-23 07:09:06.180718,6427,5357,2883,0
2026-08-23 07:09:06.200489,6440,4783,2812,0
2026-08-23 07:09:06.200509,6505,4956,2908,0
2026-08-23 07:09:06.200529,6526,5103,2988,0
2026-08-23 07:09:06.200549,6295,4862,0,0
2026-08-23 07:09:06.200569,6402,5219,2712,0
2026-08-23 07:09:06.200589,6497,5275,2606,0
2026-08-23 07:09:06.200609,6507,5299,2931,0
2026-08-23 07:09:06.200629,6425,5263,2317,0
2026-08-23 07:09:06.200649,6484,5374,2895,0
2026-08-23 07:09:06.200669,6518,5357,2996,0
2026-08-23 07:09:06.200689,6294,5053,0,0
2026-08-23 07:09:06.200709,6413,5283,2645,0
2026-08-23 07:09:06.200729,6490,5283,2637,0
2026-08-23 07:09:06.220851,6437,4691,2658,0
2026-08-23 07:09:06.220871,6513,4882,3191,0
2026-08-23 07:09:06.220891,6442,4977,2890,0
2026-08-23 07:09:06.220911,6517,5143,2878,0
2026-08-23 07:09:06.220931,6530,5231,3191,0
2026-08-23 07:09:06.220951,6393,5191,2031,0
2026-08-23 07:09:06.220971,6450,5236,2600,0
2026-08-23 07:09:06.220991,6500,5287,2711,0
2026-08-23 07:09:06.221011,6355,5193,651,0
2026-08-23 07:09:06.221031,6418,5353,3026,0
2026-08-23 07:09:06.221051,6526,5380,2898,0
2026-08-23 07:09:06.221071,6538,5415,3489,0
2026-08-23 07:09:06.241708,6441,4780,2961,0
2026-08-23 07:09:06.241728,6505,4785,0,0
2026-08-23 07:09:06.241748,6413,5017,2650,0
2026-08-23 07:09:06.241768,6497,5098,2593,0
2026-08-23 07:09:06.241788,6512,5245,3030,0
2026-08-23 07:09:06.241808,6441,5272,3016,0
2026-08-23 07:09:06.241828,6523,5307,2899,0
2026-08-23 07:09:06.241848,6524,5342,3056,0
2026-08-23 07:09:06.241868,6381,5196,1233,0
2026-08-23 07:09:06.241888,6422,5352,2683,0
2026-08-23 07:09:06.241908,6496,5366,2624,0
2026-08-23 07:09:06.241928,6518,5368,3134,0
2026-08-23 07:09:06.241948,6404,5329,2922,0
2026-08-23 07:09:06.262891,6442,4746,3045,0
2026-08-23 07:09:06.262911,6523,4891,2891,0
2026-08-23 07:09:06.262931,6433,5016,3153,0
2026-08-23 07:09:06.262951,6400,5067,2218,0
2026-08-23 07:09:06.262971,6475,5160,2641,0
2026-08-23 07:09:06.262991,6509,5224,2651,0
2026-08-23 07:09:06.263011,6504,5302,3165,0
2026-08-23 07:09:06.263031,6443,5290,2883,0
2026-08-23 07:09:06.263051,6518,5323,2864,0
2026-08-23 07:09:06.263071,6567,5365,3182,0
2026-08-23 07:09:06.263091,6408,5259,1951,0
2026-08-23 07:09:06.263111,6461,5356,2613,0
2026-08-23 07:09:06.263131,6503,5359,2812,0
2026-08-23 07:09:06.283764,6439,4697,2762,0
2026-08-23 07:09:06.283784,6357,4735,657,0
2026-08-23 07:09:06.283804,6415,4984,2912,0
2026-08-23 07:09:06.283824,6515,5093,2924,0
2026-08-23 07:09:06.283844,6525,5248,3476,0
2026-08-23 07:09:06.283864,6434,5212,2651,0
2026-08-23 07:09:06.283885,6501,5246,2578,0
2026-08-23 07:09:06.283905,6512,5285,2882,0
2026-08-23 07:09:06.283924,6438,5316,2801,0
2026-08-23 07:09:06.283944,6502,5349,2921,0
2026-08-23 07:09:06.283964,6529,5356,2958,0
2026-08-23 07:09:06.283984,6308,5095,0,0
2026-08-23 07:09:06.284004,6410,5342,2676,0
2026-08-23 07:09:06.304869,6424,4710,2652,0
2026-08-23 07:09:06.304889,6489,4867,2590,0
2026-08-23 07:09:06.304909,6503,5015,3004,0
2026-08-23 07:09:06.304929,6441,5135,3001,0
2026-08-23 07:09:06.304949,6526,5212,2889,0
2026-08-23 07:09:06.304969,6510,5281,3048,0
2026-08-23 07:09:06.304989,6362,5102,966,0
2026-08-23 07:09:06.305009,6413,5305,2671,0
2026-08-23 07:09:06.305029,6496,5334,2610,0
2026-08-23 07:09:06.305049,6503,5346,3045,0
2026-08-23 07:09:06.305069,6437,5307,2732,0
2026-08-23 07:09:06.305089,6510,5370,2866,0
2026-08-23 07:09:06.305109,6532,5358,3267,0
2026-08-23 07:09:06.325998,6451,4737,3219,0
2026-08-23 07:09:06.326018,6429,4852,2525,0
2026-08-23 07:09:06.326038,6492,4995,2617,0
2026-08-23 07:09:06.326058,6509,5096,2720,0
2026-08-23 07:09:06.326078,6303,4869,0,0
2026-08-23 07:09:06.326098,6412,5207,2934,0
2026-08-23 07:09:06.326118,6507,5242,2893,0
2026-08-23 07:09:06.326138,6534,5308,3347,0
2026-08-23 07:09:06.326158,6431,5250,2538,0
2026-08-23 07:09:06.326178,6490,5293,2577,0
2026-08-23 07:09:06.326198,6507,5336,2753,0
2026-08-23 07:09:06.326218,6441,5332,2642,0
2026-08-23 07:09:06.326238,6505,5355,2909,0
2026-08-23 07:09:06.345951,6406,4734,2932,0
2026-08-23 07:09:06.345971,6509,4893,2900,0
2026-08-23 07:09:06.345991,6448,5039,3493,0
2026-08-23 07:09:06.346011,6429,5097,2593,0
2026-08-23 07:09:06.346031,6490,5175,2573,0
2026-08-23 07:09:06.346051,6509,5279,2891,0
2026-08-23 07:09:06.346071,6437,5287,2857,0
2026-08-23 07:09:06.346091,6500,5279,2915,0
2026-08-23 07:09:06.346111,6524,5335,2965,0
2026-08-23 07:09:06.346131,6288,5018,0,0
2026-08-23 07:09:06.346151,6408,5306,2699,0
2026-08-23 07:09:06.346171,6498,5275,2605,0
2026-08-23 07:09:06.346191,6519,5316,3235,0
2026-08-23 07:09:06.363307,6443,4767,2638,0
2026-08-23 07:09:06.363327,6301,4720,0,0
2026-08-23 07:09:06.363347,6420,5067,3022,0
2026-08-23 07:09:06.363367,6522,5139,2891,0
2026-08-23 07:09:06.363387,6532,5234,3213,0
2026-08-23 07:09:06.363407,6435,5249,2432,0
2026-08-23 07:09:06.363427,6481,5268,2618,0
2026-08-23 07:09:06.363447,6506,5297,2630,0
2026-08-23 07:09:06.363467,6527,5356,3247,0
2026-08-23 07:09:06.363487,6430,5355,2904,0
2026-08-23 07:09:06.363507,6515,5368,2887,0
2026-08-23 07:09:06.383828,6444,4841,3047,0
2026-08-23 07:09:06.383848,6527,4992,2897,0
2026-08-23 07:09:06.383868,6537,5151,3207,0
2026-08-23 07:09:06.383888,6426,5149,2538,0
2026-08-23 07:09:06.383908,6492,5155,2612,0
2026-08-23 07:09:06.383928,6495,5273,2711,0
2026-08-23 07:09:06.383948,6524,5350,3278,0
2026-08-23 07:09:06.383968,6428,5277,2913,0
2026-08-23 07:09:06.383988,6518,5321,2885,0
2026-08-23 07:09:06.384008,6535,5363,3206,0
2026-08-23 07:09:06.384028,6427,5325,2450,0
2026-08-23 07:09:06.384048,6482,5300,2536,0
2026-08-23 07:09:06.384068,6511,5304,3123,0
2026-08-23 07:09:06.405013,6414,4787,2636,0
2026-08-23 07:09:06.405033,6506,4939,3222,0
2026-08-23 07:09:06.405053,6444,5011,2852,0
2026-08-23 07:09:06.405073,6510,5132,2877,0
2026-08-23 07:09:06.405093,6534,5250,3257,0
2026-08-23 07:09:06.405113,6414,5210,2308,0
2026-08-23 07:09:06.405133,6483,5261,2580,0
2026-08-23 07:09:06.405153,6505,5297,2720,0
2026-08-23 07:09:06.405173,6395,5252,1476,0
2026-08-23 07:09:06.405193,6445,5343,2999,0
2026-08-23 07:09:06.405213,6527,5364,2900,0
2026-08-23 07:09:06.405233,6524,5421,3383,0
2026-08-23 07:09:06.405253,6443,5349,2707,0
2026-08-23 07:09:06.425247,6430,4699,2639,0
2026-08-23 07:09:06.425267,6441,4850,2573,0
2026-08-23 07:09:06.425287,6507,5011,2912,0
2026-08-23 07:09:06.425308,6424,5147,2860,0
2026-08-23 07:09:06.425328,6509,5214,2899,0
2026-08-23 07:09:06.425348,6532,5290,2983,0
2026-08-23 07:09:06.425368,6287,4951,0,0
2026-08-23 07:09:06.425388,6405,5235,2717,0
2026-08-23 07:09:06.425407,6494,5275,2595,0
2026-08-23 07:09:06.425427,6510,5326,2932,0
2026-08-23 07:09:06.425447,6423,5311,2310,0
2026-08-23 07:09:06.425467,6473,5364,2871,0
2026-08-23 07:09:06.425488,6536,5370,3239,0
2026-08-23 07:09:06.445837,6450,4803,2885,0
2026-08-23 07:09:06.445857,6534,4965,3174,0
2026-08-23 07:09:06.445877,6425,4999,2329,0
2026-08-23 07:09:06.445897,6473,5136,2620,0
2026-08-23 07:09:06.445917,6498,5233,2667,0
2026-08-23 07:09:06.445937,6517,5316,3198,0
2026-08-23 07:09:06.445957,6442,5280,2910,0
2026-08-23 07:09:06.445977,6509,5314,2858,0
2026-08-23 07:09:06.445997,6534,5362,3203,0
2026-08-23 07:09:06.446017,6404,5281,2187,0
2026-08-23 07:09:06.446037,6464,5340,2585,0
2026-08-23 07:09:06.446057,6502,5384,2699,0
2026-08-23 07:09:06.446077,6451,5268,3032,0
2026-08-23 07:09:06.466296,6454,4814,3124,0
2026-08-23 07:09:06.466316,6347,4896,2928,0
2026-08-23 07:09:06.466336,6508,5017,2923,0
2026-08-23 07:09:06.466356,6526,5168,3281,0
2026-08-23 07:09:06.466376,6418,5143,2440,0
2026-08-23 07:09:06.466396,6483,5250,2588,0
2026-08-23 07:09:06.466416,6498,5270,2754,0
2026-08-23 07:09:06.466436,6412,5230,1887,0
2026-08-23 07:09:06.466456,6465,5335,2612,0
2026-08-23 07:09:06.466476,6529,5380,2909,0
2026-08-23 07:09:06.466496,6533,5406,3349,0
2026-08-23 07:09:06.466516,6442,5351,2735,0
2026-08-23 07:09:06.466536,6482,5324,2613,0
2026-08-23 07:09:06.485727,6439,4780,2644,0
2026-08-23 07:09:06.485747,6493,4911,2666,0
2026-08-23 07:09:06.485767,6348,4858,398,0
2026-08-23 07:09:06.485787,6417,5175,3039,0
2026-08-23 07:09:06.485807,6518,5246,2884,0
2026-08-23 07:09:06.485827,6529,5320,3237,0
2026-08-23 07:09:06.485847,6430,5284,2577,0
2026-08-23 07:09:06.485867,6500,5319,2605,0
2026-08-23 07:09:06.485887,6505,5343,2684,0
2026-08-23 07:09:06.485907,6527,5337,3279,0
2026-08-23 07:09:06.485927,6432,5368,2940,0
2026-08-23 07:09:06.485947,6536,5334,2896,0
2026-08-23 07:09:06.505956,6441,4794,2903,0
2026-08-23 07:09:06.505976,6524,4947,3038,0
2026-08-23 07:09:06.505996,6343,4859,484,0
2026-08-23 07:09:06.506016,6409,5162,2679,0
2026-08-23 07:09:06.506036,6497,5208,2597,0
2026-08-23 07:09:06.506056,6517,5259,3025,0
2026-08-23 07:09:06.506076,6438,5287,2627,0
2026-08-23 07:09:06.506096,6503,5346,2871,0
2026-08-23 07:09:06.506116,6528,5371,3048,0
2026-08-23 07:09:06.506136,6347,5144,311,0
2026-08-23 07:09:06.506156,6408,5353,2629,0
2026-08-23 07:09:06.506176,6481,5362,2666,0
2026-08-23 07:09:06.506196,6431,5265,2240,0
2026-08-23 07:09:06.527071,6442,4785,2769,0
2026-08-23 07:09:06.527092,6384,4822,1503,0
2026-08-23 07:09:06.527112,6445,5071,2885,0
2026-08-23 07:09:06.527132,6519,5156,2945,0
2026-08-23 07:09:06.527152,6543,5301,3562,0
2026-08-23 07:09:06.527172,6433,5240,2656,0
2026-08-23 07:09:06.527192,6493,5242,2545,0
2026-08-23 07:09:06.527212,6505,5335,2932,0
2026-08-23 07:09:06.527231,6442,5313,2931,0
2026-08-23 07:09:06.527251,6520,5374,2909,0
2026-08-23 07:09:06.527272,6530,5357,3000,0
2026-08-23 07:09:06.527292,6374,5215,837,0
2026-08-23 07:09:06.527312,6423,5315,2642,0
2026-08-23 07:09:06.548155,6432,4683,2635,0
2026-08-23 07:09:06.548175,6503,4888,2648,0
2026-08-23 07:09:06.548195,6298,4724,0,0
2026-08-23 07:09:06.548215,6414,5083,3044,0
2026-08-23 07:09:06.548235,6518,5164,2888,0
2026-08-23 07:09:06.548255,6526,5243,3174,0
2026-08-23 07:09:06.548275,6422,5205,2332,0
2026-08-23 07:09:06.548295,6478,5275,2622,0
2026-08-23 07:09:06.548315,6500,5339,2667,0
2026-08-23 07:09:06.548335,6516,5359,3210,0
2026-08-23 07:09:06.548355,6491,5333,2905,0
2026-08-23 07:09:06.548375,6513,5341,2879,0
2026-08-23 07:09:06.548395,6526,5401,3475,0
2026-08-23 07:09:06.569066,6467,4768,3323,0
2026-08-23 07:09:06.569086,6433,4883,2703,0
2026-08-23 07:09:06.569106,6499,4977,2602,0
2026-08-23 07:09:06.569126,6495,5147,2708,0
2026-08-23 07:09:06.569146,6322,4956,0,0
2026-08-23 07:09:06.569166,6419,5251,2841,0
2026-08-23 07:09:06.569186,6515,5280,2907,0
2026-08-23 07:09:06.569206,6534,5376,3409,0
2026-08-23 07:09:06.569226,6426,5310,2614,0
2026-08-23 07:09:06.569246,6486,5319,2572,0
2026-08-23 07:09:06.569266,6513,5337,2828,0
2026-08-23 07:09:06.569286,6441,5352,2815,0
2026-08-23 07:09:06.569306,6513,5365,2900,0
2026-08-23 07:09:06.590127,6449,4735,2899,0
2026-08-23 07:09:06.590147,6521,4918,2950,0
2026-08-23 07:09:06.590167,6548,5051,3390,0
2026-08-23 07:09:06.590187,6436,5091,2636,0
2026-08-23 07:09:06.590207,6502,5186,2593,0
2026-08-23 07:09:06.590227,6520,5239,2949,0
2026-08-23 07:09:06.590247,6433,5255,2957,0
2026-08-23 07:09:06.590267,6521,5326,2921,0
2026-08-23 07:09:06.590287,6524,5320,3009,0
2026-08-23 07:09:06.590307,6323,5129,0,0
2026-08-23 07:09:06.590327,6405,5352,2705,0
2026-08-23 07:09:06.590347,6498,5366,2534,0
2026-08-23 07:09:06.590367,6514,5391,3188,0
2026-08-23 07:09:06.611272,6447,4753,3105,0
2026-08-23 07:09:06.611292,6437,4863,3168,0
2026-08-23 07:09:06.611312,6523,5036,2883,0
2026-08-23 07:09:06.611332,6591,5133,3171,0
2026-08-23 07:09:06.611352,6405,5159,2179,0
2026-08-23 07:09:06.611372,6458,5239,2632,0
2026-08-23 07:09:06.611392,6496,5253,2667,0
2026-08-23 07:09:06.611412,6519,5324,3159,0
2026-08-23 07:09:06.611432,6441,5308,2884,0
2026-08-23 07:09:06.611452,6505,5336,2867,0
2026-08-23 07:09:06.611472,6524,5388,3203,0
2026-08-23 07:09:06.611492,6429,5263,2295,0
2026-08-23 07:09:06.611512,6474,5338,2587,0
2026-08-23 07:09:06.632542,6435,4711,2598,0
2026-08-23 07:09:06.632562,6503,4868,2800,0
2026-08-23 07:09:06.632582,6362,4832,773,0
2026-08-23 07:09:06.632602,6426,5093,2906,0
2026-08-23 07:09:06.632622,6478,5222,2911,0
2026-08-23 07:09:06.632642,6538,5277,3475,0
2026-08-23 07:09:06.632662,6435,5224,2641,0
2026-08-23 07:09:06.632682,6488,5295,2577,0
2026-08-23 07:09:06.632702,6506,5325,2873,0
2026-08-23 07:09:06.632722,6439,5342,2837,0
2026-08-23 07:09:06.632742,6425,5367,2933,0
2026-08-23 07:09:06.632762,6478,5369,2987,0
2026-08-23 07:09:06.632782,6407,5268,1827,0
2026-08-23 07:09:06.653244,6333,4465,0,0
2026-08-23 07:09:06.653264,6411,4876,2618,0
2026-08-23 07:09:06.653284,6496,5016,2638,0
2026-08-23 07:09:06.653304,6379,4801,0,0
2026-08-23 07:09:06.653324,6422,5191,3044,0
2026-08-23 07:09:06.653344,6531,5243,2881,0
2026-08-23 07:09:06.653364,6529,5301,3170,0
2026-08-23 07:09:06.653384,6423,5212,2203,0
2026-08-23 07:09:06.653404,6475,5289,2639,0
2026-08-23 07:09:06.653424,6506,5311,2641,0
2026-08-23 07:09:06.653444,6517,5391,3190,0
2026-08-23 07:09:06.653464,6440,5322,2922,0
2026-08-23 07:09:06.653484,6529,5366,2893,0
2026-08-23 07:09:06.674366,6439,4732,2876,0
2026-08-23 07:09:06.674386,6528,4944,3170,0
2026-08-23 07:09:06.674406,6421,4956,2217,0
2026-08-23 07:09:06.674426,6474,5075,2645,0
2026-08-23 07:09:06.674446,6491,5207,2665,0
2026-08-23 07:09:06.674466,6514,5273,3177,0
2026-08-23 07:09:06.674486,6431,5297,2903,0
2026-08-23 07:09:06.674506,6523,5299,2843,0
2026-08-23 07:09:06.674525,6460,5336,3189,0
2026-08-23 07:09:06.674546,6404,5283,2035,0
2026-08-23 07:09:06.674566,6450,5310,2636,0
2026-08-23 07:09:06.674586,6493,5368,2711,0
2026-08-23 07:09:06.674606,6440,5328,2630,0
2026-08-23 07:09:06.694484,6343,4517,142,0
2026-08-23 07:09:06.694504,6419,4869,2914,0
2026-08-23 07:09:06.694525,6508,5045,2917,0
2026-08-23 07:09:06.694545,6543,5166,3479,0
2026-08-23 07:09:06.694565,6436,5181,2635,0
2026-08-23 07:09:06.694585,6506,5201,2406,0
2026-08-23 07:09:06.694605,6512,5277,2881,0
2026-08-23 07:09:06.694625,6438,5290,2831,0
2026-08-23 07:09:06.694644,6508,5348,2921,0
2026-08-23 07:09:06.694664,6520,5344,2950,0
2026-08-23 07:09:06.694685,6394,5039,0,0
2026-08-23 07:09:06.694705,6423,5259,2695,0
2026-08-23 07:09:06.694725,6496,5253,2684,0
2026-08-23 07:09:06.714883,6428,4794,2635,0
2026-08-23 07:09:06.714903,6488,4938,2598,0
2026-08-23 07:09:06.714923,6509,5091,3037,0
2026-08-23 07:09:06.714943,6439,5156,3025,0
2026-08-23 07:09:06.714963,6539,5208,2899,0
2026-08-23 07:09:06.714983,6526,5307,3061,0
2026-08-23 07:09:06.715003,6399,5210,1471,0
2026-08-23 07:09:06.715023,6439,5285,2654,0
2026-08-23 07:09:06.715043,6498,5321,2751,0
2026-08-23 07:09:06.715063,6530,5397,3053,0
2026-08-23 07:09:06.715083,6434,5340,2775,0
2026-08-23 07:09:06.715103,6509,5374,2849,0
2026-08-23 07:09:06.715123,6526,5360,3223,0
2026-08-23 07:09:06.735247,6432,4796,2977,0
2026-08-23 07:09:06.735267,6311,4669,0,0
2026-08-23 07:09:06.735287,6412,5037,2701,0
2026-08-23 07:09:06.735307,6496,5138,2591,0
2026-08-23 07:09:06.735327,6512,5246,2976,0
2026-08-23 07:09:06.735347,6428,5232,2588,0
2026-08-23 07:09:06.735367,6499,5279,2867,0
2026-08-23 07:09:06.735387,6530,5337,3041,0
2026-08-23 07:09:06.735407,6325,5162,0,0
2026-08-23 07:09:06.735427,6402,5360,2640,0
2026-08-23 07:09:06.735447,6500,5339,2606,0
2026-08-23 07:09:06.735467,6392,5095,0,0
2026-08-23 07:09:06.735487,6426,5373,3009,0
2026-08-23 07:09:06.753824,6416,4680,2066,0
2026-08-23 07:09:06.753844,6466,4917,2897,0
2026-08-23 07:09:06.753865,6523,5036,2979,0
2026-08-23 07:09:06.753885,6561,5282,2603,0
2026-08-23 07:09:06.753905,6426,5175,2658,0
2026-08-23 07:09:06.753925,6497,5229,2595,0
2026-08-23 07:09:06.753945,6511,5270,2981,0
2026-08-23 07:09:06.753964,6446,5318,2984,0
2026-08-23 07:09:06.753984,6524,5316,2899,0
2026-08-23 07:09:06.754004,6535,5344,3028,0
2026-08-23 07:09:06.754025,6416,5249,2037,0
2026-08-23 07:09:06.754045,6470,5310,2584,0
2026-08-23 07:09:06.772610,6453,4936,3751,0
2026-08-23 07:09:06.772630,6438,4975,2658,0
2026-08-23 07:09:06.772650,6504,5033,2576,0
2026-08-23 07:09:06.772670,6508,5189,2960,0
2026-08-23 07:09:06.772690,6448,5213,2944,0
2026-08-23 07:09:06.772710,6519,5298,2892,0
2026-08-23 07:09:06.772730,6541,5318,3012,0
2026-08-23 07:09:06.772750,6339,5091,0,0
2026-08-23 07:09:06.772770,6402,5325,2704,0
2026-08-23 07:09:06.772790,6494,5366,2614,0
2026-08-23 07:09:06.772810,6468,5369,2982,0
2026-08-23 07:09:06.772830,6441,5295,2780,0
2026-08-23 07:09:06.789907,6446,4859,3124,0
2026-08-23 07:09:06.789927,6449,4938,3088,0
2026-08-23 07:09:06.789948,6525,5089,2886,0
2026-08-23 07:09:06.789968,6528,5178,3161,0
2026-08-23 07:09:06.789988,6420,5176,2205,0
2026-08-23 07:09:06.790008,6476,5259,2650,0
2026-08-23 07:09:06.790027,6510,5262,2675,0
2026-08-23 07:09:06.790047,6515,5328,3191,0
2026-08-23 07:09:06.790067,6441,5298,2893,0
2026-08-23 07:09:06.790087,6522,5378,2878,0
2026-08-23 07:09:06.790107,6536,5358,3335,0
2026-08-23 07:09:06.809071,6437,4859,2881,0
2026-08-23 07:09:06.809091,6523,4999,3136,0
2026-08-23 07:09:06.809111,6399,5014,1935,0
2026-08-23 07:09:06.809131,6457,5167,2653,0
2026-08-23 07:09:06.809151,6503,5234,2643,0
2026-08-23 07:09:06.809171,6521,5284,3124,0
2026-08-23 07:09:06.809191,6439,5316,2850,0
2026-08-23 07:09:06.809211,6510,5345,2865,0
2026-08-23 07:09:06.809231,6525,5383,3161,0
2026-08-23 07:09:06.809251,6404,5239,1770,0
2026-08-23 07:09:06.809271,6457,5313,2592,0
2026-08-23 07:09:06.809291,6505,5364,2769,0
2026-08-23 07:09:06.828375,6432,4792,2591,0
2026-08-23 07:09:06.828395,6499,4976,2839,0
2026-08-23 07:09:06.828415,6396,4945,1585,0
2026-08-23 07:09:06.828435,6472,5143,2903,0
2026-08-23 07:09:06.828455,6521,5221,2950,0
2026-08-23 07:09:06.828475,6540,5304,3536,0
2026-08-23 07:09:06.828495,6430,5271,2652,0
2026-08-23 07:09:06.828515,6498,5286,2577,0
2026-08-23 07:09:06.828535,6508,5367,2903,0
2026-08-23 07:09:06.828555,6452,5321,2900,0
2026-08-23 07:09:06.828575,6516,5352,2910,0
2026-08-23 07:09:06.828595,6536,5385,3088,0
2026-08-23 07:09:06.849057,6434,4812,2855,0
2026-08-23 07:09:06.849077,6525,4953,3192,0
2026-08-23 07:09:06.849097,6416,4987,1922,0
2026-08-23 07:09:06.849117,6461,5139,2600,0
2026-08-23 07:09:06.849137,6489,5189,2676,0
2026-08-23 07:09:06.849157,6344,5041,61,0
2026-08-23 07:09:06.849177,6423,5298,3023,0
2026-08-23 07:09:06.849197,6508,5328,2889,0
2026-08-23 07:09:06.849217,6532,5388,3249,0
2026-08-23 07:09:06.849237,6428,5314,2495,0
2026-08-23 07:09:06.849257,6487,5336,2607,0
2026-08-23 07:09:06.849277,6510,5348,2717,0
2026-08-23 07:09:06.849297,6336,5161,361,0
2026-08-23 07:09:06.867317,6398,4653,1343,0
2026-08-23 07:09:06.867337,6436,4906,2979,0
2026-08-23 07:09:06.867357,6534,5058,2906,0
2026-08-23 07:09:06.867377,6538,5166,3353,0
2026-08-23 07:09:06.867397,6430,5177,2697,0
2026-08-23 07:09:06.867417,6502,5221,2601,0
2026-08-23 07:09:06.867437,6514,5302,2739,0
2026-08-23 07:09:06.867457,6316,5097,0,0
2026-08-23 07:09:06.867477,6415,5328,2917,0
2026-08-23 07:09:06.867497,6525,5350,2903,0
2026-08-23 07:09:06.867517,6549,5388,3479,0
2026-08-23 07:09:06.867537,6449,5316,2632,0
2026-08-23 07:09:06.884496,6453,4924,3163,0
2026-08-23 07:09:06.884516,6422,4956,2390,0
2026-08-23 07:09:06.884536,6481,5069,2632,0
2026-08-23 07:09:06.884556,6496,5170,2675,0
2026-08-23 07:09:06.884576,6525,5292,3235,0
2026-08-23 07:09:06.884596,6450,5276,2909,0
2026-08-23 07:09:06.884616,6517,5293,2871,0
2026-08-23 07:09:06.884636,6522,5341,3229,0
2026-08-23 07:09:06.884656,6404,5262,2283,0
2026-08-23 07:09:06.884676,6475,5309,2575,0
2026-08-23 07:09:06.884696,6501,5354,2806,0
2026-08-23 07:09:06.901818,6435,4819,2648,0
2026-08-23 07:09:06.901838,6500,4986,2652,0
2026-08-23 07:09:06.901858,6521,5146,3175,0
2026-08-23 07:09:06.901878,6441,5154,2884,0
2026-08-23 07:09:06.901898,6531,5253,2837,0
2026-08-23 07:09:06.901918,6529,5284,3196,0
2026-08-23 07:09:06.901938,6406,5231,2007,0
2026-08-23 07:09:06.901958,6458,5284,2600,0
2026-08-23 07:09:06.901978,6506,5319,2690,0
2026-08-23 07:09:06.901998,6390,5225,1145,0
2026-08-23 07:09:06.902018,6425,5331,2969,0
2026-08-23 07:09:06.918908,6439,4857,3045,0
2026-08-23 07:09:06.918928,6435,4992,2816,0
2026-08-23 07:09:06.918948,6510,5136,2870,0
2026-08-23 07:09:06.918968,6533,5211,3143,0
2026-08-23 07:09:06.918988,6388,5091,1496,0
2026-08-23 07:09:06.919008,6429,5245,2615,0
2026-08-23 07:09:06.919028,6501,5287,2652,0
2026-08-23 07:09:06.919048,6303,5101,0,0
2026-08-23 07:09:06.919068,6416,5341,3031,0
2026-08-23 07:09:06.919088,6523,5371,2883,0
2026-08-23 07:09:06.919108,6547,5388,3328,0
2026-08-23 07:09:06.936105,6441,4896,2846,0
2026-08-23 07:09:06.936125,6529,5030,2983,0
2026-08-23 07:09:06.936145,6415,4898,0,0
2026-08-23 07:09:06.936165,6413,5168,2645,0
2026-08-23 07:09:06.936185,6493,5209,2601,0
2026-08-23 07:09:06.936205,6501,5296,3005,0
2026-08-23 07:09:06.936225,6441,5292,3009,0
2026-08-23 07:09:06.936245,6527,5351,2906,0
2026-08-23 07:09:06.936265,6518,5339,3045,0
2026-08-23 07:09:06.936285,6395,5225,1428,0
2026-08-23 07:09:06.936305,6437,5308,2949,0
2026-08-23 07:09:06.955347,6455,4902,3380,0
2026-08-23 07:09:06.955367,6433,4947,2634,0
2026-08-23 07:09:06.955387,6493,5091,2580,0
2026-08-23 07:09:06.955407,6504,5205,2845,0
2026-08-23 07:09:06.955427,6440,5237,2763,0
2026-08-23 07:09:06.955447,6507,5274,2933,0
2026-08-23 07:09:06.955467,6528,5317,2950,0
2026-08-23 07:09:06.955487,6536,5289,467,0
2026-08-23 07:09:06.955507,6417,5331,2697,0
2026-08-23 07:09:06.955527,6500,5346,2575,0
2026-08-23 07:09:06.955547,6510,5374,2953,0
2026-08-23 07:09:06.955567,6449,5331,2857,0
2026-08-23 07:09:06.974355,6349,4559,11,0
2026-08-23 07:09:06.974375,6421,4935,3016,0
2026-08-23 07:09:06.974396,6526,5053,2889,0
2026-08-23 07:09:06.974416,6540,5175,3273,0
2026-08-23 07:09:06.974436,6435,5198,2630,0
2026-08-23 07:09:06.974456,6491,5239,2616,0
2026-08-23 07:09:06.974476,6508,5276,2713,0
2026-08-23 07:09:06.974495,6384,5028,0,0
2026-08-23 07:09:06.974515,6421,5281,2923,0
2026-08-23 07:09:06.974535,6514,5341,2855,0
2026-08-23 07:09:06.974555,6533,5340,3372,0
2026-08-23 07:09:06.974576,6423,5304,2654,0
2026-08-23 07:09:06.995081,6467,4836,3400,0
2026-08-23 07:09:06.995101,6447,4925,2727,0
2026-08-23 07:09:06.995121,6503,5054,2511,0
2026-08-23 07:09:06.995141,6509,5150,2818,0
2026-08-23 07:09:06.995161,6385,5091,1164,0
2026-08-23 07:09:06.995181,6433,5281,2901,0
2026-08-23 07:09:06.995201,6527,5292,2905,0
2026-08-23 07:09:06.995221,6545,5346,3503,0
2026-08-23 07:09:06.995241,6433,5323,2645,0
2026-08-23 07:09:06.995261,6496,5344,2571,0
2026-08-23 07:09:06.995281,6509,5369,2895,0
2026-08-23 07:09:06.995301,6449,5363,2970,0
2026-08-23 07:09:06.995321,6524,5365,2877,0
2026-08-23 07:09:07.012342,6447,4698,2874,0
2026-08-23 07:09:07.012362,6521,4899,3103,0
2026-08-23 07:09:07.012382,6371,4894,1131,0
2026-08-23 07:09:07.012402,6419,5057,2605,0
2026-08-23 07:09:07.012422,6502,5166,2599,0
2026-08-23 07:09:07.012442,6291,4980,0,0
2026-08-23 07:09:07.012462,6423,5274,3027,0
2026-08-23 07:09:07.012482,6514,5292,2900,0
2026-08-23 07:09:07.012502,6541,5338,3193,0
2026-08-23 07:09:07.012522,6429,5275,2411,0
2026-08-23 07:09:07.012542,6493,5329,2602,0
2026-08-23 07:09:07.029693,6483,4884,1148,0
2026-08-23 07:09:07.029713,6420,4949,2654,0
2026-08-23 07:09:07.029733,6500,5089,2597,0
2026-08-23 07:09:07.029753,6510,5184,2972,0
2026-08-23 07:09:07.029773,6449,5218,3029,0
2026-08-23 07:09:07.029794,6524,5307,2891,0
2026-08-23 07:09:07.029813,6531,5318,3046,0
2026-08-23 07:09:07.029833,6377,5228,1070,0
2026-08-23 07:09:07.029853,6419,5353,2681,0
2026-08-23 07:09:07.029873,6499,5331,2610,0
2026-08-23 07:09:07.029893,6514,5367,3204,0
2026-08-23 07:09:07.047372,6440,4803,2572,0
2026-08-23 07:09:07.047392,6503,5010,2968,0
2026-08-23 07:09:07.047412,6459,5094,2964,0
2026-08-23 07:09:07.047432,6525,5204,2907,0
2026-08-23 07:09:07.047452,6541,5264,3017,0
2026-08-23 07:09:07.047472,6337,5048,41,0
2026-08-23 07:09:07.047492,6402,5306,2706,0
2026-08-23 07:09:07.047512,6504,5297,2603,0
2026-08-23 07:09:07.047532,6510,5373,2997,0
2026-08-23 07:09:07.047552,6430,5306,2630,0
2026-08-23 07:09:07.047572,6506,5377,2845,0
2026-08-23 07:09:07.066483,6425,4843,2375,0
2026-08-23 07:09:07.066503,6486,5025,2960,0
2026-08-23 07:09:07.066523,6501,5140,2932,0
2026-08-23 07:09:07.066543,6541,5212,3480,0
2026-08-23 07:09:07.066563,6439,5230,2741,0
2026-08-23 07:09:07.066583,6504,5243,2583,0
2026-08-23 07:09:07.066603,6504,5292,2829,0
2026-08-23 07:09:07.066623,6388,5204,1367,0
2026-08-23 07:09:07.066643,6440,5323,2901,0
2026-08-23 07:09:07.066663,6529,5362,2938,0
2026-08-23 07:09:07.066683,6553,5403,3570,0
2026-08-23 07:09:07.066703,6442,5352,2633,0
2026-08-23 07:09:07.085132,6425,4753,2078,0
2026-08-23 07:09:07.085152,6366,4909,2624,0
2026-08-23 07:09:07.085172,6503,5049,2665,0
2026-08-23 07:09:07.085192,6515,5212,3204,0
2026-08-23 07:09:07.085212,6441,5225,2902,0
2026-08-23 07:09:07.085232,6523,5255,2878,0
2026-08-23 07:09:07.085252,6533,5338,3213,0
2026-08-23 07:09:07.085272,6417,5229,2200,0
2026-08-23 07:09:07.085292,6468,5319,2585,0
2026-08-23 07:09:07.085312,6502,5348,2692,0
2026-08-23 07:09:07.085332,6407,5284,1639,0
2026-08-23 07:09:07.085352,6449,5335,2960,0
2026-08-23 07:09:07.104238,6416,4707,1878,0
2026-08-23 07:09:07.104258,6459,4943,2875,0
2026-08-23 07:09:07.104278,6536,5095,2985,0
2026-08-23 07:09:07.104298,6395,4896,0,0
2026-08-23 07:09:07.104318,6410,5167,2656,0
2026-08-23 07:09:07.104338,6491,5214,2583,0
2026-08-23 07:09:07.104358,6513,5308,3007,0
2026-08-23 07:09:07.104378,6445,5338,3010,0
2026-08-23 07:09:07.104398,6527,5333,2915,0
2026-08-23 07:09:07.104418,6529,5358,3035,0
2026-08-23 07:09:07.104438,6395,5260,1591,0
2026-08-23 07:09:07.104458,6435,5348,2629,0
2026-08-23 07:09:07.125270,6401,4749,1831,0
2026-08-23 07:09:07.125290,6451,4929,2598,0
2026-08-23 07:09:07.125310,6491,5086,2682,0
2026-08-23 07:09:07.125330,6350,4974,587,0
2026-08-23 07:09:07.125350,6417,5244,3024,0
2026-08-23 07:09:07.125370,6527,5286,2890,0
2026-08-23 07:09:07.125390,6539,5365,3253,0
2026-08-23 07:09:07.125410,6440,5290,2590,0
2026-08-23 07:09:07.125430,6482,5302,2592,0
2026-08-23 07:09:07.125450,6511,5344,2722,0
2026-08-23 07:09:07.125470,6524,5269,221,0
2026-08-23 07:09:07.125490,6425,5376,2934,0
2026-08-23 07:09:07.125510,6534,5333,2944,0
2026-08-23 07:09:07.146194,6447,4746,2950,0
2026-08-23 07:09:07.146214,6534,4917,3455,0
2026-08-23 07:09:07.146234,6466,5009,2744,0
2026-08-23 07:09:07.146254,6506,5081,2584,0
2026-08-23 07:09:07.146274,6508,5196,2826,0
2026-08-23 07:09:07.146294,6389,5157,1375,0
2026-08-23 07:09:07.146314,6438,5272,2915,0
2026-08-23 07:09:07.146334,6518,5342,2936,0
2026-08-23 07:09:07.146354,6554,5398,3514,0
2026-08-23 07:09:07.146374,6426,5302,2660,0
2026-08-23 07:09:07.146394,6501,5330,2541,0
2026-08-23 07:09:07.146414,6505,5400,2956,0
2026-08-23 07:09:07.146434,6455,5343,3042,0
2026-08-23 07:09:07.167395,6437,4693,2451,0
2026-08-23 07:09:07.167415,6512,4862,2894,0
2026-08-23 07:09:07.167435,6529,5015,3081,0
2026-08-23 07:09:07.167455,6371,4912,669,0
2026-08-23 07:09:07.167475,6415,5164,2620,0
2026-08-23 07:09:07.167495,6502,5229,2862,0
2026-08-23 07:09:07.167516,6512,5299,3126,0
2026-08-23 07:09:07.167536,6448,5331,3038,0
2026-08-23 07:09:07.167555,6530,5356,2899,0
2026-08-23 07:09:07.167575,6537,5386,3137,0
2026-08-23 07:09:07.167595,6416,5308,2005,0
2026-08-23 07:09:07.167615,6459,5354,2630,0
2026-08-23 07:09:07.167635,6508,5334,2767,0
2026-08-23 07:09:07.188541,6450,4709,2755,0
2026-08-23 07:09:07.188561,6423,4807,2317,0
2026-08-23 07:09:07.188581,6490,5027,2965,0
2026-08-23 07:09:07.188601,6525,5085,2904,0
2026-08-23 07:09:07.188621,6546,5255,3420,0
2026-08-23 07:09:07.188641,6438,5202,2737,0
2026-08-23 07:09:07.188661,6512,5246,2585,0
2026-08-23 07:09:07.188681,6511,5294,2847,0
2026-08-23 07:09:07.188701,6373,5212,1110,0
2026-08-23 07:09:07.188721,6428,5339,2920,0
2026-08-23 07:09:07.188741,6520,5360,2912,0
2026-08-23 07:09:07.188761,6547,5422,3535,0
2026-08-23 07:09:07.188781,6442,5335,2648,0
2026-08-23 07:09:07.209677,6437,4710,2696,0
2026-08-23 07:09:07.209697,6502,4857,2607,0
2026-08-23 07:09:07.209718,6512,5049,3034,0
2026-08-23 07:09:07.209738,6438,5062,2716,0
2026-08-23 07:09:07.209758,6506,5220,2872,0
2026-08-23 07:09:07.209778,6527,5244,3113,0
2026-08-23 07:09:07.209798,6358,5095,715,0
2026-08-23 07:09:07.209818,6412,5274,2609,0
2026-08-23 07:09:07.209837,6498,5342,2639,0
2026-08-23 07:09:07.209857,6404,5141,0,0
2026-08-23 07:09:07.209877,6422,5379,3041,0
2026-08-23 07:09:07.209898,6534,5347,2896,0
2026-08-23 07:09:07.209918,6539,5381,3374,0
2026-08-23 07:09:07.230831,6447,4766,3204,0
2026-08-23 07:09:07.230851,6419,4843,2287,0
2026-08-23 07:09:07.230871,6474,4979,2591,0
2026-08-23 07:09:07.230891,6508,5086,2710,0
2026-08-23 07:09:07.230911,6390,5080,1350,0
2026-08-23 07:09:07.230931,6438,5241,2981,0
2026-08-23 07:09:07.230951,6524,5320,2911,0
2026-08-23 07:09:07.230971,6530,5372,3310,0
2026-08-23 07:09:07.230991,6433,5290,2683,0
2026-08-23 07:09:07.231011,6501,5339,2582,0
2026-08-23 07:09:07.231031,6505,5343,2732,0
2026-08-23 07:09:07.231051,6349,5187,325,0
2026-08-23 07:09:07.231071,6425,5328,2889,0
2026-08-23 07:09:07.251600,6439,4704,2910,0
2026-08-23 07:09:07.251620,6527,4893,3009,0
2026-08-23 07:09:07.251640,6315,4795,0,0
2026-08-23 07:09:07.251660,6396,5134,2708,0
2026-08-23 07:09:07.251680,6494,5178,2594,0
2026-08-23 07:09:07.251700,6510,5252,3001,0
2026-08-23 07:09:07.251720,6432,5245,2507,0
2026-08-23 07:09:07.251740,6498,5306,2881,0
2026-08-23 07:09:07.251760,6534,5342,3020,0
2026-08-23 07:09:07.251780,6313,5086,0,0
2026-08-23 07:09:07.251800,6407,5315,2649,0
2026-08-23 07:09:07.251820,6501,5366,2632,0
2026-08-23 07:09:07.251840,6390,5238,1106,0
2026-08-23 07:09:07.272811,6454,4773,2875,0
2026-08-23 07:09:07.272831,6439,4896,2706,0
2026-08-23 07:09:07.272851,6519,5058,2849,0
2026-08-23 07:09:07.272871,6535,5188,3088,0
2026-08-23 07:09:07.272892,6351,5021,475,0
2026-08-23 07:09:07.272912,6415,5219,2631,0
2026-08-23 07:09:07.272932,6487,5281,2614,0
2026-08-23 07:09:07.272952,6513,5327,3128,0
2026-08-23 07:09:07.272971,6450,5326,3020,0
2026-08-23 07:09:07.272991,6536,5342,2890,0
2026-08-23 07:09:07.273011,6537,5372,3127,0
2026-08-23 07:09:07.273031,6432,5302,2393,0
2026-08-23 07:09:07.273052,6491,5316,2534,0
2026-08-23 07:09:07.294111,6442,4702,2574,0
2026-08-23 07:09:07.294131,6493,4898,2778,0
2026-08-23 07:09:07.294151,6434,4974,2432,0
2026-08-23 07:09:07.294171,6482,5098,2948,0
2026-08-23 07:09:07.294191,6526,5219,2907,0
2026-08-23 07:09:07.294211,6546,5278,3445,0
2026-08-23 07:09:07.294231,6442,5280,2728,0
2026-08-23 07:09:07.294251,6504,5282,2585,0
2026-08-23 07:09:07.294271,6512,5359,2843,0
2026-08-23 07:09:07.294291,6388,5257,1454,0
2026-08-23 07:09:07.294311,6508,5341,2908,0
2026-08-23 07:09:07.294331,6529,5352,2961,0
2026-08-23 07:09:07.294351,6361,5202,858,0
2026-08-23 07:09:07.315253,6403,4588,1641,0
2026-08-23 07:09:07.315273,6438,4894,2639,0
2026-08-23 07:09:07.315293,6504,4988,2644,0
2026-08-23 07:09:07.315313,6520,5139,3152,0
2026-08-23 07:09:07.315333,6436,5209,2866,0
2026-08-23 07:09:07.315353,6525,5268,2874,0
2026-08-23 07:09:07.315373,6529,5315,3176,0
2026-08-23 07:09:07.315393,6403,5226,1886,0
2026-08-23 07:09:07.315413,6448,5330,2591,0
2026-08-23 07:09:07.315433,6500,5345,2694,0
2026-08-23 07:09:07.315453,6351,5202,320,0
2026-08-23 07:09:07.315473,6426,5314,2999,0
2026-08-23 07:09:07.315493,6543,5373,2930,0
2026-08-23 07:09:07.336239,6449,4734,2890,0
2026-08-23 07:09:07.336259,6546,4915,3459,0
2026-08-23 07:09:07.336279,6518,4998,2644,0
2026-08-23 07:09:07.336299,6502,5091,2572,0
2026-08-23 07:09:07.336319,6507,5184,2886,0
2026-08-23 07:09:07.336339,6430,5218,2816,0
2026-08-23 07:09:07.336359,6523,5307,2924,0
2026-08-23 07:09:07.336379,6519,5311,2965,0
2026-08-23 07:09:07.336399,6412,5098,0,0
2026-08-23 07:09:07.336419,6413,5341,2720,0
2026-08-23 07:09:07.336439,6498,5312,2583,0
2026-08-23 07:09:07.336459,6514,5346,2955,0
2026-08-23 07:09:07.336479,6444,5348,2804,0
2026-08-23 07:09:07.357402,6448,4746,2954,0
2026-08-23 07:09:07.357422,6525,4881,2903,0
2026-08-23 07:09:07.357442,6531,5058,3044,0
2026-08-23 07:09:07.357462,6355,4966,469,0
2026-08-23 07:09:07.357482,6411,5174,2688,0
2026-08-23 07:09:07.357502,6503,5260,2605,0
2026-08-23 07:09:07.357522,6516,5312,3007,0
2026-08-23 07:09:07.357542,6437,5265,2643,0
2026-08-23 07:09:07.357562,6495,5348,2875,0
2026-08-23 07:09:07.357582,6544,5361,3053,0
2026-08-23 07:09:07.357602,6349,5186,303,0
2026-08-23 07:09:07.357622,6411,5352,2606,0
2026-08-23 07:09:07.357642,6507,5373,2726,0
2026-08-23 07:09:07.377758,6444,4689,2702,0
2026-08-23 07:09:07.377778,6525,4746,0,0
2026-08-23 07:09:07.377798,6417,4995,2945,0
2026-08-23 07:09:07.377818,6527,5100,2872,0
2026-08-23 07:09:07.377838,6532,5241,3340,0
2026-08-23 07:09:07.377858,6433,5221,2527,0
2026-08-23 07:09:07.377878,6492,5256,2581,0
2026-08-23 07:09:07.377898,6502,5319,2792,0
2026-08-23 07:09:07.377918,6431,5289,2290,0
2026-08-23 07:09:07.377938,6483,5374,2956,0
2026-08-23 07:09:07.377958,6526,5349,2913,0
2026-08-23 07:09:07.377978,6547,5445,3496,0
2026-08-23 07:09:07.377998,6444,5280,2644,0
2026-08-23 07:09:07.398881,6300,4541,0,0
2026-08-23 07:09:07.398901,6401,4951,2627,0
2026-08-23 07:09:07.398921,6493,5061,2620,0
2026-08-23 07:09:07.398942,6509,5166,3113,0
2026-08-23 07:09:07.398962,6446,5211,3031,0
2026-08-23 07:09:07.398982,6525,5256,2881,0
2026-08-23 07:09:07.399002,6446,5308,3142,0
2026-08-23 07:09:07.399022,6407,5206,1864,0
2026-08-23 07:09:07.399041,6459,5311,2652,0
2026-08-23 07:09:07.399061,6498,5360,2638,0
2026-08-23 07:09:07.399081,6517,5378,3151,0
2026-08-23 07:09:07.399101,6436,5366,2854,0
2026-08-23 07:09:07.399122,6526,5306,2980,0
2026-08-23 07:09:07.420021,6450,4700,2915,0
2026-08-23 07:09:07.420041,6532,4898,3465,0
2026-08-23 07:09:07.420061,6440,4979,2726,0
2026-08-23 07:09:07.420081,6500,5089,2583,0
2026-08-23 07:09:07.420101,6513,5195,2853,0
2026-08-23 07:09:07.420121,6401,5172,1758,0
2026-08-23 07:09:07.420141,6452,5257,2910,0
2026-08-23 07:09:07.420161,6524,5294,2952,0
2026-08-23 07:09:07.420181,6544,5406,3562,0
2026-08-23 07:09:07.420201,6449,5323,2658,0
2026-08-23 07:09:07.420221,6496,5313,2524,0
2026-08-23 07:09:07.420241,6515,5361,3027,0
2026-08-23 07:09:07.420261,6451,5320,3033,0
2026-08-23 07:09:07.441061,6432,4706,2741,0
2026-08-23 07:09:07.441081,6507,4920,2879,0
2026-08-23 07:09:07.441101,6517,5013,3144,0
2026-08-23 07:09:07.441121,6394,5011,1466,0
2026-08-23 07:09:07.441141,6445,5151,2575,0
2026-08-23 07:09:07.441161,6515,5214,2651,0
2026-08-23 07:09:07.441181,6312,5016,0,0
2026-08-23 07:09:07.441201,6406,5337,3025,0
2026-08-23 07:09:07.441221,6526,5306,2864,0
2026-08-23 07:09:07.441241,6532,5400,3217,0
2026-08-23 07:09:07.441261,6423,5306,2435,0
2026-08-23 07:09:07.441281,6489,5331,2613,0
2026-08-23 07:09:07.441301,6505,5332,2776,0
2026-08-23 07:09:07.461912,6447,4702,2704,0
2026-08-23 07:09:07.461932,6402,4785,1672,0
2026-08-23 07:09:07.461952,6459,5056,2994,0
2026-08-23 07:09:07.461972,6518,5161,2889,0
2026-08-23 07:09:07.461992,6544,5227,3336,0
2026-08-23 07:09:07.462012,6441,5232,2692,0
2026-08-23 07:09:07.462032,6501,5248,2589,0
2026-08-23 07:09:07.462052,6506,5297,2737,0
2026-08-23 07:09:07.462072,6316,5102,0,0
2026-08-23 07:09:07.462092,6415,5360,2928,0
2026-08-23 07:09:07.462112,6518,5358,2894,0
2026-08-23 07:09:07.462132,6545,5416,3454,0
2026-08-23 07:09:07.462152,6445,5316,2661,0
2026-08-23 07:09:07.482915,6440,4704,2722,0
2026-08-23 07:09:07.482935,6519,4888,2627,0
2026-08-23 07:09:07.482955,6517,5053,2847,0
2026-08-23 07:09:07.482975,6390,4991,1575,0
2026-08-23 07:09:07.482995,6463,5189,2909,0
2026-08-23 07:09:07.483015,6523,5274,2940,0
2026-08-23 07:09:07.483035,6545,5337,3544,0
2026-08-23 07:09:07.483055,6434,5271,2658,0
2026-08-23 07:09:07.483075,6493,5334,2551,0
2026-08-23 07:09:07.483095,6517,5375,2936,0
2026-08-23 07:09:07.483115,6431,5362,2936,0
2026-08-23 07:09:07.483135,6518,5345,2885,0
2026-08-23 07:09:07.483155,6535,5380,3139,0
2026-08-23 07:09:07.504118,6452,4744,3048,0
2026-08-23 07:09:07.504138,6353,4695,529,0
2026-08-23 07:09:07.504158,6415,5013,2626,0
2026-08-23 07:09:07.504178,6505,5135,2629,0
2026-08-23 07:09:07.504198,6518,5210,3099,0
2026-08-23 07:09:07.504218,6450,5241,3046,0
2026-08-23 07:09:07.504238,6530,5301,2881,0
2026-08-23 07:09:07.504258,6531,5325,3137,0
2026-08-23 07:09:07.504278,6416,5246,2020,0
2026-08-23 07:09:07.504298,6469,5305,2648,0
2026-08-23 07:09:07.504318,6502,5361,2636,0
2026-08-23 07:09:07.504338,6516,5365,3221,0
2026-08-23 07:09:07.504358,6450,5349,2925,0
2026-08-23 07:09:07.525319,6445,4684,2988,0
2026-08-23 07:09:07.525339,6515,4868,2918,0
2026-08-23 07:09:07.525359,6544,5046,3433,0
2026-08-23 07:09:07.525379,6436,5050,2731,0
2026-08-23 07:09:07.525399,6513,5155,2588,0
2026-08-23 07:09:07.525419,6510,5263,2827,0
2026-08-23 07:09:07.525439,6376,5141,1184,0
2026-08-23 07:09:07.525459,6434,5297,2924,0
2026-08-23 07:09:07.525479,6522,5340,2928,0
2026-08-23 07:09:07.525499,6547,5378,3510,0
2026-08-23 07:09:07.525519,6410,5308,2646,0
2026-08-23 07:09:07.525539,6497,5326,2577,0
2026-08-23 07:09:07.525559,6517,5395,3143,0
2026-08-23 07:09:07.546454,6459,4721,3041,0
2026-08-23 07:09:07.546474,6442,4853,2802,0
2026-08-23 07:09:07.546494,6574,5002,2858,0
2026-08-23 07:09:07.546515,6526,5176,3151,0
2026-08-23 07:09:07.546535,6395,5094,1621,0
2026-08-23 07:09:07.546555,6445,5210,2609,0
2026-08-23 07:09:07.546575,6501,5285,2654,0
2026-08-23 07:09:07.546595,6325,5059,0,0
2026-08-23 07:09:07.546614,6419,5366,3027,0
2026-08-23 07:09:07.546634,6526,5337,2883,0
2026-08-23 07:09:07.546654,6536,5374,3162,0
2026-08-23 07:09:07.546674,6441,5313,2599,0
2026-08-23 07:09:07.546695,6506,5307,2584,0
2026-08-23 07:09:07.567504,6437,4716,2573,0
2026-08-23 07:09:07.567524,6500,4879,2773,0
2026-08-23 07:09:07.567544,6424,4974,2170,0
2026-08-23 07:09:07.567564,6474,5104,2970,0
2026-08-23 07:09:07.567585,6522,5224,2908,0
2026-08-23 07:09:07.567605,6542,5296,3392,0
2026-08-23 07:09:07.567625,6439,5236,2715,0
2026-08-23 07:09:07.567645,6495,5276,2588,0
2026-08-23 07:09:07.567664,6500,5321,2793,0
2026-08-23 07:09:07.567684,6362,5166,609,0
2026-08-23 07:09:07.567704,6411,5384,2930,0
2026-08-23 07:09:07.567724,6521,5393,2941,0
2026-08-23 07:09:07.567744,6317,5085,0,0
2026-08-23 07:09:07.588119,6329,4479,0,0
2026-08-23 07:09:07.588139,6410,4910,2717,0
2026-08-23 07:09:07.588159,6513,5011,2602,0
2026-08-23 07:09:07.588179,6512,5169,2920,0
2026-08-23 07:09:07.588199,6429,5145,2330,0
2026-08-23 07:09:07.588219,6485,5264,2890,0
2026-08-23 07:09:07.588239,6526,5305,2990,0
2026-08-23 07:09:07.588259,6298,4987,0,0
2026-08-23 07:09:07.588279,6415,5258,2651,0
2026-08-23 07:09:07.588299,6500,5311,2598,0
2026-08-23 07:09:07.588319,6514,5330,3005,0
2026-08-23 07:09:07.588339,6458,5355,3046,0
2026-08-23 07:09:07.588359,6537,5356,2883,0
2026-08-23 07:09:07.608981,6450,4758,2858,0
2026-08-23 07:09:07.609001,6520,4908,3022,0
2026-08-23 07:09:07.609021,6303,4781,0,0
2026-08-23 07:09:07.609041,6410,5067,2629,0
2026-08-23 07:09:07.609061,6490,5175,2614,0
2026-08-23 07:09:07.609081,6512,5247,3053,0
2026-08-23 07:09:07.609101,6457,5275,3035,0
2026-08-23 07:09:07.609121,6529,5356,2890,0
2026-08-23 07:09:07.609141,6526,5340,3037,0
2026-08-23 07:09:07.609161,6388,5238,1575,0
2026-08-23 07:09:07.609181,6443,5367,2658,0
2026-08-23 07:09:07.609201,6496,5347,2644,0
2026-08-23 07:09:07.609221,6527,5423,3236,0
2026-08-23 07:09:09.024363,6297,4422,0,0
2026-08-23 07:09:09.024383,6424,4854,3037,0
2026-08-23 07:09:09.024403,6510,4995,2871,0
2026-08-23 07:09:09.024423,6527,5127,3200,0
2026-08-23 07:09:09.024443,6429,5127,2469,0
2026-08-23 07:09:09.024463,6493,5244,2623,0
2026-08-23 07:09:09.024483,6504,5263,2674,0
2026-08-23 07:09:09.024503,6523,5344,3238,0
2026-08-23 07:09:09.024523,6446,5301,2918,0
2026-08-23 07:09:09.024543,6524,5359,2866,0
2026-08-23 07:09:09.024563,6590,5375,3277,0
2026-08-23 07:09:09.024583,6425,5293,2377,0
2026-08-23 07:09:09.024603,6478,5362,2591,0
2026-08-23 07:09:09.024623,6506,5346,2707,0
2026-08-23 07:09:09.024643,6406,5287,1916,0
2026-08-23 07:09:09.024663,6470,5426,2976,0
2026-08-23 07:09:09.024683,6527,5408,2898,0
2026-08-23 07:09:09.024703,6534,5446,3374,0
2026-08-23 07:09:09.024723,6439,5348,2714,0
2026-08-23 07:09:09.024743,6508,5331,2585,0
2026-08-23 07:09:09.024763,6512,5360,2775,0
2026-08-23 07:09:09.024783,6341,5183,178,0
2026-08-23 07:09:09.024803,6418,5374,2925,0
2026-08-23 07:09:09.024823,6523,5382,2903,0
2026-08-23 07:09:09.024843,6540,5431,3426,0
2026-08-23 07:09:09.024863,6441,5343,2625,0
2026-08-23 07:09:09.024883,6500,5387,2544,0
2026-08-23 07:09:09.024903,6506,5411,2845,0
2026-08-23 07:09:09.024923,6440,5371,2731,0
2026-08-23 07:09:09.024943,6521,5372,2927,0
2026-08-23 07:09:09.024963,6521,5411,2960,0
2026-08-23 07:09:09.024983,6556,5517,2432,0
2026-08-23 07:09:09.025003,6435,5345,2727,0
2026-08-23 07:09:09.025023,6495,5355,2519,0
2026-08-23 07:09:09.025043,6527,5357,2905,0
2026-08-23 07:09:09.025063,6406,5325,2113,0
2026-08-23 07:09:09.025083,6468,5368,2905,0
2026-08-23 07:09:09.025103,6526,5417,2972,0
2026-08-23 07:09:09.025123,6432,5291,0,0
2026-08-23 07:09:09.025143,6399,5366,2645,0
2026-08-23 07:09:09.025163,6493,5353,2590,0
2026-08-23 07:09:09.025183,6507,5415,3007,0
2026-08-23 07:09:09.025203,6428,5401,3009,0
2026-08-23 07:09:09.025223,6526,5382,2886,0
2026-08-23 07:09:09.025243,6537,5386,3048,0
2026-08-23 07:09:09.025263,6380,5241,1044,0
2026-08-23 07:09:09.025283,6429,5384,2673,0
2026-08-23 07:09:09.025303,6498,5392,2609,0
2026-08-23 07:09:09.025323,6517,5402,3034,0
2026-08-23 07:09:09.025343,6434,5392,2730,0
2026-08-23 07:09:09.025363,6508,5414,2691,0
2026-08-23 07:09:09.025383,6529,5431,3100,0
2026-08-23 07:09:09.025403,6371,5248,971,0
2026-08-23 07:09:09.025423,6418,5352,2621,0
2026-08-23 07:09:09.025443,6512,5362,2637,0
2026-08-23 07:09:09.025463,6362,5058,0,0
2026-08-23 07:09:09.025483,6417,5366,3044,0
2026-08-23 07:09:09.025503,6520,5382,2897,0
2026-08-23 07:09:09.025523,6530,5382,3160,0
2026-08-23 07:09:09.025543,6449,5308,2300,0
2026-08-23 07:09:09.025563,6475,5346,2650,0
2026-08-23 07:09:09.025583,6518,5389,2664,0
2026-08-23 07:09:09.025603,6534,5427,3193,0
2026-08-23 07:09:09.025623,6432,5364,2896,0
2026-08-23 07:09:09.025643,6523,5379,2859,0
2026-08-23 07:09:09.025663,6531,5435,3199,0
2026-08-23 07:09:09.025683,6413,5298,2132,0
2026-08-23 07:09:09.025703,6465,5378,2623,0
2026-08-23 07:09:09.025723,6513,5365,2697,0
2026-08-23 07:09:09.025743,6379,5243,1060,0
2026-08-23 07:09:09.025763,6435,5400,2994,0
2026-08-23 07:09:09.025783,6530,5399,2890,0
2026-08-23 07:09:09.025803,6538,5434,3276,0
2026-08-23 07:09:09.025823,6435,5340,2650,0
2026-08-23 07:09:09.025843,6496,5357,2582,0
2026-08-23 07:09:09.025863,6516,5384,2721,0
2026-08-23 07:09:09.025883,6304,5082,0,0
2026-08-23 07:09:09.025903,6419,5325,2929,0
2026-08-23 07:09:09.025923,6557,5352,2867,0
2026-08-23 07:09:09.025943,6536,5398,3036,0
2026-08-23 07:09:09.025963,6432,5309,2532,0
2026-08-23 07:09:09.025983,6494,5331,2606,0
2026-08-23 07:09:09.026003,6508,5365,2777,0
2026-08-23 07:09:09.026023,6421,5350,2298,0
2026-08-23 07:09:09.026043,6486,5409,2968,0
2026-08-23 07:09:09.026063,6530,5389,2914,0
2026-08-23 07:09:09.026083,6541,5423,3403,0
2026-08-23 07:09:09.026103,6433,5383,2729,0
2026-08-23 07:09:09.026123,6513,5394,2588,0
2026-08-23 07:09:09.026143,6516,5403,2832,0
2026-08-23 07:09:09.026163,6373,5274,1070,0
2026-08-23 07:09:09.026183,6434,5382,2909,0
2026-08-23 07:09:09.026203,6521,5390,2906,0
2026-08-23 07:09:09.026223,6537,5435,3482,0
2026-08-23 07:09:09.026243,6440,5344,2666,0
2026-08-23 07:09:09.026263,6500,5364,2583,0
2026-08-23 07:09:09.026283,6513,5421,2900,0
2026-08-23 07:09:09.026303,6442,5361,2848,0
2026-08-23 07:09:09.026323,6519,5411,2920,0
2026-08-23 07:09:09.026343,6530,5396,2955,0
2026-08-23 07:09:09.026363,6356,5076,0,0
2026-08-23 07:09:09.026383,6408,5315,2698,0
2026-08-23 07:09:09.026403,6499,5369,2592,0
2026-08-23 07:09:09.026423,6530,5395,2920,0
2026-08-23 07:09:09.026443,6425,5306,2269,0
2026-08-23 07:09:09.026463,6480,5400,2947,0
2026-08-23 07:09:09.026483,6532,5412,2999,0
2026-08-23 07:09:09.026503,6360,5015,0,0
2026-08-23 07:09:09.026523,6413,5256,2654,0
2026-08-23 07:09:09.026543,6502,5321,2606,0
2026-08-23 07:09:09.026563,6513,5362,2995,0
2026-08-23 07:09:09.026583,6449,5349,3008,0
2026-08-23 07:09:09.026603,6526,5318,2886,0
2026-08-23 07:09:09.026623,6529,5400,3083,0
2026-08-23 07:09:09.026643,6389,5231,1331,0
2026-08-23 07:09:09.026663,6426,5339,2665,0
2026-08-23 07:09:09.026683,6487,5380,2609,0
2026-08-23 07:09:09.026703,6517,5414,3058,0
2026-08-23 07:09:09.026723,6445,5355,2789,0
2026-08-23 07:09:09.026743,6512,5401,2866,0
2026-08-23 07:09:09.026763,6525,5409,3105,0
2026-08-23 07:09:09.026783,6390,5253,1414,0
2026-08-23 07:09:09.026803,6439,5355,2593,0
2026-08-23 07:09:09.026823,6506,5409,2654,0
2026-08-23 07:09:09.026843,6302,5180,0,0
2026-08-23 07:09:09.026863,6411,5418,3020,0
2026-08-23 07:09:09.026883,6521,5406,2806,0
2026-08-23 07:09:09.026903,6534,5435,3210,0
2026-08-23 07:09:09.026923,6462,5339,2457,0
2026-08-23 07:09:09.026943,6487,5339,2627,0
2026-08-23 07:09:09.026963,6495,5359,2706,0
2026-08-23 07:09:09.026983,6516,5398,3233,0
2026-08-23 07:09:09.027003,6445,5395,2922,0
2026-08-23 07:09:09.027023,6531,5370,2888,0
2026-08-23 07:09:09.027043,6524,5402,3256,0
2026-08-23 07:09:09.027063,6427,5411,2358,0
2026-08-23 07:09:09.027083,6481,5383,2573,0
2026-08-23 07:09:09.027103,6504,5361,2737,0
2026-08-23 07:09:09.027123,6406,5321,1788,0
2026-08-23 07:09:09.027143,6469,5390,2977,0
2026-08-23 07:09:09.027163,6528,5415,2900,0
2026-08-23 07:09:09.027183,6542,5404,3352,0
2026-08-23 07:09:09.027203,6439,5344,2702,0
2026-08-23 07:09:09.027223,6500,5389,2586,0
2026-08-23 07:09:09.027243,6513,5406,2765,0
2026-08-23 07:09:09.027263,6316,5155,0,0
2026-08-23 07:09:09.027283,6417,5378,2918,0
2026-08-23 07:09:09.027303,6519,5374,2890,0
2026-08-23 07:09:09.027323,6537,5421,3394,0
2026-08-23 07:09:09.027343,6435,5346,2618,0
2026-08-23 07:09:09.027363,6496,5380,2536,0
2026-08-23 07:09:09.027383,6503,5408,2833,0
2026-08-23 07:09:09.027403,6435,5374,2639,0
2026-08-23 07:09:09.027423,6500,5372,2949,0
2026-08-23 07:09:09.027443,6529,5416,2957,0
2026-08-23 07:09:09.027463,6540,5454,3502,0
2026-08-23 07:09:09.027483,6444,5384,2726,0
2026-08-23 07:09:09.027503,6506,5338,2574,0
2026-08-23 07:09:09.027523,6514,5406,2879,0
2026-08-23 07:09:09.027543,6408,5310,1800,0
2026-08-23 07:09:09.027563,6455,5410,2909,0
2026-08-23 07:09:09.027583,6524,5420,2952,0
2026-08-23 07:09:09.027603,6555,5432,3560,0
2026-08-23 07:09:09.027623,6441,5372,2639,0
2026-08-23 07:09:09.027643,6505,5347,2590,0
2026-08-23 07:09:09.027663,6510,5412,2932,0
2026-08-23 07:09:09.027683,6436,5399,2954,0
2026-08-23 07:09:09.027703,6524,5413,2911,0
2026-08-23 07:09:09.027723,6535,5391,2988,0
2026-08-23 07:09:09.027743,6310,5144,0,0
2026-08-23 07:09:09.027763,6408,5360,2705,0
2026-08-23 07:09:09.027783,6497,5397,2601,0
2026-08-23 07:09:09.027803,6508,5428,2954,0
2026-08-23 07:09:09.027823,6425,5316,2468,0
2026-08-23 07:09:09.027843,6497,5381,2845,0
2026-08-23 07:09:09.027863,6533,5390,3016,0
2026-08-23 07:09:09.027883,6291,5098,0,0
2026-08-23 07:09:09.027903,6413,5370,2634,0
2026-08-23 07:09:09.027923,6492,5373,2604,0
2026-08-23 07:09:09.027943,6516,5413,3048,0
2026-08-23 07:09:09.027963,6462,5390,3038,0
2026-08-23 07:09:09.027983,6530,5348,2890,0
2026-08-23 07:09:09.028003,6530,5418,3053,0
2026-08-23 07:09:09.028023,6392,5293,1594,0
2026-08-23 07:09:09.028043,6440,5344,2642,0
2026-08-23 07:09:09.028063,6507,5358,2628,0
2026-08-23 07:09:09.028083,6503,5431,3097,0
2026-08-23 07:09:09.028103,6440,5347,2798,0
2026-08-23 07:09:09.028123,6518,5361,2863,0
2026-08-23 07:09:09.028143,6531,5401,3125,0
2026-08-23 07:09:09.028163,6381,5303,1255,0
2026-08-23 07:09:09.028183,6431,5392,2613,0
2026-08-23 07:09:09.028203,6506,5370,2656,0
2026-08-23 07:09:09.028223,6324,5159,0,0
2026-08-23 07:09:09.028243,6417,5412,3014,0
2026-08-23 07:09:09.028263,6523,5388,2877,0
2026-08-23 07:09:09.028283,6536,5410,3206,0
2026-08-23 07:09:09.028303,6435,5331,2433,0
2026-08-23 07:09:09.028323,6483,5380,2614,0
2026-08-23 07:09:09.028343,6502,5406,2672,0
2026-08-23 07:09:09.028363,6516,5442,3232,0
2026-08-23 07:09:09.028383,6442,5376,2917,0
2026-08-23 07:09:09.028403,6519,5402,2865,0
2026-08-23 07:09:09.028423,6529,5448,3246,0
2026-08-23 07:09:09.028443,6422,5346,2323,0
2026-08-23 07:09:09.028463,6479,5379,2533,0
2026-08-23 07:09:09.028483,6504,5365,2665,0
2026-08-23 07:09:09.028503,6398,5280,1522,0
2026-08-23 07:09:09.028523,6448,5379,2988,0
2026-08-23 07:09:09.028543,6531,5396,2892,0
2026-08-23 07:09:09.028563,6540,5432,3309,0
2026-08-23 07:09:09.028583,6435,5352,2636,0
2026-08-23 07:09:09.028603,6506,5374,2593,0
2026-08-23 07:09:09.028623,6510,5426,2754,0
2026-08-23 07:09:09.028643,6316,5165,0,0
2026-08-23 07:09:09.028663,6404,5408,2921,0
2026-08-23 07:09:09.028683,6520,5413,2904,0
2026-08-23 07:09:09.028703,6541,5451,3396,0
2026-08-23 07:09:09.028723,6434,5344,2617,0
2026-08-23 07:09:09.028743,6496,5329,2573,0
2026-08-23 07:09:09.028763,6507,5405,2828,0
2026-08-23 07:09:09.028783,6436,5342,2605,0
2026-08-23 07:09:09.028803,6507,5420,2928,0
2026-08-23 07:09:09.028823,6520,5427,2941,0
2026-08-23 07:09:09.028843,6545,5459,3473,0
2026-08-23 07:09:09.028863,6445,5349,2736,0
2026-08-23 07:09:09.028883,6503,5383,2581,0
2026-08-23 07:09:09.028903,6497,5410,2834,0
2026-08-23 07:09:09.028923,6383,5312,1394,0
2026-08-23 07:09:09.028943,6439,5379,2924,0
2026-08-23 07:09:09.028963,6522,5414,2937,0
2026-08-23 07:09:09.028983,6546,5426,3505,0
2026-08-23 07:09:09.029003,6450,5375,2667,0
2026-08-23 07:09:09.029023,6495,5381,2572,0
2026-08-23 07:09:09.029043,6509,5411,2900,0
2026-08-23 07:09:09.029063,6448,5389,2860,0
2026-08-23 07:09:09.029083,6511,5403,2928,0
2026-08-23 07:09:09.029103,6538,5417,2973,0
2026-08-23 07:09:09.029123,6283,5067,0,0
2026-08-23 07:09:09.029143,6410,5323,2733,0
2026-08-23 07:09:09.029163,6430,5374,2595,0
2026-08-23 07:09:09.029183,6506,5397,2925,0
2026-08-23 07:09:09.029203,6425,5337,2254,0
2026-08-23 07:09:09.029223,6476,5404,2882,0
2026-08-23 07:09:09.029243,6521,5418,2980,0
2026-08-23 07:09:09.029263,6385,5050,0,0
2026-08-23 07:09:09.029283,6410,5275,2639,0
2026-08-23 07:09:09.029303,6497,5292,2591,0
2026-08-23 07:09:09.029323,6513,5393,3015,0
2026-08-23 07:09:09.029343,6449,5344,3018,0
2026-08-23 07:09:09.029363,6519,5393,2889,0
2026-08-23 07:09:09.029383,6524,5438,3046,0
2026-08-23 07:09:09.029403,6372,5244,1037,0
2026-08-23 07:09:09.029423,6422,5391,2584,0
2026-08-23 07:09:09.029443,6495,5394,2612,0
2026-08-23 07:09:09.029463,6511,5431,3025,0
2026-08-23 07:09:09.029483,6434,5353,2758,0
2026-08-23 07:09:09.029503,6503,5410,2873,0
2026-08-23 07:09:09.029523,6527,5427,3089,0
2026-08-23 07:09:09.029543,6371,5215,845,0
2026-08-23 07:09:09.029563,6418,5383,2615,0
2026-08-23 07:09:09.029583,6498,5358,2637,0
2026-08-23 07:09:09.029603,6377,5058,0,0
2026-08-23 07:09:09.029623,6412,5350,3046,0
2026-08-23 07:09:09.029643,6523,5353,2881,0
2026-08-23 07:09:09.029663,6532,5384,3160,0
2026-08-23 07:09:09.029683,6430,5311,2265,0
2026-08-23 07:09:09.029703,6467,5380,2625,0
2026-08-23 07:09:09.029723,6501,5364,2656,0
2026-08-23 07:09:09.029743,6517,5391,3202,0
2026-08-23 07:09:09.029763,6442,5381,2880,0
2026-08-23 07:09:09.029783,6507,5386,2865,0
2026-08-23 07:09:09.029803,6533,5394,3210,0
2026-08-23 07:09:09.029823,6402,5326,2153,0
2026-08-23 07:09:09.029843,6461,5347,2593,0
2026-08-23 07:09:09.029863,6502,5359,2702,0
2026-08-23 07:09:09.029883,6375,5232,912,0
2026-08-23 07:09:09.029903,6433,5420,3012,0
2026-08-23 07:09:09.029923,6528,5360,2878,0
2026-08-23 07:09:09.029943,6522,5437,3283,0
2026-08-23 07:09:09.029963,6436,5370,2651,0
2026-08-23 07:09:09.029983,6491,5376,2608,0
2026-08-23 07:09:09.030003,6500,5391,2728,0
2026-08-23 07:09:09.030023,6293,5095,0,0
2026-08-23 07:09:09.030043,6415,5365,2927,0
2026-08-23 07:09:09.030063,6521,5362,2865,0
2026-08-23 07:09:09.030083,6536,5408,3354,0
2026-08-23 07:09:09.030103,6435,5374,2579,0
2026-08-23 07:09:09.030123,6497,5384,2538,0
2026-08-23 07:09:09.030143,6508,5378,2792,0
2026-08-23 07:09:09.030163,6420,5382,2383,0
2026-08-23 07:09:09.030183,6495,5370,2947,0
2026-08-23 07:09:09.030203,6529,5431,2926,0
2026-08-23 07:09:09.030223,6539,5458,3454,0
2026-08-23 07:09:09.030243,6441,5374,2736,0
2026-08-23 07:09:09.030263,6503,5385,2578,0
2026-08-23 07:09:09.030283,6507,5377,2829,0
2026-08-23 07:09:09.030303,6390,5302,1472,0
2026-08-23 07:09:09.030323,6434,5404,2905,0
2026-08-23 07:09:09.030343,6518,5421,2915,0
2026-08-23 07:09:09.030363,6561,5422,3530,0
2026-08-23 07:09:09.030383,6434,5374,2656,0
2026-08-23 07:09:09.030403,6491,5350,2538,0
2026-08-23 07:09:09.030423,6506,5374,2913,0
2026-08-23 07:09:09.030443,6440,5369,2922,0
2026-08-23 07:09:09.030463,6519,5413,2869,0
2026-08-23 07:09:09.030483,6520,5424,3004,0
2026-08-23 07:09:09.030503,6318,5165,0,0
2026-08-23 07:09:09.030523,6414,5392,2699,0
2026-08-23 07:09:09.030543,6501,5393,2593,0
2026-08-23 07:09:09.030563,6517,5400,2980,0
2026-08-23 07:09:09.030583,6436,5347,2547,0
2026-08-23 07:09:09.030603,6497,5372,2863,0
2026-08-23 07:09:09.030623,6524,5459,3034,0
2026-08-23 07:09:09.030643,6327,5162,0,0
2026-08-23 07:09:09.030663,6411,5359,2622,0
2026-08-23 07:09:09.030683,6518,5372,2617,0
2026-08-23 07:09:09.030703,6515,5385,3112,0
2026-08-23 07:09:09.030723,6455,5379,3033,0
2026-08-23 07:09:09.030743,6524,5427,2891,0
2026-08-23 07:09:09.030763,6531,5405,3117,0
2026-08-23 07:09:09.030783,6412,5332,1943,0
2026-08-23 07:09:09.030803,6457,5391,2651,0
2026-08-23 07:09:09.030823,6501,5399,2639,0
2026-08-23 07:09:09.030843,6519,5436,3131,0
2026-08-23 07:09:09.030863,6446,5359,2852,0
2026-08-23 07:09:09.030883,6514,5380,2861,0
2026-08-23 07:09:09.030903,6532,5402,3130,0
2026-08-23 07:09:09.030923,6398,5321,1834,0
2026-08-23 07:09:09.030943,6451,5356,2594,0
2026-08-23 07:09:09.030963,6497,5385,2681,0
2026-08-23 07:09:09.030983,6319,5242,164,0
2026-08-23 07:09:09.031003,6425,5437,2994,0
2026-08-23 07:09:09.031023,6529,5423,2880,0
2026-08-23 07:09:09.031043,6518,5449,3247,0
2026-08-23 07:09:09.031063,6422,5345,2524,0
2026-08-23 07:09:09.031083,6486,5397,2609,0
2026-08-23 07:09:09.031103,6509,5394,2696,0
2026-08-23 07:09:09.031123,6530,5450,3282,0
2026-08-23 07:09:09.031143,6433,5368,2911,0
2026-08-23 07:09:09.031163,6526,5373,2901,0
2026-08-23 07:09:09.031183,6536,5454,3279,0
2026-08-23 07:09:09.031203,6430,5330,2418,0
2026-08-23 07:09:09.031223,6568,5359,2577,0
2026-08-23 07:09:09.031243,6501,5375,2747,0
2026-08-23 07:09:09.031263,6415,5302,1897,0
2026-08-23 07:09:09.031283,6463,5423,2978,0
2026-08-23 07:09:09.031303,6529,5420,2899,0
2026-08-23 07:09:09.031323,6535,5455,3358,0
2026-08-23 07:09:09.031343,6451,5386,2721,0
2026-08-23 07:09:09.031363,6500,5386,2576,0
2026-08-23 07:09:09.031383,6513,5418,2754,0
2026-08-23 07:09:09.031403,6326,5174,47,0
2026-08-23 07:09:09.031423,6418,5370,2930,0
2026-08-23 07:09:09.031443,6503,5408,2921,0
2026-08-23 07:09:09.031463,6544,5451,3372,0
2026-08-23 07:09:09.031483,6443,5376,2605,0
2026-08-23 07:09:09.031503,6506,5387,2535,0
2026-08-23 07:09:09.031523,6510,5393,2833,0
2026-08-23 07:09:09.031543,6434,5348,2665,0
2026-08-23 07:09:09.031563,6502,5416,2934,0
2026-08-23 07:09:09.031583,6529,5418,2947,0
2026-08-23 07:09:09.031603,6531,5412,3516,0
2026-08-23 07:09:09.031623,6440,5372,2720,0
2026-08-23 07:09:09.031643,6508,5382,2585,0
2026-08-23 07:09:09.031663,6500,5377,2879,0
2026-08-23 07:09:09.031683,6408,5302,1866,0
2026-08-23 07:09:09.031703,6455,5405,2891,0
2026-08-23 07:09:09.031723,6520,5426,2907,0
2026-08-23 07:09:09.031743,6542,5474,3611,0
2026-08-23 07:09:09.031763,6447,5372,2653,0
2026-08-23 07:09:09.031783,6491,5366,2593,0
2026-08-23 07:09:09.031803,6514,5381,2953,0
2026-08-23 07:09:09.031823,6446,5402,2975,0
2026-08-23 07:09:09.031843,6522,5406,2903,0
2026-08-23 07:09:09.031863,6533,5411,2989,0
2026-08-23 07:09:09.031883,6358,5193,268,0
2026-08-23 07:09:09.031903,6416,5380,2678,0
2026-08-23 07:09:09.031923,6493,5398,2634,0
2026-08-23 07:09:09.031943,6507,5425,3001,0
2026-08-23 07:09:09.031963,6437,5354,2630,0
2026-08-23 07:09:09.031983,6500,5409,2884,0
2026-08-23 07:09:09.032003,6531,5397,3043,0
2026-08-23 07:09:09.032023,6339,5185,161,0
2026-08-23 07:09:09.032043,6416,5352,2642,0
2026-08-23 07:09:09.032063,6502,5364,2632,0
2026-08-23 07:09:09.032083,6514,5412,3118,0
2026-08-23 07:09:09.032103,6451,5382,3041,0
2026-08-23 07:09:09.032123,6532,5381,2890,0
2026-08-23 07:09:09.032143,6534,5424,3143,0
2026-08-23 07:09:09.032163,6415,5335,2123,0
2026-08-23 07:09:09.032183,6452,5359,2641,0
2026-08-23 07:09:09.032203,6507,5398,2595,0
2026-08-23 07:09:09.032223,6515,5411,3157,0
2026-08-23 07:09:09.032243,6442,5364,2853,0
2026-08-23 07:09:09.032263,6517,5378,2871,0
2026-08-23 07:09:09.032283,6533,5438,3126,0
2026-08-23 07:09:09.032303,6401,5298,1774,0
2026-08-23 07:09:09.032323,6453,5369,2540,0
2026-08-23 07:09:09.032343,6514,5389,2664,0
2026-08-23 07:09:09.032363,6329,5179,70,0
2026-08-23 07:09:09.032383,6406,5389,3009,0
2026-08-23 07:09:09.032403,6528,5423,2890,0
2026-08-23 07:09:09.032423,6535,5417,3245,0
2026-08-23 07:09:09.032443,6436,5355,2532,0
2026-08-23 07:09:09.032463,6475,5363,2544,0
2026-08-23 07:09:09.032483,6507,5378,2692,0
2026-08-23 07:09:09.032503,6526,5445,3268,0
2026-08-23 07:09:09.032523,6444,5393,2930,0
2026-08-23 07:09:09.032543,6523,5406,2876,0
2026-08-23 07:09:09.032563,6530,5441,3282,0
2026-08-23 07:09:09.032583,6430,5331,2415,0
2026-08-23 07:09:09.032603,6490,5348,2441,0
2026-08-23 07:09:09.032623,6506,5424,2761,0
2026-08-23 07:09:09.032643,6420,5334,1841,0
2026-08-23 07:09:09.032663,6474,5387,2982,0
2026-08-23 07:09:09.032683,6517,5433,2903,0
2026-08-23 07:09:09.032703,6535,5451,3401,0
2026-08-23 07:09:09.032723,6432,5363,2696,0
2026-08-23 07:09:09.032743,6501,5381,2596,0
2026-08-23 07:09:09.032763,6495,5365,2765,0
2026-08-23 07:09:09.032783,6325,5204,0,0
2026-08-23 07:09:09.032803,6420,5377,2936,0
2026-08-23 07:09:09.032823,6553,5415,2898,0
2026-08-23 07:09:09.032843,6540,5448,3566,0
2026-08-23 07:09:09.032863,6428,5379,2604,0
2026-08-23 07:09:09.032883,6490,5378,2571,0
2026-08-23 07:09:09.032903,6503,5393,2831,0
2026-08-23 07:09:09.032923,6437,5371,2612,0
2026-08-23 07:09:09.032943,6504,5375,2947,0
2026-08-23 07:09:09.032963,6535,5388,2940,0
2026-08-23 07:09:09.032983,6548,5417,3442,0
2026-08-23 07:09:09.033003,6428,5350,2731,0
2026-08-23 07:09:09.033023,6511,5354,2580,0
2026-08-23 07:09:09.033043,6521,5412,2845,0
2026-08-23 07:09:09.033063,6392,5293,1436,0
2026-08-23 07:09:09.033083,6450,5368,2899,0
2026-08-23 07:09:09.033103,6527,5414,2937,0
2026-08-23 07:09:09.033123,6547,5452,3521,0
2026-08-23 07:09:09.033143,6438,5342,2654,0
2026-08-23 07:09:09.033163,6493,5387,2582,0
2026-08-23 07:09:09.033183,6506,5401,2931,0
2026-08-23 07:09:09.033203,6448,5364,2906,0
2026-08-23 07:09:09.033223,6511,5388,2924,0
2026-08-23 07:09:09.033243,6532,5389,2982,0
2026-08-23 07:09:09.033263,6283,5088,0,0
2026-08-23 07:09:09.033283,6414,5331,2716,0
2026-08-23 07:09:09.033303,6492,5366,2578,0
2026-08-23 07:09:09.033323,6515,5372,2935,0
2026-08-23 07:09:09.033343,6423,5359,2317,0
2026-08-23 07:09:09.033363,6485,5408,2884,0
2026-08-23 07:09:09.033383,6529,5463,2986,0
2026-08-23 07:09:09.033403,6324,5015,0,0
2026-08-23 07:09:09.033423,6412,5273,2644,0
2026-08-23 07:09:09.033443,6490,5337,2576,0
2026-08-23 07:09:09.033463,6507,5378,3009,0
2026-08-23 07:09:09.033483,6448,5342,3026,0
2026-08-23 07:09:09.033503,6523,5359,2914,0
2026-08-23 07:09:09.033523,6536,5398,3049,0
2026-08-23 07:09:09.033543,6380,5254,1118,0
2026-08-23 07:09:09.033563,6426,5386,2684,0
2026-08-23 07:09:09.033583,6506,5352,2599,0
2026-08-23 07:09:09.033603,6512,5418,3034,0
2026-08-23 07:09:09.033623,6445,5410,2741,0
2026-08-23 07:09:09.033643,6510,5389,2862,0
2026-08-23 07:09:09.033663,6534,5406,3089,0
2026-08-23 07:09:09.033683,6373,5240,865,0
2026-08-23 07:09:09.033703,6413,5396,2630,0
2026-08-23 07:09:09.033723,6489,5366,2629,0
2026-08-23 07:09:09.033743,6379,5174,0,0
2026-08-23 07:09:09.033763,6422,5408,3038,0
2026-08-23 07:09:09.033783,6519,5418,2879,0
2026-08-23 07:09:09.033803,6530,5428,3139,0
2026-08-23 07:09:09.033823,6424,5353,2277,0
2026-08-23 07:09:09.033843,6476,5377,2619,0
2026-08-23 07:09:09.033863,6509,5403,2650,0
2026-08-23 07:09:09.033883,6521,5410,3199,0
2026-08-23 07:09:09.033903,6446,5383,2892,0
2026-08-23 07:09:09.033923,6506,5359,2867,0
2026-08-23 07:09:09.033943,6534,5403,3231,0
2026-08-23 07:09:09.033963,6410,5312,2205,0
2026-08-23 07:09:09.033983,6474,5353,2583,0
2026-08-23 07:09:09.034003,6493,5362,2718,0
2026-08-23 07:09:09.034023,6394,5272,1367,0
2026-08-23 07:09:09.034043,6440,5418,2990,0
2026-08-23 07:09:09.034063,6500,5395,2899,0
2026-08-23 07:09:09.034083,6529,5447,3311,0
2026-08-23 07:09:09.034103,6441,5362,2662,0
2026-08-23 07:09:09.034123,6500,5349,2596,0
2026-08-23 07:09:09.034143,6505,5398,2732,0
2026-08-23 07:09:09.034163,6289,5102,0,0
2026-08-23 07:09:09.034183,6414,5401,2927,0
2026-08-23 07:09:09.034203,6506,5380,2898,0
2026-08-23 07:09:09.034223,6538,5417,3388,0
2026-08-23 07:09:09.034243,6429,5371,2586,0
2026-08-23 07:09:09.034263,6491,5376,2581,0
2026-08-23 07:09:09.034283,6505,5359,2811,0
2026-08-23 07:09:09.034303,6430,5368,2506,0
2026-08-23 07:09:09.034323,6503,5420,2961,0
2026-08-23 07:09:09.034343,6522,5414,2952,0
2026-08-23 07:09:09.034363,6538,5444,3456,0
2026-08-23 07:09:09.034383,6433,5368,2719,0
2026-08-23 07:09:09.034403,6501,5383,2586,0
2026-08-23 07:09:09.034423,6502,5422,2837,0
2026-08-23 07:09:09.034443,6395,5265,1595,0
2026-08-23 07:09:09.034463,6448,5408,2916,0
2026-08-23 07:09:09.034483,6517,5416,2936,0
2026-08-23 07:09:09.034503,6546,5423,3533,0
2026-08-23 07:09:09.034523,6435,5368,2654,0
2026-08-23 07:09:09.034543,6502,5368,2584,0
2026-08-23 07:09:09.034563,6511,5415,2929,0
2026-08-23 07:09:09.034583,6437,5378,2927,0
2026-08-23 07:09:09.034603,6526,5370,2922,0
2026-08-23 07:09:09.034623,6528,5386,2977,0
2026-08-23 07:09:09.034643,6317,5186,0,0
2026-08-23 07:09:09.034663,6404,5389,2689,0
2026-08-23 07:09:09.034683,6501,5359,2591,0
2026-08-23 07:09:09.034703,6507,5398,2966,0
2026-08-23 07:09:09.034723,6425,5347,2473,0
2026-08-23 07:09:09.034743,6496,5370,2933,0
2026-08-23 07:09:09.034763,6531,5398,3016,0
2026-08-23 07:09:09.034783,6304,5155,0,0
2026-08-23 07:09:09.034803,6403,5335,2648,0
2026-08-23 07:09:09.034823,6497,5347,2603,0
2026-08-23 07:09:09.034843,6510,5425,2883,0
2026-08-23 07:09:09.034863,6444,5410,2987,0
2026-08-23 07:09:09.034883,6531,5373,2883,0
2026-08-23 07:09:09.034903,6527,5427,3085,0
2026-08-23 07:09:09.034923,6396,5271,1511,0
2026-08-23 07:09:09.034943,6438,5381,2668,0
2026-08-23 07:09:09.034963,6509,5436,2611,0
2026-08-23 07:09:09.034983,6529,5433,3041,0
2026-08-23 07:09:09.035003,6439,5382,2783,0
2026-08-23 07:09:09.035023,6496,5378,2883,0
2026-08-23 07:09:09.035043,6527,5412,3112,0
2026-08-23 07:09:09.035063,6376,5242,1159,0
2026-08-23 07:09:09.035083,6420,5348,2612,0
2026-08-23 07:09:09.035103,6502,5390,2644,0
2026-08-23 07:09:09.035123,6356,5104,0,0
2026-08-23 07:09:09.035143,6421,5362,3083,0
2026-08-23 07:09:09.035163,6522,5350,2884,0
2026-08-23 07:09:09.035183,6529,5398,3151,0
2026-08-23 07:09:09.035203,6422,5325,2276,0
2026-08-23 07:09:09.035223,6474,5353,2644,0
2026-08-23 07:09:09.035243,6506,5358,2851,0
2026-08-23 07:09:09.035263,6533,5441,3187,0
2026-08-23 07:09:09.035283,6447,5398,2895,0
2026-08-23 07:09:09.035303,6520,5382,2865,0
2026-08-23 07:09:09.035323,6529,5397,3203,0
2026-08-23 07:09:09.035343,6412,5338,2086,0
2026-08-23 07:09:09.035363,6466,5350,2584,0
2026-08-23 07:09:09.035383,6500,5393,2946,0
2026-08-23 07:09:09.035403,6369,5229,735,0
2026-08-23 07:09:09.035423,6433,5422,3015,0
2026-08-23 07:09:09.035443,6525,5387,2881,0
2026-08-23 07:09:09.035463,6548,5448,3288,0
2026-08-23 07:09:09.035483,6435,5368,2623,0
2026-08-23 07:09:09.035503,6503,5361,2623,0
2026-08-23 07:09:09.035523,6508,5376,2736,0
2026-08-23 07:09:09.035543,6410,5184,0,0
2026-08-23 07:09:09.035563,6418,5405,2921,0
2026-08-23 07:09:09.035583,6515,5387,2880,0
2026-08-23 07:09:09.035603,6529,5450,3331,0
2026-08-23 07:09:09.035623,6427,5312,2523,0
2026-08-23 07:09:09.035643,6492,5344,2638,0
2026-08-23 07:09:09.035663,6504,5396,2768,0
2026-08-23 07:09:09.035683,6428,5319,2198,0
2026-08-23 07:09:09.035703,6484,5368,2970,0
2026-08-23 07:09:09.035723,6538,5400,2902,0
2026-08-23 07:09:09.035743,6538,5410,3381,0
2026-08-23 07:09:09.035763,6436,5343,2713,0
2026-08-23 07:09:09.035783,6503,5359,2591,0
2026-08-23 07:09:09.035803,6501,5364,2762,0
2026-08-23 07:09:09.035823,6345,5238,545,0
2026-08-23 07:09:09.035843,6414,5379,2919,0
2026-08-23 07:09:09.035863,6527,5411,2902,0
2026-08-23 07:09:09.035883,6535,5459,3442,0
2026-08-23 07:09:09.035903,6433,5361,2635,0
2026-08-23 07:09:09.035923,6494,5367,2551,0
2026-08-23 07:09:09.035943,6511,5381,2856,0
2026-08-23 07:09:09.035963,6441,5399,2789,0
2026-08-23 07:09:09.035983,6508,5419,2923,0
2026-08-23 07:09:09.036003,6528,5416,2958,0
2026-08-23 07:09:09.036023,6446,5304,0,0
2026-08-23 07:09:09.036043,6409,5372,2721,0
2026-08-23 07:09:09.036063,6499,5344,2601,0
2026-08-23 07:09:09.036083,6484,5409,2882,0
2026-08-23 07:09:09.036103,6415,5304,2065,0
2026-08-23 07:09:09.036123,6459,5414,2878,0
2026-08-23 07:09:09.036143,6530,5374,2956,0
2026-08-23 07:09:09.036163,6572,5551,1855,0
2026-08-23 07:09:09.036183,6361,5307,2650,0
2026-08-23 07:09:09.036203,6498,5332,2466,0
2026-08-23 07:09:09.036223,6509,5371,2977,0
2026-08-23 07:09:09.036243,6448,5412,2993,0
2026-08-23 07:09:09.036263,6529,5374,2899,0
2026-08-23 07:09:09.036283,6530,5388,3027,0
2026-08-23 07:09:09.036303,6338,5261,740,0
2026-08-23 07:09:09.036323,6416,5389,2625,0
2026-08-23 07:09:09.036343,6553,5397,2611,0
2026-08-23 07:09:09.036363,6513,5430,3009,0
2026-08-23 07:09:09.036383,6437,5383,2691,0
2026-08-23 07:09:09.036403,6511,5373,2870,0
2026-08-23 07:09:09.036423,6530,5389,3056,0
2026-08-23 07:09:09.036443,6361,5221,651,0
2026-08-23 07:09:09.036463,6410,5392,2623,0
2026-08-23 07:09:09.036483,6502,5365,2624,0
2026-08-23 07:09:09.036503,6519,5292,244,0
2026-08-23 07:09:09.036523,6419,5414,3031,0
2026-08-23 07:09:09.036543,6522,5387,2883,0
2026-08-23 07:09:09.036563,6526,5439,3170,0
2026-08-23 07:09:09.036583,6418,5319,2196,0
2026-08-23 07:09:09.036603,6474,5364,2630,0
2026-08-23 07:09:09.036623,6501,5393,2645,0
2026-08-23 07:09:09.036643,6518,5431,3188,0
2026-08-23 07:09:09.036663,6437,5386,3110,0
2026-08-23 07:09:09.036683,6521,5404,2864,0
2026-08-23 07:09:09.036703,6534,5398,3160,0
2026-08-23 07:09:09.036723,6416,5336,2138,0
2026-08-23 07:09:09.036743,6466,5374,2589,0
2026-08-23 07:09:09.036763,6500,5361,2699,0
2026-08-23 07:09:09.036783,6379,5253,1093,0
2026-08-23 07:09:09.036803,6426,5416,2995,0
2026-08-23 07:09:09.036823,6526,5385,2832,0
2026-08-23 07:09:09.036843,6543,5420,3295,0
2026-08-23 07:09:09.036863,6437,5348,2643,0
2026-08-23 07:09:09.036883,6500,5370,2607,0
2026-08-23 07:09:09.036903,6494,5419,2749,0
2026-08-23 07:09:09.036923,6291,5087,0,0
2026-08-23 07:09:09.036943,6416,5368,2918,0
2026-08-23 07:09:09.036963,6510,5355,2879,0
2026-08-23 07:09:09.036983,6519,5431,3358,0
2026-08-23 07:09:09.037003,6424,5326,2537,0
2026-08-23 07:09:09.037023,6480,5374,2587,0
2026-08-23 07:09:09.037043,6506,5365,2797,0
2026-08-23 07:09:09.037063,6417,5347,2358,0
2026-08-23 07:09:09.037083,6492,5400,2962,0
2026-08-23 07:09:09.037103,6532,5405,2926,0
2026-08-23 07:09:09.037123,6538,5412,3417,0
2026-08-23 07:09:09.037143,6434,5343,2731,0
2026-08-23 07:09:09.037163,6491,5344,2590,0
2026-08-23 07:09:09.037183,6503,5410,2814,0
2026-08-23 07:09:09.037203,6366,5224,747,0
2026-08-23 07:09:09.037223,6417,5402,2918,0
2026-08-23 07:09:09.037243,6517,5379,2925,0
2026-08-23 07:09:09.037263,6542,5416,3450,0
2026-08-23 07:09:09.037283,6433,5344,2619,0
2026-08-23 07:09:09.037303,6493,5341,2573,0
2026-08-23 07:09:09.037323,6508,5376,2848,0
2026-08-23 07:09:09.037343,6440,5384,2720,0
2026-08-23 07:09:09.037363,6509,5423,2931,0
2026-08-23 07:09:09.037383,6530,5425,2961,0
2026-08-23 07:09:09.037403,6565,5428,3513,0
2026-08-23 07:09:09.037423,6450,5376,2726,0
2026-08-23 07:09:09.037443,6498,5366,2598,0
2026-08-23 07:09:09.037463,6506,5400,2863,0
2026-08-23 07:09:09.037483,6396,5331,1867,0
2026-08-23 07:09:09.037503,6453,5399,2893,0
2026-08-23 07:09:09.037523,6523,5390,2945,0
2026-08-23 07:09:09.037543,6548,5468,3571,0
2026-08-23 07:09:09.037563,6438,5347,2616,0
2026-08-23 07:09:09.037583,6495,5389,2579,0
2026-08-23 07:09:09.037603,6496,5392,2951,0
2026-08-23 07:09:09.037623,6439,5393,2955,0
2026-08-23 07:09:09.037643,6511,5433,2897,0
2026-08-23 07:09:09.037663,6528,5443,3006,0
2026-08-23 07:09:09.037683,6329,5238,17,0
2026-08-23 07:09:09.037703,6408,5406,2679,0
2026-08-23 07:09:09.037723,6458,5380,2599,0
2026-08-23 07:09:09.037743,6501,5478,2965,0
2026-08-23 07:09:09.037763,6433,5365,2596,0
2026-08-23 07:09:09.037783,6492,5435,2882,0
2026-08-23 07:09:09.037803,6528,5403,3031,0
2026-08-23 07:09:09.037823,6321,5213,0,0
2026-08-23 07:09:09.037843,6393,5367,2618,0
2026-08-23 07:09:09.037863,6490,5405,2632,0
2026-08-23 07:09:09.037883,6522,5404,3121,0
2026-08-23 07:09:09.037903,6438,5396,3009,0
2026-08-23 07:09:09.037923,6528,5387,2878,0
2026-08-23 07:09:09.037943,6525,5435,3142,0
2026-08-23 07:09:09.037963,6401,5315,2136,0
2026-08-23 07:09:09.037983,6458,5372,2643,0
2026-08-23 07:09:09.038003,6497,5399,2649,0
2026-08-23 07:09:09.038023,6515,5426,3170,0
2026-08-23 07:09:09.038043,6446,5382,2859,0
2026-08-23 07:09:09.038063,6518,5372,2859,0
2026-08-23 07:09:09.038083,6527,5441,3236,0
2026-08-23 07:09:09.038103,6411,5313,2082,0
2026-08-23 07:09:09.038123,6462,5353,2581,0
2026-08-23 07:09:09.038143,6501,5365,2673,0
2026-08-23 07:09:09.038163,6361,5227,805,0
2026-08-23 07:09:09.038183,6423,5398,2917,0
2026-08-23 07:09:09.038203,6526,5380,2872,0
2026-08-23 07:09:09.038223,6531,5444,3285,0
2026-08-23 07:09:09.038243,6449,5380,2649,0
2026-08-23 07:09:09.038263,6499,5382,2593,0
2026-08-23 07:09:09.038283,6514,5411,2714,0
2026-08-23 07:09:09.038303,6308,5030,0,0
2026-08-23 07:09:09.038323,6420,5331,2908,0
2026-08-23 07:09:09.038343,6513,5362,2882,0
2026-08-23 07:09:09.038363,6526,5415,3359,0
2026-08-23 07:09:09.038383,6417,5343,2524,0
2026-08-23 07:09:09.038403,6482,5335,2539,0
2026-08-23 07:09:09.038423,6506,5354,2801,0
2026-08-23 07:09:09.038443,6435,5333,2373,0
2026-08-23 07:09:09.038463,6492,5391,2965,0
2026-08-23 07:09:09.038483,6539,5357,2907,0
2026-08-23 07:09:09.038503,6536,5448,3447,0
2026-08-23 07:09:09.038523,6453,5336,2722,0
2026-08-23 07:09:09.038543,6490,5379,2594,0
2026-08-23 07:09:09.038563,6504,5373,2840,0
2026-08-23 07:09:09.038583,6392,5309,1465,0
2026-08-23 07:09:09.038603,6437,5372,2899,0
2026-08-23 07:09:09.038623,6530,5421,2935,0
2026-08-23 07:09:09.038643,6542,5465,3530,0
2026-08-23 07:09:09.038663,6422,5345,2648,0
2026-08-23 07:09:09.038683,6504,5365,2549,0
2026-08-23 07:09:09.038703,6510,5374,2937,0
2026-08-23 07:09:09.038723,6434,5378,2942,0
2026-08-23 07:09:09.038743,6518,5404,2916,0
2026-08-23 07:09:09.038763,6527,5394,3011,0
2026-08-23 07:09:09.038783,6322,5211,0,0
2026-08-23 07:09:09.038803,6396,5387,2708,0
2026-08-23 07:09:09.038823,6498,5371,2606,0
2026-08-23 07:09:09.038843,6510,5397,2967,0
2026-08-23 07:09:09.038863,6433,5343,2527,0
2026-08-23 07:09:09.038883,6492,5383,2866,0
2026-08-23 07:09:09.038903,6524,5428,3033,0
2026-08-23 07:09:09.038923,6315,5195,0,0
2026-08-23 07:09:09.038943,6403,5385,2625,0
2026-08-23 07:09:09.038963,6483,5411,2618,0
2026-08-23 07:09:09.038983,6510,5430,3101,0
2026-08-23 07:09:09.039003,6444,5409,3029,0
2026-08-23 07:09:09.039023,6525,5409,2844,0
2026-08-23 07:09:09.039043,6537,5424,3127,0
2026-08-23 07:09:09.039063,6412,5322,1972,0
2026-08-23 07:09:09.039083,6456,5338,2668,0
2026-08-23 07:09:09.039103,6444,5365,2641,0
2026-08-23 07:09:09.039123,6514,5398,3139,0
2026-08-23 07:09:09.039143,6436,5384,2874,0
2026-08-23 07:09:09.039163,6514,5377,2855,0
2026-08-23 07:09:09.039183,6516,5437,3177,0
2026-08-23 07:09:09.039203,6400,5333,1940,0
2026-08-23 07:09:09.039223,6460,5389,2572,0
2026-08-23 07:09:09.039243,6489,5369,2681,0
2026-08-23 07:09:09.039263,6368,5228,710,0
2026-08-23 07:09:09.039283,6513,5415,2987,0
2026-08-23 07:09:09.039303,6514,5368,2815,0
2026-08-23 07:09:09.039323,6531,5445,3266,0
2026-08-23 07:09:09.039343,6432,5347,2624,0
2026-08-23 07:09:09.039363,6497,5406,2613,0
2026-08-23 07:09:09.039383,6501,5365,2716,0
2026-08-23 07:09:09.039403,6391,5177,0,0
2026-08-23 07:09:09.039423,6424,5365,2930,0
2026-08-23 07:09:09.039443,6519,5385,2916,0
2026-08-23 07:09:09.106307,6436,2781,2903,0
2026-08-23 07:09:09.106327,6503,3504,2894,0
2026-08-23 07:09:09.106347,6517,4015,3024,0
2026-08-23 07:09:09.106367,6337,4207,62,0
2026-08-23 07:09:09.106387,6514,4639,2688,0
2026-08-23 07:09:09.106407,6498,4785,2578,0
2026-08-23 07:09:09.106427,6482,4952,2965,0
2026-08-23 07:09:09.106447,6429,5019,2519,0
2026-08-23 07:09:09.106467,6485,5143,2866,0
2026-08-23 07:09:09.106487,6521,5235,3021,0
2026-08-23 07:09:09.106507,6342,5033,152,0
2026-08-23 07:09:09.106527,6402,5249,2647,0
2026-08-23 07:09:09.106547,6488,5295,2618,0
2026-08-23 07:09:09.106567,6504,5338,3098,0
2026-08-23 07:09:09.106587,6433,5318,3027,0
2026-08-23 07:09:09.106607,6518,5343,2874,0
2026-08-23 07:09:09.106627,6514,5376,3124,0
2026-08-23 07:09:09.106647,6393,5302,2113,0
2026-08-23 07:09:09.106667,6457,5349,2634,0
2026-08-23 07:09:09.106687,6493,5393,2643,0
2026-08-23 07:09:09.106707,6497,5388,3161,0
2026-08-23 07:09:09.106727,6423,5377,2878,0
2026-08-23 07:09:09.106747,6519,5397,2857,0
2026-08-23 07:09:09.106767,6510,5425,3195,0
2026-08-23 07:09:09.106787,6399,5287,2054,0
2026-08-23 07:09:09.106807,6449,5330,2598,0
2026-08-23 07:09:09.106827,6480,5348,2691,0
2026-08-23 07:09:09.106847,6373,5261,786,0
2026-08-23 07:09:09.106867,6419,5382,3035,0
2026-08-23 07:09:09.106887,6514,5386,2895,0
2026-08-23 07:09:09.106907,6524,5394,3280,0
2026-08-23 07:09:09.106927,6430,5368,2613,0
2026-08-23 07:09:09.106947,6474,5353,2597,0
2026-08-23 07:09:09.106967,6489,5378,2719,0
2026-08-23 07:09:09.106987,6345,5058,0,0
2026-08-23 07:09:09.107007,6368,5331,2933,0
2026-08-23 07:09:09.107027,6507,5314,2890,0
2026-08-23 07:09:09.107047,6521,5405,3503,0
2026-08-23 07:09:09.127087,6429,3323,2340,0
2026-08-23 07:09:09.127107,6473,3914,2883,0
2026-08-23 07:09:09.127127,6502,4297,3014,0
2026-08-23 07:09:09.127147,6292,4323,0,0
2026-08-23 07:09:09.127167,6374,4740,2650,0
2026-08-23 07:09:09.127187,6492,4904,2578,0
2026-08-23 07:09:09.127207,6507,5089,3044,0
2026-08-23 07:09:09.127227,6435,5161,3015,0
2026-08-23 07:09:09.127247,6514,5219,2882,0
2026-08-23 07:09:09.127267,6526,5280,3097,0
2026-08-23 07:09:09.127287,6382,5171,1693,0
2026-08-23 07:09:09.127307,6446,5270,2649,0
2026-08-23 07:09:09.127327,6502,5282,2684,0
2026-08-23 07:09:09.146108,6442,4694,2652,0
2026-08-23 07:09:09.146128,6313,4680,0,0
2026-08-23 07:09:09.146148,6403,5023,3039,0
2026-08-23 07:09:09.146168,6512,5087,2895,0
2026-08-23 07:09:09.146188,6520,5199,3210,0
2026-08-23 07:09:09.146208,6416,5173,2484,0
2026-08-23 07:09:09.146228,6471,5236,2632,0
2026-08-23 07:09:09.146248,6495,5303,2685,0
2026-08-23 07:09:09.146268,6512,5334,3246,0
2026-08-23 07:09:09.146288,6431,5341,2903,0
2026-08-23 07:09:09.146308,6514,5423,2884,0
2026-08-23 07:09:09.146328,6522,5373,3409,0
2026-08-23 07:09:09.165158,6488,4776,2926,0
2026-08-23 07:09:09.165178,6526,4968,3432,0
2026-08-23 07:09:09.165198,6429,5017,2725,0
2026-08-23 07:09:09.165218,6489,5087,2581,0
2026-08-23 07:09:09.165238,6495,5192,2842,0
2026-08-23 07:09:09.165258,6391,5149,1614,0
2026-08-23 07:09:09.165278,6434,5253,2891,0
2026-08-23 07:09:09.165298,6501,5312,2946,0
2026-08-23 07:09:09.165318,6525,5423,3536,0
2026-08-23 07:09:09.165338,6419,5324,2642,0
2026-08-23 07:09:09.165358,6477,5331,2584,0
2026-08-23 07:09:09.165378,6491,5369,3103,0
2026-08-23 07:09:09.184253,6424,4753,2647,0
2026-08-23 07:09:09.184273,6505,4974,3244,0
2026-08-23 07:09:09.184293,6429,5038,2905,0
2026-08-23 07:09:09.184313,6512,5104,2995,0
2026-08-23 07:09:09.184333,6520,5248,3258,0
2026-08-23 07:09:09.184353,6408,5172,2325,0
2026-08-23 07:09:09.184373,6469,5280,2573,0
2026-08-23 07:09:09.184392,6495,5289,2732,0
2026-08-23 07:09:09.184412,6391,5252,1653,0
2026-08-23 07:09:09.184433,6449,5353,2995,0
2026-08-23 07:09:09.184453,6508,5332,2888,0
2026-08-23 07:09:09.184473,6539,5393,3484,0
2026-08-23 07:09:09.203153,6432,4774,2981,0
2026-08-23 07:09:09.203173,6285,4682,0,0
2026-08-23 07:09:09.203193,6395,4983,2649,0
2026-08-23 07:09:09.203213,6484,5134,2590,0
2026-08-23 07:09:09.203233,6503,5232,3024,0
2026-08-23 07:09:09.203253,6437,5284,3016,0
2026-08-23 07:09:09.203273,6508,5272,2876,0
2026-08-23 07:09:09.203293,6518,5321,3082,0
2026-08-23 07:09:09.203313,6372,5225,1512,0
2026-08-23 07:09:09.203333,6427,5341,2678,0
2026-08-23 07:09:09.203353,6489,5354,2635,0
2026-08-23 07:09:09.203373,6514,5380,3273,0
2026-08-23 07:09:09.224105,6432,4822,2685,0
2026-08-23 07:09:09.224125,6381,4808,1468,0
2026-08-23 07:09:09.224145,6431,5090,3003,0
2026-08-23 07:09:09.224165,6512,5179,2840,0
2026-08-23 07:09:09.224185,6528,5269,3323,0
2026-08-23 07:09:09.224205,6418,5219,2658,0
2026-08-23 07:09:09.224225,6491,5292,2585,0
2026-08-23 07:09:09.224245,6492,5300,2735,0
2026-08-23 07:09:09.224265,6294,5067,0,0
2026-08-23 07:09:09.224285,6409,5344,2905,0
2026-08-23 07:09:09.224305,6517,5373,2895,0
2026-08-23 07:09:09.224325,6529,5401,3451,0
2026-08-23 07:09:09.224345,6432,5288,2646,0
2026-08-23 07:09:09.245142,6426,4720,2720,0
2026-08-23 07:09:09.245162,6496,4849,2582,0
2026-08-23 07:09:09.245182,6500,5026,2869,0
2026-08-23 07:09:09.245202,6398,5010,1879,0
2026-08-23 07:09:09.245222,6459,5171,2892,0
2026-08-23 07:09:09.245242,6508,5242,2962,0
2026-08-23 07:09:09.245262,6538,5323,3596,0
2026-08-23 07:09:09.245282,6425,5262,2651,0
2026-08-23 07:09:09.245301,6416,5324,2579,0
2026-08-23 07:09:09.245322,6499,5339,2967,0
2026-08-23 07:09:09.245342,6429,5370,2988,0
2026-08-23 07:09:09.245362,6521,5370,2887,0
2026-08-23 07:09:09.245382,6513,5344,3149,0
2026-08-23 07:09:09.264434,6435,4734,3133,0
2026-08-23 07:09:09.264454,6388,4767,1769,0
2026-08-23 07:09:09.264474,6430,4959,2539,0
2026-08-23 07:09:09.264494,6503,5070,2691,0
2026-08-23 07:09:09.264514,6350,5027,548,0
2026-08-23 07:09:09.264534,6410,5225,2999,0
2026-08-23 07:09:09.264554,6515,5310,2858,0
2026-08-23 07:09:09.264574,6536,5349,3262,0
2026-08-23 07:09:09.264594,6425,5258,2598,0
2026-08-23 07:09:09.264614,6481,5326,2605,0
2026-08-23 07:09:09.264634,6497,5364,2742,0
2026-08-23 07:09:09.264654,6372,5196,1137,0
2026-08-23 07:09:09.285459,6433,4805,2949,0
2026-08-23 07:09:09.285479,6446,4925,3002,0
2026-08-23 07:09:09.285499,6566,5031,2890,0
2026-08-23 07:09:09.285519,6514,5159,3037,0
2026-08-23 07:09:09.285539,6360,5087,880,0
2026-08-23 07:09:09.285559,6409,5268,2683,0
2026-08-23 07:09:09.285579,6493,5269,2576,0
2026-08-23 07:09:09.285599,6491,5321,3032,0
2026-08-23 07:09:09.285619,6422,5335,2716,0
2026-08-23 07:09:09.285639,6493,5337,2870,0
2026-08-23 07:09:09.285659,6534,5371,3097,0
2026-08-23 07:09:09.285679,6376,5258,1638,0
2026-08-23 07:09:09.285699,6434,5344,2531,0
2026-08-23 07:09:09.306233,6420,4706,2614,0
2026-08-23 07:09:09.306253,6484,4856,2740,0
2026-08-23 07:09:09.306273,6286,4748,0,0
2026-08-23 07:09:09.306293,6461,5069,2912,0
2026-08-23 07:09:09.306314,6504,5198,2885,0
2026-08-23 07:09:09.306334,6526,5306,3370,0
2026-08-23 07:09:09.306354,6425,5239,2597,0
2026-08-23 07:09:09.306374,6478,5254,2582,0
2026-08-23 07:09:09.306393,6487,5295,2823,0
2026-08-23 07:09:09.306413,6419,5283,2474,0
2026-08-23 07:09:09.306433,6486,5340,2952,0
2026-08-23 07:09:09.306453,6510,5343,2952,0
2026-08-23 07:09:09.306473,6316,5152,0,0
2026-08-23 07:09:09.327326,6446,4769,3365,0
2026-08-23 07:09:09.327346,6424,4855,2599,0
2026-08-23 07:09:09.327366,6449,5015,2540,0
2026-08-23 07:09:09.327386,6506,5090,2810,0
2026-08-23 07:09:09.327406,6417,5180,2504,0
2026-08-23 07:09:09.327426,6487,5229,2953,0
2026-08-23 07:09:09.327446,6517,5319,2941,0
2026-08-23 07:09:09.327466,6532,5344,3477,0
2026-08-23 07:09:09.327486,6371,5306,2704,0
2026-08-23 07:09:09.327506,6485,5333,2548,0
2026-08-23 07:09:09.327526,6500,5339,2836,0
2026-08-23 07:09:09.327546,6408,5284,2154,0
2026-08-23 07:09:09.327566,6465,5325,2859,0
2026-08-23 07:09:09.348514,6433,4686,2840,0
2026-08-23 07:09:09.348534,6513,4885,3136,0
2026-08-23 07:09:09.348554,6412,4939,2062,0
2026-08-23 07:09:09.348574,6458,5075,2637,0
2026-08-23 07:09:09.348594,6481,5200,2658,0
2026-08-23 07:09:09.348614,6506,5263,3185,0
2026-08-23 07:09:09.348634,6423,5252,2861,0
2026-08-23 07:09:09.348654,6501,5310,2873,0
2026-08-23 07:09:09.348674,6519,5360,3175,0
2026-08-23 07:09:09.348694,6395,5265,1921,0
2026-08-23 07:09:09.348714,6449,5340,2594,0
2026-08-23 07:09:09.348734,6487,5326,2716,0
2026-08-23 07:09:09.348754,6427,5291,2650,0
2026-08-23 07:09:09.369573,6355,4527,571,0
2026-08-23 07:09:09.369593,6408,4861,2898,0
2026-08-23 07:09:09.369613,6469,5025,2934,0
2026-08-23 07:09:09.369633,6524,5179,3497,0
2026-08-23 07:09:09.369653,6423,5134,2649,0
2026-08-23 07:09:09.369673,6480,5212,2548,0
2026-08-23 07:09:09.369693,6490,5262,2891,0
2026-08-23 07:09:09.369713,6431,5288,2903,0
2026-08-23 07:09:09.369733,6521,5317,2906,0
2026-08-23 07:09:09.369753,6506,5337,2980,0
2026-08-23 07:09:09.369773,6292,5053,0,0
2026-08-23 07:09:09.369793,6397,5297,2693,0
2026-08-23 07:09:09.369813,6487,5302,2650,0
2026-08-23 07:09:09.390068,6426,4678,2594,0
2026-08-23 07:09:09.390088,6502,4922,3103,0
2026-08-23 07:09:09.390108,6433,5010,3033,0
2026-08-23 07:09:09.390128,6521,5091,2876,0
2026-08-23 07:09:09.390148,6524,5225,3107,0
2026-08-23 07:09:09.390168,6402,5166,2028,0
2026-08-23 07:09:09.390188,6457,5277,2652,0
2026-08-23 07:09:09.390208,6497,5273,2646,0
2026-08-23 07:09:09.390228,6510,5332,3124,0
2026-08-23 07:09:09.390248,6430,5344,2860,0
2026-08-23 07:09:09.390268,6501,5375,2843,0
2026-08-23 07:09:09.390288,6520,5378,3221,0
2026-08-23 07:09:09.390308,6432,5265,2646,0
2026-08-23 07:09:09.410950,6409,4699,266,0
2026-08-23 07:09:09.410970,6410,4917,2688,0
2026-08-23 07:09:09.410990,6492,5028,2588,0
2026-08-23 07:09:09.411010,6498,5155,2965,0
2026-08-23 07:09:09.411030,6408,5177,2506,0
2026-08-23 07:09:09.411050,6484,5222,2883,0
2026-08-23 07:09:09.411070,6514,5292,3008,0
2026-08-23 07:09:09.411090,6297,5043,0,0
2026-08-23 07:09:09.411110,6393,5308,2636,0
2026-08-23 07:09:09.411130,6484,5304,2623,0
2026-08-23 07:09:09.411150,6513,5370,3055,0
2026-08-23 07:09:09.411170,6426,5380,3033,0
2026-08-23 07:09:09.411190,6506,5307,2872,0
2026-08-23 07:09:09.432039,6433,4703,2872,0
2026-08-23 07:09:09.432059,6512,4922,3149,0
2026-08-23 07:09:09.432079,6376,4889,1497,0
2026-08-23 07:09:09.432099,6426,5056,2600,0
2026-08-23 07:09:09.432119,6487,5165,2658,0
2026-08-23 07:09:09.432139,6294,5018,0,0
2026-08-23 07:09:09.432159,6402,5301,3037,0
2026-08-23 07:09:09.432179,6508,5338,2880,0
2026-08-23 07:09:09.432199,6514,5379,3204,0
2026-08-23 07:09:09.432219,6408,5314,2396,0
2026-08-23 07:09:09.432239,6468,5346,2612,0
2026-08-23 07:09:09.432259,6491,5331,2704,0
2026-08-23 07:09:09.432279,6367,5181,928,0
2026-08-23 07:09:09.453014,6394,4651,1572,0
2026-08-23 07:09:09.453034,6425,4875,2976,0
2026-08-23 07:09:09.453054,6527,5049,2907,0
2026-08-23 07:09:09.453074,6528,5163,3364,0
2026-08-23 07:09:09.453094,6421,5185,2726,0
2026-08-23 07:09:09.453114,6479,5232,2594,0
2026-08-23 07:09:09.453134,6493,5256,2767,0
2026-08-23 07:09:09.453154,6323,5084,104,0
2026-08-23 07:09:09.453174,6400,5311,2913,0
2026-08-23 07:09:09.453194,6510,5328,2892,0
2026-08-23 07:09:09.453214,6521,5382,3414,0
2026-08-23 07:09:09.453234,6422,5323,2656,0
2026-08-23 07:09:09.453254,6487,5293,2598,0
2026-08-23 07:09:09.473999,6423,4684,2594,0
2026-08-23 07:09:09.474019,6502,4916,2906,0
2026-08-23 07:09:09.474039,6395,4984,2260,0
2026-08-23 07:09:09.474059,6470,5136,2745,0
2026-08-23 07:09:09.474079,6510,5207,2990,0
2026-08-23 07:09:09.474099,6342,4876,0,0
2026-08-23 07:09:09.474119,6408,5173,2652,0
2026-08-23 07:09:09.474139,6483,5212,2581,0
2026-08-23 07:09:09.474159,6505,5267,3008,0
2026-08-23 07:09:09.474179,6434,5315,2996,0
2026-08-23 07:09:09.474199,6515,5312,2891,0
2026-08-23 07:09:09.474219,6513,5326,3112,0
2026-08-23 07:09:09.474239,6426,5280,2458,0
2026-08-23 07:09:09.494863,6338,4564,355,0
2026-08-23 07:09:09.494883,6402,4859,2618,0
2026-08-23 07:09:09.494903,6483,4972,2626,0
2026-08-23 07:09:09.494923,6381,4892,0,0
2026-08-23 07:09:09.494943,6413,5222,3043,0
2026-08-23 07:09:09.494963,6513,5232,2877,0
2026-08-23 07:09:09.494983,6517,5290,3161,0
2026-08-23 07:09:09.495003,6405,5287,2204,0
2026-08-23 07:09:09.495023,6458,5315,2627,0
2026-08-23 07:09:09.495043,6490,5323,2644,0
2026-08-23 07:09:09.495063,6502,5398,3168,0
2026-08-23 07:09:09.495083,6426,5364,2914,0
2026-08-23 07:09:09.495103,6507,5333,2895,0
2026-08-23 07:09:09.515774,6432,4738,2878,0
2026-08-23 07:09:09.515795,6513,4927,3289,0
2026-08-23 07:09:09.515815,6429,4988,2619,0
2026-08-23 07:09:09.515835,6475,5088,2597,0
2026-08-23 07:09:09.515855,6492,5163,2717,0
2026-08-23 07:09:09.515875,6291,4914,0,0
2026-08-23 07:09:09.515895,6399,5247,2923,0
2026-08-23 07:09:09.515915,6503,5250,2884,0
2026-08-23 07:09:09.515934,6512,5313,3350,0
2026-08-23 07:09:09.515954,6413,5298,2519,0
2026-08-23 07:09:09.515975,6600,5296,2545,0
2026-08-23 07:09:09.515995,6487,5365,2844,0
2026-08-23 07:09:09.516015,6434,5306,2913,0
2026-08-23 07:09:09.536774,6349,4517,562,0
2026-08-23 07:09:09.536794,6410,4901,2911,0
2026-08-23 07:09:09.536814,6514,5056,2920,0
2026-08-23 07:09:09.536834,6541,5204,3469,0
2026-08-23 07:09:09.536854,6415,5176,2644,0
2026-08-23 07:09:09.536874,6481,5209,2542,0
2026-08-23 07:09:09.536894,6493,5304,2898,0
2026-08-23 07:09:09.536914,6429,5274,2876,0
2026-08-23 07:09:09.536934,6563,5307,2907,0
2026-08-23 07:09:09.536954,6510,5329,2979,0
2026-08-23 07:09:09.536974,6277,5066,0,0
2026-08-23 07:09:09.536994,6396,5308,2691,0
2026-08-23 07:09:09.537014,6489,5316,2648,0
2026-08-23 07:09:09.557989,6438,4700,2607,0
2026-08-23 07:09:09.558009,6485,4858,3114,0
2026-08-23 07:09:09.558029,6436,4986,3043,0
2026-08-23 07:09:09.558049,6517,5082,2887,0
2026-08-23 07:09:09.558069,6513,5180,3124,0
2026-08-23 07:09:09.558089,6395,5134,1895,0
2026-08-23 07:09:09.558110,6443,5235,2928,0
2026-08-23 07:09:09.558130,6478,5320,2648,0
2026-08-23 07:09:09.558149,6504,5357,3123,0
2026-08-23 07:09:09.558169,6429,5332,2833,0
2026-08-23 07:09:09.558189,6502,5302,2856,0
2026-08-23 07:09:09.558209,6507,5352,3200,0
2026-08-23 07:09:09.558229,6422,5315,2539,0
2026-08-23 07:09:09.578404,6429,4693,2690,0
2026-08-23 07:09:09.578424,6483,4849,2605,0
2026-08-23 07:09:09.578444,6491,4986,2785,0
2026-08-23 07:09:09.578464,6345,4961,723,0
2026-08-23 07:09:09.578484,6410,5179,2912,0
2026-08-23 07:09:09.578504,6509,5247,2918,0
2026-08-23 07:09:09.578524,6524,5338,3450,0
2026-08-23 07:09:09.578544,6423,5251,2662,0
2026-08-23 07:09:09.578564,6488,5318,2521,0
2026-08-23 07:09:09.578584,6493,5347,2857,0
2026-08-23 07:09:09.578604,6419,5343,2784,0
2026-08-23 07:09:09.578624,6492,5362,2918,0
2026-08-23 07:09:09.578644,6517,5316,3186,0
2026-08-23 07:09:09.599759,6428,4759,2867,0
2026-08-23 07:09:09.599779,6541,4960,3293,0
2026-08-23 07:09:09.599799,6417,4976,2511,0
2026-08-23 07:09:09.599819,6484,5102,2580,0
2026-08-23 07:09:09.599839,6489,5172,2769,0
2026-08-23 07:09:09.599859,6411,5205,2180,0
2026-08-23 07:09:09.599879,6472,5307,2981,0
2026-08-23 07:09:09.599899,6507,5325,2917,0
2026-08-23 07:09:09.599919,6526,5376,3410,0
2026-08-23 07:09:09.599939,6420,5325,2786,0
2026-08-23 07:09:09.599959,6480,5341,2591,0
2026-08-23 07:09:09.599979,6506,5336,2854,0
2026-08-23 07:09:09.599999,6427,5309,2366,0
2026-08-23 07:09:09.620564,6433,4735,2918,0
2026-08-23 07:09:09.620584,6451,4896,2897,0
2026-08-23 07:09:09.620604,6509,5014,3012,0
2026-08-23 07:09:09.620624,6320,4931,379,0
2026-08-23 07:09:09.620644,6396,5168,2690,0
2026-08-23 07:09:09.620664,6467,5247,2612,0
2026-08-23 07:09:09.620684,6493,5282,2985,0
2026-08-23 07:09:09.620704,6489,5253,2618,0
2026-08-23 07:09:09.620723,6483,5314,2896,0
2026-08-23 07:09:09.620744,6517,5352,2995,0
2026-08-23 07:09:09.620764,6308,5142,30,0
2026-08-23 07:09:09.620784,6390,5343,2632,0
2026-08-23 07:09:09.620804,6490,5322,2679,0
2026-08-23 07:09:09.641718,6418,4704,2618,0
2026-08-23 07:09:09.641738,6483,4892,3144,0
2026-08-23 07:09:09.641758,6422,4988,2850,0
2026-08-23 07:09:09.641778,6500,5101,2850,0
2026-08-23 07:09:09.641798,6504,5202,3167,0
2026-08-23 07:09:09.641819,6369,5161,1868,0
2026-08-23 07:09:09.641839,6441,5271,2602,0
2026-08-23 07:09:09.641859,6497,5269,2678,0
2026-08-23 07:09:09.641878,6333,5169,425,0
2026-08-23 07:09:09.641898,6405,5333,3002,0
2026-08-23 07:09:09.641918,6510,5348,2886,0
2026-08-23 07:09:09.641938,6526,5369,3311,0
2026-08-23 07:09:09.641958,6430,5277,2712,0
2026-08-23 07:09:09.662914,6416,4690,2582,0
2026-08-23 07:09:09.662934,6475,4835,2547,0
2026-08-23 07:09:09.662954,6482,5013,2845,0
2026-08-23 07:09:09.662974,6421,5092,2745,0
2026-08-23 07:09:09.662994,6503,5183,2914,0
2026-08-23 07:09:09.663014,6516,5252,2973,0
2026-08-23 07:09:09.663034,6518,5320,3611,0
2026-08-23 07:09:09.663054,6422,5283,2710,0
2026-08-23 07:09:09.663074,6476,5327,2578,0
2026-08-23 07:09:09.663094,6497,5354,2889,0
2026-08-23 07:09:09.663114,6402,5295,2067,0
2026-08-23 07:09:09.663134,6455,5337,2882,0
2026-08-23 07:09:09.663154,6513,5349,3107,0
2026-08-23 07:09:09.683902,6434,4723,3234,0
2026-08-23 07:09:09.683922,6396,4814,2159,0
2026-08-23 07:09:09.683942,6452,5009,2659,0
2026-08-23 07:09:09.683962,6494,5138,2622,0
2026-08-23 07:09:09.683982,6501,5228,3175,0
2026-08-23 07:09:09.684002,6432,5242,2894,0
2026-08-23 07:09:09.684022,6504,5286,2859,0
2026-08-23 07:09:09.684042,6507,5301,3171,0
2026-08-23 07:09:09.684062,6400,5224,2080,0
2026-08-23 07:09:09.684082,6446,5326,2582,0
2026-08-23 07:09:09.684102,6482,5312,2686,0
2026-08-23 07:09:09.684122,6395,5290,1523,0
2026-08-23 07:09:09.684142,6436,5326,2943,0
2026-08-23 07:09:09.704997,6432,4687,2900,0
2026-08-23 07:09:09.705017,6509,4853,2971,0
2026-08-23 07:09:09.705037,6518,5074,3465,0
2026-08-23 07:09:09.705057,6418,5055,2648,0
2026-08-23 07:09:09.705077,6472,5187,2513,0
2026-08-23 07:09:09.705097,6478,5227,2884,0
2026-08-23 07:09:09.705117,6422,5271,2805,0
2026-08-23 07:09:09.705137,6504,5327,2926,0
2026-08-23 07:09:09.705157,6506,5345,2954,0
2026-08-23 07:09:09.705177,6391,5088,0,0
2026-08-23 07:09:09.705197,6402,5320,2696,0
2026-08-23 07:09:09.705217,6483,5315,2642,0
2026-08-23 07:09:09.705237,6497,5291,3101,0
2026-08-23 07:09:09.726038,6425,4691,2956,0
2026-08-23 07:09:09.726058,6425,4841,3006,0
2026-08-23 07:09:09.726078,6518,5010,2906,0
2026-08-23 07:09:09.726098,6516,5145,3030,0
2026-08-23 07:09:09.726118,6344,4990,696,0
2026-08-23 07:09:09.726138,6407,5241,2697,0
2026-08-23 07:09:09.726158,6489,5245,2596,0
2026-08-23 07:09:09.726178,6486,5331,3008,0
2026-08-23 07:09:09.726198,6422,5284,2665,0
2026-08-23 07:09:09.726218,6487,5353,2877,0
2026-08-23 07:09:09.726238,6510,5347,3045,0
2026-08-23 07:09:09.726258,6381,5250,1222,0
2026-08-23 07:09:09.726278,6402,5338,2586,0
2026-08-23 07:09:09.747128,6421,4646,2632,0
2026-08-23 07:09:09.747148,6475,4907,2683,0
2026-08-23 07:09:09.747168,6503,5060,3277,0
2026-08-23 07:09:09.747188,6422,5101,2944,0
2026-08-23 07:09:09.747208,6487,5173,2873,0
2026-08-23 07:09:09.747228,6519,5264,3287,0
2026-08-23 07:09:09.747248,6414,5223,2425,0
2026-08-23 07:09:09.747268,6466,5300,2588,0
2026-08-23 07:09:09.747288,6498,5313,2741,0
2026-08-23 07:09:09.747308,6390,5245,1766,0
2026-08-23 07:09:09.747328,6441,5353,2997,0
2026-08-23 07:09:09.747348,6510,5392,2916,0
2026-08-23 07:09:09.747368,6524,5399,3763,0
2026-08-23 07:09:09.768050,6443,4761,3492,0
2026-08-23 07:09:09.768070,6424,4860,2656,0
2026-08-23 07:09:09.768090,6478,5017,2583,0
2026-08-23 07:09:09.768110,6470,5151,2947,0
2026-08-23 07:09:09.768130,6525,5172,2946,0
2026-08-23 07:09:09.768150,6503,5265,2865,0
2026-08-23 07:09:09.768170,6514,5314,3019,0
2026-08-23 07:09:09.768190,6320,5083,0,0
2026-08-23 07:09:09.768210,6391,5292,2702,0
2026-08-23 07:09:09.768230,6481,5314,2594,0
2026-08-23 07:09:09.768250,6482,5383,2969,0
2026-08-23 07:09:09.768270,6417,5315,2738,0
2026-08-23 07:09:09.768290,6493,5315,2866,0
2026-08-23 07:09:09.789146,6425,4735,2857,0
2026-08-23 07:09:09.789166,6501,4896,3124,0
2026-08-23 07:09:09.789186,6381,4937,1820,0
2026-08-23 07:09:09.789206,6444,5078,2651,0
2026-08-23 07:09:09.789226,6475,5192,2629,0
2026-08-23 07:09:09.789246,6494,5281,3124,0
2026-08-23 07:09:09.789266,6414,5262,2848,0
2026-08-23 07:09:09.789286,6500,5285,2851,0
2026-08-23 07:09:09.789306,6501,5353,3156,0
2026-08-23 07:09:09.789326,6379,5208,1613,0
2026-08-23 07:09:09.789346,6364,5323,2612,0
2026-08-23 07:09:09.789366,6483,5301,2686,0
2026-08-23 07:09:09.789386,6401,5259,1947,0
2026-08-23 07:09:09.810107,6302,4367,0,0
2026-08-23 07:09:09.810127,6411,4811,2909,0
2026-08-23 07:09:09.810147,6495,4991,2846,0
2026-08-23 07:09:09.810167,6509,5138,3387,0
2026-08-23 07:09:09.810187,6428,5139,2591,0
2026-08-23 07:09:09.810207,6487,5176,2541,0
2026-08-23 07:09:09.810227,6483,5276,2816,0
2026-08-23 07:09:09.810247,6417,5226,2497,0
2026-08-23 07:09:09.810267,6477,5328,2947,0
2026-08-23 07:09:09.810287,6514,5328,2931,0
2026-08-23 07:09:09.810307,6524,5393,3447,0
2026-08-23 07:09:09.810327,6426,5333,2820,0
2026-08-23 07:09:09.810347,6477,5294,2603,0
2026-08-23 07:09:09.831089,6420,4683,2581,0
2026-08-23 07:09:09.831109,6485,4869,2900,0
2026-08-23 07:09:09.831129,6421,4981,2879,0
2026-08-23 07:09:09.831149,6501,5095,2914,0
2026-08-23 07:09:09.831169,6509,5220,2971,0
2026-08-23 07:09:09.831189,6265,4940,0,0
2026-08-23 07:09:09.831209,6390,5224,2704,0
2026-08-23 07:09:09.831229,6483,5259,2597,0
2026-08-23 07:09:09.831249,6496,5297,2889,0
2026-08-23 07:09:09.831269,6395,5285,2287,0
2026-08-23 07:09:09.831289,6462,5345,2879,0
2026-08-23 07:09:09.831309,6511,5341,3042,0
2026-08-23 07:09:09.831329,6393,5259,1869,0
2026-08-23 07:09:09.852103,6371,4632,1441,0
2026-08-23 07:09:09.852123,6440,4938,2656,0
2026-08-23 07:09:09.852143,6489,5016,2633,0
2026-08-23 07:09:09.852163,6499,5127,3120,0
2026-08-23 07:09:09.852183,6438,5157,2855,0
2026-08-23 07:09:09.852203,6508,5264,2865,0
2026-08-23 07:09:09.852223,6507,5315,3148,0
2026-08-23 07:09:09.852243,6386,5196,1747,0
2026-08-23 07:09:09.852263,6420,5316,2603,0
2026-08-23 07:09:09.852283,6475,5334,2665,0
2026-08-23 07:09:09.852303,6315,5152,48,0
2026-08-23 07:09:09.852323,6409,5347,2996,0
2026-08-23 07:09:09.852343,6517,5366,2923,0
2026-08-23 07:09:09.872431,6433,4712,2874,0
2026-08-23 07:09:09.872451,6513,4913,3358,0
2026-08-23 07:09:09.872471,6413,4964,2529,0
2026-08-23 07:09:09.872491,6471,5072,2546,0
2026-08-23 07:09:09.872511,6483,5184,2798,0
2026-08-23 07:09:09.872531,6411,5224,2391,0
2026-08-23 07:09:09.872551,6502,5307,2960,0
2026-08-23 07:09:09.872571,6508,5336,2920,0
2026-08-23 07:09:09.872591,6529,5377,3438,0
2026-08-23 07:09:09.872611,6421,5325,2723,0
2026-08-23 07:09:09.872631,6480,5343,2583,0
2026-08-23 07:09:09.872651,6489,5364,2879,0
2026-08-23 07:09:09.872671,6434,5316,2717,0
2026-08-23 07:09:09.892756,6436,4818,3138,0
2026-08-23 07:09:09.892776,6429,4930,3021,0
2026-08-23 07:09:09.892796,6508,5048,2897,0
2026-08-23 07:09:09.892816,6515,5180,3238,0
2026-08-23 07:09:09.892836,6410,5172,2615,0
2026-08-23 07:09:09.892856,6470,5216,2598,0
2026-08-23 07:09:09.892876,6489,5253,2781,0
2026-08-23 07:09:09.892896,6379,5067,0,0
2026-08-23 07:09:09.892916,6393,5295,2921,0
2026-08-23 07:09:09.892936,6507,5359,2883,0
2026-08-23 07:09:09.892956,6517,5392,3326,0
2026-08-23 07:09:09.892976,6415,5289,2606,0
2026-08-23 07:09:09.892996,6485,5320,2593,0
2026-08-23 07:09:09.912994,6421,4782,2728,0
2026-08-23 07:09:09.913014,6489,4970,2589,0
2026-08-23 07:09:09.913034,6487,5056,2895,0
2026-08-23 07:09:09.913054,6402,5106,2176,0
2026-08-23 07:09:09.913074,6459,5229,2882,0
2026-08-23 07:09:09.913095,6497,5281,2972,0
2026-08-23 07:09:09.913115,6427,5160,0,0
2026-08-23 07:09:09.913135,6392,5283,2659,0
2026-08-23 07:09:09.913154,6472,5319,2579,0
2026-08-23 07:09:09.913174,6487,5379,2981,0
2026-08-23 07:09:09.913194,6427,5367,2990,0
2026-08-23 07:09:09.913214,6514,5345,2884,0
2026-08-23 07:09:09.913234,6412,5177,0,0
2026-08-23 07:09:09.935007,6428,4775,2872,0
2026-08-23 07:09:09.935027,6512,4994,3303,0
2026-08-23 07:09:09.935047,6410,5010,2421,0
2026-08-23 07:09:09.935067,6466,5077,2539,0
2026-08-23 07:09:09.935087,6488,5219,2774,0
2026-08-23 07:09:09.935107,6398,5174,2025,0
2026-08-23 07:09:09.935127,6449,5279,2967,0
2026-08-23 07:09:09.935147,6524,5333,2906,0
2026-08-23 07:09:09.935167,6524,5345,3386,0
2026-08-23 07:09:09.935187,6419,5298,2714,0
2026-08-23 07:09:09.935207,6491,5335,2590,0
2026-08-23 07:09:09.935227,6491,5347,2773,0
2026-08-23 07:09:09.935247,6401,5290,1992,0
2026-08-23 07:09:09.935267,6453,5316,2872,0
2026-08-23 07:09:09.955554,6420,4709,2907,0
2026-08-23 07:09:09.955574,6509,4906,2980,0
2026-08-23 07:09:09.955594,6281,4763,0,0
2026-08-23 07:09:09.955614,6391,5095,2700,0
2026-08-23 07:09:09.955634,6475,5168,2590,0
2026-08-23 07:09:09.955654,6488,5245,2956,0
2026-08-23 07:09:09.955674,6413,5217,2531,0
2026-08-23 07:09:09.955694,6466,5292,2886,0
2026-08-23 07:09:09.955714,6508,5325,3001,0
2026-08-23 07:09:09.955734,6276,5085,0,0
2026-08-23 07:09:09.955754,6389,5313,2649,0
2026-08-23 07:09:09.955774,6476,5311,2626,0
2026-08-23 07:09:09.955794,6313,5177,0,0
2026-08-23 07:09:09.975762,6418,4759,2861,0
2026-08-23 07:09:09.975782,6391,4853,2145,0
2026-08-23 07:09:09.975802,6451,5058,2888,0
2026-08-23 07:09:09.975822,6506,5173,2975,0
2026-08-23 07:09:09.975842,6326,4879,0,0
2026-08-23 07:09:09.975863,6393,5173,2579,0
2026-08-23 07:09:09.975883,6465,5229,2585,0
2026-08-23 07:09:09.975903,6481,5274,3020,0
2026-08-23 07:09:09.975922,6433,5282,3031,0
2026-08-23 07:09:09.975942,6502,5331,2877,0
2026-08-23 07:09:09.975962,6518,5330,3006,0
2026-08-23 07:09:09.975982,6394,5247,1934,0
2026-08-23 07:09:09.976002,6440,5276,2592,0
2026-08-23 07:09:09.996178,6398,4748,2001,0
2026-08-23 07:09:09.996198,6441,4916,2577,0
2026-08-23 07:09:09.996218,6480,5035,2682,0
2026-08-23 07:09:09.996238,6340,4979,748,0
2026-08-23 07:09:09.996258,6408,5246,3008,0
2026-08-23 07:09:09.996278,6511,5246,2886,0
2026-08-23 07:09:09.996298,6519,5341,3270,0
2026-08-23 07:09:09.996318,6416,5349,2630,0
2026-08-23 07:09:09.996338,6481,5303,2596,0
2026-08-23 07:09:09.996358,6486,5348,2716,0
2026-08-23 07:09:09.996378,6350,5002,0,0
2026-08-23 07:09:09.996398,6398,5289,2928,0
2026-08-23 07:09:09.996418,6487,5264,3196,0
2026-08-23 07:09:10.016500,6429,4723,2887,0
2026-08-23 07:09:10.016520,6501,4873,3126,0
2026-08-23 07:09:10.016540,6384,4930,1936,0
2026-08-23 07:09:10.016560,6438,5063,2646,0
2026-08-23 07:09:10.016580,6490,5173,2636,0
2026-08-23 07:09:10.016600,6499,5256,3160,0
2026-08-23 07:09:10.016620,6410,5267,2867,0
2026-08-23 07:09:10.016640,6483,5334,2860,0
2026-08-23 07:09:10.016660,6510,5337,3141,0
2026-08-23 07:09:10.016680,6383,5279,1788,0
2026-08-23 07:09:10.016700,6430,5324,2603,0
2026-08-23 07:09:10.016720,6483,5368,2665,0
2026-08-23 07:09:10.016740,6392,5292,1824,0
2026-08-23 07:09:10.036720,6411,4684,2325,0
2026-08-23 07:09:10.036740,6463,4859,2882,0
2026-08-23 07:09:10.036760,6518,5022,3188,0
2026-08-23 07:09:10.036780,6266,4874,0,0
2026-08-23 07:09:10.036800,6390,5142,2614,0
2026-08-23 07:09:10.036820,6475,5240,2620,0
2026-08-23 07:09:10.036840,6496,5269,3048,0
2026-08-23 07:09:10.036860,6435,5314,3031,0
2026-08-23 07:09:10.036880,6503,5334,2887,0
2026-08-23 07:09:10.036900,6510,5375,3094,0
2026-08-23 07:09:10.036920,6396,5288,2030,0
2026-08-23 07:09:10.036940,6448,5277,2600,0
2026-08-23 07:09:10.056838,6415,4759,2327,0
2026-08-23 07:09:10.056858,6455,4893,2575,0
2026-08-23 07:09:10.056878,6485,5031,2749,0
2026-08-23 07:09:10.056898,6403,5090,1953,0
2026-08-23 07:09:10.056918,6456,5218,2970,0
2026-08-23 07:09:10.056938,6513,5241,2912,0
2026-08-23 07:09:10.056958,6664,5314,3362,0
2026-08-23 07:09:10.056978,6421,5304,2734,0
2026-08-23 07:09:10.056998,6474,5289,2580,0
2026-08-23 07:09:10.057018,6487,5371,2725,0
2026-08-23 07:09:10.057038,6322,5186,130,0
2026-08-23 07:09:10.057058,6391,5374,2912,0
2026-08-23 07:09:10.057078,6512,5325,3089,0
2026-08-23 07:09:10.076879,6420,4799,2908,0
2026-08-23 07:09:10.076899,6509,4983,3004,0
2026-08-23 07:09:10.076919,6310,4833,0,0
2026-08-23 07:09:10.076939,6389,5172,2696,0
2026-08-23 07:09:10.076959,6483,5221,2589,0
2026-08-23 07:09:10.076979,6486,5251,2957,0
2026-08-23 07:09:10.076999,6414,5250,2596,0
2026-08-23 07:09:10.077019,6481,5329,2882,0
2026-08-23 07:09:10.077039,6663,5337,3025,0
2026-08-23 07:09:10.077059,6304,5101,0,0
2026-08-23 07:09:10.077079,6326,5362,2620,0
2026-08-23 07:09:10.077099,6475,5349,2618,0
2026-08-23 07:09:10.077119,6437,5283,2857,0
2026-08-23 07:09:10.096964,6435,4795,2716,0
2026-08-23 07:09:10.096984,6308,4764,0,0
2026-08-23 07:09:10.097004,6399,5075,2915,0
2026-08-23 07:09:10.097024,6500,5186,2909,0
2026-08-23 07:09:10.097044,6518,5270,3395,0
2026-08-23 07:09:10.097064,6408,5234,2598,0
2026-08-23 07:09:10.097085,6476,5267,2573,0
2026-08-23 07:09:10.097105,6487,5295,2830,0
2026-08-23 07:09:10.097124,6407,5321,2647,0
2026-08-23 07:09:10.097144,6473,5356,2933,0
2026-08-23 07:09:10.097164,6520,5376,2940,0
2026-08-23 07:09:10.097184,6526,5416,3491,0
2026-08-23 07:09:10.097204,6432,5314,2711,0
2026-08-23 07:09:10.115253,6417,4655,2600,0
2026-08-23 07:09:10.115273,6481,4859,2659,0
2026-08-23 07:09:10.115293,6281,4709,0,0
2026-08-23 07:09:10.115313,6398,5070,3038,0
2026-08-23 07:09:10.115333,6502,5159,2883,0
2026-08-23 07:09:10.115353,6505,5268,3188,0
2026-08-23 07:09:10.115373,6413,5227,2388,0
2026-08-23 07:09:10.115393,6471,5254,2622,0
2026-08-23 07:09:10.115413,6480,5331,2667,0
2026-08-23 07:09:10.115433,6501,5378,2168,0
2026-08-23 07:09:10.115453,6419,5314,2914,0
2026-08-23 07:09:10.132504,6434,4870,3014,0
2026-08-23 07:09:10.132524,6432,4986,3026,0
2026-08-23 07:09:10.132545,6509,5090,2890,0
2026-08-23 07:09:10.132565,6509,5201,3108,0
2026-08-23 07:09:10.132585,6395,5101,1849,0
2026-08-23 07:09:10.132605,6430,5267,2650,0
2026-08-23 07:09:10.132624,6484,5269,2620,0
2026-08-23 07:09:10.132644,6502,5354,3123,0
2026-08-23 07:09:10.132664,6426,5324,2838,0
2026-08-23 07:09:10.132684,6495,5347,2862,0
2026-08-23 07:09:10.132704,6517,5384,3279,0
2026-08-23 07:09:10.153963,6417,4857,2873,0
2026-08-23 07:09:10.153983,6497,4980,3095,0
2026-08-23 07:09:10.154003,6378,4965,1520,0
2026-08-23 07:09:10.154023,6416,5182,2650,0
2026-08-23 07:09:10.154043,6486,5229,2628,0
2026-08-23 07:09:10.154063,6494,5274,3086,0
2026-08-23 07:09:10.154083,6418,5256,2784,0
2026-08-23 07:09:10.154103,6491,5295,2862,0
2026-08-23 07:09:10.154123,6513,5340,3120,0
2026-08-23 07:09:10.154143,6297,5235,1693,0
2026-08-23 07:09:10.154163,6430,5298,2577,0
2026-08-23 07:09:10.174635,6323,4673,329,0
2026-08-23 07:09:10.174655,6396,4958,2647,0
2026-08-23 07:09:10.174675,6493,5091,2604,0
2026-08-23 07:09:10.174695,6496,5181,3030,0
2026-08-23 07:09:10.174715,6423,5227,2734,0
2026-08-23 07:09:10.174735,6491,5302,2877,0
2026-08-23 07:09:10.174755,6510,5336,3102,0
2026-08-23 07:09:10.174775,6343,5178,712,0
2026-08-23 07:09:10.174795,6399,5299,2416,0
2026-08-23 07:09:10.174815,6480,5340,2621,0
2026-08-23 07:09:10.174835,6390,5172,0,0
2026-08-23 07:09:10.174855,6394,5346,3041,0
2026-08-23 07:09:10.174875,6497,5382,2886,0
2026-08-23 07:09:10.174895,6514,5374,3197,0
2026-08-23 07:09:10.174915,6480,5306,2650,0
2026-08-23 07:09:10.192664,6419,4565,2525,0
2026-08-23 07:09:10.192684,6489,4813,2905,0
2026-08-23 07:09:10.192704,6424,4922,2889,0
2026-08-23 07:09:10.192724,6508,5076,2929,0
2026-08-23 07:09:10.192744,6512,5156,2962,0
2026-08-23 07:09:10.192764,6272,4923,0,0
2026-08-23 07:09:10.192784,6337,5204,2715,0
2026-08-23 07:09:10.192804,6486,5252,2571,0
2026-08-23 07:09:10.192824,6486,5332,2921,0
2026-08-23 07:09:10.192844,6406,5282,2306,0
2026-08-23 07:09:10.192864,6463,5304,2873,0
2026-08-23 07:09:10.192884,6508,5312,3168,0
2026-08-23 07:09:10.210279,6432,4866,3029,0
2026-08-23 07:09:10.210299,6514,5012,2883,0
2026-08-23 07:09:10.210319,6521,5162,3350,0
2026-08-23 07:09:10.210339,6419,5160,2697,0
2026-08-23 07:09:10.210359,6429,5220,2576,0
2026-08-23 07:09:10.210379,6482,5275,2768,0
2026-08-23 07:09:10.210399,6323,5135,242,0
2026-08-23 07:09:10.210419,6392,5336,2917,0
2026-08-23 07:09:10.210439,6500,5326,2902,0
2026-08-23 07:09:10.210459,6527,5384,3469,0
2026-08-23 07:09:10.210479,6428,5316,2650,0
2026-08-23 07:09:10.229163,6434,4897,3190,0
2026-08-23 07:09:10.229183,6409,4966,2523,0
2026-08-23 07:09:10.229203,6476,5075,2616,0
2026-08-23 07:09:10.229223,6479,5161,2690,0
2026-08-23 07:09:10.229243,6494,5257,3260,0
2026-08-23 07:09:10.229263,6415,5263,2900,0
2026-08-23 07:09:10.229283,6502,5313,2875,0
2026-08-23 07:09:10.229303,6519,5334,3244,0
2026-08-23 07:09:10.229323,6400,5264,2373,0
2026-08-23 07:09:10.229343,6458,5304,2546,0
2026-08-23 07:09:10.229363,6485,5359,2768,0
2026-08-23 07:09:10.229383,6424,5299,2712,0
2026-08-23 07:09:10.247262,6430,4769,2918,0
2026-08-23 07:09:10.247282,6409,4913,2479,0
2026-08-23 07:09:10.247302,6469,5028,2896,0
2026-08-23 07:09:10.247322,6504,5151,3008,0
2026-08-23 07:09:10.247342,6283,4961,0,0
2026-08-23 07:09:10.247362,6390,5224,2634,0
2026-08-23 07:09:10.247382,6480,5286,2595,0
2026-08-23 07:09:10.247402,6482,5343,3043,0
2026-08-23 07:09:10.247422,6429,5364,3035,0
2026-08-23 07:09:10.247442,6517,5357,2890,0
2026-08-23 07:09:10.247462,6519,5343,3135,0
2026-08-23 07:09:10.247482,6423,5294,2731,0
2026-08-23 07:09:10.266520,6429,4883,2907,0
2026-08-23 07:09:10.266540,6516,5018,3445,0
2026-08-23 07:09:10.266560,6417,5059,2617,0
2026-08-23 07:09:10.266580,6469,5174,2541,0
2026-08-23 07:09:10.266600,6486,5246,2829,0
2026-08-23 07:09:10.266620,6420,5219,2691,0
2026-08-23 07:09:10.266640,6494,5284,2925,0
2026-08-23 07:09:10.266660,6508,5359,2940,0
2026-08-23 07:09:10.266680,6515,5369,3567,0
2026-08-23 07:09:10.266700,6428,5302,2729,0
2026-08-23 07:09:10.266720,6484,5342,2593,0
2026-08-23 07:09:10.266740,6494,5341,2994,0
2026-08-23 07:09:10.285534,6432,4758,2630,0
2026-08-23 07:09:10.285554,6308,4747,0,0
2026-08-23 07:09:10.285574,6399,5035,3019,0
2026-08-23 07:09:10.285594,6508,5159,2859,0
2026-08-23 07:09:10.285614,6511,5258,3220,0
2026-08-23 07:09:10.285634,6406,5206,2476,0
2026-08-23 07:09:10.285654,6471,5265,2602,0
2026-08-23 07:09:10.285674,6491,5296,2679,0
2026-08-23 07:09:10.285694,6500,5382,3274,0
2026-08-23 07:09:10.285714,6424,5351,2917,0
2026-08-23 07:09:10.285734,6508,5386,2875,0
2026-08-23 07:09:10.285754,6524,5409,3422,0
2026-08-23 07:09:10.306430,6432,4836,2897,0
2026-08-23 07:09:10.306450,6515,4983,3472,0
2026-08-23 07:09:10.306470,6418,5011,2721,0
2026-08-23 07:09:10.306490,6482,5103,2580,0
2026-08-23 07:09:10.306510,6481,5210,2848,0
2026-08-23 07:09:10.306530,6387,5196,1691,0
2026-08-23 07:09:10.306550,6431,5314,2897,0
2026-08-23 07:09:10.306570,6503,5341,2869,0
2026-08-23 07:09:10.306590,6521,5403,3547,0
2026-08-23 07:09:10.306610,6414,5298,2790,0
2026-08-23 07:09:10.306630,6481,5315,2570,0
2026-08-23 07:09:10.306650,6486,5349,2948,0
2026-08-23 07:09:10.306670,6438,5362,3030,0
2026-08-23 07:09:10.327446,6423,4673,2717,0
2026-08-23 07:09:10.327466,6483,4893,2870,0
2026-08-23 07:09:10.327486,6525,5021,3103,0
2026-08-23 07:09:10.327506,6348,4935,703,0
2026-08-23 07:09:10.327526,6397,5164,2622,0
2026-08-23 07:09:10.327546,6480,5217,2637,0
2026-08-23 07:09:10.327566,6499,5340,1155,0
2026-08-23 07:09:10.327586,6446,5279,3040,0
2026-08-23 07:09:10.327606,6503,5332,2884,0
2026-08-23 07:09:10.327626,6513,5370,3144,0
2026-08-23 07:09:10.327646,6400,5298,2145,0
2026-08-23 07:09:10.327666,6464,5305,2614,0
2026-08-23 07:09:10.327686,6456,5353,2731,0
2026-08-23 07:09:10.348447,6431,4680,2726,0
2026-08-23 07:09:10.348467,6401,4822,2030,0
2026-08-23 07:09:10.348487,6451,4977,2955,0
2026-08-23 07:09:10.348507,6512,5131,2890,0
2026-08-23 07:09:10.348527,6514,5213,3367,0
2026-08-23 07:09:10.348547,6417,5237,2719,0
2026-08-23 07:09:10.348567,6492,5266,2585,0
2026-08-23 07:09:10.348587,6481,5310,2768,0
2026-08-23 07:09:10.348607,6311,5144,75,0
2026-08-23 07:09:10.348627,6403,5361,2928,0
2026-08-23 07:09:10.348647,6508,5337,2902,0
2026-08-23 07:09:10.348667,6526,5381,3470,0
2026-08-23 07:09:10.348687,6430,5287,2651,0
2026-08-23 07:09:10.369359,6423,4696,2724,0
2026-08-23 07:09:10.369380,6485,4884,2575,0
2026-08-23 07:09:10.369400,6496,5009,2759,0
2026-08-23 07:09:10.369420,6372,5034,1797,0
2026-08-23 07:09:10.369440,6438,5194,2890,0
2026-08-23 07:09:10.369460,6500,5230,2958,0
2026-08-23 07:09:10.369480,6534,5350,3572,0
2026-08-23 07:09:10.369500,6418,5288,2643,0
2026-08-23 07:09:10.369519,6471,5310,2543,0
2026-08-23 07:09:10.369539,6494,5353,2946,0
2026-08-23 07:09:10.369560,6428,5330,2958,0
2026-08-23 07:09:10.369580,6509,5342,2880,0
2026-08-23 07:09:10.369600,6527,5382,3134,0
2026-08-23 07:09:10.386638,6437,4715,2915,0
2026-08-23 07:09:10.386658,6372,4779,1707,0
2026-08-23 07:09:10.386678,6425,5000,2578,0
2026-08-23 07:09:10.386698,6490,5075,2666,0
2026-08-23 07:09:10.386718,6336,5019,312,0
2026-08-23 07:09:10.386738,6402,5234,3023,0
2026-08-23 07:09:10.386758,6506,5289,2885,0
2026-08-23 07:09:10.386778,6525,5357,3265,0
2026-08-23 07:09:10.386798,6419,5303,2583,0
2026-08-23 07:09:10.386818,6477,5325,2598,0
2026-08-23 07:09:10.386838,6494,5310,2784,0
2026-08-23 07:09:10.403905,6420,4809,2609,0
2026-08-23 07:09:10.403925,6485,4950,2654,0
2026-08-23 07:09:10.403945,6300,4860,0,0
2026-08-23 07:09:10.403965,6400,5179,3029,0
2026-08-23 07:09:10.403985,6525,5254,2875,0
2026-08-23 07:09:10.404005,6519,5259,3220,0
2026-08-23 07:09:10.404025,6419,5233,2474,0
2026-08-23 07:09:10.404045,6474,5313,2618,0
2026-08-23 07:09:10.404065,6475,5333,2614,0
2026-08-23 07:09:10.404085,6509,5397,3267,0
2026-08-23 07:09:10.404105,6433,5322,2920,0
2026-08-23 07:09:10.421867,6425,4847,3026,0
2026-08-23 07:09:10.421887,6434,4973,3030,0
2026-08-23 07:09:10.421907,6509,5068,2883,0
2026-08-23 07:09:10.421927,6499,5182,3050,0
2026-08-23 07:09:10.421947,6381,5101,1636,0
2026-08-23 07:09:10.421967,6430,5269,2661,0
2026-08-23 07:09:10.421987,6489,5297,2632,0
2026-08-23 07:09:10.422007,6497,5326,3101,0
2026-08-23 07:09:10.422027,6420,5320,2808,0
2026-08-23 07:09:10.422047,6495,5345,2838,0
2026-08-23 07:09:10.422067,6516,5382,3216,0
2026-08-23 07:09:10.440777,6428,4829,2900,0
2026-08-23 07:09:10.440797,6507,4957,3040,0
2026-08-23 07:09:10.440817,6355,4952,1004,0
2026-08-23 07:09:10.440837,6395,5167,2660,0
2026-08-23 07:09:10.440857,6483,5226,2616,0
2026-08-23 07:09:10.440877,6483,5294,3046,0
2026-08-23 07:09:10.440897,6421,5245,2727,0
2026-08-23 07:09:10.440917,6495,5302,2873,0
2026-08-23 07:09:10.440937,6503,5344,3102,0
2026-08-23 07:09:10.440957,6355,5196,885,0
2026-08-23 07:09:10.440977,6399,5342,2599,0
2026-08-23 07:09:10.440997,6482,5345,2715,0
2026-08-23 07:09:10.459664,6419,4792,2572,0
2026-08-23 07:09:10.459684,6487,4923,2801,0
2026-08-23 07:09:10.459704,6364,4888,920,0
2026-08-23 07:09:10.459724,6406,5139,2913,0
2026-08-23 07:09:10.459744,6514,5234,2883,0
2026-08-23 07:09:10.459764,6522,5279,3470,0
2026-08-23 07:09:10.459784,6416,5266,2649,0
2026-08-23 07:09:10.459804,6485,5272,2550,0
2026-08-23 07:09:10.459824,6494,5314,2874,0
2026-08-23 07:09:10.459844,6426,5335,2851,0
2026-08-23 07:09:10.459864,6516,5364,2903,0
2026-08-23 07:09:10.459884,6519,5341,3047,0
2026-08-23 07:09:10.478714,6433,4764,2865,0
2026-08-23 07:09:10.478734,6514,4954,3186,0
2026-08-23 07:09:10.478754,6400,4957,2097,0
2026-08-23 07:09:10.478774,6450,5089,2582,0
2026-08-23 07:09:10.478794,6481,5211,2716,0
2026-08-23 07:09:10.478814,6354,5149,868,0
2026-08-23 07:09:10.478834,6407,5297,3002,0
2026-08-23 07:09:10.478854,6512,5342,2879,0
2026-08-23 07:09:10.478874,6508,5351,3267,0
2026-08-23 07:09:10.478894,6418,5335,2632,0
2026-08-23 07:09:10.478914,6482,5362,2593,0
2026-08-23 07:09:10.478934,6494,5320,2801,0
2026-08-23 07:09:10.499784,6424,4784,2589,0
2026-08-23 07:09:10.499804,6488,4964,2990,0
2026-08-23 07:09:10.499825,6438,5051,3002,0
2026-08-23 07:09:10.499845,6515,5152,2900,0
2026-08-23 07:09:10.499865,6515,5216,3044,0
2026-08-23 07:09:10.499885,6347,5069,755,0
2026-08-23 07:09:10.499905,6401,5296,2662,0
2026-08-23 07:09:10.499925,6482,5288,2588,0
2026-08-23 07:09:10.499944,6501,5335,3013,0
2026-08-23 07:09:10.499964,6417,5315,2685,0
2026-08-23 07:09:10.499985,6478,5362,2869,0
2026-08-23 07:09:10.500005,6520,5351,3128,0
2026-08-23 07:09:10.500025,6415,5266,2272,0
2026-08-23 07:09:10.520666,6416,4698,2464,0
2026-08-23 07:09:10.520686,6458,4852,2532,0
2026-08-23 07:09:10.520706,6488,5018,2718,0
2026-08-23 07:09:10.520726,6382,4891,0,0
2026-08-23 07:09:10.520746,6398,5195,2929,0
2026-08-23 07:09:10.520766,6499,5219,2889,0
2026-08-23 07:09:10.520786,6526,5320,3309,0
2026-08-23 07:09:10.520806,6420,5238,2492,0
2026-08-23 07:09:10.520826,6465,5287,2539,0
2026-08-23 07:09:10.520846,6480,5344,2783,0
2026-08-23 07:09:10.520866,6402,5269,2192,0
2026-08-23 07:09:10.520886,6467,5329,2956,0
2026-08-23 07:09:10.520906,6565,5331,2959,0
2026-08-23 07:09:10.540794,6415,4733,2896,0
2026-08-23 07:09:10.540814,6518,4960,3474,0
2026-08-23 07:09:10.540834,6420,4995,2647,0
2026-08-23 07:09:10.540854,6480,5073,2582,0
2026-08-23 07:09:10.540874,6484,5175,2888,0
2026-08-23 07:09:10.540894,6419,5207,2810,0
2026-08-23 07:09:10.540914,6500,5258,2871,0
2026-08-23 07:09:10.540934,6514,5306,2965,0
2026-08-23 07:09:10.540954,6378,5014,0,0
2026-08-23 07:09:10.540974,6399,5300,2705,0
2026-08-23 07:09:10.540994,6484,5292,2543,0
2026-08-23 07:09:10.541014,6489,5363,2970,0
2026-08-23 07:09:10.541034,6431,5299,2888,0
2026-08-23 07:09:10.561408,6358,4681,0,0
2026-08-23 07:09:10.561428,6404,4940,3043,0
2026-08-23 07:09:10.561448,6500,5079,2991,0
2026-08-23 07:09:10.561468,6515,5209,3172,0
2026-08-23 07:09:10.561488,6402,5139,2269,0
2026-08-23 07:09:10.561508,6461,5254,2629,0
2026-08-23 07:09:10.561528,6473,5297,2663,0
2026-08-23 07:09:10.561548,6502,5350,3209,0
2026-08-23 07:09:10.561568,6432,5329,2891,0
2026-08-23 07:09:10.561588,6502,5326,2865,0
2026-08-23 07:09:10.561608,6509,5354,3230,0
2026-08-23 07:09:10.561628,6389,5278,2172,0
2026-08-23 07:09:10.561648,6453,5250,2617,0
2026-08-23 07:09:10.581648,6425,4787,2697,0
2026-08-23 07:09:10.581668,6483,4904,2609,0
2026-08-23 07:09:10.581688,6488,5044,2996,0
2026-08-23 07:09:10.581708,6422,5190,2659,0
2026-08-23 07:09:10.581728,6488,5188,2879,0
2026-08-23 07:09:10.581748,6514,5247,3041,0
2026-08-23 07:09:10.581768,6310,5087,83,0
2026-08-23 07:09:10.581788,6388,5289,2627,0
2026-08-23 07:09:10.581808,6482,5330,2618,0
2026-08-23 07:09:10.581828,6501,5397,3084,0
2026-08-23 07:09:10.581848,6435,5341,3045,0
2026-08-23 07:09:10.581868,6511,5379,2882,0
2026-08-23 07:09:10.581888,6327,5096,142,0
2026-08-23 07:09:10.603567,6432,4786,2889,0
2026-08-23 07:09:10.603587,6505,5024,3413,0
2026-08-23 07:09:10.603607,6424,5046,2602,0
2026-08-23 07:09:10.603627,6493,5103,2573,0
2026-08-23 07:09:10.603647,6480,5236,2833,0
2026-08-23 07:09:10.603667,6410,5219,2684,0
2026-08-23 07:09:10.603687,6493,5266,2928,0
2026-08-23 07:09:10.603707,6499,5314,3009,0
2026-08-23 07:09:10.603727,6532,5387,3480,0
2026-08-23 07:09:10.603747,6430,5308,2729,0
2026-08-23 07:09:10.603767,6489,5316,2596,0
2026-08-23 07:09:10.603787,6491,5352,2851,0
2026-08-23 07:09:10.603807,6424,5328,2500,0
2026-08-23 07:09:10.603827,6483,5322,2854,0
2026-08-23 07:09:10.624652,6428,4710,2875,0
2026-08-23 07:09:10.624672,6512,4937,3034,0
2026-08-23 07:09:10.624692,6351,4904,1045,0
2026-08-23 07:09:10.624712,6405,5076,2668,0
2026-08-23 07:09:10.624732,6473,5194,2612,0
2026-08-23 07:09:10.624752,6494,5247,3028,0
2026-08-23 07:09:10.624772,6423,5251,2717,0
2026-08-23 07:09:10.624792,6488,5299,2876,0
2026-08-23 07:09:10.624812,6507,5387,3060,0
2026-08-23 07:09:10.624832,6339,5184,777,0
2026-08-23 07:09:10.624852,6397,5321,2614,0
2026-08-23 07:09:10.624872,6478,5334,2652,0
2026-08-23 07:09:10.624892,6361,5242,1114,0
2026-08-23 07:09:10.645923,6434,4771,3226,0
2026-08-23 07:09:10.645943,6418,4894,2899,0
2026-08-23 07:09:10.645963,6500,5003,2891,0
2026-08-23 07:09:10.645983,6521,5136,3289,0
2026-08-23 07:09:10.646003,6421,5160,2456,0
2026-08-23 07:09:10.646023,6458,5230,2547,0
2026-08-23 07:09:10.646043,6503,5283,2744,0
2026-08-23 07:09:10.646063,6394,5246,1983,0
2026-08-23 07:09:10.646083,6446,5340,2972,0
2026-08-23 07:09:10.646103,6513,5327,2906,0
2026-08-23 07:09:10.646123,6522,5404,3349,0
2026-08-23 07:09:10.646143,6426,5310,2730,0
2026-08-23 07:09:10.646163,6490,5306,2606,0
2026-08-23 07:09:10.666936,6428,4668,2576,0
2026-08-23 07:09:10.666956,6490,4911,2978,0
2026-08-23 07:09:10.666976,6430,4985,3009,0
2026-08-23 07:09:10.666996,6500,5145,2893,0
2026-08-23 07:09:10.667016,6507,5221,3051,0
2026-08-23 07:09:10.667036,6366,5070,1227,0
2026-08-23 07:09:10.667056,6407,5240,2663,0
2026-08-23 07:09:10.667076,6489,5310,2604,0
2026-08-23 07:09:10.667096,6491,5355,3030,0
2026-08-23 07:09:10.667116,6408,5303,2769,0
2026-08-23 07:09:10.667136,6490,5342,2864,0
2026-08-23 07:09:10.667156,6507,5371,3149,0
2026-08-23 07:09:10.667176,6411,5315,2333,0
2026-08-23 07:09:10.687973,6419,4667,2481,0
2026-08-23 07:09:10.687994,6466,4889,2606,0
2026-08-23 07:09:10.688014,6490,5013,2720,0
2026-08-23 07:09:10.688034,6381,4833,0,0
2026-08-23 07:09:10.688054,6405,5155,2935,0
2026-08-23 07:09:10.688074,6493,5238,2874,0
2026-08-23 07:09:10.688094,6524,5308,3307,0
2026-08-23 07:09:10.688114,6417,5259,2654,0
2026-08-23 07:09:10.688133,6467,5295,2574,0
2026-08-23 07:09:10.688154,6488,5314,2766,0
2026-08-23 07:09:10.688174,6402,5306,2153,0
2026-08-23 07:09:10.688194,6464,5379,2947,0
2026-08-23 07:09:10.688214,6513,5333,2998,0
2026-08-23 07:09:10.708905,6427,4732,2929,0
2026-08-23 07:09:10.708925,6523,4916,3540,0
2026-08-23 07:09:10.708945,6416,4980,2644,0
2026-08-23 07:09:10.708965,6473,5102,2543,0
2026-08-23 07:09:10.708985,6497,5203,2922,0
2026-08-23 07:09:10.709005,6429,5247,2930,0
2026-08-23 07:09:10.709025,6507,5301,2889,0
2026-08-23 07:09:10.709045,6511,5332,2965,0
2026-08-23 07:09:10.709064,6309,5072,0,0
2026-08-23 07:09:10.709085,6390,5313,2685,0
2026-08-23 07:09:10.709105,6483,5314,2584,0
2026-08-23 07:09:10.709125,6480,5386,3008,0
2026-08-23 07:09:10.709145,6425,5317,2870,0
2026-08-23 07:09:10.730113,6424,4732,3033,0
2026-08-23 07:09:10.730133,6549,4926,2879,0
2026-08-23 07:09:10.730153,6514,5053,3108,0
2026-08-23 07:09:10.730173,6383,5033,1830,0
2026-08-23 07:09:10.730193,6408,5170,2651,0
2026-08-23 07:09:10.730213,6474,5242,2618,0
2026-08-23 07:09:10.730233,6492,5296,3139,0
2026-08-23 07:09:10.730253,6484,5301,2845,0
2026-08-23 07:09:10.730273,6498,5332,2864,0
2026-08-23 07:09:10.730293,6516,5382,3165,0
2026-08-23 07:09:10.730313,6393,5242,1793,0
2026-08-23 07:09:10.730333,6432,5307,2598,0
2026-08-23 07:09:10.730353,6489,5347,2763,0
2026-08-23 07:09:10.750985,6427,4682,2717,0
2026-08-23 07:09:10.751005,6296,4642,0,0
2026-08-23 07:09:10.751025,6393,5022,2916,0
2026-08-23 07:09:10.751045,6500,5144,2907,0
2026-08-23 07:09:10.751065,6522,5216,3426,0
2026-08-23 07:09:10.751085,6418,5183,2628,0
2026-08-23 07:09:10.751105,6482,5252,2536,0
2026-08-23 07:09:10.751125,6492,5313,2836,0
2026-08-23 07:09:10.751145,6422,5282,2707,0
2026-08-23 07:09:10.751165,6479,5346,2933,0
2026-08-23 07:09:10.751185,6513,5388,2940,0
2026-08-23 07:09:10.751205,6279,5049,0,0
2026-08-23 07:09:10.751225,6405,5257,2638,0
2026-08-23 07:09:10.771772,6424,4676,2662,0
2026-08-23 07:09:10.771792,6484,4869,2579,0
2026-08-23 07:09:10.771812,6499,5040,2923,0
2026-08-23 07:09:10.771832,6422,5091,2636,0
2026-08-23 07:09:10.771852,6503,5205,2891,0
2026-08-23 07:09:10.771873,6511,5221,2992,0
2026-08-23 07:09:10.771893,6312,5014,0,0
2026-08-23 07:09:10.771913,6404,5293,2677,0
2026-08-23 07:09:10.771932,6481,5286,2593,0
2026-08-23 07:09:10.771952,6496,5365,2958,0
2026-08-23 07:09:10.771972,6418,5320,2534,0
2026-08-23 07:09:10.771992,6485,5360,2866,0
2026-08-23 07:09:10.772012,6517,5331,3139,0
2026-08-23 07:09:10.792896,6431,4756,3058,0
2026-08-23 07:09:10.792916,6369,4815,1747,0
2026-08-23 07:09:10.792936,6437,5006,2659,0
2026-08-23 07:09:10.792956,6473,5071,2616,0
2026-08-23 07:09:10.792976,6510,5224,3115,0
2026-08-23 07:09:10.792996,6420,5185,2815,0
2026-08-23 07:09:10.793016,6489,5283,2852,0
2026-08-23 07:09:10.793036,6520,5301,3107,0
2026-08-23 07:09:10.793056,6374,5199,1514,0
2026-08-23 07:09:10.793076,6421,5279,2581,0
2026-08-23 07:09:10.793096,6480,5354,2648,0
2026-08-23 07:09:10.793116,6356,5179,656,0
2026-08-23 07:09:10.793136,6408,5323,2966,0
2026-08-23 07:09:10.814105,6429,4739,2937,0
2026-08-23 07:09:10.814125,6503,4877,2887,0
2026-08-23 07:09:10.814145,6515,5057,3395,0
2026-08-23 07:09:10.814165,6419,5042,2589,0
2026-08-23 07:09:10.814185,6475,5146,2581,0
2026-08-23 07:09:10.814205,6498,5257,2810,0
2026-08-23 07:09:10.814225,6414,5264,2582,0
2026-08-23 07:09:10.814245,6478,5318,2935,0
2026-08-23 07:09:10.814265,6506,5307,2899,0
2026-08-23 07:09:10.814285,6534,5393,3469,0
2026-08-23 07:09:10.814305,6428,5344,2729,0
2026-08-23 07:09:10.814325,6481,5325,2584,0
2026-08-23 07:09:10.814345,6490,5339,2977,0
2026-08-23 07:09:10.835264,6434,4726,2978,0
2026-08-23 07:09:10.835284,6434,4870,2990,0
2026-08-23 07:09:10.835304,6518,5007,2892,0
2026-08-23 07:09:10.835324,6502,5129,3036,0
2026-08-23 07:09:10.835344,6343,5029,876,0
2026-08-23 07:09:10.835364,6391,5245,2675,0
2026-08-23 07:09:10.835384,6488,5283,2606,0
2026-08-23 07:09:10.835404,6492,5307,3000,0
2026-08-23 07:09:10.835424,6416,5286,2630,0
2026-08-23 07:09:10.835444,6487,5353,2872,0
2026-08-23 07:09:10.835464,6503,5399,3043,0
2026-08-23 07:09:10.835484,6364,5209,1050,0
2026-08-23 07:09:10.835504,6411,5281,2550,0
2026-08-23 07:09:10.855966,6429,4700,2601,0
2026-08-23 07:09:10.855986,6488,4867,2730,0
2026-08-23 07:09:10.856006,6290,4716,0,0
2026-08-23 07:09:10.856026,6397,5038,2927,0
2026-08-23 07:09:10.856046,6515,5143,2903,0
2026-08-23 07:09:10.856066,6516,5240,3360,0
2026-08-23 07:09:10.856086,6420,5224,2530,0
2026-08-23 07:09:10.856106,6480,5240,2577,0
2026-08-23 07:09:10.856126,6489,5327,2769,0
2026-08-23 07:09:10.856146,6422,5280,2333,0
2026-08-23 07:09:10.856166,6478,5341,2952,0
2026-08-23 07:09:10.856186,6515,5371,2947,0
2026-08-23 07:09:10.856206,6293,5065,0,0
2026-08-23 07:09:10.877045,6445,4742,3303,0
2026-08-23 07:09:10.877065,6406,4886,2549,0
2026-08-23 07:09:10.877085,6476,4979,2541,0
2026-08-23 07:09:10.877105,6495,5130,2797,0
2026-08-23 07:09:10.877125,6415,5138,2406,0
2026-08-23 07:09:10.877145,6474,5230,2927,0
2026-08-23 07:09:10.877165,6513,5281,2917,0
2026-08-23 07:09:10.877185,6530,5370,3437,0
2026-08-23 07:09:10.877205,6424,5316,2732,0
2026-08-23 07:09:10.877225,6495,5338,2579,0
2026-08-23 07:09:10.877245,6496,5327,2825,0
2026-08-23 07:09:10.877265,6395,5251,1866,0
2026-08-23 07:09:10.877285,6446,5326,2874,0
2026-08-23 07:09:10.898121,6429,4722,2896,0
2026-08-23 07:09:10.898141,6510,4864,3048,0
2026-08-23 07:09:10.898161,6363,4876,1377,0
2026-08-23 07:09:10.898181,6410,5097,2688,0
2026-08-23 07:09:10.898201,6486,5171,2609,0
2026-08-23 07:09:10.898221,6499,5231,3013,0
2026-08-23 07:09:10.898242,6422,5265,2746,0
2026-08-23 07:09:10.898262,6498,5280,2868,0
2026-08-23 07:09:10.898281,6512,5326,3112,0
2026-08-23 07:09:10.898301,6366,5189,1121,0
2026-08-23 07:09:10.898321,6400,5312,2588,0
2026-08-23 07:09:10.898341,6475,5322,2638,0
2026-08-23 07:09:10.898361,6386,5258,1382,0
2026-08-23 07:09:10.918473,6441,4778,1472,0
2026-08-23 07:09:10.918493,6406,4880,2924,0
2026-08-23 07:09:10.918513,6501,5014,2884,0
2026-08-23 07:09:10.918533,6522,5172,3362,0
2026-08-23 07:09:10.918553,6416,5163,2538,0
2026-08-23 07:09:10.918573,6479,5185,2542,0
2026-08-23 07:09:10.918593,6482,5293,2787,0
2026-08-23 07:09:10.918613,6425,5277,2377,0
2026-08-23 07:09:10.918633,6479,5316,2969,0
2026-08-23 07:09:10.918653,6509,5368,2927,0
2026-08-23 07:09:10.918673,6532,5406,3432,0
2026-08-23 07:09:10.918693,6425,5334,2717,0
2026-08-23 07:09:10.918713,6492,5335,2631,0
2026-08-23 07:09:10.939408,6420,4796,2636,0
2026-08-23 07:09:10.939428,6488,4934,2643,0
2026-08-23 07:09:10.939448,6256,4770,0,0
2026-08-23 07:09:10.939468,6404,5128,3039,0
2026-08-23 07:09:10.939488,6498,5227,2890,0
2026-08-23 07:09:10.939508,6520,5275,3176,0
2026-08-23 07:09:10.939528,6412,5217,2326,0
2026-08-23 07:09:10.939548,6464,5304,2628,0
2026-08-23 07:09:10.939568,6486,5335,2656,0
2026-08-23 07:09:10.939588,6508,5352,3194,0
2026-08-23 07:09:10.939608,6415,5325,2899,0
2026-08-23 07:09:10.939628,6506,5381,2875,0
2026-08-23 07:09:10.939648,6523,5372,3368,0
2026-08-23 07:09:10.960407,6437,4736,3250,0
2026-08-23 07:09:10.960428,6426,4839,2626,0
2026-08-23 07:09:10.960448,6483,5005,2596,0
2026-08-23 07:09:10.960468,6487,5083,2728,0
2026-08-23 07:09:10.960488,6345,4856,0,0
2026-08-23 07:09:10.960508,6407,5172,2920,0
2026-08-23 07:09:10.960528,6504,5257,2882,0
2026-08-23 07:09:10.960548,6519,5285,3309,0
2026-08-23 07:09:10.960567,6411,5269,2504,0
2026-08-23 07:09:10.960588,6474,5286,2574,0
2026-08-23 07:09:10.960608,6492,5316,2773,0
2026-08-23 07:09:10.960628,6425,5296,2582,0
2026-08-23 07:09:10.960648,6490,5332,2893,0
2026-08-23 07:09:10.981366,6432,4706,2921,0
2026-08-23 07:09:10.981386,6508,4908,2943,0
2026-08-23 07:09:10.981406,6530,5065,3531,0
2026-08-23 07:09:10.981426,6424,5069,2682,0
2026-08-23 07:09:10.981447,6489,5136,2573,0
2026-08-23 07:09:10.981467,6495,5249,2929,0
2026-08-23 07:09:10.981487,6434,5252,2901,0
2026-08-23 07:09:10.981507,6512,5280,2912,0
2026-08-23 07:09:10.981526,6518,5325,2981,0
2026-08-23 07:09:10.981546,6303,5078,0,0
2026-08-23 07:09:10.981566,6401,5305,2702,0
2026-08-23 07:09:10.981586,6489,5349,2604,0
2026-08-23 07:09:10.981606,6514,5364,3139,0
2026-08-23 07:09:11.002453,6445,4750,2986,0
2026-08-23 07:09:11.002473,6431,4869,3027,0
2026-08-23 07:09:11.002493,6568,5000,2901,0
2026-08-23 07:09:11.002513,6523,5141,3096,0
2026-08-23 07:09:11.002533,6381,5075,1605,0
2026-08-23 07:09:11.002553,6432,5206,2663,0
2026-08-23 07:09:11.002573,6478,5280,2624,0
2026-08-23 07:09:11.002593,6511,5348,3101,0
2026-08-23 07:09:11.002613,6424,5328,2823,0
2026-08-23 07:09:11.002633,6495,5343,2848,0
2026-08-23 07:09:11.002653,6523,5355,3124,0
2026-08-23 07:09:11.002673,6407,5251,1959,0
2026-08-23 07:09:11.002693,6442,5322,2582,0
2026-08-23 07:09:11.023390,6478,4672,2601,0
2026-08-23 07:09:11.023410,6459,4886,2727,0
2026-08-23 07:09:11.023430,6296,4736,0,0
2026-08-23 07:09:11.023450,6404,5130,2928,0
2026-08-23 07:09:11.023470,6506,5186,2916,0
2026-08-23 07:09:11.023490,6516,5290,3383,0
2026-08-23 07:09:11.023510,6416,5217,2592,0
2026-08-23 07:09:11.023530,6483,5259,2589,0
2026-08-23 07:09:11.023550,6492,5339,2823,0
2026-08-23 07:09:11.023570,6411,5326,2580,0
2026-08-23 07:09:11.023590,6477,5335,2934,0
2026-08-23 07:09:11.023610,6525,5367,2960,0
2026-08-23 07:09:11.023630,6348,5155,552,0
2026-08-23 07:09:11.044305,6510,4763,3488,0
2026-08-23 07:09:11.044325,6418,4872,2650,0
2026-08-23 07:09:11.044345,6489,5015,2580,0
2026-08-23 07:09:11.044365,6489,5150,2918,0
2026-08-23 07:09:11.044385,6425,5170,2914,0
2026-08-23 07:09:11.044405,6502,5222,2888,0
2026-08-23 07:09:11.044425,6515,5303,2981,0
2026-08-23 07:09:11.044445,6293,5076,0,0
2026-08-23 07:09:11.044465,6391,5319,2696,0
2026-08-23 07:09:11.044485,6486,5334,2588,0
2026-08-23 07:09:11.044505,6493,5368,2958,0
2026-08-23 07:09:11.044525,6421,5329,2664,0
2026-08-23 07:09:11.044545,6488,5327,2859,0
2026-08-23 07:09:11.065456,6430,4709,2896,0
2026-08-23 07:09:11.065476,6516,4910,3058,0
2026-08-23 07:09:11.065496,6386,4933,1632,0
2026-08-23 07:09:11.065516,6421,5097,2658,0
2026-08-23 07:09:11.065536,6494,5162,2616,0
2026-08-23 07:09:11.065556,6503,5250,3086,0
2026-08-23 07:09:11.065576,6429,5221,2821,0
2026-08-23 07:09:11.065596,6495,5320,2868,0
2026-08-23 07:09:11.065616,6493,5358,3139,0
2026-08-23 07:09:11.065636,6369,5234,1447,0
2026-08-23 07:09:11.065656,6427,5324,2591,0
2026-08-23 07:09:11.065676,6487,5349,2683,0
2026-08-23 07:09:11.065696,6405,5300,1964,0
2026-08-23 07:09:11.086525,6279,4409,0,0
2026-08-23 07:09:11.086545,6409,4843,2915,0
2026-08-23 07:09:11.086565,6504,4978,2895,0
2026-08-23 07:09:11.086585,6523,5169,3402,0
2026-08-23 07:09:11.086605,6418,5107,2614,0
2026-08-23 07:09:11.086625,6482,5231,2521,0
2026-08-23 07:09:11.086645,6483,5277,2827,0
2026-08-23 07:09:11.086665,6423,5273,2679,0
2026-08-23 07:09:11.086685,6497,5329,2914,0
2026-08-23 07:09:11.086705,6517,5331,2946,0
2026-08-23 07:09:11.086725,6531,5384,3496,0
2026-08-23 07:09:11.086745,6424,5340,2701,0
2026-08-23 07:09:11.086765,6488,5331,2605,0
2026-08-23 07:09:11.107709,6427,4704,2548,0
2026-08-23 07:09:11.107729,6492,4878,3029,0
2026-08-23 07:09:11.107749,6432,4993,3018,0
2026-08-23 07:09:11.107769,6513,5142,2890,0
2026-08-23 07:09:11.107789,6521,5208,3083,0
2026-08-23 07:09:11.107809,6374,5165,1548,0
2026-08-23 07:09:11.107829,6421,5253,2671,0
2026-08-23 07:09:11.107849,6489,5317,2610,0
2026-08-23 07:09:11.107869,6503,5369,3051,0
2026-08-23 07:09:11.107889,6422,5336,2793,0
2026-08-23 07:09:11.107909,6533,5340,2860,0
2026-08-23 07:09:11.107929,6504,5378,3155,0
2026-08-23 07:09:11.107949,6424,5307,2499,0
2026-08-23 07:09:11.128851,6422,4674,2707,0
2026-08-23 07:09:11.128871,6478,4877,2584,0
2026-08-23 07:09:11.128891,6494,4984,2755,0
2026-08-23 07:09:11.128911,6329,4939,276,0
2026-08-23 07:09:11.128931,6408,5179,2918,0
2026-08-23 07:09:11.128951,6504,5266,2892,0
2026-08-23 07:09:11.128971,6523,5309,3416,0
2026-08-23 07:09:11.128991,6424,5261,2645,0
2026-08-23 07:09:11.129011,6483,5288,2543,0
2026-08-23 07:09:11.129031,6489,5338,2841,0
2026-08-23 07:09:11.129051,6438,5350,2737,0
2026-08-23 07:09:11.129071,6495,5341,2899,0
2026-08-23 07:09:11.129091,6516,5371,3089,0
2026-08-23 07:09:11.149984,6434,4701,3034,0
2026-08-23 07:09:11.150004,6351,4766,1059,0
2026-08-23 07:09:11.150024,6409,4967,2599,0
2026-08-23 07:09:11.150044,6483,5073,2625,0
2026-08-23 07:09:11.150064,6299,4922,0,0
2026-08-23 07:09:11.150084,6406,5210,3035,0
2026-08-23 07:09:11.150105,6521,5279,2871,0
2026-08-23 07:09:11.150125,6507,5336,3170,0
2026-08-23 07:09:11.150144,6417,5253,2382,0
2026-08-23 07:09:11.150164,6471,5335,2631,0
2026-08-23 07:09:11.150184,6489,5348,2648,0
2026-08-23 07:09:11.150204,6503,5386,3257,0
2026-08-23 07:09:11.150224,6424,5339,2913,0
2026-08-23 07:09:11.170259,6430,4699,2965,0
2026-08-23 07:09:11.170279,6504,4869,2890,0
2026-08-23 07:09:11.170299,6522,5030,3373,0
2026-08-23 07:09:11.170319,6440,5098,2722,0
2026-08-23 07:09:11.170339,6484,5162,2452,0
2026-08-23 07:09:11.170359,6493,5218,2775,0
2026-08-23 07:09:11.170379,6354,5086,466,0
2026-08-23 07:09:11.170399,6399,5331,2923,0
2026-08-23 07:09:11.170419,6510,5328,2855,0
2026-08-23 07:09:11.170439,6523,5372,3431,0
2026-08-23 07:09:11.170459,6427,5304,2643,0
2026-08-23 07:09:11.170479,6483,5363,2583,0
2026-08-23 07:09:11.170499,6398,5195,0,0
2026-08-23 07:09:11.190468,6434,4794,2589,0
2026-08-23 07:09:11.190488,6492,4960,2941,0
2026-08-23 07:09:11.190508,6417,5028,2619,0
2026-08-23 07:09:11.190528,6484,5157,2884,0
2026-08-23 07:09:11.190548,6508,5268,3024,0
2026-08-23 07:09:11.190568,6309,5055,0,0
2026-08-23 07:09:11.190588,6398,5296,2640,0
2026-08-23 07:09:11.190608,6483,5330,2607,0
2026-08-23 07:09:11.190628,6498,5366,3056,0
2026-08-23 07:09:11.190648,6448,5335,3033,0
2026-08-23 07:09:11.190668,6512,5380,2889,0
2026-08-23 07:09:11.190688,6510,5404,3120,0
2026-08-23 07:09:11.190708,6446,5253,2725,0
2026-08-23 07:09:11.210960,6438,4841,3410,0
2026-08-23 07:09:11.210980,6408,4890,2629,0
2026-08-23 07:09:11.211000,6474,5047,2541,0
2026-08-23 07:09:11.211020,6490,5178,2832,0
2026-08-23 07:09:11.211040,6426,5208,2732,0
2026-08-23 07:09:11.211060,6483,5274,2923,0
2026-08-23 07:09:11.211080,6513,5287,2946,0
2026-08-23 07:09:11.211100,6534,5340,3508,0
2026-08-23 07:09:11.211120,6413,5290,2696,0
2026-08-23 07:09:11.211140,6496,5307,2589,0
2026-08-23 07:09:11.211160,6495,5340,2946,0
2026-08-23 07:09:11.211180,6393,5308,1889,0
2026-08-23 07:09:11.211200,6448,5254,2899,0
2026-08-23 07:09:11.231716,6432,4755,2952,0
2026-08-23 07:09:11.231736,6506,4941,2982,0
2026-08-23 07:09:11.231756,6292,4771,0,0
2026-08-23 07:09:11.231776,6400,5133,2703,0
2026-08-23 07:09:11.231796,6482,5191,2591,0
2026-08-23 07:09:11.231816,6498,5269,2956,0
2026-08-23 07:09:11.231836,6415,5252,2402,0
2026-08-23 07:09:11.231856,6468,5331,2888,0
2026-08-23 07:09:11.231876,6506,5353,3200,0
2026-08-23 07:09:11.231896,6280,5030,0,0
2026-08-23 07:09:11.231916,6394,5315,2584,0
2026-08-23 07:09:11.231936,6492,5296,2609,0
2026-08-23 07:09:11.231956,6402,5128,93,0
2026-08-23 07:09:11.252796,6426,4789,2848,0
2026-08-23 07:09:11.252816,6385,4856,1741,0
2026-08-23 07:09:11.252836,6405,5074,2899,0
2026-08-23 07:09:11.252856,6505,5133,2945,0
2026-08-23 07:09:11.252876,6519,5294,3543,0
2026-08-23 07:09:11.252896,6428,5254,2675,0
2026-08-23 07:09:11.252916,6480,5286,2590,0
2026-08-23 07:09:11.252936,6494,5336,2955,0
2026-08-23 07:09:11.252956,6419,5341,2922,0
2026-08-23 07:09:11.252976,6502,5363,2905,0
2026-08-23 07:09:11.252996,6518,5362,3003,0
2026-08-23 07:09:11.253016,6368,5230,1055,0
2026-08-23 07:09:11.253036,6417,5346,2632,0
2026-08-23 07:09:11.273850,6429,4672,2605,0
2026-08-23 07:09:11.273870,6484,4845,2680,0
2026-08-23 07:09:11.273890,6304,4798,0,0
2026-08-23 07:09:11.273910,6417,5139,2999,0
2026-08-23 07:09:11.273930,6514,5221,2890,0
2026-08-23 07:09:11.273950,6513,5284,3215,0
2026-08-23 07:09:11.273970,6409,5212,2459,0
2026-08-23 07:09:11.273990,6469,5297,2619,0
2026-08-23 07:09:11.274010,6517,5295,2676,0
2026-08-23 07:09:11.274030,6498,5349,3234,0
2026-08-23 07:09:11.274050,6418,5327,2901,0
2026-08-23 07:09:11.274070,6503,5368,2872,0
2026-08-23 07:09:11.274090,6520,5364,3499,0
2026-08-23 07:09:11.294101,6451,4733,3371,0
2026-08-23 07:09:11.294121,6433,4846,2849,0
2026-08-23 07:09:11.294141,6493,4966,2584,0
2026-08-23 07:09:11.294161,6489,5131,2786,0
2026-08-23 07:09:11.294181,6348,5047,912,0
2026-08-23 07:09:11.294201,6392,5252,2915,0
2026-08-23 07:09:11.294221,6495,5288,2910,0
2026-08-23 07:09:11.294241,6525,5363,3465,0
2026-08-23 07:09:11.294261,6415,5274,2636,0
2026-08-23 07:09:11.294281,6482,5332,2577,0
2026-08-23 07:09:11.294301,6490,5347,2874,0
2026-08-23 07:09:11.294321,6431,5365,2938,0
2026-08-23 07:09:11.294341,6513,5352,2885,0
2026-08-23 07:09:11.315295,6434,4797,2819,0
2026-08-23 07:09:11.315315,6513,4944,2832,0
2026-08-23 07:09:11.315335,6525,5046,3284,0
2026-08-23 07:09:11.315355,6416,5044,2392,0
2026-08-23 07:09:11.315375,6467,5159,2572,0
2026-08-23 07:09:11.315395,6488,5231,2731,0
2026-08-23 07:09:11.315415,6400,5233,1915,0
2026-08-23 07:09:11.315435,6453,5337,2969,0
2026-08-23 07:09:11.315454,6513,5355,2966,0
2026-08-23 07:09:11.315475,6524,5408,3358,0
2026-08-23 07:09:11.315495,6428,5294,2719,0
2026-08-23 07:09:11.315515,6485,5315,2579,0
2026-08-23 07:09:11.315535,6496,5380,2909,0
2026-08-23 07:09:11.336411,6433,4724,2880,0
2026-08-23 07:09:11.336431,6434,4858,2933,0
2026-08-23 07:09:11.336451,6510,5016,2890,0
2026-08-23 07:09:11.336471,6510,5160,2969,0
2026-08-23 07:09:11.336491,6321,4999,38,0
2026-08-23 07:09:11.336511,6434,5222,2681,0
2026-08-23 07:09:11.336531,6484,5275,2590,0
2026-08-23 07:09:11.336551,6490,5333,2989,0
2026-08-23 07:09:11.336571,6415,5284,2588,0
2026-08-23 07:09:11.336591,6467,5357,2901,0
2026-08-23 07:09:11.336611,6509,5361,3040,0
2026-08-23 07:09:11.336631,6356,5196,973,0
2026-08-23 07:09:11.336651,6410,5324,2577,0
2026-08-23 07:09:11.357407,6426,4723,2645,0
2026-08-23 07:09:11.357427,6484,4852,2693,0
2026-08-23 07:09:11.357447,6494,5055,3208,0
2026-08-23 07:09:11.357467,6428,5078,2906,0
2026-08-23 07:09:11.357487,6507,5202,2886,0
2026-08-23 07:09:11.357507,6519,5252,3222,0
2026-08-23 07:09:11.357527,6457,5233,2243,0
2026-08-23 07:09:11.357547,6456,5251,2574,0
2026-08-23 07:09:11.357567,6496,5325,2712,0
2026-08-23 07:09:11.357587,6377,5240,1373,0
2026-08-23 07:09:11.357607,6420,5336,2993,0
2026-08-23 07:09:11.357627,6508,5374,2911,0
2026-08-23 07:09:11.357647,6392,5075,0,0
2026-08-23 07:09:11.378504,6450,4730,3389,0
2026-08-23 07:09:11.378524,6411,4821,2636,0
2026-08-23 07:09:11.378544,6478,4992,2593,0
2026-08-23 07:09:11.378564,6489,5089,2849,0
2026-08-23 07:09:11.378584,6425,5172,2834,0
2026-08-23 07:09:11.378604,6489,5268,2921,0
2026-08-23 07:09:11.378624,6512,5282,2954,0
2026-08-23 07:09:11.378644,6456,5194,133,0
2026-08-23 07:09:11.378664,6404,5304,2708,0
2026-08-23 07:09:11.378684,6482,5315,2575,0
2026-08-23 07:09:11.378704,6404,5340,2882,0
2026-08-23 07:09:11.378724,6416,5282,2391,0
2026-08-23 07:09:11.378744,6479,5313,2865,0
2026-08-23 07:09:11.399651,6426,4697,2928,0
2026-08-23 07:09:11.399671,6504,4924,3029,0
2026-08-23 07:09:11.399691,6372,4920,1121,0
2026-08-23 07:09:11.399711,6406,5071,2675,0
2026-08-23 07:09:11.399731,6493,5157,2618,0
2026-08-23 07:09:11.399751,6512,5248,3019,0
2026-08-23 07:09:11.399771,6420,5258,2690,0
2026-08-23 07:09:11.399791,6476,5327,2872,0
2026-08-23 07:09:11.399811,6511,5328,3059,0
2026-08-23 07:09:11.399831,6345,5193,656,0
2026-08-23 07:09:11.399851,6393,5315,2611,0
2026-08-23 07:09:11.399871,6514,5318,2642,0
2026-08-23 07:09:11.399891,6391,5251,1842,0
2026-08-23 07:09:11.420578,6306,4466,0,0
2026-08-23 07:09:11.420598,6401,4871,2926,0
2026-08-23 07:09:11.420618,6503,4989,2887,0
2026-08-23 07:09:11.420638,6525,5140,3368,0
2026-08-23 07:09:11.420658,6407,5155,2668,0
2026-08-23 07:09:11.420678,6472,5207,2574,0
2026-08-23 07:09:11.420698,6495,5274,2795,0
2026-08-23 07:09:11.420718,6395,5242,2475,0
2026-08-23 07:09:11.420738,6482,5338,2940,0
2026-08-23 07:09:11.420758,6511,5350,2926,0
2026-08-23 07:09:11.420778,6524,5374,3455,0
2026-08-23 07:09:11.420798,6434,5346,2720,0
2026-08-23 07:09:11.420818,6485,5295,2601,0
2026-08-23 07:09:11.441627,6407,4716,2545,0
2026-08-23 07:09:11.441647,6484,4904,2877,0
2026-08-23 07:09:11.441667,6425,5020,2615,0
2026-08-23 07:09:11.441687,6501,5143,2929,0
2026-08-23 07:09:11.441707,6514,5180,2960,0
2026-08-23 07:09:11.441727,6339,4891,0,0
2026-08-23 07:09:11.441747,6411,5198,2660,0
2026-08-23 07:09:11.441767,6485,5224,2585,0
2026-08-23 07:09:11.441787,6493,5314,2912,0
2026-08-23 07:09:11.441807,6401,5267,2174,0
2026-08-23 07:09:11.441827,6457,5314,2890,0
2026-08-23 07:09:11.441847,6502,5330,2996,0
2026-08-23 07:09:11.441867,6395,5218,1718,0
2026-08-23 07:09:11.461704,6369,4561,1166,0
2026-08-23 07:09:11.461724,6407,4851,2644,0
2026-08-23 07:09:11.461744,6483,4993,2609,0
2026-08-23 07:09:11.461764,6489,5139,3107,0
2026-08-23 07:09:11.461784,6420,5195,2811,0
2026-08-23 07:09:11.461804,6490,5262,2858,0
2026-08-23 07:09:11.461824,6514,5314,3112,0
2026-08-23 07:09:11.461844,6365,5213,1342,0
2026-08-23 07:09:11.461864,6412,5287,2548,0
2026-08-23 07:09:11.461884,6480,5308,2650,0
2026-08-23 07:09:11.461904,6287,5063,0,0
2026-08-23 07:09:11.461924,6400,5327,3010,0
2026-08-23 07:09:11.461944,6508,5345,2933,0
2026-08-23 07:09:11.482305,6427,4800,2931,0
2026-08-23 07:09:11.482325,6504,4949,2889,0
2026-08-23 07:09:11.482345,6451,5139,3340,0
2026-08-23 07:09:11.482365,6408,5085,2573,0
2026-08-23 07:09:11.482385,6470,5188,2540,0
2026-08-23 07:09:11.482405,6496,5270,2771,0
2026-08-23 07:09:11.482425,6404,5271,2418,0
2026-08-23 07:09:11.482445,6485,5301,2945,0
2026-08-23 07:09:11.482465,6513,5331,2942,0
2026-08-23 07:09:11.482485,6522,5376,3427,0
2026-08-23 07:09:11.482505,6427,5323,2722,0
2026-08-23 07:09:11.482525,6485,5389,2585,0
2026-08-23 07:09:11.482545,6351,5106,142,0
2026-08-23 07:09:11.502658,6439,4798,2716,0
2026-08-23 07:09:11.502678,6390,4871,1700,0
2026-08-23 07:09:11.502698,6440,5081,2970,0
2026-08-23 07:09:11.502718,6511,5165,2904,0
2026-08-23 07:09:11.502738,6513,5280,3308,0
2026-08-23 07:09:11.502758,6419,5216,2681,0
2026-08-23 07:09:11.502778,6480,5276,2594,0
2026-08-23 07:09:11.502798,6489,5289,2745,0
2026-08-23 07:09:11.502818,6292,5101,0,0
2026-08-23 07:09:11.502838,6400,5355,2919,0
2026-08-23 07:09:11.502858,6500,5338,2891,0
2026-08-23 07:09:11.502878,6517,5381,3386,0
2026-08-23 07:09:11.502898,6426,5262,2573,0
2026-08-23 07:09:11.522085,6401,4714,2109,0
2026-08-23 07:09:11.522105,6456,4935,2652,0
2026-08-23 07:09:11.522125,6487,5023,2661,0
2026-08-23 07:09:11.522145,6494,5170,3174,0
2026-08-23 07:09:11.522165,6419,5203,2899,0
2026-08-23 07:09:11.522185,6484,5236,2865,0
2026-08-23 07:09:11.522205,6517,5330,3200,0
2026-08-23 07:09:11.522225,6395,5208,1992,0
2026-08-23 07:09:11.522245,6442,5291,2588,0
2026-08-23 07:09:11.522265,6491,5331,2676,0
2026-08-23 07:09:11.522285,6352,5215,696,0
2026-08-23 07:09:11.522305,6410,5344,2981,0
2026-08-23 07:09:11.542262,6421,4750,2723,0
2026-08-23 07:09:11.542282,6540,4901,2866,0
2026-08-23 07:09:11.542302,6515,5070,3110,0
2026-08-23 07:09:11.542322,6355,5001,973,0
2026-08-23 07:09:11.542342,6397,5189,2610,0
2026-08-23 07:09:11.542362,6483,5228,2637,0
2026-08-23 07:09:11.542382,6385,5086,0,0
2026-08-23 07:09:11.542403,6405,5283,3029,0
2026-08-23 07:09:11.542422,6493,5321,2872,0
2026-08-23 07:09:11.542442,6515,5358,3156,0
2026-08-23 07:09:11.542462,6390,5308,2234,0
2026-08-23 07:09:11.542482,6446,5337,2597,0
2026-08-23 07:09:11.542502,6477,5319,2890,0
2026-08-23 07:09:11.561653,6420,4750,2537,0
2026-08-23 07:09:11.561673,6487,4960,2852,0
2026-08-23 07:09:11.561693,6421,5052,2782,0
2026-08-23 07:09:11.561713,6489,5174,2917,0
2026-08-23 07:09:11.561733,6511,5211,2952,0
2026-08-23 07:09:11.561753,6416,5159,0,0
2026-08-23 07:09:11.561773,6396,5276,2722,0
2026-08-23 07:09:11.561793,6476,5280,2543,0
2026-08-23 07:09:11.561813,6492,5316,2889,0
2026-08-23 07:09:11.561833,6435,5267,2151,0
2026-08-23 07:09:11.561853,6455,5369,2897,0
2026-08-23 07:09:11.561873,6509,5348,3011,0
2026-08-23 07:09:11.582322,6427,4742,2886,0
2026-08-23 07:09:11.582342,6511,4971,3309,0
2026-08-23 07:09:11.582362,6400,4987,2676,0
2026-08-23 07:09:11.582382,6484,5130,2591,0
2026-08-23 07:09:11.582402,6476,5187,2751,0
2026-08-23 07:09:11.582422,6294,4987,0,0
2026-08-23 07:09:11.582442,6394,5246,2914,0
2026-08-23 07:09:11.582462,6516,5330,2872,0
2026-08-23 07:09:11.582482,6521,5348,3376,0
2026-08-23 07:09:11.582502,6413,5294,2594,0
2026-08-23 07:09:11.582522,6483,5306,2543,0
2026-08-23 07:09:11.582542,6488,5331,2847,0
2026-08-23 07:09:11.582562,6426,5311,2922,0
2026-08-23 07:09:11.603308,6349,4586,659,0
2026-08-23 07:09:11.603328,6401,4905,2890,0
2026-08-23 07:09:11.603348,6500,5008,2929,0
2026-08-23 07:09:11.603368,6519,5191,3496,0
2026-08-23 07:09:11.603388,6427,5145,2609,0
2026-08-23 07:09:11.603408,6512,5231,2549,0
2026-08-23 07:09:11.603428,6488,5307,2912,0
2026-08-23 07:09:11.603448,6427,5313,2892,0
2026-08-23 07:09:11.603468,6503,5362,2908,0
2026-08-23 07:09:11.603488,6560,5391,2994,0
2026-08-23 07:09:11.603508,6285,5097,0,0
2026-08-23 07:09:11.603528,6395,5339,2686,0
2026-08-23 07:09:11.603548,6485,5340,2632,0
2026-08-23 07:09:11.624474,6421,4670,2581,0
2026-08-23 07:09:11.624494,6499,4893,3028,0
2026-08-23 07:09:11.624514,6429,4997,3007,0
2026-08-23 07:09:11.624534,6523,5133,2882,0
2026-08-23 07:09:11.624554,6503,5236,3039,0
2026-08-23 07:09:11.624574,6372,5098,1259,0
2026-08-23 07:09:11.624594,6417,5277,2522,0
2026-08-23 07:09:11.624614,6485,5303,2615,0
2026-08-23 07:09:11.624634,6501,5316,3031,0
2026-08-23 07:09:11.624654,6419,5325,2764,0
2026-08-23 07:09:11.624674,6489,5353,2869,0
2026-08-23 07:09:11.624694,6485,5342,3145,0
2026-08-23 07:09:11.624714,6416,5264,2481,0
2026-08-23 07:09:11.645519,6420,4704,2667,0
2026-08-23 07:09:11.645539,6481,4852,2548,0
2026-08-23 07:09:11.645559,6489,5006,2747,0
2026-08-23 07:09:11.645579,6307,4855,0,0
2026-08-23 07:09:11.645599,6406,5171,2930,0
2026-08-23 07:09:11.645619,6504,5228,2883,0
2026-08-23 07:09:11.645639,6513,5295,3380,0
2026-08-23 07:09:11.645659,6416,5274,2624,0
2026-08-23 07:09:11.645679,6491,5316,2503,0
2026-08-23 07:09:11.645699,6492,5349,2821,0
2026-08-23 07:09:11.645719,6416,5296,2601,0
2026-08-23 07:09:11.645739,6471,5371,2926,0
2026-08-23 07:09:11.645759,6512,5371,2996,0
2026-08-23 07:09:11.666372,6424,4736,2928,0
2026-08-23 07:09:11.666392,6520,4951,3528,0
2026-08-23 07:09:11.666412,6406,4952,2654,0
2026-08-23 07:09:11.666432,6472,5130,2582,0
2026-08-23 07:09:11.666452,6498,5221,2917,0
2026-08-23 07:09:11.666472,6427,5250,2921,0
2026-08-23 07:09:11.666492,6505,5308,2898,0
2026-08-23 07:09:11.666512,6509,5328,2982,0
2026-08-23 07:09:11.666532,6305,5087,0,0
2026-08-23 07:09:11.666552,6392,5301,2691,0
2026-08-23 07:09:11.666572,6485,5327,2572,0
2026-08-23 07:09:11.666592,6493,5361,3014,0
2026-08-23 07:09:11.666612,6437,5356,2878,0
2026-08-23 07:09:11.687552,6421,4712,2994,0
2026-08-23 07:09:11.687572,6506,4885,2866,0
2026-08-23 07:09:11.687592,6508,5026,3099,0
2026-08-23 07:09:11.687612,6393,5018,1845,0
2026-08-23 07:09:11.687632,6439,5192,2653,0
2026-08-23 07:09:11.687652,6483,5243,2613,0
2026-08-23 07:09:11.687672,6501,5316,3113,0
2026-08-23 07:09:11.687692,6424,5250,2836,0
2026-08-23 07:09:11.687712,6494,5324,2860,0
2026-08-23 07:09:11.687732,6509,5338,3159,0
2026-08-23 07:09:11.687752,6398,5278,1744,0
2026-08-23 07:09:11.687772,6425,5298,2536,0
2026-08-23 07:09:11.687792,6494,5314,2796,0
2026-08-23 07:09:11.708640,6419,4722,2785,0
2026-08-23 07:09:11.708660,6364,4739,1215,0
2026-08-23 07:09:11.708680,6424,4990,2897,0
2026-08-23 07:09:11.708700,6508,5141,2941,0
2026-08-23 07:09:11.708720,6512,5250,3516,0
2026-08-23 07:09:11.708740,6423,5180,2654,0
2026-08-23 07:09:11.708760,6476,5233,2540,0
2026-08-23 07:09:11.708781,6483,5345,2877,0
2026-08-23 07:09:11.708800,6425,5285,2883,0
2026-08-23 07:09:11.708820,6502,5330,2906,0
2026-08-23 07:09:11.708840,6505,5381,2983,0
2026-08-23 07:09:11.708860,6325,5148,54,0
2026-08-23 07:09:11.708880,6378,5307,2636,0
2026-08-23 07:09:11.729800,6411,4680,2636,0
2026-08-23 07:09:11.729820,6467,4852,2607,0
2026-08-23 07:09:11.729841,6509,5051,3106,0
2026-08-23 07:09:11.729861,6430,5153,3039,0
2026-08-23 07:09:11.729881,6515,5199,2888,0
2026-08-23 07:09:11.729901,6514,5243,3109,0
2026-08-23 07:09:11.729921,6388,5207,1714,0
2026-08-23 07:09:11.729941,6424,5295,2666,0
2026-08-23 07:09:11.729960,6484,5332,2620,0
2026-08-23 07:09:11.729980,6487,5343,3103,0
2026-08-23 07:09:11.730000,6418,5338,2815,0
2026-08-23 07:09:11.730021,6497,5328,2866,0
2026-08-23 07:09:11.730041,6522,5387,3305,0
2026-08-23 07:09:11.750698,6439,4751,3262,0
2026-08-23 07:09:11.750718,6434,4859,2676,0
2026-08-23 07:09:11.750738,6484,5000,2579,0
2026-08-23 07:09:11.750758,6499,5128,2729,0
2026-08-23 07:09:11.750778,6285,4915,0,0
2026-08-23 07:09:11.750798,6399,5282,2920,0
2026-08-23 07:09:11.750818,6496,5260,2876,0
2026-08-23 07:09:11.750838,6522,5320,3361,0
2026-08-23 07:09:11.750858,6419,5263,2590,0
2026-08-23 07:09:11.750878,6471,5326,2538,0
2026-08-23 07:09:11.750898,6480,5358,2814,0
2026-08-23 07:09:11.750918,6424,5305,2762,0
2026-08-23 07:09:11.750938,6497,5349,2904,0
2026-08-23 07:09:11.771595,6420,4703,2904,0
2026-08-23 07:09:11.771615,6505,4909,2926,0
2026-08-23 07:09:11.771635,6532,5071,3531,0
2026-08-23 07:09:11.771655,6426,5072,2662,0
2026-08-23 07:09:11.771675,6473,5182,2572,0
2026-08-23 07:09:11.771695,6492,5241,2918,0
2026-08-23 07:09:11.771715,6338,5254,2935,0
2026-08-23 07:09:11.771735,6499,5285,2913,0
2026-08-23 07:09:11.771755,6514,5325,2997,0
2026-08-23 07:09:11.771775,6296,5092,0,0
2026-08-23 07:09:11.771795,6389,5340,2709,0
2026-08-23 07:09:11.771815,6501,5341,2514,0
2026-08-23 07:09:11.771835,6487,5376,3131,0
2026-08-23 07:09:11.792915,6432,4749,2987,0
2026-08-23 07:09:11.792935,6434,4912,3025,0
2026-08-23 07:09:11.792955,6520,5038,2887,0
2026-08-23 07:09:11.792975,6504,5161,3161,0
2026-08-23 07:09:11.792995,6371,5047,1478,0
2026-08-23 07:09:11.793015,6424,5208,2651,0
2026-08-23 07:09:11.793035,6484,5247,2620,0
2026-08-23 07:09:11.793055,6498,5308,3044,0
2026-08-23 07:09:11.793075,6420,5293,2775,0
2026-08-23 07:09:11.793095,6497,5330,2862,0
2026-08-23 07:09:11.793115,6513,5357,3114,0
2026-08-23 07:09:11.793135,6381,5281,1884,0
2026-08-23 07:09:11.793155,6443,5324,2539,0
2026-08-23 07:09:11.814022,6423,4678,2596,0
2026-08-23 07:09:11.814042,6492,4895,2771,0
2026-08-23 07:09:11.814062,6325,4855,389,0
2026-08-23 07:09:11.814082,6398,5099,2895,0
2026-08-23 07:09:11.814102,6498,5198,2901,0
2026-08-23 07:09:11.814122,6521,5298,3462,0
2026-08-23 07:09:11.814142,6409,5229,2618,0
2026-08-23 07:09:11.814162,6486,5263,2524,0
2026-08-23 07:09:11.814182,6467,5326,3233,0
2026-08-23 07:09:11.814202,6423,5320,2767,0
2026-08-23 07:09:11.814222,6492,5344,2924,0
2026-08-23 07:09:11.814242,6512,5389,2991,0
2026-08-23 07:09:11.814262,6359,5221,834,0
2026-08-23 07:09:11.834851,6274,4465,0,0
2026-08-23 07:09:11.834871,6397,4862,2624,0
2026-08-23 07:09:11.834891,6465,4948,2609,0
2026-08-23 07:09:11.834911,6499,5094,3090,0
2026-08-23 07:09:11.834931,6439,5178,3035,0
2026-08-23 07:09:11.834951,6509,5229,3157,0
2026-08-23 07:09:11.834971,6514,5338,3108,0
2026-08-23 07:09:11.834991,6394,5226,1927,0
2026-08-23 07:09:11.835011,6446,5302,2647,0
2026-08-23 07:09:11.835031,6479,5356,2635,0
2026-08-23 07:09:11.835051,6458,5384,3134,0
2026-08-23 07:09:11.835071,6440,5360,2907,0
2026-08-23 07:09:11.835091,6496,5348,2875,0
2026-08-23 07:09:11.856015,6437,4734,2867,0
2026-08-23 07:09:11.856035,6512,4950,3230,0
2026-08-23 07:09:11.856055,6421,5003,2520,0
2026-08-23 07:09:11.856075,6480,5096,2624,0
2026-08-23 07:09:11.856095,6492,5201,2663,0
2026-08-23 07:09:11.856115,6509,5290,3266,0
2026-08-23 07:09:11.856135,6428,5292,2918,0
2026-08-23 07:09:11.856155,6503,5288,2875,0
2026-08-23 07:09:11.856175,6505,5343,3281,0
2026-08-23 07:09:11.856195,6400,5275,2408,0
2026-08-23 07:09:11.856215,6446,5311,2546,0
2026-08-23 07:09:11.856235,6491,5347,2775,0
2026-08-23 07:09:11.856255,6429,5310,2817,0
2026-08-23 07:09:11.876996,6371,4594,1196,0
2026-08-23 07:09:11.877016,6416,4898,2894,0
2026-08-23 07:09:11.877036,6497,5041,2954,0
2026-08-23 07:09:11.877056,6527,5157,3554,0
2026-08-23 07:09:11.877076,6415,5146,2657,0
2026-08-23 07:09:11.877096,6484,5234,2519,0
2026-08-23 07:09:11.877116,6495,5276,2962,0
2026-08-23 07:09:11.877136,6433,5314,2959,0
2026-08-23 07:09:11.877156,6501,5304,2893,0
2026-08-23 07:09:11.877176,6484,5372,2991,0
2026-08-23 07:09:11.877196,6314,5101,0,0
2026-08-23 07:09:11.877216,6386,5351,2673,0
2026-08-23 07:09:11.877236,6490,5336,2655,0
2026-08-23 07:09:11.897114,6432,4684,2604,0
2026-08-23 07:09:11.897134,6383,4734,0,0
2026-08-23 07:09:11.897154,6407,5034,3049,0
2026-08-23 07:09:11.897174,6509,5074,2868,0
2026-08-23 07:09:11.897194,6514,5227,3162,0
2026-08-23 07:09:11.897214,6393,5204,2154,0
2026-08-23 07:09:11.897234,6457,5272,2642,0
2026-08-23 07:09:11.897254,6493,5285,2646,0
2026-08-23 07:09:11.897274,6497,5357,3150,0
2026-08-23 07:09:11.897294,6426,5348,2874,0
2026-08-23 07:09:11.897314,6500,5330,2872,0
2026-08-23 07:09:11.897334,6512,5354,3224,0
2026-08-23 07:09:11.897354,6415,5272,2610,0
2026-08-23 07:09:11.917757,6441,4836,3344,0
2026-08-23 07:09:11.917777,6405,4908,2717,0
2026-08-23 07:09:11.917797,6485,5055,2590,0
2026-08-23 07:09:11.917817,6537,5170,2778,0
2026-08-23 07:09:11.917837,6336,5014,482,0
2026-08-23 07:09:11.917857,6389,5238,2913,0
2026-08-23 07:09:11.917877,6497,5292,2910,0
2026-08-23 07:09:11.917897,6524,5347,3433,0
2026-08-23 07:09:11.917917,6418,5320,2633,0
2026-08-23 07:09:11.917937,6479,5306,2550,0
2026-08-23 07:09:11.917957,6470,5370,2859,0
2026-08-23 07:09:11.917977,6420,5360,2816,0
2026-08-23 07:09:11.917997,6490,5265,2907,0
2026-08-23 07:09:11.938684,6416,4770,2905,0
2026-08-23 07:09:11.938704,6491,4904,2924,0
2026-08-23 07:09:11.938724,6520,5094,3488,0
2026-08-23 07:09:11.938744,6417,5096,2631,0
2026-08-23 07:09:11.938764,6472,5147,2578,0
2026-08-23 07:09:11.938784,6492,5252,2886,0
2026-08-23 07:09:11.938804,6421,5245,2857,0
2026-08-23 07:09:11.938824,6501,5295,2903,0
2026-08-23 07:09:11.938844,6511,5349,2969,0
2026-08-23 07:09:11.938864,6273,5006,0,0
2026-08-23 07:09:11.938884,6405,5300,2705,0
2026-08-23 07:09:11.938904,6481,5302,2592,0
2026-08-23 07:09:11.938924,6498,5349,3089,0
2026-08-23 07:09:11.959913,6429,4716,2995,0
2026-08-23 07:09:11.959933,6423,4897,3007,0
2026-08-23 07:09:11.959953,6501,4994,2881,0
2026-08-23 07:09:11.959973,6512,5153,3047,0
2026-08-23 07:09:11.959993,6366,5052,1213,0
2026-08-23 07:09:11.960013,6413,5195,2665,0
2026-08-23 07:09:11.960033,6489,5252,2612,0
2026-08-23 07:09:11.960053,6498,5342,3058,0
2026-08-23 07:09:11.960073,6423,5312,2749,0
2026-08-23 07:09:11.960093,6494,5330,2867,0
2026-08-23 07:09:11.960113,6500,5339,3100,0
2026-08-23 07:09:11.960133,6380,5255,1775,0
2026-08-23 07:09:11.960153,6434,5284,2547,0
2026-08-23 07:09:11.980530,6415,4691,2587,0
2026-08-23 07:09:11.980550,6478,4889,2732,0
2026-08-23 07:09:11.980570,6284,4731,0,0
2026-08-23 07:09:11.980590,6394,5085,2921,0
2026-08-23 07:09:11.980610,6485,5183,2882,0
2026-08-23 07:09:11.980630,6519,5288,3380,0
2026-08-23 07:09:11.980650,6414,5238,2591,0
2026-08-23 07:09:11.980670,6479,5252,2579,0
2026-08-23 07:09:11.980690,6490,5304,2801,0
2026-08-23 07:09:11.980710,6415,5280,2450,0
2026-08-23 07:09:11.980730,6474,5369,2947,0
2026-08-23 07:09:11.980750,6505,5325,2936,0
2026-08-23 07:09:11.980770,6293,5092,0,0
2026-08-23 07:09:12.001774,6435,4789,3328,0
2026-08-23 07:09:12.001794,6409,4841,2582,0
2026-08-23 07:09:12.001814,6476,5017,2552,0
2026-08-23 07:09:12.001834,6486,5142,2771,0
2026-08-23 07:09:12.001854,6407,5168,2402,0
2026-08-23 07:09:12.001874,6480,5228,2946,0
2026-08-23 07:09:12.001894,6511,5307,2923,0
2026-08-23 07:09:12.001914,6525,5365,3424,0
2026-08-23 07:09:12.001934,6415,5287,2734,0
2026-08-23 07:09:12.001954,6481,5342,2595,0
2026-08-23 07:09:12.001974,6492,5356,2809,0
2026-08-23 07:09:12.001994,6385,5241,1749,0
2026-08-23 07:09:12.002014,6440,5362,2882,0
2026-08-23 07:09:12.022908,6422,4719,2881,0
2026-08-23 07:09:12.022928,6501,4864,3031,0
2026-08-23 07:09:12.022949,6354,4889,957,0
2026-08-23 07:09:12.022969,6400,5093,2676,0
2026-08-23 07:09:12.022989,6488,5155,2607,0
2026-08-23 07:09:12.023009,6492,5265,3023,0
2026-08-23 07:09:12.023029,6422,5235,2716,0
2026-08-23 07:09:12.023049,6490,5284,2869,0
2026-08-23 07:09:12.023068,6512,5325,3088,0
2026-08-23 07:09:12.023088,6341,5148,627,0
2026-08-23 07:09:12.023108,6385,5307,2619,0
2026-08-23 07:09:12.023129,6488,5349,2640,0
2026-08-23 07:09:12.023149,6401,5228,1849,0
2026-08-23 07:09:12.043907,6284,4336,0,0
2026-08-23 07:09:12.043927,6408,4803,2923,0
2026-08-23 07:09:12.043947,6494,4929,2901,0
2026-08-23 07:09:12.043967,6546,5061,3375,0
2026-08-23 07:09:12.043987,6419,5076,2597,0
2026-08-23 07:09:12.044007,6479,5173,2539,0
2026-08-23 07:09:12.044027,6476,5232,2815,0
2026-08-23 07:09:12.044047,6415,5242,2591,0
2026-08-23 07:09:12.044067,6487,5300,2937,0
2026-08-23 07:09:12.044087,6503,5323,2926,0
2026-08-23 07:09:12.044107,6527,5380,3469,0
2026-08-23 07:09:12.044127,6472,5306,2711,0
2026-08-23 07:09:12.044147,6485,5339,2595,0
2026-08-23 07:09:12.064710,6419,4682,2571,0
2026-08-23 07:09:12.064730,6485,4913,2932,0
2026-08-23 07:09:12.064750,6434,4994,2948,0
2026-08-23 07:09:12.064770,6505,5100,2898,0
2026-08-23 07:09:12.064790,6514,5208,2993,0
2026-08-23 07:09:12.064810,6306,5014,0,0
2026-08-23 07:09:12.064830,6407,5272,2690,0
2026-08-23 07:09:12.064850,6480,5269,2601,0
2026-08-23 07:09:12.064870,6487,5352,2974,0
2026-08-23 07:09:12.064890,6412,5302,2513,0
2026-08-23 07:09:12.064910,6479,5323,2865,0
2026-08-23 07:09:12.064930,6502,5352,3056,0
2026-08-23 07:09:12.064950,6386,5261,1830,0
2026-08-23 07:09:12.085665,6381,4652,1637,0
2026-08-23 07:09:12.085685,6408,4837,2655,0
2026-08-23 07:09:12.085705,6484,4992,2621,0
2026-08-23 07:09:12.085725,6493,5165,3113,0
2026-08-23 07:09:12.085745,6423,5197,2840,0
2026-08-23 07:09:12.085765,6492,5217,2867,0
2026-08-23 07:09:12.085785,6513,5298,3146,0
2026-08-23 07:09:12.085805,6374,5195,1659,0
2026-08-23 07:09:12.085824,6428,5275,2605,0
2026-08-23 07:09:12.085845,6476,5335,2656,0
2026-08-23 07:09:12.085865,6293,5137,0,0
2026-08-23 07:09:12.085885,6402,5327,2968,0
2026-08-23 07:09:12.085905,6505,5343,2875,0
2026-08-23 07:09:12.106776,6429,4731,2808,0
2026-08-23 07:09:12.106797,6506,4911,3268,0
2026-08-23 07:09:12.106817,6418,4947,2389,0
2026-08-23 07:09:12.106837,6462,5082,2546,0
2026-08-23 07:09:12.106857,6513,5174,2733,0
2026-08-23 07:09:12.106877,6394,5144,1850,0
2026-08-23 07:09:12.106897,6449,5315,2982,0
2026-08-23 07:09:12.106917,6519,5326,2891,0
2026-08-23 07:09:12.106936,6520,5340,3351,0
2026-08-23 07:09:12.106956,6418,5321,2697,0
2026-08-23 07:09:12.106977,6471,5302,2546,0
2026-08-23 07:09:12.106997,6492,5336,2816,0
2026-08-23 07:09:12.107017,6417,5264,2244,0
2026-08-23 07:09:12.127481,6426,4710,2896,0
2026-08-23 07:09:12.127501,6491,4876,2909,0
2026-08-23 07:09:12.127521,6497,5018,3002,0
2026-08-23 07:09:12.127541,6309,4913,0,0
2026-08-23 07:09:12.127561,6395,5159,2686,0
2026-08-23 07:09:12.127581,6481,5248,2602,0
2026-08-23 07:09:12.127601,6485,5264,2951,0
2026-08-23 07:09:12.127621,6407,5250,2478,0
2026-08-23 07:09:12.127640,6483,5314,2875,0
2026-08-23 07:09:12.127661,6524,5375,3008,0
2026-08-23 07:09:12.127681,6274,5079,0,0
2026-08-23 07:09:12.127701,6395,5344,2615,0
2026-08-23 07:09:12.127721,6483,5319,2650,0
2026-08-23 07:09:12.148496,6380,4720,2602,0
2026-08-23 07:09:12.148516,6499,4898,2974,0
2026-08-23 07:09:12.148536,6400,5000,2493,0
2026-08-23 07:09:12.148556,6475,5095,2864,0
2026-08-23 07:09:12.148576,6505,5204,3016,0
2026-08-23 07:09:12.148596,6276,4986,0,0
2026-08-23 07:09:12.148616,6388,5259,2641,0
2026-08-23 07:09:12.148636,6472,5261,2607,0
2026-08-23 07:09:12.148656,6495,5332,3039,0
2026-08-23 07:09:12.148676,6428,5352,3001,0
2026-08-23 07:09:12.148696,6506,5355,2890,0
2026-08-23 07:09:12.148716,6506,5375,3140,0
2026-08-23 07:09:12.148736,6417,5309,2619,0
2026-08-23 07:09:12.169821,6378,4633,1587,0
2026-08-23 07:09:12.169841,6417,4838,2590,0
2026-08-23 07:09:12.169861,6481,4987,2670,0
2026-08-23 07:09:12.169881,6327,4928,443,0
2026-08-23 07:09:12.169901,6398,5189,2996,0
2026-08-23 07:09:12.169921,6513,5245,2885,0
2026-08-23 07:09:12.169941,6518,5303,3239,0
2026-08-23 07:09:12.169961,6424,5290,2586,0
2026-08-23 07:09:12.169981,6473,5315,2599,0
2026-08-23 07:09:12.170001,6487,5352,2713,0
2026-08-23 07:09:12.170021,6517,5278,278,0
2026-08-23 07:09:12.170041,6412,5324,2918,0
2026-08-23 07:09:12.170061,6511,5349,2951,0
2026-08-23 07:09:12.189766,6431,4717,2963,0
2026-08-23 07:09:12.189786,6288,4652,0,0
2026-08-23 07:09:12.189806,6385,4992,2698,0
2026-08-23 07:09:12.189826,6452,5089,2594,0
2026-08-23 07:09:12.189846,6495,5170,2933,0
2026-08-23 07:09:12.189866,6408,5177,2449,0
2026-08-23 07:09:12.189886,6478,5251,2867,0
2026-08-23 07:09:12.189906,6519,5326,2996,0
2026-08-23 07:09:12.189926,6282,5058,0,0
2026-08-23 07:09:12.189946,6386,5315,2634,0
2026-08-23 07:09:12.189966,6469,5343,2611,0
2026-08-23 07:09:12.189986,6494,5395,1169,0
2026-08-23 07:09:12.190006,6419,5282,2977,0
2026-08-23 07:09:12.211728,6437,4864,3114,0
2026-08-23 07:09:12.211748,6423,4916,2828,0
2026-08-23 07:09:12.211768,6492,5088,2868,0
2026-08-23 07:09:12.211788,6504,5158,3126,0
2026-08-23 07:09:12.211808,6378,5079,1589,0
2026-08-23 07:09:12.211828,6419,5224,2615,0
2026-08-23 07:09:12.211848,6482,5297,2632,0
2026-08-23 07:09:12.211869,6293,5032,0,0
2026-08-23 07:09:12.211889,6398,5296,3055,0
2026-08-23 07:09:12.211908,6505,5341,2879,0
2026-08-23 07:09:12.211928,6552,5354,3190,0
2026-08-23 07:09:12.211948,6409,5294,2398,0
2026-08-23 07:09:12.211968,6466,5344,2597,0
2026-08-23 07:09:12.211988,6494,5326,2807,0
2026-08-23 07:09:12.232787,6415,4711,2654,0
2026-08-23 07:09:12.232807,6283,4632,0,0
2026-08-23 07:09:12.232827,6403,5000,3033,0
2026-08-23 07:09:12.232847,6506,5164,2880,0
2026-08-23 07:09:12.232867,6513,5208,3184,0
2026-08-23 07:09:12.232887,6406,5202,2345,0
2026-08-23 07:09:12.232907,6466,5276,2620,0
2026-08-23 07:09:12.232927,6475,5306,2660,0
2026-08-23 07:09:12.232947,6502,5377,3204,0
2026-08-23 07:09:12.232967,6423,5340,2849,0
2026-08-23 07:09:12.232987,6594,5359,2865,0
2026-08-23 07:09:12.233007,6515,5403,3215,0
2026-08-23 07:09:12.233027,6407,5321,2393,0
2026-08-23 07:09:12.253982,6421,4664,2723,0
2026-08-23 07:09:12.254002,6476,4834,2576,0
2026-08-23 07:09:12.254022,6492,5030,2877,0
2026-08-23 07:09:12.254042,6395,5024,2065,0
2026-08-23 07:09:12.254062,6451,5169,2888,0
2026-08-23 07:09:12.254082,6512,5234,2964,0
2026-08-23 07:09:12.254102,6525,5337,3917,0
2026-08-23 07:09:12.254122,6426,5283,2651,0
2026-08-23 07:09:12.254142,6484,5285,2766,0
2026-08-23 07:09:12.254162,6494,5355,2982,0
2026-08-23 07:09:12.254182,6432,5362,2992,0
2026-08-23 07:09:12.254202,6504,5335,2888,0
2026-08-23 07:09:12.254222,6511,5338,3213,0
2026-08-23 07:09:12.274110,6434,4727,3143,0
2026-08-23 07:09:12.274130,6393,4795,2061,0
2026-08-23 07:09:12.274150,6446,4969,2591,0
2026-08-23 07:09:12.274170,6481,5085,2703,0
2026-08-23 07:09:12.274190,6366,5043,1169,0
2026-08-23 07:09:12.274210,6412,5244,2687,0
2026-08-23 07:09:12.274230,6516,5301,2897,0
2026-08-23 07:09:12.274251,6515,5318,3287,0
2026-08-23 07:09:12.274270,6414,5299,2643,0
2026-08-23 07:09:12.274290,6478,5296,2601,0
2026-08-23 07:09:12.274310,6489,5372,2724,0
2026-08-23 07:09:12.274330,6319,5133,24,0
2026-08-23 07:09:12.274350,6411,5335,2861,0
2026-08-23 07:09:12.294300,6420,4807,2785,0
2026-08-23 07:09:12.294320,6482,4963,2908,0
2026-08-23 07:09:12.294340,6513,5074,2963,0
2026-08-23 07:09:12.294360,6360,4750,0,0
2026-08-23 07:09:12.294380,6399,5089,2703,0
2026-08-23 07:09:12.294400,6483,5153,2590,0
2026-08-23 07:09:12.294420,6495,5267,2899,0
2026-08-23 07:09:12.294441,6401,5229,2191,0
2026-08-23 07:09:12.294460,6462,5283,2902,0
2026-08-23 07:09:12.294480,6509,5328,2968,0
2026-08-23 07:09:12.294500,6392,5084,0,0
2026-08-23 07:09:12.294520,6393,5324,2653,0
2026-08-23 07:09:12.294540,6476,5284,2857,0
2026-08-23 07:09:12.314620,6412,4785,2384,0
2026-08-23 07:09:12.314640,6489,4978,2700,0
2026-08-23 07:09:12.314660,6504,4972,601,0
2026-08-23 07:09:12.314680,6409,5146,2914,0
2026-08-23 07:09:12.314700,6502,5194,2866,0
2026-08-23 07:09:12.314720,6521,5263,3304,0
2026-08-23 07:09:12.314740,6401,5203,2475,0
2026-08-23 07:09:12.314760,6469,5268,2571,0
2026-08-23 07:09:12.314780,6480,5381,2758,0
2026-08-23 07:09:12.314800,6404,5273,2185,0
2026-08-23 07:09:12.314820,6468,5371,2961,0
2026-08-23 07:09:12.314840,6510,5370,2925,0
2026-08-23 07:09:12.314860,6285,5085,0,0
2026-08-23 07:09:12.333946,6372,4556,1514,0
2026-08-23 07:09:12.333966,6402,4804,2597,0
2026-08-23 07:09:12.333986,6484,5002,2659,0
2026-08-23 07:09:12.334006,6355,4877,0,0
2026-08-23 07:09:12.334026,6475,5177,3024,0
2026-08-23 07:09:12.334046,6504,5258,2874,0
2026-08-23 07:09:12.334066,6508,5324,3223,0
2026-08-23 07:09:12.334086,6428,5250,2483,0
2026-08-23 07:09:12.334106,6476,5319,2615,0
2026-08-23 07:09:12.334126,6489,5353,2679,0
2026-08-23 07:09:12.334146,6371,5047,0,0
2026-08-23 07:09:12.334166,6412,5303,2887,0
2026-08-23 07:09:12.353961,6427,4907,2850,0
2026-08-23 07:09:12.353981,6411,5013,2742,0
2026-08-23 07:09:12.354001,6490,5148,2940,0
2026-08-23 07:09:12.354021,6508,5219,2945,0
2026-08-23 07:09:12.354041,6563,5142,0,0
2026-08-23 07:09:12.354061,6396,5211,2551,0
2026-08-23 07:09:12.354081,6474,5300,2574,0
2026-08-23 07:09:12.354101,6484,5343,2889,0
2026-08-23 07:09:12.354121,6387,5285,2021,0
2026-08-23 07:09:12.354141,6463,5367,2890,0
2026-08-23 07:09:12.354161,6509,5356,2919,0
2026-08-23 07:09:12.354181,6537,5409,4226,0
2026-08-23 07:09:12.354201,6434,5298,2625,0
2026-08-23 07:09:12.374356,6416,4656,2614,0
2026-08-23 07:09:12.374376,6477,4870,2688,0
2026-08-23 07:09:12.374396,6500,5051,3260,0
2026-08-23 07:09:12.374416,6418,5084,2922,0
2026-08-23 07:09:12.374436,6510,5154,2863,0
2026-08-23 07:09:12.374456,6513,5264,3282,0
2026-08-23 07:09:12.374476,6415,5206,2416,0
2026-08-23 07:09:12.374496,6465,5292,2583,0
2026-08-23 07:09:12.374516,6486,5319,2715,0
2026-08-23 07:09:12.374536,6381,5269,1862,0
2026-08-23 07:09:12.374556,6442,5313,2948,0
2026-08-23 07:09:12.374576,6518,5314,2977,0
2026-08-23 07:09:12.394507,6425,4777,2795,0
2026-08-23 07:09:12.394527,6499,4932,3055,0
2026-08-23 07:09:12.394547,6336,4881,611,0
2026-08-23 07:09:12.394567,6397,5081,2607,0
2026-08-23 07:09:12.394588,6469,5191,2618,0
2026-08-23 07:09:12.394608,6495,5186,714,0
2026-08-23 07:09:12.394628,6412,5283,3034,0
2026-08-23 07:09:12.394648,6502,5310,2875,0
2026-08-23 07:09:12.394667,6513,5344,2832,0
2026-08-23 07:09:12.394687,6392,5298,2174,0
2026-08-23 07:09:12.394707,6443,5351,2632,0
2026-08-23 07:09:12.394727,6485,5326,2673,0
2026-08-23 07:09:12.394747,6354,5183,855,0
2026-08-23 07:09:12.414437,6436,4812,2823,0
2026-08-23 07:09:12.414457,6432,4893,2849,0
2026-08-23 07:09:12.414477,6497,5026,2912,0
2026-08-23 07:09:12.414497,6504,5178,2973,0
2026-08-23 07:09:12.414517,6279,4874,0,0
2026-08-23 07:09:12.414537,6392,5212,2707,0
2026-08-23 07:09:12.414557,6484,5232,2590,0
2026-08-23 07:09:12.414577,6476,5318,2917,0
2026-08-23 07:09:12.414597,6399,5275,2286,0
2026-08-23 07:09:12.414617,6458,5347,2879,0
2026-08-23 07:09:12.414637,6491,5335,2985,0
2026-08-23 07:09:12.414657,6315,5135,0,0
2026-08-23 07:09:12.414677,6399,5318,2584,0
2026-08-23 07:09:12.436433,6324,4678,444,0
2026-08-23 07:09:12.436453,6401,4958,2681,0
2026-08-23 07:09:12.436473,6488,5076,2593,0
2026-08-23 07:09:12.436493,6481,5193,2997,0
2026-08-23 07:09:12.436513,6415,5182,2672,0
2026-08-23 07:09:12.436533,6487,5270,2890,0
2026-08-23 07:09:12.436553,6511,5293,3036,0
2026-08-23 07:09:12.436574,6334,5092,376,0
2026-08-23 07:09:12.436594,6385,5316,2622,0
2026-08-23 07:09:12.436613,6478,5303,2609,0
2026-08-23 07:09:12.436633,6483,5388,3130,0
2026-08-23 07:09:12.436653,6426,5347,3024,0
2026-08-23 07:09:12.436673,6506,5323,2882,0
2026-08-23 07:09:12.436693,6521,5358,3369,0
2026-08-23 07:09:12.457614,6439,4723,3181,0
2026-08-23 07:09:12.457634,6402,4812,2303,0
2026-08-23 07:09:12.457654,6455,5035,2590,0
2026-08-23 07:09:12.457674,6490,5134,2718,0
2026-08-23 07:09:12.457694,6378,5070,1439,0
2026-08-23 07:09:12.457714,6417,5254,2991,0
2026-08-23 07:09:12.457734,6498,5302,2895,0
2026-08-23 07:09:12.457754,6510,5306,3277,0
2026-08-23 07:09:12.457774,6417,5272,2667,0
2026-08-23 07:09:12.457794,6474,5324,2604,0
2026-08-23 07:09:12.457814,6413,5322,2730,0
2026-08-23 07:09:12.457834,6335,5178,268,0
2026-08-23 07:09:12.457854,6398,5351,2894,0
2026-08-23 07:09:12.478106,6423,4721,2926,0
2026-08-23 07:09:12.478126,6502,4924,2965,0
2026-08-23 07:09:12.478146,6261,4706,0,0
2026-08-23 07:09:12.478166,6387,5072,2719,0
2026-08-23 07:09:12.478186,6475,5133,2589,0
2026-08-23 07:09:12.478206,6492,5223,2928,0
2026-08-23 07:09:12.478226,6400,5219,2338,0
2026-08-23 07:09:12.478246,6461,5311,2869,0
2026-08-23 07:09:12.478266,6504,5351,2991,0
2026-08-23 07:09:12.478286,6266,5018,0,0
2026-08-23 07:09:12.478306,6380,5281,2639,0
2026-08-23 07:09:12.478326,6474,5291,2614,0
2026-08-23 07:09:12.478346,6288,5052,0,0
2026-08-23 07:09:12.499120,6426,4717,2837,0
2026-08-23 07:09:12.499140,6376,4803,1482,0
2026-08-23 07:09:12.499160,6416,5029,2891,0
2026-08-23 07:09:12.499180,6501,5089,2926,0
2026-08-23 07:09:12.499200,6519,5205,3512,0
2026-08-23 07:09:12.499220,6421,5213,2654,0
2026-08-23 07:09:12.499240,6472,5235,2546,0
2026-08-23 07:09:12.499260,6486,5285,2905,0
2026-08-23 07:09:12.499280,6330,5330,2891,0
2026-08-23 07:09:12.499300,6491,5326,2920,0
2026-08-23 07:09:12.499320,6508,5356,2969,0
2026-08-23 07:09:12.499340,6328,5204,404,0
2026-08-23 07:09:12.499360,6404,5312,2613,0
2026-08-23 07:09:12.520091,6451,4672,2616,0
2026-08-23 07:09:12.520111,6466,4857,2614,0
2026-08-23 07:09:12.520131,6279,4719,0,0
2026-08-23 07:09:12.520151,6394,5107,3040,0
2026-08-23 07:09:12.520171,6512,5148,2856,0
2026-08-23 07:09:12.520191,6501,5244,3187,0
2026-08-23 07:09:12.520211,6405,5244,2401,0
2026-08-23 07:09:12.520231,6465,5262,2600,0
2026-08-23 07:09:12.520251,6487,5333,2655,0
2026-08-23 07:09:12.520271,6497,5354,3185,0
2026-08-23 07:09:12.520291,6413,5346,2919,0
2026-08-23 07:09:12.520311,6503,5362,2863,0
2026-08-23 07:09:12.520331,6503,5385,3402,0
2026-08-23 07:09:12.541044,6427,4760,3238,0
2026-08-23 07:09:12.541064,6419,4864,2665,0
2026-08-23 07:09:12.541084,6472,4967,2596,0
2026-08-23 07:09:12.541104,6481,5079,2717,0
2026-08-23 07:09:12.541124,6264,4860,0,0
2026-08-23 07:09:12.541144,6392,5218,2739,0
2026-08-23 07:09:12.541164,6499,5288,2873,0
2026-08-23 07:09:12.541184,6508,5341,3328,0
2026-08-23 07:09:12.541204,6406,5250,2512,0
2026-08-23 07:09:12.541224,6458,5299,2537,0
2026-08-23 07:09:12.541244,6481,5355,2784,0
2026-08-23 07:09:12.541264,6416,5286,2615,0
2026-08-23 07:09:12.541284,6484,5306,2900,0
2026-08-23 07:09:12.561943,6429,4703,2918,0
2026-08-23 07:09:12.561963,6490,4869,2941,0
2026-08-23 07:09:12.561983,6522,5036,3489,0
2026-08-23 07:09:12.562003,6411,5085,2634,0
2026-08-23 07:09:12.562023,6476,5147,2549,0
2026-08-23 07:09:12.562043,6487,5259,2891,0
2026-08-23 07:09:12.562063,6419,5281,2856,0
2026-08-23 07:09:12.562083,6494,5293,2916,0
2026-08-23 07:09:12.562103,6500,5322,2968,0
2026-08-23 07:09:12.562123,6326,4998,0,0
2026-08-23 07:09:12.562143,6369,5280,2692,0
2026-08-23 07:09:12.562163,6475,5268,2592,0
2026-08-23 07:09:12.562183,6483,5289,3100,0
2026-08-23 07:09:12.582138,6428,4693,2950,0
2026-08-23 07:09:12.582158,6420,4859,3009,0
2026-08-23 07:09:12.582178,6503,4984,2899,0
2026-08-23 07:09:12.582198,6509,5146,3024,0
2026-08-23 07:09:12.582218,6332,5033,824,0
2026-08-23 07:09:12.582238,6389,5198,2679,0
2026-08-23 07:09:12.582258,6474,5227,2598,0
2026-08-23 07:09:12.582278,6486,5333,3027,0
2026-08-23 07:09:12.582298,6419,5310,2683,0
2026-08-23 07:09:12.582318,6470,5371,2863,0
2026-08-23 07:09:12.582338,6497,5346,3048,0
2026-08-23 07:09:12.582358,6356,5195,1320,0
2026-08-23 07:09:12.582378,6414,5314,2581,0
2026-08-23 07:09:12.602539,6417,4729,2610,0
2026-08-23 07:09:12.602559,6465,4903,2593,0
2026-08-23 07:09:12.602579,6490,5022,2769,0
2026-08-23 07:09:12.602599,6310,4948,248,0
2026-08-23 07:09:12.602619,6402,5237,2915,0
2026-08-23 07:09:12.602639,6488,5248,2902,0
2026-08-23 07:09:12.602659,6518,5345,3419,0
2026-08-23 07:09:12.602679,6408,5287,2620,0
2026-08-23 07:09:12.602699,6486,5314,2543,0
2026-08-23 07:09:12.602719,6470,5320,2842,0
2026-08-23 07:09:12.602739,6412,5347,2728,0
2026-08-23 07:09:12.602759,6488,5330,2898,0
2026-08-23 07:09:12.602779,6515,5325,3185,0
2026-08-23 07:09:12.622886,6422,4798,2860,0
2026-08-23 07:09:12.622906,6488,4934,3100,0
2026-08-23 07:09:12.622926,6345,4909,936,0
2026-08-23 07:09:12.622946,6389,5098,2629,0
2026-08-23 07:09:12.622966,6471,5229,2639,0
2026-08-23 07:09:12.622986,6356,5008,0,0
2026-08-23 07:09:12.623006,6403,5309,3043,0
2026-08-23 07:09:12.623026,6496,5296,2880,0
2026-08-23 07:09:12.623046,6506,5340,3160,0
2026-08-23 07:09:12.623066,6394,5259,2175,0
2026-08-23 07:09:12.623086,6448,5309,2632,0
2026-08-23 07:09:12.623106,6480,5345,2645,0
2026-08-23 07:09:12.623126,6425,5270,2737,0
2026-08-23 07:09:12.643293,6428,4792,2975,0
2026-08-23 07:09:12.643313,6414,4929,2977,0
2026-08-23 07:09:12.643333,6503,5052,2882,0
2026-08-23 07:09:12.643353,6503,5140,3005,0
2026-08-23 07:09:12.643373,6336,5037,731,0
2026-08-23 07:09:12.643393,6390,5204,2586,0
2026-08-23 07:09:12.643413,6474,5304,2606,0
2026-08-23 07:09:12.643433,6489,5346,3013,0
2026-08-23 07:09:12.643453,6413,5291,2670,0
2026-08-23 07:09:12.643473,6473,5324,2852,0
2026-08-23 07:09:12.643493,6554,5354,3049,0
2026-08-23 07:09:12.643513,6335,5208,710,0
2026-08-23 07:09:12.643533,6399,5286,2539,0
2026-08-23 07:09:12.663534,6415,4784,2715,0
2026-08-23 07:09:12.663554,6477,4878,2595,0
2026-08-23 07:09:12.663574,6487,5028,3057,0
2026-08-23 07:09:12.663594,6411,5076,2759,0
2026-08-23 07:09:12.663614,6498,5213,2863,0
2026-08-23 07:09:12.663634,6506,5250,3084,0
2026-08-23 07:09:12.663654,6357,5182,1225,0
2026-08-23 07:09:12.663674,6400,5289,2611,0
2026-08-23 07:09:12.663694,6474,5328,2636,0
2026-08-23 07:09:12.663714,6274,5065,0,0
2026-08-23 07:09:12.663734,6395,5324,3018,0
2026-08-23 07:09:12.663754,6501,5313,2880,0
2026-08-23 07:09:12.663774,6381,5074,0,0
2026-08-23 07:09:12.685626,6420,4833,2864,0
2026-08-23 07:09:12.685646,6491,4993,3301,0
2026-08-23 07:09:12.685666,6414,5000,2477,0
2026-08-23 07:09:12.685686,6444,5098,2538,0
2026-08-23 07:09:12.685706,6480,5248,2755,0
2026-08-23 07:09:12.685726,6400,5186,2208,0
2026-08-23 07:09:12.685746,6473,5285,2956,0
2026-08-23 07:09:12.685766,6500,5331,2903,0
2026-08-23 07:09:12.685786,6505,5386,3409,0
2026-08-23 07:09:12.685806,6407,5293,2698,0
2026-08-23 07:09:12.685826,6481,5321,2577,0
2026-08-23 07:09:12.685846,6497,5373,2797,0
2026-08-23 07:09:12.685866,6401,5282,2035,0
2026-08-23 07:09:12.685886,6458,5338,2880,0
2026-08-23 07:09:12.706128,6419,4700,2905,0
2026-08-23 07:09:12.706148,6490,4903,2992,0
2026-08-23 07:09:12.706168,6275,4751,0,0
2026-08-23 07:09:12.706188,6385,5066,2687,0
2026-08-23 07:09:12.706208,6469,5155,2592,0
2026-08-23 07:09:12.706228,6487,5241,2941,0
2026-08-23 07:09:12.706248,6405,5256,2408,0
2026-08-23 07:09:12.706268,6464,5295,2889,0
2026-08-23 07:09:12.706288,6489,5339,2993,0
2026-08-23 07:09:12.706308,6260,5009,0,0
2026-08-23 07:09:12.706328,6380,5309,2650,0
2026-08-23 07:09:12.706348,6471,5328,2603,0
2026-08-23 07:09:12.706368,6289,5105,0,0
2026-08-23 07:09:12.726353,6420,4783,2819,0
2026-08-23 07:09:12.726373,6372,4829,1524,0
2026-08-23 07:09:12.726393,6434,5002,2891,0
2026-08-23 07:09:12.726413,6497,5131,2943,0
2026-08-23 07:09:12.726434,6517,5230,3523,0
2026-08-23 07:09:12.726454,6406,5192,2797,0
2026-08-23 07:09:12.726474,6472,5241,2538,0
2026-08-23 07:09:12.726494,6489,5326,2914,0
2026-08-23 07:09:12.726513,6422,5344,2899,0
2026-08-23 07:09:12.726533,6488,5313,2911,0
2026-08-23 07:09:12.726553,6498,5332,2982,0
2026-08-23 07:09:12.726573,6338,5173,631,0
2026-08-23 07:09:12.726593,6404,5313,2615,0
2026-08-23 07:09:12.746983,6380,4733,1993,0
2026-08-23 07:09:12.747003,6420,4908,2573,0
2026-08-23 07:09:12.747023,6477,5018,2771,0
2026-08-23 07:09:12.747043,6395,5063,2269,0
2026-08-23 07:09:12.747063,6462,5193,2950,0
2026-08-23 07:09:12.747083,6506,5287,2894,0
2026-08-23 07:09:12.747103,6519,5328,3396,0
2026-08-23 07:09:12.747123,6428,5292,2719,0
2026-08-23 07:09:12.747143,6474,5285,2593,0
2026-08-23 07:09:12.747163,6482,5344,2782,0
2026-08-23 07:09:12.747183,6332,5186,852,0
2026-08-23 07:09:12.747203,6399,5339,2829,0
2026-08-23 07:09:12.747223,6513,5315,3175,0
2026-08-23 07:09:12.768037,6421,4770,2874,0
2026-08-23 07:09:12.768057,6499,4931,3266,0
2026-08-23 07:09:12.768077,6407,5016,2607,0
2026-08-23 07:09:12.768097,6483,5131,2608,0
2026-08-23 07:09:12.768117,6480,5206,2722,0
2026-08-23 07:09:12.768137,6325,4923,0,0
2026-08-23 07:09:12.768157,6382,5241,2934,0
2026-08-23 07:09:12.768177,6493,5281,2869,0
2026-08-23 07:09:12.768197,6509,5347,3312,0
2026-08-23 07:09:12.768217,6401,5250,2513,0
2026-08-23 07:09:12.768237,6463,5321,2534,0
2026-08-23 07:09:12.768257,6487,5330,2824,0
2026-08-23 07:09:12.768277,6427,5334,2964,0
2026-08-23 07:09:12.789252,6354,4561,1246,0
2026-08-23 07:09:12.789272,6410,4874,2895,0
2026-08-23 07:09:12.789292,6481,4987,2950,0
2026-08-23 07:09:12.789312,6526,5151,3560,0
2026-08-23 07:09:12.789332,6406,5140,2647,0
2026-08-23 07:09:12.789352,6474,5208,2574,0
2026-08-23 07:09:12.789372,6494,5307,2952,0
2026-08-23 07:09:12.789392,6422,5278,2951,0
2026-08-23 07:09:12.789412,6502,5360,2906,0
2026-08-23 07:09:12.789432,6501,5377,2962,0
2026-08-23 07:09:12.789452,6318,5163,208,0
2026-08-23 07:09:12.789472,6390,5325,2671,0
2026-08-23 07:09:12.789492,6481,5316,2644,0
2026-08-23 07:09:12.810058,6438,4683,2619,0
2026-08-23 07:09:12.810078,6375,4582,0,0
2026-08-23 07:09:12.810098,6386,4945,3008,0
2026-08-23 07:09:12.810118,6499,5058,2871,0
2026-08-23 07:09:12.810138,6510,5211,3163,0
2026-08-23 07:09:12.810158,6400,5170,2203,0
2026-08-23 07:09:12.810178,6453,5234,2626,0
2026-08-23 07:09:12.810198,6513,5299,2641,0
2026-08-23 07:09:12.810218,6492,5361,3169,0
2026-08-23 07:09:12.810238,6420,5303,2885,0
2026-08-23 07:09:12.810258,6495,5353,2853,0
2026-08-23 07:09:12.810278,6503,5354,3228,0
2026-08-23 07:09:12.810298,6410,5280,2516,0
2026-08-23 07:09:12.831127,6420,4660,2440,0
2026-08-23 07:09:12.831147,6455,4888,2616,0
2026-08-23 07:09:12.831167,6477,5040,2695,0
2026-08-23 07:09:12.831187,6496,5178,3256,0
2026-08-23 07:09:12.831207,6432,5187,2920,0
2026-08-23 07:09:12.831227,6493,5244,2871,0
2026-08-23 07:09:12.831247,6506,5290,3273,0
2026-08-23 07:09:12.831267,6399,5271,2414,0
2026-08-23 07:09:12.831287,6447,5309,2571,0
2026-08-23 07:09:12.831307,6480,5347,2736,0
2026-08-23 07:09:12.831327,6383,5255,1880,0
2026-08-23 07:09:12.831347,6440,5374,2951,0
2026-08-23 07:09:12.831367,6505,5325,2951,0
2026-08-23 07:09:12.852156,6426,4694,2926,0
2026-08-23 07:09:12.852176,6523,4907,3545,0
2026-08-23 07:09:12.852196,6405,4944,2649,0
2026-08-23 07:09:12.852216,6480,5056,2571,0
2026-08-23 07:09:12.852236,6489,5173,2927,0
2026-08-23 07:09:12.852256,6393,5209,2966,0
2026-08-23 07:09:12.852276,6500,5259,2869,0
2026-08-23 07:09:12.852296,6509,5332,2993,0
2026-08-23 07:09:12.852316,6307,5126,0,0
2026-08-23 07:09:12.852336,6385,5335,2681,0
2026-08-23 07:09:12.852356,6480,5345,2609,0
2026-08-23 07:09:12.852376,6493,5369,3031,0
2026-08-23 07:09:12.852396,6427,5327,2915,0
2026-08-23 07:09:12.873241,6427,4690,3033,0
2026-08-23 07:09:12.873261,6510,4881,2808,0
2026-08-23 07:09:12.873281,6508,5003,3162,0
2026-08-23 07:09:12.873301,6405,5023,2319,0
2026-08-23 07:09:12.873321,6458,5186,2619,0
2026-08-23 07:09:12.873341,6484,5221,2659,0
2026-08-23 07:09:12.873361,6498,5275,3198,0
2026-08-23 07:09:12.873381,6422,5293,2912,0
2026-08-23 07:09:12.873401,6495,5306,2864,0
2026-08-23 07:09:12.873421,6507,5350,3214,0
2026-08-23 07:09:12.873441,6399,5304,2272,0
2026-08-23 07:09:12.873461,6468,5332,2573,0
2026-08-23 07:09:12.873481,6486,5348,2768,0
2026-08-23 07:09:12.894091,6433,4684,2788,0
2026-08-23 07:09:12.894111,6369,4779,1391,0
2026-08-23 07:09:12.894131,6416,5015,2902,0
2026-08-23 07:09:12.894151,6500,5079,2939,0
2026-08-23 07:09:12.894171,6528,5228,3529,0
2026-08-23 07:09:12.894191,6407,5174,2639,0
2026-08-23 07:09:12.894211,6473,5215,2541,0
2026-08-23 07:09:12.894231,6477,5327,2964,0
2026-08-23 07:09:12.894251,6426,5329,2929,0
2026-08-23 07:09:12.894271,6501,5317,2886,0
2026-08-23 07:09:12.894291,6507,5353,3015,0
2026-08-23 07:09:12.894311,6363,5220,1258,0
2026-08-23 07:09:12.894331,6400,5331,2621,0
2026-08-23 07:09:12.913553,6415,4678,2612,0
2026-08-23 07:09:12.913573,6478,4880,2659,0
2026-08-23 07:09:12.913593,6317,4819,0,0
2026-08-23 07:09:12.913613,6396,5107,3023,0
2026-08-23 07:09:12.913633,6496,5175,2871,0
2026-08-23 07:09:12.913653,6514,5286,3217,0
2026-08-23 07:09:12.913673,6397,5222,2522,0
2026-08-23 07:09:12.913693,6473,5304,2615,0
2026-08-23 07:09:12.913713,6474,5331,2670,0
2026-08-23 07:09:12.913733,6502,5371,3243,0
2026-08-23 07:09:12.913753,6424,5325,2913,0
2026-08-23 07:09:12.913773,6499,5323,2890,0
2026-08-23 07:09:12.934455,6413,4773,2941,0
2026-08-23 07:09:12.934475,6506,4934,2922,0
2026-08-23 07:09:12.934495,6517,5083,3456,0
2026-08-23 07:09:12.934515,6421,5103,2716,0
2026-08-23 07:09:12.934535,6488,5165,2584,0
2026-08-23 07:09:12.934555,6493,5239,2835,0
2026-08-23 07:09:12.934575,6375,5150,1448,0
2026-08-23 07:09:12.934595,6424,5296,2908,0
2026-08-23 07:09:12.934615,6502,5330,2937,0
2026-08-23 07:09:12.934635,6519,5374,3532,0
2026-08-23 07:09:12.934655,6407,5351,2643,0
2026-08-23 07:09:12.934675,6464,5348,2485,0
2026-08-23 07:09:12.934695,6479,5270,436,0
2026-08-23 07:09:12.955448,6429,4731,3026,0
2026-08-23 07:09:12.955468,6416,4869,2810,0
2026-08-23 07:09:12.955488,6489,4977,2860,0
2026-08-23 07:09:12.955508,6497,5159,3128,0
2026-08-23 07:09:12.955528,6373,5039,1677,0
2026-08-23 07:09:12.955548,6417,5225,2604,0
2026-08-23 07:09:12.955568,6473,5246,2642,0
2026-08-23 07:09:12.955588,6284,5063,0,0
2026-08-23 07:09:12.955608,6398,5320,3024,0
2026-08-23 07:09:12.955628,6487,5327,2867,0
2026-08-23 07:09:12.955648,6509,5360,3190,0
2026-08-23 07:09:12.955668,6283,5327,2602,0
2026-08-23 07:09:12.955688,6473,5303,2593,0
2026-08-23 07:09:12.976405,6417,4688,2586,0
2026-08-23 07:09:12.976425,6473,4892,2727,0
2026-08-23 07:09:12.976445,6379,4894,1631,0
2026-08-23 07:09:12.976465,6429,5075,2968,0
2026-08-23 07:09:12.976485,6508,5207,2887,0
2026-08-23 07:09:12.976505,6518,5294,3334,0
2026-08-23 07:09:12.976525,6417,5286,2694,0
2026-08-23 07:09:12.976545,6483,5323,2591,0
2026-08-23 07:09:12.976565,6480,5327,2747,0
2026-08-23 07:09:12.976585,6305,5157,0,0
2026-08-23 07:09:12.976605,6406,5370,2913,0
2026-08-23 07:09:12.976625,6496,5353,2918,0
2026-08-23 07:09:12.976645,6520,5427,3629,0
2026-08-23 07:09:12.997570,6433,4783,3434,0
2026-08-23 07:09:12.997590,6421,4847,2731,0
2026-08-23 07:09:12.997610,6472,4976,2578,0
2026-08-23 07:09:12.997630,6487,5147,2849,0
2026-08-23 07:09:12.997650,6369,5068,1700,0
2026-08-23 07:09:12.997670,6424,5269,2897,0
2026-08-23 07:09:12.997690,6509,5280,2936,0
2026-08-23 07:09:12.997710,6528,5378,3541,0
2026-08-23 07:09:12.997730,6408,5278,2648,0
2026-08-23 07:09:12.997750,6476,5329,2578,0
2026-08-23 07:09:12.997770,6514,5333,2919,0
2026-08-23 07:09:12.997790,6432,5357,2998,0
2026-08-23 07:09:12.997810,6500,5328,2878,0
2026-08-23 07:09:13.018068,6424,4678,2865,0
2026-08-23 07:09:13.018088,6502,4907,3155,0
2026-08-23 07:09:13.018108,6388,4978,1905,0
2026-08-23 07:09:13.018128,6436,5090,2607,0
2026-08-23 07:09:13.018148,6474,5181,2674,0
2026-08-23 07:09:13.018168,6326,5058,258,0
2026-08-23 07:09:13.018188,6398,5279,3014,0
2026-08-23 07:09:13.018208,6513,5295,2872,0
2026-08-23 07:09:13.018228,6503,5363,3234,0
2026-08-23 07:09:13.018248,6415,5280,2528,0
2026-08-23 07:09:13.018268,6474,5338,2600,0
2026-08-23 07:09:13.018288,6480,5326,2726,0
2026-08-23 07:09:13.018308,6406,5245,2353,0
2026-08-23 07:09:13.039237,6432,4774,2933,0
2026-08-23 07:09:13.039257,6417,4904,3024,0
2026-08-23 07:09:13.039277,6498,5050,2862,0
2026-08-23 07:09:13.039297,6503,5181,3132,0
2026-08-23 07:09:13.039317,6391,5142,1974,0
2026-08-23 07:09:13.039337,6445,5232,2645,0
2026-08-23 07:09:13.039357,6463,5257,2637,0
2026-08-23 07:09:13.039377,6503,5348,3136,0
2026-08-23 07:09:13.039397,6419,5292,2857,0
2026-08-23 07:09:13.039417,6492,5316,2848,0
2026-08-23 07:09:13.039437,6500,5385,3156,0
2026-08-23 07:09:13.039457,6400,5257,2204,0
2026-08-23 07:09:13.039477,6454,5288,2544,0
2026-08-23 07:09:13.060421,6415,4689,2602,0
2026-08-23 07:09:13.060441,6478,4867,2768,0
2026-08-23 07:09:13.060461,6318,4830,224,0
2026-08-23 07:09:13.060481,6391,5134,2920,0
2026-08-23 07:09:13.060501,6497,5209,2898,0
2026-08-23 07:09:13.060521,6518,5261,3442,0
2026-08-23 07:09:13.060541,6410,5251,2620,0
2026-08-23 07:09:13.060561,6469,5291,2578,0
2026-08-23 07:09:13.060581,6484,5311,2834,0
2026-08-23 07:09:13.060601,6410,5315,2698,0
2026-08-23 07:09:13.060621,6495,5365,2924,0
2026-08-23 07:09:13.060641,6505,5362,2968,0
2026-08-23 07:09:13.060661,6382,5243,1562,0
2026-08-23 07:09:13.081445,6424,4774,3605,0
2026-08-23 07:09:13.081465,6423,4836,2644,0
2026-08-23 07:09:13.081485,6473,5006,2584,0
2026-08-23 07:09:13.081505,6492,5136,3010,0
2026-08-23 07:09:13.081525,6433,5169,3034,0
2026-08-23 07:09:13.081545,6502,5222,2895,0
2026-08-23 07:09:13.081565,6502,5296,3032,0
2026-08-23 07:09:13.081585,6351,5177,1115,0
2026-08-23 07:09:13.081604,6396,5330,2682,0
2026-08-23 07:09:13.081625,6469,5302,2606,0
2026-08-23 07:09:13.081645,6489,5345,3027,0
2026-08-23 07:09:13.081665,6421,5311,2815,0
2026-08-23 07:09:13.081685,6492,5322,2855,0
2026-08-23 07:09:13.102029,6428,4685,2878,0
2026-08-23 07:09:13.102049,6494,4922,3217,0
2026-08-23 07:09:13.102069,6425,4976,2581,0
2026-08-23 07:09:13.102089,6477,5055,2601,0
2026-08-23 07:09:13.102109,6482,5191,2708,0
2026-08-23 07:09:13.102129,6508,5132,0,0
2026-08-23 07:09:13.102149,6399,5272,2917,0
2026-08-23 07:09:13.102170,6492,5291,2868,0
2026-08-23 07:09:13.102189,6504,5371,3304,0
2026-08-23 07:09:13.102209,6403,5308,2462,0
2026-08-23 07:09:13.102229,6452,5308,2539,0
2026-08-23 07:09:13.102249,6483,5334,2790,0
2026-08-23 07:09:13.102269,6458,5319,2883,0
2026-08-23 07:09:13.121281,6325,4494,17,0
2026-08-23 07:09:13.121301,6390,4920,2907,0
2026-08-23 07:09:13.121321,6498,5028,2919,0
2026-08-23 07:09:13.121341,6514,5166,3453,0
2026-08-23 07:09:13.121361,6413,5180,2643,0
2026-08-23 07:09:13.121381,6473,5195,2537,0
2026-08-23 07:09:13.121401,6483,5296,2865,0
2026-08-23 07:09:13.121421,6427,5298,2818,0
2026-08-23 07:09:13.121441,6492,5310,3227,0
2026-08-23 07:09:13.121461,6509,5337,2958,0
2026-08-23 07:09:13.121481,6268,5053,0,0
2026-08-23 07:09:13.121501,6393,5279,2664,0
2026-08-23 07:09:13.142114,6304,4585,0,0
2026-08-23 07:09:13.142134,6384,4910,2645,0
2026-08-23 07:09:13.142154,6474,5025,2596,0
2026-08-23 07:09:13.142174,6484,5156,2998,0
2026-08-23 07:09:13.142194,6428,5211,2709,0
2026-08-23 07:09:13.142214,6509,5251,2892,0
2026-08-23 07:09:13.142234,6496,5325,3024,0
2026-08-23 07:09:13.142254,6354,5196,1006,0
2026-08-23 07:09:13.142274,6400,5307,2670,0
2026-08-23 07:09:13.142294,6483,5350,2607,0
2026-08-23 07:09:13.142314,6492,5389,3034,0
2026-08-23 07:09:13.142334,6481,5313,2829,0
2026-08-23 07:09:13.142354,6489,5339,2866,0
2026-08-23 07:09:13.163264,6420,4704,2876,0
2026-08-23 07:09:13.163284,6502,4895,3222,0
2026-08-23 07:09:13.163304,6405,4974,2464,0
2026-08-23 07:09:13.163324,6467,5060,2604,0
2026-08-23 07:09:13.163344,6468,5200,2690,0
2026-08-23 07:09:13.163364,6503,5286,3236,0
2026-08-23 07:09:13.163384,6422,5250,2897,0
2026-08-23 07:09:13.163404,6499,5284,2866,0
2026-08-23 07:09:13.163424,6507,5371,3256,0
2026-08-23 07:09:13.163444,6392,5267,2278,0
2026-08-23 07:09:13.163464,6461,5342,2576,0
2026-08-23 07:09:13.163484,6485,5332,2770,0
2026-08-23 07:09:13.163504,6420,5303,2850,0
2026-08-23 07:09:13.184326,6373,4628,1399,0
2026-08-23 07:09:13.184346,6416,4900,2888,0
2026-08-23 07:09:13.184366,6500,5028,2954,0
2026-08-23 07:09:13.184386,6522,5189,3600,0
2026-08-23 07:09:13.184407,6406,5170,2656,0
2026-08-23 07:09:13.184427,6475,5194,2594,0
2026-08-23 07:09:13.184447,6486,5270,2912,0
2026-08-23 07:09:13.184467,6439,5261,2953,0
2026-08-23 07:09:13.184486,6508,5297,2894,0
2026-08-23 07:09:13.184506,6495,5331,3005,0
2026-08-23 07:09:13.184526,6312,5140,191,0
2026-08-23 07:09:13.184546,6407,5355,2668,0
2026-08-23 07:09:13.184566,6479,5341,2637,0
2026-08-23 07:09:13.205439,6415,4693,2591,0
2026-08-23 07:09:13.205459,6485,4923,3108,0
2026-08-23 07:09:13.205479,6424,5044,3038,0
2026-08-23 07:09:13.205499,6507,5156,2870,0
2026-08-23 07:09:13.205519,6492,5195,3126,0
2026-08-23 07:09:13.205539,6380,5166,1984,0
2026-08-23 07:09:13.205559,6442,5242,2668,0
2026-08-23 07:09:13.205580,6483,5306,2620,0
2026-08-23 07:09:13.205599,6480,5327,3125,0
2026-08-23 07:09:13.205619,6414,5333,2856,0
2026-08-23 07:09:13.205639,6494,5331,2852,0
2026-08-23 07:09:13.205659,6495,5347,3210,0
2026-08-23 07:09:13.205679,6407,5276,2451,0
2026-08-23 07:09:13.226564,6419,4667,2661,0
2026-08-23 07:09:13.226584,6480,4877,2593,0
2026-08-23 07:09:13.226604,6486,5011,2766,0
2026-08-23 07:09:13.226624,6319,4911,273,0
2026-08-23 07:09:13.226644,6396,5206,2934,0
2026-08-23 07:09:13.226664,6504,5239,2894,0
2026-08-23 07:09:13.226684,6514,5297,3404,0
2026-08-23 07:09:13.226704,6413,5259,2632,0
2026-08-23 07:09:13.226724,6471,5304,2537,0
2026-08-23 07:09:13.226744,6547,5355,2847,0
2026-08-23 07:09:13.226764,6416,5345,2729,0
2026-08-23 07:09:13.226784,6494,5339,2915,0
2026-08-23 07:09:13.226804,6508,5348,3027,0
2026-08-23 07:09:13.247475,6418,4735,3013,0
2026-08-23 07:09:13.247495,6304,4657,143,0
2026-08-23 07:09:13.247515,6384,4971,2623,0
2026-08-23 07:09:13.247535,6529,5075,2610,0
2026-08-23 07:09:13.247555,6480,5206,3106,0
2026-08-23 07:09:13.247575,6425,5228,3031,0
2026-08-23 07:09:13.247595,6503,5304,2876,0
2026-08-23 07:09:13.247615,6518,5304,3132,0
2026-08-23 07:09:13.247635,6378,5268,1971,0
2026-08-23 07:09:13.247655,6436,5349,2638,0
2026-08-23 07:09:13.247675,6477,5319,2631,0
2026-08-23 07:09:13.247695,6502,5349,3202,0
2026-08-23 07:09:13.247715,6424,5308,2911,0
2026-08-23 07:09:13.268582,6431,4714,3023,0
2026-08-23 07:09:13.268602,6500,4869,2884,0
2026-08-23 07:09:13.268622,6506,5048,3217,0
2026-08-23 07:09:13.268642,6410,5083,2530,0
2026-08-23 07:09:13.268662,6479,5157,2729,0
2026-08-23 07:09:13.268682,6479,5242,2633,0
2026-08-23 07:09:13.268702,6512,5306,3257,0
2026-08-23 07:09:13.268722,6418,5304,2867,0
2026-08-23 07:09:13.268742,6497,5291,2860,0
2026-08-23 07:09:13.268762,6497,5346,3266,0
2026-08-23 07:09:13.268782,6398,5291,2377,0
2026-08-23 07:09:13.268802,6468,5297,2594,0
2026-08-23 07:09:13.268822,6492,5325,2888,0
2026-08-23 07:09:13.289908,6421,4694,2833,0
2026-08-23 07:09:13.289928,6380,4814,2023,0
2026-08-23 07:09:13.289948,6447,5020,2887,0
2026-08-23 07:09:13.289968,6500,5087,2953,0
2026-08-23 07:09:13.289988,6526,5247,3574,0
2026-08-23 07:09:13.290008,6414,5222,2642,0
2026-08-23 07:09:13.290028,6470,5270,2578,0
2026-08-23 07:09:13.290048,6485,5326,2960,0
2026-08-23 07:09:13.290068,6422,5300,2950,0
2026-08-23 07:09:13.290088,6500,5359,2907,0
2026-08-23 07:09:13.290108,6501,5341,2997,0
2026-08-23 07:09:13.290128,6354,5185,991,0
2026-08-23 07:09:13.290148,6395,5326,2631,0
2026-08-23 07:09:13.310794,6423,4695,2574,0
2026-08-23 07:09:13.310814,6470,4836,2594,0
2026-08-23 07:09:13.310834,6337,4817,637,0
2026-08-23 07:09:13.310854,6394,5132,3009,0
2026-08-23 07:09:13.310874,6495,5206,2878,0
2026-08-23 07:09:13.310894,6524,5291,3274,0
2026-08-23 07:09:13.310915,6403,5274,2607,0
2026-08-23 07:09:13.310935,6480,5298,2603,0
2026-08-23 07:09:13.310954,6482,5302,2703,0
2026-08-23 07:09:13.310974,6384,5186,0,0
2026-08-23 07:09:13.310994,6391,5318,2922,0
2026-08-23 07:09:13.311014,6501,5361,2871,0
2026-08-23 07:09:13.311034,6524,5370,3556,0
2026-08-23 07:09:13.332046,6439,4728,3419,0
2026-08-23 07:09:13.332066,6419,4847,2710,0
2026-08-23 07:09:13.332086,6490,4998,2571,0
2026-08-23 07:09:13.332106,6477,5135,2830,0
2026-08-23 07:09:13.332126,6373,5088,1596,0
2026-08-23 07:09:13.332146,6419,5213,2892,0
2026-08-23 07:09:13.332166,6504,5258,2948,0
2026-08-23 07:09:13.332186,6518,5378,3519,0
2026-08-23 07:09:13.332206,6415,5265,2642,0
2026-08-23 07:09:13.332226,6472,5322,2540,0
2026-08-23 07:09:13.332246,6487,5368,2908,0
2026-08-23 07:09:13.332266,6420,5355,2997,0
2026-08-23 07:09:13.332286,6492,5319,2865,0
2026-08-23 07:09:13.352965,6416,4675,2858,0
2026-08-23 07:09:13.352985,6500,4870,3126,0
2026-08-23 07:09:13.353005,6378,4931,1736,0
2026-08-23 07:09:13.353025,6421,5053,2594,0
2026-08-23 07:09:13.353045,6471,5161,2652,0
2026-08-23 07:09:13.353065,6307,5028,0,0
2026-08-23 07:09:13.353086,6398,5302,3035,0
2026-08-23 07:09:13.353106,6497,5285,2874,0
2026-08-23 07:09:13.353125,6506,5328,3216,0
2026-08-23 07:09:13.353145,6403,5282,2492,0
2026-08-23 07:09:13.353165,6463,5332,2601,0
2026-08-23 07:09:13.353185,6484,5311,2715,0
2026-08-23 07:09:13.353205,6331,5156,481,0
2026-08-23 07:09:13.374066,6374,4632,1572,0
2026-08-23 07:09:13.374086,6416,4911,2967,0
2026-08-23 07:09:13.374106,6501,5054,2903,0
2026-08-23 07:09:13.374126,6493,5176,3363,0
2026-08-23 07:09:13.374146,6412,5150,2706,0
2026-08-23 07:09:13.374166,6478,5206,2591,0
2026-08-23 07:09:13.374186,6468,5286,2768,0
2026-08-23 07:09:13.374206,6322,5126,207,0
2026-08-23 07:09:13.374226,6393,5298,2905,0
2026-08-23 07:09:13.374246,6491,5354,2912,0
2026-08-23 07:09:13.374266,6519,5370,3438,0
2026-08-23 07:09:13.374286,6414,5292,2642,0
2026-08-23 07:09:13.374306,6472,5325,2586,0
2026-08-23 07:09:13.395019,6406,4700,2584,0
2026-08-23 07:09:13.395039,6484,4914,2922,0
2026-08-23 07:09:13.395059,6397,4977,2372,0
2026-08-23 07:09:13.395079,6467,5136,2884,0
2026-08-23 07:09:13.395099,6478,5187,2999,0
2026-08-23 07:09:13.395119,6250,4950,0,0
2026-08-23 07:09:13.395139,6376,5201,2457,0
2026-08-23 07:09:13.395159,6474,5285,2594,0
2026-08-23 07:09:13.395179,6484,5293,3026,0
2026-08-23 07:09:13.395199,6408,5331,2980,0
2026-08-23 07:09:13.395219,6509,5355,2866,0
2026-08-23 07:09:13.395239,6503,5375,3129,0
2026-08-23 07:09:13.395259,6416,5312,2645,0
2026-08-23 07:09:13.415317,6386,4573,1599,0
2026-08-23 07:09:13.415337,6405,4870,2580,0
2026-08-23 07:09:13.415357,6473,4975,2674,0
2026-08-23 07:09:13.415377,6336,4912,476,0
2026-08-23 07:09:13.415397,6394,5210,3013,0
2026-08-23 07:09:13.415417,6493,5221,2815,0
2026-08-23 07:09:13.415437,6498,5290,3221,0
2026-08-23 07:09:13.415457,6402,5270,2544,0
2026-08-23 07:09:13.415477,6471,5301,2364,0
2026-08-23 07:09:13.415497,6479,5338,2705,0
2026-08-23 07:09:13.415517,6502,5383,3268,0
2026-08-23 07:09:13.415537,6413,5319,2922,0
2026-08-23 07:09:13.415557,6490,5339,2971,0
2026-08-23 07:09:13.435928,6419,4780,2911,0
2026-08-23 07:09:13.435948,6503,4908,3057,0
2026-08-23 07:09:13.435968,6369,4935,1523,0
2026-08-23 07:09:13.435988,6412,5076,2658,0
2026-08-23 07:09:13.436008,6487,5172,2605,0
2026-08-23 07:09:13.436028,6480,5258,3052,0
2026-08-23 07:09:13.436048,6418,5252,2790,0
2026-08-23 07:09:13.436068,6487,5290,2868,0
2026-08-23 07:09:13.436088,6512,5362,3094,0
2026-08-23 07:09:13.436108,6348,5229,1218,0
2026-08-23 07:09:13.436128,6395,5340,2621,0
2026-08-23 07:09:13.436148,6473,5307,2705,0
2026-08-23 07:09:13.436168,6415,5261,2748,0
2026-08-23 07:09:13.456913,6417,4772,2819,0
2026-08-23 07:09:13.456933,6396,4844,2293,0
2026-08-23 07:09:13.456953,6457,5016,2881,0
2026-08-23 07:09:13.456973,6504,5167,3005,0
2026-08-23 07:09:13.456993,6262,4888,0,0
2026-08-23 07:09:13.457013,6376,5188,2641,0
2026-08-23 07:09:13.457033,6464,5235,2588,0
2026-08-23 07:09:13.457053,6486,5334,3030,0
2026-08-23 07:09:13.457072,6412,5353,3016,0
2026-08-23 07:09:13.457093,6504,5353,2881,0
2026-08-23 07:09:13.457113,6514,5348,3043,0
2026-08-23 07:09:13.457133,6393,5286,2021,0
2026-08-23 07:09:13.457153,6446,5336,2603,0
2026-08-23 07:09:13.476247,6420,4678,2591,0
2026-08-23 07:09:13.476267,6484,4857,2654,0
2026-08-23 07:09:13.476287,6311,4851,343,0
2026-08-23 07:09:13.476307,6347,5145,3007,0
2026-08-23 07:09:13.476327,6498,5182,2811,0
2026-08-23 07:09:13.476347,6502,5258,3238,0
2026-08-23 07:09:13.476367,6406,5260,2593,0
2026-08-23 07:09:13.476387,6466,5270,2598,0
2026-08-23 07:09:13.476407,6484,5300,2709,0
2026-08-23 07:09:13.476427,6493,5403,1231,0
2026-08-23 07:09:13.476447,6388,5301,2912,0
2026-08-23 07:09:13.476467,6495,5308,2931,0
2026-08-23 07:09:13.495170,6411,4795,2912,0
2026-08-23 07:09:13.495190,6504,4952,2980,0
2026-08-23 07:09:13.495210,6296,4835,0,0
2026-08-23 07:09:13.495230,6381,5142,2693,0
2026-08-23 07:09:13.495250,6469,5199,2582,0
2026-08-23 07:09:13.495270,6485,5279,2930,0
2026-08-23 07:09:13.495290,6399,5235,2487,0
2026-08-23 07:09:13.495310,6471,5346,2865,0
2026-08-23 07:09:13.495330,6494,5329,3008,0
2026-08-23 07:09:13.495350,6284,5054,0,0
2026-08-23 07:09:13.495370,6379,5325,2600,0
2026-08-23 07:09:13.495390,6473,5291,2703,0
2026-08-23 07:09:13.514145,6407,4777,2666,0
2026-08-23 07:09:13.514165,6464,4964,2633,0
2026-08-23 07:09:13.514185,6491,5089,3160,0
2026-08-23 07:09:13.514205,6422,5099,2822,0
2026-08-23 07:09:13.514225,6485,5231,2862,0
2026-08-23 07:09:13.514245,6512,5270,3154,0
2026-08-23 07:09:13.514265,6373,5207,1865,0
2026-08-23 07:09:13.514285,6429,5298,2585,0
2026-08-23 07:09:13.514305,6474,5289,2665,0
2026-08-23 07:09:13.514325,6314,5177,387,0
2026-08-23 07:09:13.514345,6394,5331,2986,0
2026-08-23 07:09:13.514365,6498,5326,2934,0
2026-08-23 07:09:13.531402,6418,4761,2875,0
2026-08-23 07:09:13.531422,6489,4944,2964,0
2026-08-23 07:09:13.531442,6345,4660,0,0
2026-08-23 07:09:13.531462,6384,5021,2644,0
2026-08-23 07:09:13.531482,6465,5133,2579,0
2026-08-23 07:09:13.531502,6487,5201,3008,0
2026-08-23 07:09:13.531522,6423,5270,3019,0
2026-08-23 07:09:13.531542,6477,5303,2888,0
2026-08-23 07:09:13.531562,6496,5303,3004,0
2026-08-23 07:09:13.531582,6369,5237,1458,0
2026-08-23 07:09:13.531602,6410,5325,2630,0
2026-08-23 07:09:13.549766,6436,4877,3401,0
2026-08-23 07:09:13.549786,6400,4934,2436,0
2026-08-23 07:09:13.549806,6468,5078,2544,0
2026-08-23 07:09:13.549826,6472,5158,2837,0
2026-08-23 07:09:13.549846,6417,5185,2720,0
2026-08-23 07:09:13.549866,6478,5260,2912,0
2026-08-23 07:09:13.549886,6497,5287,2928,0
2026-08-23 07:09:13.549906,6529,5448,2509,0
2026-08-23 07:09:13.549926,6396,5298,2721,0
2026-08-23 07:09:13.549946,6471,5320,2573,0
2026-08-23 07:09:13.549966,6472,5324,2934,0
2026-08-23 07:09:13.549986,6423,5310,2907,0
2026-08-23 07:09:13.567798,6427,4867,2754,0
2026-08-23 07:09:13.567818,6396,4949,2418,0
2026-08-23 07:09:13.567838,6472,5080,2937,0
2026-08-23 07:09:13.567858,6500,5190,2919,0
2026-08-23 07:09:13.567878,6514,5264,3437,0
2026-08-23 07:09:13.567898,6410,5229,2712,0
2026-08-23 07:09:13.567918,6456,5289,2583,0
2026-08-23 07:09:13.567938,6477,5307,2815,0
2026-08-23 07:09:13.567958,6357,5147,1201,0
2026-08-23 07:09:13.567978,6418,5320,2905,0
2026-08-23 07:09:13.567998,6497,5365,2949,0
2026-08-23 07:09:13.568018,6320,5102,328,0
2026-08-23 07:09:13.586691,6415,4907,2857,0
2026-08-23 07:09:13.586711,6490,5049,3355,0
2026-08-23 07:09:13.586731,6402,5029,2414,0
2026-08-23 07:09:13.586751,6462,5184,2605,0
2026-08-23 07:09:13.586771,6497,5219,2683,0
2026-08-23 07:09:13.586791,6495,5320,3241,0
2026-08-23 07:09:13.586811,6416,5280,2917,0
2026-08-23 07:09:13.586831,6507,5335,2880,0
2026-08-23 07:09:13.586851,6503,5371,3264,0
2026-08-23 07:09:13.586871,6402,5260,2379,0
2026-08-23 07:09:13.586891,6454,5286,2573,0
2026-08-23 07:09:13.586911,6480,5317,2856,0
2026-08-23 07:09:13.605485,6406,4763,2577,0
2026-08-23 07:09:13.605505,6468,4989,2862,0
2026-08-23 07:09:13.605525,6393,4994,2022,0
2026-08-23 07:09:13.605545,6445,5163,2890,0
2026-08-23 07:09:13.605565,6517,5206,2954,0
2026-08-23 07:09:13.605585,6524,5347,2643,0
2026-08-23 07:09:13.605605,6398,5250,2648,0
2026-08-23 07:09:13.605625,6479,5289,2588,0
2026-08-23 07:09:13.605645,6470,5304,2960,0
2026-08-23 07:09:13.605665,6427,5340,3003,0
2026-08-23 07:09:13.605685,6507,5362,2877,0
2026-08-23 07:09:13.605705,6496,5276,3257,0
2026-08-23 07:09:13.625711,6414,4794,2928,0
2026-08-23 07:09:13.625731,6496,4988,2883,0
2026-08-23 07:09:13.625751,6509,5104,3401,0
2026-08-23 07:09:13.625771,6403,5146,2635,0
2026-08-23 07:09:13.625791,6470,5174,2574,0
2026-08-23 07:09:13.625811,6473,5247,2824,0
2026-08-23 07:09:13.625831,6406,5252,2680,0
2026-08-23 07:09:13.625851,6485,5292,2927,0
2026-08-23 07:09:13.625871,6502,5321,2928,0
2026-08-23 07:09:13.625891,6512,5410,3821,0
2026-08-23 07:09:13.625911,6424,5314,2716,0
2026-08-23 07:09:13.625931,6475,5358,2591,0
2026-08-23 07:09:13.625951,6485,5373,2950,0
2026-08-23 07:09:13.643534,6423,4733,2970,0
2026-08-23 07:09:13.643554,6420,4897,3023,0
2026-08-23 07:09:13.643574,6482,4988,2887,0
2026-08-23 07:09:13.643594,6494,5143,3048,0
2026-08-23 07:09:13.643614,6369,5056,1357,0
2026-08-23 07:09:13.643634,6408,5196,2665,0
2026-08-23 07:09:13.643654,6474,5238,2618,0
2026-08-23 07:09:13.643674,6483,5333,3043,0
2026-08-23 07:09:13.643694,6401,5278,2728,0
2026-08-23 07:09:13.643714,6479,5326,2867,0
2026-08-23 07:09:13.643734,6501,5332,3206,0
2026-08-23 07:09:13.664563,6415,4825,2895,0
2026-08-23 07:09:13.664583,6483,5002,3023,0
2026-08-23 07:09:13.664603,6334,4921,637,0
2026-08-23 07:09:13.664623,6375,5103,2689,0
2026-08-23 07:09:13.664643,6462,5218,2579,0
2026-08-23 07:09:13.664663,6478,5264,2993,0
2026-08-23 07:09:13.664683,6417,5246,2682,0
2026-08-23 07:09:13.664703,6473,5333,2857,0
2026-08-23 07:09:13.664723,6486,5364,3054,0
2026-08-23 07:09:13.664743,6327,5191,671,0
2026-08-23 07:09:13.664763,6385,5301,2617,0
2026-08-23 07:09:13.664783,6474,5356,2645,0
2026-08-23 07:09:13.664803,6405,5271,2007,0
2026-08-23 07:09:13.685524,6255,4367,0,0
2026-08-23 07:09:13.685544,6384,4785,2919,0
2026-08-23 07:09:13.685564,6482,4971,2929,0
2026-08-23 07:09:13.685584,6506,5084,3392,0
2026-08-23 07:09:13.685604,6407,5143,2609,0
2026-08-23 07:09:13.685624,6465,5164,2541,0
2026-08-23 07:09:13.685644,6467,5239,2819,0
2026-08-23 07:09:13.685664,6407,5246,2665,0
2026-08-23 07:09:13.685684,6512,5344,2925,0
2026-08-23 07:09:13.685704,6500,5324,2957,0
2026-08-23 07:09:13.685724,6516,5376,3511,0
2026-08-23 07:09:13.685744,6421,5302,2702,0
2026-08-23 07:09:13.685764,6471,5299,2589,0
2026-08-23 07:09:13.705722,6411,4692,2538,0
2026-08-23 07:09:13.705742,6475,4912,2978,0
2026-08-23 07:09:13.705762,6417,5022,2916,0
2026-08-23 07:09:13.705782,6497,5133,2892,0
2026-08-23 07:09:13.705802,6501,5186,2994,0
2026-08-23 07:09:13.705822,6314,5056,400,0
2026-08-23 07:09:13.705842,6382,5241,2672,0
2026-08-23 07:09:13.705862,6464,5299,2591,0
2026-08-23 07:09:13.705882,6482,5357,3008,0
2026-08-23 07:09:13.705902,6419,5291,2643,0
2026-08-23 07:09:13.705922,6475,5361,2866,0
2026-08-23 07:09:13.705942,6496,5382,3055,0
2026-08-23 07:09:13.705962,6415,5280,2549,0
2026-08-23 07:09:13.722811,6423,4794,3367,0
2026-08-23 07:09:13.722831,6403,4908,2693,0
2026-08-23 07:09:13.722851,6478,4992,2577,0
2026-08-23 07:09:13.722871,6482,5148,2887,0
2026-08-23 07:09:13.722891,6383,5091,2118,0
2026-08-23 07:09:13.722911,6453,5262,2885,0
2026-08-23 07:09:13.722931,6496,5273,2948,0
2026-08-23 07:09:13.722951,6405,5174,0,0
2026-08-23 07:09:13.722971,6391,5267,2652,0
2026-08-23 07:09:13.722991,6469,5288,2657,0
2026-08-23 07:09:13.723011,6361,5129,0,0
2026-08-23 07:09:13.740093,6406,4868,2606,0
2026-08-23 07:09:13.740113,6484,4976,2691,0
2026-08-23 07:09:13.740133,6506,5086,921,0
2026-08-23 07:09:13.740153,6392,5185,2927,0
2026-08-23 07:09:13.740173,6492,5212,2869,0
2026-08-23 07:09:13.740193,6486,5314,3293,0
2026-08-23 07:09:13.740212,6396,5233,2465,0
2026-08-23 07:09:13.740232,6447,5282,2618,0
2026-08-23 07:09:13.740252,6471,5313,2755,0
2026-08-23 07:09:13.740273,6395,5293,2353,0
2026-08-23 07:09:13.740293,6459,5322,2906,0
2026-08-23 07:09:13.757433,6424,4879,3172,0
2026-08-23 07:09:13.757453,6416,4968,2924,0
2026-08-23 07:09:13.757473,6485,5073,2873,0
2026-08-23 07:09:13.757493,6506,5202,3267,0
2026-08-23 07:09:13.757513,6415,5144,2415,0
2026-08-23 07:09:13.757533,6451,5234,2537,0
2026-08-23 07:09:13.757553,6477,5291,2734,0
2026-08-23 07:09:13.757573,6351,5206,1978,0
2026-08-23 07:09:13.757593,6446,5323,2970,0
2026-08-23 07:09:13.757613,6502,5362,2893,0
2026-08-23 07:09:13.757633,6553,5315,805,0
2026-08-23 07:09:13.774754,6407,4836,2849,0
2026-08-23 07:09:13.774774,6498,4993,3271,0
2026-08-23 07:09:13.774794,6395,4997,2352,0
2026-08-23 07:09:13.774814,6445,5154,2592,0
2026-08-23 07:09:13.774834,6481,5232,2726,0
2026-08-23 07:09:13.774854,6368,5180,1651,0
2026-08-23 07:09:13.774874,6418,5292,2984,0
2026-08-23 07:09:13.774894,6489,5349,2903,0
2026-08-23 07:09:13.774914,6501,5366,3322,0
2026-08-23 07:09:13.774934,6408,5320,2723,0
2026-08-23 07:09:13.774954,6470,5291,2535,0
2026-08-23 07:09:13.792183,6384,4742,1984,0
2026-08-23 07:09:13.792203,6414,4970,2586,0
2026-08-23 07:09:13.792223,6461,5046,2700,0
2026-08-23 07:09:13.792243,6369,5051,1378,0
2026-08-23 07:09:13.792263,6416,5220,2989,0
2026-08-23 07:09:13.792283,6498,5294,2879,0
2026-08-23 07:09:13.792303,6501,5327,3317,0
2026-08-23 07:09:13.792323,6410,5298,2660,0
2026-08-23 07:09:13.792343,6473,5284,2395,0
2026-08-23 07:09:13.792363,6478,5313,2763,0
2026-08-23 07:09:13.792383,6371,5234,1643,0
2026-08-23 07:09:13.811286,6417,4816,2663,0
2026-08-23 07:09:13.811306,6330,4836,655,0
2026-08-23 07:09:13.811326,6394,5099,3010,0
2026-08-23 07:09:13.811346,6493,5200,2881,0
2026-08-23 07:09:13.811366,6508,5263,3256,0
2026-08-23 07:09:13.811386,6407,5225,2593,0
2026-08-23 07:09:13.811406,6461,5238,2600,0
2026-08-23 07:09:13.811426,6471,5333,2709,0
2026-08-23 07:09:13.811446,6369,5086,0,0
2026-08-23 07:09:13.811466,6392,5299,2939,0
2026-08-23 07:09:13.811486,6487,5348,2889,0
2026-08-23 07:09:13.811506,6511,5385,3481,0
2026-08-23 07:09:13.832143,6417,4803,2944,0
2026-08-23 07:09:13.832163,6545,4803,0,0
2026-08-23 07:09:13.832183,6382,5003,2681,0
2026-08-23 07:09:13.832203,6466,5134,2547,0
2026-08-23 07:09:13.832223,6480,5211,2880,0
2026-08-23 07:09:13.832243,6389,5182,1996,0
2026-08-23 07:09:13.832263,6437,5268,2897,0
2026-08-23 07:09:13.832283,6491,5331,2956,0
2026-08-23 07:09:13.832303,6516,5388,3597,0
2026-08-23 07:09:13.832323,6395,5331,2643,0
2026-08-23 07:09:13.832343,6478,5344,2581,0
2026-08-23 07:09:13.832363,6471,5374,3035,0
2026-08-23 07:09:13.832383,6418,5316,3012,0
2026-08-23 07:09:13.851249,6406,4675,2632,0
2026-08-23 07:09:13.851269,6458,4882,2865,0
2026-08-23 07:09:13.851289,6490,4974,3083,0
2026-08-23 07:09:13.851309,6339,4965,863,0
2026-08-23 07:09:13.851329,6379,5148,2612,0
2026-08-23 07:09:13.851349,6459,5246,2603,0
2026-08-23 07:09:13.851369,6370,5020,0,0
2026-08-23 07:09:13.851389,6392,5319,3021,0
2026-08-23 07:09:13.851409,6480,5307,2869,0
2026-08-23 07:09:13.851429,6505,5376,3156,0
2026-08-23 07:09:13.851449,6402,5304,2456,0
2026-08-23 07:09:13.851469,6453,5326,2550,0
2026-08-23 07:09:13.872205,6405,4738,2484,0
2026-08-23 07:09:13.872225,6464,4898,2548,0
2026-08-23 07:09:13.872245,6473,5079,2796,0
2026-08-23 07:09:13.872265,6401,5102,2418,0
2026-08-23 07:09:13.872285,6469,5189,2950,0
2026-08-23 07:09:13.872305,6499,5256,2930,0
2026-08-23 07:09:13.872325,6506,5347,3446,0
2026-08-23 07:09:13.872345,6408,5300,2732,0
2026-08-23 07:09:13.872365,6475,5294,2579,0
2026-08-23 07:09:13.872385,6478,5345,2801,0
2026-08-23 07:09:13.872405,6347,5212,1374,0
2026-08-23 07:09:13.872425,6410,5330,2887,0
2026-08-23 07:09:13.872445,6487,5370,3030,0
2026-08-23 07:09:13.893517,6419,4735,3031,0
2026-08-23 07:09:13.893537,6358,4743,1476,0
2026-08-23 07:09:13.893557,6393,4996,2358,0
2026-08-23 07:09:13.893577,6471,5061,2614,0
2026-08-23 07:09:13.893597,6481,5185,3082,0
2026-08-23 07:09:13.893617,6408,5196,2791,0
2026-08-23 07:09:13.893637,6488,5265,2858,0
2026-08-23 07:09:13.893657,6498,5335,3120,0
2026-08-23 07:09:13.893677,6360,5208,1393,0
2026-08-23 07:09:13.893697,6401,5290,2614,0
2026-08-23 07:09:13.893717,6465,5343,2669,0
2026-08-23 07:09:13.893737,6319,5173,356,0
2026-08-23 07:09:13.893757,6397,5315,2957,0
2026-08-23 07:09:13.914568,6419,4691,2903,0
2026-08-23 07:09:13.914588,6491,4877,2907,0
2026-08-23 07:09:13.914608,6515,5033,3420,0
2026-08-23 07:09:13.914628,6404,5057,2595,0
2026-08-23 07:09:13.914648,6460,5143,2545,0
2026-08-23 07:09:13.914668,6487,5225,2854,0
2026-08-23 07:09:13.914688,6418,5291,2736,0
2026-08-23 07:09:13.914708,6483,5291,2918,0
2026-08-23 07:09:13.914728,6504,5315,2950,0
2026-08-23 07:09:13.914748,6518,5403,3204,0
2026-08-23 07:09:13.914768,6407,5288,2710,0
2026-08-23 07:09:13.914788,6473,5320,2581,0
2026-08-23 07:09:13.914808,6481,5364,3055,0
2026-08-23 07:09:13.935712,6419,4724,3032,0
2026-08-23 07:09:13.935732,6417,4885,3014,0
2026-08-23 07:09:13.935752,6497,4992,2863,0
2026-08-23 07:09:13.935772,6505,5105,3135,0
2026-08-23 07:09:13.935792,6391,5099,2148,0
2026-08-23 07:09:13.935812,6438,5220,2631,0
2026-08-23 07:09:13.935832,6467,5247,2642,0
2026-08-23 07:09:13.935852,6492,5331,3151,0
2026-08-23 07:09:13.935872,6414,5291,2882,0
2026-08-23 07:09:13.935892,6473,5310,2864,0
2026-08-23 07:09:13.935912,6504,5355,3156,0
2026-08-23 07:09:13.935932,6398,5272,2292,0
2026-08-23 07:09:13.935952,6445,5301,2574,0
2026-08-23 07:09:13.956834,6419,4705,2585,0
2026-08-23 07:09:13.956854,6473,4867,2779,0
2026-08-23 07:09:13.956874,6334,4830,606,0
2026-08-23 07:09:13.956894,6393,5137,2890,0
2026-08-23 07:09:13.956914,6481,5215,2920,0
2026-08-23 07:09:13.956934,6415,5289,3462,0
2026-08-23 07:09:13.956954,6398,5254,2638,0
2026-08-23 07:09:13.956975,6455,5253,2546,0
2026-08-23 07:09:13.956994,6473,5337,2848,0
2026-08-23 07:09:13.957014,6413,5310,2750,0
2026-08-23 07:09:13.957034,6483,5340,2920,0
2026-08-23 07:09:13.957054,6498,5392,2980,0
2026-08-23 07:09:13.957074,6357,5222,1228,0
2026-08-23 07:09:13.977885,6249,4440,0,0
2026-08-23 07:09:13.977906,6376,4849,2629,0
2026-08-23 07:09:13.977926,6474,4913,2586,0
2026-08-23 07:09:13.977946,6479,5096,3103,0
2026-08-23 07:09:13.977966,6471,5157,3046,0
2026-08-23 07:09:13.977986,6494,5245,2878,0
2026-08-23 07:09:13.978006,6501,5274,3105,0
2026-08-23 07:09:13.978026,6386,5212,2058,0
2026-08-23 07:09:13.978045,6437,5279,2608,0
2026-08-23 07:09:13.978065,6476,5330,2626,0
2026-08-23 07:09:13.978086,6483,5378,3135,0
2026-08-23 07:09:13.978106,6413,5348,2899,0
2026-08-23 07:09:13.978126,6492,5344,2887,0
2026-08-23 07:09:13.998007,6413,4694,2878,0
2026-08-23 07:09:13.998027,6502,4921,3317,0
2026-08-23 07:09:13.998047,6352,4981,2676,0
2026-08-23 07:09:13.998067,6466,5092,2591,0
2026-08-23 07:09:13.998087,6468,5156,2738,0
2026-08-23 07:09:13.998107,6273,4980,0,0
2026-08-23 07:09:13.998127,6386,5243,2922,0
2026-08-23 07:09:13.998147,6478,5313,2873,0
2026-08-23 07:09:13.998167,6515,5372,3366,0
2026-08-23 07:09:13.998187,6405,5269,2586,0
2026-08-23 07:09:13.998207,6463,5293,2539,0
2026-08-23 07:09:13.998227,6442,5331,2845,0
2026-08-23 07:09:13.998247,6423,5297,3032,0
2026-08-23 07:09:14.018378,6416,4807,2891,0
2026-08-23 07:09:14.018398,6394,4887,2360,0
2026-08-23 07:09:14.018418,6459,5077,2871,0
2026-08-23 07:09:14.018438,6500,5131,2982,0
2026-08-23 07:09:14.018458,6257,4881,0,0
2026-08-23 07:09:14.018478,6378,5173,2646,0
2026-08-23 07:09:14.018498,6461,5259,2593,0
2026-08-23 07:09:14.018518,6486,5286,3030,0
2026-08-23 07:09:14.018538,6417,5306,3021,0
2026-08-23 07:09:14.018558,6496,5323,2883,0
2026-08-23 07:09:14.018578,6491,5377,3041,0
2026-08-23 07:09:14.018598,6362,5215,1466,0
2026-08-23 07:09:14.018618,6444,5243,2581,0
2026-08-23 07:09:14.038919,6405,4712,2632,0
2026-08-23 07:09:14.038939,6464,4919,2546,0
2026-08-23 07:09:14.038960,6470,5026,2906,0
2026-08-23 07:09:14.038980,6425,5090,2886,0
2026-08-23 07:09:14.039000,6490,5222,2900,0
2026-08-23 07:09:14.039020,6483,5256,2977,0
2026-08-23 07:09:14.039040,6259,4993,0,0
2026-08-23 07:09:14.039060,6379,5295,2711,0
2026-08-23 07:09:14.039079,6465,5310,2581,0
2026-08-23 07:09:14.039099,6483,5356,2920,0
2026-08-23 07:09:14.039119,6385,5273,2332,0
2026-08-23 07:09:14.039140,6462,5332,2877,0
2026-08-23 07:09:14.039160,6494,5331,3483,0
2026-08-23 07:09:14.059364,6410,4804,2901,0
2026-08-23 07:09:14.059384,6507,4986,3352,0
2026-08-23 07:09:14.059404,6412,4987,2737,0
2026-08-23 07:09:14.059424,6475,5087,2544,0
2026-08-23 07:09:14.059444,6474,5204,2793,0
2026-08-23 07:09:14.059464,6330,5096,844,0
2026-08-23 07:09:14.059484,6384,5264,2911,0
2026-08-23 07:09:14.059504,6486,5297,2908,0
2026-08-23 07:09:14.059524,6504,5389,3454,0
2026-08-23 07:09:14.059544,6371,5320,2640,0
2026-08-23 07:09:14.059564,6476,5302,2537,0
2026-08-23 07:09:14.059584,6475,5379,2861,0
2026-08-23 07:09:14.059604,6421,5301,2970,0
2026-08-23 07:09:14.079598,6252,4442,0,0
2026-08-23 07:09:14.079618,6396,4855,2905,0
2026-08-23 07:09:14.079638,6495,4997,2922,0
2026-08-23 07:09:14.079658,6526,5171,3527,0
2026-08-23 07:09:14.079678,6396,5167,2643,0
2026-08-23 07:09:14.079698,6476,5222,2578,0
2026-08-23 07:09:14.079718,6478,5245,2916,0
2026-08-23 07:09:14.079738,6418,5274,2925,0
2026-08-23 07:09:14.079758,6489,5295,2901,0
2026-08-23 07:09:14.079778,6495,5357,2986,0
2026-08-23 07:09:14.079798,6280,5091,0,0
2026-08-23 07:09:14.079818,6380,5299,2670,0
2026-08-23 07:09:14.079838,6474,5275,2710,0
2026-08-23 07:09:14.101669,6403,4775,2600,0
2026-08-23 07:09:14.101689,6469,4964,2629,0
2026-08-23 07:09:14.101709,6463,5095,1241,0
2026-08-23 07:09:14.101729,6399,5180,3026,0
2026-08-23 07:09:14.101749,6484,5188,2868,0
2026-08-23 07:09:14.101769,6499,5255,3139,0
2026-08-23 07:09:14.101789,6378,5206,2166,0
2026-08-23 07:09:14.101809,6426,5269,2623,0
2026-08-23 07:09:14.101829,6475,5326,2648,0
2026-08-23 07:09:14.101849,6488,5377,3151,0
2026-08-23 07:09:14.101869,6405,5339,2888,0
2026-08-23 07:09:14.101889,6483,5359,2877,0
2026-08-23 07:09:14.101909,6506,5349,3245,0
2026-08-23 07:09:14.101929,6405,5292,2630,0
2026-08-23 07:09:14.122500,6410,4662,2656,0
2026-08-23 07:09:14.122520,6460,4876,2591,0
2026-08-23 07:09:14.122540,6468,5032,2746,0
2026-08-23 07:09:14.122560,6275,4868,0,0
2026-08-23 07:09:14.122580,6383,5172,3007,0
2026-08-23 07:09:14.122600,6484,5223,2874,0
2026-08-23 07:09:14.122620,6509,5296,3368,0
2026-08-23 07:09:14.122640,6395,5285,2608,0
2026-08-23 07:09:14.122660,6466,5278,2530,0
2026-08-23 07:09:14.122680,6530,5345,2807,0
2026-08-23 07:09:14.122700,6405,5305,2630,0
2026-08-23 07:09:14.122720,6466,5330,2905,0
2026-08-23 07:09:14.122740,6500,5370,3027,0
2026-08-23 07:09:14.143486,6412,4736,2988,0
2026-08-23 07:09:14.143506,6519,4913,3560,0
2026-08-23 07:09:14.143526,6400,4995,2645,0
2026-08-23 07:09:14.143546,6462,5094,2578,0
2026-08-23 07:09:14.143566,6470,5199,2943,0
2026-08-23 07:09:14.143586,6402,5251,2948,0
2026-08-23 07:09:14.143606,6495,5320,2895,0
2026-08-23 07:09:14.143626,6488,5296,2980,0
2026-08-23 07:09:14.143646,6290,5106,0,0
2026-08-23 07:09:14.143666,6369,5302,2681,0
2026-08-23 07:09:14.143686,6472,5331,2595,0
2026-08-23 07:09:14.143706,6480,5351,3019,0
2026-08-23 07:09:14.143726,6414,5306,2899,0
2026-08-23 07:09:14.164570,6416,4709,3024,0
2026-08-23 07:09:14.164590,6495,4898,2865,0
2026-08-23 07:09:14.164610,6496,5044,3144,0
2026-08-23 07:09:14.164630,6401,5020,2230,0
2026-08-23 07:09:14.164650,6447,5149,2618,0
2026-08-23 07:09:14.164670,6472,5211,2650,0
2026-08-23 07:09:14.164690,6484,5312,3180,0
2026-08-23 07:09:14.164710,6415,5268,2884,0
2026-08-23 07:09:14.164730,6493,5298,2856,0
2026-08-23 07:09:14.164750,6503,5332,3238,0
2026-08-23 07:09:14.164770,6398,5284,2202,0
2026-08-23 07:09:14.164790,6437,5324,2545,0
2026-08-23 07:09:14.164810,6468,5343,2802,0
2026-08-23 07:09:14.185727,6405,4709,2770,0
2026-08-23 07:09:14.185747,6345,4750,1224,0
2026-08-23 07:09:14.185767,6402,4994,2895,0
2026-08-23 07:09:14.185787,6488,5085,2928,0
2026-08-23 07:09:14.185807,6508,5205,3508,0
2026-08-23 07:09:14.185827,6402,5213,2642,0
2026-08-23 07:09:14.185848,6471,5229,2530,0
2026-08-23 07:09:14.185868,6489,5318,2900,0
2026-08-23 07:09:14.185887,6418,5336,2871,0
2026-08-23 07:09:14.185907,6490,5329,2906,0
2026-08-23 07:09:14.185927,6498,5335,2964,0
2026-08-23 07:09:14.185947,6320,5146,362,0
2026-08-23 07:09:14.185967,6388,5300,2642,0
2026-08-23 07:09:14.206628,6401,4665,2619,0
2026-08-23 07:09:14.206648,6468,4874,2602,0
2026-08-23 07:09:14.206668,6327,4684,0,0
2026-08-23 07:09:14.206688,6385,5076,3032,0
2026-08-23 07:09:14.206708,6489,5101,2870,0
2026-08-23 07:09:14.206728,6503,5250,3185,0
2026-08-23 07:09:14.206748,6391,5184,2256,0
2026-08-23 07:09:14.206768,6449,5248,2627,0
2026-08-23 07:09:14.206788,6474,5285,2647,0
2026-08-23 07:09:14.206808,6484,5371,3182,0
2026-08-23 07:09:14.206828,6412,5297,2873,0
2026-08-23 07:09:14.206848,6493,5352,2526,0
2026-08-23 07:09:14.206868,6498,5345,3391,0
2026-08-23 07:09:14.226739,6413,4756,3237,0
2026-08-23 07:09:14.226759,6504,4847,2653,0
2026-08-23 07:09:14.226779,6466,4961,2585,0
2026-08-23 07:09:14.226799,6470,5080,2730,0
2026-08-23 07:09:14.226820,6255,4885,0,0
2026-08-23 07:09:14.226840,6376,5203,2915,0
2026-08-23 07:09:14.226860,6485,5278,2881,0
2026-08-23 07:09:14.226880,6500,5324,3350,0
2026-08-23 07:09:14.226899,6400,5263,2534,0
2026-08-23 07:09:14.226919,6463,5283,2544,0
2026-08-23 07:09:14.226939,6474,5320,2794,0
2026-08-23 07:09:14.226959,6407,5298,2723,0
2026-08-23 07:09:14.226979,6476,5316,2882,0
2026-08-23 07:09:14.247265,6393,4732,2096,0
2026-08-23 07:09:14.247285,6441,4974,2875,0
2026-08-23 07:09:14.247305,6508,5128,2986,0
2026-08-23 07:09:14.247325,6294,4815,0,0
2026-08-23 07:09:14.247345,6379,5146,2639,0
2026-08-23 07:09:14.247365,6461,5213,2576,0
2026-08-23 07:09:14.247385,6469,5250,3003,0
2026-08-23 07:09:14.247405,6419,5295,3000,0
2026-08-23 07:09:14.247425,6491,5279,2883,0
2026-08-23 07:09:14.247445,6470,5331,3043,0
2026-08-23 07:09:14.247465,6353,5214,1277,0
2026-08-23 07:09:14.247485,6402,5315,2657,0
2026-08-23 07:09:14.247505,6471,5258,2900,0
2026-08-23 07:09:14.268292,6402,4722,2547,0
2026-08-23 07:09:14.268312,6460,4916,2885,0
2026-08-23 07:09:14.268332,6409,5011,2833,0
2026-08-23 07:09:14.268353,6492,5132,2914,0
2026-08-23 07:09:14.268373,6502,5190,2956,0
2026-08-23 07:09:14.268393,6312,4879,0,0
2026-08-23 07:09:14.268413,6400,5180,2696,0
2026-08-23 07:09:14.268433,6464,5264,2579,0
2026-08-23 07:09:14.268452,6492,5287,2903,0
2026-08-23 07:09:14.268472,6389,5235,2246,0
2026-08-23 07:09:14.268492,6464,5335,2888,0
2026-08-23 07:09:14.268512,6488,5375,2982,0
2026-08-23 07:09:14.268533,6401,5271,2459,0
2026-08-23 07:09:14.289496,6395,4635,2352,0
2026-08-23 07:09:14.289516,6442,4841,2607,0
2026-08-23 07:09:14.289536,6471,4965,2653,0
2026-08-23 07:09:14.289556,6485,5101,3240,0
2026-08-23 07:09:14.289576,6408,5159,2866,0
2026-08-23 07:09:14.289596,6476,5238,2865,0
2026-08-23 07:09:14.289616,6497,5289,3226,0
2026-08-23 07:09:14.289636,6389,5258,2309,0
2026-08-23 07:09:14.289656,6449,5274,2523,0
2026-08-23 07:09:14.289676,6475,5337,2710,0
2026-08-23 07:09:14.289696,6359,5222,1565,0
2026-08-23 07:09:14.289716,6413,5332,2987,0
2026-08-23 07:09:14.289736,6502,5365,2947,0
2026-08-23 07:09:14.310375,6416,4698,2904,0
2026-08-23 07:09:14.310395,6492,4940,3499,0
2026-08-23 07:09:14.310415,6387,4946,2642,0
2026-08-23 07:09:14.310435,6465,5051,2580,0
2026-08-23 07:09:14.310455,6479,5168,2908,0
2026-08-23 07:09:14.310475,6418,5238,2899,0
2026-08-23 07:09:14.310495,6495,5252,2901,0
2026-08-23 07:09:14.310515,6494,5289,2980,0
2026-08-23 07:09:14.310535,6266,5027,0,0
2026-08-23 07:09:14.310555,6384,5265,2700,0
2026-08-23 07:09:14.310575,6472,5291,2592,0
2026-08-23 07:09:14.310595,6485,5355,2979,0
2026-08-23 07:09:14.310615,6404,5320,2844,0
2026-08-23 07:09:14.331431,6413,4724,2993,0
2026-08-23 07:09:14.331451,6489,4866,2884,0
2026-08-23 07:09:14.331471,6492,5042,3060,0
2026-08-23 07:09:14.331491,6360,4974,1422,0
2026-08-23 07:09:14.331511,6396,5156,2657,0
2026-08-23 07:09:14.331532,6470,5206,2609,0
2026-08-23 07:09:14.331552,6494,5319,3115,0
2026-08-23 07:09:14.331572,6414,5297,2777,0
2026-08-23 07:09:14.331591,6464,5333,2862,0
2026-08-23 07:09:14.331611,6500,5336,3035,0
2026-08-23 07:09:14.331631,6343,5195,1181,0
2026-08-23 07:09:14.331651,6406,5304,2252,0
2026-08-23 07:09:14.331671,6466,5335,2741,0
2026-08-23 07:09:14.352427,6411,4689,2691,0
2026-08-23 07:09:14.352447,6351,4443,0,0
2026-08-23 07:09:14.352467,6390,4880,2876,0
2026-08-23 07:09:14.352487,6485,4976,2873,0
2026-08-23 07:09:14.352507,6504,5163,3285,0
2026-08-23 07:09:14.352527,6400,5127,2589,0
2026-08-23 07:09:14.352547,6473,5199,2550,0
2026-08-23 07:09:14.352567,6480,5257,2775,0
2026-08-23 07:09:14.352587,6389,5251,2322,0
2026-08-23 07:09:14.352607,6455,5312,2952,0
2026-08-23 07:09:14.352627,6421,5331,2918,0
2026-08-23 07:09:14.352647,6518,5398,3471,0
2026-08-23 07:09:14.352667,6416,5288,2707,0
2026-08-23 07:09:14.373603,6403,4716,2548,0
2026-08-23 07:09:14.373623,6458,4870,2544,0
2026-08-23 07:09:14.373643,6471,5036,2859,0
2026-08-23 07:09:14.373663,6404,5135,2778,0
2026-08-23 07:09:14.373683,6492,5212,2922,0
2026-08-23 07:09:14.373703,6500,5213,2952,0
2026-08-23 07:09:14.373724,6556,5268,808,0
2026-08-23 07:09:14.373744,6384,5293,2715,0
2026-08-23 07:09:14.373763,6470,5315,2588,0
2026-08-23 07:09:14.373783,6469,5302,2871,0
2026-08-23 07:09:14.373803,6385,5288,2072,0
2026-08-23 07:09:14.373823,6440,5352,2870,0
2026-08-23 07:09:14.373843,6500,5374,3016,0
2026-08-23 07:09:15.769213,6420,4739,3088,0
2026-08-23 07:09:15.769233,6367,4795,1917,0
2026-08-23 07:09:15.769253,6424,4989,2643,0
2026-08-23 07:09:15.769273,6462,5093,2639,0
2026-08-23 07:09:15.769293,6485,5203,3144,0
2026-08-23 07:09:15.769313,6409,5185,2868,0
2026-08-23 07:09:15.769333,6489,5277,2869,0
2026-08-23 07:09:15.769353,6568,5293,3187,0
2026-08-23 07:09:15.769373,6385,5244,1896,0
2026-08-23 07:09:15.769393,6422,5297,2576,0
2026-08-23 07:09:15.769413,6469,5313,2674,0
2026-08-23 07:09:15.769433,6291,5140,8,0
2026-08-23 07:09:15.769453,6385,5388,3016,0
2026-08-23 07:09:15.769473,6492,5320,2870,0
2026-08-23 07:09:15.769493,6515,5382,3204,0
2026-08-23 07:09:15.769513,6400,5346,2473,0
2026-08-23 07:09:15.769533,6463,5365,2615,0
2026-08-23 07:09:15.769553,6466,5384,2686,0
2026-08-23 07:09:15.769573,6492,5387,3237,0
2026-08-23 07:09:15.769593,6413,5372,2923,0
2026-08-23 07:09:15.769613,6474,5382,2867,0
2026-08-23 07:09:15.769633,6491,5407,3246,0
2026-08-23 07:09:15.769653,6386,5292,2304,0
2026-08-23 07:09:15.769673,6454,5334,2579,0
2026-08-23 07:09:15.769693,6407,5369,2705,0
2026-08-23 07:09:15.769713,6371,5266,1584,0
2026-08-23 07:09:15.769733,6417,5378,2968,0
2026-08-23 07:09:15.769753,6504,5411,2870,0
2026-08-23 07:09:15.769773,6505,5403,3310,0
2026-08-23 07:09:15.769793,6459,5336,2685,0
2026-08-23 07:09:15.769813,6466,5339,2580,0
2026-08-23 07:09:15.769833,6474,5393,2739,0
2026-08-23 07:09:15.769853,6287,5177,0,0
2026-08-23 07:09:15.769873,6379,5353,2908,0
2026-08-23 07:09:15.769893,6481,5348,2876,0
2026-08-23 07:09:15.769913,6502,5430,3380,0
2026-08-23 07:09:15.769933,6393,5349,2607,0
2026-08-23 07:09:15.769953,6462,5376,2541,0
2026-08-23 07:09:15.769973,6478,5354,2806,0
2026-08-23 07:09:15.769993,6403,5360,2594,0
2026-08-23 07:09:15.770013,6488,5357,2934,0
2026-08-23 07:09:15.770033,6494,5397,2928,0
2026-08-23 07:09:15.770053,6501,5431,3454,0
2026-08-23 07:09:15.770073,6401,5359,2730,0
2026-08-23 07:09:15.770093,6471,5360,2590,0
2026-08-23 07:09:15.770113,6473,5362,2824,0
2026-08-23 07:09:15.770133,6366,5252,1548,0
2026-08-23 07:09:15.770153,6416,5370,2905,0
2026-08-23 07:09:15.770173,6489,5365,2930,0
2026-08-23 07:09:15.770193,6508,5440,3493,0
2026-08-23 07:09:15.770213,6412,5340,2650,0
2026-08-23 07:09:15.770233,6466,5369,2546,0
2026-08-23 07:09:15.770253,6473,5389,2918,0
2026-08-23 07:09:15.770273,6426,5338,2883,0
2026-08-23 07:09:15.770293,6494,5363,2891,0
2026-08-23 07:09:15.770313,6511,5397,2969,0
2026-08-23 07:09:15.770333,6268,5137,0,0
2026-08-23 07:09:15.770353,6383,5325,2690,0
2026-08-23 07:09:15.770373,6467,5329,2582,0
2026-08-23 07:09:15.770393,6476,5393,2929,0
2026-08-23 07:09:15.770413,6395,5332,2413,0
2026-08-23 07:09:15.770433,6449,5372,2879,0
2026-08-23 07:09:15.770453,6483,5353,2982,0
2026-08-23 07:09:15.770473,6259,5099,0,0
2026-08-23 07:09:15.770493,6377,5342,2625,0
2026-08-23 07:09:15.770513,6472,5351,2586,0
2026-08-23 07:09:15.770533,6475,5370,3059,0
2026-08-23 07:09:15.770553,6411,5387,3037,0
2026-08-23 07:09:15.770573,6500,5354,2866,0
2026-08-23 07:09:15.770593,6486,5404,3098,0
2026-08-23 07:09:15.770613,6372,5360,1758,0
2026-08-23 07:09:15.770633,6414,5363,2651,0
2026-08-23 07:09:15.770653,6456,5340,2577,0
2026-08-23 07:09:15.770673,6472,5381,3088,0
2026-08-23 07:09:15.770693,6407,5371,2823,0
2026-08-23 07:09:15.770713,6483,5353,2849,0
2026-08-23 07:09:15.770733,6487,5373,3102,0
2026-08-23 07:09:15.770753,6360,5240,1567,0
2026-08-23 07:09:15.770773,6413,5321,2585,0
2026-08-23 07:09:15.770793,6474,5350,2643,0
2026-08-23 07:09:15.770813,6291,5144,0,0
2026-08-23 07:09:15.770833,6380,5419,3007,0
2026-08-23 07:09:15.770853,6548,5406,2871,0
2026-08-23 07:09:15.770873,6503,5403,3205,0
2026-08-23 07:09:15.770893,6400,5328,2519,0
2026-08-23 07:09:15.770913,6456,5384,2598,0
2026-08-23 07:09:15.770933,6472,5393,2667,0
2026-08-23 07:09:15.770953,6496,5395,3269,0
2026-08-23 07:09:15.770973,6410,5385,2922,0
2026-08-23 07:09:15.770993,6497,5356,2877,0
2026-08-23 07:09:15.771013,6503,5383,3278,0
2026-08-23 07:09:15.771033,6398,5304,2392,0
2026-08-23 07:09:15.771053,6450,5326,2547,0
2026-08-23 07:09:15.771073,6474,5370,2547,0
2026-08-23 07:09:15.771093,6377,5318,1941,0
2026-08-23 07:09:15.771113,6438,5364,2971,0
2026-08-23 07:09:15.771133,6492,5387,2889,0
2026-08-23 07:09:15.771153,6511,5394,3362,0
2026-08-23 07:09:15.771173,6408,5335,2688,0
2026-08-23 07:09:15.771193,6468,5334,2584,0
2026-08-23 07:09:15.771213,6476,5367,2767,0
2026-08-23 07:09:15.771233,6319,5187,158,0
2026-08-23 07:09:15.771253,6383,5355,2922,0
2026-08-23 07:09:15.771273,6507,5367,2909,0
2026-08-23 07:09:15.771293,6502,5429,3400,0
2026-08-23 07:09:15.771313,6397,5321,2611,0
2026-08-23 07:09:15.771333,6480,5330,2544,0
2026-08-23 07:09:15.771353,6471,5411,2824,0
2026-08-23 07:09:15.771373,6394,5366,2699,0
2026-08-23 07:09:15.771393,6471,5362,2915,0
2026-08-23 07:09:15.771413,6487,5381,2944,0
2026-08-23 07:09:15.771433,6514,5438,3483,0
2026-08-23 07:09:15.771453,6396,5356,2723,0
2026-08-23 07:09:15.771473,6462,5362,2580,0
2026-08-23 07:09:15.771493,6480,5378,2824,0
2026-08-23 07:09:15.771513,6377,5267,1837,0
2026-08-23 07:09:15.771533,6423,5371,2895,0
2026-08-23 07:09:15.771553,6492,5374,2935,0
2026-08-23 07:09:15.771573,6504,5442,3545,0
2026-08-23 07:09:15.771593,6404,5358,2653,0
2026-08-23 07:09:15.771613,6461,5375,2579,0
2026-08-23 07:09:15.771633,6480,5398,2944,0
2026-08-23 07:09:15.771653,6418,5343,2969,0
2026-08-23 07:09:15.771673,6504,5386,2902,0
2026-08-23 07:09:15.771693,6492,5362,2984,0
2026-08-23 07:09:15.771713,6304,5195,208,0
2026-08-23 07:09:15.771733,6379,5350,2676,0
2026-08-23 07:09:15.771753,6452,5376,2593,0
2026-08-23 07:09:15.771773,6574,5380,2967,0
2026-08-23 07:09:15.771793,6397,5354,2582,0
2026-08-23 07:09:15.771813,6470,5349,2861,0
2026-08-23 07:09:15.771833,6492,5401,3030,0
2026-08-23 07:09:15.771853,6281,5147,0,0
2026-08-23 07:09:15.771873,6379,5326,2625,0
2026-08-23 07:09:15.771893,6462,5345,2607,0
2026-08-23 07:09:15.771913,6473,5376,3096,0
2026-08-23 07:09:15.771933,6417,5360,3026,0
2026-08-23 07:09:15.771953,6484,5394,2873,0
2026-08-23 07:09:15.771973,6500,5388,3087,0
2026-08-23 07:09:15.771993,6375,5290,1944,0
2026-08-23 07:09:15.772013,6429,5356,2708,0
2026-08-23 07:09:15.772033,6472,5383,2629,0
2026-08-23 07:09:15.772053,6487,5378,3126,0
2026-08-23 07:09:15.772073,6409,5356,2848,0
2026-08-23 07:09:15.772093,6476,5402,2846,0
2026-08-23 07:09:15.772113,6494,5411,3159,0
2026-08-23 07:09:15.772133,6373,5303,1885,0
2026-08-23 07:09:15.772153,6423,5352,2587,0
2026-08-23 07:09:15.772173,6473,5356,2665,0
2026-08-23 07:09:15.772193,6321,5226,524,0
2026-08-23 07:09:15.772213,6381,5377,2989,0
2026-08-23 07:09:15.772233,6489,5395,2862,0
2026-08-23 07:09:15.772253,6503,5434,3253,0
2026-08-23 07:09:15.772273,6404,5330,2611,0
2026-08-23 07:09:15.772293,6463,5336,2593,0
2026-08-23 07:09:15.772313,6474,5382,2705,0
2026-08-23 07:09:15.772333,6328,4990,0,0
2026-08-23 07:09:15.772353,6380,5316,2928,0
2026-08-23 07:09:15.772373,6489,5332,2928,0
2026-08-23 07:09:15.772393,6510,5355,3334,0
2026-08-23 07:09:15.772413,6399,5337,2522,0
2026-08-23 07:09:15.772433,6454,5344,2581,0
2026-08-23 07:09:15.772453,6482,5345,2776,0
2026-08-23 07:09:15.772473,6381,5305,2297,0
2026-08-23 07:09:15.772493,6444,5354,2946,0
2026-08-23 07:09:15.772513,6498,5373,2920,0
2026-08-23 07:09:15.772533,6496,5410,3405,0
2026-08-23 07:09:15.772553,6405,5357,2720,0
2026-08-23 07:09:15.772573,6475,5328,2580,0
2026-08-23 07:09:15.772593,6452,5391,2806,0
2026-08-23 07:09:15.772613,6354,5233,1218,0
2026-08-23 07:09:15.772633,6402,5357,2897,0
2026-08-23 07:09:15.772653,6489,5375,2913,0
2026-08-23 07:09:15.772673,6515,5418,3490,0
2026-08-23 07:09:15.772693,6398,5357,2654,0
2026-08-23 07:09:15.772713,6464,5336,2580,0
2026-08-23 07:09:15.772733,6482,5379,2887,0
2026-08-23 07:09:15.772753,6410,5351,2890,0
2026-08-23 07:09:15.772773,6485,5398,2903,0
2026-08-23 07:09:15.772793,6498,5366,2987,0
2026-08-23 07:09:15.772813,6275,5097,0,0
2026-08-23 07:09:15.772833,6373,5359,2693,0
2026-08-23 07:09:15.772853,6470,5338,2636,0
2026-08-23 07:09:15.772873,6478,5378,2960,0
2026-08-23 07:09:15.772893,6399,5325,2451,0
2026-08-23 07:09:15.772913,6466,5391,2874,0
2026-08-23 07:09:15.772933,6485,5405,3001,0
2026-08-23 07:09:15.772953,6277,5143,0,0
2026-08-23 07:09:15.772973,6375,5330,2630,0
2026-08-23 07:09:15.772993,6441,5347,2585,0
2026-08-23 07:09:15.773013,6481,5359,3039,0
2026-08-23 07:09:15.773033,6416,5356,2997,0
2026-08-23 07:09:15.773053,6510,5401,2855,0
2026-08-23 07:09:15.773073,6493,5410,3031,0
2026-08-23 07:09:15.773093,6361,5277,1623,0
2026-08-23 07:09:15.773113,6415,5326,2656,0
2026-08-23 07:09:15.773133,6470,5336,2622,0
2026-08-23 07:09:15.773153,6476,5359,3085,0
2026-08-23 07:09:15.773173,6400,5332,2805,0
2026-08-23 07:09:15.773193,6483,5354,2850,0
2026-08-23 07:09:15.773213,6495,5368,3101,0
2026-08-23 07:09:15.773233,6354,5233,1353,0
2026-08-23 07:09:15.773253,6396,5337,2589,0
2026-08-23 07:09:15.773273,6468,5335,2616,0
2026-08-23 07:09:15.773293,6271,5099,0,0
2026-08-23 07:09:15.773313,6384,5360,3011,0
2026-08-23 07:09:15.773333,6490,5390,2873,0
2026-08-23 07:09:15.773353,6497,5417,3197,0
2026-08-23 07:09:15.773373,6399,5280,2444,0
2026-08-23 07:09:15.773393,6457,5370,2598,0
2026-08-23 07:09:15.773413,6470,5371,2677,0
2026-08-23 07:09:15.773433,6482,5388,3265,0
2026-08-23 07:09:15.773453,6410,5377,2923,0
2026-08-23 07:09:15.773473,6488,5366,2865,0
2026-08-23 07:09:15.773493,6501,5409,3284,0
2026-08-23 07:09:15.773513,6391,5309,2409,0
2026-08-23 07:09:15.773533,6455,5340,2538,0
2026-08-23 07:09:15.773553,6471,5370,2744,0
2026-08-23 07:09:15.773573,6391,5273,2009,0
2026-08-23 07:09:15.773593,6438,5381,2943,0
2026-08-23 07:09:15.773613,6498,5389,2908,0
2026-08-23 07:09:15.773633,6503,5433,3376,0
2026-08-23 07:09:15.773653,6414,5363,2715,0
2026-08-23 07:09:15.773673,6461,5362,2580,0
2026-08-23 07:09:15.773693,6407,5390,2776,0
2026-08-23 07:09:15.773713,6333,5208,766,0
2026-08-23 07:09:15.773733,6372,5382,2903,0
2026-08-23 07:09:15.773753,6487,5397,2905,0
2026-08-23 07:09:15.773773,6506,5404,3460,0
2026-08-23 07:09:15.773793,6406,5314,2633,0
2026-08-23 07:09:15.773813,6471,5327,2541,0
2026-08-23 07:09:15.773833,6457,5363,2851,0
2026-08-23 07:09:15.773853,6405,5347,2807,0
2026-08-23 07:09:15.773873,6465,5402,2917,0
2026-08-23 07:09:15.773893,6498,5409,2946,0
2026-08-23 07:09:15.773913,6376,5179,0,0
2026-08-23 07:09:15.773933,6376,5382,2726,0
2026-08-23 07:09:15.773953,6459,5370,2587,0
2026-08-23 07:09:15.773973,6471,5395,2898,0
2026-08-23 07:09:15.773993,6378,5323,2002,0
2026-08-23 07:09:15.774013,6434,5387,2877,0
2026-08-23 07:09:15.774033,6485,5393,2972,0
2026-08-23 07:09:15.774053,6399,5245,0,0
2026-08-23 07:09:15.774073,6374,5354,2633,0
2026-08-23 07:09:15.774093,6456,5366,2586,0
2026-08-23 07:09:15.774113,6463,5394,2986,0
2026-08-23 07:09:15.774133,6417,5349,2987,0
2026-08-23 07:09:15.774153,6492,5361,2889,0
2026-08-23 07:09:15.774173,6497,5371,3013,0
2026-08-23 07:09:15.774193,6337,5245,921,0
2026-08-23 07:09:15.774213,6386,5347,2686,0
2026-08-23 07:09:15.774233,6472,5378,2603,0
2026-08-23 07:09:15.774253,6476,5402,3014,0
2026-08-23 07:09:15.774273,6407,5354,2700,0
2026-08-23 07:09:15.774293,6468,5375,2866,0
2026-08-23 07:09:15.774313,6491,5356,3052,0
2026-08-23 07:09:15.774333,6324,5183,737,0
2026-08-23 07:09:15.774353,6368,5352,2617,0
2026-08-23 07:09:15.774373,6457,5375,2618,0
2026-08-23 07:09:15.774393,6405,5227,0,0
2026-08-23 07:09:15.774413,6391,5383,3035,0
2026-08-23 07:09:15.774433,6477,5384,2867,0
2026-08-23 07:09:15.774453,6486,5374,3146,0
2026-08-23 07:09:15.774473,6391,5269,2230,0
2026-08-23 07:09:15.774493,6438,5345,2597,0
2026-08-23 07:09:15.774513,6451,5337,2620,0
2026-08-23 07:09:15.774533,6498,5412,3168,0
2026-08-23 07:09:15.774553,6407,5376,2874,0
2026-08-23 07:09:15.774573,6491,5348,2864,0
2026-08-23 07:09:15.774593,6497,5386,3173,0
2026-08-23 07:09:15.774613,6380,5277,2013,0
2026-08-23 07:09:15.774633,6426,5363,2603,0
2026-08-23 07:09:15.774653,6463,5323,2668,0
2026-08-23 07:09:15.774673,6333,5213,433,0
2026-08-23 07:09:15.774693,6392,5394,3010,0
2026-08-23 07:09:15.774713,6491,5394,2890,0
2026-08-23 07:09:15.774733,6494,5392,3228,0
2026-08-23 07:09:15.774753,6400,5341,2590,0
2026-08-23 07:09:15.774773,6461,5371,2613,0
2026-08-23 07:09:15.774793,6473,5347,2688,0
2026-08-23 07:09:15.774813,6519,5425,3264,0
2026-08-23 07:09:15.774833,6398,5378,2917,0
2026-08-23 07:09:15.774853,6485,5389,2861,0
2026-08-23 07:09:15.774873,6492,5404,3294,0
2026-08-23 07:09:15.774893,6393,5304,2457,0
2026-08-23 07:09:15.774913,6442,5364,2571,0
2026-08-23 07:09:15.774933,6470,5352,2733,0
2026-08-23 07:09:15.774953,6376,5319,1977,0
2026-08-23 07:09:15.774973,6435,5397,2930,0
2026-08-23 07:09:15.774993,6487,5396,2893,0
2026-08-23 07:09:15.775013,6501,5436,3357,0
2026-08-23 07:09:15.775033,6403,5317,2707,0
2026-08-23 07:09:15.775053,6468,5346,2577,0
2026-08-23 07:09:15.775073,6477,5360,2785,0
2026-08-23 07:09:15.775093,6235,5201,669,0
2026-08-23 07:09:15.775113,6380,5395,2900,0
2026-08-23 07:09:15.775133,6482,5406,2900,0
2026-08-23 07:09:15.775153,6510,5433,3453,0
2026-08-23 07:09:15.775173,6390,5332,2656,0
2026-08-23 07:09:15.775193,6449,5360,2536,0
2026-08-23 07:09:15.775213,6471,5350,2856,0
2026-08-23 07:09:15.775233,6399,5371,2767,0
2026-08-23 07:09:15.775253,6483,5397,2920,0
2026-08-23 07:09:15.775273,6489,5409,2964,0
2026-08-23 07:09:15.775293,6544,5476,1695,0
2026-08-23 07:09:15.775313,6374,5303,2717,0
2026-08-23 07:09:15.775333,6481,5315,2571,0
2026-08-23 07:09:15.775353,6462,5392,2877,0
2026-08-23 07:09:15.775373,6366,5278,2019,0
2026-08-23 07:09:15.775393,6436,5385,2877,0
2026-08-23 07:09:15.775413,6488,5393,2963,0
2026-08-23 07:09:15.775433,6542,5374,1375,0
2026-08-23 07:09:15.775453,6377,5345,2435,0
2026-08-23 07:09:15.775473,6452,5323,2578,0
2026-08-23 07:09:15.775493,6483,5371,2968,0
2026-08-23 07:09:15.775513,6415,5353,2982,0
2026-08-23 07:09:15.775533,6493,5379,2887,0
2026-08-23 07:09:15.775553,6490,5381,3028,0
2026-08-23 07:09:15.775573,6330,5187,773,0
2026-08-23 07:09:15.775593,6381,5343,2681,0
2026-08-23 07:09:15.775613,6457,5368,2595,0
2026-08-23 07:09:15.775633,6476,5384,3021,0
2026-08-23 07:09:15.775653,6400,5356,2690,0
2026-08-23 07:09:15.775673,6456,5379,2857,0
2026-08-23 07:09:15.775693,6489,5399,3049,0
2026-08-23 07:09:15.775713,6317,5197,698,0
2026-08-23 07:09:15.775733,6374,5316,2597,0
2026-08-23 07:09:15.775753,6457,5297,2617,0
2026-08-23 07:09:15.775773,6372,5168,0,0
2026-08-23 07:09:15.775793,6374,5392,3022,0
2026-08-23 07:09:15.775813,6483,5390,2881,0
2026-08-23 07:09:15.775833,6498,5407,3162,0
2026-08-23 07:09:15.775853,6385,5295,2273,0
2026-08-23 07:09:15.775873,6451,5337,2726,0
2026-08-23 07:09:15.775893,6465,5353,2639,0
2026-08-23 07:09:15.775913,6474,5386,3179,0
2026-08-23 07:09:15.775933,6404,5347,2894,0
2026-08-23 07:09:15.775953,6456,5373,2865,0
2026-08-23 07:09:15.775973,6492,5410,3219,0
2026-08-23 07:09:15.775993,6386,5282,2143,0
2026-08-23 07:09:15.776013,6434,5332,2576,0
2026-08-23 07:09:15.776033,6465,5355,2682,0
2026-08-23 07:09:15.776053,6354,5238,1037,0
2026-08-23 07:09:15.776073,6466,5375,2990,0
2026-08-23 07:09:15.776093,6494,5403,2884,0
2026-08-23 07:09:15.776113,6500,5429,3279,0
2026-08-23 07:09:15.776133,6406,5348,2649,0
2026-08-23 07:09:15.776153,6465,5338,2582,0
2026-08-23 07:09:15.776173,6469,5360,2710,0
2026-08-23 07:09:15.776193,6264,5066,0,0
2026-08-23 07:09:15.776213,6379,5344,2912,0
2026-08-23 07:09:15.776233,6472,5381,2885,0
2026-08-23 07:09:15.776253,6506,5400,3372,0
2026-08-23 07:09:15.776273,6395,5347,2585,0
2026-08-23 07:09:15.776293,6455,5321,2536,0
2026-08-23 07:09:15.776313,6466,5371,2806,0
2026-08-23 07:09:15.776333,6393,5332,2581,0
2026-08-23 07:09:15.776353,6460,5367,2921,0
2026-08-23 07:09:15.776373,6502,5400,2931,0
2026-08-23 07:09:15.776393,6508,5412,3480,0
2026-08-23 07:09:15.776413,6407,5328,2719,0
2026-08-23 07:09:15.776433,6461,5352,2546,0
2026-08-23 07:09:15.776453,6474,5378,2859,0
2026-08-23 07:09:15.776473,6367,5304,1817,0
2026-08-23 07:09:15.776493,6421,5360,2890,0
2026-08-23 07:09:15.776513,6509,5365,2938,0
2026-08-23 07:09:15.776533,6509,5446,3559,0
2026-08-23 07:09:15.776553,6397,5349,2650,0
2026-08-23 07:09:15.776573,6461,5364,2582,0
2026-08-23 07:09:15.776593,6464,5410,2935,0
2026-08-23 07:09:15.776613,6401,5387,2984,0
2026-08-23 07:09:15.776633,6484,5388,2884,0
2026-08-23 07:09:15.776653,6495,5398,3004,0
2026-08-23 07:09:15.776673,6321,5228,698,0
2026-08-23 07:09:15.776693,6378,5376,2746,0
2026-08-23 07:09:15.776713,6463,5341,2594,0
2026-08-23 07:09:15.776733,6470,5414,2998,0
2026-08-23 07:09:15.776753,6398,5336,2663,0
2026-08-23 07:09:15.776773,6473,5365,2860,0
2026-08-23 07:09:15.776793,6490,5372,3047,0
2026-08-23 07:09:15.776813,6401,5190,566,0
2026-08-23 07:09:15.776833,6365,5331,2619,0
2026-08-23 07:09:15.776853,6457,5363,2617,0
2026-08-23 07:09:15.776873,6478,5382,1884,0
2026-08-23 07:09:15.776893,6391,5380,3037,0
2026-08-23 07:09:15.776913,6485,5361,2869,0
2026-08-23 07:09:15.776933,6497,5366,3145,0
2026-08-23 07:09:15.776953,6391,5319,2162,0
2026-08-23 07:09:15.776973,6434,5324,2628,0
2026-08-23 07:09:15.776993,6470,5373,2652,0
2026-08-23 07:09:15.777013,6486,5408,3173,0
2026-08-23 07:09:15.777033,6407,5315,2880,0
2026-08-23 07:09:15.777053,6472,5365,2853,0
2026-08-23 07:09:15.777073,6497,5366,3181,0
2026-08-23 07:09:15.777093,6371,5310,2068,0
2026-08-23 07:09:15.777113,6417,5319,2606,0
2026-08-23 07:09:15.777133,6464,5337,2675,0
2026-08-23 07:09:15.777153,6337,5206,853,0
2026-08-23 07:09:15.777173,6393,5363,2997,0
2026-08-23 07:09:15.777193,6486,5358,2877,0
2026-08-23 07:09:15.777213,6487,5430,3274,0
2026-08-23 07:09:15.777233,6401,5322,2421,0
2026-08-23 07:09:15.777253,6562,5366,2576,0
2026-08-23 07:09:15.777273,6460,5380,2699,0
2026-08-23 07:09:15.777293,6296,5026,0,0
2026-08-23 07:09:15.777313,6368,5316,2927,0
2026-08-23 07:09:15.777333,6479,5315,2802,0
2026-08-23 07:09:15.777353,6503,5425,3325,0
2026-08-23 07:09:15.777373,6388,5329,2501,0
2026-08-23 07:09:15.777393,6449,5323,2537,0
2026-08-23 07:09:15.777413,6464,5368,2696,0
2026-08-23 07:09:15.777433,6386,5291,2240,0
2026-08-23 07:09:15.777453,6454,5386,2925,0
2026-08-23 07:09:15.777473,6490,5351,2914,0
2026-08-23 07:09:15.777493,6500,5392,3395,0
2026-08-23 07:09:15.777513,6407,5337,2716,0
2026-08-23 07:09:15.777533,6467,5331,2581,0
2026-08-23 07:09:15.777553,6474,5357,2794,0
2026-08-23 07:09:15.777573,6344,5224,1150,0
2026-08-23 07:09:15.777593,6384,5383,2898,0
2026-08-23 07:09:15.777613,6473,5403,2909,0
2026-08-23 07:09:15.777633,6510,5428,3482,0
2026-08-23 07:09:15.777653,6398,5356,2647,0
2026-08-23 07:09:15.777673,6461,5345,2542,0
2026-08-23 07:09:15.777693,6460,5406,2891,0
2026-08-23 07:09:15.777713,6405,5375,2856,0
2026-08-23 07:09:15.777733,6475,5352,2908,0
2026-08-23 07:09:15.777753,6494,5394,3312,0
2026-08-23 07:09:15.777773,6265,5085,0,0
2026-08-23 07:09:15.777793,6375,5317,2703,0
2026-08-23 07:09:15.777813,6462,5325,2585,0
2026-08-23 07:09:15.777833,6473,5371,2930,0
2026-08-23 07:09:15.777853,6385,5304,2424,0
2026-08-23 07:09:15.777873,6464,5384,2888,0
2026-08-23 07:09:15.777893,6495,5376,2995,0
2026-08-23 07:09:15.777913,6251,5131,0,0
2026-08-23 07:09:15.777933,6376,5342,2631,0
2026-08-23 07:09:15.777953,6456,5361,2639,0
2026-08-23 07:09:15.777973,6453,5395,3046,0
2026-08-23 07:09:15.777993,6406,5349,3024,0
2026-08-23 07:09:15.778013,6495,5355,2859,0
2026-08-23 07:09:15.778033,6484,5403,3096,0
2026-08-23 07:09:15.778053,6366,5266,1728,0
2026-08-23 07:09:15.778073,6406,5364,2651,0
2026-08-23 07:09:15.778093,6467,5344,2630,0
2026-08-23 07:09:15.778113,6475,5410,3106,0
2026-08-23 07:09:15.778133,6403,5367,2812,0
2026-08-23 07:09:15.778153,6473,5355,2854,0
2026-08-23 07:09:15.778173,6486,5384,3126,0
2026-08-23 07:09:15.778193,6352,5265,1481,0
2026-08-23 07:09:15.778213,6395,5321,2600,0
2026-08-23 07:09:15.778233,6459,5366,2653,0
2026-08-23 07:09:15.778253,6273,5154,0,0
2026-08-23 07:09:15.778273,6384,5395,3007,0
2026-08-23 07:09:15.778293,6484,5370,2862,0
2026-08-23 07:09:15.778313,6491,5375,3187,0
2026-08-23 07:09:15.778333,6404,5310,2410,0
2026-08-23 07:09:15.778353,6420,5368,2608,0
2026-08-23 07:09:15.778373,6467,5377,2661,0
2026-08-23 07:09:15.778393,6483,5391,3232,0
2026-08-23 07:09:15.778413,6394,5354,2906,0
2026-08-23 07:09:15.778433,6484,5393,2872,0
2026-08-23 07:09:15.778453,6476,5391,3262,0
2026-08-23 07:09:15.778473,6386,5347,2360,0
2026-08-23 07:09:15.778493,6443,5350,2571,0
2026-08-23 07:09:15.778513,6463,5345,2737,0
2026-08-23 07:09:15.778533,6374,5288,1825,0
2026-08-23 07:09:15.778553,6417,5384,2973,0
2026-08-23 07:09:15.778573,6496,5367,2809,0
2026-08-23 07:09:15.778593,6496,5425,3344,0
2026-08-23 07:09:15.778613,6401,5321,3047,0
2026-08-23 07:09:15.778633,6464,5333,2581,0
2026-08-23 07:09:15.778653,6477,5345,2765,0
2026-08-23 07:09:15.778673,6297,5155,282,0
2026-08-23 07:09:15.778693,6375,5356,2908,0
2026-08-23 07:09:15.778713,6485,5381,2890,0
2026-08-23 07:09:15.778733,6513,5434,3442,0
2026-08-23 07:09:15.778753,6389,5355,2644,0
2026-08-23 07:09:15.778773,6452,5360,2549,0
2026-08-23 07:09:15.778793,6467,5355,2851,0
2026-08-23 07:09:15.778813,6364,5361,2751,0
2026-08-23 07:09:15.778833,6462,5349,2914,0
2026-08-23 07:09:15.778853,6489,5368,2942,0
2026-08-23 07:09:15.778873,6521,5460,3033,0
2026-08-23 07:09:15.778893,6394,5350,2705,0
2026-08-23 07:09:15.778913,6458,5355,2545,0
2026-08-23 07:09:15.778933,6467,5377,2886,0
2026-08-23 07:09:15.778953,6371,5281,1993,0
2026-08-23 07:09:15.778973,6418,5368,2902,0
2026-08-23 07:09:15.778993,6478,5370,2953,0
2026-08-23 07:09:15.779013,6507,5405,3598,0
2026-08-23 07:09:15.779033,6405,5305,2652,0
2026-08-23 07:09:15.779053,6456,5324,2571,0
2026-08-23 07:09:15.779073,6463,5395,2963,0
2026-08-23 07:09:15.779093,6400,5378,2972,0
2026-08-23 07:09:15.779113,6485,5344,2895,0
2026-08-23 07:09:15.779133,6489,5365,3008,0
2026-08-23 07:09:15.779153,6309,5208,362,0
2026-08-23 07:09:15.779173,6371,5367,2688,0
2026-08-23 07:09:15.779193,6472,5335,2593,0
2026-08-23 07:09:15.779213,6463,5390,2973,0
2026-08-23 07:09:15.779233,6395,5351,2608,0
2026-08-23 07:09:15.779253,6465,5347,2867,0
2026-08-23 07:09:15.779273,6484,5392,3032,0
2026-08-23 07:09:15.779293,6281,5192,67,0
2026-08-23 07:09:15.779313,6366,5374,2605,0
2026-08-23 07:09:15.779333,6445,5370,2614,0
2026-08-23 07:09:15.779353,6472,5381,3089,0
2026-08-23 07:09:15.779373,6404,5377,3044,0
2026-08-23 07:09:15.779393,6489,5386,3324,0
2026-08-23 07:09:15.779413,6493,5411,3111,0
2026-08-23 07:09:15.779433,6382,5314,1982,0
2026-08-23 07:09:15.779453,6431,5371,2637,0
2026-08-23 07:09:15.779473,6457,5335,2624,0
2026-08-23 07:09:15.779493,6478,5412,3128,0
2026-08-23 07:09:15.779513,6398,5344,2847,0
2026-08-23 07:09:15.779533,6475,5361,2860,0
2026-08-23 07:09:15.779553,6496,5382,3156,0
2026-08-23 07:09:15.779573,6363,5304,1831,0
2026-08-23 07:09:15.779593,6405,5336,2587,0
2026-08-23 07:09:15.779613,6462,5343,2668,0
2026-08-23 07:09:15.779633,6310,5167,230,0
2026-08-23 07:09:15.779653,6366,5364,3003,0
2026-08-23 07:09:15.779673,6474,5368,2871,0
2026-08-23 07:09:15.779693,6492,5393,3214,0
2026-08-23 07:09:15.779713,6384,5325,2551,0
2026-08-23 07:09:15.779733,6458,5360,2598,0
2026-08-23 07:09:15.779753,6475,5389,2674,0
2026-08-23 07:09:15.779773,6484,5416,2497,0
2026-08-23 07:09:15.779793,6391,5352,2919,0
2026-08-23 07:09:15.779813,6466,5389,2879,0
2026-08-23 07:09:15.779833,6491,5417,3277,0
2026-08-23 07:09:15.779853,6394,5330,2461,0
2026-08-23 07:09:15.779873,6446,5325,2538,0
2026-08-23 07:09:15.779893,6459,5375,2741,0
2026-08-23 07:09:15.779913,6372,5317,2081,0
2026-08-23 07:09:15.779933,6441,5345,2951,0
2026-08-23 07:09:15.779953,6487,5359,2902,0
2026-08-23 07:09:15.779973,6492,5416,3378,0
2026-08-23 07:09:15.779993,6395,5352,2713,0
2026-08-23 07:09:15.780013,6462,5355,2549,0
2026-08-23 07:09:15.780033,6463,5344,2795,0
2026-08-23 07:09:15.780053,6329,5248,935,0
2026-08-23 07:09:15.780073,6372,5369,2907,0
2026-08-23 07:09:15.780093,6487,5378,2898,0
2026-08-23 07:09:15.780113,6500,5397,3475,0
2026-08-23 07:09:15.780133,6394,5322,2636,0
2026-08-23 07:09:15.780153,6457,5337,2533,0
2026-08-23 07:09:15.780173,6467,5387,2888,0
2026-08-23 07:09:15.780193,6401,5345,2866,0
2026-08-23 07:09:15.780213,6479,5369,2907,0
2026-08-23 07:09:15.780233,6599,5370,2939,0
2026-08-23 07:09:15.780253,6259,5054,0,0
2026-08-23 07:09:15.780273,6370,5309,2684,0
2026-08-23 07:09:15.780293,6457,5328,2586,0
2026-08-23 07:09:15.780313,6472,5362,2927,0
2026-08-23 07:09:15.780333,6383,5305,2310,0
2026-08-23 07:09:15.780353,6448,5382,2869,0
2026-08-23 07:09:15.780373,6471,5358,2993,0
2026-08-23 07:09:15.780393,6248,5043,0,0
2026-08-23 07:09:15.780413,6364,5291,2640,0
2026-08-23 07:09:15.780433,6428,5341,2591,0
2026-08-23 07:09:15.780453,6471,5374,3019,0
2026-08-23 07:09:15.780473,6402,5362,3018,0
2026-08-23 07:09:15.780493,6486,5374,2869,0
2026-08-23 07:09:15.780513,6496,5391,3057,0
2026-08-23 07:09:15.780533,6357,5260,1435,0
2026-08-23 07:09:15.780553,6395,5375,2662,0
2026-08-23 07:09:15.780573,6455,5339,2607,0
2026-08-23 07:09:15.780593,6473,5350,3049,0
2026-08-23 07:09:15.780613,6393,5329,2786,0
2026-08-23 07:09:15.780633,6469,5382,2857,0
2026-08-23 07:09:15.780653,6527,5397,3095,0
2026-08-23 07:09:15.780673,6349,5235,1327,0
2026-08-23 07:09:15.780693,6384,5329,2621,0
2026-08-23 07:09:15.780713,6450,5365,2629,0
2026-08-23 07:09:15.780733,6260,5075,0,0
2026-08-23 07:09:15.780753,6373,5382,3028,0
2026-08-23 07:09:15.780773,6486,5343,2863,0
2026-08-23 07:09:15.780793,6491,5382,3199,0
2026-08-23 07:09:15.780813,6383,5329,2412,0
2026-08-23 07:09:15.780833,6439,5363,2579,0
2026-08-23 07:09:15.780853,6467,5388,2642,0
2026-08-23 07:09:15.780873,6477,5417,3215,0
2026-08-23 07:09:15.780893,6398,5372,2900,0
2026-08-23 07:09:15.780913,6468,5364,2863,0
2026-08-23 07:09:15.780933,6492,5415,3225,0
2026-08-23 07:09:15.780953,6383,5302,2325,0
2026-08-23 07:09:15.780973,6434,5354,2549,0
2026-08-23 07:09:15.780993,6453,5336,2755,0
2026-08-23 07:09:15.781013,6358,5301,1744,0
2026-08-23 07:09:15.781033,6402,5361,2965,0
2026-08-23 07:09:15.781053,6480,5385,3155,0
2026-08-23 07:09:15.781073,6493,5403,3329,0
2026-08-23 07:09:15.781093,6415,5338,2698,0
2026-08-23 07:09:15.781113,6458,5339,2582,0
2026-08-23 07:09:15.781133,6461,5387,2752,0
2026-08-23 07:09:15.781153,6282,5173,0,0
2026-08-23 07:09:15.781173,6373,5398,2914,0
2026-08-23 07:09:15.781193,6494,5367,2894,0
2026-08-23 07:09:15.781213,6487,5426,3396,0
2026-08-23 07:09:15.781233,6393,5320,2539,0
2026-08-23 07:09:15.781253,6448,5381,2541,0
2026-08-23 07:09:15.781273,6463,5360,2805,0
2026-08-23 07:09:15.781293,6392,5361,2592,0
2026-08-23 07:09:15.781313,6451,5386,2930,0
2026-08-23 07:09:15.781333,6484,5355,2917,0
2026-08-23 07:09:15.781353,6496,5433,3427,0
2026-08-23 07:09:15.781373,6334,5355,2714,0
2026-08-23 07:09:15.781393,6468,5318,2589,0
2026-08-23 07:09:15.781413,6463,5385,2810,0
2026-08-23 07:09:15.781433,6360,5289,1669,0
2026-08-23 07:09:15.781453,6410,5356,2903,0
2026-08-23 07:09:15.781473,6479,5388,2934,0
2026-08-23 07:09:15.781493,6500,5429,3539,0
2026-08-23 07:09:15.781513,6382,5343,2626,0
2026-08-23 07:09:15.781533,6543,5334,2544,0
2026-08-23 07:09:15.781553,6468,5361,2927,0
2026-08-23 07:09:15.781573,6434,5369,2934,0
2026-08-23 07:09:15.781593,6486,5388,2896,0
2026-08-23 07:09:15.781613,6483,5383,2997,0
2026-08-23 07:09:15.781633,6269,5145,0,0
2026-08-23 07:09:15.781653,6360,5335,2666,0
2026-08-23 07:09:15.781673,6472,5371,2535,0
2026-08-23 07:09:15.781693,6469,5369,2928,0
2026-08-23 07:09:15.781713,6391,5324,2480,0
2026-08-23 07:09:15.781733,6444,5385,2867,0
2026-08-23 07:09:15.781753,6474,5409,3005,0
2026-08-23 07:09:15.781773,6254,5152,0,0
2026-08-23 07:09:15.781793,6365,5359,2639,0
2026-08-23 07:09:15.781813,6444,5334,2588,0
2026-08-23 07:09:15.781833,6471,5368,3048,0
2026-08-23 07:09:15.781853,6410,5365,3020,0
2026-08-23 07:09:15.781873,6480,5361,2871,0
2026-08-23 07:09:15.781893,6478,5394,3082,0
2026-08-23 07:09:15.781913,6354,5251,1562,0
2026-08-23 07:09:15.781933,6396,5340,2663,0
2026-08-23 07:09:15.781953,6456,5346,2605,0
2026-08-23 07:09:15.781973,6474,5405,3086,0
2026-08-23 07:09:15.781993,6400,5328,2821,0
2026-08-23 07:09:15.782013,6476,5336,2845,0
2026-08-23 07:09:15.782033,6479,5397,3118,0
2026-08-23 07:09:15.782053,6347,5224,1260,0
2026-08-23 07:09:15.782073,6381,5324,2598,0
2026-08-23 07:09:15.782093,6456,5347,2624,0
2026-08-23 07:09:15.782113,6279,5052,0,0
2026-08-23 07:09:15.782133,6374,5367,3023,0
2026-08-23 07:09:15.782153,6480,5338,2865,0
2026-08-23 07:09:15.782173,6487,5395,3167,0
2026-08-23 07:09:15.782193,6385,5288,2322,0
2026-08-23 07:09:15.782213,6432,5357,2423,0
2026-08-23 07:09:15.782233,6461,5338,2656,0
2026-08-23 07:09:15.782253,6474,5377,3191,0
2026-08-23 07:09:15.782273,6404,5345,2894,0
2026-08-23 07:09:15.782293,6473,5388,2875,0
2026-08-23 07:09:15.782313,6485,5391,3179,0
2026-08-23 07:09:15.782333,6376,5331,2106,0
2026-08-23 07:09:15.782353,6429,5334,2546,0
2026-08-23 07:09:15.782373,6462,5350,2692,0
2026-08-23 07:09:15.782393,6340,5228,1161,0
2026-08-23 07:09:15.782413,6390,5441,2994,0
2026-08-23 07:09:15.782433,6479,5387,2876,0
2026-08-23 07:09:15.782453,6479,5386,3283,0
2026-08-23 07:09:15.782473,6394,5353,2652,0
2026-08-23 07:09:15.782493,6451,5360,2594,0
2026-08-23 07:09:15.782513,6455,5372,2719,0
2026-08-23 07:09:15.782533,6231,5057,0,0
2026-08-23 07:09:15.782553,6376,5352,2916,0
2026-08-23 07:09:15.782573,6474,5352,2889,0
2026-08-23 07:09:15.782593,6490,5372,3334,0
2026-08-23 07:09:15.782613,6384,5305,2546,0
2026-08-23 07:09:15.782633,6445,5327,2519,0
2026-08-23 07:09:15.782653,6461,5349,2787,0
2026-08-23 07:09:15.782673,6385,5347,2486,0
2026-08-23 07:09:15.782693,6442,5361,2914,0
2026-08-23 07:09:15.782713,6474,5348,2907,0
2026-08-23 07:09:15.782733,6497,5443,3447,0
2026-08-23 07:09:15.782753,6398,5336,2715,0
2026-08-23 07:09:15.782773,6454,5366,2583,0
2026-08-23 07:09:15.782793,6463,5365,2840,0
2026-08-23 07:09:15.782813,6355,5263,1634,0
2026-08-23 07:09:15.782833,6405,5392,2896,0
2026-08-23 07:09:15.782853,6492,5364,2958,0
2026-08-23 07:09:15.782873,6500,5406,3542,0
2026-08-23 07:09:15.782893,6398,5305,2641,0
2026-08-23 07:09:15.782913,6457,5367,2575,0
2026-08-23 07:09:15.782933,6467,5395,2936,0
2026-08-23 07:09:15.782953,6404,5343,2940,0
2026-08-23 07:09:15.782973,6469,5380,2880,0
2026-08-23 07:09:15.782993,6490,5397,2968,0
2026-08-23 07:09:15.783013,6277,5168,0,0
2026-08-23 07:09:15.783033,6366,5355,2689,0
2026-08-23 07:09:15.783053,6447,5371,2590,0
2026-08-23 07:09:15.783073,6458,5364,2975,0
2026-08-23 07:09:15.783093,6382,5352,2466,0
2026-08-23 07:09:15.783113,6447,5337,2859,0
2026-08-23 07:09:15.783133,6474,5366,3008,0
2026-08-23 07:09:15.783153,6256,5148,0,0
2026-08-23 07:09:15.783173,6365,5367,2634,0
2026-08-23 07:09:15.783193,6447,5337,2586,0
2026-08-23 07:09:15.783213,6463,5386,3052,0
2026-08-23 07:09:15.783233,6409,5351,3025,0
2026-08-23 07:09:15.783253,6486,5351,2890,0
2026-08-23 07:09:15.783273,6489,5366,3098,0
2026-08-23 07:09:15.783293,6364,5278,1733,0
2026-08-23 07:09:15.783313,6405,5329,2656,0
2026-08-23 07:09:15.783333,6470,5373,2615,0
2026-08-23 07:09:15.783353,6470,5379,3052,0
2026-08-23 07:09:15.783373,6396,5342,2808,0
2026-08-23 07:09:15.783393,6491,5394,2856,0
2026-08-23 07:09:15.783413,6480,5412,3114,0
2026-08-23 07:09:15.783433,6347,5250,1406,0
2026-08-23 07:09:15.783453,6390,5338,2584,0
2026-08-23 07:09:15.783473,6461,5355,2634,0
2026-08-23 07:09:15.783493,6263,5102,0,0
2026-08-23 07:09:15.783513,6373,5389,2820,0
2026-08-23 07:09:15.783533,6479,5353,2851,0
2026-08-23 07:09:15.783553,6484,5412,3173,0
2026-08-23 07:09:15.783573,6384,5297,2325,0
2026-08-23 07:09:15.783593,6437,5322,2616,0
2026-08-23 07:09:15.783613,6460,5355,2637,0
2026-08-23 07:09:15.783633,6447,5406,3178,0
2026-08-23 07:09:15.783653,6393,5368,2891,0
2026-08-23 07:09:15.783673,6473,5368,2874,0
2026-08-23 07:09:15.783693,6490,5382,3196,0
2026-08-23 07:09:15.783713,6368,5282,2110,0
2026-08-23 07:09:15.783733,6416,5342,2571,0
2026-08-23 07:09:15.783753,6435,5378,2686,0
2026-08-23 07:09:15.783773,6327,5246,843,0
2026-08-23 07:09:15.783793,6380,5390,3000,0
2026-08-23 07:09:15.783813,6474,5378,2881,0
2026-08-23 07:09:15.783833,6485,5386,3289,0
2026-08-23 07:09:15.783853,6387,5345,2599,0
2026-08-23 07:09:15.783873,6448,5331,2590,0
2026-08-23 07:09:15.783893,6451,5378,2701,0
2026-08-23 07:09:15.783913,6355,5131,0,0
2026-08-23 07:09:15.783933,6374,5357,2926,0
2026-08-23 07:09:15.783953,6502,5356,2875,0
2026-08-23 07:09:15.783973,6487,5387,3301,0
2026-08-23 07:09:15.783993,6380,5341,2476,0
2026-08-23 07:09:15.784013,6444,5330,2541,0
2026-08-23 07:09:15.784033,6457,5371,2772,0
2026-08-23 07:09:15.784053,6364,5309,2585,0
2026-08-23 07:09:15.784073,6453,5370,2907,0
2026-08-23 07:09:15.849124,6401,2756,2946,0
2026-08-23 07:09:15.849144,6394,3454,3022,0
2026-08-23 07:09:15.849164,6402,3956,2890,0
2026-08-23 07:09:15.849184,6474,4377,3048,0
2026-08-23 07:09:15.849204,6334,4508,1378,0
2026-08-23 07:09:15.849224,6384,4789,2641,0
2026-08-23 07:09:15.849244,6437,4945,2628,0
2026-08-23 07:09:15.849264,6457,5073,3053,0
2026-08-23 07:09:15.849284,6377,5079,2790,0
2026-08-23 07:09:15.849304,6454,5203,2876,0
2026-08-23 07:09:15.849324,6474,5249,3094,0
2026-08-23 07:09:15.849344,6315,5138,1106,0
2026-08-23 07:09:15.849364,6357,5260,2608,0
2026-08-23 07:09:15.849384,6444,5277,2620,0
2026-08-23 07:09:15.849404,6297,4978,0,0
2026-08-23 07:09:15.849424,6353,5263,2855,0
2026-08-23 07:09:15.849444,6468,5313,2868,0
2026-08-23 07:09:15.849464,6475,5316,3168,0
2026-08-23 07:09:15.849484,6376,5252,2283,0
2026-08-23 07:09:15.849504,6418,5324,2622,0
2026-08-23 07:09:15.849524,6445,5298,2640,0
2026-08-23 07:09:15.849544,6465,5377,3192,0
2026-08-23 07:09:15.849564,6390,5352,2907,0
2026-08-23 07:09:15.849584,6460,5328,2860,0
2026-08-23 07:09:15.849604,6475,5366,3202,0
2026-08-23 07:09:15.849624,6357,5281,2170,0
2026-08-23 07:09:15.849644,6410,5303,2588,0
2026-08-23 07:09:15.849664,6451,5330,2681,0
2026-08-23 07:09:15.849684,6314,5244,1052,0
2026-08-23 07:09:15.849704,6291,5349,3008,0
2026-08-23 07:09:15.849724,6467,5342,2888,0
2026-08-23 07:09:15.849744,6478,5411,3273,0
2026-08-23 07:09:15.849764,6383,5341,2639,0
2026-08-23 07:09:15.849784,6463,5320,2605,0
2026-08-23 07:09:15.849804,6456,5338,2701,0
2026-08-23 07:09:15.849824,6263,5088,0,0
2026-08-23 07:09:15.849844,6373,5376,2905,0
2026-08-23 07:09:15.870107,6380,3364,2612,0
2026-08-23 07:09:15.870127,6451,3886,2636,0
2026-08-23 07:09:15.870147,6466,4323,3148,0
2026-08-23 07:09:15.870167,6380,4558,2870,0
2026-08-23 07:09:15.870187,6458,4770,2864,0
2026-08-23 07:09:15.870207,6474,5015,3161,0
2026-08-23 07:09:15.870227,6359,4946,1970,0
2026-08-23 07:09:15.870247,6399,5076,2580,0
2026-08-23 07:09:15.870267,6451,5155,2673,0
2026-08-23 07:09:15.870287,6311,5046,642,0
2026-08-23 07:09:15.870307,6362,5252,3007,0
2026-08-23 07:09:15.870327,6467,5289,2894,0
2026-08-23 07:09:15.870347,6488,5345,3404,0
2026-08-23 07:09:15.889139,6396,4716,3393,0
2026-08-23 07:09:15.889159,6378,4781,2642,0
2026-08-23 07:09:15.889179,6442,4914,2572,0
2026-08-23 07:09:15.889199,6443,5070,2860,0
2026-08-23 07:09:15.889220,6383,5147,2787,0
2026-08-23 07:09:15.889240,6455,5215,2906,0
2026-08-23 07:09:15.889260,6469,5248,2956,0
2026-08-23 07:09:15.889279,6342,4981,0,0
2026-08-23 07:09:15.889299,6364,5220,2703,0
2026-08-23 07:09:15.889319,6440,5265,2577,0
2026-08-23 07:09:15.889339,6456,5272,2941,0
2026-08-23 07:09:15.889359,6375,5255,2745,0
2026-08-23 07:09:15.908281,6393,4778,3089,0
2026-08-23 07:09:15.908301,6390,4900,3025,0
2026-08-23 07:09:15.908321,6470,5006,2871,0
2026-08-23 07:09:15.908341,6466,5167,3121,0
2026-08-23 07:09:15.908361,6357,5095,2055,0
2026-08-23 07:09:15.908381,6419,5193,2617,0
2026-08-23 07:09:15.908401,6449,5229,2636,0
2026-08-23 07:09:15.908421,6457,5320,3146,0
2026-08-23 07:09:15.908441,6386,5275,2862,0
2026-08-23 07:09:15.908461,6443,5333,2862,0
2026-08-23 07:09:15.908481,6468,5329,3223,0
2026-08-23 07:09:15.908501,6385,5288,2572,0
2026-08-23 07:09:15.927253,6406,4808,3494,0
2026-08-23 07:09:15.927273,6377,4856,2712,0
2026-08-23 07:09:15.927293,6447,5010,2583,0
2026-08-23 07:09:15.927313,6452,5081,2915,0
2026-08-23 07:09:15.927333,6361,5138,2288,0
2026-08-23 07:09:15.927353,6416,5229,2845,0
2026-08-23 07:09:15.927373,6467,5282,2985,0
2026-08-23 07:09:15.927393,6234,4994,0,0
2026-08-23 07:09:15.927413,6342,5247,2632,0
2026-08-23 07:09:15.927433,6432,5280,2589,0
2026-08-23 07:09:15.927453,6447,5308,3082,0
2026-08-23 07:09:15.927473,6400,5284,3084,0
2026-08-23 07:09:15.947671,6397,4776,3181,0
2026-08-23 07:09:15.947691,6381,4894,2890,0
2026-08-23 07:09:15.947711,6456,5013,2866,0
2026-08-23 07:09:15.947731,6481,5144,3208,0
2026-08-23 07:09:15.947751,6368,5143,2177,0
2026-08-23 07:09:15.947771,6416,5192,2575,0
2026-08-23 07:09:15.947791,6427,5240,2686,0
2026-08-23 07:09:15.947811,6322,5181,1045,0
2026-08-23 07:09:15.947831,6372,5302,2993,0
2026-08-23 07:09:15.947851,6464,5320,2882,0
2026-08-23 07:09:15.947871,6471,5382,3292,0
2026-08-23 07:09:15.947891,6372,5299,2721,0
2026-08-23 07:09:15.947911,6447,5254,2608,0
2026-08-23 07:09:15.968635,6375,4707,2607,0
2026-08-23 07:09:15.968655,6438,4872,2657,0
2026-08-23 07:09:15.968675,6303,4862,548,0
2026-08-23 07:09:15.968695,6380,5129,3012,0
2026-08-23 07:09:15.968715,6450,5211,2870,0
2026-08-23 07:09:15.968735,6468,5243,3249,0
2026-08-23 07:09:15.968755,6376,5239,2580,0
2026-08-23 07:09:15.968775,6433,5277,2598,0
2026-08-23 07:09:15.968795,6460,5288,2705,0
2026-08-23 07:09:15.968815,6349,5165,0,0
2026-08-23 07:09:15.968835,6370,5331,2917,0
2026-08-23 07:09:15.968855,6456,5317,2874,0
2026-08-23 07:09:15.968875,6476,5366,3504,0
2026-08-23 07:09:15.989803,6386,4742,3339,0
2026-08-23 07:09:15.989823,6374,4816,2719,0
2026-08-23 07:09:15.989843,6456,4970,2599,0
2026-08-23 07:09:15.989863,6453,5089,2781,0
2026-08-23 07:09:15.989883,6293,4990,387,0
2026-08-23 07:09:15.989903,6362,5207,2919,0
2026-08-23 07:09:15.989923,6463,5273,2894,0
2026-08-23 07:09:15.989943,6479,5315,3412,0
2026-08-23 07:09:15.989963,6378,5258,2620,0
2026-08-23 07:09:15.989983,6434,5279,2547,0
2026-08-23 07:09:15.990003,6450,5313,2831,0
2026-08-23 07:09:15.990023,6386,5304,2837,0
2026-08-23 07:09:15.990043,6458,5342,2897,0
2026-08-23 07:09:16.010555,6389,4712,2887,0
2026-08-23 07:09:16.010575,6468,4892,2993,0
2026-08-23 07:09:16.010595,6259,4773,0,0
2026-08-23 07:09:16.010615,6355,5038,2624,0
2026-08-23 07:09:16.010635,6407,5130,2592,0
2026-08-23 07:09:16.010655,6456,5250,3088,0
2026-08-23 07:09:16.010675,6390,5276,3023,0
2026-08-23 07:09:16.010695,6467,5301,2878,0
2026-08-23 07:09:16.010715,6473,5336,3092,0
2026-08-23 07:09:16.010735,6349,5220,1823,0
2026-08-23 07:09:16.010755,6387,5330,2646,0
2026-08-23 07:09:16.010775,6435,5332,2642,0
2026-08-23 07:09:16.010795,6359,5171,0,0
2026-08-23 07:09:16.031674,6392,4716,3030,0
2026-08-23 07:09:16.031694,6386,4897,3015,0
2026-08-23 07:09:16.031714,6466,4987,2861,0
2026-08-23 07:09:16.031734,6472,5095,3089,0
2026-08-23 07:09:16.031754,6357,5069,1875,0
2026-08-23 07:09:16.031775,6387,5219,2663,0
2026-08-23 07:09:16.031795,6433,5259,2633,0
2026-08-23 07:09:16.031815,6455,5319,3098,0
2026-08-23 07:09:16.031834,6386,5263,2824,0
2026-08-23 07:09:16.031854,6463,5327,2857,0
2026-08-23 07:09:16.031874,6457,5353,3127,0
2026-08-23 07:09:16.031894,6402,5228,2054,0
2026-08-23 07:09:16.031914,6413,5270,2529,0
2026-08-23 07:09:16.052773,6380,4657,2595,0
2026-08-23 07:09:16.052793,6443,4833,2770,0
2026-08-23 07:09:16.052813,6298,4851,725,0
2026-08-23 07:09:16.052833,6362,5069,2891,0
2026-08-23 07:09:16.052853,6467,5183,2899,0
2026-08-23 07:09:16.052873,6480,5246,3447,0
2026-08-23 07:09:16.052893,6380,5237,2640,0
2026-08-23 07:09:16.052913,6437,5235,2545,0
2026-08-23 07:09:16.052933,6450,5314,2864,0
2026-08-23 07:09:16.052953,6383,5316,2800,0
2026-08-23 07:09:16.052973,6452,5344,2917,0
2026-08-23 07:09:16.052993,6464,5328,2964,0
2026-08-23 07:09:16.053013,6349,5229,1656,0
2026-08-23 07:09:16.072953,6258,4463,0,0
2026-08-23 07:09:16.072973,6346,4815,2629,0
2026-08-23 07:09:16.072994,6436,4989,2612,0
2026-08-23 07:09:16.073014,6455,5074,3111,0
2026-08-23 07:09:16.073034,6423,5182,3015,0
2026-08-23 07:09:16.073054,6469,5229,2866,0
2026-08-23 07:09:16.073074,6471,5251,3135,0
2026-08-23 07:09:16.073094,6360,5217,2140,0
2026-08-23 07:09:16.073113,6413,5264,2688,0
2026-08-23 07:09:16.073133,6441,5292,2804,0
2026-08-23 07:09:16.073153,6449,5324,3163,0
2026-08-23 07:09:16.073174,6392,5326,3024,0
2026-08-23 07:09:16.073194,6466,5304,2905,0
2026-08-23 07:09:16.093657,6386,4793,2970,0
2026-08-23 07:09:16.093677,6460,4921,2899,0
2026-08-23 07:09:16.093697,6487,5087,3381,0
2026-08-23 07:09:16.093717,6395,5057,2709,0
2026-08-23 07:09:16.093737,6434,5152,3021,0
2026-08-23 07:09:16.093757,6440,5222,2789,0
2026-08-23 07:09:16.093777,6313,5141,868,0
2026-08-23 07:09:16.093797,6373,5302,2912,0
2026-08-23 07:09:16.093817,6461,5334,2918,0
2026-08-23 07:09:16.093837,6487,5340,3459,0
2026-08-23 07:09:16.093857,6376,5264,2649,0
2026-08-23 07:09:16.093877,6427,5321,2539,0
2026-08-23 07:09:16.093897,6370,5201,2277,0
2026-08-23 07:09:16.114570,6345,4721,2744,0
2026-08-23 07:09:16.114590,6319,4779,1082,0
2026-08-23 07:09:16.114610,6373,4996,2917,0
2026-08-23 07:09:16.114630,6455,5083,2903,0
2026-08-23 07:09:16.114650,6499,5208,3472,0
2026-08-23 07:09:16.114670,6382,5175,2649,0
2026-08-23 07:09:16.114690,6440,5210,2547,0
2026-08-23 07:09:16.114710,6444,5271,2865,0
2026-08-23 07:09:16.114730,6379,5267,2803,0
2026-08-23 07:09:16.114750,6455,5319,2919,0
2026-08-23 07:09:16.114770,6475,5328,2950,0
2026-08-23 07:09:16.114790,6260,5136,0,0
2026-08-23 07:09:16.114810,6356,5285,2658,0
2026-08-23 07:09:16.135627,6372,4704,2955,0
2026-08-23 07:09:16.135647,6434,4860,2575,0
2026-08-23 07:09:16.135667,6467,5029,2967,0
2026-08-23 07:09:16.135687,6387,5065,2993,0
2026-08-23 07:09:16.135707,6462,5187,2884,0
2026-08-23 07:09:16.135727,6521,5218,3009,0
2026-08-23 07:09:16.135747,6299,5061,651,0
2026-08-23 07:09:16.135767,6351,5281,2686,0
2026-08-23 07:09:16.135787,6445,5271,2592,0
2026-08-23 07:09:16.135807,6451,5353,2984,0
2026-08-23 07:09:16.135827,6377,5280,2638,0
2026-08-23 07:09:16.135847,6440,5309,2850,0
2026-08-23 07:09:16.135867,6494,5366,3204,0
2026-08-23 07:09:16.156819,6396,4691,3168,0
2026-08-23 07:09:16.156839,6360,4814,2482,0
2026-08-23 07:09:16.156859,6421,4960,2596,0
2026-08-23 07:09:16.156879,6450,5081,2676,0
2026-08-23 07:09:16.156899,6423,5184,3247,0
2026-08-23 07:09:16.156919,6385,5203,2909,0
2026-08-23 07:09:16.156940,6459,5289,2872,0
2026-08-23 07:09:16.156960,6468,5326,3259,0
2026-08-23 07:09:16.156979,6363,5277,2421,0
2026-08-23 07:09:16.156999,6417,5282,2548,0
2026-08-23 07:09:16.157019,6438,5329,2738,0
2026-08-23 07:09:16.157039,6372,5267,2382,0
2026-08-23 07:09:16.157059,6429,5335,2917,0
2026-08-23 07:09:16.177787,6388,4672,2910,0
2026-08-23 07:09:16.177807,6444,4880,2924,0
2026-08-23 07:09:16.177827,6481,5030,3533,0
2026-08-23 07:09:16.177847,6376,5011,2653,0
2026-08-23 07:09:16.177867,6441,5097,2583,0
2026-08-23 07:09:16.177887,6445,5223,2928,0
2026-08-23 07:09:16.177907,6373,5215,2926,0
2026-08-23 07:09:16.177927,6463,5295,2902,0
2026-08-23 07:09:16.177947,6473,5313,2981,0
2026-08-23 07:09:16.177967,6259,5068,0,0
2026-08-23 07:09:16.177987,6368,5281,2698,0
2026-08-23 07:09:16.178007,6444,5290,2592,0
2026-08-23 07:09:16.178027,6462,5355,3134,0
2026-08-23 07:09:16.198894,6385,4693,2974,0
2026-08-23 07:09:16.198914,6395,4862,3028,0
2026-08-23 07:09:16.198934,6463,4970,2875,0
2026-08-23 07:09:16.198954,6465,5131,3084,0
2026-08-23 07:09:16.198974,6351,5037,1613,0
2026-08-23 07:09:16.198994,6373,5190,2656,0
2026-08-23 07:09:16.199014,6428,5233,2602,0
2026-08-23 07:09:16.199034,6462,5285,3084,0
2026-08-23 07:09:16.199054,6389,5238,2794,0
2026-08-23 07:09:16.199074,6463,5291,2851,0
2026-08-23 07:09:16.199094,6474,5321,3114,0
2026-08-23 07:09:16.199114,6348,5228,1930,0
2026-08-23 07:09:16.199134,6400,5302,2530,0
2026-08-23 07:09:16.219575,6394,4685,2605,0
2026-08-23 07:09:16.219595,6440,4871,2696,0
2026-08-23 07:09:16.219615,6245,4750,0,0
2026-08-23 07:09:16.219635,6361,5072,2912,0
2026-08-23 07:09:16.219655,6457,5142,2890,0
2026-08-23 07:09:16.219675,6481,5229,3341,0
2026-08-23 07:09:16.219695,6377,5190,2599,0
2026-08-23 07:09:16.219715,6437,5235,2544,0
2026-08-23 07:09:16.219735,6446,5304,2793,0
2026-08-23 07:09:16.219755,6375,5301,2339,0
2026-08-23 07:09:16.219775,6440,5318,2721,0
2026-08-23 07:09:16.219795,6473,5345,2928,0
2026-08-23 07:09:16.219815,6254,5091,0,0
2026-08-23 07:09:16.240649,6392,4783,3305,0
2026-08-23 07:09:16.240669,6372,4823,2625,0
2026-08-23 07:09:16.240689,6432,4955,2532,0
2026-08-23 07:09:16.240709,6447,5130,2819,0
2026-08-23 07:09:16.240729,6377,5161,2580,0
2026-08-23 07:09:16.240749,6439,5214,2927,0
2026-08-23 07:09:16.240769,6471,5249,2927,0
2026-08-23 07:09:16.240789,6480,5337,3454,0
2026-08-23 07:09:16.240809,6369,5262,2718,0
2026-08-23 07:09:16.240829,6442,5310,2590,0
2026-08-23 07:09:16.240849,6442,5332,2841,0
2026-08-23 07:09:16.240869,6368,5243,2077,0
2026-08-23 07:09:16.240889,6417,5303,2855,0
2026-08-23 07:09:16.261996,6386,4716,2876,0
2026-08-23 07:09:16.262016,6466,4855,3044,0
2026-08-23 07:09:16.262036,6340,4867,1696,0
2026-08-23 07:09:16.262056,6392,5075,2648,0
2026-08-23 07:09:16.262076,6435,5170,2622,0
2026-08-23 07:09:16.262096,6465,5208,3098,0
2026-08-23 07:09:16.262116,6379,5216,2830,0
2026-08-23 07:09:16.262136,6454,5246,2860,0
2026-08-23 07:09:16.262156,6473,5337,3109,0
2026-08-23 07:09:16.262176,6334,5183,1586,0
2026-08-23 07:09:16.262196,6375,5308,2592,0
2026-08-23 07:09:16.262216,6473,5319,2680,0
2026-08-23 07:09:16.262236,6370,5271,2390,0
2026-08-23 07:09:16.282588,6287,4448,107,0
2026-08-23 07:09:16.282608,6365,4872,2897,0
2026-08-23 07:09:16.282628,6455,4954,2908,0
2026-08-23 07:09:16.282648,6487,5133,3477,0
2026-08-23 07:09:16.282668,6377,5163,2632,0
2026-08-23 07:09:16.282688,6433,5204,2540,0
2026-08-23 07:09:16.282708,6427,5266,2875,0
2026-08-23 07:09:16.282728,6386,5280,2833,0
2026-08-23 07:09:16.282748,6458,5300,2903,0
2026-08-23 07:09:16.282768,6470,5303,2968,0
2026-08-23 07:09:16.282788,6251,5014,0,0
2026-08-23 07:09:16.282808,6354,5236,2685,0
2026-08-23 07:09:16.282828,6457,5280,2610,0
2026-08-23 07:09:16.303605,6381,4690,2529,0
2026-08-23 07:09:16.303625,6442,4875,2882,0
2026-08-23 07:09:16.303645,6381,4996,2912,0
2026-08-23 07:09:16.303665,6470,5095,2912,0
2026-08-23 07:09:16.303685,6473,5173,2967,0
2026-08-23 07:09:16.303705,6233,4941,0,0
2026-08-23 07:09:16.303725,6347,5199,2695,0
2026-08-23 07:09:16.303746,6432,5219,2573,0
2026-08-23 07:09:16.303765,6449,5310,2922,0
2026-08-23 07:09:16.303785,6400,5272,2359,0
2026-08-23 07:09:16.303805,6430,5297,2886,0
2026-08-23 07:09:16.303825,6469,5315,3030,0
2026-08-23 07:09:16.303845,6353,5198,1730,0
2026-08-23 07:09:16.324453,6331,4546,1155,0
2026-08-23 07:09:16.324473,6355,4831,2645,0
2026-08-23 07:09:16.324493,6444,4967,2634,0
2026-08-23 07:09:16.324513,6452,5147,3112,0
2026-08-23 07:09:16.324533,6393,5138,2807,0
2026-08-23 07:09:16.324553,6457,5231,2839,0
2026-08-23 07:09:16.324574,6474,5262,3119,0
2026-08-23 07:09:16.324594,6349,5175,1505,0
2026-08-23 07:09:16.324613,6382,5241,2590,0
2026-08-23 07:09:16.324633,6441,5257,2650,0
2026-08-23 07:09:16.324653,6261,5057,0,0
2026-08-23 07:09:16.324673,6363,5304,3019,0
2026-08-23 07:09:16.324693,6470,5302,2890,0
2026-08-23 07:09:16.345658,6386,4685,2859,0
2026-08-23 07:09:16.345678,6471,4926,3239,0
2026-08-23 07:09:16.345698,6364,4922,2328,0
2026-08-23 07:09:16.345718,6423,5053,2549,0
2026-08-23 07:09:16.345738,6447,5140,2713,0
2026-08-23 07:09:16.345758,6342,5088,1633,0
2026-08-23 07:09:16.345778,6391,5248,2974,0
2026-08-23 07:09:16.345798,6465,5304,2875,0
2026-08-23 07:09:16.345818,6485,5356,3282,0
2026-08-23 07:09:16.345838,6384,5306,2696,0
2026-08-23 07:09:16.345858,6433,5332,2585,0
2026-08-23 07:09:16.345878,6447,5298,2730,0
2026-08-23 07:09:16.345898,6368,5248,2346,0
2026-08-23 07:09:16.365967,6389,4667,2967,0
2026-08-23 07:09:16.365987,6461,4838,2874,0
2026-08-23 07:09:16.366007,6475,4975,3028,0
2026-08-23 07:09:16.366027,6324,4897,1163,0
2026-08-23 07:09:16.366047,6369,5105,2662,0
2026-08-23 07:09:16.366067,6444,5182,2608,0
2026-08-23 07:09:16.366087,6460,5292,3037,0
2026-08-23 07:09:16.366107,6379,5274,2734,0
2026-08-23 07:09:16.366127,6452,5314,2861,0
2026-08-23 07:09:16.366147,6473,5316,3089,0
2026-08-23 07:09:16.366167,6343,5212,1061,0
2026-08-23 07:09:16.366187,6366,5325,2597,0
2026-08-23 07:09:16.366207,6477,5288,2787,0
2026-08-23 07:09:16.386171,6379,4744,2584,0
2026-08-23 07:09:16.386191,6445,4904,2867,0
2026-08-23 07:09:16.386211,6361,4951,2205,0
2026-08-23 07:09:16.386231,6418,5093,2883,0
2026-08-23 07:09:16.386251,6470,5195,2969,0
2026-08-23 07:09:16.386271,6315,4890,0,0
2026-08-23 07:09:16.386292,6352,5161,2649,0
2026-08-23 07:09:16.386312,6435,5234,2581,0
2026-08-23 07:09:16.386331,6451,5260,2977,0
2026-08-23 07:09:16.386351,6383,5301,3003,0
2026-08-23 07:09:16.386371,6470,5325,2854,0
2026-08-23 07:09:16.386391,6475,5331,3089,0
2026-08-23 07:09:16.386411,6386,5253,2714,0
2026-08-23 07:09:16.405637,6395,4811,3162,0
2026-08-23 07:09:16.405657,6354,4827,2095,0
2026-08-23 07:09:16.405677,6402,5021,2586,0
2026-08-23 07:09:16.405697,6433,5136,2688,0
2026-08-23 07:09:16.405717,6315,5058,872,0
2026-08-23 07:09:16.405737,6365,5277,2988,0
2026-08-23 07:09:16.405757,6474,5265,2873,0
2026-08-23 07:09:16.405777,6476,5330,3274,0
2026-08-23 07:09:16.405797,6376,5291,2634,0
2026-08-23 07:09:16.405817,6446,5291,2585,0
2026-08-23 07:09:16.405837,6444,5319,2729,0
2026-08-23 07:09:16.405857,6281,5162,243,0
2026-08-23 07:09:16.425713,6247,4464,0,0
2026-08-23 07:09:16.425733,6361,4869,3023,0
2026-08-23 07:09:16.425753,6467,5024,2872,0
2026-08-23 07:09:16.425773,6482,5157,3198,0
2026-08-23 07:09:16.425793,6381,5144,2475,0
2026-08-23 07:09:16.425813,6416,5219,2594,0
2026-08-23 07:09:16.425833,6440,5246,2663,0
2026-08-23 07:09:16.425853,6466,5332,3224,0
2026-08-23 07:09:16.425873,6382,5305,2897,0
2026-08-23 07:09:16.425893,6462,5280,2844,0
2026-08-23 07:09:16.425913,6471,5375,3273,0
2026-08-23 07:09:16.425933,6358,5267,2492,0
2026-08-23 07:09:16.425953,6431,5242,2336,0
2026-08-23 07:09:16.446272,6383,4789,2725,0
2026-08-23 07:09:16.446292,6436,4895,2583,0
2026-08-23 07:09:16.446312,6451,5062,2860,0
2026-08-23 07:09:16.446332,6345,5020,1856,0
2026-08-23 07:09:16.446352,6413,5179,2898,0
2026-08-23 07:09:16.446372,6454,5233,2946,0
2026-08-23 07:09:16.446392,6494,5304,3557,0
2026-08-23 07:09:16.446412,6387,5243,2631,0
2026-08-23 07:09:16.446432,6383,5275,2580,0
2026-08-23 07:09:16.446452,6448,5350,2935,0
2026-08-23 07:09:16.446472,6381,5345,2948,0
2026-08-23 07:09:16.446492,6470,5327,2906,0
2026-08-23 07:09:16.446512,6470,5312,3476,0
2026-08-23 07:09:16.466640,6380,4757,2897,0
2026-08-23 07:09:16.466660,6336,4674,0,0
2026-08-23 07:09:16.466680,6355,4958,2623,0
2026-08-23 07:09:16.466700,6428,5056,2572,0
2026-08-23 07:09:16.466720,6449,5164,2959,0
2026-08-23 07:09:16.466740,6381,5204,3001,0
2026-08-23 07:09:16.466760,6467,5246,2887,0
2026-08-23 07:09:16.466780,6472,5294,3034,0
2026-08-23 07:09:16.466800,6323,5148,1170,0
2026-08-23 07:09:16.466820,6362,5323,2680,0
2026-08-23 07:09:16.466840,6443,5330,2618,0
2026-08-23 07:09:16.466860,6458,5362,3120,0
2026-08-23 07:09:16.466880,6393,5255,2929,0
2026-08-23 07:09:16.486770,6324,4676,1348,0
2026-08-23 07:09:16.486790,6384,4938,2987,0
2026-08-23 07:09:16.486810,6461,5056,2895,0
2026-08-23 07:09:16.486830,6476,5182,3307,0
2026-08-23 07:09:16.486850,6368,5169,2680,0
2026-08-23 07:09:16.486870,6444,5187,2596,0
2026-08-23 07:09:16.486890,6458,5240,2752,0
2026-08-23 07:09:16.486910,6252,5059,0,0
2026-08-23 07:09:16.486930,6336,5317,2914,0
2026-08-23 07:09:16.486950,6359,5315,2879,0
2026-08-23 07:09:16.486970,6480,5381,3351,0
2026-08-23 07:09:16.486990,6377,5291,2583,0
2026-08-23 07:09:16.487010,6434,5279,2550,0
2026-08-23 07:09:16.506153,6373,4645,2617,0
2026-08-23 07:09:16.506173,6451,4870,3048,0
2026-08-23 07:09:16.506193,6388,4976,2759,0
2026-08-23 07:09:16.506213,6439,5076,2849,0
2026-08-23 07:09:16.506233,6476,5165,3099,0
2026-08-23 07:09:16.506253,6327,5091,1208,0
2026-08-23 07:09:16.506274,6357,5209,2578,0
2026-08-23 07:09:16.506293,6433,5299,2637,0
2026-08-23 07:09:16.506313,6264,5027,0,0
2026-08-23 07:09:16.506333,6364,5287,3021,0
2026-08-23 07:09:16.506353,6468,5328,2868,0
2026-08-23 07:09:16.506373,6488,5339,3451,0
2026-08-23 07:09:16.526912,6386,4841,2913,0
2026-08-23 07:09:16.526932,6464,4980,2930,0
2026-08-23 07:09:16.526952,6487,5096,3513,0
2026-08-23 07:09:16.526972,6376,5141,2648,0
2026-08-23 07:09:16.526992,6434,5190,2543,0
2026-08-23 07:09:16.527012,6461,5231,2928,0
2026-08-23 07:09:16.527032,6382,5256,2939,0
2026-08-23 07:09:16.527052,6460,5313,2885,0
2026-08-23 07:09:16.527072,6483,5312,2994,0
2026-08-23 07:09:16.527092,6264,5141,0,0
2026-08-23 07:09:16.527112,6336,5307,2689,0
2026-08-23 07:09:16.527132,6434,5295,2591,0
2026-08-23 07:09:16.527152,6452,5328,3161,0
2026-08-23 07:09:16.547983,6393,4704,3005,0
2026-08-23 07:09:16.548003,6391,4868,3026,0
2026-08-23 07:09:16.548023,6461,5017,2871,0
2026-08-23 07:09:16.548043,6468,5102,3080,0
2026-08-23 07:09:16.548063,6334,5062,1758,0
2026-08-23 07:09:16.548083,6386,5194,2649,0
2026-08-23 07:09:16.548103,6445,5257,2615,0
2026-08-23 07:09:16.548123,6452,5324,3103,0
2026-08-23 07:09:16.548143,6372,5297,2825,0
2026-08-23 07:09:16.548163,6458,5326,2852,0
2026-08-23 07:09:16.548183,6471,5350,3125,0
2026-08-23 07:09:16.548203,6360,5230,2067,0
2026-08-23 07:09:16.548223,6405,5295,2588,0
2026-08-23 07:09:16.568236,6378,4653,2578,0
2026-08-23 07:09:16.568256,6456,4835,2721,0
2026-08-23 07:09:16.568276,6270,4794,0,0
2026-08-23 07:09:16.568296,6368,5060,2922,0
2026-08-23 07:09:16.568316,6454,5153,2888,0
2026-08-23 07:09:16.568336,6462,5264,3407,0
2026-08-23 07:09:16.568356,6377,5203,2589,0
2026-08-23 07:09:16.568376,6431,5222,2535,0
2026-08-23 07:09:16.568396,6442,5286,2827,0
2026-08-23 07:09:16.568416,6375,5300,2659,0
2026-08-23 07:09:16.568436,6451,5341,2929,0
2026-08-23 07:09:16.568456,6473,5313,2948,0
2026-08-23 07:09:16.568476,6371,5245,2296,0
2026-08-23 07:09:16.588369,6389,4778,3016,0
2026-08-23 07:09:16.588389,6306,4776,630,0
2026-08-23 07:09:16.588409,6349,5019,2614,0
2026-08-23 07:09:16.588429,6435,5128,2612,0
2026-08-23 07:09:16.588449,6360,5048,0,0
2026-08-23 07:09:16.588469,6361,5240,3036,0
2026-08-23 07:09:16.588489,6459,5279,2869,0
2026-08-23 07:09:16.588509,6470,5276,3137,0
2026-08-23 07:09:16.588529,6356,5249,2173,0
2026-08-23 07:09:16.588549,6419,5308,2603,0
2026-08-23 07:09:16.588569,6447,5289,2641,0
2026-08-23 07:09:16.588589,6450,5357,3162,0
2026-08-23 07:09:16.588609,6388,5314,2921,0
2026-08-23 07:09:16.607851,6380,4660,2922,0
2026-08-23 07:09:16.607871,6453,4808,2930,0
2026-08-23 07:09:16.607891,6480,5021,3490,0
2026-08-23 07:09:16.607911,6376,5019,2720,0
2026-08-23 07:09:16.607931,6441,5107,2546,0
2026-08-23 07:09:16.607951,6455,5192,2862,0
2026-08-23 07:09:16.607971,6341,5173,1840,0
2026-08-23 07:09:16.607991,6398,5291,2894,0
2026-08-23 07:09:16.608011,6465,5290,2943,0
2026-08-23 07:09:16.608031,6484,5351,3544,0
2026-08-23 07:09:16.608051,6395,5302,2650,0
2026-08-23 07:09:16.608071,6438,5270,2658,0
2026-08-23 07:09:16.628545,6372,4803,2641,0
2026-08-23 07:09:16.628565,6434,4938,2584,0
2026-08-23 07:09:16.628585,6446,5073,2756,0
2026-08-23 07:09:16.628605,6259,4927,0,0
2026-08-23 07:09:16.628625,6357,5173,2917,0
2026-08-23 07:09:16.628645,6456,5235,2889,0
2026-08-23 07:09:16.628665,6473,5310,3373,0
2026-08-23 07:09:16.628685,6380,5245,2583,0
2026-08-23 07:09:16.628705,6425,5295,2531,0
2026-08-23 07:09:16.628725,6433,5304,2783,0
2026-08-23 07:09:16.628745,6368,5281,2477,0
2026-08-23 07:09:16.628765,6445,5344,2932,0
2026-08-23 07:09:16.628785,6417,5310,2998,0
2026-08-23 07:09:16.649839,6375,4701,2898,0
2026-08-23 07:09:16.649859,6484,4910,3451,0
2026-08-23 07:09:16.649879,6378,4989,2633,0
2026-08-23 07:09:16.649899,6440,5072,2571,0
2026-08-23 07:09:16.649920,6435,5179,2853,0
2026-08-23 07:09:16.649940,6381,5176,2775,0
2026-08-23 07:09:16.649960,6445,5271,2919,0
2026-08-23 07:09:16.649980,6464,5268,2943,0
2026-08-23 07:09:16.649999,6439,5193,285,0
2026-08-23 07:09:16.650019,6349,5261,2710,0
2026-08-23 07:09:16.650039,6439,5294,2579,0
2026-08-23 07:09:16.650059,6450,5310,2967,0
2026-08-23 07:09:16.650079,6388,5301,2844,0
2026-08-23 07:09:16.670780,6385,4698,2889,0
2026-08-23 07:09:16.670800,6461,4864,2879,0
2026-08-23 07:09:16.670820,6472,4996,3190,0
2026-08-23 07:09:16.670841,6366,5053,2436,0
2026-08-23 07:09:16.670861,6418,5162,2605,0
2026-08-23 07:09:16.670881,6400,5194,2659,0
2026-08-23 07:09:16.670901,6452,5299,3240,0
2026-08-23 07:09:16.670921,6383,5277,2908,0
2026-08-23 07:09:16.670940,6464,5288,2860,0
2026-08-23 07:09:16.670960,6445,5355,3232,0
2026-08-23 07:09:16.670980,6364,5289,2344,0
2026-08-23 07:09:16.671000,6418,5278,2547,0
2026-08-23 07:09:16.671021,6439,5345,2879,0
2026-08-23 07:09:16.689692,6390,4669,3035,0
2026-08-23 07:09:16.689712,6353,4804,1945,0
2026-08-23 07:09:16.689732,6400,4966,2869,0
2026-08-23 07:09:16.689752,6464,5072,2966,0
2026-08-23 07:09:16.689772,6492,5219,3851,0
2026-08-23 07:09:16.689792,6380,5191,2636,0
2026-08-23 07:09:16.689812,6440,5210,2574,0
2026-08-23 07:09:16.689832,6447,5295,2967,0
2026-08-23 07:09:16.689852,6391,5313,2999,0
2026-08-23 07:09:16.689872,6466,5326,2851,0
2026-08-23 07:09:16.689892,6456,5311,3135,0
2026-08-23 07:09:16.689912,6388,5277,2665,0
2026-08-23 07:09:16.710383,6389,4869,2916,0
2026-08-23 07:09:16.710403,6463,5037,3559,0
2026-08-23 07:09:16.710423,6431,5018,2669,0
2026-08-23 07:09:16.710443,6434,5131,2544,0
2026-08-23 07:09:16.710463,6449,5231,2893,0
2026-08-23 07:09:16.710483,6380,5223,2929,0
2026-08-23 07:09:16.710503,6464,5273,2859,0
2026-08-23 07:09:16.710523,6473,5325,2955,0
2026-08-23 07:09:16.710543,6319,5145,250,0
2026-08-23 07:09:16.710563,6348,5265,2682,0
2026-08-23 07:09:16.710583,6429,5335,2544,0
2026-08-23 07:09:16.710603,6445,5332,2989,0
2026-08-23 07:09:16.710623,6380,5325,2809,0
2026-08-23 07:09:16.730626,6389,4699,2979,0
2026-08-23 07:09:16.730646,6452,4896,2867,0
2026-08-23 07:09:16.730666,6471,5024,3049,0
2026-08-23 07:09:16.730686,6333,4966,1509,0
2026-08-23 07:09:16.730706,6373,5167,2648,0
2026-08-23 07:09:16.730726,6440,5196,2595,0
2026-08-23 07:09:16.730747,6460,5300,3060,0
2026-08-23 07:09:16.730767,6384,5248,2786,0
2026-08-23 07:09:16.730786,6451,5309,2849,0
2026-08-23 07:09:16.730806,6460,5365,3082,0
2026-08-23 07:09:16.730826,6319,5230,1438,0
2026-08-23 07:09:16.730846,6370,5312,2598,0
2026-08-23 07:09:16.730866,6430,5277,2810,0
2026-08-23 07:09:16.750737,6377,4749,2582,0
2026-08-23 07:09:16.750757,6461,4899,2883,0
2026-08-23 07:09:16.750777,6368,4923,2222,0
2026-08-23 07:09:16.750797,6418,5133,2889,0
2026-08-23 07:09:16.750817,6460,5175,2968,0
2026-08-23 07:09:16.750837,6364,5063,0,0
2026-08-23 07:09:16.750857,6354,5241,2641,0
2026-08-23 07:09:16.750877,6435,5254,2583,0
2026-08-23 07:09:16.750897,6447,5323,2980,0
2026-08-23 07:09:16.750917,6389,5291,2994,0
2026-08-23 07:09:16.750937,6469,5303,2888,0
2026-08-23 07:09:16.750957,6466,5352,3055,0
2026-08-23 07:09:16.750977,6367,5269,2489,0
2026-08-23 07:09:16.770998,6387,4784,3116,0
2026-08-23 07:09:16.771019,6326,4800,1453,0
2026-08-23 07:09:16.771039,6377,5044,2595,0
2026-08-23 07:09:16.771059,6438,5154,2641,0
2026-08-23 07:09:16.771079,6249,4934,0,0
2026-08-23 07:09:16.771099,6355,5254,3009,0
2026-08-23 07:09:16.771119,6458,5275,2889,0
2026-08-23 07:09:16.771139,6468,5324,3192,0
2026-08-23 07:09:16.771158,6372,5284,2571,0
2026-08-23 07:09:16.771178,6433,5290,2602,0
2026-08-23 07:09:16.771199,6448,5311,2658,0
2026-08-23 07:09:16.771219,6463,5356,3227,0
2026-08-23 07:09:16.771239,6391,5272,2855,0
2026-08-23 07:09:16.791625,6389,4755,2967,0
2026-08-23 07:09:16.791646,6458,4900,2891,0
2026-08-23 07:09:16.791666,6464,5060,3017,0
2026-08-23 07:09:16.791686,6299,4938,683,0
2026-08-23 07:09:16.791706,6351,5149,2675,0
2026-08-23 07:09:16.791726,6464,5226,2587,0
2026-08-23 07:09:16.791746,6452,5291,2990,0
2026-08-23 07:09:16.791766,6368,5252,2677,0
2026-08-23 07:09:16.791785,6432,5323,2854,0
2026-08-23 07:09:16.791806,6466,5354,3045,0
2026-08-23 07:09:16.791826,6300,5177,642,0
2026-08-23 07:09:16.791846,6350,5291,2612,0
2026-08-23 07:09:16.791866,6446,5257,2996,0
2026-08-23 07:09:16.812571,6375,4697,2588,0
2026-08-23 07:09:16.812591,6447,4894,3032,0
2026-08-23 07:09:16.812611,6338,4977,2737,0
2026-08-23 07:09:16.812631,6446,5135,2847,0
2026-08-23 07:09:16.812651,6458,5218,3101,0
2026-08-23 07:09:16.812671,6308,5086,1117,0
2026-08-23 07:09:16.812691,6350,5215,2600,0
2026-08-23 07:09:16.812711,6437,5289,2626,0
2026-08-23 07:09:16.812731,6237,5020,0,0
2026-08-23 07:09:16.812751,6355,5282,3017,0
2026-08-23 07:09:16.812771,6451,5325,2871,0
2026-08-23 07:09:16.812791,6470,5321,3220,0
2026-08-23 07:09:16.812811,6381,5264,2699,0
2026-08-23 07:09:16.833526,6402,4618,2162,0
2026-08-23 07:09:16.833546,6405,4826,2593,0
2026-08-23 07:09:16.833566,6441,5015,2698,0
2026-08-23 07:09:16.833586,6347,4973,1574,0
2026-08-23 07:09:16.833606,6392,5167,2981,0
2026-08-23 07:09:16.833626,6461,5240,2883,0
2026-08-23 07:09:16.833646,6474,5304,3314,0
2026-08-23 07:09:16.833666,6376,5269,2652,0
2026-08-23 07:09:16.833686,6454,5297,2586,0
2026-08-23 07:09:16.833706,6444,5295,2744,0
2026-08-23 07:09:16.833726,6252,5059,0,0
2026-08-23 07:09:16.833746,6361,5346,2914,0
2026-08-23 07:09:16.833766,6446,5333,2970,0
2026-08-23 07:09:16.851917,6395,4711,2923,0
2026-08-23 07:09:16.851937,6366,4737,0,0
2026-08-23 07:09:16.851957,6343,4956,2714,0
2026-08-23 07:09:16.851977,6439,5036,2537,0
2026-08-23 07:09:16.851997,6440,5157,2879,0
2026-08-23 07:09:16.852017,6350,5104,1985,0
2026-08-23 07:09:16.852037,6409,5234,2879,0
2026-08-23 07:09:16.852057,6458,5306,2950,0
2026-08-23 07:09:16.852077,6480,5370,3603,0
2026-08-23 07:09:16.852097,6376,5259,2497,0
2026-08-23 07:09:16.852117,6438,5276,2578,0
2026-08-23 07:09:16.852137,6310,5100,618,0
2026-08-23 07:09:16.870633,6377,4830,2594,0
2026-08-23 07:09:16.870653,6439,5001,2728,0
2026-08-23 07:09:16.870673,6236,4784,0,0
2026-08-23 07:09:16.870693,6338,5128,2909,0
2026-08-23 07:09:16.870713,6483,5178,2873,0
2026-08-23 07:09:16.870733,6468,5272,3347,0
2026-08-23 07:09:16.870753,6360,5211,2541,0
2026-08-23 07:09:16.870773,6433,5253,2532,0
2026-08-23 07:09:16.870793,6442,5301,2792,0
2026-08-23 07:09:16.870813,6370,5260,2428,0
2026-08-23 07:09:16.870833,6427,5362,2926,0
2026-08-23 07:09:16.870853,6463,5350,2990,0
2026-08-23 07:09:16.889157,6381,4769,2901,0
2026-08-23 07:09:16.889177,6461,4919,2975,0
2026-08-23 07:09:16.889197,6342,4771,0,0
2026-08-23 07:09:16.889217,6349,5052,2646,0
2026-08-23 07:09:16.889237,6436,5186,2578,0
2026-08-23 07:09:16.889257,6454,5251,2989,0
2026-08-23 07:09:16.889277,6393,5237,3000,0
2026-08-23 07:09:16.889297,6464,5275,2883,0
2026-08-23 07:09:16.889317,6463,5319,3019,0
2026-08-23 07:09:16.889337,6318,5196,989,0
2026-08-23 07:09:16.889357,6354,5306,2654,0
2026-08-23 07:09:16.889377,6454,5269,2752,0
2026-08-23 07:09:16.909457,6381,4835,2545,0
2026-08-23 07:09:16.909477,6433,4969,2542,0
2026-08-23 07:09:16.909497,6445,5051,2844,0
2026-08-23 07:09:16.909518,6383,5156,2732,0
2026-08-23 07:09:16.909538,6458,5204,2918,0
2026-08-23 07:09:16.909558,6471,5282,2957,0
2026-08-23 07:09:16.909578,6504,5425,2219,0
2026-08-23 07:09:16.909597,6351,5263,2724,0
2026-08-23 07:09:16.909617,6444,5251,2576,0
2026-08-23 07:09:16.909637,6446,5299,2829,0
2026-08-23 07:09:16.909657,6339,5291,2347,0
2026-08-23 07:09:16.909678,6415,5312,2863,0
2026-08-23 07:09:16.933049,6391,4731,3010,0
2026-08-23 07:09:16.933069,6466,4922,2818,0
2026-08-23 07:09:16.933089,6467,5033,3204,0
2026-08-23 07:09:16.933109,6376,5053,2487,0
2026-08-23 07:09:16.933129,6427,5163,2618,0
2026-08-23 07:09:16.933149,6438,5199,2665,0
2026-08-23 07:09:16.933169,6462,5312,3236,0
2026-08-23 07:09:16.933189,6385,5292,2910,0
2026-08-23 07:09:16.933209,6444,5311,2865,0
2026-08-23 07:09:16.933229,6473,5327,3248,0
2026-08-23 07:09:16.933249,6369,5279,2350,0
2026-08-23 07:09:16.933269,6418,5280,2542,0
2026-08-23 07:09:16.933289,6453,5329,2826,0
2026-08-23 07:09:16.933309,6364,5298,2271,0
2026-08-23 07:09:16.933329,6424,5358,2912,0
2026-08-23 07:09:16.951965,6381,4560,3139,0
2026-08-23 07:09:16.951985,6356,4650,2022,0
2026-08-23 07:09:16.952005,6435,4871,2580,0
2026-08-23 07:09:16.952025,6406,4993,2678,0
2026-08-23 07:09:16.952045,6295,4957,605,0
2026-08-23 07:09:16.952065,6361,5204,2991,0
2026-08-23 07:09:16.952085,6456,5241,2868,0
2026-08-23 07:09:16.952105,6467,5291,3263,0
2026-08-23 07:09:16.952125,6376,5244,2628,0
2026-08-23 07:09:16.952145,6443,5268,2602,0
2026-08-23 07:09:16.952165,6447,5323,2726,0
2026-08-23 07:09:16.952185,6348,5194,1766,0
2026-08-23 07:09:16.969291,6391,4761,2945,0
2026-08-23 07:09:16.969311,6388,4927,2996,0
2026-08-23 07:09:16.969331,6471,5037,2894,0
2026-08-23 07:09:16.969351,6467,5145,3059,0
2026-08-23 07:09:16.969371,6334,5007,1324,0
2026-08-23 07:09:16.969391,6374,5221,2657,0
2026-08-23 07:09:16.969411,6473,5258,2623,0
2026-08-23 07:09:16.969431,6459,5278,3037,0
2026-08-23 07:09:16.969451,6374,5279,2755,0
2026-08-23 07:09:16.969471,6444,5294,2866,0
2026-08-23 07:09:16.969491,6471,5318,3186,0
2026-08-23 07:09:16.986653,6380,4836,2890,0
2026-08-23 07:09:16.986673,6468,4977,3003,0
2026-08-23 07:09:16.986693,6303,4899,502,0
2026-08-23 07:09:16.986713,6341,5129,2673,0
2026-08-23 07:09:16.986733,6440,5206,2520,0
2026-08-23 07:09:16.986753,6447,5274,2997,0
2026-08-23 07:09:16.986773,6378,5256,2608,0
2026-08-23 07:09:16.986793,6447,5288,2850,0
2026-08-23 07:09:16.986813,6468,5337,3040,0
2026-08-23 07:09:16.986833,6305,5091,842,0
2026-08-23 07:09:16.986853,6360,5265,2586,0
2026-08-23 07:09:17.004052,6238,4532,0,0
2026-08-23 07:09:17.004072,6345,4911,2679,0
2026-08-23 07:09:17.004092,6440,5024,2590,0
2026-08-23 07:09:17.004112,6447,5145,2969,0
2026-08-23 07:09:17.004132,6388,5172,2571,0
2026-08-23 07:09:17.004152,6445,5246,2854,0
2026-08-23 07:09:17.004172,6473,5269,3031,0
2026-08-23 07:09:17.004192,6269,5080,57,0
2026-08-23 07:09:17.004212,6348,5293,2641,0
2026-08-23 07:09:17.004232,6442,5288,2601,0
2026-08-23 07:09:17.004252,6296,5096,254,0
2026-08-23 07:09:17.025698,6368,4856,2620,0
2026-08-23 07:09:17.025718,6442,5008,2701,0
2026-08-23 07:09:17.025738,6253,4807,0,0
2026-08-23 07:09:17.025758,6346,5140,2918,0
2026-08-23 07:09:17.025778,6460,5171,2867,0
2026-08-23 07:09:17.025798,6474,5296,3325,0
2026-08-23 07:09:17.025818,6373,5212,2544,0
2026-08-23 07:09:17.025838,6428,5246,2544,0
2026-08-23 07:09:17.025858,6439,5292,2761,0
2026-08-23 07:09:17.025878,6375,5256,2304,0
2026-08-23 07:09:17.025898,6432,5355,2942,0
2026-08-23 07:09:17.025918,6464,5382,2907,0
2026-08-23 07:09:17.025938,6491,5364,3472,0
2026-08-23 07:09:17.025958,6387,5283,2655,0
2026-08-23 07:09:17.044183,6386,4674,2612,0
2026-08-23 07:09:17.044203,6435,4846,2539,0
2026-08-23 07:09:17.044223,6445,5018,2834,0
2026-08-23 07:09:17.044243,6486,5057,2712,0
2026-08-23 07:09:17.044263,6456,5166,2920,0
2026-08-23 07:09:17.044283,6464,5248,2906,0
2026-08-23 07:09:17.044303,6488,5301,4171,0
2026-08-23 07:09:17.044323,6391,5240,2765,0
2026-08-23 07:09:17.044343,6445,5299,2572,0
2026-08-23 07:09:17.044363,6444,5304,2869,0
2026-08-23 07:09:17.044383,6366,5201,2012,0
2026-08-23 07:09:17.044403,6411,5327,2857,0
2026-08-23 07:09:17.061471,6374,4772,2928,0
2026-08-23 07:09:17.061491,6462,4951,2875,0
2026-08-23 07:09:17.061511,6469,5055,3008,0
2026-08-23 07:09:17.061531,6301,4940,727,0
2026-08-23 07:09:17.061551,6355,5165,2463,0
2026-08-23 07:09:17.061571,6453,5207,2594,0
2026-08-23 07:09:17.061590,6445,5294,3008,0
2026-08-23 07:09:17.061610,6369,5280,2689,0
2026-08-23 07:09:17.061630,6444,5307,2850,0
2026-08-23 07:09:17.061651,6473,5354,3049,0
2026-08-23 07:09:17.061671,6354,5214,1970,0
2026-08-23 07:09:17.078613,6388,4844,2956,0
2026-08-23 07:09:17.078633,6270,4738,27,0
2026-08-23 07:09:17.078653,6338,5045,2675,0
2026-08-23 07:09:17.078673,6439,5093,2581,0
2026-08-23 07:09:17.078693,6454,5212,2975,0
2026-08-23 07:09:17.078713,6372,5232,2580,0
2026-08-23 07:09:17.078733,6440,5290,2862,0
2026-08-23 07:09:17.078753,6473,5322,3020,0
2026-08-23 07:09:17.078773,6263,5066,0,0
2026-08-23 07:09:17.078793,6346,5282,2615,0
2026-08-23 07:09:17.078813,6438,5313,2666,0
2026-08-23 07:09:17.096614,6384,4818,2665,0
2026-08-23 07:09:17.096634,6437,4976,2581,0
2026-08-23 07:09:17.096654,6434,5055,2716,0
2026-08-23 07:09:17.096674,6257,4882,0,0
2026-08-23 07:09:17.096694,6347,5209,2922,0
2026-08-23 07:09:17.096714,6464,5234,2874,0
2026-08-23 07:09:17.096735,6481,5308,3367,0
2026-08-23 07:09:17.096754,6375,5266,2574,0
2026-08-23 07:09:17.096774,6434,5294,2577,0
2026-08-23 07:09:17.096794,6441,5297,2791,0
2026-08-23 07:09:17.096814,6384,5321,2780,0
2026-08-23 07:09:17.096834,6456,5303,2861,0
2026-08-23 07:09:17.116130,6383,4862,3138,0
2026-08-23 07:09:17.116150,6383,4978,2898,0
2026-08-23 07:09:17.116170,6456,5095,2857,0
2026-08-23 07:09:17.116190,6468,5166,3193,0
2026-08-23 07:09:17.116210,6331,5151,2137,0
2026-08-23 07:09:17.116230,6522,5229,2580,0
2026-08-23 07:09:17.116250,6437,5268,2882,0
2026-08-23 07:09:17.116270,6313,5140,929,0
2026-08-23 07:09:17.116290,6383,5338,3003,0
2026-08-23 07:09:17.116310,6468,5323,2861,0
2026-08-23 07:09:17.116330,6485,5394,3323,0
2026-08-23 07:09:17.116350,6390,5283,2706,0
2026-08-23 07:09:17.136110,6407,4800,3522,0
2026-08-23 07:09:17.136130,6373,4873,2646,0
2026-08-23 07:09:17.136150,6417,5010,2574,0
2026-08-23 07:09:17.136170,6449,5096,2943,0
2026-08-23 07:09:17.136190,6389,5201,2971,0
2026-08-23 07:09:17.136210,6463,5241,2877,0
2026-08-23 07:09:17.136230,6470,5250,2997,0
2026-08-23 07:09:17.136250,6283,5082,233,0
2026-08-23 07:09:17.136270,6348,5265,2692,0
2026-08-23 07:09:17.136290,6430,5286,2603,0
2026-08-23 07:09:17.136310,6446,5356,2978,0
2026-08-23 07:09:17.136330,6387,5295,2740,0
2026-08-23 07:09:17.136350,6451,5279,2828,0
2026-08-23 07:09:17.157509,6394,4825,3022,0
2026-08-23 07:09:17.157529,6466,4942,2883,0
2026-08-23 07:09:17.157549,6477,5052,3201,0
2026-08-23 07:09:17.157569,6370,5078,2409,0
2026-08-23 07:09:17.157589,6427,5188,2612,0
2026-08-23 07:09:17.157609,6446,5240,2661,0
2026-08-23 07:09:17.157629,6464,5314,3220,0
2026-08-23 07:09:17.157649,6384,5284,2913,0
2026-08-23 07:09:17.157669,6455,5289,2853,0
2026-08-23 07:09:17.157689,6475,5336,3239,0
2026-08-23 07:09:17.157709,6364,5287,2275,0
2026-08-23 07:09:17.157729,6415,5284,2544,0
2026-08-23 07:09:17.157749,6446,5265,3042,0
2026-08-23 07:09:17.178576,6394,4670,2946,0
2026-08-23 07:09:17.178596,6369,4789,2655,0
2026-08-23 07:09:17.178616,6440,4943,2855,0
2026-08-23 07:09:17.178636,6464,5041,3038,0
2026-08-23 07:09:17.178656,6299,4966,697,0
2026-08-23 07:09:17.178676,6352,5192,2614,0
2026-08-23 07:09:17.178696,6434,5209,2597,0
2026-08-23 07:09:17.178716,6390,5312,1251,0
2026-08-23 07:09:17.178736,6366,5253,3048,0
2026-08-23 07:09:17.178756,6467,5283,2861,0
2026-08-23 07:09:17.178776,6474,5312,3138,0
2026-08-23 07:09:17.178796,6366,5251,2428,0
2026-08-23 07:09:17.178816,6425,5312,2494,0
2026-08-23 07:09:17.199482,6378,4670,2537,0
2026-08-23 07:09:17.199502,6445,4864,2754,0
2026-08-23 07:09:17.199522,6365,4894,2338,0
2026-08-23 07:09:17.199542,6424,5092,2948,0
2026-08-23 07:09:17.199562,6463,5138,2899,0
2026-08-23 07:09:17.199582,6484,5231,3421,0
2026-08-23 07:09:17.199602,6382,5253,2730,0
2026-08-23 07:09:17.199622,6444,5242,2576,0
2026-08-23 07:09:17.199642,6447,5284,2804,0
2026-08-23 07:09:17.199662,6331,5213,1316,0
2026-08-23 07:09:17.199682,6366,5312,2885,0
2026-08-23 07:09:17.199702,6462,5313,2943,0
2026-08-23 07:09:17.199722,6277,5073,49,0
2026-08-23 07:09:17.220363,6216,4346,0,0
2026-08-23 07:09:17.220383,6352,4802,2694,0
2026-08-23 07:09:17.220403,6442,4917,2586,0
2026-08-23 07:09:17.220423,6446,5034,2923,0
2026-08-23 07:09:17.220443,6362,5099,2461,0
2026-08-23 07:09:17.220463,6428,5167,2861,0
2026-08-23 07:09:17.220483,6458,5229,3015,0
2026-08-23 07:09:17.220503,6244,4996,0,0
2026-08-23 07:09:17.220523,6348,5252,2618,0
2026-08-23 07:09:17.220543,6433,5278,2592,0
2026-08-23 07:09:17.220563,6454,5358,3034,0
2026-08-23 07:09:17.220583,6392,5298,3016,0
2026-08-23 07:09:17.220603,6474,5312,2888,0
2026-08-23 07:09:17.241407,6394,4717,2861,0
2026-08-23 07:09:17.241427,6459,4862,3106,0
2026-08-23 07:09:17.241447,6314,4848,1187,0
2026-08-23 07:09:17.241467,6356,5056,2581,0
2026-08-23 07:09:17.241487,6437,5155,2641,0
2026-08-23 07:09:17.241507,6236,4921,0,0
2026-08-23 07:09:17.241527,6359,5272,3025,0
2026-08-23 07:09:17.241547,6455,5281,2864,0
2026-08-23 07:09:17.241567,6467,5341,3179,0
2026-08-23 07:09:17.241587,6363,5268,2341,0
2026-08-23 07:09:17.241607,6419,5303,2620,0
2026-08-23 07:09:17.241627,6431,5345,2701,0
2026-08-23 07:09:17.241647,6316,5172,875,0
2026-08-23 07:09:17.262348,6336,4617,1460,0
2026-08-23 07:09:17.262368,6384,4863,2960,0
2026-08-23 07:09:17.262388,6464,5015,2890,0
2026-08-23 07:09:17.262408,6470,5104,3357,0
2026-08-23 07:09:17.262428,6370,5143,2673,0
2026-08-23 07:09:17.262448,6436,5173,2541,0
2026-08-23 07:09:17.262468,6433,5230,2766,0
2026-08-23 07:09:17.262488,6279,5092,212,0
2026-08-23 07:09:17.262508,6360,5314,2922,0
2026-08-23 07:09:17.262528,6455,5331,2895,0
2026-08-23 07:09:17.262548,6485,5336,3412,0
2026-08-23 07:09:17.262568,6392,5299,2641,0
2026-08-23 07:09:17.262588,6438,5273,2574,0
2026-08-23 07:09:17.283511,6377,4704,2571,0
2026-08-23 07:09:17.283531,6447,4893,2851,0
2026-08-23 07:09:17.283551,6341,4885,1739,0
2026-08-23 07:09:17.283571,6390,5127,2890,0
2026-08-23 07:09:17.283592,6414,5164,2945,0
2026-08-23 07:09:17.283612,6483,5288,3540,0
2026-08-23 07:09:17.283632,6372,5244,2638,0
2026-08-23 07:09:17.283652,6436,5269,2544,0
2026-08-23 07:09:17.283671,6452,5308,2930,0
2026-08-23 07:09:17.283691,6381,5326,2927,0
2026-08-23 07:09:17.283711,6459,5330,2894,0
2026-08-23 07:09:17.283731,6463,5352,3021,0
2026-08-23 07:09:17.283751,6365,5260,2299,0
2026-08-23 07:09:17.304328,6324,4518,1166,0
2026-08-23 07:09:17.304348,6352,4847,2611,0
2026-08-23 07:09:17.304368,6432,4983,2626,0
2026-08-23 07:09:17.304389,6250,4804,0,0
2026-08-23 07:09:17.304409,6356,5130,3038,0
2026-08-23 07:09:17.304429,6464,5196,2858,0
2026-08-23 07:09:17.304449,6468,5268,3154,0
2026-08-23 07:09:17.304469,6364,5194,2297,0
2026-08-23 07:09:17.304488,6420,5248,2610,0
2026-08-23 07:09:17.304508,6436,5280,2646,0
2026-08-23 07:09:17.304528,6453,5329,3179,0
2026-08-23 07:09:17.304549,6359,5297,2897,0
2026-08-23 07:09:17.304569,6463,5310,2888,0
2026-08-23 07:09:17.325253,6374,4683,2874,0
2026-08-23 07:09:17.325273,6467,4843,3250,0
2026-08-23 07:09:17.325293,6369,4975,2610,0
2026-08-23 07:09:17.325313,6429,5054,2606,0
2026-08-23 07:09:17.325333,6448,5177,2699,0
2026-08-23 07:09:17.325353,6337,4980,0,0
2026-08-23 07:09:17.325373,6359,5246,2915,0
2026-08-23 07:09:17.325393,6451,5275,2877,0
2026-08-23 07:09:17.325413,6477,5308,3295,0
2026-08-23 07:09:17.325433,6369,5272,2486,0
2026-08-23 07:09:17.325453,6425,5285,2533,0
2026-08-23 07:09:17.325473,6446,5308,2805,0
2026-08-23 07:09:17.325493,6381,5320,2804,0
2026-08-23 07:09:17.346038,6282,4462,62,0
2026-08-23 07:09:17.346058,6356,4863,2903,0
2026-08-23 07:09:17.346078,6458,4982,2929,0
2026-08-23 07:09:17.346098,6478,5162,3464,0
2026-08-23 07:09:17.346118,6374,5156,2646,0
2026-08-23 07:09:17.346138,6440,5174,2545,0
2026-08-23 07:09:17.346159,6442,5278,2872,0
2026-08-23 07:09:17.346179,6385,5254,2805,0
2026-08-23 07:09:17.346198,6459,5305,2920,0
2026-08-23 07:09:17.346218,6466,5337,2954,0
2026-08-23 07:09:17.346238,6324,4973,0,0
2026-08-23 07:09:17.346258,6363,5246,2697,0
2026-08-23 07:09:17.346278,6439,5262,2968,0
2026-08-23 07:09:17.366966,6362,4654,2535,0
2026-08-23 07:09:17.366986,6434,4848,2877,0
2026-08-23 07:09:17.367006,6375,4962,2929,0
2026-08-23 07:09:17.367026,6471,5074,2916,0
2026-08-23 07:09:17.367046,6484,5163,2955,0
2026-08-23 07:09:17.367066,6231,4917,0,0
2026-08-23 07:09:17.367086,6362,5178,2707,0
2026-08-23 07:09:17.367106,6445,5250,2577,0
2026-08-23 07:09:17.367126,6446,5305,2850,0
2026-08-23 07:09:17.367146,6359,5227,2305,0
2026-08-23 07:09:17.367166,6420,5323,2863,0
2026-08-23 07:09:17.367186,6455,5312,3018,0
2026-08-23 07:09:17.367206,6350,5218,1945,0
2026-08-23 07:09:17.387906,6332,4549,1508,0
2026-08-23 07:09:17.387926,6373,4827,2637,0
2026-08-23 07:09:17.387946,6439,4956,2624,0
2026-08-23 07:09:17.387966,6443,5138,3123,0
2026-08-23 07:09:17.387986,6386,5106,2858,0
2026-08-23 07:09:17.388006,6447,5210,2849,0
2026-08-23 07:09:17.388026,6471,5288,3160,0
2026-08-23 07:09:17.388047,6336,5197,1749,0
2026-08-23 07:09:17.388066,6385,5283,2577,0
2026-08-23 07:09:17.388086,6441,5279,2666,0
2026-08-23 07:09:17.388106,6288,5106,34,0
2026-08-23 07:09:17.388126,6356,5320,2990,0
2026-08-23 07:09:17.388146,6458,5338,2891,0
2026-08-23 07:09:17.409064,6374,4707,2850,0
2026-08-23 07:09:17.409084,6462,4882,3270,0
2026-08-23 07:09:17.409104,6354,4933,2374,0
2026-08-23 07:09:17.409124,6420,5078,2800,0
2026-08-23 07:09:17.409144,6437,5146,2722,0
2026-08-23 07:09:17.409164,6340,5133,1741,0
2026-08-23 07:09:17.409184,6394,5273,2978,0
2026-08-23 07:09:17.409204,6468,5306,2861,0
2026-08-23 07:09:17.409224,6474,5350,3330,0
2026-08-23 07:09:17.409244,6376,5263,2695,0
2026-08-23 07:09:17.409264,6430,5326,2593,0
2026-08-23 07:09:17.409284,6443,5292,2791,0
2026-08-23 07:09:17.409304,6347,5222,1915,0
2026-08-23 07:09:17.429807,6379,4662,2848,0
2026-08-23 07:09:17.429827,6447,4822,2881,0
2026-08-23 07:09:17.429847,6462,4975,2990,0
2026-08-23 07:09:17.429867,6256,4854,0,0
2026-08-23 07:09:17.429887,6341,5138,2664,0
2026-08-23 07:09:17.429907,6435,5198,2583,0
2026-08-23 07:09:17.429927,6447,5273,2955,0
2026-08-23 07:09:17.429947,6364,5234,2512,0
2026-08-23 07:09:17.429967,6430,5324,2865,0
2026-08-23 07:09:17.429987,6466,5315,3016,0
2026-08-23 07:09:17.430007,6249,5080,0,0
2026-08-23 07:09:17.430027,6354,5302,2610,0
2026-08-23 07:09:17.430047,6429,5297,2651,0
2026-08-23 07:09:17.450734,6380,4690,2599,0
2026-08-23 07:09:17.450754,6433,4836,2981,0
2026-08-23 07:09:17.450774,6383,4996,2586,0
2026-08-23 07:09:17.450794,6418,5079,2864,0
2026-08-23 07:09:17.450814,6450,5200,3020,0
2026-08-23 07:09:17.450834,6262,4995,50,0
2026-08-23 07:09:17.450854,6349,5215,2630,0
2026-08-23 07:09:17.450874,6426,5292,2604,0
2026-08-23 07:09:17.450894,6451,5337,3015,0
2026-08-23 07:09:17.450914,6389,5304,3032,0
2026-08-23 07:09:17.450934,6459,5289,2865,0
2026-08-23 07:09:17.450954,6461,5334,3161,0
2026-08-23 07:09:17.450974,6377,5283,2655,0
2026-08-23 07:09:17.471843,6319,4621,1454,0
2026-08-23 07:09:17.471864,6355,4829,2583,0
2026-08-23 07:09:17.471884,6419,4967,2643,0
2026-08-23 07:09:17.471904,6283,4912,262,0
2026-08-23 07:09:17.471924,6354,5174,3005,0
2026-08-23 07:09:17.471944,6461,5233,2879,0
2026-08-23 07:09:17.471964,6467,5267,3228,0
2026-08-23 07:09:17.471984,6370,5272,2548,0
2026-08-23 07:09:17.472003,6423,5264,2586,0
2026-08-23 07:09:17.472023,6441,5317,2689,0
2026-08-23 07:09:17.472044,6467,5344,3243,0
2026-08-23 07:09:17.472064,6380,5325,2928,0
2026-08-23 07:09:17.472084,6478,5281,2933,0
2026-08-23 07:09:17.492602,6379,4671,2941,0
2026-08-23 07:09:17.492622,6364,4691,0,0
2026-08-23 07:09:17.492642,6346,4956,2700,0
2026-08-23 07:09:17.492662,6432,5055,2580,0
2026-08-23 07:09:17.492682,6429,5172,2900,0
2026-08-23 07:09:17.492702,6341,5090,2231,0
2026-08-23 07:09:17.492723,6415,5222,2875,0
2026-08-23 07:09:17.492743,6455,5302,2968,0
2026-08-23 07:09:17.492762,6360,5149,0,0
2026-08-23 07:09:17.492782,6344,5252,2624,0
2026-08-23 07:09:17.492802,6422,5302,2520,0
2026-08-23 07:09:17.492822,6435,5307,3045,0
2026-08-23 07:09:17.492842,6372,5323,3010,0
2026-08-23 07:09:17.513685,6354,4658,2134,0
2026-08-23 07:09:17.513705,6392,4855,2865,0
2026-08-23 07:09:17.513725,6461,5004,2986,0
2026-08-23 07:09:17.513745,6231,4753,0,0
2026-08-23 07:09:17.513765,6338,5087,2636,0
2026-08-23 07:09:17.513785,6428,5162,2529,0
2026-08-23 07:09:17.513805,6445,5226,3016,0
2026-08-23 07:09:17.513825,6372,5272,3013,0
2026-08-23 07:09:17.513844,6458,5293,2886,0
2026-08-23 07:09:17.513865,6456,5324,3020,0
2026-08-23 07:09:17.513885,6315,5160,1234,0
2026-08-23 07:09:17.513905,6354,5273,2642,0
2026-08-23 07:09:17.513925,6441,5270,2698,0
2026-08-23 07:09:17.534594,6373,4651,2619,0
2026-08-23 07:09:17.534614,6250,4653,0,0
2026-08-23 07:09:17.534634,6346,4973,3001,0
2026-08-23 07:09:17.534654,6468,5073,2863,0
2026-08-23 07:09:17.534674,6463,5209,3195,0
2026-08-23 07:09:17.534694,6354,5173,2438,0
2026-08-23 07:09:17.534714,6417,5222,2656,0
2026-08-23 07:09:17.534734,6437,5250,2668,0
2026-08-23 07:09:17.534754,6459,5295,3260,0
2026-08-23 07:09:17.534774,6337,5280,2900,0
2026-08-23 07:09:17.534794,6457,5306,2861,0
2026-08-23 07:09:17.534814,6464,5329,3186,0
2026-08-23 07:09:17.534834,6368,5241,2621,0
2026-08-23 07:09:17.555464,6374,4645,2613,0
2026-08-23 07:09:17.555484,6425,4858,2591,0
2026-08-23 07:09:17.555504,6444,5002,2728,0
2026-08-23 07:09:17.555524,6215,4829,0,0
2026-08-23 07:09:17.555544,6366,5174,2914,0
2026-08-23 07:09:17.555564,6451,5216,2876,0
2026-08-23 07:09:17.555584,6464,5282,3363,0
2026-08-23 07:09:17.555604,6369,5246,2527,0
2026-08-23 07:09:17.555624,6434,5272,2536,0
2026-08-23 07:09:17.555644,6434,5315,2792,0
2026-08-23 07:09:17.555664,6363,5251,2397,0
2026-08-23 07:09:17.555684,6415,5298,2935,0
2026-08-23 07:09:17.555704,6470,5313,2975,0
2026-08-23 07:09:17.576589,6376,4715,2898,0
2026-08-23 07:09:17.576609,6461,4890,3486,0
2026-08-23 07:09:17.576629,6365,4944,2653,0
2026-08-23 07:09:17.576649,6426,5065,2539,0
2026-08-23 07:09:17.576669,6434,5176,2887,0
2026-08-23 07:09:17.576689,6371,5181,2856,0
2026-08-23 07:09:17.576709,6446,5255,2906,0
2026-08-23 07:09:17.576729,6470,5282,2959,0
2026-08-23 07:09:17.576749,6235,4979,0,0
2026-08-23 07:09:17.576769,6341,5290,2712,0
2026-08-23 07:09:17.576789,6424,5297,2592,0
2026-08-23 07:09:17.576809,6432,5335,2963,0
2026-08-23 07:09:17.576829,6379,5263,2858,0
2026-08-23 07:09:17.597730,6304,4666,3017,0
2026-08-23 07:09:17.597750,6453,4884,2849,0
2026-08-23 07:09:17.597770,6452,4982,3109,0
2026-08-23 07:09:17.597790,6345,4983,2004,0
2026-08-23 07:09:17.597810,6392,5166,2644,0
2026-08-23 07:09:17.597830,6441,5187,2631,0
2026-08-23 07:09:17.597850,4904,4913,3137,0
2026-08-23 07:09:17.597870,529,3808,2856,0
2026-08-23 07:09:17.597890,626,3258,2864,0
2026-08-23 07:09:17.597910,634,2933,3168,0
2026-08-23 07:09:17.597930,478,2538,1913,0
2026-08-23 07:09:17.597950,547,2416,2525,0
2026-08-23 07:09:17.597970,590,2307,2794,0
2026-08-23 07:09:17.618155,500,2001,2710,0
2026-08-23 07:09:17.618176,455,1882,1231,0
2026-08-23 07:09:17.618196,535,2036,2884,0
2026-08-23 07:09:17.618216,642,2016,2922,0
2026-08-23 07:09:17.618236,657,2034,3517,0
2026-08-23 07:09:17.618256,501,1974,2636,0
2026-08-23 07:09:17.618276,603,1967,2571,0
2026-08-23 07:09:17.618296,609,2032,2923,0
2026-08-23 07:09:17.618315,539,2026,2945,0
2026-08-23 07:09:17.618335,637,1995,2892,0
2026-08-23 07:09:17.618356,635,2016,2981,0
2026-08-23 07:09:17.618376,446,1858,1083,0
2026-08-23 07:09:17.618396,492,1996,2586,0
2026-08-23 07:09:17.638766,463,1889,2377,0
2026-08-23 07:09:17.638786,572,1904,2541,0
2026-08-23 07:09:17.638806,606,1983,2849,0
2026-08-23 07:09:17.638826,528,1942,2740,0
2026-08-23 07:09:17.638846,633,1970,2890,0
2026-08-23 07:09:17.638866,638,1991,2935,0
2026-08-23 07:09:17.638886,716,2013,1338,0
2026-08-23 07:09:17.638906,475,1969,2689,0
2026-08-23 07:09:17.638926,613,1970,2543,0
2026-08-23 07:09:17.638946,613,2003,2903,0
2026-08-23 07:09:17.638966,485,1946,2107,0
2026-08-23 07:09:17.638986,566,2013,2866,0
2026-08-23 07:09:17.639006,617,2021,3282,0
2026-08-23 07:09:17.660032,503,1943,2879,0
2026-08-23 07:09:17.660052,637,2013,3384,0
2026-08-23 07:09:17.660072,525,1950,2724,0
2026-08-23 07:09:17.660092,615,1972,2581,0
2026-08-23 07:09:17.660112,614,1973,2794,0
2026-08-23 07:09:17.660132,446,1825,1053,0
2026-08-23 07:09:17.660152,525,1962,2894,0
2026-08-23 07:09:17.660172,639,1991,2900,0
2026-08-23 07:09:17.660192,660,2029,3462,0
2026-08-23 07:09:17.660212,504,1990,2633,0
2026-08-23 07:09:17.660232,603,1966,2573,0
2026-08-23 07:09:17.660252,608,1991,2927,0
2026-08-23 07:09:17.660272,549,2021,3020,0
2026-08-23 07:09:17.680826,473,1865,2704,0
2026-08-23 07:09:17.680846,607,1926,2850,0
2026-08-23 07:09:17.680866,638,1991,3110,0
2026-08-23 07:09:17.680886,467,1895,1478,0
2026-08-23 07:09:17.680906,534,1977,2595,0
2026-08-23 07:09:17.680926,605,1975,2638,0
2026-08-23 07:09:17.680946,375,1743,0,0
2026-08-23 07:09:17.680966,488,2023,3023,0
2026-08-23 07:09:17.680986,683,2023,2865,0
2026-08-23 07:09:17.681006,648,1999,3177,0
2026-08-23 07:09:17.681026,501,1961,2412,0
2026-08-23 07:09:17.681046,590,1961,2601,0
2026-08-23 07:09:17.681066,598,1977,2784,0
2026-08-23 07:09:17.701490,485,1915,2714,0
2026-08-23 07:09:17.701510,492,1896,2026,0
2026-08-23 07:09:17.701530,570,1947,3042,0
2026-08-23 07:09:17.701550,627,2011,2884,0
2026-08-23 07:09:17.701570,647,2064,3353,0
2026-08-23 07:09:17.701590,529,1961,2715,0
2026-08-23 07:09:17.701610,613,1995,2585,0
2026-08-23 07:09:17.701630,612,1969,2744,0
2026-08-23 07:09:17.701650,428,1801,320,0
2026-08-23 07:09:17.701670,490,2030,2904,0
2026-08-23 07:09:17.701690,632,2038,2907,0
2026-08-23 07:09:17.701710,652,2085,3510,0
2026-08-23 07:09:17.701730,498,1981,2610,0
2026-08-23 07:09:17.722737,448,1865,1995,0
2026-08-23 07:09:17.722757,553,1915,2603,0
2026-08-23 07:09:17.722777,609,1944,2698,0
2026-08-23 07:09:17.722797,630,1950,860,0
2026-08-23 07:09:17.722817,488,1978,2918,0
2026-08-23 07:09:17.722837,635,1983,2850,0
2026-08-23 07:09:17.722857,640,2061,3299,0
2026-08-23 07:09:17.722877,492,1960,2444,0
2026-08-23 07:09:17.722897,591,1958,2538,0
2026-08-23 07:09:17.722917,631,1984,2733,0
2026-08-23 07:09:17.722937,491,1968,2068,0
2026-08-23 07:09:17.722957,570,1979,2927,0
2026-08-23 07:09:17.722977,629,2037,2959,0
2026-08-23 07:09:17.743624,489,1910,2908,0
2026-08-23 07:09:17.743644,656,2016,3556,0
2026-08-23 07:09:17.743665,501,1958,2653,0
2026-08-23 07:09:17.743685,605,1991,2546,0
2026-08-23 07:09:17.743705,605,1976,2929,0
2026-08-23 07:09:17.743725,531,1971,2955,0
2026-08-23 07:09:17.743745,636,1984,2902,0
2026-08-23 07:09:17.743765,638,1982,2980,0
2026-08-23 07:09:17.743784,400,1775,0,0
2026-08-23 07:09:17.743804,480,2008,2693,0
2026-08-23 07:09:17.743824,616,2009,2599,0
2026-08-23 07:09:17.743845,613,2008,2996,0
2026-08-23 07:09:17.743865,524,1979,2867,0
2026-08-23 07:09:17.764759,487,1902,3006,0
2026-08-23 07:09:17.764779,641,1960,2865,0
2026-08-23 07:09:17.764799,646,1997,3082,0
2026-08-23 07:09:17.764819,476,1905,1774,0
2026-08-23 07:09:17.764839,533,1980,2649,0
2026-08-23 07:09:17.764859,602,2014,2619,0
2026-08-23 07:09:17.764879,622,2036,3093,0
2026-08-23 07:09:17.764899,524,1997,2820,0
2026-08-23 07:09:17.764919,626,1998,2857,0
2026-08-23 07:09:17.764939,640,2003,3120,0
2026-08-23 07:09:17.764959,475,1912,1628,0
2026-08-23 07:09:17.764979,539,1960,2591,0
2026-08-23 07:09:17.764999,600,2002,2737,0
2026-08-23 07:09:17.785727,487,1910,2685,0
2026-08-23 07:09:17.785747,364,1663,0,0
2026-08-23 07:09:17.785767,491,1944,2929,0
2026-08-23 07:09:17.785787,632,1945,2885,0
2026-08-23 07:09:17.785807,642,2026,3363,0
2026-08-23 07:09:17.785827,489,1958,2576,0
2026-08-23 07:09:17.785847,599,1952,2804,0
2026-08-23 07:09:17.785867,606,2013,2799,0
2026-08-23 07:09:17.785887,499,1961,2463,0
2026-08-23 07:09:17.785907,602,1995,2918,0
2026-08-23 07:09:17.785927,649,2001,2916,0
2026-08-23 07:09:17.785947,654,2082,3604,0
2026-08-23 07:09:17.785967,531,1992,2691,0
2026-08-23 07:09:17.806725,468,1886,2639,0
2026-08-23 07:09:17.806745,590,1900,2543,0
2026-08-23 07:09:17.806765,609,1946,2893,0
2026-08-23 07:09:17.806785,544,1928,2856,0
2026-08-23 07:09:17.806805,633,2001,2900,0
2026-08-23 07:09:17.806825,643,1979,2957,0
2026-08-23 07:09:17.806845,361,1684,0,0
2026-08-23 07:09:17.806865,478,1970,2703,0
2026-08-23 07:09:17.806885,614,1947,2585,0
2026-08-23 07:09:17.806905,615,2017,2898,0
2026-08-23 07:09:17.806925,490,1947,2231,0
2026-08-23 07:09:17.806945,586,2006,2873,0
2026-08-23 07:09:17.806965,633,2029,3152,0
2026-08-23 07:09:17.827775,498,1886,2968,0
2026-08-23 07:09:17.827796,472,1855,1711,0
2026-08-23 07:09:17.827816,549,1947,2649,0
2026-08-23 07:09:17.827836,605,1969,2611,0
2026-08-23 07:09:17.827856,620,2015,3088,0
2026-08-23 07:09:17.827876,502,1975,2801,0
2026-08-23 07:09:17.827896,626,1978,2850,0
2026-08-23 07:09:17.827916,639,1994,3105,0
2026-08-23 07:09:17.827935,460,1875,1553,0
2026-08-23 07:09:17.827955,534,1990,2602,0
2026-08-23 07:09:17.827976,609,1973,2641,0
2026-08-23 07:09:17.827996,429,1829,264,0
2026-08-23 07:09:17.828016,496,2021,2955,0
2026-08-23 07:09:17.848894,494,1878,2913,0
2026-08-23 07:09:17.848914,630,1948,2877,0
2026-08-23 07:09:17.848934,642,1972,3565,0
2026-08-23 07:09:17.848954,499,1939,2590,0
2026-08-23 07:09:17.848974,598,1981,2548,0
2026-08-23 07:09:17.848994,470,2010,2788,0
2026-08-23 07:09:17.849015,487,1982,2434,0
2026-08-23 07:09:17.849035,591,1991,2940,0
2026-08-23 07:09:17.849054,636,2022,2913,0
2026-08-23 07:09:17.849074,656,2068,3429,0
2026-08-23 07:09:17.849094,529,1990,2730,0
2026-08-23 07:09:17.849114,600,1945,2591,0
2026-08-23 07:09:17.849134,598,1970,2919,0
2026-08-23 07:09:17.870139,498,1887,2937,0
2026-08-23 07:09:17.870159,536,1910,2988,0
2026-08-23 07:09:17.870179,638,1964,2879,0
2026-08-23 07:09:17.870199,639,1990,3022,0
2026-08-23 07:09:17.870219,443,1846,928,0
2026-08-23 07:09:17.870239,490,1981,2663,0
2026-08-23 07:09:17.870259,615,1997,2592,0
2026-08-23 07:09:17.870279,644,1994,3003,0
2026-08-23 07:09:17.870299,497,1994,2680,0
2026-08-23 07:09:17.870319,613,2021,2489,0
2026-08-23 07:09:17.870339,631,2025,3033,0
2026-08-23 07:09:17.870359,455,1892,1397,0
2026-08-23 07:09:17.870379,496,1962,2573,0
2026-08-23 07:09:17.891217,484,1898,2615,0
2026-08-23 07:09:17.891237,598,1934,2689,0
2026-08-23 07:09:17.891257,618,2001,3243,0
2026-08-23 07:09:17.891277,528,1944,2923,0
2026-08-23 07:09:17.891297,637,2001,2873,0
2026-08-23 07:09:17.891317,624,1993,3259,0
2026-08-23 07:09:17.891337,495,1915,2417,0
2026-08-23 07:09:17.891357,584,1956,2572,0
2026-08-23 07:09:17.891377,611,2009,2737,0
2026-08-23 07:09:17.891397,485,1923,1842,0
2026-08-23 07:09:17.891417,572,1986,2975,0
2026-08-23 07:09:17.891437,640,2025,2893,0
2026-08-23 07:09:17.891457,634,2023,3970,0
2026-08-23 07:09:17.912089,530,1928,3457,0
2026-08-23 07:09:17.912109,493,1886,2645,0
2026-08-23 07:09:17.912129,600,1891,2578,0
2026-08-23 07:09:17.912149,609,1994,2923,0
2026-08-23 07:09:17.912169,537,1958,2943,0
2026-08-23 07:09:17.912189,631,2004,2887,0
2026-08-23 07:09:17.912209,636,2023,2988,0
2026-08-23 07:09:17.912229,413,1760,0,0
2026-08-23 07:09:17.912249,476,1992,2677,0
2026-08-23 07:09:17.912269,607,1974,2583,0
2026-08-23 07:09:17.912289,616,2023,2953,0
2026-08-23 07:09:17.912309,496,1993,2700,0
2026-08-23 07:09:17.912329,603,1980,2852,0
2026-08-23 07:09:17.933306,487,1904,2876,0
2026-08-23 07:09:17.933326,633,1970,3087,0
2026-08-23 07:09:17.933346,482,1860,1980,0
2026-08-23 07:09:17.933366,564,1958,2631,0
2026-08-23 07:09:17.933386,609,1961,2619,0
2026-08-23 07:09:17.933406,627,2031,3117,0
2026-08-23 07:09:17.933426,525,1968,2869,0
2026-08-23 07:09:17.933446,624,1978,2863,0
2026-08-23 07:09:17.933466,643,2006,3145,0
2026-08-23 07:09:17.933486,463,1907,1940,0
2026-08-23 07:09:17.933506,547,1968,2581,0
2026-08-23 07:09:17.933526,591,2008,2708,0
2026-08-23 07:09:17.933546,488,1932,2241,0
2026-08-23 07:09:17.954178,358,1695,0,0
2026-08-23 07:09:17.954198,485,1923,2912,0
2026-08-23 07:09:17.954218,640,1951,2881,0
2026-08-23 07:09:17.954238,640,2027,3414,0
2026-08-23 07:09:17.954258,498,1927,2624,0
2026-08-23 07:09:17.954278,605,1982,2525,0
2026-08-23 07:09:17.954298,618,2006,2825,0
2026-08-23 07:09:17.954318,502,1962,2720,0
2026-08-23 07:09:17.954338,619,2015,2907,0
2026-08-23 07:09:17.954358,630,1988,2929,0
2026-08-23 07:09:17.954378,651,2064,3681,0
2026-08-23 07:09:17.954398,530,1946,2707,0
2026-08-23 07:09:17.954418,596,1959,2595,0
2026-08-23 07:09:17.975265,483,1895,2672,0
2026-08-23 07:09:17.975285,621,1932,2961,0
2026-08-23 07:09:17.975305,530,1978,2974,0
2026-08-23 07:09:17.975325,639,1984,2881,0
2026-08-23 07:09:17.975345,636,1972,2996,0
2026-08-23 07:09:17.975365,424,1828,436,0
2026-08-23 07:09:17.975385,487,1990,2684,0
2026-08-23 07:09:17.975405,595,1997,2593,0
2026-08-23 07:09:17.975425,620,1976,2980,0
2026-08-23 07:09:17.975445,501,1954,2623,0
2026-08-23 07:09:17.975465,617,1975,2861,0
2026-08-23 07:09:17.975485,627,2029,3083,0
2026-08-23 07:09:17.975505,471,1901,2169,0
2026-08-23 07:09:17.996404,481,1865,2291,0
2026-08-23 07:09:17.996424,579,1888,2593,0
2026-08-23 07:09:17.996444,608,1943,2688,0
2026-08-23 07:09:17.996464,630,2018,3228,0
2026-08-23 07:09:17.996484,524,1982,2910,0
2026-08-23 07:09:17.996504,638,1966,2868,0
2026-08-23 07:09:17.996524,644,2001,3267,0
2026-08-23 07:09:17.996544,492,1934,2343,0
2026-08-23 07:09:17.996564,585,1974,2573,0
2026-08-23 07:09:17.996584,606,2015,2738,0
2026-08-23 07:09:17.996604,476,1951,1933,0
2026-08-23 07:09:17.996624,579,2025,2956,0
2026-08-23 07:09:17.996644,628,2028,2941,0
2026-08-23 07:09:18.017555,497,1892,2915,0
2026-08-23 07:09:18.017575,643,1969,3543,0
2026-08-23 07:09:18.017595,492,1930,2640,0
2026-08-23 07:09:18.017615,606,1931,2549,0
2026-08-23 07:09:18.017635,624,1971,2932,0
2026-08-23 07:09:18.017655,529,1955,2947,0
2026-08-23 07:09:18.017675,635,2012,2896,0
2026-08-23 07:09:18.017695,633,2003,2960,0
2026-08-23 07:09:18.017715,388,1783,0,0
2026-08-23 07:09:18.017735,485,1961,2684,0
2026-08-23 07:09:18.017755,607,1986,2587,0
2026-08-23 07:09:18.017775,615,1999,2986,0
2026-08-23 07:09:18.017795,496,1971,2889,0
2026-08-23 07:09:18.038620,489,1890,3025,0
2026-08-23 07:09:18.038640,631,1953,2864,0
2026-08-23 07:09:18.038661,641,1955,3146,0
2026-08-23 07:09:18.038681,493,1932,2281,0
2026-08-23 07:09:18.038701,587,1949,2624,0
2026-08-23 07:09:18.038721,606,1995,2650,0
2026-08-23 07:09:18.038741,623,2009,3161,0
2026-08-23 07:09:18.038761,501,2004,2890,0
2026-08-23 07:09:18.038780,631,2017,2850,0
2026-08-23 07:09:18.038800,642,2014,3200,0
2026-08-23 07:09:18.038821,476,1913,2190,0
2026-08-23 07:09:18.038841,568,1955,2578,0
2026-08-23 07:09:18.038861,599,2017,2838,0
2026-08-23 07:09:18.058951,448,1910,2800,0
2026-08-23 07:09:18.058971,460,1822,1602,0
2026-08-23 07:09:18.058991,547,1974,2882,0
2026-08-23 07:09:18.059011,641,1967,2935,0
2026-08-23 07:09:18.059031,655,2058,3543,0
2026-08-23 07:09:18.059052,499,1962,2646,0
2026-08-23 07:09:18.059072,609,1991,2571,0
2026-08-23 07:09:18.059092,614,2022,2924,0
2026-08-23 07:09:18.059111,538,1995,2922,0
2026-08-23 07:09:18.059131,638,1989,2893,0
2026-08-23 07:09:18.059151,637,1995,2989,0
2026-08-23 07:09:18.059171,442,1830,958,0
2026-08-23 07:09:18.059191,482,2018,2599,0
2026-08-23 07:09:18.079505,458,1867,2054,0
2026-08-23 07:09:18.079525,553,1936,2571,0
2026-08-23 07:09:18.079545,612,1940,2761,0
2026-08-23 07:09:18.079565,494,1952,2310,0
2026-08-23 07:09:18.079585,597,1996,2943,0
2026-08-23 07:09:18.079605,648,1980,2895,0
2026-08-23 07:09:18.079625,652,2036,3259,0
2026-08-23 07:09:18.079645,529,1986,2768,0
2026-08-23 07:09:18.079665,616,1972,2598,0
2026-08-23 07:09:18.079685,613,1991,2791,0
2026-08-23 07:09:18.079705,437,1870,790,0
2026-08-23 07:09:18.079725,496,1995,2900,0
2026-08-23 07:09:18.079745,626,2058,3114,0
2026-08-23 07:09:18.100616,492,1906,2873,0
2026-08-23 07:09:18.100636,632,1956,3231,0
2026-08-23 07:09:18.100656,493,1920,2628,0
2026-08-23 07:09:18.100676,602,1967,2572,0
2026-08-23 07:09:18.100696,615,1999,2683,0
2026-08-23 07:09:18.100716,444,1760,0,0
2026-08-23 07:09:18.100736,495,1986,2902,0
2026-08-23 07:09:18.100756,635,2002,2877,0
2026-08-23 07:09:18.100776,636,2028,3277,0
2026-08-23 07:09:18.100796,500,1973,2479,0
2026-08-23 07:09:18.100816,594,1961,2541,0
2026-08-23 07:09:18.100836,610,2037,2795,0
2026-08-23 07:09:18.100856,497,1978,2932,0
2026-08-23 07:09:18.119860,428,1756,919,0
2026-08-23 07:09:18.119880,488,1970,3047,0
2026-08-23 07:09:18.119900,631,1997,2920,0
2026-08-23 07:09:18.119920,656,2023,3502,0
2026-08-23 07:09:18.119940,528,1964,2638,0
2026-08-23 07:09:18.119960,603,1981,2542,0
2026-08-23 07:09:18.119980,612,2013,2907,0
2026-08-23 07:09:18.120000,536,2002,2901,0
2026-08-23 07:09:18.120020,637,1978,2884,0
2026-08-23 07:09:18.120040,631,2027,2958,0
2026-08-23 07:09:18.120060,426,1810,321,0
2026-08-23 07:09:18.120080,485,1970,2648,0
2026-08-23 07:09:18.140774,454,1813,2094,0
2026-08-23 07:09:18.140794,548,1909,2574,0
2026-08-23 07:09:18.140814,606,1972,2702,0
2026-08-23 07:09:18.140834,456,1850,1213,0
2026-08-23 07:09:18.140854,535,2023,2980,0
2026-08-23 07:09:18.140874,633,1975,2782,0
2026-08-23 07:09:18.140894,647,2018,3240,0
2026-08-23 07:09:18.140914,525,1955,2641,0
2026-08-23 07:09:18.140934,608,1973,2602,0
2026-08-23 07:09:18.140954,604,2029,2709,0
2026-08-23 07:09:18.140974,365,1756,0,0
2026-08-23 07:09:18.140994,578,1975,2891,0
2026-08-23 07:09:18.141014,626,1976,2958,0
2026-08-23 07:09:18.161933,492,1923,2910,0
2026-08-23 07:09:18.161953,426,1730,0,0
2026-08-23 07:09:18.161973,485,1923,2710,0
2026-08-23 07:09:18.161993,605,1933,2573,0
2026-08-23 07:09:18.162013,608,1987,2876,0
2026-08-23 07:09:18.162033,482,1936,2091,0
2026-08-23 07:09:18.162053,570,2008,2874,0
2026-08-23 07:09:18.162073,624,1985,2956,0
2026-08-23 07:09:18.162093,698,2134,2154,0
2026-08-23 07:09:18.162113,488,1934,2646,0
2026-08-23 07:09:18.162133,603,1969,2516,0
2026-08-23 07:09:18.162153,613,1991,3021,0
2026-08-23 07:09:18.162173,529,1979,3015,0
2026-08-23 07:09:18.182713,488,1890,2701,0
2026-08-23 07:09:18.182733,603,1926,2845,0
2026-08-23 07:09:18.182753,637,1962,3093,0
2026-08-23 07:09:18.182773,451,1821,1154,0
2026-08-23 07:09:18.182793,499,1981,2608,0
2026-08-23 07:09:18.182813,602,1984,2623,0
2026-08-23 07:09:18.182833,408,1689,0,0
2026-08-23 07:09:18.182853,498,1971,3027,0
2026-08-23 07:09:18.182873,638,2009,2863,0
2026-08-23 07:09:18.182893,642,2005,3154,0
2026-08-23 07:09:18.182913,500,1917,2280,0
2026-08-23 07:09:18.182933,573,1951,2612,0
2026-08-23 07:09:18.182953,602,1971,2733,0
2026-08-23 07:09:18.203826,488,1866,2652,0
2026-08-23 07:09:18.203846,436,1798,642,0
2026-08-23 07:09:18.203866,494,1978,3008,0
2026-08-23 07:09:18.203886,625,1982,2871,0
2026-08-23 07:09:18.203906,641,2036,3238,0
2026-08-23 07:09:18.203926,498,1995,2608,0
2026-08-23 07:09:18.203946,606,1952,2600,0
2026-08-23 07:09:18.203966,612,1983,2705,0
2026-08-23 07:09:18.203986,428,1813,0,0
2026-08-23 07:09:18.204006,529,1977,2917,0
2026-08-23 07:09:18.204026,622,2007,2861,0
2026-08-23 07:09:18.204046,637,2012,3359,0
2026-08-23 07:09:18.204066,500,2011,2652,0
2026-08-23 07:09:18.224833,482,1883,2726,0
2026-08-23 07:09:18.224854,606,1929,2541,0
2026-08-23 07:09:18.224874,615,1982,2806,0
2026-08-23 07:09:18.224894,463,1872,1471,0
2026-08-23 07:09:18.224914,541,1968,2900,0
2026-08-23 07:09:18.224934,639,1994,2928,0
2026-08-23 07:09:18.224954,649,2084,3498,0
2026-08-23 07:09:18.224974,502,1975,2641,0
2026-08-23 07:09:18.224993,589,1984,2544,0
2026-08-23 07:09:18.225013,619,2028,2890,0
2026-08-23 07:09:18.225034,529,2010,2893,0
2026-08-23 07:09:18.225054,629,1998,2895,0
2026-08-23 07:09:18.225074,637,2031,3097,0
2026-08-23 07:09:18.245664,523,1918,3047,0
2026-08-23 07:09:18.245684,452,1786,1274,0
2026-08-23 07:09:18.245704,532,1920,2597,0
2026-08-23 07:09:18.245724,608,1971,2638,0
2026-08-23 07:09:18.245744,382,1772,0,0
2026-08-23 07:09:18.245764,497,1981,3026,0
2026-08-23 07:09:18.245784,633,1980,2860,0
2026-08-23 07:09:18.245804,638,2059,3188,0
2026-08-23 07:09:18.245824,528,1944,2447,0
2026-08-23 07:09:18.245844,583,1988,2614,0
2026-08-23 07:09:18.245864,611,2022,2664,0
2026-08-23 07:09:18.245884,421,1831,0,0
2026-08-23 07:09:18.245904,491,2007,2889,0
2026-08-23 07:09:18.266797,494,1894,2954,0
2026-08-23 07:09:18.266817,641,1917,2862,0
2026-08-23 07:09:18.266837,637,1984,3226,0
2026-08-23 07:09:18.266857,488,1917,2476,0
2026-08-23 07:09:18.266877,590,1951,2591,0
2026-08-23 07:09:18.266897,600,1968,2665,0
2026-08-23 07:09:18.266917,643,2068,3239,0
2026-08-23 07:09:18.266937,497,1979,2920,0
2026-08-23 07:09:18.266957,640,1980,2857,0
2026-08-23 07:09:18.266977,648,2027,3257,0
2026-08-23 07:09:18.266997,487,1952,2368,0
2026-08-23 07:09:18.267017,579,1983,2570,0
2026-08-23 07:09:18.267037,602,1985,2886,0
2026-08-23 07:09:18.287962,495,1920,2835,0
2026-08-23 07:09:18.287982,478,1836,1977,0
2026-08-23 07:09:18.288002,565,1928,2879,0
2026-08-23 07:09:18.288023,622,2001,2982,0
2026-08-23 07:09:18.288043,683,1919,523,0
2026-08-23 07:09:18.288063,481,1934,2644,0
2026-08-23 07:09:18.288083,601,1979,2579,0
2026-08-23 07:09:18.288103,612,2020,2958,0
2026-08-23 07:09:18.288122,533,2020,2977,0
2026-08-23 07:09:18.288142,642,1981,2884,0
2026-08-23 07:09:18.288162,649,2032,3018,0
2026-08-23 07:09:18.288182,470,1863,1517,0
2026-08-23 07:09:18.288203,541,1982,2607,0
2026-08-23 07:09:18.309104,481,1886,2587,0
2026-08-23 07:09:18.309124,598,1905,2680,0
2026-08-23 07:09:18.309144,451,1808,1102,0
2026-08-23 07:09:18.309164,528,1965,2992,0
2026-08-23 07:09:18.309184,645,1977,2851,0
2026-08-23 07:09:18.309204,650,2004,3278,0
2026-08-23 07:09:18.309224,503,1978,2639,0
2026-08-23 07:09:18.309244,596,2000,2586,0
2026-08-23 07:09:18.309264,601,2018,2708,0
2026-08-23 07:09:18.309284,382,1694,0,0
2026-08-23 07:09:18.309304,494,1957,2919,0
2026-08-23 07:09:18.309324,635,1964,2884,0
2026-08-23 07:09:18.309344,648,2016,3608,0
2026-08-23 07:09:18.330234,538,1935,3450,0
2026-08-23 07:09:18.330254,493,1883,2710,0
2026-08-23 07:09:18.330274,609,1911,2574,0
2026-08-23 07:09:18.330294,615,1965,2836,0
2026-08-23 07:09:18.330314,467,1930,1675,0
2026-08-23 07:09:18.330334,552,1954,2879,0
2026-08-23 07:09:18.330354,631,2023,2939,0
2026-08-23 07:09:18.330374,681,2082,3536,0
2026-08-23 07:09:18.330394,529,1981,2636,0
2026-08-23 07:09:18.330414,607,1968,2600,0
2026-08-23 07:09:18.330434,620,1996,2914,0
2026-08-23 07:09:18.330454,526,1986,2987,0
2026-08-23 07:09:18.330474,643,1995,2880,0
2026-08-23 07:09:18.350387,497,1897,2864,0
2026-08-23 07:09:18.350407,630,1965,3092,0
2026-08-23 07:09:18.350427,446,1815,1482,0
2026-08-23 07:09:18.350447,490,1960,2579,0
2026-08-23 07:09:18.350467,599,1954,2625,0
2026-08-23 07:09:18.350487,373,1701,0,0
2026-08-23 07:09:18.350507,525,1996,3036,0
2026-08-23 07:09:18.350527,633,1991,2866,0
2026-08-23 07:09:18.350547,642,2064,3176,0
2026-08-23 07:09:18.350567,492,1943,2377,0
2026-08-23 07:09:18.350587,584,1998,2610,0
2026-08-23 07:09:18.350607,601,2024,2688,0
2026-08-23 07:09:18.350627,458,1905,1503,0
2026-08-23 07:09:18.370982,487,1917,2765,0
2026-08-23 07:09:18.371002,494,1905,2340,0
2026-08-23 07:09:18.371022,604,1979,2933,0
2026-08-23 07:09:18.371042,636,1962,2912,0
2026-08-23 07:09:18.371063,647,2008,3409,0
2026-08-23 07:09:18.371083,525,1995,2719,0
2026-08-23 07:09:18.371103,611,2004,2533,0
2026-08-23 07:09:18.371123,610,2009,2800,0
2026-08-23 07:09:18.371142,447,1910,1218,0
2026-08-23 07:09:18.371162,535,1968,2901,0
2026-08-23 07:09:18.371182,646,1996,2910,0
2026-08-23 07:09:18.371202,659,2058,3508,0
2026-08-23 07:09:18.371222,494,1968,2548,0
2026-08-23 07:09:18.392303,478,1869,2706,0
2026-08-23 07:09:18.392323,591,1932,2551,0
2026-08-23 07:09:18.392343,608,1968,2881,0
2026-08-23 07:09:18.392363,478,1902,2033,0
2026-08-23 07:09:18.392383,564,1957,2873,0
2026-08-23 07:09:18.392403,632,1980,2936,0
2026-08-23 07:09:18.392423,661,2033,4052,0
2026-08-23 07:09:18.392443,538,1953,2633,0
2026-08-23 07:09:18.392463,606,1996,2584,0
2026-08-23 07:09:18.392483,621,2013,2973,0
2026-08-23 07:09:18.392503,547,1974,2983,0
2026-08-23 07:09:18.392523,631,1984,2867,0
2026-08-23 07:09:18.392543,628,2031,3202,0
2026-08-23 07:09:18.413356,498,1911,3144,0
2026-08-23 07:09:18.413376,477,1844,1989,0
2026-08-23 07:09:18.413396,558,1909,2588,0
2026-08-23 07:09:18.413416,607,1956,2682,0
2026-08-23 07:09:18.413436,435,1827,765,0
2026-08-23 07:09:18.413456,496,1982,2993,0
2026-08-23 07:09:18.413476,639,2004,2881,0
2026-08-23 07:09:18.413496,641,2011,3240,0
2026-08-23 07:09:18.413516,500,1999,2622,0
2026-08-23 07:09:18.413536,603,2008,2579,0
2026-08-23 07:09:18.413556,605,1978,2686,0
2026-08-23 07:09:18.413576,368,1726,0,0
2026-08-23 07:09:18.413596,487,2024,2851,0
2026-08-23 07:09:18.433405,493,1905,2939,0
2026-08-23 07:09:18.433425,644,1919,2929,0
2026-08-23 07:09:18.433445,642,1976,3413,0
2026-08-23 07:09:18.433465,528,1939,2715,0
2026-08-23 07:09:18.433485,604,1949,2575,0
2026-08-23 07:09:18.433505,613,2003,2820,0
2026-08-23 07:09:18.433525,455,1909,1505,0
2026-08-23 07:09:18.433545,539,2010,2838,0
2026-08-23 07:09:18.433565,635,1995,2934,0
2026-08-23 07:09:18.433585,649,2079,3475,0
2026-08-23 07:09:18.433605,531,1951,2638,0
2026-08-23 07:09:18.433625,603,1993,2549,0
2026-08-23 07:09:18.433645,377,1779,0,0
2026-08-23 07:09:18.453886,485,1872,2608,0
2026-08-23 07:09:18.453906,615,1981,3038,0
2026-08-23 07:09:18.453926,524,1930,2812,0
2026-08-23 07:09:18.453946,622,1958,2848,0
2026-08-23 07:09:18.453966,626,1988,3113,0
2026-08-23 07:09:18.453986,460,1884,1449,0
2026-08-23 07:09:18.454006,526,1991,2602,0
2026-08-23 07:09:18.454026,605,2019,2639,0
2026-08-23 07:09:18.454046,379,1775,0,0
2026-08-23 07:09:18.454066,500,1997,3018,0
2026-08-23 07:09:18.454086,633,2006,2861,0
2026-08-23 07:09:18.454106,636,2014,3177,0
2026-08-23 07:09:18.454126,534,1969,2636,0
2026-08-23 07:09:18.474295,311,1572,0,0
2026-08-23 07:09:18.474315,473,1841,2642,0
2026-08-23 07:09:18.474335,610,1922,2585,0
2026-08-23 07:09:18.474355,620,1974,3003,0
2026-08-23 07:09:18.474375,537,1958,3000,0
2026-08-23 07:09:18.474395,628,1960,2873,0
2026-08-23 07:09:18.474415,636,2029,3040,0
2026-08-23 07:09:18.474435,454,1885,1220,0
2026-08-23 07:09:18.474455,498,2004,2674,0
2026-08-23 07:09:18.474475,604,1970,2607,0
2026-08-23 07:09:18.474495,613,2032,3027,0
2026-08-23 07:09:18.474515,528,1934,2737,0
2026-08-23 07:09:18.474535,594,2008,2973,0
2026-08-23 07:09:18.493597,490,1934,2912,0
2026-08-23 07:09:18.493617,634,1938,2937,0
2026-08-23 07:09:18.493637,438,1757,0,0
2026-08-23 07:09:18.493657,478,1929,2720,0
2026-08-23 07:09:18.493677,607,1948,2575,0
2026-08-23 07:09:18.493697,618,1970,2879,0
2026-08-23 07:09:18.493717,486,1949,2093,0
2026-08-23 07:09:18.493737,577,2009,2884,0
2026-08-23 07:09:18.493757,630,1992,2947,0
2026-08-23 07:09:18.493777,665,2053,4358,0
2026-08-23 07:09:18.493797,539,1943,2650,0
2026-08-23 07:09:18.493817,599,1994,2581,0
2026-08-23 07:09:18.514154,490,1905,2600,0
2026-08-23 07:09:18.514174,593,1956,2705,0
2026-08-23 07:09:18.514194,433,1624,0,0
2026-08-23 07:09:18.514214,489,1907,2911,0
2026-08-23 07:09:18.514234,635,1929,2852,0
2026-08-23 07:09:18.514254,638,1973,3307,0
2026-08-23 07:09:18.514274,494,1952,2489,0
2026-08-23 07:09:18.514294,592,1972,2535,0
2026-08-23 07:09:18.514314,603,1989,2751,0
2026-08-23 07:09:18.514334,483,1909,2173,0
2026-08-23 07:09:18.514354,586,2003,2953,0
2026-08-23 07:09:18.514374,625,1996,2925,0
2026-08-23 07:09:18.514394,375,1711,0,0
2026-08-23 07:09:18.535209,500,1950,3280,0
2026-08-23 07:09:18.535229,486,1860,2530,0
2026-08-23 07:09:18.535249,593,1913,2538,0
2026-08-23 07:09:18.535269,610,1971,2761,0
2026-08-23 07:09:18.535290,489,1953,2269,0
2026-08-23 07:09:18.535310,578,1974,2961,0
2026-08-23 07:09:18.535330,647,1987,2881,0
2026-08-23 07:09:18.535350,651,2032,3386,0
2026-08-23 07:09:18.535369,525,1974,2669,0
2026-08-23 07:09:18.535389,613,1999,2575,0
2026-08-23 07:09:18.535409,570,2005,2786,0
2026-08-23 07:09:18.535429,459,1894,1639,0
2026-08-23 07:09:18.535450,545,1977,2874,0
2026-08-23 07:09:18.556404,493,1911,2889,0
2026-08-23 07:09:18.556424,631,1918,3020,0
2026-08-23 07:09:18.556444,439,1817,770,0
2026-08-23 07:09:18.556464,492,1942,2671,0
2026-08-23 07:09:18.556484,614,1984,2612,0
2026-08-23 07:09:18.556504,613,2011,3007,0
2026-08-23 07:09:18.556524,500,1959,2680,0
2026-08-23 07:09:18.556544,614,2014,2852,0
2026-08-23 07:09:18.556564,638,1991,3036,0
2026-08-23 07:09:18.556584,427,1794,340,0
2026-08-23 07:09:18.556604,486,1991,2619,0
2026-08-23 07:09:18.556624,598,1995,2632,0
2026-08-23 07:09:18.556644,469,1906,1605,0
2026-08-23 07:09:18.577707,493,1940,3258,0
2026-08-23 07:09:18.577727,538,1954,2921,0
2026-08-23 07:09:18.577747,630,1937,2873,0
2026-08-23 07:09:18.577767,641,2018,3338,0
2026-08-23 07:09:18.577787,496,1909,2549,0
2026-08-23 07:09:18.577807,599,1972,2525,0
2026-08-23 07:09:18.577827,612,2008,2783,0
2026-08-23 07:09:18.577847,492,1967,2443,0
2026-08-23 07:09:18.577867,608,2015,2929,0
2026-08-23 07:09:18.577887,635,2015,2906,0
2026-08-23 07:09:18.577907,651,2012,3435,0
2026-08-23 07:09:18.577927,533,2001,2712,0
2026-08-23 07:09:18.577947,602,1991,2595,0
2026-08-23 07:09:18.598161,479,1861,2591,0
2026-08-23 07:09:18.598181,607,1934,3102,0
2026-08-23 07:09:18.598201,537,1936,3015,0
2026-08-23 07:09:18.598221,636,1989,2863,0
2026-08-23 07:09:18.598241,650,2007,3112,0
2026-08-23 07:09:18.598261,487,1895,1964,0
2026-08-23 07:09:18.598281,566,1999,2628,0
2026-08-23 07:09:18.598301,613,1988,2629,0
2026-08-23 07:09:18.598320,624,2057,3120,0
2026-08-23 07:09:18.598341,527,1972,2857,0
2026-08-23 07:09:18.598361,627,2028,2855,0
2026-08-23 07:09:18.598381,637,2057,3205,0
2026-08-23 07:09:18.598401,495,1962,2629,0
2026-08-23 07:09:18.618937,502,1964,3448,0
2026-08-23 07:09:18.618957,466,1887,2694,0
2026-08-23 07:09:18.618977,611,1948,2580,0
2026-08-23 07:09:18.618997,633,1964,2883,0
2026-08-23 07:09:18.619017,485,1895,2158,0
2026-08-23 07:09:18.619037,586,1967,2806,0
2026-08-23 07:09:18.619057,640,1983,2952,0
2026-08-23 07:09:18.619077,435,1824,0,0
2026-08-23 07:09:18.619097,476,1975,2638,0
2026-08-23 07:09:18.619117,622,1985,2579,0
2026-08-23 07:09:18.619137,605,1966,2968,0
2026-08-23 07:09:18.619157,541,1972,3011,0
2026-08-23 07:09:18.619177,637,2008,2867,0
2026-08-23 07:09:18.639904,487,1882,2853,0
2026-08-23 07:09:18.639924,626,1965,3048,0
2026-08-23 07:09:18.639944,439,1772,695,0
2026-08-23 07:09:18.639964,486,1969,2609,0
2026-08-23 07:09:18.639984,606,1977,2611,0
2026-08-23 07:09:18.640004,614,1961,954,0
2026-08-23 07:09:18.640024,487,1981,3021,0
2026-08-23 07:09:18.640044,636,2028,2872,0
2026-08-23 07:09:18.640064,590,2007,3120,0
2026-08-23 07:09:18.640084,486,1926,2212,0
2026-08-23 07:09:18.640104,579,1972,2612,0
2026-08-23 07:09:18.640124,595,1968,2638,0
2026-08-23 07:09:18.640144,367,1757,0,0
2026-08-23 07:09:18.660682,369,1716,0,0
2026-08-23 07:09:18.660702,495,1928,2993,0
2026-08-23 07:09:18.660722,636,1982,2877,0
2026-08-23 07:09:18.660743,645,2020,3136,0
2026-08-23 07:09:18.660763,497,1969,2590,0
2026-08-23 07:09:18.660783,602,1946,2596,0
2026-08-23 07:09:18.660803,623,1966,2691,0
2026-08-23 07:09:18.660823,482,1845,0,0
2026-08-23 07:09:18.660842,498,2001,2891,0
2026-08-23 07:09:18.660862,634,2017,2875,0
2026-08-23 07:09:18.660882,647,2057,3293,0
2026-08-23 07:09:18.660903,488,1974,2580,0
2026-08-23 07:09:18.660923,583,1982,2472,0
2026-08-23 07:09:18.681392,486,1864,2596,0
2026-08-23 07:09:18.681412,608,1902,2668,0
2026-08-23 07:09:18.681432,441,1674,0,0
2026-08-23 07:09:18.681452,491,1935,2899,0
2026-08-23 07:09:18.681472,621,1969,2877,0
2026-08-23 07:09:18.681492,644,2013,3313,0
2026-08-23 07:09:18.681512,493,1942,2508,0
2026-08-23 07:09:18.681532,594,1977,2532,0
2026-08-23 07:09:18.681552,606,2002,2772,0
2026-08-23 07:09:18.681572,496,1953,2304,0
2026-08-23 07:09:18.681592,597,1978,2979,0
2026-08-23 07:09:18.681612,640,2022,2925,0
2026-08-23 07:09:18.681632,360,1695,0,0
2026-08-23 07:09:18.702419,526,1908,3292,0
2026-08-23 07:09:18.702439,488,1864,2516,0
2026-08-23 07:09:18.702459,595,1911,2543,0
2026-08-23 07:09:18.702479,604,1968,2788,0
2026-08-23 07:09:18.702499,486,1952,2358,0
2026-08-23 07:09:18.702519,602,1983,2934,0
2026-08-23 07:09:18.702539,645,1995,2882,0
2026-08-23 07:09:18.702559,647,2073,3402,0
2026-08-23 07:09:18.702579,525,1958,2720,0
2026-08-23 07:09:18.702599,601,1986,2571,0
2026-08-23 07:09:18.702619,605,2013,2781,0
2026-08-23 07:09:18.702639,470,1910,1677,0
2026-08-23 07:09:18.702659,550,1980,2871,0
2026-08-23 07:09:18.723433,524,1923,2899,0
2026-08-23 07:09:18.723453,622,1930,3016,0
2026-08-23 07:09:18.723473,428,1770,283,0
2026-08-23 07:09:18.723493,476,1984,2676,0
2026-08-23 07:09:18.723513,607,1982,2586,0
2026-08-23 07:09:18.723533,610,2018,2978,0
2026-08-23 07:09:18.723553,496,1982,2577,0
2026-08-23 07:09:18.723573,612,1989,2867,0
2026-08-23 07:09:18.723593,634,2007,3010,0
2026-08-23 07:09:18.723613,398,1792,0,0
2026-08-23 07:09:18.723633,477,1963,2624,0
2026-08-23 07:09:18.723653,598,2002,2615,0
2026-08-23 07:09:18.723673,445,1867,856,0
2026-08-23 07:09:18.744298,502,1936,3044,0
2026-08-23 07:09:18.744318,525,1929,2844,0
2026-08-23 07:09:18.744338,744,1944,2841,0
2026-08-23 07:09:18.744358,638,1970,3133,0
2026-08-23 07:09:18.744378,472,1863,1787,0
2026-08-23 07:09:18.744398,535,1948,2541,0
2026-08-23 07:09:18.744418,612,1971,2655,0
2026-08-23 07:09:18.744438,433,1793,84,0
2026-08-23 07:09:18.744457,497,2002,3009,0
2026-08-23 07:09:18.744478,638,1998,2860,0
2026-08-23 07:09:18.744498,641,2059,3215,0
2026-08-23 07:09:18.744518,526,1992,2651,0
2026-08-23 07:09:18.744538,590,1958,2578,0
2026-08-23 07:09:18.765433,473,1886,2585,0
2026-08-23 07:09:18.765453,603,1926,2735,0
2026-08-23 07:09:18.765473,487,1900,2031,0
2026-08-23 07:09:18.765493,572,1963,2963,0
2026-08-23 07:09:18.765513,636,2001,2900,0
2026-08-23 07:09:18.765533,648,2009,3348,0
2026-08-23 07:09:18.765553,504,1948,2675,0
2026-08-23 07:09:18.765573,596,1965,2572,0
2026-08-23 07:09:18.765593,640,2013,2762,0
2026-08-23 07:09:18.765613,433,1842,426,0
2026-08-23 07:09:18.765633,488,2023,2909,0
2026-08-23 07:09:18.765653,632,2027,2923,0
2026-08-23 07:09:18.765673,675,1982,672,0
2026-08-23 07:09:18.786268,322,1648,0,0
2026-08-23 07:09:18.786288,483,1916,2676,0
2026-08-23 07:09:18.786309,603,1913,2583,0
2026-08-23 07:09:18.786329,614,1995,2971,0
2026-08-23 07:09:18.786349,498,1935,2532,0
2026-08-23 07:09:18.786369,597,1991,2866,0
2026-08-23 07:09:18.786389,634,2025,3024,0
2026-08-23 07:09:18.786409,409,1775,32,0
2026-08-23 07:09:18.786428,481,1958,2614,0
2026-08-23 07:09:18.786448,602,1949,2595,0
2026-08-23 07:09:18.786469,624,1997,3112,0
2026-08-23 07:09:18.786489,532,1978,3021,0
2026-08-23 07:09:18.786509,630,1992,2882,0
2026-08-23 07:09:18.807085,486,1910,2845,0
2026-08-23 07:09:18.807105,632,1933,3049,0
2026-08-23 07:09:18.807125,448,1855,1324,0
2026-08-23 07:09:18.807145,494,1926,2594,0
2026-08-23 07:09:18.807165,601,1956,2631,0
2026-08-23 07:09:18.807185,363,1711,0,0
2026-08-23 07:09:18.807205,501,1974,3140,0
2026-08-23 07:09:18.807225,631,2007,2869,0
2026-08-23 07:09:18.807245,643,1998,3181,0
2026-08-23 07:09:18.807265,493,1930,2368,0
2026-08-23 07:09:18.807285,589,1994,2613,0
2026-08-23 07:09:18.807305,608,1972,2674,0
2026-08-23 07:09:18.807325,417,1794,154,0
2026-08-23 07:09:18.827892,337,1641,0,0
2026-08-23 07:09:18.827912,490,1919,3006,0
2026-08-23 07:09:18.827932,638,1938,2861,0
2026-08-23 07:09:18.827952,639,2007,3141,0
2026-08-23 07:09:18.827972,617,1917,2376,0
2026-08-23 07:09:18.827992,587,1976,2614,0
2026-08-23 07:09:18.828012,621,2025,2656,0
2026-08-23 07:09:18.828032,627,2019,3231,0
2026-08-23 07:09:18.828052,535,1979,2880,0
2026-08-23 07:09:18.828072,635,1991,2860,0
2026-08-23 07:09:18.828092,639,2013,3226,0
2026-08-23 07:09:18.828112,487,1922,2437,0
2026-08-23 07:09:18.828132,578,1990,2529,0
2026-08-23 07:09:18.848809,476,1859,2572,0
2026-08-23 07:09:18.848829,600,1939,2758,0
2026-08-23 07:09:18.848849,402,1759,0,0
2026-08-23 07:09:18.848869,502,1980,2913,0
2026-08-23 07:09:18.848889,638,1976,2855,0
2026-08-23 07:09:18.848909,662,2069,3391,0
2026-08-23 07:09:18.848929,601,1977,2606,0
2026-08-23 07:09:18.848949,603,1954,2532,0
2026-08-23 07:09:18.848969,687,2015,2786,0
2026-08-23 07:09:18.848989,501,1983,2608,0
2026-08-23 07:09:18.849009,614,1998,2918,0
2026-08-23 07:09:18.849029,634,1985,2928,0
2026-08-23 07:09:18.849049,441,1860,795,0
2026-08-23 07:09:18.869978,531,1957,3480,0
2026-08-23 07:09:18.869998,527,1921,2652,0
2026-08-23 07:09:18.870018,604,1905,2539,0
2026-08-23 07:09:18.870038,613,1989,2930,0
2026-08-23 07:09:18.870058,527,1986,2948,0
2026-08-23 07:09:18.870078,632,2007,2933,0
2026-08-23 07:09:18.870098,635,2022,2984,0
2026-08-23 07:09:18.870118,421,1824,290,0
2026-08-23 07:09:18.870138,488,1977,2679,0
2026-08-23 07:09:18.870158,610,2022,2599,0
2026-08-23 07:09:18.870178,615,2037,2955,0
2026-08-23 07:09:18.870198,483,1988,2762,0
2026-08-23 07:09:18.870218,608,1974,2845,0
2026-08-23 07:09:18.891015,490,1927,2862,0
2026-08-23 07:09:18.891035,637,1943,3203,0
2026-08-23 07:09:18.891055,495,1932,2510,0
2026-08-23 07:09:18.891075,594,1940,2571,0
2026-08-23 07:09:18.891095,602,1994,2688,0
2026-08-23 07:09:18.891115,633,2007,3247,0
2026-08-23 07:09:18.891135,528,1972,2908,0
2026-08-23 07:09:18.891155,628,2017,2866,0
2026-08-23 07:09:18.891175,639,2012,3261,0
2026-08-23 07:09:18.891195,492,1965,2398,0
2026-08-23 07:09:18.891215,576,1988,2583,0
2026-08-23 07:09:18.891235,598,2007,2777,0
2026-08-23 07:09:18.891255,499,1991,2811,0
2026-08-23 07:09:18.912045,419,1759,1091,0
2026-08-23 07:09:18.912065,501,1952,2883,0
2026-08-23 07:09:18.912085,633,1987,2920,0
2026-08-23 07:09:18.912105,641,2017,3529,0
2026-08-23 07:09:18.912125,523,1953,2638,0
2026-08-23 07:09:18.912145,603,1969,2548,0
2026-08-23 07:09:18.912165,617,1985,2929,0
2026-08-23 07:09:18.912185,538,2008,2930,0
2026-08-23 07:09:18.912205,627,2011,2892,0
2026-08-23 07:09:18.912225,634,2022,2990,0
2026-08-23 07:09:18.912245,403,1797,0,0
2026-08-23 07:09:18.912265,486,1964,2663,0
2026-08-23 07:09:18.912285,600,1997,2624,0
2026-08-23 07:09:18.933228,496,1850,2578,0
2026-08-23 07:09:18.933248,618,1956,3020,0
2026-08-23 07:09:18.933268,536,1968,3016,0
2026-08-23 07:09:18.933288,644,1974,2887,0
2026-08-23 07:09:18.933308,641,1985,3054,0
2026-08-23 07:09:18.933328,476,1889,1639,0
2026-08-23 07:09:18.933348,543,1970,2648,0
2026-08-23 07:09:18.933368,604,1997,2603,0
2026-08-23 07:09:18.933388,630,2034,3056,0
2026-08-23 07:09:18.933408,529,1991,2810,0
2026-08-23 07:09:18.933428,625,1980,2709,0
2026-08-23 07:09:18.933448,627,2033,3158,0
2026-08-23 07:09:18.933468,487,1936,2360,0
2026-08-23 07:09:18.954110,479,1846,2618,0
2026-08-23 07:09:18.954130,598,1936,2592,0
2026-08-23 07:09:18.954150,600,1930,2732,0
2026-08-23 07:09:18.954170,361,1674,0,0
2026-08-23 07:09:18.954190,488,1985,2920,0
2026-08-23 07:09:18.954210,627,2012,2877,0
2026-08-23 07:09:18.954230,644,2033,3782,0
2026-08-23 07:09:18.954250,501,1928,2546,0
2026-08-23 07:09:18.954270,592,1985,2523,0
2026-08-23 07:09:18.954290,609,1996,2788,0
2026-08-23 07:09:18.954310,496,1927,2396,0
2026-08-23 07:09:18.954330,539,2016,2916,0
2026-08-23 07:09:18.954350,634,2029,3011,0
2026-08-23 07:09:18.974226,497,1880,2906,0
2026-08-23 07:09:18.974246,645,2011,3544,0
2026-08-23 07:09:18.974266,502,1902,2649,0
2026-08-23 07:09:18.974286,605,1966,2574,0
2026-08-23 07:09:18.974306,614,1966,2915,0
2026-08-23 07:09:18.974326,537,1993,2925,0
2026-08-23 07:09:18.974346,598,2015,2899,0
2026-08-23 07:09:18.974366,627,1985,2987,0
2026-08-23 07:09:18.974386,404,1761,0,0
2026-08-23 07:09:18.974406,487,2002,2682,0
2026-08-23 07:09:18.974426,605,1959,2585,0
2026-08-23 07:09:18.974446,607,1983,3003,0
2026-08-23 07:09:18.974466,503,1972,2921,0
2026-08-23 07:09:18.993669,310,1599,0,0
2026-08-23 07:09:18.993689,487,1909,3005,0
2026-08-23 07:09:18.993709,640,1931,2867,0
2026-08-23 07:09:18.993729,638,2008,3187,0
2026-08-23 07:09:18.993749,492,1904,2414,0
2026-08-23 07:09:18.993769,591,1992,2608,0
2026-08-23 07:09:18.993789,604,1954,2662,0
2026-08-23 07:09:18.993809,636,2034,3219,0
2026-08-23 07:09:18.993829,535,1961,2902,0
2026-08-23 07:09:18.993849,631,1974,2841,0
2026-08-23 07:09:18.993869,644,2010,3239,0
2026-08-23 07:09:18.993889,492,1931,2478,0
2026-08-23 07:09:19.014308,390,1721,9,0
2026-08-23 07:09:19.014328,473,1914,2691,0
2026-08-23 07:09:19.014349,606,1932,2596,0
2026-08-23 07:09:19.014369,615,1989,2968,0
2026-08-23 07:09:19.014389,490,1938,2574,0
2026-08-23 07:09:19.014409,612,1974,2875,0
2026-08-23 07:09:19.014429,627,2025,3018,0
2026-08-23 07:09:19.014449,395,1783,0,0
2026-08-23 07:09:19.014468,475,2005,2611,0
2026-08-23 07:09:19.014488,594,2008,2597,0
2026-08-23 07:09:19.014508,613,2053,3060,0
2026-08-23 07:09:19.014529,501,2018,3042,0
2026-08-23 07:09:19.014549,633,2001,2886,0
2026-08-23 07:09:19.034928,495,1885,2867,0
2026-08-23 07:09:19.034948,633,1973,3093,0
2026-08-23 07:09:19.034968,440,1838,1278,0
2026-08-23 07:09:19.034988,500,1922,2601,0
2026-08-23 07:09:19.035008,603,1948,2612,0
2026-08-23 07:09:19.035028,366,1688,0,0
2026-08-23 07:09:19.035048,492,1971,3029,0
2026-08-23 07:09:19.035068,639,1983,2868,0
2026-08-23 07:09:19.035088,643,2017,3173,0
2026-08-23 07:09:19.035108,487,1956,2364,0
2026-08-23 07:09:19.035128,584,1991,2606,0
2026-08-23 07:09:19.035148,603,1975,2669,0
2026-08-23 07:09:19.035168,410,1786,10,0
2026-08-23 07:09:19.055830,326,1709,0,0
2026-08-23 07:09:19.055850,489,1926,3005,0
2026-08-23 07:09:19.055870,624,1948,2861,0
2026-08-23 07:09:19.055890,628,1986,3174,0
2026-08-23 07:09:19.055910,501,1939,2363,0
2026-08-23 07:09:19.055930,584,1985,2625,0
2026-08-23 07:09:19.055950,614,2007,2657,0
2026-08-23 07:09:19.055970,614,2059,3192,0
2026-08-23 07:09:19.055990,529,1982,2896,0
2026-08-23 07:09:19.056010,634,2031,2858,0
2026-08-23 07:09:19.056030,641,2016,3210,0
2026-08-23 07:09:19.056050,493,1938,2419,0
2026-08-23 07:09:19.056070,581,1996,2536,0
2026-08-23 07:09:19.076849,481,1852,2592,0
2026-08-23 07:09:19.076869,606,1916,2577,0
2026-08-23 07:09:19.076889,358,1693,0,0
2026-08-23 07:09:19.076909,489,1942,2914,0
2026-08-23 07:09:19.076929,638,1983,2880,0
2026-08-23 07:09:19.076949,641,2026,3330,0
2026-08-23 07:09:19.076969,501,1916,2549,0
2026-08-23 07:09:19.076989,1410,2150,2533,0
2026-08-23 07:09:19.077009,612,2060,2787,0
2026-08-23 07:09:19.077029,2940,2593,2360,0
2026-08-23 07:09:19.077049,588,2268,2950,0
2026-08-23 07:09:19.077069,631,2181,2923,0
2026-08-23 07:09:19.077089,540,1992,663,0
2026-08-23 07:09:19.097878,539,2019,3491,0
2026-08-23 07:09:19.097898,525,1943,2653,0
2026-08-23 07:09:19.097918,602,1947,2571,0
2026-08-23 07:09:19.097938,615,1972,2869,0
2026-08-23 07:09:19.097958,531,1995,2885,0
2026-08-23 07:09:19.097978,636,1997,2892,0
2026-08-23 07:09:19.097998,635,1990,2986,0
2026-08-23 07:09:19.098018,401,1770,0,0
2026-08-23 07:09:19.098038,486,1977,2692,0
2026-08-23 07:09:19.098058,612,1972,2459,0
2026-08-23 07:09:19.098078,622,2006,2939,0
2026-08-23 07:09:19.098098,488,1997,2585,0
2026-08-23 07:09:19.098118,607,1983,2862,0
2026-08-23 07:09:19.118933,491,1913,2873,0
2026-08-23 07:09:19.118953,1782,2198,3061,0
2026-08-23 07:09:19.118973,490,1979,1668,0
2026-08-23 07:09:19.118994,548,2002,2635,0
2026-08-23 07:09:19.119014,1707,2295,2608,0
2026-08-23 07:09:19.119034,3321,2804,3086,0
2026-08-23 07:09:19.119054,5840,3540,2811,0
2026-08-23 07:09:19.119074,6223,4018,2857,0
2026-08-23 07:09:19.119093,6292,4372,3122,0
2026-08-23 07:09:19.119113,4942,4166,1550,0
2026-08-23 07:09:19.119133,6091,4546,2591,0
2026-08-23 07:09:19.119153,6288,4781,2668,0
2026-08-23 07:09:19.119174,6219,4789,1877,0
2026-08-23 07:09:19.139925,323,2857,0,0
2026-08-23 07:09:19.139945,481,2760,2908,0
2026-08-23 07:09:19.139965,630,2523,2871,0
2026-08-23 07:09:19.139985,647,2365,3346,0
2026-08-23 07:09:19.140005,490,2234,2593,0
2026-08-23 07:09:19.140025,599,2170,2528,0
2026-08-23 07:09:19.140045,1684,2392,2793,0
2026-08-23 07:09:19.140065,492,2164,2442,0
2026-08-23 07:09:19.140085,612,2134,2931,0
2026-08-23 07:09:19.140105,634,2126,2919,0
2026-08-23 07:09:19.140125,658,2099,3420,0
2026-08-23 07:09:19.140145,530,2036,2728,0
2026-08-23 07:09:19.140165,616,1986,2591,0
2026-08-23 07:09:19.160043,482,1866,2535,0
2026-08-23 07:09:19.160063,604,1961,2917,0
2026-08-23 07:09:19.160083,526,1941,2919,0
2026-08-23 07:09:19.160103,639,1969,2901,0
2026-08-23 07:09:19.160123,987,2073,2969,0
2026-08-23 07:09:19.160143,801,1879,0,0
2026-08-23 07:09:19.160163,931,2168,2708,0
2026-08-23 07:09:19.160183,1091,2195,2599,0
2026-08-23 07:09:19.160203,2195,2495,2944,0
2026-08-23 07:09:19.160223,4631,3141,2438,0
2026-08-23 07:09:19.160243,4416,3409,2863,0
2026-08-23 07:09:19.160263,633,2791,3041,0
2026-08-23 07:09:19.160283,487,2453,2348,0
2026-08-23 07:09:19.180526,4648,3050,3146,0
2026-08-23 07:09:19.180546,3522,3055,2338,0
2026-08-23 07:09:19.180566,3368,3237,2608,0
2026-08-23 07:09:19.180586,3171,3236,2656,0
2026-08-23 07:09:19.180606,747,2790,3193,0
2026-08-23 07:09:19.180626,841,2593,2911,0
2026-08-23 07:09:19.180646,950,2422,2845,0
2026-08-23 07:09:19.180666,798,2337,3218,0
2026-08-23 07:09:19.180686,526,2140,2198,0
2026-08-23 07:09:19.180706,2880,2658,2577,0
2026-08-23 07:09:19.180726,1425,2492,2696,0
2026-08-23 07:09:19.180746,2359,2616,1208,0
2026-08-23 07:09:19.180766,2877,2930,2948,0
2026-08-23 07:09:19.200692,4400,3019,2862,0
2026-08-23 07:09:19.200712,3268,3110,3115,0
2026-08-23 07:09:19.200732,2262,2857,1434,0
2026-08-23 07:09:19.200752,2674,3043,2602,0
2026-08-23 07:09:19.200773,3254,3209,2663,0
2026-08-23 07:09:19.200793,1653,2684,0,0
2026-08-23 07:09:19.200813,1736,2903,2800,0
2026-08-23 07:09:19.200832,1645,2752,2875,0
2026-08-23 07:09:19.200852,1654,2705,3168,0
2026-08-23 07:09:19.200872,1451,2541,2356,0
2026-08-23 07:09:19.200892,1896,2652,2609,0
2026-08-23 07:09:19.200912,2421,2810,2780,0
2026-08-23 07:09:19.221942,1697,2403,2544,0
2026-08-23 07:09:19.221962,1649,2474,2812,0
2026-08-23 07:09:19.221982,1646,2494,2580,0
2026-08-23 07:09:19.222003,1835,2544,2940,0
2026-08-23 07:09:19.222023,1594,2536,2915,0
2026-08-23 07:09:19.222043,1496,2579,3443,0
2026-08-23 07:09:19.222063,1300,2421,2716,0
2026-08-23 07:09:19.222083,1508,2481,2527,0
2026-08-23 07:09:19.222102,1746,2522,2842,0
2026-08-23 07:09:19.222122,1825,2494,1654,0
2026-08-23 07:09:19.222142,2458,2771,2881,0
2026-08-23 07:09:19.222162,2648,2874,2974,0
2026-08-23 07:09:19.222183,2064,2712,1071,0
2026-08-23 07:09:19.242791,1346,2269,1643,0
2026-08-23 07:09:19.242811,1722,2482,2650,0
2026-08-23 07:09:19.242831,2223,2615,2614,0
2026-08-23 07:09:19.242851,2702,2850,3082,0
2026-08-23 07:09:19.242871,2833,2931,2808,0
2026-08-23 07:09:19.242891,3002,3052,2855,0
2026-08-23 07:09:19.242911,2848,3156,3096,0
2026-08-23 07:09:19.242931,2386,2925,1450,0
2026-08-23 07:09:19.242951,1902,2897,2586,0
2026-08-23 07:09:19.242971,1836,2838,2643,0
2026-08-23 07:09:19.242991,1332,2469,0,0
2026-08-23 07:09:19.243011,1349,2633,3412,0
2026-08-23 07:09:19.243031,1679,2609,2895,0
2026-08-23 07:09:19.263864,2362,2499,2849,0
2026-08-23 07:09:19.263884,2194,2634,3285,0
2026-08-23 07:09:19.263904,1692,2547,2464,0
2026-08-23 07:09:19.263924,1574,2502,2546,0
2026-08-23 07:09:19.263944,1503,2500,2730,0
2026-08-23 07:09:19.263964,1451,2433,2023,0
2026-08-23 07:09:19.263984,1471,2531,2954,0
2026-08-23 07:09:19.264004,1549,2492,2899,0
2026-08-23 07:09:19.264024,1350,2513,3354,0
2026-08-23 07:09:19.264044,1317,2410,2713,0
2026-08-23 07:09:19.264064,1700,2502,2585,0
2026-08-23 07:09:19.264084,2201,2639,2786,0
2026-08-23 07:09:19.264104,2145,2628,2014,0
2026-08-23 07:09:19.284738,973,2229,2826,0
2026-08-23 07:09:19.284758,798,2161,2886,0
2026-08-23 07:09:19.284778,847,2185,2961,0
2026-08-23 07:09:19.284798,1291,2065,0,0
2026-08-23 07:09:19.284818,1608,2394,2688,0
2026-08-23 07:09:19.284838,1890,2505,2576,0
2026-08-23 07:09:19.284858,2093,2609,2964,0
2026-08-23 07:09:19.284878,2031,2663,2515,0
2026-08-23 07:09:19.284898,2153,2731,2862,0
2026-08-23 07:09:19.284918,2222,2783,3010,0
2026-08-23 07:09:19.284938,2021,2603,0,0
2026-08-23 07:09:19.284958,2000,2793,2618,0
2026-08-23 07:09:19.284978,2002,2728,2649,0
2026-08-23 07:09:19.305650,1841,2447,2572,0
2026-08-23 07:09:19.305670,2130,2601,2923,0
2026-08-23 07:09:19.305690,2155,2649,2585,0
2026-08-23 07:09:19.305710,2502,2837,2830,0
2026-08-23 07:09:19.305730,2643,2908,3016,0
2026-08-23 07:09:19.305750,2083,2640,0,0
2026-08-23 07:09:19.305770,2026,2855,2639,0
2026-08-23 07:09:19.305790,2078,2816,2602,0
2026-08-23 07:09:19.305810,1786,2760,3039,0
2026-08-23 07:09:19.305830,1608,2685,3031,0
2026-08-23 07:09:19.305850,1628,2653,2879,0
2026-08-23 07:09:19.305870,1197,2535,3098,0
2026-08-23 07:09:19.305890,1453,2460,2541,0
2026-08-23 07:09:19.326547,1965,2298,1233,0
2026-08-23 07:09:19.326567,1870,2475,2581,0
2026-08-23 07:09:19.326587,1986,2591,2650,0
2026-08-23 07:09:19.326607,1694,2341,0,0
2026-08-23 07:09:19.326627,1605,2591,3139,0
2026-08-23 07:09:19.326647,1574,2529,2896,0
2026-08-23 07:09:19.326667,1312,2494,3188,0
2026-08-23 07:09:19.326687,1438,2433,2414,0
2026-08-23 07:09:19.326707,1697,2503,2606,0
2026-08-23 07:09:19.326727,1810,2614,2669,0
2026-08-23 07:09:19.326747,1872,2649,3202,0
2026-08-23 07:09:19.326767,2108,2691,2907,0
2026-08-23 07:09:19.326787,2093,2734,2899,0
2026-08-23 07:09:19.347684,1483,2327,2880,0
2026-08-23 07:09:19.347704,1506,2405,3355,0
2026-08-23 07:09:19.347724,1551,2442,2727,0
2026-08-23 07:09:19.347744,1763,2492,2579,0
2026-08-23 07:09:19.347764,1894,2578,2755,0
2026-08-23 07:09:19.347784,1896,2446,487,0
2026-08-23 07:09:19.347804,1969,2691,2892,0
2026-08-23 07:09:19.347824,2223,2789,2889,0
2026-08-23 07:09:19.347844,2113,2843,3425,0
2026-08-23 07:09:19.347864,1941,2750,2635,0
2026-08-23 07:09:19.347884,2024,2725,2598,0
2026-08-23 07:09:19.347904,2033,2792,2896,0
2026-08-23 07:09:19.347924,1892,2783,3009,0
2026-08-23 07:09:19.368715,2314,2535,2425,0
2026-08-23 07:09:19.368735,3185,2882,2850,0
2026-08-23 07:09:19.368755,2654,2920,3015,0
2026-08-23 07:09:19.368775,2484,2778,96,0
2026-08-23 07:09:19.368795,2257,2903,2617,0
2026-08-23 07:09:19.368815,2293,2953,2603,0
2026-08-23 07:09:19.368835,2389,2969,3090,0
2026-08-23 07:09:19.368855,2794,3101,3037,0
2026-08-23 07:09:19.368875,2707,3049,2866,0
2026-08-23 07:09:19.368895,4770,3548,3085,0
2026-08-23 07:09:19.368915,4837,3755,2007,0
2026-08-23 07:09:19.368935,1848,3291,2626,0
2026-08-23 07:09:19.368955,2221,3195,2721,0
2026-08-23 07:09:19.389850,482,2330,2664,0
2026-08-23 07:09:19.389870,444,2126,821,0
2026-08-23 07:09:19.389890,524,2204,2997,0
2026-08-23 07:09:19.389910,641,2152,2873,0
2026-08-23 07:09:19.389930,640,2111,3233,0
2026-08-23 07:09:19.389950,2840,2579,2609,0
2026-08-23 07:09:19.389970,1860,2573,2598,0
2026-08-23 07:09:19.389990,611,2278,2673,0
2026-08-23 07:09:19.390010,630,2236,3259,0
2026-08-23 07:09:19.390030,538,2135,2908,0
2026-08-23 07:09:19.390050,637,2134,2859,0
2026-08-23 07:09:19.390070,642,2104,3340,0
2026-08-23 07:09:19.390090,501,1986,2638,0
2026-08-23 07:09:19.410100,483,1913,2730,0
2026-08-23 07:09:19.410120,600,1918,2583,0
2026-08-23 07:09:19.410141,606,1984,2833,0
2026-08-23 07:09:19.410161,461,1896,1699,0
2026-08-23 07:09:19.410181,552,2006,2880,0
2026-08-23 07:09:19.410201,642,1976,2928,0
2026-08-23 07:09:19.410221,704,2096,3527,0
2026-08-23 07:09:19.410241,524,1967,2652,0
2026-08-23 07:09:19.410260,608,1967,2571,0
2026-08-23 07:09:19.410280,615,1985,2895,0
2026-08-23 07:09:19.410300,3091,2602,2932,0
2026-08-23 07:09:19.410321,622,2225,2886,0
2026-08-23 07:09:19.410341,4362,3047,3208,0
2026-08-23 07:09:19.429622,487,2153,2854,0
2026-08-23 07:09:19.429642,616,2133,3292,0
2026-08-23 07:09:19.429662,484,2013,2537,0
2026-08-23 07:09:19.429682,603,2020,2539,0
2026-08-23 07:09:19.429703,606,2020,2777,0
2026-08-23 07:09:19.429723,487,1983,2306,0
2026-08-23 07:09:19.429743,593,2005,2933,0
2026-08-23 07:09:19.429762,635,2056,2888,0
2026-08-23 07:09:19.429782,650,2024,3399,0
2026-08-23 07:09:19.429802,499,2002,2730,0
2026-08-23 07:09:19.429822,611,1959,2546,0
2026-08-23 07:09:19.429842,606,2017,2886,0
2026-08-23 07:09:19.450521,482,1868,2593,0
2026-08-23 07:09:19.450541,609,1942,3093,0
2026-08-23 07:09:19.450562,542,1968,3029,0
2026-08-23 07:09:19.450582,641,1969,2869,0
2026-08-23 07:09:19.450602,636,2009,3086,0
2026-08-23 07:09:19.450622,480,1883,2032,0
2026-08-23 07:09:19.450642,566,1956,2629,0
2026-08-23 07:09:19.450662,597,2010,2614,0
2026-08-23 07:09:19.450681,638,2011,3117,0
2026-08-23 07:09:19.450701,425,1987,2850,0
2026-08-23 07:09:19.450722,632,2013,2841,0
2026-08-23 07:09:19.450742,634,2056,3200,0
2026-08-23 07:09:19.450762,502,1938,2478,0
2026-08-23 07:09:19.470867,482,1875,2692,0
2026-08-23 07:09:19.470887,596,1938,2577,0
2026-08-23 07:09:19.470907,596,1977,2776,0
2026-08-23 07:09:19.470927,425,1809,408,0
2026-08-23 07:09:19.470947,487,1966,2897,0
2026-08-23 07:09:19.470967,632,1977,2904,0
2026-08-23 07:09:19.470987,647,2033,3421,0
2026-08-23 07:09:19.471007,493,1986,2624,0
2026-08-23 07:09:19.471027,613,1998,2540,0
2026-08-23 07:09:19.471047,611,2031,2862,0
2026-08-23 07:09:19.471067,523,1968,2747,0
2026-08-23 07:09:19.471087,615,2054,2900,0
2026-08-23 07:09:19.471107,619,2032,3135,0
2026-08-23 07:09:19.492008,495,1926,2841,0
2026-08-23 07:09:19.492028,621,1965,3211,0
2026-08-23 07:09:19.492048,487,1931,2381,0
2026-08-23 07:09:19.492068,575,1931,2572,0
2026-08-23 07:09:19.492088,606,1988,2714,0
2026-08-23 07:09:19.492108,486,1883,1809,0
2026-08-23 07:09:19.492128,562,2019,2970,0
2026-08-23 07:09:19.492148,640,1987,2900,0
2026-08-23 07:09:19.492168,648,2015,3345,0
2026-08-23 07:09:19.492188,526,1983,2702,0
2026-08-23 07:09:19.492208,610,1959,2576,0
2026-08-23 07:09:19.492228,601,1980,2805,0
2026-08-23 07:09:19.492248,481,1951,2155,0
2026-08-23 07:09:19.512800,486,1908,2846,0
2026-08-23 07:09:19.512820,619,1920,2902,0
2026-08-23 07:09:19.512840,636,1960,3006,0
2026-08-23 07:09:19.512860,411,1787,82,0
2026-08-23 07:09:19.512880,483,1973,2692,0
2026-08-23 07:09:19.512900,619,1974,2600,0
2026-08-23 07:09:19.512920,613,2008,2969,0
2026-08-23 07:09:19.512940,502,1966,2571,0
2026-08-23 07:09:19.512959,635,1984,2863,0
2026-08-23 07:09:19.512980,686,1986,3016,0
2026-08-23 07:09:19.513000,402,1748,0,0
2026-08-23 07:09:19.513020,484,1998,2600,0
2026-08-23 07:09:19.513040,582,1993,2707,0
2026-08-23 07:09:19.534010,475,1865,2580,0
2026-08-23 07:09:19.534030,609,1936,2994,0
2026-08-23 07:09:19.534050,494,1918,2652,0
2026-08-23 07:09:19.534070,616,1959,2865,0
2026-08-23 07:09:19.534090,634,1992,3039,0
2026-08-23 07:09:19.534110,437,1800,480,0
2026-08-23 07:09:19.534130,477,2005,2603,0
2026-08-23 07:09:19.534150,602,2017,2605,0
2026-08-23 07:09:19.534170,625,2014,3116,0
2026-08-23 07:09:19.534190,545,1993,3028,0
2026-08-23 07:09:19.534210,644,1990,2871,0
2026-08-23 07:09:19.534230,633,2061,3159,0
2026-08-23 07:09:19.534250,500,1991,2711,0
2026-08-23 07:09:19.554890,470,1844,2400,0
2026-08-23 07:09:19.554910,582,1895,2536,0
2026-08-23 07:09:19.554930,610,1930,2726,0
2026-08-23 07:09:19.554950,470,1879,1811,0
2026-08-23 07:09:19.554970,587,1984,2969,0
2026-08-23 07:09:19.554990,642,2015,2885,0
2026-08-23 07:09:19.555010,645,2014,3319,0
2026-08-23 07:09:19.555030,496,1956,2685,0
2026-08-23 07:09:19.555050,602,1970,2583,0
2026-08-23 07:09:19.555070,602,2017,2720,0
2026-08-23 07:09:19.555090,397,1795,0,0
2026-08-23 07:09:19.555110,488,1984,2900,0
2026-08-23 07:09:19.555130,632,1993,2947,0
2026-08-23 07:09:19.576007,495,1919,2913,0
2026-08-23 07:09:19.576027,644,1996,3443,0
2026-08-23 07:09:19.576047,530,1954,2738,0
2026-08-23 07:09:19.576067,615,1950,2545,0
2026-08-23 07:09:19.576087,604,1963,2806,0
2026-08-23 07:09:19.576107,454,1882,1258,0
2026-08-23 07:09:19.576127,531,2009,2902,0
2026-08-23 07:09:19.576147,627,1990,2916,0
2026-08-23 07:09:19.576167,654,2024,3485,0
2026-08-23 07:09:19.576187,526,1988,2610,0
2026-08-23 07:09:19.576207,610,1961,2544,0
2026-08-23 07:09:19.576227,560,2023,2939,0
2026-08-23 07:09:19.576247,537,1985,3031,0
2026-08-23 07:09:19.597046,482,1836,2684,0
2026-08-23 07:09:19.597066,609,1940,2849,0
2026-08-23 07:09:19.597086,622,1982,3090,0
2026-08-23 07:09:19.597106,453,1856,1302,0
2026-08-23 07:09:19.597126,525,1956,2525,0
2026-08-23 07:09:19.597146,602,1986,2623,0
2026-08-23 07:09:19.597166,373,1694,0,0
2026-08-23 07:09:19.597186,491,1981,3039,0
2026-08-23 07:09:19.597206,632,2000,2859,0
2026-08-23 07:09:19.597226,634,1997,3151,0
2026-08-23 07:09:19.597246,492,1959,2336,0
2026-08-23 07:09:19.597266,575,1993,2605,0
2026-08-23 07:09:19.597286,609,2008,2769,0
2026-08-23 07:09:19.617164,489,1874,2697,0
2026-08-23 07:09:19.617184,461,1865,1783,0
2026-08-23 07:09:19.617204,561,1943,2974,0
2026-08-23 07:09:19.617224,643,1957,2882,0
2026-08-23 07:09:19.617244,643,2059,3319,0
2026-08-23 07:09:19.617264,525,1943,2682,0
2026-08-23 07:09:19.617284,605,1957,2582,0
2026-08-23 07:09:19.617304,605,2005,2736,0
2026-08-23 07:09:19.617324,386,1763,0,0
2026-08-23 07:09:19.617344,489,1977,2913,0
2026-08-23 07:09:19.617364,636,2030,2875,0
2026-08-23 07:09:19.617384,630,2071,3433,0
2026-08-23 07:09:19.617404,502,1936,2631,0
2026-08-23 07:09:19.636348,309,1581,0,0
2026-08-23 07:09:19.636368,483,1841,2709,0
2026-08-23 07:09:19.636388,603,1893,2579,0
2026-08-23 07:09:19.636408,609,1988,2926,0
2026-08-23 07:09:19.636428,495,1925,2338,0
2026-08-23 07:09:19.636448,594,1991,2889,0
2026-08-23 07:09:19.636468,634,1978,3002,0
2026-08-23 07:09:19.636488,351,1660,0,0
2026-08-23 07:09:19.636508,475,1943,2646,0
2026-08-23 07:09:19.636528,598,1935,2572,0
2026-08-23 07:09:19.636548,619,2004,2998,0
2026-08-23 07:09:19.636568,531,2000,3123,0
2026-08-23 07:09:19.657551,526,1905,3248,0
2026-08-23 07:09:19.657571,526,1891,2912,0
2026-08-23 07:09:19.657591,625,1962,2861,0
2026-08-23 07:09:19.657611,642,1983,3276,0
2026-08-23 07:09:19.657631,494,1944,2501,0
2026-08-23 07:09:19.657651,591,1970,2538,0
2026-08-23 07:09:19.657671,608,2001,2767,0
2026-08-23 07:09:19.657691,486,1950,2234,0
2026-08-23 07:09:19.657711,592,2021,2951,0
2026-08-23 07:09:19.657731,640,1979,2901,0
2026-08-23 07:09:19.657751,647,2061,3377,0
2026-08-23 07:09:19.657771,525,1971,2721,0
2026-08-23 07:09:19.657791,602,1989,2582,0
2026-08-23 07:09:19.678627,482,1871,2580,0
2026-08-23 07:09:19.678647,616,1958,2979,0
2026-08-23 07:09:19.678667,536,1943,3001,0
2026-08-23 07:09:19.678687,628,1993,2852,0
2026-08-23 07:09:19.678707,636,2016,3026,0
2026-08-23 07:09:19.678727,449,1798,1171,0
2026-08-23 07:09:19.678747,500,1969,2658,0
2026-08-23 07:09:19.678767,605,1996,2598,0
2026-08-23 07:09:19.678787,618,1995,3011,0
2026-08-23 07:09:19.678807,501,1960,2715,0
2026-08-23 07:09:19.678827,616,1977,2841,0
2026-08-23 07:09:19.678847,621,2057,3114,0
2026-08-23 07:09:19.678867,484,1935,2426,0
2026-08-23 07:09:19.698958,470,1851,2624,0
2026-08-23 07:09:19.698978,600,1897,2589,0
2026-08-23 07:09:19.698998,605,1928,2732,0
2026-08-23 07:09:19.699018,385,1751,0,0
2026-08-23 07:09:19.699039,476,1987,2929,0
2026-08-23 07:09:19.699059,630,2005,2883,0
2026-08-23 07:09:19.699079,639,2017,3357,0
2026-08-23 07:09:19.699099,501,1929,2594,0
2026-08-23 07:09:19.699118,600,1989,2543,0
2026-08-23 07:09:19.699138,607,1997,2791,0
2026-08-23 07:09:19.699158,500,1979,2534,0
2026-08-23 07:09:19.699178,598,2012,2907,0
2026-08-23 07:09:19.699198,627,2033,3123,0
2026-08-23 07:09:19.719042,474,1923,2858,0
2026-08-23 07:09:19.719062,623,1980,3027,0
2026-08-23 07:09:19.719082,412,1772,356,0
2026-08-23 07:09:19.719102,444,1969,2607,0
2026-08-23 07:09:19.719122,603,1974,2604,0
2026-08-23 07:09:19.719142,620,2013,3103,0
2026-08-23 07:09:19.719162,541,2014,3016,0
2026-08-23 07:09:19.719182,643,2012,2856,0
2026-08-23 07:09:19.719202,644,2037,3135,0
2026-08-23 07:09:19.719222,481,1944,2160,0
2026-08-23 07:09:19.719242,570,1951,2608,0
2026-08-23 07:09:19.719262,607,1991,2642,0
2026-08-23 07:09:19.719282,416,1732,0,0
2026-08-23 07:09:19.739135,481,1854,2730,0
2026-08-23 07:09:19.739155,617,1966,2896,0
2026-08-23 07:09:19.739175,638,1999,2944,0
2026-08-23 07:09:19.739195,423,1644,0,0
2026-08-23 07:09:19.739215,478,1896,2699,0
2026-08-23 07:09:19.739235,606,1913,2580,0
2026-08-23 07:09:19.739255,620,1990,2884,0
2026-08-23 07:09:19.739275,496,1917,2212,0
2026-08-23 07:09:19.739295,592,1971,2849,0
2026-08-23 07:09:19.739315,631,2023,2946,0
2026-08-23 07:09:19.739335,383,1787,0,0
2026-08-23 07:09:19.739355,471,1964,2590,0
2026-08-23 07:09:19.758191,436,1847,1551,0
2026-08-23 07:09:19.758211,534,1918,2647,0
2026-08-23 07:09:19.758231,607,1974,2616,0
2026-08-23 07:09:19.758251,616,1975,3096,0
2026-08-23 07:09:19.758271,499,1983,2816,0
2026-08-23 07:09:19.758291,632,1969,2853,0
2026-08-23 07:09:19.758311,650,1989,3117,0
2026-08-23 07:09:19.758331,472,1876,1706,0
2026-08-23 07:09:19.758351,547,1991,2589,0
2026-08-23 07:09:19.758371,603,2003,2649,0
2026-08-23 07:09:19.758391,448,1867,1061,0
2026-08-23 07:09:19.758411,496,2013,2939,0
2026-08-23 07:09:19.778516,437,1769,1302,0
2026-08-23 07:09:19.778536,503,1958,2882,0
2026-08-23 07:09:19.778556,631,1946,2941,0
2026-08-23 07:09:19.778576,651,2037,3531,0
2026-08-23 07:09:19.778596,533,1921,2636,0
2026-08-23 07:09:19.778616,607,1944,2543,0
2026-08-23 07:09:19.778636,627,2012,2932,0
2026-08-23 07:09:19.778656,539,1969,2948,0
2026-08-23 07:09:19.778676,636,1991,2883,0
2026-08-23 07:09:19.778696,634,2024,2987,0
2026-08-23 07:09:19.778716,428,1798,305,0
2026-08-23 07:09:19.778736,484,1966,2641,0
2026-08-23 07:09:19.778756,594,2019,2712,0
2026-08-23 07:09:19.799603,482,1903,2541,0
2026-08-23 07:09:19.799623,601,1918,2824,0
2026-08-23 07:09:19.799643,533,1944,2793,0
2026-08-23 07:09:19.799663,617,1949,2918,0
2026-08-23 07:09:19.799683,644,2004,2926,0
2026-08-23 07:09:19.799703,446,1831,0,0
2026-08-23 07:09:19.799723,480,1966,2709,0
2026-08-23 07:09:19.799743,604,1983,2545,0
2026-08-23 07:09:19.799763,614,2012,2883,0
2026-08-23 07:09:19.799783,483,1897,2065,0
2026-08-23 07:09:19.799803,570,1974,2869,0
2026-08-23 07:09:19.799823,627,2008,2980,0
2026-08-23 07:09:19.799843,443,1854,816,0
2026-08-23 07:09:19.820481,386,1707,0,0
2026-08-23 07:09:19.820501,486,1915,2663,0
2026-08-23 07:09:19.820521,608,1951,2573,0
2026-08-23 07:09:19.820541,619,1982,3010,0
2026-08-23 07:09:19.820561,526,1940,2677,0
2026-08-23 07:09:19.820581,606,2000,3208,0
2026-08-23 07:09:19.820601,629,2028,3042,0
2026-08-23 07:09:19.820621,423,1793,287,0
2026-08-23 07:09:19.820641,490,1996,2630,0
2026-08-23 07:09:19.820661,601,1995,2617,0
2026-08-23 07:09:19.820681,622,2007,3091,0
2026-08-23 07:09:19.820701,536,1979,3026,0
2026-08-23 07:09:19.820721,635,2019,2850,0
2026-08-23 07:09:19.841519,486,1902,2849,0
2026-08-23 07:09:19.841539,635,1971,3147,0
2026-08-23 07:09:19.841559,467,1865,1749,0
2026-08-23 07:09:19.841579,546,1933,2578,0
2026-08-23 07:09:19.841599,608,1952,2649,0
2026-08-23 07:09:19.841619,409,1776,0,0
2026-08-23 07:09:19.841639,490,1993,3000,0
2026-08-23 07:09:19.841659,641,1986,2864,0
2026-08-23 07:09:19.841679,641,2004,3212,0
2026-08-23 07:09:19.841699,500,1944,2513,0
2026-08-23 07:09:19.841719,601,1967,2606,0
2026-08-23 07:09:19.841739,608,1978,2713,0
2026-08-23 07:09:19.841759,428,1858,500,0
2026-08-23 07:09:19.862445,440,1784,1358,0
2026-08-23 07:09:19.862465,533,1971,2925,0
2026-08-23 07:09:19.862485,639,1983,2887,0
2026-08-23 07:09:19.862505,644,1996,3328,0
2026-08-23 07:09:19.862525,532,1945,2690,0
2026-08-23 07:09:19.862545,617,1944,2576,0
2026-08-23 07:09:19.862565,602,2008,2743,0
2026-08-23 07:09:19.862585,399,1833,0,0
2026-08-23 07:09:19.862605,483,1995,2909,0
2026-08-23 07:09:19.862625,624,2034,2849,0
2026-08-23 07:09:19.862645,648,2076,3391,0
2026-08-23 07:09:19.862665,504,1952,2634,0
2026-08-23 07:09:19.862685,590,1956,2605,0
2026-08-23 07:09:19.883528,473,1864,2573,0
2026-08-23 07:09:19.883548,617,1929,2904,0
2026-08-23 07:09:19.883568,492,1917,2324,0
2026-08-23 07:09:19.883588,592,1955,2866,0
2026-08-23 07:09:19.883608,634,1997,2969,0
2026-08-23 07:09:19.883628,351,1686,0,0
2026-08-23 07:09:19.883648,471,1942,2639,0
2026-08-23 07:09:19.883668,640,1970,2547,0
2026-08-23 07:09:19.883688,615,1979,3008,0
2026-08-23 07:09:19.883708,532,2002,2957,0
2026-08-23 07:09:19.883728,629,1981,2865,0
2026-08-23 07:09:19.883748,634,2001,3115,0
2026-08-23 07:09:19.883768,490,1982,2606,0
2026-08-23 07:09:19.904679,442,1824,1597,0
2026-08-23 07:09:19.904699,529,1918,2595,0
2026-08-23 07:09:19.904719,618,1930,2663,0
2026-08-23 07:09:19.904739,431,1802,291,0
2026-08-23 07:09:19.904759,495,2013,2997,0
2026-08-23 07:09:19.904779,655,1988,2874,0
2026-08-23 07:09:19.904799,650,2017,3233,0
2026-08-23 07:09:19.904819,502,1940,2574,0
2026-08-23 07:09:19.904839,611,1966,2585,0
2026-08-23 07:09:19.904859,608,2009,2673,0
2026-08-23 07:09:19.904879,622,2010,1685,0
2026-08-23 07:09:19.904899,487,2006,2913,0
2026-08-23 07:09:19.904919,622,2009,2933,0
2026-08-23 07:09:19.925437,497,1906,2928,0
2026-08-23 07:09:19.925457,430,1579,0,0
2026-08-23 07:09:19.925477,482,1868,2714,0
2026-08-23 07:09:19.925497,605,1922,2591,0
2026-08-23 07:09:19.925517,611,1938,2906,0
2026-08-23 07:09:19.925537,493,1895,2299,0
2026-08-23 07:09:19.925557,601,1981,2874,0
2026-08-23 07:09:19.925577,634,1982,2976,0
2026-08-23 07:09:19.925597,368,1713,0,0
2026-08-23 07:09:19.925617,478,1936,2626,0
2026-08-23 07:09:19.925637,603,1955,2541,0
2026-08-23 07:09:19.925657,609,1983,3060,0
2026-08-23 07:09:19.925677,535,2016,3010,0
2026-08-23 07:09:19.946433,458,1862,2323,0
2026-08-23 07:09:19.946453,587,1904,2853,0
2026-08-23 07:09:19.946473,629,1969,3001,0
2026-08-23 07:09:19.946493,388,1718,0,0
2026-08-23 07:09:19.946513,476,1952,2611,0
2026-08-23 07:09:19.946533,605,1952,2590,0
2026-08-23 07:09:19.946553,609,2029,3047,0
2026-08-23 07:09:19.946573,536,1992,3016,0
2026-08-23 07:09:19.946593,642,1982,2854,0
2026-08-23 07:09:19.946613,632,2008,3104,0
2026-08-23 07:09:19.946633,467,1910,1945,0
2026-08-23 07:09:19.946653,559,2003,2536,0
2026-08-23 07:09:19.946673,605,2010,2735,0
2026-08-23 07:09:19.967460,479,1910,2666,0
2026-08-23 07:09:19.967480,469,1844,1577,0
2026-08-23 07:09:19.967500,546,1979,2972,0
2026-08-23 07:09:19.967520,645,1960,2872,0
2026-08-23 07:09:19.967540,641,2028,3307,0
2026-08-23 07:09:19.967560,530,1976,2691,0
2026-08-23 07:09:19.967580,609,1955,2578,0
2026-08-23 07:09:19.967600,604,2013,2733,0
2026-08-23 07:09:19.967620,390,1759,0,0
2026-08-23 07:09:19.967640,478,2018,2893,0
2026-08-23 07:09:19.967660,624,1992,2867,0
2026-08-23 07:09:19.967680,644,2077,3463,0
2026-08-23 07:09:19.967700,501,1967,2632,0
2026-08-23 07:09:19.988353,489,1895,2698,0
2026-08-23 07:09:19.988373,599,1909,2542,0
2026-08-23 07:09:19.988393,609,1950,2886,0
2026-08-23 07:09:19.988413,489,1927,2124,0
2026-08-23 07:09:19.988433,571,2004,2868,0
2026-08-23 07:09:19.988453,643,2019,2955,0
2026-08-23 07:09:19.988473,476,1892,78,0
2026-08-23 07:09:19.988493,477,1955,2642,0
2026-08-23 07:09:19.988513,557,1980,2547,0
2026-08-23 07:09:19.988533,604,2015,2970,0
2026-08-23 07:09:19.988553,537,1974,2975,0
2026-08-23 07:09:19.988573,631,1975,2874,0
2026-08-23 07:09:19.988593,645,2030,3138,0
2026-08-23 07:09:20.009582,498,1924,2998,0
2026-08-23 07:09:20.009602,421,1752,256,0
2026-08-23 07:09:20.009622,471,1919,2617,0
2026-08-23 07:09:20.009642,598,1929,2603,0
2026-08-23 07:09:20.009662,611,1986,3096,0
2026-08-23 07:09:20.009682,540,1985,3025,0
2026-08-23 07:09:20.009702,631,1999,2858,0
2026-08-23 07:09:20.009722,638,2030,3120,0
2026-08-23 07:09:20.009742,483,1897,2000,0
2026-08-23 07:09:20.009762,579,1998,2626,0
2026-08-23 07:09:20.009782,603,1963,2623,0
2026-08-23 07:09:20.009802,620,2024,3192,0
2026-08-23 07:09:20.009822,526,1976,2923,0
2026-08-23 07:09:20.030514,496,1872,2985,0
2026-08-23 07:09:20.030534,630,1926,2862,0
2026-08-23 07:09:20.030554,643,1995,3359,0
2026-08-23 07:09:20.030574,500,1953,2706,0
2026-08-23 07:09:20.030594,609,1936,2549,0
2026-08-23 07:09:20.030614,612,1949,2764,0
2026-08-23 07:09:20.030634,406,1746,0,0
2026-08-23 07:09:20.030654,490,1972,2902,0
2026-08-23 07:09:20.030674,632,1989,2877,0
2026-08-23 07:09:20.030694,665,2028,3394,0
2026-08-23 07:09:20.030714,498,1969,2654,0
2026-08-23 07:09:20.030734,591,1989,2526,0
2026-08-23 07:09:20.030754,610,2012,2977,0
2026-08-23 07:09:20.051285,500,1867,2774,0
2026-08-23 07:09:20.051305,463,1835,1430,0
2026-08-23 07:09:20.051325,538,1962,2888,0
2026-08-23 07:09:20.051345,634,1958,2901,0
2026-08-23 07:09:20.051365,649,2058,3485,0
2026-08-23 07:09:20.051385,524,1929,2635,0
2026-08-23 07:09:20.051405,609,1952,2681,0
2026-08-23 07:09:20.051425,611,2022,2877,0
2026-08-23 07:09:20.051445,502,1972,2840,0
2026-08-23 07:09:20.051465,628,2011,2900,0
2026-08-23 07:09:20.051485,636,1994,2954,0
2026-08-23 07:09:20.051505,380,1764,0,0
2026-08-23 07:09:20.051525,488,1989,2665,0
2026-08-23 07:09:20.072517,482,1877,2639,0
2026-08-23 07:09:20.072537,596,1923,2546,0
2026-08-23 07:09:20.072557,622,1982,2960,0
2026-08-23 07:09:20.072577,526,1980,2977,0
2026-08-23 07:09:20.072597,639,1969,2889,0
2026-08-23 07:09:20.072617,627,2015,2992,0
2026-08-23 07:09:20.072637,428,1831,432,0
2026-08-23 07:09:20.072657,487,1989,2684,0
2026-08-23 07:09:20.072677,610,1975,2585,0
2026-08-23 07:09:20.072697,618,2013,2967,0
2026-08-23 07:09:20.072717,475,1992,2599,0
2026-08-23 07:09:20.072737,601,1987,2860,0
2026-08-23 07:09:20.072757,632,2014,3211,0
2026-08-23 07:09:20.093871,523,1919,3181,0
2026-08-23 07:09:20.093891,498,1875,2548,0
2026-08-23 07:09:20.093911,603,1945,2607,0
2026-08-23 07:09:20.093931,615,1957,2670,0
2026-08-23 07:09:20.093951,628,2023,3252,0
2026-08-23 07:09:20.093971,533,2008,2908,0
2026-08-23 07:09:20.093992,634,1968,2857,0
2026-08-23 07:09:20.094012,644,2006,3275,0
2026-08-23 07:09:20.094031,475,1952,2453,0
2026-08-23 07:09:20.094051,595,1936,2541,0
2026-08-23 07:09:20.094071,609,2000,2736,0
2026-08-23 07:09:20.094091,489,1925,2443,0
2026-08-23 07:09:20.094111,590,1995,2891,0
2026-08-23 07:09:20.114686,489,1923,2882,0
2026-08-23 07:09:20.114706,640,1944,2976,0
2026-08-23 07:09:20.114726,368,1667,0,0
2026-08-23 07:09:20.114746,476,1907,2628,0
2026-08-23 07:09:20.114766,601,1983,2588,0
2026-08-23 07:09:20.114786,604,1972,3030,0
2026-08-23 07:09:20.114806,543,1986,3026,0
2026-08-23 07:09:20.114826,628,1977,2851,0
2026-08-23 07:09:20.114846,640,2002,3055,0
2026-08-23 07:09:20.114866,462,1872,1472,0
2026-08-23 07:09:20.114886,534,1966,2660,0
2026-08-23 07:09:20.114906,606,1995,2629,0
2026-08-23 07:09:20.114926,428,1677,0,0
2026-08-23 07:09:20.135814,502,1866,3092,0
2026-08-23 07:09:20.135834,545,1916,3016,0
2026-08-23 07:09:20.135854,634,1935,2854,0
2026-08-23 07:09:20.135874,643,1986,3128,0
2026-08-23 07:09:20.135894,484,1889,2200,0
2026-08-23 07:09:20.135914,575,1967,2631,0
2026-08-23 07:09:20.135934,605,1999,2634,0
2026-08-23 07:09:20.135954,621,2012,3174,0
2026-08-23 07:09:20.135974,535,1961,2883,0
2026-08-23 07:09:20.135994,628,1979,2851,0
2026-08-23 07:09:20.136014,642,2002,3129,0
2026-08-23 07:09:20.136034,485,1928,2365,0
2026-08-23 07:09:20.136054,585,1955,2535,0
2026-08-23 07:09:20.156933,485,1876,2516,0
2026-08-23 07:09:20.156953,603,1893,2822,0
2026-08-23 07:09:20.156973,471,1856,1675,0
2026-08-23 07:09:20.156993,562,1984,2891,0
2026-08-23 07:09:20.157013,638,1969,2926,0
2026-08-23 07:09:20.157033,655,2023,3555,0
2026-08-23 07:09:20.157053,525,1980,2635,0
2026-08-23 07:09:20.157073,603,1949,2575,0
2026-08-23 07:09:20.157093,605,1981,2934,0
2026-08-23 07:09:20.157113,536,1985,2947,0
2026-08-23 07:09:20.157133,630,1998,2886,0
2026-08-23 07:09:20.157153,636,2020,3090,0
2026-08-23 07:09:20.157173,477,1894,2059,0
2026-08-23 07:09:20.177946,428,1728,1120,0
2026-08-23 07:09:20.177966,487,1923,2585,0
2026-08-23 07:09:20.177986,608,1954,2579,0
2026-08-23 07:09:20.178006,385,1706,0,0
2026-08-23 07:09:20.178026,494,1969,2987,0
2026-08-23 07:09:20.178046,634,1999,2858,0
2026-08-23 07:09:20.178066,632,2022,3192,0
2026-08-23 07:09:20.178086,524,1936,2442,0
2026-08-23 07:09:20.178106,595,1998,2601,0
2026-08-23 07:09:20.178126,616,2006,2628,0
2026-08-23 07:09:20.178146,624,2007,3208,0
2026-08-23 07:09:20.178166,536,2008,2918,0
2026-08-23 07:09:20.178186,618,2030,2878,0
2026-08-23 07:09:20.198104,487,1872,2866,0
2026-08-23 07:09:20.198124,639,1970,3327,0
2026-08-23 07:09:20.198144,498,1945,2706,0
2026-08-23 07:09:20.198164,606,1947,2601,0
2026-08-23 07:09:20.198184,609,1986,2744,0
2026-08-23 07:09:20.198204,398,1787,0,0
2026-08-23 07:09:20.198224,487,2008,2903,0
2026-08-23 07:09:20.198244,628,1974,2883,0
2026-08-23 07:09:20.198264,644,2059,3380,0
2026-08-23 07:09:20.198284,499,1935,2583,0
2026-08-23 07:09:20.198304,609,1985,2527,0
2026-08-23 07:09:20.198324,606,2006,2839,0
2026-08-23 07:09:20.198344,526,2008,3021,0
2026-08-23 07:09:20.218450,501,1932,2891,0
2026-08-23 07:09:20.218470,489,1862,2283,0
2026-08-23 07:09:20.218490,598,1980,2874,0
2026-08-23 07:09:20.218510,633,1999,2968,0
2026-08-23 07:09:20.218530,451,1682,0,0
2026-08-23 07:09:20.218550,488,1931,2629,0
2026-08-23 07:09:20.218570,605,1925,2516,0
2026-08-23 07:09:20.218590,608,1997,2972,0
2026-08-23 07:09:20.218610,541,1998,2972,0
2026-08-23 07:09:20.218630,634,2005,2881,0
2026-08-23 07:09:20.218650,638,1980,3017,0
2026-08-23 07:09:20.218670,432,1853,727,0
2026-08-23 07:09:20.218690,487,1940,2600,0
2026-08-23 07:09:20.238792,478,1884,2595,0
2026-08-23 07:09:20.238812,594,1933,2541,0
2026-08-23 07:09:20.238832,603,1941,2792,0
2026-08-23 07:09:20.238852,524,1958,2611,0
2026-08-23 07:09:20.238872,622,1965,2923,0
2026-08-23 07:09:20.238892,685,1970,2912,0
2026-08-23 07:09:20.238912,664,2036,3422,0
2026-08-23 07:09:20.238932,503,1978,2792,0
2026-08-23 07:09:20.238952,603,1979,2594,0
2026-08-23 07:09:20.238972,610,2005,2829,0
2026-08-23 07:09:20.238992,472,1900,1573,0
2026-08-23 07:09:20.239012,540,2008,2893,0
2026-08-23 07:09:20.239032,630,1984,3003,0
2026-08-23 07:09:20.258984,528,1911,3249,0
2026-08-23 07:09:20.259004,525,1912,2643,0
2026-08-23 07:09:20.259024,605,1908,2589,0
2026-08-23 07:09:20.259044,606,1961,2714,0
2026-08-23 07:09:20.259064,358,1728,0,0
2026-08-23 07:09:20.259084,500,1953,2900,0
2026-08-23 07:09:20.259104,630,1970,2874,0
2026-08-23 07:09:20.259124,645,2007,3353,0
2026-08-23 07:09:20.259144,495,1963,2590,0
2026-08-23 07:09:20.259164,606,1971,2542,0
2026-08-23 07:09:20.259184,600,1991,2832,0
2026-08-23 07:09:20.259204,532,1963,2985,0
2026-08-23 07:09:20.278872,496,1904,2939,0
2026-08-23 07:09:20.278892,487,1921,2624,0
2026-08-23 07:09:20.278912,609,1963,3016,0
2026-08-23 07:09:20.278932,625,1997,3007,0
2026-08-23 07:09:20.278952,407,1746,0,0
2026-08-23 07:09:20.278972,468,1972,2618,0
2026-08-23 07:09:20.278992,604,1989,2588,0
2026-08-23 07:09:20.279012,617,2030,3042,0
2026-08-23 07:09:20.279032,546,1988,3012,0
2026-08-23 07:09:20.279052,649,2031,2837,0
2026-08-23 07:09:20.279072,602,2023,3104,0
2026-08-23 07:09:20.279092,488,1958,2277,0
2026-08-23 07:09:20.279112,561,1987,2576,0
2026-08-23 07:09:20.296453,462,1834,2334,0
2026-08-23 07:09:20.296473,577,1923,2533,0
2026-08-23 07:09:20.296493,602,1935,2712,0
2026-08-23 07:09:20.296513,477,1907,1804,0
2026-08-23 07:09:20.296533,566,2007,2725,0
2026-08-23 07:09:20.296553,633,1980,2878,0
2026-08-23 07:09:20.296573,645,2059,3372,0
2026-08-23 07:09:20.296593,528,1948,2687,0
2026-08-23 07:09:20.296613,597,1984,2573,0
2026-08-23 07:09:20.296633,608,1983,2750,0
2026-08-23 07:09:20.296653,427,1882,1088,0
2026-08-23 07:09:20.318100,499,1905,2795,0
2026-08-23 07:09:20.318120,528,1910,2738,0
2026-08-23 07:09:20.318140,626,1942,2851,0
2026-08-23 07:09:20.318160,642,1963,2939,0
2026-08-23 07:09:20.318180,638,2070,4036,0
2026-08-23 07:09:20.318200,530,1954,2712,0
2026-08-23 07:09:20.318220,617,1970,2571,0
2026-08-23 07:09:20.318240,615,1978,2855,0
2026-08-23 07:09:20.318260,479,1937,1974,0
2026-08-23 07:09:20.318280,571,2013,2884,0
2026-08-23 07:09:20.318300,623,1985,2993,0
2026-08-23 07:09:20.318320,476,1944,2325,0
2026-08-23 07:09:20.339192,497,1924,2874,0
2026-08-23 07:09:20.339212,636,1958,3384,0
2026-08-23 07:09:20.339232,526,1920,2711,0
2026-08-23 07:09:20.339252,618,1941,2550,0
2026-08-23 07:09:20.339272,614,1967,2757,0
2026-08-23 07:09:20.339292,449,1843,1007,0
2026-08-23 07:09:20.339312,500,2009,2898,0
2026-08-23 07:09:20.339332,633,2030,2908,0
2026-08-23 07:09:20.339352,643,2032,3465,0
2026-08-23 07:09:20.339372,494,1956,2638,0
2026-08-23 07:09:20.339392,603,1971,2547,0
2026-08-23 07:09:20.339412,616,1987,2867,0
2026-08-23 07:09:20.339432,498,2001,2832,0
2026-08-23 07:09:20.339452,621,2002,2873,0
2026-08-23 07:09:20.339472,619,1990,3148,0
2026-08-23 07:09:20.366168,529,1915,3442,0
2026-08-23 07:09:20.366188,503,1906,2650,0
2026-08-23 07:09:20.366208,604,1904,2530,0
2026-08-23 07:09:20.366228,601,1953,2888,0
2026-08-23 07:09:20.366248,534,1978,2866,0
2026-08-23 07:09:20.366268,630,1998,2897,0
2026-08-23 07:09:20.366288,644,1992,2973,0
2026-08-23 07:09:20.366308,379,1721,0,0
2026-08-23 07:09:20.366328,484,1958,2703,0
2026-08-23 07:09:20.366348,608,1985,2580,0
2026-08-23 07:09:20.366368,609,2026,2916,0
2026-08-23 07:09:20.366388,490,1969,2401,0
2026-08-23 07:09:20.366408,589,1984,2851,0
2026-08-23 07:09:20.366428,627,2008,3134,0
2026-08-23 07:09:20.388751,495,1921,2964,0
2026-08-23 07:09:20.388771,395,1717,0,0
2026-08-23 07:09:20.388791,483,1921,2691,0
2026-08-23 07:09:20.388811,603,1954,2582,0
2026-08-23 07:09:20.388831,618,2013,2940,0
2026-08-23 07:09:20.388851,488,1946,2490,0
2026-08-23 07:09:20.388871,601,2020,2861,0
2026-08-23 07:09:20.388891,646,1983,2992,0
2026-08-23 07:09:20.388911,365,1719,0,0
2026-08-23 07:09:20.388931,474,1974,2630,0
2026-08-23 07:09:20.388951,605,1967,2582,0
2026-08-23 07:09:20.388971,620,2054,2977,0
2026-08-23 07:09:20.388991,536,1991,3022,0
2026-08-23 07:09:20.389011,642,1984,2868,0
2026-08-23 07:09:20.389031,630,2031,3047,0
2026-08-23 07:09:20.389051,523,1984,2670,0
2026-08-23 07:09:20.389071,581,1980,2584,0
2026-08-23 07:09:20.410483,465,1802,2063,0
2026-08-23 07:09:20.410503,564,1906,2953,0
2026-08-23 07:09:20.410523,645,1969,2879,0
2026-08-23 07:09:20.410543,644,2013,3326,0
2026-08-23 07:09:20.410563,496,1963,2687,0
2026-08-23 07:09:20.410583,607,1942,2577,0
2026-08-23 07:09:20.410604,605,1996,2760,0
2026-08-23 07:09:20.410624,418,1823,239,0
2026-08-23 07:09:20.410644,418,1979,2917,0
2026-08-23 07:09:20.410663,621,2055,2894,0
2026-08-23 07:09:20.410683,642,2083,3232,0
2026-08-23 07:09:20.410703,496,1980,2604,0
2026-08-23 07:09:20.410723,593,1985,2341,0
2026-08-23 07:09:20.410743,594,1992,2985,0
2026-08-23 07:09:20.429094,494,1913,2803,0
2026-08-23 07:09:20.429114,464,1794,1349,0
2026-08-23 07:09:20.429134,536,1949,2894,0
2026-08-23 07:09:20.429154,629,2002,2908,0
2026-08-23 07:09:20.429174,650,2058,3477,0
2026-08-23 07:09:20.429194,502,1967,2658,0
2026-08-23 07:09:20.429214,611,1945,2538,0
2026-08-23 07:09:20.429234,612,1996,2883,0
2026-08-23 07:09:20.429254,533,1948,2876,0
2026-08-23 07:09:20.429274,635,1977,2898,0
2026-08-23 07:09:20.429294,611,2022,3147,0
2026-08-23 07:09:20.429314,523,1949,2743,0
2026-08-23 07:09:20.447202,502,1900,2926,0
2026-08-23 07:09:20.447222,655,1964,3915,0
2026-08-23 07:09:20.447242,529,1911,2641,0
2026-08-23 07:09:20.447263,605,1975,2551,0
2026-08-23 07:09:20.447283,613,2002,2946,0
2026-08-23 07:09:20.447303,530,2001,2975,0
2026-08-23 07:09:20.447323,637,2002,2880,0
2026-08-23 07:09:20.447342,638,2035,2898,0
2026-08-23 07:09:20.447362,436,1839,628,0
2026-08-23 07:09:20.447382,489,2006,2661,0
2026-08-23 07:09:20.447402,600,1971,2597,0
2026-08-23 07:09:20.447423,388,1743,0,0
2026-08-23 07:09:20.464391,482,1918,2545,0
2026-08-23 07:09:20.464411,595,1943,2831,0
2026-08-23 07:09:20.464431,527,1979,2812,0
2026-08-23 07:09:20.464451,613,1974,2900,0
2026-08-23 07:09:20.464471,633,2018,2950,0
2026-08-23 07:09:20.464491,425,1771,0,0
2026-08-23 07:09:20.464511,476,1977,2715,0
2026-08-23 07:09:20.464531,596,1948,2600,0
2026-08-23 07:09:20.464551,637,1990,2880,0
2026-08-23 07:09:20.464571,479,1932,2240,0
2026-08-23 07:09:20.464591,574,2020,2868,0
2026-08-23 07:09:20.483114,459,1797,1506,0
2026-08-23 07:09:20.483134,542,1957,2964,0
2026-08-23 07:09:20.483154,637,1952,2894,0
2026-08-23 07:09:20.483174,654,2002,3328,0
2026-08-23 07:09:20.483194,524,1957,2686,0
2026-08-23 07:09:20.483214,600,1994,2576,0
2026-08-23 07:09:20.483234,603,2006,2754,0
2026-08-23 07:09:20.483254,410,1779,122,0
2026-08-23 07:09:20.483274,489,1984,2909,0
2026-08-23 07:09:20.483294,622,2023,2882,0
2026-08-23 07:09:20.483314,648,2076,3474,0
2026-08-23 07:09:20.483334,501,1975,2598,0
2026-08-23 07:09:20.505991,528,1942,3151,0
2026-08-23 07:09:20.506011,491,1906,2382,0
2026-08-23 07:09:20.506031,589,1923,2612,0
2026-08-23 07:09:20.506051,596,1969,2657,0
2026-08-23 07:09:20.506071,629,2019,3200,0
2026-08-23 07:09:20.506091,531,1963,2889,0
2026-08-23 07:09:20.506111,632,1988,2864,0
2026-08-23 07:09:20.506131,635,2025,3221,0
2026-08-23 07:09:20.506151,486,1911,2249,0
2026-08-23 07:09:20.506171,575,1977,2541,0
2026-08-23 07:09:20.506191,611,1970,2704,0
2026-08-23 07:09:20.506211,464,1873,1419,0
2026-08-23 07:09:20.506231,554,1992,2947,0
2026-08-23 07:09:20.506251,625,2024,2944,0
2026-08-23 07:09:20.526914,526,1919,3254,0
2026-08-23 07:09:20.526934,493,1880,2457,0
2026-08-23 07:09:20.526954,577,1947,2573,0
2026-08-23 07:09:20.526974,602,1974,2753,0
2026-08-23 07:09:20.526994,485,1893,2097,0
2026-08-23 07:09:20.527014,579,1982,2957,0
2026-08-23 07:09:20.527035,636,1982,2894,0
2026-08-23 07:09:20.527055,641,2059,3366,0
2026-08-23 07:09:20.527074,497,1945,2687,0
2026-08-23 07:09:20.527094,602,1993,2547,0
2026-08-23 07:09:20.527114,601,1978,2759,0
2026-08-23 07:09:20.527134,446,1842,1114,0
2026-08-23 07:09:20.527154,498,2023,2915,0
2026-08-23 07:09:20.547815,495,1878,2886,0
2026-08-23 07:09:20.547835,624,1958,3008,0
2026-08-23 07:09:20.547855,419,1763,142,0
2026-08-23 07:09:20.547875,472,1879,2670,0
2026-08-23 07:09:20.547895,605,1989,2582,0
2026-08-23 07:09:20.547915,622,1992,2968,0
2026-08-23 07:09:20.547935,500,1980,2548,0
2026-08-23 07:09:20.547956,602,1989,2862,0
2026-08-23 07:09:20.547975,629,2023,3006,0
2026-08-23 07:09:20.547995,401,1780,0,0
2026-08-23 07:09:20.548015,481,1963,2614,0
2026-08-23 07:09:20.548035,610,1976,2623,0
2026-08-23 07:09:20.548055,421,1823,306,0
2026-08-23 07:09:20.568760,496,1895,2945,0
2026-08-23 07:09:20.568780,495,1886,2654,0
2026-08-23 07:09:20.568800,610,1979,2856,0
2026-08-23 07:09:20.568820,638,1968,3033,0
2026-08-23 07:09:20.568840,415,1805,278,0
2026-08-23 07:09:20.568860,481,1932,2614,0
2026-08-23 07:09:20.568880,602,1945,2602,0
2026-08-23 07:09:20.568900,617,1995,3114,0
2026-08-23 07:09:20.568920,540,2013,3020,0
2026-08-23 07:09:20.568940,660,1984,2871,0
2026-08-23 07:09:20.568960,638,2036,3121,0
2026-08-23 07:09:20.568980,487,1973,2361,0
2026-08-23 07:09:20.569000,570,1960,2584,0
2026-08-23 07:09:20.589731,487,1838,2547,0
2026-08-23 07:09:20.589751,601,1905,2753,0
2026-08-23 07:09:20.589771,476,1884,1997,0
2026-08-23 07:09:20.589791,561,1958,2961,0
2026-08-23 07:09:20.589811,642,1969,2885,0
2026-08-23 07:09:20.589831,645,2035,3255,0
2026-08-23 07:09:20.589851,523,1944,2705,0
2026-08-23 07:09:20.589871,602,1985,2587,0
2026-08-23 07:09:20.589890,610,1974,2708,0
2026-08-23 07:09:20.589911,415,1848,239,0
2026-08-23 07:09:20.589931,492,2017,2888,0
2026-08-23 07:09:20.589951,633,2011,2896,0
2026-08-23 07:09:20.589971,431,1691,0,0
2026-08-23 07:09:20.610653,526,1928,3335,0
2026-08-23 07:09:20.610673,528,1884,2703,0
2026-08-23 07:09:20.610693,600,1949,2593,0
2026-08-23 07:09:20.610713,614,1936,2761,0
2026-08-23 07:09:20.610733,431,1787,430,0
2026-08-23 07:09:20.610753,492,1997,2906,0
2026-08-23 07:09:20.610773,626,1939,2889,0
2026-08-23 07:09:20.610793,651,2068,3420,0
2026-08-23 07:09:20.610813,525,1948,2676,0
2026-08-23 07:09:20.610833,601,1996,2531,0
2026-08-23 07:09:20.610853,613,2008,2844,0
2026-08-23 07:09:20.610873,529,2002,2855,0
2026-08-23 07:09:20.610893,627,1978,2875,0
2026-08-23 07:09:20.631553,499,1874,2863,0
2026-08-23 07:09:20.631573,617,1920,3012,0
2026-08-23 07:09:20.631593,413,1732,0,0
2026-08-23 07:09:20.631613,473,1925,2597,0
2026-08-23 07:09:20.631634,611,1955,2602,0
2026-08-23 07:09:20.631654,621,2054,3095,0
2026-08-23 07:09:20.631674,537,1972,3026,0
2026-08-23 07:09:20.631694,640,1963,2862,0
2026-08-23 07:09:20.631713,639,2004,3052,0
2026-08-23 07:09:20.631733,474,1943,2054,0
2026-08-23 07:09:20.631753,568,1990,2640,0
2026-08-23 07:09:20.631773,699,1960,2651,0
2026-08-23 07:09:20.631793,374,1744,0,0
2026-08-23 07:09:20.652477,339,1589,0,0
2026-08-23 07:09:20.652497,500,1895,3032,0
2026-08-23 07:09:20.652517,627,1913,2862,0
2026-08-23 07:09:20.652537,632,1961,3146,0
2026-08-23 07:09:20.652557,566,1919,2363,0
2026-08-23 07:09:20.652577,470,1970,2612,0
2026-08-23 07:09:20.652597,615,1983,2639,0
2026-08-23 07:09:20.652617,628,1974,3173,0
2026-08-23 07:09:20.652637,498,1965,2886,0
2026-08-23 07:09:20.652657,643,2007,2839,0
2026-08-23 07:09:20.652677,644,1985,2945,0
2026-08-23 07:09:20.652697,486,1956,2378,0
2026-08-23 07:09:20.652717,627,1948,2545,0
2026-08-23 07:09:20.673231,482,1909,2601,0
2026-08-23 07:09:20.673251,604,1947,2691,0
2026-08-23 07:09:20.673271,437,1619,0,0
2026-08-23 07:09:20.673291,481,1901,2901,0
2026-08-23 07:09:20.673311,627,1970,2861,0
2026-08-23 07:09:20.673331,642,1999,3303,0
2026-08-23 07:09:20.673351,493,1912,2391,0
2026-08-23 07:09:20.673371,597,1955,2532,0
2026-08-23 07:09:20.673391,621,1980,2760,0
2026-08-23 07:09:20.673411,495,1936,2227,0
2026-08-23 07:09:20.673431,588,2017,2947,0
2026-08-23 07:09:20.673451,637,2036,2928,0
2026-08-23 07:09:20.673471,350,1680,0,0
2026-08-23 07:09:20.694202,501,1938,3296,0
2026-08-23 07:09:20.694222,494,1861,2515,0
2026-08-23 07:09:20.694242,589,1903,2612,0
2026-08-23 07:09:20.694262,612,1943,2765,0
2026-08-23 07:09:20.694282,483,1936,2262,0
2026-08-23 07:09:20.694302,594,1970,2930,0
2026-08-23 07:09:20.694322,642,1986,2893,0
2026-08-23 07:09:20.694342,647,2004,3372,0
2026-08-23 07:09:20.694362,571,1945,2704,0
2026-08-23 07:09:20.694382,611,1949,2574,0
2026-08-23 07:09:20.694402,604,2021,2785,0
2026-08-23 07:09:20.694422,451,1921,1451,0
2026-08-23 07:09:20.694442,530,2008,2860,0
2026-08-23 07:09:20.714567,491,1851,2873,0
2026-08-23 07:09:20.714587,633,1953,3022,0
2026-08-23 07:09:20.714607,453,1791,1132,0
2026-08-23 07:09:20.714627,492,1949,2654,0
2026-08-23 07:09:20.714647,599,1969,2600,0
2026-08-23 07:09:20.714667,608,1982,3039,0
2026-08-23 07:09:20.714687,501,1965,2750,0
2026-08-23 07:09:20.714707,619,1985,2855,0
2026-08-23 07:09:20.714727,634,1999,3082,0
2026-08-23 07:09:20.714747,449,1877,1138,0
2026-08-23 07:09:20.714767,492,1995,2597,0
2026-08-23 07:09:20.714787,600,1953,2668,0
2026-08-23 07:09:20.714807,502,1933,2502,0
2026-08-23 07:09:20.734989,494,1889,2760,0
2026-08-23 07:09:20.735009,464,1870,2030,0
2026-08-23 07:09:20.735029,535,1930,2867,0
2026-08-23 07:09:20.735049,640,1978,2963,0
2026-08-23 07:09:20.735069,437,1758,0,0
2026-08-23 07:09:20.735089,479,1934,2640,0
2026-08-23 07:09:20.735109,593,1952,2576,0
2026-08-23 07:09:20.735129,615,2015,2975,0
2026-08-23 07:09:20.735149,534,1975,2982,0
2026-08-23 07:09:20.735169,637,2010,2867,0
2026-08-23 07:09:20.735189,637,1995,3022,0
2026-08-23 07:09:20.735209,480,1923,1705,0
2026-08-23 07:09:20.735229,533,1972,2582,0
2026-08-23 07:09:20.755191,454,1825,2257,0
2026-08-23 07:09:20.755211,563,1923,2541,0
2026-08-23 07:09:20.755231,604,1972,2704,0
2026-08-23 07:09:20.755251,473,1897,1676,0
2026-08-23 07:09:20.755271,557,1999,2970,0
2026-08-23 07:09:20.755291,641,1958,2876,0
2026-08-23 07:09:20.755311,642,2030,3324,0
2026-08-23 07:09:20.755332,529,1969,2671,0
2026-08-23 07:09:20.755351,634,1944,2548,0
2026-08-23 07:09:20.755371,611,1975,2743,0
2026-08-23 07:09:20.755391,405,1775,0,0
2026-08-23 07:09:20.755411,495,1980,2890,0
2026-08-23 07:09:20.755431,598,1990,3189,0
2026-08-23 07:09:20.775829,495,1888,2870,0
2026-08-23 07:09:20.775849,639,1957,3120,0
2026-08-23 07:09:20.775869,486,1874,2115,0
2026-08-23 07:09:20.775889,589,1969,2634,0
2026-08-23 07:09:20.775909,613,1991,2637,0
2026-08-23 07:09:20.775929,631,2022,3142,0
2026-08-23 07:09:20.775949,529,1955,2860,0
2026-08-23 07:09:20.775969,626,2006,2846,0
2026-08-23 07:09:20.775989,638,1997,3171,0
2026-08-23 07:09:20.776009,478,1899,1949,0
2026-08-23 07:09:20.776029,557,1982,2547,0
2026-08-23 07:09:20.776049,600,1998,2674,0
2026-08-23 07:09:20.776069,523,1994,2943,0
2026-08-23 07:09:20.797029,524,1929,3126,0
2026-08-23 07:09:20.797049,537,1905,2876,0
2026-08-23 07:09:20.797069,635,1932,2846,0
2026-08-23 07:09:20.797089,637,1980,3187,0
2026-08-23 07:09:20.797109,495,1925,2189,0
2026-08-23 07:09:20.797129,572,1955,2573,0
2026-08-23 07:09:20.797149,623,1967,2686,0
2026-08-23 07:09:20.797169,452,1900,1237,0
2026-08-23 07:09:20.797189,530,1985,2979,0
2026-08-23 07:09:20.797209,639,2003,2879,0
2026-08-23 07:09:20.797229,644,2011,3299,0
2026-08-23 07:09:20.797249,528,1973,2688,0
2026-08-23 07:09:20.797269,593,1986,2537,0
2026-08-23 07:09:20.817506,486,1876,2536,0
2026-08-23 07:09:20.817526,599,1924,2948,0
2026-08-23 07:09:20.817546,532,1940,2960,0
2026-08-23 07:09:20.817566,640,1950,2892,0
2026-08-23 07:09:20.817586,631,2013,2994,0
2026-08-23 07:09:20.817606,436,1783,487,0
2026-08-23 07:09:20.817626,491,1982,2689,0
2026-08-23 07:09:20.817646,611,1997,2596,0
2026-08-23 07:09:20.817666,610,2012,2960,0
2026-08-23 07:09:20.817686,491,1981,2548,0
2026-08-23 07:09:20.817706,597,1975,2849,0
2026-08-23 07:09:20.817726,631,2026,3050,0
2026-08-23 07:09:20.817746,481,1938,2418,0
2026-08-23 07:09:20.838637,524,1949,3261,0
2026-08-23 07:09:20.838657,529,1920,2683,0
2026-08-23 07:09:20.838677,606,1942,2577,0
2026-08-23 07:09:20.838697,599,1949,2796,0
2026-08-23 07:09:20.838717,459,1838,1272,0
2026-08-23 07:09:20.838737,530,1975,2884,0
2026-08-23 07:09:20.838757,637,2010,2910,0
2026-08-23 07:09:20.838777,647,2056,3491,0
2026-08-23 07:09:20.838797,524,1946,2597,0
2026-08-23 07:09:20.838817,610,1960,2545,0
2026-08-23 07:09:20.838837,611,2023,2900,0
2026-08-23 07:09:20.838857,537,1978,2963,0
2026-08-23 07:09:20.838877,631,1982,2865,0
2026-08-23 07:09:20.859703,492,1905,2856,0
2026-08-23 07:09:20.859723,630,1928,3061,0
2026-08-23 07:09:20.859743,454,1820,1305,0
2026-08-23 07:09:20.859763,528,1930,2593,0
2026-08-23 07:09:20.859783,605,1951,2637,0
2026-08-23 07:09:20.859803,372,1710,0,0
2026-08-23 07:09:20.859823,486,2003,3009,0
2026-08-23 07:09:20.859843,624,1974,2872,0
2026-08-23 07:09:20.859863,664,2054,3175,0
2026-08-23 07:09:20.859883,490,1962,2415,0
2026-08-23 07:09:20.859903,590,1964,2611,0
2026-08-23 07:09:20.859923,605,1961,2692,0
2026-08-23 07:09:20.859943,455,1877,1142,0
2026-08-23 07:09:20.880884,448,1845,2057,0
2026-08-23 07:09:20.880904,565,1968,2865,0
2026-08-23 07:09:20.880924,665,1940,2896,0
2026-08-23 07:09:20.880944,648,1985,3385,0
2026-08-23 07:09:20.880964,527,1972,2738,0
2026-08-23 07:09:20.880984,608,1959,2578,0
2026-08-23 07:09:20.881004,604,1995,2867,0
2026-08-23 07:09:20.881024,444,1856,1226,0
2026-08-23 07:09:20.881044,526,2002,2902,0
2026-08-23 07:09:20.881064,632,2070,2917,0
2026-08-23 07:09:20.881084,649,2020,3483,0
2026-08-23 07:09:20.881104,523,1985,2594,0
2026-08-23 07:09:20.881124,592,1952,2601,0
2026-08-23 07:09:20.902116,482,1873,2601,0
2026-08-23 07:09:20.902136,615,1961,3126,0
2026-08-23 07:09:20.902156,523,1946,2858,0
2026-08-23 07:09:20.902176,625,1979,2858,0
2026-08-23 07:09:20.902196,635,2009,3154,0
2026-08-23 07:09:20.902216,487,1881,1977,0
2026-08-23 07:09:20.902236,563,1946,2579,0
2026-08-23 07:09:20.902256,619,2006,2671,0
2026-08-23 07:09:20.902276,434,1810,460,0
2026-08-23 07:09:20.902296,495,2016,2992,0
2026-08-23 07:09:20.902316,633,2017,2873,0
2026-08-23 07:09:20.902336,643,2016,3286,0
2026-08-23 07:09:20.902356,500,1948,2721,0
2026-08-23 07:09:20.923011,451,1828,2603,0
2026-08-23 07:09:20.923031,597,1884,2541,0
2026-08-23 07:09:20.923051,606,1965,2848,0
2026-08-23 07:09:20.923071,529,1960,2799,0
2026-08-23 07:09:20.923091,619,1973,2909,0
2026-08-23 07:09:20.923111,616,1960,2942,0
2026-08-23 07:09:20.923131,450,1662,0,0
2026-08-23 07:09:20.923151,480,1914,2711,0
2026-08-23 07:09:20.923171,605,1941,2574,0
2026-08-23 07:09:20.923191,613,1969,2887,0
2026-08-23 07:09:20.923211,486,1898,2202,0
2026-08-23 07:09:20.923231,581,1977,2850,0
2026-08-23 07:09:20.923251,625,1988,3138,0
2026-08-23 07:09:20.943334,489,1924,3055,0
2026-08-23 07:09:20.943354,465,1834,1828,0
2026-08-23 07:09:20.943374,558,1933,2633,0
2026-08-23 07:09:20.943394,607,1931,2607,0
2026-08-23 07:09:20.943414,622,1966,3097,0
2026-08-23 07:09:20.943434,528,1967,2818,0
2026-08-23 07:09:20.943455,624,1987,2843,0
2026-08-23 07:09:20.943475,618,2014,3125,0
2026-08-23 07:09:20.943494,464,1861,1686,0
2026-08-23 07:09:20.943514,543,1945,2621,0
2026-08-23 07:09:20.943534,606,1973,2644,0
2026-08-23 07:09:20.943554,450,1854,930,0
2026-08-23 07:09:20.943574,531,2013,2927,0
2026-08-23 07:09:20.964397,425,1776,1198,0
2026-08-23 07:09:20.964417,523,1913,2866,0
2026-08-23 07:09:20.964437,632,1987,2987,0
2026-08-23 07:09:20.964457,362,1684,0,0
2026-08-23 07:09:20.964477,479,1928,2619,0
2026-08-23 07:09:20.964497,602,1950,2572,0
2026-08-23 07:09:20.964517,619,1956,3008,0
2026-08-23 07:09:20.964537,538,1981,3017,0
2026-08-23 07:09:20.964557,645,1973,2877,0
2026-08-23 07:09:20.964577,630,2020,3041,0
2026-08-23 07:09:20.964597,461,1860,1478,0
2026-08-23 07:09:20.964617,534,1957,2628,0
2026-08-23 07:09:20.964637,601,1967,2674,0
2026-08-23 07:09:20.985357,488,1892,2618,0
2026-08-23 07:09:20.985377,373,1642,0,0
2026-08-23 07:09:20.985397,491,1952,2999,0
2026-08-23 07:09:20.985417,627,1995,2865,0
2026-08-23 07:09:20.985437,633,1996,3167,0
2026-08-23 07:09:20.985457,482,1918,2395,0
2026-08-23 07:09:20.985477,584,1992,2620,0
2026-08-23 07:09:20.985497,603,2002,2651,0
2026-08-23 07:09:20.985517,625,2034,3190,0
2026-08-23 07:09:20.985537,529,1964,2900,0
2026-08-23 07:09:20.985557,633,1974,2843,0
2026-08-23 07:09:20.985577,643,2037,3266,0
2026-08-23 07:09:20.985597,529,1939,2608,0
2026-08-23 07:09:21.006371,461,1887,2624,0
2026-08-23 07:09:21.006391,594,1931,2575,0
2026-08-23 07:09:21.006411,592,1932,2710,0
2026-08-23 07:09:21.006431,368,1714,0,0
2026-08-23 07:09:21.006451,492,1977,2601,0
2026-08-23 07:09:21.006471,621,1991,2867,0
2026-08-23 07:09:21.006491,653,2066,3351,0
2026-08-23 07:09:21.006511,485,1927,2572,0
2026-08-23 07:09:21.006531,603,1982,2539,0
2026-08-23 07:09:21.006551,609,1992,2779,0
2026-08-23 07:09:21.006571,495,1949,2486,0
2026-08-23 07:09:21.006591,596,2014,2900,0
2026-08-23 07:09:21.006611,595,2018,3015,0
2026-08-23 07:09:21.027406,495,1901,2925,0
2026-08-23 07:09:21.027426,717,1933,880,0
2026-08-23 07:09:21.027447,481,1932,2639,0
2026-08-23 07:09:21.027467,602,1916,2549,0
2026-08-23 07:09:21.027487,616,1997,2976,0
2026-08-23 07:09:21.027507,551,1992,2925,0
2026-08-23 07:09:21.027527,633,2006,2878,0
2026-08-23 07:09:21.027547,633,2014,3015,0
2026-08-23 07:09:21.027566,450,1857,959,0
2026-08-23 07:09:21.027586,488,1954,2662,0
2026-08-23 07:09:21.027606,609,1972,2604,0
2026-08-23 07:09:21.027627,609,2003,3094,0
2026-08-23 07:09:21.027647,497,1999,2886,0
2026-08-23 07:09:21.048419,492,1877,2999,0
2026-08-23 07:09:21.048440,623,1950,2867,0
2026-08-23 07:09:21.048460,643,1988,3268,0
2026-08-23 07:09:21.048480,526,1939,2593,0
2026-08-23 07:09:21.048500,602,1946,2580,0
2026-08-23 07:09:21.048520,605,1960,2693,0
2026-08-23 07:09:21.048540,374,1684,0,0
2026-08-23 07:09:21.048560,481,1926,2883,0
2026-08-23 07:09:21.048579,631,1979,2877,0
2026-08-23 07:09:21.048599,642,2022,3328,0
2026-08-23 07:09:21.048620,499,1941,2516,0
2026-08-23 07:09:21.048640,593,1931,2526,0
2026-08-23 07:09:21.048660,599,1993,2953,0
2026-08-23 07:09:21.069788,491,1897,2801,0
2026-08-23 07:09:21.069808,470,1861,1798,0
2026-08-23 07:09:21.069828,558,1962,2878,0
2026-08-23 07:09:21.069848,622,1957,2930,0
2026-08-23 07:09:21.069868,656,2058,3530,0
2026-08-23 07:09:21.069888,526,1957,2650,0
2026-08-23 07:09:21.069908,603,1995,2547,0
2026-08-23 07:09:21.069928,608,1984,2928,0
2026-08-23 07:09:21.069948,532,2008,2931,0
2026-08-23 07:09:21.069968,645,1983,2890,0
2026-08-23 07:09:21.069988,643,1992,2976,0
2026-08-23 07:09:21.070008,449,1826,1034,0
2026-08-23 07:09:21.070028,486,1947,2604,0
2026-08-23 07:09:21.090858,481,1879,2583,0
2026-08-23 07:09:21.090878,596,1900,2653,0
2026-08-23 07:09:21.090898,430,1756,364,0
2026-08-23 07:09:21.090918,487,1997,3002,0
2026-08-23 07:09:21.090938,637,1967,2867,0
2026-08-23 07:09:21.090958,651,1996,3228,0
2026-08-23 07:09:21.090978,533,1936,2546,0
2026-08-23 07:09:21.090998,595,2011,2596,0
2026-08-23 07:09:21.091018,609,1983,2694,0
2026-08-23 07:09:21.091038,628,2011,3255,0
2026-08-23 07:09:21.091058,527,2005,2905,0
2026-08-23 07:09:21.091078,624,2004,2882,0
2026-08-23 07:09:21.091098,640,2068,3531,0
2026-08-23 07:09:21.111854,581,1971,1523,0
2026-08-23 07:09:21.111874,483,1911,2719,0
2026-08-23 07:09:21.111894,608,1897,2586,0
2026-08-23 07:09:21.111914,612,1985,2914,0
2026-08-23 07:09:21.111934,486,1953,2369,0
2026-08-23 07:09:21.111954,586,1986,2865,0
2026-08-23 07:09:21.111974,633,1976,2971,0
2026-08-23 07:09:21.111994,363,1733,0,0
2026-08-23 07:09:21.112014,478,1967,2630,0
2026-08-23 07:09:21.112034,595,1983,2588,0
2026-08-23 07:09:21.112054,617,1990,3018,0
2026-08-23 07:09:21.112074,501,2004,3019,0
2026-08-23 07:09:21.112094,630,1958,2865,0
2026-08-23 07:09:21.132886,482,1912,2858,0
2026-08-23 07:09:21.132906,635,1927,3118,0
2026-08-23 07:09:21.132926,443,1819,1557,0
2026-08-23 07:09:21.132946,535,1954,2583,0
2026-08-23 07:09:21.132966,597,1950,2637,0
2026-08-23 07:09:21.132986,405,1753,0,0
2026-08-23 07:09:21.133006,493,1999,2989,0
2026-08-23 07:09:21.133026,637,1986,2873,0
2026-08-23 07:09:21.133046,636,2062,3201,0
2026-08-23 07:09:21.133066,494,1979,2511,0
2026-08-23 07:09:21.133086,598,1995,2577,0
2026-08-23 07:09:21.133106,605,1998,2698,0
2026-08-23 07:09:21.133126,456,1866,1505,0
2026-08-23 07:09:21.154121,463,1832,2108,0
2026-08-23 07:09:21.154141,567,1933,2955,0
2026-08-23 07:09:21.154161,634,1970,2911,0
2026-08-23 07:09:21.154181,653,2029,3404,0
2026-08-23 07:09:21.154201,526,1939,2713,0
2026-08-23 07:09:21.154221,603,1951,2583,0
2026-08-23 07:09:21.154241,616,2002,2796,0
2026-08-23 07:09:21.154261,445,1872,1097,0
2026-08-23 07:09:21.154281,523,1985,2921,0
2026-08-23 07:09:21.154301,635,1980,2904,0
2026-08-23 07:09:21.154321,636,2074,3442,0
2026-08-23 07:09:21.154341,497,1979,2647,0
2026-08-23 07:09:21.154361,590,1938,2579,0
2026-08-23 07:09:21.175128,487,1884,2597,0
2026-08-23 07:09:21.175148,612,1951,2922,0
2026-08-23 07:09:21.175169,525,1925,2673,0
2026-08-23 07:09:21.175189,615,1961,2831,0
2026-08-23 07:09:21.175209,641,1962,3021,0
2026-08-23 07:09:21.175229,303,1825,621,0
2026-08-23 07:09:21.175249,487,1981,2617,0
2026-08-23 07:09:21.175269,603,1957,2634,0
2026-08-23 07:09:21.175288,625,2020,2354,0
2026-08-23 07:09:21.175308,525,2010,3014,0
2026-08-23 07:09:21.175328,640,1981,2863,0
2026-08-23 07:09:21.175349,633,2014,3170,0
2026-08-23 07:09:21.175369,523,1974,2676,0
2026-08-23 07:09:22.661263,483,1859,2363,0
2026-08-23 07:09:22.661283,583,1885,2528,0
2026-08-23 07:09:22.661303,602,1948,2755,0
2026-08-23 07:09:22.661323,485,1887,2113,0
2026-08-23 07:09:22.661343,581,1970,2944,0
2026-08-23 07:09:22.661363,638,1983,2876,0
2026-08-23 07:09:22.661382,650,2022,3372,0
2026-08-23 07:09:22.661402,528,1962,2707,0
2026-08-23 07:09:22.661422,611,1967,2585,0
2026-08-23 07:09:22.661443,609,1984,2778,0
2026-08-23 07:09:22.661463,424,1820,595,0
2026-08-23 07:09:22.661483,498,1995,2888,0
2026-08-23 07:09:22.661503,632,2058,2886,0
2026-08-23 07:09:22.661523,643,2079,3408,0
2026-08-23 07:09:22.661543,525,2018,2628,0
2026-08-23 07:09:22.661562,603,2000,2536,0
2026-08-23 07:09:22.661582,609,1990,2798,0
2026-08-23 07:09:22.661602,528,1985,2721,0
2026-08-23 07:09:22.661623,628,2024,2923,0
2026-08-23 07:09:22.661643,639,2023,2929,0
2026-08-23 07:09:22.661663,649,2056,3489,0
2026-08-23 07:09:22.661683,534,1995,2704,0
2026-08-23 07:09:22.661703,620,1952,2581,0
2026-08-23 07:09:22.661722,608,2010,2817,0
2026-08-23 07:09:22.661742,470,1917,1780,0
2026-08-23 07:09:22.661762,550,1978,2872,0
2026-08-23 07:09:22.661783,636,2017,2926,0
2026-08-23 07:09:22.661803,657,2026,3535,0
2026-08-23 07:09:22.661823,522,1981,2643,0
2026-08-23 07:09:22.661843,605,1972,2540,0
2026-08-23 07:09:22.661863,615,2025,2919,0
2026-08-23 07:09:22.661883,538,1972,2949,0
2026-08-23 07:09:22.661902,642,1977,2884,0
2026-08-23 07:09:22.661922,638,2062,2986,0
2026-08-23 07:09:22.661942,421,1791,108,0
2026-08-23 07:09:22.661963,488,1997,2678,0
2026-08-23 07:09:22.661983,600,1978,2593,0
2026-08-23 07:09:22.662003,620,2030,2969,0
2026-08-23 07:09:22.662023,496,1944,2546,0
2026-08-23 07:09:22.662043,611,1977,2865,0
2026-08-23 07:09:22.662063,636,1998,3002,0
2026-08-23 07:09:22.662082,399,1778,0,0
2026-08-23 07:09:22.662102,482,2005,2618,0
2026-08-23 07:09:22.662122,606,2002,2609,0
2026-08-23 07:09:22.662143,624,1994,3053,0
2026-08-23 07:09:22.662163,536,1987,3008,0
2026-08-23 07:09:22.662183,640,2026,2867,0
2026-08-23 07:09:22.662203,642,2021,3087,0
2026-08-23 07:09:22.662223,480,1912,1931,0
2026-08-23 07:09:22.662243,557,1960,2636,0
2026-08-23 07:09:22.662262,610,1974,2617,0
2026-08-23 07:09:22.662282,626,2033,3095,0
2026-08-23 07:09:22.662302,534,1963,2811,0
2026-08-23 07:09:22.662323,628,1977,2837,0
2026-08-23 07:09:22.662343,634,2007,3121,0
2026-08-23 07:09:22.662363,469,1873,1627,0
2026-08-23 07:09:22.662383,558,1962,2586,0
2026-08-23 07:09:22.662403,609,1995,2639,0
2026-08-23 07:09:22.662423,346,1797,0,0
2026-08-23 07:09:22.662442,493,1987,3002,0
2026-08-23 07:09:22.662462,636,1980,2864,0
2026-08-23 07:09:22.662483,647,2009,3204,0
2026-08-23 07:09:22.662503,501,1938,2511,0
2026-08-23 07:09:22.662523,603,1964,2600,0
2026-08-23 07:09:22.662543,610,1984,2685,0
2026-08-23 07:09:22.662563,630,2064,3246,0
2026-08-23 07:09:22.662583,529,2012,2912,0
2026-08-23 07:09:22.662602,615,1994,2861,0
2026-08-23 07:09:22.662622,633,2014,3258,0
2026-08-23 07:09:22.662642,495,1941,2426,0
2026-08-23 07:09:22.662663,596,1958,2613,0
2026-08-23 07:09:22.662683,598,1982,2728,0
2026-08-23 07:09:22.662703,485,1926,1955,0
2026-08-23 07:09:22.662723,572,2006,2956,0
2026-08-23 07:09:22.662743,633,2029,2889,0
2026-08-23 07:09:22.662763,650,2065,3353,0
2026-08-23 07:09:22.662782,528,1986,2681,0
2026-08-23 07:09:22.662802,611,1998,2583,0
2026-08-23 07:09:22.662822,611,1980,2753,0
2026-08-23 07:09:22.662843,416,1810,128,0
2026-08-23 07:09:22.662863,491,2012,2904,0
2026-08-23 07:09:22.662883,633,1992,2872,0
2026-08-23 07:09:22.662903,648,2028,3389,0
2026-08-23 07:09:22.662923,500,1982,2592,0
2026-08-23 07:09:22.662943,603,1985,2539,0
2026-08-23 07:09:22.662962,611,1989,2816,0
2026-08-23 07:09:22.662982,502,1962,2655,0
2026-08-23 07:09:22.663002,615,2023,2912,0
2026-08-23 07:09:22.663023,642,1989,2924,0
2026-08-23 07:09:22.663043,659,2031,3473,0
2026-08-23 07:09:22.663063,529,1995,2716,0
2026-08-23 07:09:22.663083,611,1994,2544,0
2026-08-23 07:09:22.663103,615,2015,2844,0
2026-08-23 07:09:22.663123,474,1903,1737,0
2026-08-23 07:09:22.663142,546,1967,2888,0
2026-08-23 07:09:22.663162,633,2024,2950,0
2026-08-23 07:09:22.663182,664,2031,3521,0
2026-08-23 07:09:22.663203,539,1948,2632,0
2026-08-23 07:09:22.663223,603,1956,2589,0
2026-08-23 07:09:22.663243,614,1989,2888,0
2026-08-23 07:09:22.663263,522,1974,2928,0
2026-08-23 07:09:22.663283,643,2023,2900,0
2026-08-23 07:09:22.663302,642,1990,2966,0
2026-08-23 07:09:22.663322,409,1786,0,0
2026-08-23 07:09:22.663342,487,1977,2690,0
2026-08-23 07:09:22.663363,607,1965,2577,0
2026-08-23 07:09:22.663383,618,2001,2953,0
2026-08-23 07:09:22.663403,496,1940,2504,0
2026-08-23 07:09:22.663423,606,1974,2850,0
2026-08-23 07:09:22.663443,622,2001,3018,0
2026-08-23 07:09:22.663463,404,1788,0,0
2026-08-23 07:09:22.663482,487,1968,2609,0
2026-08-23 07:09:22.663502,603,1981,2580,0
2026-08-23 07:09:22.663522,620,2001,3060,0
2026-08-23 07:09:22.663543,544,2025,3027,0
2026-08-23 07:09:22.663563,634,2023,2866,0
2026-08-23 07:09:22.663583,637,2034,3102,0
2026-08-23 07:09:22.663603,480,1934,1931,0
2026-08-23 07:09:22.663623,573,1995,2631,0
2026-08-23 07:09:22.663643,613,1967,2626,0
2026-08-23 07:09:22.663662,630,2032,3121,0
2026-08-23 07:09:22.663682,529,2017,2853,0
2026-08-23 07:09:22.663702,641,2022,2842,0
2026-08-23 07:09:22.663723,634,2056,3150,0
2026-08-23 07:09:22.663743,465,1896,1863,0
2026-08-23 07:09:22.663763,553,1998,2576,0
2026-08-23 07:09:22.663783,604,2014,2653,0
2026-08-23 07:09:22.663803,413,1828,189,0
2026-08-23 07:09:22.663823,488,2032,3011,0
2026-08-23 07:09:22.663842,637,2012,2953,0
2026-08-23 07:09:22.663862,641,2011,3207,0
2026-08-23 07:09:22.663882,524,1956,2542,0
2026-08-23 07:09:22.663903,601,1958,2596,0
2026-08-23 07:09:22.663923,611,1975,2680,0
2026-08-23 07:09:22.663943,608,2024,2454,0
2026-08-23 07:09:22.663963,503,1945,2911,0
2026-08-23 07:09:22.663983,633,1988,2866,0
2026-08-23 07:09:22.664003,650,2013,3288,0
2026-08-23 07:09:22.664022,487,1964,2475,0
2026-08-23 07:09:22.664042,593,1954,2542,0
2026-08-23 07:09:22.664062,611,1988,2746,0
2026-08-23 07:09:22.664083,486,1917,2061,0
2026-08-23 07:09:22.664103,571,2016,2958,0
2026-08-23 07:09:22.664123,637,2022,2882,0
2026-08-23 07:09:22.664143,647,2073,3359,0
2026-08-23 07:09:22.664163,499,1957,2710,0
2026-08-23 07:09:22.664182,610,1985,2580,0
2026-08-23 07:09:22.664202,608,1997,2754,0
2026-08-23 07:09:22.664222,421,1833,311,0
2026-08-23 07:09:22.664243,495,1983,2907,0
2026-08-23 07:09:22.664263,631,1991,2887,0
2026-08-23 07:09:22.664283,652,2068,3414,0
2026-08-23 07:09:22.664303,524,1989,2631,0
2026-08-23 07:09:22.664323,614,1992,2531,0
2026-08-23 07:09:22.664343,607,1985,2832,0
2026-08-23 07:09:22.664362,529,1989,2701,0
2026-08-23 07:09:22.664382,615,1981,2904,0
2026-08-23 07:09:22.664402,627,2021,2931,0
2026-08-23 07:09:22.664423,713,2123,1818,0
2026-08-23 07:09:22.664443,485,1971,2698,0
2026-08-23 07:09:22.664463,613,1928,2549,0
2026-08-23 07:09:22.664483,606,1970,2863,0
2026-08-23 07:09:22.664503,483,1942,2036,0
2026-08-23 07:09:22.664523,575,1962,2848,0
2026-08-23 07:09:22.664542,639,2011,2952,0
2026-08-23 07:09:22.664562,663,2022,4118,0
2026-08-23 07:09:22.664582,535,1962,2630,0
2026-08-23 07:09:22.664603,601,1987,2581,0
2026-08-23 07:09:22.664623,617,1987,2940,0
2026-08-23 07:09:22.664643,530,2013,2979,0
2026-08-23 07:09:22.664663,639,1983,2868,0
2026-08-23 07:09:22.664683,635,2059,3004,0
2026-08-23 07:09:22.664703,438,1816,646,0
2026-08-23 07:09:22.664722,483,2003,2663,0
2026-08-23 07:09:22.664742,610,1973,2590,0
2026-08-23 07:09:22.664762,617,2054,3004,0
2026-08-23 07:09:22.664783,500,1963,2639,0
2026-08-23 07:09:22.664803,614,2015,2857,0
2026-08-23 07:09:22.664823,635,2025,3039,0
2026-08-23 07:09:22.664843,419,1793,313,0
2026-08-23 07:09:22.664863,467,1962,2610,0
2026-08-23 07:09:22.664882,599,2008,2598,0
2026-08-23 07:09:22.664902,622,2019,3089,0
2026-08-23 07:09:22.664922,534,2027,3023,0
2026-08-23 07:09:22.664943,641,1986,2867,0
2026-08-23 07:09:22.664963,645,2025,2919,0
2026-08-23 07:09:22.664983,482,1943,2071,0
2026-08-23 07:09:22.665003,483,1970,2624,0
2026-08-23 07:09:22.665023,611,1984,2630,0
2026-08-23 07:09:22.665043,622,2055,3142,0
2026-08-23 07:09:22.665062,530,1977,2850,0
2026-08-23 07:09:22.665082,636,1986,2858,0
2026-08-23 07:09:22.665102,637,2028,3161,0
2026-08-23 07:09:22.665123,480,1904,1919,0
2026-08-23 07:09:22.665143,556,1999,2581,0
2026-08-23 07:09:22.665163,600,2002,2669,0
2026-08-23 07:09:22.665183,442,1838,425,0
2026-08-23 07:09:22.665203,496,1988,2995,0
2026-08-23 07:09:22.665223,742,1987,2866,0
2026-08-23 07:09:22.665242,638,2018,3232,0
2026-08-23 07:09:22.665262,493,1952,2600,0
2026-08-23 07:09:22.665282,601,2007,2596,0
2026-08-23 07:09:22.665303,605,2013,2695,0
2026-08-23 07:09:22.665323,428,1787,0,0
2026-08-23 07:09:22.665343,483,2005,2915,0
2026-08-23 07:09:22.665363,628,2017,2846,0
2026-08-23 07:09:22.665383,628,2055,3290,0
2026-08-23 07:09:22.665403,487,1941,2484,0
2026-08-23 07:09:22.665422,582,1997,2541,0
2026-08-23 07:09:22.665442,609,1981,2779,0
2026-08-23 07:09:22.665462,485,1962,2239,0
2026-08-23 07:09:22.665483,594,1999,2946,0
2026-08-23 07:09:22.665503,637,2029,2889,0
2026-08-23 07:09:22.665523,646,2086,3385,0
2026-08-23 07:09:22.665543,532,1955,2709,0
2026-08-23 07:09:22.665563,607,2000,2549,0
2026-08-23 07:09:22.665583,609,1988,2778,0
2026-08-23 07:09:22.665602,449,1839,994,0
2026-08-23 07:09:22.665622,533,1966,2895,0
2026-08-23 07:09:22.665642,634,2005,2897,0
2026-08-23 07:09:22.665663,653,2066,3465,0
2026-08-23 07:09:22.665683,523,1951,2632,0
2026-08-23 07:09:22.665703,603,1984,2534,0
2026-08-23 07:09:22.665723,606,2003,2866,0
2026-08-23 07:09:22.665743,537,1964,2848,0
2026-08-23 07:09:22.665762,627,2004,2877,0
2026-08-23 07:09:22.665782,632,2022,2947,0
2026-08-23 07:09:22.665802,358,1730,0,0
2026-08-23 07:09:22.665823,483,1973,2690,0
2026-08-23 07:09:22.665843,606,1969,2573,0
2026-08-23 07:09:22.665863,616,1977,2940,0
2026-08-23 07:09:22.665883,532,1961,2381,0
2026-08-23 07:09:22.665903,598,1979,2867,0
2026-08-23 07:09:22.665923,631,1989,2987,0
2026-08-23 07:09:22.665942,374,1720,0,0
2026-08-23 07:09:22.665962,488,1957,2635,0
2026-08-23 07:09:22.665982,602,1967,2535,0
2026-08-23 07:09:22.666003,617,1981,3023,0
2026-08-23 07:09:22.666023,526,2014,2973,0
2026-08-23 07:09:22.666043,642,2016,2853,0
2026-08-23 07:09:22.666063,636,1998,3086,0
2026-08-23 07:09:22.666083,478,1880,1809,0
2026-08-23 07:09:22.666103,545,1961,2640,0
2026-08-23 07:09:22.666122,605,2004,2602,0
2026-08-23 07:09:22.666142,621,2035,3089,0
2026-08-23 07:09:22.666162,530,1981,2831,0
2026-08-23 07:09:22.666183,618,1983,2827,0
2026-08-23 07:09:22.666203,630,2073,3125,0
2026-08-23 07:09:22.666223,472,1876,1756,0
2026-08-23 07:09:22.666243,547,1966,2581,0
2026-08-23 07:09:22.666263,610,1979,2653,0
2026-08-23 07:09:22.666283,418,1824,104,0
2026-08-23 07:09:22.666302,495,1997,3002,0
2026-08-23 07:09:22.666322,642,2022,2847,0
2026-08-23 07:09:22.666342,633,2011,3211,0
2026-08-23 07:09:22.666363,499,1967,2549,0
2026-08-23 07:09:22.666383,601,1984,2625,0
2026-08-23 07:09:22.666403,613,1980,2670,0
2026-08-23 07:09:22.666423,638,2054,3274,0
2026-08-23 07:09:22.666443,536,1995,2904,0
2026-08-23 07:09:22.666462,622,1972,2861,0
2026-08-23 07:09:22.666482,646,1999,3279,0
2026-08-23 07:09:22.666502,486,1924,2460,0
2026-08-23 07:09:22.666523,598,1956,2534,0
2026-08-23 07:09:22.666543,607,2022,2709,0
2026-08-23 07:09:22.666563,482,1947,2017,0
2026-08-23 07:09:22.666583,589,2023,2969,0
2026-08-23 07:09:22.666603,642,2010,2887,0
2026-08-23 07:09:22.666623,649,2059,3359,0
2026-08-23 07:09:22.666642,529,1982,2716,0
2026-08-23 07:09:22.666662,611,1978,2573,0
2026-08-23 07:09:22.666682,610,1979,2755,0
2026-08-23 07:09:22.666703,419,1798,160,0
2026-08-23 07:09:22.666723,490,1967,2908,0
2026-08-23 07:09:22.666743,633,2015,2888,0
2026-08-23 07:09:22.666763,650,2031,3404,0
2026-08-23 07:09:22.666783,528,1936,2636,0
2026-08-23 07:09:22.666803,612,1986,2528,0
2026-08-23 07:09:22.666822,610,2011,2835,0
2026-08-23 07:09:22.666842,529,1943,2699,0
2026-08-23 07:09:22.666862,618,1987,2918,0
2026-08-23 07:09:22.666883,644,1985,2928,0
2026-08-23 07:09:22.666903,657,2081,4144,0
2026-08-23 07:09:22.666923,546,1960,2710,0
2026-08-23 07:09:22.666943,629,1965,2544,0
2026-08-23 07:09:22.666963,611,1987,2867,0
2026-08-23 07:09:22.666983,476,1941,1948,0
2026-08-23 07:09:22.667002,566,1976,2874,0
2026-08-23 07:09:22.667022,639,1984,2943,0
2026-08-23 07:09:22.667042,657,2068,3536,0
2026-08-23 07:09:22.667063,525,1978,2607,0
2026-08-23 07:09:22.667083,594,1991,2542,0
2026-08-23 07:09:22.667103,611,2026,2885,0
2026-08-23 07:09:22.667123,535,1969,2951,0
2026-08-23 07:09:22.667143,637,2012,2882,0
2026-08-23 07:09:22.667163,638,1989,3010,0
2026-08-23 07:09:22.667182,426,1849,496,0
2026-08-23 07:09:22.667202,483,1999,2665,0
2026-08-23 07:09:22.667222,603,2008,2585,0
2026-08-23 07:09:22.667243,609,2019,2984,0
2026-08-23 07:09:22.667263,496,1958,2667,0
2026-08-23 07:09:22.667283,605,2018,2845,0
2026-08-23 07:09:22.667303,643,2000,3020,0
2026-08-23 07:09:22.667323,423,1802,313,0
2026-08-23 07:09:22.667342,485,1995,2613,0
2026-08-23 07:09:22.667362,600,2003,2596,0
2026-08-23 07:09:22.667382,619,2013,3149,0
2026-08-23 07:09:22.667403,528,2029,3037,0
2026-08-23 07:09:22.667423,648,2028,2860,0
2026-08-23 07:09:22.667443,642,2059,3113,0
2026-08-23 07:09:22.667463,484,1924,2025,0
2026-08-23 07:09:22.667483,597,1964,2625,0
2026-08-23 07:09:22.667503,606,1999,2646,0
2026-08-23 07:09:22.667522,623,2033,3112,0
2026-08-23 07:09:22.667542,502,1992,2839,0
2026-08-23 07:09:22.667562,622,2014,2837,0
2026-08-23 07:09:22.667583,637,1999,3144,0
2026-08-23 07:09:22.667603,475,1893,1761,0
2026-08-23 07:09:22.667623,547,1965,2633,0
2026-08-23 07:09:22.667643,609,1977,2651,0
2026-08-23 07:09:22.667663,423,1799,191,0
2026-08-23 07:09:22.667683,496,1995,2935,0
2026-08-23 07:09:22.667702,638,2020,2856,0
2026-08-23 07:09:22.667722,641,2065,3220,0
2026-08-23 07:09:22.667742,500,1960,2579,0
2026-08-23 07:09:22.667763,593,1959,2586,0
2026-08-23 07:09:22.667783,609,1981,2692,0
2026-08-23 07:09:22.667803,639,2022,2288,0
2026-08-23 07:09:22.667823,494,1967,2916,0
2026-08-23 07:09:22.667843,635,2006,3243,0
2026-08-23 07:09:22.667863,656,2058,3281,0
2026-08-23 07:09:22.667882,494,1925,2445,0
2026-08-23 07:09:22.667902,595,1955,2360,0
2026-08-23 07:09:22.667922,603,2002,2724,0
2026-08-23 07:09:22.667943,480,1934,1920,0
2026-08-23 07:09:22.667963,574,1970,2954,0
2026-08-23 07:09:22.667983,637,2055,2874,0
2026-08-23 07:09:22.668003,654,2073,3330,0
2026-08-23 07:09:22.668023,525,1993,2707,0
2026-08-23 07:09:22.668042,617,1987,2530,0
2026-08-23 07:09:22.668062,614,2012,2759,0
2026-08-23 07:09:22.668082,424,1844,369,0
2026-08-23 07:09:22.668103,487,2025,2897,0
2026-08-23 07:09:22.668123,647,2021,2829,0
2026-08-23 07:09:22.668143,656,2033,3419,0
2026-08-23 07:09:22.668163,527,1941,2612,0
2026-08-23 07:09:22.668183,615,1950,2533,0
2026-08-23 07:09:22.668203,609,1987,2839,0
2026-08-23 07:09:22.668222,527,2006,2754,0
2026-08-23 07:09:22.668242,616,2004,2911,0
2026-08-23 07:09:22.668262,641,1996,2943,0
2026-08-23 07:09:22.668283,487,1874,49,0
2026-08-23 07:09:22.668303,478,1986,2700,0
2026-08-23 07:09:22.668323,610,1991,2548,0
2026-08-23 07:09:22.668343,617,1981,2891,0
2026-08-23 07:09:22.668363,488,1943,2103,0
2026-08-23 07:09:22.668383,573,1982,2871,0
2026-08-23 07:09:22.668402,635,2027,2952,0
2026-08-23 07:09:22.668422,679,2147,2697,0
2026-08-23 07:09:22.668442,489,1948,2639,0
2026-08-23 07:09:22.668463,605,1982,2544,0
2026-08-23 07:09:22.668483,617,2012,2969,0
2026-08-23 07:09:22.668503,540,1974,2983,0
2026-08-23 07:09:22.668523,637,2013,2884,0
2026-08-23 07:09:22.668543,640,1982,3006,0
2026-08-23 07:09:22.668563,436,1859,817,0
2026-08-23 07:09:22.668582,488,1986,2680,0
2026-08-23 07:09:22.668602,616,1971,2597,0
2026-08-23 07:09:22.668622,618,1999,2983,0
2026-08-23 07:09:22.668643,500,1956,2672,0
2026-08-23 07:09:22.668663,615,1989,2863,0
2026-08-23 07:09:22.668683,644,1987,3045,0
2026-08-23 07:09:22.668703,419,1813,576,0
2026-08-23 07:09:22.668723,488,2005,2614,0
2026-08-23 07:09:22.668743,609,2017,2613,0
2026-08-23 07:09:22.668762,621,1956,761,0
2026-08-23 07:09:22.668782,495,1977,3013,0
2026-08-23 07:09:22.668802,631,2020,2866,0
2026-08-23 07:09:22.668823,642,2032,3127,0
2026-08-23 07:09:22.668843,487,1942,2201,0
2026-08-23 07:09:22.668863,565,1959,2610,0
2026-08-23 07:09:22.668883,619,1995,2629,0
2026-08-23 07:09:22.668903,640,2031,3161,0
2026-08-23 07:09:22.668922,530,1997,2830,0
2026-08-23 07:09:22.668942,632,1992,2840,0
2026-08-23 07:09:22.668962,640,2013,3143,0
2026-08-23 07:09:22.668983,485,1901,2066,0
2026-08-23 07:09:22.669003,568,1984,2574,0
2026-08-23 07:09:22.669023,613,1969,2687,0
2026-08-23 07:09:22.669043,448,1871,851,0
2026-08-23 07:09:22.669063,498,2017,2996,0
2026-08-23 07:09:22.669083,638,2020,2849,0
2026-08-23 07:09:22.669102,643,2018,3268,0
2026-08-23 07:09:22.669122,491,1952,2620,0
2026-08-23 07:09:22.669142,601,1988,2593,0
2026-08-23 07:09:22.669163,613,1991,2700,0
2026-08-23 07:09:22.669183,435,1673,0,0
2026-08-23 07:09:22.669203,486,1930,2906,0
2026-08-23 07:09:22.669223,632,1940,2857,0
2026-08-23 07:09:22.669243,649,2023,3314,0
2026-08-23 07:09:22.669263,500,1924,2436,0
2026-08-23 07:09:22.669282,598,1950,2534,0
2026-08-23 07:09:22.669302,608,2003,2756,0
2026-08-23 07:09:22.669322,493,1921,2251,0
2026-08-23 07:09:22.669343,593,2018,2950,0
2026-08-23 07:09:22.669363,655,1986,2894,0
2026-08-23 07:09:22.669383,638,2074,3384,0
2026-08-23 07:09:22.669403,483,1979,2707,0
2026-08-23 07:09:22.669423,611,1959,2542,0
2026-08-23 07:09:22.669443,601,2011,2780,0
2026-08-23 07:09:22.669462,441,1834,812,0
2026-08-23 07:09:22.669482,494,2023,2904,0
2026-08-23 07:09:22.669502,635,1990,2891,0
2026-08-23 07:09:22.669523,646,2058,3441,0
2026-08-23 07:09:22.669543,501,1987,2627,0
2026-08-23 07:09:22.669563,604,1981,2531,0
2026-08-23 07:09:22.669583,604,2021,2852,0
2026-08-23 07:09:22.669603,530,1956,2782,0
2026-08-23 07:09:22.669622,589,1980,2905,0
2026-08-23 07:09:22.669642,635,2021,2956,0
2026-08-23 07:09:22.669662,459,1670,0,0
2026-08-23 07:09:22.669683,492,1945,2687,0
2026-08-23 07:09:22.669703,606,1966,2579,0
2026-08-23 07:09:22.669723,602,1975,2889,0
2026-08-23 07:09:22.669743,484,1946,2185,0
2026-08-23 07:09:22.669763,564,1975,2882,0
2026-08-23 07:09:22.669783,641,1987,2966,0
2026-08-23 07:09:22.669802,437,1798,0,0
2026-08-23 07:09:22.669822,471,1983,2612,0
2026-08-23 07:09:22.669842,603,1988,2544,0
2026-08-23 07:09:22.669863,608,2020,2962,0
2026-08-23 07:09:22.669883,535,2004,2997,0
2026-08-23 07:09:22.669903,640,1995,2888,0
2026-08-23 07:09:22.669923,637,2024,3009,0
2026-08-23 07:09:22.669943,443,1835,751,0
2026-08-23 07:09:22.669963,484,1971,2668,0
2026-08-23 07:09:22.669982,610,2012,2538,0
2026-08-23 07:09:22.670002,621,2000,2982,0
2026-08-23 07:09:22.670022,498,1992,2640,0
2026-08-23 07:09:22.670043,613,2012,2855,0
2026-08-23 07:09:22.670063,626,1998,3051,0
2026-08-23 07:09:22.670083,434,1840,324,0
2026-08-23 07:09:22.670103,484,1963,2609,0
2026-08-23 07:09:22.670123,606,1991,2613,0
2026-08-23 07:09:22.670143,620,2061,3095,0
2026-08-23 07:09:22.670162,541,2024,3019,0
2026-08-23 07:09:22.670182,641,1984,2857,0
2026-08-23 07:09:22.670202,637,2024,3123,0
2026-08-23 07:09:22.670223,489,1943,2122,0
2026-08-23 07:09:22.670243,586,1992,2631,0
2026-08-23 07:09:22.670263,610,1964,2630,0
2026-08-23 07:09:22.670283,627,2006,3143,0
2026-08-23 07:09:22.670303,529,2008,2851,0
2026-08-23 07:09:22.670323,630,1991,2839,0
2026-08-23 07:09:22.670342,634,2008,3164,0
2026-08-23 07:09:22.670362,471,1908,2016,0
2026-08-23 07:09:22.670382,570,1990,2573,0
2026-08-23 07:09:22.670403,604,2003,2673,0
2026-08-23 07:09:22.670423,442,1835,733,0
2026-08-23 07:09:22.670443,488,1995,2979,0
2026-08-23 07:09:22.670463,720,2008,2870,0
2026-08-23 07:09:22.670483,643,2067,3248,0
2026-08-23 07:09:22.670502,524,1960,2636,0
2026-08-23 07:09:22.670522,605,1965,2594,0
2026-08-23 07:09:22.670542,598,1979,2690,0
2026-08-23 07:09:22.670563,418,1690,0,0
2026-08-23 07:09:22.670583,487,1951,2892,0
2026-08-23 07:09:22.670603,632,1975,2859,0
2026-08-23 07:09:22.670623,640,1968,3303,0
2026-08-23 07:09:22.670643,523,1943,2520,0
2026-08-23 07:09:22.670663,595,1945,2529,0
2026-08-23 07:09:22.670682,605,2004,2757,0
2026-08-23 07:09:22.670702,492,1954,2342,0
2026-08-23 07:09:22.670722,591,2015,2942,0
2026-08-23 07:09:22.670743,633,2018,2904,0
2026-08-23 07:09:22.670763,664,2023,3395,0
2026-08-23 07:09:22.670783,526,1995,2701,0
2026-08-23 07:09:22.670803,613,1992,2543,0
2026-08-23 07:09:22.670823,618,1981,2782,0
2026-08-23 07:09:22.670843,451,1867,1176,0
2026-08-23 07:09:22.670862,539,1992,2881,0
2026-08-23 07:09:22.670882,637,2031,2899,0
2026-08-23 07:09:22.670902,649,2078,3477,0
2026-08-23 07:09:22.670923,528,1946,2648,0
2026-08-23 07:09:22.670943,600,1988,2530,0
2026-08-23 07:09:22.670963,611,2014,2872,0
2026-08-23 07:09:22.670983,532,1983,2848,0
2026-08-23 07:09:22.671003,628,2019,2891,0
2026-08-23 07:09:22.671023,633,2023,2945,0
2026-08-23 07:09:22.671042,363,1709,0,0
2026-08-23 07:09:22.671062,480,1978,2692,0
2026-08-23 07:09:22.671082,613,1955,2551,0
2026-08-23 07:09:22.671103,613,2009,2902,0
2026-08-23 07:09:22.671123,492,1925,2268,0
2026-08-23 07:09:22.671143,587,2013,2887,0
2026-08-23 07:09:22.671163,638,2021,2980,0
2026-08-23 07:09:22.671183,394,1680,0,0
2026-08-23 07:09:22.671202,480,1912,2549,0
2026-08-23 07:09:22.671222,606,1924,2551,0
2026-08-23 07:09:22.671242,629,1999,2998,0
2026-08-23 07:09:22.671263,540,1997,2993,0
2026-08-23 07:09:22.671283,627,1999,2885,0
2026-08-23 07:09:22.671303,639,1973,3021,0
2026-08-23 07:09:22.671323,451,1896,1255,0
2026-08-23 07:09:22.671343,530,1966,2659,0
2026-08-23 07:09:22.671363,608,1999,2589,0
2026-08-23 07:09:22.671382,621,2005,3038,0
2026-08-23 07:09:22.671402,527,1996,2744,0
2026-08-23 07:09:22.671422,606,1983,2821,0
2026-08-23 07:09:22.671443,639,2007,3090,0
2026-08-23 07:09:22.671463,447,1864,1038,0
2026-08-23 07:09:22.671483,492,1966,2606,0
2026-08-23 07:09:22.671503,605,1977,2600,0
2026-08-23 07:09:22.671523,426,1801,0,0
2026-08-23 07:09:22.671543,496,2021,3020,0
2026-08-23 07:09:22.671562,637,1978,2863,0
2026-08-23 07:09:22.671582,637,2006,3137,0
2026-08-23 07:09:22.671602,490,1948,2219,0
2026-08-23 07:09:22.671623,576,1957,2638,0
2026-08-23 07:09:22.671643,603,2002,2645,0
2026-08-23 07:09:22.671663,637,2006,3154,0
2026-08-23 07:09:22.671683,534,1956,2864,0
2026-08-23 07:09:22.671703,625,1999,2852,0
2026-08-23 07:09:22.671723,639,2028,3164,0
2026-08-23 07:09:22.671742,480,1906,1989,0
2026-08-23 07:09:22.671762,564,1951,2541,0
2026-08-23 07:09:22.671782,606,2000,2661,0
2026-08-23 07:09:22.671803,436,1841,577,0
2026-08-23 07:09:22.671823,525,2055,3002,0
2026-08-23 07:09:22.671843,645,2023,2882,0
2026-08-23 07:09:22.671863,644,2020,3234,0
2026-08-23 07:09:22.671883,523,1960,2586,0
2026-08-23 07:09:22.671903,609,1970,2575,0
2026-08-23 07:09:22.671922,608,1980,2690,0
2026-08-23 07:09:22.671942,632,2065,1193,0
2026-08-23 07:09:22.671962,497,1989,2885,0
2026-08-23 07:09:22.671983,630,1984,2854,0
2026-08-23 07:09:22.672003,628,2024,3273,0
2026-08-23 07:09:22.672023,494,1973,2455,0
2026-08-23 07:09:22.672043,587,2037,2542,0
2026-08-23 07:09:22.672063,615,1969,2734,0
2026-08-23 07:09:22.672082,482,1918,1943,0
2026-08-23 07:09:22.672102,573,2017,2957,0
2026-08-23 07:09:22.672122,639,1996,2881,0
2026-08-23 07:09:22.672143,655,2022,3346,0
2026-08-23 07:09:22.672163,526,1988,2707,0
2026-08-23 07:09:22.672183,603,1951,2578,0
2026-08-23 07:09:22.672203,617,2017,2752,0
2026-08-23 07:09:22.672223,405,1792,116,0
2026-08-23 07:09:22.672243,530,1988,2904,0
2026-08-23 07:09:22.672262,628,2029,2890,0
2026-08-23 07:09:22.672282,650,2077,3389,0
2026-08-23 07:09:22.672302,461,1971,2601,0
2026-08-23 07:09:22.672323,604,1984,2545,0
2026-08-23 07:09:22.672343,614,1979,2806,0
2026-08-23 07:09:22.672363,498,1990,2633,0
2026-08-23 07:09:22.672383,613,1986,2918,0
2026-08-23 07:09:22.672403,632,2017,2930,0
2026-08-23 07:09:22.672423,654,2072,3441,0
2026-08-23 07:09:22.672442,501,1948,2712,0
2026-08-23 07:09:22.672462,617,1990,2548,0
2026-08-23 07:09:22.672482,607,2006,2846,0
2026-08-23 07:09:22.672503,485,1910,1792,0
2026-08-23 07:09:22.672523,557,2010,2891,0
2026-08-23 07:09:22.672543,631,2022,2929,0
2026-08-23 07:09:22.672563,663,2029,3519,0
2026-08-23 07:09:22.672583,495,1942,2632,0
2026-08-23 07:09:22.672603,602,1983,2404,0
2026-08-23 07:09:22.672622,613,2025,2923,0
2026-08-23 07:09:22.672642,525,1975,2936,0
2026-08-23 07:09:22.672662,637,1984,2878,0
2026-08-23 07:09:22.672683,641,2028,2991,0
2026-08-23 07:09:22.672703,416,1817,63,0
2026-08-23 07:09:22.672723,487,1987,2678,0
2026-08-23 07:09:22.672743,605,2001,2583,0
2026-08-23 07:09:22.672763,619,2054,2974,0
2026-08-23 07:09:22.672782,525,1983,2581,0
2026-08-23 07:09:22.672802,611,1987,2848,0
2026-08-23 07:09:22.672822,632,2029,3018,0
2026-08-23 07:09:22.672843,420,1810,126,0
2026-08-23 07:09:22.672863,482,2000,2617,0
2026-08-23 07:09:22.672883,606,1968,2581,0
2026-08-23 07:09:22.672903,613,2011,3092,0
2026-08-23 07:09:22.672923,549,2021,3021,0
2026-08-23 07:09:22.672943,636,2014,2860,0
2026-08-23 07:09:22.672962,633,2036,3098,0
2026-08-23 07:09:22.672982,487,1948,2144,0
2026-08-23 07:09:22.673002,576,1982,2626,0
2026-08-23 07:09:22.673023,611,2004,2631,0
2026-08-23 07:09:22.673043,624,2006,3146,0
2026-08-23 07:09:22.673063,534,1979,2828,0
2026-08-23 07:09:22.673083,636,1993,2860,0
2026-08-23 07:09:22.673103,635,2065,3132,0
2026-08-23 07:09:22.673123,476,1942,2025,0
2026-08-23 07:09:22.673142,564,1962,2549,0
2026-08-23 07:09:22.673162,607,2006,2679,0
2026-08-23 07:09:22.673182,449,1840,859,0
2026-08-23 07:09:22.673203,501,2020,2989,0
2026-08-23 07:09:22.673223,643,1991,2862,0
2026-08-23 07:09:22.673243,642,2036,3260,0
2026-08-23 07:09:22.673263,501,1955,2626,0
2026-08-23 07:09:22.673283,604,1976,2574,0
2026-08-23 07:09:22.673303,607,1973,2705,0
2026-08-23 07:09:22.673322,351,1704,0,0
2026-08-23 07:09:22.673342,489,1956,2934,0
2026-08-23 07:09:22.673362,632,2021,2862,0
2026-08-23 07:09:22.673383,648,2003,3329,0
2026-08-23 07:09:22.673403,499,1874,2535,0
2026-08-23 07:09:22.673423,599,1955,2536,0
2026-08-23 07:09:22.673443,600,2016,2769,0
2026-08-23 07:09:22.673463,497,1972,2396,0
2026-08-23 07:09:22.673483,599,2007,2940,0
2026-08-23 07:09:22.673502,657,1988,2894,0
2026-08-23 07:09:22.673522,647,2076,3413,0
2026-08-23 07:09:22.673542,527,1996,2720,0
2026-08-23 07:09:22.673563,613,1957,2570,0
2026-08-23 07:09:22.673583,611,2017,2808,0
2026-08-23 07:09:22.673603,462,1879,1334,0
2026-08-23 07:09:22.673623,531,1986,2889,0
2026-08-23 07:09:22.673643,626,2020,2914,0
2026-08-23 07:09:22.673662,657,2053,3488,0
2026-08-23 07:09:22.673682,527,1952,2645,0
2026-08-23 07:09:22.673702,604,2000,2536,0
2026-08-23 07:09:22.673723,614,2018,2880,0
2026-08-23 07:09:22.673743,531,1998,2870,0
2026-08-23 07:09:22.673763,630,1985,2895,0
2026-08-23 07:09:22.673783,644,2026,2967,0
2026-08-23 07:09:22.673803,368,1773,0,0
2026-08-23 07:09:22.673823,489,1977,2688,0
2026-08-23 07:09:22.673842,603,2003,2576,0
2026-08-23 07:09:22.673862,627,1992,2906,0
2026-08-23 07:09:22.673882,495,1943,2341,0
2026-08-23 07:09:22.673903,596,1974,2872,0
2026-08-23 07:09:22.673923,636,2000,2975,0
2026-08-23 07:09:22.673943,352,1671,0,0
2026-08-23 07:09:22.673963,475,1952,2638,0
2026-08-23 07:09:22.673983,605,1950,2583,0
2026-08-23 07:09:22.674003,616,2014,2999,0
2026-08-23 07:09:22.674022,537,2007,2957,0
2026-08-23 07:09:22.674042,633,1975,2853,0
2026-08-23 07:09:22.674062,634,2033,3050,0
2026-08-23 07:09:22.674083,468,1872,1435,0
2026-08-23 07:09:22.674103,526,1996,2647,0
2026-08-23 07:09:22.674123,604,1996,2706,0
2026-08-23 07:09:22.674143,613,2009,3047,0
2026-08-23 07:09:22.674163,527,1972,2770,0
2026-08-23 07:09:22.674183,621,1963,2842,0
2026-08-23 07:09:22.674202,642,2006,3081,0
2026-08-23 07:09:22.674222,586,1855,1125,0
2026-08-23 07:09:22.674242,495,1953,2598,0
2026-08-23 07:09:22.674263,608,1968,2622,0
2026-08-23 07:09:22.674283,414,1724,0,0
2026-08-23 07:09:22.674303,495,1988,3004,0
2026-08-23 07:09:22.674323,638,1997,2863,0
2026-08-23 07:09:22.674343,647,2010,3156,0
2026-08-23 07:09:22.674362,495,1923,2340,0
2026-08-23 07:09:22.674382,584,1991,2618,0
2026-08-23 07:09:22.674402,606,2013,2643,0
2026-08-23 07:09:22.674423,620,2037,3198,0
2026-08-23 07:09:22.674443,530,2008,2666,0
2026-08-23 07:09:22.674463,635,1983,2847,0
2026-08-23 07:09:22.674483,639,2035,3207,0
2026-08-23 07:09:22.674503,492,1921,2292,0
2026-08-23 07:09:22.674523,570,1958,2571,0
2026-08-23 07:09:22.674542,610,1977,2691,0
2026-08-23 07:09:22.674562,459,1879,1293,0
2026-08-23 07:09:22.674582,542,2000,2976,0
2026-08-23 07:09:22.674603,645,2023,2876,0
2026-08-23 07:09:22.674623,644,2036,3278,0
2026-08-23 07:09:22.674643,498,1990,2676,0
2026-08-23 07:09:22.674663,609,1985,2586,0
2026-08-23 07:09:22.674683,604,2010,2719,0
2026-08-23 07:09:22.674703,374,1756,0,0
2026-08-23 07:09:22.674722,484,1998,2911,0
2026-08-23 07:09:22.674742,639,1969,2875,0
2026-08-23 07:09:22.674762,644,2053,3348,0
2026-08-23 07:09:22.674783,500,1943,2518,0
2026-08-23 07:09:22.674803,607,1960,2539,0
2026-08-23 07:09:22.674823,613,2006,2825,0
2026-08-23 07:09:22.674843,497,1930,2412,0
2026-08-23 07:09:22.674863,595,2018,2940,0
2026-08-23 07:09:22.674883,638,2023,2910,0
2026-08-23 07:09:22.674902,656,2006,3417,0
2026-08-23 07:09:22.674922,538,1959,2719,0
2026-08-23 07:09:22.674942,618,1950,2578,0
2026-08-23 07:09:22.674963,614,2002,2824,0
2026-08-23 07:09:22.674983,443,1886,1176,0
2026-08-23 07:09:22.675003,533,1970,2906,0
2026-08-23 07:09:22.675023,632,2020,2892,0
2026-08-23 07:09:22.675043,648,2080,3475,0
2026-08-23 07:09:22.675063,525,1966,2638,0
2026-08-23 07:09:22.675082,616,1980,2520,0
2026-08-23 07:09:22.675102,448,2010,2890,0
2026-08-23 07:09:22.675122,499,1967,2837,0
2026-08-23 07:09:22.675143,636,2014,2894,0
2026-08-23 07:09:22.675163,642,1997,3013,0
2026-08-23 07:09:22.675183,366,1724,0,0
2026-08-23 07:09:22.675203,482,1956,2688,0
2026-08-23 07:09:22.675223,597,1975,2587,0
2026-08-23 07:09:22.675242,615,1972,2894,0
2026-08-23 07:09:22.675262,489,1921,2255,0
2026-08-23 07:09:22.675282,588,2010,2878,0
2026-08-23 07:09:22.675303,638,1992,2967,0
2026-08-23 07:09:22.675323,448,1696,0,0
2026-08-23 07:09:22.675343,474,1905,2630,0
2026-08-23 07:09:22.675363,600,1951,2545,0
2026-08-23 07:09:22.675383,621,2003,2988,0
2026-08-23 07:09:22.675403,531,2025,2979,0
2026-08-23 07:09:22.675422,636,2004,2874,0
2026-08-23 07:09:22.675442,643,1985,3012,0
2026-08-23 07:09:22.675462,447,1870,1053,0
2026-08-23 07:09:22.675483,503,1950,2662,0
2026-08-23 07:09:22.675503,621,1962,2602,0
2026-08-23 07:09:22.675523,620,2026,3019,0
2026-08-23 07:09:22.675543,496,1989,2703,0
2026-08-23 07:09:22.675563,619,2000,2853,0
2026-08-23 07:09:22.675583,637,2021,3036,0
2026-08-23 07:09:22.675602,440,1822,775,0
2026-08-23 07:09:22.675622,482,1971,2605,0
2026-08-23 07:09:22.675642,609,1986,2492,0
2026-08-23 07:09:22.675663,623,2067,1207,0
2026-08-23 07:09:22.675683,495,1995,3036,0
2026-08-23 07:09:22.675703,640,1973,2859,0
2026-08-23 07:09:22.675723,642,1999,3124,0
2026-08-23 07:09:22.675743,502,1952,2129,0
2026-08-23 07:09:22.675763,568,1952,2622,0
2026-08-23 07:09:22.675782,609,1972,2624,0
2026-08-23 07:09:22.675802,642,2035,3141,0
2026-08-23 07:09:22.675822,540,1995,2858,0
2026-08-23 07:09:22.675843,638,2001,2853,0
2026-08-23 07:09:22.675863,613,1999,3136,0
2026-08-23 07:09:22.675883,477,1934,1901,0
2026-08-23 07:09:22.675903,558,1983,2598,0
2026-08-23 07:09:22.675923,600,1971,2669,0
2026-08-23 07:09:22.675942,416,1811,209,0
2026-08-23 07:09:22.675962,489,2024,3005,0
2026-08-23 07:09:22.675982,653,1995,2866,0
2026-08-23 07:09:22.676003,643,2075,3454,0
2026-08-23 07:09:22.676023,487,1948,2532,0
2026-08-23 07:09:22.676043,601,1979,2596,0
2026-08-23 07:09:22.676063,613,1956,2681,0
2026-08-23 07:09:22.676083,632,2057,2887,0
2026-08-23 07:09:22.676103,535,1974,2896,0
2026-08-23 07:09:22.676122,625,1985,2857,0
2026-08-23 07:09:22.676142,633,2075,3269,0
2026-08-23 07:09:22.676162,486,1946,2400,0
2026-08-23 07:09:22.676183,620,2001,2540,0
2026-08-23 07:09:22.676203,609,2067,2729,0
2026-08-23 07:09:22.676223,481,1952,1901,0
2026-08-23 07:09:22.676243,564,2024,2964,0
2026-08-23 07:09:22.676263,637,2023,2890,0
2026-08-23 07:09:22.676283,644,2071,3281,0
2026-08-23 07:09:22.676302,534,1958,2709,0
2026-08-23 07:09:22.676322,606,1986,2572,0
2026-08-23 07:09:22.676342,610,1979,2759,0
2026-08-23 07:09:22.676363,429,1804,281,0
2026-08-23 07:09:22.676383,495,2013,2920,0
2026-08-23 07:09:22.676403,631,2014,2894,0
2026-08-23 07:09:22.676423,651,2069,3410,0
2026-08-23 07:09:22.676443,496,1947,2618,0
2026-08-23 07:09:22.676463,600,1983,2531,0
2026-08-23 07:09:22.676482,641,1984,2826,0
2026-08-23 07:09:22.676502,495,1966,2729,0
2026-08-23 07:09:22.676522,619,1992,2909,0
2026-08-23 07:09:22.676543,634,2030,2926,0
2026-08-23 07:09:22.676563,655,2089,3237,0
2026-08-23 07:09:22.676583,526,1966,2720,0
2026-08-23 07:09:22.676603,609,1992,2577,0
2026-08-23 07:09:22.676623,618,1977,2849,0
2026-08-23 07:09:22.676643,474,1935,1976,0
2026-08-23 07:09:22.676662,570,2017,2878,0
2026-08-23 07:09:22.676682,622,1990,2950,0
2026-08-23 07:09:22.676702,653,2074,3569,0
2026-08-23 07:09:22.676723,526,1985,2634,0
2026-08-23 07:09:22.676743,608,1955,2577,0
2026-08-23 07:09:22.676763,596,1990,2953,0
2026-08-23 07:09:22.676783,535,2023,2969,0
2026-08-23 07:09:22.676803,630,1989,2889,0
2026-08-23 07:09:22.676822,629,2000,3002,0
2026-08-23 07:09:22.676842,435,1854,564,0
2026-08-23 07:09:22.676862,488,1994,2650,0
2026-08-23 07:09:22.676883,613,1953,2587,0
2026-08-23 07:09:22.676903,617,2017,2992,0
2026-08-23 07:09:22.676923,497,1983,2631,0
2026-08-23 07:09:22.676943,600,1986,2851,0
2026-08-23 07:09:22.676963,640,1995,3040,0
2026-08-23 07:09:22.676983,417,1826,153,0
2026-08-23 07:09:22.677002,485,1955,2603,0
2026-08-23 07:09:22.677022,596,1968,2617,0
2026-08-23 07:09:22.677042,628,2030,3091,0
2026-08-23 07:09:22.677063,541,2036,3007,0
2026-08-23 07:09:22.677083,620,2014,2917,0
2026-08-23 07:09:22.745287,415,1622,673,0
2026-08-23 07:09:22.745307,485,1834,2897,0
2026-08-23 07:09:22.745327,619,1927,3057,0
2026-08-23 07:09:22.745347,657,1988,3410,0
2026-08-23 07:09:22.745367,531,1932,2623,0
2026-08-23 07:09:22.745387,609,1917,2527,0
2026-08-23 07:09:22.745407,615,2003,2857,0
2026-08-23 07:09:22.745427,532,1960,2803,0
2026-08-23 07:09:22.745447,622,1994,2897,0
2026-08-23 07:09:22.745467,631,2022,2947,0
2026-08-23 07:09:22.745487,382,1676,0,0
2026-08-23 07:09:22.745507,487,1923,2692,0
2026-08-23 07:09:22.745527,612,1944,2540,0
2026-08-23 07:09:22.745547,613,2009,2889,0
2026-08-23 07:09:22.745567,488,1927,2331,0
2026-08-23 07:09:22.745587,581,1983,2871,0
2026-08-23 07:09:22.745607,634,2024,2975,0
2026-08-23 07:09:22.745627,376,1671,0,0
2026-08-23 07:09:22.745647,478,1938,2627,0
2026-08-23 07:09:22.745667,603,1924,2576,0
2026-08-23 07:09:22.745687,632,1972,3016,0
2026-08-23 07:09:22.745707,537,2003,2994,0
2026-08-23 07:09:22.745727,631,2007,2865,0
2026-08-23 07:09:22.745747,635,1991,3033,0
2026-08-23 07:09:22.745767,453,1871,1393,0
2026-08-23 07:09:22.745787,532,1961,2649,0
2026-08-23 07:09:22.745807,607,2007,2598,0
2026-08-23 07:09:22.745827,617,2035,3026,0
2026-08-23 07:09:22.745847,535,1998,2774,0
2026-08-23 07:09:22.745867,611,2007,2847,0
2026-08-23 07:09:22.745887,644,2003,3089,0
2026-08-23 07:09:22.745907,455,1888,1286,0
2026-08-23 07:09:22.745927,529,1968,2606,0
2026-08-23 07:09:22.745947,595,1967,2627,0
2026-08-23 07:09:22.745967,369,1758,0,0
2026-08-23 07:09:22.745987,487,2011,3008,0
2026-08-23 07:09:22.746007,639,1989,2822,0
2026-08-23 07:09:22.746027,642,2019,3163,0
2026-08-23 07:09:22.746047,524,1951,2596,0
2026-08-23 07:09:22.766360,493,1775,2869,0
2026-08-23 07:09:22.766380,623,1869,3166,0
2026-08-23 07:09:22.766400,496,1861,2336,0
2026-08-23 07:09:22.766420,590,1890,2604,0
2026-08-23 07:09:22.766440,606,1928,2636,0
2026-08-23 07:09:22.766460,624,2011,3195,0
2026-08-23 07:09:22.766480,528,1980,2889,0
2026-08-23 07:09:22.766500,637,1992,2848,0
2026-08-23 07:09:22.766520,637,2028,3212,0
2026-08-23 07:09:22.766540,487,1946,2296,0
2026-08-23 07:09:22.766560,584,1962,2524,0
2026-08-23 07:09:22.766580,611,2012,2743,0
2026-08-23 07:09:22.766600,489,1949,2644,0
2026-08-23 07:09:22.785598,454,1770,1171,0
2026-08-23 07:09:22.785618,498,1930,2861,0
2026-08-23 07:09:22.785638,637,1943,2934,0
2026-08-23 07:09:22.785658,660,1994,3539,0
2026-08-23 07:09:22.785678,530,1964,2649,0
2026-08-23 07:09:22.785698,604,1951,2537,0
2026-08-23 07:09:22.785718,615,2018,2924,0
2026-08-23 07:09:22.785738,535,1975,2959,0
2026-08-23 07:09:22.785758,628,2004,2880,0
2026-08-23 07:09:22.785778,639,2029,2982,0
2026-08-23 07:09:22.785798,454,1861,1240,0
2026-08-23 07:09:22.785818,498,1983,2621,0
2026-08-23 07:09:22.804599,467,1847,2392,0
2026-08-23 07:09:22.804619,583,1902,2709,0
2026-08-23 07:09:22.804639,602,1966,2760,0
2026-08-23 07:09:22.804659,493,1927,2288,0
2026-08-23 07:09:22.804679,601,1985,2931,0
2026-08-23 07:09:22.804699,651,2013,2891,0
2026-08-23 07:09:22.804719,655,2065,3367,0
2026-08-23 07:09:22.804739,529,1945,2698,0
2026-08-23 07:09:22.804759,609,1987,2549,0
2026-08-23 07:09:22.804779,613,2009,2799,0
2026-08-23 07:09:22.804799,458,1909,1490,0
2026-08-23 07:09:22.804819,459,1972,2857,0
2026-08-23 07:09:22.823817,486,1885,3020,0
2026-08-23 07:09:22.823838,637,1954,2852,0
2026-08-23 07:09:22.823858,635,1988,3091,0
2026-08-23 07:09:22.823878,486,1901,1871,0
2026-08-23 07:09:22.823898,552,1947,2631,0
2026-08-23 07:09:22.823918,608,1983,2614,0
2026-08-23 07:09:22.823938,564,1995,3108,0
2026-08-23 07:09:22.823957,528,1961,2839,0
2026-08-23 07:09:22.823977,623,2001,2866,0
2026-08-23 07:09:22.823997,629,2029,3140,0
2026-08-23 07:09:22.824018,476,1903,2110,0
2026-08-23 07:09:22.824038,567,1968,2534,0
2026-08-23 07:09:22.842899,533,1903,2707,0
2026-08-23 07:09:22.842919,603,1934,2546,0
2026-08-23 07:09:22.842939,606,1968,2816,0
2026-08-23 07:09:22.842959,467,1861,1584,0
2026-08-23 07:09:22.842979,549,1958,2873,0
2026-08-23 07:09:22.842999,630,1981,2912,0
2026-08-23 07:09:22.843019,662,2072,3833,0
2026-08-23 07:09:22.843039,525,1978,2645,0
2026-08-23 07:09:22.843059,610,1983,2577,0
2026-08-23 07:09:22.843079,603,2008,2918,0
2026-08-23 07:09:22.843099,536,1972,2967,0
2026-08-23 07:09:22.843119,624,2003,2856,0
2026-08-23 07:09:22.862079,472,1864,2866,0
2026-08-23 07:09:22.862099,656,1938,2839,0
2026-08-23 07:09:22.862119,639,1988,3207,0
2026-08-23 07:09:22.862139,484,1894,2258,0
2026-08-23 07:09:22.862159,564,1961,2549,0
2026-08-23 07:09:22.862179,601,1936,2690,0
2026-08-23 07:09:22.862199,482,1910,1449,0
2026-08-23 07:09:22.862219,543,1992,2969,0
2026-08-23 07:09:22.862239,637,2012,2890,0
2026-08-23 07:09:22.862259,649,2015,3298,0
2026-08-23 07:09:22.862279,526,1995,2691,0
2026-08-23 07:09:22.862299,600,1957,2576,0
2026-08-23 07:09:22.883091,486,1861,2638,0
2026-08-23 07:09:22.883111,593,1944,2593,0
2026-08-23 07:09:22.883131,610,1979,3015,0
2026-08-23 07:09:22.883151,547,1975,2997,0
2026-08-23 07:09:22.883171,644,1975,2870,0
2026-08-23 07:09:22.883191,638,2004,3033,0
2026-08-23 07:09:22.883211,466,1872,1453,0
2026-08-23 07:09:22.883231,530,1989,2648,0
2026-08-23 07:09:22.883251,604,1995,2576,0
2026-08-23 07:09:22.883271,594,1996,3081,0
2026-08-23 07:09:22.883291,499,1992,2773,0
2026-08-23 07:09:22.883311,618,1980,2832,0
2026-08-23 07:09:22.883331,628,2059,3317,0
2026-08-23 07:09:22.904114,531,1934,3282,0
2026-08-23 07:09:22.904134,502,1909,2689,0
2026-08-23 07:09:22.904154,589,1944,2577,0
2026-08-23 07:09:22.904174,603,1942,2743,0
2026-08-23 07:09:22.904194,406,1761,0,0
2026-08-23 07:09:22.904214,487,1943,2903,0
2026-08-23 07:09:22.904234,623,2011,2891,0
2026-08-23 07:09:22.904254,650,2058,3367,0
2026-08-23 07:09:22.904274,499,1945,2587,0
2026-08-23 07:09:22.904294,577,1983,2533,0
2026-08-23 07:09:22.904314,611,1983,2794,0
2026-08-23 07:09:22.904334,501,1973,2810,0
2026-08-23 07:09:22.904354,615,1977,2867,0
2026-08-23 07:09:22.925063,627,1871,2881,0
2026-08-23 07:09:22.925083,628,1951,2939,0
2026-08-23 07:09:22.925103,655,1981,3537,0
2026-08-23 07:09:22.925123,532,1906,2646,0
2026-08-23 07:09:22.925143,604,1934,2576,0
2026-08-23 07:09:22.925164,616,2005,2917,0
2026-08-23 07:09:22.925184,537,1960,2931,0
2026-08-23 07:09:22.925204,639,2007,2887,0
2026-08-23 07:09:22.925223,648,2019,2968,0
2026-08-23 07:09:22.925243,410,1816,0,0
2026-08-23 07:09:22.925263,488,1960,2658,0
2026-08-23 07:09:22.925283,596,1999,2542,0
2026-08-23 07:09:22.925303,611,2024,3106,0
2026-08-23 07:09:22.946469,499,1892,2994,0
2026-08-23 07:09:22.946489,543,1939,3016,0
2026-08-23 07:09:22.946509,645,1977,2858,0
2026-08-23 07:09:22.946529,626,1977,3050,0
2026-08-23 07:09:22.946549,496,1905,1870,0
2026-08-23 07:09:22.946569,554,1987,2641,0
2026-08-23 07:09:22.946589,608,1961,2624,0
2026-08-23 07:09:22.946609,621,2025,3107,0
2026-08-23 07:09:22.946629,524,1996,2828,0
2026-08-23 07:09:22.946649,630,2013,2838,0
2026-08-23 07:09:22.946669,641,2024,3122,0
2026-08-23 07:09:22.946689,482,1906,2147,0
2026-08-23 07:09:22.946709,546,1986,2539,0
2026-08-23 07:09:22.967360,487,1856,2578,0
2026-08-23 07:09:22.967380,592,1913,2805,0
2026-08-23 07:09:22.967400,448,1841,1062,0
2026-08-23 07:09:22.967420,498,1976,2887,0
2026-08-23 07:09:22.967440,630,2005,2906,0
2026-08-23 07:09:22.967460,659,2018,3476,0
2026-08-23 07:09:22.967480,525,1969,2621,0
2026-08-23 07:09:22.967500,615,1979,2537,0
2026-08-23 07:09:22.967520,617,2012,2886,0
2026-08-23 07:09:22.967540,528,1988,2842,0
2026-08-23 07:09:22.967560,631,1973,2895,0
2026-08-23 07:09:22.967580,642,1975,2976,0
2026-08-23 07:09:22.967600,460,1887,1438,0
2026-08-23 07:09:22.988131,393,1700,117,0
2026-08-23 07:09:22.988151,473,1904,2619,0
2026-08-23 07:09:22.988171,606,1956,2609,0
2026-08-23 07:09:22.988191,435,1748,0,0
2026-08-23 07:09:22.988211,492,1987,3009,0
2026-08-23 07:09:22.988231,707,2016,2862,0
2026-08-23 07:09:22.988251,637,2021,3147,0
2026-08-23 07:09:22.988271,483,1929,2268,0
2026-08-23 07:09:22.988291,581,2028,2616,0
2026-08-23 07:09:22.988311,611,1968,2629,0
2026-08-23 07:09:22.988331,617,2022,3186,0
2026-08-23 07:09:22.988351,532,1951,2902,0
2026-08-23 07:09:22.988371,694,1984,2871,0
2026-08-23 07:09:23.009146,497,1914,2854,0
2026-08-23 07:09:23.009166,637,1963,3178,0
2026-08-23 07:09:23.009187,500,1904,2425,0
2026-08-23 07:09:23.009207,589,1935,2609,0
2026-08-23 07:09:23.009227,608,1955,2656,0
2026-08-23 07:09:23.009247,627,1998,3210,0
2026-08-23 07:09:23.009267,540,1963,2893,0
2026-08-23 07:09:23.009287,633,1978,2846,0
2026-08-23 07:09:23.009306,644,2060,3255,0
2026-08-23 07:09:23.009326,497,1956,2357,0
2026-08-23 07:09:23.009346,576,1983,2541,0
2026-08-23 07:09:23.009367,608,2003,2750,0
2026-08-23 07:09:23.009387,525,1981,2687,0
2026-08-23 07:09:23.030413,432,1787,1401,0
2026-08-23 07:09:23.030433,536,1955,2871,0
2026-08-23 07:09:23.030453,626,1943,2942,0
2026-08-23 07:09:23.030473,645,2002,3559,0
2026-08-23 07:09:23.030493,533,1933,2628,0
2026-08-23 07:09:23.030513,599,1961,2550,0
2026-08-23 07:09:23.030533,626,2059,2949,0
2026-08-23 07:09:23.030553,536,1987,2972,0
2026-08-23 07:09:23.030573,632,2036,2886,0
2026-08-23 07:09:23.030593,640,1996,2991,0
2026-08-23 07:09:23.030613,371,1866,557,0
2026-08-23 07:09:23.030633,501,1973,2649,0
2026-08-23 07:09:23.030653,604,1972,2624,0
2026-08-23 07:09:23.051219,498,1864,2632,0
2026-08-23 07:09:23.051239,422,1711,397,0
2026-08-23 07:09:23.051259,497,1980,2995,0
2026-08-23 07:09:23.051279,644,1990,2873,0
2026-08-23 07:09:23.051299,642,2000,3232,0
2026-08-23 07:09:23.051319,489,1962,2585,0
2026-08-23 07:09:23.051339,605,1985,2588,0
2026-08-23 07:09:23.051359,606,1990,2681,0
2026-08-23 07:09:23.051379,430,1795,0,0
2026-08-23 07:09:23.051399,487,1988,2901,0
2026-08-23 07:09:23.051419,625,1982,2839,0
2026-08-23 07:09:23.051439,632,2020,3510,0
2026-08-23 07:09:23.051459,499,1984,2631,0
2026-08-23 07:09:23.072367,482,1884,2820,0
2026-08-23 07:09:23.072387,602,1880,2577,0
2026-08-23 07:09:23.072407,607,1927,2796,0
2026-08-23 07:09:23.072427,447,1812,917,0
2026-08-23 07:09:23.072447,498,1964,2892,0
2026-08-23 07:09:23.072467,625,2012,2891,0
2026-08-23 07:09:23.072487,653,2061,3452,0
2026-08-23 07:09:23.072507,501,1941,2627,0
2026-08-23 07:09:23.072527,561,1948,2544,0
2026-08-23 07:09:23.072547,612,1989,2861,0
2026-08-23 07:09:23.072567,533,1994,2817,0
2026-08-23 07:09:23.072587,626,1985,2869,0
2026-08-23 07:09:23.072607,634,2034,3048,0
2026-08-23 07:09:23.093381,499,1915,3012,0
2026-08-23 07:09:23.093401,434,1774,665,0
2026-08-23 07:09:23.093421,490,1895,2587,0
2026-08-23 07:09:23.093441,603,1932,2622,0
2026-08-23 07:09:23.093461,448,1715,0,0
2026-08-23 07:09:23.093481,493,2024,3009,0
2026-08-23 07:09:23.093501,628,2015,2857,0
2026-08-23 07:09:23.093521,548,2035,3138,0
2026-08-23 07:09:23.093541,490,1967,2287,0
2026-08-23 07:09:23.093561,584,1995,2623,0
2026-08-23 07:09:23.093581,611,1980,2650,0
2026-08-23 07:09:23.093601,622,2066,3232,0
2026-08-23 07:09:23.093621,535,1994,2920,0
2026-08-23 07:09:23.114259,525,1885,2993,0
2026-08-23 07:09:23.114279,640,1931,2868,0
2026-08-23 07:09:23.114299,649,1995,3256,0
2026-08-23 07:09:23.114319,531,1930,2630,0
2026-08-23 07:09:23.114339,615,1944,2577,0
2026-08-23 07:09:23.114359,603,1953,2700,0
2026-08-23 07:09:23.114379,351,1717,0,0
2026-08-23 07:09:23.114399,492,1961,2900,0
2026-08-23 07:09:23.114419,632,1961,2860,0
2026-08-23 07:09:23.114439,649,2037,3327,0
2026-08-23 07:09:23.114459,495,1926,2522,0
2026-08-23 07:09:23.114479,571,1978,2527,0
2026-08-23 07:09:23.114499,608,1964,2892,0
2026-08-23 07:09:23.135425,489,1873,2772,0
2026-08-23 07:09:23.135445,461,1866,1421,0
2026-08-23 07:09:23.135465,531,1968,2889,0
2026-08-23 07:09:23.135485,639,1961,2909,0
2026-08-23 07:09:23.135505,652,2011,3481,0
2026-08-23 07:09:23.135525,525,1937,2641,0
2026-08-23 07:09:23.135545,605,1945,2533,0
2026-08-23 07:09:23.135565,610,2004,2892,0
2026-08-23 07:09:23.135585,502,1998,2899,0
2026-08-23 07:09:23.135605,633,2013,2896,0
2026-08-23 07:09:23.135625,639,1992,3297,0
2026-08-23 07:09:23.135645,431,1845,641,0
2026-08-23 07:09:23.135665,489,1945,2620,0
2026-08-23 07:09:23.156322,483,1892,2584,0
2026-08-23 07:09:23.156342,599,1904,2650,0
2026-08-23 07:09:23.156362,431,1807,358,0
2026-08-23 07:09:23.156382,501,1971,2999,0
2026-08-23 07:09:23.156402,636,1998,2835,0
2026-08-23 07:09:23.156422,638,2032,3230,0
2026-08-23 07:09:23.156442,523,1984,2577,0
2026-08-23 07:09:23.156462,683,1985,2584,0
2026-08-23 07:09:23.156482,567,1977,2682,0
2026-08-23 07:09:23.156502,443,1869,0,0
2026-08-23 07:09:23.156522,496,1969,2911,0
2026-08-23 07:09:23.156542,640,1980,2876,0
2026-08-23 07:09:23.156562,641,2097,3490,0
2026-08-23 07:09:23.177628,501,1962,3345,0
2026-08-23 07:09:23.177648,530,1934,2707,0
2026-08-23 07:09:23.177668,617,1955,2570,0
2026-08-23 07:09:23.177688,617,1996,2738,0
2026-08-23 07:09:23.177708,455,1860,1147,0
2026-08-23 07:09:23.177728,588,1973,2887,0
2026-08-23 07:09:23.177748,636,1989,2909,0
2026-08-23 07:09:23.177768,659,2070,3488,0
2026-08-23 07:09:23.177788,526,1948,2636,0
2026-08-23 07:09:23.177808,611,1991,2546,0
2026-08-23 07:09:23.177828,610,2020,2882,0
2026-08-23 07:09:23.177848,530,1970,2955,0
2026-08-23 07:09:23.177868,625,1962,2895,0
2026-08-23 07:09:23.197792,496,1914,2848,0
2026-08-23 07:09:23.197812,628,1969,3118,0
2026-08-23 07:09:23.197832,459,1881,1731,0
2026-08-23 07:09:23.197852,548,1921,2543,0
2026-08-23 07:09:23.197872,604,1958,2545,0
2026-08-23 07:09:23.197892,416,1807,21,0
2026-08-23 07:09:23.197912,499,2023,3004,0
2026-08-23 07:09:23.197932,644,1979,2862,0
2026-08-23 07:09:23.197952,645,2006,3196,0
2026-08-23 07:09:23.197972,497,1943,2491,0
2026-08-23 07:09:23.197992,597,1989,2604,0
2026-08-23 07:09:23.198012,600,1996,2711,0
2026-08-23 07:09:23.198032,476,1940,1958,0
2026-08-23 07:09:23.218340,489,1902,2796,0
2026-08-23 07:09:23.218360,499,1924,2661,0
2026-08-23 07:09:23.218380,616,1973,2912,0
2026-08-23 07:09:23.218400,643,2009,2918,0
2026-08-23 07:09:23.218421,659,2060,3479,0
2026-08-23 07:09:23.218441,539,1968,2719,0
2026-08-23 07:09:23.218461,617,1947,2544,0
2026-08-23 07:09:23.218481,613,1983,2820,0
2026-08-23 07:09:23.218500,471,1921,1751,0
2026-08-23 07:09:23.218520,558,2024,2875,0
2026-08-23 07:09:23.218540,635,2012,2914,0
2026-08-23 07:09:23.218560,650,2083,3529,0
2026-08-23 07:09:23.218580,502,1953,2522,0
2026-08-23 07:09:23.238734,482,1882,2732,0
2026-08-23 07:09:23.238755,613,1937,2574,0
2026-08-23 07:09:23.238775,614,1975,2855,0
2026-08-23 07:09:23.238795,480,1880,1871,0
2026-08-23 07:09:23.238815,571,2006,2867,0
2026-08-23 07:09:23.238835,641,1986,2934,0
2026-08-23 07:09:23.238855,657,2059,3554,0
2026-08-23 07:09:23.238875,526,1988,2613,0
2026-08-23 07:09:23.238894,610,1975,2534,0
2026-08-23 07:09:23.238914,623,2023,2947,0
2026-08-23 07:09:23.238935,537,2007,2969,0
2026-08-23 07:09:23.238955,643,1980,2853,0
2026-08-23 07:09:23.238975,630,2004,3239,0
2026-08-23 07:09:23.259768,484,1870,2839,0
2026-08-23 07:09:23.259788,647,1966,3328,0
2026-08-23 07:09:23.259808,488,1940,2539,0
2026-08-23 07:09:23.259828,600,1957,2573,0
2026-08-23 07:09:23.259848,609,2003,2777,0
2026-08-23 07:09:23.259868,493,1937,2350,0
2026-08-23 07:09:23.259888,600,1998,2957,0
2026-08-23 07:09:23.259908,627,1998,2917,0
2026-08-23 07:09:23.259928,654,2081,3407,0
2026-08-23 07:09:23.259948,543,1967,2688,0
2026-08-23 07:09:23.259968,612,1964,2502,0
2026-08-23 07:09:23.259988,616,2017,2852,0
2026-08-23 07:09:23.260008,494,1946,2496,0
2026-08-23 07:09:23.280167,488,1883,2950,0
2026-08-23 07:09:23.280187,622,1946,2876,0
2026-08-23 07:09:23.280207,625,1985,3035,0
2026-08-23 07:09:23.280227,453,1804,1037,0
2026-08-23 07:09:23.280247,497,1973,2659,0
2026-08-23 07:09:23.280267,601,1982,2598,0
2026-08-23 07:09:23.280287,613,2002,2999,0
2026-08-23 07:09:23.280307,531,1932,2721,0
2026-08-23 07:09:23.280327,613,1976,2850,0
2026-08-23 07:09:23.280347,644,2002,3443,0
2026-08-23 07:09:23.280367,439,1832,830,0
2026-08-23 07:09:23.280387,481,1959,2584,0
2026-08-23 07:09:23.280407,588,1983,2761,0
2026-08-23 07:09:23.301403,486,1916,2548,0
2026-08-23 07:09:23.301423,603,1928,2843,0
2026-08-23 07:09:23.301443,481,1905,2056,0
2026-08-23 07:09:23.301463,564,1955,2870,0
2026-08-23 07:09:23.301483,636,2008,2977,0
2026-08-23 07:09:23.301503,672,2020,3869,0
2026-08-23 07:09:23.301523,524,1938,2611,0
2026-08-23 07:09:23.301543,609,1988,2544,0
2026-08-23 07:09:23.301563,621,1988,2954,0
2026-08-23 07:09:23.301583,542,1980,2980,0
2026-08-23 07:09:23.301603,642,1990,2869,0
2026-08-23 07:09:23.301623,624,2035,3043,0
2026-08-23 07:09:23.301643,488,1955,2204,0
2026-08-23 07:09:23.322270,441,1813,1432,0
2026-08-23 07:09:23.322290,528,1915,2543,0
2026-08-23 07:09:23.322310,613,1971,2658,0
2026-08-23 07:09:23.322330,447,1799,597,0
2026-08-23 07:09:23.322350,500,1977,2975,0
2026-08-23 07:09:23.322370,630,2025,2859,0
2026-08-23 07:09:23.322390,643,2018,3238,0
2026-08-23 07:09:23.322410,525,1961,2595,0
2026-08-23 07:09:23.322430,600,1977,2576,0
2026-08-23 07:09:23.322450,610,2024,2695,0
2026-08-23 07:09:23.322470,445,1699,0,0
2026-08-23 07:09:23.322490,487,1984,2889,0
2026-08-23 07:09:23.322510,626,1973,2916,0
2026-08-23 07:09:23.343471,500,1863,2750,0
2026-08-23 07:09:23.343491,650,1985,3400,0
2026-08-23 07:09:23.343511,532,1944,2714,0
2026-08-23 07:09:23.343531,609,1927,2549,0
2026-08-23 07:09:23.343551,609,1962,2791,0
2026-08-23 07:09:23.343571,452,1870,978,0
2026-08-23 07:09:23.343591,498,2026,2891,0
2026-08-23 07:09:23.343611,631,2020,2899,0
2026-08-23 07:09:23.343631,643,2026,3447,0
2026-08-23 07:09:23.343651,501,1956,2629,0
2026-08-23 07:09:23.343671,600,1997,2500,0
2026-08-23 07:09:23.343691,604,2026,2874,0
2026-08-23 07:09:23.343711,536,1981,2992,0
2026-08-23 07:09:23.364185,470,1861,2588,0
2026-08-23 07:09:23.364205,603,1951,2759,0
2026-08-23 07:09:23.364225,628,1951,3052,0
2026-08-23 07:09:23.364245,450,1846,979,0
2026-08-23 07:09:23.364265,495,1955,2594,0
2026-08-23 07:09:23.364285,600,1991,2627,0
2026-08-23 07:09:23.364305,405,1718,0,0
2026-08-23 07:09:23.364326,494,1972,3019,0
2026-08-23 07:09:23.364345,627,2004,2849,0
2026-08-23 07:09:23.364365,642,1996,3140,0
2026-08-23 07:09:23.364385,496,1912,2350,0
2026-08-23 07:09:23.364405,586,1956,2592,0
2026-08-23 07:09:23.364425,609,1973,2726,0
2026-08-23 07:09:23.384586,479,1870,2632,0
2026-08-23 07:09:23.384606,468,1849,1650,0
2026-08-23 07:09:23.384626,552,1969,2937,0
2026-08-23 07:09:23.384646,636,1991,2885,0
2026-08-23 07:09:23.384666,656,2001,3296,0
2026-08-23 07:09:23.384686,531,1943,2678,0
2026-08-23 07:09:23.384706,607,1953,2579,0
2026-08-23 07:09:23.384726,608,1980,2726,0
2026-08-23 07:09:23.384746,401,1821,0,0
2026-08-23 07:09:23.384766,495,2054,2913,0
2026-08-23 07:09:23.384786,626,2032,2897,0
2026-08-23 07:09:23.384806,647,2093,3159,0
2026-08-23 07:09:23.403902,523,1879,2950,0
2026-08-23 07:09:23.403922,410,1740,0,0
2026-08-23 07:09:23.403942,487,1920,2669,0
2026-08-23 07:09:23.403962,607,1984,2573,0
2026-08-23 07:09:23.403982,617,2014,2960,0
2026-08-23 07:09:23.404002,501,1962,2576,0
2026-08-23 07:09:23.404022,605,2002,2844,0
2026-08-23 07:09:23.404042,633,2015,3019,0
2026-08-23 07:09:23.404062,413,1772,10,0
2026-08-23 07:09:23.404082,471,1988,2612,0
2026-08-23 07:09:23.404102,602,2002,2606,0
2026-08-23 07:09:23.404122,625,2006,3094,0
2026-08-23 07:09:23.404142,535,2023,2985,0
2026-08-23 07:09:23.423262,475,1869,2639,0
2026-08-23 07:09:23.423282,608,1958,2833,0
2026-08-23 07:09:23.423302,630,1940,3035,0
2026-08-23 07:09:23.423322,438,1807,426,0
2026-08-23 07:09:23.423342,476,1938,2606,0
2026-08-23 07:09:23.423362,602,2006,2597,0
2026-08-23 07:09:23.423383,623,2003,3096,0
2026-08-23 07:09:23.423402,541,1990,3030,0
2026-08-23 07:09:23.423422,643,1980,2867,0
2026-08-23 07:09:23.423442,643,2014,3115,0
2026-08-23 07:09:23.423462,498,1935,2429,0
2026-08-23 07:09:23.423482,580,2003,2548,0
