Timestamp,A0_Raw,A1_Raw,A2_Raw,Motor_State
2026-08-23 10:07:21.551157,6468,3496,3145,1
2026-08-23 10:07:21.551177,6344,3424,0,1
2026-08-23 10:07:21.551197,6427,4439,3410,1
2026-08-23 10:07:21.551217,6321,4021,3,1
2026-08-23 10:07:21.551237,6431,4922,3758,1
2026-08-23 10:07:21.551257,6324,4367,4,1
2026-08-23 10:07:21.551277,6435,5128,3736,1
2026-08-23 10:07:21.551297,6335,4534,10,1
2026-08-23 10:07:21.551317,6420,5220,3420,1
2026-08-23 10:07:21.551337,6331,4590,1,1
2026-08-23 10:07:21.551357,6421,5291,3414,1
2026-08-23 10:07:21.551377,6328,4670,14,1
2026-08-23 10:07:21.551397,6411,5356,3423,1
2026-08-23 10:07:21.551417,6323,4692,4,1
2026-08-23 10:07:21.551437,6431,5401,3775,1
2026-08-23 10:07:21.551457,6328,4733,15,1
2026-08-23 10:07:21.551477,6435,5355,3762,1
2026-08-23 10:07:21.551497,6326,4748,10,1
2026-08-23 10:07:21.551517,6425,5360,3403,1
2026-08-23 10:07:21.551537,6325,4738,6,1
2026-08-23 10:07:21.551557,6423,5353,3409,1
2026-08-23 10:07:21.551577,6312,4706,8,1
2026-08-23 10:07:21.551597,6419,5369,3396,1
2026-08-23 10:07:21.551617,6323,4753,6,1
2026-08-23 10:07:21.551637,6421,5430,3778,1
2026-08-23 10:07:21.551657,6321,4746,7,1
2026-08-23 10:07:21.551677,6425,5419,3756,1
2026-08-23 10:07:21.551697,6319,4720,4,1
2026-08-23 10:07:21.551717,6413,5406,3420,1
2026-08-23 10:07:21.551737,6324,4715,18,1
2026-08-23 10:07:21.551757,6420,5372,3416,1
2026-08-23 10:07:21.551777,6329,4726,33,1
2026-08-23 10:07:21.551797,6416,5403,3402,1
2026-08-23 10:07:21.551817,6330,4725,2,1
2026-08-23 10:07:21.551837,6424,5450,3772,1
2026-08-23 10:07:21.551857,6336,4742,6,1
2026-08-23 10:07:21.551877,6475,5384,3754,1
2026-08-23 10:07:21.551897,6320,4741,6,1
2026-08-23 10:07:21.551917,6431,5401,3413,1
2026-08-23 10:07:21.551937,6329,4713,23,1
2026-08-23 10:07:21.551957,6418,5401,3410,1
2026-08-23 10:07:21.551977,6329,4728,17,1
2026-08-23 10:07:21.551997,6419,5400,3399,1
2026-08-23 10:07:21.552017,6328,4756,14,1
2026-08-23 10:07:21.552037,6430,5395,3768,1
2026-08-23 10:07:21.552057,6322,4744,7,1
2026-08-23 10:07:21.552077,6429,5424,3764,1
2026-08-23 10:07:21.552097,6325,4765,14,1
2026-08-23 10:07:21.552117,6421,5396,3409,1
2026-08-23 10:07:21.552137,6314,4749,21,1
2026-08-23 10:07:21.552157,6421,5362,3405,1
2026-08-23 10:07:21.552177,6334,4742,0,1
2026-08-23 10:07:21.552197,6419,5406,3401,1
2026-08-23 10:07:21.552217,6328,4750,5,1
2026-08-23 10:07:21.552237,6413,5396,3770,1
2026-08-23 10:07:21.552257,6322,4710,13,1
2026-08-23 10:07:21.552277,6426,5410,3762,1
2026-08-23 10:07:21.552297,6320,4715,4,1
2026-08-23 10:07:21.552317,6457,5356,3420,1
2026-08-23 10:07:21.552337,6330,4716,17,1
2026-08-23 10:07:21.552357,6420,5401,3405,1
2026-08-23 10:07:21.552377,6322,4765,11,1
2026-08-23 10:07:21.552397,6414,5413,3404,1
2026-08-23 10:07:21.552417,6324,4764,2,1
2026-08-23 10:07:21.552437,6430,5401,3781,1
2026-08-23 10:07:21.552457,6337,4748,16,1
2026-08-23 10:07:21.552477,6424,5389,3767,1
2026-08-23 10:07:21.552497,6319,4752,18,1
2026-08-23 10:07:21.552517,6431,5380,3418,1
2026-08-23 10:07:21.552537,6317,4712,0,1
2026-08-23 10:07:21.552557,6422,5403,3415,1
2026-08-23 10:07:21.552577,6327,4729,13,1
2026-08-23 10:07:21.552597,6421,5405,3403,1
2026-08-23 10:07:21.552617,6338,4722,9,1
2026-08-23 10:07:21.552637,6429,5413,3773,1
2026-08-23 10:07:21.552657,6328,4747,4,1
2026-08-23 10:07:21.552677,6416,5394,3834,1
2026-08-23 10:07:21.552697,6327,4728,17,1
2026-08-23 10:07:21.552717,6416,5403,3422,1
2026-08-23 10:07:21.552737,6330,4738,14,1
2026-08-23 10:07:21.552757,6413,5384,3404,1
2026-08-23 10:07:21.552777,6314,4725,6,1
2026-08-23 10:07:21.552797,6429,5410,3367,1
2026-08-23 10:07:21.552817,6318,4762,11,1
2026-08-23 10:07:21.552837,6427,5403,3780,1
2026-08-23 10:07:21.552857,6327,4732,19,1
2026-08-23 10:07:21.552877,6435,5422,3759,1
2026-08-23 10:07:21.552897,6316,4737,8,1
2026-08-23 10:07:21.552917,6407,5401,3422,1
2026-08-23 10:07:21.552937,6326,4750,8,1
2026-08-23 10:07:21.552957,6417,5406,3411,1
2026-08-23 10:07:21.552977,6315,4754,13,1
2026-08-23 10:07:21.552997,6414,5349,3400,1
2026-08-23 10:07:21.553017,6326,4748,10,1
2026-08-23 10:07:21.553037,6423,5400,3768,1
2026-08-23 10:07:21.553057,6326,4711,0,1
2026-08-23 10:07:21.553077,6429,5396,3739,1
2026-08-23 10:07:21.553097,6331,4729,22,1
2026-08-23 10:07:21.553117,6420,5404,3441,1
2026-08-23 10:07:21.553137,6317,4758,13,1
2026-08-23 10:07:21.553157,6422,5364,3412,1
2026-08-23 10:07:21.553177,6318,4758,15,1
2026-08-23 10:07:21.553197,6419,5366,3403,1
2026-08-23 10:07:21.553217,6324,4717,10,1
2026-08-23 10:07:21.553237,6432,5427,3776,1
2026-08-23 10:07:21.553257,6324,4697,6,1
2026-08-23 10:07:21.553277,6426,5385,3742,1
2026-08-23 10:07:21.553297,6339,4709,8,1
2026-08-23 10:07:21.553317,6431,5358,3414,1
2026-08-23 10:07:21.553337,6324,4754,5,1
2026-08-23 10:07:21.553357,6412,5375,3418,1
2026-08-23 10:07:21.553377,6327,4731,13,1
2026-08-23 10:07:21.553397,6412,5382,3405,1
2026-08-23 10:07:21.553417,6326,4770,0,1
2026-08-23 10:07:21.553437,6432,5402,3771,1
2026-08-23 10:07:21.553457,6328,4756,6,1
2026-08-23 10:07:21.553477,6426,5419,3748,1
2026-08-23 10:07:21.553497,6323,4765,12,1
2026-08-23 10:07:21.553517,6419,5399,3403,1
2026-08-23 10:07:21.553537,6318,4720,0,1
2026-08-23 10:07:21.553557,6411,5389,3407,1
2026-08-23 10:07:21.553577,6328,4728,1,1
2026-08-23 10:07:21.553597,6420,5381,3387,1
2026-08-23 10:07:21.553617,6336,4739,43,1
2026-08-23 10:07:21.553637,6421,5427,3767,1
2026-08-23 10:07:21.553657,6325,4766,20,1
2026-08-23 10:07:21.553677,6439,5423,3753,1
2026-08-23 10:07:21.553697,6331,4757,16,1
2026-08-23 10:07:21.553717,6426,5368,3420,1
2026-08-23 10:07:21.553737,6326,4753,10,1
2026-08-23 10:07:21.553757,6410,5361,3415,1
2026-08-23 10:07:21.553777,6331,4721,0,1
2026-08-23 10:07:21.553797,6418,5424,3402,1
2026-08-23 10:07:21.553817,6338,4761,6,1
2026-08-23 10:07:21.553837,6437,5391,3772,1
2026-08-23 10:07:21.553857,6318,4723,0,1
2026-08-23 10:07:21.553877,6423,5423,3760,1
2026-08-23 10:07:21.553897,6323,4707,13,1
2026-08-23 10:07:21.553917,6423,5370,3420,1
2026-08-23 10:07:21.553937,6324,4745,327,1
2026-08-23 10:07:21.553957,6415,5374,3411,1
2026-08-23 10:07:21.553977,6322,4725,6,1
2026-08-23 10:07:21.553997,6417,5412,3408,1
2026-08-23 10:07:21.554017,6323,4755,13,1
2026-08-23 10:07:21.554037,6421,5424,3787,1
2026-08-23 10:07:21.554057,6327,4754,21,1
2026-08-23 10:07:21.554077,6413,5392,3755,1
2026-08-23 10:07:21.554097,6340,4743,10,1
2026-08-23 10:07:21.554117,6419,5401,3418,1
2026-08-23 10:07:21.554137,6325,4706,5,1
2026-08-23 10:07:21.554157,6417,5402,3424,1
2026-08-23 10:07:21.554177,6322,4750,13,1
2026-08-23 10:07:21.554197,6424,5397,3401,1
2026-08-23 10:07:21.554217,6342,4736,12,1
2026-08-23 10:07:21.554237,6424,5394,3775,1
2026-08-23 10:07:21.554257,6333,4747,6,1
2026-08-23 10:07:21.554277,6426,5391,3756,1
2026-08-23 10:07:21.554297,6322,4752,3,1
2026-08-23 10:07:21.554317,6424,5371,3412,1
2026-08-23 10:07:21.554337,6337,4725,24,1
2026-08-23 10:07:21.554357,6408,5376,3401,1
2026-08-23 10:07:21.554377,6331,4726,11,1
2026-08-23 10:07:21.554397,6423,5409,3404,1
2026-08-23 10:07:21.554417,6327,4764,13,1
2026-08-23 10:07:21.554437,6422,5427,3767,1
2026-08-23 10:07:21.554457,6318,4710,17,1
2026-08-23 10:07:21.554477,6427,5394,3758,1
2026-08-23 10:07:21.554497,6333,4727,15,1
2026-08-23 10:07:21.554517,6407,5371,3414,1
2026-08-23 10:07:21.554537,6331,4728,15,1
2026-08-23 10:07:21.554557,6421,5368,3422,1
2026-08-23 10:07:21.554577,6335,4752,5,1
2026-08-23 10:07:21.554597,6419,5404,3398,1
2026-08-23 10:07:21.554617,6329,4748,11,1
2026-08-23 10:07:21.554637,6426,5442,3775,1
2026-08-23 10:07:21.554657,6323,4735,7,1
2026-08-23 10:07:21.554677,6427,5403,3756,1
2026-08-23 10:07:21.554697,6319,4740,10,1
2026-08-23 10:07:21.554717,6415,5385,3417,1
2026-08-23 10:07:21.554737,6258,4718,15,1
2026-08-23 10:07:21.554757,6410,5402,3415,1
2026-08-23 10:07:21.554777,6327,4729,10,1
2026-08-23 10:07:21.554797,6406,5371,3398,1
2026-08-23 10:07:21.554817,6326,4759,0,1
2026-08-23 10:07:21.554837,6431,5403,3773,1
2026-08-23 10:07:21.554857,6333,4730,11,1
2026-08-23 10:07:21.554877,6426,5405,3765,1
2026-08-23 10:07:21.554897,6333,4761,48,1
2026-08-23 10:07:21.554917,6410,5405,3418,1
2026-08-23 10:07:21.554937,6326,4720,7,1
2026-08-23 10:07:21.554957,6424,5392,3401,1
2026-08-23 10:07:21.554977,6323,4755,4,1
2026-08-23 10:07:21.554997,6414,5403,3394,1
2026-08-23 10:07:21.555017,6455,4727,10,1
2026-08-23 10:07:21.555037,6436,5401,3768,1
2026-08-23 10:07:21.555057,6317,4770,0,1
2026-08-23 10:07:21.555077,6429,5427,3756,1
2026-08-23 10:07:21.555097,6328,4747,0,1
2026-08-23 10:07:21.555117,6420,5366,3419,1
2026-08-23 10:07:21.555137,6332,4705,9,1
2026-08-23 10:07:21.555157,6427,5363,3402,1
2026-08-23 10:07:21.555177,6331,4722,12,1
2026-08-23 10:07:21.555197,6415,5383,3403,1
2026-08-23 10:07:21.555217,6328,4724,15,1
2026-08-23 10:07:21.555237,6424,5398,3781,1
2026-08-23 10:07:21.555257,6323,4744,0,1
2026-08-23 10:07:21.555277,6422,5403,3754,1
2026-08-23 10:07:21.555297,6325,4759,11,1
2026-08-23 10:07:21.555317,6408,5369,3392,1
2026-08-23 10:07:21.555337,6330,4723,6,1
2026-08-23 10:07:21.555357,6421,5407,3415,1
2026-08-23 10:07:21.555377,6327,4726,5,1
2026-08-23 10:07:21.555397,6416,5370,3399,1
2026-08-23 10:07:21.555417,6326,4757,0,1
2026-08-23 10:07:21.555437,6429,5396,3787,1
2026-08-23 10:07:21.555457,6338,4758,4,1
2026-08-23 10:07:21.555477,6438,5389,3757,1
2026-08-23 10:07:21.555497,6330,4728,13,1
2026-08-23 10:07:21.555517,6417,5415,3402,1
2026-08-23 10:07:21.555537,6329,4750,8,1
2026-08-23 10:07:21.555557,6418,5372,3402,1
2026-08-23 10:07:21.555577,6324,4762,7,1
2026-08-23 10:07:21.555597,6427,5404,3394,1
2026-08-23 10:07:21.555617,6319,4760,9,1
2026-08-23 10:07:21.555637,6413,5426,3775,1
2026-08-23 10:07:21.555657,6330,4759,14,1
2026-08-23 10:07:21.555677,6425,5397,3756,1
2026-08-23 10:07:21.555697,6325,4721,13,1
2026-08-23 10:07:21.555717,6421,5375,3419,1
2026-08-23 10:07:21.555737,6324,4757,19,1
2026-08-23 10:07:21.555757,6412,5393,3400,1
2026-08-23 10:07:21.555777,6324,4745,16,1
2026-08-23 10:07:21.555797,6419,5403,3412,1
2026-08-23 10:07:21.555817,6328,4727,4,1
2026-08-23 10:07:21.555837,6428,5432,3754,1
2026-08-23 10:07:21.555857,6328,4755,22,1
2026-08-23 10:07:21.555877,6424,5375,3757,1
2026-08-23 10:07:21.555897,6331,4710,14,1
2026-08-23 10:07:21.555917,6422,5395,3408,1
2026-08-23 10:07:21.555937,6327,4732,13,1
2026-08-23 10:07:21.555957,6421,5409,3404,1
2026-08-23 10:07:21.555977,6323,4724,19,1
2026-08-23 10:07:21.555997,6420,5400,3395,1
2026-08-23 10:07:21.556017,6383,4742,14,1
2026-08-23 10:07:21.556037,6424,5426,3771,1
2026-08-23 10:07:21.556057,6316,4741,14,1
2026-08-23 10:07:21.556077,6419,5433,3762,1
2026-08-23 10:07:21.556097,6328,4746,6,1
2026-08-23 10:07:21.556117,6419,5381,3401,1
2026-08-23 10:07:21.556137,6321,4761,7,1
2026-08-23 10:07:21.556157,6424,5390,3413,1
2026-08-23 10:07:21.556177,6325,4738,8,1
2026-08-23 10:07:21.556197,6418,5373,3387,1
2026-08-23 10:07:21.556217,6317,4728,0,1
2026-08-23 10:07:21.556237,6431,5409,3784,1
2026-08-23 10:07:21.556257,6323,4756,4,1
2026-08-23 10:07:21.556277,6415,5428,3760,1
2026-08-23 10:07:21.556297,6326,4751,6,1
2026-08-23 10:07:21.556317,6427,5368,3411,1
2026-08-23 10:07:21.556337,6318,4752,8,1
2026-08-23 10:07:21.556357,6415,5388,3411,1
2026-08-23 10:07:21.556377,6326,4767,0,1
2026-08-23 10:07:21.556397,6418,5372,3404,1
2026-08-23 10:07:21.556417,6320,4745,6,1
2026-08-23 10:07:21.556437,6428,5430,3769,1
2026-08-23 10:07:21.556457,6316,4745,14,1
2026-08-23 10:07:21.556477,6426,5391,3753,1
2026-08-23 10:07:21.556497,6313,4724,15,1
2026-08-23 10:07:21.556517,6417,5380,3413,1
2026-08-23 10:07:21.556537,6326,4721,11,1
2026-08-23 10:07:21.556557,6423,5371,3406,1
2026-08-23 10:07:21.556577,6327,4737,10,1
2026-08-23 10:07:21.556597,6422,5403,3399,1
2026-08-23 10:07:21.556617,6330,4758,4,1
2026-08-23 10:07:21.556637,6429,5428,3770,1
2026-08-23 10:07:21.556657,6325,4755,16,1
2026-08-23 10:07:21.556677,6417,5422,3752,1
2026-08-23 10:07:21.556697,6330,4724,0,1
2026-08-23 10:07:21.556717,6418,5383,3411,1
2026-08-23 10:07:21.556737,6324,4714,4,1
2026-08-23 10:07:21.556757,6421,5371,3407,1
2026-08-23 10:07:21.556777,6329,4727,25,1
2026-08-23 10:07:21.556797,6412,5416,3392,1
2026-08-23 10:07:21.556817,6324,4759,5,1
2026-08-23 10:07:21.556837,6430,5422,3764,1
2026-08-23 10:07:21.556857,6328,4757,8,1
2026-08-23 10:07:21.556877,6419,5431,3753,1
2026-08-23 10:07:21.556897,6330,4727,8,1
2026-08-23 10:07:21.556917,6416,5398,3420,1
2026-08-23 10:07:21.556937,6327,4728,12,1
2026-08-23 10:07:21.556957,6419,5375,3403,1
2026-08-23 10:07:21.556977,6323,4758,28,1
2026-08-23 10:07:21.556997,6410,5392,3393,1
2026-08-23 10:07:21.557017,6336,4714,29,1
2026-08-23 10:07:21.557037,6418,5388,3756,1
2026-08-23 10:07:21.557057,6315,4722,2,1
2026-08-23 10:07:21.557077,6436,5395,3749,1
2026-08-23 10:07:21.557097,6322,4768,0,1
2026-08-23 10:07:21.557117,6407,5378,3415,1
2026-08-23 10:07:21.557137,6329,4726,10,1
2026-08-23 10:07:21.557157,6385,5377,3392,1
2026-08-23 10:07:21.557177,6324,4746,13,1
2026-08-23 10:07:21.557197,6344,5370,3398,1
2026-08-23 10:07:21.557217,6315,4730,19,1
2026-08-23 10:07:21.557237,6430,5403,3773,1
2026-08-23 10:07:21.557257,6316,4754,6,1
2026-08-23 10:07:21.557277,6430,5380,3749,1
2026-08-23 10:07:21.557297,6327,4761,13,1
2026-08-23 10:07:21.557317,6415,5402,3416,1
2026-08-23 10:07:21.557337,6322,4720,6,1
2026-08-23 10:07:21.557357,6421,5367,3407,1
2026-08-23 10:07:21.557377,6318,4724,8,1
2026-08-23 10:07:21.557397,6422,5360,3393,1
2026-08-23 10:07:21.557417,6331,4726,5,1
2026-08-23 10:07:21.557437,6415,5394,3755,1
2026-08-23 10:07:21.557457,6333,4725,7,1
2026-08-23 10:07:21.557477,6424,5430,3748,1
2026-08-23 10:07:21.557497,6321,4721,11,1
2026-08-23 10:07:21.557517,6417,5379,3410,1
2026-08-23 10:07:21.557537,6320,4757,24,1
2026-08-23 10:07:21.557557,6414,5396,3409,1
2026-08-23 10:07:21.557577,6334,4719,0,1
2026-08-23 10:07:21.557597,6417,5402,3402,1
2026-08-23 10:07:21.557617,6329,4760,15,1
2026-08-23 10:07:21.557637,6477,5427,3767,1
2026-08-23 10:07:21.557657,6316,4710,0,1
2026-08-23 10:07:21.557677,6421,5384,3756,1
2026-08-23 10:07:21.557697,6323,4711,13,1
2026-08-23 10:07:21.557717,6418,5370,3424,1
2026-08-23 10:07:21.557737,6324,4717,0,1
2026-08-23 10:07:21.557757,6416,5362,3401,1
2026-08-23 10:07:21.557777,6324,4738,15,1
2026-08-23 10:07:21.557797,6413,5371,3385,1
2026-08-23 10:07:21.557817,6328,4735,4,1
2026-08-23 10:07:21.557837,6430,5407,3793,1
2026-08-23 10:07:21.557857,6320,4780,6,1
2026-08-23 10:07:21.557877,6430,5403,3732,1
2026-08-23 10:07:21.557897,6322,4760,8,1
2026-08-23 10:07:21.557917,6414,5399,3425,1
2026-08-23 10:07:21.557937,6324,4750,22,1
2026-08-23 10:07:21.557957,6416,5373,3406,1
2026-08-23 10:07:21.557977,6316,4745,8,1
2026-08-23 10:07:21.557997,6418,5362,3389,1
2026-08-23 10:07:21.558017,6331,4766,8,1
2026-08-23 10:07:21.558037,6420,5405,3767,1
2026-08-23 10:07:21.558057,6328,4767,23,1
2026-08-23 10:07:21.558077,6425,5431,3760,1
2026-08-23 10:07:21.558097,6325,4748,21,1
2026-08-23 10:07:21.558117,6422,5354,3416,1
2026-08-23 10:07:21.558137,6325,4752,11,1
2026-08-23 10:07:21.558157,6418,5378,3414,1
2026-08-23 10:07:21.558177,6331,4711,8,1
2026-08-23 10:07:21.558197,6414,5380,3395,1
2026-08-23 10:07:21.558217,6324,4741,0,1
2026-08-23 10:07:21.558237,6419,5430,3762,1
2026-08-23 10:07:21.558257,6325,4770,8,1
2026-08-23 10:07:21.558277,6425,5411,3763,1
2026-08-23 10:07:21.558297,6324,4754,15,1
2026-08-23 10:07:21.558317,6419,5376,3408,1
2026-08-23 10:07:21.558337,6324,4760,2,1
2026-08-23 10:07:21.558357,6410,5377,3409,1
2026-08-23 10:07:21.558377,6324,4758,22,1
2026-08-23 10:07:21.558397,6415,5404,3410,1
2026-08-23 10:07:21.558417,6334,4752,8,1
2026-08-23 10:07:21.558437,6424,5412,3754,1
2026-08-23 10:07:21.558457,6316,4720,12,1
2026-08-23 10:07:21.558477,6429,5390,3742,1
2026-08-23 10:07:21.558497,6314,4780,14,1
2026-08-23 10:07:21.558517,6409,5398,3415,1
2026-08-23 10:07:21.558537,6320,4730,0,1
2026-08-23 10:07:21.558557,6404,5374,3401,1
2026-08-23 10:07:21.558577,6324,4727,7,1
2026-08-23 10:07:21.558597,6374,5409,3389,1
2026-08-23 10:07:21.558617,6325,4738,6,1
2026-08-23 10:07:21.558637,6422,5421,3776,1
2026-08-23 10:07:21.558657,6322,4753,7,1
2026-08-23 10:07:21.558677,6423,5423,3774,1
2026-08-23 10:07:21.558697,6325,4728,30,1
2026-08-23 10:07:21.558717,6419,5371,3412,1
2026-08-23 10:07:21.558737,6310,4727,6,1
2026-08-23 10:07:21.558757,6413,5376,3410,1
2026-08-23 10:07:21.558777,6320,4746,16,1
2026-08-23 10:07:21.558797,6416,5378,3400,1
2026-08-23 10:07:21.558817,6316,4768,15,1
2026-08-23 10:07:21.558837,6418,5433,3767,1
2026-08-23 10:07:21.558857,6323,4757,15,1
2026-08-23 10:07:21.558877,6422,5391,3762,1
2026-08-23 10:07:21.558897,6315,4715,10,1
2026-08-23 10:07:21.558917,6419,5408,3414,1
2026-08-23 10:07:21.558937,6320,4762,12,1
2026-08-23 10:07:21.558957,6413,5368,3408,1
2026-08-23 10:07:21.558977,6326,4760,13,1
2026-08-23 10:07:21.558997,6425,5368,3398,1
2026-08-23 10:07:21.559017,6323,4757,0,1
2026-08-23 10:07:21.559037,6414,5435,3771,1
2026-08-23 10:07:21.559057,6285,4706,11,1
2026-08-23 10:07:21.559077,6409,5418,3753,1
2026-08-23 10:07:21.559097,6324,4749,5,1
2026-08-23 10:07:21.559117,6410,5396,3414,1
2026-08-23 10:07:21.559137,6326,4720,13,1
2026-08-23 10:07:21.559157,6427,5369,3385,1
2026-08-23 10:07:21.559177,6319,4752,6,1
2026-08-23 10:07:21.559197,6415,5398,3390,1
2026-08-23 10:07:21.559217,6320,4753,6,1
2026-08-23 10:07:21.559237,6425,5397,3758,1
2026-08-23 10:07:21.559257,6337,4760,18,1
2026-08-23 10:07:21.559277,6420,5388,3751,1
2026-08-23 10:07:21.559297,6326,4728,30,1
2026-08-23 10:07:21.559317,6392,5406,3411,1
2026-08-23 10:07:21.559337,6331,4732,13,1
2026-08-23 10:07:21.559357,6419,5402,3414,1
2026-08-23 10:07:21.559377,6321,4746,2,1
2026-08-23 10:07:21.559397,6309,5394,3397,1
2026-08-23 10:07:21.559417,6322,4724,4,1
2026-08-23 10:07:21.559437,6427,5415,3765,1
2026-08-23 10:07:21.559457,6324,4716,23,1
2026-08-23 10:07:21.559477,6414,5401,3755,1
2026-08-23 10:07:21.559497,6323,4761,3,1
2026-08-23 10:07:21.559517,6417,5380,3410,1
2026-08-23 10:07:21.559537,6320,4719,7,1
2026-08-23 10:07:21.559557,6416,5390,3403,1
2026-08-23 10:07:21.559577,6324,4725,30,1
2026-08-23 10:07:21.559597,6404,5357,3386,1
2026-08-23 10:07:21.559617,6326,4748,11,1
2026-08-23 10:07:21.559637,6421,5432,3763,1
2026-08-23 10:07:21.559657,6325,4711,11,1
2026-08-23 10:07:21.559677,6428,5418,3749,1
2026-08-23 10:07:21.559697,6322,4761,10,1
2026-08-23 10:07:21.559717,6408,5368,3411,1
2026-08-23 10:07:21.559737,6322,4759,10,1
2026-08-23 10:07:21.559757,6407,5366,3400,1
2026-08-23 10:07:21.559777,6330,4732,0,1
2026-08-23 10:07:21.559797,6411,5396,3390,1
2026-08-23 10:07:21.559817,6333,4766,0,1
2026-08-23 10:07:21.559837,6424,5389,3762,1
2026-08-23 10:07:21.559857,6314,4752,21,1
2026-08-23 10:07:21.559877,6440,5415,3757,1
2026-08-23 10:07:21.559897,6320,4743,0,1
2026-08-23 10:07:21.559917,6396,5357,3412,1
2026-08-23 10:07:21.559937,6316,4759,13,1
2026-08-23 10:07:21.559957,6418,5358,3383,1
2026-08-23 10:07:21.559977,6326,4754,5,1
2026-08-23 10:07:21.559997,6420,5368,3394,1
2026-08-23 10:07:21.560017,6320,4756,66,1
2026-08-23 10:07:21.560037,6422,5379,3771,1
2026-08-23 10:07:21.560057,6324,4733,5,1
2026-08-23 10:07:21.560077,6415,5412,3750,1
2026-08-23 10:07:21.560097,6322,4719,14,1
2026-08-23 10:07:21.560117,6379,5399,3409,1
2026-08-23 10:07:21.560137,6315,4721,33,1
2026-08-23 10:07:21.560157,6416,5397,3404,1
2026-08-23 10:07:21.560177,6318,4759,0,1
2026-08-23 10:07:21.560197,6418,5354,3399,1
2026-08-23 10:07:21.560217,6318,4754,14,1
2026-08-23 10:07:21.560237,6424,5411,3778,1
2026-08-23 10:07:21.560257,6316,4744,11,1
2026-08-23 10:07:21.560277,6426,5397,3749,1
2026-08-23 10:07:21.560297,6319,4746,13,1
2026-08-23 10:07:21.560317,6415,5365,3417,1
2026-08-23 10:07:21.560337,6311,4762,27,1
2026-08-23 10:07:21.560357,6412,5397,3403,1
2026-08-23 10:07:21.560377,6325,4746,16,1
2026-08-23 10:07:21.560397,6406,5440,3398,1
2026-08-23 10:07:21.560417,6330,4750,9,1
2026-08-23 10:07:21.560437,6419,5410,3765,1
2026-08-23 10:07:21.560457,6327,4715,8,1
2026-08-23 10:07:21.560477,6419,5373,3712,1
2026-08-23 10:07:21.560497,6322,4746,5,1
2026-08-23 10:07:21.560517,6402,5362,3406,1
2026-08-23 10:07:21.560537,6331,4755,18,1
2026-08-23 10:07:21.560557,6421,5401,3414,1
2026-08-23 10:07:21.560577,6320,4756,15,1
2026-08-23 10:07:21.560597,6410,5409,3394,1
2026-08-23 10:07:21.560617,6317,4751,10,1
2026-08-23 10:07:21.560637,6424,5396,3769,1
2026-08-23 10:07:21.560657,6324,4752,15,1
2026-08-23 10:07:21.560677,6424,5384,3754,1
2026-08-23 10:07:21.560697,6335,4752,12,1
2026-08-23 10:07:21.560717,6410,5363,3405,1
2026-08-23 10:07:21.560737,6317,4762,21,1
2026-08-23 10:07:21.560757,6432,5369,3406,1
2026-08-23 10:07:21.560777,6318,4731,9,1
2026-08-23 10:07:21.560797,6425,5351,3380,1
2026-08-23 10:07:21.560817,6315,4753,6,1
2026-08-23 10:07:21.560837,6417,5438,3750,1
2026-08-23 10:07:21.560857,6325,4752,11,1
2026-08-23 10:07:21.560877,6427,5379,3759,1
2026-08-23 10:07:21.560897,6316,4745,17,1
2026-08-23 10:07:21.560917,6412,5369,3411,1
2026-08-23 10:07:21.560937,6326,4753,7,1
2026-08-23 10:07:21.560957,6443,5386,3402,1
2026-08-23 10:07:21.560977,6317,4746,18,1
2026-08-23 10:07:21.560997,6403,5389,3398,1
2026-08-23 10:07:21.561017,6314,4750,8,1
2026-08-23 10:07:21.561037,6420,5397,3748,1
2026-08-23 10:07:21.561057,6322,4719,9,1
2026-08-23 10:07:21.561077,6412,5396,3761,1
2026-08-23 10:07:21.561097,6315,4765,1,1
2026-08-23 10:07:21.561117,6421,5370,3421,1
2026-08-23 10:07:21.561137,6313,4757,0,1
2026-08-23 10:07:21.561157,6412,5405,3401,1
2026-08-23 10:07:21.561177,6317,4756,8,1
2026-08-23 10:07:21.561197,6408,5396,3390,1
2026-08-23 10:07:21.561217,6314,4755,4,1
2026-08-23 10:07:21.561237,6409,5387,3765,1
2026-08-23 10:07:21.561257,6309,4727,14,1
2026-08-23 10:07:21.561277,6429,5405,3748,1
2026-08-23 10:07:21.561297,6322,4730,6,1
2026-08-23 10:07:21.561317,6412,5366,3423,1
2026-08-23 10:07:21.561337,6370,4738,10,1
2026-08-23 10:07:21.561357,6408,5400,3402,1
2026-08-23 10:07:21.561377,6321,4727,0,1
2026-08-23 10:07:21.561397,6448,5366,3399,1
2026-08-23 10:07:21.561417,6324,4712,13,1
2026-08-23 10:07:21.561437,6407,5385,3768,1
2026-08-23 10:07:21.561457,6311,4759,14,1
2026-08-23 10:07:21.561477,6422,5376,3751,1
2026-08-23 10:07:21.561497,6323,4758,15,1
2026-08-23 10:07:21.561517,6413,5369,3403,1
2026-08-23 10:07:21.561537,6317,4745,16,1
2026-08-23 10:07:21.561557,6414,5346,3408,1
2026-08-23 10:07:21.561577,6327,4743,7,1
2026-08-23 10:07:21.561597,6414,5404,3381,1
2026-08-23 10:07:21.561617,6323,4727,11,1
2026-08-23 10:07:21.561637,6417,5409,3777,1
2026-08-23 10:07:21.561657,6316,4751,20,1
2026-08-23 10:07:21.561677,6397,5417,3748,1
2026-08-23 10:07:21.561697,6315,4755,8,1
2026-08-23 10:07:21.561717,6419,5369,3404,1
2026-08-23 10:07:21.561737,6311,4761,8,1
2026-08-23 10:07:21.561757,6413,5399,3409,1
2026-08-23 10:07:21.561777,6331,4722,0,1
2026-08-23 10:07:21.561797,6412,5358,3395,1
2026-08-23 10:07:21.561817,6307,4760,13,1
2026-08-23 10:07:21.561837,6414,5419,3762,1
2026-08-23 10:07:21.561857,6323,4765,23,1
2026-08-23 10:07:21.561877,6408,5417,3754,1
2026-08-23 10:07:21.561897,6325,4712,12,1
2026-08-23 10:07:21.561917,6402,5390,3409,1
2026-08-23 10:07:21.561937,6318,4714,180,1
2026-08-23 10:07:21.561957,6406,5388,3231,1
2026-08-23 10:07:21.561977,6312,4754,7,1
2026-08-23 10:07:21.561997,6401,5363,3392,1
2026-08-23 10:07:21.562017,6317,4748,21,1
2026-08-23 10:07:21.562037,6419,5407,3772,1
2026-08-23 10:07:21.562057,6317,4756,3,1
2026-08-23 10:07:21.562077,6408,5418,3770,1
2026-08-23 10:07:21.562097,6322,4726,9,1
2026-08-23 10:07:21.562117,6399,5361,3405,1
2026-08-23 10:07:21.562137,6318,4750,9,1
2026-08-23 10:07:21.562157,6417,5356,3293,1
2026-08-23 10:07:21.562177,6317,4723,23,1
2026-08-23 10:07:21.562197,6404,5371,3393,1
2026-08-23 10:07:21.562217,6325,4718,14,1
2026-08-23 10:07:21.562237,6425,5392,3760,1
2026-08-23 10:07:21.562257,6314,4722,9,1
2026-08-23 10:07:21.562277,6421,5391,3742,1
2026-08-23 10:07:21.562297,6310,4752,36,1
2026-08-23 10:07:21.562317,6403,5371,3403,1
2026-08-23 10:07:21.562337,6310,4753,11,1
2026-08-23 10:07:21.562357,6419,5391,3393,1
2026-08-23 10:07:21.562377,6319,4753,22,1
2026-08-23 10:07:21.562397,6414,5362,3384,1
2026-08-23 10:07:21.562417,6323,4733,17,1
2026-08-23 10:07:21.562437,6410,5435,3770,1
2026-08-23 10:07:21.562457,6324,4771,15,1
2026-08-23 10:07:21.562477,6431,5392,3745,1
2026-08-23 10:07:21.562497,6315,4736,8,1
2026-08-23 10:07:21.562517,6401,5379,3512,1
2026-08-23 10:07:21.562537,6331,4724,11,1
2026-08-23 10:07:21.562557,6384,5408,3376,1
2026-08-23 10:07:21.562577,6310,4748,18,1
2026-08-23 10:07:21.562597,6413,5403,3397,1
2026-08-23 10:07:21.562617,6326,4750,10,1
2026-08-23 10:07:21.562637,6421,5386,3777,1
2026-08-23 10:07:21.562657,6317,4740,18,1
2026-08-23 10:07:21.562677,6414,5419,3747,1
2026-08-23 10:07:21.562697,6318,4735,10,1
2026-08-23 10:07:21.562717,6409,5368,3411,1
2026-08-23 10:07:21.562737,6319,4738,0,1
2026-08-23 10:07:21.562757,6396,5360,3398,1
2026-08-23 10:07:21.562777,6316,4756,4,1
2026-08-23 10:07:21.562797,6408,5386,3388,1
2026-08-23 10:07:21.562817,6318,4765,8,1
2026-08-23 10:07:21.562837,6424,5417,3744,1
2026-08-23 10:07:21.562857,6309,4750,13,1
2026-08-23 10:07:21.562877,6421,5408,3732,1
2026-08-23 10:07:21.562897,6323,4736,0,1
2026-08-23 10:07:21.562917,6412,5354,3411,1
2026-08-23 10:07:21.562937,6321,4715,15,1
2026-08-23 10:07:21.562957,6397,5359,3402,1
2026-08-23 10:07:21.562977,6319,4756,15,1
2026-08-23 10:07:21.562997,6413,5340,3389,1
2026-08-23 10:07:21.563017,6315,4711,1,1
2026-08-23 10:07:21.563037,6416,5388,3760,1
2026-08-23 10:07:21.563057,6315,4754,123,1
2026-08-23 10:07:21.563077,6416,5424,3742,1
2026-08-23 10:07:21.563097,6323,4746,13,1
2026-08-23 10:07:21.563117,6398,5365,3414,1
2026-08-23 10:07:21.563137,6319,4760,11,1
2026-08-23 10:07:21.563157,6423,5363,3403,1
2026-08-23 10:07:21.563177,6307,4728,5,1
2026-08-23 10:07:21.563197,6411,5397,3402,1
2026-08-23 10:07:21.563217,6317,4756,11,1
2026-08-23 10:07:21.563237,6404,5393,3766,1
2026-08-23 10:07:21.563257,6320,4720,8,1
2026-08-23 10:07:21.563277,6417,5412,3759,1
2026-08-23 10:07:21.563297,6319,4732,13,1
2026-08-23 10:07:21.563317,6407,5402,3411,1
2026-08-23 10:07:21.563337,6317,4754,21,1
2026-08-23 10:07:21.563357,6408,5398,3326,1
2026-08-23 10:07:21.563377,6323,4768,21,1
2026-08-23 10:07:21.563397,6409,5368,3395,1
2026-08-23 10:07:21.563417,6323,4723,11,1
2026-08-23 10:07:21.563437,6343,5392,3775,1
2026-08-23 10:07:21.563457,6324,4727,0,1
2026-08-23 10:07:21.563477,6420,5414,3744,1
2026-08-23 10:07:21.563497,6324,4737,9,1
2026-08-23 10:07:21.563517,6414,5357,3404,1
2026-08-23 10:07:21.563537,6314,4754,4,1
2026-08-23 10:07:21.563557,6415,5363,3399,1
2026-08-23 10:07:21.563577,6324,4726,5,1
2026-08-23 10:07:21.563597,6417,5372,3396,1
2026-08-23 10:07:21.563617,6310,4745,5,1
2026-08-23 10:07:21.563637,6412,5431,3763,1
2026-08-23 10:07:21.563657,6329,4725,2,1
2026-08-23 10:07:21.563677,6417,5387,3753,1
2026-08-23 10:07:21.563697,6321,4718,13,1
2026-08-23 10:07:21.563717,6408,5366,3391,1
2026-08-23 10:07:21.563737,6316,4759,0,1
2026-08-23 10:07:21.563757,6417,5357,3418,1
2026-08-23 10:07:21.563777,6323,4716,0,1
2026-08-23 10:07:21.563797,6408,5391,3367,1
2026-08-23 10:07:21.563817,6326,4741,4,1
2026-08-23 10:07:21.563837,6413,5415,3764,1
2026-08-23 10:07:21.563857,6310,4783,26,1
2026-08-23 10:07:21.563877,6414,5415,3747,1
2026-08-23 10:07:21.563897,6317,4720,20,1
2026-08-23 10:07:21.563917,6404,5397,3418,1
2026-08-23 10:07:21.563937,6313,4725,13,1
2026-08-23 10:07:21.563957,6411,5406,3399,1
2026-08-23 10:07:21.563977,6314,4751,10,1
2026-08-23 10:07:21.563997,6404,5406,3395,1
2026-08-23 10:07:21.564017,6322,4740,8,1
2026-08-23 10:07:21.564037,6414,5429,3760,1
2026-08-23 10:07:21.564057,6328,4747,35,1
2026-08-23 10:07:21.564077,6419,5392,3748,1
2026-08-23 10:07:21.564097,6319,4764,12,1
2026-08-23 10:07:21.564117,6408,5383,3395,1
2026-08-23 10:07:21.564137,6304,4753,12,1
2026-08-23 10:07:21.564157,6402,5404,3412,1
2026-08-23 10:07:21.564177,6318,4767,11,1
2026-08-23 10:07:21.564197,6407,5395,3400,1
2026-08-23 10:07:21.564217,6309,4728,9,1
2026-08-23 10:07:21.564237,6416,5422,3782,1
2026-08-23 10:07:21.564257,6316,4701,0,1
2026-08-23 10:07:21.564277,6407,5385,3752,1
2026-08-23 10:07:21.564297,6321,4732,16,1
2026-08-23 10:07:21.564317,6414,5411,3422,1
2026-08-23 10:07:21.564337,6316,4730,11,1
2026-08-23 10:07:21.564357,6407,5391,3418,1
2026-08-23 10:07:21.564377,6317,4732,14,1
2026-08-23 10:07:21.564397,6407,5386,3388,1
2026-08-23 10:07:21.564417,6314,4756,11,1
2026-08-23 10:07:21.564437,6416,5379,3769,1
2026-08-23 10:07:21.564457,6306,4717,6,1
2026-08-23 10:07:21.564477,6414,5389,3742,1
2026-08-23 10:07:21.564497,6321,4748,12,1
2026-08-23 10:07:21.564517,6408,5409,3405,1
2026-08-23 10:07:21.564537,6315,4759,11,1
2026-08-23 10:07:21.564557,6410,5386,3409,1
2026-08-23 10:07:21.564577,6321,4725,10,1
2026-08-23 10:07:21.564597,6411,5373,3389,1
2026-08-23 10:07:21.564617,6319,4755,7,1
2026-08-23 10:07:21.564637,6418,5419,3761,1
2026-08-23 10:07:21.564657,6310,4750,19,1
2026-08-23 10:07:21.564677,6418,5408,3743,1
2026-08-23 10:07:21.564697,6317,4760,21,1
2026-08-23 10:07:21.564717,6410,5355,3412,1
2026-08-23 10:07:21.564737,6314,4762,8,1
2026-08-23 10:07:21.564757,6407,5394,3393,1
2026-08-23 10:07:21.564777,6291,4723,2,1
2026-08-23 10:07:21.564797,6526,5358,3379,1
2026-08-23 10:07:21.564817,6310,4775,15,1
2026-08-23 10:07:21.564837,6414,5421,3760,1
2026-08-23 10:07:21.564857,6319,4726,8,1
2026-08-23 10:07:21.564877,6418,5393,3751,1
2026-08-23 10:07:21.564897,6318,4734,10,1
2026-08-23 10:07:21.564917,6417,5363,3419,1
2026-08-23 10:07:21.564937,6318,4723,0,1
2026-08-23 10:07:21.564957,6402,5366,3391,1
2026-08-23 10:07:21.564977,6316,4754,23,1
2026-08-23 10:07:21.564997,6418,5352,3390,1
2026-08-23 10:07:21.565017,6316,4756,20,1
2026-08-23 10:07:21.565037,6421,5388,3724,1
2026-08-23 10:07:21.565057,6319,4753,11,1
2026-08-23 10:07:21.565077,6417,5410,3745,1
2026-08-23 10:07:21.565097,6319,4722,13,1
2026-08-23 10:07:21.565117,6407,5363,3420,1
2026-08-23 10:07:21.565137,6318,4728,22,1
2026-08-23 10:07:21.565157,6399,5394,3348,1
2026-08-23 10:07:21.565177,6323,4759,27,1
2026-08-23 10:07:21.565197,6394,5373,3417,1
2026-08-23 10:07:21.565217,6318,4731,11,1
2026-08-23 10:07:21.565237,6408,5424,3775,1
2026-08-23 10:07:21.565257,6313,4754,9,1
2026-08-23 10:07:21.565277,6415,5397,3755,1
2026-08-23 10:07:21.565297,6324,4735,20,1
2026-08-23 10:07:21.565317,6413,5362,3435,1
2026-08-23 10:07:21.565337,6312,4713,1,1
2026-08-23 10:07:21.565357,6404,5386,3390,1
2026-08-23 10:07:21.565377,6324,4753,4,1
2026-08-23 10:07:21.565397,6417,5379,3418,1
2026-08-23 10:07:21.565417,6307,4730,5,1
2026-08-23 10:07:21.565437,6419,5424,3764,1
2026-08-23 10:07:21.565457,6307,4716,10,1
2026-08-23 10:07:21.565477,6422,5380,3748,1
2026-08-23 10:07:21.565497,6321,4714,0,1
2026-08-23 10:07:21.565517,6408,5391,3348,1
2026-08-23 10:07:21.565537,6314,4751,8,1
2026-08-23 10:07:21.565557,6404,5389,3402,1
2026-08-23 10:07:21.565577,6309,4753,4,1
2026-08-23 10:07:21.565597,6410,5355,3375,1
2026-08-23 10:07:21.565617,6324,4729,13,1
2026-08-23 10:07:21.565637,6427,5386,3758,1
2026-08-23 10:07:21.565657,6313,4672,13,1
2026-08-23 10:07:21.565677,6418,5415,3749,1
2026-08-23 10:07:21.565697,6315,4748,14,1
2026-08-23 10:07:21.565717,6402,5389,3410,1
2026-08-23 10:07:21.565737,6314,4741,10,1
2026-08-23 10:07:21.565757,6413,5359,3397,1
2026-08-23 10:07:21.565777,6315,4760,6,1
2026-08-23 10:07:21.565797,6409,5388,3406,1
2026-08-23 10:07:21.565817,6308,4716,7,1
2026-08-23 10:07:21.565837,6414,5424,3780,1
2026-08-23 10:07:21.565857,6316,4727,23,1
2026-08-23 10:07:21.565877,6413,5376,3742,1
2026-08-23 10:07:21.565897,6313,4732,6,1
2026-08-23 10:07:21.565917,6417,5371,3404,1
2026-08-23 10:07:21.565937,6317,4761,13,1
2026-08-23 10:07:21.565957,6409,5362,3403,1
2026-08-23 10:07:21.565977,6305,4764,38,1
2026-08-23 10:07:21.565997,6411,5363,3364,1
2026-08-23 10:07:21.566017,6319,4747,4,1
2026-08-23 10:07:21.566037,6416,5400,3745,1
2026-08-23 10:07:21.566057,6313,4730,17,1
2026-08-23 10:07:21.566077,6481,5419,3741,1
2026-08-23 10:07:21.566097,6316,4723,3,1
2026-08-23 10:07:21.566117,6417,5396,3410,1
2026-08-23 10:07:21.566137,6310,4753,10,1
2026-08-23 10:07:21.566157,6407,5400,3394,1
2026-08-23 10:07:21.566177,6319,4759,8,1
2026-08-23 10:07:21.566197,6398,5360,3454,1
2026-08-23 10:07:21.566217,6320,4758,12,1
2026-08-23 10:07:21.566237,6408,5414,3738,1
2026-08-23 10:07:21.566257,6317,4702,7,1
2026-08-23 10:07:21.566277,6420,5402,3746,1
2026-08-23 10:07:21.566297,6313,4720,0,1
2026-08-23 10:07:21.566317,6409,5391,3429,1
2026-08-23 10:07:21.566337,6319,4744,2,1
2026-08-23 10:07:21.566357,6397,5394,3404,1
2026-08-23 10:07:21.566377,6322,4716,15,1
2026-08-23 10:07:21.566397,6422,5402,3386,1
2026-08-23 10:07:21.566417,6323,4730,7,1
2026-08-23 10:07:21.566437,6428,5394,3734,1
2026-08-23 10:07:21.566457,6320,4759,11,1
2026-08-23 10:07:21.566477,6419,5386,3743,1
2026-08-23 10:07:21.566497,6319,4740,7,1
2026-08-23 10:07:21.566517,6412,5366,3405,1
2026-08-23 10:07:21.566537,6322,4763,13,1
2026-08-23 10:07:21.566557,6398,5368,3390,1
2026-08-23 10:07:21.566577,6308,4768,16,1
2026-08-23 10:07:21.566597,6398,5406,3365,1
2026-08-23 10:07:21.566617,6321,4732,0,1
2026-08-23 10:07:21.566637,6416,5389,3760,1
2026-08-23 10:07:21.566657,6314,4733,17,1
2026-08-23 10:07:21.566677,6415,5389,3743,1
2026-08-23 10:07:21.566697,6304,4732,0,1
2026-08-23 10:07:21.566717,6406,5422,3388,1
2026-08-23 10:07:21.566737,6317,4774,7,1
2026-08-23 10:07:21.566757,6407,5368,3403,1
2026-08-23 10:07:21.566777,6308,4773,6,1
2026-08-23 10:07:21.566797,6410,5356,3384,1
2026-08-23 10:07:21.566817,6308,4777,14,1
2026-08-23 10:07:21.566837,6423,5395,3754,1
2026-08-23 10:07:21.566857,6309,4766,8,1
2026-08-23 10:07:21.566877,6414,5417,3743,1
2026-08-23 10:07:21.566897,6310,4727,8,1
2026-08-23 10:07:21.566917,6410,5363,3411,1
2026-08-23 10:07:21.566937,6312,4728,10,1
2026-08-23 10:07:21.566957,6409,5365,3400,1
2026-08-23 10:07:21.566977,6319,4720,0,1
2026-08-23 10:07:21.566997,6416,5339,3378,1
2026-08-23 10:07:21.567017,6315,4761,15,1
2026-08-23 10:07:21.567037,6429,5389,3745,1
2026-08-23 10:07:21.567057,6320,4745,8,1
2026-08-23 10:07:21.567077,6423,5370,3745,1
2026-08-23 10:07:21.567097,6318,4739,28,1
2026-08-23 10:07:21.567117,6410,5368,3402,1
2026-08-23 10:07:21.567137,6314,4759,14,1
2026-08-23 10:07:21.567157,6406,5397,3403,1
2026-08-23 10:07:21.567177,6314,4754,6,1
2026-08-23 10:07:21.567197,6409,5392,3378,1
2026-08-23 10:07:21.567217,6323,4728,13,1
2026-08-23 10:07:21.567237,6418,5389,3758,1
2026-08-23 10:07:21.567257,6325,4753,0,1
2026-08-23 10:07:21.567277,6420,5385,3757,1
2026-08-23 10:07:21.567297,6323,4750,19,1
2026-08-23 10:07:21.567317,6400,5357,3394,1
2026-08-23 10:07:21.567337,6315,4742,4,1
2026-08-23 10:07:21.567357,6408,5384,3406,1
2026-08-23 10:07:21.567377,6324,4759,17,1
2026-08-23 10:07:21.567397,6412,5364,3393,1
2026-08-23 10:07:21.567417,6317,4727,49,1
2026-08-23 10:07:21.567437,6416,5397,3758,1
2026-08-23 10:07:21.567457,6327,4752,13,1
2026-08-23 10:07:21.567477,6404,5405,3759,1
2026-08-23 10:07:21.567497,6312,4754,10,1
2026-08-23 10:07:21.567517,6410,5366,3404,1
2026-08-23 10:07:21.567537,6164,4730,5,1
2026-08-23 10:07:21.567557,6398,5382,3403,1
2026-08-23 10:07:21.567577,6327,4732,10,1
2026-08-23 10:07:21.567597,6407,5407,3388,1
2026-08-23 10:07:21.567617,6319,4762,0,1
2026-08-23 10:07:21.567637,6415,5413,3766,1
2026-08-23 10:07:21.567657,6314,4715,5,1
2026-08-23 10:07:21.567677,6477,5415,3742,1
2026-08-23 10:07:21.567697,6318,4738,8,1
2026-08-23 10:07:21.567717,6401,5369,3414,1
2026-08-23 10:07:21.567737,6317,4731,20,1
2026-08-23 10:07:21.567757,6400,5412,3401,1
2026-08-23 10:07:21.567777,6317,4777,21,1
2026-08-23 10:07:21.567797,6406,5395,3376,1
2026-08-23 10:07:21.567817,6315,4758,15,1
2026-08-23 10:07:21.567837,6424,5384,3755,1
2026-08-23 10:07:21.567857,6319,4721,12,1
2026-08-23 10:07:21.567877,6406,5402,3760,1
2026-08-23 10:07:21.567897,6311,4782,10,1
2026-08-23 10:07:21.567917,6408,5395,3408,1
2026-08-23 10:07:21.567937,6326,4760,6,1
2026-08-23 10:07:21.567957,6409,5370,3401,1
2026-08-23 10:07:21.567977,6314,4767,6,1
2026-08-23 10:07:21.567997,6415,5369,3378,1
2026-08-23 10:07:21.568017,6316,4735,16,1
2026-08-23 10:07:21.568037,6408,5383,4049,1
2026-08-23 10:07:21.568057,6324,4719,16,1
2026-08-23 10:07:21.568077,6409,5403,3746,1
2026-08-23 10:07:21.568097,6313,4737,2,1
2026-08-23 10:07:21.568117,6411,5379,3416,1
2026-08-23 10:07:21.568137,6316,4741,10,1
2026-08-23 10:07:21.568157,6406,5356,3399,1
2026-08-23 10:07:21.568177,6325,4762,13,1
2026-08-23 10:07:21.568197,6408,5361,3401,1
2026-08-23 10:07:21.568217,6325,4731,5,1
2026-08-23 10:07:21.568237,6408,5384,3766,1
2026-08-23 10:07:21.568257,6313,4721,8,1
2026-08-23 10:07:21.568277,6417,5382,3736,1
2026-08-23 10:07:21.568297,6315,4740,11,1
2026-08-23 10:07:21.568317,6402,5397,3401,1
2026-08-23 10:07:21.568337,6313,4755,6,1
2026-08-23 10:07:21.568357,6407,5362,3383,1
2026-08-23 10:07:21.568377,6315,4758,11,1
2026-08-23 10:07:21.568397,6386,5399,3372,1
2026-08-23 10:07:21.568417,6314,4736,4,1
2026-08-23 10:07:21.568437,6411,5420,3770,1
2026-08-23 10:07:21.568457,6424,4748,16,1
2026-08-23 10:07:21.568477,6405,5385,3744,1
2026-08-23 10:07:21.568497,6319,4759,14,1
2026-08-23 10:07:21.568517,6411,5358,3381,1
2026-08-23 10:07:21.568537,6324,4750,5,1
2026-08-23 10:07:21.568557,6406,5360,3400,1
2026-08-23 10:07:21.568577,6305,4727,6,1
2026-08-23 10:07:21.568597,6406,5401,3394,1
2026-08-23 10:07:21.568617,6316,4743,10,1
2026-08-23 10:07:21.568637,6431,5423,3750,1
2026-08-23 10:07:21.568657,6317,4725,8,1
2026-08-23 10:07:21.568677,6413,5383,3744,1
2026-08-23 10:07:21.568697,6304,4758,0,1
2026-08-23 10:07:21.568717,6397,5418,3423,1
2026-08-23 10:07:21.568737,6320,4729,40,1
2026-08-23 10:07:21.568757,6418,5368,3404,1
2026-08-23 10:07:21.568777,6315,4769,8,1
2026-08-23 10:07:21.568797,6411,5365,3393,1
2026-08-23 10:07:21.568817,6319,4731,12,1
2026-08-23 10:07:21.568837,6408,5411,3760,1
2026-08-23 10:07:21.568857,6314,4756,0,1
2026-08-23 10:07:21.568877,6412,5410,3743,1
2026-08-23 10:07:21.568897,6315,4746,9,1
2026-08-23 10:07:21.568917,6410,5344,3320,1
2026-08-23 10:07:21.568937,6303,4714,8,1
2026-08-23 10:07:21.568957,6397,5389,3399,1
2026-08-23 10:07:21.568977,6317,4756,12,1
2026-08-23 10:07:21.568997,6402,5379,3388,1
2026-08-23 10:07:21.569017,6315,4718,10,1
2026-08-23 10:07:21.569037,6418,5418,3761,1
2026-08-23 10:07:21.569057,6318,4724,15,1
2026-08-23 10:07:21.569077,6413,5375,3748,1
2026-08-23 10:07:21.569097,6320,4758,10,1
2026-08-23 10:07:21.569117,6416,5392,3394,1
2026-08-23 10:07:21.569137,6313,4762,15,1
2026-08-23 10:07:21.569157,6404,5391,3402,1
2026-08-23 10:07:21.569177,6315,4714,13,1
2026-08-23 10:07:21.569197,6397,5376,3408,1
2026-08-23 10:07:21.569217,6310,4761,7,1
2026-08-23 10:07:21.569237,6416,5417,3759,1
2026-08-23 10:07:21.569257,6316,4747,10,1
2026-08-23 10:07:21.569277,6468,5402,3739,1
2026-08-23 10:07:21.569297,6313,4748,14,1
2026-08-23 10:07:21.569317,6416,5333,3394,1
2026-08-23 10:07:21.569337,6317,4719,2,1
2026-08-23 10:07:21.569357,6402,5360,3394,1
2026-08-23 10:07:21.569377,6313,4766,10,1
2026-08-23 10:07:21.569397,6406,5394,3395,1
2026-08-23 10:07:21.569417,6323,4771,22,1
2026-08-23 10:07:21.569437,6404,5395,3762,1
2026-08-23 10:07:21.569457,6321,4735,19,1
2026-08-23 10:07:21.569477,6411,5427,3744,1
2026-08-23 10:07:21.569497,6319,4728,2,1
2026-08-23 10:07:21.569517,6393,5377,3402,1
2026-08-23 10:07:21.569537,6317,4732,6,1
2026-08-23 10:07:21.569557,6407,5366,3384,1
2026-08-23 10:07:21.569577,6318,4742,7,1
2026-08-23 10:07:21.569597,6400,5396,3290,1
2026-08-23 10:07:21.569617,6320,4728,13,1
2026-08-23 10:07:21.569637,6418,5388,3762,1
2026-08-23 10:07:21.569657,6320,4772,52,1
2026-08-23 10:07:21.569677,6418,5382,3742,1
2026-08-23 10:07:21.569697,6319,4757,3,1
2026-08-23 10:07:21.569717,6405,5390,3401,1
2026-08-23 10:07:21.569737,6299,4725,6,1
2026-08-23 10:07:21.569757,6406,5378,3397,1
2026-08-23 10:07:21.569777,6181,4761,7,1
2026-08-23 10:07:21.569797,6407,5357,3386,1
2026-08-23 10:07:21.569817,6313,4742,12,1
2026-08-23 10:07:21.569837,6410,5378,3764,1
2026-08-23 10:07:21.569857,6320,4764,16,1
2026-08-23 10:07:21.569877,6417,5378,3740,1
2026-08-23 10:07:21.569897,6315,4775,32,1
2026-08-23 10:07:21.569917,6397,5394,3423,1
2026-08-23 10:07:21.569937,6310,4757,6,1
2026-08-23 10:07:21.569957,6409,5378,3404,1
2026-08-23 10:07:21.569977,6309,4714,8,1
2026-08-23 10:07:21.569997,6350,5381,3386,1
2026-08-23 10:07:21.570017,6312,4771,11,1
2026-08-23 10:07:21.570037,6406,5411,3758,1
2026-08-23 10:07:21.570057,6315,4774,0,1
2026-08-23 10:07:21.570077,6418,5384,3747,1
2026-08-23 10:07:21.570097,6314,4727,9,1
2026-08-23 10:07:21.570117,6410,5367,3405,1
2026-08-23 10:07:21.570137,6307,4765,8,1
2026-08-23 10:07:21.570157,6400,5384,3399,1
2026-08-23 10:07:21.570177,6314,4769,15,1
2026-08-23 10:07:21.570197,6408,5353,3444,1
2026-08-23 10:07:21.570217,6307,4744,14,1
2026-08-23 10:07:21.570237,6412,5408,3757,1
2026-08-23 10:07:21.570257,6308,4763,9,1
2026-08-23 10:07:21.570277,6410,5408,3723,1
2026-08-23 10:07:21.570297,6314,4756,7,1
2026-08-23 10:07:21.570317,6406,5364,3398,1
2026-08-23 10:07:21.570337,6305,4734,0,1
2026-08-23 10:07:21.570357,6406,5368,3395,1
2026-08-23 10:07:21.570377,6304,4767,1,1
2026-08-23 10:07:21.570397,6411,5394,3393,1
2026-08-23 10:07:21.570417,6316,4761,0,1
2026-08-23 10:07:21.570437,6418,5410,3760,1
2026-08-23 10:07:21.570457,6358,4749,11,1
2026-08-23 10:07:21.570477,6413,5375,3746,1
2026-08-23 10:07:21.570497,6320,4728,6,1
2026-08-23 10:07:21.570517,6404,5357,3394,1
2026-08-23 10:07:21.570537,6319,4720,13,1
2026-08-23 10:07:21.570557,6408,5355,3390,1
2026-08-23 10:07:21.570577,6317,4731,18,1
2026-08-23 10:07:21.570597,6404,5403,3395,1
2026-08-23 10:07:21.570617,6314,4765,0,1
2026-08-23 10:07:21.570637,6415,5399,3752,1
2026-08-23 10:07:21.570657,6312,4761,6,1
2026-08-23 10:07:21.570677,6412,5384,3746,1
2026-08-23 10:07:21.570697,6315,4728,6,1
2026-08-23 10:07:21.570717,6410,5364,3407,1
2026-08-23 10:07:21.570737,6305,4763,0,1
2026-08-23 10:07:21.570757,6415,5371,3393,1
2026-08-23 10:07:21.570777,6316,4762,35,1
2026-08-23 10:07:21.570797,6402,5389,3401,1
2026-08-23 10:07:21.570817,6309,4764,0,1
2026-08-23 10:07:21.570837,6410,5414,3754,1
2026-08-23 10:07:21.570857,6311,4753,16,1
2026-08-23 10:07:21.570877,6416,5378,3763,1
2026-08-23 10:07:21.570897,6318,4723,12,1
2026-08-23 10:07:21.570917,6405,5379,3407,1
2026-08-23 10:07:21.570937,6315,4729,10,1
2026-08-23 10:07:21.570957,6407,5365,3403,1
2026-08-23 10:07:21.570977,6316,4726,15,1
2026-08-23 10:07:21.570997,6395,5389,3388,1
2026-08-23 10:07:21.571017,6320,4731,8,1
2026-08-23 10:07:21.571037,6415,5387,3748,1
2026-08-23 10:07:21.571057,6313,4753,9,1
2026-08-23 10:07:21.571077,6413,5371,3748,1
2026-08-23 10:07:21.571097,6312,4759,16,1
2026-08-23 10:07:21.571117,6403,5361,3412,1
2026-08-23 10:07:21.571137,6318,4714,11,1
2026-08-23 10:07:21.571157,6415,5349,3418,1
2026-08-23 10:07:21.571177,6313,4759,8,1
2026-08-23 10:07:21.571197,6414,5385,3340,1
2026-08-23 10:07:21.571217,6314,4722,4,1
2026-08-23 10:07:21.571237,6414,5389,3749,1
2026-08-23 10:07:21.571257,6307,4730,10,1
2026-08-23 10:07:21.571277,6421,5406,3723,1
2026-08-23 10:07:21.571297,6313,4745,8,1
2026-08-23 10:07:21.571317,6409,5329,3404,1
2026-08-23 10:07:21.571337,6311,4747,11,1
2026-08-23 10:07:21.571357,6404,5370,3391,1
2026-08-23 10:07:21.571377,6312,4752,12,1
2026-08-23 10:07:21.571397,6403,5348,3370,1
2026-08-23 10:07:21.571417,6315,4754,10,1
2026-08-23 10:07:21.571437,6405,5409,3759,1
2026-08-23 10:07:21.571457,6312,4746,0,1
2026-08-23 10:07:21.571477,6406,5412,3737,1
2026-08-23 10:07:21.571497,6309,4749,10,1
2026-08-23 10:07:21.571517,6403,5397,3399,1
2026-08-23 10:07:21.571537,6316,4758,26,1
2026-08-23 10:07:21.571557,6401,5379,3386,1
2026-08-23 10:07:21.571577,6313,4733,3,1
2026-08-23 10:07:21.571597,6400,5397,3381,1
2026-08-23 10:07:21.571617,6306,4761,11,1
2026-08-23 10:07:22.331985,6407,5411,3762,1
2026-08-23 10:07:22.332005,6314,4734,22,1
2026-08-23 10:07:22.332025,6414,5384,3756,1
2026-08-23 10:07:22.332045,6314,4748,7,1
2026-08-23 10:07:22.332065,6402,5393,3398,1
2026-08-23 10:07:22.332085,6315,4731,15,1
2026-08-23 10:07:22.332105,6410,5387,3391,1
2026-08-23 10:07:22.332125,6312,4732,6,1
2026-08-23 10:07:22.332145,6400,5376,3390,1
2026-08-23 10:07:22.332165,6316,4738,10,1
2026-08-23 10:07:22.332185,6418,5382,3749,1
2026-08-23 10:07:22.332205,6312,4759,44,1
2026-08-23 10:07:22.332225,6409,5413,3737,1
2026-08-23 10:07:22.332245,6319,4736,11,1
2026-08-23 10:07:22.332265,6404,5360,3375,1
2026-08-23 10:07:22.332285,6319,4722,5,1
2026-08-23 10:07:22.332305,6396,5391,3398,1
2026-08-23 10:07:22.332325,6317,4721,8,1
2026-08-23 10:07:22.332345,6409,5364,3404,1
2026-08-23 10:07:22.332365,6332,4738,17,1
2026-08-23 10:07:22.332385,6362,5403,3738,1
2026-08-23 10:07:22.332405,6308,4732,14,1
2026-08-23 10:07:22.332425,6417,5374,3753,1
2026-08-23 10:07:22.332445,6315,4732,15,1
2026-08-23 10:07:22.332465,6404,5353,3407,1
2026-08-23 10:07:22.332485,6316,4752,13,1
2026-08-23 10:07:22.332505,6400,5391,3401,1
2026-08-23 10:07:22.332525,6305,4760,1,1
2026-08-23 10:07:22.332545,6394,5356,3381,1
2026-08-23 10:07:22.332565,6320,4756,10,1
2026-08-23 10:07:22.332585,6426,5370,3747,1
2026-08-23 10:07:22.332605,6323,4745,10,1
2026-08-23 10:07:22.332625,6400,5372,3729,1
2026-08-23 10:07:22.332645,6307,4759,12,1
2026-08-23 10:07:22.332665,6406,5405,3410,1
2026-08-23 10:07:22.332685,6302,4728,0,1
2026-08-23 10:07:22.332705,6404,5353,3383,1
2026-08-23 10:07:22.332725,6305,4763,12,1
2026-08-23 10:07:22.332745,6404,5370,3385,1
2026-08-23 10:07:22.332765,6319,4728,5,1
2026-08-23 10:07:22.332785,6407,5386,3764,1
2026-08-23 10:07:22.332805,6312,4756,2,1
2026-08-23 10:07:22.332825,6412,5381,3730,1
2026-08-23 10:07:22.332845,6310,4762,14,1
2026-08-23 10:07:22.332865,6416,5371,3393,1
2026-08-23 10:07:22.332885,6310,4722,10,1
2026-08-23 10:07:22.332905,6398,5391,3398,1
2026-08-23 10:07:22.332925,6311,4768,11,1
2026-08-23 10:07:22.332945,6401,5400,3381,1
2026-08-23 10:07:22.332965,6315,4744,17,1
2026-08-23 10:07:22.332985,6404,5420,3769,1
2026-08-23 10:07:22.333005,6309,4730,0,1
2026-08-23 10:07:22.333025,6412,5388,3744,1
2026-08-23 10:07:22.333045,6316,4719,12,1
2026-08-23 10:07:22.333065,6409,5387,3415,1
2026-08-23 10:07:22.333085,6312,4722,6,1
2026-08-23 10:07:22.333105,6404,5387,3381,1
2026-08-23 10:07:22.333125,6319,4753,15,1
2026-08-23 10:07:22.333145,6399,5358,3371,1
2026-08-23 10:07:22.333165,6310,4751,10,1
2026-08-23 10:07:22.333185,6410,5410,3767,1
2026-08-23 10:07:22.333205,6302,4714,15,1
2026-08-23 10:07:22.333225,6410,5388,3747,1
2026-08-23 10:07:22.333245,6316,4748,16,1
2026-08-23 10:07:22.333265,6403,5381,3424,1
2026-08-23 10:07:22.333285,6312,4735,73,1
2026-08-23 10:07:22.333305,6393,5356,3383,1
2026-08-23 10:07:22.333325,6310,4728,24,1
2026-08-23 10:07:22.333345,6403,5392,3376,1
2026-08-23 10:07:22.333365,6310,4763,8,1
2026-08-23 10:07:22.333385,6420,5387,3756,1
2026-08-23 10:07:22.333405,6326,4725,0,1
2026-08-23 10:07:22.333425,6407,5421,3734,1
2026-08-23 10:07:22.333445,6302,4721,11,1
2026-08-23 10:07:22.333465,6409,5369,3409,1
2026-08-23 10:07:22.333485,6315,4725,11,1
2026-08-23 10:07:22.333505,6404,5361,3382,1
2026-08-23 10:07:22.333525,6313,4756,9,1
2026-08-23 10:07:22.333545,6402,5389,3387,1
2026-08-23 10:07:22.333565,6311,4728,42,1
2026-08-23 10:07:22.333585,6414,5419,3750,1
2026-08-23 10:07:22.333605,6319,4746,4,1
2026-08-23 10:07:22.333625,6416,5391,3738,1
2026-08-23 10:07:22.333645,6318,4711,9,1
2026-08-23 10:07:22.333665,6410,5354,3405,1
2026-08-23 10:07:22.333685,6312,4754,16,1
2026-08-23 10:07:22.333705,6404,5347,3396,1
2026-08-23 10:07:22.333725,6301,4725,2,1
2026-08-23 10:07:22.333745,6406,5357,3381,1
2026-08-23 10:07:22.333765,6306,4738,14,1
2026-08-23 10:07:22.333785,6414,5386,3763,1
2026-08-23 10:07:22.333805,6310,4758,11,1
2026-08-23 10:07:22.333825,6410,5365,3743,1
2026-08-23 10:07:22.333845,6310,4720,20,1
2026-08-23 10:07:22.333865,6399,5390,3411,1
2026-08-23 10:07:22.333885,6308,4735,21,1
2026-08-23 10:07:22.333905,6401,5388,3390,1
2026-08-23 10:07:22.333925,6315,4761,17,1
2026-08-23 10:07:22.333945,6404,5384,3378,1
2026-08-23 10:07:22.333965,6304,4755,19,1
2026-08-23 10:07:22.333985,6414,5409,3768,1
2026-08-23 10:07:22.334005,6312,4723,14,1
2026-08-23 10:07:22.334025,6416,5430,3739,1
2026-08-23 10:07:22.334045,6323,4736,18,1
2026-08-23 10:07:22.334065,6408,5380,3400,1
2026-08-23 10:07:22.334085,6310,4756,13,1
2026-08-23 10:07:22.334105,6412,5359,3453,1
2026-08-23 10:07:22.334125,6308,4727,19,1
2026-08-23 10:07:22.334145,6411,5353,3395,1
2026-08-23 10:07:22.334165,6304,4729,11,1
2026-08-23 10:07:22.334185,6407,5410,3774,1
2026-08-23 10:07:22.334205,6313,4729,14,1
2026-08-23 10:07:22.334225,6413,5402,3745,1
2026-08-23 10:07:22.334245,6305,4747,10,1
2026-08-23 10:07:22.334265,6401,5380,3397,1
2026-08-23 10:07:22.334285,6314,4756,5,1
2026-08-23 10:07:22.334305,6403,5379,3387,1
2026-08-23 10:07:22.334325,6308,4747,13,1
2026-08-23 10:07:22.334345,6401,5376,3347,1
2026-08-23 10:07:22.334365,6312,4725,16,1
2026-08-23 10:07:22.334385,6411,5416,3755,1
2026-08-23 10:07:22.334405,6305,4733,44,1
2026-08-23 10:07:22.334425,6303,5409,3735,1
2026-08-23 10:07:22.334445,6308,4723,10,1
2026-08-23 10:07:22.334465,6330,5388,3396,1
2026-08-23 10:07:22.334485,6308,4737,18,1
2026-08-23 10:07:22.334505,6401,5388,3393,1
2026-08-23 10:07:22.334525,6316,4748,10,1
2026-08-23 10:07:22.334545,6395,5354,3381,1
2026-08-23 10:07:22.334565,6307,4710,2,1
2026-08-23 10:07:22.334585,6424,5415,3757,1
2026-08-23 10:07:22.334605,6314,4722,4,1
2026-08-23 10:07:22.334625,6412,5421,3752,1
2026-08-23 10:07:22.334645,6316,4732,5,1
2026-08-23 10:07:22.334665,6399,5365,3378,1
2026-08-23 10:07:22.334685,6311,4728,9,1
2026-08-23 10:07:22.334705,6405,5363,3375,1
2026-08-23 10:07:22.334725,6315,4733,10,1
2026-08-23 10:07:22.334745,6405,5360,3364,1
2026-08-23 10:07:22.334765,6310,4771,11,1
2026-08-23 10:07:22.334785,6412,5417,3750,1
2026-08-23 10:07:22.334805,6316,4767,2,1
2026-08-23 10:07:22.334825,6413,5422,3740,1
2026-08-23 10:07:22.334845,6325,4763,10,1
2026-08-23 10:07:22.334865,6401,5351,3405,1
2026-08-23 10:07:22.334885,6310,4756,12,1
2026-08-23 10:07:22.334905,6405,5356,3405,1
2026-08-23 10:07:22.334925,6301,4729,12,1
2026-08-23 10:07:22.334945,6400,5360,3384,1
2026-08-23 10:07:22.334965,6306,4770,7,1
2026-08-23 10:07:22.334985,6414,5393,3760,1
2026-08-23 10:07:22.335005,6300,4723,5,1
2026-08-23 10:07:22.335025,6413,5418,3749,1
2026-08-23 10:07:22.335045,6312,4708,9,1
2026-08-23 10:07:22.335065,6400,5392,3406,1
2026-08-23 10:07:22.335085,6314,4730,0,1
2026-08-23 10:07:22.335105,6394,5382,3390,1
2026-08-23 10:07:22.335125,6311,4736,0,1
2026-08-23 10:07:22.335145,6392,5361,3380,1
2026-08-23 10:07:22.335165,6312,4740,79,1
2026-08-23 10:07:22.335185,6404,5421,3757,1
2026-08-23 10:07:22.335205,6310,4766,8,1
2026-08-23 10:07:22.335225,6412,5386,3734,1
2026-08-23 10:07:22.335245,6313,4761,6,1
2026-08-23 10:07:22.335265,6406,5377,3402,1
2026-08-23 10:07:22.335285,6315,4732,24,1
2026-08-23 10:07:22.335305,6388,5370,3393,1
2026-08-23 10:07:22.335325,6307,4766,21,1
2026-08-23 10:07:22.335345,6388,5362,3381,1
2026-08-23 10:07:22.335365,6314,4738,11,1
2026-08-23 10:07:22.335385,6403,5425,3752,1
2026-08-23 10:07:22.335405,6315,4741,12,1
2026-08-23 10:07:22.335425,6402,5418,3735,1
2026-08-23 10:07:22.335445,6301,4733,24,1
2026-08-23 10:07:22.335465,6402,5383,3248,1
2026-08-23 10:07:22.335485,6314,4743,6,1
2026-08-23 10:07:22.335505,6407,5344,3384,1
2026-08-23 10:07:22.335525,6313,4728,17,1
2026-08-23 10:07:22.335545,6403,5396,3384,1
2026-08-23 10:07:22.335565,6301,4725,12,1
2026-08-23 10:07:22.335585,6414,5379,3753,1
2026-08-23 10:07:22.335605,6300,4744,16,1
2026-08-23 10:07:22.335625,6410,5382,3729,1
2026-08-23 10:07:22.335645,6331,4724,14,1
2026-08-23 10:07:22.335665,6400,5359,3404,1
2026-08-23 10:07:22.335685,6310,4764,10,1
2026-08-23 10:07:22.335705,6403,5395,3390,1
2026-08-23 10:07:22.335725,6313,4731,16,1
2026-08-23 10:07:22.335745,6404,5369,3384,1
2026-08-23 10:07:22.335765,6314,4728,3,1
2026-08-23 10:07:22.335785,6408,5385,3745,1
2026-08-23 10:07:22.335805,6308,4756,13,1
2026-08-23 10:07:22.335825,6408,5409,3728,1
2026-08-23 10:07:22.335845,6317,4709,12,1
2026-08-23 10:07:22.335865,6409,5386,3394,1
2026-08-23 10:07:22.335885,6310,4748,10,1
2026-08-23 10:07:22.335905,6413,5352,3387,1
2026-08-23 10:07:22.335925,6315,4728,3,1
2026-08-23 10:07:22.335945,6400,5389,3379,1
2026-08-23 10:07:22.335965,6312,4728,0,1
2026-08-23 10:07:22.335985,6405,5418,3763,1
2026-08-23 10:07:22.336005,6328,4743,18,1
2026-08-23 10:07:22.336025,6405,5379,3735,1
2026-08-23 10:07:22.336045,6310,4771,12,1
2026-08-23 10:07:22.336065,6394,5391,3406,1
2026-08-23 10:07:22.336085,6311,4759,18,1
2026-08-23 10:07:22.336105,6403,5360,3414,1
2026-08-23 10:07:22.336125,6306,4759,6,1
2026-08-23 10:07:22.336145,6410,5352,3383,1
2026-08-23 10:07:22.336165,6312,4759,10,1
2026-08-23 10:07:22.336185,6417,5382,3754,1
2026-08-23 10:07:22.336205,6307,4746,15,1
2026-08-23 10:07:22.336225,6412,5421,3732,1
2026-08-23 10:07:22.336245,6305,4758,24,1
2026-08-23 10:07:22.336265,6393,5366,3394,1
2026-08-23 10:07:22.336285,6312,4766,7,1
2026-08-23 10:07:22.336305,6389,5376,3400,1
2026-08-23 10:07:22.336325,6315,4765,14,1
2026-08-23 10:07:22.336345,6408,5363,3380,1
2026-08-23 10:07:22.336365,6315,4734,12,1
2026-08-23 10:07:22.336385,6398,5388,3769,1
2026-08-23 10:07:22.336405,6304,4724,0,1
2026-08-23 10:07:22.336425,6414,5372,3741,1
2026-08-23 10:07:22.336445,6305,4769,5,1
2026-08-23 10:07:22.336465,6405,5393,3408,1
2026-08-23 10:07:22.336485,6312,4727,16,1
2026-08-23 10:07:22.336505,6400,5360,3389,1
2026-08-23 10:07:22.336525,6304,4766,7,1
2026-08-23 10:07:22.336545,6406,5360,3387,1
2026-08-23 10:07:22.336565,6316,4754,0,1
2026-08-23 10:07:22.336585,6405,5417,3749,1
2026-08-23 10:07:22.336605,6414,4756,11,1
2026-08-23 10:07:22.336625,6410,5383,3737,1
2026-08-23 10:07:22.336645,6302,4731,6,1
2026-08-23 10:07:22.336665,6403,5357,3413,1
2026-08-23 10:07:22.336685,6301,4727,10,1
2026-08-23 10:07:22.336705,6394,5399,3374,1
2026-08-23 10:07:22.336725,6319,4719,7,1
2026-08-23 10:07:22.336745,6398,5405,3382,1
2026-08-23 10:07:22.336765,6311,4767,17,1
2026-08-23 10:07:22.336785,6419,5387,3753,1
2026-08-23 10:07:22.336805,6316,4766,28,1
2026-08-23 10:07:22.336825,6403,5423,3735,1
2026-08-23 10:07:22.336845,6324,4730,11,1
2026-08-23 10:07:22.336865,6394,5366,3398,1
2026-08-23 10:07:22.336885,6311,4739,9,1
2026-08-23 10:07:22.336905,6404,5404,3402,1
2026-08-23 10:07:22.336925,6309,4756,10,1
2026-08-23 10:07:22.336945,6415,5390,3382,1
2026-08-23 10:07:22.336965,6317,4733,8,1
2026-08-23 10:07:22.336985,6413,5415,3758,1
2026-08-23 10:07:22.337005,6313,4752,0,1
2026-08-23 10:07:22.337025,6415,5410,3870,1
2026-08-23 10:07:22.337045,6308,4767,11,1
2026-08-23 10:07:22.337065,6408,5358,3394,1
2026-08-23 10:07:22.337085,6321,4720,2,1
2026-08-23 10:07:22.337105,6438,5397,3396,1
2026-08-23 10:07:22.337125,6324,4762,10,1
2026-08-23 10:07:22.337145,6393,5360,3403,1
2026-08-23 10:07:22.337165,6313,4764,1,1
2026-08-23 10:07:22.337185,6417,5388,3758,1
2026-08-23 10:07:22.337205,6314,4764,12,1
2026-08-23 10:07:22.337225,6413,5373,3742,1
2026-08-23 10:07:22.337245,6305,4771,26,1
2026-08-23 10:07:22.337265,6407,5389,3400,1
2026-08-23 10:07:22.337285,6301,4715,5,1
2026-08-23 10:07:22.337305,6406,5373,3382,1
2026-08-23 10:07:22.337325,6313,4725,1,1
2026-08-23 10:07:22.337345,6401,5379,3392,1
2026-08-23 10:07:22.337365,6310,4752,15,1
2026-08-23 10:07:22.337385,6410,5372,3758,1
2026-08-23 10:07:22.337405,6315,4708,14,1
2026-08-23 10:07:22.337425,6411,5411,3742,1
2026-08-23 10:07:22.337445,6316,4742,9,1
2026-08-23 10:07:22.337465,6402,5400,3394,1
2026-08-23 10:07:22.337485,6312,4715,14,1
2026-08-23 10:07:22.337505,6396,5352,3399,1
2026-08-23 10:07:22.337525,6308,4762,9,1
2026-08-23 10:07:22.337545,6403,5369,3386,1
2026-08-23 10:07:22.337565,6315,4733,0,1
2026-08-23 10:07:22.337585,6419,5386,3756,1
2026-08-23 10:07:22.337605,6315,4730,8,1
2026-08-23 10:07:22.337625,6411,5414,3738,1
2026-08-23 10:07:22.337645,6314,4748,11,1
2026-08-23 10:07:22.337665,6396,5384,3384,1
2026-08-23 10:07:22.337685,6314,4718,8,1
2026-08-23 10:07:22.337705,6403,5397,3398,1
2026-08-23 10:07:22.337725,6313,4717,11,1
2026-08-23 10:07:22.337745,6409,5378,3367,1
2026-08-23 10:07:22.337765,6310,4730,13,1
2026-08-23 10:07:22.337785,6406,5409,3751,1
2026-08-23 10:07:22.337805,6319,4721,21,1
2026-08-23 10:07:22.337825,6400,5377,3723,1
2026-08-23 10:07:22.337845,6307,4760,8,1
2026-08-23 10:07:22.337865,6410,5398,3393,1
2026-08-23 10:07:22.337885,6312,4749,14,1
2026-08-23 10:07:22.337905,6410,5375,3400,1
2026-08-23 10:07:22.337925,6321,4726,24,1
2026-08-23 10:07:22.337945,6396,5387,3376,1
2026-08-23 10:07:22.337965,6314,4735,2,1
2026-08-23 10:07:22.337985,6458,5420,3752,1
2026-08-23 10:07:22.338005,6312,4753,22,1
2026-08-23 10:07:22.338025,6399,5382,3749,1
2026-08-23 10:07:22.338045,6313,4729,9,1
2026-08-23 10:07:22.338065,6405,5407,3398,1
2026-08-23 10:07:22.338085,6324,4760,14,1
2026-08-23 10:07:22.338105,6394,5368,3377,1
2026-08-23 10:07:22.338125,6317,4733,0,1
2026-08-23 10:07:22.338145,6402,5364,3395,1
2026-08-23 10:07:22.338165,6315,4767,8,1
2026-08-23 10:07:22.338185,6410,5384,3748,1
2026-08-23 10:07:22.338205,6314,4754,11,1
2026-08-23 10:07:22.338225,6408,5407,3734,1
2026-08-23 10:07:22.338245,6316,4754,8,1
2026-08-23 10:07:22.338265,6404,5364,3414,1
2026-08-23 10:07:22.338285,6310,4720,92,1
2026-08-23 10:07:22.338305,6404,5363,3387,1
2026-08-23 10:07:22.338325,6313,4744,5,1
2026-08-23 10:07:22.338345,6404,5363,3389,1
2026-08-23 10:07:22.338365,6320,4721,12,1
2026-08-23 10:07:22.338385,6413,5413,3759,1
2026-08-23 10:07:22.338405,6319,4742,8,1
2026-08-23 10:07:22.338425,6404,5409,3731,1
2026-08-23 10:07:22.338445,6313,4727,7,1
2026-08-23 10:07:22.338465,6415,5357,3401,1
2026-08-23 10:07:22.338485,6304,4756,8,1
2026-08-23 10:07:22.338505,6396,5398,3391,1
2026-08-23 10:07:22.338525,6304,4782,10,1
2026-08-23 10:07:22.338545,6403,5405,3382,1
2026-08-23 10:07:22.338565,6309,4732,4,1
2026-08-23 10:07:22.338585,6410,5417,3762,1
2026-08-23 10:07:22.338605,6301,4774,1,1
2026-08-23 10:07:22.338625,6414,5371,3744,1
2026-08-23 10:07:22.338645,6304,4732,17,1
2026-08-23 10:07:22.338665,6405,5365,3398,1
2026-08-23 10:07:22.338685,6310,4716,4,1
2026-08-23 10:07:22.338705,6403,5343,3392,1
2026-08-23 10:07:22.338725,6323,4720,30,1
2026-08-23 10:07:22.338745,6370,5360,3377,1
2026-08-23 10:07:22.338765,6313,4749,12,1
2026-08-23 10:07:22.338785,6418,5379,3759,1
2026-08-23 10:07:22.338805,6397,4757,11,1
2026-08-23 10:07:22.338825,6411,5378,3736,1
2026-08-23 10:07:22.338845,6308,4740,11,1
2026-08-23 10:07:22.338865,6406,5370,3397,1
2026-08-23 10:07:22.338885,6311,4769,9,1
2026-08-23 10:07:22.338905,6413,5393,3400,1
2026-08-23 10:07:22.338925,6313,4765,79,1
2026-08-23 10:07:22.338945,6403,5362,3386,1
2026-08-23 10:07:22.338965,6197,4768,14,1
2026-08-23 10:07:22.338985,6402,5419,3765,1
2026-08-23 10:07:22.339005,6314,4717,6,1
2026-08-23 10:07:22.339025,6411,5394,3744,1
2026-08-23 10:07:22.339045,6313,4736,8,1
2026-08-23 10:07:22.339065,6404,5366,3395,1
2026-08-23 10:07:22.339085,6310,4744,13,1
2026-08-23 10:07:22.339105,6408,5369,3400,1
2026-08-23 10:07:22.339125,6314,4759,2,1
2026-08-23 10:07:22.339145,6403,5368,3377,1
2026-08-23 10:07:22.339165,6325,4712,0,1
2026-08-23 10:07:22.339185,6412,5441,3769,1
2026-08-23 10:07:22.339205,6317,4726,8,1
2026-08-23 10:07:22.339225,6412,5369,3731,1
2026-08-23 10:07:22.339245,6320,4730,21,1
2026-08-23 10:07:22.339265,6418,5365,3153,1
2026-08-23 10:07:22.339285,6316,4729,5,1
2026-08-23 10:07:22.339305,6460,5406,3395,1
2026-08-23 10:07:22.339325,6315,4742,6,1
2026-08-23 10:07:22.339345,6400,5364,3391,1
2026-08-23 10:07:22.339365,6314,4764,10,1
2026-08-23 10:07:22.339385,6415,5391,3752,1
2026-08-23 10:07:22.339405,6315,4726,16,1
2026-08-23 10:07:22.339425,6425,5370,3683,1
2026-08-23 10:07:22.339445,6315,4731,5,1
2026-08-23 10:07:22.339465,6404,5394,3393,1
2026-08-23 10:07:22.339485,6314,4759,3,1
2026-08-23 10:07:22.339505,6409,5382,3388,1
2026-08-23 10:07:22.339525,6322,4718,2,1
2026-08-23 10:07:22.339545,6406,5359,3385,1
2026-08-23 10:07:22.339565,6309,4751,4,1
2026-08-23 10:07:22.339585,6416,5413,3748,1
2026-08-23 10:07:22.339605,6312,4751,0,1
2026-08-23 10:07:22.339625,6411,5365,3713,1
2026-08-23 10:07:22.339645,6313,4713,8,1
2026-08-23 10:07:22.339665,6402,5395,3393,1
2026-08-23 10:07:22.339685,6302,4725,9,1
2026-08-23 10:07:22.339705,6399,5356,3399,1
2026-08-23 10:07:22.339725,6317,4766,14,1
2026-08-23 10:07:22.339745,6396,5390,3383,1
2026-08-23 10:07:22.339765,6310,4758,10,1
2026-08-23 10:07:22.339785,6406,5408,3749,1
2026-08-23 10:07:22.339805,6314,4750,11,1
2026-08-23 10:07:22.339825,6410,5389,3733,1
2026-08-23 10:07:22.339845,6312,4724,4,1
2026-08-23 10:07:22.339865,6403,5392,3404,1
2026-08-23 10:07:22.339885,6318,4736,27,1
2026-08-23 10:07:22.339905,6406,5400,3405,1
2026-08-23 10:07:22.339925,6310,4758,13,1
2026-08-23 10:07:22.339945,6397,5352,3375,1
2026-08-23 10:07:22.339965,6305,4752,16,1
2026-08-23 10:07:22.339985,6414,5414,3741,1
2026-08-23 10:07:22.340005,6319,4718,0,1
2026-08-23 10:07:22.340025,6409,5362,3729,1
2026-08-23 10:07:22.340045,6316,4718,9,1
2026-08-23 10:07:22.340065,6401,5389,3374,1
2026-08-23 10:07:22.340085,6311,4723,0,1
2026-08-23 10:07:22.340105,6392,5385,3406,1
2026-08-23 10:07:22.340125,6323,4751,259,1
2026-08-23 10:07:22.340145,6404,5388,3494,1
2026-08-23 10:07:22.340165,6318,4730,15,1
2026-08-23 10:07:22.340185,6408,5413,3745,1
2026-08-23 10:07:22.340205,6314,4712,6,1
2026-08-23 10:07:22.340225,6404,5383,3742,1
2026-08-23 10:07:22.340245,6315,4732,0,1
2026-08-23 10:07:22.340265,6405,5406,3400,1
2026-08-23 10:07:22.340285,6312,4767,0,1
2026-08-23 10:07:22.340305,6404,5399,3386,1
2026-08-23 10:07:22.340325,6310,4765,0,1
2026-08-23 10:07:22.340345,6412,5366,3376,1
2026-08-23 10:07:22.340365,6314,4755,15,1
2026-08-23 10:07:22.340385,6413,5378,3750,1
2026-08-23 10:07:22.340405,6326,4726,20,1
2026-08-23 10:07:22.340425,6415,5389,3748,1
2026-08-23 10:07:22.340445,6303,4779,20,1
2026-08-23 10:07:22.340465,6408,5394,3393,1
2026-08-23 10:07:22.340485,6316,4753,8,1
2026-08-23 10:07:22.340505,6413,5377,3376,1
2026-08-23 10:07:22.340525,6313,4713,5,1
2026-08-23 10:07:22.340545,6404,5383,3374,1
2026-08-23 10:07:22.340565,6299,4747,16,1
2026-08-23 10:07:22.340585,6412,5378,3753,1
2026-08-23 10:07:22.340605,6314,4728,3,1
2026-08-23 10:07:22.340625,6414,5393,3744,1
2026-08-23 10:07:22.340645,6321,4766,24,1
2026-08-23 10:07:22.340665,6408,5362,3400,1
2026-08-23 10:07:22.340685,6328,4743,4,1
2026-08-23 10:07:22.340705,6405,5384,3382,1
2026-08-23 10:07:22.340725,6314,4760,13,1
2026-08-23 10:07:22.340745,6403,5354,3392,1
2026-08-23 10:07:22.340765,6302,4757,16,1
2026-08-23 10:07:22.340785,6408,5423,3755,1
2026-08-23 10:07:22.340805,6308,4736,9,1
2026-08-23 10:07:22.340825,6415,5427,3734,1
2026-08-23 10:07:22.340845,6314,4765,25,1
2026-08-23 10:07:22.340865,6398,5406,3410,1
2026-08-23 10:07:22.340885,6316,4733,5,1
2026-08-23 10:07:22.340905,6403,5356,3387,1
2026-08-23 10:07:22.340925,6320,4731,14,1
2026-08-23 10:07:22.340945,6403,5390,3379,1
2026-08-23 10:07:22.340965,6310,4768,0,1
2026-08-23 10:07:22.340985,6406,5407,3754,1
2026-08-23 10:07:22.341005,6305,4723,6,1
2026-08-23 10:07:22.341025,6414,5394,3730,1
2026-08-23 10:07:22.341045,6315,4767,11,1
2026-08-23 10:07:22.341065,6397,5362,3391,1
2026-08-23 10:07:22.341085,6309,4761,7,1
2026-08-23 10:07:22.341105,6394,5411,3377,1
2026-08-23 10:07:22.341125,6311,4741,6,1
2026-08-23 10:07:22.341145,6395,5400,3377,1
2026-08-23 10:07:22.341165,6312,4759,0,1
2026-08-23 10:07:22.341185,6415,5416,3755,1
2026-08-23 10:07:22.341205,6314,4718,8,1
2026-08-23 10:07:22.341225,6401,5404,3755,1
2026-08-23 10:07:22.341245,6319,4705,0,1
2026-08-23 10:07:22.341265,6415,5373,3406,1
2026-08-23 10:07:22.341285,6320,4709,7,1
2026-08-23 10:07:22.341305,6403,5377,3434,1
2026-08-23 10:07:22.341325,6324,4721,6,1
2026-08-23 10:07:22.341345,6402,5396,3380,1
2026-08-23 10:07:22.341365,6311,4728,15,1
2026-08-23 10:07:22.341385,6408,5432,3752,1
2026-08-23 10:07:22.341405,6307,4756,8,1
2026-08-23 10:07:22.341425,6422,5416,3742,1
2026-08-23 10:07:22.341445,6319,4727,11,1
2026-08-23 10:07:22.341465,6415,5367,3725,1
2026-08-23 10:07:22.341485,6308,4765,0,1
2026-08-23 10:07:22.341505,6402,5389,3363,1
2026-08-23 10:07:22.341525,6315,4765,14,1
2026-08-23 10:07:22.341545,6406,5382,3395,1
2026-08-23 10:07:22.341565,6324,4730,0,1
2026-08-23 10:07:22.341585,6409,5383,3763,1
2026-08-23 10:07:22.341605,6313,4724,5,1
2026-08-23 10:07:22.341625,6412,5385,3742,1
2026-08-23 10:07:22.341645,6319,4740,9,1
2026-08-23 10:07:22.341665,6396,5369,3406,1
2026-08-23 10:07:22.341685,6418,4736,0,1
2026-08-23 10:07:22.341705,6404,5370,3377,1
2026-08-23 10:07:22.341725,6314,4730,15,1
2026-08-23 10:07:22.341745,6406,5354,3383,1
2026-08-23 10:07:22.341765,6313,4741,9,1
2026-08-23 10:07:22.341785,6409,5413,3753,1
2026-08-23 10:07:22.341805,6310,4770,10,1
2026-08-23 10:07:22.341825,6417,5386,3737,1
2026-08-23 10:07:22.341845,6314,4739,0,1
2026-08-23 10:07:22.341865,6408,5379,3394,1
2026-08-23 10:07:22.341885,6319,4737,16,1
2026-08-23 10:07:22.341905,6413,5371,3221,1
2026-08-23 10:07:22.341925,6313,4764,6,1
2026-08-23 10:07:22.341945,6404,5346,3386,1
2026-08-23 10:07:22.341965,6320,4733,4,1
2026-08-23 10:07:22.341985,6407,5398,3756,1
2026-08-23 10:07:22.342005,6327,4754,1,1
2026-08-23 10:07:22.342025,6407,5376,3727,1
2026-08-23 10:07:22.342045,6303,4727,21,1
2026-08-23 10:07:22.342065,6409,5368,3405,1
2026-08-23 10:07:22.342085,6313,4738,10,1
2026-08-23 10:07:22.342105,6404,5369,3408,1
2026-08-23 10:07:22.342125,6315,4735,18,1
2026-08-23 10:07:22.342145,6414,5364,3389,1
2026-08-23 10:07:22.342165,6318,4741,8,1
2026-08-23 10:07:22.342185,6401,5399,3758,1
2026-08-23 10:07:22.342205,6314,4779,10,1
2026-08-23 10:07:22.342225,6407,5421,3732,1
2026-08-23 10:07:22.342245,6316,4740,0,1
2026-08-23 10:07:22.342265,6397,5376,3402,1
2026-08-23 10:07:22.342285,6318,4734,6,1
2026-08-23 10:07:22.342305,6408,5361,3394,1
2026-08-23 10:07:22.342325,6323,4720,13,1
2026-08-23 10:07:22.342345,6409,5390,3388,1
2026-08-23 10:07:22.342365,6312,4759,24,1
2026-08-23 10:07:22.342385,6416,5423,3714,1
2026-08-23 10:07:22.342405,6314,4726,14,1
2026-08-23 10:07:22.342425,6412,5407,3739,1
2026-08-23 10:07:22.342445,6313,4751,11,1
2026-08-23 10:07:22.342465,6400,5395,3411,1
2026-08-23 10:07:22.342485,6310,4757,75,1
2026-08-23 10:07:22.342505,6406,5342,3398,1
2026-08-23 10:07:22.342525,6325,4729,0,1
2026-08-23 10:07:22.342545,6397,5388,3374,1
2026-08-23 10:07:22.342565,6318,4728,16,1
2026-08-23 10:07:22.342585,6412,5382,3752,1
2026-08-23 10:07:22.342605,6316,4724,0,1
2026-08-23 10:07:22.342625,6404,5406,3756,1
2026-08-23 10:07:22.342645,6316,4725,20,1
2026-08-23 10:07:22.342665,6415,5354,3383,1
2026-08-23 10:07:22.342685,6447,4755,8,1
2026-08-23 10:07:22.342705,6406,5359,3362,1
2026-08-23 10:07:22.342725,6317,4758,11,1
2026-08-23 10:07:22.342745,6411,5361,3380,1
2026-08-23 10:07:22.342765,6308,4767,23,1
2026-08-23 10:07:22.342785,6412,5407,3770,1
2026-08-23 10:07:22.342805,6314,4740,10,1
2026-08-23 10:07:22.342825,6404,5402,3739,1
2026-08-23 10:07:22.342845,6319,4768,8,1
2026-08-23 10:07:22.342865,6405,5391,3399,1
2026-08-23 10:07:22.342885,6321,4724,22,1
2026-08-23 10:07:22.342905,6401,5395,3382,1
2026-08-23 10:07:22.342925,6318,4762,14,1
2026-08-23 10:07:22.342945,6401,5363,3801,1
2026-08-23 10:07:22.342965,6316,4765,10,1
2026-08-23 10:07:22.342985,6417,5389,3751,1
2026-08-23 10:07:22.343005,6322,4756,4,1
2026-08-23 10:07:22.343025,6408,5430,3731,1
2026-08-23 10:07:22.343045,6317,4738,8,1
2026-08-23 10:07:22.343065,6407,5370,3386,1
2026-08-23 10:07:22.343085,6303,4772,2,1
2026-08-23 10:07:22.343105,6402,5408,3381,1
2026-08-23 10:07:22.343125,6310,4772,4,1
2026-08-23 10:07:22.343145,6407,5397,3383,1
2026-08-23 10:07:22.343165,6308,4774,8,1
2026-08-23 10:07:22.343185,6418,5372,3767,1
2026-08-23 10:07:22.343205,6321,4740,12,1
2026-08-23 10:07:22.343225,6426,5390,3718,1
2026-08-23 10:07:22.343245,6316,4726,10,1
2026-08-23 10:07:22.343265,6412,5389,3353,1
2026-08-23 10:07:22.343285,6315,4770,8,1
2026-08-23 10:07:22.343305,6408,5373,3397,1
2026-08-23 10:07:22.343325,6309,4733,0,1
2026-08-23 10:07:22.343345,6416,5365,3370,1
2026-08-23 10:07:22.343365,6315,4743,16,1
2026-08-23 10:07:22.343385,6415,5390,3746,1
2026-08-23 10:07:22.343405,6328,4742,0,1
2026-08-23 10:07:22.343425,6407,5422,3811,1
2026-08-23 10:07:22.343445,6317,4783,9,1
2026-08-23 10:07:22.343465,6395,5365,3388,1
2026-08-23 10:07:22.343485,6329,4739,11,1
2026-08-23 10:07:22.343505,6413,5367,3400,1
2026-08-23 10:07:22.343525,6316,4737,10,1
2026-08-23 10:07:22.343545,6405,5357,3378,1
2026-08-23 10:07:22.343565,6312,4783,20,1
2026-08-23 10:07:22.343585,6415,5419,3750,1
2026-08-23 10:07:22.343605,6318,4770,2,1
2026-08-23 10:07:22.343625,6420,5384,3720,1
2026-08-23 10:07:22.343645,6314,4782,9,1
2026-08-23 10:07:22.343665,6408,5341,3396,1
2026-08-23 10:07:22.343685,6322,4762,18,1
2026-08-23 10:07:22.343705,6415,5388,3389,1
2026-08-23 10:07:22.343725,6315,4766,102,1
2026-08-23 10:07:22.343745,6396,5396,3393,1
2026-08-23 10:07:22.343765,6315,4761,19,1
2026-08-23 10:07:22.343785,6414,5407,3749,1
2026-08-23 10:07:22.343805,6319,4728,14,1
2026-08-23 10:07:22.343825,6412,5405,3735,1
2026-08-23 10:07:22.343845,6310,4749,8,1
2026-08-23 10:07:22.343865,6405,5349,3380,1
2026-08-23 10:07:22.343885,6316,4718,16,1
2026-08-23 10:07:22.343905,6396,5401,3394,1
2026-08-23 10:07:22.343925,6308,4791,25,1
2026-08-23 10:07:22.343945,6418,5358,3360,1
2026-08-23 10:07:22.343965,6316,4764,14,1
2026-08-23 10:07:22.343985,6418,5392,3653,1
2026-08-23 10:07:22.344005,6315,4761,6,1
2026-08-23 10:07:22.344025,6403,5388,3748,1
2026-08-23 10:07:22.344045,6325,4735,8,1
2026-08-23 10:07:22.344065,6400,5388,3395,1
2026-08-23 10:07:22.344085,6316,4772,12,1
2026-08-23 10:07:22.344105,6409,5360,3378,1
2026-08-23 10:07:22.344125,6321,4746,0,1
2026-08-23 10:07:22.344145,6409,5369,3377,1
2026-08-23 10:07:22.344165,6328,4762,17,1
2026-08-23 10:07:22.344185,6414,5390,3742,1
2026-08-23 10:07:22.344205,6324,4767,1,1
2026-08-23 10:07:22.344225,6418,5365,3732,1
2026-08-23 10:07:22.344245,6320,4759,8,1
2026-08-23 10:07:22.344265,6410,5383,3382,1
2026-08-23 10:07:22.344285,6308,4727,4,1
2026-08-23 10:07:22.344305,6412,5360,3374,1
2026-08-23 10:07:22.344325,6319,4731,4,1
2026-08-23 10:07:22.344345,6408,5347,3375,1
2026-08-23 10:07:22.344365,6321,4740,10,1
2026-08-23 10:07:22.344385,6427,5389,3760,1
2026-08-23 10:07:22.344405,6308,4756,13,1
2026-08-23 10:07:22.344425,6409,5377,3737,1
2026-08-23 10:07:22.344445,6322,4739,0,1
2026-08-23 10:07:22.344465,6409,5390,3399,1
2026-08-23 10:07:22.344485,6314,4752,6,1
2026-08-23 10:07:22.344505,6407,5381,3399,1
2026-08-23 10:07:22.344525,6320,4728,8,1
2026-08-23 10:07:22.344545,6410,5409,3381,1
2026-08-23 10:07:22.344565,6317,4735,10,1
2026-08-23 10:07:22.344585,6424,5406,3740,1
2026-08-23 10:07:22.344605,6319,4732,10,1
2026-08-23 10:07:22.344625,6419,5388,3701,1
2026-08-23 10:07:22.344645,6310,4733,5,1
2026-08-23 10:07:22.344665,6402,5399,3402,1
2026-08-23 10:07:22.344685,6307,4737,5,1
2026-08-23 10:07:22.344705,6405,5398,3386,1
2026-08-23 10:07:22.344725,6313,4774,12,1
2026-08-23 10:07:22.344745,6404,5399,3361,1
2026-08-23 10:07:22.344765,6322,4742,15,1
2026-08-23 10:07:22.344785,6415,5388,3731,1
2026-08-23 10:07:22.344805,6326,4765,32,1
2026-08-23 10:07:22.344825,6416,5383,3726,1
2026-08-23 10:07:22.344845,6318,4729,12,1
2026-08-23 10:07:22.344865,6405,5366,3397,1
2026-08-23 10:07:22.344885,6312,4764,3,1
2026-08-23 10:07:22.344905,6408,5398,3388,1
2026-08-23 10:07:22.344925,6307,4778,0,1
2026-08-23 10:07:22.344945,6411,5366,3378,1
2026-08-23 10:07:22.344965,6317,4768,10,1
2026-08-23 10:07:22.344985,6417,5391,3764,1
2026-08-23 10:07:22.345005,6326,4735,0,1
2026-08-23 10:07:22.345025,6413,5414,3731,1
2026-08-23 10:07:22.345045,6318,4746,6,1
2026-08-23 10:07:22.345065,6415,5355,3373,1
2026-08-23 10:07:22.345085,6314,4754,8,1
2026-08-23 10:07:22.345105,6406,5388,3389,1
2026-08-23 10:07:22.345125,6316,4758,13,1
2026-08-23 10:07:22.345145,6414,5336,3383,1
2026-08-23 10:07:22.345165,6324,4733,4,1
2026-08-23 10:07:22.345185,6415,5414,3748,1
2026-08-23 10:07:22.345205,6317,4761,8,1
2026-08-23 10:07:22.345225,6420,5382,3742,1
2026-08-23 10:07:22.345245,6318,4760,11,1
2026-08-23 10:07:22.345265,6411,5366,3404,1
2026-08-23 10:07:22.345285,6316,4766,7,1
2026-08-23 10:07:22.345305,6402,5390,3400,1
2026-08-23 10:07:22.345325,6287,4758,4,1
2026-08-23 10:07:22.345345,6403,5391,3372,1
2026-08-23 10:07:22.345365,6316,4741,22,1
2026-08-23 10:07:22.345385,6420,5424,3719,1
2026-08-23 10:07:22.345405,6319,4763,19,1
2026-08-23 10:07:22.345425,6408,5416,3748,1
2026-08-23 10:07:22.345445,6317,4736,7,1
2026-08-23 10:07:22.345465,6409,5397,3397,1
2026-08-23 10:07:22.345485,6234,4737,15,1
2026-08-23 10:07:22.345505,6412,5390,3394,1
2026-08-23 10:07:22.345525,6319,4756,4,1
2026-08-23 10:07:22.345545,6414,5363,3363,1
2026-08-23 10:07:22.345565,6314,4767,8,1
2026-08-23 10:07:22.345585,6420,5382,3752,1
2026-08-23 10:07:22.345605,6321,4737,17,1
2026-08-23 10:07:22.345625,6406,5417,3750,1
2026-08-23 10:07:22.345645,6318,4736,14,1
2026-08-23 10:07:22.345665,6420,5392,3404,1
2026-08-23 10:07:22.345685,6312,4763,0,1
2026-08-23 10:07:22.345705,6396,5364,3389,1
2026-08-23 10:07:22.345725,6319,4734,12,1
2026-08-23 10:07:22.345745,6409,5345,3371,1
2026-08-23 10:07:22.345765,6319,4740,8,1
2026-08-23 10:07:22.345785,6420,5389,3752,1
2026-08-23 10:07:22.345805,6310,4753,5,1
2026-08-23 10:07:22.345825,6421,5406,3735,1
2026-08-23 10:07:22.345845,6323,4726,15,1
2026-08-23 10:07:22.345865,6410,5362,3401,1
2026-08-23 10:07:22.345885,6306,4727,13,1
2026-08-23 10:07:22.345905,6406,5416,3391,1
2026-08-23 10:07:22.345925,6320,4732,5,1
2026-08-23 10:07:22.345945,6394,5384,3377,1
2026-08-23 10:07:22.345965,6318,4722,8,1
2026-08-23 10:07:22.345985,6408,5414,3760,1
2026-08-23 10:07:22.346005,6308,4731,5,1
2026-08-23 10:07:22.346025,6412,5383,3729,1
2026-08-23 10:07:22.346045,6328,4731,22,1
2026-08-23 10:07:22.346065,6418,5373,3398,1
2026-08-23 10:07:22.346085,6305,4735,20,1
2026-08-23 10:07:22.346105,6400,5369,3387,1
2026-08-23 10:07:22.346125,6310,4739,8,1
2026-08-23 10:07:22.346145,6418,5410,3382,1
2026-08-23 10:07:22.346165,6318,4769,26,1
2026-08-23 10:07:22.346185,6413,5429,3751,1
2026-08-23 10:07:22.346205,6332,4739,4,1
2026-08-23 10:07:22.346225,6416,5388,3732,1
2026-08-23 10:07:22.346245,6320,4741,15,1
2026-08-23 10:07:22.346265,6414,5368,3391,1
2026-08-23 10:07:22.346285,6314,4772,15,1
2026-08-23 10:07:22.346305,6413,5384,3394,1
2026-08-23 10:07:22.346325,6286,4744,13,1
2026-08-23 10:07:22.346345,6411,5398,3393,1
2026-08-23 10:07:22.346365,6308,4737,22,1
2026-08-23 10:07:22.346385,6420,5397,3763,1
2026-08-23 10:07:22.346405,6319,4731,8,1
2026-08-23 10:07:22.346425,6426,5386,3738,1
2026-08-23 10:07:22.346445,6317,4752,10,1
2026-08-23 10:07:22.346465,6412,5367,3387,1
2026-08-23 10:07:22.346485,6341,4726,17,1
2026-08-23 10:07:22.346505,6412,5363,3384,1
2026-08-23 10:07:22.346525,6316,4770,13,1
2026-08-23 10:07:22.346545,6408,5379,3370,1
2026-08-23 10:07:22.346565,6317,4725,2,1
2026-08-23 10:07:22.346585,6425,5373,3739,1
2026-08-23 10:07:22.346605,6311,4749,19,1
2026-08-23 10:07:22.346625,6422,5400,3721,1
2026-08-23 10:07:22.346645,6322,4741,11,1
2026-08-23 10:07:22.346665,6414,5371,3388,1
2026-08-23 10:07:22.346685,6319,4726,12,1
2026-08-23 10:07:22.346705,6404,5362,3394,1
2026-08-23 10:07:22.346725,6318,4737,11,1
2026-08-23 10:07:22.346745,6405,5364,3354,1
2026-08-23 10:07:22.346765,6318,4760,0,1
2026-08-23 10:07:22.346785,6408,5387,3746,1
2026-08-23 10:07:22.346805,6317,4731,5,1
2026-08-23 10:07:22.346825,6416,5404,3735,1
2026-08-23 10:07:22.346845,6324,4728,11,1
2026-08-23 10:07:22.346865,6414,5392,3396,1
2026-08-23 10:07:22.346885,6321,4724,14,1
2026-08-23 10:07:22.346905,6414,5391,3386,1
2026-08-23 10:07:22.346925,6320,4728,11,1
2026-08-23 10:07:22.346945,6409,5375,3376,1
2026-08-23 10:07:22.346965,6336,4776,19,1
2026-08-23 10:07:22.346985,6421,5385,3746,1
2026-08-23 10:07:22.347005,6319,4722,8,1
2026-08-23 10:07:22.347025,6426,5425,3737,1
2026-08-23 10:07:22.347045,6324,4732,8,1
2026-08-23 10:07:22.347065,6413,5394,3381,1
2026-08-23 10:07:22.347085,6321,4730,14,1
2026-08-23 10:07:22.347105,6412,5356,3381,1
2026-08-23 10:07:22.347125,6320,4734,6,1
2026-08-23 10:07:22.347145,6401,5401,3377,1
2026-08-23 10:07:22.347165,6317,4728,2,1
2026-08-23 10:07:22.347185,6424,5377,3748,1
2026-08-23 10:07:22.347205,6316,4735,8,1
2026-08-23 10:07:22.347225,6426,5385,3739,1
2026-08-23 10:07:22.347245,6319,4740,4,1
2026-08-23 10:07:22.347265,6416,5369,3393,1
2026-08-23 10:07:22.347285,6324,4739,19,1
2026-08-23 10:07:22.347305,6420,5388,3383,1
2026-08-23 10:07:22.347325,6313,4791,24,1
2026-08-23 10:07:22.347345,6402,5366,3337,1
2026-08-23 10:07:22.347365,6315,4768,11,1
2026-08-23 10:07:22.347385,6424,5428,3755,1
2026-08-23 10:07:22.347405,6320,4771,16,1
2026-08-23 10:07:22.347425,6429,5376,3728,1
2026-08-23 10:07:22.347445,6321,4726,11,1
2026-08-23 10:07:22.347465,6406,5371,3398,1
2026-08-23 10:07:22.347485,6314,4741,14,1
2026-08-23 10:07:22.347505,6402,5362,3371,1
2026-08-23 10:07:22.347525,6312,4778,10,1
2026-08-23 10:07:22.347545,6401,5370,3361,1
2026-08-23 10:07:22.347565,6322,4736,0,1
2026-08-23 10:07:22.347585,6420,5429,3748,1
2026-08-23 10:07:22.347605,6308,4764,2,1
2026-08-23 10:07:22.347625,6414,5424,3730,1
2026-08-23 10:07:22.347645,6324,4773,149,1
2026-08-23 10:07:22.347665,6412,5369,3387,1
2026-08-23 10:07:22.347685,6310,4731,6,1
2026-08-23 10:07:22.347705,6420,5384,3374,1
2026-08-23 10:07:22.347725,6317,4761,23,1
2026-08-23 10:07:22.347745,6415,5341,3372,1
2026-08-23 10:07:22.347765,6314,4762,3,1
2026-08-23 10:07:22.347785,6420,5386,3750,1
2026-08-23 10:07:22.347805,6311,4770,9,1
2026-08-23 10:07:22.347825,6420,5417,3738,1
2026-08-23 10:07:22.347845,6323,4741,3,1
2026-08-23 10:07:22.347865,6420,5364,3402,1
2026-08-23 10:07:22.347885,6315,4743,14,1
2026-08-23 10:07:22.347905,6404,5371,3392,1
2026-08-23 10:07:22.347925,6325,4757,7,1
2026-08-23 10:07:22.347945,6406,5398,3366,1
2026-08-23 10:07:22.347965,6318,4761,11,1
2026-08-23 10:07:22.347985,6416,5390,3912,1
2026-08-23 10:07:22.348005,6315,4731,9,1
2026-08-23 10:07:22.348025,6421,5421,3735,1
2026-08-23 10:07:22.348045,6326,4741,6,1
2026-08-23 10:07:22.348065,6409,5368,3399,1
2026-08-23 10:07:22.348085,6329,4742,12,1
2026-08-23 10:07:22.348105,6415,5383,3444,1
2026-08-23 10:07:22.348125,6318,4732,10,1
2026-08-23 10:07:22.348145,6418,5356,3373,1
2026-08-23 10:07:22.348165,6324,4764,21,1
2026-08-23 10:07:22.348185,6420,5412,3754,1
2026-08-23 10:07:22.348205,6314,4765,14,1
2026-08-23 10:07:22.348225,6415,5406,3730,1
2026-08-23 10:07:22.348245,6332,4733,32,1
2026-08-23 10:07:22.348265,6413,5366,3390,1
2026-08-23 10:07:22.348285,6329,4757,28,1
2026-08-23 10:07:22.348305,6414,5363,3389,1
2026-08-23 10:07:22.348325,6329,4743,7,1
2026-08-23 10:07:22.348345,6419,5360,3360,1
2026-08-23 10:07:22.348365,6297,4765,59,1
2026-08-23 10:07:22.348385,6407,5396,3757,1
2026-08-23 10:07:22.348405,6324,4722,104,1
2026-08-23 10:07:22.348425,6425,5378,3732,1
2026-08-23 10:07:22.348445,6313,4731,12,1
2026-08-23 10:07:22.348465,6415,5371,3387,1
2026-08-23 10:07:22.348485,6320,4743,14,1
2026-08-23 10:07:22.348505,6412,5403,3363,1
2026-08-23 10:07:22.348525,6325,4768,17,1
2026-08-23 10:07:22.348545,6409,5396,3384,1
2026-08-23 10:07:22.348565,6326,4744,8,1
2026-08-23 10:07:22.348585,6415,5385,3751,1
2026-08-23 10:07:22.348605,6320,4739,6,1
2026-08-23 10:07:22.348625,6422,5421,3731,1
2026-08-23 10:07:22.348645,6326,4724,17,1
2026-08-23 10:07:22.348665,6414,5373,3398,1
2026-08-23 10:07:22.348685,6313,4770,7,1
2026-08-23 10:07:22.348705,6412,5378,3387,1
2026-08-23 10:07:22.348725,6319,4735,11,1
2026-08-23 10:07:22.348745,6403,5390,3380,1
2026-08-23 10:07:22.348765,6322,4757,18,1
2026-08-23 10:07:22.348785,6420,5390,3742,1
2026-08-23 10:07:22.348805,6316,4729,347,1
2026-08-23 10:07:22.348825,6427,5388,3741,1
2026-08-23 10:07:22.348845,6323,4771,11,1
2026-08-23 10:07:22.348865,6413,5392,3396,1
2026-08-23 10:07:22.348885,6322,4727,12,1
2026-08-23 10:07:22.348905,6408,5374,3386,1
2026-08-23 10:07:22.348925,6327,4760,32,1
2026-08-23 10:07:22.348945,6411,5385,3369,1
2026-08-23 10:07:22.348965,6324,4759,16,1
2026-08-23 10:07:22.348985,6424,5371,3747,1
2026-08-23 10:07:22.349005,6317,4753,5,1
2026-08-23 10:07:22.349025,6409,5352,3724,1
2026-08-23 10:07:22.349045,6315,4759,8,1
2026-08-23 10:07:22.349065,6416,5354,3390,1
2026-08-23 10:07:22.349085,6320,4731,2,1
2026-08-23 10:07:22.349105,6410,5394,3383,1
2026-08-23 10:07:22.349125,6323,4729,10,1
2026-08-23 10:07:22.349145,6408,5394,3384,1
2026-08-23 10:07:22.349165,6327,4737,14,1
2026-08-23 10:07:22.349185,6411,5389,3752,1
2026-08-23 10:07:22.349205,6312,4776,22,1
2026-08-23 10:07:22.349225,6420,5411,3747,1
2026-08-23 10:07:22.349245,6319,4771,7,1
2026-08-23 10:07:22.349265,6404,5394,3392,1
2026-08-23 10:07:22.349285,6301,4719,5,1
2026-08-23 10:07:22.349305,6412,5392,3388,1
2026-08-23 10:07:22.349325,6322,4735,7,1
2026-08-23 10:07:22.349345,6416,5368,3381,1
2026-08-23 10:07:22.349365,6317,4766,1,1
2026-08-23 10:07:22.349385,6423,5410,3760,1
2026-08-23 10:07:22.349405,6422,4735,11,1
2026-08-23 10:07:22.349425,6420,5412,3734,1
2026-08-23 10:07:22.349445,6327,4730,14,1
2026-08-23 10:07:22.349465,6405,5348,3395,1
2026-08-23 10:07:22.349485,6327,4761,13,1
2026-08-23 10:07:22.349505,6411,5380,3388,1
2026-08-23 10:07:22.349525,6324,4723,14,1
2026-08-23 10:07:22.349545,6412,5390,3376,1
2026-08-23 10:07:22.349565,6317,4773,0,1
2026-08-23 10:07:22.349585,6414,5436,3744,1
2026-08-23 10:07:22.349605,6327,4736,19,1
2026-08-23 10:07:22.349625,6411,5411,3740,1
2026-08-23 10:07:22.349645,6322,4764,11,1
2026-08-23 10:07:22.349665,6412,5350,3395,1
2026-08-23 10:07:22.349685,6322,4723,1,1
2026-08-23 10:07:22.349705,6408,5361,3382,1
2026-08-23 10:07:22.349725,6327,4735,10,1
2026-08-23 10:07:22.349745,6419,5384,3377,1
2026-08-23 10:07:22.349765,6328,4741,13,1
2026-08-23 10:07:22.349785,6419,5429,3743,1
2026-08-23 10:07:22.349805,6316,4755,11,1
2026-08-23 10:07:22.349825,6422,5405,3732,1
2026-08-23 10:07:22.349845,6322,4728,10,1
2026-08-23 10:07:22.349865,6414,5374,3395,1
2026-08-23 10:07:22.349885,6328,4737,17,1
2026-08-23 10:07:22.349905,6411,5360,3354,1
2026-08-23 10:07:22.349925,6314,4755,14,1
2026-08-23 10:07:22.349945,6412,5334,3365,1
2026-08-23 10:07:22.349965,6321,4728,4,1
2026-08-23 10:07:22.349985,6427,5374,3743,1
2026-08-23 10:07:22.350005,6314,4764,15,1
2026-08-23 10:07:22.350025,6424,5411,3725,1
2026-08-23 10:07:22.350045,6313,4728,7,1
2026-08-23 10:07:22.350065,6427,5392,3386,1
2026-08-23 10:07:22.350085,6324,4768,47,1
2026-08-23 10:07:22.350105,6408,5396,3399,1
2026-08-23 10:07:22.350125,6315,4737,356,1
2026-08-23 10:07:22.350145,6404,5361,3368,1
2026-08-23 10:07:22.350165,6327,4764,0,1
2026-08-23 10:07:22.350185,6413,5387,3741,1
2026-08-23 10:07:22.350205,6329,4753,2,1
2026-08-23 10:07:22.350225,6409,5401,3741,1
2026-08-23 10:07:22.350245,6318,4756,13,1
2026-08-23 10:07:22.350265,6412,5361,3387,1
2026-08-23 10:07:22.350285,6325,4761,9,1
2026-08-23 10:07:22.350305,6407,5385,3659,1
2026-08-23 10:07:22.350325,6324,4772,14,1
2026-08-23 10:07:22.350345,6420,5359,3382,1
2026-08-23 10:07:22.350365,6321,4782,11,1
2026-08-23 10:07:22.350385,6415,5422,3751,1
2026-08-23 10:07:22.350405,6315,4768,20,1
2026-08-23 10:07:22.350425,6424,5386,4005,1
2026-08-23 10:07:22.350445,6314,4772,16,1
2026-08-23 10:07:22.350465,6419,5386,3382,1
2026-08-23 10:07:22.350485,6320,4729,0,1
2026-08-23 10:07:22.350505,6416,5362,3393,1
2026-08-23 10:07:22.350525,6321,4768,12,1
2026-08-23 10:07:22.350545,6413,5383,3368,1
2026-08-23 10:07:22.350565,6325,4740,333,1
2026-08-23 10:07:22.350585,6422,5392,3754,1
2026-08-23 10:07:22.350605,6328,4736,22,1
2026-08-23 10:07:22.350625,6421,5380,3741,1
2026-08-23 10:07:22.350645,6329,4771,13,1
2026-08-23 10:07:22.350665,6416,5362,3383,1
2026-08-23 10:07:22.350685,6324,4728,14,1
2026-08-23 10:07:22.350705,6412,5383,3388,1
2026-08-23 10:07:22.350725,6321,4765,12,1
2026-08-23 10:07:22.350745,6402,5363,3383,1
2026-08-23 10:07:22.350765,6327,4758,5,1
2026-08-23 10:07:22.350785,6423,5409,3755,1
2026-08-23 10:07:22.350805,6315,4781,0,1
2026-08-23 10:07:22.350825,6451,5376,3734,1
2026-08-23 10:07:22.350845,6226,4743,9,1
2026-08-23 10:07:22.350865,6404,5357,3396,1
2026-08-23 10:07:22.350885,6320,4770,8,1
2026-08-23 10:07:22.350905,6420,5360,3389,1
2026-08-23 10:07:22.350925,6322,4765,10,1
2026-08-23 10:07:22.350945,6416,5382,3373,1
2026-08-23 10:07:22.350965,6330,4719,0,1
2026-08-23 10:07:22.350985,6419,5382,3743,1
2026-08-23 10:07:22.351005,6327,4739,12,1
2026-08-23 10:07:22.351025,6412,5376,3721,1
2026-08-23 10:07:22.351045,6324,4741,8,1
2026-08-23 10:07:22.351065,6409,5373,3385,1
2026-08-23 10:07:22.351085,6446,4738,10,1
2026-08-23 10:07:22.351105,6412,5374,3380,1
2026-08-23 10:07:22.351125,6324,4717,17,1
2026-08-23 10:07:22.351145,6411,5392,3379,1
2026-08-23 10:07:22.351165,6326,4751,19,1
2026-08-23 10:07:22.351185,6426,5423,3754,1
2026-08-23 10:07:22.351205,6322,4768,12,1
2026-08-23 10:07:22.351225,6420,5411,3725,1
2026-08-23 10:07:22.351245,6316,4742,13,1
2026-08-23 10:07:22.351265,6418,5381,3389,1
2026-08-23 10:07:22.351285,6320,4764,17,1
2026-08-23 10:07:22.351305,6426,5369,3377,1
2026-08-23 10:07:22.351325,6328,4779,1,1
2026-08-23 10:07:22.351345,6410,5352,3372,1
2026-08-23 10:07:22.351365,6322,4742,5,1
2026-08-23 10:07:22.351385,6421,5395,3750,1
2026-08-23 10:07:22.351405,6325,4741,20,1
2026-08-23 10:07:22.351425,6415,5388,3816,1
2026-08-23 10:07:22.351445,6314,4740,12,1
2026-08-23 10:07:22.351465,6417,5403,3413,1
2026-08-23 10:07:22.351485,6334,4739,13,1
2026-08-23 10:07:22.351505,6409,5396,3377,1
2026-08-23 10:07:22.351525,6328,4746,10,1
2026-08-23 10:07:22.351545,6415,5398,3366,1
2026-08-23 10:07:22.351565,6332,4753,0,1
2026-08-23 10:07:22.351585,6422,5421,3745,1
2026-08-23 10:07:22.351605,6322,4762,11,1
2026-08-23 10:07:22.351625,6425,5386,3811,1
2026-08-23 10:07:22.351645,6322,4740,0,1
2026-08-23 10:07:22.351665,6421,5364,3402,1
2026-08-23 10:07:22.351685,6323,4770,9,1
2026-08-23 10:07:22.351705,6412,5385,3371,1
2026-08-23 10:07:22.351725,6323,4728,0,1
2026-08-23 10:07:22.351745,6416,5364,3386,1
2026-08-23 10:07:22.351765,6324,4740,6,1
2026-08-23 10:07:22.351785,6419,5391,3749,1
2026-08-23 10:07:22.351805,6328,4770,10,1
2026-08-23 10:07:22.351825,6427,5378,3709,1
2026-08-23 10:07:22.351845,6328,4738,6,1
2026-08-23 10:07:22.351865,6414,5392,3384,1
2026-08-23 10:07:22.351885,6442,4775,33,1
2026-08-23 10:07:22.351905,6415,5400,3390,1
2026-08-23 10:07:22.351925,6320,4776,8,1
2026-08-23 10:07:22.351945,6415,5394,3372,1
2026-08-23 10:07:22.351965,6314,4752,12,1
2026-08-23 10:07:22.351985,6420,5415,3753,1
2026-08-23 10:07:22.352005,6322,4725,6,1
2026-08-23 10:07:22.352025,6416,5404,3747,1
2026-08-23 10:07:22.352045,6331,4721,9,1
2026-08-23 10:07:22.352065,6411,5394,3390,1
2026-08-23 10:07:22.352085,6322,4779,11,1
2026-08-23 10:07:22.352105,6413,5369,3382,1
2026-08-23 10:07:22.352125,6316,4756,5,1
2026-08-23 10:07:22.352145,6415,5366,3372,1
2026-08-23 10:07:22.352165,6330,4768,0,1
2026-08-23 10:07:22.352185,6414,5382,3754,1
2026-08-23 10:07:22.352205,6332,4733,7,1
2026-08-23 10:07:22.352225,6422,5402,3724,1
2026-08-23 10:07:22.352245,6325,4730,15,1
2026-08-23 10:07:22.352265,6413,5396,3404,1
2026-08-23 10:07:22.352285,6322,4741,14,1
2026-08-23 10:07:22.352305,6407,5408,3395,1
2026-08-23 10:07:22.352325,6324,4759,5,1
2026-08-23 10:07:22.352345,6417,5396,3370,1
2026-08-23 10:07:22.352365,6322,4764,6,1
2026-08-23 10:07:22.352385,6424,5423,3750,1
2026-08-23 10:07:22.352405,6324,4741,15,1
2026-08-23 10:07:22.352425,6425,5413,3741,1
2026-08-23 10:07:22.352445,6327,4731,8,1
2026-08-23 10:07:23.119182,6420,5401,3386,1
2026-08-23 10:07:23.119202,6326,4738,6,1
2026-08-23 10:07:23.119222,6407,5413,3388,1
2026-08-23 10:07:23.119242,6329,4745,20,1
2026-08-23 10:07:23.119262,6413,5370,3322,1
2026-08-23 10:07:23.119282,6330,4755,13,1
2026-08-23 10:07:23.119302,6425,5447,3741,1
2026-08-23 10:07:23.119322,6201,4753,4,1
2026-08-23 10:07:23.119342,6415,5397,3721,1
2026-08-23 10:07:23.119362,6318,4784,0,1
2026-08-23 10:07:23.119382,6415,5409,3401,1
2026-08-23 10:07:23.119402,6331,4734,27,1
2026-08-23 10:07:23.119422,6413,5400,3379,1
2026-08-23 10:07:23.119442,6325,4743,38,1
2026-08-23 10:07:23.119462,6414,5398,3378,1
2026-08-23 10:07:23.119482,6331,4741,10,1
2026-08-23 10:07:23.119502,6426,5383,3745,1
2026-08-23 10:07:23.119522,6319,4765,25,1
2026-08-23 10:07:23.119542,6417,5409,3729,1
2026-08-23 10:07:23.119562,6324,4740,18,1
2026-08-23 10:07:23.119582,6420,5375,3379,1
2026-08-23 10:07:23.119602,6311,4744,23,1
2026-08-23 10:07:23.119622,6409,5390,3385,1
2026-08-23 10:07:23.119642,6314,4753,18,1
2026-08-23 10:07:23.119662,6411,5384,3369,1
2026-08-23 10:07:23.119682,6316,4774,13,1
2026-08-23 10:07:23.119702,6430,5377,3727,1
2026-08-23 10:07:23.119722,6322,4769,12,1
2026-08-23 10:07:23.119742,6420,5379,3729,1
2026-08-23 10:07:23.119762,6314,4770,11,1
2026-08-23 10:07:23.119782,6418,5370,3399,1
2026-08-23 10:07:23.119802,6327,4773,6,1
2026-08-23 10:07:23.119822,6436,5364,3388,1
2026-08-23 10:07:23.119842,6310,4734,18,1
2026-08-23 10:07:23.119862,6424,5381,3372,1
2026-08-23 10:07:23.119882,6313,4795,3,1
2026-08-23 10:07:23.119902,6414,5424,3728,1
2026-08-23 10:07:23.119922,6326,4735,13,1
2026-08-23 10:07:23.119942,6422,5378,3731,1
2026-08-23 10:07:23.119962,6323,4739,14,1
2026-08-23 10:07:23.119982,6410,5388,3394,1
2026-08-23 10:07:23.120002,6322,4736,20,1
2026-08-23 10:07:23.120022,6421,5352,3373,1
2026-08-23 10:07:23.120042,6335,4771,30,1
2026-08-23 10:07:23.120062,6410,5386,3376,1
2026-08-23 10:07:23.120082,6335,4768,26,1
2026-08-23 10:07:23.120102,6420,5411,3748,1
2026-08-23 10:07:23.120122,6323,4768,33,1
2026-08-23 10:07:23.120142,6408,5417,3731,1
2026-08-23 10:07:23.120162,6313,4745,8,1
2026-08-23 10:07:23.120182,6422,5371,3383,1
2026-08-23 10:07:23.120202,6324,4747,4,1
2026-08-23 10:07:23.120222,6407,5409,3381,1
2026-08-23 10:07:23.120242,6320,4751,13,1
2026-08-23 10:07:23.120262,6413,5369,3366,1
2026-08-23 10:07:23.120282,6319,4779,10,1
2026-08-23 10:07:23.120302,6421,5388,3754,1
2026-08-23 10:07:23.120322,6319,4794,6,1
2026-08-23 10:07:23.120342,6422,5398,3728,1
2026-08-23 10:07:23.120362,6317,4744,4,1
2026-08-23 10:07:23.120382,6419,5373,3397,1
2026-08-23 10:07:23.120402,6330,4742,0,1
2026-08-23 10:07:23.120422,6413,5408,3394,1
2026-08-23 10:07:23.120442,6321,4743,4,1
2026-08-23 10:07:23.120462,6412,5370,3365,1
2026-08-23 10:07:23.120482,6325,4776,14,1
2026-08-23 10:07:23.120502,6422,5388,3746,1
2026-08-23 10:07:23.120522,6322,4730,11,1
2026-08-23 10:07:23.120542,6440,5400,3731,1
2026-08-23 10:07:23.120562,6320,4735,5,1
2026-08-23 10:07:23.120582,6409,5394,3401,1
2026-08-23 10:07:23.120602,6324,4764,8,1
2026-08-23 10:07:23.120622,6414,5392,3361,1
2026-08-23 10:07:23.120642,6327,4718,0,1
2026-08-23 10:07:23.120662,6413,5381,3373,1
2026-08-23 10:07:23.120682,6324,4771,21,1
2026-08-23 10:07:23.120702,6416,5415,3757,1
2026-08-23 10:07:23.120722,6320,4721,8,1
2026-08-23 10:07:23.120742,6419,5416,3726,1
2026-08-23 10:07:23.120762,6326,4731,9,1
2026-08-23 10:07:23.120782,6410,5367,3375,1
2026-08-23 10:07:23.120802,6320,4771,7,1
2026-08-23 10:07:23.120822,6411,5391,3414,1
2026-08-23 10:07:23.120842,6328,4728,18,1
2026-08-23 10:07:23.120862,6412,5354,3367,1
2026-08-23 10:07:23.120882,6324,4738,18,1
2026-08-23 10:07:23.120902,6425,5376,3738,1
2026-08-23 10:07:23.120922,6312,4769,17,1
2026-08-23 10:07:23.120942,6434,5415,3714,1
2026-08-23 10:07:23.120962,6324,4739,0,1
2026-08-23 10:07:23.120982,6414,5392,3401,1
2026-08-23 10:07:23.121002,6315,4753,8,1
2026-08-23 10:07:23.121022,6415,5354,3386,1
2026-08-23 10:07:23.121042,6326,4762,0,1
2026-08-23 10:07:23.121062,6412,5389,3376,1
2026-08-23 10:07:23.121082,6314,4733,19,1
2026-08-23 10:07:23.121102,6420,5380,3755,1
2026-08-23 10:07:23.121122,6326,4769,28,1
2026-08-23 10:07:23.121142,6426,5377,3737,1
2026-08-23 10:07:23.121162,6332,4786,17,1
2026-08-23 10:07:23.121182,6410,5363,3387,1
2026-08-23 10:07:23.121202,6321,4777,4,1
2026-08-23 10:07:23.121222,6407,5420,3387,1
2026-08-23 10:07:23.121242,6327,4751,8,1
2026-08-23 10:07:23.121262,6415,5388,3372,1
2026-08-23 10:07:23.121282,6330,4777,0,1
2026-08-23 10:07:23.121302,6420,5383,3743,1
2026-08-23 10:07:23.121322,6321,4741,6,1
2026-08-23 10:07:23.121342,6421,5388,3737,1
2026-08-23 10:07:23.121362,6331,4769,0,1
2026-08-23 10:07:23.121382,6418,5369,3541,1
2026-08-23 10:07:23.121402,6327,4779,23,1
2026-08-23 10:07:23.121422,6414,5369,3377,1
2026-08-23 10:07:23.121442,6312,4744,8,1
2026-08-23 10:07:23.121462,6408,5390,3362,1
2026-08-23 10:07:23.121482,6325,4778,8,1
2026-08-23 10:07:23.121502,6421,5398,3822,1
2026-08-23 10:07:23.121522,6323,4774,7,1
2026-08-23 10:07:23.121542,6422,5368,3718,1
2026-08-23 10:07:23.121562,6324,4759,2,1
2026-08-23 10:07:23.121582,6406,5398,3394,1
2026-08-23 10:07:23.121602,6325,4742,18,1
2026-08-23 10:07:23.121622,6415,5382,3374,1
2026-08-23 10:07:23.121642,6320,4738,7,1
2026-08-23 10:07:23.121662,6406,5372,3381,1
2026-08-23 10:07:23.121682,6325,4774,13,1
2026-08-23 10:07:23.121702,6430,5374,3741,1
2026-08-23 10:07:23.121722,6319,4761,16,1
2026-08-23 10:07:23.121742,6435,5379,3712,1
2026-08-23 10:07:23.121762,6324,4740,8,1
2026-08-23 10:07:23.121782,6412,5370,3385,1
2026-08-23 10:07:23.121802,6315,4772,4,1
2026-08-23 10:07:23.121822,6405,5397,3400,1
2026-08-23 10:07:23.121842,6320,4749,10,1
2026-08-23 10:07:23.121862,6406,5396,3374,1
2026-08-23 10:07:23.121882,6329,4745,0,1
2026-08-23 10:07:23.121902,6427,5425,3743,1
2026-08-23 10:07:23.121922,6332,4754,2,1
2026-08-23 10:07:23.121942,6405,5385,3944,1
2026-08-23 10:07:23.121962,6315,4740,0,1
2026-08-23 10:07:23.121982,6417,5364,3398,1
2026-08-23 10:07:23.122002,6245,4764,7,1
2026-08-23 10:07:23.122022,6406,5426,3382,1
2026-08-23 10:07:23.122042,6311,4743,9,1
2026-08-23 10:07:23.122062,6412,5361,3373,1
2026-08-23 10:07:23.122082,6314,4782,0,1
2026-08-23 10:07:23.122102,6413,5424,3760,1
2026-08-23 10:07:23.122122,6319,4789,10,1
2026-08-23 10:07:23.122142,6419,5377,3726,1
2026-08-23 10:07:23.122162,6317,4766,0,1
2026-08-23 10:07:23.122182,6415,5357,3394,1
2026-08-23 10:07:23.122202,6327,4728,5,1
2026-08-23 10:07:23.122222,6411,5403,3380,1
2026-08-23 10:07:23.122242,6332,4761,0,1
2026-08-23 10:07:23.122262,6411,5366,3376,1
2026-08-23 10:07:23.122282,6334,4749,8,1
2026-08-23 10:07:23.122302,6448,5389,3737,1
2026-08-23 10:07:23.122322,6315,4760,14,1
2026-08-23 10:07:23.122342,6423,5388,3729,1
2026-08-23 10:07:23.122362,6315,4774,16,1
2026-08-23 10:07:23.122382,6407,5399,3388,1
2026-08-23 10:07:23.122402,6324,4738,4,1
2026-08-23 10:07:23.122422,6404,5399,3374,1
2026-08-23 10:07:23.122442,6324,4770,4,1
2026-08-23 10:07:23.122462,6413,5367,3378,1
2026-08-23 10:07:23.122482,6324,4736,10,1
2026-08-23 10:07:23.122502,6421,5381,3741,1
2026-08-23 10:07:23.122522,6323,4728,11,1
2026-08-23 10:07:23.122542,6424,5386,3730,1
2026-08-23 10:07:23.122562,6324,4733,6,1
2026-08-23 10:07:23.122582,6418,5388,3400,1
2026-08-23 10:07:23.122602,6400,4767,7,1
2026-08-23 10:07:23.122622,6413,5403,3386,1
2026-08-23 10:07:23.122642,6323,4773,26,1
2026-08-23 10:07:23.122662,6398,5393,3354,1
2026-08-23 10:07:23.122682,6317,4764,28,1
2026-08-23 10:07:23.122702,6412,5411,3740,1
2026-08-23 10:07:23.122722,6321,4759,12,1
2026-08-23 10:07:23.122742,6427,5410,3731,1
2026-08-23 10:07:23.122762,6314,4729,6,1
2026-08-23 10:07:23.122782,6415,5363,3375,1
2026-08-23 10:07:23.122802,6324,4741,8,1
2026-08-23 10:07:23.122822,6416,5365,3386,1
2026-08-23 10:07:23.122842,6314,4777,18,1
2026-08-23 10:07:23.122862,6412,5357,3369,1
2026-08-23 10:07:23.122882,6324,4737,14,1
2026-08-23 10:07:23.122902,6426,5370,3741,1
2026-08-23 10:07:23.122922,6324,4762,2,1
2026-08-23 10:07:23.122942,6408,5409,3732,1
2026-08-23 10:07:23.122962,6323,4761,5,1
2026-08-23 10:07:23.122982,6405,5360,3393,1
2026-08-23 10:07:23.123002,6315,4767,0,1
2026-08-23 10:07:23.123022,6412,5377,3375,1
2026-08-23 10:07:23.123042,6320,4754,1,1
2026-08-23 10:07:23.123062,6414,5378,3374,1
2026-08-23 10:07:23.123082,6320,4766,15,1
2026-08-23 10:07:23.123102,6424,5379,3754,1
2026-08-23 10:07:23.123122,6310,4730,8,1
2026-08-23 10:07:23.123142,6408,5382,3737,1
2026-08-23 10:07:23.123162,6311,4751,21,1
2026-08-23 10:07:23.123182,6409,5389,3387,1
2026-08-23 10:07:23.123202,6325,4736,15,1
2026-08-23 10:07:23.123222,6410,5376,3382,1
2026-08-23 10:07:23.123242,6312,4744,0,1
2026-08-23 10:07:23.123262,6418,5372,3373,1
2026-08-23 10:07:23.123282,6324,4740,15,1
2026-08-23 10:07:23.123302,6421,5416,3741,1
2026-08-23 10:07:23.123322,6315,4767,9,1
2026-08-23 10:07:23.123342,6417,5382,3725,1
2026-08-23 10:07:23.123362,6316,4781,5,1
2026-08-23 10:07:23.123382,6406,5400,3395,1
2026-08-23 10:07:23.123402,6318,4766,2,1
2026-08-23 10:07:23.123422,6419,5376,3392,1
2026-08-23 10:07:23.123442,6327,4741,4,1
2026-08-23 10:07:23.123462,6310,5360,3373,1
2026-08-23 10:07:23.123482,6322,4736,0,1
2026-08-23 10:07:23.123502,6421,5395,3739,1
2026-08-23 10:07:23.123522,6312,4750,13,1
2026-08-23 10:07:23.123542,6418,5419,3723,1
2026-08-23 10:07:23.123562,6314,4738,8,1
2026-08-23 10:07:23.123582,6412,5371,3378,1
2026-08-23 10:07:23.123602,6315,4770,6,1
2026-08-23 10:07:23.123622,6413,5369,3374,1
2026-08-23 10:07:23.123642,6235,4744,17,1
2026-08-23 10:07:23.123662,6407,5394,3378,1
2026-08-23 10:07:23.123682,6325,4744,4,1
2026-08-23 10:07:23.123702,6417,5395,3748,1
2026-08-23 10:07:23.123722,6324,4743,11,1
2026-08-23 10:07:23.123742,6414,5385,3724,1
2026-08-23 10:07:23.123762,6319,4740,3,1
2026-08-23 10:07:23.123782,6403,5418,3398,1
2026-08-23 10:07:23.123802,6314,4769,10,1
2026-08-23 10:07:23.123822,6420,5385,3373,1
2026-08-23 10:07:23.123842,6320,4739,13,1
2026-08-23 10:07:23.123862,6403,5348,3361,1
2026-08-23 10:07:23.123882,6314,4773,0,1
2026-08-23 10:07:23.123902,6424,5413,3748,1
2026-08-23 10:07:23.123922,6324,4731,0,1
2026-08-23 10:07:23.123942,6416,5415,3722,1
2026-08-23 10:07:23.123962,6316,4749,10,1
2026-08-23 10:07:23.123982,6402,5402,3402,1
2026-08-23 10:07:23.124002,6305,4733,16,1
2026-08-23 10:07:23.124022,6411,5393,3383,1
2026-08-23 10:07:23.124042,6322,4765,10,1
2026-08-23 10:07:23.124062,6399,5356,3368,1
2026-08-23 10:07:23.124082,6516,4762,11,1
2026-08-23 10:07:23.124102,6421,5443,3741,1
2026-08-23 10:07:23.124122,6319,4734,17,1
2026-08-23 10:07:23.124142,6408,5387,3717,1
2026-08-23 10:07:23.124162,6331,4740,4,1
2026-08-23 10:07:23.124182,6406,5405,3394,1
2026-08-23 10:07:23.124202,6317,4762,8,1
2026-08-23 10:07:23.124222,6414,5382,3380,1
2026-08-23 10:07:23.124242,6328,4750,4,1
2026-08-23 10:07:23.124262,6397,5359,3370,1
2026-08-23 10:07:23.124282,6324,4775,15,1
2026-08-23 10:07:23.124302,6416,5423,3752,1
2026-08-23 10:07:23.124322,6318,4753,4,1
2026-08-23 10:07:23.124342,6414,5384,3724,1
2026-08-23 10:07:23.124362,6320,4760,5,1
2026-08-23 10:07:23.124382,6403,5396,3374,1
2026-08-23 10:07:23.124402,6320,4728,10,1
2026-08-23 10:07:23.124422,6406,5354,3376,1
2026-08-23 10:07:23.124442,6310,4777,9,1
2026-08-23 10:07:23.124462,6409,5362,3368,1
2026-08-23 10:07:23.124482,6317,4768,0,1
2026-08-23 10:07:23.124502,6413,5418,3741,1
2026-08-23 10:07:23.124522,6330,4735,6,1
2026-08-23 10:07:23.124542,6424,5420,3707,1
2026-08-23 10:07:23.124562,6320,4767,9,1
2026-08-23 10:07:23.124582,6413,5369,3396,1
2026-08-23 10:07:23.124602,6313,4767,6,1
2026-08-23 10:07:23.124622,6416,5358,3393,1
2026-08-23 10:07:23.124642,6313,4768,10,1
2026-08-23 10:07:23.124662,6410,5391,3371,1
2026-08-23 10:07:23.124682,6314,4774,14,1
2026-08-23 10:07:23.124702,6409,5415,4049,1
2026-08-23 10:07:23.124722,6316,4738,13,1
2026-08-23 10:07:23.124742,6416,5422,3702,1
2026-08-23 10:07:23.124762,6307,4774,5,1
2026-08-23 10:07:23.124782,6414,5375,3397,1
2026-08-23 10:07:23.124802,6312,4778,8,1
2026-08-23 10:07:23.124822,6418,5379,3384,1
2026-08-23 10:07:23.124842,6317,4746,5,1
2026-08-23 10:07:23.124862,6402,5400,3366,1
2026-08-23 10:07:23.124882,6329,4749,0,1
2026-08-23 10:07:23.124902,6416,5429,3741,1
2026-08-23 10:07:23.124922,6322,4742,12,1
2026-08-23 10:07:23.124942,6411,5422,3731,1
2026-08-23 10:07:23.124962,6328,4767,21,1
2026-08-23 10:07:23.124982,6414,5307,3392,1
2026-08-23 10:07:23.125002,6322,4731,10,1
2026-08-23 10:07:23.125022,6397,5389,3385,1
2026-08-23 10:07:23.125042,6316,4770,0,1
2026-08-23 10:07:23.125062,6400,5393,3367,1
2026-08-23 10:07:23.125082,6316,4774,11,1
2026-08-23 10:07:23.125102,6454,5376,3738,1
2026-08-23 10:07:23.125122,6330,4732,20,1
2026-08-23 10:07:23.125142,6419,5383,3726,1
2026-08-23 10:07:23.125162,6319,4747,8,1
2026-08-23 10:07:23.125182,6415,5406,3384,1
2026-08-23 10:07:23.125202,6317,4771,12,1
2026-08-23 10:07:23.125222,6409,5385,3353,1
2026-08-23 10:07:23.125242,6322,4753,4,1
2026-08-23 10:07:23.125262,6407,5364,3370,1
2026-08-23 10:07:23.125282,6314,4792,10,1
2026-08-23 10:07:23.125302,6417,5398,3690,1
2026-08-23 10:07:23.125322,6318,4754,0,1
2026-08-23 10:07:23.125342,6475,5385,3742,1
2026-08-23 10:07:23.125362,6341,4750,5,1
2026-08-23 10:07:23.125382,6410,5358,3389,1
2026-08-23 10:07:23.125402,6314,4762,16,1
2026-08-23 10:07:23.125422,6409,5385,3382,1
2026-08-23 10:07:23.125442,6321,4686,0,1
2026-08-23 10:07:23.125462,6420,5372,3364,1
2026-08-23 10:07:23.125482,6330,4778,25,1
2026-08-23 10:07:23.125502,6420,5394,3737,1
2026-08-23 10:07:23.125522,6316,4785,6,1
2026-08-23 10:07:23.125542,6416,5398,3730,1
2026-08-23 10:07:23.125562,6309,4741,0,1
2026-08-23 10:07:23.125582,6413,5367,3123,1
2026-08-23 10:07:23.125602,6324,4779,11,1
2026-08-23 10:07:23.125622,6408,5372,3394,1
2026-08-23 10:07:23.125642,6315,4744,14,1
2026-08-23 10:07:23.125662,6410,5376,3360,1
2026-08-23 10:07:23.125682,6318,4776,0,1
2026-08-23 10:07:23.125702,6416,5425,3748,1
2026-08-23 10:07:23.125722,6317,4750,11,1
2026-08-23 10:07:23.125742,6416,5377,3725,1
2026-08-23 10:07:23.125762,6318,4740,16,1
2026-08-23 10:07:23.125782,6413,5360,3390,1
2026-08-23 10:07:23.125802,6307,4769,0,1
2026-08-23 10:07:23.125822,6407,5363,3381,1
2026-08-23 10:07:23.125842,6306,4738,4,1
2026-08-23 10:07:23.125862,6408,5372,3369,1
2026-08-23 10:07:23.125882,6323,4775,0,1
2026-08-23 10:07:23.125902,6410,5424,3743,1
2026-08-23 10:07:23.125922,6318,4748,14,1
2026-08-23 10:07:23.125942,6405,5426,3735,1
2026-08-23 10:07:23.125962,6325,4743,12,1
2026-08-23 10:07:23.125982,6417,5373,3386,1
2026-08-23 10:07:23.126002,6319,4741,30,1
2026-08-23 10:07:23.126022,6403,5397,3382,1
2026-08-23 10:07:23.126042,6316,4704,11,1
2026-08-23 10:07:23.126062,6412,5366,3374,1
2026-08-23 10:07:23.126082,6308,4761,20,1
2026-08-23 10:07:23.126102,6412,5439,3738,1
2026-08-23 10:07:23.126122,6445,4766,8,1
2026-08-23 10:07:23.126142,6418,5395,3730,1
2026-08-23 10:07:23.126162,6313,4733,4,1
2026-08-23 10:07:23.126182,6408,5396,3392,1
2026-08-23 10:07:23.126202,6312,4762,0,1
2026-08-23 10:07:23.126222,6409,5350,3382,1
2026-08-23 10:07:23.126242,6313,4752,19,1
2026-08-23 10:07:23.126262,6407,5407,3365,1
2026-08-23 10:07:23.126282,6318,4739,10,1
2026-08-23 10:07:23.126302,6419,5391,3737,1
2026-08-23 10:07:23.126322,6330,4755,18,1
2026-08-23 10:07:23.126342,6366,5394,3726,1
2026-08-23 10:07:23.126362,6314,4744,4,1
2026-08-23 10:07:23.126382,6406,5396,3199,1
2026-08-23 10:07:23.126402,6317,4775,30,1
2026-08-23 10:07:23.126422,6414,5394,3374,1
2026-08-23 10:07:23.126442,6317,4768,2,1
2026-08-23 10:07:23.126462,6412,5364,3371,1
2026-08-23 10:07:23.126482,6320,4771,0,1
2026-08-23 10:07:23.126502,6416,5405,3738,1
2026-08-23 10:07:23.126522,6312,4767,2,1
2026-08-23 10:07:23.126542,6416,5363,3716,1
2026-08-23 10:07:23.126562,6324,4737,6,1
2026-08-23 10:07:23.126582,6422,5370,3383,1
2026-08-23 10:07:23.126602,6312,4775,6,1
2026-08-23 10:07:23.126622,6409,5390,3386,1
2026-08-23 10:07:23.126642,6318,4746,0,1
2026-08-23 10:07:23.126662,6407,5399,3373,1
2026-08-23 10:07:23.126682,6315,4779,20,1
2026-08-23 10:07:23.126702,6423,5424,3742,1
2026-08-23 10:07:23.126722,6317,4741,0,1
2026-08-23 10:07:23.126742,6415,5377,3629,1
2026-08-23 10:07:23.126762,6316,4764,6,1
2026-08-23 10:07:23.126782,6408,5366,3385,1
2026-08-23 10:07:23.126802,6324,4783,18,1
2026-08-23 10:07:23.126822,6467,5394,3386,1
2026-08-23 10:07:23.126842,6316,4762,27,1
2026-08-23 10:07:23.126862,6407,5382,3366,1
2026-08-23 10:07:23.126882,6320,4758,9,1
2026-08-23 10:07:23.126902,6404,5376,3745,1
2026-08-23 10:07:23.126922,6315,4771,19,1
2026-08-23 10:07:23.126942,6404,5383,3715,1
2026-08-23 10:07:23.126962,6324,4771,0,1
2026-08-23 10:07:23.126982,6399,5398,3381,1
2026-08-23 10:07:23.127002,6314,4733,5,1
2026-08-23 10:07:23.127022,6408,5371,3375,1
2026-08-23 10:07:23.127042,6319,4744,13,1
2026-08-23 10:07:23.127062,6408,5402,3369,1
2026-08-23 10:07:23.127082,6310,4748,9,1
2026-08-23 10:07:23.127102,6422,5405,3767,1
2026-08-23 10:07:23.127122,6325,4772,125,1
2026-08-23 10:07:23.127142,6413,5419,3725,1
2026-08-23 10:07:23.127162,6315,4733,10,1
2026-08-23 10:07:23.127182,6407,5354,3378,1
2026-08-23 10:07:23.127202,6317,4733,0,1
2026-08-23 10:07:23.127222,6408,5359,3376,1
2026-08-23 10:07:23.127242,6319,4723,13,1
2026-08-23 10:07:23.127262,6408,5384,3375,1
2026-08-23 10:07:23.127282,6311,4777,13,1
2026-08-23 10:07:23.127302,6408,5422,3741,1
2026-08-23 10:07:23.127322,6317,4731,8,1
2026-08-23 10:07:23.127342,6413,5413,3729,1
2026-08-23 10:07:23.127362,6317,4727,6,1
2026-08-23 10:07:23.127382,6403,5381,3399,1
2026-08-23 10:07:23.127402,6316,4736,7,1
2026-08-23 10:07:23.127422,6402,5401,3404,1
2026-08-23 10:07:23.127442,6311,4769,17,1
2026-08-23 10:07:23.127462,6409,5351,3367,1
2026-08-23 10:07:23.127482,6311,4736,4,1
2026-08-23 10:07:23.127502,6408,5424,3741,1
2026-08-23 10:07:23.127522,6316,4719,14,1
2026-08-23 10:07:23.127542,6416,5376,3725,1
2026-08-23 10:07:23.127562,6317,4751,7,1
2026-08-23 10:07:23.127582,6409,5359,3387,1
2026-08-23 10:07:23.127602,6303,4754,6,1
2026-08-23 10:07:23.127622,6399,5381,3384,1
2026-08-23 10:07:23.127642,6316,4772,7,1
2026-08-23 10:07:23.127662,6413,5353,3371,1
2026-08-23 10:07:23.127682,6320,4708,1,1
2026-08-23 10:07:23.127702,6415,5419,3742,1
2026-08-23 10:07:23.127722,6312,4750,5,1
2026-08-23 10:07:23.127742,6415,5415,3741,1
2026-08-23 10:07:23.127762,6322,4722,20,1
2026-08-23 10:07:23.127782,6406,5371,3387,1
2026-08-23 10:07:23.127802,6316,4747,11,1
2026-08-23 10:07:23.127822,6396,5388,3374,1
2026-08-23 10:07:23.127842,6312,4728,15,1
2026-08-23 10:07:23.127862,6398,5362,3377,1
2026-08-23 10:07:23.127882,6314,4752,22,1
2026-08-23 10:07:23.127902,6414,5392,3739,1
2026-08-23 10:07:23.127922,6319,4724,9,1
2026-08-23 10:07:23.127942,6416,5414,3726,1
2026-08-23 10:07:23.127962,6307,4735,8,1
2026-08-23 10:07:23.127982,6410,5400,3399,1
2026-08-23 10:07:23.128002,6314,4694,10,1
2026-08-23 10:07:23.128022,6397,5351,3375,1
2026-08-23 10:07:23.128042,6308,4769,14,1
2026-08-23 10:07:23.128062,6354,5359,3367,1
2026-08-23 10:07:23.128082,6314,4752,12,1
2026-08-23 10:07:23.128102,6425,5389,3715,1
2026-08-23 10:07:23.128122,6307,4733,14,1
2026-08-23 10:07:23.128142,6419,5414,3719,1
2026-08-23 10:07:23.128162,6310,4762,16,1
2026-08-23 10:07:23.128182,6404,5386,3372,1
2026-08-23 10:07:23.128202,6309,4720,15,1
2026-08-23 10:07:23.128222,6411,5356,3383,1
2026-08-23 10:07:23.128242,6318,4728,0,1
2026-08-23 10:07:23.128262,6409,5355,3375,1
2026-08-23 10:07:23.128282,6323,4734,0,1
2026-08-23 10:07:23.128302,6428,5385,3740,1
2026-08-23 10:07:23.128322,6318,4739,18,1
2026-08-23 10:07:23.128342,6416,5413,3726,1
2026-08-23 10:07:23.128362,6322,4764,0,1
2026-08-23 10:07:23.128382,6407,5391,3384,1
2026-08-23 10:07:23.128402,6319,4721,16,1
2026-08-23 10:07:23.128422,6408,5354,3388,1
2026-08-23 10:07:23.128442,6316,4735,8,1
2026-08-23 10:07:23.128462,6406,5395,3375,1
2026-08-23 10:07:23.128482,6315,4761,5,1
2026-08-23 10:07:23.128502,6414,5409,3736,1
2026-08-23 10:07:23.128522,6323,4755,8,1
2026-08-23 10:07:23.128542,6420,5394,3716,1
2026-08-23 10:07:23.128562,6318,4761,13,1
2026-08-23 10:07:23.128582,6402,5386,3390,1
2026-08-23 10:07:23.128602,6310,4763,9,1
2026-08-23 10:07:23.128622,6407,5347,3380,1
2026-08-23 10:07:23.128642,6314,4729,0,1
2026-08-23 10:07:23.128662,6416,5338,3363,1
2026-08-23 10:07:23.128682,6326,4733,0,1
2026-08-23 10:07:23.128702,6422,5414,3709,1
2026-08-23 10:07:23.128722,6313,4787,7,1
2026-08-23 10:07:23.128742,6419,5378,3719,1
2026-08-23 10:07:23.128762,6318,4774,14,1
2026-08-23 10:07:23.128782,6408,5348,3383,1
2026-08-23 10:07:23.128802,6317,4751,8,1
2026-08-23 10:07:23.128822,6411,5390,3391,1
2026-08-23 10:07:23.128842,6325,4731,6,1
2026-08-23 10:07:23.128862,6406,5380,3368,1
2026-08-23 10:07:23.128882,6321,4727,15,1
2026-08-23 10:07:23.128902,6413,5402,3745,1
2026-08-23 10:07:23.128922,6315,4762,22,1
2026-08-23 10:07:23.128942,6418,5393,3703,1
2026-08-23 10:07:23.128962,6317,4743,14,1
2026-08-23 10:07:23.128982,6411,5356,3392,1
2026-08-23 10:07:23.129002,6310,4725,5,1
2026-08-23 10:07:23.129022,6410,5404,3375,1
2026-08-23 10:07:23.129042,6306,4772,16,1
2026-08-23 10:07:23.129062,6403,5395,3370,1
2026-08-23 10:07:23.129082,6315,4767,10,1
2026-08-23 10:07:23.129102,6416,5372,3718,1
2026-08-23 10:07:23.129122,6306,4755,11,1
2026-08-23 10:07:23.129142,6418,5373,3707,1
2026-08-23 10:07:23.129162,6315,4724,13,1
2026-08-23 10:07:23.129182,6400,5356,3387,1
2026-08-23 10:07:23.129202,6303,4744,24,1
2026-08-23 10:07:23.129222,6394,5394,3375,1
2026-08-23 10:07:23.129242,6316,4768,5,1
2026-08-23 10:07:23.129262,6404,5353,3368,1
2026-08-23 10:07:23.129282,6316,4745,0,1
2026-08-23 10:07:23.129302,6411,5380,3726,1
2026-08-23 10:07:23.129322,6315,4746,0,1
2026-08-23 10:07:23.129342,6415,5381,3726,1
2026-08-23 10:07:23.129362,6313,4713,9,1
2026-08-23 10:07:23.129382,6411,5353,3388,1
2026-08-23 10:07:23.129402,6319,4762,17,1
2026-08-23 10:07:23.129422,6404,5349,3377,1
2026-08-23 10:07:23.129442,6315,4758,17,1
2026-08-23 10:07:23.129462,6406,5384,3363,1
2026-08-23 10:07:23.129482,6326,4729,0,1
2026-08-23 10:07:23.129502,6415,5427,3741,1
2026-08-23 10:07:23.129522,6310,4765,0,1
2026-08-23 10:07:23.129542,6411,5379,3694,1
2026-08-23 10:07:23.129562,6320,4731,17,1
2026-08-23 10:07:23.129582,6404,5343,3387,1
2026-08-23 10:07:23.129602,6306,4733,8,1
2026-08-23 10:07:23.129622,6403,5369,3391,1
2026-08-23 10:07:23.129642,6313,4780,15,1
2026-08-23 10:07:23.129662,6396,5391,3367,1
2026-08-23 10:07:23.129682,6314,4738,5,1
2026-08-23 10:07:23.129702,6419,5434,3743,1
2026-08-23 10:07:23.129722,6303,4767,0,1
2026-08-23 10:07:23.129742,6407,5411,3719,1
2026-08-23 10:07:23.129762,6307,4733,8,1
2026-08-23 10:07:23.129782,6405,5366,3371,1
2026-08-23 10:07:23.129802,6309,4774,2,1
2026-08-23 10:07:23.129822,6403,5406,3396,1
2026-08-23 10:07:23.129842,6320,4749,0,1
2026-08-23 10:07:23.129862,6418,5394,3370,1
2026-08-23 10:07:23.129882,6314,4737,5,1
2026-08-23 10:07:23.129902,6415,5384,3741,1
2026-08-23 10:07:23.129922,6314,4775,24,1
2026-08-23 10:07:23.129942,6410,5396,3729,1
2026-08-23 10:07:23.129962,6326,4720,1,1
2026-08-23 10:07:23.129982,6411,5384,3398,1
2026-08-23 10:07:23.130002,6316,4756,1,1
2026-08-23 10:07:23.130022,6404,5384,3380,1
2026-08-23 10:07:23.130042,6321,4755,9,1
2026-08-23 10:07:23.130062,6406,5384,3365,1
2026-08-23 10:07:23.130082,6299,4722,4,1
2026-08-23 10:07:23.130102,6414,5412,3738,1
2026-08-23 10:07:23.130122,6317,4729,1,1
2026-08-23 10:07:23.130142,6415,5401,3714,1
2026-08-23 10:07:23.130162,6319,4718,16,1
2026-08-23 10:07:23.130182,6406,5375,3381,1
2026-08-23 10:07:23.130202,6310,4780,8,1
2026-08-23 10:07:23.130222,6413,5374,3370,1
2026-08-23 10:07:23.130242,6315,4751,15,1
2026-08-23 10:07:23.130262,6412,5358,3374,1
2026-08-23 10:07:23.130282,6312,4765,4,1
2026-08-23 10:07:23.130302,6401,5415,3752,1
2026-08-23 10:07:23.130322,6313,4723,11,1
2026-08-23 10:07:23.130342,6413,5405,3730,1
2026-08-23 10:07:23.130362,6313,4752,5,1
2026-08-23 10:07:23.130382,6402,5367,3383,1
2026-08-23 10:07:23.130402,6305,4728,7,1
2026-08-23 10:07:23.130422,6403,5410,3383,1
2026-08-23 10:07:23.130442,6314,4738,23,1
2026-08-23 10:07:23.130462,6403,5389,3365,1
2026-08-23 10:07:23.130482,6314,4738,19,1
2026-08-23 10:07:23.130502,6416,5391,3721,1
2026-08-23 10:07:23.130522,6314,4769,17,1
2026-08-23 10:07:23.130542,6411,5380,3750,1
2026-08-23 10:07:23.130562,6313,4779,28,1
2026-08-23 10:07:23.130582,6407,5368,3389,1
2026-08-23 10:07:23.130602,6316,4742,0,1
2026-08-23 10:07:23.130622,6384,5394,3386,1
2026-08-23 10:07:23.130642,6318,4716,0,1
2026-08-23 10:07:23.130662,6406,5368,3375,1
2026-08-23 10:07:23.130682,6315,4748,10,1
2026-08-23 10:07:23.130702,6412,5427,3744,1
2026-08-23 10:07:23.130722,6312,4747,8,1
2026-08-23 10:07:23.130742,6411,5391,3721,1
2026-08-23 10:07:23.130762,6314,4776,8,1
2026-08-23 10:07:23.130782,6368,5360,3392,1
2026-08-23 10:07:23.130802,6315,4725,4,1
2026-08-23 10:07:23.130822,6397,5362,3375,1
2026-08-23 10:07:23.130842,6314,4727,11,1
2026-08-23 10:07:23.130862,6412,5355,3382,1
2026-08-23 10:07:23.130882,6314,4762,0,1
2026-08-23 10:07:23.130902,6416,5374,3756,1
2026-08-23 10:07:23.130922,6317,4723,18,1
2026-08-23 10:07:23.130942,6380,5392,3734,1
2026-08-23 10:07:23.130962,6311,4730,5,1
2026-08-23 10:07:23.130982,6393,5363,3399,1
2026-08-23 10:07:23.131002,6317,4770,15,1
2026-08-23 10:07:23.131022,6399,5380,3375,1
2026-08-23 10:07:23.131042,6310,4736,8,1
2026-08-23 10:07:23.131062,6404,5366,3363,1
2026-08-23 10:07:23.131082,6312,4780,15,1
2026-08-23 10:07:23.131102,6410,5409,3735,1
2026-08-23 10:07:23.131122,6314,4751,14,1
2026-08-23 10:07:23.131142,6419,5366,3724,1
2026-08-23 10:07:23.131162,6317,4735,10,1
2026-08-23 10:07:23.131182,6409,5387,3366,1
2026-08-23 10:07:23.131202,6322,4729,3,1
2026-08-23 10:07:23.131222,6403,5351,3374,1
2026-08-23 10:07:23.131242,6318,4712,5,1
2026-08-23 10:07:23.131262,6397,5385,3362,1
2026-08-23 10:07:23.131282,6316,4747,7,1
2026-08-23 10:07:23.131302,6418,5389,3747,1
2026-08-23 10:07:23.131322,6304,4728,12,1
2026-08-23 10:07:23.131342,6419,5409,3723,1
2026-08-23 10:07:23.131362,6314,4728,7,1
2026-08-23 10:07:23.131382,6395,5410,3382,1
2026-08-23 10:07:23.131402,6320,4734,18,1
2026-08-23 10:07:23.131422,6408,5366,3380,1
2026-08-23 10:07:23.131442,6314,4760,12,1
2026-08-23 10:07:23.131462,6400,5357,3351,1
2026-08-23 10:07:23.131482,6325,4737,29,1
2026-08-23 10:07:23.131502,6416,5406,3762,1
2026-08-23 10:07:23.131522,6324,4762,27,1
2026-08-23 10:07:23.131542,6409,5379,3724,1
2026-08-23 10:07:23.131562,6323,4726,19,1
2026-08-23 10:07:23.131582,6406,5391,3382,1
2026-08-23 10:07:23.131602,6314,4730,8,1
2026-08-23 10:07:23.131622,6399,5398,3376,1
2026-08-23 10:07:23.131642,6317,4724,11,1
2026-08-23 10:07:23.131662,6405,5362,3365,1
2026-08-23 10:07:23.131682,6321,4770,0,1
2026-08-23 10:07:23.131702,6400,5413,3749,1
2026-08-23 10:07:23.131722,6316,4732,7,1
2026-08-23 10:07:23.131742,6411,5418,3727,1
2026-08-23 10:07:23.131762,6312,4728,17,1
2026-08-23 10:07:23.131782,6402,5398,3389,1
2026-08-23 10:07:23.131802,6313,4764,8,1
2026-08-23 10:07:23.131822,6402,5387,3272,1
2026-08-23 10:07:23.131842,6310,4750,0,1
2026-08-23 10:07:23.131862,6392,5358,3359,1
2026-08-23 10:07:23.131882,6321,4722,14,1
2026-08-23 10:07:23.131902,6410,5389,3739,1
2026-08-23 10:07:23.131922,6313,4733,19,1
2026-08-23 10:07:23.131942,6422,5376,3736,1
2026-08-23 10:07:23.131962,6311,4761,21,1
2026-08-23 10:07:23.131982,6401,5390,3380,1
2026-08-23 10:07:23.132002,6309,4753,9,1
2026-08-23 10:07:23.132022,6405,5367,3357,1
2026-08-23 10:07:23.132042,6301,4730,10,1
2026-08-23 10:07:23.132062,6411,5407,3380,1
2026-08-23 10:07:23.132082,6305,4760,6,1
2026-08-23 10:07:23.132102,6406,5429,3738,1
2026-08-23 10:07:23.132122,6308,4771,27,1
2026-08-23 10:07:23.132142,6342,5389,3719,1
2026-08-23 10:07:23.132162,6318,4762,14,1
2026-08-23 10:07:23.132182,6398,5395,3380,1
2026-08-23 10:07:23.132202,6312,4758,3,1
2026-08-23 10:07:23.132222,6391,5383,3388,1
2026-08-23 10:07:23.132242,6311,4765,11,1
2026-08-23 10:07:23.132262,6407,5351,3368,1
2026-08-23 10:07:23.132282,6313,4774,22,1
2026-08-23 10:07:23.132302,6413,5418,3732,1
2026-08-23 10:07:23.132322,6309,4732,20,1
2026-08-23 10:07:23.132342,6405,5380,3721,1
2026-08-23 10:07:23.132362,6312,4766,3,1
2026-08-23 10:07:23.132382,6397,5404,3379,1
2026-08-23 10:07:23.132402,6319,4740,4,1
2026-08-23 10:07:23.132422,6392,5359,3367,1
2026-08-23 10:07:23.132442,6314,4737,0,1
2026-08-23 10:07:23.132462,6465,5368,3360,1
2026-08-23 10:07:23.132482,6304,4771,16,1
2026-08-23 10:07:23.132502,6412,5404,3742,1
2026-08-23 10:07:23.132522,6315,4770,17,1
2026-08-23 10:07:23.132542,6412,5391,3722,1
2026-08-23 10:07:23.132562,6327,4732,22,1
2026-08-23 10:07:23.132582,6400,5398,3383,1
2026-08-23 10:07:23.132602,6311,4745,8,1
2026-08-23 10:07:23.132622,6398,5395,3404,1
2026-08-23 10:07:23.132642,6312,4761,33,1
2026-08-23 10:07:23.132662,6404,5353,3365,1
2026-08-23 10:07:23.132682,6304,4756,0,1
2026-08-23 10:07:23.132702,6410,5383,3750,1
2026-08-23 10:07:23.132722,6303,4759,13,1
2026-08-23 10:07:23.132742,6415,5413,3722,1
2026-08-23 10:07:23.132762,6313,4748,6,1
2026-08-23 10:07:23.132782,6392,5363,3361,1
2026-08-23 10:07:23.132802,6312,4777,12,1
2026-08-23 10:07:23.132822,6404,5397,3384,1
2026-08-23 10:07:23.132842,6317,4730,23,1
2026-08-23 10:07:23.132862,6409,5362,3362,1
2026-08-23 10:07:23.132882,6301,4774,19,1
2026-08-23 10:07:23.132902,6412,5391,3746,1
2026-08-23 10:07:23.132922,6315,4764,30,1
2026-08-23 10:07:23.132942,6413,5406,3715,1
2026-08-23 10:07:23.132962,6315,4735,39,1
2026-08-23 10:07:23.132982,6404,5402,3382,1
2026-08-23 10:07:23.133002,6312,4738,12,1
2026-08-23 10:07:23.133022,6403,5381,3382,1
2026-08-23 10:07:23.133042,6304,4765,15,1
2026-08-23 10:07:23.133062,6402,5376,3362,1
2026-08-23 10:07:23.133082,6313,4744,22,1
2026-08-23 10:07:23.133102,6400,5381,3733,1
2026-08-23 10:07:23.133122,6315,4737,15,1
2026-08-23 10:07:23.133142,6412,5381,3722,1
2026-08-23 10:07:23.133162,6312,4772,15,1
2026-08-23 10:07:23.133182,6406,5359,3381,1
2026-08-23 10:07:23.133202,6310,4724,17,1
2026-08-23 10:07:23.133222,6395,5391,3379,1
2026-08-23 10:07:23.133242,6312,4732,9,1
2026-08-23 10:07:23.133262,6407,5381,3370,1
2026-08-23 10:07:23.133282,6309,4733,0,1
2026-08-23 10:07:23.133302,6407,5418,3736,1
2026-08-23 10:07:23.133322,6313,4728,9,1
2026-08-23 10:07:23.133342,6410,5355,3717,1
2026-08-23 10:07:23.133362,6316,4755,12,1
2026-08-23 10:07:23.133382,6399,5375,3372,1
2026-08-23 10:07:23.133402,6397,4747,13,1
2026-08-23 10:07:23.133422,6412,5374,3384,1
2026-08-23 10:07:23.133442,6314,4719,4,1
2026-08-23 10:07:23.133462,6395,5386,3364,1
2026-08-23 10:07:23.133482,6314,4734,14,1
2026-08-23 10:07:23.133502,6407,5378,3723,1
2026-08-23 10:07:23.133522,6310,4758,6,1
2026-08-23 10:07:23.133542,6412,5387,3719,1
2026-08-23 10:07:23.133562,6304,4728,2,1
2026-08-23 10:07:23.133582,6395,5369,3380,1
2026-08-23 10:07:23.133602,6306,4793,33,1
2026-08-23 10:07:23.133622,6403,5357,3376,1
2026-08-23 10:07:23.133642,6304,4762,0,1
2026-08-23 10:07:23.133662,6400,5378,3359,1
2026-08-23 10:07:23.133682,6317,4767,7,1
2026-08-23 10:07:23.133702,6416,5389,3755,1
2026-08-23 10:07:23.133722,6323,4765,1,1
2026-08-23 10:07:23.133742,6403,5412,3722,1
2026-08-23 10:07:23.133762,6317,4730,8,1
2026-08-23 10:07:23.133782,6419,5368,3382,1
2026-08-23 10:07:23.133802,6311,4731,8,1
2026-08-23 10:07:23.133822,6410,5374,3356,1
2026-08-23 10:07:23.133842,6310,4715,16,1
2026-08-23 10:07:23.133862,6402,5388,3362,1
2026-08-23 10:07:23.133882,6312,4758,14,1
2026-08-23 10:07:23.133902,6401,5418,3755,1
2026-08-23 10:07:23.133922,6307,4761,16,1
2026-08-23 10:07:23.133942,6409,5370,3724,1
2026-08-23 10:07:23.133962,6307,4759,12,1
2026-08-23 10:07:23.133982,6407,5360,3378,1
2026-08-23 10:07:23.134002,6319,4728,6,1
2026-08-23 10:07:23.134022,6402,5364,3390,1
2026-08-23 10:07:23.134042,6299,4741,23,1
2026-08-23 10:07:23.134062,6392,5372,3363,1
2026-08-23 10:07:23.134082,6324,4770,16,1
2026-08-23 10:07:23.134102,6410,5388,3719,1
2026-08-23 10:07:23.134122,6327,4762,10,1
2026-08-23 10:07:23.134142,6405,5405,3718,1
2026-08-23 10:07:23.134162,6301,4725,2,1
2026-08-23 10:07:23.134182,6409,5366,3375,1
2026-08-23 10:07:23.134202,6303,4756,11,1
2026-08-23 10:07:23.134222,6403,5341,3375,1
2026-08-23 10:07:23.134242,6318,4767,0,1
2026-08-23 10:07:23.134262,6404,5356,3377,1
2026-08-23 10:07:23.134282,6310,4762,6,1
2026-08-23 10:07:23.134302,6409,5371,3735,1
2026-08-23 10:07:23.134322,6314,4725,21,1
2026-08-23 10:07:23.134342,6403,5413,3721,1
2026-08-23 10:07:23.134362,6303,4766,5,1
2026-08-23 10:07:23.134382,6403,5384,3394,1
2026-08-23 10:07:23.134402,6311,4736,0,1
2026-08-23 10:07:23.134422,6401,5395,3383,1
2026-08-23 10:07:23.134442,6313,4729,6,1
2026-08-23 10:07:23.134462,6393,5372,3362,1
2026-08-23 10:07:23.134482,6305,4742,0,1
2026-08-23 10:07:23.134502,6399,5396,3733,1
2026-08-23 10:07:23.134522,6315,4747,13,1
2026-08-23 10:07:23.134542,6409,5398,3719,1
2026-08-23 10:07:23.134562,6316,4747,161,1
2026-08-23 10:07:23.134582,6412,5350,3363,1
2026-08-23 10:07:23.134602,6305,4768,20,1
2026-08-23 10:07:23.134622,6404,5363,3375,1
2026-08-23 10:07:23.134642,6310,4767,8,1
2026-08-23 10:07:23.134662,6402,5362,3366,1
2026-08-23 10:07:23.134682,6322,4757,10,1
2026-08-23 10:07:23.134702,6411,5379,3731,1
2026-08-23 10:07:23.134722,6315,4733,17,1
2026-08-23 10:07:23.134742,6411,5389,3703,1
2026-08-23 10:07:23.134762,6302,4741,11,1
2026-08-23 10:07:23.134782,6398,5408,3378,1
2026-08-23 10:07:23.134802,6315,4739,4,1
2026-08-23 10:07:23.134822,6409,5398,3380,1
2026-08-23 10:07:23.134842,6306,4768,7,1
2026-08-23 10:07:23.134862,6404,5395,3370,1
2026-08-23 10:07:23.134882,6319,4724,3,1
2026-08-23 10:07:23.134902,6413,5384,3740,1
2026-08-23 10:07:23.134922,6313,4732,8,1
2026-08-23 10:07:23.134942,6412,5370,3704,1
2026-08-23 10:07:23.134962,6321,4723,0,1
2026-08-23 10:07:23.134982,6403,5364,3379,1
2026-08-23 10:07:23.135002,6311,4753,8,1
2026-08-23 10:07:23.135022,6413,5396,3379,1
2026-08-23 10:07:23.135042,6311,4732,6,1
2026-08-23 10:07:23.135062,6411,5365,3376,1
2026-08-23 10:07:23.135082,6304,4738,7,1
2026-08-23 10:07:23.135102,6410,5406,3739,1
2026-08-23 10:07:23.135122,6310,4756,17,1
2026-08-23 10:07:23.135142,6404,5419,3731,1
2026-08-23 10:07:23.135162,6313,4721,0,1
2026-08-23 10:07:23.135182,6404,5344,3365,1
2026-08-23 10:07:23.135202,6308,4755,15,1
2026-08-23 10:07:23.135222,6398,5388,3322,1
2026-08-23 10:07:23.135242,6303,4771,55,1
2026-08-23 10:07:23.135262,6407,5382,3348,1
2026-08-23 10:07:23.135282,6304,4754,15,1
2026-08-23 10:07:23.135302,6413,5404,3729,1
2026-08-23 10:07:23.135322,6307,4760,11,1
2026-08-23 10:07:23.135342,6412,5413,3723,1
2026-08-23 10:07:23.135362,6312,4740,13,1
2026-08-23 10:07:23.135382,6401,5387,3378,1
2026-08-23 10:07:23.135402,6305,4737,15,1
2026-08-23 10:07:23.135422,6399,5403,3373,1
2026-08-23 10:07:23.135442,6309,4741,1,1
2026-08-23 10:07:23.135462,6404,5397,3367,1
2026-08-23 10:07:23.135482,6315,4774,5,1
2026-08-23 10:07:23.135502,6408,5418,3748,1
2026-08-23 10:07:23.135522,6314,4726,8,1
2026-08-23 10:07:23.135542,6415,5372,3714,1
2026-08-23 10:07:23.135562,6299,4727,8,1
2026-08-23 10:07:23.135582,6403,5396,3354,1
2026-08-23 10:07:23.135602,6322,4761,11,1
2026-08-23 10:07:23.135622,6399,5388,3376,1
2026-08-23 10:07:23.135642,6316,4725,0,1
2026-08-23 10:07:23.135662,6410,5393,3350,1
2026-08-23 10:07:23.135682,6340,4730,8,1
2026-08-23 10:07:23.135702,6412,5413,3769,1
2026-08-23 10:07:23.135722,6307,4754,7,1
2026-08-23 10:07:23.135742,6402,5399,3725,1
2026-08-23 10:07:23.135762,6306,4746,6,1
2026-08-23 10:07:23.135782,6402,5357,3377,1
2026-08-23 10:07:23.135802,6307,4759,4,1
2026-08-23 10:07:23.135822,6398,5389,3380,1
2026-08-23 10:07:23.135842,6317,4742,2,1
2026-08-23 10:07:23.135862,6393,5359,3357,1
2026-08-23 10:07:23.135882,6360,4767,6,1
2026-08-23 10:07:23.135902,6412,5426,3730,1
2026-08-23 10:07:23.135922,6308,4730,4,1
2026-08-23 10:07:23.135942,6409,5410,3719,1
2026-08-23 10:07:23.135962,6306,4748,5,1
2026-08-23 10:07:23.135982,6413,5376,3378,1
2026-08-23 10:07:23.136002,6317,4763,14,1
2026-08-23 10:07:23.136022,6390,5370,3378,1
2026-08-23 10:07:23.136042,6323,4740,10,1
2026-08-23 10:07:23.136062,6409,5369,3359,1
2026-08-23 10:07:23.136082,6315,4741,14,1
2026-08-23 10:07:23.136102,6409,5402,3738,1
2026-08-23 10:07:23.136122,6310,4729,13,1
2026-08-23 10:07:23.136142,6406,5413,3717,1
2026-08-23 10:07:23.136162,6316,4732,22,1
2026-08-23 10:07:23.136182,6403,5358,3385,1
2026-08-23 10:07:23.136202,6310,4768,3,1
2026-08-23 10:07:23.136222,6400,5348,3370,1
2026-08-23 10:07:23.136242,6315,4738,0,1
2026-08-23 10:07:23.136262,6398,5368,3366,1
2026-08-23 10:07:23.136282,6310,4761,0,1
2026-08-23 10:07:23.136302,6406,5413,3741,1
2026-08-23 10:07:23.136322,6306,4760,22,1
2026-08-23 10:07:23.136342,6401,5409,3714,1
2026-08-23 10:07:23.136362,6313,4756,11,1
2026-08-23 10:07:23.136382,6394,5390,3423,1
2026-08-23 10:07:23.136402,6304,4728,3,1
2026-08-23 10:07:23.136422,6395,5391,3369,1
2026-08-23 10:07:23.136442,6310,4735,3,1
2026-08-23 10:07:23.136462,6400,5370,3374,1
2026-08-23 10:07:23.136482,6313,4770,11,1
2026-08-23 10:07:23.136502,6408,5430,3734,1
2026-08-23 10:07:23.136522,6309,4781,0,1
2026-08-23 10:07:23.136542,6406,5414,3728,1
2026-08-23 10:07:23.136562,6313,4733,8,1
2026-08-23 10:07:23.136582,6405,5396,3377,1
2026-08-23 10:07:23.136602,6310,4732,8,1
2026-08-23 10:07:23.136622,6396,5371,3376,1
2026-08-23 10:07:23.136642,6310,4774,18,1
2026-08-23 10:07:23.136662,6397,5400,3378,1
2026-08-23 10:07:23.136682,6313,4744,30,1
2026-08-23 10:07:23.136702,6416,5370,3722,1
2026-08-23 10:07:23.136722,6302,4736,7,1
2026-08-23 10:07:23.136742,6546,5399,3715,1
2026-08-23 10:07:23.136762,6314,4739,7,1
2026-08-23 10:07:23.136782,6398,5390,3377,1
2026-08-23 10:07:23.136802,6316,4758,0,1
2026-08-23 10:07:23.136822,6395,5380,3381,1
2026-08-23 10:07:23.136842,6094,4733,18,1
2026-08-23 10:07:23.136862,6401,5369,3370,1
2026-08-23 10:07:23.136882,6252,4755,14,1
2026-08-23 10:07:23.136902,6410,5396,3734,1
2026-08-23 10:07:23.136922,6310,4760,22,1
2026-08-23 10:07:23.136942,6396,5400,3718,1
2026-08-23 10:07:23.136962,6310,4771,15,1
2026-08-23 10:07:23.136982,6397,5396,3381,1
2026-08-23 10:07:23.137002,6314,4736,14,1
2026-08-23 10:07:23.137022,6396,5347,3370,1
2026-08-23 10:07:23.137042,6304,4771,7,1
2026-08-23 10:07:23.137062,6406,5398,3369,1
2026-08-23 10:07:23.137082,6307,4769,11,1
2026-08-23 10:07:23.137102,6413,5384,3747,1
2026-08-23 10:07:23.137122,6306,4765,18,1
2026-08-23 10:07:23.137142,6412,5392,3728,1
2026-08-23 10:07:23.137162,6316,4728,11,1
2026-08-23 10:07:23.137182,6401,5354,3365,1
2026-08-23 10:07:23.137202,6314,4731,1,1
2026-08-23 10:07:23.137222,6392,5366,3369,1
2026-08-23 10:07:23.137242,6313,4765,10,1
2026-08-23 10:07:23.137262,6392,5358,3360,1
2026-08-23 10:07:23.137282,6304,4762,7,1
2026-08-23 10:07:23.137302,6424,5373,3731,1
2026-08-23 10:07:23.137322,6307,4749,8,1
2026-08-23 10:07:23.137342,6399,5392,3726,1
2026-08-23 10:07:23.137362,6313,4748,5,1
2026-08-23 10:07:23.137382,6397,5395,3385,1
2026-08-23 10:07:23.137402,6283,4749,6,1
2026-08-23 10:07:23.137422,6408,5360,3371,1
2026-08-23 10:07:23.137442,6313,4742,4,1
2026-08-23 10:07:23.137462,6403,5392,3366,1
2026-08-23 10:07:23.137482,6310,4722,12,1
2026-08-23 10:07:23.137502,6410,5413,3760,1
2026-08-23 10:07:23.137522,6306,4751,0,1
2026-08-23 10:07:23.137542,6424,5370,3712,1
2026-08-23 10:07:23.137562,6297,4760,7,1
2026-08-23 10:07:23.137582,6392,5385,3385,1
2026-08-23 10:07:23.137602,6308,4758,8,1
2026-08-23 10:07:23.137622,6396,5401,3372,1
2026-08-23 10:07:23.137642,6302,4743,379,1
2026-08-23 10:07:23.137662,6403,5390,3369,1
2026-08-23 10:07:23.137682,6314,4768,8,1
2026-08-23 10:07:23.137702,6408,5408,3750,1
2026-08-23 10:07:23.137722,6303,4752,0,1
2026-08-23 10:07:23.137742,6408,5370,3729,1
2026-08-23 10:07:23.137762,6314,4728,11,1
2026-08-23 10:07:23.137782,6392,5352,3359,1
2026-08-23 10:07:23.137802,6299,4728,16,1
2026-08-23 10:07:23.137822,6402,5362,3363,1
2026-08-23 10:07:23.137842,6313,4760,7,1
2026-08-23 10:07:23.137862,6390,5368,3380,1
2026-08-23 10:07:23.137882,6308,4771,11,1
2026-08-23 10:07:23.137902,6403,5409,3737,1
2026-08-23 10:07:23.137922,6308,4750,7,1
2026-08-23 10:07:23.137942,6400,5380,3716,1
2026-08-23 10:07:23.137962,6314,4775,10,1
2026-08-23 10:07:23.137982,6401,5398,3391,1
2026-08-23 10:07:23.138002,6306,4765,3,1
2026-08-23 10:07:23.138022,6394,5390,3377,1
2026-08-23 10:07:23.138042,6301,4726,17,1
2026-08-23 10:07:23.138062,6397,5376,3364,1
2026-08-23 10:07:23.138082,6305,4730,1,1
2026-08-23 10:07:23.138102,6411,5422,3820,1
2026-08-23 10:07:23.138122,6306,4745,8,1
2026-08-23 10:07:23.138142,6408,5380,3709,1
2026-08-23 10:07:23.138162,6317,4759,10,1
2026-08-23 10:07:23.138182,6410,5368,3382,1
2026-08-23 10:07:23.138202,6311,4753,9,1
2026-08-23 10:07:23.138222,6403,5359,3357,1
2026-08-23 10:07:23.138242,6303,4744,14,1
2026-08-23 10:07:23.138262,6406,5397,3367,1
2026-08-23 10:07:23.138282,6308,4738,5,1
2026-08-23 10:07:23.138302,6397,5432,3735,1
2026-08-23 10:07:23.138322,6301,4733,4,1
2026-08-23 10:07:23.138342,6405,5383,3714,1
2026-08-23 10:07:23.138362,6311,4761,13,1
2026-08-23 10:07:23.138382,6400,5361,3373,1
2026-08-23 10:07:23.138402,6302,4736,27,1
2026-08-23 10:07:23.138422,6395,5355,3374,1
2026-08-23 10:07:23.138442,6322,4761,11,1
2026-08-23 10:07:23.138462,6411,5389,3362,1
2026-08-23 10:07:23.138482,6312,4742,15,1
2026-08-23 10:07:23.138502,6412,5414,3731,1
2026-08-23 10:07:23.138522,6316,4719,9,1
2026-08-23 10:07:23.138542,6407,5373,3720,1
2026-08-23 10:07:23.138562,6298,4749,20,1
2026-08-23 10:07:23.138582,6399,5382,3380,1
2026-08-23 10:07:23.138602,6311,4764,14,1
2026-08-23 10:07:23.138622,6400,5390,3392,1
2026-08-23 10:07:23.138642,6310,4761,17,1
2026-08-23 10:07:23.138662,6407,5358,3363,1
2026-08-23 10:07:23.138682,6314,4726,18,1
2026-08-23 10:07:23.138702,6408,5390,3738,1
2026-08-23 10:07:23.138722,6301,4764,4,1
2026-08-23 10:07:23.138742,6398,5410,3735,1
2026-08-23 10:07:23.138762,6302,4755,26,1
2026-08-23 10:07:23.138782,6400,5354,3382,1
2026-08-23 10:07:23.138802,6308,4725,8,1
2026-08-23 10:07:23.138822,6402,5366,3368,1
2026-08-23 10:07:23.138842,6309,4761,18,1
2026-08-23 10:07:23.138862,6402,5356,3368,1
2026-08-23 10:07:23.138882,6314,4735,7,1
2026-08-23 10:07:23.138902,6406,5415,3734,1
2026-08-23 10:07:23.138922,6318,4738,13,1
2026-08-23 10:07:23.138942,6410,5388,3714,1
2026-08-23 10:07:23.138962,6316,4756,22,1
2026-08-23 10:07:23.138982,6402,5351,3379,1
2026-08-23 10:07:23.139002,6312,4772,16,1
2026-08-23 10:07:23.139022,6407,5370,3352,1
2026-08-23 10:07:23.139042,6319,4783,18,1
2026-08-23 10:07:23.139062,6403,5411,3362,1
2026-08-23 10:07:23.139082,6281,4732,11,1
2026-08-23 10:07:23.139102,6399,5424,3744,1
2026-08-23 10:07:23.139122,6313,4732,14,1
2026-08-23 10:07:23.139142,6395,5383,3716,1
2026-08-23 10:07:23.139162,6315,4737,8,1
2026-08-23 10:07:23.139182,6400,5364,3397,1
2026-08-23 10:07:23.139202,6312,4756,11,1
2026-08-23 10:07:23.139222,6394,5395,3375,1
2026-08-23 10:07:23.139242,6297,4766,21,1
2026-08-23 10:07:23.139262,6402,5363,3370,1
2026-08-23 10:07:23.139282,6313,4739,13,1
2026-08-23 10:07:23.139302,6418,5407,3729,1
2026-08-23 10:07:23.139322,6311,4729,0,1
2026-08-23 10:07:23.139342,6406,5411,3716,1
2026-08-23 10:07:23.139362,6313,4738,22,1
2026-08-23 10:07:23.139382,6398,5402,3363,1
2026-08-23 10:07:23.139402,6304,4768,13,1
2026-08-23 10:07:23.139422,6393,5381,3372,1
2026-08-23 10:07:23.139442,6313,4737,7,1
2026-08-23 10:07:23.139462,6389,5415,3369,1
2026-08-23 10:07:23.139482,6298,4752,13,1
2026-08-23 10:07:23.139502,6401,5379,3732,1
2026-08-23 10:07:23.139522,6308,4751,11,1
2026-08-23 10:07:23.139542,6409,5375,3715,1
2026-08-23 10:07:23.139562,6312,4739,0,1
2026-08-23 10:07:23.139582,6404,5354,3377,1
2026-08-23 10:07:23.139602,6310,4763,6,1
2026-08-23 10:07:23.139622,6392,5351,3381,1
2026-08-23 10:07:23.139642,6321,4721,30,1
2026-08-23 10:07:23.904126,6402,5354,3354,1
2026-08-23 10:07:23.904145,6319,4762,5,1
2026-08-23 10:07:23.904166,6411,5372,3736,1
2026-08-23 10:07:23.904186,6316,4769,16,1
2026-08-23 10:07:23.904206,6408,5401,3713,1
2026-08-23 10:07:23.904226,6311,4725,12,1
2026-08-23 10:07:23.904246,6400,5360,3375,1
2026-08-23 10:07:23.904266,6310,4766,13,1
2026-08-23 10:07:23.904286,6411,5359,3377,1
2026-08-23 10:07:23.904306,6303,4774,9,1
2026-08-23 10:07:23.904325,6400,5414,3365,1
2026-08-23 10:07:23.904346,6301,4775,13,1
2026-08-23 10:07:23.904366,6398,5384,3738,1
2026-08-23 10:07:23.904386,6312,4734,8,1
2026-08-23 10:07:23.904406,6407,5390,3721,1
2026-08-23 10:07:23.904426,6308,4752,4,1
2026-08-23 10:07:23.904446,6402,5366,3376,1
2026-08-23 10:07:23.904466,6315,4770,61,1
2026-08-23 10:07:23.904485,6398,5400,3371,1
2026-08-23 10:07:23.904505,6304,4759,5,1
2026-08-23 10:07:23.904526,6408,5362,3363,1
2026-08-23 10:07:23.904546,6315,4735,14,1
2026-08-23 10:07:23.904566,6407,5386,3703,1
2026-08-23 10:07:23.904586,6321,4766,14,1
2026-08-23 10:07:23.904606,6403,5420,3714,1
2026-08-23 10:07:23.904626,6299,4764,0,1
2026-08-23 10:07:23.904646,6394,5360,3378,1
2026-08-23 10:07:23.904665,6316,4735,23,1
2026-08-23 10:07:23.904685,6403,5383,3365,1
2026-08-23 10:07:23.904706,6313,4729,0,1
2026-08-23 10:07:23.904726,6389,5398,3369,1
2026-08-23 10:07:23.904746,6304,4760,6,1
2026-08-23 10:07:23.904766,6404,5396,3734,1
2026-08-23 10:07:23.904786,6315,4736,8,1
2026-08-23 10:07:23.904806,6415,5386,3718,1
2026-08-23 10:07:23.904826,6308,4762,7,1
2026-08-23 10:07:23.904845,6403,5366,3370,1
2026-08-23 10:07:23.904866,6314,4757,4,1
2026-08-23 10:07:23.904886,6391,5394,3379,1
2026-08-23 10:07:23.904906,6309,4756,10,1
2026-08-23 10:07:23.904926,6401,5395,3369,1
2026-08-23 10:07:23.904946,6309,4727,5,1
2026-08-23 10:07:23.904966,6407,5390,3733,1
2026-08-23 10:07:23.904986,6307,4725,8,1
2026-08-23 10:07:23.905006,6409,5414,3727,1
2026-08-23 10:07:23.905025,6312,4772,5,1
2026-08-23 10:07:23.905046,6402,5356,3379,1
2026-08-23 10:07:23.905066,6313,4720,0,1
2026-08-23 10:07:23.905086,6404,5390,3370,1
2026-08-23 10:07:23.905106,6299,4726,8,1
2026-08-23 10:07:23.905126,6403,5350,3364,1
2026-08-23 10:07:23.905146,6295,4734,5,1
2026-08-23 10:07:23.905166,6447,5384,3727,1
2026-08-23 10:07:23.905186,6317,4727,5,1
2026-08-23 10:07:23.905205,6403,5412,3742,1
2026-08-23 10:07:23.905226,6301,4734,4,1
2026-08-23 10:07:23.905246,6403,5360,3370,1
2026-08-23 10:07:23.905266,6314,4728,13,1
2026-08-23 10:07:23.905286,6400,5392,3392,1
2026-08-23 10:07:23.905306,6297,4737,8,1
2026-08-23 10:07:23.905326,6407,5379,3207,1
2026-08-23 10:07:23.905346,6305,4764,5,1
2026-08-23 10:07:23.905365,6403,5380,3734,1
2026-08-23 10:07:23.905385,6390,4727,8,1
2026-08-23 10:07:23.905406,6409,5382,3722,1
2026-08-23 10:07:23.905426,6312,4761,10,1
2026-08-23 10:07:23.905446,6399,5387,3382,1
2026-08-23 10:07:23.905466,6317,4723,0,1
2026-08-23 10:07:23.905486,6412,5382,3378,1
2026-08-23 10:07:23.905506,6306,4725,17,1
2026-08-23 10:07:23.905526,6394,5378,3365,1
2026-08-23 10:07:23.905545,6311,4761,8,1
2026-08-23 10:07:23.905566,6407,5409,3661,1
2026-08-23 10:07:23.905586,6315,4722,15,1
2026-08-23 10:07:23.905606,6406,5422,3728,1
2026-08-23 10:07:23.905626,6310,4749,18,1
2026-08-23 10:07:23.905646,6401,5360,3352,1
2026-08-23 10:07:23.905666,6313,4726,21,1
2026-08-23 10:07:23.905686,6398,5373,3368,1
2026-08-23 10:07:23.905706,6313,4734,0,1
2026-08-23 10:07:23.905725,6404,5380,3355,1
2026-08-23 10:07:23.905746,6314,4726,1,1
2026-08-23 10:07:23.905766,6398,5400,3741,1
2026-08-23 10:07:23.905786,6307,4760,9,1
2026-08-23 10:07:23.905806,6395,5395,3724,1
2026-08-23 10:07:23.905826,6312,4736,27,1
2026-08-23 10:07:23.905846,6401,5393,3375,1
2026-08-23 10:07:23.905866,6310,4727,10,1
2026-08-23 10:07:23.905886,6404,5370,3377,1
2026-08-23 10:07:23.905905,6315,4743,13,1
2026-08-23 10:07:23.905926,6391,5385,3370,1
2026-08-23 10:07:23.905946,6307,4768,0,1
2026-08-23 10:07:23.905966,6413,5386,3737,1
2026-08-23 10:07:23.905986,6310,4754,7,1
2026-08-23 10:07:23.906006,6405,5407,3715,1
2026-08-23 10:07:23.906026,6312,4761,14,1
2026-08-23 10:07:23.906046,6402,5377,3378,1
2026-08-23 10:07:23.906065,6303,4770,21,1
2026-08-23 10:07:23.906085,6407,5354,3360,1
2026-08-23 10:07:23.906106,6314,4731,5,1
2026-08-23 10:07:23.906126,6397,5390,3369,1
2026-08-23 10:07:23.906146,6312,4735,11,1
2026-08-23 10:07:23.906166,6406,5419,3732,1
2026-08-23 10:07:23.906186,6313,4730,1,1
2026-08-23 10:07:23.906206,6415,5382,3699,1
2026-08-23 10:07:23.906226,6314,4738,11,1
2026-08-23 10:07:23.906245,6399,5370,3381,1
2026-08-23 10:07:23.906265,6255,4755,13,1
2026-08-23 10:07:23.906286,6399,5391,3368,1
2026-08-23 10:07:23.906306,6280,4773,4,1
2026-08-23 10:07:23.906326,6397,5391,3374,1
2026-08-23 10:07:23.906346,6312,4732,5,1
2026-08-23 10:07:23.906366,6420,5415,3731,1
2026-08-23 10:07:23.906386,6307,4752,2,1
2026-08-23 10:07:23.906406,6406,5372,3519,1
2026-08-23 10:07:23.906425,6310,4733,14,1
2026-08-23 10:07:23.906446,6396,5398,3380,1
2026-08-23 10:07:23.906466,6308,4766,11,1
2026-08-23 10:07:23.906486,6405,5388,3368,1
2026-08-23 10:07:23.906506,6314,4731,7,1
2026-08-23 10:07:23.906526,6401,5389,3365,1
2026-08-23 10:07:23.906546,6307,4740,18,1
2026-08-23 10:07:23.906566,6402,5391,3731,1
2026-08-23 10:07:23.906586,6315,4730,0,1
2026-08-23 10:07:23.906605,6404,5382,3707,1
2026-08-23 10:07:23.906626,6306,4742,10,1
2026-08-23 10:07:23.906646,6401,5374,3362,1
2026-08-23 10:07:23.906666,6297,4742,21,1
2026-08-23 10:07:23.906686,6398,5379,3375,1
2026-08-23 10:07:23.906706,6312,4746,4,1
2026-08-23 10:07:23.906726,6386,5398,3365,1
2026-08-23 10:07:23.906746,6310,4780,10,1
2026-08-23 10:07:23.906766,6409,5384,3725,1
2026-08-23 10:07:23.906785,6295,4732,2,1
2026-08-23 10:07:23.906806,6412,5415,3720,1
2026-08-23 10:07:23.906826,6296,4722,0,1
2026-08-23 10:07:23.906846,6405,5390,3387,1
2026-08-23 10:07:23.906866,6297,4753,14,1
2026-08-23 10:07:23.906886,6397,5382,3363,1
2026-08-23 10:07:23.906906,6310,4725,12,1
2026-08-23 10:07:23.906926,6404,5364,3367,1
2026-08-23 10:07:23.906945,6312,4733,24,1
2026-08-23 10:07:23.906965,6418,5401,3729,1
2026-08-23 10:07:23.906986,6309,4728,8,1
2026-08-23 10:07:23.907006,6414,5384,3715,1
2026-08-23 10:07:23.907026,6298,4763,28,1
2026-08-23 10:07:23.907046,6407,5354,3387,1
2026-08-23 10:07:23.907066,6307,4724,23,1
2026-08-23 10:07:23.907086,6409,5359,3387,1
2026-08-23 10:07:23.907106,6310,4726,16,1
2026-08-23 10:07:23.907125,6395,5363,3369,1
2026-08-23 10:07:23.907146,6313,4741,14,1
2026-08-23 10:07:23.907166,6398,5398,3748,1
2026-08-23 10:07:23.907186,6353,4767,18,1
2026-08-23 10:07:23.907206,6402,5407,3712,1
2026-08-23 10:07:23.907226,6308,4752,6,1
2026-08-23 10:07:23.907246,6393,5382,3377,1
2026-08-23 10:07:23.907266,6314,4727,11,1
2026-08-23 10:07:23.907286,6399,5338,3364,1
2026-08-23 10:07:23.907305,6311,4756,12,1
2026-08-23 10:07:23.907326,6399,5369,3362,1
2026-08-23 10:07:23.907346,6317,4762,15,1
2026-08-23 10:07:23.907366,6402,5406,3738,1
2026-08-23 10:07:23.907386,6305,4754,16,1
2026-08-23 10:07:23.907406,6402,5369,3455,1
2026-08-23 10:07:23.907426,6302,4767,8,1
2026-08-23 10:07:23.907446,6406,5355,3386,1
2026-08-23 10:07:23.907466,6304,4727,16,1
2026-08-23 10:07:23.907485,6402,5358,3388,1
2026-08-23 10:07:23.907506,6304,4732,0,1
2026-08-23 10:07:23.907526,6393,5397,3369,1
2026-08-23 10:07:23.907546,6300,4734,5,1
2026-08-23 10:07:23.907566,6414,5394,3725,1
2026-08-23 10:07:23.907586,6318,4727,10,1
2026-08-23 10:07:23.907606,6410,5400,3703,1
2026-08-23 10:07:23.907626,6304,4758,4,1
2026-08-23 10:07:23.907645,6396,5389,3381,1
2026-08-23 10:07:23.907665,6302,4760,19,1
2026-08-23 10:07:23.907686,6409,5372,3371,1
2026-08-23 10:07:23.907706,6308,4761,5,1
2026-08-23 10:07:23.907726,6402,5365,3362,1
2026-08-23 10:07:23.907746,6309,4772,11,1
2026-08-23 10:07:23.907766,6395,5397,3735,1
2026-08-23 10:07:23.907786,6301,4761,14,1
2026-08-23 10:07:23.907806,6402,5405,3721,1
2026-08-23 10:07:23.907825,6314,4726,13,1
2026-08-23 10:07:23.907845,6397,5376,3388,1
2026-08-23 10:07:23.907866,6307,4729,9,1
2026-08-23 10:07:23.907886,6393,5374,3369,1
2026-08-23 10:07:23.907906,6308,4725,4,1
2026-08-23 10:07:23.907926,6404,5350,3350,1
2026-08-23 10:07:23.907946,6302,4758,0,1
2026-08-23 10:07:23.907966,6395,5410,3728,1
2026-08-23 10:07:23.907986,6303,4753,16,1
2026-08-23 10:07:23.908005,6409,5369,3720,1
2026-08-23 10:07:23.908026,6319,4702,13,1
2026-08-23 10:07:23.908046,6393,5353,3380,1
2026-08-23 10:07:23.908066,6308,4725,11,1
2026-08-23 10:07:23.908086,6401,5382,3383,1
2026-08-23 10:07:23.908106,6310,4761,11,1
2026-08-23 10:07:23.908126,6396,5354,3368,1
2026-08-23 10:07:23.908146,6245,4734,14,1
2026-08-23 10:07:23.908166,6407,5411,3745,1
2026-08-23 10:07:23.908185,6308,4748,2,1
2026-08-23 10:07:23.908206,6408,5372,3699,1
2026-08-23 10:07:23.908226,6311,4765,27,1
2026-08-23 10:07:23.908246,6399,5379,3375,1
2026-08-23 10:07:23.908266,6310,4724,8,1
2026-08-23 10:07:23.908286,6393,5357,3373,1
2026-08-23 10:07:23.908306,6309,4772,18,1
2026-08-23 10:07:23.908326,6396,5366,3366,1
2026-08-23 10:07:23.908346,6315,4771,27,1
2026-08-23 10:07:23.908365,6415,5397,3737,1
2026-08-23 10:07:23.908386,6308,4749,7,1
2026-08-23 10:07:23.908406,6404,5380,3715,1
2026-08-23 10:07:23.908426,6315,4738,13,1
2026-08-23 10:07:23.908446,6394,5389,3369,1
2026-08-23 10:07:23.908466,6313,4755,12,1
2026-08-23 10:07:23.908486,6401,5358,3357,1
2026-08-23 10:07:23.908506,6304,4737,0,1
2026-08-23 10:07:23.908525,6398,5359,3359,1
2026-08-23 10:07:23.908545,6301,4771,8,1
2026-08-23 10:07:23.908566,6400,5433,3735,1
2026-08-23 10:07:23.908586,6303,4763,7,1
2026-08-23 10:07:23.908606,6459,5420,3723,1
2026-08-23 10:07:23.908626,6310,4744,8,1
2026-08-23 10:07:23.908646,6404,5389,3366,1
2026-08-23 10:07:23.908666,6314,4722,0,1
2026-08-23 10:07:23.908686,6396,5390,3376,1
2026-08-23 10:07:23.908705,6308,4768,4,1
2026-08-23 10:07:23.908726,6397,5399,3369,1
2026-08-23 10:07:23.908746,6309,4744,19,1
2026-08-23 10:07:23.908766,6405,5422,3732,1
2026-08-23 10:07:23.908786,6314,4726,11,1
2026-08-23 10:07:23.908806,6393,5380,3714,1
2026-08-23 10:07:23.908826,6304,4758,23,1
2026-08-23 10:07:23.908846,6403,5350,3390,1
2026-08-23 10:07:23.908866,6305,4753,22,1
2026-08-23 10:07:23.908885,6410,5352,3371,1
2026-08-23 10:07:23.908906,6311,4727,0,1
2026-08-23 10:07:23.908926,6392,5382,3361,1
2026-08-23 10:07:23.908946,6312,4727,19,1
2026-08-23 10:07:23.908966,6402,5379,3729,1
2026-08-23 10:07:23.908986,6306,4770,3,1
2026-08-23 10:07:23.909006,6400,5413,3742,1
2026-08-23 10:07:23.909026,6311,4750,32,1
2026-08-23 10:07:23.909046,6400,5360,3380,1
2026-08-23 10:07:23.909065,6304,4728,8,1
2026-08-23 10:07:23.909086,6399,5359,3367,1
2026-08-23 10:07:23.909106,6300,4755,10,1
2026-08-23 10:07:23.909126,6388,5395,3380,1
2026-08-23 10:07:23.909146,6313,4743,9,1
2026-08-23 10:07:23.909166,6405,5379,3747,1
2026-08-23 10:07:23.909186,6309,4725,2,1
2026-08-23 10:07:23.909206,6399,5369,3721,1
2026-08-23 10:07:23.909225,6305,4726,10,1
2026-08-23 10:07:23.909245,6398,5361,3377,1
2026-08-23 10:07:23.909266,6303,4758,11,1
2026-08-23 10:07:23.909286,6380,5342,3370,1
2026-08-23 10:07:23.909306,6312,4727,21,1
2026-08-23 10:07:23.909326,6391,5363,3359,1
2026-08-23 10:07:23.909346,6313,4728,13,1
2026-08-23 10:07:23.909366,6407,5379,3726,1
2026-08-23 10:07:23.909386,6301,4724,6,1
2026-08-23 10:07:23.909405,6405,5391,3728,1
2026-08-23 10:07:23.909425,6311,4739,10,1
2026-08-23 10:07:23.909446,6396,5351,3380,1
2026-08-23 10:07:23.909466,6304,4725,2,1
2026-08-23 10:07:23.909486,6395,5361,3359,1
2026-08-23 10:07:23.909506,6301,4762,10,1
2026-08-23 10:07:23.909526,6397,5384,3364,1
2026-08-23 10:07:23.909546,6309,4737,9,1
2026-08-23 10:07:23.909566,6397,5386,3714,1
2026-08-23 10:07:23.909585,6327,4767,15,1
2026-08-23 10:07:23.909606,6408,5377,3717,1
2026-08-23 10:07:23.909626,6307,4769,10,1
2026-08-23 10:07:23.909646,6400,5366,3377,1
2026-08-23 10:07:23.909666,6306,4741,16,1
2026-08-23 10:07:23.909686,6395,5363,3362,1
2026-08-23 10:07:23.909706,6314,4737,10,1
2026-08-23 10:07:23.909726,6402,5393,3366,1
2026-08-23 10:07:23.909746,6310,4770,33,1
2026-08-23 10:07:23.909765,6412,5401,3727,1
2026-08-23 10:07:23.909786,6308,4754,11,1
2026-08-23 10:07:23.909806,6407,5411,3722,1
2026-08-23 10:07:23.909826,6304,4780,7,1
2026-08-23 10:07:23.909846,6399,5368,3275,1
2026-08-23 10:07:23.909866,6309,4740,0,1
2026-08-23 10:07:23.909886,6397,5363,3380,1
2026-08-23 10:07:23.909906,6295,4738,0,1
2026-08-23 10:07:23.909926,6398,5366,3362,1
2026-08-23 10:07:23.909945,6306,4773,0,1
2026-08-23 10:07:23.909966,6406,5372,3736,1
2026-08-23 10:07:23.909986,6309,4734,20,1
2026-08-23 10:07:23.910006,6407,5386,3718,1
2026-08-23 10:07:23.910026,6311,4764,0,1
2026-08-23 10:07:23.910046,6401,5363,3382,1
2026-08-23 10:07:23.910066,6302,4756,6,1
2026-08-23 10:07:23.910086,6402,5354,3400,1
2026-08-23 10:07:23.910105,6306,4743,4,1
2026-08-23 10:07:23.910125,6397,5376,3507,1
2026-08-23 10:07:23.910146,6308,4732,12,1
2026-08-23 10:07:23.910166,6407,5450,3730,1
2026-08-23 10:07:23.910186,6304,4762,0,1
2026-08-23 10:07:23.910206,6403,5403,3727,1
2026-08-23 10:07:23.910226,6307,4738,5,1
2026-08-23 10:07:23.910246,6395,5387,3379,1
2026-08-23 10:07:23.910266,6297,4741,0,1
2026-08-23 10:07:23.910285,6392,5356,3377,1
2026-08-23 10:07:23.910306,6303,4759,36,1
2026-08-23 10:07:23.910326,6407,5353,3353,1
2026-08-23 10:07:23.910346,6299,4734,23,1
2026-08-23 10:07:23.910366,6405,5396,3743,1
2026-08-23 10:07:23.910386,6314,4725,6,1
2026-08-23 10:07:23.910406,6398,5411,3717,1
2026-08-23 10:07:23.910426,6313,4763,14,1
2026-08-23 10:07:23.910446,6394,5389,3381,1
2026-08-23 10:07:23.910465,6306,4726,5,1
2026-08-23 10:07:23.910486,6398,5353,3378,1
2026-08-23 10:07:23.910506,6310,4731,15,1
2026-08-23 10:07:23.910526,6396,5364,3358,1
2026-08-23 10:07:23.910546,6303,4777,12,1
2026-08-23 10:07:23.910566,6402,5397,3736,1
2026-08-23 10:07:23.910586,6309,4731,2,1
2026-08-23 10:07:23.910606,6404,5378,3729,1
2026-08-23 10:07:23.910626,6317,4759,5,1
2026-08-23 10:07:23.910645,6396,5355,3372,1
2026-08-23 10:07:23.910666,6299,4736,14,1
2026-08-23 10:07:23.910686,6398,5372,3361,1
2026-08-23 10:07:23.910706,6304,4762,7,1
2026-08-23 10:07:23.910726,6397,5364,3352,1
2026-08-23 10:07:23.910746,6313,4719,14,1
2026-08-23 10:07:23.910766,6415,5381,3738,1
2026-08-23 10:07:23.910786,6303,4726,6,1
2026-08-23 10:07:23.910805,6404,5424,3673,1
2026-08-23 10:07:23.910825,6292,4756,9,1
2026-08-23 10:07:23.910846,6396,5378,3375,1
2026-08-23 10:07:23.910866,6351,4725,15,1
2026-08-23 10:07:23.910886,6395,5388,3378,1
2026-08-23 10:07:23.910906,6309,4724,11,1
2026-08-23 10:07:23.910926,6393,5370,3357,1
2026-08-23 10:07:23.910946,6096,4765,8,1
2026-08-23 10:07:23.910966,6403,5391,3734,1
2026-08-23 10:07:23.910985,6308,4738,0,1
2026-08-23 10:07:23.911005,6402,5415,3715,1
2026-08-23 10:07:23.911026,6285,4731,0,1
2026-08-23 10:07:23.911046,6403,5398,3376,1
2026-08-23 10:07:23.911066,6309,4761,11,1
2026-08-23 10:07:23.911086,6387,5371,3371,1
2026-08-23 10:07:23.911106,6313,4739,15,1
2026-08-23 10:07:23.911126,6401,5366,3358,1
2026-08-23 10:07:23.911146,6302,4774,15,1
2026-08-23 10:07:23.911165,6405,5413,3748,1
2026-08-23 10:07:23.911186,6304,4760,8,1
2026-08-23 10:07:23.911206,6404,5412,3717,1
2026-08-23 10:07:23.911226,6305,4761,11,1
2026-08-23 10:07:23.911246,6396,5392,3383,1
2026-08-23 10:07:23.911266,6310,4727,13,1
2026-08-23 10:07:23.911286,6484,5382,3376,1
2026-08-23 10:07:23.911306,6294,4723,6,1
2026-08-23 10:07:23.911326,6400,5357,3359,1
2026-08-23 10:07:23.911345,6300,4747,10,1
2026-08-23 10:07:23.911366,6393,5392,3746,1
2026-08-23 10:07:23.911386,6309,4740,15,1
2026-08-23 10:07:23.911406,6403,5429,3720,1
2026-08-23 10:07:23.911426,6306,4714,8,1
2026-08-23 10:07:23.911446,6398,5362,3380,1
2026-08-23 10:07:23.911466,6299,4758,11,1
2026-08-23 10:07:23.911486,6393,5375,3366,1
2026-08-23 10:07:23.911506,6307,4718,11,1
2026-08-23 10:07:23.911525,6391,5372,3360,1
2026-08-23 10:07:23.911546,6303,4768,36,1
2026-08-23 10:07:23.911566,6400,5372,3730,1
2026-08-23 10:07:23.911586,6314,4725,8,1
2026-08-23 10:07:23.911606,6403,5378,3732,1
2026-08-23 10:07:23.911626,6304,4722,15,1
2026-08-23 10:07:23.911646,6405,5345,3378,1
2026-08-23 10:07:23.911666,6294,4729,13,1
2026-08-23 10:07:23.911685,6399,5355,3365,1
2026-08-23 10:07:23.911705,6302,4754,72,1
2026-08-23 10:07:23.911726,6381,5383,3362,1
2026-08-23 10:07:23.911746,6307,4758,19,1
2026-08-23 10:07:23.911766,6394,5411,3730,1
2026-08-23 10:07:23.911786,6303,4763,34,1
2026-08-23 10:07:23.911806,6418,5401,3732,1
2026-08-23 10:07:23.911826,6306,4723,2,1
2026-08-23 10:07:23.911846,6396,5391,3370,1
2026-08-23 10:07:23.911865,6300,4728,6,1
2026-08-23 10:07:23.911885,6288,5370,3385,1
2026-08-23 10:07:23.911906,6313,4719,5,1
2026-08-23 10:07:23.911926,6394,5397,3360,1
2026-08-23 10:07:23.911946,6306,4740,2,1
2026-08-23 10:07:23.911966,6395,5380,3742,1
2026-08-23 10:07:23.911986,6305,4770,11,1
2026-08-23 10:07:23.912006,6400,5373,3712,1
2026-08-23 10:07:23.912026,6307,4756,5,1
2026-08-23 10:07:23.912045,6395,5352,3384,1
2026-08-23 10:07:23.912066,6282,4726,10,1
2026-08-23 10:07:23.912086,6396,5372,3375,1
2026-08-23 10:07:23.912106,6299,4765,14,1
2026-08-23 10:07:23.912126,6396,5372,3344,1
2026-08-23 10:07:23.912146,6302,4765,14,1
2026-08-23 10:07:23.912166,6395,5407,3737,1
2026-08-23 10:07:23.912186,6305,4737,7,1
2026-08-23 10:07:23.912206,6407,5383,3701,1
2026-08-23 10:07:23.912225,6307,4758,0,1
2026-08-23 10:07:23.912246,6400,5329,3439,1
2026-08-23 10:07:23.912266,6307,4749,16,1
2026-08-23 10:07:23.912286,6385,5352,3381,1
2026-08-23 10:07:23.912306,6300,4756,0,1
2026-08-23 10:07:23.912326,6398,5355,3361,1
2026-08-23 10:07:23.912346,6311,4725,3,1
2026-08-23 10:07:23.912366,6421,5378,3735,1
2026-08-23 10:07:23.912385,6307,4731,1,1
2026-08-23 10:07:23.912405,6396,5381,3701,1
2026-08-23 10:07:23.912426,6307,4767,0,1
2026-08-23 10:07:23.912446,6398,5361,3341,1
2026-08-23 10:07:23.912466,6307,4755,20,1
2026-08-23 10:07:23.912486,6393,5360,3382,1
2026-08-23 10:07:23.912506,6308,4763,2,1
2026-08-23 10:07:23.912526,6393,5345,3360,1
2026-08-23 10:07:23.912546,6307,4738,16,1
2026-08-23 10:07:23.912565,6403,5377,3730,1
2026-08-23 10:07:23.912585,6308,4733,10,1
2026-08-23 10:07:23.912606,6395,5432,3725,1
2026-08-23 10:07:23.912626,6369,4736,15,1
2026-08-23 10:07:23.912646,6399,5360,3372,1
2026-08-23 10:07:23.912666,6302,4773,2,1
2026-08-23 10:07:23.912686,6383,5363,3364,1
2026-08-23 10:07:23.912706,6309,4741,25,1
2026-08-23 10:07:23.912726,6395,5367,3364,1
2026-08-23 10:07:23.912745,6294,4791,15,1
2026-08-23 10:07:23.912766,6404,5400,3733,1
2026-08-23 10:07:23.912786,6304,4746,16,1
2026-08-23 10:07:23.912806,6398,5399,3711,1
2026-08-23 10:07:23.912826,6315,4740,5,1
2026-08-23 10:07:23.912846,6397,5369,3383,1
2026-08-23 10:07:23.912866,6309,4765,13,1
2026-08-23 10:07:23.912886,6397,5375,3344,1
2026-08-23 10:07:23.912906,6312,4764,58,1
2026-08-23 10:07:23.912925,6335,5380,3363,1
2026-08-23 10:07:23.912946,6312,4768,7,1
2026-08-23 10:07:23.912966,6412,5376,3737,1
2026-08-23 10:07:23.912986,6306,4756,22,1
2026-08-23 10:07:23.913006,6406,5410,3717,1
2026-08-23 10:07:23.913026,6307,4731,3,1
2026-08-23 10:07:23.913046,6400,5397,3355,1
2026-08-23 10:07:23.913066,6306,4773,11,1
2026-08-23 10:07:23.913086,6394,5391,3364,1
2026-08-23 10:07:23.913105,6306,4727,4,1
2026-08-23 10:07:23.913126,6395,5354,3405,1
2026-08-23 10:07:23.913146,6308,4758,6,1
2026-08-23 10:07:23.913166,6397,5413,3735,1
2026-08-23 10:07:23.913186,6296,4762,10,1
2026-08-23 10:07:23.913206,6406,5377,3709,1
2026-08-23 10:07:23.913226,6302,4731,2,1
2026-08-23 10:07:23.913246,6396,5389,3373,1
2026-08-23 10:07:23.913265,6295,4733,10,1
2026-08-23 10:07:23.913285,6400,5397,3451,1
2026-08-23 10:07:23.913306,6308,4735,13,1
2026-08-23 10:07:23.913326,6394,5395,3358,1
2026-08-23 10:07:23.913346,6304,4816,5,1
2026-08-23 10:07:23.913366,6412,5390,3720,1
2026-08-23 10:07:23.913386,6298,4722,8,1
2026-08-23 10:07:23.913406,6402,5369,3711,1
2026-08-23 10:07:23.913426,6310,4735,55,1
2026-08-23 10:07:23.913445,6389,5391,3388,1
2026-08-23 10:07:23.913465,6293,4732,8,1
2026-08-23 10:07:23.913486,6403,5390,3369,1
2026-08-23 10:07:23.913506,6304,4759,2,1
2026-08-23 10:07:23.913526,6398,5386,3369,1
2026-08-23 10:07:23.913546,6305,4777,4,1
2026-08-23 10:07:23.913566,6399,5382,3733,1
2026-08-23 10:07:23.913586,6311,4734,17,1
2026-08-23 10:07:23.913606,6419,5385,3711,1
2026-08-23 10:07:23.913625,6302,4744,11,1
2026-08-23 10:07:23.913646,6397,5352,3376,1
2026-08-23 10:07:23.913666,6300,4729,14,1
2026-08-23 10:07:23.913686,6396,5340,3363,1
2026-08-23 10:07:23.913706,6310,4756,13,1
2026-08-23 10:07:23.913726,6393,5358,3360,1
2026-08-23 10:07:23.913746,6306,4755,13,1
2026-08-23 10:07:23.913766,6408,5383,3734,1
2026-08-23 10:07:23.913786,6314,4733,8,1
2026-08-23 10:07:23.913805,6401,5396,3708,1
2026-08-23 10:07:23.913826,6305,4753,8,1
2026-08-23 10:07:23.913846,6394,5383,3392,1
2026-08-23 10:07:23.913866,6302,4717,11,1
2026-08-23 10:07:23.913886,6398,5342,3370,1
2026-08-23 10:07:23.913906,6303,4763,6,1
2026-08-23 10:07:23.913926,6400,5383,3360,1
2026-08-23 10:07:23.913946,6309,4761,3,1
2026-08-23 10:07:23.913965,6406,5377,3732,1
2026-08-23 10:07:23.913985,6296,4753,173,1
2026-08-23 10:07:23.914006,6419,5419,3726,1
2026-08-23 10:07:23.914026,6297,4757,14,1
2026-08-23 10:07:23.914046,6400,5385,3374,1
2026-08-23 10:07:23.914066,6298,4761,17,1
2026-08-23 10:07:23.914086,6394,5385,3290,1
2026-08-23 10:07:23.914106,6304,4755,5,1
2026-08-23 10:07:23.914126,6394,5388,3358,1
2026-08-23 10:07:23.914145,6303,4755,10,1
2026-08-23 10:07:23.914165,6397,5420,3730,1
2026-08-23 10:07:23.914186,6304,4734,5,1
2026-08-23 10:07:23.914206,6402,5403,3714,1
2026-08-23 10:07:23.914226,6306,4774,8,1
2026-08-23 10:07:23.914246,6401,5369,3338,1
2026-08-23 10:07:23.914266,6307,4759,36,1
2026-08-23 10:07:23.914286,6394,5352,3364,1
2026-08-23 10:07:23.914306,6306,4761,10,1
2026-08-23 10:07:23.914325,6396,5358,3366,1
2026-08-23 10:07:23.914346,6306,4717,0,1
2026-08-23 10:07:23.914366,6401,5363,3714,1
2026-08-23 10:07:23.914386,6308,4719,7,1
2026-08-23 10:07:23.914406,6408,5404,3718,1
2026-08-23 10:07:23.914426,6311,4755,12,1
2026-08-23 10:07:23.914446,6408,5379,3364,1
2026-08-23 10:07:23.914466,6299,4762,20,1
2026-08-23 10:07:23.914486,6393,5373,3367,1
2026-08-23 10:07:23.914505,6303,4758,33,1
2026-08-23 10:07:23.914526,6403,5377,3362,1
2026-08-23 10:07:23.914546,6305,4728,0,1
2026-08-23 10:07:23.914566,6401,5412,3729,1
2026-08-23 10:07:23.914586,6295,4724,2,1
2026-08-23 10:07:23.914606,6409,5403,3708,1
2026-08-23 10:07:23.914626,6307,4760,4,1
2026-08-23 10:07:23.914646,6404,5347,3377,1
2026-08-23 10:07:23.914666,6303,4732,0,1
2026-08-23 10:07:23.914685,6402,5362,3331,1
2026-08-23 10:07:23.914706,6310,4762,8,1
2026-08-23 10:07:23.914726,6389,5389,3357,1
2026-08-23 10:07:23.914746,6303,4766,8,1
2026-08-23 10:07:23.914766,6404,5382,3726,1
2026-08-23 10:07:23.914786,6308,4754,8,1
2026-08-23 10:07:23.914806,6405,5379,3711,1
2026-08-23 10:07:23.914826,6308,4736,0,1
2026-08-23 10:07:23.914845,6397,5371,3380,1
2026-08-23 10:07:23.914865,6301,4774,18,1
2026-08-23 10:07:23.914886,6393,5396,3362,1
2026-08-23 10:07:23.914906,6316,4750,13,1
2026-08-23 10:07:23.914926,6383,5364,3344,1
2026-08-23 10:07:23.914946,6303,4773,15,1
2026-08-23 10:07:23.914966,6414,5413,3758,1
2026-08-23 10:07:23.914986,6315,4731,11,1
2026-08-23 10:07:23.915006,6396,5404,3715,1
2026-08-23 10:07:23.915025,6307,4725,14,1
2026-08-23 10:07:23.915045,6387,5385,3385,1
2026-08-23 10:07:23.915066,6303,4749,15,1
2026-08-23 10:07:23.915086,6392,5368,3376,1
2026-08-23 10:07:23.915106,6305,4732,23,1
2026-08-23 10:07:23.915126,6390,5404,3366,1
2026-08-23 10:07:23.915146,6292,4753,23,1
2026-08-23 10:07:23.915166,6388,5420,3727,1
2026-08-23 10:07:23.915186,6312,4738,6,1
2026-08-23 10:07:23.915205,6394,5423,3720,1
2026-08-23 10:07:23.915226,6305,4735,12,1
2026-08-23 10:07:23.915246,6400,5395,3360,1
2026-08-23 10:07:23.915266,6307,4740,8,1
2026-08-23 10:07:23.915286,6398,5355,3384,1
2026-08-23 10:07:23.915306,6300,4764,3,1
2026-08-23 10:07:23.915326,6392,5384,3363,1
2026-08-23 10:07:23.915346,6305,4759,0,1
2026-08-23 10:07:23.915366,6408,5378,3728,1
2026-08-23 10:07:23.915385,6311,4717,9,1
2026-08-23 10:07:23.915406,6401,5403,3718,1
2026-08-23 10:07:23.915426,6303,4756,12,1
2026-08-23 10:07:23.915446,6392,5393,3375,1
2026-08-23 10:07:23.915466,6305,4767,8,1
2026-08-23 10:07:23.915486,6397,5384,3371,1
2026-08-23 10:07:23.915506,6304,4727,3,1
2026-08-23 10:07:23.915526,6385,5387,3355,1
2026-08-23 10:07:23.915545,6300,4737,0,1
2026-08-23 10:07:23.915565,6410,5427,3727,1
2026-08-23 10:07:23.915586,6311,4737,0,1
2026-08-23 10:07:23.915606,6390,5382,3705,1
2026-08-23 10:07:23.915626,6308,4742,8,1
2026-08-23 10:07:23.915646,6399,5417,3382,1
2026-08-23 10:07:23.915666,6301,4771,9,1
2026-08-23 10:07:23.915686,6386,5364,3388,1
2026-08-23 10:07:23.915706,6301,4752,21,1
2026-08-23 10:07:23.915725,6396,5392,3362,1
2026-08-23 10:07:23.915745,6308,4736,18,1
2026-08-23 10:07:23.915766,6401,5410,3731,1
2026-08-23 10:07:23.915786,6297,4744,6,1
2026-08-23 10:07:23.915806,6404,5389,3715,1
2026-08-23 10:07:23.915826,6301,4766,0,1
2026-08-23 10:07:23.915846,6404,5353,3384,1
2026-08-23 10:07:23.915866,6308,4756,10,1
2026-08-23 10:07:23.915886,6395,5355,3363,1
2026-08-23 10:07:23.915905,6304,4780,5,1
2026-08-23 10:07:23.915926,6395,5389,3361,1
2026-08-23 10:07:23.915946,6310,4753,21,1
2026-08-23 10:07:23.915966,6393,5395,3726,1
2026-08-23 10:07:23.915986,6310,4741,11,1
2026-08-23 10:07:23.916006,6400,5423,3715,1
2026-08-23 10:07:23.916026,6308,4776,15,1
2026-08-23 10:07:23.916046,6397,5359,3375,1
2026-08-23 10:07:23.916066,6308,4739,11,1
2026-08-23 10:07:23.916085,6396,5344,3374,1
2026-08-23 10:07:23.916106,6313,4753,32,1
2026-08-23 10:07:23.916126,6401,5385,3368,1
2026-08-23 10:07:23.916146,6304,4764,10,1
2026-08-23 10:07:23.916166,6403,5375,3729,1
2026-08-23 10:07:23.916186,6307,4739,13,1
2026-08-23 10:07:23.916206,6406,5386,3716,1
2026-08-23 10:07:23.916226,6295,4732,6,1
2026-08-23 10:07:23.916246,6396,5368,3365,1
2026-08-23 10:07:23.916265,6317,4772,0,1
2026-08-23 10:07:23.916286,6400,5356,3373,1
2026-08-23 10:07:23.916306,6309,4766,12,1
2026-08-23 10:07:23.916326,6392,5382,3349,1
2026-08-23 10:07:23.916346,6312,4723,9,1
2026-08-23 10:07:23.916366,6402,5375,3725,1
2026-08-23 10:07:23.916386,6301,4720,2,1
2026-08-23 10:07:23.916406,6406,5378,3706,1
2026-08-23 10:07:23.916425,6302,4776,11,1
2026-08-23 10:07:23.916445,6392,5393,3376,1
2026-08-23 10:07:23.916466,6295,4772,3,1
2026-08-23 10:07:23.916486,6395,5358,3365,1
2026-08-23 10:07:23.916506,6303,4739,0,1
2026-08-23 10:07:23.916526,6397,5360,3374,1
2026-08-23 10:07:23.916546,6307,4738,15,1
2026-08-23 10:07:23.916566,6399,5406,3714,1
2026-08-23 10:07:23.916586,6303,4761,13,1
2026-08-23 10:07:23.916605,6405,5368,3725,1
2026-08-23 10:07:23.916625,6295,4722,0,1
2026-08-23 10:07:23.916646,6392,5406,3390,1
2026-08-23 10:07:23.916666,6300,4732,15,1
2026-08-23 10:07:23.916686,6404,5374,3366,1
2026-08-23 10:07:23.916706,6307,4757,15,1
2026-08-23 10:07:23.916726,6398,5370,3351,1
2026-08-23 10:07:23.916746,6305,4761,12,1
2026-08-23 10:07:23.916766,6402,5412,3729,1
2026-08-23 10:07:23.916785,6303,4765,22,1
2026-08-23 10:07:23.916806,6400,5373,3712,1
2026-08-23 10:07:23.916826,6305,4752,9,1
2026-08-23 10:07:23.916846,6409,5360,3371,1
2026-08-23 10:07:23.916866,6305,4751,14,1
2026-08-23 10:07:23.916886,6395,5372,3376,1
2026-08-23 10:07:23.916906,6301,4703,0,1
2026-08-23 10:07:23.916926,6397,5344,3356,1
2026-08-23 10:07:23.916946,6305,4724,7,1
2026-08-23 10:07:23.916965,6396,5411,3732,1
2026-08-23 10:07:23.916986,6307,4725,7,1
2026-08-23 10:07:23.917006,6401,5381,3708,1
2026-08-23 10:07:23.917026,6323,4753,10,1
2026-08-23 10:07:23.917046,6485,5368,3382,1
2026-08-23 10:07:23.917066,6309,4763,12,1
2026-08-23 10:07:23.917086,6397,5371,3372,1
2026-08-23 10:07:23.917106,6293,4732,10,1
2026-08-23 10:07:23.917125,6396,5361,3360,1
2026-08-23 10:07:23.917145,6298,4775,14,1
2026-08-23 10:07:23.917166,6403,5417,3721,1
2026-08-23 10:07:23.917186,6310,4718,11,1
2026-08-23 10:07:23.917206,6407,5366,3716,1
2026-08-23 10:07:23.917226,6303,4755,0,1
2026-08-23 10:07:23.917246,6400,5346,3376,1
2026-08-23 10:07:23.917266,6308,4726,32,1
2026-08-23 10:07:23.917286,6393,5352,3367,1
2026-08-23 10:07:23.917305,6309,4735,9,1
2026-08-23 10:07:23.917325,6395,5352,3362,1
2026-08-23 10:07:23.917346,6304,4768,9,1
2026-08-23 10:07:23.917366,6404,5422,3740,1
2026-08-23 10:07:23.917386,6307,4789,14,1
2026-08-23 10:07:23.917406,6393,5412,3711,1
2026-08-23 10:07:23.917426,6301,4735,15,1
2026-08-23 10:07:23.917446,6387,5384,3375,1
2026-08-23 10:07:23.917466,6308,4769,24,1
2026-08-23 10:07:23.917485,6394,5388,3370,1
2026-08-23 10:07:23.917506,6306,4754,13,1
2026-08-23 10:07:23.917526,6397,5354,3357,1
2026-08-23 10:07:23.917546,6301,4743,18,1
2026-08-23 10:07:23.917566,6409,5387,3741,1
2026-08-23 10:07:23.917586,6306,4763,6,1
2026-08-23 10:07:23.917606,6401,5395,3704,1
2026-08-23 10:07:23.917626,6309,4726,0,1
2026-08-23 10:07:23.917646,6393,5378,3361,1
2026-08-23 10:07:23.917665,6321,4727,6,1
2026-08-23 10:07:23.917686,6395,5374,3367,1
2026-08-23 10:07:23.917706,6302,4751,19,1
2026-08-23 10:07:23.917726,6413,5377,3361,1
2026-08-23 10:07:23.917746,6310,4724,11,1
2026-08-23 10:07:23.917766,6413,5405,3736,1
2026-08-23 10:07:23.917786,6314,4721,6,1
2026-08-23 10:07:23.917806,6401,5408,3697,1
2026-08-23 10:07:23.917826,6307,4722,7,1
2026-08-23 10:07:23.917845,6383,5359,3388,1
2026-08-23 10:07:23.917866,6307,4695,8,1
2026-08-23 10:07:23.917886,6392,5354,3344,1
2026-08-23 10:07:23.917906,6306,4735,15,1
2026-08-23 10:07:23.917926,6385,5377,3365,1
2026-08-23 10:07:23.917946,6305,4738,5,1
2026-08-23 10:07:23.917966,6396,5386,3726,1
2026-08-23 10:07:23.917986,6310,4755,8,1
2026-08-23 10:07:23.918005,6414,5382,3725,1
2026-08-23 10:07:23.918025,6297,4754,5,1
2026-08-23 10:07:23.918046,6402,5393,3476,1
2026-08-23 10:07:23.918066,6300,4738,6,1
2026-08-23 10:07:23.918086,6394,5360,3376,1
2026-08-23 10:07:23.918106,6307,4761,0,1
2026-08-23 10:07:23.918126,6389,5352,3357,1
2026-08-23 10:07:23.918146,6302,4738,8,1
2026-08-23 10:07:23.918166,6402,5385,3721,1
2026-08-23 10:07:23.918185,6297,4781,4,1
2026-08-23 10:07:23.918205,6413,5394,3855,1
2026-08-23 10:07:23.918226,6310,4768,2,1
2026-08-23 10:07:23.918246,6402,5372,3378,1
2026-08-23 10:07:23.918266,6253,4733,0,1
2026-08-23 10:07:23.918286,6392,5397,3371,1
2026-08-23 10:07:23.918306,6303,4762,5,1
2026-08-23 10:07:23.918326,6399,5354,3351,1
2026-08-23 10:07:23.918346,6304,4762,5,1
2026-08-23 10:07:23.918365,6408,5379,3735,1
2026-08-23 10:07:23.918386,6296,4725,13,1
2026-08-23 10:07:23.918406,6406,5379,3702,1
2026-08-23 10:07:23.918426,6306,4764,6,1
2026-08-23 10:07:23.918446,6394,5363,3372,1
2026-08-23 10:07:23.918466,6295,4732,4,1
2026-08-23 10:07:23.918486,6395,5370,3352,1
2026-08-23 10:07:23.918506,6306,4736,8,1
2026-08-23 10:07:23.918526,6348,5389,3359,1
2026-08-23 10:07:23.918545,6304,4733,5,1
2026-08-23 10:07:23.918566,6402,5382,3740,1
2026-08-23 10:07:23.918586,6318,4735,0,1
2026-08-23 10:07:23.918606,6401,5382,3722,1
2026-08-23 10:07:23.918626,6299,4733,8,1
2026-08-23 10:07:23.918646,6396,5351,3363,1
2026-08-23 10:07:23.918666,6294,4764,16,1
2026-08-23 10:07:23.918686,6390,5381,3371,1
2026-08-23 10:07:23.918705,6292,4759,14,1
2026-08-23 10:07:23.918725,6399,5371,3375,1
2026-08-23 10:07:23.918746,6304,4768,11,1
2026-08-23 10:07:23.918766,6403,5424,3724,1
2026-08-23 10:07:23.918786,6364,4724,10,1
2026-08-23 10:07:23.918806,6401,5369,3711,1
2026-08-23 10:07:23.918826,6298,4754,16,1
2026-08-23 10:07:23.918846,6394,5385,3371,1
2026-08-23 10:07:23.918866,6303,4731,16,1
2026-08-23 10:07:23.918885,6386,5410,3377,1
2026-08-23 10:07:23.918905,6305,4764,5,1
2026-08-23 10:07:23.918926,6394,5364,3354,1
2026-08-23 10:07:23.918946,6307,4744,8,1
2026-08-23 10:07:23.918966,6402,5394,3742,1
2026-08-23 10:07:23.918986,6305,4765,0,1
2026-08-23 10:07:23.919006,6403,5372,3717,1
2026-08-23 10:07:23.919026,6308,4740,11,1
2026-08-23 10:07:23.919046,6397,5351,3374,1
2026-08-23 10:07:23.919065,6302,4730,14,1
2026-08-23 10:07:23.919086,6393,5385,3379,1
2026-08-23 10:07:23.919106,6297,4759,4,1
2026-08-23 10:07:23.919126,6386,5385,3348,1
2026-08-23 10:07:23.919146,6310,4761,11,1
2026-08-23 10:07:23.919166,6396,5404,3731,1
2026-08-23 10:07:23.919186,6303,4718,18,1
2026-08-23 10:07:23.919206,6402,5398,3709,1
2026-08-23 10:07:23.919226,6306,4727,1,1
2026-08-23 10:07:23.919245,6383,5351,3384,1
2026-08-23 10:07:23.919266,6309,4689,7,1
2026-08-23 10:07:23.919286,6391,5336,3378,1
2026-08-23 10:07:23.919306,6314,4739,12,1
2026-08-23 10:07:23.919326,6395,5348,3368,1
2026-08-23 10:07:23.919346,6305,4731,7,1
2026-08-23 10:07:23.919366,6407,5402,3716,1
2026-08-23 10:07:23.919386,6316,4738,6,1
2026-08-23 10:07:23.919406,6432,5419,3712,1
2026-08-23 10:07:23.919425,6295,4755,5,1
2026-08-23 10:07:23.919446,6386,5348,3378,1
2026-08-23 10:07:23.919466,6302,4765,3,1
2026-08-23 10:07:23.919486,6394,5390,3358,1
2026-08-23 10:07:23.919506,6297,4733,4,1
2026-08-23 10:07:23.919526,6384,5388,3364,1
2026-08-23 10:07:23.919546,6289,4735,2,1
2026-08-23 10:07:23.919566,6406,5380,3720,1
2026-08-23 10:07:23.919585,6305,4740,4,1
2026-08-23 10:07:23.919605,6405,5376,3719,1
2026-08-23 10:07:23.919626,6314,4766,13,1
2026-08-23 10:07:23.919646,6386,5360,3366,1
2026-08-23 10:07:23.919666,6296,4768,7,1
2026-08-23 10:07:23.919686,6403,5393,3208,1
2026-08-23 10:07:23.919706,6301,4768,15,1
2026-08-23 10:07:23.919726,6393,5395,3352,1
2026-08-23 10:07:23.919746,6304,4737,5,1
2026-08-23 10:07:23.919765,6372,5386,3732,1
2026-08-23 10:07:23.919785,6311,4756,10,1
2026-08-23 10:07:23.919806,6397,5374,3709,1
2026-08-23 10:07:23.919826,6303,4766,8,1
2026-08-23 10:07:23.919846,6380,5356,3379,1
2026-08-23 10:07:23.919866,6302,4781,5,1
2026-08-23 10:07:23.919886,6397,5359,3350,1
2026-08-23 10:07:23.919906,6302,4735,15,1
2026-08-23 10:07:23.919926,6398,5394,3366,1
2026-08-23 10:07:23.919945,6292,4742,8,1
2026-08-23 10:07:23.919966,6335,5413,3734,1
2026-08-23 10:07:23.919986,6298,4778,11,1
2026-08-23 10:07:23.920006,6402,5413,3695,1
2026-08-23 10:07:23.920026,6304,4752,8,1
2026-08-23 10:07:23.920046,6388,5359,3375,1
2026-08-23 10:07:23.920066,6302,4766,19,1
2026-08-23 10:07:23.920086,6396,5355,3382,1
2026-08-23 10:07:23.920106,6298,4719,0,1
2026-08-23 10:07:23.920125,6394,5352,3363,1
2026-08-23 10:07:23.920146,6294,4746,40,1
2026-08-23 10:07:23.920166,6394,5409,3740,1
2026-08-23 10:07:23.920186,6308,4733,15,1
2026-08-23 10:07:23.920206,6407,5399,3715,1
2026-08-23 10:07:23.920226,6292,4728,0,1
2026-08-23 10:07:23.920246,6395,5355,3379,1
2026-08-23 10:07:23.920266,6309,4738,8,1
2026-08-23 10:07:23.920285,6391,5385,3367,1
2026-08-23 10:07:23.920305,6292,4734,6,1
2026-08-23 10:07:23.920326,6394,5376,3352,1
2026-08-23 10:07:23.920346,6306,4738,16,1
2026-08-23 10:07:23.920366,6413,5383,3744,1
2026-08-23 10:07:23.920386,6302,4738,14,1
2026-08-23 10:07:23.920406,6393,5400,3722,1
2026-08-23 10:07:23.920426,6306,4768,14,1
2026-08-23 10:07:23.920446,6393,5351,3378,1
2026-08-23 10:07:23.920465,6309,4729,9,1
2026-08-23 10:07:23.920485,6394,5342,3367,1
2026-08-23 10:07:23.920506,6301,4761,15,1
2026-08-23 10:07:23.920526,6390,5390,3351,1
2026-08-23 10:07:23.920546,6305,4739,10,1
2026-08-23 10:07:23.920566,6399,5370,3732,1
2026-08-23 10:07:23.920586,6303,4751,4,1
2026-08-23 10:07:23.920606,6412,5414,3722,1
2026-08-23 10:07:23.920626,6306,4735,10,1
2026-08-23 10:07:23.920645,6394,5391,3365,1
2026-08-23 10:07:23.920666,6302,4724,2,1
2026-08-23 10:07:23.920686,6386,5387,3375,1
2026-08-23 10:07:23.920706,6303,4737,7,1
2026-08-23 10:07:23.920726,6392,5400,3357,1
2026-08-23 10:07:23.920746,6308,4736,15,1
2026-08-23 10:07:23.920766,6392,5414,3737,1
2026-08-23 10:07:23.920786,6313,4748,5,1
2026-08-23 10:07:23.920806,6397,5409,3710,1
2026-08-23 10:07:23.920825,6314,4747,6,1
2026-08-23 10:07:23.920846,6396,5343,3376,1
2026-08-23 10:07:23.920866,6305,4757,12,1
2026-08-23 10:07:23.920886,6392,5375,3364,1
2026-08-23 10:07:23.920906,6303,4733,11,1
2026-08-23 10:07:23.920926,6400,5353,3363,1
2026-08-23 10:07:23.920946,6307,4749,8,1
2026-08-23 10:07:23.920966,6403,5372,3713,1
2026-08-23 10:07:23.920986,6313,4711,0,1
2026-08-23 10:07:23.921005,6414,5402,3700,1
2026-08-23 10:07:23.921026,6306,4723,6,1
2026-08-23 10:07:23.921046,6394,5355,3388,1
2026-08-23 10:07:23.921066,6305,4738,72,1
2026-08-23 10:07:23.921086,6359,5395,3376,1
2026-08-23 10:07:23.921106,6303,4735,9,1
2026-08-23 10:07:23.921126,6392,5361,3355,1
2026-08-23 10:07:23.921146,6304,4749,8,1
2026-08-23 10:07:23.921165,6396,5436,3737,1
2026-08-23 10:07:23.921185,6295,4741,5,1
2026-08-23 10:07:23.921206,6396,5423,3727,1
2026-08-23 10:07:23.921226,6309,4741,14,1
2026-08-23 10:07:23.921246,6398,5358,3370,1
2026-08-23 10:07:23.921266,6301,4756,14,1
2026-08-23 10:07:23.921286,6393,5372,3348,1
2026-08-23 10:07:23.921306,6301,4758,11,1
2026-08-23 10:07:23.921326,6396,5378,3356,1
2026-08-23 10:07:23.921345,6311,4765,17,1
2026-08-23 10:07:23.921365,6413,5414,3733,1
2026-08-23 10:07:23.921386,6307,4760,18,1
2026-08-23 10:07:23.921406,6404,5401,3718,1
2026-08-23 10:07:23.921426,6308,4724,19,1
2026-08-23 10:07:23.921446,6390,5355,3382,1
2026-08-23 10:07:23.921466,6306,4768,13,1
2026-08-23 10:07:23.921486,6397,5355,3365,1
2026-08-23 10:07:23.921506,6302,4739,18,1
2026-08-23 10:07:23.921525,6390,5397,3362,1
2026-08-23 10:07:23.921546,6300,4717,5,1
2026-08-23 10:07:23.921566,6402,5379,3714,1
2026-08-23 10:07:23.921586,6314,4761,2,1
2026-08-23 10:07:23.921606,6396,5399,3700,1
2026-08-23 10:07:23.921626,6312,4736,4,1
2026-08-23 10:07:23.921646,6390,5362,3368,1
2026-08-23 10:07:23.921666,6301,4738,13,1
2026-08-23 10:07:23.921686,6394,5360,3377,1
2026-08-23 10:07:23.921705,6314,4773,18,1
2026-08-23 10:07:23.921726,6381,5372,3352,1
2026-08-23 10:07:23.921746,6311,4771,0,1
2026-08-23 10:07:23.921766,6401,5408,3726,1
2026-08-23 10:07:23.921786,6300,4726,0,1
2026-08-23 10:07:23.921806,6400,5375,3714,1
2026-08-23 10:07:23.921826,6300,4766,17,1
2026-08-23 10:07:23.921846,6393,5379,3376,1
2026-08-23 10:07:23.921865,6300,4760,11,1
2026-08-23 10:07:23.921885,6402,5370,3357,1
2026-08-23 10:07:23.921906,6296,4747,8,1
2026-08-23 10:07:23.921926,6396,5365,3352,1
2026-08-23 10:07:23.921946,6313,4743,0,1
2026-08-23 10:07:23.921966,6396,5386,3731,1
2026-08-23 10:07:23.921986,6294,4739,12,1
2026-08-23 10:07:23.922006,6403,5451,3715,1
2026-08-23 10:07:23.922026,6307,4759,21,1
2026-08-23 10:07:23.922045,6400,5371,3363,1
2026-08-23 10:07:23.922065,6296,4727,15,1
2026-08-23 10:07:23.922086,6390,5350,3365,1
2026-08-23 10:07:23.922106,6300,4752,4,1
2026-08-23 10:07:23.922126,6387,5354,3353,1
2026-08-23 10:07:23.922146,6300,4787,10,1
2026-08-23 10:07:23.922166,6402,5386,3735,1
2026-08-23 10:07:23.922186,6313,4772,15,1
2026-08-23 10:07:23.922206,6374,5384,3716,1
2026-08-23 10:07:23.922225,6301,4759,4,1
2026-08-23 10:07:23.922246,6396,5365,3362,1
2026-08-23 10:07:23.922266,6305,4724,15,1
2026-08-23 10:07:23.922286,6390,5365,3361,1
2026-08-23 10:07:23.922306,6299,4732,4,1
2026-08-23 10:07:23.922326,6394,5386,3359,1
2026-08-23 10:07:23.922346,6305,4765,4,1
2026-08-23 10:07:23.922366,6412,5388,3697,1
2026-08-23 10:07:23.922386,6298,4761,7,1
2026-08-23 10:07:23.922405,6403,5363,3713,1
2026-08-23 10:07:23.922426,6295,4769,23,1
2026-08-23 10:07:23.922446,6389,5385,3376,1
2026-08-23 10:07:23.922466,6300,4764,10,1
2026-08-23 10:07:23.922486,6384,5393,3371,1
2026-08-23 10:07:23.922506,6300,4774,7,1
2026-08-23 10:07:23.922526,6394,5363,3361,1
2026-08-23 10:07:23.922546,6291,4736,8,1
2026-08-23 10:07:23.922566,6405,5385,3726,1
2026-08-23 10:07:23.922585,6300,4763,9,1
2026-08-23 10:07:23.922606,6400,5409,3710,1
2026-08-23 10:07:23.922626,6299,4766,15,1
2026-08-23 10:07:23.922646,6394,5348,3375,1
2026-08-23 10:07:23.922666,6295,4731,59,1
2026-08-23 10:07:23.922686,6398,5359,3368,1
2026-08-23 10:07:23.922706,6299,4763,18,1
2026-08-23 10:07:23.922726,6390,5388,3355,1
2026-08-23 10:07:23.922745,6301,4757,8,1
2026-08-23 10:07:23.922765,6396,5423,3726,1
2026-08-23 10:07:23.922786,6299,4763,15,1
2026-08-23 10:07:23.922806,6400,5405,3707,1
2026-08-23 10:07:23.922826,6300,4727,12,1
2026-08-23 10:07:23.922846,6392,5356,3367,1
2026-08-23 10:07:23.922866,6290,4783,13,1
2026-08-23 10:07:23.922886,6380,5357,3163,1
2026-08-23 10:07:23.922906,6304,4752,4,1
2026-08-23 10:07:23.922925,6391,5398,3354,1
2026-08-23 10:07:23.922945,6262,4766,16,1
2026-08-23 10:07:23.922966,6399,5411,3729,1
2026-08-23 10:07:23.922986,6291,4726,12,1
2026-08-23 10:07:23.923006,6393,5376,3718,1
2026-08-23 10:07:23.923026,6301,4755,0,1
2026-08-23 10:07:23.923046,6387,5376,3371,1
2026-08-23 10:07:23.923066,6294,4738,8,1
2026-08-23 10:07:23.923086,6397,5372,3362,1
2026-08-23 10:07:23.923105,6301,4727,15,1
2026-08-23 10:07:23.923126,6380,5379,3351,1
2026-08-23 10:07:23.923146,6298,4755,11,1
2026-08-23 10:07:23.923166,6412,5404,3714,1
2026-08-23 10:07:23.923186,6306,4744,25,1
2026-08-23 10:07:23.923206,6390,5388,3675,1
2026-08-23 10:07:23.923226,6301,4764,4,1
2026-08-23 10:07:23.923246,6394,5362,3378,1
2026-08-23 10:07:23.923266,6303,4733,10,1
2026-08-23 10:07:23.923285,6390,5399,3365,1
2026-08-23 10:07:23.923306,6294,4780,10,1
2026-08-23 10:07:23.923326,6395,5366,3349,1
2026-08-23 10:07:23.923346,6292,4740,8,1
2026-08-23 10:07:23.923366,6405,5414,3637,1
2026-08-23 10:07:23.923386,6311,4737,0,1
2026-08-23 10:07:23.923406,6402,5395,3720,1
2026-08-23 10:07:23.923426,6304,4740,6,1
2026-08-23 10:07:23.923445,6400,5378,3377,1
2026-08-23 10:07:23.923465,6307,4737,8,1
2026-08-23 10:07:23.923486,6384,5382,3365,1
2026-08-23 10:07:23.923506,6308,4760,17,1
2026-08-23 10:07:23.923526,6390,5353,3362,1
2026-08-23 10:07:23.923546,6290,4729,5,1
2026-08-23 10:07:23.923566,6403,5379,3738,1
2026-08-23 10:07:23.923586,6293,4761,4,1
2026-08-23 10:07:23.923606,6401,5386,3707,1
2026-08-23 10:07:23.923625,6306,4747,10,1
2026-08-23 10:07:23.923645,6394,5385,3360,1
2026-08-23 10:07:23.923666,6295,4749,11,1
2026-08-23 10:07:23.923686,6390,5356,3351,1
2026-08-23 10:07:23.923706,6308,4728,7,1
2026-08-23 10:07:23.923726,6377,5358,3360,1
2026-08-23 10:07:23.923746,6301,4771,0,1
2026-08-23 10:07:23.923766,6399,5381,3720,1
2026-08-23 10:07:23.923786,6293,4767,9,1
2026-08-23 10:07:23.923805,6393,5411,3735,1
2026-08-23 10:07:23.923826,6300,4754,5,1
2026-08-23 10:07:23.923846,6437,5394,3375,1
2026-08-23 10:07:23.923866,6294,4754,0,1
2026-08-23 10:07:23.923886,6383,5354,3361,1
2026-08-23 10:07:23.923906,6301,4767,16,1
2026-08-23 10:07:23.923926,6387,5344,3353,1
2026-08-23 10:07:23.923946,6298,4770,11,1
2026-08-23 10:07:23.923966,6463,5382,3715,1
2026-08-23 10:07:23.923985,6300,4732,6,1
2026-08-23 10:07:23.924006,6394,5419,3709,1
2026-08-23 10:07:23.924026,6289,4740,7,1
2026-08-23 10:07:23.924046,6387,5352,3381,1
2026-08-23 10:07:23.924066,6297,4742,16,1
2026-08-23 10:07:23.924086,6389,5366,3363,1
2026-08-23 10:07:23.924106,6306,4739,14,1
2026-08-23 10:07:23.924126,6400,5362,3338,1
2026-08-23 10:07:23.924146,6302,4781,21,1
2026-08-23 10:07:23.924165,6393,5410,3724,1
2026-08-23 10:07:23.924186,6291,4774,0,1
2026-08-23 10:07:23.924206,6400,5398,3705,1
2026-08-23 10:07:23.924226,6299,4759,1,1
2026-08-23 10:07:23.924246,6388,5397,3387,1
2026-08-23 10:07:23.924266,6298,4763,13,1
2026-08-23 10:07:23.924286,6389,5380,3370,1
2026-08-23 10:07:23.924306,6311,4754,17,1
2026-08-23 10:07:23.924325,6387,5388,3350,1
2026-08-23 10:07:23.924345,6303,4736,10,1
2026-08-23 10:07:23.924366,6399,5383,3732,1
2026-08-23 10:07:23.924386,6293,4727,11,1
2026-08-23 10:07:23.924406,6392,5405,3717,1
2026-08-23 10:07:23.924426,6292,4756,28,1
2026-08-23 10:07:23.924446,6392,5383,3384,1
2026-08-23 10:07:23.924466,6294,4758,13,1
2026-08-23 10:07:23.924486,6395,5341,3365,1
2026-08-23 10:07:23.924505,6301,4737,15,1
2026-08-23 10:07:23.924525,6387,5379,3360,1
2026-08-23 10:07:23.924546,6302,4730,13,1
2026-08-23 10:07:23.924566,6395,5403,3728,1
2026-08-23 10:07:23.924586,6290,4724,7,1
2026-08-23 10:07:25.505366,6397,5378,3706,1
2026-08-23 10:07:25.505385,6343,4725,13,1
2026-08-23 10:07:25.505405,6383,5373,3408,1
2026-08-23 10:07:25.505425,6300,4710,1,1
2026-08-23 10:07:25.505445,6386,5366,3363,1
2026-08-23 10:07:25.505466,6289,4755,0,1
2026-08-23 10:07:25.505486,6396,5347,3364,1
2026-08-23 10:07:25.505506,6298,4762,0,1
2026-08-23 10:07:25.505526,6397,5372,3730,1
2026-08-23 10:07:25.505546,6297,4726,17,1
2026-08-23 10:07:25.505565,6388,5370,3656,1
2026-08-23 10:07:25.505585,6302,4765,8,1
2026-08-23 10:07:25.505605,6369,5354,3366,1
2026-08-23 10:07:25.505625,6303,4733,3,1
2026-08-23 10:07:25.505646,6386,5398,3369,1
2026-08-23 10:07:25.505666,6304,4730,6,1
2026-08-23 10:07:25.505686,6387,5384,3369,1
2026-08-23 10:07:25.505706,6298,4765,13,1
2026-08-23 10:07:25.505725,6390,5406,3729,1
2026-08-23 10:07:25.505745,6300,4730,14,1
2026-08-23 10:07:25.505765,6396,5370,3707,1
2026-08-23 10:07:25.505785,6296,4764,11,1
2026-08-23 10:07:25.505805,6390,5356,3377,1
2026-08-23 10:07:25.505826,6295,4769,15,1
2026-08-23 10:07:25.505846,6386,5382,3358,1
2026-08-23 10:07:25.505866,6306,4732,5,1
2026-08-23 10:07:25.505886,6389,5354,3355,1
2026-08-23 10:07:25.505905,6290,4771,18,1
2026-08-23 10:07:25.505925,6393,5386,3723,1
2026-08-23 10:07:25.505945,6296,4715,0,1
2026-08-23 10:07:25.505965,6393,5419,3713,1
2026-08-23 10:07:25.505985,6301,4730,10,1
2026-08-23 10:07:25.506006,6389,5392,3372,1
2026-08-23 10:07:25.506026,6298,4731,6,1
2026-08-23 10:07:25.506046,6394,5358,3369,1
2026-08-23 10:07:25.506066,6280,4728,10,1
2026-08-23 10:07:25.506085,6389,5366,3357,1
2026-08-23 10:07:25.506105,6300,4770,6,1
2026-08-23 10:07:25.506125,6394,5378,3717,1
2026-08-23 10:07:25.506145,6290,4761,11,1
2026-08-23 10:07:25.506166,6396,5357,3711,1
2026-08-23 10:07:25.506186,6301,4716,4,1
2026-08-23 10:07:25.506206,6394,5357,3377,1
2026-08-23 10:07:25.506226,6303,4726,14,1
2026-08-23 10:07:25.506246,6389,5352,3365,1
2026-08-23 10:07:25.506265,6286,4782,12,1
2026-08-23 10:07:25.506285,6392,5349,3363,1
2026-08-23 10:07:25.506305,6298,4759,16,1
2026-08-23 10:07:25.506325,6396,5398,3729,1
2026-08-23 10:07:25.506346,6300,4754,9,1
2026-08-23 10:07:25.506366,6392,5365,3710,1
2026-08-23 10:07:25.506386,6304,4753,13,1
2026-08-23 10:07:25.506406,6388,5371,3378,1
2026-08-23 10:07:25.506426,6294,4693,2,1
2026-08-23 10:07:25.506445,6378,5365,3367,1
2026-08-23 10:07:25.506465,6286,4725,0,1
2026-08-23 10:07:25.506485,6381,5359,3357,1
2026-08-23 10:07:25.506505,6296,4732,5,1
2026-08-23 10:07:25.506526,6404,5387,3732,1
2026-08-23 10:07:25.506546,6298,4725,21,1
2026-08-23 10:07:25.506566,6400,5370,3714,1
2026-08-23 10:07:25.506586,6303,4730,15,1
2026-08-23 10:07:25.506605,6388,5354,3377,1
2026-08-23 10:07:25.506625,6296,4743,0,1
2026-08-23 10:07:25.506645,6389,5383,3372,1
2026-08-23 10:07:25.506665,6295,4754,15,1
2026-08-23 10:07:25.506685,6389,5347,3358,1
2026-08-23 10:07:25.506706,6308,4748,0,1
2026-08-23 10:07:25.506726,6396,5378,3729,1
2026-08-23 10:07:25.506746,6294,4750,11,1
2026-08-23 10:07:25.506766,6391,5416,3722,1
2026-08-23 10:07:25.506785,6301,4726,9,1
2026-08-23 10:07:25.506805,6389,5381,3369,1
2026-08-23 10:07:25.506825,6290,4722,6,1
2026-08-23 10:07:25.506845,6380,5386,3369,1
2026-08-23 10:07:25.506866,6289,4760,9,1
2026-08-23 10:07:25.506886,6392,5396,3357,1
2026-08-23 10:07:25.506906,6292,4774,8,1
2026-08-23 10:07:25.506926,6392,5409,3724,1
2026-08-23 10:07:25.506946,6295,4724,5,1
2026-08-23 10:07:25.506965,6387,5414,3709,1
2026-08-23 10:07:25.506985,6300,4758,4,1
2026-08-23 10:07:25.507005,6386,5362,3374,1
2026-08-23 10:07:25.507025,6307,4730,6,1
2026-08-23 10:07:25.507046,6381,5375,3378,1
2026-08-23 10:07:25.507066,6303,4767,6,1
2026-08-23 10:07:25.507086,6384,5354,3324,1
2026-08-23 10:07:25.507106,6305,4742,3,1
2026-08-23 10:07:25.507126,6387,5408,3715,1
2026-08-23 10:07:25.507145,6297,4765,21,1
2026-08-23 10:07:25.507165,6396,5410,3707,1
2026-08-23 10:07:25.507185,6290,4761,24,1
2026-08-23 10:07:25.507205,6388,5388,3371,1
2026-08-23 10:07:25.507226,6300,4728,21,1
2026-08-23 10:07:25.507246,6388,5400,3372,1
2026-08-23 10:07:25.507266,6294,4753,7,1
2026-08-23 10:07:25.507286,6381,5383,3334,1
2026-08-23 10:07:25.507305,6290,4766,6,1
2026-08-23 10:07:25.507325,6395,5368,3718,1
2026-08-23 10:07:25.507345,6294,4742,7,1
2026-08-23 10:07:25.507365,6394,5368,3714,1
2026-08-23 10:07:25.507385,6298,4756,9,1
2026-08-23 10:07:25.507406,6403,5353,3365,1
2026-08-23 10:07:25.507426,6301,4764,16,1
2026-08-23 10:07:25.507446,6378,5383,3382,1
2026-08-23 10:07:25.507466,6287,4759,0,1
2026-08-23 10:07:25.507485,6390,5354,3351,1
2026-08-23 10:07:25.507505,6292,4700,5,1
2026-08-23 10:07:25.507525,6411,5385,3718,1
2026-08-23 10:07:25.507545,6300,4725,14,1
2026-08-23 10:07:25.507565,6394,5369,3716,1
2026-08-23 10:07:25.507586,6297,4749,15,1
2026-08-23 10:07:25.507606,6391,5379,3425,1
2026-08-23 10:07:25.507626,6297,4749,15,1
2026-08-23 10:07:25.507646,6393,5329,3356,1
2026-08-23 10:07:25.507665,6289,4753,15,1
2026-08-23 10:07:25.507685,6385,5379,3358,1
2026-08-23 10:07:25.507705,6285,4728,0,1
2026-08-23 10:07:25.507725,6398,5402,3720,1
2026-08-23 10:07:25.507746,6297,4747,14,1
2026-08-23 10:07:25.507766,6397,5379,3715,1
2026-08-23 10:07:25.507786,6290,4781,14,1
2026-08-23 10:07:25.507806,6383,5389,3376,1
2026-08-23 10:07:25.507826,6287,4730,6,1
2026-08-23 10:07:25.507845,6384,5406,3371,1
2026-08-23 10:07:25.507865,6300,4725,11,1
2026-08-23 10:07:25.507885,6393,5354,3353,1
2026-08-23 10:07:25.507905,6300,4759,1,1
2026-08-23 10:07:25.507926,6404,5380,3724,1
2026-08-23 10:07:25.507946,6295,4737,2,1
2026-08-23 10:07:25.507966,6392,5379,3720,1
2026-08-23 10:07:25.507986,6296,4770,20,1
2026-08-23 10:07:25.508006,6392,5384,3377,1
2026-08-23 10:07:25.508025,6290,4752,16,1
2026-08-23 10:07:25.508045,6383,5378,3368,1
2026-08-23 10:07:25.508065,6287,4728,0,1
2026-08-23 10:07:25.508085,6387,5355,3343,1
2026-08-23 10:07:25.508106,6291,4767,11,1
2026-08-23 10:07:25.508126,6395,5409,3701,1
2026-08-23 10:07:25.508146,6297,4751,0,1
2026-08-23 10:07:25.508166,6395,5395,3709,1
2026-08-23 10:07:25.508185,6288,4712,6,1
2026-08-23 10:07:25.508205,6386,5354,3371,1
2026-08-23 10:07:25.508225,6342,4748,7,1
2026-08-23 10:07:25.508245,6394,5352,3362,1
2026-08-23 10:07:25.508265,6292,4732,11,1
2026-08-23 10:07:25.508286,6386,5397,3360,1
2026-08-23 10:07:25.508306,6287,4768,29,1
2026-08-23 10:07:25.508326,6395,5401,3731,1
2026-08-23 10:07:25.508346,6300,4715,13,1
2026-08-23 10:07:25.508365,6392,5393,3716,1
2026-08-23 10:07:25.508385,6302,4741,0,1
2026-08-23 10:07:25.508405,6387,5377,3367,1
2026-08-23 10:07:25.508425,6303,4711,14,1
2026-08-23 10:07:25.508446,6390,5343,3369,1
2026-08-23 10:07:25.508466,6301,4727,1,1
2026-08-23 10:07:25.508486,6394,5384,3350,1
2026-08-23 10:07:25.508506,6298,4741,11,1
2026-08-23 10:07:25.508526,6387,5374,3737,1
2026-08-23 10:07:25.508545,6293,4759,6,1
2026-08-23 10:07:25.508565,6399,5373,3696,1
2026-08-23 10:07:25.508585,6301,4713,11,1
2026-08-23 10:07:25.508605,6379,5373,3372,1
2026-08-23 10:07:25.508626,6284,4725,0,1
2026-08-23 10:07:25.508646,6386,5359,3367,1
2026-08-23 10:07:25.508666,6296,4736,0,1
2026-08-23 10:07:25.508686,6386,5393,3362,1
2026-08-23 10:07:25.508706,6297,4740,16,1
2026-08-23 10:07:25.508725,6392,5403,3720,1
2026-08-23 10:07:25.508745,6293,4710,13,1
2026-08-23 10:07:25.508765,6382,5370,4107,1
2026-08-23 10:07:25.508785,6300,4756,24,1
2026-08-23 10:07:25.508806,6387,5350,3384,1
2026-08-23 10:07:25.508826,6295,4721,15,1
2026-08-23 10:07:25.508846,6387,5354,3380,1
2026-08-23 10:07:25.508866,6294,4757,9,1
2026-08-23 10:07:25.508885,6394,5338,3351,1
2026-08-23 10:07:25.508905,6293,4762,11,1
2026-08-23 10:07:25.508925,6392,5371,3719,1
2026-08-23 10:07:25.508945,6301,4742,6,1
2026-08-23 10:07:25.508965,6389,5380,3714,1
2026-08-23 10:07:25.508986,6296,4735,7,1
2026-08-23 10:07:25.509006,6382,5391,3367,1
2026-08-23 10:07:25.509026,6306,4764,0,1
2026-08-23 10:07:25.509046,6389,5348,3372,1
2026-08-23 10:07:25.509065,6295,4767,7,1
2026-08-23 10:07:25.509085,6386,5352,3360,1
2026-08-23 10:07:25.509105,6292,4761,5,1
2026-08-23 10:07:25.509125,6395,5380,3704,1
2026-08-23 10:07:25.509145,6297,4778,22,1
2026-08-23 10:07:25.509166,6393,5373,3715,1
2026-08-23 10:07:25.509186,6294,4754,8,1
2026-08-23 10:07:25.509206,6394,5393,3376,1
2026-08-23 10:07:25.509226,6292,4756,34,1
2026-08-23 10:07:25.509245,6381,5386,3360,1
2026-08-23 10:07:25.509265,6284,4726,0,1
2026-08-23 10:07:25.509285,6390,5353,3338,1
2026-08-23 10:07:25.509305,6291,4776,10,1
2026-08-23 10:07:25.509326,6402,5375,3716,1
2026-08-23 10:07:25.509346,6297,4762,6,1
2026-08-23 10:07:25.509366,6395,5379,3717,1
2026-08-23 10:07:25.509386,6294,4753,12,1
2026-08-23 10:07:25.509406,6387,5349,3371,1
2026-08-23 10:07:25.509425,6283,4725,5,1
2026-08-23 10:07:25.509445,6378,5388,3361,1
2026-08-23 10:07:25.509465,6294,4738,15,1
2026-08-23 10:07:25.509485,6386,5358,3359,1
2026-08-23 10:07:25.509506,6294,4768,17,1
2026-08-23 10:07:25.509526,6384,5381,3731,1
2026-08-23 10:07:25.509546,6295,4765,11,1
2026-08-23 10:07:25.509566,6393,5373,3710,1
2026-08-23 10:07:25.509586,6285,4723,16,1
2026-08-23 10:07:25.509605,6381,5356,3372,1
2026-08-23 10:07:25.509625,6288,4760,11,1
2026-08-23 10:07:25.509645,6383,5358,3363,1
2026-08-23 10:07:25.509665,6294,4770,22,1
2026-08-23 10:07:25.509686,6388,5396,3352,1
2026-08-23 10:07:25.509706,6298,4715,5,1
2026-08-23 10:07:25.509726,6395,5402,3693,1
2026-08-23 10:07:25.509746,6292,4722,5,1
2026-08-23 10:07:25.509765,6390,5387,3711,1
2026-08-23 10:07:25.509785,6328,4754,8,1
2026-08-23 10:07:25.509805,6383,5378,3382,1
2026-08-23 10:07:25.509825,6310,4753,25,1
2026-08-23 10:07:25.509845,6387,5341,3361,1
2026-08-23 10:07:25.509866,6285,4723,0,1
2026-08-23 10:07:25.509886,6386,5412,3362,1
2026-08-23 10:07:25.509906,6293,4737,0,1
2026-08-23 10:07:25.509926,6390,5408,3722,1
2026-08-23 10:07:25.509945,6296,4699,14,1
2026-08-23 10:07:25.509965,6374,5400,3715,1
2026-08-23 10:07:25.509985,6297,4722,8,1
2026-08-23 10:07:25.510005,6394,5374,3350,1
2026-08-23 10:07:25.510026,6294,4717,10,1
2026-08-23 10:07:25.510046,6455,5335,3358,1
2026-08-23 10:07:25.510066,6295,4756,8,1
2026-08-23 10:07:25.510086,6384,5371,3386,1
2026-08-23 10:07:25.510106,6300,4750,12,1
2026-08-23 10:07:25.510125,6392,5365,3728,1
2026-08-23 10:07:25.510145,6296,4744,8,1
2026-08-23 10:07:25.510165,6390,5368,3694,1
2026-08-23 10:07:25.510185,6299,4713,0,1
2026-08-23 10:07:25.510206,6381,5373,3370,1
2026-08-23 10:07:25.510226,6295,4753,2,1
2026-08-23 10:07:25.510246,6388,5359,3365,1
2026-08-23 10:07:25.510266,6299,4723,8,1
2026-08-23 10:07:25.510286,6384,5352,3359,1
2026-08-23 10:07:25.510305,6283,4771,20,1
2026-08-23 10:07:25.510325,6396,5377,3724,1
2026-08-23 10:07:25.510345,6294,4732,9,1
2026-08-23 10:07:25.510365,6390,5410,3707,1
2026-08-23 10:07:25.510386,6304,4761,19,1
2026-08-23 10:07:25.510406,6382,5372,3373,1
2026-08-23 10:07:25.510426,6288,4762,18,1
2026-08-23 10:07:25.510446,6382,5378,3376,1
2026-08-23 10:07:25.510465,6286,4750,0,1
2026-08-23 10:07:25.510485,6381,5378,3359,1
2026-08-23 10:07:25.510505,6292,4761,16,1
2026-08-23 10:07:25.510525,6396,5372,3735,1
2026-08-23 10:07:25.510545,6295,4725,25,1
2026-08-23 10:07:25.510566,6388,5413,3707,1
2026-08-23 10:07:25.510586,6295,4755,7,1
2026-08-23 10:07:25.510606,6378,5400,3376,1
2026-08-23 10:07:25.510626,6298,4726,4,1
2026-08-23 10:07:25.510645,6390,5376,3362,1
2026-08-23 10:07:25.510665,6299,4728,0,1
2026-08-23 10:07:25.510685,6390,5338,3357,1
2026-08-23 10:07:25.510705,6294,4734,4,1
2026-08-23 10:07:25.510725,6399,5374,3736,1
2026-08-23 10:07:25.510746,6301,4732,0,1
2026-08-23 10:07:25.510766,6384,5411,3569,1
2026-08-23 10:07:25.510786,6291,4721,9,1
2026-08-23 10:07:25.510806,6390,5386,3371,1
2026-08-23 10:07:25.510825,6300,4756,7,1
2026-08-23 10:07:25.510845,6384,5352,3363,1
2026-08-23 10:07:25.510865,6290,4722,9,1
2026-08-23 10:07:25.510885,6376,5373,3348,1
2026-08-23 10:07:25.510906,6303,4735,2,1
2026-08-23 10:07:25.510926,6394,5380,3703,1
2026-08-23 10:07:25.510946,6294,4728,10,1
2026-08-23 10:07:25.510966,6370,5368,3717,1
2026-08-23 10:07:25.510986,6294,4719,4,1
2026-08-23 10:07:25.511005,6378,5383,3369,1
2026-08-23 10:07:25.511025,6294,4755,15,1
2026-08-23 10:07:25.511045,6382,5349,3362,1
2026-08-23 10:07:25.511065,6291,4723,14,1
2026-08-23 10:07:25.511086,6390,5350,3339,1
2026-08-23 10:07:25.511106,6296,4736,12,1
2026-08-23 10:07:25.511126,6362,5407,3720,1
2026-08-23 10:07:25.511146,6293,4750,8,1
2026-08-23 10:07:25.511166,6388,5403,3713,1
2026-08-23 10:07:25.511185,6298,4744,16,1
2026-08-23 10:07:25.511205,6390,5362,3375,1
2026-08-23 10:07:25.511225,6292,4755,11,1
2026-08-23 10:07:25.511245,6376,5383,3365,1
2026-08-23 10:07:25.511266,6292,4723,11,1
2026-08-23 10:07:25.511286,6383,5350,3350,1
2026-08-23 10:07:25.511306,6293,4756,6,1
2026-08-23 10:07:25.511326,6384,5412,3734,1
2026-08-23 10:07:25.511345,6299,4723,11,1
2026-08-23 10:07:25.511365,6397,5363,3711,1
2026-08-23 10:07:25.511385,6298,4747,25,1
2026-08-23 10:07:25.511405,6390,5356,3356,1
2026-08-23 10:07:25.511425,6299,4730,14,1
2026-08-23 10:07:25.511446,6388,5358,3436,1
2026-08-23 10:07:25.511466,6308,4762,10,1
2026-08-23 10:07:25.511486,6385,5355,3354,1
2026-08-23 10:07:25.511506,6295,4744,2,1
2026-08-23 10:07:25.511525,6389,5362,3728,1
2026-08-23 10:07:25.511545,6301,4720,1,1
2026-08-23 10:07:25.511565,6391,5368,3675,1
2026-08-23 10:07:25.511585,6296,4761,17,1
2026-08-23 10:07:25.511606,6380,5369,3374,1
2026-08-23 10:07:25.511626,6295,4744,6,1
2026-08-23 10:07:25.511646,6380,5376,3369,1
2026-08-23 10:07:25.511666,6283,4753,19,1
2026-08-23 10:07:25.511686,6380,5369,3338,1
2026-08-23 10:07:25.511705,6295,4750,12,1
2026-08-23 10:07:25.511725,6386,5397,3722,1
2026-08-23 10:07:25.511745,6207,4733,8,1
2026-08-23 10:07:25.511765,6390,5360,3710,1
2026-08-23 10:07:25.511786,6298,4717,12,1
2026-08-23 10:07:25.511806,6384,5348,3356,1
2026-08-23 10:07:25.511826,6287,4746,24,1
2026-08-23 10:07:25.511846,6377,5383,3363,1
2026-08-23 10:07:25.511866,6280,4769,18,1
2026-08-23 10:07:25.511885,6381,5381,3356,1
2026-08-23 10:07:25.511905,6351,4768,15,1
2026-08-23 10:07:25.511925,6392,5407,3730,1
2026-08-23 10:07:25.511945,6286,4764,13,1
2026-08-23 10:07:25.511966,6390,5400,3713,1
2026-08-23 10:07:25.511986,6299,4766,13,1
2026-08-23 10:07:25.512006,6370,5346,3367,1
2026-08-23 10:07:25.512026,6291,4739,0,1
2026-08-23 10:07:25.512045,6395,5379,3366,1
2026-08-23 10:07:25.512065,6297,4761,13,1
2026-08-23 10:07:25.512085,6383,5363,3352,1
2026-08-23 10:07:25.512105,6293,4736,7,1
2026-08-23 10:07:25.512125,6392,5401,3734,1
2026-08-23 10:07:25.512146,6294,4718,5,1
2026-08-23 10:07:25.512166,6368,5397,3701,1
2026-08-23 10:07:25.512186,6292,4757,6,1
2026-08-23 10:07:25.512206,6378,5390,3364,1
2026-08-23 10:07:25.512225,6310,4733,8,1
2026-08-23 10:07:25.512245,6387,5354,3369,1
2026-08-23 10:07:25.512265,6310,4731,8,1
2026-08-23 10:07:25.512285,6387,5380,3351,1
2026-08-23 10:07:25.512305,6291,4731,62,1
2026-08-23 10:07:25.512326,6392,5407,3719,1
2026-08-23 10:07:25.512346,6294,4731,7,1
2026-08-23 10:07:25.512366,6390,5395,3707,1
2026-08-23 10:07:25.512386,6296,4724,7,1
2026-08-23 10:07:25.512405,6383,5381,3357,1
2026-08-23 10:07:25.512425,6294,4764,7,1
2026-08-23 10:07:25.512445,6388,5340,3369,1
2026-08-23 10:07:25.512465,6290,4747,17,1
2026-08-23 10:07:25.512486,6386,5384,3359,1
2026-08-23 10:07:25.512506,6294,4758,14,1
2026-08-23 10:07:25.512526,6393,5368,3727,1
2026-08-23 10:07:25.512546,6283,4724,25,1
2026-08-23 10:07:25.512566,6395,5365,3709,1
2026-08-23 10:07:25.512585,6302,4721,95,1
2026-08-23 10:07:25.512605,6380,5369,3382,1
2026-08-23 10:07:25.512625,6292,4728,11,1
2026-08-23 10:07:25.512645,6369,5385,3367,1
2026-08-23 10:07:25.512666,6297,4731,15,1
2026-08-23 10:07:25.512686,6383,5360,3450,1
2026-08-23 10:07:25.512706,6287,4768,222,1
2026-08-23 10:07:25.512726,6389,5414,3715,1
2026-08-23 10:07:25.512746,6284,4768,20,1
2026-08-23 10:07:25.512765,6390,5394,3695,1
2026-08-23 10:07:25.512785,6292,4747,34,1
2026-08-23 10:07:25.512805,6381,5338,3360,1
2026-08-23 10:07:25.512825,6286,4754,5,1
2026-08-23 10:07:25.512846,6391,5346,3342,1
2026-08-23 10:07:25.512866,6293,4770,10,1
2026-08-23 10:07:25.512886,6383,5346,3356,1
2026-08-23 10:07:25.512906,6291,4765,19,1
2026-08-23 10:07:25.512925,6372,5377,3728,1
2026-08-23 10:07:25.512945,6292,4755,13,1
2026-08-23 10:07:25.512965,6391,5381,3648,1
2026-08-23 10:07:25.512985,6296,4720,13,1
2026-08-23 10:07:25.513005,6382,5376,3376,1
2026-08-23 10:07:25.513026,6277,4736,17,1
2026-08-23 10:07:25.513046,6401,5378,3365,1
2026-08-23 10:07:25.513066,6293,4756,14,1
2026-08-23 10:07:25.513086,6377,5372,3353,1
2026-08-23 10:07:25.513105,6296,4717,7,1
2026-08-23 10:07:25.513125,6396,5377,3728,1
2026-08-23 10:07:25.513145,6292,4758,11,1
2026-08-23 10:07:25.513165,6393,5358,3692,1
2026-08-23 10:07:25.513186,6291,4730,13,1
2026-08-23 10:07:25.513206,6386,5376,3366,1
2026-08-23 10:07:25.513226,6294,4738,17,1
2026-08-23 10:07:25.513246,6379,5349,3364,1
2026-08-23 10:07:25.513266,6299,4725,11,1
2026-08-23 10:07:25.513285,6384,5394,3353,1
2026-08-23 10:07:25.513305,6287,4734,21,1
2026-08-23 10:07:25.513325,6382,5409,3697,1
2026-08-23 10:07:25.513345,6295,4727,13,1
2026-08-23 10:07:25.513366,6383,5376,3708,1
2026-08-23 10:07:25.513386,6298,4730,1,1
2026-08-23 10:07:25.513406,6376,5351,3363,1
2026-08-23 10:07:25.513426,6291,4728,11,1
2026-08-23 10:07:25.513446,6377,5351,3362,1
2026-08-23 10:07:25.513465,6301,4758,17,1
2026-08-23 10:07:25.513485,6378,5367,3348,1
2026-08-23 10:07:25.513505,6301,4720,6,1
2026-08-23 10:07:25.513525,6391,5375,3725,1
2026-08-23 10:07:25.513546,6295,4743,5,1
2026-08-23 10:07:25.513566,6393,5401,3713,1
2026-08-23 10:07:25.513586,6294,4760,11,1
2026-08-23 10:07:25.513606,6387,5343,3353,1
2026-08-23 10:07:25.513625,6296,4721,5,1
2026-08-23 10:07:25.513645,6375,5381,3369,1
2026-08-23 10:07:25.513665,6285,4759,10,1
2026-08-23 10:07:25.513685,6365,5385,3366,1
2026-08-23 10:07:25.513705,6289,4759,35,1
2026-08-23 10:07:25.513726,6388,5403,3732,1
2026-08-23 10:07:25.513746,6288,4756,283,1
2026-08-23 10:07:25.513766,6387,5400,3699,1
2026-08-23 10:07:25.513786,6285,4756,1,1
2026-08-23 10:07:25.513805,6381,5348,3372,1
2026-08-23 10:07:25.513825,6288,4760,0,1
2026-08-23 10:07:25.513845,6374,5360,3365,1
2026-08-23 10:07:25.513865,6284,4763,40,1
2026-08-23 10:07:25.513885,6390,5360,3378,1
2026-08-23 10:07:25.513906,6292,4742,22,1
2026-08-23 10:07:25.513926,6388,5410,3741,1
2026-08-23 10:07:25.513946,6290,4762,10,1
2026-08-23 10:07:25.513966,6398,5371,3716,1
2026-08-23 10:07:25.513985,6289,4762,5,1
2026-08-23 10:07:25.514005,6387,5367,3357,1
2026-08-23 10:07:25.514025,6297,4753,11,1
2026-08-23 10:07:25.514045,6384,5379,3382,1
2026-08-23 10:07:25.514066,6296,4723,13,1
2026-08-23 10:07:25.514086,6387,5367,3341,1
2026-08-23 10:07:25.514106,6288,4725,12,1
2026-08-23 10:07:25.514126,6387,5432,3746,1
2026-08-23 10:07:25.514146,6296,4746,6,1
2026-08-23 10:07:25.514165,6470,5422,3711,1
2026-08-23 10:07:25.514185,6296,4730,11,1
2026-08-23 10:07:25.514205,6428,5359,3367,1
2026-08-23 10:07:25.514225,6288,4768,6,1
2026-08-23 10:07:25.514246,6392,5392,3356,1
2026-08-23 10:07:25.514266,6295,4728,2,1
2026-08-23 10:07:25.514286,6386,5351,3346,1
2026-08-23 10:07:25.514306,6297,4729,9,1
2026-08-23 10:07:25.514326,6392,5408,3691,1
2026-08-23 10:07:25.514345,6296,4754,2,1
2026-08-23 10:07:25.514365,6396,5389,3707,1
2026-08-23 10:07:25.514385,6302,4728,11,1
2026-08-23 10:07:25.514405,6390,5385,3371,1
2026-08-23 10:07:25.514426,6294,4765,5,1
2026-08-23 10:07:25.514446,6384,5352,3377,1
2026-08-23 10:07:25.514466,6293,4772,0,1
2026-08-23 10:07:25.514486,6395,5385,3352,1
2026-08-23 10:07:25.514505,6293,4760,6,1
2026-08-23 10:07:25.514525,6394,5406,3732,1
2026-08-23 10:07:25.514545,6287,4755,13,1
2026-08-23 10:07:25.514565,6395,5362,3717,1
2026-08-23 10:07:25.514585,6259,4729,11,1
2026-08-23 10:07:25.514606,6388,5352,3366,1
2026-08-23 10:07:25.514626,6292,4738,8,1
2026-08-23 10:07:25.514646,6376,5371,3360,1
2026-08-23 10:07:25.514666,6288,4759,17,1
2026-08-23 10:07:25.514685,6387,5342,3351,1
2026-08-23 10:07:25.514705,6301,4777,7,1
2026-08-23 10:07:25.514725,6393,5420,3730,1
2026-08-23 10:07:25.514745,6297,4729,8,1
2026-08-23 10:07:25.514766,6394,5403,3721,1
2026-08-23 10:07:25.514786,6304,4737,0,1
2026-08-23 10:07:25.514806,6387,5344,3356,1
2026-08-23 10:07:25.514826,6295,4767,17,1
2026-08-23 10:07:25.514846,6375,5379,3358,1
2026-08-23 10:07:25.514865,6244,4750,10,1
2026-08-23 10:07:25.514885,6390,5380,3367,1
2026-08-23 10:07:25.514905,6292,4732,23,1
2026-08-23 10:07:25.514925,6410,5383,3709,1
2026-08-23 10:07:25.514946,6288,4738,1,1
2026-08-23 10:07:25.514966,6385,5414,3694,1
2026-08-23 10:07:25.514986,6298,4748,8,1
2026-08-23 10:07:25.515006,6381,5401,3375,1
2026-08-23 10:07:25.515026,6288,4764,5,1
2026-08-23 10:07:25.515045,6381,5384,3367,1
2026-08-23 10:07:25.515065,6296,4726,17,1
2026-08-23 10:07:25.515085,6380,5379,3354,1
2026-08-23 10:07:25.515105,6299,4725,15,1
2026-08-23 10:07:25.515126,6393,5358,3719,1
2026-08-23 10:07:25.515146,6302,4726,6,1
2026-08-23 10:07:25.515166,6388,5376,3706,1
2026-08-23 10:07:25.515186,6290,4763,0,1
2026-08-23 10:07:25.515205,6381,5363,3371,1
2026-08-23 10:07:25.515225,6285,4756,38,1
2026-08-23 10:07:25.515245,6380,5356,3373,1
2026-08-23 10:07:25.515265,6301,4719,20,1
2026-08-23 10:07:25.515285,6378,5398,3363,1
2026-08-23 10:07:25.515306,6289,4777,14,1
2026-08-23 10:07:25.515326,6383,5373,3719,1
2026-08-23 10:07:25.515346,6282,4738,21,1
2026-08-23 10:07:25.515366,6391,5367,3699,1
2026-08-23 10:07:25.515385,6287,4759,0,1
2026-08-23 10:07:25.515405,6374,5364,3390,1
2026-08-23 10:07:25.515425,6288,4763,21,1
2026-08-23 10:07:25.515445,6376,5343,3351,1
2026-08-23 10:07:25.515465,6292,4743,19,1
2026-08-23 10:07:25.515486,6381,5382,3347,1
2026-08-23 10:07:25.515506,6300,4728,15,1
2026-08-23 10:07:25.515526,6401,5380,3726,1
2026-08-23 10:07:25.515546,6290,4755,0,1
2026-08-23 10:07:25.515565,6397,5406,3707,1
2026-08-23 10:07:25.515585,6298,4732,15,1
2026-08-23 10:07:25.515605,6377,5354,3362,1
2026-08-23 10:07:25.515625,6298,4767,1,1
2026-08-23 10:07:25.515646,6384,5351,3347,1
2026-08-23 10:07:25.515666,6294,4721,11,1
2026-08-23 10:07:25.515686,6389,5340,3350,1
2026-08-23 10:07:25.515706,6293,4767,15,1
2026-08-23 10:07:25.515726,6392,5381,3716,1
2026-08-23 10:07:25.515745,6303,4734,13,1
2026-08-23 10:07:25.515765,6396,5363,3702,1
2026-08-23 10:07:25.515785,6300,4726,12,1
2026-08-23 10:07:25.515805,6379,5388,3366,1
2026-08-23 10:07:25.515826,6297,4729,6,1
2026-08-23 10:07:25.515846,6386,5382,3361,1
2026-08-23 10:07:25.515866,6301,4724,11,1
2026-08-23 10:07:25.515886,6392,5378,3356,1
2026-08-23 10:07:25.515906,6292,4741,8,1
2026-08-23 10:07:25.515925,6394,5418,3729,1
2026-08-23 10:07:25.515945,6309,4736,8,1
2026-08-23 10:07:25.515965,6383,5378,3722,1
2026-08-23 10:07:25.515985,6296,4760,14,1
2026-08-23 10:07:25.516006,6377,5359,3376,1
2026-08-23 10:07:25.516026,6294,4715,0,1
2026-08-23 10:07:25.516046,6384,5351,3367,1
2026-08-23 10:07:25.516066,6291,4771,13,1
2026-08-23 10:07:25.516085,6388,5342,3351,1
2026-08-23 10:07:25.516105,6301,4709,2,1
2026-08-23 10:07:25.516125,6389,5401,3723,1
2026-08-23 10:07:25.516145,6303,4728,28,1
2026-08-23 10:07:25.516165,6390,5397,3703,1
2026-08-23 10:07:25.516186,6292,4764,176,1
2026-08-23 10:07:25.516206,6381,5369,3364,1
2026-08-23 10:07:25.516226,6291,4766,13,1
2026-08-23 10:07:25.516246,6387,5361,3369,1
2026-08-23 10:07:25.516265,6297,4760,10,1
2026-08-23 10:07:25.516285,6374,5368,3365,1
2026-08-23 10:07:25.516305,6293,4760,0,1
2026-08-23 10:07:25.516325,6394,5374,3602,1
2026-08-23 10:07:25.516346,6292,4764,0,1
2026-08-23 10:07:25.516366,6387,5424,3696,1
2026-08-23 10:07:25.516386,6290,4752,19,1
2026-08-23 10:07:25.516406,6383,5376,3375,1
2026-08-23 10:07:25.516426,6293,4720,8,1
2026-08-23 10:07:25.516445,6383,5343,3367,1
2026-08-23 10:07:25.516465,6288,4726,4,1
2026-08-23 10:07:25.516485,6375,5336,3345,1
2026-08-23 10:07:25.516505,6294,4733,13,1
2026-08-23 10:07:25.516526,6390,5398,3726,1
2026-08-23 10:07:25.516546,6284,4754,250,1
2026-08-23 10:07:25.516566,6389,5374,3708,1
2026-08-23 10:07:25.516586,6301,4718,4,1
2026-08-23 10:07:25.516606,6388,5353,3361,1
2026-08-23 10:07:25.516625,6292,4730,10,1
2026-08-23 10:07:25.516645,6380,5387,3362,1
2026-08-23 10:07:25.516665,6292,4726,2,1
2026-08-23 10:07:25.516685,6380,5390,3359,1
2026-08-23 10:07:25.516706,6297,4746,0,1
2026-08-23 10:07:25.516726,6392,5379,3734,1
2026-08-23 10:07:25.516746,6294,4735,6,1
2026-08-23 10:07:25.516766,6380,5411,3709,1
2026-08-23 10:07:25.516785,6300,4749,13,1
2026-08-23 10:07:25.516805,6380,5382,3360,1
2026-08-23 10:07:25.516825,6291,4747,6,1
2026-08-23 10:07:25.516845,6381,5379,3358,1
2026-08-23 10:07:25.516865,6291,4762,7,1
2026-08-23 10:07:25.516886,6381,5348,3348,1
2026-08-23 10:07:25.516906,6293,4771,21,1
2026-08-23 10:07:25.516926,6390,5424,3732,1
2026-08-23 10:07:25.516946,6295,4761,0,1
2026-08-23 10:07:25.516965,6386,5402,3708,1
2026-08-23 10:07:25.516985,6298,4740,4,1
2026-08-23 10:07:25.517005,6388,5354,3292,1
2026-08-23 10:07:25.517025,6285,4718,1,1
2026-08-23 10:07:25.517045,6393,5346,3365,1
2026-08-23 10:07:25.517066,6298,4726,15,1
2026-08-23 10:07:25.517086,6378,5370,3356,1
2026-08-23 10:07:25.517106,6291,4729,6,1
2026-08-23 10:07:25.517126,6391,5374,3730,1
2026-08-23 10:07:25.517145,6304,4730,11,1
2026-08-23 10:07:25.517165,6387,5405,3703,1
2026-08-23 10:07:25.517185,6292,4732,8,1
2026-08-23 10:07:25.517205,6388,5372,3372,1
2026-08-23 10:07:25.517226,6199,4735,8,1
2026-08-23 10:07:25.517246,6373,5380,3486,1
2026-08-23 10:07:25.517266,6298,4762,0,1
2026-08-23 10:07:25.517286,6385,5365,3358,1
2026-08-23 10:07:25.517306,6295,4764,19,1
2026-08-23 10:07:25.517325,6381,5425,3699,1
2026-08-23 10:07:25.517345,6288,4737,17,1
2026-08-23 10:07:25.517365,6386,5376,3708,1
2026-08-23 10:07:25.517385,6285,4765,0,1
2026-08-23 10:07:25.517406,6379,5389,3386,1
2026-08-23 10:07:25.517426,6288,4729,5,1
2026-08-23 10:07:25.517446,6375,5380,3374,1
2026-08-23 10:07:25.517466,6293,4756,15,1
2026-08-23 10:07:25.517486,6390,5378,3357,1
2026-08-23 10:07:25.517505,6295,4728,10,1
2026-08-23 10:07:25.517525,6386,5412,3727,1
2026-08-23 10:07:25.517545,6294,4762,10,1
2026-08-23 10:07:25.517565,6386,5402,3702,1
2026-08-23 10:07:25.517586,6296,4752,3,1
2026-08-23 10:07:25.517606,6387,5356,3367,1
2026-08-23 10:07:25.517626,6285,4758,6,1
2026-08-23 10:07:25.517646,6386,5344,3366,1
2026-08-23 10:07:25.517665,6290,4758,0,1
2026-08-23 10:07:25.517685,6388,5374,3362,1
2026-08-23 10:07:25.517705,6288,4752,16,1
2026-08-23 10:07:25.517725,6382,5417,3720,1
2026-08-23 10:07:25.517745,6296,4721,15,1
2026-08-23 10:07:25.517766,6388,5362,3743,1
2026-08-23 10:07:25.517786,6291,4720,5,1
2026-08-23 10:07:25.517806,6380,5376,3372,1
2026-08-23 10:07:25.517826,6295,4712,11,1
2026-08-23 10:07:25.517845,6384,5333,3359,1
2026-08-23 10:07:25.517865,6281,4752,14,1
2026-08-23 10:07:25.517885,6378,5370,3370,1
2026-08-23 10:07:25.517905,6284,4765,4,1
2026-08-23 10:07:25.517926,6383,5410,3729,1
2026-08-23 10:07:25.517946,6288,4755,1,1
2026-08-23 10:07:25.517966,6384,5405,3715,1
2026-08-23 10:07:25.517986,6295,4767,0,1
2026-08-23 10:07:25.518006,6379,5363,3383,1
2026-08-23 10:07:25.518025,6292,4728,2,1
2026-08-23 10:07:25.518045,6390,5357,3363,1
2026-08-23 10:07:25.518065,6291,4733,3,1
2026-08-23 10:07:25.518085,6381,5356,3352,1
2026-08-23 10:07:25.518106,6294,4740,11,1
2026-08-23 10:07:25.518126,6400,5381,3734,1
2026-08-23 10:07:25.518146,6292,4725,9,1
2026-08-23 10:07:25.518166,6380,5397,3702,1
2026-08-23 10:07:25.518186,6304,4752,11,1
2026-08-23 10:07:25.518205,6381,5382,3372,1
2026-08-23 10:07:25.518225,6293,4752,8,1
2026-08-23 10:07:25.518245,6378,5383,3357,1
2026-08-23 10:07:25.518265,6288,4764,14,1
2026-08-23 10:07:25.518286,6385,5321,3352,1
2026-08-23 10:07:25.518306,6295,4767,11,1
2026-08-23 10:07:25.518326,6387,5404,3730,1
2026-08-23 10:07:25.518346,6295,4749,10,1
2026-08-23 10:07:25.518365,6378,5354,3701,1
2026-08-23 10:07:25.518385,6288,4748,6,1
2026-08-23 10:07:25.518405,6381,5376,3371,1
2026-08-23 10:07:25.518425,6289,4749,15,1
2026-08-23 10:07:25.518445,6382,5342,3365,1
2026-08-23 10:07:25.518466,6290,4722,10,1
2026-08-23 10:07:25.518486,6384,5351,3328,1
2026-08-23 10:07:25.518506,6286,4767,29,1
2026-08-23 10:07:25.518526,6296,5371,3727,1
2026-08-23 10:07:25.518545,6327,4739,15,1
2026-08-23 10:07:25.518565,6393,5370,3707,1
2026-08-23 10:07:25.518585,6294,4760,14,1
2026-08-23 10:07:25.518605,6377,5345,3366,1
2026-08-23 10:07:25.518625,6287,4753,0,1
2026-08-23 10:07:25.518646,6379,5365,3366,1
2026-08-23 10:07:25.518666,6289,4756,6,1
2026-08-23 10:07:25.518686,6374,5369,3349,1
2026-08-23 10:07:25.518706,6292,4718,7,1
2026-08-23 10:07:25.518725,6384,5405,3723,1
2026-08-23 10:07:25.518745,6295,4729,14,1
2026-08-23 10:07:25.518765,6381,5372,3716,1
2026-08-23 10:07:25.518785,6289,4755,29,1
2026-08-23 10:07:25.518806,6383,5376,3366,1
2026-08-23 10:07:25.518826,6288,4756,10,1
2026-08-23 10:07:25.518846,6424,5379,3353,1
2026-08-23 10:07:25.518866,6291,4725,11,1
2026-08-23 10:07:25.518886,6386,5331,3356,1
2026-08-23 10:07:25.518905,6285,4755,11,1
2026-08-23 10:07:25.518925,6387,5394,3717,1
2026-08-23 10:07:25.518945,6288,4723,8,1
2026-08-23 10:07:25.518965,6401,5368,3696,1
2026-08-23 10:07:25.518986,6296,4718,13,1
2026-08-23 10:07:25.519006,6378,5387,3366,1
2026-08-23 10:07:25.519026,6290,4777,6,1
2026-08-23 10:07:25.519046,6385,5354,3365,1
2026-08-23 10:07:25.519066,6282,4766,6,1
2026-08-23 10:07:25.519085,6371,5353,3342,1
2026-08-23 10:07:25.519105,6290,4733,6,1
2026-08-23 10:07:25.519125,6392,5372,3725,1
2026-08-23 10:07:25.519145,6289,4757,18,1
2026-08-23 10:07:25.519166,6390,5411,3722,1
2026-08-23 10:07:25.519186,6284,4768,4,1
2026-08-23 10:07:25.519206,6378,5351,3367,1
2026-08-23 10:07:25.519226,6290,4765,12,1
2026-08-23 10:07:25.519245,6380,5348,3356,1
2026-08-23 10:07:25.519265,6297,4723,4,1
2026-08-23 10:07:25.519285,6390,5352,3331,1
2026-08-23 10:07:25.519305,6290,4721,0,1
2026-08-23 10:07:25.519325,6387,5407,3719,1
2026-08-23 10:07:25.519346,6294,4733,4,1
2026-08-23 10:07:25.519366,6386,5377,3713,1
2026-08-23 10:07:25.519386,6286,4772,11,1
2026-08-23 10:07:25.519406,6380,5389,3363,1
2026-08-23 10:07:25.519425,6293,4735,11,1
2026-08-23 10:07:25.519445,6379,5379,3370,1
2026-08-23 10:07:25.519465,6296,4736,10,1
2026-08-23 10:07:25.519485,6378,5342,3354,1
2026-08-23 10:07:25.519506,6288,4770,18,1
2026-08-23 10:07:25.519526,6378,5376,3715,1
2026-08-23 10:07:25.519546,6301,4735,21,1
2026-08-23 10:07:25.519566,6390,5379,3691,1
2026-08-23 10:07:25.519586,6280,4733,6,1
2026-08-23 10:07:25.519605,6375,5351,3365,1
2026-08-23 10:07:25.519625,6295,4737,7,1
2026-08-23 10:07:25.519645,6378,5356,3369,1
2026-08-23 10:07:25.519665,6295,4759,47,1
2026-08-23 10:07:25.519686,6370,5362,3361,1
2026-08-23 10:07:25.519706,6294,4784,15,1
2026-08-23 10:07:25.519726,6389,5378,3730,1
2026-08-23 10:07:25.519746,6295,4728,12,1
2026-08-23 10:07:25.519766,6387,5399,3699,1
2026-08-23 10:07:25.519785,6282,4752,9,1
2026-08-23 10:07:25.519805,6371,5380,3365,1
2026-08-23 10:07:25.519825,6289,4725,8,1
2026-08-23 10:07:25.519845,6380,5379,3367,1
2026-08-23 10:07:25.519866,6294,4762,7,1
2026-08-23 10:07:25.519886,6438,5375,3349,1
2026-08-23 10:07:25.519906,6296,4731,13,1
2026-08-23 10:07:25.519926,6380,5402,3722,1
2026-08-23 10:07:25.519945,6299,4717,26,1
2026-08-23 10:07:25.519965,6386,5364,3703,1
2026-08-23 10:07:25.519985,6279,4759,10,1
2026-08-23 10:07:25.520005,6379,5377,3367,1
2026-08-23 10:07:25.520025,6283,4750,16,1
2026-08-23 10:07:25.520046,6378,5357,3363,1
2026-08-23 10:07:25.520066,6287,4721,11,1
2026-08-23 10:07:25.520086,6370,5376,3353,1
2026-08-23 10:07:25.520106,6280,4764,63,1
2026-08-23 10:07:25.520125,6385,5401,3716,1
2026-08-23 10:07:25.520145,6276,4720,5,1
2026-08-23 10:07:25.520165,6380,5403,3707,1
2026-08-23 10:07:25.520185,6290,4761,5,1
2026-08-23 10:07:25.520205,6386,5377,3378,1
2026-08-23 10:07:25.520226,6288,4748,15,1
2026-08-23 10:07:25.520246,6376,5350,3366,1
2026-08-23 10:07:25.520266,6303,4717,0,1
2026-08-23 10:07:25.520286,6388,5331,3344,1
2026-08-23 10:07:25.520305,6294,4734,12,1
2026-08-23 10:07:25.520325,6390,5411,3730,1
2026-08-23 10:07:25.520345,6291,4740,22,1
2026-08-23 10:07:25.520365,6398,5415,3707,1
2026-08-23 10:07:25.520386,6285,4762,6,1
2026-08-23 10:07:25.520406,6382,5356,3343,1
2026-08-23 10:07:25.520426,6276,4750,20,1
2026-08-23 10:07:25.520446,6382,5368,3364,1
2026-08-23 10:07:25.520466,6288,4767,5,1
2026-08-23 10:07:25.520485,6393,5379,3351,1
2026-08-23 10:07:25.520505,6279,4729,3,1
2026-08-23 10:07:25.520525,6385,5376,3730,1
2026-08-23 10:07:25.520545,6301,4740,0,1
2026-08-23 10:07:25.520566,6365,5396,3707,1
2026-08-23 10:07:25.520586,6287,4730,7,1
2026-08-23 10:07:25.520606,6386,5349,3361,1
2026-08-23 10:07:25.520626,6291,4729,11,1
2026-08-23 10:07:25.520646,6382,5366,3360,1
2026-08-23 10:07:25.520665,6289,4753,20,1
2026-08-23 10:07:25.520685,6377,5398,3403,1
2026-08-23 10:07:25.520705,6289,4770,13,1
2026-08-23 10:07:25.520725,6387,5374,3718,1
2026-08-23 10:07:25.520746,6284,4769,25,1
2026-08-23 10:07:25.520766,6390,5384,3700,1
2026-08-23 10:07:25.520786,6292,4724,9,1
2026-08-23 10:07:25.520806,6378,5343,3366,1
2026-08-23 10:07:25.520825,6280,4727,1,1
2026-08-23 10:07:25.520845,6368,5351,3362,1
2026-08-23 10:07:25.520865,6287,4730,11,1
2026-08-23 10:07:25.520885,6375,5359,3351,1
2026-08-23 10:07:25.520905,6288,4735,8,1
2026-08-23 10:07:25.520926,6372,5372,3718,1
2026-08-23 10:07:25.520946,6282,4770,4,1
2026-08-23 10:07:25.520966,6378,5405,3711,1
2026-08-23 10:07:25.520986,6294,4705,0,1
2026-08-23 10:07:25.521005,6376,5375,3379,1
2026-08-23 10:07:25.521025,6284,4751,13,1
2026-08-23 10:07:25.521045,6372,5350,3363,1
2026-08-23 10:07:25.521065,6289,4738,9,1
2026-08-23 10:07:25.521086,6383,5357,3360,1
2026-08-23 10:07:25.521106,6290,4749,33,1
2026-08-23 10:07:25.521126,6382,5402,3723,1
2026-08-23 10:07:25.521146,6290,4724,49,1
2026-08-23 10:07:25.521166,6380,5409,3704,1
2026-08-23 10:07:25.521185,6288,4764,12,1
2026-08-23 10:07:25.521205,6382,5349,3358,1
2026-08-23 10:07:25.521225,6288,4731,14,1
2026-08-23 10:07:25.521245,6372,5383,3362,1
2026-08-23 10:07:25.521266,6291,4729,0,1
2026-08-23 10:07:25.521286,6382,5397,3358,1
2026-08-23 10:07:25.521306,6278,4781,26,1
2026-08-23 10:07:25.521326,6391,5374,3725,1
2026-08-23 10:07:25.521346,6288,4761,11,1
2026-08-23 10:07:25.521365,6386,5371,3701,1
2026-08-23 10:07:25.521385,6290,4736,0,1
2026-08-23 10:07:25.521405,6375,5392,3378,1
2026-08-23 10:07:25.521425,6280,4755,8,1
2026-08-23 10:07:25.521446,6378,5344,3357,1
2026-08-23 10:07:25.521466,6289,4724,14,1
2026-08-23 10:07:25.521486,6382,5351,3358,1
2026-08-23 10:07:25.521506,6366,4738,18,1
2026-08-23 10:07:25.521525,6386,5390,3712,1
2026-08-23 10:07:25.521545,6287,4747,1,1
2026-08-23 10:07:25.521565,6376,5414,3715,1
2026-08-23 10:07:25.521585,6290,4721,8,1
2026-08-23 10:07:25.521605,6378,5376,3366,1
2026-08-23 10:07:25.521626,6271,4733,19,1
2026-08-23 10:07:25.521646,6387,5347,3515,1
2026-08-23 10:07:25.521666,6286,4767,12,1
2026-08-23 10:07:25.521686,6382,5368,3347,1
2026-08-23 10:07:25.521705,6293,4749,11,1
2026-08-23 10:07:25.521725,6386,5370,4072,1
2026-08-23 10:07:25.521745,6288,4732,50,1
2026-08-23 10:07:25.521765,6387,5403,3704,1
2026-08-23 10:07:25.521785,6290,4731,5,1
2026-08-23 10:07:25.521806,6374,5390,3362,1
2026-08-23 10:07:25.521826,6296,4753,188,1
2026-08-23 10:07:25.521846,6369,5352,3488,1
2026-08-23 10:07:25.521866,6285,4736,16,1
2026-08-23 10:07:25.521885,6383,5384,3349,1
2026-08-23 10:07:25.521905,6288,4766,19,1
2026-08-23 10:07:25.521925,6382,5406,3723,1
2026-08-23 10:07:25.521945,6289,4729,11,1
2026-08-23 10:07:25.521966,6387,5370,3701,1
2026-08-23 10:07:25.521986,6287,4756,8,1
2026-08-23 10:07:25.522006,6374,5353,3365,1
2026-08-23 10:07:25.522026,6289,4730,11,1
2026-08-23 10:07:25.522046,6377,5349,3373,1
2026-08-23 10:07:25.522065,6282,4752,14,1
2026-08-23 10:07:25.522085,6374,5378,3348,1
2026-08-23 10:07:25.522105,6288,4743,4,1
2026-08-23 10:07:25.522125,6385,5372,3731,1
2026-08-23 10:07:25.522146,6293,4720,11,1
2026-08-23 10:07:25.522166,6382,5366,3700,1
2026-08-23 10:07:25.522186,6290,4729,13,1
2026-08-23 10:07:25.522206,6383,5338,3381,1
2026-08-23 10:07:25.522226,6280,4741,2,1
2026-08-23 10:07:25.522245,6370,5365,3360,1
2026-08-23 10:07:25.522265,6276,4748,20,1
2026-08-23 10:07:25.522285,6375,5346,3350,1
2026-08-23 10:07:25.522305,6291,4736,11,1
2026-08-23 10:07:25.522326,6396,5410,3728,1
2026-08-23 10:07:25.522346,6283,4756,7,1
2026-08-23 10:07:25.522366,6384,5365,3705,1
2026-08-23 10:07:25.522386,6284,4729,16,1
2026-08-23 10:07:25.522405,6376,5360,3367,1
2026-08-23 10:07:25.522425,6239,4742,6,1
2026-08-23 10:07:25.522445,6384,5352,3373,1
2026-08-23 10:07:25.522465,6292,4743,0,1
2026-08-23 10:07:25.522485,6366,5362,3356,1
2026-08-23 10:07:25.522506,6289,4688,8,1
2026-08-23 10:07:25.522526,6382,5408,3717,1
2026-08-23 10:07:25.522546,6285,4718,14,1
2026-08-23 10:07:25.522566,6387,5396,3716,1
2026-08-23 10:07:25.522585,6298,4714,1,1
2026-08-23 10:07:25.522605,6378,5325,3389,1
2026-08-23 10:07:25.522625,6344,2795,10,1
2026-08-23 10:07:25.522645,6383,3996,3370,1
2026-08-23 10:07:25.522666,6288,3743,15,1
2026-08-23 10:07:25.522686,6380,4636,3347,1
2026-08-23 10:07:25.522706,6296,4218,4,1
2026-08-23 10:07:25.522726,6384,4970,3720,1
2026-08-23 10:07:25.522746,6280,4414,0,1
2026-08-23 10:07:25.522765,6393,5196,3707,1
2026-08-23 10:07:25.522785,6285,4543,10,1
2026-08-23 10:07:25.522805,6373,5243,3687,1
2026-08-23 10:07:25.522825,6279,4661,3,1
2026-08-23 10:07:25.522846,6380,5275,3376,1
2026-08-23 10:07:25.522866,6275,4701,12,1
2026-08-23 10:07:25.522886,6381,5340,3380,1
2026-08-23 10:07:25.522906,6296,4678,16,1
2026-08-23 10:07:25.522926,6376,5344,3386,1
2026-08-23 10:07:25.522945,6298,4724,6,1
2026-08-23 10:07:25.522965,6376,5320,3363,1
2026-08-23 10:07:25.522985,6287,4703,0,1
2026-08-23 10:07:25.523005,6375,5336,3383,1
2026-08-23 10:07:25.523026,6274,4721,7,1
2026-08-23 10:07:25.523046,6378,5341,3374,1
2026-08-23 10:07:25.523066,6276,4751,0,1
2026-08-23 10:07:25.523086,6377,5371,3328,1
2026-08-23 10:07:25.523105,6289,4725,11,1
2026-08-23 10:07:25.523125,6371,5375,3334,1
2026-08-23 10:07:25.523145,6295,4739,5,1
2026-08-23 10:07:25.523165,6384,5367,3746,1
2026-08-23 10:07:25.523185,6290,4704,4,1
2026-08-23 10:07:25.523206,6380,5357,3717,1
2026-08-23 10:07:25.523226,6295,4716,13,1
2026-08-23 10:07:25.523246,6378,5370,3676,1
2026-08-23 10:07:25.523266,6286,4754,5,1
2026-08-23 10:07:25.523285,6383,5391,3676,1
2026-08-23 10:07:25.523305,6289,4724,51,1
2026-08-23 10:07:25.523325,6378,5380,3383,1
2026-08-23 10:07:25.523345,6287,4727,15,1
2026-08-23 10:07:25.523365,6384,5365,3378,1
2026-08-23 10:07:25.523386,6290,4756,25,1
2026-08-23 10:07:25.523406,6368,5373,3358,1
2026-08-23 10:07:25.523426,6284,4743,0,1
2026-08-23 10:07:25.523446,6376,5407,3353,1
2026-08-23 10:07:25.523465,6286,4745,10,1
2026-08-23 10:07:25.523485,6373,5337,3315,1
2026-08-23 10:07:25.523505,6287,4718,11,1
2026-08-23 10:07:25.523525,6380,5355,3301,1
2026-08-23 10:07:25.523546,6344,2796,7,1
2026-08-23 10:07:25.523566,6390,3935,3370,1
2026-08-23 10:07:25.523586,6288,3746,0,1
2026-08-23 10:07:25.523606,6433,4591,3367,1
2026-08-23 10:07:25.523626,6285,4218,37,1
2026-08-23 10:07:25.523645,6376,4950,3376,1
2026-08-23 10:07:25.523665,6286,4448,0,1
2026-08-23 10:07:25.523685,6393,5132,3714,1
2026-08-23 10:07:25.523705,6280,4540,11,1
2026-08-23 10:07:25.523726,6389,5236,3735,1
2026-08-23 10:07:25.523746,6300,4591,13,1
2026-08-23 10:07:25.523766,6391,5315,3719,1
2026-08-23 10:07:25.523786,6291,4649,11,1
2026-08-23 10:07:25.523806,6384,5307,3720,1
2026-08-23 10:07:25.523825,6290,4701,1,1
2026-08-23 10:07:25.523845,6387,5348,3715,1
2026-08-23 10:07:25.523865,6288,4707,6,1
2026-08-23 10:07:25.523885,6381,5359,3729,1
2026-08-23 10:07:25.523906,6281,4724,10,1
2026-08-23 10:07:25.523926,6382,5366,3721,1
2026-08-23 10:07:25.523946,6284,4684,5,1
2026-08-23 10:07:25.523966,6383,5369,3695,1
2026-08-23 10:07:25.523985,6295,4678,0,1
2026-08-23 10:07:25.524005,6386,5364,3710,1
2026-08-23 10:07:25.524025,6281,4718,4,1
2026-08-23 10:07:25.524045,6376,5313,3359,1
2026-08-23 10:07:25.524065,6274,4711,22,1
2026-08-23 10:07:25.524086,6383,5356,3387,1
2026-08-23 10:07:25.524106,6289,4727,0,1
2026-08-23 10:07:25.524126,6378,5331,3388,1
2026-08-23 10:07:25.524146,6295,4744,11,1
2026-08-23 10:07:25.524165,6374,5362,3378,1
2026-08-23 10:07:25.524185,6289,4740,18,1
2026-08-23 10:07:25.524205,6382,5362,3363,1
2026-08-23 10:07:25.524225,6284,4722,0,1
2026-08-23 10:07:25.524246,6384,5397,3740,1
2026-08-23 10:07:25.524266,6288,4707,1,1
2026-08-23 10:07:25.524286,6382,5370,3719,1
2026-08-23 10:07:25.524306,6284,4701,5,1
2026-08-23 10:07:25.524326,6376,5380,3732,1
2026-08-23 10:07:25.524345,6281,4729,0,1
2026-08-23 10:07:25.524365,6384,5370,3689,1
2026-08-23 10:07:25.524385,6284,4725,19,1
2026-08-23 10:07:25.524405,6395,5372,3725,1
2026-08-23 10:07:25.524426,6279,4726,14,1
2026-08-23 10:07:25.524446,6380,5359,3728,1
2026-08-23 10:07:25.524466,6284,4728,3,1
2026-08-23 10:07:25.524486,6388,5341,3724,1
2026-08-23 10:07:25.524506,6285,4689,14,1
2026-08-23 10:07:25.524525,6388,5339,3730,1
2026-08-23 10:07:25.524545,6294,4724,6,1
2026-08-23 10:07:25.524565,6402,5327,3767,1
2026-08-23 10:07:25.524585,6343,2790,0,1
2026-08-23 10:07:25.524606,6386,3979,3392,1
2026-08-23 10:07:25.524626,6306,3721,8,1
2026-08-23 10:07:25.524646,6378,4622,3376,1
2026-08-23 10:07:25.524666,6291,4184,7,1
2026-08-23 10:07:25.524685,6380,4963,3375,1
2026-08-23 10:07:25.524705,6288,4457,4,1
2026-08-23 10:07:25.524725,6395,5145,3725,1
2026-08-23 10:07:25.524745,6284,4568,0,1
2026-08-23 10:07:25.524765,6392,5264,3725,1
2026-08-23 10:07:25.524786,6292,4622,8,1
2026-08-23 10:07:25.524806,6393,5286,3728,1
2026-08-23 10:07:25.524826,6292,4655,12,1
2026-08-23 10:07:25.524846,6393,5314,3719,1
2026-08-23 10:07:25.524865,6293,4707,8,1
2026-08-23 10:07:25.524885,6392,5360,3718,1
2026-08-23 10:07:25.524905,6283,4715,13,1
2026-08-23 10:07:25.524925,6390,5345,3723,1
2026-08-23 10:07:25.524945,6297,4677,5,1
2026-08-23 10:07:25.524966,6393,5333,3712,1
2026-08-23 10:07:25.524986,6289,4689,4,1
2026-08-23 10:07:25.525006,6393,5376,3719,1
2026-08-23 10:07:25.525026,6278,4722,10,1
2026-08-23 10:07:25.525045,6392,5322,3394,1
2026-08-23 10:07:25.525065,6297,4739,10,1
2026-08-23 10:07:25.525085,6376,5357,3374,1
2026-08-23 10:07:25.525105,6291,4715,10,1
2026-08-23 10:07:25.525126,6386,5328,3363,1
2026-08-23 10:07:25.525146,6289,4731,3,1
2026-08-23 10:07:25.525166,6383,5372,3367,1
2026-08-23 10:07:25.525186,6293,4729,2,1
2026-08-23 10:07:25.525206,6382,5335,3388,1
2026-08-23 10:07:25.525225,6291,4754,13,1
2026-08-23 10:07:25.525245,6390,5390,3733,1
2026-08-23 10:07:25.525265,6294,4702,0,1
2026-08-23 10:07:25.525285,6390,5340,3734,1
2026-08-23 10:07:25.525306,6294,4695,8,1
2026-08-23 10:07:25.525326,6390,5377,3737,1
2026-08-23 10:07:25.525346,6304,4731,13,1
2026-08-23 10:07:25.525366,6390,5386,3730,1
2026-08-23 10:07:25.525386,6290,4732,10,1
2026-08-23 10:07:25.525405,6393,5375,3729,1
2026-08-23 10:07:25.525425,6288,4729,10,1
2026-08-23 10:07:25.525445,6394,5347,3759,1
2026-08-23 10:07:25.525465,6290,4697,0,1
2026-08-23 10:07:25.525486,6394,5380,3731,1
2026-08-23 10:07:25.525506,6288,4691,0,1
2026-08-23 10:07:25.525526,6395,5373,3712,1
2026-08-23 10:07:25.525546,6282,4722,16,1
2026-08-23 10:07:25.525565,6392,5339,3747,1
2026-08-23 10:07:25.525585,6301,4702,0,1
2026-08-23 10:07:25.525605,6330,2611,1134,1
2026-08-23 10:07:25.525625,6249,2933,0,1
2026-08-23 10:07:25.525645,6377,4072,3007,1
2026-08-23 10:07:25.525666,6243,3708,0,1
2026-08-23 10:07:25.525686,6360,4622,2732,1
2026-08-23 10:07:25.525706,6292,4299,2,1
2026-08-23 10:07:25.525726,6353,4958,2500,1
2026-08-23 10:07:25.525745,6261,4542,0,1
2026-08-23 10:07:25.525765,6315,5128,1370,1
2026-08-23 10:07:25.525785,6239,4701,0,1
2026-08-23 10:07:25.525805,6370,5305,3024,1
2026-08-23 10:07:25.525826,6278,4796,0,1
2026-08-23 10:07:26.146796,6351,5318,2534,1
2026-08-23 10:07:26.146816,6278,4820,0,1
2026-08-23 10:07:26.146837,6382,5419,3003,1
2026-08-23 10:07:26.146857,6242,4778,0,1
2026-08-23 10:07:26.146877,6371,5403,3153,1
2026-08-23 10:07:26.146897,6284,4800,0,1
2026-08-23 10:07:26.146916,6347,5404,2508,1
2026-08-23 10:07:26.146936,6289,4855,0,1
2026-08-23 10:07:26.146956,6354,5414,2378,1
2026-08-23 10:07:26.146976,6245,4848,0,1
2026-08-23 10:07:26.146996,6369,5414,3048,1
2026-08-23 10:07:26.147017,6289,4839,0,1
2026-08-23 10:07:26.147037,6362,5368,2525,1
2026-08-23 10:07:26.147057,6269,4886,0,1
2026-08-23 10:07:26.147077,6356,5393,2425,1
2026-08-23 10:07:26.147096,6262,4868,0,1
2026-08-23 10:07:26.147116,6357,5431,2926,1
2026-08-23 10:07:26.147136,6294,4898,16,1
2026-08-23 10:07:26.147156,6362,5437,2726,1
2026-08-23 10:07:26.147177,6264,4884,0,1
2026-08-23 10:07:26.147197,6373,5476,3114,1
2026-08-23 10:07:26.147217,6260,4783,0,1
2026-08-23 10:07:26.147237,6368,5369,2813,1
2026-08-23 10:07:26.147256,6271,4839,0,1
2026-08-23 10:07:26.147276,6363,5424,2615,1
2026-08-23 10:07:26.147296,6263,4870,0,1
2026-08-23 10:07:26.147316,6358,5404,2746,1
2026-08-23 10:07:26.147336,6289,4905,0,1
2026-08-23 10:07:26.147357,6375,5397,2985,1
2026-08-23 10:07:26.147377,6253,4851,0,1
2026-08-23 10:07:26.147397,6384,5465,3632,1
2026-08-23 10:07:26.147417,6289,4814,0,1
2026-08-23 10:07:26.147436,6349,5347,2599,1
2026-08-23 10:07:26.147456,6283,4842,0,1
2026-08-23 10:07:26.147476,6345,5342,2021,1
2026-08-23 10:07:26.147496,6266,4887,0,1
2026-08-23 10:07:26.147516,6373,5440,2930,1
2026-08-23 10:07:26.147537,6305,4900,9,1
2026-08-23 10:07:26.147557,6365,5436,2828,1
2026-08-23 10:07:26.147577,6257,4865,0,1
2026-08-23 10:07:26.147597,6368,5474,2928,1
2026-08-23 10:07:26.147616,6283,4874,0,1
2026-08-23 10:07:26.147636,6366,5420,2891,1
2026-08-23 10:07:26.147656,6297,4871,0,1
2026-08-23 10:07:26.147676,6308,5311,1079,1
2026-08-23 10:07:26.147696,6291,4905,0,1
2026-08-23 10:07:26.147717,6365,5453,2638,1
2026-08-23 10:07:26.147737,6283,4945,0,1
2026-08-23 10:07:26.147757,6362,5414,2548,1
2026-08-23 10:07:26.147777,6260,4861,0,1
2026-08-23 10:07:26.147796,6359,5480,2964,1
2026-08-23 10:07:26.147816,6292,4927,12,1
2026-08-23 10:07:26.147836,6367,5453,2820,1
2026-08-23 10:07:26.147856,6267,4883,0,1
2026-08-23 10:07:26.147877,6366,5446,2913,1
2026-08-23 10:07:26.147897,6287,4885,0,1
2026-08-23 10:07:26.147917,6299,5443,2950,1
2026-08-23 10:07:26.147937,6260,4820,0,1
2026-08-23 10:07:26.147956,6240,5156,0,1
2026-08-23 10:07:26.147976,6274,4936,0,1
2026-08-23 10:07:26.147996,6362,5473,2620,1
2026-08-23 10:07:26.148016,6294,4940,0,1
2026-08-23 10:07:26.148036,6325,5342,1525,1
2026-08-23 10:07:26.148057,6267,4903,0,1
2026-08-23 10:07:26.148077,6367,5504,2921,1
2026-08-23 10:07:26.148097,6120,4949,0,1
2026-08-23 10:07:26.148117,6359,5502,3016,1
2026-08-23 10:07:26.148136,6269,4862,0,1
2026-08-23 10:07:26.148156,6358,5422,2766,1
2026-08-23 10:07:26.148176,6301,4898,10,1
2026-08-23 10:07:26.148196,6362,5468,3126,1
2026-08-23 10:07:26.148216,6244,4829,0,1
2026-08-23 10:07:26.148237,6372,5472,3232,1
2026-08-23 10:07:26.148257,6288,4888,0,1
2026-08-23 10:07:26.148277,6361,5413,2686,1
2026-08-23 10:07:26.148297,6265,4879,0,1
2026-08-23 10:07:26.148316,6377,5445,3205,1
2026-08-23 10:07:26.148336,6263,4762,0,1
2026-08-23 10:07:26.148356,6371,5390,2891,1
2026-08-23 10:07:26.148376,6274,4840,0,1
2026-08-23 10:07:26.148396,6338,5363,1936,1
2026-08-23 10:07:26.148417,6276,4883,0,1
2026-08-23 10:07:26.148437,6362,5401,2652,1
2026-08-23 10:07:26.148457,6194,4925,0,1
2026-08-23 10:07:26.148477,6378,5460,3211,1
2026-08-23 10:07:26.148496,6257,4851,0,1
2026-08-23 10:07:26.148516,6356,5467,2992,1
2026-08-23 10:07:26.148536,6282,4871,5,1
2026-08-23 10:07:26.148556,6355,5430,2910,1
2026-08-23 10:07:26.148576,6267,4848,0,1
2026-08-23 10:07:26.148597,6372,5429,2835,1
2026-08-23 10:07:26.148617,6287,4915,0,1
2026-08-23 10:07:26.148637,6370,5470,3017,1
2026-08-23 10:07:26.148657,6255,4864,0,1
2026-08-23 10:07:26.148676,6376,5448,3323,1
2026-08-23 10:07:26.148696,6280,4812,0,1
2026-08-23 10:07:26.148716,6354,5402,2626,1
2026-08-23 10:07:26.148736,6275,4855,0,1
2026-08-23 10:07:26.148757,6287,5256,490,1
2026-08-23 10:07:26.148777,6276,4913,0,1
2026-08-23 10:07:26.148797,6365,5510,2915,1
2026-08-23 10:07:26.148817,6273,4919,0,1
2026-08-23 10:07:26.148836,6357,5452,2904,1
2026-08-23 10:07:26.148856,6274,4901,0,1
2026-08-23 10:07:26.148876,6351,5420,2695,1
2026-08-23 10:07:26.148896,6276,4896,0,1
2026-08-23 10:07:26.148916,6366,5438,2921,1
2026-08-23 10:07:26.148937,6260,4859,0,1
2026-08-23 10:07:26.148957,6363,5466,3000,1
2026-08-23 10:07:26.148977,6285,4925,25,1
2026-08-23 10:07:26.148997,6363,5459,2884,1
2026-08-23 10:07:26.149016,6260,4887,0,1
2026-08-23 10:07:26.149036,6367,5484,2840,1
2026-08-23 10:07:26.149056,6285,4907,0,1
2026-08-23 10:07:26.149076,6368,5474,3044,1
2026-08-23 10:07:26.149096,6211,4859,0,1
2026-08-23 10:07:26.149117,6372,5448,3298,1
2026-08-23 10:07:26.149137,6277,4850,0,1
2026-08-23 10:07:26.149157,6364,5384,2678,1
2026-08-23 10:07:26.149177,6273,4862,0,1
2026-08-23 10:07:26.149196,6370,5475,3226,1
2026-08-23 10:07:26.149216,6262,4746,0,1
2026-08-23 10:07:26.149236,6357,5372,2914,1
2026-08-23 10:07:26.149256,6278,4840,0,1
2026-08-23 10:07:26.149276,6334,5302,1777,1
2026-08-23 10:07:26.149297,6271,4894,0,1
2026-08-23 10:07:26.149317,6359,5452,2659,1
2026-08-23 10:07:26.149337,6321,4900,0,1
2026-08-23 10:07:26.149357,6382,5471,3093,1
2026-08-23 10:07:26.149376,6265,4844,0,1
2026-08-23 10:07:26.149396,6365,5467,2967,1
2026-08-23 10:07:26.149416,6276,4886,0,1
2026-08-23 10:07:26.149436,6366,5467,3031,1
2026-08-23 10:07:26.149457,6273,4849,0,1
2026-08-23 10:07:26.149477,6355,5428,2767,1
2026-08-23 10:07:26.149497,6297,4893,11,1
2026-08-23 10:07:26.149517,6365,5490,3207,1
2026-08-23 10:07:26.149536,6250,4815,0,1
2026-08-23 10:07:26.149556,6369,5453,3136,1
2026-08-23 10:07:26.149576,6280,4849,0,1
2026-08-23 10:07:26.149596,6353,5424,2752,1
2026-08-23 10:07:26.149616,6261,4872,0,1
2026-08-23 10:07:26.149637,6362,5456,3027,1
2026-08-23 10:07:26.149657,6281,4840,0,1
2026-08-23 10:07:26.149677,6354,5423,2960,1
2026-08-23 10:07:26.149697,6261,4872,0,1
2026-08-23 10:07:26.149716,6247,5196,170,1
2026-08-23 10:07:26.149736,6283,4912,0,1
2026-08-23 10:07:26.149756,6356,5486,2658,1
2026-08-23 10:07:26.149776,6283,4941,0,1
2026-08-23 10:07:26.149796,6276,5269,213,1
2026-08-23 10:07:26.149817,6282,4971,0,1
2026-08-23 10:07:26.149837,6372,5487,2939,1
2026-08-23 10:07:26.149857,6281,4951,0,1
2026-08-23 10:07:26.149877,6364,5444,2618,1
2026-08-23 10:07:26.149896,6280,4894,0,1
2026-08-23 10:07:26.149916,6363,5461,2697,1
2026-08-23 10:07:26.149936,6293,4902,0,1
2026-08-23 10:07:26.149956,6381,5483,3272,1
2026-08-23 10:07:26.149976,6261,4857,0,1
2026-08-23 10:07:26.149997,6370,5450,3003,1
2026-08-23 10:07:26.150017,6296,4871,0,1
2026-08-23 10:07:26.150037,6369,5473,2945,1
2026-08-23 10:07:26.150057,6266,4864,0,1
2026-08-23 10:07:26.150076,6370,5423,2826,1
2026-08-23 10:07:26.150096,6284,4905,4,1
2026-08-23 10:07:26.150116,6368,5448,3121,1
2026-08-23 10:07:26.150136,6247,4862,0,1
2026-08-23 10:07:26.150156,6372,5469,3229,1
2026-08-23 10:07:26.150177,6283,4861,0,1
2026-08-23 10:07:26.150197,6298,5424,2699,1
2026-08-23 10:07:26.150217,6257,4854,0,1
2026-08-23 10:07:26.150237,6371,5486,3178,1
2026-08-23 10:07:26.150256,6270,4788,0,1
2026-08-23 10:07:26.150276,6364,5399,2928,1
2026-08-23 10:07:26.150296,6268,4821,0,1
2026-08-23 10:07:26.150316,6340,5375,2213,1
2026-08-23 10:07:26.150337,6272,4870,0,1
2026-08-23 10:07:26.150357,6363,5413,2649,1
2026-08-23 10:07:26.150377,6281,4917,0,1
2026-08-23 10:07:26.150397,6349,5366,2089,1
2026-08-23 10:07:26.150416,6268,4890,0,1
2026-08-23 10:07:26.150436,6373,5454,2955,1
2026-08-23 10:07:26.150456,6283,4922,0,1
2026-08-23 10:07:26.150476,6361,5495,3048,1
2026-08-23 10:07:26.150496,6269,4901,0,1
2026-08-23 10:07:26.150517,6359,5404,2743,1
2026-08-23 10:07:26.150537,6283,4916,6,1
2026-08-23 10:07:26.150557,6358,5455,3195,1
2026-08-23 10:07:26.150577,6316,4854,0,1
2026-08-23 10:07:26.150596,6313,5457,3118,1
2026-08-23 10:07:26.150616,6287,4885,0,1
2026-08-23 10:07:26.150636,6362,5397,2776,1
2026-08-23 10:07:26.150656,6271,4875,0,1
2026-08-23 10:07:26.150676,6367,5471,2977,1
2026-08-23 10:07:26.150697,6274,4868,0,1
2026-08-23 10:07:26.150717,6363,5407,2954,1
2026-08-23 10:07:26.150737,6272,4831,0,1
2026-08-23 10:07:26.150757,6400,5357,639,1
2026-08-23 10:07:26.150776,6273,4880,0,1
2026-08-23 10:07:26.150796,6356,5386,2636,1
2026-08-23 10:07:26.150816,6283,4866,0,1
2026-08-23 10:07:26.150836,6360,5410,2254,1
2026-08-23 10:07:26.150856,6275,4868,0,1
2026-08-23 10:07:26.150877,6364,5474,2936,1
2026-08-23 10:07:26.150897,6280,4886,0,1
2026-08-23 10:07:26.150917,6355,5465,3146,1
2026-08-23 10:07:26.150937,6272,4844,0,1
2026-08-23 10:07:26.150956,6359,5446,2708,1
2026-08-23 10:07:26.150976,6289,4895,0,1
2026-08-23 10:07:26.150996,6379,5451,3170,1
2026-08-23 10:07:26.151016,6262,4834,0,1
2026-08-23 10:07:26.151037,6369,5469,3033,1
2026-08-23 10:07:26.151057,6289,4861,17,1
2026-08-23 10:07:26.151077,6363,5430,2828,1
2026-08-23 10:07:26.151097,6273,4840,0,1
2026-08-23 10:07:26.151116,6363,5454,2924,1
2026-08-23 10:07:26.151136,6277,4858,0,1
2026-08-23 10:07:26.151156,6373,5437,2934,1
2026-08-23 10:07:26.151176,6259,4869,0,1
2026-08-23 10:07:26.151196,6378,5471,3402,1
2026-08-23 10:07:26.151217,6274,4824,0,1
2026-08-23 10:07:26.151237,6358,5385,2667,1
2026-08-23 10:07:26.151257,6283,4872,0,1
2026-08-23 10:07:26.151277,6371,5471,2589,1
2026-08-23 10:07:26.151296,6249,4743,0,1
2026-08-23 10:07:26.151316,6354,5362,2926,1
2026-08-23 10:07:26.151336,6270,4813,0,1
2026-08-23 10:07:26.151356,6336,5312,1924,1
2026-08-23 10:07:26.151376,6272,4893,0,1
2026-08-23 10:07:26.151397,6363,5409,2676,1
2026-08-23 10:07:26.151417,6276,4922,0,1
2026-08-23 10:07:26.151437,6370,5448,3035,1
2026-08-23 10:07:26.151457,6252,4843,0,1
2026-08-23 10:07:26.151476,6368,5428,2968,1
2026-08-23 10:07:26.151496,6283,4885,0,1
2026-08-23 10:07:26.151516,6366,5448,3053,1
2026-08-23 10:07:26.151536,6268,4846,0,1
2026-08-23 10:07:26.151556,6361,5390,2752,1
2026-08-23 10:07:26.151577,6289,4885,12,1
2026-08-23 10:07:26.151597,6366,5490,3261,1
2026-08-23 10:07:26.151617,6250,4819,0,1
2026-08-23 10:07:26.151637,6367,5425,3100,1
2026-08-23 10:07:26.151656,6243,4897,13,1
2026-08-23 10:07:26.151676,6353,5423,2786,1
2026-08-23 10:07:26.151696,6258,4874,0,1
2026-08-23 10:07:26.151716,6374,5425,2968,1
2026-08-23 10:07:26.151736,6276,4862,0,1
2026-08-23 10:07:26.151757,6369,5412,2971,1
2026-08-23 10:07:26.151777,6251,4861,0,1
2026-08-23 10:07:26.151797,6125,5012,0,1
2026-08-23 10:07:26.151817,6276,4834,0,1
2026-08-23 10:07:26.151836,6359,5394,2625,1
2026-08-23 10:07:26.151856,6268,4872,0,1
2026-08-23 10:07:26.151876,6214,5171,0,1
2026-08-23 10:07:26.151896,6268,4895,0,1
2026-08-23 10:07:26.151917,6366,5475,2924,1
2026-08-23 10:07:26.151937,6273,4926,0,1
2026-08-23 10:07:26.151957,6350,5440,2363,1
2026-08-23 10:07:26.151977,6274,4890,0,1
2026-08-23 10:07:26.151996,6357,5436,2685,1
2026-08-23 10:07:26.152016,6300,4934,0,1
2026-08-23 10:07:26.152036,6378,5463,3213,1
2026-08-23 10:07:26.152056,6250,4835,0,1
2026-08-23 10:07:26.152076,6365,5425,2985,1
2026-08-23 10:07:26.152097,6288,4896,0,1
2026-08-23 10:07:26.152117,6358,5469,2970,1
2026-08-23 10:07:26.152137,6269,4854,0,1
2026-08-23 10:07:26.152157,6358,5453,2699,1
2026-08-23 10:07:26.152176,6293,4889,15,1
2026-08-23 10:07:26.152196,6367,5473,3154,1
2026-08-23 10:07:26.152216,6256,4814,0,1
2026-08-23 10:07:26.152236,6371,5488,3173,1
2026-08-23 10:07:26.152256,6285,4862,0,1
2026-08-23 10:07:26.152277,6355,5439,2701,1
2026-08-23 10:07:26.152297,6271,4865,0,1
2026-08-23 10:07:26.152317,6369,5437,3140,1
2026-08-23 10:07:26.152337,6262,4830,0,1
2026-08-23 10:07:26.152356,6374,5425,2912,1
2026-08-23 10:07:26.152376,6267,4826,0,1
2026-08-23 10:07:26.152396,6311,5329,1510,1
2026-08-23 10:07:26.152416,6287,4868,0,1
2026-08-23 10:07:26.152436,6357,5428,2671,1
2026-08-23 10:07:26.152457,6285,4885,0,1
2026-08-23 10:07:26.152477,6318,5347,1254,1
2026-08-23 10:07:26.152497,6275,4920,0,1
2026-08-23 10:07:26.152517,6372,5453,2925,1
2026-08-23 10:07:26.152536,6277,4912,0,1
2026-08-23 10:07:26.152556,6350,5443,2784,1
2026-08-23 10:07:26.152576,6270,4876,0,1
2026-08-23 10:07:26.152596,6358,5430,2711,1
2026-08-23 10:07:26.152617,6296,4941,0,1
2026-08-23 10:07:26.152637,6378,5506,3332,1
2026-08-23 10:07:26.152657,6279,4825,0,1
2026-08-23 10:07:26.152677,6297,5436,3016,1
2026-08-23 10:07:26.152696,6290,4903,6,1
2026-08-23 10:07:26.152716,6361,5436,2896,1
2026-08-23 10:07:26.152736,6274,4848,0,1
2026-08-23 10:07:26.152756,6371,5411,2820,1
2026-08-23 10:07:26.152776,6285,4875,0,1
2026-08-23 10:07:26.152797,6364,5441,3083,1
2026-08-23 10:07:26.152817,6254,4854,0,1
2026-08-23 10:07:26.152837,6366,5475,3288,1
2026-08-23 10:07:26.152857,6274,4826,0,1
2026-08-23 10:07:26.152876,6364,5379,2661,1
2026-08-23 10:07:26.152896,6273,4869,0,1
2026-08-23 10:07:26.152916,6220,5077,0,1
2026-08-23 10:07:26.152936,6273,4866,0,1
2026-08-23 10:07:26.152956,6364,5462,2913,1
2026-08-23 10:07:26.152977,6261,4859,0,1
2026-08-23 10:07:26.152997,6364,5431,2616,1
2026-08-23 10:07:26.153017,6282,4859,0,1
2026-08-23 10:07:26.153037,6365,5392,2672,1
2026-08-23 10:07:26.153056,6288,4891,0,1
2026-08-23 10:07:26.153076,6353,5410,2504,1
2026-08-23 10:07:26.153096,6262,4905,0,1
2026-08-23 10:07:26.153116,6354,5448,2813,1
2026-08-23 10:07:26.153136,6277,4899,0,1
2026-08-23 10:07:26.153157,6360,5482,2980,1
2026-08-23 10:07:26.153177,6264,4864,0,1
2026-08-23 10:07:26.153197,6360,5431,2776,1
2026-08-23 10:07:26.153217,6288,4926,13,1
2026-08-23 10:07:26.153236,6365,5455,3156,1
2026-08-23 10:07:26.153256,6249,4850,0,1
2026-08-23 10:07:26.153276,6371,5468,3182,1
2026-08-23 10:07:26.153296,6284,4851,0,1
2026-08-23 10:07:26.153316,6359,5411,2750,1
2026-08-23 10:07:26.153337,6269,4855,0,1
2026-08-23 10:07:26.153357,6369,5442,3084,1
2026-08-23 10:07:26.153377,6275,4819,0,1
2026-08-23 10:07:26.153397,6366,5405,2898,1
2026-08-23 10:07:26.153416,6264,4874,0,1
2026-08-23 10:07:26.153436,6211,5098,0,1
2026-08-23 10:07:26.153456,6278,4893,0,1
2026-08-23 10:07:26.153476,6359,5449,2651,1
2026-08-23 10:07:26.153497,6282,4895,0,1
2026-08-23 10:07:26.153517,6353,5465,2526,1
2026-08-23 10:07:26.153537,6261,4878,0,1
2026-08-23 10:07:26.153557,6372,5456,2940,1
2026-08-23 10:07:26.153576,6274,4924,0,1
2026-08-23 10:07:26.153596,6358,5497,3141,1
2026-08-23 10:07:26.153616,6259,4851,0,1
2026-08-23 10:07:26.153636,6366,5406,2713,1
2026-08-23 10:07:26.153656,6390,4925,0,1
2026-08-23 10:07:26.153677,6372,5475,3170,1
2026-08-23 10:07:26.153697,6258,4830,0,1
2026-08-23 10:07:26.153717,6370,5458,3033,1
2026-08-23 10:07:26.153737,6278,4872,4,1
2026-08-23 10:07:26.153756,6362,5417,2849,1
2026-08-23 10:07:26.153776,6274,4854,0,1
2026-08-23 10:07:26.153796,6363,5453,2892,1
2026-08-23 10:07:26.153816,6278,4911,0,1
2026-08-23 10:07:26.153836,6355,5435,2999,1
2026-08-23 10:07:26.153857,6257,4861,0,1
2026-08-23 10:07:26.153877,6363,5494,3348,1
2026-08-23 10:07:26.153897,6267,4853,0,1
2026-08-23 10:07:26.153917,6361,5372,2664,1
2026-08-23 10:07:26.153936,6271,4855,0,1
2026-08-23 10:07:26.153956,6432,5478,3275,1
2026-08-23 10:07:26.153976,6257,4762,0,1
2026-08-23 10:07:26.153996,6354,5375,2917,1
2026-08-23 10:07:26.154016,6275,4803,0,1
2026-08-23 10:07:26.154037,6321,5339,1915,1
2026-08-23 10:07:26.154057,6268,4841,0,1
2026-08-23 10:07:26.154077,6356,5409,2664,1
2026-08-23 10:07:26.154097,6285,4919,0,1
2026-08-23 10:07:26.154116,6369,5484,3118,1
2026-08-23 10:07:26.154136,6259,4860,0,1
2026-08-23 10:07:26.154156,6362,5429,2971,1
2026-08-23 10:07:26.154176,6274,4887,0,1
2026-08-23 10:07:26.154197,6356,5468,2994,1
2026-08-23 10:07:26.154217,6270,4839,0,1
2026-08-23 10:07:26.154237,6361,5413,2776,1
2026-08-23 10:07:26.154257,6289,4912,14,1
2026-08-23 10:07:26.154276,6379,5442,3203,1
2026-08-23 10:07:26.154296,6246,4814,0,1
2026-08-23 10:07:26.154316,6369,5481,3132,1
2026-08-23 10:07:26.154336,6277,4854,66,1
2026-08-23 10:07:26.154356,6355,5449,2738,1
2026-08-23 10:07:26.154377,6271,4849,0,1
2026-08-23 10:07:26.154397,6366,5441,3039,1
2026-08-23 10:07:26.154417,6267,4856,0,1
2026-08-23 10:07:26.154437,6359,5449,2931,1
2026-08-23 10:07:26.154456,6257,4831,0,1
2026-08-23 10:07:26.154476,6275,5245,284,1
2026-08-23 10:07:26.154496,6284,4936,0,1
2026-08-23 10:07:26.154516,6363,5486,2668,1
2026-08-23 10:07:26.154536,6274,4961,0,1
2026-08-23 10:07:26.154557,6268,5285,302,1
2026-08-23 10:07:26.154577,6273,4966,0,1
2026-08-23 10:07:26.154597,6370,5518,2945,1
2026-08-23 10:07:26.154617,6277,4932,0,1
2026-08-23 10:07:26.154636,6349,5487,2623,1
2026-08-23 10:07:26.154656,6273,4897,0,1
2026-08-23 10:07:26.154676,6356,5473,2708,1
2026-08-23 10:07:26.154696,6281,4956,0,1
2026-08-23 10:07:26.154716,6370,5518,3505,1
2026-08-23 10:07:26.154737,6269,4847,0,1
2026-08-23 10:07:26.154757,6366,5439,3010,1
2026-08-23 10:07:26.154777,6282,4914,9,1
2026-08-23 10:07:26.154797,6364,5470,2928,1
2026-08-23 10:07:26.154816,6279,4874,0,1
2026-08-23 10:07:26.154836,6365,5441,2822,1
2026-08-23 10:07:26.154856,6292,4878,12,1
2026-08-23 10:07:26.154876,6366,5447,3108,1
2026-08-23 10:07:26.154896,6251,4858,0,1
2026-08-23 10:07:26.154917,6370,5469,3247,1
2026-08-23 10:07:26.154937,6281,4861,0,1
2026-08-23 10:07:26.154957,6359,5390,2923,1
2026-08-23 10:07:26.154977,6279,4848,0,1
2026-08-23 10:07:26.154996,6374,5448,1890,1
2026-08-23 10:07:26.155016,6264,4800,0,1
2026-08-23 10:07:26.155036,6366,5388,2925,1
2026-08-23 10:07:26.155056,6268,4826,0,1
2026-08-23 10:07:26.155077,6340,5386,2321,1
2026-08-23 10:07:26.155097,6276,4859,0,1
2026-08-23 10:07:26.155117,6365,5434,2662,1
2026-08-23 10:07:26.155137,6278,4914,0,1
2026-08-23 10:07:26.155156,6348,5393,2248,1
2026-08-23 10:07:26.155176,6254,4891,0,1
2026-08-23 10:07:26.155196,6359,5485,2949,1
2026-08-23 10:07:26.155216,6286,4927,0,1
2026-08-23 10:07:26.155236,6360,5453,3026,1
2026-08-23 10:07:26.155257,6259,4844,0,1
2026-08-23 10:07:26.155277,6367,5411,2734,1
2026-08-23 10:07:26.155297,6288,4929,12,1
2026-08-23 10:07:26.155317,6368,5485,3194,1
2026-08-23 10:07:26.155336,6259,4824,0,1
2026-08-23 10:07:26.155356,6370,5431,3144,1
2026-08-23 10:07:26.155376,6289,4866,0,1
2026-08-23 10:07:26.155396,6359,5400,2759,1
2026-08-23 10:07:26.155416,6268,4869,0,1
2026-08-23 10:07:26.155437,6372,5483,3009,1
2026-08-23 10:07:26.155457,6279,4835,0,1
2026-08-23 10:07:26.155477,6374,5409,2956,1
2026-08-23 10:07:26.155497,6262,4832,0,1
2026-08-23 10:07:26.155516,6235,5156,0,1
2026-08-23 10:07:26.155536,6281,4818,0,1
2026-08-23 10:07:26.155556,6356,5370,2640,1
2026-08-23 10:07:26.155576,6275,4897,0,1
2026-08-23 10:07:26.155596,6350,5420,2358,1
2026-08-23 10:07:26.155617,6274,4862,0,1
2026-08-23 10:07:26.155637,6367,5432,2941,1
2026-08-23 10:07:26.155657,6268,4886,0,1
2026-08-23 10:07:26.155677,6364,5506,3136,1
2026-08-23 10:07:26.155696,6266,4889,0,1
2026-08-23 10:07:26.155716,6352,5449,2710,1
2026-08-23 10:07:26.155736,6290,4857,0,1
2026-08-23 10:07:26.155756,6372,5439,3174,1
2026-08-23 10:07:26.155777,6248,4863,0,1
2026-08-23 10:07:26.155797,6357,5425,3041,1
2026-08-23 10:07:26.155817,6290,4877,5,1
2026-08-23 10:07:26.155837,6362,5429,2821,1
2026-08-23 10:07:26.155856,6267,4862,0,1
2026-08-23 10:07:26.155876,6369,5443,2928,1
2026-08-23 10:07:26.155896,6278,4895,0,1
2026-08-23 10:07:26.155916,6358,5457,2992,1
2026-08-23 10:07:26.155936,6259,4826,0,1
2026-08-23 10:07:26.155957,6417,5460,1501,1
2026-08-23 10:07:26.155977,6282,4839,0,1
2026-08-23 10:07:26.155997,6363,5385,2638,1
2026-08-23 10:07:26.156017,6276,4894,0,1
2026-08-23 10:07:26.156036,6264,5130,0,1
2026-08-23 10:07:26.156056,6257,4852,0,1
2026-08-23 10:07:26.156076,6363,5402,2934,1
2026-08-23 10:07:26.156096,6279,4897,0,1
2026-08-23 10:07:26.156116,6342,5388,2258,1
2026-08-23 10:07:26.156137,6276,4869,0,1
2026-08-23 10:07:26.156157,6362,5427,2664,1
2026-08-23 10:07:26.156177,6299,4937,0,1
2026-08-23 10:07:26.156197,6371,5498,3205,1
2026-08-23 10:07:26.156216,6258,4874,0,1
2026-08-23 10:07:26.156236,6366,5465,2983,1
2026-08-23 10:07:26.156256,6285,4879,0,1
2026-08-23 10:07:26.156276,6365,5436,2957,1
2026-08-23 10:07:26.156296,6267,4873,0,1
2026-08-23 10:07:26.156317,6355,5443,2785,1
2026-08-23 10:07:26.156337,6295,4882,5,1
2026-08-23 10:07:26.156357,6372,5477,3149,1
2026-08-23 10:07:26.156377,6253,4834,0,1
2026-08-23 10:07:26.156396,6367,5465,3199,1
2026-08-23 10:07:26.156416,6288,4856,0,1
2026-08-23 10:07:26.156436,6357,5431,2718,1
2026-08-23 10:07:26.156456,6263,4885,0,1
2026-08-23 10:07:26.156476,6368,5465,3127,1
2026-08-23 10:07:26.156497,6266,4784,0,1
2026-08-23 10:07:26.156517,6366,5377,2935,1
2026-08-23 10:07:26.156537,6273,4839,0,1
2026-08-23 10:07:26.156557,6325,5333,1703,1
2026-08-23 10:07:26.156576,6243,4899,0,1
2026-08-23 10:07:26.156596,6351,5432,2666,1
2026-08-23 10:07:26.156616,6281,4924,0,1
2026-08-23 10:07:26.156636,6320,5375,1624,1
2026-08-23 10:07:26.156657,6270,4930,0,1
2026-08-23 10:07:26.156677,6365,5498,2934,1
2026-08-23 10:07:26.156697,6276,4906,0,1
2026-08-23 10:07:26.156717,6360,5494,2854,1
2026-08-23 10:07:26.156736,6269,4875,0,1
2026-08-23 10:07:26.156756,6357,5435,2718,1
2026-08-23 10:07:26.156776,6279,4944,8,1
2026-08-23 10:07:26.156796,6376,5465,3300,1
2026-08-23 10:07:26.156816,6260,4839,0,1
2026-08-23 10:07:26.156837,6366,5471,3060,1
2026-08-23 10:07:26.156857,6295,4902,1,1
2026-08-23 10:07:26.156877,6368,5423,2866,1
2026-08-23 10:07:26.156897,6251,4843,0,1
2026-08-23 10:07:26.156916,6364,5436,2901,1
2026-08-23 10:07:26.156936,6287,4888,0,1
2026-08-23 10:07:26.156956,6365,5424,3032,1
2026-08-23 10:07:26.156976,6257,4827,0,1
2026-08-23 10:07:26.156996,6376,5446,3338,1
2026-08-23 10:07:26.157017,6293,4829,0,1
2026-08-23 10:07:26.157037,6353,5390,2668,1
2026-08-23 10:07:26.157057,6278,4853,0,1
2026-08-23 10:07:26.157077,6229,5173,0,1
2026-08-23 10:07:26.157096,6277,4967,0,1
2026-08-23 10:07:26.157116,6364,5499,2924,1
2026-08-23 10:07:26.157136,6284,4902,0,1
2026-08-23 10:07:26.157156,6358,5427,2600,1
2026-08-23 10:07:26.157176,6278,4883,0,1
2026-08-23 10:07:26.157197,6359,5431,2668,1
2026-08-23 10:07:26.157217,6273,4935,0,1
2026-08-23 10:07:26.157237,6349,5401,2297,1
2026-08-23 10:07:26.157257,6265,4917,0,1
2026-08-23 10:07:26.157276,6369,5450,2957,1
2026-08-23 10:07:26.157296,6298,4927,0,1
2026-08-23 10:07:26.157316,6345,5484,3047,1
2026-08-23 10:07:26.157336,6266,4876,0,1
2026-08-23 10:07:26.157357,6351,5411,2743,1
2026-08-23 10:07:26.157377,6294,4924,16,1
2026-08-23 10:07:26.157397,6405,5457,3254,1
2026-08-23 10:07:26.157417,6255,4864,0,1
2026-08-23 10:07:26.157436,6370,5430,3097,1
2026-08-23 10:07:26.157456,6299,4864,10,1
2026-08-23 10:07:26.157476,6368,5413,2799,1
2026-08-23 10:07:26.157496,6262,4850,0,1
2026-08-23 10:07:26.157516,6362,5474,2931,1
2026-08-23 10:07:26.157537,6287,4870,0,1
2026-08-23 10:07:26.157557,6353,5463,3000,1
2026-08-23 10:07:26.157577,6260,4832,0,1
2026-08-23 10:07:26.157597,6376,5490,3388,1
2026-08-23 10:07:26.157616,6276,4837,0,1
2026-08-23 10:07:26.157636,6368,5403,2622,1
2026-08-23 10:07:26.157656,6283,4883,0,1
2026-08-23 10:07:26.157676,6298,5312,1094,1
2026-08-23 10:07:26.157696,6271,4935,0,1
2026-08-23 10:07:26.157717,6360,5464,3023,1
2026-08-23 10:07:26.157737,6278,4929,0,1
2026-08-23 10:07:26.157757,6356,5484,2906,1
2026-08-23 10:07:26.157777,6262,4887,0,1
2026-08-23 10:07:26.157796,6317,5416,2682,1
2026-08-23 10:07:26.157816,6277,4927,0,1
2026-08-23 10:07:26.157836,6365,5469,3005,1
2026-08-23 10:07:26.157856,6257,4879,0,1
2026-08-23 10:07:26.157876,6370,5441,2995,1
2026-08-23 10:07:26.157897,6282,4921,0,1
2026-08-23 10:07:26.157917,6364,5442,2938,1
2026-08-23 10:07:26.157937,6266,4849,0,1
2026-08-23 10:07:26.157957,6359,5452,2811,1
2026-08-23 10:07:26.157976,6279,4881,5,1
2026-08-23 10:07:26.157996,6375,5467,3100,1
2026-08-23 10:07:26.158016,6262,4831,0,1
2026-08-23 10:07:26.158036,6371,5466,3245,1
2026-08-23 10:07:26.158056,6279,4867,0,1
2026-08-23 10:07:26.158077,6363,5408,2728,1
2026-08-23 10:07:26.158097,6269,4845,0,1
2026-08-23 10:07:26.158117,6374,5446,3156,1
2026-08-23 10:07:26.158137,6267,4774,0,1
2026-08-23 10:07:26.158156,6362,5413,2921,1
2026-08-23 10:07:26.158176,6264,4808,0,1
2026-08-23 10:07:26.158196,6289,5223,604,1
2026-08-23 10:07:26.158216,6271,4909,0,1
2026-08-23 10:07:26.158237,6358,5459,2667,1
2026-08-23 10:07:26.158257,6282,4918,0,1
2026-08-23 10:07:26.158277,6365,5468,2871,1
2026-08-23 10:07:26.158297,6256,4857,0,1
2026-08-23 10:07:26.158316,6367,5448,2951,1
2026-08-23 10:07:26.158336,6277,4922,0,1
2026-08-23 10:07:26.158356,6367,5470,3085,1
2026-08-23 10:07:26.158376,6271,4845,0,1
2026-08-23 10:07:26.158396,6352,5439,2748,1
2026-08-23 10:07:26.158417,6192,4925,2,1
2026-08-23 10:07:26.158437,6365,5470,3238,1
2026-08-23 10:07:26.158457,6248,4858,0,1
2026-08-23 10:07:26.158477,6363,5452,3104,1
2026-08-23 10:07:26.158496,6288,4879,6,1
2026-08-23 10:07:26.158516,6347,5407,2761,1
2026-08-23 10:07:26.158536,6345,4890,0,1
2026-08-23 10:07:26.158556,6372,5434,3004,1
2026-08-23 10:07:26.158576,6276,4826,0,1
2026-08-23 10:07:26.158597,6370,5437,2971,1
2026-08-23 10:07:26.158617,6256,4858,0,1
2026-08-23 10:07:26.158637,6246,5175,0,1
2026-08-23 10:07:26.158657,6291,4920,0,1
2026-08-23 10:07:26.158676,6360,5505,2660,1
2026-08-23 10:07:26.158696,6284,4943,0,1
2026-08-23 10:07:26.158716,6276,5254,72,1
2026-08-23 10:07:26.158736,6278,4945,0,1
2026-08-23 10:07:26.158756,6366,5504,2916,1
2026-08-23 10:07:26.158777,6267,4966,0,1
2026-08-23 10:07:26.158797,6356,5449,2626,1
2026-08-23 10:07:26.158817,6273,4899,0,1
2026-08-23 10:07:26.158837,6359,5451,2696,1
2026-08-23 10:07:26.158856,6278,4957,0,1
2026-08-23 10:07:26.158876,6365,5504,3299,1
2026-08-23 10:07:26.158896,6257,4877,0,1
2026-08-23 10:07:26.158916,6365,5431,3001,1
2026-08-23 10:07:26.158937,6288,4878,18,1
2026-08-23 10:07:26.158957,6362,5419,2890,1
2026-08-23 10:07:26.158977,6268,4851,0,1
2026-08-23 10:07:26.158997,6364,5461,2847,1
2026-08-23 10:07:26.159016,6292,4901,2,1
2026-08-23 10:07:26.159036,6369,5444,3043,1
2026-08-23 10:07:26.159056,6246,4856,0,1
2026-08-23 10:07:26.159076,6369,5474,3316,1
2026-08-23 10:07:26.159096,6277,4850,0,1
2026-08-23 10:07:26.159117,6351,5410,2651,1
2026-08-23 10:07:26.159137,6271,4851,0,1
2026-08-23 10:07:26.159157,6242,5229,0,1
2026-08-23 10:07:26.159177,6285,4921,0,1
2026-08-23 10:07:26.159196,6353,5471,2914,1
2026-08-23 10:07:26.159216,6267,4885,0,1
2026-08-23 10:07:26.159236,6349,5437,2745,1
2026-08-23 10:07:26.159256,6272,4878,0,1
2026-08-23 10:07:26.159276,6361,5472,2683,1
2026-08-23 10:07:26.159297,6286,4898,0,1
2026-08-23 10:07:26.159317,6357,5461,2719,1
2026-08-23 10:07:26.159337,6263,4863,0,1
2026-08-23 10:07:26.159357,6362,5469,2970,1
2026-08-23 10:07:26.159376,6281,4915,0,1
2026-08-23 10:07:26.159396,6357,5468,2951,1
2026-08-23 10:07:26.159416,6264,4859,0,1
2026-08-23 10:07:26.159436,6363,5444,2803,1
2026-08-23 10:07:26.159456,6276,4920,15,1
2026-08-23 10:07:26.159477,6358,5451,3115,1
2026-08-23 10:07:26.159497,6259,4828,0,1
2026-08-23 10:07:26.159517,6365,5477,3233,1
2026-08-23 10:07:26.159537,6272,4853,0,1
2026-08-23 10:07:26.159556,6359,5424,2728,1
2026-08-23 10:07:26.159576,6265,4884,0,1
2026-08-23 10:07:26.159596,6368,5448,3158,1
2026-08-23 10:07:26.159616,6267,4812,0,1
2026-08-23 10:07:26.159636,6372,5402,2911,1
2026-08-23 10:07:26.159657,6260,4823,0,1
2026-08-23 10:07:26.159677,6306,5300,965,1
2026-08-23 10:07:26.159697,6266,4931,0,1
2026-08-23 10:07:26.159717,6357,5478,2658,1
2026-08-23 10:07:26.159736,6285,4917,0,1
2026-08-23 10:07:26.159756,6364,5500,2977,1
2026-08-23 10:07:26.159776,6265,4861,0,1
2026-08-23 10:07:26.159796,6365,5450,2968,1
2026-08-23 10:07:26.159817,6279,4884,0,1
2026-08-23 10:07:26.159837,6363,5450,3013,1
2026-08-23 10:07:26.159857,6264,4883,0,1
2026-08-23 10:07:26.159877,6358,5420,2768,1
2026-08-23 10:07:26.159896,6425,4916,13,1
2026-08-23 10:07:26.159916,6358,5485,3025,1
2026-08-23 10:07:26.159936,6260,4829,0,1
2026-08-23 10:07:26.159956,6381,5437,3163,1
2026-08-23 10:07:26.159976,6285,4860,0,1
2026-08-23 10:07:26.159997,6354,5425,2726,1
2026-08-23 10:07:26.160017,6272,4854,0,1
2026-08-23 10:07:26.160037,6356,5475,3097,1
2026-08-23 10:07:26.160057,6266,4840,0,1
2026-08-23 10:07:26.160076,6360,5390,2925,1
2026-08-23 10:07:26.160096,6268,4813,0,1
2026-08-23 10:07:26.160116,6302,5330,1547,1
2026-08-23 10:07:26.160136,6277,4910,0,1
2026-08-23 10:07:26.160156,6353,5458,2652,1
2026-08-23 10:07:26.160177,6282,4915,0,1
2026-08-23 10:07:26.160197,6325,5361,1695,1
2026-08-23 10:07:26.160217,6260,4937,0,1
2026-08-23 10:07:26.160237,6370,5468,2933,1
2026-08-23 10:07:26.160256,6281,4936,0,1
2026-08-23 10:07:26.160276,6362,5502,3090,1
2026-08-23 10:07:26.160296,6265,4853,0,1
2026-08-23 10:07:26.160316,6316,5409,2735,1
2026-08-23 10:07:26.160336,6288,4883,7,1
2026-08-23 10:07:26.160357,6358,5421,3228,1
2026-08-23 10:07:26.160377,6244,4826,0,1
2026-08-23 10:07:26.160397,6365,5461,3121,1
2026-08-23 10:07:26.160417,6291,4897,3,1
2026-08-23 10:07:26.160436,6364,5400,2766,1
2026-08-23 10:07:26.160456,6257,4875,0,1
2026-08-23 10:07:26.160476,6419,5464,3010,1
2026-08-23 10:07:26.160496,6271,4859,0,1
2026-08-23 10:07:26.160517,6364,5408,2939,1
2026-08-23 10:07:26.160537,6261,4873,0,1
2026-08-23 10:07:26.160557,6199,5052,0,1
2026-08-23 10:07:26.160577,6276,4822,0,1
2026-08-23 10:07:26.160596,6350,5423,2646,1
2026-08-23 10:07:26.160616,6282,4874,0,1
2026-08-23 10:07:26.160636,6359,5403,2635,1
2026-08-23 10:07:26.160656,6269,4857,0,1
2026-08-23 10:07:26.160676,6372,5477,2947,1
2026-08-23 10:07:26.160697,6274,4890,0,1
2026-08-23 10:07:26.160717,6367,5465,3060,1
2026-08-23 10:07:26.160737,6267,4888,0,1
2026-08-23 10:07:26.160757,6358,5428,2690,1
2026-08-23 10:07:26.160776,6283,4923,13,1
2026-08-23 10:07:26.160796,6366,5482,3204,1
2026-08-23 10:07:26.160816,6239,4825,0,1
2026-08-23 10:07:26.160836,6354,5436,3128,1
2026-08-23 10:07:26.160856,6276,4883,0,1
2026-08-23 10:07:26.160877,6363,5441,2738,1
2026-08-23 10:07:26.160897,6277,4884,0,1
2026-08-23 10:07:26.160917,6365,5472,3048,1
2026-08-23 10:07:26.160937,6270,4800,0,1
2026-08-23 10:07:26.160956,6358,5384,2928,1
2026-08-23 10:07:26.160976,6263,4834,0,1
2026-08-23 10:07:26.160996,6313,5324,1433,1
2026-08-23 10:07:26.161016,6274,4886,0,1
2026-08-23 10:07:26.161036,6355,5458,2649,1
2026-08-23 10:07:26.161057,6278,4908,0,1
2026-08-23 10:07:26.161077,6337,5359,1733,1
2026-08-23 10:07:26.161097,6268,4906,0,1
2026-08-23 10:07:26.161117,6376,5481,2944,1
2026-08-23 10:07:26.161136,6300,4910,0,1
2026-08-23 10:07:26.161156,6366,5467,3086,1
2026-08-23 10:07:26.161176,6252,4895,0,1
2026-08-23 10:07:26.161196,6364,5429,2737,1
2026-08-23 10:07:26.161216,6290,4904,0,1
2026-08-23 10:07:26.161237,6373,5497,3243,1
2026-08-23 10:07:26.161257,6252,4844,0,1
2026-08-23 10:07:26.161277,6373,5414,3100,1
2026-08-23 10:07:26.161297,6283,4863,10,1
2026-08-23 10:07:26.161316,6354,5438,2786,1
2026-08-23 10:07:26.161336,6262,4852,0,1
2026-08-23 10:07:26.161356,6368,5439,2973,1
2026-08-23 10:07:26.161376,6277,4846,0,1
2026-08-23 10:07:26.161397,6359,5448,2965,1
2026-08-23 10:07:26.161417,6259,4829,0,1
2026-08-23 10:07:26.161437,6381,5457,3477,1
2026-08-23 10:07:26.161457,6268,4786,0,1
2026-08-23 10:07:26.161476,6356,5362,2416,1
2026-08-23 10:07:26.161496,6271,4867,0,1
2026-08-23 10:07:26.161516,6322,5359,2021,1
2026-08-23 10:07:26.161536,6276,4882,0,1
2026-08-23 10:07:26.161556,6364,5456,2939,1
2026-08-23 10:07:26.161577,6282,4894,0,1
2026-08-23 10:07:26.161597,6367,5474,3224,1
2026-08-23 10:07:26.161617,6269,4869,0,1
2026-08-23 10:07:26.161637,6363,5403,2708,1
2026-08-23 10:07:26.161656,6271,4910,0,1
2026-08-23 10:07:26.161676,6369,5426,2720,1
2026-08-23 10:07:26.161696,6113,4850,0,1
2026-08-23 10:07:26.161716,6362,5448,2989,1
2026-08-23 10:07:26.161736,6279,4908,0,1
2026-08-23 10:07:26.161757,6354,5485,3003,1
2026-08-23 10:07:26.161777,6277,4854,0,1
2026-08-23 10:07:26.161797,6359,5420,2767,1
2026-08-23 10:07:26.161817,6291,4896,11,1
2026-08-23 10:07:26.161836,6368,5470,3225,1
2026-08-23 10:07:26.161856,6252,4864,0,1
2026-08-23 10:07:26.161876,6362,5459,3117,1
2026-08-23 10:07:26.161896,6292,4859,22,1
2026-08-23 10:07:26.161916,6358,5443,2817,1
2026-08-23 10:07:26.161937,6265,4876,0,1
2026-08-23 10:07:26.161957,6362,5460,2929,1
2026-08-23 10:07:26.161977,6271,4865,0,1
2026-08-23 10:07:26.161997,6369,5449,3008,1
2026-08-23 10:07:26.162016,6251,4861,0,1
2026-08-23 10:07:26.162036,6362,5450,3377,1
2026-08-23 10:07:26.162056,6277,4818,0,1
2026-08-23 10:07:26.162076,6359,5371,2677,1
2026-08-23 10:07:26.162097,6269,4851,0,1
2026-08-23 10:07:26.162117,6246,5186,0,1
2026-08-23 10:07:26.162137,6273,4926,0,1
2026-08-23 10:07:26.162157,6371,5490,2931,1
2026-08-23 10:07:26.162176,6267,4935,0,1
2026-08-23 10:07:26.162196,6362,5435,2455,1
2026-08-23 10:07:26.162216,6273,4878,0,1
2026-08-23 10:07:26.162236,6354,5456,2683,1
2026-08-23 10:07:26.162256,6273,4920,0,1
2026-08-23 10:07:26.162277,6339,5379,1937,1
2026-08-23 10:07:26.162297,6261,4928,0,1
2026-08-23 10:07:26.162317,6368,5504,2950,1
2026-08-23 10:07:26.162337,6277,4948,0,1
2026-08-23 10:07:26.162356,6368,5450,2823,1
2026-08-23 10:07:26.162376,6277,4860,0,1
2026-08-23 10:07:26.162396,6381,2747,2611,1
2026-08-23 10:07:26.162416,6274,2970,0,1
2026-08-23 10:07:26.162436,6343,4015,2613,1
2026-08-23 10:07:26.162457,6276,3888,0,1
2026-08-23 10:07:26.162477,6354,4692,2526,1
2026-08-23 10:07:26.162497,6252,4361,0,1
2026-08-23 10:07:26.162517,6307,4915,920,1
2026-08-23 10:07:26.162536,6234,4534,0,1
2026-08-23 10:07:26.162556,6352,5254,3032,1
2026-08-23 10:07:26.162576,6267,4675,0,1
2026-08-23 10:07:26.162596,6350,5291,2423,1
2026-08-23 10:07:26.162616,6284,4799,0,1
2026-08-23 10:07:26.162637,6356,5365,3024,1
2026-08-23 10:07:26.162657,6235,4787,0,1
2026-08-23 10:07:26.162677,6373,5394,3405,1
2026-08-23 10:07:26.162697,6251,4762,0,1
2026-08-23 10:07:26.162716,6349,5308,2502,1
2026-08-23 10:07:26.162736,6278,4820,0,1
2026-08-23 10:07:26.162756,6356,5424,2994,1
2026-08-23 10:07:26.162776,6238,4803,0,1
2026-08-23 10:07:26.162796,6368,5405,3434,1
2026-08-23 10:07:26.162817,6247,4735,0,1
2026-08-23 10:07:26.162837,6344,5342,2526,1
2026-08-23 10:07:26.162857,6279,4862,0,1
2026-08-23 10:07:26.162877,6360,5413,3098,1
2026-08-23 10:07:26.162896,6234,4829,0,1
2026-08-23 10:07:26.162916,6353,5445,3297,1
2026-08-23 10:07:26.162936,6260,4810,0,1
2026-08-23 10:07:26.162956,6345,5354,2535,1
2026-08-23 10:07:26.162977,6271,4871,0,1
2026-08-23 10:07:26.162997,6356,5365,2454,1
2026-08-23 10:07:26.163017,6245,4820,0,1
2026-08-23 10:07:26.163037,6370,5417,3004,1
2026-08-23 10:07:26.163056,6285,4870,0,1
2026-08-23 10:07:26.163076,6360,5431,2622,1
2026-08-23 10:07:26.163096,6261,4885,0,1
2026-08-23 10:07:26.163116,6283,5260,806,1
2026-08-23 10:07:26.163136,6246,4933,0,1
2026-08-23 10:07:26.163157,6346,5489,2876,1
2026-08-23 10:07:26.163177,6262,4914,0,1
2026-08-23 10:07:26.163197,6348,5491,2934,1
2026-08-23 10:07:26.163217,6251,4882,0,1
2026-08-23 10:07:26.163236,6354,5449,2822,1
2026-08-23 10:07:26.163256,6277,4901,0,1
2026-08-23 10:07:26.163276,6353,5458,2905,1
2026-08-23 10:07:26.163296,6259,4858,0,1
2026-08-23 10:07:26.163316,6303,5273,1076,1
2026-08-23 10:07:26.230819,6327,2802,11,1
2026-08-23 10:07:26.230839,6361,3973,3366,1
2026-08-23 10:07:26.230859,6275,3707,5,1
2026-08-23 10:07:26.230879,6366,4635,3368,1
2026-08-23 10:07:26.230899,6271,4205,5,1
2026-08-23 10:07:26.230919,6379,4961,3713,1
2026-08-23 10:07:26.230939,6280,4402,7,1
2026-08-23 10:07:26.230959,6357,5170,3717,1
2026-08-23 10:07:26.230979,6269,4571,4,1
2026-08-23 10:07:26.230999,6358,5252,3719,1
2026-08-23 10:07:26.231019,6274,4587,11,1
2026-08-23 10:07:26.231039,6369,5298,3698,1
2026-08-23 10:07:26.231059,6275,4626,0,1
2026-08-23 10:07:26.231079,6363,5299,3374,1
2026-08-23 10:07:26.231099,6279,4696,18,1
2026-08-23 10:07:26.231119,6363,5346,3372,1
2026-08-23 10:07:26.231139,6271,4684,0,1
2026-08-23 10:07:26.231159,6359,5344,3432,1
2026-08-23 10:07:26.231179,6268,4691,4,1
2026-08-23 10:07:26.231199,6362,5320,3340,1
2026-08-23 10:07:26.231219,6270,4695,11,1
2026-08-23 10:07:26.231239,6370,5362,3704,1
2026-08-23 10:07:26.231259,6267,4721,11,1
2026-08-23 10:07:26.231279,6371,5330,3689,1
2026-08-23 10:07:26.231299,6267,4682,10,1
2026-08-23 10:07:26.231319,6376,5351,3706,1
2026-08-23 10:07:26.231339,6274,4726,11,1
2026-08-23 10:07:26.231359,6378,5362,3717,1
2026-08-23 10:07:26.231379,6267,4717,0,1
2026-08-23 10:07:26.231399,6362,5325,3360,1
2026-08-23 10:07:26.231419,6257,4719,0,1
2026-08-23 10:07:26.231439,6358,5358,3382,1
2026-08-23 10:07:26.231459,6271,4679,6,1
2026-08-23 10:07:26.231479,6358,5314,3378,1
2026-08-23 10:07:26.231499,6268,4687,33,1
2026-08-23 10:07:26.231519,6366,5307,3361,1
2026-08-23 10:07:26.231539,6276,4728,8,1
2026-08-23 10:07:26.231559,6355,5345,3368,1
2026-08-23 10:07:26.231579,6271,4730,4,1
2026-08-23 10:07:26.231599,6387,5368,3731,1
2026-08-23 10:07:26.251409,6318,3215,15,1
2026-08-23 10:07:26.251429,6356,4234,3372,1
2026-08-23 10:07:26.251449,6276,3903,10,1
2026-08-23 10:07:26.251469,6360,4778,3348,1
2026-08-23 10:07:26.251489,6266,4318,2,1
2026-08-23 10:07:26.251509,6352,5016,3357,1
2026-08-23 10:07:26.251529,6273,4502,8,1
2026-08-23 10:07:26.251549,6360,5225,3698,1
2026-08-23 10:07:26.251570,6279,4570,5,1
2026-08-23 10:07:26.251589,6378,5300,3700,1
2026-08-23 10:07:26.251609,6269,4658,5,1
2026-08-23 10:07:26.251629,6357,5329,3709,1
2026-08-23 10:07:26.251649,6282,4667,0,1
2026-08-23 10:07:26.251669,6301,5268,3776,1
2026-08-23 10:07:26.269012,6332,4148,10,1
2026-08-23 10:07:26.269032,6380,5015,3756,1
2026-08-23 10:07:26.269052,6280,4459,20,1
2026-08-23 10:07:26.269072,6367,5192,3724,1
2026-08-23 10:07:26.269092,6276,4573,12,1
2026-08-23 10:07:26.269112,6366,5264,3697,1
2026-08-23 10:07:26.269132,6268,4585,12,1
2026-08-23 10:07:26.269152,6364,5304,3708,1
2026-08-23 10:07:26.269172,6269,4668,8,1
2026-08-23 10:07:26.269192,6369,5327,3693,1
2026-08-23 10:07:26.269212,6273,4689,23,1
2026-08-23 10:07:26.269232,6364,5258,3408,1
2026-08-23 10:07:26.286887,6318,4288,6,1
2026-08-23 10:07:26.286907,6363,5044,3382,1
2026-08-23 10:07:26.286927,6261,4524,8,1
2026-08-23 10:07:26.286947,6358,5175,3344,1
2026-08-23 10:07:26.286967,6261,4581,17,1
2026-08-23 10:07:26.286987,6363,5255,3343,1
2026-08-23 10:07:26.287007,6271,4695,6,1
2026-08-23 10:07:26.287027,6366,5310,3701,1
2026-08-23 10:07:26.287047,6245,4704,13,1
2026-08-23 10:07:26.287067,6368,5347,3748,1
2026-08-23 10:07:26.287087,6272,4662,12,1
2026-08-23 10:07:26.287107,6382,5334,3725,1
2026-08-23 10:07:26.304930,6315,4270,9,1
2026-08-23 10:07:26.304950,6378,5027,3714,1
2026-08-23 10:07:26.304970,6278,4494,10,1
2026-08-23 10:07:26.304990,6364,5211,3699,1
2026-08-23 10:07:26.305010,6275,4555,10,1
2026-08-23 10:07:26.305030,6364,5270,3689,1
2026-08-23 10:07:26.305050,6269,4641,25,1
2026-08-23 10:07:26.305070,6367,5326,3666,1
2026-08-23 10:07:26.305090,6262,4699,13,1
2026-08-23 10:07:26.305110,6358,5294,3640,1
2026-08-23 10:07:26.305130,6276,4708,6,1
2026-08-23 10:07:26.305150,6370,5333,3621,1
2026-08-23 10:07:26.324893,6327,4283,0,1
2026-08-23 10:07:26.324913,6373,5030,3515,1
2026-08-23 10:07:26.324933,6271,4537,3,1
2026-08-23 10:07:26.324953,6354,5229,3550,1
2026-08-23 10:07:26.324973,6269,4657,0,1
2026-08-23 10:07:26.324993,6365,5265,3349,1
2026-08-23 10:07:26.325013,6274,4689,19,1
2026-08-23 10:07:26.325033,6351,5334,3225,1
2026-08-23 10:07:26.325053,6270,4739,13,1
2026-08-23 10:07:26.325073,6349,5334,3165,1
2026-08-23 10:07:26.325093,6275,4764,0,1
2026-08-23 10:07:26.325113,6360,5352,3105,1
2026-08-23 10:07:26.325133,6290,4743,0,1
2026-08-23 10:07:26.344914,6384,4870,3309,1
2026-08-23 10:07:26.344934,6264,4369,0,1
2026-08-23 10:07:26.344954,6358,5142,3394,1
2026-08-23 10:07:26.344974,6272,4568,5,1
2026-08-23 10:07:26.344994,6361,5253,3139,1
2026-08-23 10:07:26.345014,6268,4703,0,1
2026-08-23 10:07:26.345034,6351,5287,2897,1
2026-08-23 10:07:26.345054,6267,4791,0,1
2026-08-23 10:07:26.345074,6357,5360,3130,1
2026-08-23 10:07:26.345094,6270,4806,6,1
2026-08-23 10:07:26.345114,6361,5369,3361,1
2026-08-23 10:07:26.345134,6256,4783,0,1
2026-08-23 10:07:26.345154,6372,5349,3231,1
2026-08-23 10:07:26.364551,6307,4290,0,1
2026-08-23 10:07:26.364571,6370,5031,3178,1
2026-08-23 10:07:26.364591,6273,4542,20,1
2026-08-23 10:07:26.364611,6350,5199,3353,1
2026-08-23 10:07:26.364631,6247,4674,0,1
2026-08-23 10:07:26.364651,6353,5306,3160,1
2026-08-23 10:07:26.364671,6276,4755,0,1
2026-08-23 10:07:26.364691,6228,5091,0,1
2026-08-23 10:07:26.364711,6272,4762,0,1
2026-08-23 10:07:26.364731,6353,5348,2922,1
2026-08-23 10:07:26.364751,6265,4789,0,1
2026-08-23 10:07:26.364771,6365,5368,2959,1
2026-08-23 10:07:26.364791,6284,4835,0,1
2026-08-23 10:07:26.384499,6374,4877,2969,1
2026-08-23 10:07:26.384519,6252,4456,0,1
2026-08-23 10:07:26.384539,6350,5159,2817,1
2026-08-23 10:07:26.384559,6281,4677,13,1
2026-08-23 10:07:26.384579,6372,5324,3315,1
2026-08-23 10:07:26.384599,6243,4689,0,1
2026-08-23 10:07:26.384619,6350,5331,3050,1
2026-08-23 10:07:26.384640,6274,4821,14,1
2026-08-23 10:07:26.384659,6353,5365,3005,1
2026-08-23 10:07:26.384679,6256,4780,0,1
2026-08-23 10:07:26.384699,6344,5394,2779,1
2026-08-23 10:07:26.384719,6284,4871,0,1
2026-08-23 10:07:26.384739,6350,5444,3276,1
2026-08-23 10:07:26.404347,6304,4284,0,1
2026-08-23 10:07:26.404367,6362,5026,3033,1
2026-08-23 10:07:26.404387,6268,4509,0,1
2026-08-23 10:07:26.404407,6400,5187,3240,1
2026-08-23 10:07:26.404427,6240,4669,0,1
2026-08-23 10:07:26.404447,6355,5286,3143,1
2026-08-23 10:07:26.404467,6276,4792,6,1
2026-08-23 10:07:26.404487,6375,5341,3001,1
2026-08-23 10:07:26.404507,6268,4807,0,1
2026-08-23 10:07:26.404527,6353,5392,2802,1
2026-08-23 10:07:26.404547,6273,4838,5,1
2026-08-23 10:07:26.404567,6372,5415,3395,1
2026-08-23 10:07:26.404587,6251,4770,0,1
2026-08-23 10:07:26.424359,6382,4881,3200,1
2026-08-23 10:07:26.424379,6257,4377,0,1
2026-08-23 10:07:26.424399,6348,5052,2897,1
2026-08-23 10:07:26.424419,6250,4584,0,1
2026-08-23 10:07:26.424439,6295,5074,1207,1
2026-08-23 10:07:26.424459,6273,4792,0,1
2026-08-23 10:07:26.424479,6349,5371,2667,1
2026-08-23 10:07:26.424499,6272,4865,0,1
2026-08-23 10:07:26.424519,6360,5418,2981,1
2026-08-23 10:07:26.424539,6253,4808,0,1
2026-08-23 10:07:26.424559,6350,5432,2973,1
2026-08-23 10:07:26.424579,6277,4835,0,1
2026-08-23 10:07:26.424599,6353,5412,2956,1
2026-08-23 10:07:26.444429,6288,4245,0,1
2026-08-23 10:07:26.444449,6368,5001,3464,1
2026-08-23 10:07:26.444469,6268,4495,0,1
2026-08-23 10:07:26.444489,6345,5179,2788,1
2026-08-23 10:07:26.444509,6264,4660,0,1
2026-08-23 10:07:26.444529,6364,5290,3175,1
2026-08-23 10:07:26.444549,6259,4740,0,1
2026-08-23 10:07:26.444569,6356,5337,3151,1
2026-08-23 10:07:26.444589,6247,4788,0,1
2026-08-23 10:07:26.444609,6361,5407,3234,1
2026-08-23 10:07:26.444629,6267,4829,8,1
2026-08-23 10:07:26.444649,6354,5384,2851,1
2026-08-23 10:07:26.444669,6271,4785,0,1
2026-08-23 10:07:26.464418,6346,4842,2182,1
2026-08-23 10:07:26.464438,6270,4465,0,1
2026-08-23 10:07:26.464458,6345,5095,2701,1
2026-08-23 10:07:26.464478,6276,4670,6,1
2026-08-23 10:07:26.464499,6354,5301,3282,1
2026-08-23 10:07:26.464519,6239,4703,0,1
2026-08-23 10:07:26.464539,6355,5334,3060,1
2026-08-23 10:07:26.464559,6263,4819,4,1
2026-08-23 10:07:26.464578,6350,5386,2829,1
2026-08-23 10:07:26.464598,6252,4819,0,1
2026-08-23 10:07:26.464618,6347,5402,2915,1
2026-08-23 10:07:26.464638,6275,4831,0,1
2026-08-23 10:07:26.464658,6359,5403,2976,1
2026-08-23 10:07:26.484258,6320,4306,12,1
2026-08-23 10:07:26.484278,6365,5034,3254,1
2026-08-23 10:07:26.484298,6238,4527,0,1
2026-08-23 10:07:26.484318,6350,5205,3124,1
2026-08-23 10:07:26.484338,6261,4716,2,1
2026-08-23 10:07:26.484358,6347,5296,2954,1
2026-08-23 10:07:26.484378,6256,4758,0,1
2026-08-23 10:07:26.484398,6349,5348,2819,1
2026-08-23 10:07:26.484418,6270,4822,6,1
2026-08-23 10:07:26.484438,6386,5422,3236,1
2026-08-23 10:07:26.484458,6233,4789,0,1
2026-08-23 10:07:26.484478,6351,5393,3173,1
2026-08-23 10:07:26.484498,6288,4862,0,1
2026-08-23 10:07:26.504393,6372,4917,3005,1
2026-08-23 10:07:26.504413,6274,4468,0,1
2026-08-23 10:07:26.504433,6347,5105,2735,1
2026-08-23 10:07:26.504453,6252,4663,0,1
2026-08-23 10:07:26.504473,6364,5318,3044,1
2026-08-23 10:07:26.504493,6255,4687,0,1
2026-08-23 10:07:26.504513,6352,5302,2866,1
2026-08-23 10:07:26.504533,6249,4795,0,1
2026-08-23 10:07:26.504553,6308,5245,1490,1
2026-08-23 10:07:26.504573,6263,4878,0,1
2026-08-23 10:07:26.504593,6337,5403,2659,1
2026-08-23 10:07:26.504613,6295,4890,0,1
2026-08-23 10:07:26.504633,6353,5426,3145,1
2026-08-23 10:07:26.524237,6312,4292,0,1
2026-08-23 10:07:26.524257,6350,4973,2275,1
2026-08-23 10:07:26.524277,6264,4546,0,1
2026-08-23 10:07:26.524297,6357,5220,2990,1
2026-08-23 10:07:26.524317,6268,4750,0,1
2026-08-23 10:07:26.524337,6316,5278,2204,1
2026-08-23 10:07:26.524357,6263,4795,0,1
2026-08-23 10:07:26.524377,6338,5369,2720,1
2026-08-23 10:07:26.524397,6262,4896,0,1
2026-08-23 10:07:26.524417,6355,5403,2902,1
2026-08-23 10:07:26.524437,6268,4808,0,1
2026-08-23 10:07:26.524457,6356,5417,3028,1
2026-08-23 10:07:26.524477,6285,4816,0,1
2026-08-23 10:07:26.544094,6369,4928,2957,1
2026-08-23 10:07:26.544114,6151,4479,0,1
2026-08-23 10:07:26.544134,6195,4807,0,1
2026-08-23 10:07:26.544154,6256,4656,0,1
2026-08-23 10:07:26.544174,6352,5279,2648,1
2026-08-23 10:07:26.544194,6260,4758,0,1
2026-08-23 10:07:26.544214,6383,5380,2852,1
2026-08-23 10:07:26.544234,6249,4811,0,1
2026-08-23 10:07:26.544254,6359,5374,2938,1
2026-08-23 10:07:26.544274,6261,4864,0,1
2026-08-23 10:07:26.544294,6360,5447,3043,1
2026-08-23 10:07:26.544314,6253,4840,0,1
2026-08-23 10:07:26.544334,6350,5369,2897,1
2026-08-23 10:07:26.563842,6309,4246,0,1
2026-08-23 10:07:26.563862,6362,4962,2691,1
2026-08-23 10:07:26.563882,6276,4534,0,1
2026-08-23 10:07:26.563902,6267,4994,415,1
2026-08-23 10:07:26.563922,6262,4771,0,1
2026-08-23 10:07:26.563942,6352,5366,2995,1
2026-08-23 10:07:26.563962,6257,4808,0,1
2026-08-23 10:07:26.563982,6214,5141,0,1
2026-08-23 10:07:26.564002,6270,4917,0,1
2026-08-23 10:07:26.564022,6337,5426,2762,1
2026-08-23 10:07:26.564042,6259,4906,0,1
2026-08-23 10:07:26.564062,6353,5449,3263,1
2026-08-23 10:07:26.564082,6264,4757,0,1
2026-08-23 10:07:26.583634,6373,4848,2789,1
2026-08-23 10:07:26.583654,6291,4488,0,1
2026-08-23 10:07:26.583674,6358,5158,3004,1
2026-08-23 10:07:26.583694,6254,4629,0,1
2026-08-23 10:07:26.583714,6356,5278,3410,1
2026-08-23 10:07:26.583735,6266,4690,0,1
2026-08-23 10:07:26.583755,6339,5312,2642,1
2026-08-23 10:07:26.583775,6254,4815,0,1
2026-08-23 10:07:26.583794,6226,5160,0,1
2026-08-23 10:07:26.583814,6245,4852,0,1
2026-08-23 10:07:26.583834,6372,5457,2911,1
2026-08-23 10:07:26.583854,6278,4897,0,1
2026-08-23 10:07:26.583874,6359,5437,2860,1
2026-08-23 10:07:26.603620,6290,4277,0,1
2026-08-23 10:07:26.603640,6378,5075,3363,1
2026-08-23 10:07:26.603660,6272,4543,0,1
2026-08-23 10:07:26.603680,6350,5184,2824,1
2026-08-23 10:07:26.603700,6253,4716,0,1
2026-08-23 10:07:26.603720,6360,5310,3439,1
2026-08-23 10:07:26.603740,6273,4766,0,1
2026-08-23 10:07:26.603760,6356,5359,3108,1
2026-08-23 10:07:26.603780,6242,4802,0,1
2026-08-23 10:07:26.603800,6353,5419,3108,1
2026-08-23 10:07:26.603820,6268,4829,0,1
2026-08-23 10:07:26.603840,6358,5383,2767,1
2026-08-23 10:07:26.603860,6271,4780,0,1
2026-08-23 10:07:26.623665,6370,4866,2859,1
2026-08-23 10:07:26.623685,6253,4443,0,1
2026-08-23 10:07:26.623705,6348,5103,2892,1
2026-08-23 10:07:26.623725,6271,4642,0,1
2026-08-23 10:07:26.623745,6350,5265,2992,1
2026-08-23 10:07:26.623765,6239,4739,0,1
2026-08-23 10:07:26.623785,6364,5402,3440,1
2026-08-23 10:07:26.623805,6265,4755,0,1
2026-08-23 10:07:26.623825,6347,5303,2602,1
2026-08-23 10:07:26.623845,6284,4828,0,1
2026-08-23 10:07:26.623865,6344,5318,2096,1
2026-08-23 10:07:26.623885,6255,4858,0,1
2026-08-23 10:07:26.623905,6363,5414,3023,1
2026-08-23 10:07:26.643327,6313,4328,0,1
2026-08-23 10:07:26.643347,6354,5071,3007,1
2026-08-23 10:07:26.643367,6259,4620,0,1
2026-08-23 10:07:26.643387,6362,5270,3537,1
2026-08-23 10:07:26.643407,6256,4636,0,1
2026-08-23 10:07:26.643427,6347,5274,2709,1
2026-08-23 10:07:26.643447,6256,4758,0,1
2026-08-23 10:07:26.643467,6220,5050,0,1
2026-08-23 10:07:26.643487,6264,4862,0,1
2026-08-23 10:07:26.643507,6355,5436,2963,1
2026-08-23 10:07:26.643527,6259,4844,0,1
2026-08-23 10:07:26.643547,6288,5256,1108,1
2026-08-23 10:07:26.643567,6284,4902,0,1
2026-08-23 10:07:26.663436,6383,4940,3136,1
2026-08-23 10:07:26.663456,6274,4514,0,1
2026-08-23 10:07:26.663476,6349,5156,2688,1
2026-08-23 10:07:26.663496,6255,4688,0,1
2026-08-23 10:07:26.663516,6353,5352,3196,1
2026-08-23 10:07:26.663536,6252,4713,0,1
2026-08-23 10:07:26.663556,6352,5327,2894,1
2026-08-23 10:07:26.663576,6263,4803,0,1
2026-08-23 10:07:26.663596,6339,5339,2466,1
2026-08-23 10:07:26.663616,6259,4834,0,1
2026-08-23 10:07:26.663636,6351,5405,2677,1
2026-08-23 10:07:26.663656,6277,4884,0,1
2026-08-23 10:07:26.663676,6373,5434,3121,1
2026-08-23 10:07:26.683244,6307,4241,0,1
2026-08-23 10:07:26.683264,6282,4836,719,1
2026-08-23 10:07:26.683284,6274,4638,0,1
2026-08-23 10:07:26.683304,6358,5237,3029,1
2026-08-23 10:07:26.683324,6259,4733,0,1
2026-08-23 10:07:26.683344,6376,5390,3488,1
2026-08-23 10:07:26.683364,6275,4737,0,1
2026-08-23 10:07:26.683384,6345,5341,2763,1
2026-08-23 10:07:26.683403,6259,4830,0,1
2026-08-23 10:07:26.683424,6346,5383,3127,1
2026-08-23 10:07:26.683444,6267,4771,0,1
2026-08-23 10:07:26.683464,6365,5376,3031,1
2026-08-23 10:07:26.683484,6264,4811,0,1
2026-08-23 10:07:26.703374,6379,4881,3148,1
2026-08-23 10:07:26.703394,6255,4371,0,1
2026-08-23 10:07:26.703414,6353,5092,3136,1
2026-08-23 10:07:26.703434,6269,4627,0,1
2026-08-23 10:07:26.703454,6348,5236,2744,1
2026-08-23 10:07:26.703474,6254,4749,0,1
2026-08-23 10:07:26.703494,6350,5379,3025,1
2026-08-23 10:07:26.703514,6261,4770,0,1
2026-08-23 10:07:26.703534,6293,5373,2937,1
2026-08-23 10:07:26.703554,6249,4818,0,1
2026-08-23 10:07:26.703574,6369,5417,4173,1
2026-08-23 10:07:26.703594,6267,4763,0,1
2026-08-23 10:07:26.703614,6358,5310,2702,1
2026-08-23 10:07:26.723243,6324,4255,0,1
2026-08-23 10:07:26.723263,6368,4953,2841,1
2026-08-23 10:07:26.723283,6252,4527,0,1
2026-08-23 10:07:26.723303,6355,5222,2947,1
2026-08-23 10:07:26.723323,6274,4694,0,1
2026-08-23 10:07:26.723343,6358,5327,3128,1
2026-08-23 10:07:26.723363,6253,4726,0,1
2026-08-23 10:07:26.723383,6359,5327,3230,1
2026-08-23 10:07:26.723403,6274,4791,0,1
2026-08-23 10:07:26.723423,6347,5372,2762,1
2026-08-23 10:07:26.723443,6253,4809,0,1
2026-08-23 10:07:26.723463,6355,5398,3052,1
2026-08-23 10:07:26.723483,6268,4809,0,1
2026-08-23 10:07:26.743188,6374,4849,2811,1
2026-08-23 10:07:26.743208,6284,4452,0,1
2026-08-23 10:07:26.743228,6355,5134,2915,1
2026-08-23 10:07:26.743248,6248,4643,0,1
2026-08-23 10:07:26.743268,6381,5293,3474,1
2026-08-23 10:07:26.743288,6262,4653,0,1
2026-08-23 10:07:26.743308,6355,5260,2621,1
2026-08-23 10:07:26.743328,6260,4809,0,1
2026-08-23 10:07:26.743348,6350,5368,2827,1
2026-08-23 10:07:26.743368,6258,4818,0,1
2026-08-23 10:07:26.743388,6349,5412,2941,1
2026-08-23 10:07:26.743408,6279,4849,0,1
2026-08-23 10:07:26.743428,6356,5417,2862,1
2026-08-23 10:07:26.762861,6295,4271,0,1
2026-08-23 10:07:26.762881,6334,4862,1811,1
2026-08-23 10:07:26.762901,6267,4583,0,1
2026-08-23 10:07:26.762921,6352,5221,2728,1
2026-08-23 10:07:26.762941,6277,4728,0,1
2026-08-23 10:07:26.762961,6315,5227,1593,1
2026-08-23 10:07:26.762981,6263,4862,0,1
2026-08-23 10:07:26.763001,6348,5400,3016,1
2026-08-23 10:07:26.763021,6257,4870,0,1
2026-08-23 10:07:26.763041,6232,5182,0,1
2026-08-23 10:07:26.763061,6269,4955,0,1
2026-08-23 10:07:26.763081,6358,5470,2755,1
2026-08-23 10:07:26.763101,6274,4880,0,1
2026-08-23 10:07:26.782997,6364,4887,2790,1
2026-08-23 10:07:26.783017,6263,4492,0,1
2026-08-23 10:07:26.783037,6357,5179,2880,1
2026-08-23 10:07:26.783057,6278,4699,0,1
2026-08-23 10:07:26.783077,6350,5276,3029,1
2026-08-23 10:07:26.783097,6246,4709,0,1
2026-08-23 10:07:26.783117,6354,5398,3354,1
2026-08-23 10:07:26.783137,6259,4778,0,1
2026-08-23 10:07:26.783157,6345,5318,2677,1
2026-08-23 10:07:26.783177,6261,4804,0,1
2026-08-23 10:07:26.783197,6362,5410,3235,1
2026-08-23 10:07:26.783217,6259,4743,0,1
2026-08-23 10:07:26.783237,6354,5307,2964,1
2026-08-23 10:07:26.802799,6327,4310,0,1
2026-08-23 10:07:26.802819,6371,4999,3141,1
2026-08-23 10:07:26.802839,6257,4510,0,1
2026-08-23 10:07:26.802859,6362,5219,3235,1
2026-08-23 10:07:26.802879,6267,4731,0,1
2026-08-23 10:07:26.802899,6348,5268,2808,1
2026-08-23 10:07:26.802919,6259,4764,0,1
2026-08-23 10:07:26.802939,6351,5363,2944,1
2026-08-23 10:07:26.802959,6277,4797,0,1
2026-08-23 10:07:26.802979,6347,5405,3041,1
2026-08-23 10:07:26.802999,6250,4819,0,1
2026-08-23 10:07:26.803019,6376,5412,3381,1
2026-08-23 10:07:26.803039,6275,4792,0,1
2026-08-23 10:07:26.822612,6384,4893,3176,1
2026-08-23 10:07:26.822632,6266,4449,0,1
2026-08-23 10:07:26.822652,6351,5072,2615,1
2026-08-23 10:07:26.822672,6259,4638,0,1
2026-08-23 10:07:26.822692,6226,4961,0,1
2026-08-23 10:07:26.822712,6243,4677,0,1
2026-08-23 10:07:26.822732,6345,5284,2887,1
2026-08-23 10:07:26.822752,6271,4806,0,1
2026-08-23 10:07:26.822772,6353,5372,2766,1
2026-08-23 10:07:26.822792,6249,4823,0,1
2026-08-23 10:07:26.822812,6352,5403,2731,1
2026-08-23 10:07:26.822832,6279,4846,13,1
2026-08-23 10:07:26.822852,6366,5396,3058,1
2026-08-23 10:07:26.842386,6319,4304,0,1
2026-08-23 10:07:26.842406,6348,4956,2279,1
2026-08-23 10:07:26.842426,6265,4556,0,1
2026-08-23 10:07:26.842446,6357,5266,2988,1
2026-08-23 10:07:26.842466,6268,4762,0,1
2026-08-23 10:07:26.842486,6337,5299,2336,1
2026-08-23 10:07:26.842506,6269,4785,0,1
2026-08-23 10:07:26.842526,6363,5398,2727,1
2026-08-23 10:07:26.842546,6280,4855,0,1
2026-08-23 10:07:26.842566,6360,5414,3123,1
2026-08-23 10:07:26.842586,6252,4864,0,1
2026-08-23 10:07:26.842606,6362,5434,3002,1
2026-08-23 10:07:26.842626,6280,4880,0,1
2026-08-23 10:07:26.862391,6380,4912,2943,1
2026-08-23 10:07:26.862411,6257,4480,0,1
2026-08-23 10:07:26.862431,6256,5043,1741,1
2026-08-23 10:07:26.862451,6254,4717,0,1
2026-08-23 10:07:26.862471,6346,5310,2662,1
2026-08-23 10:07:26.862491,6281,4799,0,1
2026-08-23 10:07:26.862511,6370,5392,3313,1
2026-08-23 10:07:26.862531,6249,4804,0,1
2026-08-23 10:07:26.862551,6348,5391,3032,1
2026-08-23 10:07:26.862571,6287,4876,14,1
2026-08-23 10:07:26.862591,6355,5392,2791,1
2026-08-23 10:07:26.862611,6264,4858,0,1
2026-08-23 10:07:26.862631,6367,5452,3152,1
2026-08-23 10:07:26.882334,6299,4170,0,1
2026-08-23 10:07:26.882354,6355,4947,2819,1
2026-08-23 10:07:26.882375,6283,4494,6,1
2026-08-23 10:07:26.882395,6363,5230,3337,1
2026-08-23 10:07:26.882415,6255,4650,0,1
2026-08-23 10:07:26.882435,6356,5298,3038,1
2026-08-23 10:07:26.882455,6284,4745,0,1
2026-08-23 10:07:26.882475,6355,5341,3054,1
2026-08-23 10:07:26.882494,6266,4749,0,1
2026-08-23 10:07:26.882514,6353,5346,2762,1
2026-08-23 10:07:26.882535,6277,4882,0,1
2026-08-23 10:07:26.882555,6364,5407,3173,1
2026-08-23 10:07:26.882575,6151,4796,0,1
2026-08-23 10:07:26.902515,6352,4772,1833,1
2026-08-23 10:07:26.902535,6266,4426,0,1
2026-08-23 10:07:26.902555,6354,5141,2916,1
2026-08-23 10:07:26.902575,6266,4705,0,1
2026-08-23 10:07:26.902595,6349,5307,3060,1
2026-08-23 10:07:26.902615,6250,4775,0,1
2026-08-23 10:07:26.902635,6357,5316,2747,1
2026-08-23 10:07:26.902655,6226,4830,15,1
2026-08-23 10:07:26.902675,6362,5404,3160,1
2026-08-23 10:07:26.902695,6245,4779,0,1
2026-08-23 10:07:26.902715,6353,5419,3195,1
2026-08-23 10:07:26.902735,6277,4818,0,1
2026-08-23 10:07:26.902755,6353,5391,2667,1
2026-08-23 10:07:26.922401,6324,4282,8,1
2026-08-23 10:07:26.922421,6363,4992,2889,1
2026-08-23 10:07:26.922441,6267,4554,0,1
2026-08-23 10:07:26.922461,6351,5213,2879,1
2026-08-23 10:07:26.922481,6279,4745,2,1
2026-08-23 10:07:26.922501,6351,5330,3146,1
2026-08-23 10:07:26.922521,6246,4779,0,1
2026-08-23 10:07:26.922541,6358,5352,3212,1
2026-08-23 10:07:26.922561,6272,4827,0,1
2026-08-23 10:07:26.922581,6351,5360,2745,1
2026-08-23 10:07:26.922601,6257,4809,0,1
2026-08-23 10:07:26.922621,6363,5432,3112,1
2026-08-23 10:07:26.922641,6274,4754,0,1
2026-08-23 10:07:26.942480,6378,4849,2944,1
2026-08-23 10:07:26.942500,6278,4438,0,1
2026-08-23 10:07:26.942520,6360,5139,2860,1
2026-08-23 10:07:26.942540,6249,4656,0,1
2026-08-23 10:07:26.942560,6288,5145,941,1
2026-08-23 10:07:26.942580,6259,4773,0,1
2026-08-23 10:07:26.942600,6361,5392,2726,1
2026-08-23 10:07:26.942620,6280,4892,0,1
2026-08-23 10:07:26.942640,6355,5423,3273,1
2026-08-23 10:07:26.942660,6246,4797,0,1
2026-08-23 10:07:26.942680,6357,5397,3084,1
2026-08-23 10:07:26.942700,6283,4837,0,1
2026-08-23 10:07:26.942720,6368,5371,2675,1
2026-08-23 10:07:26.962362,6318,4277,4,1
2026-08-23 10:07:26.962382,6366,5012,2834,1
2026-08-23 10:07:26.962402,6261,4527,0,1
2026-08-23 10:07:26.962422,6351,5233,3049,1
2026-08-23 10:07:26.962442,6276,4687,0,1
2026-08-23 10:07:26.962462,6362,5341,2993,1
2026-08-23 10:07:26.962482,6239,4771,0,1
2026-08-23 10:07:26.962502,6366,5402,3283,1
2026-08-23 10:07:26.962522,6277,4827,0,1
2026-08-23 10:07:26.962542,6354,5346,2754,1
2026-08-23 10:07:26.962562,6257,4846,0,1
2026-08-23 10:07:26.962582,6359,5416,3134,1
2026-08-23 10:07:26.962602,6266,4778,0,1
2026-08-23 10:07:26.982321,6388,4839,2949,1
2026-08-23 10:07:26.982341,6274,4390,0,1
2026-08-23 10:07:26.982361,6359,5077,2863,1
2026-08-23 10:07:26.982381,6255,4620,0,1
2026-08-23 10:07:26.982401,6325,5193,2014,1
2026-08-23 10:07:26.982421,6261,4798,0,1
2026-08-23 10:07:26.982441,6349,5352,2633,1
2026-08-23 10:07:26.982461,6290,4842,0,1
2026-08-23 10:07:26.982481,6352,5405,2966,1
2026-08-23 10:07:26.982501,6246,4817,0,1
2026-08-23 10:07:26.982521,6354,5440,3097,1
2026-08-23 10:07:26.982541,6281,4838,0,1
2026-08-23 10:07:26.982561,6349,5356,2667,1
2026-08-23 10:07:27.002266,6318,4302,2,1
2026-08-23 10:07:27.002286,6367,4990,2940,1
2026-08-23 10:07:27.002306,6261,4550,0,1
2026-08-23 10:07:27.002326,6365,5222,2840,1
2026-08-23 10:07:27.002346,6285,4759,8,1
2026-08-23 10:07:27.002366,6360,5311,3180,1
2026-08-23 10:07:27.002386,6240,4765,0,1
2026-08-23 10:07:27.002406,6360,5357,3149,1
2026-08-23 10:07:27.002426,6283,4838,0,1
2026-08-23 10:07:27.002446,6354,5362,2767,1
2026-08-23 10:07:27.002466,6271,4809,0,1
2026-08-23 10:07:27.002486,6366,5407,3083,1
2026-08-23 10:07:27.002506,6276,4770,0,1
2026-08-23 10:07:27.022200,6377,4851,2883,1
2026-08-23 10:07:27.022220,6272,4454,0,1
2026-08-23 10:07:27.022240,6351,5083,2855,1
2026-08-23 10:07:27.022260,6257,4633,0,1
2026-08-23 10:07:27.022280,6290,5069,835,1
2026-08-23 10:07:27.022300,6260,4777,0,1
2026-08-23 10:07:27.022320,6350,5388,2643,1
2026-08-23 10:07:27.022340,6271,4850,0,1
2026-08-23 10:07:27.022360,6353,5434,3221,1
2026-08-23 10:07:27.022380,6232,4801,0,1
2026-08-23 10:07:27.022400,6358,5435,3125,1
2026-08-23 10:07:27.022420,6283,4858,0,1
2026-08-23 10:07:27.022440,6355,5396,2658,1
2026-08-23 10:07:27.042049,6319,4278,3,1
2026-08-23 10:07:27.042069,6360,4974,2816,1
2026-08-23 10:07:27.042089,6263,4563,0,1
2026-08-23 10:07:27.042109,6352,5211,2953,1
2026-08-23 10:07:27.042130,6277,4692,0,1
2026-08-23 10:07:27.042150,6384,5289,3018,1
2026-08-23 10:07:27.042170,6240,4770,0,1
2026-08-23 10:07:27.042190,6371,5399,3349,1
2026-08-23 10:07:27.042209,6271,4768,0,1
2026-08-23 10:07:27.042229,6344,5366,2749,1
2026-08-23 10:07:27.042249,6254,4814,0,1
2026-08-23 10:07:27.042269,6361,5398,3244,1
2026-08-23 10:07:27.042289,6256,4701,0,1
2026-08-23 10:07:27.062067,6378,4815,3033,1
2026-08-23 10:07:27.062087,6253,4338,0,1
2026-08-23 10:07:27.062107,6376,5044,2852,1
2026-08-23 10:07:27.062127,6264,4576,0,1
2026-08-23 10:07:27.062147,6345,5244,2674,1
2026-08-23 10:07:27.062167,6251,4740,0,1
2026-08-23 10:07:27.062187,6345,5325,2667,1
2026-08-23 10:07:27.062207,6280,4831,15,1
2026-08-23 10:07:27.062227,6372,5428,3194,1
2026-08-23 10:07:27.062247,6242,4804,0,1
2026-08-23 10:07:27.062267,6294,5388,3148,1
2026-08-23 10:07:27.062287,6305,4799,0,1
2026-08-23 10:07:27.062307,6356,5347,2651,1
2026-08-23 10:07:27.081635,6323,4285,8,1
2026-08-23 10:07:27.081655,6234,5015,2834,1
2026-08-23 10:07:27.081675,6249,4536,0,1
2026-08-23 10:07:27.081695,6352,5234,2950,1
2026-08-23 10:07:27.081715,6280,4722,0,1
2026-08-23 10:07:27.081735,6363,5303,3046,1
2026-08-23 10:07:27.081755,6244,4748,0,1
2026-08-23 10:07:27.081775,6356,5358,3320,1
2026-08-23 10:07:27.081795,6275,4807,0,1
2026-08-23 10:07:27.081815,6347,5372,2688,1
2026-08-23 10:07:27.081835,6266,4817,0,1
2026-08-23 10:07:27.081855,6222,5063,0,1
2026-08-23 10:07:27.081875,6275,4855,0,1
2026-08-23 10:07:27.100792,6391,4898,2921,1
2026-08-23 10:07:27.100812,6269,4481,0,1
2026-08-23 10:07:27.100832,6359,5179,2872,1
2026-08-23 10:07:27.100852,6252,4636,0,1
2026-08-23 10:07:27.100872,6260,5061,239,1
2026-08-23 10:07:27.100892,6254,4788,0,1
2026-08-23 10:07:27.100912,6364,5368,2628,1
2026-08-23 10:07:27.100932,6284,4861,0,1
2026-08-23 10:07:27.100952,6366,5452,3251,1
2026-08-23 10:07:27.100972,6247,4814,0,1
2026-08-23 10:07:27.100992,6367,5446,3044,1
2026-08-23 10:07:27.101012,6286,4856,2,1
2026-08-23 10:07:27.101032,6358,5371,2659,1
2026-08-23 10:07:27.119820,6283,4342,0,1
2026-08-23 10:07:27.119840,6201,4799,0,1
2026-08-23 10:07:27.119860,6268,4658,0,1
2026-08-23 10:07:27.119880,6359,5301,2692,1
2026-08-23 10:07:27.119900,6272,4799,0,1
2026-08-23 10:07:27.119920,6335,5294,2219,1
2026-08-23 10:07:27.119941,6268,4850,0,1
2026-08-23 10:07:27.119961,6358,5444,2963,1
2026-08-23 10:07:27.119980,6254,4853,0,1
2026-08-23 10:07:27.120000,6345,5424,2545,1
2026-08-23 10:07:27.120020,6264,4892,0,1
2026-08-23 10:07:27.120040,6343,5411,2669,1
2026-08-23 10:07:27.120060,6314,4835,35,1
2026-08-23 10:07:27.138978,6371,4996,2739,1
2026-08-23 10:07:27.138998,6402,4504,0,1
2026-08-23 10:07:27.139018,6355,5218,3090,1
2026-08-23 10:07:27.139038,6256,4626,0,1
2026-08-23 10:07:27.139058,6355,5295,2902,1
2026-08-23 10:07:27.139078,6188,4726,0,1
2026-08-23 10:07:27.139098,6330,5283,2024,1
2026-08-23 10:07:27.139118,6267,4829,0,1
2026-08-23 10:07:27.139138,6360,5371,2632,1
2026-08-23 10:07:27.139158,6271,4881,0,1
2026-08-23 10:07:27.139178,6338,5419,2616,1
2026-08-23 10:07:27.139198,6247,4839,0,1
2026-08-23 10:07:27.139218,6379,5422,3084,1
2026-08-23 10:07:27.156298,6296,4252,0,1
2026-08-23 10:07:27.156318,6369,4998,3259,1
2026-08-23 10:07:27.156338,6276,4583,0,1
2026-08-23 10:07:27.156358,6356,5225,3146,1
2026-08-23 10:07:27.156378,6274,4692,0,1
2026-08-23 10:07:27.156398,6347,5286,2730,1
2026-08-23 10:07:27.156418,6278,4822,0,1
2026-08-23 10:07:27.156438,6347,5377,2669,1
2026-08-23 10:07:27.156458,6256,4829,0,1
2026-08-23 10:07:27.156478,6359,5385,3024,1
2026-08-23 10:07:27.156498,6290,4835,0,1
2026-08-23 10:07:27.173537,6384,5048,3033,1
2026-08-23 10:07:27.173557,6263,4508,0,1
2026-08-23 10:07:27.173577,6360,5206,3022,1
2026-08-23 10:07:27.173597,6275,4715,7,1
2026-08-23 10:07:27.173617,6356,5291,2780,1
2026-08-23 10:07:27.173637,6257,4762,0,1
2026-08-23 10:07:27.173657,6356,5405,2966,1
2026-08-23 10:07:27.173677,6269,4825,0,1
2026-08-23 10:07:27.173697,6347,5405,2945,1
2026-08-23 10:07:27.173717,6257,4794,0,1
2026-08-23 10:07:27.173737,6289,5037,0,1
2026-08-23 10:07:27.173757,6284,4804,0,1
2026-08-23 10:07:27.190701,6374,5020,2941,1
2026-08-23 10:07:27.190721,6261,4568,0,1
2026-08-23 10:07:27.190741,6351,5245,2727,1
2026-08-23 10:07:27.190761,6226,4699,0,1
2026-08-23 10:07:27.190781,6345,5293,2651,1
2026-08-23 10:07:27.190801,6260,4811,0,1
2026-08-23 10:07:27.190821,6366,5417,3252,1
2026-08-23 10:07:27.190840,6238,4773,0,1
2026-08-23 10:07:27.190861,6366,5413,3105,1
2026-08-23 10:07:27.190881,6277,4852,0,1
2026-08-23 10:07:27.190901,6349,5362,2699,1
2026-08-23 10:07:27.190921,6290,4785,0,1
2026-08-23 10:07:27.209448,6246,4743,0,1
2026-08-23 10:07:27.209468,6252,4522,0,1
2026-08-23 10:07:27.209488,6356,5184,2592,1
2026-08-23 10:07:27.209508,6269,4756,0,1
2026-08-23 10:07:27.209528,6346,5283,2601,1
2026-08-23 10:07:27.209548,6243,4762,0,1
2026-08-23 10:07:27.209568,6355,5391,2975,1
2026-08-23 10:07:27.209588,6276,4854,6,1
2026-08-23 10:07:27.209608,6346,5421,2764,1
2026-08-23 10:07:27.209628,6262,4879,0,1
2026-08-23 10:07:27.209648,6378,5427,3030,1
2026-08-23 10:07:27.228453,6318,4308,0,1
2026-08-23 10:07:27.228473,6358,5029,2772,1
2026-08-23 10:07:27.228493,6256,4588,0,1
2026-08-23 10:07:27.228513,6363,5261,3049,1
2026-08-23 10:07:27.228533,6267,4702,0,1
2026-08-23 10:07:27.228553,6360,5279,2965,1
2026-08-23 10:07:27.228573,6259,4776,0,1
2026-08-23 10:07:27.228593,6368,5389,3473,1
2026-08-23 10:07:27.228613,6266,4786,0,1
2026-08-23 10:07:27.228633,6354,5320,2676,1
2026-08-23 10:07:27.228653,6152,4816,0,1
2026-08-23 10:07:27.228673,6279,5261,859,1
2026-08-23 10:07:27.228693,6276,4900,0,1
2026-08-23 10:07:27.228713,6360,5449,3023,1
2026-08-23 10:07:27.245769,6319,4321,0,1
2026-08-23 10:07:27.245789,6354,5041,3020,1
2026-08-23 10:07:27.245809,6256,4561,0,1
2026-08-23 10:07:27.245829,6366,5242,3230,1
2026-08-23 10:07:27.245849,6268,4640,0,1
2026-08-23 10:07:27.245869,6352,5247,2725,1
2026-08-23 10:07:27.245889,6262,4788,0,1
2026-08-23 10:07:27.245909,6362,5361,3193,1
2026-08-23 10:07:27.245929,6262,4765,0,1
2026-08-23 10:07:27.245949,6353,5375,2972,1
2026-08-23 10:07:27.245969,6264,4800,0,1
2026-08-23 10:07:27.245989,6333,5302,2290,1
2026-08-23 10:07:27.263992,6325,4467,27,1
2026-08-23 10:07:27.264012,6398,5197,3269,1
2026-08-23 10:07:27.264032,6249,4651,0,1
2026-08-23 10:07:27.264052,6362,5265,3110,1
2026-08-23 10:07:27.264072,6279,4744,10,1
2026-08-23 10:07:27.264092,6361,5363,2986,1
2026-08-23 10:07:27.264112,6258,4778,0,1
2026-08-23 10:07:27.264132,6351,5352,2780,1
2026-08-23 10:07:27.264152,6278,4880,14,1
2026-08-23 10:07:27.264172,6366,5423,3306,1
2026-08-23 10:07:27.264192,6253,4831,0,1
2026-08-23 10:07:27.264212,6377,5389,3116,1
2026-08-23 10:07:27.285479,6316,4395,7,1
2026-08-23 10:07:27.285499,6372,5160,3332,1
2026-08-23 10:07:27.285519,6256,4597,0,1
2026-08-23 10:07:27.285539,6366,5276,3089,1
2026-08-23 10:07:27.285559,6278,4727,0,1
2026-08-23 10:07:27.285579,6362,5336,3049,1
2026-08-23 10:07:27.285599,6262,4765,0,1
2026-08-23 10:07:27.285619,6353,5389,2757,1
2026-08-23 10:07:27.285640,6274,4845,0,1
2026-08-23 10:07:27.285659,6369,5429,3308,1
2026-08-23 10:07:27.285679,6259,4824,0,1
2026-08-23 10:07:27.285699,6331,5398,3001,1
2026-08-23 10:07:27.285719,6280,4839,0,1
2026-08-23 10:07:27.285739,6371,5402,3001,1
2026-08-23 10:07:27.305421,6285,4239,0,1
2026-08-23 10:07:27.305441,6392,5024,3495,1
2026-08-23 10:07:27.305461,6278,4462,260,1
2026-08-23 10:07:27.305481,6342,5164,2825,1
2026-08-23 10:07:27.305501,6260,4656,0,1
2026-08-23 10:07:27.305521,6349,5292,2958,1
2026-08-23 10:07:27.305541,6282,4784,0,1
2026-08-23 10:07:27.305561,6365,5385,3202,1
2026-08-23 10:07:27.305581,6257,4771,0,1
2026-08-23 10:07:27.305601,6362,5413,3229,1
2026-08-23 10:07:27.305621,6278,4818,6,1
2026-08-23 10:07:27.305641,6361,5417,2922,1
2026-08-23 10:07:27.305661,6272,4827,0,1
2026-08-23 10:07:27.325314,6330,4753,1906,1
2026-08-23 10:07:27.325334,6269,4463,0,1
2026-08-23 10:07:27.325354,6352,5151,2790,1
2026-08-23 10:07:27.325374,6278,4680,0,1
2026-08-23 10:07:27.325394,6371,5303,3318,1
2026-08-23 10:07:27.325414,6247,4734,0,1
2026-08-23 10:07:27.325434,6356,5364,3214,1
2026-08-23 10:07:27.325454,6280,4833,14,1
2026-08-23 10:07:27.325474,6354,5373,2847,1
2026-08-23 10:07:27.325494,6267,4785,0,1
2026-08-23 10:07:27.325514,6356,5411,2875,1
2026-08-23 10:07:27.325534,6274,4828,0,1
2026-08-23 10:07:27.325554,6371,5380,2974,1
2026-08-23 10:07:27.344313,6323,4343,7,1
2026-08-23 10:07:27.344333,6371,5029,3310,1
2026-08-23 10:07:27.344353,6261,4546,0,1
2026-08-23 10:07:27.344373,6362,5235,3055,1
2026-08-23 10:07:27.344393,6273,4709,5,1
2026-08-23 10:07:27.344413,6355,5312,2986,1
2026-08-23 10:07:27.344433,6253,4797,0,1
2026-08-23 10:07:27.344453,6351,5351,2781,1
2026-08-23 10:07:27.344473,6285,4840,14,1
2026-08-23 10:07:27.344493,6363,5446,3286,1
2026-08-23 10:07:27.344513,6249,4782,0,1
2026-08-23 10:07:27.344533,6374,5391,3144,1
2026-08-23 10:07:27.344553,6299,4821,0,1
2026-08-23 10:07:27.363832,6380,4985,2946,1
2026-08-23 10:07:27.363852,6250,4537,0,1
2026-08-23 10:07:27.363872,6329,5148,2124,1
2026-08-23 10:07:27.363892,6271,4708,0,1
2026-08-23 10:07:27.363912,6354,5338,2636,1
2026-08-23 10:07:27.363932,6283,4849,0,1
2026-08-23 10:07:27.363952,6356,5406,2902,1
2026-08-23 10:07:27.363972,6252,4790,0,1
2026-08-23 10:07:27.363992,6350,5430,3021,1
2026-08-23 10:07:27.364012,6279,4860,34,1
2026-08-23 10:07:27.364032,6355,5428,2791,1
2026-08-23 10:07:27.364052,6257,4874,0,1
2026-08-23 10:07:27.364072,6358,5317,2419,1
2026-08-23 10:07:27.383641,6295,4377,0,1
2026-08-23 10:07:27.383661,6352,5031,2746,1
2026-08-23 10:07:27.383681,6273,4648,0,1
2026-08-23 10:07:27.383701,6341,5179,2487,1
2026-08-23 10:07:27.383721,6264,4751,0,1
2026-08-23 10:07:27.383741,6371,5340,2985,1
2026-08-23 10:07:27.383761,6281,4817,0,1
2026-08-23 10:07:27.383781,6350,5374,2718,1
2026-08-23 10:07:27.383801,6264,4848,0,1
2026-08-23 10:07:27.383821,6353,5420,2731,1
2026-08-23 10:07:27.383841,6280,4864,0,1
2026-08-23 10:07:27.383861,6364,5472,3282,1
2026-08-23 10:07:27.383881,6266,4785,0,1
2026-08-23 10:07:27.403531,6220,4554,0,1
2026-08-23 10:07:27.403551,6256,4424,0,1
2026-08-23 10:07:27.403571,6359,5140,2907,1
2026-08-23 10:07:27.403591,6271,4668,0,1
2026-08-23 10:07:27.403611,6355,5260,2798,1
2026-08-23 10:07:27.403631,6261,4750,0,1
2026-08-23 10:07:27.403651,6342,5362,2755,1
2026-08-23 10:07:27.403671,6280,4856,11,1
2026-08-23 10:07:27.403691,6380,5396,3146,1
2026-08-23 10:07:27.403711,6238,4818,0,1
2026-08-23 10:07:27.403731,6364,5425,3191,1
2026-08-23 10:07:27.403751,6280,4813,0,1
2026-08-23 10:07:27.403771,6353,5384,2674,1
2026-08-23 10:07:27.423240,6316,4324,0,1
2026-08-23 10:07:27.423260,6363,4979,2947,1
2026-08-23 10:07:27.423280,6267,4514,0,1
2026-08-23 10:07:27.423300,6358,5233,2824,1
2026-08-23 10:07:27.423320,6272,4742,5,1
2026-08-23 10:07:27.423340,6357,5325,3235,1
2026-08-23 10:07:27.423360,6248,4731,0,1
2026-08-23 10:07:27.423380,6361,5354,3108,1
2026-08-23 10:07:27.423400,6274,4857,0,1
2026-08-23 10:07:27.423420,6422,5413,2872,1
2026-08-23 10:07:27.423440,6253,4811,0,1
2026-08-23 10:07:27.423460,6358,5433,2915,1
2026-08-23 10:07:27.423480,6290,4858,0,1
2026-08-23 10:07:27.443131,6380,4858,2769,1
2026-08-23 10:07:27.443151,6279,4491,0,1
2026-08-23 10:07:27.443172,6355,5145,2921,1
2026-08-23 10:07:27.443192,6242,4628,0,1
2026-08-23 10:07:27.443212,6227,4983,0,1
2026-08-23 10:07:27.443232,6264,4804,0,1
2026-08-23 10:07:27.443252,6351,5364,2608,1
2026-08-23 10:07:27.443272,6273,4858,0,1
2026-08-23 10:07:27.443291,6344,5371,2399,1
2026-08-23 10:07:27.443311,6252,4877,0,1
2026-08-23 10:07:27.443331,6364,5469,2968,1
2026-08-23 10:07:27.443352,6285,4882,27,1
2026-08-23 10:07:27.443372,6359,5426,2649,1
2026-08-23 10:07:27.463055,6301,4348,0,1
2026-08-23 10:07:27.463075,6369,5055,3134,1
2026-08-23 10:07:27.463095,6272,4552,0,1
2026-08-23 10:07:27.463115,6355,5173,2743,1
2026-08-23 10:07:27.463135,6274,4759,0,1
2026-08-23 10:07:27.463155,6347,5277,2506,1
2026-08-23 10:07:27.463175,6257,4795,0,1
2026-08-23 10:07:27.463195,6348,5374,2992,1
2026-08-23 10:07:27.463215,6273,4871,0,1
2026-08-23 10:07:27.463235,6360,5374,2744,1
2026-08-23 10:07:27.463255,6261,4838,0,1
2026-08-23 10:07:27.463275,6356,5371,2767,1
2026-08-23 10:07:27.463295,6173,4833,11,1
2026-08-23 10:07:27.483074,6373,4852,2649,1
2026-08-23 10:07:27.483094,6285,4480,0,1
2026-08-23 10:07:27.483114,6368,5173,2871,1
2026-08-23 10:07:27.483134,6241,4631,0,1
2026-08-23 10:07:27.483154,6368,5311,3010,1
2026-08-23 10:07:27.483174,6294,4768,0,1
2026-08-23 10:07:27.483194,6337,5325,2923,1
2026-08-23 10:07:27.483214,6262,4792,0,1
2026-08-23 10:07:27.483234,6360,5420,3056,1
2026-08-23 10:07:27.483254,6254,4774,0,1
2026-08-23 10:07:27.483274,6357,5373,2911,1
2026-08-23 10:07:27.483294,6262,4805,0,1
2026-08-23 10:07:27.483314,6367,5362,2779,1
2026-08-23 10:07:27.502945,6281,4219,0,1
2026-08-23 10:07:27.502965,6375,5002,3407,1
2026-08-23 10:07:27.502985,6263,4475,0,1
2026-08-23 10:07:27.503005,6348,5167,2757,1
2026-08-23 10:07:27.503025,6248,4694,0,1
2026-08-23 10:07:27.503045,6351,5279,3056,1
2026-08-23 10:07:27.503065,6269,4732,0,1
2026-08-23 10:07:27.503085,6357,5322,3041,1
2026-08-23 10:07:27.503105,6251,4766,0,1
2026-08-23 10:07:27.503125,6366,5415,3347,1
2026-08-23 10:07:27.503145,6268,4772,0,1
2026-08-23 10:07:27.503165,6354,5334,2724,1
2026-08-23 10:07:27.503185,6270,4797,0,1
2026-08-23 10:07:27.522912,6371,4828,2774,1
2026-08-23 10:07:27.522932,6259,4449,0,1
2026-08-23 10:07:27.522952,6365,5098,2965,1
2026-08-23 10:07:27.522972,6273,4593,0,1
2026-08-23 10:07:27.522992,6341,5265,2896,1
2026-08-23 10:07:27.523012,6246,4700,0,1
2026-08-23 10:07:27.523032,6235,5083,0,1
2026-08-23 10:07:27.523052,6271,4859,0,1
2026-08-23 10:07:27.523072,6355,5387,2644,1
2026-08-23 10:07:27.523092,6165,4880,0,1
2026-08-23 10:07:27.523112,6302,5341,1419,1
2026-08-23 10:07:27.523132,6257,4871,0,1
2026-08-23 10:07:27.523152,6358,5473,3047,1
2026-08-23 10:07:27.542393,6311,4381,0,1
2026-08-23 10:07:27.542413,6362,5055,2931,1
2026-08-23 10:07:27.542433,6251,4578,0,1
2026-08-23 10:07:27.542453,6187,4866,0,1
2026-08-23 10:07:27.542473,6273,4739,0,1
2026-08-23 10:07:27.542493,6340,5326,2728,1
2026-08-23 10:07:27.542513,6271,4814,0,1
2026-08-23 10:07:27.542533,6357,5415,3235,1
2026-08-23 10:07:27.542553,6257,4719,0,1
2026-08-23 10:07:27.542573,6356,5360,2964,1
2026-08-23 10:07:27.542593,6256,4798,0,1
2026-08-23 10:07:27.542613,6228,5105,0,1
2026-08-23 10:07:27.542633,6283,4876,0,1
2026-08-23 10:07:27.562506,6394,4949,3139,1
2026-08-23 10:07:27.562526,6290,4519,0,1
2026-08-23 10:07:27.562546,6355,5149,2684,1
2026-08-23 10:07:27.562566,6255,4668,0,1
2026-08-23 10:07:27.562586,6355,5307,3166,1
2026-08-23 10:07:27.562606,6249,4655,0,1
2026-08-23 10:07:27.562626,6295,5288,2867,1
2026-08-23 10:07:27.562646,6257,4793,0,1
2026-08-23 10:07:27.562666,6335,5321,2259,1
2026-08-23 10:07:27.562686,6261,4801,0,1
2026-08-23 10:07:27.562706,6352,5410,2677,1
2026-08-23 10:07:27.562726,6282,4898,11,1
2026-08-23 10:07:27.562746,6365,5434,3127,1
2026-08-23 10:07:27.582314,6278,4304,0,1
2026-08-23 10:07:27.582334,6337,4937,2072,1
2026-08-23 10:07:27.582354,6262,4542,0,1
2026-08-23 10:07:27.582374,6360,5221,2994,1
2026-08-23 10:07:27.582394,6267,4713,0,1
2026-08-23 10:07:27.582414,6312,5206,1780,1
2026-08-23 10:07:27.582434,6268,4811,0,1
2026-08-23 10:07:27.582454,6356,5377,2699,1
2026-08-23 10:07:27.582474,6274,4862,0,1
2026-08-23 10:07:27.582494,6335,5377,2321,1
2026-08-23 10:07:27.582514,6253,4894,0,1
2026-08-23 10:07:27.582534,6354,5444,2997,1
2026-08-23 10:07:27.582554,6280,4878,0,1
2026-08-23 10:07:27.602314,6376,4906,2993,1
2026-08-23 10:07:27.602334,6252,4470,0,1
2026-08-23 10:07:27.602354,6368,5190,3562,1
2026-08-23 10:07:27.602374,6253,4557,0,1
2026-08-23 10:07:27.602394,6350,5209,2630,1
2026-08-23 10:07:27.602414,6273,4756,0,1
2026-08-23 10:07:27.602434,6337,5327,2458,1
2026-08-23 10:07:27.602454,6257,4782,0,1
2026-08-23 10:07:27.602473,6347,5412,2944,1
2026-08-23 10:07:27.602494,6276,4866,0,1
2026-08-23 10:07:27.602514,6354,5449,3062,1
2026-08-23 10:07:27.602534,6262,4807,0,1
2026-08-23 10:07:27.602554,6362,5400,2838,1
2026-08-23 10:07:27.621988,6320,4246,0,1
2026-08-23 10:07:27.622008,6356,4991,2726,1
2026-08-23 10:07:27.622028,6275,4587,0,1
2026-08-23 10:07:27.622048,6297,5056,1151,1
2026-08-23 10:07:27.622068,6274,4784,0,1
2026-08-23 10:07:27.622088,6349,5390,2990,1
2026-08-23 10:07:27.622108,6260,4820,0,1
2026-08-23 10:07:27.622128,6289,5239,1005,1
2026-08-23 10:07:27.622148,6282,4927,0,1
2026-08-23 10:07:27.622168,6357,5451,2710,1
2026-08-23 10:07:27.622188,6271,4890,0,1
2026-08-23 10:07:27.622208,6196,5072,0,1
2026-08-23 10:07:27.622228,6263,4764,0,1
2026-08-23 10:07:27.641818,6382,4862,2829,1
2026-08-23 10:07:27.641838,6297,4471,0,1
2026-08-23 10:07:27.641858,6376,5146,2986,1
2026-08-23 10:07:27.641878,6248,4596,0,1
2026-08-23 10:07:27.641898,6370,5328,3404,1
2026-08-23 10:07:27.641918,6269,4672,0,1
2026-08-23 10:07:27.641938,6341,5276,2642,1
2026-08-23 10:07:27.641958,6262,4815,0,1
2026-08-23 10:07:27.641978,6241,5157,0,1
2026-08-23 10:07:27.641998,6245,4878,0,1
2026-08-23 10:07:27.642018,6402,5463,2913,1
2026-08-23 10:07:27.642038,6260,4905,0,1
2026-08-23 10:07:27.642058,6376,5409,2878,1
2026-08-23 10:07:27.661667,6285,4279,0,1
2026-08-23 10:07:27.661687,6375,5060,3363,1
2026-08-23 10:07:27.661707,6278,4554,0,1
2026-08-23 10:07:27.661727,6346,5178,2938,1
2026-08-23 10:07:27.661747,6261,4699,0,1
2026-08-23 10:07:27.661767,6362,5331,2961,1
2026-08-23 10:07:27.661787,6273,4751,0,1
2026-08-23 10:07:27.661807,6360,5396,3122,1
2026-08-23 10:07:27.661827,6248,4765,0,1
2026-08-23 10:07:27.661847,6362,5389,3251,1
2026-08-23 10:07:27.661867,6275,4812,0,1
2026-08-23 10:07:27.661887,6342,5354,2770,1
2026-08-23 10:07:27.661907,6270,4816,0,1
2026-08-23 10:07:27.681698,6368,4884,2873,1
2026-08-23 10:07:27.681718,6259,4424,0,1
2026-08-23 10:07:27.681738,6349,5148,2824,1
2026-08-23 10:07:27.681758,6274,4682,0,1
2026-08-23 10:07:27.681778,6359,5275,3000,1
2026-08-23 10:07:27.681798,6235,4719,0,1
2026-08-23 10:07:27.681818,6368,5357,3619,1
2026-08-23 10:07:27.681839,6266,4771,0,1
2026-08-23 10:07:27.681858,6349,5312,2628,1
2026-08-23 10:07:27.681878,6260,4811,0,1
2026-08-23 10:07:27.681898,6318,5293,1687,1
2026-08-23 10:07:27.681918,6264,4853,0,1
2026-08-23 10:07:27.681938,6369,5409,3011,1
2026-08-23 10:07:27.701486,6308,4371,0,1
2026-08-23 10:07:27.701506,6372,5066,3006,1
2026-08-23 10:07:27.701526,6257,4565,0,1
2026-08-23 10:07:27.701546,6369,5262,3553,1
2026-08-23 10:07:27.701566,6262,4648,0,1
2026-08-23 10:07:27.701586,6362,5245,2694,1
2026-08-23 10:07:27.701606,6274,4751,0,1
2026-08-23 10:07:27.701626,6259,5176,159,1
2026-08-23 10:07:27.701646,6262,4859,0,1
2026-08-23 10:07:27.701666,6346,5476,2955,1
2026-08-23 10:07:27.701686,6252,4879,0,1
2026-08-23 10:07:27.701706,6331,5370,1974,1
2026-08-23 10:07:27.701726,6277,4858,0,1
2026-08-23 10:07:27.720685,6386,4971,3230,1
2026-08-23 10:07:27.720705,6273,4472,0,1
2026-08-23 10:07:27.720725,6351,5160,2620,1
2026-08-23 10:07:27.720745,6272,4692,0,1
2026-08-23 10:07:27.720765,6311,5199,1209,1
2026-08-23 10:07:27.720785,6261,4822,0,1
2026-08-23 10:07:27.720805,6356,5420,2891,1
2026-08-23 10:07:27.720825,6271,4858,0,1
2026-08-23 10:07:27.720845,6354,5418,3083,1
2026-08-23 10:07:27.720865,6257,4867,0,1
2026-08-23 10:07:27.720885,6351,5380,2732,1
2026-08-23 10:07:27.720905,6274,4855,6,1
2026-08-23 10:07:27.720925,6366,5382,3018,1
2026-08-23 10:07:27.740201,6299,4382,0,1
2026-08-23 10:07:27.740221,6267,4889,217,1
2026-08-23 10:07:27.740241,6270,4686,0,1
2026-08-23 10:07:27.740261,6359,5292,2980,1
2026-08-23 10:07:27.740281,6264,4769,0,1
2026-08-23 10:07:27.740301,6281,5184,692,1
2026-08-23 10:07:27.740321,6269,4903,0,1
2026-08-23 10:07:27.740341,6354,5423,2719,1
2026-08-23 10:07:27.740361,6276,4874,0,1
2026-08-23 10:07:27.740381,6246,5233,0,1
2026-08-23 10:07:27.740401,6251,4820,0,1
2026-08-23 10:07:27.740421,6357,5374,2977,1
2026-08-23 10:07:27.740441,6117,4851,0,1
2026-08-23 10:07:27.760207,6380,4901,3091,1
2026-08-23 10:07:27.760227,6250,4435,0,1
2026-08-23 10:07:27.760247,6361,5172,3299,1
2026-08-23 10:07:27.760267,6270,4574,0,1
2026-08-23 10:07:27.760288,6343,5240,2639,1
2026-08-23 10:07:27.760308,6269,4749,0,1
2026-08-23 10:07:27.760328,6359,5350,3288,1
2026-08-23 10:07:27.760348,6244,4670,0,1
2026-08-23 10:07:27.760367,6354,5297,2907,1
2026-08-23 10:07:27.760387,6254,4802,0,1
2026-08-23 10:07:27.760407,6321,5320,1927,1
2026-08-23 10:07:27.760427,6269,4823,0,1
2026-08-23 10:07:27.760448,6360,5407,2745,1
2026-08-23 10:07:27.779871,6404,4288,0,1
2026-08-23 10:07:27.779891,6348,5018,2770,1
2026-08-23 10:07:27.779911,6266,4565,0,1
2026-08-23 10:07:27.779931,6355,5227,3136,1
2026-08-23 10:07:27.779951,6258,4682,0,1
2026-08-23 10:07:27.779971,6353,5293,3023,1
2026-08-23 10:07:27.779991,6251,4750,0,1
2026-08-23 10:07:27.780011,6366,5370,3417,1
2026-08-23 10:07:27.780031,6265,4808,0,1
2026-08-23 10:07:27.780051,6337,5339,2700,1
2026-08-23 10:07:27.780071,6260,4812,0,1
2026-08-23 10:07:27.780091,6239,5166,0,1
2026-08-23 10:07:27.780111,6259,4816,0,1
2026-08-23 10:07:27.799898,6379,4910,2797,1
2026-08-23 10:07:27.799918,6283,4478,0,1
2026-08-23 10:07:27.799938,6350,5150,2974,1
2026-08-23 10:07:27.799958,6237,4619,0,1
2026-08-23 10:07:27.799978,6368,5333,3400,1
2026-08-23 10:07:27.799998,6261,4682,0,1
2026-08-23 10:07:27.800018,6347,5306,2606,1
2026-08-23 10:07:27.800038,6271,4803,0,1
2026-08-23 10:07:27.800058,6351,5353,2362,1
2026-08-23 10:07:27.800078,6244,4847,0,1
2026-08-23 10:07:27.800098,6346,5424,2917,1
2026-08-23 10:07:27.800118,6287,4857,0,1
2026-08-23 10:07:27.800138,6358,5428,2902,1
2026-08-23 10:07:27.819472,6291,4267,0,1
2026-08-23 10:07:27.819492,6281,4838,894,1
2026-08-23 10:07:27.819512,6273,4635,0,1
2026-08-23 10:07:27.819532,6349,5222,2727,1
2026-08-23 10:07:27.819552,6274,4740,0,1
2026-08-23 10:07:27.819572,6262,5188,550,1
2026-08-23 10:07:27.819592,6274,4889,0,1
2026-08-23 10:07:27.819612,6364,5434,2989,1
2026-08-23 10:07:27.819632,6262,4886,0,1
2026-08-23 10:07:27.819652,6226,5168,0,1
2026-08-23 10:07:27.819672,6270,4955,0,1
2026-08-23 10:07:27.819692,6362,5484,2728,1
2026-08-23 10:07:27.819712,6276,4931,0,1
2026-08-23 10:07:27.839191,6367,4900,2802,1
2026-08-23 10:07:27.839211,6262,4506,0,1
2026-08-23 10:07:27.839231,6357,5191,2924,1
2026-08-23 10:07:27.839251,6264,4651,0,1
2026-08-23 10:07:27.839271,6342,5297,2964,1
2026-08-23 10:07:27.839291,6239,4716,0,1
2026-08-23 10:07:27.839311,6223,5003,0,1
2026-08-23 10:07:27.839331,6265,4747,0,1
2026-08-23 10:07:27.839351,6348,5371,2644,1
2026-08-23 10:07:27.839371,6274,4834,0,1
2026-08-23 10:07:27.839391,6243,5196,0,1
2026-08-23 10:07:27.839411,6261,4909,0,1
2026-08-23 10:07:27.839431,6360,5466,2970,1
2026-08-23 10:07:27.859084,6319,4425,0,1
2026-08-23 10:07:27.859104,6367,5078,3124,1
2026-08-23 10:07:27.859124,6245,4547,0,1
2026-08-23 10:07:27.859144,6363,5256,3270,1
2026-08-23 10:07:27.859164,6272,4715,0,1
2026-08-23 10:07:27.859184,6351,5336,2789,1
2026-08-23 10:07:27.859204,6259,4813,0,1
2026-08-23 10:07:27.859224,6356,5404,3012,1
2026-08-23 10:07:27.859244,6271,4823,0,1
2026-08-23 10:07:27.859264,6351,5405,3409,1
2026-08-23 10:07:27.859284,6247,4786,0,1
2026-08-23 10:07:27.859304,6376,5459,3468,1
2026-08-23 10:07:27.859324,6275,4756,0,1
2026-08-23 10:07:27.879036,6393,4869,3228,1
2026-08-23 10:07:27.879056,6280,4421,0,1
2026-08-23 10:07:27.879076,6347,5056,2620,1
2026-08-23 10:07:27.879096,6251,4638,0,1
2026-08-23 10:07:27.879116,6223,5022,0,1
2026-08-23 10:07:27.879136,6248,4790,0,1
2026-08-23 10:07:27.879156,6353,5380,2874,1
2026-08-23 10:07:27.879176,6276,4844,0,1
2026-08-23 10:07:27.879196,6340,5431,2992,1
2026-08-23 10:07:27.879216,6254,4867,0,1
2026-08-23 10:07:27.879236,6342,5429,2760,1
2026-08-23 10:07:27.879256,6286,4859,0,1
2026-08-23 10:07:27.879276,6362,5434,2974,1
2026-08-23 10:07:27.898897,6315,4360,0,1
2026-08-23 10:07:27.898917,6368,5078,3291,1
2026-08-23 10:07:27.898937,6245,4512,0,1
2026-08-23 10:07:27.898957,6359,5223,3090,1
2026-08-23 10:07:27.898977,6280,4724,18,1
2026-08-23 10:07:27.898997,6365,5311,2850,1
2026-08-23 10:07:27.899017,6256,4765,0,1
2026-08-23 10:07:27.899037,6353,5366,2893,1
2026-08-23 10:07:27.899057,6273,4822,0,1
2026-08-23 10:07:27.899077,6358,5408,3014,1
2026-08-23 10:07:27.899097,6245,4807,0,1
2026-08-23 10:07:27.899117,6358,5414,3366,1
2026-08-23 10:07:27.899137,6277,4814,0,1
2026-08-23 10:07:27.918885,6392,4861,3225,1
2026-08-23 10:07:27.918905,6262,4449,0,1
2026-08-23 10:07:27.918925,6343,5101,2575,1
2026-08-23 10:07:27.918945,6263,4642,0,1
2026-08-23 10:07:27.918965,6335,5230,2157,1
2026-08-23 10:07:27.918985,6246,4744,0,1
2026-08-23 10:07:27.919005,6354,5362,2903,1
2026-08-23 10:07:27.919025,6277,4839,0,1
2026-08-23 10:07:27.919045,6423,5400,2888,1
2026-08-23 10:07:27.919065,6250,4822,0,1
2026-08-23 10:07:27.919085,6350,5421,2850,1
2026-08-23 10:07:27.919105,6281,4855,0,1
2026-08-23 10:07:27.919125,6368,5384,2910,1
2026-08-23 10:07:27.938635,6320,4331,0,1
2026-08-23 10:07:27.938655,6366,5048,3046,1
2026-08-23 10:07:27.938675,6245,4568,0,1
2026-08-23 10:07:27.938695,6353,5284,3386,1
2026-08-23 10:07:27.938715,6258,4679,0,1
2026-08-23 10:07:27.938735,6348,5266,2530,1
2026-08-23 10:07:27.938755,6257,4794,0,1
2026-08-23 10:07:27.938775,6358,5378,3197,1
2026-08-23 10:07:27.938795,6252,4764,0,1
2026-08-23 10:07:27.938815,6355,5372,2925,1
2026-08-23 10:07:27.938835,6258,4822,0,1
2026-08-23 10:07:27.938855,6246,5136,0,1
2026-08-23 10:07:27.938875,6276,4885,0,1
2026-08-23 10:07:27.958483,6393,4950,3308,1
2026-08-23 10:07:27.958503,6264,4502,0,1
2026-08-23 10:07:27.958523,6346,5166,2603,1
2026-08-23 10:07:27.958543,6252,4673,0,1
2026-08-23 10:07:27.958563,6258,5104,161,1
2026-08-23 10:07:27.958583,6243,4798,0,1
2026-08-23 10:07:27.958603,6354,5400,2903,1
2026-08-23 10:07:27.958623,6261,4864,0,1
2026-08-23 10:07:27.958643,6358,5429,2971,1
2026-08-23 10:07:27.958663,6258,4861,0,1
2026-08-23 10:07:27.958683,6347,5434,2783,1
2026-08-23 10:07:27.958703,6282,4867,0,1
2026-08-23 10:07:27.958723,6362,5446,3001,1
2026-08-23 10:07:27.978247,6330,4365,0,1
2026-08-23 10:07:27.978267,6376,5068,3306,1
2026-08-23 10:07:27.978287,6253,4518,0,1
2026-08-23 10:07:27.978307,6356,5246,3020,1
2026-08-23 10:07:27.978328,6274,4744,11,1
2026-08-23 10:07:27.978348,6356,5321,2940,1
2026-08-23 10:07:27.978368,6261,4754,0,1
2026-08-23 10:07:27.978388,6353,5374,2802,1
2026-08-23 10:07:27.978407,6277,4867,13,1
2026-08-23 10:07:27.978427,6359,5409,3173,1
2026-08-23 10:07:27.978447,6243,4829,0,1
2026-08-23 10:07:27.978467,6363,5420,3212,1
2026-08-23 10:07:27.978487,6291,4834,0,1
2026-08-23 10:07:27.998117,6379,4874,3106,1
2026-08-23 10:07:27.998137,6276,4462,0,1
2026-08-23 10:07:27.998157,6348,5152,2618,1
2026-08-23 10:07:27.998177,6261,4682,0,1
2026-08-23 10:07:27.998197,6265,5088,186,1
2026-08-23 10:07:27.998217,6251,4787,0,1
2026-08-23 10:07:27.998237,6334,5385,2851,1
2026-08-23 10:07:27.998257,6276,4860,0,1
2026-08-23 10:07:27.998277,6348,5464,3013,1
2026-08-23 10:07:27.998297,6260,4828,0,1
2026-08-23 10:07:27.998317,6355,5395,2764,1
2026-08-23 10:07:27.998337,6294,4872,0,1
2026-08-23 10:07:27.998357,6358,5411,2971,1
2026-08-23 10:07:28.017828,6314,4367,15,1
2026-08-23 10:07:28.017848,6366,5072,3216,1
2026-08-23 10:07:28.017869,6257,4511,0,1
2026-08-23 10:07:28.017889,6365,5219,3157,1
2026-08-23 10:07:28.017909,6276,4743,3,1
2026-08-23 10:07:28.017929,6353,5289,2836,1
2026-08-23 10:07:28.017949,6262,4795,0,1
2026-08-23 10:07:28.017969,6364,5396,2926,1
2026-08-23 10:07:28.017988,6273,4836,0,1
2026-08-23 10:07:28.018008,6362,5409,3001,1
2026-08-23 10:07:28.018028,6247,4798,0,1
2026-08-23 10:07:28.018049,6381,5413,3426,1
2026-08-23 10:07:28.018069,6274,4741,0,1
2026-08-23 10:07:28.037887,6376,4888,3353,1
2026-08-23 10:07:28.037907,6274,4374,0,1
2026-08-23 10:07:28.037927,6352,5072,2572,1
2026-08-23 10:07:28.037947,6272,4671,0,1
2026-08-23 10:07:28.037967,6324,5198,1760,1
2026-08-23 10:07:28.037987,6242,4733,0,1
2026-08-23 10:07:28.038007,6356,5384,2942,1
2026-08-23 10:07:28.038027,6284,4859,13,1
2026-08-23 10:07:28.038047,6358,5420,2813,1
2026-08-23 10:07:28.038067,6247,4821,0,1
2026-08-23 10:07:28.038087,6354,5416,2934,1
2026-08-23 10:07:28.038107,6271,4824,0,1
2026-08-23 10:07:28.038127,6363,5397,2914,1
2026-08-23 10:07:28.057635,6319,4378,0,1
2026-08-23 10:07:28.057655,6351,5028,3029,1
2026-08-23 10:07:28.057675,6256,4577,0,1
2026-08-23 10:07:28.057695,6366,5254,3427,1
2026-08-23 10:07:28.057715,6267,4648,0,1
2026-08-23 10:07:28.057735,6351,5255,2659,1
2026-08-23 10:07:28.057755,6273,4758,0,1
2026-08-23 10:07:28.057775,6265,5155,309,1
2026-08-23 10:07:28.057795,6276,4872,0,1
2026-08-23 10:07:28.057815,6358,5441,2939,1
2026-08-23 10:07:28.057835,6261,4902,0,1
2026-08-23 10:07:28.057855,6336,5415,2376,1
2026-08-23 10:07:28.057875,6284,4870,0,1
2026-08-23 10:07:28.077668,6396,4969,3486,1
2026-08-23 10:07:28.077688,6267,4427,0,1
2026-08-23 10:07:28.077708,6352,5052,2579,1
2026-08-23 10:07:28.077728,6279,4666,0,1
2026-08-23 10:07:28.077748,6356,5260,2926,1
2026-08-23 10:07:28.077768,6251,4749,0,1
2026-08-23 10:07:28.077788,6416,5366,2948,1
2026-08-23 10:07:28.077808,6281,4851,15,1
2026-08-23 10:07:28.077828,6354,5425,2842,1
2026-08-23 10:07:28.077848,6250,4839,0,1
2026-08-23 10:07:28.077868,6361,5391,2896,1
2026-08-23 10:07:28.077888,6280,4829,0,1
2026-08-23 10:07:28.077908,6365,5388,2918,1
2026-08-23 10:07:28.097428,6329,4302,0,1
2026-08-23 10:07:28.097448,6366,5027,3095,1
2026-08-23 10:07:28.097468,6253,4538,0,1
2026-08-23 10:07:28.097488,6370,5231,3301,1
2026-08-23 10:07:28.097508,6272,4704,0,1
2026-08-23 10:07:28.097528,6352,5276,2717,1
2026-08-23 10:07:28.097548,6261,4767,0,1
2026-08-23 10:07:28.097569,6368,5374,3148,1
2026-08-23 10:07:28.097588,6261,4777,0,1
2026-08-23 10:07:28.097608,6355,5344,2937,1
2026-08-23 10:07:28.097628,6261,4817,0,1
2026-08-23 10:07:28.097648,6217,5128,0,1
2026-08-23 10:07:28.097668,6278,4873,0,1
2026-08-23 10:07:28.117298,6395,4923,3295,1
2026-08-23 10:07:28.117318,6264,4470,0,1
2026-08-23 10:07:28.117338,6349,5086,2601,1
2026-08-23 10:07:28.117358,6267,4647,0,1
2026-08-23 10:07:28.117378,6274,5077,449,1
2026-08-23 10:07:28.117398,6259,4786,0,1
2026-08-23 10:07:28.117418,6362,5418,2897,1
2026-08-23 10:07:28.117438,6285,4869,0,1
2026-08-23 10:07:28.117458,6368,5430,2944,1
2026-08-23 10:07:28.117478,6255,4870,0,1
2026-08-23 10:07:28.117498,6356,5428,2794,1
2026-08-23 10:07:28.117518,6282,4893,0,1
2026-08-23 10:07:28.117538,6481,5407,2965,1
2026-08-23 10:07:28.137205,6324,4365,16,1
2026-08-23 10:07:28.137225,6357,5061,3189,1
2026-08-23 10:07:28.137245,6240,4534,0,1
2026-08-23 10:07:28.137265,6345,5232,3167,1
2026-08-23 10:07:28.137285,6269,4726,0,1
2026-08-23 10:07:28.137305,6351,5319,2779,1
2026-08-23 10:07:28.137325,6260,4755,0,1
2026-08-23 10:07:28.137345,6347,5359,3007,1
2026-08-23 10:07:28.137365,6271,4789,0,1
2026-08-23 10:07:28.137385,6366,5369,2994,1
2026-08-23 10:07:28.137405,6245,4810,0,1
2026-08-23 10:07:28.137425,6423,5385,1307,1
2026-08-23 10:07:28.137445,6279,4779,0,1
2026-08-23 10:07:28.157199,6385,4895,3298,1
2026-08-23 10:07:28.157219,6277,4440,0,1
2026-08-23 10:07:28.157239,6378,5071,2580,1
2026-08-23 10:07:28.157259,6268,4683,0,1
2026-08-23 10:07:28.157279,6353,5224,2464,1
2026-08-23 10:07:28.157299,6243,4719,0,1
2026-08-23 10:07:28.157319,6340,5338,2910,1
2026-08-23 10:07:28.157339,6280,4835,0,1
2026-08-23 10:07:28.157359,6352,5379,2869,1
2026-08-23 10:07:28.157379,6261,4821,0,1
2026-08-23 10:07:28.157399,6369,5433,2837,1
2026-08-23 10:07:28.157419,6279,4868,0,1
2026-08-23 10:07:28.157439,6366,5375,2917,1
2026-08-23 10:07:28.176996,6331,4324,0,1
2026-08-23 10:07:28.177016,6375,5029,3085,1
2026-08-23 10:07:28.177036,6250,4532,0,1
2026-08-23 10:07:28.177056,6370,5268,3306,1
2026-08-23 10:07:28.177076,6278,4676,0,1
2026-08-23 10:07:28.177096,6343,5280,2713,1
2026-08-23 10:07:28.177116,6264,4748,0,1
2026-08-23 10:07:28.177136,6354,5371,3213,1
2026-08-23 10:07:28.177155,6250,4766,0,1
2026-08-23 10:07:28.177176,6356,5372,2937,1
2026-08-23 10:07:28.177196,6268,4779,0,1
2026-08-23 10:07:28.177216,6235,5149,0,1
2026-08-23 10:07:28.177236,6278,4878,0,1
2026-08-23 10:07:28.196876,6395,4945,3327,1
2026-08-23 10:07:28.196896,6270,4490,0,1
2026-08-23 10:07:28.196916,6358,5092,2594,1
2026-08-23 10:07:28.196936,6257,4664,0,1
2026-08-23 10:07:28.196956,6274,5095,648,1
2026-08-23 10:07:28.196976,6252,4822,0,1
2026-08-23 10:07:28.196996,6360,5390,2907,1
2026-08-23 10:07:28.197016,6278,4879,0,1
2026-08-23 10:07:28.197036,6360,5414,2945,1
2026-08-23 10:07:28.197056,6265,4821,0,1
2026-08-23 10:07:28.197076,6356,5438,2811,1
2026-08-23 10:07:28.197096,6288,4853,0,1
2026-08-23 10:07:28.197116,6362,5396,2948,1
2026-08-23 10:07:28.216432,6321,4376,5,1
2026-08-23 10:07:28.216452,6372,5058,3164,1
2026-08-23 10:07:28.216472,6245,4516,0,1
2026-08-23 10:07:28.216492,6365,5231,3209,1
2026-08-23 10:07:28.216512,6276,4704,0,1
2026-08-23 10:07:28.216532,6347,5262,2760,1
2026-08-23 10:07:28.216552,6268,4806,0,1
2026-08-23 10:07:28.216572,6361,5387,3083,1
2026-08-23 10:07:28.216592,6274,4752,0,1
2026-08-23 10:07:28.216612,6354,5384,2968,1
2026-08-23 10:07:28.216632,6250,4822,0,1
2026-08-23 10:07:28.216652,6209,5135,0,1
2026-08-23 10:07:28.216672,6282,4850,0,1
2026-08-23 10:07:28.236550,6383,4960,3228,1
2026-08-23 10:07:28.236570,6283,4463,0,1
2026-08-23 10:07:28.236590,6348,5158,2599,1
2026-08-23 10:07:28.236610,6258,4715,0,1
2026-08-23 10:07:28.236630,6324,5200,1738,1
2026-08-23 10:07:28.236650,6266,4800,0,1
2026-08-23 10:07:28.236670,6363,5404,2889,1
2026-08-23 10:07:28.236690,6277,4844,0,1
2026-08-23 10:07:28.236710,6359,5419,2961,1
2026-08-23 10:07:28.236730,6255,4849,0,1
2026-08-23 10:07:28.236750,6353,5398,2802,1
2026-08-23 10:07:28.236770,6287,4915,0,1
2026-08-23 10:07:28.236790,6368,5425,2941,1
2026-08-23 10:07:28.256265,6330,4360,0,1
2026-08-23 10:07:28.256285,6360,5016,3124,1
2026-08-23 10:07:28.256305,6259,4557,0,1
2026-08-23 10:07:28.256325,6368,5263,3282,1
2026-08-23 10:07:28.256345,6277,4687,0,1
2026-08-23 10:07:28.256365,6352,5282,2744,1
2026-08-23 10:07:28.256385,6264,4757,0,1
2026-08-23 10:07:28.256405,6358,5405,3106,1
2026-08-23 10:07:28.256425,6255,4756,0,1
2026-08-23 10:07:28.256445,6357,5372,2956,1
2026-08-23 10:07:28.256465,6250,4818,0,1
2026-08-23 10:07:28.256485,6187,4952,0,1
2026-08-23 10:07:28.256505,6280,4755,0,1
2026-08-23 10:07:28.276250,6387,4892,3329,1
2026-08-23 10:07:28.276270,6268,4403,0,1
2026-08-23 10:07:28.276290,6344,5084,2604,1
2026-08-23 10:07:28.276310,6273,4669,0,1
2026-08-23 10:07:28.276330,6310,5132,1218,1
2026-08-23 10:07:28.276350,6236,4794,0,1
2026-08-23 10:07:28.276370,6358,5346,2899,1
2026-08-23 10:07:28.276390,6272,4839,0,1
2026-08-23 10:07:28.276410,6358,5403,2882,1
2026-08-23 10:07:28.276430,6256,4858,0,1
2026-08-23 10:07:28.276450,6379,5400,2847,1
2026-08-23 10:07:28.276470,6289,4893,0,1
2026-08-23 10:07:28.276490,6362,5392,2939,1
2026-08-23 10:07:28.296098,6314,4333,0,1
2026-08-23 10:07:28.296118,6374,5081,3128,1
2026-08-23 10:07:28.296138,6253,4535,0,1
2026-08-23 10:07:28.296158,6360,5272,3243,1
2026-08-23 10:07:28.296178,6280,4702,0,1
2026-08-23 10:07:28.296198,6351,5303,2711,1
2026-08-23 10:07:28.296218,6267,4805,0,1
2026-08-23 10:07:28.296238,6360,5419,3115,1
2026-08-23 10:07:28.296257,6251,4759,0,1
2026-08-23 10:07:28.296278,6357,5370,2963,1
2026-08-23 10:07:28.296298,6262,4796,0,1
2026-08-23 10:07:28.296318,6269,5190,318,1
2026-08-23 10:07:28.296338,6285,4890,0,1
2026-08-23 10:07:28.316238,6387,4965,3400,1
2026-08-23 10:07:28.316258,6275,4472,0,1
2026-08-23 10:07:28.316278,6348,5133,2545,1
2026-08-23 10:07:28.316298,6315,4672,0,1
2026-08-23 10:07:28.316318,6357,5256,2802,1
2026-08-23 10:07:28.316338,6254,4730,0,1
2026-08-23 10:07:28.316358,6359,5384,2950,1
2026-08-23 10:07:28.316378,6285,4833,1,1
2026-08-23 10:07:28.316398,6342,5413,2832,1
2026-08-23 10:07:28.316418,6258,4858,0,1
2026-08-23 10:07:28.316438,6349,5405,2910,1
2026-08-23 10:07:28.316458,6274,4833,0,1
2026-08-23 10:07:28.316478,6370,5416,2927,1
2026-08-23 10:07:28.336111,6322,4353,0,1
2026-08-23 10:07:28.336131,6376,5064,3017,1
2026-08-23 10:07:28.336151,6244,4541,0,1
2026-08-23 10:07:28.336171,6369,5264,3449,1
2026-08-23 10:07:28.336191,6259,4654,0,1
2026-08-23 10:07:28.336211,6354,5259,2692,1
2026-08-23 10:07:28.336231,6263,4766,0,1
2026-08-23 10:07:28.336251,6360,5371,3279,1
2026-08-23 10:07:28.336271,6252,4723,0,1
2026-08-23 10:07:28.336291,6348,5347,2943,1
2026-08-23 10:07:28.336311,6261,4786,0,1
2026-08-23 10:07:28.336331,6298,5214,1087,1
2026-08-23 10:07:28.336351,6283,4827,0,1
2026-08-23 10:07:28.356102,6403,4993,3183,1
2026-08-23 10:07:28.356122,6273,4445,0,1
2026-08-23 10:07:28.356142,6347,5078,2628,1
2026-08-23 10:07:28.356162,6224,4683,0,1
2026-08-23 10:07:28.356182,6339,5255,2211,1
2026-08-23 10:07:28.356202,6254,4767,0,1
2026-08-23 10:07:28.356222,6355,5345,2952,1
2026-08-23 10:07:28.356242,6288,4886,13,1
2026-08-23 10:07:28.356262,6358,5418,2850,1
2026-08-23 10:07:28.356282,6256,4819,0,1
2026-08-23 10:07:28.356302,6360,5422,2881,1
2026-08-23 10:07:28.356322,6290,4884,0,1
2026-08-23 10:07:28.356342,6364,5418,2918,1
2026-08-23 10:07:28.375798,6324,4366,0,1
2026-08-23 10:07:28.375818,6375,5042,3153,1
2026-08-23 10:07:28.375838,6242,4543,0,1
2026-08-23 10:07:28.375858,6360,5233,3225,1
2026-08-23 10:07:28.375878,6273,4732,0,1
2026-08-23 10:07:28.375898,6356,5307,2746,1
2026-08-23 10:07:28.375918,6264,4765,0,1
2026-08-23 10:07:28.375938,6358,5407,3052,1
2026-08-23 10:07:28.375957,6255,4774,0,1
2026-08-23 10:07:28.375978,6350,5404,2975,1
2026-08-23 10:07:28.375998,6257,4828,0,1
2026-08-23 10:07:28.376018,6207,5029,0,1
2026-08-23 10:07:28.376038,6277,4805,0,1
2026-08-23 10:07:28.395816,6395,4890,3211,1
2026-08-23 10:07:28.395836,6275,4451,0,1
2026-08-23 10:07:28.395856,6348,5104,2605,1
2026-08-23 10:07:28.395876,6244,4707,0,1
2026-08-23 10:07:28.395896,6302,5148,1150,1
2026-08-23 10:07:28.395916,6279,4793,0,1
2026-08-23 10:07:28.395936,6370,5390,2867,1
2026-08-23 10:07:28.395956,6266,4892,0,1
2026-08-23 10:07:28.395976,6363,5436,3009,1
2026-08-23 10:07:28.395996,6249,4862,0,1
2026-08-23 10:07:28.396016,6343,5444,2775,1
2026-08-23 10:07:28.396036,6285,4876,4,1
2026-08-23 10:07:28.396056,6365,5400,2979,1
2026-08-23 10:07:28.415829,6320,4355,11,1
2026-08-23 10:07:28.415849,6368,5036,3185,1
2026-08-23 10:07:28.415869,6254,4524,0,1
2026-08-23 10:07:28.415889,6362,5276,3176,1
2026-08-23 10:07:28.415909,6285,4743,0,1
2026-08-23 10:07:28.415929,6349,5295,2800,1
2026-08-23 10:07:28.415949,6272,4777,0,1
2026-08-23 10:07:28.415969,6352,5374,2970,1
2026-08-23 10:07:28.415989,6272,4823,0,1
2026-08-23 10:07:28.416009,6358,5419,2996,1
2026-08-23 10:07:28.416029,6293,4806,0,1
2026-08-23 10:07:28.416049,6366,5428,3482,1
2026-08-23 10:07:28.416069,6278,4780,0,1
2026-08-23 10:07:28.435959,6401,4872,3347,1
2026-08-23 10:07:28.435979,6271,4391,0,1
2026-08-23 10:07:28.435999,6352,5071,2608,1
2026-08-23 10:07:28.436019,6276,4630,0,1
2026-08-23 10:07:28.436039,6318,5196,1640,1
2026-08-23 10:07:28.436059,6256,4774,0,1
2026-08-23 10:07:28.436079,6359,5388,2945,1
2026-08-23 10:07:28.436099,6285,4836,0,1
2026-08-23 10:07:28.436119,6361,5395,2859,1
2026-08-23 10:07:28.436139,6256,4870,0,1
2026-08-23 10:07:28.436159,6356,5412,2876,1
2026-08-23 10:07:28.436179,6286,4854,0,1
2026-08-23 10:07:28.436199,6358,5414,2904,1
2026-08-23 10:07:28.455549,6338,4326,0,1
2026-08-23 10:07:28.455569,6367,5052,3009,1
2026-08-23 10:07:28.455589,6255,4560,0,1
2026-08-23 10:07:28.455609,6358,5263,3385,1
2026-08-23 10:07:28.455629,6266,4689,0,1
2026-08-23 10:07:28.455649,6355,5264,2683,1
2026-08-23 10:07:28.455669,6264,4794,0,1
2026-08-23 10:07:28.455689,6217,5063,0,1
2026-08-23 10:07:28.455709,6268,4874,0,1
2026-08-23 10:07:28.455729,6349,5419,2960,1
2026-08-23 10:07:28.455749,6259,4871,0,1
2026-08-23 10:07:28.455769,6319,5374,1940,1
2026-08-23 10:07:28.455789,6280,4861,0,1
2026-08-23 10:07:28.474894,6464,4983,3350,1
2026-08-23 10:07:28.474914,6268,4435,0,1
2026-08-23 10:07:28.474934,6353,5095,2585,1
2026-08-23 10:07:28.474954,6279,4690,0,1
2026-08-23 10:07:28.474974,6369,5272,2723,1
2026-08-23 10:07:28.474994,6254,4745,0,1
2026-08-23 10:07:28.475014,6352,5341,2850,1
2026-08-23 10:07:28.475034,6278,4856,3,1
2026-08-23 10:07:28.475054,6354,5380,2848,1
2026-08-23 10:07:28.475074,6258,4856,0,1
2026-08-23 10:07:28.475094,6353,5390,2891,1
2026-08-23 10:07:28.475114,6286,4860,0,1
2026-08-23 10:07:28.475134,6369,5402,2934,1
2026-08-23 10:07:28.494695,6319,4398,0,1
2026-08-23 10:07:28.494715,6360,5096,3334,1
2026-08-23 10:07:28.494735,6261,4548,0,1
2026-08-23 10:07:28.494755,6356,5236,3053,1
2026-08-23 10:07:28.494775,6294,4764,12,1
2026-08-23 10:07:28.494795,6363,5304,2883,1
2026-08-23 10:07:28.494815,6257,4805,0,1
2026-08-23 10:07:28.494835,6352,5385,2873,1
2026-08-23 10:07:28.494855,6283,4850,0,1
2026-08-23 10:07:28.494875,6362,5421,3045,1
2026-08-23 10:07:28.494895,6248,4793,0,1
2026-08-23 10:07:28.494915,6363,5413,3323,1
2026-08-23 10:07:28.494935,6283,4768,0,1
2026-08-23 10:07:28.514666,6386,4892,3319,1
2026-08-23 10:07:28.514686,6271,4395,0,1
2026-08-23 10:07:28.514706,6344,5055,2544,1
2026-08-23 10:07:28.514726,6264,4676,0,1
2026-08-23 10:07:28.514746,6317,5187,1594,1
2026-08-23 10:07:28.514766,6284,4766,0,1
2026-08-23 10:07:28.514786,6356,5378,2928,1
2026-08-23 10:07:28.514806,6276,4898,17,1
2026-08-23 10:07:28.514826,6360,5400,2825,1
2026-08-23 10:07:28.514846,6266,4867,0,1
2026-08-23 10:07:28.514866,6359,5446,2927,1
2026-08-23 10:07:28.514886,6280,4851,0,1
2026-08-23 10:07:28.514906,6359,5405,2901,1
2026-08-23 10:07:28.534490,6329,4362,0,1
2026-08-23 10:07:28.534510,6353,5030,3032,1
2026-08-23 10:07:28.534530,6242,4542,0,1
2026-08-23 10:07:28.534550,6368,5247,3400,1
2026-08-23 10:07:28.534570,6272,4697,0,1
2026-08-23 10:07:28.534590,6354,5298,2667,1
2026-08-23 10:07:28.534610,6267,4797,0,1
2026-08-23 10:07:28.534630,6260,5129,0,1
2026-08-23 10:07:28.534650,6261,4917,0,1
2026-08-23 10:07:28.534670,6360,5450,2938,1
2026-08-23 10:07:28.534690,6263,4853,0,1
2026-08-23 10:07:28.534710,6348,5416,2436,1
2026-08-23 10:07:28.534730,6282,4849,0,1
2026-08-23 10:07:28.554390,6387,4949,3475,1
2026-08-23 10:07:28.554410,6268,4438,0,1
2026-08-23 10:07:28.554430,6347,5127,2590,1
2026-08-23 10:07:28.554451,6279,4701,0,1
2026-08-23 10:07:28.554471,6355,5279,2884,1
2026-08-23 10:07:28.554491,6259,4723,0,1
2026-08-23 10:07:28.554511,6365,5345,2964,1
2026-08-23 10:07:28.554531,6279,4857,5,1
2026-08-23 10:07:28.554550,6355,5400,2844,1
2026-08-23 10:07:28.554570,6262,4809,0,1
2026-08-23 10:07:28.554590,6359,5436,2897,1
2026-08-23 10:07:28.554610,6308,4819,0,1
2026-08-23 10:07:28.554631,6356,5409,2918,1
2026-08-23 10:07:28.574205,6326,4311,0,1
2026-08-23 10:07:28.574225,6364,5047,3058,1
2026-08-23 10:07:28.574245,6257,4562,0,1
2026-08-23 10:07:28.574265,6362,5270,3352,1
2026-08-23 10:07:28.574285,6273,4663,0,1
2026-08-23 10:07:28.574305,6361,5275,2729,1
2026-08-23 10:07:28.574325,6267,4798,0,1
2026-08-23 10:07:28.574345,6364,5384,3175,1
2026-08-23 10:07:28.574365,6258,4739,0,1
2026-08-23 10:07:28.574385,6355,5374,2918,1
2026-08-23 10:07:28.574405,6249,4816,0,1
2026-08-23 10:07:28.574425,6242,5160,0,1
2026-08-23 10:07:28.574445,6165,4844,0,1
2026-08-23 10:07:28.594223,6393,4984,3362,1
2026-08-23 10:07:28.594243,6275,4459,0,1
2026-08-23 10:07:28.594263,6351,5133,2599,1
2026-08-23 10:07:28.594283,6276,4673,0,1
2026-08-23 10:07:28.594303,6297,5103,794,1
2026-08-23 10:07:28.594323,6263,4807,0,1
2026-08-23 10:07:28.594343,6367,5392,2915,1
2026-08-23 10:07:28.594363,6273,4897,0,1
2026-08-23 10:07:28.594383,6359,5417,2951,1
2026-08-23 10:07:28.594403,6262,4871,0,1
2026-08-23 10:07:28.594423,6351,5440,2816,1
2026-08-23 10:07:28.594443,6295,4858,0,1
2026-08-23 10:07:28.594463,6368,5395,2957,1
2026-08-23 10:07:28.613146,6314,4329,4,1
2026-08-23 10:07:28.613166,6365,5078,3158,1
2026-08-23 10:07:28.613186,6239,4525,0,1
2026-08-23 10:07:28.613206,6362,5238,3199,1
2026-08-23 10:07:28.613226,6266,4742,0,1
2026-08-23 10:07:28.613246,6352,5290,2748,1
2026-08-23 10:07:28.613266,6258,4776,0,1
2026-08-23 10:07:28.613286,6364,5417,3033,1
2026-08-23 10:07:28.613306,6267,4783,0,1
2026-08-23 10:07:28.613326,6363,5385,2976,1
2026-08-23 10:07:28.613346,6250,4839,0,1
2026-08-23 10:07:28.613366,6208,5069,0,1
2026-08-23 10:07:28.613386,6302,4830,0,1
2026-08-23 10:07:28.632489,6386,5013,2949,1
2026-08-23 10:07:28.632509,6285,4541,0,1
2026-08-23 10:07:28.632529,6362,5210,2976,1
2026-08-23 10:07:28.632549,6239,4704,0,1
2026-08-23 10:07:28.632569,6361,5322,2772,1
2026-08-23 10:07:28.632589,6280,4815,0,1
2026-08-23 10:07:28.632609,6359,5403,3022,1
2026-08-23 10:07:28.632629,6240,4801,0,1
2026-08-23 10:07:28.632649,6361,5431,3336,1
2026-08-23 10:07:28.632669,6276,4819,0,1
2026-08-23 10:07:28.632689,6362,5348,2641,1
2026-08-23 10:07:28.632709,6267,4838,0,1
2026-08-23 10:07:28.632729,6296,5276,841,1
2026-08-23 10:07:28.651727,6305,4287,0,1
2026-08-23 10:07:28.651747,6372,4995,3158,1
2026-08-23 10:07:28.651767,6273,4495,0,1
2026-08-23 10:07:28.651787,6356,5220,3094,1
2026-08-23 10:07:28.651807,6253,4684,0,1
2026-08-23 10:07:28.651827,6371,5346,3311,1
2026-08-23 10:07:28.651847,6285,4769,0,1
2026-08-23 10:07:28.651867,6363,5310,2817,1
2026-08-23 10:07:28.651887,6272,4788,0,1
2026-08-23 10:07:28.651907,6359,5400,2964,1
2026-08-23 10:07:28.651927,6289,4814,0,1
2026-08-23 10:07:28.651947,6371,5368,3044,1
2026-08-23 10:07:28.671506,6320,4364,0,1
2026-08-23 10:07:28.671526,6298,5082,3182,1
2026-08-23 10:07:28.671546,6276,4546,0,1
2026-08-23 10:07:28.671566,6369,5276,3098,1
2026-08-23 10:07:28.671586,6256,4720,0,1
2026-08-23 10:07:28.671606,6355,5364,3297,1
2026-08-23 10:07:28.671626,6275,4760,0,1
2026-08-23 10:07:28.671646,6351,5319,2818,1
2026-08-23 10:07:28.671666,6265,4806,0,1
2026-08-23 10:07:28.671686,6359,5419,2948,1
2026-08-23 10:07:28.671706,6282,4869,0,1
2026-08-23 10:07:28.671726,6366,5415,3022,1
2026-08-23 10:07:28.671746,6262,4788,0,1
2026-08-23 10:07:28.691420,6390,4893,2988,1
2026-08-23 10:07:28.691440,6258,4424,0,1
2026-08-23 10:07:28.691460,6355,5100,3004,1
2026-08-23 10:07:28.691480,6282,4687,5,1
2026-08-23 10:07:28.691500,6360,5254,2830,1
2026-08-23 10:07:28.691520,6259,4714,0,1
2026-08-23 10:07:28.691540,6357,5351,2911,1
2026-08-23 10:07:28.691561,6284,4798,0,1
2026-08-23 10:07:28.691580,6361,5376,2978,1
2026-08-23 10:07:28.691600,6242,4842,0,1
2026-08-23 10:07:28.691620,6376,5459,3432,1
2026-08-23 10:07:28.691640,6273,4798,0,1
2026-08-23 10:07:28.691660,6356,5331,2660,1
2026-08-23 10:07:28.711370,6327,4262,0,1
2026-08-23 10:07:28.711390,6381,4976,2819,1
2026-08-23 10:07:28.711410,6258,4570,0,1
2026-08-23 10:07:28.711430,6363,5233,2966,1
2026-08-23 10:07:28.711450,6280,4735,0,1
2026-08-23 10:07:28.711470,6359,5299,3084,1
2026-08-23 10:07:28.711490,6255,4773,0,1
2026-08-23 10:07:28.711510,6358,5402,3306,1
2026-08-23 10:07:28.711530,6270,4818,0,1
2026-08-23 10:07:28.711550,6359,5370,2721,1
2026-08-23 10:07:28.711570,6263,4855,0,1
2026-08-23 10:07:28.711590,6380,5426,3174,1
2026-08-23 10:07:28.711610,6281,4755,0,1
2026-08-23 10:07:28.731535,6390,4844,2932,1
2026-08-23 10:07:28.731555,6275,4397,0,1
2026-08-23 10:07:28.731575,6360,5131,2875,1
2026-08-23 10:07:28.731595,6256,4644,0,1
2026-08-23 10:07:28.731615,6292,5058,682,1
2026-08-23 10:07:28.731635,6275,4778,0,1
2026-08-23 10:07:28.731655,6354,5387,2638,1
2026-08-23 10:07:28.731675,6283,4854,0,1
2026-08-23 10:07:28.731695,6360,5465,3220,1
2026-08-23 10:07:28.731715,6250,4808,0,1
2026-08-23 10:07:28.731735,6360,5405,3022,1
2026-08-23 10:07:28.731755,6304,4860,4,1
2026-08-23 10:07:28.731775,6366,5380,2707,1
2026-08-23 10:07:28.751426,6319,4280,0,1
2026-08-23 10:07:28.751446,6362,4998,2973,1
2026-08-23 10:07:28.751466,6271,4548,0,1
2026-08-23 10:07:28.751486,6348,5235,2799,1
2026-08-23 10:07:28.751506,6282,4712,5,1
2026-08-23 10:07:28.751526,6357,5361,3245,1
2026-08-23 10:07:28.751546,6254,4746,0,1
2026-08-23 10:07:28.751566,6364,5333,3102,1
2026-08-23 10:07:28.751586,6278,4826,22,1
2026-08-23 10:07:28.751606,6351,5404,2890,1
2026-08-23 10:07:28.751626,6264,4811,0,1
2026-08-23 10:07:28.751646,6362,5385,2915,1
2026-08-23 10:07:28.751666,6310,4836,0,1
2026-08-23 10:07:28.771223,6387,4875,2791,1
2026-08-23 10:07:28.771243,6291,4455,0,1
2026-08-23 10:07:28.771263,6356,5172,2906,1
2026-08-23 10:07:28.771283,6257,4659,0,1
2026-08-23 10:07:28.771303,6245,5019,0,1
2026-08-23 10:07:28.771323,6273,4795,0,1
2026-08-23 10:07:28.771343,6347,5404,2618,1
2026-08-23 10:07:28.771363,6280,4857,0,1
2026-08-23 10:07:28.771383,6363,5380,2535,1
2026-08-23 10:07:28.771403,6253,4888,0,1
2026-08-23 10:07:28.771423,6378,5462,2972,1
2026-08-23 10:07:28.771443,6291,4879,15,1
2026-08-23 10:07:28.771463,6367,5432,2720,1
2026-08-23 10:07:28.791032,6312,4293,0,1
2026-08-23 10:07:28.791052,6388,5059,3104,1
2026-08-23 10:07:28.791072,6269,4557,0,1
2026-08-23 10:07:28.791092,6350,5189,2747,1
2026-08-23 10:07:28.791112,6281,4768,0,1
2026-08-23 10:07:28.791132,6356,5331,2794,1
2026-08-23 10:07:28.791152,6262,4795,0,1
2026-08-23 10:07:28.791172,6365,5366,2998,1
2026-08-23 10:07:28.791192,6276,4844,0,1
2026-08-23 10:07:28.791212,6364,5406,3018,1
2026-08-23 10:07:28.791232,6264,4815,0,1
2026-08-23 10:07:28.791252,6366,5418,2806,1
2026-08-23 10:07:28.791272,6290,4870,0,1
2026-08-23 10:07:28.811031,6391,4868,2684,1
2026-08-23 10:07:28.811051,6290,4488,0,1
2026-08-23 10:07:28.811071,6368,5177,3097,1
2026-08-23 10:07:28.811091,6236,4639,0,1
2026-08-23 10:07:28.811111,6376,5301,3242,1
2026-08-23 10:07:28.811131,6269,4757,0,1
2026-08-23 10:07:28.811151,6355,5314,2594,1
2026-08-23 10:07:28.811171,6272,4851,0,1
2026-08-23 10:07:28.811191,6341,5321,1991,1
2026-08-23 10:07:28.811211,6266,4886,0,1
2026-08-23 10:07:28.811231,6360,5457,2915,1
2026-08-23 10:07:28.811251,6281,4883,0,1
2026-08-23 10:07:28.811271,6365,5448,2870,1
2026-08-23 10:07:28.830879,6313,4259,0,1
2026-08-23 10:07:28.830899,6343,4925,2117,1
2026-08-23 10:07:28.830919,6269,4627,0,1
2026-08-23 10:07:28.830939,6364,5208,2710,1
2026-08-23 10:07:28.830959,6283,4732,0,1
2026-08-23 10:07:28.830979,6364,5351,2899,1
2026-08-23 10:07:28.830999,6260,4775,0,1
2026-08-23 10:07:28.831019,6361,5411,2873,1
2026-08-23 10:07:28.831039,6277,4839,0,1
2026-08-23 10:07:28.831059,6367,5430,3246,1
2026-08-23 10:07:28.831079,6274,4835,0,1
2026-08-23 10:07:28.831099,6360,5370,2732,1
2026-08-23 10:07:28.831119,6290,4876,0,1
2026-08-23 10:07:28.851010,6374,4876,2696,1
2026-08-23 10:07:28.851030,6268,4476,0,1
2026-08-23 10:07:28.851050,6286,4979,714,1
2026-08-23 10:07:28.851070,6267,4702,0,1
2026-08-23 10:07:28.851090,6370,5326,2914,1
2026-08-23 10:07:28.851110,6275,4823,0,1
2026-08-23 10:07:28.851130,6364,5429,3166,1
2026-08-23 10:07:28.851151,6258,4828,0,1
2026-08-23 10:07:28.851170,6362,5406,2697,1
2026-08-23 10:07:28.851190,6286,4834,0,1
2026-08-23 10:07:28.851210,6370,5426,3092,1
2026-08-23 10:07:28.851230,6257,4797,0,1
2026-08-23 10:07:28.851250,6375,5423,3251,1
2026-08-23 10:07:28.870906,6310,4306,0,1
2026-08-23 10:07:28.870926,6369,5012,3035,1
2026-08-23 10:07:28.870946,6284,4574,0,1
2026-08-23 10:07:28.870966,6376,5227,3227,1
2026-08-23 10:07:28.870986,6294,4701,0,1
2026-08-23 10:07:28.871006,6359,5299,2739,1
2026-08-23 10:07:28.871026,6282,4817,0,1
2026-08-23 10:07:28.871046,6297,5245,930,1
2026-08-23 10:07:28.871066,6274,4867,0,1
2026-08-23 10:07:28.871086,6355,5478,2986,1
2026-08-23 10:07:28.871106,6279,4906,0,1
2026-08-23 10:07:28.871126,6340,5354,1799,1
2026-08-23 10:07:28.871146,6297,4886,0,1
2026-08-23 10:07:28.890851,6401,4932,3416,1
2026-08-23 10:07:28.890871,6284,4430,0,1
2026-08-23 10:07:28.890891,6367,5145,2636,1
2026-08-23 10:07:28.890911,6274,4655,0,1
2026-08-23 10:07:28.890931,6208,4947,0,1
2026-08-23 10:07:28.890951,6252,4720,0,1
2026-08-23 10:07:28.890971,6369,5351,2923,1
2026-08-23 10:07:28.890991,6278,4816,0,1
2026-08-23 10:07:28.891011,6348,5391,2539,1
2026-08-23 10:07:28.891031,6272,4856,0,1
2026-08-23 10:07:28.891051,6345,5424,2690,1
2026-08-23 10:07:28.891071,6285,4913,27,1
2026-08-23 10:07:28.891091,6378,5442,3152,1
2026-08-23 10:07:28.910450,6315,4320,0,1
2026-08-23 10:07:28.910470,6199,4640,0,1
2026-08-23 10:07:28.910490,6270,4501,0,1
2026-08-23 10:07:28.910510,6363,5206,2992,1
2026-08-23 10:07:28.910530,6269,4671,0,1
2026-08-23 10:07:28.910550,6368,5371,3609,1
2026-08-23 10:07:28.910570,6275,4719,0,1
2026-08-23 10:07:28.910590,6353,5316,2726,1
2026-08-23 10:07:28.910610,6276,4811,0,1
2026-08-23 10:07:28.910630,6376,5303,902,1
2026-08-23 10:07:28.910650,6270,4812,0,1
2026-08-23 10:07:28.910670,6360,5398,3021,1
2026-08-23 10:07:28.910690,6279,4812,0,1
2026-08-23 10:07:28.930345,6382,4883,2910,1
2026-08-23 10:07:28.930365,6255,4434,0,1
2026-08-23 10:07:28.930385,6372,5159,3094,1
2026-08-23 10:07:28.930405,6281,4696,4,1
2026-08-23 10:07:28.930425,6359,5245,2800,1
2026-08-23 10:07:28.930445,6261,4745,0,1
2026-08-23 10:07:28.930465,6357,5345,2961,1
2026-08-23 10:07:28.930485,6277,4790,0,1
2026-08-23 10:07:28.930505,6366,5406,2944,1
2026-08-23 10:07:28.930525,6250,4799,0,1
2026-08-23 10:07:28.930545,6202,5015,0,1
2026-08-23 10:07:28.930565,6290,4812,0,1
2026-08-23 10:07:28.930585,6369,5389,2679,1
2026-08-23 10:07:28.950201,6318,4334,1,1
2026-08-23 10:07:28.950221,6372,5034,2800,1
2026-08-23 10:07:28.950241,6272,4536,0,1
2026-08-23 10:07:28.950261,6365,5256,2967,1
2026-08-23 10:07:28.950281,6285,4733,0,1
2026-08-23 10:07:28.950301,6370,5315,3082,1
2026-08-23 10:07:28.950321,6256,4780,0,1
2026-08-23 10:07:28.950341,6375,5371,3284,1
2026-08-23 10:07:28.950361,6276,4819,0,1
2026-08-23 10:07:28.950381,6355,5362,2756,1
2026-08-23 10:07:28.950401,6257,4846,0,1
2026-08-23 10:07:28.950421,6368,5401,3123,1
2026-08-23 10:07:28.950441,6278,4791,0,1
2026-08-23 10:07:28.970268,6387,4833,2905,1
2026-08-23 10:07:28.970288,6276,4447,0,1
2026-08-23 10:07:28.970308,6352,5141,2876,1
2026-08-23 10:07:28.970328,6259,4622,0,1
2026-08-23 10:07:28.970348,6314,5202,1621,1
2026-08-23 10:07:28.970368,6276,4801,0,1
2026-08-23 10:07:28.970388,6361,5378,2636,1
2026-08-23 10:07:28.970408,6282,4884,0,1
2026-08-23 10:07:28.970428,6374,5429,2846,1
2026-08-23 10:07:28.970448,6262,4824,0,1
2026-08-23 10:07:28.970468,6370,5412,3010,1
2026-08-23 10:07:28.970488,6167,4890,16,1
2026-08-23 10:07:28.970508,6366,5377,2675,1
2026-08-23 10:07:28.989393,6315,4286,2,1
2026-08-23 10:07:28.989413,6368,5016,2922,1
2026-08-23 10:07:28.989433,6268,4532,0,1
2026-08-23 10:07:28.989453,6375,5204,2816,1
2026-08-23 10:07:28.989473,6281,4735,11,1
2026-08-23 10:07:28.989493,6370,5330,3183,1
2026-08-23 10:07:28.989513,6254,4771,0,1
2026-08-23 10:07:28.989533,6373,5401,3144,1
2026-08-23 10:07:28.989553,6286,4861,6,1
2026-08-23 10:07:28.989573,6363,5377,2788,1
2026-08-23 10:07:28.989593,6263,4871,0,1
2026-08-23 10:07:28.989613,6377,5416,3042,1
2026-08-23 10:07:28.989633,6290,4820,0,1
2026-08-23 10:07:29.008952,6378,4949,2651,1
2026-08-23 10:07:29.008972,6294,4558,0,1
2026-08-23 10:07:29.008992,6352,5187,2412,1
2026-08-23 10:07:29.009012,6259,4709,0,1
2026-08-23 10:07:29.009032,6364,5310,2955,1
2026-08-23 10:07:29.009052,6291,4802,5,1
2026-08-23 10:07:29.009072,6364,5379,2771,1
2026-08-23 10:07:29.009092,6264,4845,0,1
2026-08-23 10:07:29.009112,6363,5434,2946,1
2026-08-23 10:07:29.009132,6281,4851,0,1
2026-08-23 10:07:29.009152,6366,5392,2932,1
2026-08-23 10:07:29.009172,6257,4816,0,1
2026-08-23 10:07:29.009192,6366,5301,2860,1
2026-08-23 10:07:29.028915,6294,4200,0,1
2026-08-23 10:07:29.028935,6380,4978,3195,1
2026-08-23 10:07:29.028955,6289,4539,5,1
2026-08-23 10:07:29.028975,6363,5200,2811,1
2026-08-23 10:07:29.028995,6272,4700,0,1
2026-08-23 10:07:29.029015,6363,5291,2939,1
2026-08-23 10:07:29.029035,6279,4759,0,1
2026-08-23 10:07:29.029055,6366,5347,3036,1
2026-08-23 10:07:29.029075,6253,4803,0,1
2026-08-23 10:07:29.029095,6378,5399,3314,1
2026-08-23 10:07:29.029115,6280,4812,0,1
2026-08-23 10:07:29.029135,6371,5373,2709,1
2026-08-23 10:07:29.029155,6287,4824,0,1
2026-08-23 10:07:29.048741,6383,4827,2685,1
2026-08-23 10:07:29.048761,6259,4467,0,1
2026-08-23 10:07:29.048781,6239,4863,0,1
2026-08-23 10:07:29.048801,6295,4637,0,1
2026-08-23 10:07:29.048821,6362,5251,2878,1
2026-08-23 10:07:29.048841,6276,4766,0,1
2026-08-23 10:07:29.048862,6419,5350,2741,1
2026-08-23 10:07:29.048882,6271,4805,0,1
2026-08-23 10:07:29.048901,6358,5386,2687,1
2026-08-23 10:07:29.048921,6296,4861,0,1
2026-08-23 10:07:29.048941,6369,5463,3105,1
2026-08-23 10:07:29.048961,6255,4822,0,1
2026-08-23 10:07:29.048981,6384,5426,3290,1
2026-08-23 10:07:29.066557,6295,4269,0,1
2026-08-23 10:07:29.066577,6376,5017,3019,1
2026-08-23 10:07:29.066597,6272,4590,0,1
2026-08-23 10:07:29.066617,6364,5260,3241,1
2026-08-23 10:07:29.066637,6272,4692,0,1
2026-08-23 10:07:29.066657,6354,5290,2720,1
2026-08-23 10:07:29.066677,6287,4837,0,1
2026-08-23 10:07:29.066697,6334,5334,2252,1
2026-08-23 10:07:29.066717,6273,4862,0,1
2026-08-23 10:07:29.066737,6364,5411,2982,1
2026-08-23 10:07:29.066757,6280,4859,0,1
2026-08-23 10:07:29.066777,6370,5402,3023,1
2026-08-23 10:07:29.082803,6305,4374,0,1
2026-08-23 10:07:29.082823,6370,5095,3101,1
2026-08-23 10:07:29.082843,6285,4658,0,1
2026-08-23 10:07:29.082863,6366,5299,3086,1
2026-08-23 10:07:29.082883,6271,4701,0,1
2026-08-23 10:07:29.082903,6365,5314,2746,1
2026-08-23 10:07:29.082923,6286,4846,0,1
2026-08-23 10:07:29.082943,6356,5339,2590,1
2026-08-23 10:07:29.082963,6276,4851,0,1
2026-08-23 10:07:29.082983,6365,5450,3003,1
2026-08-23 10:07:29.083003,6298,4880,0,1
2026-08-23 10:07:29.099253,6386,5000,2721,1
2026-08-23 10:07:29.099273,6264,4572,0,1
2026-08-23 10:07:29.099293,6369,5231,2949,1
2026-08-23 10:07:29.099313,6289,4738,0,1
2026-08-23 10:07:29.099333,6363,5324,2949,1
2026-08-23 10:07:29.099353,6266,4756,0,1
2026-08-23 10:07:29.099373,6362,5350,2804,1
2026-08-23 10:07:29.099393,6294,4869,8,1
2026-08-23 10:07:29.099413,6362,5406,3089,1
2026-08-23 10:07:29.099433,6255,4827,0,1
2026-08-23 10:07:29.099453,6387,5434,3425,1
2026-08-23 10:07:29.115690,6329,4396,0,1
2026-08-23 10:07:29.115710,6363,5096,3058,1
2026-08-23 10:07:29.115730,6256,4625,0,1
2026-08-23 10:07:29.115750,6380,5274,3356,1
2026-08-23 10:07:29.115770,6285,4702,0,1
2026-08-23 10:07:29.115790,6359,5288,2737,1
2026-08-23 10:07:29.115809,6272,4811,0,1
2026-08-23 10:07:29.115829,6371,5415,3122,1
2026-08-23 10:07:29.115849,6268,4795,0,1
2026-08-23 10:07:29.115870,6369,5360,2968,1
2026-08-23 10:07:29.115890,6276,4783,0,1
2026-08-23 10:07:29.134656,6223,4660,0,1
2026-08-23 10:07:29.134676,6266,4488,0,1
2026-08-23 10:07:29.134696,6359,5135,2743,1
2026-08-23 10:07:29.134716,6283,4705,0,1
2026-08-23 10:07:29.134736,6370,5343,3204,1
2026-08-23 10:07:29.134756,6255,4751,0,1
2026-08-23 10:07:29.134776,6358,5304,2691,1
2026-08-23 10:07:29.134796,6286,4828,0,1
2026-08-23 10:07:29.134816,6366,5419,2994,1
2026-08-23 10:07:29.134836,6264,4822,0,1
2026-08-23 10:07:29.134856,6362,5413,3086,1
2026-08-23 10:07:29.134876,6293,4837,3,1
2026-08-23 10:07:29.153340,6386,4986,2914,1
2026-08-23 10:07:29.153360,6277,4509,0,1
2026-08-23 10:07:29.153380,6367,5202,3168,1
2026-08-23 10:07:29.153400,6260,4688,0,1
2026-08-23 10:07:29.153420,6370,5312,2658,1
2026-08-23 10:07:29.153440,6293,4787,8,1
2026-08-23 10:07:29.153460,6353,5375,3112,1
2026-08-23 10:07:29.153480,6254,4770,0,1
2026-08-23 10:07:29.153500,6302,5410,3246,1
2026-08-23 10:07:29.153520,6284,4807,0,1
2026-08-23 10:07:29.153540,6351,5375,2610,1
2026-08-23 10:07:29.153560,6286,4854,0,1
2026-08-23 10:07:29.153580,6376,5358,2887,1
2026-08-23 10:07:29.169554,6300,4290,0,1
2026-08-23 10:07:29.169574,6377,5020,3162,1
2026-08-23 10:07:29.169594,6275,4478,0,1
2026-08-23 10:07:29.169614,6371,5183,3018,1
2026-08-23 10:07:29.169634,6253,4686,0,1
2026-08-23 10:07:29.169654,6370,5328,3399,1
2026-08-23 10:07:29.169674,6272,4726,0,1
2026-08-23 10:07:29.169694,6358,5311,2713,1
2026-08-23 10:07:29.169714,6271,4814,0,1
2026-08-23 10:07:29.169734,6381,5417,3345,1
2026-08-23 10:07:29.169754,6284,4721,0,1
2026-08-23 10:07:29.185710,6371,4919,2685,1
2026-08-23 10:07:29.185730,6275,4546,0,1
2026-08-23 10:07:29.185750,6202,4844,0,1
2026-08-23 10:07:29.185770,6259,4657,0,1
2026-08-23 10:07:29.185790,6375,5306,2894,1
2026-08-23 10:07:29.185810,6271,4758,0,1
2026-08-23 10:07:29.185830,6349,5307,2483,1
2026-08-23 10:07:29.185850,6263,4840,0,1
2026-08-23 10:07:29.185870,6350,5410,2695,1
2026-08-23 10:07:29.185890,6295,4847,5,1
2026-08-23 10:07:29.185910,6372,5450,3214,1
2026-08-23 10:07:29.204878,6305,4440,0,1
2026-08-23 10:07:29.204898,6361,5143,2781,1
2026-08-23 10:07:29.204918,6290,4696,15,1
2026-08-23 10:07:29.204938,6363,5288,3334,1
2026-08-23 10:07:29.204958,6263,4697,0,1
2026-08-23 10:07:29.204978,6352,5328,3020,1
2026-08-23 10:07:29.204998,6278,4843,5,1
2026-08-23 10:07:29.205018,6358,5363,2921,1
2026-08-23 10:07:29.205038,6269,4805,0,1
2026-08-23 10:07:29.205058,6372,5436,2833,1
2026-08-23 10:07:29.205078,6284,4843,0,1
2026-08-23 10:07:29.205098,6382,5396,3022,1
2026-08-23 10:07:29.223544,6310,4491,0,1
2026-08-23 10:07:29.223564,6375,5178,2857,1
2026-08-23 10:07:29.223584,6288,4691,11,1
2026-08-23 10:07:29.223604,6370,5291,3178,1
2026-08-23 10:07:29.223624,6248,4753,0,1
2026-08-23 10:07:29.223644,6369,5380,3153,1
2026-08-23 10:07:29.223665,6287,4850,15,1
2026-08-23 10:07:29.223685,6349,5405,2785,1
2026-08-23 10:07:29.223705,6260,4847,0,1
2026-08-23 10:07:29.223724,6364,5398,2966,1
2026-08-23 10:07:29.223744,6282,4821,0,1
2026-08-23 10:07:29.223764,6361,5406,2994,1
2026-08-23 10:07:29.223784,6270,4812,0,1
2026-08-23 10:07:29.223804,6259,5174,0,1
2026-08-23 10:07:29.242088,6317,4472,0,1
2026-08-23 10:07:29.242108,6370,5183,2999,1
2026-08-23 10:07:29.242128,6267,4674,0,1
2026-08-23 10:07:29.242148,6217,4981,0,1
2026-08-23 10:07:29.242168,6274,4798,0,1
2026-08-23 10:07:29.242188,6363,5377,2731,1
2026-08-23 10:07:29.242208,6274,4833,0,1
2026-08-23 10:07:29.242228,6247,5196,0,1
2026-08-23 10:07:29.242248,6278,4947,0,1
2026-08-23 10:07:29.242268,6373,5444,3001,1
2026-08-23 10:07:29.242288,6267,4903,0,1
2026-08-23 10:07:29.242308,6272,5248,485,1
2026-08-23 10:07:29.242328,6303,4917,0,1
2026-08-23 10:07:29.260382,6387,5098,3009,1
2026-08-23 10:07:29.260402,6267,4626,0,1
2026-08-23 10:07:29.260422,6212,4899,0,1
2026-08-23 10:07:29.260442,6272,4775,0,1
2026-08-23 10:07:29.260462,6359,5311,2667,1
2026-08-23 10:07:29.260482,6283,4851,0,1
2026-08-23 10:07:29.260502,6354,5363,2573,1
2026-08-23 10:07:29.260522,6271,4864,0,1
2026-08-23 10:07:29.260542,6363,5443,2943,1
2026-08-23 10:07:29.260562,6283,4861,0,1
2026-08-23 10:07:29.260582,6368,5445,3145,1
2026-08-23 10:07:29.260602,6290,4794,0,1
2026-08-23 10:07:29.280212,6400,4930,3261,1
2026-08-23 10:07:29.280232,6282,4469,0,1
2026-08-23 10:07:29.280252,6353,5131,2454,1
2026-08-23 10:07:29.280272,6269,4698,0,1
2026-08-23 10:07:29.280293,6279,5141,469,1
2026-08-23 10:07:29.280313,6269,4840,0,1
2026-08-23 10:07:29.280333,6360,5400,2893,1
2026-08-23 10:07:29.280353,6335,4886,0,1
2026-08-23 10:07:29.280372,6364,5447,3130,1
2026-08-23 10:07:29.280392,6342,4848,0,1
2026-08-23 10:07:29.280412,6346,5406,2687,1
2026-08-23 10:07:29.280432,6287,4888,0,1
2026-08-23 10:07:29.280452,6380,5418,3152,1
2026-08-23 10:07:29.299973,6320,4283,0,1
2026-08-23 10:07:29.299994,6386,4991,2943,1
2026-08-23 10:07:29.300014,6270,4553,0,1
2026-08-23 10:07:29.300034,6359,5199,2998,1
2026-08-23 10:07:29.300054,6273,4731,0,1
2026-08-23 10:07:29.300074,6357,5256,2427,1
2026-08-23 10:07:29.300094,6267,4814,0,1
2026-08-23 10:07:29.300114,6354,5363,2711,1
2026-08-23 10:07:29.300133,6279,4860,0,1
2026-08-23 10:07:29.300153,6252,5204,0,1
2026-08-23 10:07:29.300174,6273,4886,0,1
2026-08-23 10:07:29.300194,6366,5476,3001,1
2026-08-23 10:07:29.300214,6284,4865,0,1
2026-08-23 10:07:29.319921,6393,4934,3040,1
2026-08-23 10:07:29.319941,6247,4487,0,1
2026-08-23 10:07:29.319961,6375,5199,3563,1
2026-08-23 10:07:29.319981,6263,4584,0,1
2026-08-23 10:07:29.320001,6352,5259,2636,1
2026-08-23 10:07:29.320021,6260,4779,0,1
2026-08-23 10:07:29.320041,6249,5148,0,1
2026-08-23 10:07:29.320061,6271,4842,0,1
2026-08-23 10:07:29.320081,6362,5428,2916,1
2026-08-23 10:07:29.320101,6281,4867,0,1
2026-08-23 10:07:29.320121,6347,5419,2597,1
2026-08-23 10:07:29.320141,6272,4873,0,1
2026-08-23 10:07:29.320161,6367,5388,2833,1
2026-08-23 10:07:29.339445,6327,4284,0,1
2026-08-23 10:07:29.339465,6360,5018,2746,1
2026-08-23 10:07:29.339485,6270,4587,0,1
2026-08-23 10:07:29.339505,6355,5238,3180,1
2026-08-23 10:07:29.339525,6262,4714,0,1
2026-08-23 10:07:29.339545,6353,5271,2999,1
2026-08-23 10:07:29.339565,6247,4741,0,1
2026-08-23 10:07:29.339585,6368,5377,3476,1
2026-08-23 10:07:29.339605,6272,4772,0,1
2026-08-23 10:07:29.339625,6359,5325,2706,1
2026-08-23 10:07:29.339645,6270,4803,0,1
2026-08-23 10:07:29.339665,6232,5088,0,1
2026-08-23 10:07:29.339685,6282,4863,0,1
2026-08-23 10:07:29.357750,6384,4939,2836,1
2026-08-23 10:07:29.357770,6285,4527,0,1
2026-08-23 10:07:29.357790,6353,5204,2954,1
2026-08-23 10:07:29.357810,6250,4640,0,1
2026-08-23 10:07:29.357830,6360,5315,3442,1
2026-08-23 10:07:29.357850,6273,4696,0,1
2026-08-23 10:07:29.357870,6355,5314,2618,1
2026-08-23 10:07:29.357890,6276,4787,0,1
2026-08-23 10:07:29.357910,6341,5338,2529,1
2026-08-23 10:07:29.357930,6273,4852,0,1
2026-08-23 10:07:29.357950,6370,5429,2973,1
2026-08-23 10:07:29.357970,6298,4858,6,1
2026-08-23 10:07:29.377480,6389,4944,2892,1
2026-08-23 10:07:29.377500,6262,4498,0,1
2026-08-23 10:07:29.377520,6330,5133,1918,1
2026-08-23 10:07:29.377540,6266,4696,0,1
2026-08-23 10:07:29.377560,6348,5322,2672,1
2026-08-23 10:07:29.377580,6280,4828,21,1
2026-08-23 10:07:29.377600,6362,5398,3141,1
2026-08-23 10:07:29.377620,6256,4778,0,1
2026-08-23 10:07:29.377640,6356,5395,3203,1
2026-08-23 10:07:29.377660,6271,4854,0,1
2026-08-23 10:07:29.377680,6356,5365,2655,1
2026-08-23 10:07:29.377700,6274,4866,0,1
2026-08-23 10:07:29.377720,6271,5205,90,1
2026-08-23 10:07:29.397327,6307,4289,0,1
2026-08-23 10:07:29.397347,6356,5048,2925,1
2026-08-23 10:07:29.397367,6282,4593,2,1
2026-08-23 10:07:29.397387,6363,5250,3171,1
2026-08-23 10:07:29.397407,6269,4706,0,1
2026-08-23 10:07:29.397427,6358,5301,3173,1
2026-08-23 10:07:29.397447,6285,4786,13,1
2026-08-23 10:07:29.397467,6362,5334,2836,1
2026-08-23 10:07:29.397487,6275,4825,0,1
2026-08-23 10:07:29.397507,6358,5409,2892,1
2026-08-23 10:07:29.397527,6278,4864,0,1
2026-08-23 10:07:29.397547,6364,5385,3084,1
2026-08-23 10:07:29.397567,6269,4820,0,1
2026-08-23 10:07:29.417313,6384,4871,3110,1
2026-08-23 10:07:29.417333,6262,4420,0,1
2026-08-23 10:07:29.417353,6355,5105,3150,1
2026-08-23 10:07:29.417373,6275,4625,0,1
2026-08-23 10:07:29.417393,6348,5265,2648,1
2026-08-23 10:07:29.417413,6274,4762,0,1
2026-08-23 10:07:29.417433,6375,5357,3189,1
2026-08-23 10:07:29.417453,6244,4695,0,1
2026-08-23 10:07:29.417473,6365,5292,2889,1
2026-08-23 10:07:29.417493,6267,4817,0,1
2026-08-23 10:07:29.417513,6320,5256,1606,1
2026-08-23 10:07:29.417533,6281,4848,0,1
2026-08-23 10:07:29.417553,6366,5386,2735,1
2026-08-23 10:07:29.437232,6321,4299,0,1
2026-08-23 10:07:29.437252,6358,5005,2739,1
2026-08-23 10:07:29.437272,6288,4559,0,1
2026-08-23 10:07:29.437292,6365,5237,3214,1
2026-08-23 10:07:29.437312,6261,4647,0,1
2026-08-23 10:07:29.437332,6353,5268,2985,1
2026-08-23 10:07:29.437352,6262,4725,0,1
2026-08-23 10:07:29.437372,6375,5381,3522,1
2026-08-23 10:07:29.437392,6260,4738,0,1
2026-08-23 10:07:29.437412,6343,5312,2679,1
2026-08-23 10:07:29.437432,6275,4828,0,1
2026-08-23 10:07:29.437452,6274,5223,532,1
2026-08-23 10:07:29.437472,6279,4902,0,1
2026-08-23 10:07:29.456997,6370,4941,2920,1
2026-08-23 10:07:29.457017,6272,4500,0,1
2026-08-23 10:07:29.457037,6360,5147,2912,1
2026-08-23 10:07:29.457057,6255,4647,0,1
2026-08-23 10:07:29.457077,6180,4911,0,1
2026-08-23 10:07:29.457097,6259,4679,0,1
2026-08-23 10:07:29.457117,6353,5267,2622,1
2026-08-23 10:07:29.457137,6279,4823,0,1
2026-08-23 10:07:29.457157,6350,5390,2952,1
2026-08-23 10:07:29.457177,6251,4855,0,1
2026-08-23 10:07:29.457197,6357,5406,2955,1
2026-08-23 10:07:29.457217,6294,4889,6,1
2026-08-23 10:07:29.457237,6354,5380,2852,1
2026-08-23 10:07:29.476449,6297,4263,0,1
2026-08-23 10:07:29.476469,6211,4708,0,1
2026-08-23 10:07:29.476489,6378,4569,0,1
2026-08-23 10:07:29.476509,6352,5219,2712,1
2026-08-23 10:07:29.476529,6268,4761,0,1
2026-08-23 10:07:29.476549,6251,5044,0,1
2026-08-23 10:07:29.476569,6273,4889,0,1
2026-08-23 10:07:29.476589,6361,5452,3031,1
2026-08-23 10:07:29.476609,6256,4848,0,1
2026-08-23 10:07:29.476629,6362,5478,3460,1
2026-08-23 10:07:29.476649,6262,4823,0,1
2026-08-23 10:07:29.476669,6336,5394,2760,1
2026-08-23 10:07:29.476689,6281,4832,0,1
2026-08-23 10:07:29.496678,6376,4875,2546,1
2026-08-23 10:07:29.496698,6272,4473,0,1
2026-08-23 10:07:29.496718,6360,5160,2738,1
2026-08-23 10:07:29.496738,6282,4670,41,1
2026-08-23 10:07:29.496758,6356,5337,3174,1
2026-08-23 10:07:29.496778,6250,4709,0,1
2026-08-23 10:07:29.496798,6367,5375,3154,1
2026-08-23 10:07:29.496818,6280,4833,0,1
2026-08-23 10:07:29.496838,6368,5383,2760,1
2026-08-23 10:07:29.496858,6263,4816,0,1
2026-08-23 10:07:29.496878,6353,5432,3007,1
2026-08-23 10:07:29.496898,6268,4789,0,1
2026-08-23 10:07:29.496918,6353,5387,2946,1
2026-08-23 10:07:29.516557,6325,4312,0,1
2026-08-23 10:07:29.516577,6372,5022,3123,1
2026-08-23 10:07:29.516598,6259,4552,0,1
2026-08-23 10:07:29.516618,6369,5255,3261,1
2026-08-23 10:07:29.516638,6274,4695,0,1
2026-08-23 10:07:29.516658,6362,5274,2753,1
2026-08-23 10:07:29.516678,6260,4808,0,1
2026-08-23 10:07:29.516698,6360,5374,2701,1
2026-08-23 10:07:29.516717,6272,4824,0,1
2026-08-23 10:07:29.516737,6359,5379,2987,1
2026-08-23 10:07:29.516757,6247,4810,0,1
2026-08-23 10:07:29.516778,6364,5449,3482,1
2026-08-23 10:07:29.516798,6269,4727,0,1
2026-08-23 10:07:29.536372,6382,4873,3285,1
2026-08-23 10:07:29.536392,6283,4381,0,1
2026-08-23 10:07:29.536412,6350,5059,2603,1
2026-08-23 10:07:29.536432,6275,4670,0,1
2026-08-23 10:07:29.536452,6267,5034,135,1
2026-08-23 10:07:29.536472,6264,4777,0,1
2026-08-23 10:07:29.536492,6353,5376,2889,1
2026-08-23 10:07:29.536512,6273,4887,0,1
2026-08-23 10:07:29.536532,6353,5440,2963,1
2026-08-23 10:07:29.536552,6250,4858,0,1
2026-08-23 10:07:29.536572,6348,5426,2798,1
2026-08-23 10:07:29.536592,6277,4887,0,1
2026-08-23 10:07:29.536612,6365,5395,2943,1
2026-08-23 10:07:29.556118,6316,4339,14,1
2026-08-23 10:07:29.556138,6472,5088,3254,1
2026-08-23 10:07:29.556158,6253,4555,0,1
2026-08-23 10:07:29.556178,6357,5260,3089,1
2026-08-23 10:07:29.556198,6278,4750,13,1
2026-08-23 10:07:29.556218,6355,5294,2842,1
2026-08-23 10:07:29.556238,6264,4803,0,1
2026-08-23 10:07:29.556258,6350,5393,2902,1
2026-08-23 10:07:29.556278,6273,4857,0,1
2026-08-23 10:07:29.556298,6358,5394,3030,1
2026-08-23 10:07:29.556318,6246,4845,0,1
2026-08-23 10:07:29.556338,6366,5420,3368,1
2026-08-23 10:07:29.556358,6280,4768,0,1
2026-08-23 10:07:29.576179,6387,4865,3254,1
2026-08-23 10:07:29.576199,6281,4452,0,1
2026-08-23 10:07:29.576219,6349,5105,2592,1
2026-08-23 10:07:29.576239,6274,4684,0,1
2026-08-23 10:07:29.576259,6336,5220,2345,1
2026-08-23 10:07:29.576279,6250,4757,0,1
2026-08-23 10:07:29.576299,6363,5338,2909,1
2026-08-23 10:07:29.576319,6278,4850,0,1
2026-08-23 10:07:29.576339,6359,5439,2872,1
2026-08-23 10:07:29.576359,6259,4823,0,1
2026-08-23 10:07:29.576379,6348,5398,2875,1
2026-08-23 10:07:29.576399,6280,4855,0,1
2026-08-23 10:07:29.576419,6365,5405,2940,1
2026-08-23 10:07:29.596077,6310,4318,0,1
2026-08-23 10:07:29.596097,6361,5044,3007,1
2026-08-23 10:07:29.596117,6253,4547,0,1
2026-08-23 10:07:29.596137,6366,5292,3472,1
2026-08-23 10:07:29.596157,6264,4654,0,1
2026-08-23 10:07:29.596177,6356,5246,2682,1
2026-08-23 10:07:29.596197,6270,4768,0,1
2026-08-23 10:07:29.596217,6365,5386,3303,1
2026-08-23 10:07:29.596237,6250,4669,0,1
2026-08-23 10:07:29.596257,6355,5350,2947,1
2026-08-23 10:07:29.596277,6264,4806,0,1
2026-08-23 10:07:29.596297,6304,5243,1256,1
2026-08-23 10:07:29.596317,6231,4827,0,1
2026-08-23 10:07:30.978366,6402,4944,3603,1
2026-08-23 10:07:30.978386,6259,4414,0,1
2026-08-23 10:07:30.978406,6352,5080,2620,1
2026-08-23 10:07:30.978426,6279,4674,0,1
2026-08-23 10:07:30.978446,6335,5182,2160,1
2026-08-23 10:07:30.978466,6248,4758,0,1
2026-08-23 10:07:30.978486,6355,5349,2942,1
2026-08-23 10:07:30.978506,6282,4831,8,1
2026-08-23 10:07:30.978526,6356,5411,2865,1
2026-08-23 10:07:30.978546,6262,4822,0,1
2026-08-23 10:07:30.978566,6364,5404,2863,1
2026-08-23 10:07:30.978586,6277,4845,0,1
2026-08-23 10:07:30.978606,6367,5401,2971,1
2026-08-23 10:07:30.978626,6251,4858,0,1
2026-08-23 10:07:30.978646,6367,5480,3424,1
2026-08-23 10:07:30.978666,6269,4786,0,1
2026-08-23 10:07:30.978686,6353,5381,2643,1
2026-08-23 10:07:30.978706,6275,4847,0,1
2026-08-23 10:07:30.978726,6235,5172,0,1
2026-08-23 10:07:30.978746,6263,4895,0,1
2026-08-23 10:07:30.978766,6355,5491,2894,1
2026-08-23 10:07:30.978786,6276,4890,0,1
2026-08-23 10:07:30.978806,6351,5419,2546,1
2026-08-23 10:07:30.978826,6266,4858,0,1
2026-08-23 10:07:30.978846,6356,5425,2721,1
2026-08-23 10:07:30.978866,6279,4946,5,1
2026-08-23 10:07:30.978886,6360,5493,3225,1
2026-08-23 10:07:30.978906,6254,4826,0,1
2026-08-23 10:07:30.978926,6363,5424,3108,1
2026-08-23 10:07:30.978946,6281,4866,16,1
2026-08-23 10:07:30.978966,6349,5411,2800,1
2026-08-23 10:07:30.978986,6261,4856,0,1
2026-08-23 10:07:30.979006,6362,5427,2958,1
2026-08-23 10:07:30.979026,6273,4871,0,1
2026-08-23 10:07:30.979046,6362,5414,2956,1
2026-08-23 10:07:30.979066,6250,4835,0,1
2026-08-23 10:07:30.979086,6376,5460,3500,1
2026-08-23 10:07:30.979106,6264,4817,0,1
2026-08-23 10:07:30.979126,6359,5354,2637,1
2026-08-23 10:07:30.979146,6272,4882,0,1
2026-08-23 10:07:30.979166,6338,5357,2161,1
2026-08-23 10:07:30.979186,6267,4870,0,1
2026-08-23 10:07:30.979206,6363,5499,2940,1
2026-08-23 10:07:30.979226,6272,4895,0,1
2026-08-23 10:07:30.979246,6351,5497,3141,1
2026-08-23 10:07:30.979266,6257,4869,0,1
2026-08-23 10:07:30.979286,6344,5414,2726,1
2026-08-23 10:07:30.979306,6271,4903,4,1
2026-08-23 10:07:30.979326,6359,5479,3106,1
2026-08-23 10:07:30.979346,6256,4837,0,1
2026-08-23 10:07:30.979366,6353,5425,3043,1
2026-08-23 10:07:30.979386,6283,4883,8,1
2026-08-23 10:07:30.979406,6364,5414,2801,1
2026-08-23 10:07:30.979426,6266,4883,0,1
2026-08-23 10:07:30.979446,6365,5437,2927,1
2026-08-23 10:07:30.979466,6268,4864,0,1
2026-08-23 10:07:30.979486,6363,5417,2982,1
2026-08-23 10:07:30.979506,6254,4816,0,1
2026-08-23 10:07:30.979526,6376,5444,3442,1
2026-08-23 10:07:30.979546,6265,4815,0,1
2026-08-23 10:07:30.979566,6360,5378,2664,1
2026-08-23 10:07:30.979586,6264,4864,0,1
2026-08-23 10:07:30.979606,6196,5055,0,1
2026-08-23 10:07:30.979626,6257,4756,0,1
2026-08-23 10:07:30.979646,6356,5384,2928,1
2026-08-23 10:07:30.979666,6274,4821,0,1
2026-08-23 10:07:30.979686,6334,5313,1984,1
2026-08-23 10:07:30.979706,6260,4888,0,1
2026-08-23 10:07:30.979726,6355,5446,2692,1
2026-08-23 10:07:30.979746,6283,4896,0,1
2026-08-23 10:07:30.979766,6376,5489,3260,1
2026-08-23 10:07:30.979786,6252,4854,0,1
2026-08-23 10:07:30.979806,6369,5415,3008,1
2026-08-23 10:07:30.979826,6280,4907,5,1
2026-08-23 10:07:30.979846,6256,5453,2946,1
2026-08-23 10:07:30.979866,6417,4841,0,1
2026-08-23 10:07:30.979886,6360,5423,2804,1
2026-08-23 10:07:30.979906,6294,4893,18,1
2026-08-23 10:07:30.979926,6372,5422,3110,1
2026-08-23 10:07:30.979946,6254,4820,0,1
2026-08-23 10:07:30.979966,6362,5429,3230,1
2026-08-23 10:07:30.979986,6280,4860,0,1
2026-08-23 10:07:30.980006,6327,5388,2702,1
2026-08-23 10:07:30.980026,6276,4849,0,1
2026-08-23 10:07:30.980046,6365,5433,3163,1
2026-08-23 10:07:30.980066,6250,4818,0,1
2026-08-23 10:07:30.980086,6357,5370,2934,1
2026-08-23 10:07:30.980106,6274,4814,0,1
2026-08-23 10:07:30.980126,6288,5273,856,1
2026-08-23 10:07:30.980146,6278,4926,0,1
2026-08-23 10:07:30.980166,6350,5476,2663,1
2026-08-23 10:07:30.980186,6277,4928,0,1
2026-08-23 10:07:30.980206,6301,5314,1163,1
2026-08-23 10:07:30.980226,6269,4950,0,1
2026-08-23 10:07:30.980246,6358,5511,2921,1
2026-08-23 10:07:30.980266,6275,4945,0,1
2026-08-23 10:07:30.980286,6363,5451,2619,1
2026-08-23 10:07:30.980306,6277,4870,0,1
2026-08-23 10:07:30.980326,6361,5419,2720,1
2026-08-23 10:07:30.980346,6284,4908,0,1
2026-08-23 10:07:30.980366,6357,5509,3334,1
2026-08-23 10:07:30.980386,6248,4826,0,1
2026-08-23 10:07:30.980406,6351,5450,3033,1
2026-08-23 10:07:30.980426,6290,4879,11,1
2026-08-23 10:07:30.980446,6353,5443,2895,1
2026-08-23 10:07:30.980466,6274,4843,0,1
2026-08-23 10:07:30.980486,6361,5427,2859,1
2026-08-23 10:07:30.980506,6280,4857,0,1
2026-08-23 10:07:30.980526,6359,5423,3032,1
2026-08-23 10:07:30.980546,6249,4822,0,1
2026-08-23 10:07:30.980566,6367,5436,3333,1
2026-08-23 10:07:30.980586,6269,4847,0,1
2026-08-23 10:07:30.980606,6355,5399,2653,1
2026-08-23 10:07:30.980626,6285,4845,0,1
2026-08-23 10:07:30.980646,6261,5219,0,1
2026-08-23 10:07:30.980666,6266,4936,0,1
2026-08-23 10:07:30.980686,6360,5492,2930,1
2026-08-23 10:07:30.980706,6264,4936,0,1
2026-08-23 10:07:30.980726,6347,5440,2295,1
2026-08-23 10:07:30.980746,6274,4889,0,1
2026-08-23 10:07:30.980766,6355,5440,2679,1
2026-08-23 10:07:30.980786,6278,4913,0,1
2026-08-23 10:07:30.980806,6345,5406,2341,1
2026-08-23 10:07:30.980826,6258,4920,0,1
2026-08-23 10:07:30.980846,6357,5485,2968,1
2026-08-23 10:07:30.980866,6283,4907,0,1
2026-08-23 10:07:30.980886,6366,5490,3005,1
2026-08-23 10:07:30.980906,6262,4866,0,1
2026-08-23 10:07:30.980926,6347,5456,2761,1
2026-08-23 10:07:30.980946,6285,4896,18,1
2026-08-23 10:07:30.980966,6380,5457,3173,1
2026-08-23 10:07:30.980986,6252,4835,0,1
2026-08-23 10:07:30.981006,6362,5471,3150,1
2026-08-23 10:07:30.981026,6279,4901,0,1
2026-08-23 10:07:30.981046,6347,5410,2758,1
2026-08-23 10:07:30.981066,6262,4891,0,1
2026-08-23 10:07:30.981086,6356,5454,3012,1
2026-08-23 10:07:30.981106,6271,4853,0,1
2026-08-23 10:07:30.981126,6365,5411,2942,1
2026-08-23 10:07:30.981146,6257,4834,0,1
2026-08-23 10:07:30.981166,6362,5458,3476,1
2026-08-23 10:07:30.981186,6269,4803,0,1
2026-08-23 10:07:30.981206,6352,5369,2647,1
2026-08-23 10:07:30.981226,6265,4834,0,1
2026-08-23 10:07:30.981246,6341,5372,2136,1
2026-08-23 10:07:30.981266,6267,4898,0,1
2026-08-23 10:07:30.981286,6363,5461,2951,1
2026-08-23 10:07:30.981306,6273,4906,0,1
2026-08-23 10:07:30.981326,6360,5454,3170,1
2026-08-23 10:07:30.981346,6263,4836,0,1
2026-08-23 10:07:30.981366,6354,5405,2705,1
2026-08-23 10:07:30.981386,6268,4893,0,1
2026-08-23 10:07:30.981406,6359,5415,2907,1
2026-08-23 10:07:30.981426,6257,4845,0,1
2026-08-23 10:07:30.981446,6356,5448,3016,1
2026-08-23 10:07:30.981466,6286,4878,24,1
2026-08-23 10:07:30.981486,6348,5422,2905,1
2026-08-23 10:07:30.981506,6260,4857,0,1
2026-08-23 10:07:30.981526,6352,5442,2837,1
2026-08-23 10:07:30.981546,6278,4905,4,1
2026-08-23 10:07:30.981566,6355,5466,3120,1
2026-08-23 10:07:30.981586,6248,4863,0,1
2026-08-23 10:07:30.981606,6363,5461,3239,1
2026-08-23 10:07:30.981626,6282,4886,0,1
2026-08-23 10:07:30.981646,6354,5400,2720,1
2026-08-23 10:07:30.981666,6274,4894,0,1
2026-08-23 10:07:30.981686,6368,5422,3119,1
2026-08-23 10:07:30.981706,6267,4785,0,1
2026-08-23 10:07:30.981726,6348,5407,2916,1
2026-08-23 10:07:30.981746,6258,4849,0,1
2026-08-23 10:07:30.981766,6232,5228,0,1
2026-08-23 10:07:30.981786,6268,4772,0,1
2026-08-23 10:07:30.981806,6356,5350,2653,1
2026-08-23 10:07:30.981826,6283,4846,0,1
2026-08-23 10:07:30.981846,6361,5423,2496,1
2026-08-23 10:07:30.981866,6256,4881,0,1
2026-08-23 10:07:30.981886,6358,5459,2952,1
2026-08-23 10:07:30.981906,6277,4921,0,1
2026-08-23 10:07:30.981926,6363,5473,3163,1
2026-08-23 10:07:30.981946,6262,4853,0,1
2026-08-23 10:07:30.981966,6355,5422,2711,1
2026-08-23 10:07:30.981986,6287,4867,0,1
2026-08-23 10:07:30.982006,6352,5438,2811,1
2026-08-23 10:07:30.982026,6258,4842,0,1
2026-08-23 10:07:30.982046,6360,5452,2993,1
2026-08-23 10:07:30.982066,6260,4901,0,1
2026-08-23 10:07:30.982086,6359,5449,2951,1
2026-08-23 10:07:30.982106,6266,4830,0,1
2026-08-23 10:07:30.982126,6362,5397,2794,1
2026-08-23 10:07:30.982146,6286,4885,8,1
2026-08-23 10:07:30.982166,6360,5462,3088,1
2026-08-23 10:07:30.982186,6256,4816,0,1
2026-08-23 10:07:30.982206,6368,5472,3190,1
2026-08-23 10:07:30.982226,6277,4880,0,1
2026-08-23 10:07:30.982246,6345,5389,2755,1
2026-08-23 10:07:30.982266,6256,4845,0,1
2026-08-23 10:07:30.982286,6367,5432,3035,1
2026-08-23 10:07:30.982306,6273,4854,0,1
2026-08-23 10:07:30.982326,6363,5400,2956,1
2026-08-23 10:07:30.982346,6254,4856,0,1
2026-08-23 10:07:30.982366,6366,5475,3518,1
2026-08-23 10:07:30.982386,6259,4760,0,1
2026-08-23 10:07:30.982406,6356,5336,2659,1
2026-08-23 10:07:30.982426,6276,4827,0,1
2026-08-23 10:07:30.982446,6324,5344,1835,1
2026-08-23 10:07:30.982466,6269,4878,0,1
2026-08-23 10:07:30.982486,6361,5436,2944,1
2026-08-23 10:07:30.982506,6271,4915,0,1
2026-08-23 10:07:30.982526,6363,5456,3223,1
2026-08-23 10:07:30.982546,6277,4861,0,1
2026-08-23 10:07:30.982566,6351,5424,2706,1
2026-08-23 10:07:30.982586,6283,4867,0,1
2026-08-23 10:07:30.982606,6355,5389,2524,1
2026-08-23 10:07:30.982626,6252,4877,0,1
2026-08-23 10:07:30.982646,6351,5478,3041,1
2026-08-23 10:07:30.982666,6288,4885,0,1
2026-08-23 10:07:30.982686,6362,5443,2999,1
2026-08-23 10:07:30.982706,6263,4857,0,1
2026-08-23 10:07:30.982726,6354,5445,2768,1
2026-08-23 10:07:30.982746,6282,4896,12,1
2026-08-23 10:07:30.982766,6368,5452,3203,1
2026-08-23 10:07:30.982786,6254,4820,0,1
2026-08-23 10:07:30.982806,6364,5454,3124,1
2026-08-23 10:07:30.982826,6276,4889,4,1
2026-08-23 10:07:30.982846,6353,5411,2796,1
2026-08-23 10:07:30.982866,6259,4873,0,1
2026-08-23 10:07:30.982886,6361,5415,2961,1
2026-08-23 10:07:30.982906,6271,4876,0,1
2026-08-23 10:07:30.982926,6357,5404,2985,1
2026-08-23 10:07:30.982946,6245,4824,0,1
2026-08-23 10:07:30.982966,6367,5468,3427,1
2026-08-23 10:07:30.982986,6270,4823,0,1
2026-08-23 10:07:30.983006,6348,5371,2653,1
2026-08-23 10:07:30.983026,6266,4845,0,1
2026-08-23 10:07:30.983046,6305,5287,1184,1
2026-08-23 10:07:30.983066,6273,4912,0,1
2026-08-23 10:07:30.983086,6367,5469,2931,1
2026-08-23 10:07:30.983106,6271,4956,0,1
2026-08-23 10:07:30.983126,6352,5457,2534,1
2026-08-23 10:07:30.983146,6268,4891,0,1
2026-08-23 10:07:30.983166,6365,5447,2688,1
2026-08-23 10:07:30.983186,6291,4899,0,1
2026-08-23 10:07:30.983206,6354,5401,2478,1
2026-08-23 10:07:30.983226,6265,4863,0,1
2026-08-23 10:07:30.983246,6352,5486,2971,1
2026-08-23 10:07:30.983266,6279,4927,0,1
2026-08-23 10:07:30.983286,6350,5463,2978,1
2026-08-23 10:07:30.983306,6255,4899,0,1
2026-08-23 10:07:30.983326,6358,5450,2771,1
2026-08-23 10:07:30.983346,6286,4905,15,1
2026-08-23 10:07:30.983366,6371,5459,3182,1
2026-08-23 10:07:30.983386,6250,4900,0,1
2026-08-23 10:07:30.983406,6363,5461,3158,1
2026-08-23 10:07:30.983426,6277,4874,0,1
2026-08-23 10:07:30.983446,6359,5415,2752,1
2026-08-23 10:07:30.983466,6262,4869,0,1
2026-08-23 10:07:30.983486,6366,5435,3014,1
2026-08-23 10:07:30.983506,6274,4873,0,1
2026-08-23 10:07:30.983526,6365,5412,2961,1
2026-08-23 10:07:30.983546,6262,4857,0,1
2026-08-23 10:07:30.983566,6379,5445,3491,1
2026-08-23 10:07:30.983586,6272,4781,0,1
2026-08-23 10:07:30.983606,6351,5375,2646,1
2026-08-23 10:07:30.983626,6283,4821,0,1
2026-08-23 10:07:30.983646,6331,5369,1987,1
2026-08-23 10:07:30.983666,6264,4896,0,1
2026-08-23 10:07:30.983686,6363,5468,2947,1
2026-08-23 10:07:30.983706,6280,4880,0,1
2026-08-23 10:07:30.983726,6366,5461,3190,1
2026-08-23 10:07:30.983746,6261,4828,0,1
2026-08-23 10:07:30.983766,6348,5394,2704,1
2026-08-23 10:07:30.983786,6286,4880,0,1
2026-08-23 10:07:30.983806,6361,5428,2815,1
2026-08-23 10:07:30.983826,6259,4893,0,1
2026-08-23 10:07:30.983846,6364,5438,3001,1
2026-08-23 10:07:30.983866,6286,4925,8,1
2026-08-23 10:07:30.983886,6360,5466,2920,1
2026-08-23 10:07:30.983906,6272,4872,0,1
2026-08-23 10:07:30.983926,6355,5448,2820,1
2026-08-23 10:07:30.983946,6285,4886,7,1
2026-08-23 10:07:30.983966,6363,5438,3128,1
2026-08-23 10:07:30.983986,6242,4826,0,1
2026-08-23 10:07:30.984006,6369,5442,3212,1
2026-08-23 10:07:30.984026,6286,4870,0,1
2026-08-23 10:07:30.984046,6356,5426,2734,1
2026-08-23 10:07:30.984066,6263,4856,0,1
2026-08-23 10:07:30.984086,6353,5456,3095,1
2026-08-23 10:07:30.984106,6265,4839,0,1
2026-08-23 10:07:30.984126,6360,5418,2928,1
2026-08-23 10:07:30.984146,6262,4850,0,1
2026-08-23 10:07:30.984166,6377,5515,4057,1
2026-08-23 10:07:30.984186,6261,4789,0,1
2026-08-23 10:07:30.984206,6361,5336,2668,1
2026-08-23 10:07:30.984226,6287,4867,0,1
2026-08-23 10:07:30.984246,6350,5397,2456,1
2026-08-23 10:07:30.984266,6261,4884,0,1
2026-08-23 10:07:30.984286,6365,5439,2958,1
2026-08-23 10:07:30.984306,6394,4879,0,1
2026-08-23 10:07:30.984326,6361,5471,3148,1
2026-08-23 10:07:30.984346,6271,4833,0,1
2026-08-23 10:07:30.984366,6357,5435,2711,1
2026-08-23 10:07:30.984386,6286,4886,0,1
2026-08-23 10:07:30.984406,6359,5466,2959,1
2026-08-23 10:07:30.984426,6261,4850,0,1
2026-08-23 10:07:30.984446,6367,5435,3017,1
2026-08-23 10:07:30.984466,6288,4898,6,1
2026-08-23 10:07:30.984486,6362,5425,2888,1
2026-08-23 10:07:30.984506,6264,4884,0,1
2026-08-23 10:07:30.984526,6352,5466,2904,1
2026-08-23 10:07:30.984546,6272,4913,0,1
2026-08-23 10:07:30.984566,6361,5438,3057,1
2026-08-23 10:07:30.984586,6257,4862,0,1
2026-08-23 10:07:30.984606,6375,5477,3266,1
2026-08-23 10:07:30.984626,6281,4827,0,1
2026-08-23 10:07:30.984646,6354,5395,2705,1
2026-08-23 10:07:30.984666,6268,4842,0,1
2026-08-23 10:07:30.984686,6377,5464,3162,1
2026-08-23 10:07:30.984706,6266,4778,0,1
2026-08-23 10:07:30.984726,6369,5395,2927,1
2026-08-23 10:07:30.984746,6271,4816,0,1
2026-08-23 10:07:30.984766,6209,5132,0,1
2026-08-23 10:07:30.984786,6273,4876,0,1
2026-08-23 10:07:30.984806,6354,5430,2666,1
2026-08-23 10:07:30.984826,6281,4902,0,1
2026-08-23 10:07:30.984846,6354,5436,2757,1
2026-08-23 10:07:30.984866,6265,4900,0,1
2026-08-23 10:07:30.984886,6366,5436,2977,1
2026-08-23 10:07:30.984906,6282,4917,0,1
2026-08-23 10:07:30.984926,6361,5540,3088,1
2026-08-23 10:07:30.984946,6267,4877,0,1
2026-08-23 10:07:30.984966,6359,5407,2737,1
2026-08-23 10:07:30.984986,6294,4879,10,1
2026-08-23 10:07:30.985006,6372,5478,3277,1
2026-08-23 10:07:30.985026,6252,4833,0,1
2026-08-23 10:07:30.985046,6371,5403,3047,1
2026-08-23 10:07:30.985066,6286,4869,22,1
2026-08-23 10:07:30.985086,6356,5440,2802,1
2026-08-23 10:07:30.985106,6264,4848,0,1
2026-08-23 10:07:30.985126,6357,5431,2914,1
2026-08-23 10:07:30.985146,6278,4862,0,1
2026-08-23 10:07:30.985166,6362,5450,2992,1
2026-08-23 10:07:30.985186,6248,4848,0,1
2026-08-23 10:07:30.985206,6375,5446,3423,1
2026-08-23 10:07:30.985226,6273,4806,0,1
2026-08-23 10:07:30.985246,6355,5404,2669,1
2026-08-23 10:07:30.985266,6293,4877,0,1
2026-08-23 10:07:30.985286,6247,5205,0,1
2026-08-23 10:07:30.985306,6257,4752,0,1
2026-08-23 10:07:30.985326,6362,5379,2915,1
2026-08-23 10:07:30.985346,6272,4827,0,1
2026-08-23 10:07:30.985366,6322,5353,1784,1
2026-08-23 10:07:30.985386,6269,4889,0,1
2026-08-23 10:07:30.985406,6363,5434,2710,1
2026-08-23 10:07:30.985426,6288,4896,0,1
2026-08-23 10:07:30.985446,6381,5497,3227,1
2026-08-23 10:07:30.985466,6260,4825,0,1
2026-08-23 10:07:30.985486,6364,5456,2995,1
2026-08-23 10:07:30.985506,6292,4899,0,1
2026-08-23 10:07:30.985526,6362,5470,2965,1
2026-08-23 10:07:30.985546,6264,4878,0,1
2026-08-23 10:07:30.985566,6368,5424,2792,1
2026-08-23 10:07:30.985586,6278,4918,6,1
2026-08-23 10:07:30.985606,6318,5478,3160,1
2026-08-23 10:07:30.985626,6247,4850,0,1
2026-08-23 10:07:30.985646,6363,5433,3167,1
2026-08-23 10:07:30.985666,6080,4883,0,1
2026-08-23 10:07:30.985686,6358,5400,2713,1
2026-08-23 10:07:30.985706,6269,4858,0,1
2026-08-23 10:07:30.985726,6370,5473,3118,1
2026-08-23 10:07:30.985746,6254,4839,0,1
2026-08-23 10:07:30.985766,6355,5403,2944,1
2026-08-23 10:07:30.985786,6264,4864,0,1
2026-08-23 10:07:30.985806,6264,5228,147,1
2026-08-23 10:07:30.985826,6279,4906,0,1
2026-08-23 10:07:30.985846,6362,5442,2669,1
2026-08-23 10:07:30.985866,6274,4945,0,1
2026-08-23 10:07:30.985886,6294,5298,774,1
2026-08-23 10:07:30.985906,6267,4967,0,1
2026-08-23 10:07:30.985926,6365,5481,2944,1
2026-08-23 10:07:30.985946,6261,4918,0,1
2026-08-23 10:07:30.985966,6375,5426,2496,1
2026-08-23 10:07:30.985986,6272,4897,0,1
2026-08-23 10:07:30.986006,6360,5431,2705,1
2026-08-23 10:07:30.986026,6287,4912,0,1
2026-08-23 10:07:30.986046,6369,5520,3326,1
2026-08-23 10:07:30.986066,6260,4870,0,1
2026-08-23 10:07:30.986086,6360,5437,3035,1
2026-08-23 10:07:30.986106,6298,4888,4,1
2026-08-23 10:07:30.986126,6363,5417,2894,1
2026-08-23 10:07:30.986146,6266,4850,0,1
2026-08-23 10:07:30.986166,6354,5457,2841,1
2026-08-23 10:07:30.986186,6288,4889,0,1
2026-08-23 10:07:30.986206,6368,5432,3087,1
2026-08-23 10:07:30.986226,6257,4858,0,1
2026-08-23 10:07:30.986246,6368,5444,3297,1
2026-08-23 10:07:30.986266,6293,4859,0,1
2026-08-23 10:07:30.986286,6355,5378,2685,1
2026-08-23 10:07:30.986306,6265,4860,0,1
2026-08-23 10:07:30.986326,6200,5052,0,1
2026-08-23 10:07:30.986346,6260,4805,0,1
2026-08-23 10:07:30.986366,6351,5397,2927,1
2026-08-23 10:07:30.986386,6264,4852,0,1
2026-08-23 10:07:30.986406,6316,5329,1668,1
2026-08-23 10:07:30.986426,6268,4914,0,1
2026-08-23 10:07:30.986446,6366,5458,2673,1
2026-08-23 10:07:30.986466,6280,4898,0,1
2026-08-23 10:07:30.986486,6324,5382,1706,1
2026-08-23 10:07:30.986506,6202,4900,0,1
2026-08-23 10:07:30.986526,6364,5490,2948,1
2026-08-23 10:07:30.986546,6277,4908,0,1
2026-08-23 10:07:30.986566,6358,5471,2732,1
2026-08-23 10:07:30.986586,6273,4886,0,1
2026-08-23 10:07:30.986606,6354,5459,2740,1
2026-08-23 10:07:30.986626,6278,4954,11,1
2026-08-23 10:07:30.986646,6358,5469,3267,1
2026-08-23 10:07:30.986666,6259,4825,0,1
2026-08-23 10:07:30.986686,6374,5429,3047,1
2026-08-23 10:07:30.986706,6277,4875,6,1
2026-08-23 10:07:30.986726,6363,5423,2859,1
2026-08-23 10:07:30.986746,6264,4854,0,1
2026-08-23 10:07:30.986766,6351,5434,2892,1
2026-08-23 10:07:30.986786,6287,4875,0,1
2026-08-23 10:07:30.986806,6371,5420,3033,1
2026-08-23 10:07:30.986826,6257,4870,0,1
2026-08-23 10:07:30.986846,6465,5451,3335,1
2026-08-23 10:07:30.986866,6270,4854,0,1
2026-08-23 10:07:30.986886,6355,5383,2652,1
2026-08-23 10:07:30.986906,6265,4898,0,1
2026-08-23 10:07:30.986926,6234,5183,0,1
2026-08-23 10:07:30.986946,6274,4957,0,1
2026-08-23 10:07:30.986966,6362,5510,2926,1
2026-08-23 10:07:30.986986,6271,4908,0,1
2026-08-23 10:07:30.987006,6326,5393,1942,1
2026-08-23 10:07:30.987026,6281,4948,0,1
2026-08-23 10:07:30.987046,6359,5461,2677,1
2026-08-23 10:07:30.987066,6280,4961,0,1
2026-08-23 10:07:30.987086,6348,5413,1908,1
2026-08-23 10:07:30.987106,6261,4899,0,1
2026-08-23 10:07:30.987126,6367,5499,2956,1
2026-08-23 10:07:30.987146,6285,4919,0,1
2026-08-23 10:07:30.987166,6362,5469,3047,1
2026-08-23 10:07:30.987186,6259,4901,0,1
2026-08-23 10:07:30.987206,6363,5422,2739,1
2026-08-23 10:07:30.987226,6284,4926,7,1
2026-08-23 10:07:30.987246,6376,5458,3258,1
2026-08-23 10:07:30.987266,6261,4851,0,1
2026-08-23 10:07:30.987286,6357,5431,3084,1
2026-08-23 10:07:30.987306,6289,4878,30,1
2026-08-23 10:07:30.987326,6364,5414,2830,1
2026-08-23 10:07:30.987346,6259,4884,0,1
2026-08-23 10:07:30.987366,6313,5431,2920,1
2026-08-23 10:07:30.987386,6284,4899,0,1
2026-08-23 10:07:30.987406,6357,5459,2996,1
2026-08-23 10:07:30.987426,6249,4868,0,1
2026-08-23 10:07:30.987446,6379,5454,3399,1
2026-08-23 10:07:30.987466,6266,4849,0,1
2026-08-23 10:07:30.987486,6357,5378,2622,1
2026-08-23 10:07:30.987506,6274,4884,0,1
2026-08-23 10:07:30.987526,6298,5287,1079,1
2026-08-23 10:07:30.987546,6278,4911,0,1
2026-08-23 10:07:30.987566,6370,5499,2938,1
2026-08-23 10:07:30.987586,6276,4923,0,1
2026-08-23 10:07:30.987606,6367,5487,3226,1
2026-08-23 10:07:30.987626,6268,4885,0,1
2026-08-23 10:07:30.987646,6350,5435,2690,1
2026-08-23 10:07:30.987666,6287,4910,0,1
2026-08-23 10:07:30.987686,6352,5406,2636,1
2026-08-23 10:07:30.987706,6267,4861,0,1
2026-08-23 10:07:30.987726,6363,5466,2983,1
2026-08-23 10:07:30.987746,6278,4877,0,1
2026-08-23 10:07:30.987766,6367,5434,2957,1
2026-08-23 10:07:30.987786,6264,4890,0,1
2026-08-23 10:07:30.987806,6366,5410,2805,1
2026-08-23 10:07:30.987826,6279,4923,16,1
2026-08-23 10:07:30.987846,6313,5450,3138,1
2026-08-23 10:07:30.987866,6257,4877,0,1
2026-08-23 10:07:30.987886,6371,5441,3197,1
2026-08-23 10:07:30.987906,6282,4889,0,1
2026-08-23 10:07:30.987926,6364,5423,2740,1
2026-08-23 10:07:30.987946,6278,4868,0,1
2026-08-23 10:07:30.987966,6375,5432,3103,1
2026-08-23 10:07:30.987986,6266,4840,0,1
2026-08-23 10:07:30.988006,6371,5393,2937,1
2026-08-23 10:07:30.988026,6264,4850,0,1
2026-08-23 10:07:30.988046,6380,5479,3602,1
2026-08-23 10:07:30.988066,6264,4779,0,1
2026-08-23 10:07:30.988086,6361,5340,2653,1
2026-08-23 10:07:30.988106,6280,4823,0,1
2026-08-23 10:07:30.988126,6353,5356,2391,1
2026-08-23 10:07:30.988146,6274,4876,0,1
2026-08-23 10:07:30.988166,6369,5424,2976,1
2026-08-23 10:07:30.988186,6279,4873,0,1
2026-08-23 10:07:30.988206,6355,5490,3148,1
2026-08-23 10:07:30.988226,6264,4839,0,1
2026-08-23 10:07:30.988246,6355,5409,2711,1
2026-08-23 10:07:30.988266,6292,4878,0,1
2026-08-23 10:07:30.988286,6357,5423,2756,1
2026-08-23 10:07:30.988306,6263,4875,0,1
2026-08-23 10:07:30.988326,6364,5444,2994,1
2026-08-23 10:07:30.988346,6286,4873,0,1
2026-08-23 10:07:30.988366,6364,5445,2947,1
2026-08-23 10:07:30.988386,6266,4861,0,1
2026-08-23 10:07:30.988406,6366,5443,2785,1
2026-08-23 10:07:30.988426,6284,4925,5,1
2026-08-23 10:07:30.988446,6370,5477,3155,1
2026-08-23 10:07:30.988466,6264,4829,0,1
2026-08-23 10:07:30.988486,6363,5453,3164,1
2026-08-23 10:07:30.988506,6278,4865,0,1
2026-08-23 10:07:30.988526,6372,5451,2740,1
2026-08-23 10:07:30.988546,6266,4890,0,1
2026-08-23 10:07:30.988566,6369,5484,3011,1
2026-08-23 10:07:30.988586,6307,4871,0,1
2026-08-23 10:07:30.988606,6375,5413,2940,1
2026-08-23 10:07:30.988626,6266,4817,0,1
2026-08-23 10:07:30.988646,6380,5452,3492,1
2026-08-23 10:07:30.988666,6273,4778,0,1
2026-08-23 10:07:30.988686,6367,5383,2652,1
2026-08-23 10:07:30.988706,6278,4833,0,1
2026-08-23 10:07:30.988726,6351,5326,1877,1
2026-08-23 10:07:30.988746,6268,4905,0,1
2026-08-23 10:07:30.988766,6368,5435,2961,1
2026-08-23 10:07:30.988786,6276,4880,0,1
2026-08-23 10:07:30.988806,6370,5488,3207,1
2026-08-23 10:07:30.988826,6272,4839,0,1
2026-08-23 10:07:30.988846,6340,5397,2713,1
2026-08-23 10:07:30.988866,6288,4878,0,1
2026-08-23 10:07:30.988886,6362,5384,2544,1
2026-08-23 10:07:30.988906,6266,4888,0,1
2026-08-23 10:07:30.988926,6375,5435,2998,1
2026-08-23 10:07:30.988946,6288,4930,0,1
2026-08-23 10:07:30.988966,6365,5463,2997,1
2026-08-23 10:07:30.988986,6268,4858,0,1
2026-08-23 10:07:30.989006,6358,5447,2765,1
2026-08-23 10:07:30.989026,6279,4915,18,1
2026-08-23 10:07:30.989046,6376,5462,3185,1
2026-08-23 10:07:30.989066,6260,4836,0,1
2026-08-23 10:07:30.989086,6375,5460,3131,1
2026-08-23 10:07:30.989106,6291,4896,1,1
2026-08-23 10:07:30.989126,6366,5403,2806,1
2026-08-23 10:07:30.989146,6273,4841,0,1
2026-08-23 10:07:30.989166,6366,5459,3007,1
2026-08-23 10:07:30.989186,6277,4881,0,1
2026-08-23 10:07:30.989206,6373,5418,2997,1
2026-08-23 10:07:30.989226,6250,4830,0,1
2026-08-23 10:07:30.989246,6378,5477,3421,1
2026-08-23 10:07:30.989266,6270,4834,0,1
2026-08-23 10:07:30.989286,6349,5369,2656,1
2026-08-23 10:07:30.989306,6273,4888,0,1
2026-08-23 10:07:30.989326,6291,5221,612,1
2026-08-23 10:07:30.989346,6274,4924,0,1
2026-08-23 10:07:30.989366,6376,5497,2935,1
2026-08-23 10:07:30.989386,6272,4932,0,1
2026-08-23 10:07:30.989406,6338,5422,2141,1
2026-08-23 10:07:30.989426,6281,4912,0,1
2026-08-23 10:07:30.989446,6358,5468,2680,1
2026-08-23 10:07:30.989466,6290,4900,0,1
2026-08-23 10:07:30.989486,6341,5374,1998,1
2026-08-23 10:07:30.989506,6271,4897,0,1
2026-08-23 10:07:30.989526,6360,5515,2961,1
2026-08-23 10:07:30.989546,6284,4908,0,1
2026-08-23 10:07:30.989566,6362,5506,3050,1
2026-08-23 10:07:30.989586,6270,4864,0,1
2026-08-23 10:07:30.989606,6362,5430,2731,1
2026-08-23 10:07:30.989626,6297,4942,4,1
2026-08-23 10:07:30.989646,6392,5473,3258,1
2026-08-23 10:07:30.989666,6262,4867,0,1
2026-08-23 10:07:30.989686,6368,5424,3057,1
2026-08-23 10:07:30.989706,6294,4903,18,1
2026-08-23 10:07:30.989726,6372,5421,2844,1
2026-08-23 10:07:30.989746,6261,4861,0,1
2026-08-23 10:07:30.989766,6364,5462,2878,1
2026-08-23 10:07:30.989786,6286,4902,0,1
2026-08-23 10:07:30.989806,6374,5471,3023,1
2026-08-23 10:07:30.989826,6264,4840,0,1
2026-08-23 10:07:30.989846,6364,5452,3329,1
2026-08-23 10:07:30.989866,6278,4864,0,1
2026-08-23 10:07:30.989886,6349,5409,2824,1
2026-08-23 10:07:30.989906,6279,4853,0,1
2026-08-23 10:07:30.989926,6230,5143,0,1
2026-08-23 10:07:30.989946,6269,4938,0,1
2026-08-23 10:07:30.989966,6370,5498,2946,1
2026-08-23 10:07:30.989986,6269,4887,0,1
2026-08-23 10:07:30.990006,6341,5332,1300,1
2026-08-23 10:07:30.990026,6275,4955,0,1
2026-08-23 10:07:30.990046,6351,5473,2700,1
2026-08-23 10:07:30.990066,6281,4929,0,1
2026-08-23 10:07:30.990086,6310,5342,1276,1
2026-08-23 10:07:30.990106,6274,4966,0,1
2026-08-23 10:07:30.990126,6357,5487,2972,1
2026-08-23 10:07:30.990146,6287,4915,0,1
2026-08-23 10:07:30.990166,6354,5451,2450,1
2026-08-23 10:07:30.990186,6278,4894,0,1
2026-08-23 10:07:30.990206,6370,5471,2730,1
2026-08-23 10:07:30.990226,6302,4914,0,1
2026-08-23 10:07:30.990246,6378,5497,3359,1
2026-08-23 10:07:30.990266,6263,4850,0,1
2026-08-23 10:07:30.990286,6376,5423,3000,1
2026-08-23 10:07:30.990306,6288,4912,0,1
2026-08-23 10:07:30.990326,6364,5463,2970,1
2026-08-23 10:07:30.990346,6352,4878,0,1
2026-08-23 10:07:30.990366,6367,5441,2793,1
2026-08-23 10:07:30.990386,6283,4915,27,1
2026-08-23 10:07:30.990406,6434,5475,3160,1
2026-08-23 10:07:30.990426,6255,4861,0,1
2026-08-23 10:07:30.990446,6376,5433,3161,1
2026-08-23 10:07:30.990466,6291,4860,0,1
2026-08-23 10:07:30.990486,6356,5443,2729,1
2026-08-23 10:07:30.990506,6260,4893,0,1
2026-08-23 10:07:30.990526,6371,5448,3080,1
2026-08-23 10:07:30.990546,6272,4833,0,1
2026-08-23 10:07:30.990566,6369,5430,2946,1
2026-08-23 10:07:30.990586,6259,4881,0,1
2026-08-23 10:07:30.990606,6207,5057,0,1
2026-08-23 10:07:30.990626,6224,4834,0,1
2026-08-23 10:07:30.990646,6366,5377,2672,1
2026-08-23 10:07:30.990666,6279,4850,0,1
2026-08-23 10:07:30.990686,6226,5154,0,1
2026-08-23 10:07:30.990706,6274,4919,0,1
2026-08-23 10:07:30.990726,6370,5454,2936,1
2026-08-23 10:07:30.990746,6283,4866,0,1
2026-08-23 10:07:30.990766,6327,5372,1826,1
2026-08-23 10:07:30.990786,6274,4906,0,1
2026-08-23 10:07:30.990806,6369,5447,2695,1
2026-08-23 10:07:30.990826,6291,4916,0,1
2026-08-23 10:07:30.990846,6376,5481,3180,1
2026-08-23 10:07:30.990866,6271,4852,0,1
2026-08-23 10:07:30.990886,6372,5440,2999,1
2026-08-23 10:07:30.990906,6283,4900,0,1
2026-08-23 10:07:30.990926,6371,5478,3041,1
2026-08-23 10:07:30.990946,6272,4883,0,1
2026-08-23 10:07:30.990966,6357,5458,2754,1
2026-08-23 10:07:30.990986,6293,4900,0,1
2026-08-23 10:07:30.991006,6379,5465,3247,1
2026-08-23 10:07:30.991026,6266,4835,0,1
2026-08-23 10:07:30.991046,6369,5458,3093,1
2026-08-23 10:07:30.991066,6289,4903,16,1
2026-08-23 10:07:30.991086,6370,5441,2810,1
2026-08-23 10:07:30.991106,6267,4873,0,1
2026-08-23 10:07:30.991126,6367,5430,2983,1
2026-08-23 10:07:30.991146,6282,4882,89,1
2026-08-23 10:07:30.991166,6357,5418,2971,1
2026-08-23 10:07:30.991186,6262,4846,0,1
2026-08-23 10:07:30.991206,6367,5458,3421,1
2026-08-23 10:07:30.991226,6282,4831,0,1
2026-08-23 10:07:30.991246,6359,5374,2456,1
2026-08-23 10:07:30.991266,6278,4856,0,1
2026-08-23 10:07:30.991286,6379,5502,3296,1
2026-08-23 10:07:30.991306,6267,4744,0,1
2026-08-23 10:07:30.991326,6378,5388,2898,1
2026-08-23 10:07:30.991346,6288,4817,0,1
2026-08-23 10:07:30.991366,6303,5272,932,1
2026-08-23 10:07:30.991386,6285,4922,0,1
2026-08-23 10:07:30.991406,6366,5469,2689,1
2026-08-23 10:07:30.991426,6292,4914,0,1
2026-08-23 10:07:30.991446,6375,5471,3000,1
2026-08-23 10:07:30.991466,6262,4860,0,1
2026-08-23 10:07:30.991486,6394,5446,2977,1
2026-08-23 10:07:30.991506,6291,4942,0,1
2026-08-23 10:07:30.991526,6358,5500,3102,1
2026-08-23 10:07:30.991546,6274,4881,0,1
2026-08-23 10:07:30.991566,6372,5414,2738,1
2026-08-23 10:07:30.991586,6287,4931,0,1
2026-08-23 10:07:30.991606,6385,5473,3092,1
2026-08-23 10:07:30.991626,6268,4876,0,1
2026-08-23 10:07:30.991646,6363,5474,3034,1
2026-08-23 10:07:30.991666,6298,4913,18,1
2026-08-23 10:07:30.991686,6372,5424,2850,1
2026-08-23 10:07:30.991706,6277,4895,0,1
2026-08-23 10:07:30.991726,6369,5428,2850,1
2026-08-23 10:07:30.991746,6294,4884,0,1
2026-08-23 10:07:30.991766,6373,5477,3095,1
2026-08-23 10:07:30.991786,6267,4841,0,1
2026-08-23 10:07:30.991806,6378,5478,3278,1
2026-08-23 10:07:30.991826,6302,4845,0,1
2026-08-23 10:07:30.991846,6359,5426,2720,1
2026-08-23 10:07:30.991866,6279,4839,0,1
2026-08-23 10:07:30.991886,6377,5472,3168,1
2026-08-23 10:07:30.991906,6275,4789,0,1
2026-08-23 10:07:30.991926,6375,5399,2944,1
2026-08-23 10:07:30.991946,6277,4830,0,1
2026-08-23 10:07:30.991966,6232,5170,0,1
2026-08-23 10:07:30.991986,6278,4795,0,1
2026-08-23 10:07:30.992006,6358,5401,2659,1
2026-08-23 10:07:30.992026,6294,4861,0,1
2026-08-23 10:07:30.992046,6365,5379,2508,1
2026-08-23 10:07:30.992066,6277,4884,0,1
2026-08-23 10:07:30.992086,6374,5431,2955,1
2026-08-23 10:07:30.992106,6283,4882,0,1
2026-08-23 10:07:30.992126,6374,5480,3170,1
2026-08-23 10:07:30.992146,6292,4870,0,1
2026-08-23 10:07:30.992166,6366,5429,2725,1
2026-08-23 10:07:30.992186,6300,4914,0,1
2026-08-23 10:07:30.992206,6371,5406,2817,1
2026-08-23 10:07:30.992226,6269,4843,0,1
2026-08-23 10:07:30.992246,6378,5429,2998,1
2026-08-23 10:07:30.992266,6290,4929,0,1
2026-08-23 10:07:30.992286,6365,5466,2941,1
2026-08-23 10:07:30.992306,6281,4890,0,1
2026-08-23 10:07:30.992326,6371,5454,2803,1
2026-08-23 10:07:30.992346,6292,4887,10,1
2026-08-23 10:07:30.992366,6369,5452,3138,1
2026-08-23 10:07:30.992386,6262,4847,0,1
2026-08-23 10:07:30.992406,6380,5469,3206,1
2026-08-23 10:07:30.992426,6270,4868,0,1
2026-08-23 10:07:30.992446,6368,5417,2747,1
2026-08-23 10:07:30.992466,6273,4871,0,1
2026-08-23 10:07:30.992486,6378,5476,3035,1
2026-08-23 10:07:30.992506,6276,4855,0,1
2026-08-23 10:07:30.992526,6370,5448,2950,1
2026-08-23 10:07:30.992546,6266,4847,0,1
2026-08-23 10:07:30.992566,6394,5465,3546,1
2026-08-23 10:07:30.992586,6276,4806,0,1
2026-08-23 10:07:30.992606,6371,5352,2661,1
2026-08-23 10:07:30.992626,6284,4886,0,1
2026-08-23 10:07:30.992646,6341,5365,1868,1
2026-08-23 10:07:30.992666,6289,4886,0,1
2026-08-23 10:07:30.992686,6384,5453,2945,1
2026-08-23 10:07:30.992706,6287,4884,0,1
2026-08-23 10:07:30.992726,6378,5469,3238,1
2026-08-23 10:07:30.992746,6275,4883,0,1
2026-08-23 10:07:30.992766,6368,5400,2699,1
2026-08-23 10:07:30.992786,6277,4886,0,1
2026-08-23 10:07:30.992806,6346,5410,2196,1
2026-08-23 10:07:30.992826,6277,4916,0,1
2026-08-23 10:07:30.992846,6371,5483,2974,1
2026-08-23 10:07:30.992866,6289,4903,0,1
2026-08-23 10:07:30.992886,6369,5506,3048,1
2026-08-23 10:07:30.992906,6273,4898,0,1
2026-08-23 10:07:30.992926,6375,5422,2704,1
2026-08-23 10:07:30.992946,6296,4903,0,1
2026-08-23 10:07:30.992966,6374,5505,3297,1
2026-08-23 10:07:30.992986,6262,4867,0,1
2026-08-23 10:07:30.993006,6377,5425,3051,1
2026-08-23 10:07:30.993026,6299,4874,15,1
2026-08-23 10:07:30.993046,6369,5417,3179,1
2026-08-23 10:07:30.993066,6263,4902,0,1
2026-08-23 10:07:30.993086,6378,5423,2860,1
2026-08-23 10:07:30.993106,6294,4916,2,1
2026-08-23 10:07:30.993126,6376,5461,3113,1
2026-08-23 10:07:30.993146,6263,4835,0,1
2026-08-23 10:07:30.993166,6380,5452,3251,1
2026-08-23 10:07:30.993186,6293,4845,0,1
2026-08-23 10:07:30.993206,6366,5438,2676,1
2026-08-23 10:07:30.993226,6277,4902,0,1
2026-08-23 10:07:30.993246,6375,5453,3165,1
2026-08-23 10:07:30.993266,6280,4829,0,1
2026-08-23 10:07:30.993286,6374,5386,2927,1
2026-08-23 10:07:30.993306,6273,4826,0,1
2026-08-23 10:07:30.993326,6224,5139,0,1
2026-08-23 10:07:30.993346,6297,4918,0,1
2026-08-23 10:07:30.993366,6367,5459,2672,1
2026-08-23 10:07:30.993386,6293,4919,0,1
2026-08-23 10:07:30.993406,6237,5205,0,1
2026-08-23 10:07:30.993426,6281,4910,0,1
2026-08-23 10:07:30.993446,6376,5512,2950,1
2026-08-23 10:07:30.993466,6273,4959,0,1
2026-08-23 10:07:30.993486,6320,5351,1348,1
2026-08-23 10:07:30.993506,6286,4946,0,1
2026-08-23 10:07:30.993526,6364,5512,2689,1
2026-08-23 10:07:30.993546,6287,4981,0,1
2026-08-23 10:07:30.993566,6376,5524,2962,1
2026-08-23 10:07:30.993586,6277,4904,0,1
2026-08-23 10:07:30.993606,6372,5452,3001,1
2026-08-23 10:07:30.993626,6289,4892,0,1
2026-08-23 10:07:30.993646,6376,5459,3179,1
2026-08-23 10:07:30.993666,6277,4851,0,1
2026-08-23 10:07:30.993686,6371,5423,2691,1
2026-08-23 10:07:30.993706,6292,4883,0,1
2026-08-23 10:07:30.993726,6358,5374,2318,1
2026-08-23 10:07:30.993746,6272,4878,0,1
2026-08-23 10:07:30.993766,6388,5459,3013,1
2026-08-23 10:07:30.993786,6305,4905,0,1
2026-08-23 10:07:31.061232,6399,2747,2652,1
2026-08-23 10:07:31.061252,6263,2900,0,1
2026-08-23 10:07:31.061272,6370,3974,2662,1
2026-08-23 10:07:31.061292,6268,3798,0,1
2026-08-23 10:07:31.061312,6385,4706,3038,1
2026-08-23 10:07:31.061332,6241,4125,0,1
2026-08-23 10:07:31.061352,6370,4893,2739,1
2026-08-23 10:07:31.061372,6300,4523,0,1
2026-08-23 10:07:31.061392,6363,5140,2329,1
2026-08-23 10:07:31.061412,6276,4693,0,1
2026-08-23 10:07:31.061432,6370,5325,2836,1
2026-08-23 10:07:31.061452,6246,4745,0,1
2026-08-23 10:07:31.061472,6378,5364,3129,1
2026-08-23 10:07:31.061492,6276,4793,0,1
2026-08-23 10:07:31.061512,6355,5351,2432,1
2026-08-23 10:07:31.061532,6298,4835,0,1
2026-08-23 10:07:31.061552,6379,5411,2914,1
2026-08-23 10:07:31.061572,6260,4787,0,1
2026-08-23 10:07:31.061592,6381,5449,3298,1
2026-08-23 10:07:31.061612,6275,4794,0,1
2026-08-23 10:07:31.061632,6364,5335,2480,1
2026-08-23 10:07:31.061652,6299,4890,0,1
2026-08-23 10:07:31.061672,6388,5468,3097,1
2026-08-23 10:07:31.061692,6254,4792,0,1
2026-08-23 10:07:31.061712,6376,5447,3279,1
2026-08-23 10:07:31.061732,6274,4774,0,1
2026-08-23 10:07:31.061752,6366,5340,2497,1
2026-08-23 10:07:31.061772,6295,4873,0,1
2026-08-23 10:07:31.061792,6378,5424,2839,1
2026-08-23 10:07:31.061812,6252,4838,0,1
2026-08-23 10:07:31.061832,6383,5417,3054,1
2026-08-23 10:07:31.061852,6283,4846,0,1
2026-08-23 10:07:31.061872,6373,5431,2526,1
2026-08-23 10:07:31.061892,6298,4901,0,1
2026-08-23 10:07:31.061912,6351,5386,2347,1
2026-08-23 10:07:31.061932,6269,4889,0,1
2026-08-23 10:07:31.061952,6379,5443,2871,1
2026-08-23 10:07:31.061972,6314,4892,0,1
2026-08-23 10:07:31.061992,6368,5425,2715,1
2026-08-23 10:07:31.062012,6284,4874,0,1
2026-08-23 10:07:31.081487,6402,3480,2848,1
2026-08-23 10:07:31.081507,6269,3393,0,1
2026-08-23 10:07:31.081527,6372,4368,2675,1
2026-08-23 10:07:31.081547,6305,4134,0,1
2026-08-23 10:07:31.081567,6359,4872,2443,1
2026-08-23 10:07:31.081587,6280,4449,0,1
2026-08-23 10:07:31.081607,6362,5164,2676,1
2026-08-23 10:07:31.081627,6256,4584,0,1
2026-08-23 10:07:31.081647,6378,5264,3015,1
2026-08-23 10:07:31.081667,6284,4749,0,1
2026-08-23 10:07:31.081687,6362,5256,2440,1
2026-08-23 10:07:31.081707,6310,4776,0,1
2026-08-23 10:07:31.081727,6385,5409,2907,1
2026-08-23 10:07:31.099618,6335,4226,0,1
2026-08-23 10:07:31.099638,6387,4971,2886,1
2026-08-23 10:07:31.099658,6274,4495,0,1
2026-08-23 10:07:31.099678,6369,5167,2341,1
2026-08-23 10:07:31.099698,6288,4681,0,1
2026-08-23 10:07:31.099718,6367,5282,2604,1
2026-08-23 10:07:31.099738,6290,4857,0,1
2026-08-23 10:07:31.099758,6380,5401,3083,1
2026-08-23 10:07:31.099778,6268,4788,0,1
2026-08-23 10:07:31.099798,6376,5400,3084,1
2026-08-23 10:07:31.099818,6298,4838,0,1
2026-08-23 10:07:31.099838,6378,5375,2583,1
2026-08-23 10:07:31.117706,6340,4367,0,1
2026-08-23 10:07:31.117726,6387,5069,2951,1
2026-08-23 10:07:31.117746,6289,4592,0,1
2026-08-23 10:07:31.117766,6369,5261,2786,1
2026-08-23 10:07:31.117786,6306,4798,14,1
2026-08-23 10:07:31.117806,6375,5359,3057,1
2026-08-23 10:07:31.117826,6267,4761,0,1
2026-08-23 10:07:31.117846,6383,5433,3231,1
2026-08-23 10:07:31.117866,6307,4803,0,1
2026-08-23 10:07:31.117886,6373,5362,2640,1
2026-08-23 10:07:31.117906,6276,4860,0,1
2026-08-23 10:07:31.117926,6334,5322,2077,1
2026-08-23 10:07:31.135693,6331,4351,0,1
2026-08-23 10:07:31.135713,6383,5048,2707,1
2026-08-23 10:07:31.135733,6299,4631,0,1
2026-08-23 10:07:31.135753,6362,5277,2730,1
2026-08-23 10:07:31.135773,6278,4752,0,1
2026-08-23 10:07:31.135793,6377,5362,2952,1
2026-08-23 10:07:31.135813,6285,4810,0,1
2026-08-23 10:07:31.135833,6366,5394,2920,1
2026-08-23 10:07:31.135853,6274,4821,0,1
2026-08-23 10:07:31.135873,6358,5426,2694,1
2026-08-23 10:07:31.135893,6294,4904,0,1
2026-08-23 10:07:31.135913,6384,5441,3288,1
2026-08-23 10:07:31.155500,6313,4386,0,1
2026-08-23 10:07:31.155520,6367,5051,2782,1
2026-08-23 10:07:31.155540,6298,4657,8,1
2026-08-23 10:07:31.155560,6383,5284,3230,1
2026-08-23 10:07:31.155581,6269,4720,0,1
2026-08-23 10:07:31.155601,6385,5349,2997,1
2026-08-23 10:07:31.155621,6296,4817,0,1
2026-08-23 10:07:31.155641,6375,5394,3119,1
2026-08-23 10:07:31.155660,6285,4818,0,1
2026-08-23 10:07:31.155680,6369,5417,2708,1
2026-08-23 10:07:31.155700,6301,4881,0,1
2026-08-23 10:07:31.155720,6462,5440,3299,1
2026-08-23 10:07:31.155740,6278,4780,0,1
2026-08-23 10:07:31.175494,6235,4512,0,1
2026-08-23 10:07:31.175514,6276,4416,0,1
2026-08-23 10:07:31.175534,6370,5127,2877,1
2026-08-23 10:07:31.175555,6279,4671,0,1
2026-08-23 10:07:31.175575,6365,5291,2869,1
2026-08-23 10:07:31.175595,6278,4722,0,1
2026-08-23 10:07:31.175615,6364,5354,2682,1
2026-08-23 10:07:31.175635,6305,4852,5,1
2026-08-23 10:07:31.175654,6408,5408,3233,1
2026-08-23 10:07:31.175674,6256,4825,0,1
2026-08-23 10:07:31.175694,6372,5412,3086,1
2026-08-23 10:07:31.175714,6295,4842,0,1
2026-08-23 10:07:31.175735,6376,5367,2654,1
2026-08-23 10:07:31.195385,6341,4304,0,1
2026-08-23 10:07:31.195405,6383,5012,2974,1
2026-08-23 10:07:31.195425,6264,4520,0,1
2026-08-23 10:07:31.195445,6366,5193,2769,1
2026-08-23 10:07:31.195465,6286,4738,21,1
2026-08-23 10:07:31.195485,6374,5382,3264,1
2026-08-23 10:07:31.195505,6272,4750,0,1
2026-08-23 10:07:31.195525,6367,5368,3038,1
2026-08-23 10:07:31.195545,6298,4839,13,1
2026-08-23 10:07:31.195565,6364,5425,2892,1
2026-08-23 10:07:31.195585,6279,4840,0,1
2026-08-23 10:07:31.195605,6410,5416,2851,1
2026-08-23 10:07:31.195625,6304,4848,0,1
2026-08-23 10:07:31.215229,6392,4897,2526,1
2026-08-23 10:07:31.215249,6291,4492,0,1
2026-08-23 10:07:31.215269,6375,5195,2891,1
2026-08-23 10:07:31.215289,6251,4639,0,1
2026-08-23 10:07:31.215309,6327,5167,1561,1
2026-08-23 10:07:31.215329,6292,4802,0,1
2026-08-23 10:07:31.215349,6355,5354,2580,1
2026-08-23 10:07:31.215369,6295,4862,0,1
2026-08-23 10:07:31.215389,6368,5451,2894,1
2026-08-23 10:07:31.215409,6253,4848,0,1
2026-08-23 10:07:31.215429,6369,5450,2976,1
2026-08-23 10:07:31.215449,6302,4917,0,1
2026-08-23 10:07:31.215469,6372,5420,2662,1
2026-08-23 10:07:31.235243,6331,4321,8,1
2026-08-23 10:07:31.235263,6371,5028,2889,1
2026-08-23 10:07:31.235283,6280,4537,0,1
2026-08-23 10:07:31.235303,6366,5234,2832,1
2026-08-23 10:07:31.235323,6294,4762,0,1
2026-08-23 10:07:31.235343,6370,5370,3111,1
2026-08-23 10:07:31.235363,6256,4782,0,1
2026-08-23 10:07:31.235384,6375,5372,3212,1
2026-08-23 10:07:31.235403,6283,4800,0,1
2026-08-23 10:07:31.235423,6352,5363,2686,1
2026-08-23 10:07:31.235443,6264,4826,0,1
2026-08-23 10:07:31.235463,6383,5291,220,1
2026-08-23 10:07:31.235483,6280,4819,0,1
2026-08-23 10:07:31.255088,6404,4882,2949,1
2026-08-23 10:07:31.255108,6266,4465,0,1
2026-08-23 10:07:31.255128,6370,5136,2813,1
2026-08-23 10:07:31.255148,6282,4668,0,1
2026-08-23 10:07:31.255168,6356,5254,2348,1
2026-08-23 10:07:31.255188,6269,4781,0,1
2026-08-23 10:07:31.255208,6359,5372,2641,1
2026-08-23 10:07:31.255228,6293,4885,13,1
2026-08-23 10:07:31.255248,6374,5405,3145,1
2026-08-23 10:07:31.255268,6252,4827,0,1
2026-08-23 10:07:31.255288,6376,5446,3152,1
2026-08-23 10:07:31.255308,6290,4835,0,1
2026-08-23 10:07:31.255328,6355,5344,2602,1
2026-08-23 10:07:31.274875,6322,4293,0,1
2026-08-23 10:07:31.274895,6374,4959,2718,1
2026-08-23 10:07:31.274915,6276,4569,0,1
2026-08-23 10:07:31.274935,6367,5227,3090,1
2026-08-23 10:07:31.274955,6274,4655,0,1
2026-08-23 10:07:31.274975,6377,5274,2948,1
2026-08-23 10:07:31.274995,6266,4755,0,1
2026-08-23 10:07:31.275015,6294,5212,728,1
2026-08-23 10:07:31.275035,6291,4880,0,1
2026-08-23 10:07:31.275055,6365,5421,2639,1
2026-08-23 10:07:31.275075,6281,4919,0,1
2026-08-23 10:07:31.275095,6305,5301,946,1
2026-08-23 10:07:31.275115,6281,4928,0,1
2026-08-23 10:07:31.294687,6267,4623,0,1
2026-08-23 10:07:31.294707,6261,4458,0,1
2026-08-23 10:07:31.294727,6361,5174,2835,1
2026-08-23 10:07:31.294747,6266,4659,0,1
2026-08-23 10:07:31.294767,6368,5317,3086,1
2026-08-23 10:07:31.294787,6267,4756,0,1
2026-08-23 10:07:31.294807,6366,5344,2695,1
2026-08-23 10:07:31.294827,6301,4848,0,1
2026-08-23 10:07:31.294847,6367,5427,3084,1
2026-08-23 10:07:31.294867,6250,4797,0,1
2026-08-23 10:07:31.294887,6371,5462,3203,1
2026-08-23 10:07:31.294907,6285,4834,0,1
2026-08-23 10:07:31.294927,6362,5381,2595,1
2026-08-23 10:07:31.314549,6331,4287,2,1
2026-08-23 10:07:31.314569,6364,5012,2799,1
2026-08-23 10:07:31.314590,6264,4526,0,1
2026-08-23 10:07:31.314610,6364,5239,2947,1
2026-08-23 10:07:31.314630,6292,4700,0,1
2026-08-23 10:07:31.314650,6380,5305,2988,1
2026-08-23 10:07:31.314670,6261,4784,0,1
2026-08-23 10:07:31.314690,6372,5411,3332,1
2026-08-23 10:07:31.314709,6286,4804,0,1
2026-08-23 10:07:31.314729,6360,5376,2653,1
2026-08-23 10:07:31.314749,6279,4813,0,1
2026-08-23 10:07:31.314770,6298,5264,697,1
2026-08-23 10:07:31.314790,6294,4854,0,1
2026-08-23 10:07:31.333822,6397,4942,3144,1
2026-08-23 10:07:31.333843,6259,4415,0,1
2026-08-23 10:07:31.333863,6366,5068,2812,1
2026-08-23 10:07:31.333883,6276,4654,0,1
2026-08-23 10:07:31.333903,6363,5257,2838,1
2026-08-23 10:07:31.333923,6260,4744,0,1
2026-08-23 10:07:31.333943,6360,5326,2700,1
2026-08-23 10:07:31.333963,6293,4838,0,1
2026-08-23 10:07:31.333982,6368,5401,3038,1
2026-08-23 10:07:31.334002,6252,4796,0,1
2026-08-23 10:07:31.334023,6372,5469,3281,1
2026-08-23 10:07:31.334043,6284,4823,0,1
2026-08-23 10:07:31.334063,6380,5361,2665,1
2026-08-23 10:07:31.353493,6319,4313,0,1
2026-08-23 10:07:31.353513,6367,5040,2866,1
2026-08-23 10:07:31.353533,6266,4566,0,1
2026-08-23 10:07:31.353553,6352,5233,2840,1
2026-08-23 10:07:31.353573,6278,4717,0,1
2026-08-23 10:07:31.353593,6370,5323,3031,1
2026-08-23 10:07:31.353613,6251,4759,0,1
2026-08-23 10:07:31.353633,6372,5403,3275,1
2026-08-23 10:07:31.353653,6282,4787,0,1
2026-08-23 10:07:31.353673,6359,5381,2661,1
2026-08-23 10:07:31.353693,6271,4844,0,1
2026-08-23 10:07:31.353713,6368,5276,97,1
2026-08-23 10:07:31.353733,6270,4772,0,1
2026-08-23 10:07:31.373589,6398,4897,3055,1
2026-08-23 10:07:31.373609,6268,4395,0,1
2026-08-23 10:07:31.373629,6363,5129,2794,1
2026-08-23 10:07:31.373649,6273,4628,0,1
2026-08-23 10:07:31.373669,6365,5257,3118,1
2026-08-23 10:07:31.373689,6246,4686,0,1
2026-08-23 10:07:31.373709,6352,5297,2681,1
2026-08-23 10:07:31.373729,6286,4859,2,1
2026-08-23 10:07:31.373749,6369,5432,3021,1
2026-08-23 10:07:31.373769,6238,4829,0,1
2026-08-23 10:07:31.373789,6375,5451,3287,1
2026-08-23 10:07:31.373809,6281,4779,0,1
2026-08-23 10:07:31.373829,6360,5361,2596,1
2026-08-23 10:07:31.393248,6334,4267,0,1
2026-08-23 10:07:31.393268,6375,4948,2643,1
2026-08-23 10:07:31.393288,6276,4528,0,1
2026-08-23 10:07:31.393308,6211,4922,0,1
2026-08-23 10:07:31.393328,6250,4707,0,1
2026-08-23 10:07:31.393348,6363,5353,2908,1
2026-08-23 10:07:31.393368,6276,4799,0,1
2026-08-23 10:07:31.393389,6355,5325,2315,1
2026-08-23 10:07:31.393408,6272,4878,0,1
2026-08-23 10:07:31.393428,6359,5423,2631,1
2026-08-23 10:07:31.393448,6286,4876,0,1
2026-08-23 10:07:31.393468,6368,5470,3184,1
2026-08-23 10:07:31.393488,6265,4810,0,1
2026-08-23 10:07:31.413119,6239,4578,0,1
2026-08-23 10:07:31.413139,6263,4494,0,1
2026-08-23 10:07:31.413159,6363,5153,2852,1
2026-08-23 10:07:31.413179,6279,4698,0,1
2026-08-23 10:07:31.413199,6351,5310,2974,1
2026-08-23 10:07:31.413219,6263,4741,0,1
2026-08-23 10:07:31.413239,6360,5340,2730,1
2026-08-23 10:07:31.413259,6283,4831,0,1
2026-08-23 10:07:31.413279,6365,5435,2979,1
2026-08-23 10:07:31.413299,6243,4836,0,1
2026-08-23 10:07:31.413319,6300,5469,3494,1
2026-08-23 10:07:31.413339,6282,4804,0,1
2026-08-23 10:07:31.413359,6361,5347,2622,1
2026-08-23 10:07:31.433011,6328,4279,0,1
2026-08-23 10:07:31.433031,6363,4987,2763,1
2026-08-23 10:07:31.433051,6268,4574,0,1
2026-08-23 10:07:31.433071,6356,5229,3145,1
2026-08-23 10:07:31.433091,6256,4678,0,1
2026-08-23 10:07:31.433111,6358,5267,2946,1
2026-08-23 10:07:31.433131,6269,4733,0,1
2026-08-23 10:07:31.433151,6306,5257,1448,1
2026-08-23 10:07:31.433171,6276,4852,0,1
2026-08-23 10:07:31.433191,6366,5444,2653,1
2026-08-23 10:07:31.433211,6279,4864,0,1
2026-08-23 10:07:31.433231,6317,5345,1301,1
2026-08-23 10:07:31.433251,6277,4878,0,1
2026-08-23 10:07:31.452780,6226,4585,0,1
2026-08-23 10:07:31.452800,6263,4435,0,1
2026-08-23 10:07:31.452820,6364,5162,2826,1
2026-08-23 10:07:31.452840,6269,4660,0,1
2026-08-23 10:07:31.452860,6364,5289,3042,1
2026-08-23 10:07:31.452880,6261,4726,0,1
2026-08-23 10:07:31.452900,6349,5365,2684,1
2026-08-23 10:07:31.452920,6277,4861,5,1
2026-08-23 10:07:31.452940,6363,5427,3051,1
2026-08-23 10:07:31.452960,6249,4799,0,1
2026-08-23 10:07:31.452980,6364,5438,3260,1
2026-08-23 10:07:31.453000,6289,4824,0,1
2026-08-23 10:07:31.453020,6352,5342,2597,1
2026-08-23 10:07:31.472548,6317,4309,0,1
2026-08-23 10:07:31.472568,6372,4987,2770,1
2026-08-23 10:07:31.472588,6306,4540,0,1
2026-08-23 10:07:31.472608,6369,5208,2978,1
2026-08-23 10:07:31.472628,6281,4725,0,1
2026-08-23 10:07:31.472648,6355,5328,3001,1
2026-08-23 10:07:31.472668,6256,4776,0,1
2026-08-23 10:07:31.472688,6370,5379,3377,1
2026-08-23 10:07:31.472708,6280,4769,0,1
2026-08-23 10:07:31.472728,6347,5369,2655,1
2026-08-23 10:07:31.472748,6268,4813,0,1
2026-08-23 10:07:31.472768,6305,5253,1130,1
2026-08-23 10:07:31.472788,6279,4901,0,1
2026-08-23 10:07:31.492504,6388,4967,3141,1
2026-08-23 10:07:31.492524,6259,4420,0,1
2026-08-23 10:07:31.492544,6364,5084,2816,1
2026-08-23 10:07:31.492564,6262,4668,0,1
2026-08-23 10:07:31.492584,6358,5241,2820,1
2026-08-23 10:07:31.492604,6258,4706,0,1
2026-08-23 10:07:31.492624,6350,5334,2692,1
2026-08-23 10:07:31.492644,6285,4839,15,1
2026-08-23 10:07:31.492664,6370,5398,3044,1
2026-08-23 10:07:31.492684,6239,4820,0,1
2026-08-23 10:07:31.492704,6364,5405,3218,1
2026-08-23 10:07:31.492724,6274,4837,0,1
2026-08-23 10:07:31.492744,6358,5381,2612,1
2026-08-23 10:07:31.512032,6314,4259,0,1
2026-08-23 10:07:31.512052,6357,4993,2744,1
2026-08-23 10:07:31.512072,6267,4540,0,1
2026-08-23 10:07:31.512092,6355,5194,3020,1
2026-08-23 10:07:31.512112,6274,4688,0,1
2026-08-23 10:07:31.512132,6360,5276,2954,1
2026-08-23 10:07:31.512152,6259,4730,0,1
2026-08-23 10:07:31.512172,6206,5049,0,1
2026-08-23 10:07:31.512192,6269,4864,0,1
2026-08-23 10:07:31.512212,6360,5393,2670,1
2026-08-23 10:07:31.512232,6272,4889,0,1
2026-08-23 10:07:31.512252,6214,5100,0,1
2026-08-23 10:07:31.512272,6269,4832,0,1
2026-08-23 10:07:31.532159,6380,4923,2867,1
2026-08-23 10:07:31.532179,6279,4533,0,1
2026-08-23 10:07:31.532199,6355,5192,2871,1
2026-08-23 10:07:31.532219,6240,4683,0,1
2026-08-23 10:07:31.532239,6350,5245,2421,1
2026-08-23 10:07:31.532259,6261,4779,0,1
2026-08-23 10:07:31.532279,6343,5336,2612,1
2026-08-23 10:07:31.532299,6284,4839,0,1
2026-08-23 10:07:31.532319,6363,5430,3027,1
2026-08-23 10:07:31.532339,6243,4805,0,1
2026-08-23 10:07:31.532359,6351,5446,3010,1
2026-08-23 10:07:31.532379,6284,4882,1,1
2026-08-23 10:07:31.532399,6359,5382,2658,1
2026-08-23 10:07:31.552037,6317,4289,8,1
2026-08-23 10:07:31.552057,6357,5007,2896,1
2026-08-23 10:07:31.552077,6262,4497,0,1
2026-08-23 10:07:31.552097,6356,5190,2829,1
2026-08-23 10:07:31.552117,6292,4723,13,1
2026-08-23 10:07:31.552137,6362,5343,3141,1
2026-08-23 10:07:31.552157,6243,4718,0,1
2026-08-23 10:07:31.552177,6356,5394,3156,1
2026-08-23 10:07:31.552197,6266,4796,0,1
2026-08-23 10:07:31.552217,6341,5375,2737,1
2026-08-23 10:07:31.552237,6254,4821,0,1
2026-08-23 10:07:31.552257,6362,5447,3097,1
2026-08-23 10:07:31.552277,6273,4809,0,1
2026-08-23 10:07:31.572100,6378,4867,2932,1
2026-08-23 10:07:31.572120,6202,4450,0,1
2026-08-23 10:07:31.572140,6347,5131,2805,1
2026-08-23 10:07:31.572160,6250,4631,0,1
2026-08-23 10:07:31.572180,6341,5260,2460,1
2026-08-23 10:07:31.572200,6252,4764,0,1
2026-08-23 10:07:31.572220,6350,5320,2639,1
2026-08-23 10:07:31.572240,6283,4842,10,1
2026-08-23 10:07:31.572260,6355,5445,3143,1
2026-08-23 10:07:31.572280,6229,4810,0,1
2026-08-23 10:07:31.572300,6354,5394,3163,1
2026-08-23 10:07:31.572320,6278,4844,0,1
2026-08-23 10:07:31.572340,6353,5351,2615,1
2026-08-23 10:07:31.591714,6321,4292,0,1
2026-08-23 10:07:31.591734,6359,4969,2756,1
2026-08-23 10:07:31.591754,6249,4530,0,1
2026-08-23 10:07:31.591774,6359,5244,3007,1
2026-08-23 10:07:31.591794,6263,4701,0,1
2026-08-23 10:07:31.591814,6349,5285,2987,1
2026-08-23 10:07:31.591834,6247,4716,0,1
2026-08-23 10:07:31.591854,6350,5257,453,1
2026-08-23 10:07:31.591874,6264,4803,0,1
2026-08-23 10:07:31.591894,6347,5370,2680,1
2026-08-23 10:07:31.591914,6188,4880,0,1
2026-08-23 10:07:31.591934,6229,5087,0,1
2026-08-23 10:07:31.591954,6253,4747,0,1
2026-08-23 10:07:31.611874,6376,4852,2938,1
2026-08-23 10:07:31.611894,6279,4441,0,1
2026-08-23 10:07:31.611914,6357,5076,2844,1
2026-08-23 10:07:31.611934,6251,4647,0,1
2026-08-23 10:07:31.611954,6356,5265,2794,1
2026-08-23 10:07:31.611974,6255,4717,0,1
2026-08-23 10:07:31.611994,6341,5313,2631,1
2026-08-23 10:07:31.612014,6273,4885,0,1
2026-08-23 10:07:31.612034,6363,5407,3141,1
2026-08-23 10:07:31.612054,6250,4792,0,1
2026-08-23 10:07:31.612074,6336,5405,3048,1
2026-08-23 10:07:31.612094,6276,4860,0,1
2026-08-23 10:07:31.612114,6363,5376,2632,1
2026-08-23 10:07:31.631712,6312,4276,11,1
2026-08-23 10:07:31.631732,6354,5002,2796,1
2026-08-23 10:07:31.631752,6261,4549,0,1
2026-08-23 10:07:31.631772,6351,5229,2951,1
2026-08-23 10:07:31.631792,6264,4699,0,1
2026-08-23 10:07:31.631812,6348,5280,3008,1
2026-08-23 10:07:31.631832,6245,4735,0,1
2026-08-23 10:07:31.631852,6360,5397,3336,1
2026-08-23 10:07:31.631872,6262,4802,0,1
2026-08-23 10:07:31.631892,6342,5361,2644,1
2026-08-23 10:07:31.631912,6268,4840,0,1
2026-08-23 10:07:31.631932,6277,5192,356,1
2026-08-23 10:07:31.631952,6259,4877,0,1
2026-08-23 10:07:31.651638,6376,4928,3060,1
2026-08-23 10:07:31.651658,6255,4453,0,1
2026-08-23 10:07:31.651678,6470,5147,2819,1
2026-08-23 10:07:31.651698,6256,4642,0,1
2026-08-23 10:07:31.651718,6346,5256,2735,1
2026-08-23 10:07:31.651738,6249,4762,0,1
2026-08-23 10:07:31.651758,6353,5327,2676,1
2026-08-23 10:07:31.651778,6272,4895,23,1
2026-08-23 10:07:31.651798,6348,5411,2796,1
2026-08-23 10:07:31.651818,6232,4828,0,1
2026-08-23 10:07:31.651838,6368,5444,3288,1
2026-08-23 10:07:31.651858,6271,4835,0,1
2026-08-23 10:07:31.651878,6341,5375,2595,1
2026-08-23 10:07:31.671601,6310,4258,0,1
2026-08-23 10:07:31.671621,6339,4951,2724,1
2026-08-23 10:07:31.671641,6261,4557,0,1
2026-08-23 10:07:31.671661,6355,5215,3089,1
2026-08-23 10:07:31.671681,6255,4663,0,1
2026-08-23 10:07:31.671701,6348,5263,2950,1
2026-08-23 10:07:31.671721,6245,4753,0,1
2026-08-23 10:07:31.671741,6270,5187,633,1
2026-08-23 10:07:31.671761,6273,4874,0,1
2026-08-23 10:07:31.671781,6335,5428,2663,1
2026-08-23 10:07:31.671801,6272,4886,0,1
2026-08-23 10:07:31.671821,6279,5261,861,1
2026-08-23 10:07:31.671841,6267,4854,0,1
2026-08-23 10:07:31.691451,6226,4621,0,1
2026-08-23 10:07:31.691471,6252,4533,0,1
2026-08-23 10:07:31.691491,6352,5206,2834,1
2026-08-23 10:07:31.691511,6260,4727,0,1
2026-08-23 10:07:31.691531,6342,5336,3047,1
2026-08-23 10:07:31.691551,6256,4759,0,1
2026-08-23 10:07:31.691571,6348,5351,2703,1
2026-08-23 10:07:31.691591,6272,4847,4,1
2026-08-23 10:07:31.691611,6347,5399,3095,1
2026-08-23 10:07:31.691631,6236,4795,0,1
2026-08-23 10:07:31.691651,6354,5434,3240,1
2026-08-23 10:07:31.691671,6261,4780,0,1
2026-08-23 10:07:31.691691,6343,5339,2587,1
2026-08-23 10:07:31.711287,6301,4275,0,1
2026-08-23 10:07:31.711307,6352,4975,2780,1
2026-08-23 10:07:31.711327,6255,4520,0,1
2026-08-23 10:07:31.711347,6348,5252,2991,1
2026-08-23 10:07:31.711367,6255,4708,0,1
2026-08-23 10:07:31.711387,6347,5317,2977,1
2026-08-23 10:07:31.711407,6250,4744,0,1
2026-08-23 10:07:31.711427,6356,5368,3392,1
2026-08-23 10:07:31.711447,6251,4773,0,1
2026-08-23 10:07:31.711467,6349,5313,2650,1
2026-08-23 10:07:31.711487,6246,4802,0,1
2026-08-23 10:07:31.711507,6310,5280,1709,1
2026-08-23 10:07:31.711527,6251,4859,0,1
2026-08-23 10:07:31.731287,6369,4906,3178,1
2026-08-23 10:07:31.731307,6235,4385,0,1
2026-08-23 10:07:31.731327,6356,5052,2811,1
2026-08-23 10:07:31.731347,6247,4653,0,1
2026-08-23 10:07:31.731367,6337,5273,2879,1
2026-08-23 10:07:31.731387,6215,4699,0,1
2026-08-23 10:07:31.731407,6332,5322,2728,1
2026-08-23 10:07:31.731427,6273,4810,0,1
2026-08-23 10:07:31.731447,6353,5433,2994,1
2026-08-23 10:07:31.731467,6228,4814,0,1
2026-08-23 10:07:31.731487,6349,5407,3455,1
2026-08-23 10:07:31.731507,6258,4787,0,1
2026-08-23 10:07:31.731527,6319,5359,2602,1
2026-08-23 10:07:31.750878,6304,4278,0,1
2026-08-23 10:07:31.750898,6352,4957,2693,1
2026-08-23 10:07:31.750918,6252,4529,0,1
2026-08-23 10:07:31.750938,6181,4820,0,1
2026-08-23 10:07:31.750958,6242,4715,0,1
2026-08-23 10:07:31.750978,6347,5298,2935,1
2026-08-23 10:07:31.750998,6232,4792,0,1
2026-08-23 10:07:31.751019,6327,5296,2334,1
2026-08-23 10:07:31.751038,6257,4834,0,1
2026-08-23 10:07:31.751058,6336,5404,2654,1
2026-08-23 10:07:31.751078,6261,4845,0,1
2026-08-23 10:07:31.751098,6330,5339,2199,1
2026-08-23 10:07:31.751118,6244,4822,0,1
2026-08-23 10:07:31.771087,6363,4886,1112,1
2026-08-23 10:07:31.771107,6237,4385,0,1
2026-08-23 10:07:31.771127,6340,5130,2843,1
2026-08-23 10:07:31.771147,6255,4656,0,1
2026-08-23 10:07:31.771167,6342,5321,3085,1
2026-08-23 10:07:31.771187,6243,4702,0,1
2026-08-23 10:07:31.771207,6336,5310,2694,1
2026-08-23 10:07:31.771227,6267,4854,12,1
2026-08-23 10:07:31.771247,6348,5383,3092,1
2026-08-23 10:07:31.771267,6230,4817,0,1
2026-08-23 10:07:31.771287,6337,5392,3242,1
2026-08-23 10:07:31.771307,6252,4808,0,1
2026-08-23 10:07:31.771327,6344,5350,2601,1
2026-08-23 10:07:31.790745,6308,4252,0,1
2026-08-23 10:07:31.790765,6340,4994,2720,1
2026-08-23 10:07:31.790785,6249,4508,0,1
2026-08-23 10:07:31.790805,6345,5252,3145,1
2026-08-23 10:07:31.790825,6238,4656,0,1
2026-08-23 10:07:31.790845,6348,5290,2923,1
2026-08-23 10:07:31.790865,6248,4742,0,1
2026-08-23 10:07:31.790885,6236,5089,0,1
2026-08-23 10:07:31.790905,6258,4858,0,1
2026-08-23 10:07:31.790925,6341,5398,2649,1
2026-08-23 10:07:31.790945,6247,4912,0,1
2026-08-23 10:07:31.790965,6325,5427,2604,1
2026-08-23 10:07:31.790985,6245,4821,0,1
2026-08-23 10:07:31.810738,6368,4954,3098,1
2026-08-23 10:07:31.810758,6232,4434,0,1
2026-08-23 10:07:31.810778,6336,5076,2824,1
2026-08-23 10:07:31.810798,6247,4668,0,1
2026-08-23 10:07:31.810818,6340,5269,2740,1
2026-08-23 10:07:31.810838,6227,4762,0,1
2026-08-23 10:07:31.810858,6330,5359,2659,1
2026-08-23 10:07:31.810878,6262,4854,0,1
2026-08-23 10:07:31.810898,6342,5420,3116,1
2026-08-23 10:07:31.810918,6223,4778,0,1
2026-08-23 10:07:31.810938,6340,5398,3202,1
2026-08-23 10:07:31.810958,6256,4803,0,1
2026-08-23 10:07:31.810978,6344,5347,2612,1
2026-08-23 10:07:31.830608,6301,4293,0,1
2026-08-23 10:07:31.830628,6331,4952,2718,1
2026-08-23 10:07:31.830648,6238,4567,0,1
2026-08-23 10:07:31.830668,6344,5212,3093,1
2026-08-23 10:07:31.830688,6237,4668,0,1
2026-08-23 10:07:31.830709,6332,5306,2948,1
2026-08-23 10:07:31.830729,6229,4756,0,1
2026-08-23 10:07:31.830749,6264,5164,776,1
2026-08-23 10:07:31.830768,6257,4880,0,1
2026-08-23 10:07:31.830788,6334,5417,2650,1
2026-08-23 10:07:31.830808,6242,4899,0,1
2026-08-23 10:07:31.830828,6273,5297,889,1
2026-08-23 10:07:31.830848,6252,4887,0,1
2026-08-23 10:07:31.850364,6206,4569,0,1
2026-08-23 10:07:31.850384,6236,4442,0,1
2026-08-23 10:07:31.850405,6332,5133,2833,1
2026-08-23 10:07:31.850425,6254,4669,0,1
2026-08-23 10:07:31.850445,6328,5331,3048,1
2026-08-23 10:07:31.850465,6233,4754,0,1
2026-08-23 10:07:31.850485,6340,5318,2708,1
2026-08-23 10:07:31.850505,6262,4821,0,1
2026-08-23 10:07:31.850524,6337,5399,3081,1
2026-08-23 10:07:31.850544,6220,4808,0,1
2026-08-23 10:07:31.850564,6343,5416,3237,1
2026-08-23 10:07:31.850585,6247,4793,0,1
2026-08-23 10:07:31.850605,6339,5328,2616,1
2026-08-23 10:07:31.870322,6304,4269,0,1
2026-08-23 10:07:31.870342,6345,4996,2798,1
2026-08-23 10:07:31.870362,6235,4554,0,1
2026-08-23 10:07:31.870382,6335,5206,2944,1
2026-08-23 10:07:31.870402,6256,4676,0,1
2026-08-23 10:07:31.870422,6337,5321,3033,1
2026-08-23 10:07:31.870442,6222,4737,0,1
2026-08-23 10:07:31.870462,6343,5366,3345,1
2026-08-23 10:07:31.870482,6262,4758,0,1
2026-08-23 10:07:31.870502,6329,5352,2667,1
2026-08-23 10:07:31.870522,6236,4842,0,1
2026-08-23 10:07:31.870542,6266,5258,981,1
2026-08-23 10:07:31.870562,6252,4833,0,1
2026-08-23 10:07:31.890447,6375,4935,3153,1
2026-08-23 10:07:31.890467,6229,4394,0,1
2026-08-23 10:07:31.890487,6328,5094,2807,1
2026-08-23 10:07:31.890507,6237,4621,0,1
2026-08-23 10:07:31.890527,6336,5257,2798,1
2026-08-23 10:07:31.890547,6230,4694,0,1
2026-08-23 10:07:31.890567,6327,5301,2694,1
2026-08-23 10:07:31.890587,6251,4848,3,1
2026-08-23 10:07:31.890607,6338,5375,3055,1
2026-08-23 10:07:31.890627,6217,4769,0,1
2026-08-23 10:07:31.890647,6351,5387,3237,1
2026-08-23 10:07:31.890667,6255,4796,0,1
2026-08-23 10:07:31.890687,6339,5336,2630,1
2026-08-23 10:07:31.910258,6303,4237,0,1
2026-08-23 10:07:31.910278,6333,4964,2714,1
2026-08-23 10:07:31.910298,6245,4541,0,1
2026-08-23 10:07:31.910318,6331,5198,3149,1
2026-08-23 10:07:31.910338,6239,4631,0,1
2026-08-23 10:07:31.910358,6341,5243,2946,1
2026-08-23 10:07:31.910378,6230,4742,0,1
2026-08-23 10:07:31.910398,6285,5206,1441,1
2026-08-23 10:07:31.910418,6250,4839,0,1
2026-08-23 10:07:31.910438,6338,5379,2658,1
2026-08-23 10:07:31.910458,6238,4833,0,1
2026-08-23 10:07:31.910478,6268,5298,1274,1
2026-08-23 10:07:31.910498,6235,4842,0,1
2026-08-23 10:07:31.930067,6186,4596,0,1
2026-08-23 10:07:31.930087,6230,4436,0,1
2026-08-23 10:07:31.930107,6326,5132,2849,1
2026-08-23 10:07:31.930127,6243,4699,0,1
2026-08-23 10:07:31.930147,6342,5331,3094,1
2026-08-23 10:07:31.930167,6234,4711,0,1
2026-08-23 10:07:31.930187,6313,5342,2678,1
2026-08-23 10:07:31.930207,6255,4841,9,1
2026-08-23 10:07:31.930227,6336,5375,3087,1
2026-08-23 10:07:31.930247,6216,4799,0,1
2026-08-23 10:07:31.930267,6330,5418,3222,1
2026-08-23 10:07:31.930287,6250,4783,0,1
2026-08-23 10:07:31.930307,6322,5322,2595,1
2026-08-23 10:07:31.949883,6293,4293,5,1
2026-08-23 10:07:31.949903,6330,4964,2793,1
2026-08-23 10:07:31.949924,6257,4520,0,1
2026-08-23 10:07:31.949944,6317,5185,2951,1
2026-08-23 10:07:31.949964,6249,4674,0,1
2026-08-23 10:07:31.949984,6318,5285,3014,1
2026-08-23 10:07:31.950004,6220,4718,0,1
2026-08-23 10:07:31.950024,6336,5392,3360,1
2026-08-23 10:07:31.950043,6244,4744,0,1
2026-08-23 10:07:31.950063,6321,5335,2654,1
2026-08-23 10:07:31.950083,6235,4827,0,1
2026-08-23 10:07:31.950104,6267,5233,746,1
2026-08-23 10:07:31.950124,6245,4845,0,1
2026-08-23 10:07:31.969986,6358,4903,3110,1
2026-08-23 10:07:31.970006,6229,4396,0,1
2026-08-23 10:07:31.970026,6324,5063,2819,1
2026-08-23 10:07:31.970046,6243,4652,0,1
2026-08-23 10:07:31.970066,6325,5262,2784,1
2026-08-23 10:07:31.970086,6219,4725,0,1
2026-08-23 10:07:31.970106,6323,5309,2691,1
2026-08-23 10:07:31.970126,6256,4793,11,1
2026-08-23 10:07:31.970146,6342,5378,3029,1
2026-08-23 10:07:31.970166,6212,4776,0,1
2026-08-23 10:07:31.970186,6322,5434,3250,1
2026-08-23 10:07:31.970206,6253,4808,0,1
2026-08-23 10:07:31.970226,6321,5318,2608,1
2026-08-23 10:07:31.989583,6287,4224,0,1
2026-08-23 10:07:31.989603,6324,4971,2676,1
2026-08-23 10:07:31.989623,6236,4562,0,1
2026-08-23 10:07:31.989643,6224,4981,0,1
2026-08-23 10:07:31.989663,6241,4781,0,1
2026-08-23 10:07:31.989683,6321,5369,2914,1
2026-08-23 10:07:31.989703,6233,4825,0,1
2026-08-23 10:07:31.989723,6317,5406,2634,1
2026-08-23 10:07:31.989743,6235,4834,0,1
2026-08-23 10:07:31.989763,6328,5399,2650,1
2026-08-23 10:07:31.989783,6245,4841,0,1
2026-08-23 10:07:31.989803,6321,5359,2605,1
2026-08-23 10:07:31.989823,6223,4839,0,1
2026-08-23 10:07:32.008886,6214,4641,0,1
2026-08-23 10:07:32.008906,6228,4504,0,1
2026-08-23 10:07:32.008926,6327,5157,2851,1
2026-08-23 10:07:32.008946,6240,4702,0,1
2026-08-23 10:07:32.008966,6321,5295,2992,1
2026-08-23 10:07:32.008986,6214,4733,0,1
2026-08-23 10:07:32.009007,6320,5344,2739,1
2026-08-23 10:07:32.009027,6250,4848,0,1
2026-08-23 10:07:32.009046,6326,5384,3012,1
2026-08-23 10:07:32.009066,6201,4797,0,1
2026-08-23 10:07:32.009086,6332,5398,3322,1
2026-08-23 10:07:32.009106,6235,4774,0,1
2026-08-23 10:07:32.009126,6337,5328,2630,1
2026-08-23 10:07:32.028104,6284,4346,0,1
2026-08-23 10:07:32.028124,6324,5018,2945,1
2026-08-23 10:07:32.028144,6241,4542,0,1
2026-08-23 10:07:32.028164,6325,5227,2775,1
2026-08-23 10:07:32.028184,6238,4756,7,1
2026-08-23 10:07:32.028204,6330,5332,3140,1
2026-08-23 10:07:32.028224,6213,4719,0,1
2026-08-23 10:07:32.028244,6329,5348,3154,1
2026-08-23 10:07:32.028264,6244,4795,0,1
2026-08-23 10:07:32.028284,6314,5376,2666,1
2026-08-23 10:07:32.028304,6226,4799,0,1
2026-08-23 10:07:32.028324,6333,5416,3098,1
2026-08-23 10:07:32.028344,6255,4677,0,1
2026-08-23 10:07:32.047658,6335,4863,2715,1
2026-08-23 10:07:32.047678,6263,4510,11,1
2026-08-23 10:07:32.047698,6325,5170,2969,1
2026-08-23 10:07:32.047718,6210,4645,0,1
2026-08-23 10:07:32.047738,6338,5278,3364,1
2026-08-23 10:07:32.047758,6228,4666,0,1
2026-08-23 10:07:32.047778,6314,5271,2575,1
2026-08-23 10:07:32.047798,6230,4804,0,1
2026-08-23 10:07:32.047818,6313,5383,2717,1
2026-08-23 10:07:32.047838,6227,4788,0,1
2026-08-23 10:07:32.047858,6323,5388,2914,1
2026-08-23 10:07:32.047878,6247,4882,0,1
2026-08-23 10:07:32.047898,6338,5304,2647,1
2026-08-23 10:07:32.067465,6245,4316,0,1
2026-08-23 10:07:32.067485,6330,4999,2864,1
2026-08-23 10:07:32.067505,6228,4553,0,1
2026-08-23 10:07:32.067525,6316,5176,2678,1
2026-08-23 10:07:32.067545,6245,4741,0,1
2026-08-23 10:07:32.067565,6334,5320,3286,1
2026-08-23 10:07:32.067585,6215,4727,0,1
2026-08-23 10:07:32.067605,6319,5366,2985,1
2026-08-23 10:07:32.067625,6254,4844,10,1
2026-08-23 10:07:32.067645,6319,5373,2911,1
2026-08-23 10:07:32.067665,6223,4819,0,1
2026-08-23 10:07:32.067685,6319,5373,2842,1
2026-08-23 10:07:32.067705,6250,4809,0,1
2026-08-23 10:07:32.087604,6331,4854,2777,1
2026-08-23 10:07:32.087624,6248,4477,0,1
2026-08-23 10:07:32.087644,6317,5157,2847,1
2026-08-23 10:07:32.087664,6218,4644,0,1
2026-08-23 10:07:32.087684,6186,5219,2506,1
2026-08-23 10:07:32.087704,6232,4700,0,1
2026-08-23 10:07:32.087724,6315,5303,2600,1
2026-08-23 10:07:32.087744,6240,4818,11,1
2026-08-23 10:07:32.087764,6326,5426,3158,1
2026-08-23 10:07:32.087784,6204,4794,0,1
2026-08-23 10:07:32.087804,6337,5402,3119,1
2026-08-23 10:07:32.087824,6247,4792,0,1
2026-08-23 10:07:32.087844,6314,5370,2595,1
2026-08-23 10:07:32.107328,6284,4266,0,1
2026-08-23 10:07:32.107348,6299,4950,2701,1
2026-08-23 10:07:32.107368,6230,4548,0,1
2026-08-23 10:07:32.107388,6328,5202,3165,1
2026-08-23 10:07:32.107409,6224,4651,0,1
2026-08-23 10:07:32.107429,6317,5236,2913,1
2026-08-23 10:07:32.107449,6220,4754,0,1
2026-08-23 10:07:32.107469,6220,5160,397,1
2026-08-23 10:07:32.107488,6234,4832,0,1
2026-08-23 10:07:32.107508,6316,5429,2645,1
2026-08-23 10:07:32.107528,6235,4868,0,1
2026-08-23 10:07:32.107548,6326,5409,2880,1
2026-08-23 10:07:32.107569,6228,4820,0,1
2026-08-23 10:07:32.126134,6208,4561,0,1
2026-08-23 10:07:32.126154,6210,4481,0,1
2026-08-23 10:07:32.126174,6315,5174,2848,1
2026-08-23 10:07:32.126194,6237,4696,0,1
2026-08-23 10:07:32.126214,6321,5256,2913,1
2026-08-23 10:07:32.126234,6217,4743,0,1
2026-08-23 10:07:32.126254,6318,5354,2809,1
2026-08-23 10:07:32.126274,6233,4794,0,1
2026-08-23 10:07:32.126294,6325,5352,2960,1
2026-08-23 10:07:32.126314,6204,4809,0,1
2026-08-23 10:07:32.126334,6179,5097,0,1
2026-08-23 10:07:32.126354,6239,4879,0,1
2026-08-23 10:07:32.126374,6331,5379,2647,1
2026-08-23 10:07:32.147097,6253,4396,0,1
2026-08-23 10:07:32.147117,6328,5049,2998,1
2026-08-23 10:07:32.147137,6220,4542,0,1
2026-08-23 10:07:32.147157,6312,5196,2745,1
2026-08-23 10:07:32.147177,6233,4755,9,1
2026-08-23 10:07:32.147197,6332,5369,3200,1
2026-08-23 10:07:32.147217,6212,4729,0,1
2026-08-23 10:07:32.147237,6320,5379,3104,1
2026-08-23 10:07:32.147257,6242,4831,0,1
2026-08-23 10:07:32.147277,6307,5362,2763,1
2026-08-23 10:07:32.147297,6219,4839,0,1
2026-08-23 10:07:32.147317,6313,5430,2986,1
2026-08-23 10:07:32.147337,6240,4778,0,1
2026-08-23 10:07:32.147357,6323,5369,2892,1
2026-08-23 10:07:32.167097,6281,4338,8,1
2026-08-23 10:07:32.167117,6320,5046,3276,1
2026-08-23 10:07:32.167137,6212,4512,0,1
2026-08-23 10:07:32.167157,6321,5199,2987,1
2026-08-23 10:07:32.167177,6231,4694,6,1
2026-08-23 10:07:32.167197,6316,5289,2908,1
2026-08-23 10:07:32.167217,6219,4760,0,1
2026-08-23 10:07:32.167237,6357,5328,2818,1
2026-08-23 10:07:32.167257,6241,4810,12,1
2026-08-23 10:07:32.167277,6327,5415,3130,1
2026-08-23 10:07:32.167297,6205,4795,0,1
2026-08-23 10:07:32.167317,6327,5420,3157,1
2026-08-23 10:07:32.167337,6251,4769,0,1
2026-08-23 10:07:32.187214,6351,4868,3270,1
2026-08-23 10:07:32.187234,6243,4419,0,1
2026-08-23 10:07:32.187254,6304,5055,2543,1
2026-08-23 10:07:32.187274,6224,4628,0,1
2026-08-23 10:07:32.187294,6298,5227,2036,1
2026-08-23 10:07:32.187314,6213,4752,0,1
2026-08-23 10:07:32.187334,6318,5354,2889,1
2026-08-23 10:07:32.187354,6230,4813,7,1
2026-08-23 10:07:32.187374,6304,5402,2808,1
2026-08-23 10:07:32.187394,6215,4796,0,1
2026-08-23 10:07:32.187414,6294,5400,2919,1
2026-08-23 10:07:32.187434,6221,4788,0,1
2026-08-23 10:07:32.187454,6322,5388,2876,1
2026-08-23 10:07:32.206879,6286,4321,0,1
2026-08-23 10:07:32.206899,6329,4999,2950,1
2026-08-23 10:07:32.206919,6225,4508,0,1
2026-08-23 10:07:32.206939,6193,4965,0,1
2026-08-23 10:07:32.206959,6228,4738,0,1
2026-08-23 10:07:32.206980,6313,5347,2632,1
2026-08-23 10:07:32.207000,6224,4842,0,1
2026-08-23 10:07:32.207020,6302,5371,2416,1
2026-08-23 10:07:32.207039,6212,4817,0,1
2026-08-23 10:07:32.207059,6316,5405,2917,1
2026-08-23 10:07:32.207079,6229,4852,0,1
2026-08-23 10:07:32.207099,6317,5422,3100,1
2026-08-23 10:07:32.207119,6224,4818,0,1
2026-08-23 10:07:32.226817,6251,4741,714,1
2026-08-23 10:07:32.226837,6182,4490,0,1
2026-08-23 10:07:32.226857,6308,5148,2587,1
2026-08-23 10:07:32.226877,6236,4715,0,1
2026-08-23 10:07:32.226897,6320,5354,3213,1
2026-08-23 10:07:32.226917,6199,4707,0,1
2026-08-23 10:07:32.226937,6322,5354,3061,1
2026-08-23 10:07:32.226957,6239,4788,0,1
2026-08-23 10:07:32.226977,6310,5369,2673,1
2026-08-23 10:07:32.226997,6217,4834,0,1
2026-08-23 10:07:32.227017,6312,5403,3171,1
2026-08-23 10:07:32.227037,6206,4714,0,1
2026-08-23 10:07:32.227057,6316,5334,2873,1
2026-08-23 10:07:32.246647,6276,4281,0,1
2026-08-23 10:07:32.246667,6319,5014,2950,1
2026-08-23 10:07:32.246687,6217,4520,0,1
2026-08-23 10:07:32.246707,6278,5168,2192,1
2026-08-23 10:07:32.246727,6226,4690,0,1
2026-08-23 10:07:32.246747,6314,5305,2654,1
2026-08-23 10:07:32.246767,6231,4787,0,1
2026-08-23 10:07:32.246787,6258,5243,1409,1
2026-08-23 10:07:32.246807,6228,4844,0,1
2026-08-23 10:07:32.246827,6322,5432,2911,1
2026-08-23 10:07:32.246847,6224,4860,0,1
2026-08-23 10:07:32.246867,6314,5425,2875,1
2026-08-23 10:07:32.246887,6222,4822,0,1
2026-08-23 10:07:32.265652,6316,4848,2351,1
2026-08-23 10:07:32.265672,6222,4462,0,1
2026-08-23 10:07:32.265692,6310,5158,2613,1
2026-08-23 10:07:32.265712,6237,4720,0,1
2026-08-23 10:07:32.265732,6317,5296,3156,1
2026-08-23 10:07:32.265752,6196,4724,0,1
2026-08-23 10:07:32.265772,6322,5329,3082,1
2026-08-23 10:07:32.265792,6231,4806,0,1
2026-08-23 10:07:32.265812,6312,5358,2691,1
2026-08-23 10:07:32.265832,6216,4808,0,1
2026-08-23 10:07:32.265852,6160,5038,0,1
2026-08-23 10:07:32.265872,6213,4837,0,1
2026-08-23 10:07:32.265892,6330,5379,2956,1
2026-08-23 10:07:32.285081,6276,4399,8,1
2026-08-23 10:07:32.285101,6323,5131,3269,1
2026-08-23 10:07:32.285121,6208,4529,0,1
2026-08-23 10:07:32.285141,6318,5220,3043,1
2026-08-23 10:07:32.285161,6233,4744,14,1
2026-08-23 10:07:32.285181,6304,5318,2831,1
2026-08-23 10:07:32.285201,6221,4777,0,1
2026-08-23 10:07:32.285221,6323,5348,2895,1
2026-08-23 10:07:32.285241,6244,4802,0,1
2026-08-23 10:07:32.285261,6319,5373,2987,1
2026-08-23 10:07:32.285281,6203,4813,0,1
2026-08-23 10:07:32.285301,6334,5414,3349,1
2026-08-23 10:07:32.285321,6237,4693,0,1
2026-08-23 10:07:32.305333,6341,4916,2996,1
2026-08-23 10:07:32.305353,6240,4500,4,1
2026-08-23 10:07:32.305373,6314,5105,2732,1
2026-08-23 10:07:32.305393,6208,4661,0,1
2026-08-23 10:07:32.305413,6321,5303,3012,1
2026-08-23 10:07:32.305433,6217,4709,0,1
2026-08-23 10:07:32.305453,6314,5289,2822,1
2026-08-23 10:07:32.305473,6211,4731,0,1
2026-08-23 10:07:32.305493,6304,5357,2760,1
2026-08-23 10:07:32.305513,6217,4773,0,1
2026-08-23 10:07:32.305533,6307,5334,2627,1
2026-08-23 10:07:32.305553,6225,4885,0,1
2026-08-23 10:07:32.305573,6339,5351,3024,1
2026-08-23 10:07:32.325086,6274,4303,4,1
2026-08-23 10:07:32.325106,6266,5001,3329,1
2026-08-23 10:07:32.325126,6203,4482,0,1
2026-08-23 10:07:32.325146,6310,5164,2999,1
2026-08-23 10:07:32.325166,6241,4675,2,1
2026-08-23 10:07:32.325186,6314,5319,2940,1
2026-08-23 10:07:32.325206,6216,4774,0,1
2026-08-23 10:07:32.325226,6311,5365,2756,1
2026-08-23 10:07:32.325246,6239,4800,8,1
2026-08-23 10:07:32.325266,6320,5393,3183,1
2026-08-23 10:07:32.325286,6193,4780,0,1
2026-08-23 10:07:32.325306,6321,5389,3166,1
2026-08-23 10:07:32.325326,6234,4776,0,1
2026-08-23 10:07:32.344955,6337,4852,3091,1
2026-08-23 10:07:32.344975,6237,4433,0,1
2026-08-23 10:07:32.344995,6373,5102,2595,1
2026-08-23 10:07:32.345015,6218,4638,0,1
2026-08-23 10:07:32.345035,6181,4960,0,1
2026-08-23 10:07:32.345055,6192,4769,0,1
2026-08-23 10:07:32.345075,6304,5354,2838,1
2026-08-23 10:07:32.345095,6230,4857,0,1
2026-08-23 10:07:32.345115,6313,5390,2890,1
2026-08-23 10:07:32.345135,6207,4790,0,1
2026-08-23 10:07:32.345155,6296,5363,2767,1
2026-08-23 10:07:32.345175,6228,4864,0,1
2026-08-23 10:07:32.345195,6314,5408,2941,1
2026-08-23 10:07:32.364841,6268,4341,22,1
2026-08-23 10:07:32.364861,6321,5047,3212,1
2026-08-23 10:07:32.364881,6197,4542,0,1
2026-08-23 10:07:32.364901,6313,5221,3113,1
2026-08-23 10:07:32.364921,6236,4697,4,1
2026-08-23 10:07:32.364941,6310,5285,2766,1
2026-08-23 10:07:32.364961,6208,4729,0,1
2026-08-23 10:07:32.364981,6315,5334,2959,1
2026-08-23 10:07:32.365000,6219,4810,0,1
2026-08-23 10:07:32.365021,6317,5379,2963,1
2026-08-23 10:07:32.365041,6194,4796,0,1
2026-08-23 10:07:32.365061,6293,5196,378,1
2026-08-23 10:07:32.365081,6106,4831,0,1
2026-08-23 10:07:32.384889,6353,4955,3458,1
2026-08-23 10:07:32.384909,6227,4381,0,1
2026-08-23 10:07:32.384929,6301,5071,2514,1
2026-08-23 10:07:32.384949,6220,4639,0,1
2026-08-23 10:07:32.384969,6324,5283,3184,1
2026-08-23 10:07:32.384989,6201,4705,0,1
2026-08-23 10:07:32.385009,6321,5326,2994,1
2026-08-23 10:07:32.385029,6237,4783,4,1
2026-08-23 10:07:32.385049,6306,5373,2711,1
2026-08-23 10:07:32.385069,6213,4796,0,1
2026-08-23 10:07:32.385089,6324,5397,3034,1
2026-08-23 10:07:32.385109,6217,4773,0,1
2026-08-23 10:07:32.385129,6314,5357,2872,1
2026-08-23 10:07:32.404679,6275,4268,0,1
2026-08-23 10:07:32.404699,6314,4978,2960,1
2026-08-23 10:07:32.404719,6214,4523,0,1
2026-08-23 10:07:32.404739,6263,5082,1607,1
2026-08-23 10:07:32.404759,6222,4721,7,1
2026-08-23 10:07:32.404779,6303,5308,2652,1
2026-08-23 10:07:32.404799,6227,4828,0,1
2026-08-23 10:07:32.404819,6248,5227,957,1
2026-08-23 10:07:32.404839,6217,4891,0,1
2026-08-23 10:07:32.404859,6313,5454,2909,1
2026-08-23 10:07:32.404879,6223,4895,0,1
2026-08-23 10:07:32.404899,6312,5437,2843,1
2026-08-23 10:07:32.404919,6212,4853,0,1
2026-08-23 10:07:32.424755,6317,4869,2487,1
2026-08-23 10:07:32.424775,6222,4462,0,1
2026-08-23 10:07:32.424795,6315,5142,2630,1
2026-08-23 10:07:32.424815,6235,4709,4,1
2026-08-23 10:07:32.424835,6305,5285,3136,1
2026-08-23 10:07:32.424855,6196,4716,0,1
2026-08-23 10:07:32.424875,6304,5334,3157,1
2026-08-23 10:07:32.424896,6214,4787,0,1
2026-08-23 10:07:32.424915,6302,5351,2590,1
2026-08-23 10:07:32.424935,6222,4827,0,1
2026-08-23 10:07:32.424955,6259,5273,1153,1
2026-08-23 10:07:32.424975,6213,4844,0,1
2026-08-23 10:07:32.424995,6313,5432,2936,1
2026-08-23 10:07:32.444508,6292,4314,0,1
2026-08-23 10:07:32.444528,6324,5024,2944,1
2026-08-23 10:07:32.444548,6227,4554,0,1
2026-08-23 10:07:32.444568,6290,5198,2290,1
2026-08-23 10:07:32.444588,6212,4722,0,1
2026-08-23 10:07:32.444608,6310,5331,2654,1
2026-08-23 10:07:32.444628,6232,4838,0,1
2026-08-23 10:07:32.444649,6317,5399,3140,1
2026-08-23 10:07:32.444668,6209,4786,0,1
2026-08-23 10:07:32.444688,6304,5415,2967,1
2026-08-23 10:07:32.444708,6236,4855,0,1
2026-08-23 10:07:32.444728,6298,5418,2941,1
2026-08-23 10:07:32.444748,6208,4824,0,1
2026-08-23 10:07:32.464158,6324,4867,2653,1
2026-08-23 10:07:32.464178,6212,4425,0,1
2026-08-23 10:07:32.464198,6312,5104,2726,1
2026-08-23 10:07:32.464218,6232,4669,5,1
2026-08-23 10:07:32.464238,6307,5287,2970,1
2026-08-23 10:07:32.464258,6195,4705,0,1
2026-08-23 10:07:32.464278,6156,4989,0,1
2026-08-23 10:07:32.464298,6214,4792,0,1
2026-08-23 10:07:32.464318,6298,5354,2594,1
2026-08-23 10:07:32.464338,6235,4808,0,1
2026-08-23 10:07:32.464358,6281,5299,1912,1
2026-08-23 10:07:32.464378,6219,4816,0,1
2026-08-23 10:07:32.464398,6315,5430,2984,1
2026-08-23 10:07:32.481469,6262,4347,0,1
2026-08-23 10:07:32.481489,6303,5050,2949,1
2026-08-23 10:07:32.481509,6221,4578,0,1
2026-08-23 10:07:32.481529,6303,5187,2624,1
2026-08-23 10:07:32.481549,6220,4716,0,1
2026-08-23 10:07:32.481569,6304,5324,2667,1
2026-08-23 10:07:32.481589,6214,4818,0,1
2026-08-23 10:07:32.481609,6277,5274,1790,1
2026-08-23 10:07:32.481629,6221,4864,0,1
2026-08-23 10:07:32.481649,6306,5409,2938,1
2026-08-23 10:07:32.481669,6232,4856,0,1
2026-08-23 10:07:32.481689,6319,5370,2908,1
2026-08-23 10:07:32.499153,6266,4488,0,1
2026-08-23 10:07:32.499173,6317,5152,2963,1
2026-08-23 10:07:32.499193,6217,4644,0,1
2026-08-23 10:07:32.499213,6288,5251,2376,1
2026-08-23 10:07:32.499233,6226,4741,0,1
2026-08-23 10:07:32.499253,6316,5317,2658,1
2026-08-23 10:07:32.499273,6221,4834,0,1
2026-08-23 10:07:32.499293,6177,5103,0,1
2026-08-23 10:07:32.499313,6231,4896,0,1
2026-08-23 10:07:32.499333,6314,5462,2956,1
2026-08-23 10:07:32.499353,6234,4871,0,1
2026-08-23 10:07:32.499373,6309,5363,2634,1
2026-08-23 10:07:32.516134,6276,4420,0,1
2026-08-23 10:07:32.516154,6327,5093,3035,1
2026-08-23 10:07:32.516174,6203,4641,0,1
2026-08-23 10:07:32.516194,6157,4926,0,1
2026-08-23 10:07:32.516214,6230,4755,0,1
2026-08-23 10:07:32.516234,6295,5295,2767,1
2026-08-23 10:07:32.516254,6227,4807,0,1
2026-08-23 10:07:32.516274,6310,5379,3047,1
2026-08-23 10:07:32.516294,6221,4791,0,1
2026-08-23 10:07:32.516314,6315,5390,3024,1
2026-08-23 10:07:32.516334,6213,4783,0,1
2026-08-23 10:07:32.516354,6268,5193,1488,1
2026-08-23 10:07:32.532413,6284,4488,14,1
2026-08-23 10:07:32.532433,6321,5194,3365,1
2026-08-23 10:07:32.532453,6206,4642,0,1
2026-08-23 10:07:32.532473,6312,5248,3037,1
2026-08-23 10:07:32.532493,6233,4759,0,1
2026-08-23 10:07:32.532513,6310,5327,3145,1
2026-08-23 10:07:32.532533,6217,4774,0,1
2026-08-23 10:07:32.532553,6302,5351,2745,1
2026-08-23 10:07:32.532573,6199,4840,0,1
2026-08-23 10:07:32.532593,6289,5295,2020,1
2026-08-23 10:07:32.532613,6230,4848,0,1
2026-08-23 10:07:32.548993,6323,5025,2668,1
2026-08-23 10:07:32.549013,6223,4546,0,1
2026-08-23 10:07:32.549033,6290,5179,2054,1
2026-08-23 10:07:32.549053,6220,4742,0,1
2026-08-23 10:07:32.549073,6303,5326,2915,1
2026-08-23 10:07:32.549093,6207,4776,0,1
2026-08-23 10:07:32.549113,6302,5380,3203,1
2026-08-23 10:07:32.549133,6208,4777,0,1
2026-08-23 10:07:32.549153,6304,5369,2676,1
2026-08-23 10:07:32.549173,6229,4863,0,1
2026-08-23 10:07:32.549193,6326,5358,3125,1
2026-08-23 10:07:32.566935,6231,4387,0,1
2026-08-23 10:07:32.566955,6312,5066,2727,1
2026-08-23 10:07:32.566975,6228,4616,0,1
2026-08-23 10:07:32.566995,6400,5256,2731,1
2026-08-23 10:07:32.567015,6268,4739,0,1
2026-08-23 10:07:32.567035,6306,5310,2962,1
2026-08-23 10:07:32.567055,6209,4805,0,1
2026-08-23 10:07:32.567075,6319,5351,2835,1
2026-08-23 10:07:32.567095,6222,4778,0,1
2026-08-23 10:07:32.567115,6302,5354,2691,1
2026-08-23 10:07:32.567135,6224,4821,0,1
2026-08-23 10:07:32.567155,6292,5357,2287,1
2026-08-23 10:07:32.585021,6259,4350,0,1
2026-08-23 10:07:32.585041,6314,5035,2735,1
2026-08-23 10:07:32.585061,6221,4624,0,1
2026-08-23 10:07:32.585081,6315,5295,3208,1
2026-08-23 10:07:32.585101,6208,4681,0,1
2026-08-23 10:07:32.585121,6302,5289,3048,1
2026-08-23 10:07:32.585141,6213,4727,0,1
2026-08-23 10:07:32.585160,6320,5386,3333,1
2026-08-23 10:07:32.585181,6228,4767,0,1
2026-08-23 10:07:32.585201,6304,5310,2804,1
2026-08-23 10:07:32.585221,6222,4794,0,1
2026-08-23 10:07:32.585241,6328,5353,3101,1
2026-08-23 10:07:32.605267,6277,4289,4,1
2026-08-23 10:07:32.605287,6304,5002,2921,1
2026-08-23 10:07:32.605307,6213,4551,0,1
2026-08-23 10:07:32.605327,6301,5190,2846,1
2026-08-23 10:07:32.605347,6222,4698,11,1
2026-08-23 10:07:32.605367,6322,5333,3360,1
2026-08-23 10:07:32.605387,6207,4711,0,1
2026-08-23 10:07:32.605407,6302,5366,3032,1
2026-08-23 10:07:32.605427,6228,4818,0,1
2026-08-23 10:07:32.605447,6305,5371,3147,1
2026-08-23 10:07:32.605467,6222,4778,0,1
2026-08-23 10:07:32.605487,6319,5293,2828,1
2026-08-23 10:07:32.623955,6235,4407,0,1
2026-08-23 10:07:32.623976,6315,5103,3496,1
2026-08-23 10:07:32.623996,6223,4559,0,1
2026-08-23 10:07:32.624016,6295,5174,2783,1
2026-08-23 10:07:32.624036,6213,4664,0,1
2026-08-23 10:07:32.624056,6296,5327,3006,1
2026-08-23 10:07:32.624076,6227,4733,0,1
2026-08-23 10:07:32.624096,6310,5382,3126,1
2026-08-23 10:07:32.624116,6205,4740,0,1
2026-08-23 10:07:32.624135,6316,5384,3198,1
2026-08-23 10:07:32.624156,6223,4822,4,1
2026-08-23 10:07:32.624176,6306,5360,2827,1
2026-08-23 10:07:32.624196,6212,4772,0,1
2026-08-23 10:07:32.624216,6312,5366,2930,1
2026-08-23 10:07:32.641691,6266,4230,0,1
2026-08-23 10:07:32.641711,6314,4959,2764,1
2026-08-23 10:07:32.641732,6233,4528,0,1
2026-08-23 10:07:32.641752,6240,5025,1077,1
2026-08-23 10:07:32.641772,6222,4710,0,1
2026-08-23 10:07:32.641792,6314,5345,3033,1
2026-08-23 10:07:32.641812,6202,4757,0,1
2026-08-23 10:07:32.641831,6334,5297,647,1
2026-08-23 10:07:32.641851,6225,4796,0,1
2026-08-23 10:07:32.641871,6302,5359,2781,1
2026-08-23 10:07:32.641891,6220,4805,0,1
2026-08-23 10:07:32.641912,6318,5377,3144,1
2026-08-23 10:07:32.658011,6274,4328,0,1
2026-08-23 10:07:32.658031,6324,4986,2910,1
2026-08-23 10:07:32.658051,6215,4553,0,1
2026-08-23 10:07:32.658072,6304,5204,2866,1
2026-08-23 10:07:32.658092,6221,4707,7,1
2026-08-23 10:07:32.658112,6318,5326,3332,1
2026-08-23 10:07:32.658131,6201,4757,0,1
2026-08-23 10:07:32.658151,6310,5329,3034,1
2026-08-23 10:07:32.658171,6227,4832,0,1
2026-08-23 10:07:32.658191,6308,5371,3130,1
2026-08-23 10:07:32.658211,6225,4749,0,1
2026-08-23 10:07:32.676109,6330,4963,2976,1
2026-08-23 10:07:32.676129,6208,4536,0,1
2026-08-23 10:07:32.676149,6303,5174,2726,1
2026-08-23 10:07:32.676169,6213,4680,0,1
2026-08-23 10:07:32.676189,6301,5255,2663,1
2026-08-23 10:07:32.676209,6228,4771,0,1
2026-08-23 10:07:32.676229,6310,5389,3260,1
2026-08-23 10:07:32.676249,6198,4739,0,1
2026-08-23 10:07:32.676269,6306,5373,2982,1
2026-08-23 10:07:32.676289,6236,4847,10,1
2026-08-23 10:07:32.676309,6308,5371,2915,1
2026-08-23 10:07:32.676329,6227,4759,0,1
2026-08-23 10:07:32.694175,6177,4514,0,1
2026-08-23 10:07:32.694196,6217,4440,0,1
2026-08-23 10:07:32.694216,6295,5077,2586,1
2026-08-23 10:07:32.694236,6239,4696,0,1
2026-08-23 10:07:32.694256,6311,5279,3128,1
2026-08-23 10:07:32.694276,6192,4720,0,1
2026-08-23 10:07:32.694296,6297,5317,2911,1
2026-08-23 10:07:32.694315,6228,4827,13,1
2026-08-23 10:07:32.694335,6301,5389,2799,1
2026-08-23 10:07:32.694355,6209,4783,0,1
2026-08-23 10:07:32.694376,6306,5370,2962,1
2026-08-23 10:07:32.694396,6239,4791,0,1
2026-08-23 10:07:32.713860,6318,4934,2631,1
2026-08-23 10:07:32.713880,6238,4500,14,1
2026-08-23 10:07:32.713900,6302,5205,2969,1
2026-08-23 10:07:32.713920,6188,4657,0,1
2026-08-23 10:07:32.713940,6148,4950,0,1
2026-08-23 10:07:32.713960,6218,4791,0,1
2026-08-23 10:07:32.713980,6302,5321,2533,1
2026-08-23 10:07:32.714000,6226,4835,0,1
2026-08-23 10:07:32.714020,6310,5371,2738,1
2026-08-23 10:07:32.714040,6194,4787,0,1
2026-08-23 10:07:32.714060,6304,5419,2968,1
2026-08-23 10:07:32.714080,6239,4858,0,1
2026-08-23 10:07:32.714100,6295,5346,2623,1
2026-08-23 10:07:32.733664,6267,4248,15,1
2026-08-23 10:07:32.733684,6313,4953,2825,1
2026-08-23 10:07:32.733704,6224,4505,0,1
2026-08-23 10:07:32.733724,6304,5212,2889,1
2026-08-23 10:07:32.733744,6224,4696,0,1
2026-08-23 10:07:32.733764,6305,5311,2997,1
2026-08-23 10:07:32.733784,6201,4749,0,1
2026-08-23 10:07:32.733804,6315,5355,3357,1
2026-08-23 10:07:32.733824,6220,4739,0,1
2026-08-23 10:07:32.733844,6291,5336,2630,1
2026-08-23 10:07:32.733864,6205,4821,0,1
2026-08-23 10:07:32.733884,6269,5271,1640,1
2026-08-23 10:07:32.733904,6203,4833,0,1
2026-08-23 10:07:32.752852,6340,4891,1341,1
2026-08-23 10:07:32.752872,6191,4353,0,1
2026-08-23 10:07:32.752892,6306,5023,2837,1
2026-08-23 10:07:32.752912,6225,4579,0,1
2026-08-23 10:07:32.752932,6302,5267,2935,1
2026-08-23 10:07:32.752952,6198,4681,0,1
2026-08-23 10:07:32.752972,6303,5317,2788,1
2026-08-23 10:07:32.752992,6220,4805,0,1
2026-08-23 10:07:32.753012,6304,5375,2947,1
2026-08-23 10:07:32.753032,6193,4785,0,1
2026-08-23 10:07:32.753052,6181,5140,0,1
2026-08-23 10:07:32.753072,6231,4882,0,1
2026-08-23 10:07:32.753092,6325,5396,2687,1
2026-08-23 10:07:32.772015,6264,4348,5,1
2026-08-23 10:07:32.772035,6296,5026,2871,1
2026-08-23 10:07:32.772055,6208,4552,0,1
2026-08-23 10:07:32.772075,6313,5261,2865,1
2026-08-23 10:07:32.772095,6223,4708,0,1
2026-08-23 10:07:32.772115,6299,5339,2997,1
2026-08-23 10:07:32.772135,6195,4744,0,1
2026-08-23 10:07:32.772156,6316,5366,3336,1
2026-08-23 10:07:32.772175,6229,4773,0,1
2026-08-23 10:07:32.772195,6295,5344,2646,1
2026-08-23 10:07:32.772215,6206,4821,0,1
2026-08-23 10:07:32.772235,6169,5141,0,1
2026-08-23 10:07:32.772255,6218,4660,0,1
2026-08-23 10:07:32.792480,6327,4888,2746,1
2026-08-23 10:07:32.792500,6228,4448,0,1
2026-08-23 10:07:32.792520,6288,5136,2968,1
2026-08-23 10:07:32.792540,6192,4584,0,1
2026-08-23 10:07:32.792560,6148,4893,0,1
2026-08-23 10:07:32.792580,6224,4716,0,1
2026-08-23 10:07:32.792600,6305,5276,2598,1
2026-08-23 10:07:32.792620,6218,4779,0,1
2026-08-23 10:07:32.792640,6269,5304,1835,1
2026-08-23 10:07:32.792660,6208,4812,0,1
2026-08-23 10:07:32.792680,6305,5426,2906,1
2026-08-23 10:07:32.792700,6220,4842,0,1
2026-08-23 10:07:32.792720,6297,5401,2858,1
2026-08-23 10:07:32.810593,6257,4215,0,1
2026-08-23 10:07:32.810613,6324,4962,2966,1
2026-08-23 10:07:32.810633,6213,4456,0,1
2026-08-23 10:07:32.810653,6301,5153,2787,1
2026-08-23 10:07:32.810673,6228,4715,0,1
2026-08-23 10:07:32.810693,6321,5300,3271,1
2026-08-23 10:07:32.810713,6190,4730,0,1
2026-08-23 10:07:32.810733,6312,5314,3051,1
2026-08-23 10:07:32.810753,6233,4779,8,1
2026-08-23 10:07:32.810773,6307,5334,2843,1
2026-08-23 10:07:32.810793,6208,4799,0,1
2026-08-23 10:07:32.810813,6320,5386,2985,1
2026-08-23 10:07:32.830274,6229,4285,0,1
2026-08-23 10:07:32.830294,6306,5007,2792,1
2026-08-23 10:07:32.830314,6208,4535,0,1
2026-08-23 10:07:32.830334,6314,5230,3008,1
2026-08-23 10:07:32.830354,6216,4688,0,1
2026-08-23 10:07:32.830374,6308,5301,3048,1
2026-08-23 10:07:32.830394,6198,4737,0,1
2026-08-23 10:07:32.830414,6322,5376,3298,1
2026-08-23 10:07:32.830434,6231,4774,0,1
2026-08-23 10:07:32.830454,6304,5313,2726,1
2026-08-23 10:07:32.830474,6204,4811,0,1
2026-08-23 10:07:32.830494,6313,5379,3115,1
2026-08-23 10:07:32.830514,6228,4756,0,1
2026-08-23 10:07:32.850259,6327,4844,2855,1
2026-08-23 10:07:32.850279,6221,4444,0,1
2026-08-23 10:07:32.850299,6300,5066,2874,1
2026-08-23 10:07:32.850319,6204,4559,0,1
2026-08-23 10:07:32.850339,6236,5042,793,1
2026-08-23 10:07:32.850359,6210,4746,0,1
2026-08-23 10:07:32.850379,6294,5332,2575,1
2026-08-23 10:07:32.850399,6220,4829,0,1
2026-08-23 10:07:32.850419,6320,5437,3182,1
2026-08-23 10:07:32.850439,6195,4813,0,1
2026-08-23 10:07:32.850459,6315,5375,2989,1
2026-08-23 10:07:32.850479,6238,4854,6,1
2026-08-23 10:07:32.850499,6314,5364,2697,1
2026-08-23 10:07:32.870226,6263,4266,0,1
2026-08-23 10:07:32.870246,6306,4978,2951,1
2026-08-23 10:07:32.870266,6197,4476,0,1
2026-08-23 10:07:32.870286,6295,5195,2789,1
2026-08-23 10:07:32.870306,6228,4712,3,1
2026-08-23 10:07:32.870326,6317,5291,3206,1
2026-08-23 10:07:32.870346,6185,4725,0,1
2026-08-23 10:07:32.870366,6299,5382,3105,1
2026-08-23 10:07:32.870386,6223,4832,18,1
2026-08-23 10:07:32.870406,6306,5350,2800,1
2026-08-23 10:07:32.870426,6203,4809,0,1
2026-08-23 10:07:32.870446,6309,5398,2995,1
2026-08-23 10:07:32.870466,6231,4744,0,1
2026-08-23 10:07:32.890285,6342,4818,2928,1
2026-08-23 10:07:32.890305,6222,4389,0,1
2026-08-23 10:07:32.890325,6298,5094,2832,1
2026-08-23 10:07:32.890345,6181,4582,0,1
2026-08-23 10:07:32.890365,6305,5258,2801,1
2026-08-23 10:07:32.890385,6203,4694,0,1
2026-08-23 10:07:32.890405,6298,5294,2640,1
2026-08-23 10:07:32.890425,6220,4852,17,1
2026-08-23 10:07:32.890445,6305,5410,3136,1
2026-08-23 10:07:32.890465,6189,4736,0,1
2026-08-23 10:07:32.890485,6313,5409,3166,1
2026-08-23 10:07:32.890505,6232,4803,0,1
2026-08-23 10:07:32.890525,6315,5309,2602,1
2026-08-23 10:07:32.910270,6267,4236,0,1
2026-08-23 10:07:32.910290,6306,4957,2666,1
2026-08-23 10:07:32.910310,6217,4537,0,1
2026-08-23 10:07:32.910330,6322,5203,3235,1
2026-08-23 10:07:32.910350,6197,4579,0,1
2026-08-23 10:07:32.910370,6292,5213,2903,1
2026-08-23 10:07:32.910390,6213,4723,0,1
2026-08-23 10:07:32.910410,6261,5216,1353,1
2026-08-23 10:07:32.910430,6210,4847,0,1
2026-08-23 10:07:32.910450,6290,5406,2649,1
2026-08-23 10:07:32.910470,6223,4869,0,1
2026-08-23 10:07:32.910490,6313,5392,3022,1
2026-08-23 10:07:32.910510,6211,4759,0,1
2026-08-23 10:07:32.930090,6165,4652,0,1
2026-08-23 10:07:32.930110,6208,4461,0,1
2026-08-23 10:07:32.930130,6308,5148,2858,1
2026-08-23 10:07:32.930150,6224,4724,0,1
2026-08-23 10:07:32.930170,6307,5291,2945,1
2026-08-23 10:07:32.930190,6199,4724,0,1
2026-08-23 10:07:32.930210,6304,5329,2856,1
2026-08-23 10:07:32.930230,6226,4830,0,1
2026-08-23 10:07:32.930250,6306,5369,2986,1
2026-08-23 10:07:32.930270,6194,4796,0,1
2026-08-23 10:07:32.930290,6314,5393,3306,1
2026-08-23 10:07:32.930310,6217,4750,0,1
2026-08-23 10:07:32.930330,6303,5344,2616,1
2026-08-23 10:07:32.949804,6264,4226,0,1
2026-08-23 10:07:32.949824,6313,4974,2771,1
2026-08-23 10:07:32.949844,6222,4536,0,1
2026-08-23 10:07:32.949864,6300,5222,3005,1
2026-08-23 10:07:32.949884,6223,4658,0,1
2026-08-23 10:07:32.949904,6315,5260,2982,1
2026-08-23 10:07:32.949924,6204,4703,0,1
2026-08-23 10:07:32.949944,6350,5439,2227,1
2026-08-23 10:07:32.949964,6215,4766,0,1
2026-08-23 10:07:32.949984,6301,5312,2674,1
2026-08-23 10:07:32.950004,6217,4811,0,1
2026-08-23 10:07:32.950024,6131,5030,0,1
2026-08-23 10:07:32.950044,6214,4741,0,1
2026-08-23 10:07:32.969766,6328,4828,3046,1
2026-08-23 10:07:32.969786,6229,4359,0,1
2026-08-23 10:07:32.969806,6302,5086,2843,1
2026-08-23 10:07:32.969826,6199,4557,0,1
2026-08-23 10:07:32.969846,6308,5219,2791,1
2026-08-23 10:07:32.969867,6208,4725,0,1
2026-08-23 10:07:32.969887,6301,5310,2639,1
2026-08-23 10:07:32.969907,6238,4787,0,1
2026-08-23 10:07:32.969926,6304,5425,3206,1
2026-08-23 10:07:32.969946,6191,4761,0,1
2026-08-23 10:07:32.969966,6306,5415,3117,1
2026-08-23 10:07:32.969986,6229,4832,0,1
2026-08-23 10:07:32.970006,6318,5354,2613,1
2026-08-23 10:07:32.989463,6266,4246,13,1
2026-08-23 10:07:32.989483,6310,4976,2800,1
2026-08-23 10:07:32.989503,6210,4510,0,1
2026-08-23 10:07:32.989523,6298,5219,2954,1
2026-08-23 10:07:32.989543,6234,4669,0,1
2026-08-23 10:07:32.989563,6307,5320,2994,1
2026-08-23 10:07:32.989583,6240,4749,0,1
2026-08-23 10:07:32.989604,6322,5357,3365,1
2026-08-23 10:07:32.989623,6085,4762,0,1
2026-08-23 10:07:32.989643,6291,5333,2642,1
2026-08-23 10:07:32.989663,6205,4816,0,1
2026-08-23 10:07:32.989683,6242,5218,918,1
2026-08-23 10:07:32.989703,6224,4844,0,1
2026-08-23 10:07:33.009147,6334,4943,3120,1
2026-08-23 10:07:33.009167,6187,4401,0,1
2026-08-23 10:07:33.009187,6307,5087,2821,1
2026-08-23 10:07:33.009207,6210,4591,0,1
2026-08-23 10:07:33.009227,6303,5219,2755,1
2026-08-23 10:07:33.009247,6205,4701,0,1
2026-08-23 10:07:33.009267,6307,5301,2691,1
2026-08-23 10:07:33.009287,6232,4803,5,1
2026-08-23 10:07:33.009307,6314,5410,3052,1
2026-08-23 10:07:33.009327,6190,4799,0,1
2026-08-23 10:07:33.009347,6314,5379,3273,1
2026-08-23 10:07:33.009367,6220,4779,0,1
2026-08-23 10:07:33.009387,6320,5308,2659,1
2026-08-23 10:07:33.028867,6268,4300,1,1
2026-08-23 10:07:33.028887,6315,5018,2826,1
2026-08-23 10:07:33.028907,6203,4520,0,1
2026-08-23 10:07:33.028927,6310,5237,2920,1
2026-08-23 10:07:33.028947,6212,4690,0,1
2026-08-23 10:07:33.028967,6251,5321,2993,1
2026-08-23 10:07:33.028987,6187,4749,0,1
2026-08-23 10:07:33.029007,6317,5386,3355,1
2026-08-23 10:07:33.029027,6216,4731,0,1
2026-08-23 10:07:33.029047,6301,5334,2652,1
2026-08-23 10:07:33.029067,6179,4819,0,1
2026-08-23 10:07:33.029087,6166,5063,0,1
2026-08-23 10:07:33.029107,6226,4763,0,1
2026-08-23 10:07:33.048793,6329,4906,3086,1
2026-08-23 10:07:33.048813,6212,4376,0,1
2026-08-23 10:07:33.048833,6308,5088,2823,1
2026-08-23 10:07:33.048853,6221,4630,0,1
2026-08-23 10:07:33.048873,6306,5288,3148,1
2026-08-23 10:07:33.048893,6216,4668,0,1
2026-08-23 10:07:33.048913,6304,5282,2667,1
2026-08-23 10:07:33.048933,6228,4797,8,1
2026-08-23 10:07:33.048953,6313,5410,3127,1
2026-08-23 10:07:33.048973,6198,4768,0,1
2026-08-23 10:07:33.048993,6314,5377,3162,1
2026-08-23 10:07:33.049013,6229,4784,0,1
2026-08-23 10:07:33.049033,6301,5359,2609,1
2026-08-23 10:07:33.067795,6264,4236,0,1
2026-08-23 10:07:33.067815,6304,4962,2764,1
2026-08-23 10:07:33.067835,6290,4507,0,1
2026-08-23 10:07:33.067855,6308,5213,3001,1
2026-08-23 10:07:33.067875,6211,4637,0,1
2026-08-23 10:07:33.067895,6304,5270,2983,1
2026-08-23 10:07:33.067915,6199,4746,0,1
2026-08-23 10:07:33.067935,6317,5395,3419,1
2026-08-23 10:07:33.067955,6211,4770,0,1
2026-08-23 10:07:33.067975,6297,5323,2647,1
2026-08-23 10:07:33.067995,6218,4814,0,1
2026-08-23 10:07:33.068015,6275,5297,1716,1
2026-08-23 10:07:33.068035,6224,4781,0,1
2026-08-23 10:07:33.087176,6329,4974,2696,1
2026-08-23 10:07:33.087196,6246,4531,0,1
2026-08-23 10:07:33.087216,6318,5223,3096,1
2026-08-23 10:07:33.087236,6183,4652,0,1
2026-08-23 10:07:33.087256,6322,5298,3230,1
2026-08-23 10:07:33.087276,6229,4732,0,1
2026-08-23 10:07:33.087296,6299,5295,2604,1
2026-08-23 10:07:33.087316,6210,4813,0,1
2026-08-23 10:07:33.087336,6261,5288,1378,1
2026-08-23 10:07:33.087356,6222,4839,0,1
2026-08-23 10:07:33.087376,6308,5412,2872,1
2026-08-23 10:07:33.087396,6221,4882,0,1
2026-08-23 10:07:33.087416,6308,5374,2757,1
2026-08-23 10:07:33.106939,6231,4292,0,1
2026-08-23 10:07:33.106959,6156,4689,0,1
2026-08-23 10:07:33.106979,6219,4505,0,1
2026-08-23 10:07:33.106999,6293,5192,2667,1
2026-08-23 10:07:33.107019,6216,4713,0,1
2026-08-23 10:07:33.107039,6236,5135,761,1
2026-08-23 10:07:33.107059,6233,4844,0,1
2026-08-23 10:07:33.107079,6310,5418,2941,1
2026-08-23 10:07:33.107099,6211,4850,0,1
2026-08-23 10:07:33.107119,6295,5357,2455,1
2026-08-23 10:07:33.107139,6210,4862,0,1
2026-08-23 10:07:33.107159,6304,5382,2664,1
2026-08-23 10:07:33.107179,6235,4830,0,1
2026-08-23 10:07:33.126848,6331,4891,2628,1
2026-08-23 10:07:33.126868,6214,4460,0,1
2026-08-23 10:07:33.126888,6272,5083,1912,1
2026-08-23 10:07:33.126908,6211,4655,0,1
2026-08-23 10:07:33.126928,6308,5285,2880,1
2026-08-23 10:07:33.126948,6217,4799,0,1
2026-08-23 10:07:33.126968,6308,5353,2963,1
2026-08-23 10:07:33.126988,6207,4767,0,1
2026-08-23 10:07:33.127008,6286,5362,2769,1
2026-08-23 10:07:33.127028,6237,4861,2,1
2026-08-23 10:07:33.127048,6310,5428,3021,1
2026-08-23 10:07:33.127068,6193,4768,0,1
2026-08-23 10:07:33.127088,6178,5072,0,1
2026-08-23 10:07:33.146070,6236,4291,0,1
2026-08-23 10:07:33.146090,6307,5013,3124,1
2026-08-23 10:07:33.146110,6223,4545,11,1
2026-08-23 10:07:33.146130,6313,5193,2888,1
2026-08-23 10:07:33.146150,6211,4672,0,1
2026-08-23 10:07:33.146170,6305,5285,2806,1
2026-08-23 10:07:33.146190,6232,4771,10,1
2026-08-23 10:07:33.146210,6311,5380,3188,1
2026-08-23 10:07:33.146230,6200,4748,0,1
2026-08-23 10:07:33.146250,6317,5368,3116,1
2026-08-23 10:07:33.146270,6232,4835,11,1
2026-08-23 10:07:33.146290,6316,5342,2745,1
2026-08-23 10:07:33.146310,6222,4786,0,1
2026-08-23 10:07:33.166272,6315,4871,2452,1
2026-08-23 10:07:33.166292,6218,4488,0,1
2026-08-23 10:07:33.166312,6310,5175,2629,1
2026-08-23 10:07:33.166332,6230,4708,0,1
2026-08-23 10:07:33.166352,6316,5299,3092,1
2026-08-23 10:07:33.166372,6199,4737,0,1
2026-08-23 10:07:33.166392,6238,5346,3047,1
2026-08-23 10:07:33.166412,6234,4796,0,1
2026-08-23 10:07:33.166432,6305,5352,2680,1
2026-08-23 10:07:33.166452,6210,4806,0,1
2026-08-23 10:07:33.166472,6317,5393,3119,1
2026-08-23 10:07:33.166492,6199,4748,0,1
2026-08-23 10:07:33.166512,6316,5325,2974,1
2026-08-23 10:07:33.186210,6256,4208,0,1
2026-08-23 10:07:33.186230,6313,4989,2940,1
2026-08-23 10:07:33.186250,6185,4497,0,1
2026-08-23 10:07:33.186270,6308,5184,2669,1
2026-08-23 10:07:33.186291,6225,4696,0,1
2026-08-23 10:07:33.186311,6302,5262,2643,1
2026-08-23 10:07:33.186331,6222,4810,0,1
2026-08-23 10:07:33.186351,6324,5394,3261,1
2026-08-23 10:07:33.186370,6199,4749,0,1
2026-08-23 10:07:33.186390,6307,5360,2992,1
2026-08-23 10:07:33.186410,6233,4809,13,1
2026-08-23 10:07:33.186430,6315,5370,2863,1
2026-08-23 10:07:33.186450,6223,4814,0,1
2026-08-23 10:07:33.206128,6327,4829,2756,1
2026-08-23 10:07:33.206148,6205,4401,0,1
2026-08-23 10:07:33.206168,6308,5065,2848,1
2026-08-23 10:07:33.206188,6235,4643,0,1
2026-08-23 10:07:33.206208,6304,5239,2897,1
2026-08-23 10:07:33.206228,6203,4687,0,1
2026-08-23 10:07:33.206248,6264,5201,1489,1
2026-08-23 10:07:33.206268,6223,4793,0,1
2026-08-23 10:07:33.206288,6297,5397,2594,1
2026-08-23 10:07:33.206308,6218,4843,0,1
2026-08-23 10:07:33.206328,6305,5413,2757,1
2026-08-23 10:07:33.206348,6200,4786,0,1
2026-08-23 10:07:33.206368,6312,5389,3094,1
2026-08-23 10:07:33.226003,6244,4241,0,1
2026-08-23 10:07:33.226023,6317,5019,2999,1
2026-08-23 10:07:33.226043,6239,4575,0,1
2026-08-23 10:07:33.226063,6313,5228,3101,1
2026-08-23 10:07:33.226083,6215,4644,0,1
2026-08-23 10:07:33.226103,6315,5291,2722,1
2026-08-23 10:07:33.226123,6230,4799,0,1
2026-08-23 10:07:33.226143,6315,5344,3156,1
2026-08-23 10:07:33.226163,6199,4765,0,1
2026-08-23 10:07:33.226183,6297,5356,3035,1
2026-08-23 10:07:33.226203,6236,4804,0,1
2026-08-23 10:07:33.226223,6307,5364,2831,1
2026-08-23 10:07:33.226243,6300,4786,0,1
2026-08-23 10:07:33.245799,6327,4856,2855,1
2026-08-23 10:07:33.245819,6208,4423,0,1
2026-08-23 10:07:33.245839,6308,5075,2841,1
2026-08-23 10:07:33.245859,6226,4642,0,1
2026-08-23 10:07:33.245879,6395,5269,2889,1
2026-08-23 10:07:33.245899,6213,4710,0,1
2026-08-23 10:07:33.245919,6186,5019,0,1
2026-08-23 10:07:33.245939,6221,4833,0,1
2026-08-23 10:07:33.245959,6304,5369,2601,1
2026-08-23 10:07:33.245979,6228,4857,0,1
2026-08-23 10:07:33.245999,6317,5458,3087,1
2026-08-23 10:07:33.246019,6204,4808,0,1
2026-08-23 10:07:33.246039,6303,5405,3097,1
2026-08-23 10:07:33.265793,6260,4287,0,1
2026-08-23 10:07:33.265813,6322,5029,2954,1
2026-08-23 10:07:33.265833,6224,4566,0,1
2026-08-23 10:07:33.265853,6289,5172,2122,1
2026-08-23 10:07:33.265873,6216,4716,0,1
2026-08-23 10:07:33.265893,6302,5320,2662,1
2026-08-23 10:07:33.265913,6231,4793,0,1
2026-08-23 10:07:33.265934,6325,5386,2885,1
2026-08-23 10:07:33.265953,6220,4781,0,1
2026-08-23 10:07:33.265973,6309,5383,2946,1
2026-08-23 10:07:33.265993,6224,4842,0,1
2026-08-23 10:07:33.266013,6314,5398,3047,1
2026-08-23 10:07:33.266033,6216,4765,0,1
2026-08-23 10:07:33.285738,6275,4740,1510,1
2026-08-23 10:07:33.285758,6224,4453,0,1
2026-08-23 10:07:33.285778,6300,5128,2523,1
2026-08-23 10:07:33.285798,6238,4724,0,1
2026-08-23 10:07:33.285818,6332,5341,3219,1
2026-08-23 10:07:33.285838,6199,4727,0,1
2026-08-23 10:07:33.285858,6320,5351,3085,1
2026-08-23 10:07:33.285878,6235,4773,0,1
2026-08-23 10:07:33.285898,6303,5367,2691,1
2026-08-23 10:07:33.285918,6204,4792,0,1
2026-08-23 10:07:33.285938,6314,5420,3124,1
2026-08-23 10:07:33.285958,6193,4752,0,1
2026-08-23 10:07:33.285978,6315,5339,2898,1
2026-08-23 10:07:33.305497,6275,4292,0,1
2026-08-23 10:07:33.305517,6311,5008,2999,1
2026-08-23 10:07:33.305537,6206,4502,0,1
2026-08-23 10:07:33.305557,6151,4842,0,1
2026-08-23 10:07:33.305577,6236,4698,0,1
2026-08-23 10:07:33.305597,6254,5318,2689,1
2026-08-23 10:07:33.305617,6223,4772,0,1
2026-08-23 10:07:33.305637,6323,5437,3246,1
2026-08-23 10:07:33.305657,6201,4708,0,1
2026-08-23 10:07:33.305677,6310,5359,2926,1
2026-08-23 10:07:33.305697,6202,4795,0,1
2026-08-23 10:07:33.305717,6286,5299,1854,1
2026-08-23 10:07:33.305737,6231,4777,0,1
2026-08-23 10:07:33.322744,6339,4923,3406,1
2026-08-23 10:07:33.322764,6222,4430,0,1
2026-08-23 10:07:33.322784,6303,5088,2584,1
2026-08-23 10:07:33.322804,6228,4672,0,1
2026-08-23 10:07:33.322824,6277,5187,1997,1
2026-08-23 10:07:33.322844,6201,4753,0,1
2026-08-23 10:07:33.322864,6303,5354,2900,1
2026-08-23 10:07:33.322884,6226,4812,0,1
2026-08-23 10:07:33.322904,6312,5402,2857,1
2026-08-23 10:07:33.322924,6203,4803,0,1
2026-08-23 10:07:33.322944,6306,5398,2906,1
2026-08-23 10:07:33.322964,6243,4779,0,1
2026-08-23 10:07:33.342337,6320,4976,2624,1
2026-08-23 10:07:33.342357,6220,4545,0,1
2026-08-23 10:07:33.342377,6202,4987,142,1
2026-08-23 10:07:33.342397,6203,4721,0,1
2026-08-23 10:07:33.342417,6304,5360,2858,1
2026-08-23 10:07:33.342438,6224,4822,0,1
2026-08-23 10:07:33.342458,6304,5406,2902,1
2026-08-23 10:07:33.342478,6200,4820,0,1
2026-08-23 10:07:33.342497,6300,5405,2812,1
2026-08-23 10:07:33.342517,6232,4822,0,1
2026-08-23 10:07:33.342537,6300,5422,2926,1
2026-08-23 10:07:33.342557,6201,4818,0,1
2026-08-23 10:07:33.342577,6249,5264,1637,1
2026-08-23 10:07:33.362066,6240,4259,0,1
2026-08-23 10:07:33.362086,6310,5009,3200,1
2026-08-23 10:07:33.362106,6229,4532,0,1
2026-08-23 10:07:33.362126,6310,5180,2793,1
2026-08-23 10:07:33.362146,6213,4717,0,1
2026-08-23 10:07:33.362166,6296,5325,2917,1
2026-08-23 10:07:33.362186,6224,4781,0,1
2026-08-23 10:07:33.362206,6315,5340,3014,1
2026-08-23 10:07:33.362226,6195,4748,0,1
2026-08-23 10:07:33.362246,6327,5409,3284,1
2026-08-23 10:07:33.362266,6223,4762,0,1
2026-08-23 10:07:33.362286,6307,5359,2670,1
2026-08-23 10:07:33.362306,6227,4821,0,1
2026-08-23 10:07:33.381908,6315,4850,2647,1
2026-08-23 10:07:33.381928,6210,4411,0,1
2026-08-23 10:07:33.381948,6212,4900,101,1
2026-08-23 10:07:33.381968,6212,4708,0,1
2026-08-23 10:07:33.381988,6313,5330,2854,1
2026-08-23 10:07:33.382008,6223,4761,0,1
2026-08-23 10:07:33.382028,6308,5408,3081,1
2026-08-23 10:07:33.382048,6213,4793,0,1
2026-08-23 10:07:33.382068,6305,5389,2706,1
2026-08-23 10:07:33.382088,6237,4828,7,1
2026-08-23 10:07:33.382108,6308,5431,3092,1
2026-08-23 10:07:33.382128,6201,4763,0,1
2026-08-23 10:07:33.382148,6327,5415,3235,1
2026-08-23 10:07:33.401778,6242,4223,0,1
2026-08-23 10:07:33.401798,6310,4989,2818,1
2026-08-23 10:07:33.401819,6234,4533,0,1
2026-08-23 10:07:33.401839,6304,5205,3199,1
2026-08-23 10:07:33.401859,6216,4676,0,1
2026-08-23 10:07:33.401879,6308,5261,2736,1
2026-08-23 10:07:33.401899,6234,4761,12,1
2026-08-23 10:07:33.401919,6316,5362,3246,1
2026-08-23 10:07:33.401938,6197,4751,0,1
2026-08-23 10:07:33.401958,6315,5359,3044,1
2026-08-23 10:07:33.401978,6232,4846,15,1
2026-08-23 10:07:33.401999,6310,5376,2787,1
2026-08-23 10:07:33.402019,6225,4766,0,1
2026-08-23 10:07:33.421923,6322,4832,2811,1
2026-08-23 10:07:33.421943,6212,4390,0,1
2026-08-23 10:07:33.421963,6311,5086,2933,1
2026-08-23 10:07:33.421983,6225,4588,0,1
2026-08-23 10:07:33.422003,6301,5246,2860,1
2026-08-23 10:07:33.422023,6214,4687,0,1
2026-08-23 10:07:33.422043,6257,5193,1066,1
2026-08-23 10:07:33.422063,6227,4806,0,1
2026-08-23 10:07:33.422083,6307,5410,2621,1
2026-08-23 10:07:33.422103,6230,4887,0,1
2026-08-23 10:07:33.422123,6311,5458,3205,1
2026-08-23 10:07:33.422143,6205,4778,0,1
2026-08-23 10:07:33.422163,6318,5396,3205,1
2026-08-23 10:07:33.441900,6248,4248,0,1
2026-08-23 10:07:33.441920,6321,4963,3003,1
2026-08-23 10:07:33.441940,6228,4517,0,1
2026-08-23 10:07:33.441960,6315,5230,3052,1
2026-08-23 10:07:33.441980,6206,4662,0,1
2026-08-23 10:07:33.442000,6302,5243,2712,1
2026-08-23 10:07:33.442020,6240,4765,0,1
2026-08-23 10:07:33.442040,6314,5401,3300,1
2026-08-23 10:07:33.442060,6214,4745,0,1
2026-08-23 10:07:33.442080,6309,5394,3034,1
2026-08-23 10:07:33.442100,6229,4841,8,1
2026-08-23 10:07:33.442120,6309,5361,2850,1
2026-08-23 10:07:33.442140,6227,4810,0,1
2026-08-23 10:07:33.461944,6320,4849,2788,1
2026-08-23 10:07:33.461964,6203,4419,0,1
2026-08-23 10:07:33.461984,6302,5095,2841,1
2026-08-23 10:07:33.462004,6221,4589,0,1
2026-08-23 10:07:33.462024,6307,5232,2922,1
2026-08-23 10:07:33.462044,6203,4674,0,1
2026-08-23 10:07:33.462065,6263,5102,442,1
2026-08-23 10:07:33.462085,6234,4854,0,1
2026-08-23 10:07:33.462104,6304,5415,2610,1
2026-08-23 10:07:33.462124,6220,4884,0,1
2026-08-23 10:07:33.462144,6289,5349,2162,1
2026-08-23 10:07:33.462164,6202,4850,0,1
2026-08-23 10:07:33.462184,6332,5442,3016,1
2026-08-23 10:07:33.481763,6259,4320,0,1
2026-08-23 10:07:33.481783,6319,5050,2969,1
2026-08-23 10:07:33.481803,6216,4533,0,1
2026-08-23 10:07:33.481823,6311,5183,2798,1
2026-08-23 10:07:33.481843,6221,4694,0,1
2026-08-23 10:07:33.481863,6331,5299,2687,1
2026-08-23 10:07:33.481883,6230,4786,0,1
2026-08-23 10:07:33.481903,6283,5272,1837,1
2026-08-23 10:07:33.481923,6229,4794,0,1
2026-08-23 10:07:33.481943,6319,5426,2944,1
2026-08-23 10:07:33.481963,6228,4847,0,1
2026-08-23 10:07:33.481983,6314,5382,2826,1
2026-08-23 10:07:33.482003,6218,4781,0,1
2026-08-23 10:07:33.501736,6276,4774,1398,1
2026-08-23 10:07:33.501756,6225,4486,0,1
2026-08-23 10:07:33.501776,6294,5099,2591,1
2026-08-23 10:07:33.501796,6242,4684,0,1
2026-08-23 10:07:33.501816,6308,5288,2891,1
2026-08-23 10:07:33.501836,6198,4743,0,1
2026-08-23 10:07:33.501856,6302,5333,3005,1
2026-08-23 10:07:33.501876,6225,4795,5,1
2026-08-23 10:07:33.501896,6307,5381,2737,1
2026-08-23 10:07:33.501916,6212,4813,0,1
2026-08-23 10:07:33.501936,6316,5394,2980,1
2026-08-23 10:07:33.501956,6228,4789,0,1
2026-08-23 10:07:33.501976,6318,5375,2892,1
2026-08-23 10:07:33.521425,6272,4328,0,1
2026-08-23 10:07:33.521445,6321,4997,3022,1
2026-08-23 10:07:33.521465,6196,4505,0,1
2026-08-23 10:07:33.521485,6313,5232,3351,1
2026-08-23 10:07:33.521505,6229,4673,0,1
2026-08-23 10:07:33.521525,6305,5239,2670,1
2026-08-23 10:07:33.521545,6221,4733,0,1
2026-08-23 10:07:33.521565,6154,5006,0,1
2026-08-23 10:07:33.521585,6217,4754,0,1
2026-08-23 10:07:33.521605,6310,5353,2930,1
2026-08-23 10:07:33.521625,6206,4819,0,1
2026-08-23 10:07:33.521645,6315,5379,2545,1
2026-08-23 10:07:33.521665,6224,4805,0,1
2026-08-23 10:07:33.541397,6346,4927,3356,1
2026-08-23 10:07:33.541417,6225,4427,0,1
2026-08-23 10:07:33.541437,6303,5094,2538,1
2026-08-23 10:07:33.541457,6229,4675,0,1
2026-08-23 10:07:33.541477,6316,5272,2656,1
2026-08-23 10:07:33.541497,6205,4725,0,1
2026-08-23 10:07:33.541517,6310,5317,2917,1
2026-08-23 10:07:33.541537,6242,4795,0,1
2026-08-23 10:07:33.541557,6309,5393,2864,1
2026-08-23 10:07:33.541577,6200,4815,0,1
2026-08-23 10:07:33.541597,6307,5410,2854,1
2026-08-23 10:07:33.541617,6235,4824,0,1
2026-08-23 10:07:33.541637,6312,5418,2871,1
2026-08-23 10:07:33.561242,6274,4330,0,1
2026-08-23 10:07:33.561262,6324,5012,3050,1
2026-08-23 10:07:33.561282,6212,4539,0,1
2026-08-23 10:07:33.561302,6320,5210,3323,1
2026-08-23 10:07:33.561322,6236,4650,0,1
2026-08-23 10:07:33.561342,6312,5252,2673,1
2026-08-23 10:07:33.561363,6228,4736,0,1
2026-08-23 10:07:33.561383,6321,5384,3171,1
2026-08-23 10:07:33.561402,6216,4713,0,1
2026-08-23 10:07:33.561422,6315,5317,2914,1
2026-08-23 10:07:33.561442,6216,4793,0,1
2026-08-23 10:07:33.561462,6266,5279,1473,1
2026-08-23 10:07:33.561482,6235,4834,0,1
2026-08-23 10:07:33.581088,6202,4638,0,1
2026-08-23 10:07:33.581108,6215,4521,0,1
2026-08-23 10:07:33.581128,6316,5196,2582,1
2026-08-23 10:07:33.581148,6232,4721,0,1
2026-08-23 10:07:33.581168,6308,5289,2743,1
2026-08-23 10:07:33.581188,6208,4728,0,1
2026-08-23 10:07:33.581208,6312,5347,2969,1
2026-08-23 10:07:33.581228,6234,4854,0,1
2026-08-23 10:07:33.581248,6309,5403,2745,1
2026-08-23 10:07:33.581268,6223,4842,0,1
2026-08-23 10:07:33.581288,6322,5378,3007,1
2026-08-23 10:07:33.581308,6226,4763,0,1
2026-08-23 10:07:33.581328,6319,5341,2889,1
2026-08-23 10:07:33.600755,6279,4346,0,1
2026-08-23 10:07:33.600775,6319,5055,3039,1
2026-08-23 10:07:33.600796,6210,4540,0,1
2026-08-23 10:07:33.600816,6320,5253,3328,1
2026-08-23 10:07:33.600836,6234,4649,0,1
2026-08-23 10:07:33.600856,6311,5240,2672,1
2026-08-23 10:07:33.600876,6225,4768,0,1
2026-08-23 10:07:33.600896,6187,5012,0,1
2026-08-23 10:07:33.600915,6228,4773,0,1
2026-08-23 10:07:33.600935,6315,5371,2919,1
2026-08-23 10:07:33.600955,6218,4776,0,1
2026-08-23 10:07:33.600976,6298,5346,2601,1
2026-08-23 10:07:33.600996,6237,4756,0,1
2026-08-23 10:07:33.620839,6352,4920,3453,1
2026-08-23 10:07:33.620859,6217,4358,0,1
2026-08-23 10:07:33.620879,6315,5038,2538,1
2026-08-23 10:07:33.620899,6233,4635,0,1
2026-08-23 10:07:33.620919,6317,5286,2923,1
2026-08-23 10:07:33.620939,6199,4663,0,1
2026-08-23 10:07:33.620959,6307,5339,2943,1
2026-08-23 10:07:33.620979,6214,4827,5,1
2026-08-23 10:07:33.620999,6307,5358,2808,1
2026-08-23 10:07:33.621019,6206,4799,0,1
2026-08-23 10:07:33.621039,6320,5386,2927,1
2026-08-23 10:07:33.621059,6234,4789,0,1
2026-08-23 10:07:33.621079,6319,5371,2904,1
2026-08-23 10:07:33.640786,6275,4320,249,1
2026-08-23 10:07:33.640806,6329,5005,3023,1
2026-08-23 10:07:33.640826,6202,4511,0,1
2026-08-23 10:07:33.640846,6337,5244,3361,1
2026-08-23 10:07:33.640867,6228,4674,0,1
2026-08-23 10:07:33.640887,6315,5240,2696,1
2026-08-23 10:07:33.640907,6222,4775,0,1
2026-08-23 10:07:33.640927,6318,5381,3184,1
2026-08-23 10:07:33.640946,6219,4732,0,1
2026-08-23 10:07:33.640966,6318,5316,2919,1
2026-08-23 10:07:33.640986,6195,4796,0,1
2026-08-23 10:07:33.641006,6274,5222,1474,1
2026-08-23 10:07:33.641026,6241,4829,0,1
2026-08-23 10:07:33.660460,6220,4671,0,1
2026-08-23 10:07:33.660480,6239,4504,0,1
2026-08-23 10:07:33.660501,6313,5162,2526,1
2026-08-23 10:07:33.660521,6232,4700,0,1
2026-08-23 10:07:33.660541,6320,5324,2727,1
2026-08-23 10:07:33.660561,6209,4765,0,1
2026-08-23 10:07:33.660581,6314,5356,3024,1
2026-08-23 10:07:33.660601,6247,4812,4,1
2026-08-23 10:07:33.660620,6309,5400,2748,1
2026-08-23 10:07:33.660640,6217,4810,0,1
2026-08-23 10:07:33.660661,6325,5397,2975,1
2026-08-23 10:07:33.660681,6239,4813,0,1
2026-08-23 10:07:33.660701,6312,5351,2898,1
2026-08-23 10:07:33.680403,6274,4328,0,1
2026-08-23 10:07:33.680423,6332,5022,3056,1
2026-08-23 10:07:33.680443,6225,4553,0,1
2026-08-23 10:07:33.680463,6318,5264,3276,1
2026-08-23 10:07:33.680483,6245,4675,0,1
2026-08-23 10:07:33.680503,6316,5268,2714,1
2026-08-23 10:07:33.680523,6235,4757,0,1
2026-08-23 10:07:33.680543,6327,5379,3157,1
2026-08-23 10:07:33.680563,6210,4719,0,1
2026-08-23 10:07:33.680583,6307,5330,3038,1
2026-08-23 10:07:33.680603,6218,4814,0,1
2026-08-23 10:07:33.680623,6310,5350,2340,1
2026-08-23 10:07:33.680643,6237,4772,0,1
2026-08-23 10:07:33.700416,6393,4937,1984,1
2026-08-23 10:07:33.700436,6227,4384,0,1
2026-08-23 10:07:33.700456,6308,5032,2571,1
2026-08-23 10:07:33.700476,6247,4635,0,1
2026-08-23 10:07:33.700496,6337,5290,3135,1
2026-08-23 10:07:33.700516,6216,4666,0,1
2026-08-23 10:07:33.700536,6318,5300,2977,1
2026-08-23 10:07:33.700557,6237,4811,6,1
2026-08-23 10:07:33.700576,6317,5369,2748,1
2026-08-23 10:07:33.700596,6218,4803,0,1
2026-08-23 10:07:33.700616,6328,5414,2976,1
2026-08-23 10:07:33.700636,6232,4759,0,1
2026-08-23 10:07:33.700656,6322,5349,2878,1
2026-08-23 10:07:33.720160,6282,4317,0,1
2026-08-23 10:07:33.720180,6334,5002,2994,1
2026-08-23 10:07:33.720200,6216,4535,0,1
2026-08-23 10:07:33.720220,6157,4844,0,1
2026-08-23 10:07:33.720240,6251,4706,0,1
2026-08-23 10:07:33.720260,6316,5318,2669,1
2026-08-23 10:07:33.720280,6240,4807,0,1
2026-08-23 10:07:33.720300,6332,5374,2787,1
2026-08-23 10:07:33.720320,6208,4736,0,1
2026-08-23 10:07:33.720340,6310,5341,2921,1
2026-08-23 10:07:33.720360,6214,4765,0,1
2026-08-23 10:07:33.720380,6302,5327,2097,1
2026-08-23 10:07:33.720400,6240,4776,0,1
2026-08-23 10:07:33.739982,6213,4579,0,1
2026-08-23 10:07:33.740002,6220,4442,0,1
2026-08-23 10:07:33.740022,6306,5131,2572,1
2026-08-23 10:07:33.740042,6236,4675,0,1
2026-08-23 10:07:33.740062,6304,5236,2301,1
2026-08-23 10:07:33.740082,6213,4713,0,1
2026-08-23 10:07:33.740102,6315,5341,2925,1
2026-08-23 10:07:33.740122,6237,4817,1,1
2026-08-23 10:07:33.740142,6308,5383,2809,1
2026-08-23 10:07:33.740162,6218,4847,0,1
2026-08-23 10:07:33.740182,6313,5418,2898,1
2026-08-23 10:07:33.740202,6242,4836,0,1
2026-08-23 10:07:33.740222,6329,5382,2892,1
2026-08-23 10:07:33.759777,6285,4327,86,1
2026-08-23 10:07:33.759797,6331,5019,3092,1
2026-08-23 10:07:33.759817,6214,4533,0,1
2026-08-23 10:07:33.759837,6327,5223,3240,1
2026-08-23 10:07:33.759857,6231,4691,0,1
2026-08-23 10:07:33.759877,6315,5298,2706,1
2026-08-23 10:07:33.759897,6227,4750,0,1
2026-08-23 10:07:33.759917,6328,5369,3099,1
2026-08-23 10:07:33.759937,6237,4733,0,1
2026-08-23 10:07:33.759957,6318,5341,2933,1
2026-08-23 10:07:33.759977,6219,4772,0,1
2026-08-23 10:07:33.759997,6278,5309,1844,1
2026-08-23 10:07:33.760017,6243,4806,0,1
2026-08-23 10:07:33.779886,6359,4949,3455,1
2026-08-23 10:07:33.779906,6225,4387,0,1
2026-08-23 10:07:33.779926,6326,5060,2518,1
2026-08-23 10:07:33.779946,6235,4666,0,1
2026-08-23 10:07:33.779966,6330,5260,3007,1
2026-08-23 10:07:33.779986,6202,4701,0,1
2026-08-23 10:07:33.780006,6331,5329,2960,1
2026-08-23 10:07:33.780026,6241,4848,23,1
2026-08-23 10:07:33.780046,6316,5366,2772,1
2026-08-23 10:07:33.780066,6220,4793,0,1
2026-08-23 10:07:33.780086,6337,5430,2965,1
2026-08-23 10:07:33.780106,6239,4816,0,1
2026-08-23 10:07:33.780126,6330,5350,2884,1
2026-08-23 10:07:33.799858,6274,4321,0,1
2026-08-23 10:07:33.799878,6331,5025,2969,1
2026-08-23 10:07:33.799898,6226,4558,0,1
2026-08-23 10:07:33.799918,6263,5044,1013,1
2026-08-23 10:07:33.799938,6243,4762,0,1
2026-08-23 10:07:33.799958,6319,5366,2692,1
2026-08-23 10:07:33.799978,6234,4824,0,1
2026-08-23 10:07:33.799998,6234,5231,427,1
2026-08-23 10:07:33.800018,6231,4880,0,1
2026-08-23 10:07:33.800038,6331,5448,2917,1
2026-08-23 10:07:33.800058,6246,4907,0,1
2026-08-23 10:07:33.800078,6324,5410,2752,1
2026-08-23 10:07:33.800098,6248,4807,0,1
2026-08-23 10:07:33.819390,6319,4818,2294,1
2026-08-23 10:07:33.819410,6237,4471,0,1
2026-08-23 10:07:33.819430,6316,5097,2623,1
2026-08-23 10:07:33.819450,6240,4688,0,1
2026-08-23 10:07:33.819470,6327,5292,3184,1
2026-08-23 10:07:33.819490,6198,4690,0,1
2026-08-23 10:07:33.819510,6330,5337,3129,1
2026-08-23 10:07:33.819530,6232,4773,0,1
2026-08-23 10:07:33.819550,6307,5361,2637,1
2026-08-23 10:07:33.819570,6227,4812,0,1
2026-08-23 10:07:33.819590,6200,5159,0,1
2026-08-23 10:07:33.819610,6242,4860,0,1
2026-08-23 10:07:33.819630,6327,5434,2918,1
2026-08-23 10:07:33.835660,6286,4362,0,1
2026-08-23 10:07:33.835680,6335,5066,2990,1
2026-08-23 10:07:33.835700,6231,4547,0,1
2026-08-23 10:07:33.835720,6335,5293,3425,1
2026-08-23 10:07:33.835740,6235,4670,0,1
2026-08-23 10:07:33.835760,6325,5282,2661,1
2026-08-23 10:07:33.835780,6239,4742,0,1
2026-08-23 10:07:33.835800,6191,5131,0,1
2026-08-23 10:07:33.835820,6242,4872,0,1
2026-08-23 10:07:33.835840,6330,5424,2917,1
2026-08-23 10:07:33.835860,6249,4842,0,1
2026-08-23 10:07:33.855064,6358,5063,3264,1
2026-08-23 10:07:33.855084,6217,4441,0,1
2026-08-23 10:07:33.855104,6323,5160,2875,1
2026-08-23 10:07:33.855124,6247,4658,0,1
2026-08-23 10:07:33.855144,6320,5304,2818,1
2026-08-23 10:07:33.855164,6225,4736,0,1
2026-08-23 10:07:33.855184,6318,5364,2696,1
2026-08-23 10:07:33.855204,6251,4814,4,1
2026-08-23 10:07:33.855224,6325,5414,3145,1
2026-08-23 10:07:33.855244,6212,4756,0,1
2026-08-23 10:07:33.855264,6325,5384,3156,1
2026-08-23 10:07:33.855284,6250,4800,0,1
2026-08-23 10:07:33.855304,6332,5342,2652,1
2026-08-23 10:07:33.875035,6276,4337,0,1
2026-08-23 10:07:33.875055,6331,5049,3035,1
2026-08-23 10:07:33.875075,6225,4514,0,1
2026-08-23 10:07:33.875095,6321,5186,2740,1
2026-08-23 10:07:33.875115,6255,4713,12,1
2026-08-23 10:07:33.875135,6334,5365,3290,1
2026-08-23 10:07:33.875155,6228,4752,0,1
2026-08-23 10:07:33.875175,6332,5371,3028,1
2026-08-23 10:07:33.875195,6247,4824,11,1
2026-08-23 10:07:33.875215,6311,5363,2866,1
2026-08-23 10:07:33.875235,6225,4797,0,1
2026-08-23 10:07:33.875255,6339,5382,2876,1
2026-08-23 10:07:33.875275,6262,4846,0,1
2026-08-23 10:07:33.895106,6367,4856,2833,1
2026-08-23 10:07:33.895126,6239,4433,0,1
2026-08-23 10:07:33.895146,6317,5097,2830,1
2026-08-23 10:07:33.895166,6220,4650,0,1
2026-08-23 10:07:33.895186,6307,5220,2511,1
2026-08-23 10:07:33.895206,6212,4706,0,1
2026-08-23 10:07:33.895226,6320,5304,2616,1
2026-08-23 10:07:33.895246,6248,4852,30,1
2026-08-23 10:07:33.895266,6342,5397,3187,1
2026-08-23 10:07:33.895286,6204,4810,0,1
2026-08-23 10:07:33.895306,6332,5379,3210,1
2026-08-23 10:07:33.895326,6253,4783,0,1
2026-08-23 10:07:33.895346,6341,5327,2545,1
2026-08-23 10:07:33.914196,6300,4247,0,1
2026-08-23 10:07:33.914216,6329,4950,2701,1
2026-08-23 10:07:33.914236,6230,4533,0,1
2026-08-23 10:07:33.914256,6330,5232,3192,1
2026-08-23 10:07:33.914276,6229,4580,0,1
2026-08-23 10:07:33.914296,6321,5282,2926,1
2026-08-23 10:07:33.914316,6230,4708,0,1
2026-08-23 10:07:33.914336,6240,5178,626,1
2026-08-23 10:07:33.914356,6235,4845,0,1
2026-08-23 10:07:33.914376,6324,5387,2657,1
2026-08-23 10:07:33.914396,6250,4857,0,1
2026-08-23 10:07:33.914416,6333,5427,2945,1
2026-08-23 10:07:33.914436,6238,4793,0,1
2026-08-23 10:07:33.933686,6355,4968,2783,1
2026-08-23 10:07:33.933706,6205,4518,10,1
2026-08-23 10:07:33.933726,6324,5208,2996,1
2026-08-23 10:07:33.933746,6202,4631,0,1
2026-08-23 10:07:33.933766,6354,5298,3346,1
2026-08-23 10:07:33.933786,6237,4694,0,1
2026-08-23 10:07:33.933806,6322,5277,2581,1
2026-08-23 10:07:33.933826,6230,4780,0,1
2026-08-23 10:07:33.933846,6310,5312,2243,1
2026-08-23 10:07:33.933866,6234,4842,0,1
2026-08-23 10:07:33.933886,6320,5400,2884,1
2026-08-23 10:07:33.933906,6239,4881,0,1
2026-08-23 10:07:33.933926,6330,5325,2701,1
2026-08-23 10:07:33.953374,6252,4316,0,1
2026-08-23 10:07:33.953394,6260,4887,937,1
2026-08-23 10:07:33.953414,6230,4619,0,1
2026-08-23 10:07:33.953434,6312,5268,2678,1
2026-08-23 10:07:33.953454,6240,4723,0,1
2026-08-23 10:07:33.953475,6287,5289,1772,1
2026-08-23 10:07:33.953495,6232,4830,0,1
2026-08-23 10:07:33.953515,6318,5430,2947,1
2026-08-23 10:07:33.953534,6234,4831,0,1
2026-08-23 10:07:33.953554,6325,5409,2544,1
2026-08-23 10:07:33.953574,6236,4834,0,1
2026-08-23 10:07:33.953594,6325,5400,2699,1
2026-08-23 10:07:33.953614,6261,4873,0,1
2026-08-23 10:07:33.970810,6334,4883,2607,1
2026-08-23 10:07:33.970830,6233,4495,0,1
2026-08-23 10:07:33.970850,6314,5084,2387,1
2026-08-23 10:07:33.970870,6224,4672,0,1
2026-08-23 10:07:33.970890,6323,5297,2888,1
2026-08-23 10:07:33.970910,6248,4767,0,1
2026-08-23 10:07:33.970930,6396,5399,2881,1
2026-08-23 10:07:33.970950,6232,4779,0,1
2026-08-23 10:07:33.970970,6322,5405,2819,1
2026-08-23 10:07:33.970990,6254,4859,0,1
2026-08-23 10:07:33.971010,6319,5411,2952,1
2026-08-23 10:07:33.971030,6211,4749,0,1
2026-08-23 10:07:33.988336,6256,4842,228,1
2026-08-23 10:07:33.988356,6236,4635,0,1
2026-08-23 10:07:33.988376,6331,5232,2846,1
2026-08-23 10:07:33.988396,6237,4745,0,1
2026-08-23 10:07:33.988416,6330,5368,2940,1
2026-08-23 10:07:33.988436,6220,4765,0,1
2026-08-23 10:07:33.988456,6321,5359,2789,1
2026-08-23 10:07:33.988476,6251,4856,0,1
2026-08-23 10:07:33.988496,6329,5430,2935,1
2026-08-23 10:07:33.988516,6220,4831,0,1
2026-08-23 10:07:33.988536,6164,5000,0,1
2026-08-23 10:07:33.988556,6251,4771,0,1
2026-08-23 10:07:34.004556,6353,4976,3032,1
2026-08-23 10:07:34.004576,6256,4532,0,1
2026-08-23 10:07:34.004596,6322,5133,2623,1
2026-08-23 10:07:34.004616,6295,4718,0,1
2026-08-23 10:07:34.004636,6163,4928,0,1
2026-08-23 10:07:34.004656,6211,4658,0,1
2026-08-23 10:07:34.004676,6368,5286,2823,1
2026-08-23 10:07:34.004696,6244,4776,0,1
2026-08-23 10:07:34.004716,6325,5360,2890,1
2026-08-23 10:07:34.004736,6227,4803,0,1
2026-08-23 10:07:34.004756,6342,5395,2974,1
2026-08-23 10:07:34.020534,6300,4306,0,1
2026-08-23 10:07:34.020554,6331,5031,2735,1
2026-08-23 10:07:34.020574,6234,4576,0,1
2026-08-23 10:07:34.020594,6334,5230,3115,1
2026-08-23 10:07:34.020614,6232,4620,0,1
2026-08-23 10:07:34.020634,6323,5292,2912,1
2026-08-23 10:07:34.020654,6227,4760,0,1
2026-08-23 10:07:34.020674,6215,5065,0,1
2026-08-23 10:07:34.020694,6244,4843,0,1
2026-08-23 10:07:34.020714,6321,5387,2633,1
2026-08-23 10:07:34.020734,6266,4858,0,1
2026-08-23 10:07:34.036943,6349,5030,2768,1
2026-08-23 10:07:34.036963,6232,4555,0,1
2026-08-23 10:07:34.036983,6313,5245,2691,1
2026-08-23 10:07:34.037003,6257,4751,4,1
2026-08-23 10:07:34.037023,6382,5357,3016,1
2026-08-23 10:07:34.037043,6220,4766,0,1
2026-08-23 10:07:34.037063,6333,5385,3338,1
2026-08-23 10:07:34.037083,6230,4752,0,1
2026-08-23 10:07:34.037103,6310,5325,2550,1
2026-08-23 10:07:34.037123,6248,4844,0,1
2026-08-23 10:07:34.037143,6328,5376,3000,1
2026-08-23 10:07:34.053122,6279,4323,0,1
2026-08-23 10:07:34.053142,6367,5028,2729,1
2026-08-23 10:07:34.053162,6266,4620,0,1
2026-08-23 10:07:34.053182,6341,5252,3165,1
2026-08-23 10:07:34.053202,6221,4685,0,1
2026-08-23 10:07:34.053222,6332,5354,3017,1
2026-08-23 10:07:34.053242,6259,4795,20,1
2026-08-23 10:07:34.053262,6334,5350,2833,1
2026-08-23 10:07:34.053282,6227,4824,0,1
2026-08-23 10:07:34.053302,6336,5402,2880,1
2026-08-23 10:07:34.053322,6255,4810,0,1
2026-08-23 10:07:34.070364,6345,4961,2629,1
2026-08-23 10:07:34.070384,6243,4560,0,1
2026-08-23 10:07:34.070404,6262,5054,788,1
2026-08-23 10:07:34.070424,6229,4746,0,1
2026-08-23 10:07:34.070444,6330,5330,2864,1
2026-08-23 10:07:34.070464,6254,4806,0,1
2026-08-23 10:07:34.070484,6325,5393,2902,1
2026-08-23 10:07:34.070504,6218,4829,0,1
2026-08-23 10:07:34.070524,6328,5386,2821,1
2026-08-23 10:07:34.070544,6252,4832,0,1
2026-08-23 10:07:34.070564,6336,5424,2943,1
2026-08-23 10:07:34.070584,6238,4806,0,1
2026-08-23 10:07:34.088220,6356,5084,3187,1
2026-08-23 10:07:34.088240,6223,4442,0,1
2026-08-23 10:07:34.088260,6324,5174,2814,1
2026-08-23 10:07:34.088280,6244,4711,0,1
2026-08-23 10:07:34.088300,6341,5306,2972,1
2026-08-23 10:07:34.088320,6225,4756,0,1
2026-08-23 10:07:34.088341,6324,5358,2756,1
2026-08-23 10:07:34.088360,6249,4810,0,1
2026-08-23 10:07:34.088380,6335,5378,2957,1
2026-08-23 10:07:34.088400,6228,4784,0,1
2026-08-23 10:07:34.088420,6198,5095,0,1
2026-08-23 10:07:34.088440,6255,4860,0,1
2026-08-23 10:07:34.108154,6369,4994,3061,1
2026-08-23 10:07:34.108174,6260,4566,0,1
2026-08-23 10:07:34.108194,6322,5180,2532,1
2026-08-23 10:07:34.108214,6232,4708,0,1
2026-08-23 10:07:34.108234,6312,5266,1949,1
2026-08-23 10:07:34.108254,6220,4760,0,1
2026-08-23 10:07:34.108274,6333,5363,2859,1
2026-08-23 10:07:34.108294,6255,4871,19,1
2026-08-23 10:07:34.108314,6339,5391,2770,1
2026-08-23 10:07:34.108334,6234,4865,0,1
2026-08-23 10:07:34.108354,6348,5444,2954,1
2026-08-23 10:07:34.108374,6245,4811,0,1
2026-08-23 10:07:34.108394,6342,5357,2875,1
2026-08-23 10:07:34.128136,6306,4317,0,1
2026-08-23 10:07:34.128156,6333,5006,2936,1
2026-08-23 10:07:34.128176,6244,4583,0,1
2026-08-23 10:07:34.128196,6332,5213,2820,1
2026-08-23 10:07:34.128216,6237,4680,0,1
2026-08-23 10:07:34.128236,6331,5309,2663,1
2026-08-23 10:07:34.128256,6256,4819,0,1
2026-08-23 10:07:34.128276,6336,5391,2921,1
2026-08-23 10:07:34.128296,6224,4811,0,1
2026-08-23 10:07:34.128316,6341,5410,2994,1
2026-08-23 10:07:34.128336,6253,4833,7,1
2026-08-23 10:07:34.128356,6317,5441,2804,1
2026-08-23 10:07:34.128376,6248,4813,0,1
2026-08-23 10:07:34.148082,6350,4875,2767,1
2026-08-23 10:07:34.148102,6227,4404,0,1
2026-08-23 10:07:34.148122,6331,5134,2944,1
2026-08-23 10:07:34.148142,6245,4568,0,1
2026-08-23 10:07:34.148162,6329,5249,2826,1
2026-08-23 10:07:34.148182,6235,4712,0,1
2026-08-23 10:07:34.148202,6317,5274,2287,1
2026-08-23 10:07:34.148222,6239,4762,0,1
2026-08-23 10:07:34.148242,6330,5354,2644,1
2026-08-23 10:07:34.148262,6248,4881,0,1
2026-08-23 10:07:34.148282,6337,5432,3153,1
2026-08-23 10:07:34.148302,6220,4781,0,1
2026-08-23 10:07:34.148322,6358,5401,3330,1
2026-08-23 10:07:34.167979,6254,4222,0,1
2026-08-23 10:07:34.167999,6344,4953,3114,1
2026-08-23 10:07:34.168019,6267,4557,0,1
2026-08-23 10:07:34.168039,6324,5170,2855,1
2026-08-23 10:07:34.168059,6237,4699,0,1
2026-08-23 10:07:34.168079,6317,5278,2844,1
2026-08-23 10:07:34.168099,6259,4767,0,1
2026-08-23 10:07:34.168119,6327,5354,3057,1
2026-08-23 10:07:34.168139,6224,4768,0,1
2026-08-23 10:07:34.168159,6346,5387,3243,1
2026-08-23 10:07:34.168179,6255,4788,0,1
2026-08-23 10:07:34.168199,6330,5380,2573,1
2026-08-23 10:07:34.168219,6244,4792,0,1
2026-08-23 10:07:34.187828,6349,4830,2667,1
2026-08-23 10:07:34.187848,6235,4435,0,1
2026-08-23 10:07:34.187868,6200,4842,0,1
2026-08-23 10:07:34.187888,6222,4674,0,1
2026-08-23 10:07:34.187908,6345,5293,2846,1
2026-08-23 10:07:34.187928,6251,4801,0,1
2026-08-23 10:07:34.187948,6330,5372,3124,1
2026-08-23 10:07:34.187968,6236,4777,0,1
2026-08-23 10:07:34.187988,6326,5364,2697,1
2026-08-23 10:07:34.188008,6264,4850,10,1
2026-08-23 10:07:34.188028,6337,5462,3136,1
2026-08-23 10:07:34.188048,6224,4811,0,1
2026-08-23 10:07:34.188068,6349,5426,3332,1
2026-08-23 10:07:34.207605,6261,4251,0,1
2026-08-23 10:07:34.207625,6348,5002,3026,1
2026-08-23 10:07:34.207645,6260,4563,0,1
2026-08-23 10:07:34.207665,6338,5185,3002,1
2026-08-23 10:07:34.207685,6246,4650,0,1
2026-08-23 10:07:34.207705,6334,5273,2732,1
2026-08-23 10:07:34.207725,6262,4786,7,1
2026-08-23 10:07:34.207745,6338,5418,3256,1
2026-08-23 10:07:34.207765,6226,4787,0,1
2026-08-23 10:07:34.207785,6335,5405,3046,1
2026-08-23 10:07:34.207805,6261,4813,13,1
2026-08-23 10:07:34.207825,6335,5398,2799,1
2026-08-23 10:07:34.207845,6240,4824,0,1
2026-08-23 10:07:34.227663,6359,4853,2809,1
2026-08-23 10:07:34.227683,6235,4406,0,1
2026-08-23 10:07:34.227703,6335,5153,2908,1
2026-08-23 10:07:34.227723,6243,4584,0,1
2026-08-23 10:07:34.227743,6337,5268,2851,1
2026-08-23 10:07:34.227763,6230,4748,0,1
2026-08-23 10:07:34.227783,6276,5201,1148,1
2026-08-23 10:07:34.227803,6247,4833,0,1
2026-08-23 10:07:34.227823,6329,5372,2612,1
2026-08-23 10:07:34.227843,6257,4896,0,1
2026-08-23 10:07:34.227863,6345,5463,3212,1
2026-08-23 10:07:34.227883,6229,4789,0,1
2026-08-23 10:07:34.227903,6342,5427,3158,1
2026-08-23 10:07:34.247402,6268,4276,0,1
2026-08-23 10:07:34.247422,6338,5015,2986,1
2026-08-23 10:07:34.247442,6260,4542,0,1
2026-08-23 10:07:34.247462,6334,5175,3015,1
2026-08-23 10:07:34.247482,6244,4666,0,1
2026-08-23 10:07:34.247502,6331,5313,2766,1
2026-08-23 10:07:34.247522,6258,4806,12,1
2026-08-23 10:07:34.247542,6334,5428,3242,1
2026-08-23 10:07:34.247562,6230,4758,0,1
2026-08-23 10:07:34.247582,6337,5413,3058,1
2026-08-23 10:07:34.247602,6270,4823,12,1
2026-08-23 10:07:34.247622,6334,5396,2789,1
2026-08-23 10:07:34.247642,6247,4810,0,1
2026-08-23 10:07:34.267391,6346,4830,2731,1
2026-08-23 10:07:34.267411,6232,4430,0,1
2026-08-23 10:07:34.267431,6335,5128,2943,1
2026-08-23 10:07:34.267452,6246,4583,0,1
2026-08-23 10:07:34.267472,6337,5270,2867,1
2026-08-23 10:07:34.267492,6230,4701,0,1
2026-08-23 10:07:34.267512,6327,5294,2352,1
2026-08-23 10:07:34.267532,6193,4789,0,1
2026-08-23 10:07:34.267551,6316,5383,2617,1
2026-08-23 10:07:34.267571,6255,4843,0,1
2026-08-23 10:07:34.267591,6342,5397,2971,1
2026-08-23 10:07:34.267612,6234,4787,0,1
2026-08-23 10:07:34.267632,6346,5387,3113,1
2026-08-23 10:07:34.286438,6267,4277,0,1
2026-08-23 10:07:34.286458,6401,5030,2991,1
2026-08-23 10:07:34.286478,6259,4568,0,1
2026-08-23 10:07:34.286498,6338,5242,3096,1
2026-08-23 10:07:34.286518,6162,4684,0,1
2026-08-23 10:07:34.286538,6332,5264,2724,1
2026-08-23 10:07:34.286558,6261,4785,0,1
2026-08-23 10:07:34.286578,6347,5366,3156,1
2026-08-23 10:07:34.286598,6233,4788,0,1
2026-08-23 10:07:34.286618,6340,5367,2982,1
2026-08-23 10:07:34.286638,6263,4825,0,1
2026-08-23 10:07:34.286658,6339,5370,2853,1
2026-08-23 10:07:34.286678,6243,4795,0,1
2026-08-23 10:07:34.305758,6202,4619,0,1
2026-08-23 10:07:34.305779,6250,4514,0,1
2026-08-23 10:07:34.305799,6328,5187,2581,1
2026-08-23 10:07:34.305819,6251,4728,0,1
2026-08-23 10:07:34.305839,6304,5233,2191,1
2026-08-23 10:07:34.305859,6235,4798,0,1
2026-08-23 10:07:34.305879,6338,5393,2858,1
2026-08-23 10:07:34.305899,6258,4867,0,1
2026-08-23 10:07:34.305918,6337,5424,2855,1
2026-08-23 10:07:34.305938,6235,4826,0,1
2026-08-23 10:07:34.305959,6333,5435,2856,1
2026-08-23 10:07:34.305979,6264,4865,0,1
2026-08-23 10:07:34.305999,6417,5358,2928,1
2026-08-23 10:07:34.324086,6294,4381,0,1
2026-08-23 10:07:34.324106,6352,5154,3214,1
2026-08-23 10:07:34.324126,6239,4554,0,1
2026-08-23 10:07:34.324146,6344,5272,3093,1
2026-08-23 10:07:34.324166,6250,4684,0,1
2026-08-23 10:07:34.324186,6335,5276,2736,1
2026-08-23 10:07:34.324206,6240,4755,0,1
2026-08-23 10:07:34.324226,6339,5368,3008,1
2026-08-23 10:07:34.324246,6251,4779,0,1
2026-08-23 10:07:34.324266,6342,5398,2925,1
2026-08-23 10:07:34.324286,6231,4766,0,1
2026-08-23 10:07:34.324306,6321,5324,2227,1
2026-08-23 10:07:34.343997,6270,4299,0,1
2026-08-23 10:07:34.344018,6343,5025,3035,1
2026-08-23 10:07:34.344038,6262,4582,0,1
2026-08-23 10:07:34.344058,6341,5262,2971,1
2026-08-23 10:07:34.344078,6246,4723,0,1
2026-08-23 10:07:34.344098,6336,5299,2755,1
2026-08-23 10:07:34.344118,6264,4836,15,1
2026-08-23 10:07:34.344138,6349,5392,3238,1
2026-08-23 10:07:34.344157,6241,4811,0,1
2026-08-23 10:07:34.344177,6343,5387,3051,1
2026-08-23 10:07:34.344198,6262,4827,15,1
2026-08-23 10:07:34.344218,6370,5378,2818,1
2026-08-23 10:07:34.344238,6249,4794,0,1
2026-08-23 10:07:34.363962,6357,4814,2788,1
2026-08-23 10:07:34.363982,6236,4400,0,1
2026-08-23 10:07:34.364002,6340,5148,2877,1
2026-08-23 10:07:34.364022,6257,4587,0,1
2026-08-23 10:07:34.364043,6345,5243,2898,1
2026-08-23 10:07:34.364063,6232,4701,0,1
2026-08-23 10:07:34.364083,6314,5251,1551,1
2026-08-23 10:07:34.364103,6250,4843,0,1
2026-08-23 10:07:34.364122,6335,5406,2592,1
2026-08-23 10:07:34.364142,6256,4860,0,1
2026-08-23 10:07:34.364162,6339,5394,2608,1
2026-08-23 10:07:34.364182,6241,4814,0,1
2026-08-23 10:07:34.364202,6331,5418,3044,1
2026-08-23 10:07:34.383742,6279,4296,0,1
2026-08-23 10:07:34.383762,6334,5017,2969,1
2026-08-23 10:07:34.383782,6242,4586,0,1
2026-08-23 10:07:34.383802,6332,5273,3212,1
2026-08-23 10:07:34.383822,6238,4700,0,1
2026-08-23 10:07:34.383842,6333,5300,2689,1
2026-08-23 10:07:34.383862,6255,4804,0,1
2026-08-23 10:07:34.383882,6329,5312,2450,1
2026-08-23 10:07:34.383902,6246,4792,0,1
2026-08-23 10:07:34.383922,6339,5407,2679,1
2026-08-23 10:07:34.383942,6257,4880,0,1
2026-08-23 10:07:34.383962,6358,5408,2946,1
2026-08-23 10:07:34.383982,6251,4801,0,1
2026-08-23 10:07:34.403711,6344,4837,2389,1
2026-08-23 10:07:34.403731,6256,4435,0,1
2026-08-23 10:07:34.403751,6346,5127,2622,1
2026-08-23 10:07:34.403771,6264,4719,0,1
2026-08-23 10:07:34.403791,6348,5331,3201,1
2026-08-23 10:07:34.403811,6221,4703,0,1
2026-08-23 10:07:34.403831,6345,5336,3102,1
2026-08-23 10:07:34.403851,6264,4775,0,1
2026-08-23 10:07:34.403871,6331,5342,2643,1
2026-08-23 10:07:34.403891,6245,4811,0,1
2026-08-23 10:07:34.403911,6193,5132,0,1
2026-08-23 10:07:34.403931,6244,4827,0,1
2026-08-23 10:07:34.403951,6359,5408,2928,1
2026-08-23 10:07:34.423500,6305,4364,0,1
2026-08-23 10:07:34.423520,6348,5069,2962,1
2026-08-23 10:07:34.423540,6231,4580,0,1
2026-08-23 10:07:34.423560,6183,4889,0,1
2026-08-23 10:07:34.423580,6252,4758,0,1
2026-08-23 10:07:34.423600,6331,5291,2650,1
2026-08-23 10:07:34.423620,6253,4833,0,1
2026-08-23 10:07:34.423640,6295,5288,1750,1
2026-08-23 10:07:34.423660,6249,4876,0,1
2026-08-23 10:07:34.423680,6340,5432,2925,1
2026-08-23 10:07:34.423700,6254,4856,0,1
2026-08-23 10:07:34.423720,6344,5438,3024,1
2026-08-23 10:07:34.423740,6390,4799,0,1
2026-08-23 10:07:34.443267,6222,4484,0,1
2026-08-23 10:07:34.443287,6255,4380,0,1
2026-08-23 10:07:34.443307,6298,5055,2538,1
2026-08-23 10:07:34.443327,6263,4669,0,1
2026-08-23 10:07:34.443347,6349,5312,3134,1
2026-08-23 10:07:34.443367,6236,4722,0,1
2026-08-23 10:07:34.443387,6338,5346,2949,1
2026-08-23 10:07:34.443407,6266,4836,14,1
2026-08-23 10:07:34.443427,6335,5389,2758,1
2026-08-23 10:07:34.443447,6237,4831,0,1
2026-08-23 10:07:34.443467,6344,5399,2974,1
2026-08-23 10:07:34.443487,6267,4817,0,1
2026-08-23 10:07:34.443507,6347,5385,2881,1
2026-08-23 10:07:34.463155,6307,4350,0,1
2026-08-23 10:07:34.463175,6349,5066,3024,1
2026-08-23 10:07:34.463195,6239,4548,0,1
2026-08-23 10:07:34.463215,6349,5246,3311,1
2026-08-23 10:07:34.463235,6254,4704,0,1
2026-08-23 10:07:34.463255,6335,5293,2686,1
2026-08-23 10:07:34.463275,6240,4796,0,1
2026-08-23 10:07:34.463295,6344,5416,3176,1
2026-08-23 10:07:34.463315,6249,4717,0,1
2026-08-23 10:07:34.463335,6343,5325,2903,1
2026-08-23 10:07:34.463355,6248,4781,0,1
2026-08-23 10:07:34.463375,6315,5306,2107,1
2026-08-23 10:07:34.463395,6254,4771,0,1
2026-08-23 10:07:34.483032,6318,4782,1661,1
2026-08-23 10:07:34.483052,6259,4480,0,1
2026-08-23 10:07:34.483073,6336,5155,2585,1
2026-08-23 10:07:34.483093,6275,4717,0,1
2026-08-23 10:07:34.483113,6352,5345,3056,1
2026-08-23 10:07:34.483133,6232,4734,0,1
2026-08-23 10:07:34.483153,6340,5373,3041,1
2026-08-23 10:07:34.483173,6275,4802,0,1
2026-08-23 10:07:34.483192,6332,5377,2641,1
2026-08-23 10:07:34.483212,6231,4816,0,1
2026-08-23 10:07:34.483232,6192,5103,0,1
2026-08-23 10:07:34.483253,6253,4850,0,1
2026-08-23 10:07:34.483273,6352,5411,2912,1
2026-08-23 10:07:34.502893,6295,4320,0,1
2026-08-23 10:07:34.502913,6356,5023,2931,1
2026-08-23 10:07:34.502933,6248,4547,0,1
2026-08-23 10:07:34.502953,6290,5091,1111,1
2026-08-23 10:07:34.502973,6268,4770,0,1
2026-08-23 10:07:34.502993,6334,5333,2619,1
2026-08-23 10:07:34.503013,6274,4854,0,1
2026-08-23 10:07:34.503033,6346,5411,2787,1
2026-08-23 10:07:34.503053,6244,4796,0,1
2026-08-23 10:07:34.503073,6344,5434,2926,1
2026-08-23 10:07:34.503093,6263,4870,0,1
2026-08-23 10:07:34.503113,6354,5416,3040,1
2026-08-23 10:07:34.503133,6237,4836,0,1
2026-08-23 10:07:34.522933,6354,4818,2415,1
2026-08-23 10:07:34.522953,6244,4465,0,1
2026-08-23 10:07:34.522973,6327,5150,2651,1
2026-08-23 10:07:34.522993,6276,4713,208,1
2026-08-23 10:07:34.523013,6344,5294,3044,1
2026-08-23 10:07:34.523033,6233,4703,0,1
2026-08-23 10:07:34.523053,6348,5354,3250,1
2026-08-23 10:07:34.523073,6259,4787,0,1
2026-08-23 10:07:34.523093,6331,5332,2697,1
2026-08-23 10:07:34.523113,6243,4815,0,1
2026-08-23 10:07:34.523133,6277,5280,833,1
2026-08-23 10:07:34.523153,6249,4883,0,1
2026-08-23 10:07:34.523173,6352,5448,2949,1
2026-08-23 10:07:34.542777,6294,4311,0,1
2026-08-23 10:07:34.542797,6364,5065,2958,1
2026-08-23 10:07:34.542817,6267,4594,0,1
2026-08-23 10:07:34.542837,6344,5221,2838,1
2026-08-23 10:07:34.542857,6261,4685,0,1
2026-08-23 10:07:34.542877,6343,5291,2677,1
2026-08-23 10:07:34.542897,6259,4836,0,1
2026-08-23 10:07:34.542917,6329,5364,2340,1
2026-08-23 10:07:34.542937,6244,4850,0,1
2026-08-23 10:07:34.542957,6337,5408,2928,1
2026-08-23 10:07:34.542977,6260,4859,0,1
2026-08-23 10:07:34.542997,6353,5441,2954,1
2026-08-23 10:07:34.543017,6266,4826,0,1
2026-08-23 10:07:34.562924,6358,4847,2699,1
2026-08-23 10:07:34.562944,6246,4419,0,1
2026-08-23 10:07:34.562964,6409,5147,2642,1
2026-08-23 10:07:34.562984,6273,4720,0,1
2026-08-23 10:07:34.563004,6359,5304,3141,1
2026-08-23 10:07:34.563024,6226,4703,0,1
2026-08-23 10:07:34.563044,6351,5391,3155,1
2026-08-23 10:07:34.563064,6251,4771,0,1
2026-08-23 10:07:34.563084,6335,5374,2614,1
2026-08-23 10:07:34.563104,6242,4855,0,1
2026-08-23 10:07:34.563124,6260,5255,560,1
2026-08-23 10:07:34.563144,6257,4869,0,1
2026-08-23 10:07:34.563164,6354,5415,2942,1
2026-08-23 10:07:34.582812,6302,4328,0,1
2026-08-23 10:07:34.582832,6357,5068,2939,1
2026-08-23 10:07:34.582852,6244,4589,0,1
2026-08-23 10:07:34.582872,6302,5198,1963,1
2026-08-23 10:07:34.582892,6260,4733,0,1
2026-08-23 10:07:34.582912,6340,5357,2659,1
2026-08-23 10:07:34.582932,6264,4846,0,1
2026-08-23 10:07:34.582952,6349,5381,2875,1
2026-08-23 10:07:34.582972,6253,4833,0,1
2026-08-23 10:07:34.582992,6349,5419,2935,1
2026-08-23 10:07:34.583012,6262,4848,0,1
2026-08-23 10:07:34.583032,6354,5423,3058,1
2026-08-23 10:07:34.583052,6265,4818,0,1
2026-08-23 10:07:34.602520,6339,4819,2072,1
2026-08-23 10:07:34.602540,6256,4466,0,1
2026-08-23 10:07:34.602561,6334,5150,2628,1
2026-08-23 10:07:34.602581,6284,4674,17,1
2026-08-23 10:07:34.602601,6352,5289,3150,1
2026-08-23 10:07:34.602621,6221,4729,0,1
2026-08-23 10:07:34.602641,6349,5365,3121,1
2026-08-23 10:07:34.602661,6266,4762,0,1
2026-08-23 10:07:34.602680,6338,5321,2620,1
2026-08-23 10:07:34.602700,6254,4823,0,1
2026-08-23 10:07:34.602720,6222,5062,0,1
2026-08-23 10:07:34.602741,6243,4774,0,1
2026-08-23 10:07:34.602761,6356,5370,2907,1
2026-08-23 10:07:34.622153,6314,4287,0,1
2026-08-23 10:07:34.622173,6371,5010,2979,1
2026-08-23 10:07:34.622193,6246,4529,0,1
2026-08-23 10:07:34.622213,6268,5029,537,1
2026-08-23 10:07:34.622233,6264,4779,0,1
2026-08-23 10:07:34.622253,6350,5358,2670,1
2026-08-23 10:07:34.622273,6269,4882,0,1
2026-08-23 10:07:34.622293,6194,5148,0,1
2026-08-23 10:07:34.622313,6258,4845,0,1
2026-08-23 10:07:34.622333,6347,5424,2916,1
2026-08-23 10:07:34.622353,6272,4852,0,1
2026-08-23 10:07:34.622373,6333,5383,2496,1
2026-08-23 10:07:34.622393,6264,4851,0,1
2026-08-23 10:07:34.642157,6251,4626,0,1
2026-08-23 10:07:34.642177,6263,4502,0,1
2026-08-23 10:07:34.642197,6339,5151,2543,1
2026-08-23 10:07:34.642217,6263,4729,0,1
2026-08-23 10:07:34.642237,6335,5269,2486,1
2026-08-23 10:07:34.642257,6246,4748,0,1
2026-08-23 10:07:34.642277,6344,5408,2928,1
2026-08-23 10:07:34.642298,6274,4858,30,1
2026-08-23 10:07:34.642317,6346,5390,2789,1
2026-08-23 10:07:34.642337,6247,4844,0,1
2026-08-23 10:07:34.642357,6345,5403,2915,1
2026-08-23 10:07:34.642377,6261,4827,0,1
2026-08-23 10:07:34.642397,6360,5388,2886,1
2026-08-23 10:07:34.661882,6307,4352,0,1
2026-08-23 10:07:34.661902,6361,5032,3005,1
2026-08-23 10:07:34.661922,6239,4532,0,1
2026-08-23 10:07:34.661942,6366,5284,3369,1
2026-08-23 10:07:34.661962,6254,4694,0,1
2026-08-23 10:07:34.661982,6323,5309,2648,1
2026-08-23 10:07:34.662002,6260,4772,0,1
2026-08-23 10:07:34.662022,6270,5172,449,1
2026-08-23 10:07:34.662042,6271,4872,0,1
2026-08-23 10:07:34.662062,6356,5453,3055,1
2026-08-23 10:07:34.662082,6248,4872,0,1
2026-08-23 10:07:34.662102,6358,5449,2951,1
2026-08-23 10:07:34.662122,6263,4822,0,1
2026-08-23 10:07:34.681797,6307,4750,1039,1
2026-08-23 10:07:34.681817,6254,4506,0,1
2026-08-23 10:07:34.681837,6368,5196,2580,1
2026-08-23 10:07:34.681857,6280,4750,0,1
2026-08-23 10:07:34.681877,6354,5326,3180,1
2026-08-23 10:07:34.681897,6225,4738,0,1
2026-08-23 10:07:34.681917,6356,5374,3125,1
2026-08-23 10:07:34.681937,6277,4796,0,1
2026-08-23 10:07:34.681957,6331,5383,2624,1
2026-08-23 10:07:34.681977,6253,4817,0,1
2026-08-23 10:07:34.681997,6214,5107,0,1
2026-08-23 10:07:34.682017,6250,4843,0,1
2026-08-23 10:07:34.682037,6354,5426,2913,1
2026-08-23 10:07:34.701512,6308,4331,0,1
2026-08-23 10:07:34.701532,6363,5045,2925,1
2026-08-23 10:07:34.701552,6256,4564,0,1
2026-08-23 10:07:34.701572,6344,5220,2608,1
2026-08-23 10:07:34.701592,6254,4725,0,1
2026-08-23 10:07:34.701612,6334,5313,2658,1
2026-08-23 10:07:34.701632,6270,4856,0,1
2026-08-23 10:07:34.701652,6330,5321,2315,1
2026-08-23 10:07:34.701672,6244,4860,0,1
2026-08-23 10:07:34.701692,6354,5422,2909,1
2026-08-23 10:07:34.701712,6267,4862,0,1
2026-08-23 10:07:34.701732,6348,5435,3002,1
2026-08-23 10:07:34.701752,6250,4809,0,1
2026-08-23 10:07:34.721629,6364,4872,2845,1
2026-08-23 10:07:34.721649,6256,4418,0,1
2026-08-23 10:07:34.721669,6351,5135,2685,1
2026-08-23 10:07:34.721689,6276,4735,3,1
2026-08-23 10:07:34.721709,6356,5332,2968,1
2026-08-23 10:07:34.721729,6240,4713,0,1
2026-08-23 10:07:34.721749,6360,5371,3365,1
2026-08-23 10:07:34.721769,6250,4767,0,1
2026-08-23 10:07:34.721789,6344,5328,2573,1
2026-08-23 10:07:34.721809,6258,4911,0,1
2026-08-23 10:07:34.721829,6350,5425,2887,1
2026-08-23 10:07:34.721849,6254,4815,0,1
2026-08-23 10:07:34.721869,6367,5412,3094,1
2026-08-23 10:07:34.740633,6291,4256,0,1
2026-08-23 10:07:34.740654,6356,4988,2927,1
2026-08-23 10:07:34.740674,6278,4572,0,1
2026-08-23 10:07:34.740694,6352,5221,3047,1
2026-08-23 10:07:34.740714,6263,4716,0,1
2026-08-23 10:07:34.740734,6347,5295,2700,1
2026-08-23 10:07:34.740754,6269,4817,12,1
2026-08-23 10:07:34.740774,6358,5429,3221,1
2026-08-23 10:07:34.740793,6243,4804,0,1
2026-08-23 10:07:34.740813,6354,5389,3055,1
2026-08-23 10:07:34.740834,6270,4863,4,1
2026-08-23 10:07:34.740854,6348,5417,2733,1
2026-08-23 10:07:34.740874,6274,4820,0,1
2026-08-23 10:07:34.760266,6351,4937,2250,1
2026-08-23 10:07:34.760286,6251,4489,0,1
2026-08-23 10:07:34.760306,6345,5164,2641,1
2026-08-23 10:07:34.760326,6269,4712,14,1
2026-08-23 10:07:34.760346,6359,5372,3056,1
2026-08-23 10:07:34.760366,6245,4795,0,1
2026-08-23 10:07:34.760386,6354,5409,3260,1
2026-08-23 10:07:34.760406,6263,4793,0,1
2026-08-23 10:07:34.760426,6346,5382,2597,1
2026-08-23 10:07:34.760446,6259,4848,0,1
2026-08-23 10:07:34.760466,6286,5259,785,1
2026-08-23 10:07:34.760486,6265,4858,0,1
2026-08-23 10:07:34.760506,6374,5431,3200,1
2026-08-23 10:07:34.780072,6314,4398,0,1
2026-08-23 10:07:34.780092,6363,5099,2969,1
2026-08-23 10:07:34.780113,6252,4630,0,1
2026-08-23 10:07:34.780133,6304,5092,1216,1
2026-08-23 10:07:34.780153,6278,4795,0,1
2026-08-23 10:07:34.780173,6345,5359,2656,1
2026-08-23 10:07:34.780193,6255,4827,0,1
2026-08-23 10:07:34.780213,6271,5229,426,1
2026-08-23 10:07:34.780232,6266,4920,0,1
2026-08-23 10:07:34.780252,6356,5453,2911,1
2026-08-23 10:07:34.780272,6259,4888,0,1
2026-08-23 10:07:34.780293,6352,5461,2848,1
2026-08-23 10:07:34.780313,6267,4824,0,1
2026-08-23 10:07:34.800086,6346,4860,2431,1
2026-08-23 10:07:34.800107,6277,4479,0,1
2026-08-23 10:07:34.800127,6347,5143,2606,1
2026-08-23 10:07:34.800147,6284,4734,6,1
2026-08-23 10:07:34.800167,6352,5294,3129,1
2026-08-23 10:07:34.800187,6230,4715,0,1
2026-08-23 10:07:34.800207,6371,5356,3164,1
2026-08-23 10:07:34.800227,6269,4781,0,1
2026-08-23 10:07:34.800246,6341,5381,2587,1
2026-08-23 10:07:34.800267,6252,4846,0,1
2026-08-23 10:07:34.800287,6326,5330,1897,1
2026-08-23 10:07:34.800307,6256,4836,0,1
2026-08-23 10:07:34.800327,6360,5439,2949,1
2026-08-23 10:07:34.820061,6304,4354,0,1
2026-08-23 10:07:34.820081,6360,5073,2926,1
2026-08-23 10:07:34.820101,6262,4637,0,1
2026-08-23 10:07:34.820121,6358,5223,2808,1
2026-08-23 10:07:34.820141,6253,4737,0,1
2026-08-23 10:07:34.820161,6343,5334,2644,1
2026-08-23 10:07:34.820181,6278,4830,0,1
2026-08-23 10:07:34.820201,6367,5415,3280,1
2026-08-23 10:07:34.820221,6245,4812,0,1
2026-08-23 10:07:34.820241,6355,5429,2983,1
2026-08-23 10:07:34.820261,6276,4833,10,1
2026-08-23 10:07:34.820281,6354,5389,2831,1
2026-08-23 10:07:34.820301,6268,4787,0,1
2026-08-23 10:07:34.840134,6331,4844,2743,1
2026-08-23 10:07:34.840154,6244,4446,0,1
2026-08-23 10:07:34.840174,6354,5139,2923,1
2026-08-23 10:07:34.840194,6258,4637,0,1
2026-08-23 10:07:34.840214,6356,5257,2828,1
2026-08-23 10:07:34.840234,6251,4722,0,1
2026-08-23 10:07:34.840254,6356,5307,2804,1
2026-08-23 10:07:34.840274,6255,4796,0,1
2026-08-23 10:07:34.840294,6344,5380,2625,1
2026-08-23 10:07:34.840314,6273,4878,0,1
2026-08-23 10:07:34.840334,6351,5460,3183,1
2026-08-23 10:07:34.840354,6236,4774,0,1
2026-08-23 10:07:34.840374,6375,5433,3333,1
2026-08-23 10:07:34.858353,6278,4220,0,1
2026-08-23 10:07:34.858373,6361,5000,3111,1
2026-08-23 10:07:34.858393,6277,4520,18,1
2026-08-23 10:07:34.858413,6354,5200,2875,1
2026-08-23 10:07:34.858433,6248,4660,0,1
2026-08-23 10:07:34.858453,6351,5295,2808,1
2026-08-23 10:07:34.858473,6277,4774,5,1
2026-08-23 10:07:34.858493,6361,5368,3109,1
2026-08-23 10:07:34.858513,6245,4805,0,1
2026-08-23 10:07:34.858533,6352,5420,3196,1
2026-08-23 10:07:34.858553,6278,4805,0,1
2026-08-23 10:07:34.858573,6295,5375,2656,1
2026-08-23 10:07:34.877819,6289,4337,0,1
2026-08-23 10:07:34.877839,6357,5038,2838,1
2026-08-23 10:07:34.877859,6271,4547,0,1
2026-08-23 10:07:34.877879,6345,5243,2694,1
2026-08-23 10:07:34.877899,6271,4724,0,1
2026-08-23 10:07:34.877919,6250,5105,125,1
2026-08-23 10:07:34.877939,6276,4849,0,1
2026-08-23 10:07:34.877959,6353,5455,2940,1
2026-08-23 10:07:34.877979,6264,4883,0,1
2026-08-23 10:07:34.877999,6316,5344,1600,1
2026-08-23 10:07:34.878019,6268,4906,0,1
2026-08-23 10:07:34.878039,6351,5480,2676,1
2026-08-23 10:07:34.878059,6281,4922,0,1
2026-08-23 10:07:34.897785,6381,4962,2694,1
2026-08-23 10:07:34.897805,6262,4538,0,1
2026-08-23 10:07:34.897825,6356,5232,3196,1
2026-08-23 10:07:34.897846,6245,4559,0,1
2026-08-23 10:07:34.897866,6357,5261,2847,1
2026-08-23 10:07:34.897886,6272,4720,0,1
2026-08-23 10:07:34.897906,6360,5324,2762,1
2026-08-23 10:07:34.897926,6252,4801,0,1
2026-08-23 10:07:34.897945,6353,5366,2644,1
2026-08-23 10:07:34.897965,6279,4896,5,1
2026-08-23 10:07:34.897985,6365,5458,3276,1
2026-08-23 10:07:34.898005,6249,4822,0,1
2026-08-23 10:07:34.898026,6373,5402,3272,1
2026-08-23 10:07:34.917774,6287,4263,0,1
2026-08-23 10:07:34.917794,6363,5029,3019,1
2026-08-23 10:07:34.917814,6279,4547,0,1
2026-08-23 10:07:34.917835,6354,5260,3052,1
2026-08-23 10:07:34.917855,6256,4674,0,1
2026-08-23 10:07:34.917875,6355,5322,2720,1
2026-08-23 10:07:34.917895,6281,4828,0,1
2026-08-23 10:07:34.917915,6363,5402,3317,1
2026-08-23 10:07:34.917934,6252,4795,0,1
2026-08-23 10:07:34.917954,6355,5396,3008,1
2026-08-23 10:07:34.917974,6278,4875,41,1
2026-08-23 10:07:34.917994,6355,5422,2869,1
2026-08-23 10:07:34.918015,6272,4830,0,1
2026-08-23 10:07:34.937826,6388,4884,2811,1
2026-08-23 10:07:34.937846,6252,4435,0,1
2026-08-23 10:07:34.937866,6358,5092,2791,1
2026-08-23 10:07:34.937886,6273,4640,0,1
2026-08-23 10:07:34.937906,6355,5259,2919,1
2026-08-23 10:07:34.937926,6251,4732,0,1
2026-08-23 10:07:34.937946,6300,5177,1007,1
2026-08-23 10:07:34.937966,6283,4868,0,1
2026-08-23 10:07:34.937986,6351,5417,2604,1
2026-08-23 10:07:34.938006,6273,4869,0,1
2026-08-23 10:07:34.938026,6431,5449,2527,1
2026-08-23 10:07:34.938046,6257,4869,0,1
2026-08-23 10:07:34.938066,6378,5448,3058,1
2026-08-23 10:07:34.957834,6307,4302,0,1
2026-08-23 10:07:34.957855,6366,5029,2969,1
2026-08-23 10:07:34.957875,6273,4577,0,1
2026-08-23 10:07:34.957895,6359,5284,3197,1
2026-08-23 10:07:34.957915,6259,4679,0,1
2026-08-23 10:07:34.957935,6348,5317,2687,1
2026-08-23 10:07:34.957955,6279,4792,0,1
2026-08-23 10:07:34.957975,6366,5373,2927,1
2026-08-23 10:07:34.957994,6260,4800,0,1
2026-08-23 10:07:34.958014,6363,5396,3007,1
2026-08-23 10:07:34.958035,6276,4889,0,1
2026-08-23 10:07:34.958055,6362,5421,2960,1
2026-08-23 10:07:34.958075,6263,4822,0,1
2026-08-23 10:07:34.977878,6378,4891,2884,1
2026-08-23 10:07:34.977898,6261,4433,0,1
2026-08-23 10:07:34.977918,6353,5148,2710,1
2026-08-23 10:07:34.977938,6276,4700,22,1
2026-08-23 10:07:34.977958,6359,5287,2998,1
2026-08-23 10:07:34.977978,6239,4706,0,1
2026-08-23 10:07:34.977998,6366,5379,3330,1
2026-08-23 10:07:34.978018,6266,4776,0,1
2026-08-23 10:07:34.978038,6339,5352,2587,1
2026-08-23 10:07:34.978058,6270,4814,0,1
2026-08-23 10:07:34.978078,6358,5374,2662,1
2026-08-23 10:07:34.978098,6256,4797,0,1
2026-08-23 10:07:34.978118,6369,5424,3032,1
2026-08-23 10:07:34.997078,6304,4289,0,1
2026-08-23 10:07:34.997098,6365,5044,2954,1
2026-08-23 10:07:34.997118,6274,4587,0,1
2026-08-23 10:07:34.997138,6359,5200,2859,1
2026-08-23 10:07:34.997158,6266,4715,0,1
2026-08-23 10:07:34.997178,6345,5331,2675,1
2026-08-23 10:07:34.997198,6286,4798,0,1
2026-08-23 10:07:34.997218,6371,5441,3304,1
2026-08-23 10:07:34.997238,6263,4798,0,1
2026-08-23 10:07:34.997258,6368,5375,2986,1
2026-08-23 10:07:34.997278,6280,4851,0,1
2026-08-23 10:07:34.997298,6360,5444,2867,1
2026-08-23 10:07:34.997318,6126,4824,0,1
2026-08-23 10:07:35.016325,6450,4961,1144,1
2026-08-23 10:07:35.016346,6269,4488,0,1
2026-08-23 10:07:35.016366,6363,5193,2541,1
2026-08-23 10:07:35.016386,6281,4710,0,1
2026-08-23 10:07:35.016406,6364,5331,3124,1
2026-08-23 10:07:35.016426,6239,4727,0,1
2026-08-23 10:07:35.016446,6371,5389,2946,1
2026-08-23 10:07:35.016466,6286,4827,0,1
2026-08-23 10:07:35.016485,6360,5385,2756,1
2026-08-23 10:07:35.016505,6266,4855,0,1
2026-08-23 10:07:35.016526,6367,5442,2936,1
2026-08-23 10:07:35.016546,6269,4812,0,1
2026-08-23 10:07:35.016566,6371,5344,2760,1
2026-08-23 10:07:35.035981,6331,4414,0,1
2026-08-23 10:07:35.036001,6370,5048,2892,1
2026-08-23 10:07:35.036021,6253,4584,0,1
2026-08-23 10:07:35.036041,6225,4926,0,1
2026-08-23 10:07:35.036061,6273,4763,0,1
2026-08-23 10:07:35.036081,6357,5339,2628,1
2026-08-23 10:07:35.036101,6271,4862,0,1
2026-08-23 10:07:35.036121,6219,5250,371,1
2026-08-23 10:07:35.036141,6264,4888,0,1
2026-08-23 10:07:35.036161,6364,5460,2887,1
2026-08-23 10:07:35.036181,6345,4924,0,1
2026-08-23 10:07:35.036201,6370,5482,2909,1
2026-08-23 10:07:35.036221,6274,4822,0,1
2026-08-23 10:07:35.055943,6367,4897,2404,1
2026-08-23 10:07:35.055964,6275,4494,0,1
2026-08-23 10:07:35.055984,6346,5158,2598,1
2026-08-23 10:07:35.056004,6276,4730,3,1
2026-08-23 10:07:35.056024,6367,5323,3136,1
2026-08-23 10:07:35.056044,6256,4741,0,1
2026-08-23 10:07:35.056064,6378,5384,3196,1
2026-08-23 10:07:35.056084,6276,4801,0,1
2026-08-23 10:07:35.056103,6354,5334,2583,1
2026-08-23 10:07:35.056123,6262,4827,0,1
2026-08-23 10:07:35.056144,6340,5372,2027,1
2026-08-23 10:07:35.056164,6257,4870,0,1
2026-08-23 10:07:35.056184,6374,5426,2940,1
2026-08-23 10:07:35.075944,6310,4331,0,1
2026-08-23 10:07:35.075964,6369,5071,2929,1
2026-08-23 10:07:35.075984,6280,4583,0,1
2026-08-23 10:07:35.076005,6356,5222,2855,1
2026-08-23 10:07:35.076025,6263,4733,0,1
2026-08-23 10:07:35.076045,6350,5330,2671,1
2026-08-23 10:07:35.076065,6178,4843,0,1
2026-08-23 10:07:35.076085,6374,5455,3307,1
2026-08-23 10:07:35.076104,6245,4780,0,1
2026-08-23 10:07:35.076124,6362,5384,2983,1
2026-08-23 10:07:35.076144,6277,4879,6,1
2026-08-23 10:07:35.076164,6363,5388,2812,1
2026-08-23 10:07:35.076185,6273,4796,0,1
2026-08-23 10:07:35.095899,6366,4878,2741,1
2026-08-23 10:07:35.095919,6261,4426,0,1
2026-08-23 10:07:35.095939,6372,5135,3029,1
2026-08-23 10:07:35.095959,6262,4558,0,1
2026-08-23 10:07:35.095979,6361,5254,2816,1
2026-08-23 10:07:35.095999,6270,4709,0,1
2026-08-23 10:07:35.096019,6362,5363,2964,1
2026-08-23 10:07:35.096039,6254,4786,0,1
2026-08-23 10:07:35.096059,6352,5348,2648,1
2026-08-23 10:07:35.096079,6290,4883,23,1
2026-08-23 10:07:35.096099,6367,5420,3135,1
2026-08-23 10:07:35.096119,6248,4813,0,1
2026-08-23 10:07:35.096139,6372,5402,3373,1
2026-08-23 10:07:35.115837,6285,4203,0,1
2026-08-23 10:07:35.115857,6371,5005,3130,1
2026-08-23 10:07:35.115877,6301,4513,11,1
2026-08-23 10:07:35.115897,6357,5165,2850,1
2026-08-23 10:07:35.115917,6265,4674,0,1
2026-08-23 10:07:35.115937,6362,5295,2871,1
2026-08-23 10:07:35.115957,6283,4778,0,1
2026-08-23 10:07:35.115978,6364,5376,3040,1
2026-08-23 10:07:35.115997,6252,4785,0,1
2026-08-23 10:07:35.116017,6459,5441,3259,1
2026-08-23 10:07:35.116037,6283,4796,0,1
2026-08-23 10:07:35.116057,6358,5363,2659,1
2026-08-23 10:07:35.116077,6289,4812,0,1
2026-08-23 10:07:35.136075,6275,4883,2595,1
2026-08-23 10:07:35.136095,6271,4493,0,1
2026-08-23 10:07:35.136115,6321,5044,1504,1
2026-08-23 10:07:35.136135,6279,4682,0,1
2026-08-23 10:07:35.136155,6358,5324,2865,1
2026-08-23 10:07:35.136175,6288,4821,0,1
2026-08-23 10:07:35.136195,6361,5382,2844,1
2026-08-23 10:07:35.136215,6258,4848,0,1
2026-08-23 10:07:35.136235,6371,5431,2857,1
2026-08-23 10:07:35.136255,6280,4866,0,1
2026-08-23 10:07:35.136275,6362,5416,2889,1
2026-08-23 10:07:35.136295,6260,4852,0,1
2026-08-23 10:07:35.136315,6369,5409,2872,1
2026-08-23 10:07:35.156075,6280,4213,0,1
2026-08-23 10:07:35.156095,6375,4988,3412,1
2026-08-23 10:07:35.156115,6286,4499,0,1
2026-08-23 10:07:35.156135,6358,5162,2714,1
2026-08-23 10:07:35.156155,6263,4665,0,1
2026-08-23 10:07:35.156175,6371,5331,3124,1
2026-08-23 10:07:35.156195,6269,4696,0,1
2026-08-23 10:07:35.156215,6352,5363,2959,1
2026-08-23 10:07:35.156235,6247,4759,0,1
2026-08-23 10:07:35.156255,6283,5244,788,1
2026-08-23 10:07:35.156275,6282,4888,0,1
2026-08-23 10:07:35.156295,6361,5455,2665,1
2026-08-23 10:07:35.156315,6294,4912,0,1
2026-08-23 10:07:35.175928,6366,4910,2604,1
2026-08-23 10:07:35.175948,6269,4510,0,1
2026-08-23 10:07:35.175968,6352,5191,2384,1
2026-08-23 10:07:35.175988,6269,4654,0,1
2026-08-23 10:07:35.176008,6368,5330,2863,1
2026-08-23 10:07:35.176028,6279,4787,0,1
2026-08-23 10:07:35.176048,6354,5402,2893,1
2026-08-23 10:07:35.176068,6257,4801,0,1
2026-08-23 10:07:35.176088,6351,5432,2814,1
2026-08-23 10:07:35.176108,6284,4882,0,1
2026-08-23 10:07:35.176128,6361,5425,2928,1
2026-08-23 10:07:35.176148,6254,4804,0,1
2026-08-23 10:07:35.176168,6307,5304,1403,1
2026-08-23 10:07:35.195769,6289,4250,0,1
2026-08-23 10:07:35.195789,6375,5015,3260,1
2026-08-23 10:07:35.195809,6291,4575,0,1
2026-08-23 10:07:35.195829,6370,5178,2792,1
2026-08-23 10:07:35.195849,6256,4700,0,1
2026-08-23 10:07:35.195869,6366,5315,2943,1
2026-08-23 10:07:35.195889,6280,4763,0,1
2026-08-23 10:07:35.195909,6353,5356,3009,1
2026-08-23 10:07:35.195929,6256,4795,0,1
2026-08-23 10:07:35.195949,6335,5430,3304,1
2026-08-23 10:07:35.195969,6275,4824,0,1
2026-08-23 10:07:35.195989,6433,5352,2659,1
2026-08-23 10:07:35.196009,6283,4844,0,1
2026-08-23 10:07:35.215567,6379,4883,2650,1
2026-08-23 10:07:35.215587,6267,4479,0,1
2026-08-23 10:07:35.215607,6244,4913,0,1
2026-08-23 10:07:35.215627,6279,4686,0,1
2026-08-23 10:07:35.215647,6360,5310,2837,1
2026-08-23 10:07:35.215667,6277,4791,0,1
2026-08-23 10:07:35.215688,6363,5427,3012,1
2026-08-23 10:07:35.215708,6261,4806,0,1
2026-08-23 10:07:35.215727,6352,5377,2718,1
2026-08-23 10:07:35.215747,6271,4854,0,1
2026-08-23 10:07:35.215767,6354,5430,3005,1
2026-08-23 10:07:35.215787,6244,4798,0,1
2026-08-23 10:07:35.215807,6284,5238,695,1
2026-08-23 10:07:35.235451,6297,4308,0,1
2026-08-23 10:07:35.235471,6363,5089,3092,1
2026-08-23 10:07:35.235491,6290,4621,9,1
2026-08-23 10:07:35.235511,6352,5229,2891,1
2026-08-23 10:07:35.235531,6258,4723,0,1
2026-08-23 10:07:35.235551,6294,5354,2807,1
2026-08-23 10:07:35.235571,6291,4841,0,1
2026-08-23 10:07:35.235591,6368,5437,3122,1
2026-08-23 10:07:35.235611,6249,4808,0,1
2026-08-23 10:07:35.235631,6372,5410,3174,1
2026-08-23 10:07:35.235651,6282,4867,0,1
2026-08-23 10:07:35.235671,6359,5383,2708,1
2026-08-23 10:07:35.235691,6172,4829,0,1
2026-08-23 10:07:35.255257,6371,4887,2654,1
2026-08-23 10:07:35.255277,6263,4468,0,1
2026-08-23 10:07:35.255297,6230,4888,0,1
2026-08-23 10:07:35.255317,6260,4725,0,1
2026-08-23 10:07:35.255337,6452,5319,2823,1
2026-08-23 10:07:35.255357,6282,4786,0,1
2026-08-23 10:07:35.255377,6352,5399,3118,1
2026-08-23 10:07:35.255397,6256,4788,0,1
2026-08-23 10:07:35.255417,6357,5392,2678,1
2026-08-23 10:07:35.255437,6286,4864,12,1
2026-08-23 10:07:35.255457,6361,5454,3098,1
2026-08-23 10:07:35.255477,6266,4821,0,1
2026-08-23 10:07:35.255497,6314,5414,3394,1
2026-08-23 10:07:35.274986,6294,4261,0,1
2026-08-23 10:07:35.275006,6375,4996,3033,1
2026-08-23 10:07:35.275026,6288,4542,4,1
2026-08-23 10:07:35.275046,6363,5238,2982,1
2026-08-23 10:07:35.275066,6271,4714,0,1
2026-08-23 10:07:35.275086,6360,5303,2769,1
2026-08-23 10:07:35.275106,6289,4841,5,1
2026-08-23 10:07:35.275126,6358,5397,3179,1
2026-08-23 10:07:35.275146,6248,4806,0,1
2026-08-23 10:07:35.275166,6364,5431,3106,1
2026-08-23 10:07:35.275186,6283,4838,5,1
2026-08-23 10:07:35.275206,6365,5396,2731,1
2026-08-23 10:07:35.275226,6277,4854,0,1
2026-08-23 10:07:35.294889,6366,4871,2698,1
2026-08-23 10:07:35.294909,6256,4453,0,1
2026-08-23 10:07:35.294929,6369,5170,3089,1
2026-08-23 10:07:35.294949,6259,4530,0,1
2026-08-23 10:07:35.294969,6362,5231,2818,1
2026-08-23 10:07:35.294989,6271,4728,0,1
2026-08-23 10:07:35.295009,6354,5347,2765,1
2026-08-23 10:07:35.295029,6264,4779,0,1
2026-08-23 10:07:35.295049,6358,5370,2659,1
2026-08-23 10:07:35.295069,6284,4894,24,1
2026-08-23 10:07:35.295089,6357,5458,3127,1
2026-08-23 10:07:35.295109,6255,4800,0,1
2026-08-23 10:07:35.295129,6231,5096,0,1
2026-08-23 10:07:35.314722,6300,4326,0,1
2026-08-23 10:07:35.314742,6371,5039,3042,1
2026-08-23 10:07:35.314762,6298,4628,10,1
2026-08-23 10:07:35.314782,6349,5228,2941,1
2026-08-23 10:07:35.314802,6260,4731,0,1
2026-08-23 10:07:35.314822,6359,5336,2761,1
2026-08-23 10:07:35.314842,6299,4838,8,1
2026-08-23 10:07:35.314862,6368,5393,3151,1
2026-08-23 10:07:35.314882,6257,4815,0,1
2026-08-23 10:07:35.314902,6374,5408,3119,1
2026-08-23 10:07:35.314922,6282,4867,0,1
2026-08-23 10:07:35.314942,6362,5410,2718,1
2026-08-23 10:07:35.314962,6272,4847,0,1
2026-08-23 10:07:35.334517,6378,4894,2691,1
2026-08-23 10:07:35.334537,6267,4442,0,1
2026-08-23 10:07:35.334557,6173,4789,0,1
2026-08-23 10:07:35.334577,6266,4662,0,1
2026-08-23 10:07:35.334597,6363,5294,2828,1
2026-08-23 10:07:35.334617,6268,4779,0,1
2026-08-23 10:07:35.334637,6364,5410,3125,1
2026-08-23 10:07:35.334657,6265,4766,0,1
2026-08-23 10:07:35.334677,6359,5395,2689,1
2026-08-23 10:07:35.334697,6292,4848,9,1
2026-08-23 10:07:35.334717,6365,5458,3112,1
2026-08-23 10:07:35.334737,6252,4812,0,1
2026-08-23 10:07:35.334757,6211,5081,0,1
2026-08-23 10:07:35.354245,6290,4279,0,1
2026-08-23 10:07:35.354265,6363,5009,2968,1
2026-08-23 10:07:35.354285,6289,4587,0,1
2026-08-23 10:07:35.354305,6362,5261,2980,1
2026-08-23 10:07:35.354325,6284,4690,0,1
2026-08-23 10:07:35.354345,6361,5306,2758,1
2026-08-23 10:07:35.354365,6288,4812,0,1
2026-08-23 10:07:35.354385,6368,5397,3221,1
2026-08-23 10:07:35.354405,6262,4812,0,1
2026-08-23 10:07:35.354425,6365,5393,3052,1
2026-08-23 10:07:35.354445,6289,4843,40,1
2026-08-23 10:07:35.354465,6374,5420,2738,1
2026-08-23 10:07:35.354485,6271,4819,0,1
2026-08-23 10:07:35.372368,6376,4857,2749,1
2026-08-23 10:07:35.372388,6268,4420,0,1
2026-08-23 10:07:35.372408,6366,5184,3037,1
2026-08-23 10:07:35.372428,6260,4571,0,1
2026-08-23 10:07:35.372448,6354,5230,2802,1
2026-08-23 10:07:35.372468,6272,4740,0,1
2026-08-23 10:07:35.372488,6359,5333,2757,1
2026-08-23 10:07:35.372508,6272,4789,0,1
2026-08-23 10:07:35.372528,6370,5369,2663,1
2026-08-23 10:07:35.372548,6284,4849,8,1
2026-08-23 10:07:35.372568,6373,5461,3089,1
2026-08-23 10:07:35.372588,6262,4775,0,1
2026-08-23 10:07:35.392380,6387,4949,2803,1
2026-08-23 10:07:35.392400,6252,4433,0,1
2026-08-23 10:07:35.392420,6368,5170,3017,1
2026-08-23 10:07:35.392440,6290,4669,0,1
2026-08-23 10:07:35.392460,6372,5270,2587,1
2026-08-23 10:07:35.392480,6258,4768,0,1
2026-08-23 10:07:35.392500,6314,5261,1397,1
2026-08-23 10:07:35.392520,6273,4818,0,1
2026-08-23 10:07:35.392540,6362,5423,2848,1
2026-08-23 10:07:35.392560,6285,4892,0,1
2026-08-23 10:07:35.392580,6378,5468,2962,1
2026-08-23 10:07:35.392600,6259,4827,0,1
2026-08-23 10:07:35.392620,6374,5435,2985,1
2026-08-23 10:07:35.412408,6308,4206,0,1
2026-08-23 10:07:35.412428,6367,4930,2815,1
2026-08-23 10:07:35.412448,6302,4550,0,1
2026-08-23 10:07:35.412468,6360,5208,3145,1
2026-08-23 10:07:35.412488,6261,4681,0,1
2026-08-23 10:07:35.412508,6375,5327,3143,1
2026-08-23 10:07:35.412528,6291,4753,0,1
2026-08-23 10:07:35.412548,6369,5333,2746,1
2026-08-23 10:07:35.412568,6269,4824,0,1
2026-08-23 10:07:35.412588,6371,5391,3010,1
2026-08-23 10:07:35.412608,6272,4824,0,1
2026-08-23 10:07:35.412628,6367,5409,2926,1
2026-08-23 10:07:35.412648,6282,4812,0,1
2026-08-23 10:07:35.432299,6315,4859,2871,1
2026-08-23 10:07:35.432319,6268,4472,0,1
2026-08-23 10:07:35.432339,6360,5187,2960,1
2026-08-23 10:07:35.432359,6262,4616,0,1
2026-08-23 10:07:35.432379,6348,5288,2653,1
2026-08-23 10:07:35.432400,6287,4804,10,1
2026-08-23 10:07:35.432420,6364,5400,2997,1
2026-08-23 10:07:35.432440,6262,4785,0,1
2026-08-23 10:07:35.432459,6373,5423,3323,1
2026-08-23 10:07:35.432479,6273,4775,0,1
2026-08-23 10:07:35.432499,6356,5335,2536,1
2026-08-23 10:07:35.432519,6284,4833,0,1
2026-08-23 10:07:35.432539,6378,5409,3138,1
2026-08-23 10:07:35.451460,6314,4219,188,1
2026-08-23 10:07:35.451480,6294,4803,602,1
2026-08-23 10:07:35.451500,6287,4594,0,1
2026-08-23 10:07:35.451520,6372,5278,2936,1
2026-08-23 10:07:35.451540,6270,4725,0,1
2026-08-23 10:07:35.451560,6334,5243,1900,1
2026-08-23 10:07:35.451580,6284,4845,0,1
2026-08-23 10:07:35.451600,6363,5420,2740,1
2026-08-23 10:07:35.451620,6284,4890,0,1
2026-08-23 10:07:35.451640,6365,5398,2590,1
2026-08-23 10:07:35.451660,6273,4846,0,1
2026-08-23 10:07:35.451680,6372,5470,2949,1
2026-08-23 10:07:35.451700,6304,4852,0,1
2026-08-23 10:07:35.470805,6387,5004,3032,1
2026-08-23 10:07:35.470825,6242,4530,0,1
2026-08-23 10:07:35.470845,6385,5256,3212,1
2026-08-23 10:07:35.470865,6285,4660,0,1
2026-08-23 10:07:35.470885,6362,5298,2595,1
2026-08-23 10:07:35.470905,6252,4775,0,1
2026-08-23 10:07:35.470925,6330,5314,1736,1
2026-08-23 10:07:35.470945,6280,4832,0,1
2026-08-23 10:07:35.470965,6366,5419,2861,1
2026-08-23 10:07:35.470985,6286,4868,0,1
2026-08-23 10:07:35.471005,6358,5475,3059,1
2026-08-23 10:07:35.471025,6257,4870,0,1
2026-08-23 10:07:35.471045,6391,5391,3087,1
2026-08-23 10:07:35.490762,6325,4288,0,1
2026-08-23 10:07:35.490782,6368,5018,2680,1
2026-08-23 10:07:35.490802,6285,4574,0,1
2026-08-23 10:07:35.490822,6316,5105,1352,1
2026-08-23 10:07:35.490842,6277,4752,0,1
2026-08-23 10:07:35.490862,6366,5363,2929,1
2026-08-23 10:07:35.490882,6283,4815,0,1
2026-08-23 10:07:35.490902,6366,5418,2765,1
2026-08-23 10:07:35.490922,6277,4848,0,1
2026-08-23 10:07:35.490942,6365,5382,2661,1
2026-08-23 10:07:35.490962,6273,4866,0,1
2026-08-23 10:07:35.490982,6361,5457,2619,1
2026-08-23 10:07:35.491002,6274,4799,0,1
2026-08-23 10:07:35.510779,6330,4759,1141,1
2026-08-23 10:07:35.510799,6274,4490,0,1
2026-08-23 10:07:35.510819,6370,5213,2826,1
2026-08-23 10:07:35.510839,6283,4699,0,1
2026-08-23 10:07:35.510859,6363,5316,2960,1
2026-08-23 10:07:35.510879,6251,4784,0,1
2026-08-23 10:07:35.510899,6371,5387,2769,1
2026-08-23 10:07:35.510919,6284,4865,0,1
2026-08-23 10:07:35.510939,6372,5406,2981,1
2026-08-23 10:07:35.510959,6257,4851,0,1
2026-08-23 10:07:35.510979,6382,5432,3341,1
2026-08-23 10:07:35.510999,6282,4816,0,1
2026-08-23 10:07:35.511019,6364,5348,2548,1
2026-08-23 10:07:35.530686,6324,4252,0,1
2026-08-23 10:07:35.530706,6376,4994,2751,1
2026-08-23 10:07:35.530726,6274,4540,0,1
2026-08-23 10:07:35.530746,6385,5230,3046,1
2026-08-23 10:07:35.530766,6267,4698,0,1
2026-08-23 10:07:35.530786,6375,5291,2950,1
2026-08-23 10:07:35.530806,6264,4770,0,1
2026-08-23 10:07:35.530826,6424,5347,844,1
2026-08-23 10:07:35.530846,6280,4813,0,1
2026-08-23 10:07:35.530866,6360,5405,2654,1
2026-08-23 10:07:35.530886,6276,4871,0,1
2026-08-23 10:07:35.530906,6336,5329,1875,1
2026-08-23 10:07:35.530926,6275,4858,0,1
2026-08-23 10:07:35.550725,6392,4945,3194,1
2026-08-23 10:07:35.550745,6257,4400,0,1
2026-08-23 10:07:35.550765,6362,5100,2816,1
2026-08-23 10:07:35.550785,6258,4666,0,1
2026-08-23 10:07:35.550805,6374,5274,2894,1
2026-08-23 10:07:35.550825,6257,4743,0,1
2026-08-23 10:07:35.550845,6363,5323,2734,1
2026-08-23 10:07:35.550865,6292,4850,2,1
2026-08-23 10:07:35.550885,6366,5441,3029,1
2026-08-23 10:07:35.550905,6250,4831,0,1
2026-08-23 10:07:35.550925,6306,5450,3256,1
2026-08-23 10:07:35.550945,6284,4822,0,1
2026-08-23 10:07:35.550965,6372,5374,2627,1
2026-08-23 10:07:35.570562,6334,4250,0,1
2026-08-23 10:07:35.570582,6360,4981,2700,1
2026-08-23 10:07:35.570602,6274,4565,0,1
2026-08-23 10:07:35.570622,6211,4865,0,1
2026-08-23 10:07:35.570642,6266,4669,0,1
2026-08-23 10:07:35.570662,6368,5313,2927,1
2026-08-23 10:07:35.570683,6260,4738,0,1
2026-08-23 10:07:35.570703,6354,5304,2067,1
2026-08-23 10:07:35.570722,6276,4860,0,1
2026-08-23 10:07:35.570742,6353,5390,2419,1
2026-08-23 10:07:35.570762,6291,4851,0,1
2026-08-23 10:07:35.570782,6341,5359,2102,1
2026-08-23 10:07:35.570802,6273,4824,0,1
2026-08-23 10:07:35.590347,6244,4592,0,1
2026-08-23 10:07:35.590367,6269,4522,0,1
2026-08-23 10:07:35.590387,6373,5178,2811,1
2026-08-23 10:07:35.590407,6279,4698,0,1
2026-08-23 10:07:35.590427,6365,5342,3099,1
2026-08-23 10:07:35.590447,6265,4767,0,1
2026-08-23 10:07:35.590467,6374,5379,2698,1
2026-08-23 10:07:35.590487,6294,4843,12,1
2026-08-23 10:07:35.590507,6366,5448,3052,1
2026-08-23 10:07:35.590527,6221,4833,0,1
2026-08-23 10:07:35.590547,6378,5442,3231,1
2026-08-23 10:07:35.590567,6285,4868,0,1
2026-08-23 10:07:35.590587,6370,5400,2587,1
2026-08-23 10:07:35.610263,6328,4317,0,1
2026-08-23 10:07:35.610283,6370,5003,2762,1
2026-08-23 10:07:35.610303,6269,4549,0,1
2026-08-23 10:07:35.610323,6358,5233,2958,1
2026-08-23 10:07:35.610343,6287,4696,0,1
2026-08-23 10:07:35.610363,6362,5308,2974,1
2026-08-23 10:07:35.610383,6254,4779,0,1
2026-08-23 10:07:35.610403,6392,5430,3398,1
2026-08-23 10:07:35.610423,6280,4777,0,1
2026-08-23 10:07:35.610443,6360,5346,2633,1
2026-08-23 10:07:35.610463,6279,4840,0,1
2026-08-23 10:07:35.610483,6358,5316,2176,1
2026-08-23 10:07:35.610503,6280,4822,0,1
2026-08-23 10:07:35.630149,6242,4617,0,1
2026-08-23 10:07:35.630169,6260,4505,0,1
2026-08-23 10:07:35.630189,6376,5213,2820,1
2026-08-23 10:07:35.630209,6290,4728,0,1
2026-08-23 10:07:35.630229,6369,5310,2869,1
2026-08-23 10:07:35.630249,6256,4759,0,1
2026-08-23 10:07:35.630269,6355,5364,2794,1
2026-08-23 10:07:35.630289,6291,4824,0,1
2026-08-23 10:07:35.630309,6366,5395,2906,1
2026-08-23 10:07:35.630329,6256,4799,0,1
2026-08-23 10:07:35.630349,6322,5291,1317,1
2026-08-23 10:07:35.630369,6280,4882,0,1
2026-08-23 10:07:35.630389,6357,5411,2662,1
2026-08-23 10:07:35.649975,6328,4291,0,1
2026-08-23 10:07:35.649995,6379,4997,2655,1
2026-08-23 10:07:35.650015,6160,4623,0,1
2026-08-23 10:07:35.650035,6347,5179,2113,1
2026-08-23 10:07:35.650055,6211,4734,0,1
2026-08-23 10:07:35.650075,6373,5354,2902,1
2026-08-23 10:07:35.650095,6283,4842,0,1
2026-08-23 10:07:35.650115,6265,5456,3206,1
2026-08-23 10:07:35.650135,6272,4834,0,1
2026-08-23 10:07:35.650155,6346,5371,2659,1
2026-08-23 10:07:35.650175,6284,4898,0,1
2026-08-23 10:07:35.650195,6386,5432,3124,1
2026-08-23 10:07:35.650215,6263,4781,0,1
2026-08-23 10:07:35.669976,6387,4874,2931,1
2026-08-23 10:07:35.669996,6267,4412,0,1
2026-08-23 10:07:35.670016,6355,5126,2916,1
2026-08-23 10:07:35.670036,6292,4675,6,1
2026-08-23 10:07:35.670056,6370,5308,2735,1
2026-08-23 10:07:35.670076,6264,4766,0,1
2026-08-23 10:07:35.670096,6373,5389,3001,1
2026-08-23 10:07:35.670116,6273,4782,0,1
2026-08-23 10:07:35.670136,6365,5382,2828,1
2026-08-23 10:07:35.670156,6268,4816,0,1
2026-08-23 10:07:35.670176,6360,5354,2456,1
2026-08-23 10:07:35.670196,6281,4828,0,1
2026-08-23 10:07:35.670216,6375,5412,2655,1
2026-08-23 10:07:35.689905,6331,4242,0,1
2026-08-23 10:07:35.689925,6383,4971,2689,1
2026-08-23 10:07:35.689945,6282,4616,0,1
2026-08-23 10:07:35.689965,6367,5237,2651,1
2026-08-23 10:07:35.689986,6262,4716,0,1
2026-08-23 10:07:35.690006,6370,5363,2941,1
2026-08-23 10:07:35.690026,6286,4812,0,1
2026-08-23 10:07:35.690046,6370,5437,3095,1
2026-08-23 10:07:35.690065,6266,4832,0,1
2026-08-23 10:07:35.690085,6362,5410,2706,1
2026-08-23 10:07:35.690105,6285,4868,9,1
2026-08-23 10:07:35.690125,6366,5450,3265,1
2026-08-23 10:07:35.690145,6264,4808,0,1
2026-08-23 10:07:35.709860,6392,4856,2923,1
2026-08-23 10:07:35.709880,6260,4428,0,1
2026-08-23 10:07:35.709900,6368,5097,3009,1
2026-08-23 10:07:35.709920,6302,4682,0,1
2026-08-23 10:07:35.709940,6358,5286,2678,1
2026-08-23 10:07:35.709960,6279,4771,0,1
2026-08-23 10:07:35.709980,6217,4997,0,1
2026-08-23 10:07:35.710000,6278,4797,0,1
2026-08-23 10:07:35.710020,6371,5395,2854,1
2026-08-23 10:07:35.710040,6274,4818,0,1
2026-08-23 10:07:35.710060,6370,5448,2975,1
2026-08-23 10:07:35.710080,6286,4802,0,1
2026-08-23 10:07:35.710100,6374,5402,2762,1
2026-08-23 10:07:35.729831,6333,4279,0,1
2026-08-23 10:07:35.729851,6347,4998,2675,1
2026-08-23 10:07:35.729871,6289,4547,0,1
2026-08-23 10:07:35.729891,6370,5237,2789,1
2026-08-23 10:07:35.729911,6275,4659,0,1
2026-08-23 10:07:35.729931,6369,5303,2917,1
2026-08-23 10:07:35.729951,6289,4826,0,1
2026-08-23 10:07:35.729971,6372,5401,3166,1
2026-08-23 10:07:35.729990,6274,4793,0,1
2026-08-23 10:07:35.730011,6367,5401,2808,1
2026-08-23 10:07:35.730031,6279,4870,0,1
2026-08-23 10:07:35.730051,6382,5439,3164,1
2026-08-23 10:07:35.730071,6283,4780,0,1
2026-08-23 10:07:35.749874,6393,4894,2850,1
2026-08-23 10:07:35.749894,6256,4434,0,1
2026-08-23 10:07:35.749914,6368,5155,2923,1
2026-08-23 10:07:35.749934,6295,4662,19,1
2026-08-23 10:07:35.749954,6367,5311,2765,1
2026-08-23 10:07:35.749974,6269,4737,0,1
2026-08-23 10:07:35.749994,6374,5325,2967,1
2026-08-23 10:07:35.750014,6276,4806,0,1
2026-08-23 10:07:35.750034,6378,5372,2862,1
2026-08-23 10:07:35.750054,6267,4836,0,1
2026-08-23 10:07:35.750074,6344,5373,2096,1
2026-08-23 10:07:35.750094,6275,4878,0,1
2026-08-23 10:07:35.750114,6375,5429,2687,1
2026-08-23 10:07:35.769765,6313,4268,0,1
2026-08-23 10:07:35.769785,6376,4999,2682,1
2026-08-23 10:07:35.769805,6292,4580,0,1
2026-08-23 10:07:35.769825,6354,5233,2384,1
2026-08-23 10:07:35.769845,6278,4709,0,1
2026-08-23 10:07:35.769865,6370,5351,2923,1
2026-08-23 10:07:35.769885,6274,4812,0,1
2026-08-23 10:07:35.769905,6379,5409,2934,1
2026-08-23 10:07:35.769925,6259,4824,0,1
2026-08-23 10:07:35.769945,6364,5410,2664,1
2026-08-23 10:07:35.769965,6295,4884,0,1
2026-08-23 10:07:35.769985,6372,5488,3252,1
2026-08-23 10:07:35.770005,6271,4816,0,1
2026-08-23 10:07:35.789141,6390,4894,2773,1
2026-08-23 10:07:35.789161,6266,4435,0,1
2026-08-23 10:07:35.789181,6373,5161,2962,1
2026-08-23 10:07:35.789201,6289,4650,0,1
2026-08-23 10:07:35.789221,6366,5250,2686,1
2026-08-23 10:07:35.789241,6261,4726,0,1
2026-08-23 10:07:35.789261,6378,5419,3086,1
2026-08-23 10:07:35.789281,6264,4774,0,1
2026-08-23 10:07:35.789301,6371,5361,2851,1
2026-08-23 10:07:35.789321,6277,4806,0,1
2026-08-23 10:07:35.789341,6378,5405,2918,1
2026-08-23 10:07:35.789361,6278,4842,0,1
2026-08-23 10:07:35.789381,6380,5405,2830,1
2026-08-23 10:07:35.808998,6340,4356,0,1
2026-08-23 10:07:35.809018,6374,5051,2702,1
2026-08-23 10:07:35.809038,6289,4578,0,1
2026-08-23 10:07:35.809058,6376,5169,702,1
2026-08-23 10:07:35.809078,6274,4729,0,1
2026-08-23 10:07:35.809098,6370,5329,2921,1
2026-08-23 10:07:35.809118,6267,4796,0,1
2026-08-23 10:07:35.809138,6334,5334,1905,1
2026-08-23 10:07:35.809158,6292,4846,0,1
2026-08-23 10:07:35.809178,6364,5444,2652,1
2026-08-23 10:07:35.809198,6286,4907,0,1
2026-08-23 10:07:35.809218,6346,5367,2006,1
2026-08-23 10:07:35.809238,6274,4878,0,1
2026-08-23 10:07:35.828997,6291,4721,0,1
2026-08-23 10:07:35.829017,6279,4563,0,1
2026-08-23 10:07:35.829037,6362,5247,2808,1
2026-08-23 10:07:35.829057,6283,4766,0,1
2026-08-23 10:07:35.829077,6371,5374,2984,1
2026-08-23 10:07:35.829097,6270,4772,0,1
2026-08-23 10:07:35.829117,6368,5376,2741,1
2026-08-23 10:07:35.829137,6294,4858,0,1
2026-08-23 10:07:35.829157,6364,5423,2979,1
2026-08-23 10:07:35.829177,6269,4814,0,1
2026-08-23 10:07:35.829197,6386,5449,3349,1
2026-08-23 10:07:35.829217,6288,4789,0,1
2026-08-23 10:07:35.829237,6379,5380,2608,1
2026-08-23 10:07:35.848629,6340,4286,0,1
2026-08-23 10:07:35.848649,6378,5034,2691,1
2026-08-23 10:07:35.848669,6285,4557,0,1
2026-08-23 10:07:35.848689,6370,5284,3132,1
2026-08-23 10:07:35.848709,6280,4681,0,1
2026-08-23 10:07:35.848729,6426,5288,2938,1
2026-08-23 10:07:35.848749,6267,4751,0,1
2026-08-23 10:07:35.848769,6279,5160,148,1
2026-08-23 10:07:35.848789,6301,4884,0,1
2026-08-23 10:07:35.848809,6369,5480,2644,1
2026-08-23 10:07:35.848829,6285,4895,0,1
2026-08-23 10:07:35.848849,6376,5469,2733,1
2026-08-23 10:07:35.848869,6281,4875,0,1
2026-08-23 10:07:35.868268,6396,4991,3151,1
2026-08-23 10:07:35.868288,6263,4447,0,1
2026-08-23 10:07:35.868308,6371,5161,2808,1
2026-08-23 10:07:35.868328,6288,4685,0,1
2026-08-23 10:07:35.868348,6377,5294,2861,1
2026-08-23 10:07:35.868368,6269,4776,0,1
2026-08-23 10:07:35.868388,6366,5347,2697,1
2026-08-23 10:07:35.868408,6297,4872,22,1
2026-08-23 10:07:35.868428,6380,5427,3033,1
2026-08-23 10:07:35.868448,6252,4797,0,1
2026-08-23 10:07:35.868468,6369,5432,3267,1
2026-08-23 10:07:35.868488,6287,4834,0,1
2026-08-23 10:07:35.868508,6368,5360,2597,1
2026-08-23 10:07:35.886475,6335,4271,234,1
2026-08-23 10:07:35.886495,6362,4988,2702,1
2026-08-23 10:07:35.886515,6277,4582,0,1
2026-08-23 10:07:35.886535,6379,5253,3151,1
2026-08-23 10:07:35.886555,6275,4667,0,1
2026-08-23 10:07:35.886575,6388,5319,2936,1
2026-08-23 10:07:35.886595,6276,4764,0,1
2026-08-23 10:07:35.886615,6342,5311,1786,1
2026-08-23 10:07:35.886635,6288,4824,0,1
2026-08-23 10:07:35.886655,6360,5448,2640,1
2026-08-23 10:07:35.886675,6290,4878,0,1
2026-08-23 10:07:35.886695,6370,5401,2534,1
2026-08-23 10:07:35.903887,6319,4364,0,1
2026-08-23 10:07:35.903907,6374,5049,2764,1
2026-08-23 10:07:35.903927,6290,4666,0,1
2026-08-23 10:07:35.903947,6382,5311,3296,1
2026-08-23 10:07:35.903967,6279,4730,0,1
2026-08-23 10:07:35.903987,6387,5325,2988,1
2026-08-23 10:07:35.904007,6282,4822,0,1
2026-08-23 10:07:35.904027,6386,5414,3214,1
2026-08-23 10:07:35.904047,6291,4829,0,1
2026-08-23 10:07:35.904067,6365,5403,2710,1
2026-08-23 10:07:35.904087,6318,4870,0,1
2026-08-23 10:07:35.904107,6386,5411,3218,1
2026-08-23 10:07:35.920223,6335,4469,0,1
2026-08-23 10:07:35.920243,6378,5098,2733,1
2026-08-23 10:07:35.920263,6284,4657,0,1
2026-08-23 10:07:35.920283,6272,5090,0,1
2026-08-23 10:07:35.920303,6289,4721,0,1
2026-08-23 10:07:35.920323,6375,5382,2990,1
2026-08-23 10:07:35.920343,6274,4811,0,1
2026-08-23 10:07:35.920363,6239,5153,0,1
2026-08-23 10:07:35.920383,6293,4832,0,1
2026-08-23 10:07:35.920403,6364,5436,2707,1
2026-08-23 10:07:35.920423,6287,4855,0,1
2026-08-23 10:07:35.939518,6393,5078,3148,1
2026-08-23 10:07:35.939538,6307,4636,0,1
2026-08-23 10:07:35.939558,6371,5277,2657,1
2026-08-23 10:07:35.939578,6281,4718,0,1
2026-08-23 10:07:35.939598,6187,5132,0,1
2026-08-23 10:07:35.939618,6286,4883,0,1
2026-08-23 10:07:35.939638,6365,5463,2879,1
2026-08-23 10:07:35.939658,6305,4866,0,1
2026-08-23 10:07:35.939678,6374,5484,2985,1
2026-08-23 10:07:35.939698,6277,4878,0,1
2026-08-23 10:07:35.939718,6364,5402,2650,1
2026-08-23 10:07:35.939738,6296,4890,0,1
2026-08-23 10:07:35.939758,6401,5468,3185,1
2026-08-23 10:07:35.957556,6323,4320,0,1
2026-08-23 10:07:35.957576,6323,4905,1236,1
2026-08-23 10:07:35.957596,6285,4634,0,1
2026-08-23 10:07:35.957616,6381,5310,2969,1
2026-08-23 10:07:35.957636,6275,4770,0,1
2026-08-23 10:07:35.957656,6298,5211,985,1
2026-08-23 10:07:35.957676,6300,4897,0,1
2026-08-23 10:07:35.957696,6368,5450,2710,1
2026-08-23 10:07:35.957716,6288,4867,0,1
2026-08-23 10:07:35.957736,6383,5457,3177,1
2026-08-23 10:07:35.957756,6283,4793,0,1
2026-08-23 10:07:35.957776,6389,5410,2971,1
2026-08-23 10:07:35.973922,6324,4415,0,1
2026-08-23 10:07:35.973943,6377,5045,2627,1
2026-08-23 10:07:35.973963,6288,4646,0,1
2026-08-23 10:07:35.973983,6375,5301,3008,1
2026-08-23 10:07:35.974003,6282,4757,0,1
2026-08-23 10:07:35.974023,6345,5302,1896,1
2026-08-23 10:07:35.974042,6291,4831,0,1
2026-08-23 10:07:35.974062,6451,5395,2732,1
2026-08-23 10:07:35.974082,6287,4886,0,1
2026-08-23 10:07:35.974102,6385,5479,3213,1
2026-08-23 10:07:35.974123,6270,4756,0,1
2026-08-23 10:07:35.990251,6391,4965,2893,1
2026-08-23 10:07:35.990271,6285,4535,0,1
2026-08-23 10:07:35.990291,6297,5051,1047,1
2026-08-23 10:07:35.990311,6280,4779,0,1
2026-08-23 10:07:35.990331,6378,5380,2882,1
2026-08-23 10:07:35.990351,6287,4837,0,1
2026-08-23 10:07:35.990371,6392,5412,3206,1
2026-08-23 10:07:35.990391,6281,4805,0,1
2026-08-23 10:07:35.990411,6362,5420,2661,1
2026-08-23 10:07:35.990431,6302,4877,0,1
2026-08-23 10:07:35.990451,6392,5464,3203,1
2026-08-23 10:07:36.007674,6320,4421,0,1
2026-08-23 10:07:36.007694,6370,5083,2774,1
2026-08-23 10:07:36.007714,6296,4695,8,1
2026-08-23 10:07:36.007734,6393,5291,3303,1
2026-08-23 10:07:36.007754,6263,4722,0,1
2026-08-23 10:07:36.007774,6378,5336,3019,1
2026-08-23 10:07:36.007794,6308,4818,10,1
2026-08-23 10:07:36.007814,6377,5410,2923,1
2026-08-23 10:07:36.007834,6283,4847,0,1
2026-08-23 10:07:36.007854,6378,5399,2777,1
2026-08-23 10:07:36.007874,6312,4868,8,1
2026-08-23 10:07:36.007894,6397,5415,3002,1
2026-08-23 10:07:36.025398,6310,4459,0,1
2026-08-23 10:07:36.025418,6385,5194,2835,1
2026-08-23 10:07:36.025438,6295,4679,15,1
2026-08-23 10:07:36.025458,6384,5339,3151,1
2026-08-23 10:07:36.025478,6271,4762,0,1
2026-08-23 10:07:36.025498,6384,5388,3147,1
2026-08-23 10:07:36.025518,6302,4839,0,1
2026-08-23 10:07:36.025538,6364,5373,2753,1
2026-08-23 10:07:36.025558,6280,4830,0,1
2026-08-23 10:07:36.025578,6378,5454,2992,1
2026-08-23 10:07:36.025598,6297,4866,0,1
2026-08-23 10:07:36.025618,6384,5398,2951,1
2026-08-23 10:07:36.041852,6322,4406,0,1
2026-08-23 10:07:36.041873,6351,5016,2086,1
2026-08-23 10:07:36.041893,6342,4643,0,1
2026-08-23 10:07:36.041913,6368,5284,2968,1
2026-08-23 10:07:36.041933,6283,4751,0,1
2026-08-23 10:07:36.041953,6356,5294,2288,1
2026-08-23 10:07:36.041972,6294,4848,0,1
2026-08-23 10:07:36.041992,6372,5417,2679,1
2026-08-23 10:07:36.042012,6293,4869,0,1
2026-08-23 10:07:36.042032,6252,5215,0,1
2026-08-23 10:07:36.042053,6300,4929,0,1
2026-08-23 10:07:37.330521,6390,5102,2669,1
2026-08-23 10:07:37.330541,6280,4635,0,1
2026-08-23 10:07:37.330561,6337,5177,1836,1
2026-08-23 10:07:37.330581,6290,4798,0,1
2026-08-23 10:07:37.330601,6382,5382,2874,1
2026-08-23 10:07:37.330621,6291,4830,0,1
2026-08-23 10:07:37.330641,6373,5466,3123,1
2026-08-23 10:07:37.330661,6289,4823,0,1
2026-08-23 10:07:37.330681,6364,5428,2690,1
2026-08-23 10:07:37.330701,6302,4877,0,1
2026-08-23 10:07:37.330721,6387,5494,3212,1
2026-08-23 10:07:37.330741,6270,4821,0,1
2026-08-23 10:07:37.330761,6383,5470,3049,1
2026-08-23 10:07:37.330781,6296,4897,0,1
2026-08-23 10:07:37.330801,6374,5424,2700,1
2026-08-23 10:07:37.330821,6288,4881,0,1
2026-08-23 10:07:37.330841,6383,5487,3017,1
2026-08-23 10:07:37.330861,6276,4817,0,1
2026-08-23 10:07:37.330881,6384,5408,2869,1
2026-08-23 10:07:37.330901,6278,4869,0,1
2026-08-23 10:07:37.330921,6378,5422,2377,1
2026-08-23 10:07:37.330941,6292,4862,0,1
2026-08-23 10:07:37.330961,6375,5451,2632,1
2026-08-23 10:07:37.330981,6298,4905,0,1
2026-08-23 10:07:37.331001,6378,5466,2782,1
2026-08-23 10:07:37.331021,6275,4888,0,1
2026-08-23 10:07:37.331041,6425,5489,2929,1
2026-08-23 10:07:37.331061,6304,4898,0,1
2026-08-23 10:07:37.331081,6369,5452,2902,1
2026-08-23 10:07:37.331101,6285,4869,0,1
2026-08-23 10:07:37.331121,6378,5438,2812,1
2026-08-23 10:07:37.331141,6302,4888,0,1
2026-08-23 10:07:37.331161,6381,5486,3003,1
2026-08-23 10:07:37.331181,6258,4836,0,1
2026-08-23 10:07:37.331201,6307,5540,3514,1
2026-08-23 10:07:37.331221,6296,4840,0,1
2026-08-23 10:07:37.331241,6376,5394,2591,1
2026-08-23 10:07:37.331261,6289,4870,0,1
2026-08-23 10:07:37.331281,6310,5286,637,1
2026-08-23 10:07:37.331301,6284,4925,0,1
2026-08-23 10:07:37.331321,6378,5472,2884,1
2026-08-23 10:07:37.331341,6294,4949,0,1
2026-08-23 10:07:37.331361,6383,5478,2928,1
2026-08-23 10:07:37.331381,6290,4878,0,1
2026-08-23 10:07:37.331401,6381,5480,2693,1
2026-08-23 10:07:37.331421,6302,4941,4,1
2026-08-23 10:07:37.331441,6378,5473,3147,1
2026-08-23 10:07:37.331461,6279,4838,0,1
2026-08-23 10:07:37.331481,6381,5474,3142,1
2026-08-23 10:07:37.331501,6304,4877,0,1
2026-08-23 10:07:37.331521,6376,5431,2666,1
2026-08-23 10:07:37.331541,6285,4868,0,1
2026-08-23 10:07:37.331561,6394,5483,3161,1
2026-08-23 10:07:37.331581,6280,4821,0,1
2026-08-23 10:07:37.331601,6369,5421,2852,1
2026-08-23 10:07:37.331621,6286,4834,0,1
2026-08-23 10:07:37.331641,6376,5422,2574,1
2026-08-23 10:07:37.331661,6287,4848,0,1
2026-08-23 10:07:37.331681,6363,5458,2632,1
2026-08-23 10:07:37.331701,6315,4936,0,1
2026-08-23 10:07:37.331721,6375,5504,3253,1
2026-08-23 10:07:37.331741,6267,4833,0,1
2026-08-23 10:07:37.331761,6378,5435,3050,1
2026-08-23 10:07:37.331781,6292,4920,6,1
2026-08-23 10:07:37.331801,6375,5400,2723,1
2026-08-23 10:07:37.331821,6269,4854,0,1
2026-08-23 10:07:37.331841,6378,5488,3023,1
2026-08-23 10:07:37.331861,6285,4827,0,1
2026-08-23 10:07:37.331881,6400,5451,2866,1
2026-08-23 10:07:37.331901,6271,4887,0,1
2026-08-23 10:07:37.331921,6354,5381,1786,1
2026-08-23 10:07:37.331941,6302,4893,0,1
2026-08-23 10:07:37.331961,6384,5447,2600,1
2026-08-23 10:07:37.331981,6303,4958,0,1
2026-08-23 10:07:37.332001,6394,5501,3222,1
2026-08-23 10:07:37.332021,6280,4867,0,1
2026-08-23 10:07:37.332041,6371,5449,2970,1
2026-08-23 10:07:37.332061,6309,4929,16,1
2026-08-23 10:07:37.332081,6373,5472,2807,1
2026-08-23 10:07:37.332101,6284,4867,0,1
2026-08-23 10:07:37.332121,6380,5485,2907,1
2026-08-23 10:07:37.332141,6306,4866,0,1
2026-08-23 10:07:37.332161,6375,5443,3162,1
2026-08-23 10:07:37.332181,6268,4888,0,1
2026-08-23 10:07:37.332201,6250,5223,0,1
2026-08-23 10:07:37.332221,6285,4956,0,1
2026-08-23 10:07:37.332241,6383,5458,2591,1
2026-08-23 10:07:37.332261,6295,4940,0,1
2026-08-23 10:07:37.332281,6390,5484,2978,1
2026-08-23 10:07:37.332301,6275,4908,0,1
2026-08-23 10:07:37.332321,6386,5459,2914,1
2026-08-23 10:07:37.332341,6302,4942,0,1
2026-08-23 10:07:37.332361,6377,5496,2890,1
2026-08-23 10:07:37.332381,6281,4887,0,1
2026-08-23 10:07:37.332401,6369,5476,2808,1
2026-08-23 10:07:37.332421,6300,4874,0,1
2026-08-23 10:07:37.332441,6379,5485,2923,1
2026-08-23 10:07:37.332461,6256,4876,0,1
2026-08-23 10:07:37.332481,6392,5461,3372,1
2026-08-23 10:07:37.332501,6292,4819,23,1
2026-08-23 10:07:37.332521,6377,5387,2595,1
2026-08-23 10:07:37.332541,6305,4870,0,1
2026-08-23 10:07:37.332561,6375,5440,2615,1
2026-08-23 10:07:37.332581,6282,4860,0,1
2026-08-23 10:07:37.332601,6378,5453,2887,1
2026-08-23 10:07:37.332621,6289,4933,0,1
2026-08-23 10:07:37.332641,6384,5473,2969,1
2026-08-23 10:07:37.332661,6282,4900,0,1
2026-08-23 10:07:37.332681,6371,5463,2746,1
2026-08-23 10:07:37.332701,6306,4944,0,1
2026-08-23 10:07:37.332721,6380,5455,3037,1
2026-08-23 10:07:37.332741,6272,4847,0,1
2026-08-23 10:07:37.332761,6386,5479,3275,1
2026-08-23 10:07:37.332781,6284,4893,0,1
2026-08-23 10:07:37.332801,6372,5421,2597,1
2026-08-23 10:07:37.332821,6296,4864,0,1
2026-08-23 10:07:37.332841,6348,5407,1983,1
2026-08-23 10:07:37.332861,6276,4890,0,1
2026-08-23 10:07:37.332881,6369,5499,2868,1
2026-08-23 10:07:37.332901,6305,4942,0,1
2026-08-23 10:07:37.332921,6387,5503,3046,1
2026-08-23 10:07:37.332941,6287,4852,0,1
2026-08-23 10:07:37.332961,6377,5434,2711,1
2026-08-23 10:07:37.332981,6316,4916,17,1
2026-08-23 10:07:37.333001,6381,5503,3101,1
2026-08-23 10:07:37.333021,6273,4842,0,1
2026-08-23 10:07:37.333041,6388,5458,3201,1
2026-08-23 10:07:37.333061,6296,4895,0,1
2026-08-23 10:07:37.333081,6364,5445,2615,1
2026-08-23 10:07:37.333101,6301,4906,0,1
2026-08-23 10:07:37.333121,6319,5307,989,1
2026-08-23 10:07:37.333141,6277,4935,0,1
2026-08-23 10:07:37.333161,6383,5526,2871,1
2026-08-23 10:07:37.333181,6289,4921,0,1
2026-08-23 10:07:37.333201,6378,5494,3124,1
2026-08-23 10:07:37.333221,6289,4895,0,1
2026-08-23 10:07:37.333241,6364,5459,2678,1
2026-08-23 10:07:37.333261,6307,4913,19,1
2026-08-23 10:07:37.333281,6380,5520,3206,1
2026-08-23 10:07:37.333301,6260,4854,0,1
2026-08-23 10:07:37.333321,6383,5469,3132,1
2026-08-23 10:07:37.333341,6295,4907,0,1
2026-08-23 10:07:37.333361,6382,5445,2643,1
2026-08-23 10:07:37.333381,6286,4882,0,1
2026-08-23 10:07:37.333401,6253,5242,0,1
2026-08-23 10:07:37.333421,6289,4939,0,1
2026-08-23 10:07:37.333441,6377,5535,2852,1
2026-08-23 10:07:37.333461,6277,4965,0,1
2026-08-23 10:07:37.333481,6395,5505,3003,1
2026-08-23 10:07:37.333501,6272,4923,0,1
2026-08-23 10:07:37.333521,6378,5435,2656,1
2026-08-23 10:07:37.333541,6304,4955,0,1
2026-08-23 10:07:37.333561,6394,5512,3217,1
2026-08-23 10:07:37.333581,6264,4874,0,1
2026-08-23 10:07:37.333601,6386,5466,3046,1
2026-08-23 10:07:37.333621,6293,4871,0,1
2026-08-23 10:07:37.333641,6378,5425,2669,1
2026-08-23 10:07:37.333661,6279,4902,0,1
2026-08-23 10:07:37.333681,6268,5234,0,1
2026-08-23 10:07:37.333701,6294,4878,0,1
2026-08-23 10:07:37.333721,6382,5479,2879,1
2026-08-23 10:07:37.333741,6284,4868,0,1
2026-08-23 10:07:37.333761,6371,5483,2928,1
2026-08-23 10:07:37.333781,6273,4864,0,1
2026-08-23 10:07:37.333801,6376,5470,2636,1
2026-08-23 10:07:37.333821,6306,4941,0,1
2026-08-23 10:07:37.333841,6392,5511,3195,1
2026-08-23 10:07:37.333861,6270,4876,0,1
2026-08-23 10:07:37.333881,6374,5455,3079,1
2026-08-23 10:07:37.333901,6291,4884,0,1
2026-08-23 10:07:37.333921,6375,5437,2696,1
2026-08-23 10:07:37.333941,6275,4911,0,1
2026-08-23 10:07:37.333961,6383,5471,3086,1
2026-08-23 10:07:37.333981,6283,4820,0,1
2026-08-23 10:07:37.334001,6379,5450,2860,1
2026-08-23 10:07:37.334021,6282,4883,0,1
2026-08-23 10:07:37.334041,6379,5413,2829,1
2026-08-23 10:07:37.334061,6292,4890,0,1
2026-08-23 10:07:37.334081,6370,5447,2639,1
2026-08-23 10:07:37.334101,6307,4893,0,1
2026-08-23 10:07:37.334121,6398,5480,3087,1
2026-08-23 10:07:37.334141,6277,4864,0,1
2026-08-23 10:07:37.334161,6384,5470,2984,1
2026-08-23 10:07:37.334181,6315,4926,0,1
2026-08-23 10:07:37.334201,6378,5456,2749,1
2026-08-23 10:07:37.334221,6273,4900,0,1
2026-08-23 10:07:37.334241,6376,5488,2976,1
2026-08-23 10:07:37.334261,6289,4875,0,1
2026-08-23 10:07:37.334281,6388,5453,2859,1
2026-08-23 10:07:37.334301,6277,4863,0,1
2026-08-23 10:07:37.334321,6363,5389,2397,1
2026-08-23 10:07:37.334341,6292,4868,0,1
2026-08-23 10:07:37.334361,6382,5424,2608,1
2026-08-23 10:07:37.334381,6300,4937,0,1
2026-08-23 10:07:37.334401,6377,5466,2922,1
2026-08-23 10:07:37.334421,6279,4852,0,1
2026-08-23 10:07:37.334441,6382,5439,2955,1
2026-08-23 10:07:37.334461,6314,4896,18,1
2026-08-23 10:07:37.334481,6367,5471,2804,1
2026-08-23 10:07:37.334501,6285,4859,0,1
2026-08-23 10:07:37.334521,6371,5484,2905,1
2026-08-23 10:07:37.334541,6300,4872,0,1
2026-08-23 10:07:37.334561,6377,5449,2909,1
2026-08-23 10:07:37.334581,6261,4849,0,1
2026-08-23 10:07:37.334601,6348,5340,1561,1
2026-08-23 10:07:37.334621,6306,4926,0,1
2026-08-23 10:07:37.334641,6375,5490,2606,1
2026-08-23 10:07:37.334661,6281,4918,0,1
2026-08-23 10:07:37.334681,6372,5480,2636,1
2026-08-23 10:07:37.334701,6273,4908,0,1
2026-08-23 10:07:37.334721,6376,5488,2913,1
2026-08-23 10:07:37.334741,6301,4941,0,1
2026-08-23 10:07:37.334761,6372,5498,2894,1
2026-08-23 10:07:37.334781,6276,4900,0,1
2026-08-23 10:07:37.334801,6384,5480,2787,1
2026-08-23 10:07:37.334821,6302,4882,0,1
2026-08-23 10:07:37.334841,6380,5447,2968,1
2026-08-23 10:07:37.334861,6270,4843,0,1
2026-08-23 10:07:37.334881,6252,5217,0,1
2026-08-23 10:07:37.334901,6291,4932,0,1
2026-08-23 10:07:37.334921,6362,5532,2596,1
2026-08-23 10:07:37.334941,6294,4936,0,1
2026-08-23 10:07:37.334961,6348,5381,1829,1
2026-08-23 10:07:37.334981,6285,4922,0,1
2026-08-23 10:07:37.335001,6371,5518,2890,1
2026-08-23 10:07:37.335021,6291,4971,0,1
2026-08-23 10:07:37.335041,6370,5517,2938,1
2026-08-23 10:07:37.335061,6279,4903,0,1
2026-08-23 10:07:37.335081,6377,5451,2737,1
2026-08-23 10:07:37.335101,6307,4914,14,1
2026-08-23 10:07:37.335121,6386,5508,3035,1
2026-08-23 10:07:37.335141,6263,4848,0,1
2026-08-23 10:07:37.335161,6386,5473,3264,1
2026-08-23 10:07:37.335181,6292,4891,0,1
2026-08-23 10:07:37.335201,6371,5391,2606,1
2026-08-23 10:07:37.335221,6294,4873,0,1
2026-08-23 10:07:37.335241,6300,5276,377,1
2026-08-23 10:07:37.335261,6287,4967,0,1
2026-08-23 10:07:37.335281,6380,5505,2859,1
2026-08-23 10:07:37.335301,6298,4934,0,1
2026-08-23 10:07:37.335321,6381,5528,2904,1
2026-08-23 10:07:37.335341,6277,4877,0,1
2026-08-23 10:07:37.335361,6374,5454,2684,1
2026-08-23 10:07:37.335381,6310,4946,12,1
2026-08-23 10:07:37.335401,6385,5488,3110,1
2026-08-23 10:07:37.335421,6279,4851,0,1
2026-08-23 10:07:37.335441,6384,5521,3191,1
2026-08-23 10:07:37.335461,6292,4896,0,1
2026-08-23 10:07:37.335481,6368,5406,2632,1
2026-08-23 10:07:37.335501,6294,4901,0,1
2026-08-23 10:07:37.335521,6236,5129,0,1
2026-08-23 10:07:37.335541,6286,4842,0,1
2026-08-23 10:07:37.335561,6382,5422,2862,1
2026-08-23 10:07:37.335581,6295,4907,0,1
2026-08-23 10:07:37.335601,6378,5439,2843,1
2026-08-23 10:07:37.335621,6284,4885,0,1
2026-08-23 10:07:37.335641,6376,5414,2660,1
2026-08-23 10:07:37.335661,6300,4903,0,1
2026-08-23 10:07:37.335681,6386,5429,3191,1
2026-08-23 10:07:37.335701,6255,4861,0,1
2026-08-23 10:07:37.335721,6384,5436,3098,1
2026-08-23 10:07:37.335741,6304,4888,0,1
2026-08-23 10:07:37.335761,6368,5418,2685,1
2026-08-23 10:07:37.335781,6277,4898,0,1
2026-08-23 10:07:37.335801,6378,5498,3099,1
2026-08-23 10:07:37.335821,6286,4832,0,1
2026-08-23 10:07:37.335841,6372,5435,2864,1
2026-08-23 10:07:37.335861,6278,4847,0,1
2026-08-23 10:07:37.335881,6365,5376,2313,1
2026-08-23 10:07:37.335901,6287,4863,0,1
2026-08-23 10:07:37.335921,6376,5430,2620,1
2026-08-23 10:07:37.335941,6307,4918,0,1
2026-08-23 10:07:37.335961,6380,5517,3280,1
2026-08-23 10:07:37.335981,6272,4867,0,1
2026-08-23 10:07:37.336001,6376,5444,2979,1
2026-08-23 10:07:37.336021,6306,4892,4,1
2026-08-23 10:07:37.336041,6383,5443,2769,1
2026-08-23 10:07:37.336061,6281,4908,0,1
2026-08-23 10:07:37.336081,6376,5469,2921,1
2026-08-23 10:07:37.336101,6298,4866,0,1
2026-08-23 10:07:37.336121,6380,5435,2916,1
2026-08-23 10:07:37.336141,6269,4872,0,1
2026-08-23 10:07:37.336161,6285,5251,139,1
2026-08-23 10:07:37.336181,6304,4964,0,1
2026-08-23 10:07:37.336201,6378,5499,2598,1
2026-08-23 10:07:37.336221,6300,4940,0,1
2026-08-23 10:07:37.336241,6385,5529,3029,1
2026-08-23 10:07:37.336261,6283,4878,0,1
2026-08-23 10:07:37.336281,6376,5449,2918,1
2026-08-23 10:07:37.336301,6300,4941,0,1
2026-08-23 10:07:37.336321,6380,5492,2925,1
2026-08-23 10:07:37.336341,6388,4893,0,1
2026-08-23 10:07:37.336361,6378,5449,2793,1
2026-08-23 10:07:37.336381,6305,4937,0,1
2026-08-23 10:07:37.336401,6376,5490,2995,1
2026-08-23 10:07:37.336421,6279,4836,0,1
2026-08-23 10:07:37.336441,6392,5470,3336,1
2026-08-23 10:07:37.336461,6295,4825,0,1
2026-08-23 10:07:37.336481,6381,5378,2621,1
2026-08-23 10:07:37.336501,6296,4870,0,1
2026-08-23 10:07:37.336521,6368,5403,2379,1
2026-08-23 10:07:37.336541,6285,4899,0,1
2026-08-23 10:07:37.336561,6386,5488,2877,1
2026-08-23 10:07:37.336581,6302,4894,0,1
2026-08-23 10:07:37.336601,6377,5469,3007,1
2026-08-23 10:07:37.336621,6280,4891,0,1
2026-08-23 10:07:37.336641,6380,5427,2732,1
2026-08-23 10:07:37.336661,6300,4934,14,1
2026-08-23 10:07:37.336681,6383,5462,3087,1
2026-08-23 10:07:37.336701,6264,4874,0,1
2026-08-23 10:07:37.336721,6388,5494,3235,1
2026-08-23 10:07:37.336741,6291,4881,0,1
2026-08-23 10:07:37.336761,6366,5420,2605,1
2026-08-23 10:07:37.336781,6278,4868,0,1
2026-08-23 10:07:37.336801,6341,5342,1675,1
2026-08-23 10:07:37.336821,6277,4903,0,1
2026-08-23 10:07:37.336841,6382,5478,2833,1
2026-08-23 10:07:37.336861,6301,4948,0,1
2026-08-23 10:07:37.336881,6375,5531,3053,1
2026-08-23 10:07:37.336901,6272,4871,0,1
2026-08-23 10:07:37.336921,6381,5440,2705,1
2026-08-23 10:07:37.336941,6304,4918,6,1
2026-08-23 10:07:37.336961,6383,5491,3123,1
2026-08-23 10:07:37.336981,6279,4856,0,1
2026-08-23 10:07:37.337001,6401,5489,3174,1
2026-08-23 10:07:37.337021,6298,4856,0,1
2026-08-23 10:07:37.337041,6378,5409,2631,1
2026-08-23 10:07:37.337061,6284,4873,0,1
2026-08-23 10:07:37.337081,6315,5319,761,1
2026-08-23 10:07:37.337101,6293,4961,0,1
2026-08-23 10:07:37.337121,6383,5473,3054,1
2026-08-23 10:07:37.337141,6290,4955,0,1
2026-08-23 10:07:37.337161,6379,5525,3132,1
2026-08-23 10:07:37.337181,6269,4893,0,1
2026-08-23 10:07:37.337201,6371,5461,2666,1
2026-08-23 10:07:37.337221,6306,4940,13,1
2026-08-23 10:07:37.337241,6383,5475,3193,1
2026-08-23 10:07:37.337261,6269,4838,0,1
2026-08-23 10:07:37.337281,6390,5445,3102,1
2026-08-23 10:07:37.337301,6313,4905,0,1
2026-08-23 10:07:37.337321,6382,5420,2658,1
2026-08-23 10:07:37.337341,6291,4877,0,1
2026-08-23 10:07:37.337361,6228,5078,0,1
2026-08-23 10:07:37.337381,6291,4840,0,1
2026-08-23 10:07:37.337401,6377,5420,2855,1
2026-08-23 10:07:37.337421,6280,4880,0,1
2026-08-23 10:07:37.337441,6374,5470,2967,1
2026-08-23 10:07:37.337461,6284,4875,0,1
2026-08-23 10:07:37.337481,6361,5419,2645,1
2026-08-23 10:07:37.337501,6302,4941,0,1
2026-08-23 10:07:37.337521,6384,5502,3183,1
2026-08-23 10:07:37.337541,6233,4844,0,1
2026-08-23 10:07:37.337561,6386,5464,3032,1
2026-08-23 10:07:37.337581,6301,4907,0,1
2026-08-23 10:07:37.337601,6358,5416,2697,1
2026-08-23 10:07:37.337621,6282,4888,0,1
2026-08-23 10:07:37.337641,6374,5446,3036,1
2026-08-23 10:07:37.337661,6284,4850,0,1
2026-08-23 10:07:37.337681,6383,5428,2869,1
2026-08-23 10:07:37.337701,6280,4849,0,1
2026-08-23 10:07:37.337721,6373,5409,2756,1
2026-08-23 10:07:37.337741,6294,4849,0,1
2026-08-23 10:07:37.337761,6378,5407,2618,1
2026-08-23 10:07:37.337781,6304,4928,0,1
2026-08-23 10:07:37.337801,6382,5486,3058,1
2026-08-23 10:07:37.337821,6274,4865,0,1
2026-08-23 10:07:37.337841,6379,5471,2983,1
2026-08-23 10:07:37.337861,6308,4923,25,1
2026-08-23 10:07:37.337881,6369,5434,2778,1
2026-08-23 10:07:37.337901,6285,4894,0,1
2026-08-23 10:07:37.337921,6383,5473,2926,1
2026-08-23 10:07:37.337941,6289,4891,0,1
2026-08-23 10:07:37.337961,6374,5444,2903,1
2026-08-23 10:07:37.337981,6288,4860,0,1
2026-08-23 10:07:37.338001,6333,5387,1656,1
2026-08-23 10:07:37.338021,6300,4939,0,1
2026-08-23 10:07:37.338041,6372,5482,2601,1
2026-08-23 10:07:37.338061,6296,4949,0,1
2026-08-23 10:07:37.338081,6363,5462,2521,1
2026-08-23 10:07:37.338101,6282,4908,0,1
2026-08-23 10:07:37.338121,6380,5473,2894,1
2026-08-23 10:07:37.338141,6293,4917,0,1
2026-08-23 10:07:37.338161,6385,5468,2902,1
2026-08-23 10:07:37.338181,6269,4885,0,1
2026-08-23 10:07:37.338201,6388,5463,2795,1
2026-08-23 10:07:37.338221,6315,4935,0,1
2026-08-23 10:07:37.338241,6374,5479,2971,1
2026-08-23 10:07:37.338261,6265,4851,0,1
2026-08-23 10:07:37.338281,6228,5167,0,1
2026-08-23 10:07:37.338301,6303,4930,0,1
2026-08-23 10:07:37.338321,6375,5439,2602,1
2026-08-23 10:07:37.338341,6291,4929,0,1
2026-08-23 10:07:37.338361,6288,5387,1654,1
2026-08-23 10:07:37.338381,6288,4911,0,1
2026-08-23 10:07:37.338401,6377,5516,2810,1
2026-08-23 10:07:37.338421,6307,4951,0,1
2026-08-23 10:07:37.338441,6386,5496,2999,1
2026-08-23 10:07:37.338461,6284,4876,0,1
2026-08-23 10:07:37.338481,6374,5475,2748,1
2026-08-23 10:07:37.338501,6307,4936,20,1
2026-08-23 10:07:37.338521,6385,5503,3045,1
2026-08-23 10:07:37.338541,6266,4872,0,1
2026-08-23 10:07:37.338561,6387,5490,3197,1
2026-08-23 10:07:37.338581,6300,4876,0,1
2026-08-23 10:07:37.338601,6371,5414,2624,1
2026-08-23 10:07:37.338621,6289,4902,0,1
2026-08-23 10:07:37.338641,6282,5225,0,1
2026-08-23 10:07:37.338661,6284,4944,0,1
2026-08-23 10:07:37.338681,6381,5497,2864,1
2026-08-23 10:07:37.338701,6288,4966,0,1
2026-08-23 10:07:37.338721,6375,5509,2913,1
2026-08-23 10:07:37.338741,6280,4918,0,1
2026-08-23 10:07:37.338761,6373,5480,2681,1
2026-08-23 10:07:37.338781,6312,4916,5,1
2026-08-23 10:07:37.338801,6376,5516,3110,1
2026-08-23 10:07:37.338821,6263,4845,0,1
2026-08-23 10:07:37.338841,6394,5464,3173,1
2026-08-23 10:07:37.338861,6300,4898,0,1
2026-08-23 10:07:37.338881,6374,5411,2646,1
2026-08-23 10:07:37.338901,6287,4870,0,1
2026-08-23 10:07:37.338921,6244,5178,0,1
2026-08-23 10:07:37.338941,6278,4860,0,1
2026-08-23 10:07:37.338961,6374,5420,2850,1
2026-08-23 10:07:37.338981,6294,4864,0,1
2026-08-23 10:07:37.339001,6380,5464,2822,1
2026-08-23 10:07:37.339021,6286,4890,0,1
2026-08-23 10:07:37.339041,6371,5448,2652,1
2026-08-23 10:07:37.339061,6301,4947,15,1
2026-08-23 10:07:37.339081,6383,5481,3206,1
2026-08-23 10:07:37.339101,6264,4879,0,1
2026-08-23 10:07:37.339121,6383,5447,3090,1
2026-08-23 10:07:37.339141,6307,4879,0,1
2026-08-23 10:07:37.339161,6379,5429,2693,1
2026-08-23 10:07:37.339181,6285,4887,0,1
2026-08-23 10:07:37.339201,6392,5467,2974,1
2026-08-23 10:07:37.339221,6284,4842,0,1
2026-08-23 10:07:37.339241,6383,5399,2860,1
2026-08-23 10:07:37.339261,6282,4871,0,1
2026-08-23 10:07:37.339281,6366,5406,2413,1
2026-08-23 10:07:37.339301,6294,4853,0,1
2026-08-23 10:07:37.339321,6374,5472,2624,1
2026-08-23 10:07:37.339341,6294,4913,0,1
2026-08-23 10:07:37.339361,6382,5491,3292,1
2026-08-23 10:07:37.339381,6270,4847,0,1
2026-08-23 10:07:37.339401,6396,5433,3018,1
2026-08-23 10:07:37.339421,6298,4910,1,1
2026-08-23 10:07:37.339441,6387,5463,2747,1
2026-08-23 10:07:37.339461,6277,4890,0,1
2026-08-23 10:07:37.339481,6377,5482,3009,1
2026-08-23 10:07:37.339501,6274,4859,0,1
2026-08-23 10:07:37.339521,6380,5450,2869,1
2026-08-23 10:07:37.339541,6269,4844,0,1
2026-08-23 10:07:37.339561,6352,5396,1936,1
2026-08-23 10:07:37.339581,6291,4931,0,1
2026-08-23 10:07:37.339601,6370,5460,2605,1
2026-08-23 10:07:37.339621,6307,4915,0,1
2026-08-23 10:07:37.339641,6388,5521,3253,1
2026-08-23 10:07:37.339661,6271,4870,0,1
2026-08-23 10:07:37.339681,6350,5449,2986,1
2026-08-23 10:07:37.339701,6315,4924,15,1
2026-08-23 10:07:37.339721,6372,5453,2769,1
2026-08-23 10:07:37.339741,6284,4863,0,1
2026-08-23 10:07:37.339761,6381,5478,2956,1
2026-08-23 10:07:37.339781,6290,4861,184,1
2026-08-23 10:07:37.339801,6384,5434,2872,1
2026-08-23 10:07:37.339821,6358,4850,0,1
2026-08-23 10:07:37.339841,6321,5310,1207,1
2026-08-23 10:07:37.339861,6295,4944,0,1
2026-08-23 10:07:37.339881,6380,5480,2594,1
2026-08-23 10:07:37.339901,6304,4929,0,1
2026-08-23 10:07:37.339921,6382,5530,3185,1
2026-08-23 10:07:37.339941,6274,4880,0,1
2026-08-23 10:07:37.339961,6387,5478,2937,1
2026-08-23 10:07:37.339981,6434,4928,12,1
2026-08-23 10:07:37.340001,6373,5469,2806,1
2026-08-23 10:07:37.340021,6302,4885,0,1
2026-08-23 10:07:37.340041,6379,5475,2903,1
2026-08-23 10:07:37.340061,6295,4869,0,1
2026-08-23 10:07:37.340081,6380,5442,2913,1
2026-08-23 10:07:37.340101,6272,4861,0,1
2026-08-23 10:07:37.340121,6281,5258,8,1
2026-08-23 10:07:37.340141,6306,4959,0,1
2026-08-23 10:07:37.340161,6376,5472,2572,1
2026-08-23 10:07:37.340181,6297,4944,0,1
2026-08-23 10:07:37.340201,6379,5508,3054,1
2026-08-23 10:07:37.340221,6270,4901,0,1
2026-08-23 10:07:37.340241,6393,5457,2918,1
2026-08-23 10:07:37.340261,6292,4908,13,1
2026-08-23 10:07:37.340281,6372,5461,2853,1
2026-08-23 10:07:37.340301,6274,4864,0,1
2026-08-23 10:07:37.340321,6369,5499,2842,1
2026-08-23 10:07:37.340341,6295,4892,0,1
2026-08-23 10:07:37.340361,6379,5478,2939,1
2026-08-23 10:07:37.340381,6273,4842,0,1
2026-08-23 10:07:37.340401,6228,5090,0,1
2026-08-23 10:07:37.340421,6293,4878,0,1
2026-08-23 10:07:37.340441,6378,5422,2582,1
2026-08-23 10:07:37.340461,6289,4902,0,1
2026-08-23 10:07:37.340481,6392,5463,2927,1
2026-08-23 10:07:37.340501,6274,4891,0,1
2026-08-23 10:07:37.340521,6387,5444,2911,1
2026-08-23 10:07:37.340541,6300,4937,0,1
2026-08-23 10:07:37.340561,6383,5483,2905,1
2026-08-23 10:07:37.340581,6283,4885,0,1
2026-08-23 10:07:37.340601,6378,5472,2658,1
2026-08-23 10:07:37.340621,6291,4920,0,1
2026-08-23 10:07:37.340641,6375,5479,2981,1
2026-08-23 10:07:37.340661,6278,4872,0,1
2026-08-23 10:07:37.340681,6390,5487,3375,1
2026-08-23 10:07:37.340701,6283,4803,0,1
2026-08-23 10:07:37.340721,6371,5379,2599,1
2026-08-23 10:07:37.340741,6291,4864,0,1
2026-08-23 10:07:37.340761,6364,5434,2551,1
2026-08-23 10:07:37.340781,6282,4860,0,1
2026-08-23 10:07:37.340801,6374,5485,2884,1
2026-08-23 10:07:37.340821,6299,4929,0,1
2026-08-23 10:07:37.340841,6381,5496,2989,1
2026-08-23 10:07:37.340861,6273,4860,0,1
2026-08-23 10:07:37.340881,6369,5474,2737,1
2026-08-23 10:07:37.340901,6310,4906,15,1
2026-08-23 10:07:37.340921,6383,5449,3051,1
2026-08-23 10:07:37.340941,6265,4868,0,1
2026-08-23 10:07:37.340961,6379,5447,3417,1
2026-08-23 10:07:37.340981,6296,4834,0,1
2026-08-23 10:07:37.341001,6368,5426,2606,1
2026-08-23 10:07:37.341021,6290,4874,0,1
2026-08-23 10:07:37.341041,6338,5366,1520,1
2026-08-23 10:07:37.341061,6288,4929,0,1
2026-08-23 10:07:37.341081,6369,5492,2878,1
2026-08-23 10:07:37.341101,6286,4936,0,1
2026-08-23 10:07:37.341121,6379,5514,3111,1
2026-08-23 10:07:37.341141,6283,4855,0,1
2026-08-23 10:07:37.341161,6377,5429,2675,1
2026-08-23 10:07:37.341181,6317,4904,5,1
2026-08-23 10:07:37.341201,6382,5505,3171,1
2026-08-23 10:07:37.341221,6275,4825,0,1
2026-08-23 10:07:37.341241,6384,5446,3123,1
2026-08-23 10:07:37.341261,6294,4871,0,1
2026-08-23 10:07:37.341281,6382,5417,2667,1
2026-08-23 10:07:37.341301,6277,4911,0,1
2026-08-23 10:07:37.341321,6223,5076,0,1
2026-08-23 10:07:37.341341,6285,4827,0,1
2026-08-23 10:07:37.341361,6371,5450,2884,1
2026-08-23 10:07:37.341381,6289,4855,0,1
2026-08-23 10:07:37.341401,6389,5467,2972,1
2026-08-23 10:07:37.341421,6292,4835,0,1
2026-08-23 10:07:37.341441,6363,5441,2488,1
2026-08-23 10:07:37.341461,6296,4920,0,1
2026-08-23 10:07:37.341481,6387,5498,3193,1
2026-08-23 10:07:37.341501,6268,4859,0,1
2026-08-23 10:07:37.341521,6365,5451,3008,1
2026-08-23 10:07:37.341541,6300,4909,8,1
2026-08-23 10:07:37.341561,6375,5418,2748,1
2026-08-23 10:07:37.341581,6290,4895,0,1
2026-08-23 10:07:37.341601,6375,5450,2987,1
2026-08-23 10:07:37.341621,6297,4835,0,1
2026-08-23 10:07:37.341641,6369,5456,2893,1
2026-08-23 10:07:37.341661,6275,4877,0,1
2026-08-23 10:07:37.341681,6359,5378,2314,1
2026-08-23 10:07:37.341701,6287,4898,0,1
2026-08-23 10:07:37.341721,6374,5421,2609,1
2026-08-23 10:07:37.341741,6295,4906,0,1
2026-08-23 10:07:37.341761,6382,5485,2778,1
2026-08-23 10:07:37.341781,6277,4853,0,1
2026-08-23 10:07:37.341801,6386,5464,2930,1
2026-08-23 10:07:37.341821,6303,4926,0,1
2026-08-23 10:07:37.341841,6383,5478,2867,1
2026-08-23 10:07:37.341861,6284,4911,0,1
2026-08-23 10:07:37.341881,6382,5508,2820,1
2026-08-23 10:07:37.341901,6313,4911,0,1
2026-08-23 10:07:37.341921,6384,5464,2993,1
2026-08-23 10:07:37.341941,6267,4837,0,1
2026-08-23 10:07:37.341961,6236,5131,0,1
2026-08-23 10:07:37.341981,6302,4934,0,1
2026-08-23 10:07:37.342001,6380,5449,2612,1
2026-08-23 10:07:37.342021,6289,4963,0,1
2026-08-23 10:07:37.342041,6336,5365,1412,1
2026-08-23 10:07:37.342061,6286,4926,0,1
2026-08-23 10:07:37.342081,6372,5533,2887,1
2026-08-23 10:07:37.342101,6292,4980,0,1
2026-08-23 10:07:37.342121,6381,5492,3031,1
2026-08-23 10:07:37.342141,6277,4871,0,1
2026-08-23 10:07:37.342161,6376,5444,2710,1
2026-08-23 10:07:37.342181,6298,4950,17,1
2026-08-23 10:07:37.342201,6383,5470,3117,1
2026-08-23 10:07:37.342221,6270,4837,0,1
2026-08-23 10:07:37.342241,6384,5486,3182,1
2026-08-23 10:07:37.342261,6298,4857,0,1
2026-08-23 10:07:37.342281,6374,5415,2630,1
2026-08-23 10:07:37.342301,6282,4900,0,1
2026-08-23 10:07:37.342321,6274,5236,0,1
2026-08-23 10:07:37.342341,6276,4829,0,1
2026-08-23 10:07:37.342361,6372,5389,2853,1
2026-08-23 10:07:37.342381,6278,4859,0,1
2026-08-23 10:07:37.342401,6378,5428,2762,1
2026-08-23 10:07:37.342421,6293,4890,0,1
2026-08-23 10:07:37.342441,6375,5453,2660,1
2026-08-23 10:07:37.342461,6304,4936,0,1
2026-08-23 10:07:37.342481,6393,5485,3257,1
2026-08-23 10:07:37.342501,6264,4859,0,1
2026-08-23 10:07:37.342521,6383,5472,3044,1
2026-08-23 10:07:37.342541,6302,4872,16,1
2026-08-23 10:07:37.342561,6382,5429,2721,1
2026-08-23 10:07:37.342581,6279,4867,0,1
2026-08-23 10:07:37.342601,6378,5487,3026,1
2026-08-23 10:07:37.342621,6295,4864,0,1
2026-08-23 10:07:37.342641,6376,5410,2871,1
2026-08-23 10:07:37.342661,6280,4867,0,1
2026-08-23 10:07:37.342681,6344,5350,1893,1
2026-08-23 10:07:37.342701,6281,4914,0,1
2026-08-23 10:07:37.342721,6320,5440,2609,1
2026-08-23 10:07:37.342741,6302,4923,0,1
2026-08-23 10:07:37.342761,6382,5523,3231,1
2026-08-23 10:07:37.342781,6275,4872,0,1
2026-08-23 10:07:37.342801,6380,5421,2964,1
2026-08-23 10:07:37.342821,6298,4926,19,1
2026-08-23 10:07:37.342841,6367,5459,2824,1
2026-08-23 10:07:37.342861,6270,4905,0,1
2026-08-23 10:07:37.342881,6378,5450,2861,1
2026-08-23 10:07:37.342901,6307,4880,0,1
2026-08-23 10:07:37.342921,6366,5445,2923,1
2026-08-23 10:07:37.342941,6267,4873,0,1
2026-08-23 10:07:37.342961,6221,5167,0,1
2026-08-23 10:07:37.342981,6289,4921,0,1
2026-08-23 10:07:37.343001,6374,5442,2599,1
2026-08-23 10:07:37.343021,6285,4938,0,1
2026-08-23 10:07:37.343041,6383,5484,2847,1
2026-08-23 10:07:37.343061,6262,4870,0,1
2026-08-23 10:07:37.343081,6376,5453,2905,1
2026-08-23 10:07:37.343101,6295,4948,0,1
2026-08-23 10:07:37.343121,6380,5500,2965,1
2026-08-23 10:07:37.343141,6274,4862,0,1
2026-08-23 10:07:37.343161,6375,5429,2742,1
2026-08-23 10:07:37.343181,6299,4951,8,1
2026-08-23 10:07:37.343201,6382,5495,3054,1
2026-08-23 10:07:37.343221,6272,4856,0,1
2026-08-23 10:07:37.343241,6390,5449,3230,1
2026-08-23 10:07:37.343261,6294,4870,0,1
2026-08-23 10:07:37.343281,6369,5400,2618,1
2026-08-23 10:07:37.343301,6276,4866,0,1
2026-08-23 10:07:37.343321,6328,5325,1392,1
2026-08-23 10:07:37.343341,6290,4965,0,1
2026-08-23 10:07:37.343361,6377,5526,2867,1
2026-08-23 10:07:37.343381,6291,4947,0,1
2026-08-23 10:07:37.343401,6386,5525,3132,1
2026-08-23 10:07:37.343421,6279,4890,0,1
2026-08-23 10:07:37.343441,6376,5463,2673,1
2026-08-23 10:07:37.343461,6305,4907,10,1
2026-08-23 10:07:37.343481,6382,5500,3179,1
2026-08-23 10:07:37.343501,6269,4870,0,1
2026-08-23 10:07:37.343521,6386,5444,3101,1
2026-08-23 10:07:37.343541,6298,4899,0,1
2026-08-23 10:07:37.343561,6370,5445,2651,1
2026-08-23 10:07:37.343581,6278,4882,0,1
2026-08-23 10:07:37.343601,6230,5158,0,1
2026-08-23 10:07:37.343621,6275,4901,0,1
2026-08-23 10:07:37.343641,6376,5454,2850,1
2026-08-23 10:07:37.343661,6282,4893,0,1
2026-08-23 10:07:37.343681,6383,5474,2990,1
2026-08-23 10:07:37.343701,6277,4900,0,1
2026-08-23 10:07:37.343721,6491,5452,2635,1
2026-08-23 10:07:37.343741,6306,4945,0,1
2026-08-23 10:07:37.343761,6406,5511,3219,1
2026-08-23 10:07:37.343781,6267,4839,0,1
2026-08-23 10:07:37.343801,6378,5455,3055,1
2026-08-23 10:07:37.343821,6306,4871,0,1
2026-08-23 10:07:37.343841,6371,5448,2663,1
2026-08-23 10:07:37.343861,6278,4891,0,1
2026-08-23 10:07:37.343881,6384,5437,1831,1
2026-08-23 10:07:37.343901,6280,4837,0,1
2026-08-23 10:07:37.343921,6379,5441,2862,1
2026-08-23 10:07:37.343941,6285,4837,0,1
2026-08-23 10:07:37.343961,6373,5456,2884,1
2026-08-23 10:07:37.343981,6287,4871,0,1
2026-08-23 10:07:37.344001,6376,5403,2646,1
2026-08-23 10:07:37.344021,6297,4925,0,1
2026-08-23 10:07:37.344041,6380,5464,3167,1
2026-08-23 10:07:37.344061,6273,4864,0,1
2026-08-23 10:07:37.344081,6382,5465,2999,1
2026-08-23 10:07:37.344101,6301,4874,6,1
2026-08-23 10:07:37.344121,6380,5457,2735,1
2026-08-23 10:07:37.344141,6282,4858,0,1
2026-08-23 10:07:37.344161,6387,5453,3020,1
2026-08-23 10:07:37.344181,6282,4833,0,1
2026-08-23 10:07:37.344201,6373,5414,2862,1
2026-08-23 10:07:37.344221,6273,4857,0,1
2026-08-23 10:07:37.344241,6372,5436,2598,1
2026-08-23 10:07:37.344261,6294,4870,0,1
2026-08-23 10:07:37.344281,6366,5413,2625,1
2026-08-23 10:07:37.344301,6284,4899,0,1
2026-08-23 10:07:37.344321,6388,5473,3009,1
2026-08-23 10:07:37.344341,6275,4868,0,1
2026-08-23 10:07:37.344361,6370,5441,2957,1
2026-08-23 10:07:37.344381,6294,4880,10,1
2026-08-23 10:07:37.344401,6383,5466,2767,1
2026-08-23 10:07:37.344421,6279,4881,0,1
2026-08-23 10:07:37.344441,6378,5461,2934,1
2026-08-23 10:07:37.344461,6290,4869,0,1
2026-08-23 10:07:37.344481,6376,5461,2885,1
2026-08-23 10:07:37.344501,6273,4872,0,1
2026-08-23 10:07:37.344521,6354,5406,2065,1
2026-08-23 10:07:37.344541,6290,4917,0,1
2026-08-23 10:07:37.344561,6366,5420,2609,1
2026-08-23 10:07:37.344581,6316,4906,0,1
2026-08-23 10:07:37.344601,6380,5448,2817,1
2026-08-23 10:07:37.344621,6277,4872,0,1
2026-08-23 10:07:37.344641,6380,5438,2930,1
2026-08-23 10:07:37.344661,6307,4897,4,1
2026-08-23 10:07:37.344681,6380,5443,2818,1
2026-08-23 10:07:37.344701,6270,4902,0,1
2026-08-23 10:07:37.344721,6376,5470,2859,1
2026-08-23 10:07:37.344741,6301,4879,0,1
2026-08-23 10:07:37.344761,6374,5455,2925,1
2026-08-23 10:07:37.344781,6268,4852,0,1
2026-08-23 10:07:37.344801,6312,5327,1251,1
2026-08-23 10:07:37.344821,6295,4930,0,1
2026-08-23 10:07:37.344841,6367,5499,2592,1
2026-08-23 10:07:37.344861,6281,4951,0,1
2026-08-23 10:07:37.344881,6386,5478,2638,1
2026-08-23 10:07:37.344901,6272,4867,0,1
2026-08-23 10:07:37.405401,6392,2802,2633,1
2026-08-23 10:07:37.405421,6310,3015,0,1
2026-08-23 10:07:37.405442,6362,4068,2278,1
2026-08-23 10:07:37.405462,6303,3970,0,1
2026-08-23 10:07:37.405482,6356,4735,2664,1
2026-08-23 10:07:37.405502,6250,4306,0,1
2026-08-23 10:07:37.405521,6368,5019,2610,1
2026-08-23 10:07:37.405541,6242,4515,0,1
2026-08-23 10:07:37.405561,6232,4929,0,1
2026-08-23 10:07:37.405581,6265,4688,0,1
2026-08-23 10:07:37.405602,6362,5345,2731,1
2026-08-23 10:07:37.405622,6308,4814,0,1
2026-08-23 10:07:37.405642,6360,5386,2415,1
2026-08-23 10:07:37.405662,6272,4888,0,1
2026-08-23 10:07:37.405682,6380,5410,2700,1
2026-08-23 10:07:37.405701,6243,4810,0,1
2026-08-23 10:07:37.405721,6381,5414,3154,1
2026-08-23 10:07:37.405741,6264,4821,0,1
2026-08-23 10:07:37.405761,6364,5351,2403,1
2026-08-23 10:07:37.405782,6295,4873,0,1
2026-08-23 10:07:37.405802,6381,5434,2973,1
2026-08-23 10:07:37.405822,6252,4808,0,1
2026-08-23 10:07:37.405842,6309,5307,1105,1
2026-08-23 10:07:37.405861,6386,4872,0,1
2026-08-23 10:07:37.405881,6359,5464,2469,1
2026-08-23 10:07:37.405901,6300,4933,7,1
2026-08-23 10:07:37.405921,6347,5509,2926,1
2026-08-23 10:07:37.405941,6252,4848,0,1
2026-08-23 10:07:37.405962,6265,5243,18,1
2026-08-23 10:07:37.405982,6274,4950,0,1
2026-08-23 10:07:37.406002,6365,5459,2499,1
2026-08-23 10:07:37.406022,6297,4977,0,1
2026-08-23 10:07:37.406041,6379,5483,2992,1
2026-08-23 10:07:37.406061,6250,4830,0,1
2026-08-23 10:07:37.406081,6247,5166,0,1
2026-08-23 10:07:37.406101,6293,4891,0,1
2026-08-23 10:07:37.406121,6378,5451,2632,1
2026-08-23 10:07:37.426793,6313,3198,0,1
2026-08-23 10:07:37.426813,6391,4288,3485,1
2026-08-23 10:07:37.426833,6267,3953,0,1
2026-08-23 10:07:37.426853,6362,4752,2870,1
2026-08-23 10:07:37.426873,6285,4382,0,1
2026-08-23 10:07:37.426893,6372,5097,2886,1
2026-08-23 10:07:37.426913,6292,4659,6,1
2026-08-23 10:07:37.426933,6373,5312,3364,1
2026-08-23 10:07:37.426953,6272,4698,0,1
2026-08-23 10:07:37.426973,6371,5354,3024,1
2026-08-23 10:07:37.426993,6285,4810,0,1
2026-08-23 10:07:37.427013,6377,5388,3198,1
2026-08-23 10:07:37.427033,6278,4764,0,1
2026-08-23 10:07:37.427053,6382,5343,2748,1
2026-08-23 10:07:37.444124,6339,4285,0,1
2026-08-23 10:07:37.444144,6368,5010,2974,1
2026-08-23 10:07:37.444164,6288,4502,0,1
2026-08-23 10:07:37.444184,6364,5206,2797,1
2026-08-23 10:07:37.444204,6293,4709,0,1
2026-08-23 10:07:37.444224,6384,5379,3402,1
2026-08-23 10:07:37.444244,6267,4774,0,1
2026-08-23 10:07:37.444264,6374,5348,2999,1
2026-08-23 10:07:37.444284,6280,4799,0,1
2026-08-23 10:07:37.444304,6367,5410,2878,1
2026-08-23 10:07:37.444324,6282,4829,0,1
2026-08-23 10:07:37.444344,6369,5370,2762,1
2026-08-23 10:07:37.463529,6303,4452,0,1
2026-08-23 10:07:37.463549,6383,5195,3234,1
2026-08-23 10:07:37.463569,6289,4682,3,1
2026-08-23 10:07:37.463589,6370,5293,2878,1
2026-08-23 10:07:37.463609,6278,4767,0,1
2026-08-23 10:07:37.463629,6373,5360,2836,1
2026-08-23 10:07:37.463649,6282,4816,1,1
2026-08-23 10:07:37.463669,6365,5410,3226,1
2026-08-23 10:07:37.463689,6265,4848,0,1
2026-08-23 10:07:37.463709,6376,5437,3096,1
2026-08-23 10:07:37.463729,6299,4859,15,1
2026-08-23 10:07:37.463749,6374,5395,2854,1
2026-08-23 10:07:37.481916,6295,4414,0,1
2026-08-23 10:07:37.481936,6381,5095,3127,1
2026-08-23 10:07:37.481956,6287,4669,4,1
2026-08-23 10:07:37.481976,6366,5265,2986,1
2026-08-23 10:07:37.481996,6274,4726,0,1
2026-08-23 10:07:37.482016,6381,5372,2767,1
2026-08-23 10:07:37.482036,6294,4852,16,1
2026-08-23 10:07:37.482056,6375,5429,3360,1
2026-08-23 10:07:37.482076,6271,4788,0,1
2026-08-23 10:07:37.482096,6368,5407,2993,1
2026-08-23 10:07:37.482116,6286,4878,0,1
2026-08-23 10:07:37.482136,6375,5393,2988,1
2026-08-23 10:07:37.482156,6287,4835,0,1
2026-08-23 10:07:37.499755,6358,4843,1916,1
2026-08-23 10:07:37.499775,6281,4481,0,1
2026-08-23 10:07:37.499795,6363,5162,2611,1
2026-08-23 10:07:37.499815,6294,4682,0,1
2026-08-23 10:07:37.499835,6372,5328,3218,1
2026-08-23 10:07:37.499855,6243,4742,0,1
2026-08-23 10:07:37.499875,6369,5352,3036,1
2026-08-23 10:07:37.499895,6280,4842,0,1
2026-08-23 10:07:37.499915,6351,5360,2689,1
2026-08-23 10:07:37.499935,6273,4825,0,1
2026-08-23 10:07:37.499955,6372,5425,3162,1
2026-08-23 10:07:37.499975,6273,4715,0,1
2026-08-23 10:07:37.516342,6394,4887,2784,1
2026-08-23 10:07:37.516362,6289,4502,0,1
2026-08-23 10:07:37.516382,6366,5149,2805,1
2026-08-23 10:07:37.516402,6267,4629,0,1
2026-08-23 10:07:37.516422,6375,5261,2713,1
2026-08-23 10:07:37.516442,6271,4720,0,1
2026-08-23 10:07:37.516462,6353,5356,2598,1
2026-08-23 10:07:37.516482,6290,4862,8,1
2026-08-23 10:07:37.516502,6365,5414,3100,1
2026-08-23 10:07:37.516522,6249,4791,0,1
2026-08-23 10:07:37.516542,6389,5402,3471,1
2026-08-23 10:07:37.534832,6336,4338,0,1
2026-08-23 10:07:37.534852,6375,5079,2913,1
2026-08-23 10:07:37.534872,6280,4624,0,1
2026-08-23 10:07:37.534892,6369,5278,2923,1
2026-08-23 10:07:37.534912,6277,4741,0,1
2026-08-23 10:07:37.534932,6365,5307,2636,1
2026-08-23 10:07:37.534952,6278,4848,0,1
2026-08-23 10:07:37.534972,6360,5437,3025,1
2026-08-23 10:07:37.534992,6259,4820,0,1
2026-08-23 10:07:37.535012,6368,5417,2950,1
2026-08-23 10:07:37.535032,6296,4876,4,1
2026-08-23 10:07:37.535052,6367,5410,2716,1
2026-08-23 10:07:37.552490,6298,4330,0,1
2026-08-23 10:07:37.552510,6352,4952,2001,1
2026-08-23 10:07:37.552530,6278,4631,0,1
2026-08-23 10:07:37.552550,6350,5271,2671,1
2026-08-23 10:07:37.552570,6288,4785,0,1
2026-08-23 10:07:37.552590,6221,5061,0,1
2026-08-23 10:07:37.552610,6253,4820,0,1
2026-08-23 10:07:37.552630,6376,5427,2939,1
2026-08-23 10:07:37.552650,6263,4875,0,1
2026-08-23 10:07:37.552670,6325,5320,1500,1
2026-08-23 10:07:37.552690,6289,4898,0,1
2026-08-23 10:07:37.552710,6357,5458,2668,1
2026-08-23 10:07:37.570599,6315,4433,0,1
2026-08-23 10:07:37.570619,6376,5155,3210,1
2026-08-23 10:07:37.570639,6284,4558,0,1
2026-08-23 10:07:37.570659,6363,5236,2720,1
2026-08-23 10:07:37.570679,6272,4719,0,1
2026-08-23 10:07:37.570699,6298,5206,823,1
2026-08-23 10:07:37.570719,6282,4881,0,1
2026-08-23 10:07:37.570739,6371,5469,2968,1
2026-08-23 10:07:37.570759,6268,4886,0,1
2026-08-23 10:07:37.570779,6282,5264,546,1
2026-08-23 10:07:37.570799,6290,4961,0,1
2026-08-23 10:07:37.570819,6373,5477,2690,1
2026-08-23 10:07:37.590374,6304,4444,0,1
2026-08-23 10:07:37.590394,6351,5073,2249,1
2026-08-23 10:07:37.590414,6300,4674,0,1
2026-08-23 10:07:37.590434,6361,5289,2772,1
2026-08-23 10:07:37.590454,6278,4761,0,1
2026-08-23 10:07:37.590474,6368,5395,3096,1
2026-08-23 10:07:37.590494,6272,4792,0,1
2026-08-23 10:07:37.590514,6355,5405,3321,1
2026-08-23 10:07:37.590534,6262,4780,0,1
2026-08-23 10:07:37.590554,6372,5448,3282,1
2026-08-23 10:07:37.590574,6289,4818,0,1
2026-08-23 10:07:37.590594,6366,5402,2753,1
2026-08-23 10:07:37.590614,6277,4835,0,1
2026-08-23 10:07:37.610318,6390,4903,2885,1
2026-08-23 10:07:37.610338,6266,4424,0,1
2026-08-23 10:07:37.610358,6356,5136,2807,1
2026-08-23 10:07:37.610378,6287,4689,0,1
2026-08-23 10:07:37.610398,6367,5318,2951,1
2026-08-23 10:07:37.610418,6241,4741,0,1
2026-08-23 10:07:37.610438,6369,5374,3988,1
2026-08-23 10:07:37.610458,6268,4784,0,1
2026-08-23 10:07:37.610478,6354,5370,2589,1
2026-08-23 10:07:37.610498,6271,4840,0,1
2026-08-23 10:07:37.610518,6359,5408,2641,1
2026-08-23 10:07:37.610538,6266,4842,0,1
2026-08-23 10:07:37.610558,6371,5404,2914,1
2026-08-23 10:07:37.630146,6319,4318,0,1
2026-08-23 10:07:37.630166,6373,5091,2961,1
2026-08-23 10:07:37.630186,6268,4589,0,1
2026-08-23 10:07:37.630206,6274,5049,321,1
2026-08-23 10:07:37.630226,6285,4774,0,1
2026-08-23 10:07:37.630246,6355,5386,2658,1
2026-08-23 10:07:37.630266,6271,4875,0,1
2026-08-23 10:07:37.630286,6317,5324,1686,1
2026-08-23 10:07:37.630306,6275,4897,0,1
2026-08-23 10:07:37.630326,6366,5484,2924,1
2026-08-23 10:07:37.630346,6274,4910,0,1
2026-08-23 10:07:37.630366,6361,5460,2926,1
2026-08-23 10:07:37.630386,6270,4850,0,1
2026-08-23 10:07:37.650054,6237,4536,0,1
2026-08-23 10:07:37.650074,6264,4425,0,1
2026-08-23 10:07:37.650094,6365,5086,2535,1
2026-08-23 10:07:37.650114,6284,4686,0,1
2026-08-23 10:07:37.650134,6376,5369,3192,1
2026-08-23 10:07:37.650154,6180,4737,0,1
2026-08-23 10:07:37.650174,6371,5380,2987,1
2026-08-23 10:07:37.650194,6283,4838,8,1
2026-08-23 10:07:37.650214,6359,5363,2668,1
2026-08-23 10:07:37.650234,6269,4813,0,1
2026-08-23 10:07:37.650254,6367,5438,3048,1
2026-08-23 10:07:37.650274,6262,4760,0,1
2026-08-23 10:07:37.650294,6374,5392,2885,1
2026-08-23 10:07:37.669970,6314,4314,0,1
2026-08-23 10:07:37.669990,6372,5030,2951,1
2026-08-23 10:07:37.670010,6268,4574,0,1
2026-08-23 10:07:37.670030,6310,5101,1621,1
2026-08-23 10:07:37.670050,6279,4790,0,1
2026-08-23 10:07:37.670070,6350,5326,2639,1
2026-08-23 10:07:37.670090,6276,4854,0,1
2026-08-23 10:07:37.670110,6312,5251,1206,1
2026-08-23 10:07:37.670130,6266,4908,0,1
2026-08-23 10:07:37.670150,6364,5481,2898,1
2026-08-23 10:07:37.670170,6267,4914,0,1
2026-08-23 10:07:37.670190,6365,5430,2910,1
2026-08-23 10:07:37.670210,6280,4845,0,1
2026-08-23 10:07:37.689958,6371,4904,2741,1
2026-08-23 10:07:37.689978,6264,4426,0,1
2026-08-23 10:07:37.689998,6344,5102,2628,1
2026-08-23 10:07:37.690018,6291,4692,12,1
2026-08-23 10:07:37.690038,6356,5307,3044,1
2026-08-23 10:07:37.690058,6250,4710,0,1
2026-08-23 10:07:37.690078,6363,5388,3258,1
2026-08-23 10:07:37.690099,6267,4784,0,1
2026-08-23 10:07:37.690118,6354,5361,2541,1
2026-08-23 10:07:37.690138,6248,4819,0,1
2026-08-23 10:07:37.690158,6358,5373,2608,1
2026-08-23 10:07:37.690178,6261,4806,0,1
2026-08-23 10:07:37.690198,6383,5408,2976,1
2026-08-23 10:07:37.709801,6306,4327,0,1
2026-08-23 10:07:37.709821,6360,5021,2928,1
2026-08-23 10:07:37.709841,6271,4577,0,1
2026-08-23 10:07:37.709861,6367,5237,2866,1
2026-08-23 10:07:37.709881,6267,4725,0,1
2026-08-23 10:07:37.709901,6356,5287,2664,1
2026-08-23 10:07:37.709921,6294,4854,0,1
2026-08-23 10:07:37.709941,6378,5410,3303,1
2026-08-23 10:07:37.709961,6259,4788,0,1
2026-08-23 10:07:37.709981,6363,5398,2974,1
2026-08-23 10:07:37.710001,6274,4876,20,1
2026-08-23 10:07:37.710021,6368,5385,2821,1
2026-08-23 10:07:37.710041,6271,4796,0,1
2026-08-23 10:07:37.729881,6377,4897,2765,1
2026-08-23 10:07:37.729901,6259,4411,0,1
2026-08-23 10:07:37.729921,6359,5132,2910,1
2026-08-23 10:07:37.729941,6267,4648,0,1
2026-08-23 10:07:37.729961,6331,5247,2822,1
2026-08-23 10:07:37.729981,6259,4742,0,1
2026-08-23 10:07:37.730001,6360,5328,2846,1
2026-08-23 10:07:37.730021,6266,4767,0,1
2026-08-23 10:07:37.730041,6362,5359,2609,1
2026-08-23 10:07:37.730061,6282,4882,9,1
2026-08-23 10:07:37.730081,6373,5443,3174,1
2026-08-23 10:07:37.730101,6240,4825,0,1
2026-08-23 10:07:37.730121,6387,5399,3370,1
2026-08-23 10:07:37.749759,6290,4178,0,1
2026-08-23 10:07:37.749779,6370,4957,3108,1
2026-08-23 10:07:37.749799,6279,4545,0,1
2026-08-23 10:07:37.749819,6356,5165,2859,1
2026-08-23 10:07:37.749839,6254,4700,0,1
2026-08-23 10:07:37.749859,6363,5283,2843,1
2026-08-23 10:07:37.749879,6296,4808,5,1
2026-08-23 10:07:37.749899,6352,5355,3049,1
2026-08-23 10:07:37.749919,6250,4721,0,1
2026-08-23 10:07:37.749939,6370,5405,3238,1
2026-08-23 10:07:37.749959,6274,4793,0,1
2026-08-23 10:07:37.749979,6358,5388,2641,1
2026-08-23 10:07:37.749999,6275,4841,0,1
2026-08-23 10:07:37.769770,6365,4880,2600,1
2026-08-23 10:07:37.769790,6271,4488,0,1
2026-08-23 10:07:37.769810,6319,5019,1590,1
2026-08-23 10:07:37.769830,6251,4662,0,1
2026-08-23 10:07:37.769850,6357,5315,2845,1
2026-08-23 10:07:37.769871,6288,4817,0,1
2026-08-23 10:07:37.769891,6428,5358,2809,1
2026-08-23 10:07:37.769911,6243,4826,0,1
2026-08-23 10:07:37.769930,6346,5421,2879,1
2026-08-23 10:07:37.769950,6273,4831,0,1
2026-08-23 10:07:37.769970,6356,5385,2861,1
2026-08-23 10:07:37.769990,6248,4832,0,1
2026-08-23 10:07:37.770010,6379,5374,2918,1
2026-08-23 10:07:37.789621,6286,4193,0,1
2026-08-23 10:07:37.789641,6358,4972,3434,1
2026-08-23 10:07:37.789661,6270,4448,0,1
2026-08-23 10:07:37.789681,6356,5160,2687,1
2026-08-23 10:07:37.789701,6323,4659,0,1
2026-08-23 10:07:37.789721,6358,5339,2346,1
2026-08-23 10:07:37.789741,6263,4707,0,1
2026-08-23 10:07:37.789761,6354,5322,2959,1
2026-08-23 10:07:37.789781,6253,4788,0,1
2026-08-23 10:07:37.789801,6288,5268,1158,1
2026-08-23 10:07:37.789821,6267,4908,0,1
2026-08-23 10:07:37.789841,6359,5422,2648,1
2026-08-23 10:07:37.789861,6277,4880,0,1
2026-08-23 10:07:37.809709,6356,4877,2575,1
2026-08-23 10:07:37.809729,6267,4500,0,1
2026-08-23 10:07:37.809749,6349,5134,2396,1
2026-08-23 10:07:37.809769,6249,4662,0,1
2026-08-23 10:07:37.809789,6359,5333,2858,1
2026-08-23 10:07:37.809809,6270,4818,0,1
2026-08-23 10:07:37.809829,6348,5364,2852,1
2026-08-23 10:07:37.809849,6249,4816,0,1
2026-08-23 10:07:37.809869,6352,5396,2838,1
2026-08-23 10:07:37.809889,6274,4844,0,1
2026-08-23 10:07:37.809909,6350,5447,2886,1
2026-08-23 10:07:37.809929,6241,4848,0,1
2026-08-23 10:07:37.809949,6355,5374,2578,1
2026-08-23 10:07:37.829531,6266,4244,0,1
2026-08-23 10:07:37.829551,6375,5004,3395,1
2026-08-23 10:07:37.829571,6279,4506,0,1
2026-08-23 10:07:37.829591,6352,5139,2729,1
2026-08-23 10:07:37.829611,6257,4676,0,1
2026-08-23 10:07:37.829631,6349,5308,3079,1
2026-08-23 10:07:37.829651,6274,4712,0,1
2026-08-23 10:07:37.829671,6350,5371,2980,1
2026-08-23 10:07:37.829691,6255,4777,0,1
2026-08-23 10:07:37.829711,6359,5436,3402,1
2026-08-23 10:07:37.829731,6271,4793,0,1
2026-08-23 10:07:37.829751,6356,5331,2634,1
2026-08-23 10:07:37.829771,6273,4795,0,1
2026-08-23 10:07:37.849556,6367,4888,2629,1
2026-08-23 10:07:37.849576,6262,4438,0,1
2026-08-23 10:07:37.849596,6268,4959,246,1
2026-08-23 10:07:37.849616,6214,4722,0,1
2026-08-23 10:07:37.849636,6354,5330,2863,1
2026-08-23 10:07:37.849656,6274,4794,0,1
2026-08-23 10:07:37.849676,6352,5414,2980,1
2026-08-23 10:07:37.849696,6239,4805,0,1
2026-08-23 10:07:37.849716,6356,5382,2746,1
2026-08-23 10:07:37.849736,6283,4865,0,1
2026-08-23 10:07:37.849756,6349,5440,2983,1
2026-08-23 10:07:37.849776,6233,4832,0,1
2026-08-23 10:07:37.849796,6310,5283,1718,1
2026-08-23 10:07:37.869270,6272,4311,0,1
2026-08-23 10:07:37.869290,6360,5054,3094,1
2026-08-23 10:07:37.869310,6273,4581,5,1
2026-08-23 10:07:37.869330,6348,5216,2871,1
2026-08-23 10:07:37.869350,6260,4709,0,1
2026-08-23 10:07:37.869370,6349,5359,2829,1
2026-08-23 10:07:37.869390,6280,4801,9,1
2026-08-23 10:07:37.869410,6355,5409,3106,1
2026-08-23 10:07:37.869430,6242,4773,0,1
2026-08-23 10:07:37.869450,6359,5415,3179,1
2026-08-23 10:07:37.869470,6268,4841,0,1
2026-08-23 10:07:37.869490,6348,5403,2696,1
2026-08-23 10:07:37.869510,6253,4811,0,1
2026-08-23 10:07:37.889237,6374,4875,2653,1
2026-08-23 10:07:37.889257,6249,4426,0,1
2026-08-23 10:07:37.889277,6272,4939,442,1
2026-08-23 10:07:37.889297,6254,4715,0,1
2026-08-23 10:07:37.889317,6341,5356,2809,1
2026-08-23 10:07:37.889337,6266,4814,0,1
2026-08-23 10:07:37.889357,6356,5391,2988,1
2026-08-23 10:07:37.889377,6241,4826,0,1
2026-08-23 10:07:37.889397,6349,5390,2733,1
2026-08-23 10:07:37.889417,6273,4861,0,1
2026-08-23 10:07:37.889437,6350,5456,2956,1
2026-08-23 10:07:37.889457,6238,4833,0,1
2026-08-23 10:07:37.889477,6271,5239,606,1
2026-08-23 10:07:37.909137,6266,4273,0,1
2026-08-23 10:07:37.909158,6361,5065,3245,1
2026-08-23 10:07:37.909178,6276,4569,5,1
2026-08-23 10:07:37.909198,6348,5216,2784,1
2026-08-23 10:07:37.909218,6248,4712,0,1
2026-08-23 10:07:37.909238,6358,5311,2927,1
2026-08-23 10:07:37.909258,6270,4802,0,1
2026-08-23 10:07:37.909278,6358,5347,3029,1
2026-08-23 10:07:37.909297,6244,4772,0,1
2026-08-23 10:07:37.909317,6348,5438,3282,1
2026-08-23 10:07:37.909338,6269,4827,0,1
2026-08-23 10:07:37.909358,6340,5378,2655,1
2026-08-23 10:07:37.909378,6275,4828,0,1
2026-08-23 10:07:37.929303,6368,4861,2604,1
2026-08-23 10:07:37.929323,6259,4473,0,1
2026-08-23 10:07:37.929343,6300,4999,1291,1
2026-08-23 10:07:37.929363,6259,4701,0,1
2026-08-23 10:07:37.929383,6347,5329,2845,1
2026-08-23 10:07:37.929403,6279,4828,0,1
2026-08-23 10:07:37.929423,6353,5365,2869,1
2026-08-23 10:07:37.929443,6250,4796,0,1
2026-08-23 10:07:37.929463,6335,5393,2853,1
2026-08-23 10:07:37.929483,6255,4885,0,1
2026-08-23 10:07:37.929503,6347,5442,2900,1
2026-08-23 10:07:37.929523,6250,4798,0,1
2026-08-23 10:07:37.929543,6355,5358,2841,1
2026-08-23 10:07:37.949007,6266,4228,0,1
2026-08-23 10:07:37.949027,6366,5013,3347,1
2026-08-23 10:07:37.949047,6267,4504,0,1
2026-08-23 10:07:37.949067,6342,5171,2704,1
2026-08-23 10:07:37.949087,6251,4695,0,1
2026-08-23 10:07:37.949107,6416,5300,3044,1
2026-08-23 10:07:37.949127,6257,4745,0,1
2026-08-23 10:07:37.949147,6369,5333,2958,1
2026-08-23 10:07:37.949167,6174,4770,0,1
2026-08-23 10:07:37.949187,6219,5089,0,1
2026-08-23 10:07:37.949207,6262,4896,0,1
2026-08-23 10:07:37.949227,6351,5447,2661,1
2026-08-23 10:07:37.949247,6273,4867,0,1
2026-08-23 10:07:37.968925,6362,4894,2647,1
2026-08-23 10:07:37.968945,6251,4477,0,1
2026-08-23 10:07:37.968965,6189,4978,611,1
2026-08-23 10:07:37.968985,6251,4746,0,1
2026-08-23 10:07:37.969005,6343,5358,2826,1
2026-08-23 10:07:37.969025,6252,4776,0,1
2026-08-23 10:07:37.969045,6340,5370,3044,1
2026-08-23 10:07:37.969065,6240,4804,0,1
2026-08-23 10:07:37.969085,6334,5397,2700,1
2026-08-23 10:07:37.969105,6258,4847,3,1
2026-08-23 10:07:37.969125,6345,5450,3093,1
2026-08-23 10:07:37.969145,6232,4787,0,1
2026-08-23 10:07:37.969165,6196,5035,0,1
2026-08-23 10:07:37.988761,6279,4282,0,1
2026-08-23 10:07:37.988781,6352,5028,3036,1
2026-08-23 10:07:37.988801,6273,4570,1,1
2026-08-23 10:07:37.988821,6347,5254,2960,1
2026-08-23 10:07:37.988841,6242,4711,0,1
2026-08-23 10:07:37.988861,6345,5286,2751,1
2026-08-23 10:07:37.988881,6268,4791,4,1
2026-08-23 10:07:37.988901,6356,5379,3253,1
2026-08-23 10:07:37.988921,6238,4776,0,1
2026-08-23 10:07:37.988941,6336,5399,3041,1
2026-08-23 10:07:37.988961,6269,4829,11,1
2026-08-23 10:07:37.988981,6337,5412,2778,1
2026-08-23 10:07:37.989001,6255,4799,0,1
2026-08-23 10:07:38.008842,6355,4888,2802,1
2026-08-23 10:07:38.008862,6244,4426,0,1
2026-08-23 10:07:38.008882,6338,5169,2909,1
2026-08-23 10:07:38.008902,6249,4621,0,1
2026-08-23 10:07:38.008922,6334,5294,2841,1
2026-08-23 10:07:38.008942,6237,4741,0,1
2026-08-23 10:07:38.008962,6318,5250,1938,1
2026-08-23 10:07:38.008982,6251,4834,0,1
2026-08-23 10:07:38.009002,6335,5412,2608,1
2026-08-23 10:07:38.009022,6236,4860,0,1
2026-08-23 10:07:38.009042,6350,5454,3284,1
2026-08-23 10:07:38.009062,6230,4808,0,1
2026-08-23 10:07:38.009082,6359,5378,3240,1
2026-08-23 10:07:38.028690,6268,4226,0,1
2026-08-23 10:07:38.028710,6353,4983,3004,1
2026-08-23 10:07:38.028730,6262,4583,0,1
2026-08-23 10:07:38.028750,6332,5239,2950,1
2026-08-23 10:07:38.028770,6245,4676,0,1
2026-08-23 10:07:38.028790,6337,5325,2758,1
2026-08-23 10:07:38.028810,6269,4835,19,1
2026-08-23 10:07:38.028830,6336,5378,3150,1
2026-08-23 10:07:38.028850,6234,4780,0,1
2026-08-23 10:07:38.028870,6348,5386,3122,1
2026-08-23 10:07:38.028890,6312,4807,0,1
2026-08-23 10:07:38.028910,6349,5363,2701,1
2026-08-23 10:07:38.028930,6260,4842,0,1
2026-08-23 10:07:38.048706,6359,4839,2634,1
2026-08-23 10:07:38.048726,6229,4445,0,1
2026-08-23 10:07:38.048746,6268,4973,675,1
2026-08-23 10:07:38.048766,6251,4725,0,1
2026-08-23 10:07:38.048786,6338,5280,2818,1
2026-08-23 10:07:38.048806,6245,4797,0,1
2026-08-23 10:07:38.048826,6335,5384,2976,1
2026-08-23 10:07:38.048846,6231,4820,0,1
2026-08-23 10:07:38.048866,6344,5377,2751,1
2026-08-23 10:07:38.048886,6255,4888,0,1
2026-08-23 10:07:38.048906,6347,5442,2943,1
2026-08-23 10:07:38.048926,6237,4812,0,1
2026-08-23 10:07:38.048946,6313,5303,1846,1
2026-08-23 10:07:38.068705,6260,4231,0,1
2026-08-23 10:07:38.068725,6348,5009,3306,1
2026-08-23 10:07:38.068745,6249,4514,0,1
2026-08-23 10:07:38.068765,6336,5206,2749,1
2026-08-23 10:07:38.068785,6246,4698,0,1
2026-08-23 10:07:38.068805,6386,5306,3005,1
2026-08-23 10:07:38.068825,6253,4730,0,1
2026-08-23 10:07:38.068845,6346,5336,2982,1
2026-08-23 10:07:38.068865,6233,4767,0,1
2026-08-23 10:07:38.068885,6356,5411,3397,1
2026-08-23 10:07:38.068905,6251,4793,0,1
2026-08-23 10:07:38.068925,6339,5330,2636,1
2026-08-23 10:07:38.068945,6281,4798,0,1
2026-08-23 10:07:38.088728,6364,4848,2537,1
2026-08-23 10:07:38.088748,6252,4459,0,1
2026-08-23 10:07:38.088768,6326,5105,2374,1
2026-08-23 10:07:38.088788,6243,4648,0,1
2026-08-23 10:07:38.088808,6344,5289,2887,1
2026-08-23 10:07:38.088828,6257,4811,11,1
2026-08-23 10:07:38.088848,6321,5350,2756,1
2026-08-23 10:07:38.088868,6226,4820,0,1
2026-08-23 10:07:38.088888,6339,5417,2961,1
2026-08-23 10:07:38.088908,6243,4831,0,1
2026-08-23 10:07:38.088928,6336,5379,2847,1
2026-08-23 10:07:38.088948,6228,4810,0,1
2026-08-23 10:07:38.088968,6349,5392,2980,1
2026-08-23 10:07:38.108207,6263,4252,0,1
2026-08-23 10:07:38.108227,6198,4630,0,1
2026-08-23 10:07:38.108247,6258,4507,0,1
2026-08-23 10:07:38.108267,6324,5177,2710,1
2026-08-23 10:07:38.108287,6242,4728,0,1
2026-08-23 10:07:38.108307,6182,4953,0,1
2026-08-23 10:07:38.108327,6253,4753,0,1
2026-08-23 10:07:38.108347,6337,5383,2961,1
2026-08-23 10:07:38.108367,6228,4798,0,1
2026-08-23 10:07:38.108387,6262,5262,1220,1
2026-08-23 10:07:38.108407,6257,4921,0,1
2026-08-23 10:07:38.108427,6339,5441,2675,1
2026-08-23 10:07:38.108447,6275,4861,0,1
2026-08-23 10:07:38.128264,6354,4929,2755,1
2026-08-23 10:07:38.128284,6237,4490,0,1
2026-08-23 10:07:38.128304,6336,5184,3009,1
2026-08-23 10:07:38.128325,6240,4586,0,1
2026-08-23 10:07:38.128345,6326,5282,2846,1
2026-08-23 10:07:38.128365,6236,4748,0,1
2026-08-23 10:07:38.128385,6342,5335,2790,1
2026-08-23 10:07:38.128405,6238,4816,0,1
2026-08-23 10:07:38.128424,6325,5397,2621,1
2026-08-23 10:07:38.128444,6259,4880,0,1
2026-08-23 10:07:38.128464,6347,5457,3125,1
2026-08-23 10:07:38.128484,6240,4805,0,1
2026-08-23 10:07:38.128505,6352,5422,3122,1
2026-08-23 10:07:38.148123,6279,4302,0,1
2026-08-23 10:07:38.148143,6345,5016,2974,1
2026-08-23 10:07:38.148163,6255,4579,0,1
2026-08-23 10:07:38.148183,6330,5231,3180,1
2026-08-23 10:07:38.148203,6236,4694,0,1
2026-08-23 10:07:38.148223,6336,5284,2681,1
2026-08-23 10:07:38.148243,6259,4763,0,1
2026-08-23 10:07:38.148263,6325,5368,2908,1
2026-08-23 10:07:38.148283,6232,4794,0,1
2026-08-23 10:07:38.148303,6336,5405,2939,1
2026-08-23 10:07:38.148323,6253,4825,0,1
2026-08-23 10:07:38.148343,6341,5389,3030,1
2026-08-23 10:07:38.148363,6245,4779,0,1
2026-08-23 10:07:38.168139,6346,4872,2750,1
2026-08-23 10:07:38.168159,6242,4396,0,1
2026-08-23 10:07:38.168179,6335,5107,2624,1
2026-08-23 10:07:38.168199,6250,4694,3,1
2026-08-23 10:07:38.168219,6335,5317,3087,1
2026-08-23 10:07:38.168239,6230,4731,0,1
2026-08-23 10:07:38.168259,6344,5342,3213,1
2026-08-23 10:07:38.168279,6254,4753,0,1
2026-08-23 10:07:38.168298,6331,5330,2737,1
2026-08-23 10:07:38.168319,6244,4812,0,1
2026-08-23 10:07:38.168339,6312,5366,1982,1
2026-08-23 10:07:38.168359,6242,4849,0,1
2026-08-23 10:07:38.168379,6337,5427,2939,1
2026-08-23 10:07:38.187921,6284,4331,0,1
2026-08-23 10:07:38.187941,6336,5060,2928,1
2026-08-23 10:07:38.187961,6242,4551,0,1
2026-08-23 10:07:38.187981,6315,5204,2316,1
2026-08-23 10:07:38.188001,6246,4712,0,1
2026-08-23 10:07:38.188021,6325,5335,2644,1
2026-08-23 10:07:38.188041,6288,4831,0,1
2026-08-23 10:07:38.188061,6335,5376,3028,1
2026-08-23 10:07:38.188081,6236,4800,0,1
2026-08-23 10:07:38.188101,6328,5415,2921,1
2026-08-23 10:07:38.188121,6253,4892,0,1
2026-08-23 10:07:38.188141,6341,5443,2989,1
2026-08-23 10:07:38.188161,6247,4796,0,1
2026-08-23 10:07:38.207729,6342,4846,2691,1
2026-08-23 10:07:38.207749,6235,4391,0,1
2026-08-23 10:07:38.207769,6328,5076,2666,1
2026-08-23 10:07:38.207789,6246,4660,12,1
2026-08-23 10:07:38.207809,6338,5317,2978,1
2026-08-23 10:07:38.207829,6216,4730,0,1
2026-08-23 10:07:38.207849,6176,4989,0,1
2026-08-23 10:07:38.207869,6248,4775,0,1
2026-08-23 10:07:38.207889,6323,5350,2575,1
2026-08-23 10:07:38.207909,6249,4830,0,1
2026-08-23 10:07:38.207929,6313,5388,2252,1
2026-08-23 10:07:38.207949,6235,4813,0,1
2026-08-23 10:07:38.207969,6344,5394,2999,1
2026-08-23 10:07:38.227645,6275,4355,0,1
2026-08-23 10:07:38.227665,6340,5069,2943,1
2026-08-23 10:07:38.227685,6237,4566,0,1
2026-08-23 10:07:38.227705,6331,5220,2915,1
2026-08-23 10:07:38.227726,6246,4691,0,1
2026-08-23 10:07:38.227746,6317,5285,2650,1
2026-08-23 10:07:38.227766,6249,4828,0,1
2026-08-23 10:07:38.227786,6328,5333,2601,1
2026-08-23 10:07:38.227805,6232,4865,0,1
2026-08-23 10:07:38.227825,6331,5425,2927,1
2026-08-23 10:07:38.227845,6250,4877,0,1
2026-08-23 10:07:38.227865,6333,5403,3008,1
2026-08-23 10:07:38.227885,6233,4808,0,1
2026-08-23 10:07:38.247757,6353,4861,2867,1
2026-08-23 10:07:38.247777,6237,4429,0,1
2026-08-23 10:07:38.247797,6323,5078,2674,1
2026-08-23 10:07:38.247817,6254,4692,28,1
2026-08-23 10:07:38.247837,6325,5272,3010,1
2026-08-23 10:07:38.247857,6214,4703,0,1
2026-08-23 10:07:38.247877,6337,5398,3305,1
2026-08-23 10:07:38.247897,6236,4761,0,1
2026-08-23 10:07:38.247917,6316,5333,2575,1
2026-08-23 10:07:38.247937,6245,4807,0,1
2026-08-23 10:07:38.247957,6323,5368,2676,1
2026-08-23 10:07:38.247977,6222,4803,0,1
2026-08-23 10:07:38.247997,6413,5374,3025,1
2026-08-23 10:07:38.267630,6262,4269,0,1
2026-08-23 10:07:38.267650,6338,5020,2948,1
2026-08-23 10:07:38.267670,6243,4572,0,1
2026-08-23 10:07:38.267690,6334,5211,2900,1
2026-08-23 10:07:38.267710,6232,4682,0,1
2026-08-23 10:07:38.267730,6318,5325,2661,1
2026-08-23 10:07:38.267751,6257,4822,0,1
2026-08-23 10:07:38.267771,6352,5398,3303,1
2026-08-23 10:07:38.267790,6221,4766,0,1
2026-08-23 10:07:38.267810,6328,5411,2971,1
2026-08-23 10:07:38.267830,6253,4864,17,1
2026-08-23 10:07:38.267850,6344,5405,2851,1
2026-08-23 10:07:38.267870,6240,4838,0,1
2026-08-23 10:07:38.287671,6344,4878,2797,1
2026-08-23 10:07:38.287691,6225,4406,0,1
2026-08-23 10:07:38.287711,6330,5154,2842,1
2026-08-23 10:07:38.287731,6248,4629,0,1
2026-08-23 10:07:38.287751,6309,5267,2855,1
2026-08-23 10:07:38.287771,6222,4706,0,1
2026-08-23 10:07:38.287791,6302,5276,2281,1
2026-08-23 10:07:38.287811,6238,4782,0,1
2026-08-23 10:07:38.287831,6317,5376,2574,1
2026-08-23 10:07:38.287851,6251,4842,0,1
2026-08-23 10:07:38.287871,6339,5422,3039,1
2026-08-23 10:07:38.287891,6216,4771,0,1
2026-08-23 10:07:38.287911,6342,5412,3215,1
2026-08-23 10:07:38.307570,6261,4215,0,1
2026-08-23 10:07:38.307590,6338,5001,3011,1
2026-08-23 10:07:38.307610,6253,4557,0,1
2026-08-23 10:07:38.307630,6320,5227,2964,1
2026-08-23 10:07:38.307650,6229,4688,0,1
2026-08-23 10:07:38.307670,6321,5294,2756,1
2026-08-23 10:07:38.307690,6248,4819,0,1
2026-08-23 10:07:38.307710,6323,5422,3226,1
2026-08-23 10:07:38.307729,6215,4763,0,1
2026-08-23 10:07:38.307750,6319,5379,3111,1
2026-08-23 10:07:38.307770,6246,4817,0,1
2026-08-23 10:07:38.307790,6321,5348,2710,1
2026-08-23 10:07:38.307810,6232,4834,0,1
2026-08-23 10:07:38.327331,6339,4846,2639,1
2026-08-23 10:07:38.327351,6224,4464,0,1
2026-08-23 10:07:38.327371,6164,4770,0,1
2026-08-23 10:07:38.327391,6220,4587,0,1
2026-08-23 10:07:38.327411,6329,5222,2816,1
2026-08-23 10:07:38.327431,6240,4755,0,1
2026-08-23 10:07:38.327451,6324,5348,2986,1
2026-08-23 10:07:38.327471,6213,4778,0,1
2026-08-23 10:07:38.327491,6322,5348,2732,1
2026-08-23 10:07:38.327511,6248,4842,0,1
2026-08-23 10:07:38.327531,6325,5418,2988,1
2026-08-23 10:07:38.327551,6214,4788,0,1
2026-08-23 10:07:38.327571,6282,5216,1359,1
2026-08-23 10:07:38.347369,6246,4293,0,1
2026-08-23 10:07:38.347389,6326,5042,3127,1
2026-08-23 10:07:38.347409,6243,4560,15,1
2026-08-23 10:07:38.347429,6315,5186,2829,1
2026-08-23 10:07:38.347449,6235,4720,0,1
2026-08-23 10:07:38.347469,6328,5295,2865,1
2026-08-23 10:07:38.347489,6246,4771,0,1
2026-08-23 10:07:38.347509,6315,5389,3025,1
2026-08-23 10:07:38.347529,6210,4780,0,1
2026-08-23 10:07:38.347549,6327,5421,3258,1
2026-08-23 10:07:38.347569,6240,4779,0,1
2026-08-23 10:07:38.347589,6323,5332,2651,1
2026-08-23 10:07:38.347609,6239,4818,0,1
2026-08-23 10:07:38.367262,6329,4823,2538,1
2026-08-23 10:07:38.367282,6235,4450,0,1
2026-08-23 10:07:38.367302,6312,5104,2713,1
2026-08-23 10:07:38.367322,6214,4596,0,1
2026-08-23 10:07:38.367342,6315,5267,2878,1
2026-08-23 10:07:38.367362,6239,4781,8,1
2026-08-23 10:07:38.367383,6315,5334,2782,1
2026-08-23 10:07:38.367403,6208,4819,0,1
2026-08-23 10:07:38.367422,6326,5366,2932,1
2026-08-23 10:07:38.367442,6227,4808,0,1
2026-08-23 10:07:38.367462,6321,5383,2743,1
2026-08-23 10:07:38.367482,6238,4792,0,1
2026-08-23 10:07:38.367502,6319,5353,2757,1
2026-08-23 10:07:38.387077,6247,4220,0,1
2026-08-23 10:07:38.387097,6245,4780,554,1
2026-08-23 10:07:38.387117,6244,4617,0,1
2026-08-23 10:07:38.387137,6341,5225,2697,1
2026-08-23 10:07:38.387157,6228,4746,0,1
2026-08-23 10:07:38.387177,6323,5341,3162,1
2026-08-23 10:07:38.387197,6206,4697,0,1
2026-08-23 10:07:38.387218,6314,5351,2944,1
2026-08-23 10:07:38.387237,6226,4764,0,1
2026-08-23 10:07:38.387257,6185,5098,0,1
2026-08-23 10:07:38.387277,6242,4873,0,1
2026-08-23 10:07:38.387297,6324,5396,2645,1
2026-08-23 10:07:38.387317,6252,4879,0,1
2026-08-23 10:07:38.407127,6335,4921,2619,1
2026-08-23 10:07:38.407147,6227,4504,0,1
2026-08-23 10:07:38.407167,6235,4991,611,1
2026-08-23 10:07:38.407187,6226,4729,0,1
2026-08-23 10:07:38.407207,6322,5339,2826,1
2026-08-23 10:07:38.407227,6242,4797,0,1
2026-08-23 10:07:38.407247,6316,5409,2917,1
2026-08-23 10:07:38.407267,6218,4785,0,1
2026-08-23 10:07:38.407287,6319,5378,2778,1
2026-08-23 10:07:38.407307,6241,4840,0,1
2026-08-23 10:07:38.407327,6325,5438,2932,1
2026-08-23 10:07:38.407347,6213,4776,0,1
2026-08-23 10:07:38.407367,6335,5316,2599,1
2026-08-23 10:07:38.426914,6249,4241,0,1
2026-08-23 10:07:38.426934,6334,5002,3263,1
2026-08-23 10:07:38.426955,6233,4481,0,1
2026-08-23 10:07:38.426975,6314,5175,2749,1
2026-08-23 10:07:38.426995,6228,4654,0,1
2026-08-23 10:07:38.427015,6324,5292,2989,1
2026-08-23 10:07:38.427035,6236,4758,0,1
2026-08-23 10:07:38.427055,6319,5346,2973,1
2026-08-23 10:07:38.427074,6212,4758,0,1
2026-08-23 10:07:38.427094,6195,5127,0,1
2026-08-23 10:07:38.427114,6226,4830,0,1
2026-08-23 10:07:38.427135,6314,5359,2651,1
2026-08-23 10:07:38.427155,6243,4802,0,1
2026-08-23 10:07:38.447035,6339,4886,2644,1
2026-08-23 10:07:38.447055,6222,4445,0,1
2026-08-23 10:07:38.447075,6262,5008,1263,1
2026-08-23 10:07:38.447095,6114,4670,0,1
2026-08-23 10:07:38.447115,6306,5332,2822,1
2026-08-23 10:07:38.447135,6235,4779,0,1
2026-08-23 10:07:38.447155,6313,5395,2962,1
2026-08-23 10:07:38.447175,6216,4800,0,1
2026-08-23 10:07:38.447195,6315,5363,2741,1
2026-08-23 10:07:38.447215,6229,4870,0,1
2026-08-23 10:07:38.447235,6318,5405,2962,1
2026-08-23 10:07:38.447255,6209,4775,0,1
2026-08-23 10:07:38.447275,6281,5281,1683,1
2026-08-23 10:07:38.466822,6271,4222,0,1
2026-08-23 10:07:38.466842,6322,5022,3280,1
2026-08-23 10:07:38.466862,6233,4528,0,1
2026-08-23 10:07:38.466882,6316,5159,2770,1
2026-08-23 10:07:38.466902,6214,4698,0,1
2026-08-23 10:07:38.466922,6314,5320,2954,1
2026-08-23 10:07:38.466942,6237,4763,0,1
2026-08-23 10:07:38.466962,6306,5333,3000,1
2026-08-23 10:07:38.466982,6224,4784,0,1
2026-08-23 10:07:38.467002,6325,5364,3324,1
2026-08-23 10:07:38.467022,6225,4776,0,1
2026-08-23 10:07:38.467042,6308,5348,2651,1
2026-08-23 10:07:38.467062,6231,4812,0,1
2026-08-23 10:07:38.486912,6329,4856,2627,1
2026-08-23 10:07:38.486932,6220,4456,0,1
2026-08-23 10:07:38.486952,6248,4932,678,1
2026-08-23 10:07:38.486972,6217,4679,0,1
2026-08-23 10:07:38.486992,6317,5293,2832,1
2026-08-23 10:07:38.487012,6222,4806,0,1
2026-08-23 10:07:38.487032,6309,5399,2917,1
2026-08-23 10:07:38.487052,6217,4779,0,1
2026-08-23 10:07:38.487072,6321,5356,2676,1
2026-08-23 10:07:38.487092,6239,4865,0,1
2026-08-23 10:07:38.487112,6303,5406,2946,1
2026-08-23 10:07:38.487132,6205,4793,0,1
2026-08-23 10:07:38.487152,6304,5307,2598,1
2026-08-23 10:07:38.506701,6236,4217,0,1
2026-08-23 10:07:38.506721,6316,4963,3285,1
2026-08-23 10:07:38.506741,6226,4476,0,1
2026-08-23 10:07:38.506761,6315,5133,2745,1
2026-08-23 10:07:38.506781,6317,4656,0,1
2026-08-23 10:07:38.506801,6317,5286,2994,1
2026-08-23 10:07:38.506821,6234,4700,0,1
2026-08-23 10:07:38.506841,6315,5352,2989,1
2026-08-23 10:07:38.506861,6237,4777,0,1
2026-08-23 10:07:38.506881,6251,5243,253,1
2026-08-23 10:07:38.506901,6226,4805,0,1
2026-08-23 10:07:38.506921,6312,5373,2679,1
2026-08-23 10:07:38.506941,6233,4811,0,1
2026-08-23 10:07:38.526402,6336,4891,2690,1
2026-08-23 10:07:38.526422,6227,4471,0,1
2026-08-23 10:07:38.526442,6160,4827,0,1
2026-08-23 10:07:38.526462,6224,4664,0,1
2026-08-23 10:07:38.526482,6326,5273,2828,1
2026-08-23 10:07:38.526502,6221,4770,0,1
2026-08-23 10:07:38.526522,6318,5360,3148,1
2026-08-23 10:07:38.526542,6222,4743,0,1
2026-08-23 10:07:38.526562,6309,5369,2667,1
2026-08-23 10:07:38.526582,6242,4832,17,1
2026-08-23 10:07:38.526602,6315,5406,3147,1
2026-08-23 10:07:38.526622,6204,4759,0,1
2026-08-23 10:07:38.526642,6332,5397,3314,1
2026-08-23 10:07:38.546264,6239,4250,0,1
2026-08-23 10:07:38.546284,6319,4996,2993,1
2026-08-23 10:07:38.546304,6231,4553,0,1
2026-08-23 10:07:38.546324,6313,5195,3030,1
2026-08-23 10:07:38.546344,6206,4667,0,1
2026-08-23 10:07:38.546364,6312,5274,2720,1
2026-08-23 10:07:38.546384,6228,4807,0,1
2026-08-23 10:07:38.546404,6315,5401,3281,1
2026-08-23 10:07:38.546424,6196,4766,0,1
2026-08-23 10:07:38.546444,6325,5383,3006,1
2026-08-23 10:07:38.546464,6232,4843,8,1
2026-08-23 10:07:38.546484,6234,5385,2805,1
2026-08-23 10:07:38.546504,6226,4812,0,1
2026-08-23 10:07:38.566400,6323,4864,2810,1
2026-08-23 10:07:38.566420,6212,4423,0,1
2026-08-23 10:07:38.566440,6318,5106,2930,1
2026-08-23 10:07:38.566460,6225,4561,0,1
2026-08-23 10:07:38.566480,6312,5216,2834,1
2026-08-23 10:07:38.566500,6210,4687,0,1
2026-08-23 10:07:38.566520,6295,5275,2268,1
2026-08-23 10:07:38.566540,6214,4755,0,1
2026-08-23 10:07:38.566560,6372,5348,2607,1
2026-08-23 10:07:38.566580,6241,4833,0,1
2026-08-23 10:07:38.566600,6313,5410,3212,1
2026-08-23 10:07:38.566620,6203,4814,0,1
2026-08-23 10:07:38.566640,6318,5361,3316,1
2026-08-23 10:07:38.586205,6236,4216,0,1
2026-08-23 10:07:38.586226,6399,4975,3099,1
2026-08-23 10:07:38.586246,6233,4510,9,1
2026-08-23 10:07:38.586266,6313,5190,2907,1
2026-08-23 10:07:38.586286,6204,4636,0,1
2026-08-23 10:07:38.586306,6302,5270,2790,1
2026-08-23 10:07:38.586326,6228,4792,5,1
2026-08-23 10:07:38.586346,6316,5345,3119,1
2026-08-23 10:07:38.586365,6208,4779,0,1
2026-08-23 10:07:38.586385,6305,5414,3164,1
2026-08-23 10:07:38.586406,6231,4829,0,1
2026-08-23 10:07:38.586426,6297,5347,2696,1
2026-08-23 10:07:38.586446,6220,4820,0,1
2026-08-23 10:07:38.606089,6323,4828,2654,1
2026-08-23 10:07:38.606109,6211,4404,0,1
2026-08-23 10:07:38.606129,6219,4929,225,1
2026-08-23 10:07:38.606149,6212,4680,0,1
2026-08-23 10:07:38.606169,6307,5333,2823,1
2026-08-23 10:07:38.606189,6208,4796,0,1
2026-08-23 10:07:38.606209,6300,5361,3025,1
2026-08-23 10:07:38.606229,6203,4797,0,1
2026-08-23 10:07:38.606249,6298,5378,2731,1
2026-08-23 10:07:38.606269,6230,4822,10,1
2026-08-23 10:07:38.606289,6310,5420,3023,1
2026-08-23 10:07:38.606309,6194,4758,0,1
2026-08-23 10:07:38.606329,6200,5150,0,1
2026-08-23 10:07:38.625905,6240,4298,0,1
2026-08-23 10:07:38.625925,6318,5028,3055,1
2026-08-23 10:07:38.625945,6241,4584,0,1
2026-08-23 10:07:38.625965,6309,5211,2911,1
2026-08-23 10:07:38.625985,6211,4706,0,1
2026-08-23 10:07:38.626005,6315,5287,2804,1
2026-08-23 10:07:38.626025,6233,4806,0,1
2026-08-23 10:07:38.626045,6313,5364,3111,1
2026-08-23 10:07:38.626065,6193,4788,0,1
2026-08-23 10:07:38.626085,6307,5382,3156,1
2026-08-23 10:07:38.626105,6229,4807,0,1
2026-08-23 10:07:38.626125,6301,5359,2675,1
2026-08-23 10:07:38.626145,6231,4822,0,1
2026-08-23 10:07:38.645976,6318,4860,2615,1
2026-08-23 10:07:38.645996,6210,4429,0,1
2026-08-23 10:07:38.646016,6251,4985,1162,1
2026-08-23 10:07:38.646036,6204,4692,0,1
2026-08-23 10:07:38.646056,6310,5322,2834,1
2026-08-23 10:07:38.646076,6229,4779,0,1
2026-08-23 10:07:38.646096,6301,5354,2836,1
2026-08-23 10:07:38.646116,6188,4806,0,1
2026-08-23 10:07:38.646136,6306,5419,2863,1
2026-08-23 10:07:38.646156,6219,4844,0,1
2026-08-23 10:07:38.646176,6307,5379,2860,1
2026-08-23 10:07:38.646196,6205,4782,0,1
2026-08-23 10:07:38.646216,6316,5356,2913,1
2026-08-23 10:07:38.665849,6236,4184,0,1
2026-08-23 10:07:38.665869,6327,4995,3417,1
2026-08-23 10:07:38.665889,6222,4444,0,1
2026-08-23 10:07:38.665909,6298,5128,2699,1
2026-08-23 10:07:38.665929,6212,4678,0,1
2026-08-23 10:07:38.665949,6310,5292,3150,1
2026-08-23 10:07:38.665969,6207,4665,0,1
2026-08-23 10:07:38.665989,6299,5285,2940,1
2026-08-23 10:07:38.666009,6201,4734,0,1
2026-08-23 10:07:38.666029,6241,5174,981,1
2026-08-23 10:07:38.666049,6231,4877,0,1
2026-08-23 10:07:38.666069,6306,5414,2669,1
2026-08-23 10:07:38.666089,6229,4830,0,1
2026-08-23 10:07:38.685765,6314,4883,2609,1
2026-08-23 10:07:38.685785,6212,4478,0,1
2026-08-23 10:07:38.685805,6278,5058,2103,1
2026-08-23 10:07:38.685825,6206,4699,0,1
2026-08-23 10:07:38.685845,6306,5271,2848,1
2026-08-23 10:07:38.685865,6220,4799,0,1
2026-08-23 10:07:38.685885,6316,5355,2914,1
2026-08-23 10:07:38.685905,6188,4804,0,1
2026-08-23 10:07:38.685925,6303,5355,2794,1
2026-08-23 10:07:38.685945,6213,4842,0,1
2026-08-23 10:07:38.685965,6310,5383,2919,1
2026-08-23 10:07:38.685985,6207,4777,0,1
2026-08-23 10:07:38.686005,6267,5291,1512,1
2026-08-23 10:07:38.705020,6227,4267,0,1
2026-08-23 10:07:38.705040,6306,4992,3245,1
2026-08-23 10:07:38.705060,6213,4508,0,1
2026-08-23 10:07:38.705080,6300,5168,2802,1
2026-08-23 10:07:38.705100,6212,4658,0,1
2026-08-23 10:07:38.705120,6293,5321,2925,1
2026-08-23 10:07:38.705140,6226,4737,0,1
2026-08-23 10:07:38.705160,6310,5332,3030,1
2026-08-23 10:07:38.705180,6191,4768,0,1
2026-08-23 10:07:38.705200,6322,5391,3244,1
2026-08-23 10:07:38.705220,6208,4797,0,1
2026-08-23 10:07:38.705240,6301,5320,2659,1
2026-08-23 10:07:38.705260,6237,4749,0,1
2026-08-23 10:07:38.724475,6319,4928,2893,1
2026-08-23 10:07:38.724495,6197,4460,0,1
2026-08-23 10:07:38.724515,6295,5174,2913,1
2026-08-23 10:07:38.724535,6229,4719,0,1
2026-08-23 10:07:38.724555,6301,5308,2950,1
2026-08-23 10:07:38.724575,6181,4696,0,1
2026-08-23 10:07:38.724595,6313,5388,3376,1
2026-08-23 10:07:38.724615,6202,4704,0,1
2026-08-23 10:07:38.724635,6287,5331,2580,1
2026-08-23 10:07:38.724655,6217,4789,0,1
2026-08-23 10:07:38.724675,6302,5397,2840,1
2026-08-23 10:07:38.724695,6203,4820,0,1
2026-08-23 10:07:38.724715,6332,5361,3313,1
2026-08-23 10:07:38.744436,6267,4265,0,1
2026-08-23 10:07:38.744456,6310,5012,2923,1
2026-08-23 10:07:38.744476,6209,4535,0,1
2026-08-23 10:07:38.744496,6276,5152,2068,1
2026-08-23 10:07:38.744516,6216,4694,0,1
2026-08-23 10:07:38.744536,6301,5323,2631,1
2026-08-23 10:07:38.744556,6226,4786,0,1
2026-08-23 10:07:38.744576,6305,5388,3017,1
2026-08-23 10:07:38.744596,6200,4779,0,1
2026-08-23 10:07:38.744616,6307,5366,2914,1
2026-08-23 10:07:38.744636,6224,4858,0,1
2026-08-23 10:07:38.744656,6307,5420,2971,1
2026-08-23 10:07:38.744676,6214,4738,0,1
2026-08-23 10:07:38.764388,6314,4817,2774,1
2026-08-23 10:07:38.764408,6196,4386,0,1
2026-08-23 10:07:38.764428,6297,5088,2737,1
2026-08-23 10:07:38.764448,6220,4660,0,1
2026-08-23 10:07:38.764468,6301,5243,2915,1
2026-08-23 10:07:38.764488,6188,4681,0,1
2026-08-23 10:07:38.764508,6237,5190,903,1
2026-08-23 10:07:38.764529,6216,4821,0,1
2026-08-23 10:07:38.764548,6302,5398,2583,1
2026-08-23 10:07:38.764568,6211,4890,0,1
2026-08-23 10:07:38.764588,6298,5428,2718,1
2026-08-23 10:07:38.764608,6206,4802,0,1
2026-08-23 10:07:38.764628,6304,5386,3030,1
2026-08-23 10:07:38.784249,6239,4286,0,1
2026-08-23 10:07:38.784269,6312,4994,2968,1
2026-08-23 10:07:38.784289,6216,4571,0,1
2026-08-23 10:07:38.784309,6292,5212,3167,1
2026-08-23 10:07:38.784329,6204,4646,0,1
2026-08-23 10:07:38.784349,6290,5286,2676,1
2026-08-23 10:07:38.784369,6234,4797,0,1
2026-08-23 10:07:38.784389,6302,5344,3002,1
2026-08-23 10:07:38.784409,6199,4754,0,1
2026-08-23 10:07:38.784429,6307,5338,2948,1
2026-08-23 10:07:38.784449,6226,4845,0,1
2026-08-23 10:07:38.784469,6308,5365,2934,1
2026-08-23 10:07:38.784489,6204,4766,0,1
2026-08-23 10:07:38.804049,6307,4878,2900,1
2026-08-23 10:07:38.804069,6199,4388,0,1
2026-08-23 10:07:38.804089,6321,5077,2726,1
2026-08-23 10:07:38.804109,6230,4664,0,1
2026-08-23 10:07:38.804129,6296,5249,2918,1
2026-08-23 10:07:38.804149,6180,4684,0,1
2026-08-23 10:07:38.804169,6131,5006,0,1
2026-08-23 10:07:38.804189,6199,4749,0,1
2026-08-23 10:07:38.804209,6301,5362,2551,1
2026-08-23 10:07:38.804229,6214,4813,0,1
2026-08-23 10:07:38.804249,6295,5410,3121,1
2026-08-23 10:07:38.804269,6191,4800,0,1
2026-08-23 10:07:38.804289,6308,5388,3184,1
2026-08-23 10:07:38.823816,6240,4268,0,1
2026-08-23 10:07:38.823836,6316,4999,2892,1
2026-08-23 10:07:38.823856,6213,4585,0,1
2026-08-23 10:07:38.823876,6290,5219,2909,1
2026-08-23 10:07:38.823896,6210,4676,0,1
2026-08-23 10:07:38.823916,6285,5309,2668,1
2026-08-23 10:07:38.823936,6222,4817,0,1
2026-08-23 10:07:38.823956,6307,5383,3291,1
2026-08-23 10:07:38.823976,6190,4774,0,1
2026-08-23 10:07:38.823996,6298,5361,2988,1
2026-08-23 10:07:38.824016,6222,4832,9,1
2026-08-23 10:07:38.824036,6298,5354,2822,1
2026-08-23 10:07:38.824056,6205,4764,0,1
2026-08-23 10:07:38.843872,6322,4824,2758,1
2026-08-23 10:07:38.843892,6190,4420,0,1
2026-08-23 10:07:38.843912,6301,5087,2940,1
2026-08-23 10:07:38.843932,6197,4585,0,1
2026-08-23 10:07:38.843952,6288,5219,2817,1
2026-08-23 10:07:38.843972,6193,4666,0,1
2026-08-23 10:07:38.843992,6291,5330,2848,1
2026-08-23 10:07:38.844012,6198,4759,0,1
2026-08-23 10:07:38.844032,6296,5315,2621,1
2026-08-23 10:07:38.844052,6223,4804,0,1
2026-08-23 10:07:38.844072,6302,5394,3165,1
2026-08-23 10:07:38.844092,6182,4748,0,1
2026-08-23 10:07:38.844112,6301,5382,3297,1
2026-08-23 10:07:38.863836,6218,4208,0,1
2026-08-23 10:07:38.863856,6279,4941,3046,1
2026-08-23 10:07:38.863876,6216,4523,10,1
2026-08-23 10:07:38.863896,6252,5194,2874,1
2026-08-23 10:07:38.863916,6193,4641,0,1
2026-08-23 10:07:38.863936,6292,5296,2825,1
2026-08-23 10:07:38.863956,6220,4795,22,1
2026-08-23 10:07:38.863976,6285,5340,3056,1
2026-08-23 10:07:38.863996,6179,4774,0,1
2026-08-23 10:07:38.864016,6306,5366,3241,1
2026-08-23 10:07:38.864036,6214,4821,0,1
2026-08-23 10:07:38.864056,6291,5363,2651,1
2026-08-23 10:07:38.864076,6195,4798,0,1
2026-08-23 10:07:38.883806,6304,4816,2590,1
2026-08-23 10:07:38.883826,6203,4424,0,1
2026-08-23 10:07:38.883847,6272,5019,1967,1
2026-08-23 10:07:38.883867,6190,4660,0,1
2026-08-23 10:07:38.883887,6296,5288,2859,1
2026-08-23 10:07:38.883907,6212,4792,20,1
2026-08-23 10:07:38.883927,6290,5353,2773,1
2026-08-23 10:07:38.883947,6185,4797,0,1
2026-08-23 10:07:38.883966,6284,5364,2922,1
2026-08-23 10:07:38.883986,6204,4778,0,1
2026-08-23 10:07:38.884007,6297,5395,2848,1
2026-08-23 10:07:38.884027,6197,4798,0,1
2026-08-23 10:07:38.884047,6297,5377,2933,1
2026-08-23 10:07:38.903427,6208,4194,0,1
2026-08-23 10:07:38.903447,6311,4973,3409,1
2026-08-23 10:07:38.903467,6206,4424,0,1
2026-08-23 10:07:38.903487,6280,5082,2714,1
2026-08-23 10:07:38.903507,6202,4637,0,1
2026-08-23 10:07:38.903527,6293,5304,3124,1
2026-08-23 10:07:38.903547,6201,4666,0,1
2026-08-23 10:07:38.903567,6290,5326,2964,1
2026-08-23 10:07:38.903587,6225,4748,0,1
2026-08-23 10:07:38.903607,6178,5129,0,1
2026-08-23 10:07:38.903627,6211,4856,0,1
2026-08-23 10:07:38.903647,6288,5397,2675,1
2026-08-23 10:07:38.903667,6250,4867,0,1
2026-08-23 10:07:38.923426,6295,4860,2691,1
2026-08-23 10:07:38.923446,6199,4436,0,1
2026-08-23 10:07:38.923466,6159,4877,0,1
2026-08-23 10:07:38.923486,6204,4671,0,1
2026-08-23 10:07:38.923506,6277,5322,2849,1
2026-08-23 10:07:38.923527,6188,4742,0,1
2026-08-23 10:07:38.923547,6284,5362,2856,1
2026-08-23 10:07:38.923567,6198,4747,0,1
2026-08-23 10:07:38.923586,6283,5365,2656,1
2026-08-23 10:07:38.923606,6214,4861,2,1
2026-08-23 10:07:38.923626,6290,5397,3047,1
2026-08-23 10:07:38.923646,6182,4756,0,1
2026-08-23 10:07:38.923666,6308,5363,3331,1
2026-08-23 10:07:38.943266,6233,4195,0,1
2026-08-23 10:07:38.943286,6301,4986,3004,1
2026-08-23 10:07:38.943306,6218,4535,0,1
2026-08-23 10:07:38.943326,6293,5207,3024,1
2026-08-23 10:07:38.943346,6272,4620,0,1
2026-08-23 10:07:38.943366,6286,5256,2703,1
2026-08-23 10:07:38.943386,6217,4765,9,1
2026-08-23 10:07:38.943406,6296,5390,3265,1
2026-08-23 10:07:38.943426,6179,4765,0,1
2026-08-23 10:07:38.943446,6292,5381,3020,1
2026-08-23 10:07:38.943466,6217,4806,8,1
2026-08-23 10:07:38.943486,6295,5343,2764,1
2026-08-23 10:07:38.943506,6194,4767,0,1
2026-08-23 10:07:38.963431,6304,4857,2780,1
2026-08-23 10:07:38.963451,6179,4395,0,1
2026-08-23 10:07:38.963471,6292,5071,2963,1
2026-08-23 10:07:38.963491,6190,4570,0,1
2026-08-23 10:07:38.963511,6284,5211,2823,1
2026-08-23 10:07:38.963531,6178,4681,0,1
2026-08-23 10:07:38.963551,6280,5267,2426,1
2026-08-23 10:07:38.963571,6186,4748,0,1
2026-08-23 10:07:38.963591,6282,5335,2616,1
2026-08-23 10:07:38.963611,6215,4855,2,1
2026-08-23 10:07:38.963631,6294,5407,3200,1
2026-08-23 10:07:38.963651,6169,4778,0,1
2026-08-23 10:07:38.963671,6306,5381,3338,1
2026-08-23 10:07:38.983321,6212,4188,0,1
2026-08-23 10:07:38.983341,6310,4939,3091,1
2026-08-23 10:07:38.983361,6215,4518,20,1
2026-08-23 10:07:38.983381,6290,5179,3027,1
2026-08-23 10:07:38.983401,6182,4660,0,1
2026-08-23 10:07:38.983421,6283,5275,2812,1
2026-08-23 10:07:38.983441,6215,4740,0,1
2026-08-23 10:07:38.983461,6293,5349,3055,1
2026-08-23 10:07:38.983481,6181,4734,0,1
2026-08-23 10:07:38.983501,6301,5365,3191,1
2026-08-23 10:07:38.983521,6205,4765,0,1
2026-08-23 10:07:38.983541,6286,5379,2672,1
2026-08-23 10:07:38.983561,6216,4770,0,1
2026-08-23 10:07:39.003298,6301,4816,2576,1
2026-08-23 10:07:39.003318,6200,4443,0,1
2026-08-23 10:07:39.003338,6287,5093,2454,1
2026-08-23 10:07:39.003358,6176,4632,0,1
2026-08-23 10:07:39.003378,6291,5248,2858,1
2026-08-23 10:07:39.003398,6208,4777,0,1
2026-08-23 10:07:39.003418,6272,5293,2785,1
2026-08-23 10:07:39.003438,6183,4747,0,1
2026-08-23 10:07:39.003458,6290,5380,2910,1
2026-08-23 10:07:39.003478,6196,4796,0,1
2026-08-23 10:07:39.003498,6286,5358,2838,1
2026-08-23 10:07:39.003518,6194,4769,0,1
2026-08-23 10:07:39.003538,6290,5367,2763,1
2026-08-23 10:07:39.022928,6216,4200,0,1
2026-08-23 10:07:39.022948,6236,4804,996,1
2026-08-23 10:07:39.022968,6216,4555,0,1
2026-08-23 10:07:39.022988,6279,5205,2702,1
2026-08-23 10:07:39.023008,6195,4716,0,1
2026-08-23 10:07:39.023028,6298,5344,3171,1
2026-08-23 10:07:39.023048,6188,4686,0,1
2026-08-23 10:07:39.023068,6291,5305,2966,1
2026-08-23 10:07:39.023088,6276,4747,0,1
2026-08-23 10:07:39.023108,6180,5077,0,1
2026-08-23 10:07:39.023128,6198,4875,0,1
2026-08-23 10:07:39.023148,6284,5384,2654,1
2026-08-23 10:07:39.023168,6213,4834,0,1
2026-08-23 10:07:39.043037,6306,4867,2636,1
2026-08-23 10:07:39.043057,6201,4482,0,1
2026-08-23 10:07:39.043077,6222,4983,596,1
2026-08-23 10:07:39.043097,6189,4669,0,1
2026-08-23 10:07:39.043117,6277,5323,2833,1
2026-08-23 10:07:39.043137,6212,4775,0,1
2026-08-23 10:07:39.043157,6284,5344,2937,1
2026-08-23 10:07:39.043177,6173,4809,0,1
2026-08-23 10:07:39.043197,6281,5358,2767,1
2026-08-23 10:07:39.043217,6212,4875,0,1
2026-08-23 10:07:39.043237,6164,5379,2972,1
2026-08-23 10:07:39.043257,6178,4769,0,1
2026-08-23 10:07:39.043277,6253,5258,1672,1
2026-08-23 10:07:39.062953,6216,4250,0,1
2026-08-23 10:07:39.062973,6295,5015,3165,1
2026-08-23 10:07:39.062993,6220,4504,9,1
2026-08-23 10:07:39.063013,6284,5193,2840,1
2026-08-23 10:07:39.063033,6196,4682,0,1
2026-08-23 10:07:39.063053,6276,5284,2853,1
2026-08-23 10:07:39.063073,6202,4736,0,1
2026-08-23 10:07:39.063093,6288,5361,3080,1
2026-08-23 10:07:39.063112,6167,4765,0,1
2026-08-23 10:07:39.063133,6294,5338,3204,1
2026-08-23 10:07:39.063153,6201,4790,0,1
2026-08-23 10:07:39.063173,6283,5314,2688,1
2026-08-23 10:07:39.063193,6200,4811,0,1
2026-08-23 10:07:39.083038,6298,4808,2648,1
2026-08-23 10:07:39.083058,6188,4425,0,1
2026-08-23 10:07:39.083078,6218,4939,612,1
2026-08-23 10:07:39.083098,6192,4654,0,1
2026-08-23 10:07:39.083118,6283,5281,2827,1
2026-08-23 10:07:39.083138,6189,4791,0,1
2026-08-23 10:07:39.083158,6279,5392,3030,1
2026-08-23 10:07:39.083178,6178,4760,0,1
2026-08-23 10:07:39.083198,6276,5376,2708,1
2026-08-23 10:07:39.083218,6206,4848,18,1
2026-08-23 10:07:39.083238,6277,5416,3021,1
2026-08-23 10:07:39.083258,6169,4783,0,1
2026-08-23 10:07:39.083278,6195,5158,303,1
2026-08-23 10:07:39.103071,6208,4267,0,1
2026-08-23 10:07:39.103091,6296,4992,3173,1
2026-08-23 10:07:39.103111,6209,4537,7,1
2026-08-23 10:07:39.103131,6284,5145,2833,1
2026-08-23 10:07:39.103151,6200,4676,0,1
2026-08-23 10:07:39.103171,6278,5260,2866,1
2026-08-23 10:07:39.103191,6195,4766,0,1
2026-08-23 10:07:39.103211,6284,5322,3046,1
2026-08-23 10:07:39.103231,6171,4715,0,1
2026-08-23 10:07:39.103251,6286,5350,3248,1
2026-08-23 10:07:39.103271,6197,4781,0,1
2026-08-23 10:07:39.103291,6288,5338,2659,1
2026-08-23 10:07:39.103311,6204,4750,0,1
2026-08-23 10:07:39.123149,6295,4809,2628,1
2026-08-23 10:07:39.123169,6197,4403,0,1
2026-08-23 10:07:39.123189,6196,4943,564,1
2026-08-23 10:07:39.123209,6172,4645,0,1
2026-08-23 10:07:39.123229,6295,5269,2835,1
2026-08-23 10:07:39.123249,6195,4760,0,1
2026-08-23 10:07:39.123269,6273,5351,2916,1
2026-08-23 10:07:39.123289,6181,4776,0,1
2026-08-23 10:07:39.123309,6286,5361,2796,1
2026-08-23 10:07:39.123329,6202,4817,0,1
2026-08-23 10:07:39.123349,6274,5402,2922,1
2026-08-23 10:07:39.123369,6179,4781,0,1
2026-08-23 10:07:39.123389,6285,5345,2741,1
2026-08-23 10:07:39.142864,6205,4190,0,1
2026-08-23 10:07:39.142884,6289,4998,3329,1
2026-08-23 10:07:39.142904,6188,4481,0,1
2026-08-23 10:07:39.142924,6284,5094,2722,1
2026-08-23 10:07:39.142944,6189,4685,0,1
2026-08-23 10:07:39.142964,6283,5305,2999,1
2026-08-23 10:07:39.142984,6194,4702,0,1
2026-08-23 10:07:39.143004,6280,5294,2984,1
2026-08-23 10:07:39.143024,6178,4731,0,1
2026-08-23 10:07:39.143044,6098,5024,0,1
2026-08-23 10:07:39.143064,6196,4784,0,1
2026-08-23 10:07:39.143084,6281,5332,2673,1
2026-08-23 10:07:39.143104,6206,4775,0,1
2026-08-23 10:07:39.160864,6296,4835,2623,1
2026-08-23 10:07:39.160884,6186,4414,0,1
2026-08-23 10:07:39.160904,6220,4968,885,1
2026-08-23 10:07:39.160924,6184,4681,0,1
2026-08-23 10:07:39.160944,6283,5275,2818,1
2026-08-23 10:07:39.160964,6192,4746,0,1
2026-08-23 10:07:39.160985,6273,5385,2999,1
2026-08-23 10:07:39.161004,6174,4749,0,1
2026-08-23 10:07:39.161024,6268,5344,2730,1
2026-08-23 10:07:39.161044,6199,4848,0,1
2026-08-23 10:07:39.161064,6286,5399,2977,1
2026-08-23 10:07:39.161084,6177,4726,0,1
2026-08-23 10:07:39.178858,6310,4919,3047,1
2026-08-23 10:07:39.178878,6161,4414,0,1
2026-08-23 10:07:39.178898,6275,5141,3148,1
2026-08-23 10:07:39.178918,6194,4556,0,1
2026-08-23 10:07:39.178938,6276,5190,2520,1
2026-08-23 10:07:39.178958,6193,4721,0,1
2026-08-23 10:07:39.178978,6254,5275,2027,1
2026-08-23 10:07:39.178998,6170,4788,0,1
2026-08-23 10:07:39.179018,6284,5342,2844,1
2026-08-23 10:07:39.179038,6196,4835,6,1
2026-08-23 10:07:39.179058,6281,5363,2766,1
2026-08-23 10:07:39.179078,6191,4761,0,1
2026-08-23 10:07:39.195686,6298,4888,2835,1
2026-08-23 10:07:39.195706,6181,4404,0,1
2026-08-23 10:07:39.195726,6275,5138,2844,1
2026-08-23 10:07:39.195746,6177,4592,0,1
2026-08-23 10:07:39.195766,6275,5226,2808,1
2026-08-23 10:07:39.195786,6191,4715,0,1
2026-08-23 10:07:39.195806,6273,5274,2486,1
2026-08-23 10:07:39.195826,6182,4747,0,1
2026-08-23 10:07:39.195846,6277,5338,2621,1
2026-08-23 10:07:39.195866,6219,4854,14,1
2026-08-23 10:07:39.195886,6292,5355,2949,1
2026-08-23 10:07:39.215388,6211,4373,0,1
2026-08-23 10:07:39.215408,6152,4813,0,1
2026-08-23 10:07:39.215428,6179,4624,0,1
2026-08-23 10:07:39.215448,6274,5243,2876,1
2026-08-23 10:07:39.215468,6180,4747,0,1
2026-08-23 10:07:39.215488,6277,5300,2670,1
2026-08-23 10:07:39.215508,6183,4753,0,1
2026-08-23 10:07:39.215528,6273,5337,2648,1
2026-08-23 10:07:39.215548,6207,4856,0,1
2026-08-23 10:07:39.215568,6286,5404,3293,1
2026-08-23 10:07:39.215588,6172,4787,0,1
2026-08-23 10:07:39.215608,6285,5383,3118,1
2026-08-23 10:07:39.234725,6234,4391,0,1
2026-08-23 10:07:39.234745,6296,5071,3051,1
2026-08-23 10:07:39.234765,6175,4513,0,1
2026-08-23 10:07:39.234785,6282,5204,3249,1
2026-08-23 10:07:39.234805,6196,4651,0,1
2026-08-23 10:07:39.234825,6266,5283,2711,1
2026-08-23 10:07:39.234845,6181,4761,0,1
2026-08-23 10:07:39.234865,6286,5347,3093,1
2026-08-23 10:07:39.234885,6193,4706,0,1
2026-08-23 10:07:39.234905,6270,5334,2929,1
2026-08-23 10:07:39.234925,6170,4784,0,1
2026-08-23 10:07:39.234945,6236,5268,1564,1
2026-08-23 10:07:39.234965,6206,4813,0,1
2026-08-23 10:07:39.234985,6282,5374,2673,1
2026-08-23 10:07:39.252438,6249,4223,0,1
2026-08-23 10:07:39.252458,6278,4950,2722,1
2026-08-23 10:07:39.252478,6189,4496,0,1
2026-08-23 10:07:39.252498,6285,5209,3129,1
2026-08-23 10:07:39.252518,6184,4641,0,1
2026-08-23 10:07:39.252538,6274,5245,2992,1
2026-08-23 10:07:39.252558,6176,4721,0,1
2026-08-23 10:07:39.252578,6091,4948,0,1
2026-08-23 10:07:39.252598,6196,4749,0,1
2026-08-23 10:07:39.252618,6267,5322,2627,1
2026-08-23 10:07:39.252638,6180,4740,0,1
2026-08-23 10:07:39.252658,6043,4974,0,1
2026-08-23 10:07:39.270883,6236,4314,0,1
2026-08-23 10:07:39.270903,6281,4988,2810,1
2026-08-23 10:07:39.270923,6193,4522,0,1
2026-08-23 10:07:39.270943,6289,5230,2971,1
2026-08-23 10:07:39.270963,6189,4652,0,1
2026-08-23 10:07:39.270983,6279,5295,3145,1
2026-08-23 10:07:39.271003,6174,4692,0,1
2026-08-23 10:07:39.271023,6277,5323,3184,1
2026-08-23 10:07:39.271043,6195,4774,2,1
2026-08-23 10:07:39.271063,6268,5336,2978,1
2026-08-23 10:07:39.271083,6181,4785,0,1
2026-08-23 10:07:39.271103,6294,5355,2998,1
2026-08-23 10:07:39.288571,6240,4313,0,1
2026-08-23 10:07:39.288591,6283,4978,2826,1
2026-08-23 10:07:39.288611,6196,4504,0,1
2026-08-23 10:07:39.288631,6283,5216,2908,1
2026-08-23 10:07:39.288651,6199,4681,7,1
2026-08-23 10:07:39.288671,6282,5293,3168,1
2026-08-23 10:07:39.288691,6170,4727,0,1
2026-08-23 10:07:39.288711,6278,5329,3133,1
2026-08-23 10:07:39.288731,6197,4789,13,1
2026-08-23 10:07:39.288751,6273,5340,2847,1
2026-08-23 10:07:39.288771,6173,4798,0,1
2026-08-23 10:07:39.288791,6277,5365,2954,1
2026-08-23 10:07:39.306390,6234,4293,21,1
2026-08-23 10:07:39.306410,6282,4988,2836,1
2026-08-23 10:07:39.306430,6182,4523,0,1
2026-08-23 10:07:39.306450,6274,5226,2886,1
2026-08-23 10:07:39.306470,6186,4733,21,1
2026-08-23 10:07:39.306490,6286,5294,3197,1
2026-08-23 10:07:39.306510,6172,4727,0,1
2026-08-23 10:07:39.306530,6268,5360,3102,1
2026-08-23 10:07:39.306550,6201,4805,13,1
2026-08-23 10:07:39.306570,6262,5377,2857,1
2026-08-23 10:07:39.306590,6184,4759,0,1
2026-08-23 10:07:39.306610,6272,5333,2909,1
2026-08-23 10:07:39.322565,6241,4338,12,1
2026-08-23 10:07:39.322585,6280,4983,2897,1
2026-08-23 10:07:39.322605,6074,4540,0,1
2026-08-23 10:07:39.322625,6276,5177,2860,1
2026-08-23 10:07:39.322645,6201,4714,5,1
2026-08-23 10:07:39.322665,6280,5278,3225,1
2026-08-23 10:07:39.322685,6181,4695,0,1
2026-08-23 10:07:39.322705,6280,5351,3051,1
2026-08-23 10:07:39.322725,6190,4773,8,1
2026-08-23 10:07:39.322745,6274,5375,2920,1
2026-08-23 10:07:39.322765,6175,4766,0,1
2026-08-23 10:07:39.340880,6293,4967,3021,1
2026-08-23 10:07:39.340900,6208,4547,1,1
2026-08-23 10:07:39.340920,6268,5156,2742,1
2026-08-23 10:07:39.340940,6182,4663,0,1
2026-08-23 10:07:39.340961,6272,5300,3010,1
2026-08-23 10:07:39.340981,6177,4699,0,1
2026-08-23 10:07:39.341000,6277,5280,2852,1
2026-08-23 10:07:39.341020,6174,4726,0,1
2026-08-23 10:07:39.341040,6256,5308,2606,1
2026-08-23 10:07:39.341060,6183,4787,0,1
2026-08-23 10:07:39.341080,6275,5347,2668,1
2026-08-23 10:07:39.359060,6223,4358,0,1
2026-08-23 10:07:39.359080,6276,5032,3090,1
2026-08-23 10:07:39.359100,6168,4524,0,1
2026-08-23 10:07:39.359120,6264,5210,2713,1
2026-08-23 10:07:39.359140,6203,4727,0,1
2026-08-23 10:07:39.359160,6285,5338,3365,1
2026-08-23 10:07:39.359180,6158,4678,0,1
2026-08-23 10:07:39.359200,6276,5337,2978,1
2026-08-23 10:07:39.359220,6186,4771,0,1
2026-08-23 10:07:39.359240,6273,5369,2909,1
2026-08-23 10:07:39.359260,6166,4755,0,1
2026-08-23 10:07:39.359280,6274,5357,2800,1
2026-08-23 10:07:39.359300,6214,4797,0,1
2026-08-23 10:07:39.378929,6295,4821,2748,1
2026-08-23 10:07:39.378949,6208,4419,0,1
2026-08-23 10:07:39.378969,6272,5095,2797,1
2026-08-23 10:07:39.378989,6165,4629,0,1
2026-08-23 10:07:39.379009,6269,5252,2746,1
2026-08-23 10:07:39.379029,6171,4710,0,1
2026-08-23 10:07:39.379049,6274,5327,2621,1
2026-08-23 10:07:39.379069,6194,4834,9,1
2026-08-23 10:07:39.379089,6272,5370,3089,1
2026-08-23 10:07:39.379109,6148,4736,0,1
2026-08-23 10:07:39.379129,6276,5382,3228,1
2026-08-23 10:07:39.379149,6205,4723,0,1
2026-08-23 10:07:39.379169,6290,5265,2754,1
2026-08-23 10:07:39.400346,6222,4249,0,1
2026-08-23 10:07:39.400366,6272,4988,2738,1
2026-08-23 10:07:39.400386,6179,4529,0,1
2026-08-23 10:07:39.400406,6270,5210,3025,1
2026-08-23 10:07:39.400426,6188,4589,0,1
2026-08-23 10:07:39.400446,6269,5264,2915,1
2026-08-23 10:07:39.400466,6174,4690,0,1
2026-08-23 10:07:39.400486,6206,5106,536,1
2026-08-23 10:07:39.400506,6190,4813,0,1
2026-08-23 10:07:39.400526,6262,5363,2609,1
2026-08-23 10:07:39.400546,6181,4870,0,1
2026-08-23 10:07:39.400566,6271,5400,2913,1
2026-08-23 10:07:39.400586,6174,4804,0,1
2026-08-23 10:07:39.400606,6290,5398,2993,1
2026-08-23 10:07:39.420174,6204,4209,0,1
2026-08-23 10:07:39.420194,6281,4992,2991,1
2026-08-23 10:07:39.420214,6198,4530,0,1
2026-08-23 10:07:39.420234,6273,5166,3087,1
2026-08-23 10:07:39.420254,6170,4653,0,1
2026-08-23 10:07:39.420274,6280,5232,2739,1
2026-08-23 10:07:39.420295,6195,4773,0,1
2026-08-23 10:07:39.420315,6288,5330,3329,1
2026-08-23 10:07:39.420334,6160,4749,0,1
2026-08-23 10:07:39.420354,6277,5327,2983,1
2026-08-23 10:07:39.420374,6200,4798,8,1
2026-08-23 10:07:39.420394,6276,5378,2874,1
2026-08-23 10:07:39.420414,6174,4784,0,1
2026-08-23 10:07:39.440150,6286,4848,2804,1
2026-08-23 10:07:39.440170,6164,4390,0,1
2026-08-23 10:07:39.440190,6263,5091,2772,1
2026-08-23 10:07:39.440210,6190,4633,0,1
2026-08-23 10:07:39.440230,6267,5240,2876,1
2026-08-23 10:07:39.440250,6168,4657,0,1
2026-08-23 10:07:39.440270,6235,5213,1933,1
2026-08-23 10:07:39.440290,6178,4765,0,1
2026-08-23 10:07:39.440310,6265,5333,2575,1
2026-08-23 10:07:39.440330,6195,4828,0,1
2026-08-23 10:07:39.440350,6279,5411,2971,1
2026-08-23 10:07:39.440370,6161,4756,0,1
2026-08-23 10:07:39.440390,6289,5374,3120,1
2026-08-23 10:07:39.460055,6206,4236,0,1
2026-08-23 10:07:39.460075,6278,4985,2971,1
2026-08-23 10:07:39.460095,6267,4509,0,1
2026-08-23 10:07:39.460115,6270,5189,3048,1
2026-08-23 10:07:39.460135,6179,4631,0,1
2026-08-23 10:07:39.460155,6269,5237,2718,1
2026-08-23 10:07:39.460175,6194,4746,9,1
2026-08-23 10:07:39.460195,6273,5360,3263,1
2026-08-23 10:07:39.460215,6160,4737,0,1
2026-08-23 10:07:39.460235,6269,5341,3022,1
2026-08-23 10:07:39.460255,6197,4767,10,1
2026-08-23 10:07:39.460275,6270,5328,2770,1
2026-08-23 10:07:39.460295,6186,4791,0,1
2026-08-23 10:07:39.479911,6436,4817,2739,1
2026-08-23 10:07:39.479931,6165,4372,0,1
2026-08-23 10:07:39.479951,6273,5095,2704,1
2026-08-23 10:07:39.479971,6169,4506,0,1
2026-08-23 10:07:39.479991,6254,5210,2811,1
2026-08-23 10:07:39.480011,6168,4664,0,1
2026-08-23 10:07:39.480031,6268,5300,2736,1
2026-08-23 10:07:39.480051,6168,4738,0,1
2026-08-23 10:07:39.480071,6254,5336,2654,1
2026-08-23 10:07:39.480091,6206,4826,23,1
2026-08-23 10:07:39.480111,6273,5406,3108,1
2026-08-23 10:07:39.480131,6152,4764,0,1
2026-08-23 10:07:39.480151,6149,5076,0,1
2026-08-23 10:07:39.499723,6193,4246,0,1
2026-08-23 10:07:39.499743,6283,4973,3044,1
2026-08-23 10:07:39.499763,6194,4538,12,1
2026-08-23 10:07:39.499783,6267,5199,2948,1
2026-08-23 10:07:39.499803,6170,4663,0,1
2026-08-23 10:07:39.499823,6266,5272,2760,1
2026-08-23 10:07:39.499843,6186,4738,14,1
2026-08-23 10:07:39.499863,6292,5363,3141,1
2026-08-23 10:07:39.499883,6131,4740,0,1
2026-08-23 10:07:39.499903,6274,5345,3136,1
2026-08-23 10:07:39.499923,6193,4777,0,1
2026-08-23 10:07:39.499943,6266,5321,2696,1
2026-08-23 10:07:39.499963,6180,4765,0,1
2026-08-23 10:07:39.519722,6279,4808,2620,1
2026-08-23 10:07:39.519742,6160,4428,0,1
2026-08-23 10:07:39.519762,6210,4969,870,1
2026-08-23 10:07:39.519782,6174,4670,0,1
2026-08-23 10:07:39.519802,6166,5298,2815,1
2026-08-23 10:07:39.519822,6180,4776,0,1
2026-08-23 10:07:39.519842,6261,5342,2966,1
2026-08-23 10:07:39.519862,6156,4749,0,1
2026-08-23 10:07:39.519882,6266,5372,2749,1
2026-08-23 10:07:39.519902,6188,4836,0,1
2026-08-23 10:07:39.519922,6263,5368,2963,1
2026-08-23 10:07:39.519942,6153,4754,0,1
2026-08-23 10:07:39.519962,6193,5179,637,1
2026-08-23 10:07:39.539624,6195,4235,0,1
2026-08-23 10:07:39.539644,6279,5016,3225,1
2026-08-23 10:07:39.539664,6175,4495,0,1
2026-08-23 10:07:39.539684,6262,5141,2773,1
2026-08-23 10:07:39.539704,6174,4636,0,1
2026-08-23 10:07:39.539724,6285,5303,2928,1
2026-08-23 10:07:39.539744,6194,4711,0,1
2026-08-23 10:07:39.539764,6261,5327,3003,1
2026-08-23 10:07:39.539784,6150,4722,0,1
2026-08-23 10:07:39.539804,6283,5396,3328,1
2026-08-23 10:07:39.539824,6184,4747,0,1
2026-08-23 10:07:39.539844,6262,5334,2647,1
2026-08-23 10:07:39.539864,6209,4751,0,1
2026-08-23 10:07:39.559705,6268,4799,2581,1
2026-08-23 10:07:39.559725,6166,4445,0,1
2026-08-23 10:07:39.559745,6233,5040,1943,1
2026-08-23 10:07:39.559765,6154,4630,0,1
2026-08-23 10:07:39.559785,6288,5242,2857,1
2026-08-23 10:07:39.559805,6188,4736,0,1
2026-08-23 10:07:39.559825,6271,5312,2795,1
2026-08-23 10:07:39.559845,6164,4775,0,1
2026-08-23 10:07:39.559865,6266,5379,2892,1
2026-08-23 10:07:39.559885,6172,4768,0,1
2026-08-23 10:07:39.559905,6263,5371,2851,1
2026-08-23 10:07:39.559925,6162,4771,0,1
2026-08-23 10:07:39.559945,6268,5339,2932,1
2026-08-23 10:07:39.579505,6200,4153,0,1
2026-08-23 10:07:39.579525,6272,4973,3402,1
2026-08-23 10:07:39.579545,6170,4413,0,1
2026-08-23 10:07:39.579565,6257,5071,2713,1
2026-08-23 10:07:39.579585,6174,4591,0,1
2026-08-23 10:07:39.579605,6263,5297,3098,1
2026-08-23 10:07:39.579625,6177,4660,0,1
2026-08-23 10:07:39.579645,6270,5304,2952,1
2026-08-23 10:07:39.579665,6155,4719,0,1
2026-08-23 10:07:39.579685,6108,5066,0,1
2026-08-23 10:07:39.579705,6179,4860,0,1
2026-08-23 10:07:39.579725,6262,5393,2678,1
2026-08-23 10:07:39.579745,6180,4837,0,1
2026-08-23 10:07:39.599292,6292,4840,2695,1
2026-08-23 10:07:39.599312,6167,4418,0,1
2026-08-23 10:07:39.599332,6271,5025,198,1
2026-08-23 10:07:39.599352,6195,4562,0,1
2026-08-23 10:07:39.599372,6269,5215,2832,1
2026-08-23 10:07:39.599392,6165,4724,0,1
2026-08-23 10:07:39.599412,6278,5311,2894,1
2026-08-23 10:07:39.599432,6162,4735,0,1
2026-08-23 10:07:39.599452,6263,5321,2658,1
2026-08-23 10:07:39.599472,6186,4842,0,1
2026-08-23 10:07:39.599492,6262,5437,3221,1
2026-08-23 10:07:39.599512,6160,4731,0,1
2026-08-23 10:07:39.599532,6283,5385,3223,1
2026-08-23 10:07:39.619026,6200,4208,0,1
2026-08-23 10:07:39.619046,6276,4956,2973,1
2026-08-23 10:07:39.619066,6172,4514,0,1
2026-08-23 10:07:39.619087,6263,5193,3110,1
2026-08-23 10:07:39.619107,6167,4623,0,1
2026-08-23 10:07:39.619127,6262,5239,2693,1
2026-08-23 10:07:39.619147,6184,4750,0,1
2026-08-23 10:07:39.619167,6283,5371,3146,1
2026-08-23 10:07:39.619186,6154,4762,0,1
2026-08-23 10:07:39.619206,6263,5378,2962,1
2026-08-23 10:07:39.619226,6192,4795,0,1
2026-08-23 10:07:39.619246,6263,5358,2913,1
2026-08-23 10:07:39.619267,6180,4755,0,1
2026-08-23 10:07:39.638868,6277,4855,2886,1
2026-08-23 10:07:39.638888,6165,4416,0,1
2026-08-23 10:07:39.638908,6260,5057,2745,1
2026-08-23 10:07:39.638928,6190,4623,0,1
2026-08-23 10:07:39.638948,6272,5266,2930,1
2026-08-23 10:07:39.638968,6126,4696,0,1
2026-08-23 10:07:39.638988,6079,4940,0,1
2026-08-23 10:07:39.639009,6171,4687,0,1
2026-08-23 10:07:39.639028,6265,5282,2544,1
2026-08-23 10:07:39.639048,6175,4813,0,1
2026-08-23 10:07:39.639068,6277,5341,2987,1
2026-08-23 10:07:39.639088,6156,4721,0,1
2026-08-23 10:07:39.639108,6262,5372,3001,1
2026-08-23 10:07:39.658695,6225,4302,0,1
2026-08-23 10:07:39.658715,6271,5018,2923,1
2026-08-23 10:07:39.658736,6166,4535,0,1
2026-08-23 10:07:39.658756,6245,5131,2281,1
2026-08-23 10:07:39.658776,6178,4704,0,1
2026-08-23 10:07:39.658796,6260,5270,2649,1
2026-08-23 10:07:39.658816,6181,4803,0,1
2026-08-23 10:07:39.658836,6274,5340,2982,1
2026-08-23 10:07:39.658855,6167,4759,0,1
2026-08-23 10:07:39.658875,6263,5365,2931,1
2026-08-23 10:07:39.658895,6172,4843,0,1
2026-08-23 10:07:39.658916,6274,5408,3102,1
2026-08-23 10:07:39.658936,6177,4746,0,1
2026-08-23 10:07:39.678737,6265,4818,2354,1
2026-08-23 10:07:39.678757,6155,4424,0,1
2026-08-23 10:07:39.678777,6263,5096,2634,1
2026-08-23 10:07:39.678797,6194,4645,2,1
2026-08-23 10:07:39.678817,6267,5266,3083,1
2026-08-23 10:07:39.678837,6158,4696,0,1
2026-08-23 10:07:39.678857,6267,5332,3216,1
2026-08-23 10:07:39.678877,6182,4759,0,1
2026-08-23 10:07:39.678897,6251,5328,2603,1
2026-08-23 10:07:39.678917,6167,4802,0,1
2026-08-23 10:07:39.678937,6184,5191,638,1
2026-08-23 10:07:39.678957,6164,4824,0,1
2026-08-23 10:07:39.678977,6272,5380,2936,1
2026-08-23 10:07:39.698669,6205,4339,0,1
2026-08-23 10:07:39.698689,6270,5044,2944,1
2026-08-23 10:07:39.698709,6171,4532,0,1
2026-08-23 10:07:39.698729,6260,5222,2795,1
2026-08-23 10:07:39.698749,6163,4688,0,1
2026-08-23 10:07:39.698769,6265,5296,2651,1
2026-08-23 10:07:39.698789,6184,4784,0,1
2026-08-23 10:07:39.698809,6247,5289,2252,1
2026-08-23 10:07:39.698829,6167,4807,0,1
2026-08-23 10:07:39.698849,6265,5380,2922,1
2026-08-23 10:07:39.698869,6177,4829,0,1
2026-08-23 10:07:39.698889,6264,5430,2956,1
2026-08-23 10:07:39.698909,6173,4794,0,1
2026-08-23 10:07:39.718694,6274,4814,2720,1
2026-08-23 10:07:39.718714,6161,4415,0,1
2026-08-23 10:07:39.718735,6262,5040,2628,1
2026-08-23 10:07:39.718755,6185,4638,11,1
2026-08-23 10:07:39.718775,6273,5259,3057,1
2026-08-23 10:07:39.718795,6120,4660,0,1
2026-08-23 10:07:39.718815,6267,5322,2938,1
2026-08-23 10:07:39.718835,6184,4724,0,1
2026-08-23 10:07:39.718854,6249,5312,2592,1
2026-08-23 10:07:39.718874,6159,4792,0,1
2026-08-23 10:07:39.718894,6229,5279,1813,1
2026-08-23 10:07:39.718915,6166,4786,0,1
2026-08-23 10:07:39.718935,6267,5361,2918,1
2026-08-23 10:07:39.738599,6203,4322,0,1
2026-08-23 10:07:39.738619,6275,5027,2940,1
2026-08-23 10:07:39.738639,6163,4527,0,1
2026-08-23 10:07:39.738659,6244,5147,2308,1
2026-08-23 10:07:39.738679,6165,4697,0,1
2026-08-23 10:07:39.738699,6264,5267,2640,1
2026-08-23 10:07:39.738719,6186,4772,0,1
2026-08-23 10:07:39.738739,6269,5357,3055,1
2026-08-23 10:07:39.738759,6149,4791,0,1
2026-08-23 10:07:39.738779,6265,5374,2927,1
2026-08-23 10:07:39.738799,6189,4833,0,1
2026-08-23 10:07:39.738819,6253,5367,2996,1
2026-08-23 10:07:39.738839,6167,4757,0,1
2026-08-23 10:07:39.758579,6273,4792,2676,1
2026-08-23 10:07:39.758599,6171,4353,0,1
2026-08-23 10:07:39.758619,6250,5063,2705,1
2026-08-23 10:07:39.758639,6186,4646,25,1
2026-08-23 10:07:39.758659,6263,5242,2964,1
2026-08-23 10:07:39.758679,6133,4676,0,1
2026-08-23 10:07:39.758699,6105,4901,0,1
2026-08-23 10:07:39.758719,6182,4707,0,1
2026-08-23 10:07:39.758739,6258,5314,2549,1
2026-08-23 10:07:39.758759,6175,4809,0,1
2026-08-23 10:07:39.758779,6238,5283,2111,1
2026-08-23 10:07:39.758799,6194,4792,0,1
2026-08-23 10:07:39.758819,6262,5351,3029,1
2026-08-23 10:07:39.778414,6212,4293,0,1
2026-08-23 10:07:39.778434,6265,4980,2940,1
2026-08-23 10:07:39.778454,6162,4551,0,1
2026-08-23 10:07:39.778474,6267,5182,3006,1
2026-08-23 10:07:39.778494,6159,4678,0,1
2026-08-23 10:07:39.778514,6249,5273,2668,1
2026-08-23 10:07:39.778534,6186,4750,0,1
2026-08-23 10:07:39.778554,6262,5309,2825,1
2026-08-23 10:07:39.778574,6159,4779,0,1
2026-08-23 10:07:39.778594,6384,5346,2934,1
2026-08-23 10:07:39.778614,6184,4799,0,1
2026-08-23 10:07:39.778634,6255,5393,2962,1
2026-08-23 10:07:39.778654,6168,4779,0,1
2026-08-23 10:07:39.798164,6288,4833,2868,1
2026-08-23 10:07:39.798184,6162,4362,0,1
2026-08-23 10:07:39.798204,6255,5077,2728,1
2026-08-23 10:07:39.798224,6186,4591,0,1
2026-08-23 10:07:39.798244,6269,5224,2928,1
2026-08-23 10:07:39.798264,6150,4657,0,1
2026-08-23 10:07:39.798284,6101,4970,0,1
2026-08-23 10:07:39.798304,6165,4755,0,1
2026-08-23 10:07:39.798324,6255,5325,2540,1
2026-08-23 10:07:39.798344,6179,4846,0,1
2026-08-23 10:07:39.798364,6271,5388,3135,1
2026-08-23 10:07:39.798384,6152,4765,0,1
2026-08-23 10:07:39.798404,6272,5370,3090,1
2026-08-23 10:07:39.818120,6208,4273,0,1
2026-08-23 10:07:39.818140,6257,4992,2933,1
2026-08-23 10:07:39.818160,6178,4547,0,1
2026-08-23 10:07:39.818180,6268,5210,2900,1
2026-08-23 10:07:39.818200,6166,4646,0,1
2026-08-23 10:07:39.818220,6260,5254,2670,1
2026-08-23 10:07:39.818240,6181,4786,0,1
2026-08-23 10:07:39.818260,6264,5387,3309,1
2026-08-23 10:07:39.818280,6151,4753,0,1
2026-08-23 10:07:39.818300,6260,5328,2972,1
2026-08-23 10:07:39.818320,6180,4781,0,1
2026-08-23 10:07:39.818340,6261,5376,2846,1
2026-08-23 10:07:39.818360,6174,4736,0,1
2026-08-23 10:07:39.838191,6268,4833,2766,1
2026-08-23 10:07:39.838211,6164,4364,0,1
2026-08-23 10:07:39.838231,6255,5093,2892,1
2026-08-23 10:07:39.838251,6177,4550,0,1
2026-08-23 10:07:39.838271,6254,5233,2849,1
2026-08-23 10:07:39.838291,6157,4652,0,1
2026-08-23 10:07:39.838311,6246,5271,2625,1
2026-08-23 10:07:39.838331,6165,4738,0,1
2026-08-23 10:07:39.838351,6237,5338,2571,1
2026-08-23 10:07:39.838371,6176,4839,0,1
2026-08-23 10:07:39.838391,6267,5415,3154,1
2026-08-23 10:07:39.838411,6156,4756,0,1
2026-08-23 10:07:39.838431,6267,5369,3259,1
2026-08-23 10:07:39.858164,6180,4178,0,1
2026-08-23 10:07:39.858184,6256,4947,3025,1
2026-08-23 10:07:39.858204,6189,4511,11,1
2026-08-23 10:07:39.858224,6282,5145,2939,1
2026-08-23 10:07:39.858244,6156,4653,0,1
2026-08-23 10:07:39.858264,6248,5223,2760,1
2026-08-23 10:07:39.858284,6186,4739,9,1
2026-08-23 10:07:39.858304,6265,5329,2937,1
2026-08-23 10:07:39.858324,6129,4748,0,1
2026-08-23 10:07:39.858344,6261,5345,3126,1
2026-08-23 10:07:39.858364,6166,4765,0,1
2026-08-23 10:07:39.858384,6244,5350,2687,1
2026-08-23 10:07:39.858404,6173,4757,0,1
2026-08-23 10:07:39.878162,6262,4835,2610,1
2026-08-23 10:07:39.878182,6165,4386,0,1
2026-08-23 10:07:39.878202,6181,4914,683,1
2026-08-23 10:07:39.878222,6159,4636,0,1
2026-08-23 10:07:39.878242,6254,5281,2820,1
2026-08-23 10:07:39.878263,6180,4779,0,1
2026-08-23 10:07:39.878283,6265,5332,2985,1
2026-08-23 10:07:39.878303,6152,4773,0,1
2026-08-23 10:07:39.878322,6258,5330,2846,1
2026-08-23 10:07:39.878342,6167,4769,0,1
2026-08-23 10:07:39.878362,6254,5347,2885,1
2026-08-23 10:07:39.878382,6153,4780,0,1
2026-08-23 10:07:39.878402,6264,5341,2890,1
2026-08-23 10:07:39.898023,6189,4174,0,1
2026-08-23 10:07:39.898043,6277,4926,3451,1
2026-08-23 10:07:39.898063,6169,4396,0,1
2026-08-23 10:07:39.898083,6308,5089,2701,1
2026-08-23 10:07:39.898103,6167,4631,0,1
2026-08-23 10:07:39.898123,6255,5242,2709,1
2026-08-23 10:07:39.898143,6162,4666,0,1
2026-08-23 10:07:39.898163,6257,5293,2954,1
2026-08-23 10:07:39.898183,6149,4725,0,1
2026-08-23 10:07:39.898203,6177,5194,952,1
2026-08-23 10:07:39.898223,6180,4791,0,1
2026-08-23 10:07:39.898243,6250,5358,2671,1
2026-08-23 10:07:39.898263,6179,4800,0,1
2026-08-23 10:07:39.918151,6264,4813,2601,1
2026-08-23 10:07:39.918171,6161,4412,0,1
2026-08-23 10:07:39.918191,6245,5023,2109,1
2026-08-23 10:07:39.918211,6149,4644,0,1
2026-08-23 10:07:39.918231,6256,5245,2849,1
2026-08-23 10:07:39.918251,6175,4750,0,1
2026-08-23 10:07:39.918271,6261,5335,2918,1
2026-08-23 10:07:39.918291,6159,4731,0,1
2026-08-23 10:07:39.918311,6243,5352,2779,1
2026-08-23 10:07:39.918331,6167,4792,0,1
2026-08-23 10:07:39.918351,6261,5375,2930,1
2026-08-23 10:07:39.918371,6131,4748,0,1
2026-08-23 10:07:39.918391,6245,5243,2085,1
2026-08-23 10:07:39.938053,6178,4199,0,1
2026-08-23 10:07:39.938073,6276,4978,3274,1
2026-08-23 10:07:39.938093,6180,4477,0,1
2026-08-23 10:07:39.938113,6249,5097,2779,1
2026-08-23 10:07:39.938133,6168,4657,0,1
2026-08-23 10:07:39.938153,6256,5261,2960,1
2026-08-23 10:07:39.938173,6171,4680,0,1
2026-08-23 10:07:39.938193,6251,5317,3004,1
2026-08-23 10:07:39.938213,6150,4736,0,1
2026-08-23 10:07:39.938233,6270,5369,3328,1
2026-08-23 10:07:39.938253,6165,4736,0,1
2026-08-23 10:07:39.938273,6251,5315,2647,1
2026-08-23 10:07:39.938293,6171,4731,0,1
2026-08-23 10:07:39.958145,6270,4801,2594,1
2026-08-23 10:07:39.958165,6162,4437,0,1
2026-08-23 10:07:39.958185,6226,5004,1844,1
2026-08-23 10:07:39.958205,6148,4631,0,1
2026-08-23 10:07:39.958225,6247,5239,2858,1
2026-08-23 10:07:39.958245,6183,4735,0,1
2026-08-23 10:07:39.958265,6241,5320,2806,1
2026-08-23 10:07:39.958285,6149,4734,0,1
2026-08-23 10:07:39.958305,6253,5361,2896,1
2026-08-23 10:07:39.958325,6170,4792,0,1
2026-08-23 10:07:39.958345,6259,5364,2872,1
2026-08-23 10:07:39.958365,6129,4782,0,1
2026-08-23 10:07:39.958385,6257,5342,2946,1
2026-08-23 10:07:39.977995,6179,4171,0,1
2026-08-23 10:07:39.978015,6272,4928,3416,1
2026-08-23 10:07:39.978035,6169,4418,0,1
2026-08-23 10:07:39.978055,6302,5082,2714,1
2026-08-23 10:07:39.978076,6162,4573,0,1
2026-08-23 10:07:39.978096,6255,5251,3103,1
2026-08-23 10:07:39.978116,6159,4661,0,1
2026-08-23 10:07:39.978136,6254,5276,2973,1
2026-08-23 10:07:39.978155,6151,4699,0,1
2026-08-23 10:07:39.978175,6092,5068,0,1
2026-08-23 10:07:39.978195,6183,4829,0,1
2026-08-23 10:07:39.978215,6243,5397,2671,1
2026-08-23 10:07:39.978235,6182,4795,0,1
2026-08-23 10:07:39.997925,6267,4832,2684,1
2026-08-23 10:07:39.997945,6152,4408,0,1
2026-08-23 10:07:39.997965,6078,4738,0,1
2026-08-23 10:07:39.997985,6172,4569,0,1
2026-08-23 10:07:39.998005,6253,5195,2818,1
2026-08-23 10:07:39.998025,6157,4680,0,1
2026-08-23 10:07:39.998045,6242,5344,3148,1
2026-08-23 10:07:39.998065,6156,4712,0,1
2026-08-23 10:07:39.998085,6247,5325,2679,1
2026-08-23 10:07:39.998105,6177,4830,2,1
2026-08-23 10:07:39.998125,6261,5357,3151,1
2026-08-23 10:07:39.998145,6132,4720,0,1
2026-08-23 10:07:39.998165,6270,5338,3310,1
2026-08-23 10:07:40.017634,6186,4211,0,1
2026-08-23 10:07:40.017654,6266,4980,2993,1
2026-08-23 10:07:40.017674,6165,4493,0,1
2026-08-23 10:07:40.017694,6257,5194,3045,1
2026-08-23 10:07:40.017714,6154,4646,0,1
2026-08-23 10:07:40.017734,6250,5279,2719,1
2026-08-23 10:07:40.017754,6188,4754,4,1
2026-08-23 10:07:40.017774,6260,5366,3289,1
2026-08-23 10:07:40.017794,6116,4706,0,1
2026-08-23 10:07:40.017814,6250,5320,3008,1
2026-08-23 10:07:40.017834,6171,4811,1,1
2026-08-23 10:07:40.017854,6248,5356,2798,1
2026-08-23 10:07:40.017874,6167,4755,0,1
2026-08-23 10:07:40.037521,6268,4805,2785,1
2026-08-23 10:07:40.037541,6151,4362,0,1
2026-08-23 10:07:40.037561,6255,5096,2954,1
2026-08-23 10:07:40.037581,6162,4534,0,1
2026-08-23 10:07:40.037601,6246,5189,2816,1
2026-08-23 10:07:40.037621,6155,4663,0,1
2026-08-23 10:07:40.037641,6251,5284,2524,1
2026-08-23 10:07:40.037661,6163,4731,0,1
2026-08-23 10:07:40.037681,6250,5345,2626,1
2026-08-23 10:07:40.037701,6178,4831,1,1
2026-08-23 10:07:40.037721,6257,5379,3138,1
2026-08-23 10:07:40.037741,6124,4758,0,1
2026-08-23 10:07:40.037761,6097,5019,0,1
2026-08-23 10:07:40.057460,6190,4228,0,1
2026-08-23 10:07:40.057480,6255,5025,3034,1
2026-08-23 10:07:40.057500,6178,4547,8,1
2026-08-23 10:07:40.057520,6244,5189,2798,1
2026-08-23 10:07:40.057540,6152,4636,0,1
2026-08-23 10:07:40.057560,6256,5233,2786,1
2026-08-23 10:07:40.057580,6172,4764,7,1
2026-08-23 10:07:40.057600,6256,5353,3136,1
2026-08-23 10:07:40.057620,6129,4714,0,1
2026-08-23 10:07:40.057640,6251,5365,3152,1
2026-08-23 10:07:40.057660,6176,4765,0,1
2026-08-23 10:07:40.057680,6254,5343,2701,1
2026-08-23 10:07:40.057700,6171,4746,0,1
2026-08-23 10:07:40.077465,6273,4789,2645,1
2026-08-23 10:07:40.077485,6152,4419,0,1
2026-08-23 10:07:40.077505,6211,4986,1123,1
2026-08-23 10:07:40.077525,6156,4665,0,1
2026-08-23 10:07:40.077545,6252,5286,2828,1
2026-08-23 10:07:40.077565,6167,4731,0,1
2026-08-23 10:07:40.077585,6254,5348,2963,1
2026-08-23 10:07:40.077605,6130,4771,0,1
2026-08-23 10:07:40.077625,6247,5369,2741,1
2026-08-23 10:07:40.077645,6171,4823,3,1
2026-08-23 10:07:40.077665,6241,5371,2943,1
2026-08-23 10:07:40.077685,6150,4762,0,1
2026-08-23 10:07:40.077705,6166,5106,345,1
2026-08-23 10:07:40.097322,6169,4243,0,1
2026-08-23 10:07:40.097342,6270,5004,3178,1
2026-08-23 10:07:40.097363,6163,4515,12,1
2026-08-23 10:07:40.097383,6228,5162,2815,1
2026-08-23 10:07:40.097403,6149,4661,0,1
2026-08-23 10:07:40.097423,6248,5282,2881,1
2026-08-23 10:07:40.097443,6181,4718,0,1
2026-08-23 10:07:40.097463,6242,5339,3054,1
2026-08-23 10:07:40.097482,6153,4713,0,1
2026-08-23 10:07:40.097502,6256,5377,3248,1
2026-08-23 10:07:40.097522,6178,4744,0,1
2026-08-23 10:07:40.097543,6249,5339,2660,1
2026-08-23 10:07:40.097563,6165,4760,0,1
2026-08-23 10:07:40.117068,6266,4834,2662,1
2026-08-23 10:07:40.117088,6163,4386,0,1
2026-08-23 10:07:40.117108,6094,4828,0,1
2026-08-23 10:07:40.117128,6149,4623,0,1
2026-08-23 10:07:40.117148,6248,5288,2816,1
2026-08-23 10:07:40.117168,6170,4769,0,1
2026-08-23 10:07:40.117188,6255,5328,2964,1
2026-08-23 10:07:40.117208,6123,4780,0,1
2026-08-23 10:07:40.117228,6250,5333,2732,1
2026-08-23 10:07:40.117248,6179,4815,0,1
2026-08-23 10:07:40.117268,6245,5393,2969,1
2026-08-23 10:07:40.117288,6125,4732,0,1
2026-08-23 10:07:40.117308,6225,5270,1922,1
2026-08-23 10:07:40.136198,6176,4241,0,1
2026-08-23 10:07:40.136218,6259,5003,3121,1
2026-08-23 10:07:40.136238,6172,4506,4,1
2026-08-23 10:07:40.136258,6249,5170,2847,1
2026-08-23 10:07:40.136278,6152,4660,0,1
2026-08-23 10:07:40.136298,6241,5276,2840,1
2026-08-23 10:07:40.136318,6172,4723,154,1
2026-08-23 10:07:40.136338,6256,5317,3052,1
2026-08-23 10:07:40.136358,6124,4762,0,1
2026-08-23 10:07:40.136378,6263,5332,3213,1
2026-08-23 10:07:40.136398,6180,4769,0,1
2026-08-23 10:07:40.136418,6256,5287,2672,1
2026-08-23 10:07:40.136438,6183,4771,0,1
2026-08-23 10:07:40.156297,6266,4912,2737,1
2026-08-23 10:07:40.156317,6125,4473,0,1
2026-08-23 10:07:40.156337,6242,5137,2704,1
2026-08-23 10:07:40.156357,6171,4675,8,1
2026-08-23 10:07:40.156377,6249,5243,2964,1
2026-08-23 10:07:40.156397,6116,4701,0,1
2026-08-23 10:07:40.156417,6113,5035,0,1
2026-08-23 10:07:40.156437,6166,4812,0,1
2026-08-23 10:07:40.156457,6235,5386,2573,1
2026-08-23 10:07:40.156477,6160,4862,0,1
2026-08-23 10:07:40.156497,6243,5352,2498,1
2026-08-23 10:07:40.156517,6121,4777,0,1
2026-08-23 10:07:40.156537,6254,5396,2947,1
2026-08-23 10:07:40.175984,6196,4221,0,1
2026-08-23 10:07:40.176004,6262,4967,2946,1
2026-08-23 10:07:40.176024,6166,4520,0,1
2026-08-23 10:07:40.176044,6254,5211,3224,1
2026-08-23 10:07:40.176064,6155,4631,0,1
2026-08-23 10:07:40.176084,6251,5273,2712,1
2026-08-23 10:07:40.176104,6187,4798,4,1
2026-08-23 10:07:40.176124,6252,5343,3261,1
2026-08-23 10:07:40.176144,6129,4718,0,1
2026-08-23 10:07:40.176164,6245,5366,3005,1
2026-08-23 10:07:40.176184,6176,4790,8,1
2026-08-23 10:07:40.176204,6247,5367,2808,1
2026-08-23 10:07:40.176224,6161,4751,0,1
2026-08-23 10:07:40.196031,6261,4809,2796,1
2026-08-23 10:07:40.196051,6151,4382,0,1
2026-08-23 10:07:40.196071,6251,5080,2937,1
2026-08-23 10:07:40.196091,6156,4567,0,1
2026-08-23 10:07:40.196111,6249,5222,2810,1
2026-08-23 10:07:40.196131,6117,4693,0,1
2026-08-23 10:07:40.196151,6252,5283,2451,1
2026-08-23 10:07:40.196171,6155,4769,0,1
2026-08-23 10:07:40.196191,6255,5297,2627,1
2026-08-23 10:07:40.196211,6177,4808,11,1
2026-08-23 10:07:40.196231,6246,5364,3140,1
2026-08-23 10:07:40.196251,6113,4759,0,1
2026-08-23 10:07:40.196271,6273,5339,3304,1
2026-08-23 10:07:40.215806,6182,4179,0,1
2026-08-23 10:07:40.215826,6257,4954,3095,1
2026-08-23 10:07:40.215846,6176,4470,16,1
2026-08-23 10:07:40.215866,6248,5180,2882,1
2026-08-23 10:07:40.215886,6156,4643,0,1
2026-08-23 10:07:40.215906,6253,5231,2822,1
2026-08-23 10:07:40.215926,6177,4741,1,1
2026-08-23 10:07:40.215946,6257,5308,3056,1
2026-08-23 10:07:40.215966,6128,4725,0,1
2026-08-23 10:07:40.215986,6248,5386,3202,1
2026-08-23 10:07:40.216006,6182,4741,0,1
2026-08-23 10:07:40.216026,6247,5307,2662,1
2026-08-23 10:07:40.216046,6155,4736,0,1
2026-08-23 10:07:40.235893,6264,4764,2620,1
2026-08-23 10:07:40.235913,6157,4418,0,1
2026-08-23 10:07:40.235933,6222,4984,1765,1
2026-08-23 10:07:40.235953,6156,4623,0,1
2026-08-23 10:07:40.235973,6250,5237,2829,1
2026-08-23 10:07:40.235993,6172,4735,0,1
2026-08-23 10:07:40.236013,6250,5316,2916,1
2026-08-23 10:07:40.236033,6151,4766,0,1
2026-08-23 10:07:40.236053,6251,5322,2789,1
2026-08-23 10:07:40.236073,6184,4813,0,1
2026-08-23 10:07:40.236093,6251,5359,2902,1
2026-08-23 10:07:40.236113,6124,4748,0,1
2026-08-23 10:07:40.236133,6216,5241,1805,1
2026-08-23 10:07:40.255799,6166,4226,0,1
2026-08-23 10:07:40.255819,6268,4956,3278,1
2026-08-23 10:07:40.255839,6176,4494,0,1
2026-08-23 10:07:40.255859,6247,5094,2769,1
2026-08-23 10:07:40.255879,6157,4592,0,1
2026-08-23 10:07:40.255899,6253,5252,2975,1
2026-08-23 10:07:40.255919,6172,4698,0,1
2026-08-23 10:07:40.255939,6244,5328,2997,1
2026-08-23 10:07:40.255959,6123,4744,0,1
2026-08-23 10:07:40.255979,6270,5384,3306,1
2026-08-23 10:07:40.255999,6166,4722,0,1
2026-08-23 10:07:40.256019,6244,5340,2658,1
2026-08-23 10:07:40.256039,6179,4784,0,1
2026-08-23 10:07:40.275864,6264,4816,2597,1
2026-08-23 10:07:40.275884,6164,4417,0,1
2026-08-23 10:07:40.275904,6207,4973,1472,1
2026-08-23 10:07:40.275924,6147,4640,0,1
2026-08-23 10:07:40.275944,6237,5249,2826,1
2026-08-23 10:07:40.275964,6169,4777,0,1
2026-08-23 10:07:40.275984,6258,5354,2828,1
2026-08-23 10:07:40.276004,6155,4741,0,1
2026-08-23 10:07:40.276024,6241,5368,2844,1
2026-08-23 10:07:40.276044,6165,4810,0,1
2026-08-23 10:07:40.276064,6253,5410,2883,1
2026-08-23 10:07:40.276084,6124,4790,0,1
2026-08-23 10:07:40.276104,6251,5312,2897,1
2026-08-23 10:07:40.295696,6186,4138,0,1
2026-08-23 10:07:40.295717,6280,4935,3400,1
2026-08-23 10:07:40.295737,6178,4435,0,1
2026-08-23 10:07:40.295757,6249,5093,2694,1
2026-08-23 10:07:40.295777,6157,4634,0,1
2026-08-23 10:07:40.295797,6250,5276,3102,1
2026-08-23 10:07:40.295817,6159,4674,0,1
2026-08-23 10:07:40.295837,6251,5267,2978,1
2026-08-23 10:07:40.295856,6148,4700,0,1
2026-08-23 10:07:40.295877,6132,5090,17,1
2026-08-23 10:07:40.295897,6160,4840,0,1
2026-08-23 10:07:40.295917,6231,5373,2691,1
2026-08-23 10:07:40.295937,6176,4826,0,1
2026-08-23 10:07:40.315481,6263,4871,2654,1
2026-08-23 10:07:40.315501,6155,4452,0,1
2026-08-23 10:07:40.315521,6172,4928,597,1
2026-08-23 10:07:40.315541,6155,4693,0,1
2026-08-23 10:07:40.315561,6249,5307,2829,1
2026-08-23 10:07:40.315581,6155,4781,0,1
2026-08-23 10:07:40.315601,6249,5338,3034,1
2026-08-23 10:07:40.315621,6130,4754,0,1
2026-08-23 10:07:40.315641,6216,5356,2711,1
2026-08-23 10:07:40.315661,6166,4826,3,1
2026-08-23 10:07:40.315681,6260,5369,3033,1
2026-08-23 10:07:40.315701,6128,4761,0,1
2026-08-23 10:07:40.315721,6120,5046,0,1
2026-08-23 10:07:40.335250,6174,4199,0,1
2026-08-23 10:07:40.335270,6256,4985,3043,1
2026-08-23 10:07:40.335290,6178,4525,18,1
2026-08-23 10:07:40.335310,6246,5176,2948,1
2026-08-23 10:07:40.335330,6154,4654,0,1
2026-08-23 10:07:40.335350,6244,5264,2791,1
2026-08-23 10:07:40.335370,6174,4762,15,1
2026-08-23 10:07:40.335390,6261,5347,3167,1
2026-08-23 10:07:40.335410,6115,4711,0,1
2026-08-23 10:07:40.335430,6256,5364,3086,1
2026-08-23 10:07:40.335450,6174,4800,0,1
2026-08-23 10:07:40.335470,6252,5320,2706,1
2026-08-23 10:07:40.335490,6175,4744,0,1
2026-08-23 10:07:40.355278,6268,4822,2593,1
2026-08-23 10:07:40.355299,6156,4389,0,1
2026-08-23 10:07:40.355319,6263,5105,3169,1
2026-08-23 10:07:40.355339,6152,4467,0,1
2026-08-23 10:07:40.355359,6245,5154,2806,1
2026-08-23 10:07:40.355379,6163,4681,0,1
2026-08-23 10:07:40.355399,6242,5295,2892,1
2026-08-23 10:07:40.355419,6152,4697,0,1
2026-08-23 10:07:40.355438,6243,5331,2752,1
2026-08-23 10:07:40.355458,6175,4813,11,1
2026-08-23 10:07:40.355479,6242,5373,3013,1
2026-08-23 10:07:40.355499,6130,4741,0,1
2026-08-23 10:07:40.355519,6175,5137,773,1
2026-08-23 10:07:40.375122,6164,4222,0,1
2026-08-23 10:07:40.375142,6255,4983,3179,1
2026-08-23 10:07:40.375162,6170,4497,0,1
2026-08-23 10:07:40.375182,6245,5145,2808,1
2026-08-23 10:07:40.375202,6156,4672,0,1
2026-08-23 10:07:40.375222,6253,5255,2889,1
2026-08-23 10:07:40.375242,6171,4761,0,1
2026-08-23 10:07:40.375262,6245,5308,3040,1
2026-08-23 10:07:40.375282,6123,4720,0,1
2026-08-23 10:07:40.375302,6258,5349,3291,1
2026-08-23 10:07:40.375322,6166,4767,0,1
2026-08-23 10:07:40.375342,6241,5303,2650,1
2026-08-23 10:07:40.375362,6166,4780,0,1
2026-08-23 10:07:40.395135,6253,4811,2591,1
2026-08-23 10:07:40.395155,6163,4427,0,1
2026-08-23 10:07:40.395175,6235,5055,2281,1
2026-08-23 10:07:40.395195,6132,4589,0,1
2026-08-23 10:07:40.395215,6241,5215,2838,1
2026-08-23 10:07:40.395235,6170,4751,0,1
2026-08-23 10:07:40.395255,6243,5311,2844,1
2026-08-23 10:07:40.395275,6132,4736,0,1
2026-08-23 10:07:40.395295,6242,5366,2868,1
2026-08-23 10:07:40.395315,6124,4773,0,1
2026-08-23 10:07:40.395335,6246,5368,2874,1
2026-08-23 10:07:40.395355,6148,4786,0,1
2026-08-23 10:07:40.395375,6253,5272,2350,1
2026-08-23 10:07:40.414997,6171,4161,0,1
2026-08-23 10:07:40.415017,6267,4958,3355,1
2026-08-23 10:07:40.415037,6170,4449,0,1
2026-08-23 10:07:40.415057,6234,5131,2732,1
2026-08-23 10:07:40.415077,6152,4645,0,1
2026-08-23 10:07:40.415097,6256,5242,3038,1
2026-08-23 10:07:40.415117,6160,4668,0,1
2026-08-23 10:07:40.415137,6240,5306,2966,1
2026-08-23 10:07:40.415157,6146,4712,0,1
2026-08-23 10:07:40.415177,6257,5379,3421,1
2026-08-23 10:07:40.415197,6154,4730,0,1
2026-08-23 10:07:40.415217,6234,5280,2731,1
2026-08-23 10:07:40.415237,6168,4756,0,1
2026-08-23 10:07:40.435081,6245,4799,2586,1
2026-08-23 10:07:40.435101,6162,4387,0,1
2026-08-23 10:07:40.435121,6213,5042,1916,1
2026-08-23 10:07:40.435141,6123,4577,0,1
2026-08-23 10:07:40.435161,6252,5219,2850,1
2026-08-23 10:07:40.435181,6178,4735,0,1
2026-08-23 10:07:40.435201,6256,5338,2824,1
2026-08-23 10:07:40.435221,6157,4766,0,1
2026-08-23 10:07:40.435241,6249,5354,2877,1
2026-08-23 10:07:40.435261,6167,4785,0,1
2026-08-23 10:07:40.435281,6260,5330,2884,1
2026-08-23 10:07:40.435301,6146,4770,0,1
2026-08-23 10:07:40.435321,6250,5315,2817,1
2026-08-23 10:07:40.454845,6180,4152,0,1
2026-08-23 10:07:40.454865,6262,4973,3300,1
2026-08-23 10:07:40.454885,6177,4435,0,1
2026-08-23 10:07:40.454905,6246,5079,2754,1
2026-08-23 10:07:40.454925,6154,4642,0,1
2026-08-23 10:07:40.454945,6176,5270,2975,1
2026-08-23 10:07:40.454965,6159,4684,0,1
2026-08-23 10:07:40.454985,6255,5315,3137,1
2026-08-23 10:07:40.455005,6121,4709,0,1
2026-08-23 10:07:40.455025,6240,5384,3328,1
2026-08-23 10:07:40.455045,6167,4741,0,1
2026-08-23 10:07:40.455065,6250,5272,2669,1
2026-08-23 10:07:40.455085,6164,4742,0,1
2026-08-23 10:07:40.474741,6270,4768,2505,1
2026-08-23 10:07:40.474761,6130,4410,0,1
2026-08-23 10:07:40.474781,6208,4957,1371,1
2026-08-23 10:07:40.474801,6161,4649,0,1
2026-08-23 10:07:40.474821,6244,5270,2834,1
2026-08-23 10:07:40.474841,6169,4735,0,1
2026-08-23 10:07:40.474861,6254,5362,2995,1
2026-08-23 10:07:40.474881,6150,4733,0,1
2026-08-23 10:07:40.474901,6246,5360,2735,1
2026-08-23 10:07:40.474921,6167,4829,11,1
2026-08-23 10:07:40.474941,6251,5378,2992,1
2026-08-23 10:07:40.474961,6155,4770,0,1
2026-08-23 10:07:40.474981,6106,5034,0,1
2026-08-23 10:07:40.494600,6190,4253,0,1
2026-08-23 10:07:40.494620,6256,4986,3080,1
2026-08-23 10:07:40.494640,6177,4528,8,1
2026-08-23 10:07:40.494660,6250,5200,2921,1
2026-08-23 10:07:40.494680,6170,4674,0,1
2026-08-23 10:07:40.494700,6258,5248,2782,1
2026-08-23 10:07:40.494720,6176,4779,56,1
2026-08-23 10:07:40.494740,6257,5328,3184,1
2026-08-23 10:07:40.494760,6125,4750,0,1
2026-08-23 10:07:40.494780,6261,5354,3099,1
2026-08-23 10:07:40.494800,6171,4801,0,1
2026-08-23 10:07:40.494820,6245,5345,2715,1
2026-08-23 10:07:40.494840,6169,4742,0,1
2026-08-23 10:07:40.514341,6277,4836,2685,1
2026-08-23 10:07:40.514361,6155,4385,0,1
2026-08-23 10:07:40.514381,6119,4862,0,1
2026-08-23 10:07:40.514401,6149,4521,0,1
2026-08-23 10:07:40.514421,6250,5172,2799,1
2026-08-23 10:07:40.514441,6166,4702,0,1
2026-08-23 10:07:40.514461,6244,5271,2888,1
2026-08-23 10:07:40.514481,6152,4733,0,1
2026-08-23 10:07:40.514501,6236,5310,2716,1
2026-08-23 10:07:40.514521,6170,4785,0,1
2026-08-23 10:07:40.514541,6251,5370,2994,1
2026-08-23 10:07:40.514561,6124,4734,0,1
2026-08-23 10:07:40.514581,6192,5215,1220,1
2026-08-23 10:07:40.534226,6186,4232,0,1
2026-08-23 10:07:40.534246,6253,4982,3129,1
2026-08-23 10:07:40.534266,6183,4542,13,1
2026-08-23 10:07:40.534286,6248,5150,2831,1
2026-08-23 10:07:40.534306,6149,4642,0,1
2026-08-23 10:07:40.534326,6252,5286,2838,1
2026-08-23 10:07:40.534346,6167,4764,5,1
2026-08-23 10:07:40.534366,6260,5346,3084,1
2026-08-23 10:07:40.534386,6126,4753,0,1
2026-08-23 10:07:40.534406,6249,5370,3209,1
2026-08-23 10:07:40.534426,6173,4772,0,1
2026-08-23 10:07:40.534446,6247,5329,2674,1
2026-08-23 10:07:40.534466,6165,4752,0,1
2026-08-23 10:07:40.554104,6273,4786,2633,1
2026-08-23 10:07:40.554124,6153,4374,0,1
2026-08-23 10:07:40.554144,6190,4922,964,1
2026-08-23 10:07:40.554164,6156,4630,0,1
2026-08-23 10:07:40.554184,6242,5284,2834,1
2026-08-23 10:07:40.554204,6156,4724,0,1
2026-08-23 10:07:40.554224,6253,5365,2994,1
2026-08-23 10:07:40.554244,6162,4735,0,1
2026-08-23 10:07:40.554264,6249,5309,2723,1
2026-08-23 10:07:40.554284,6181,4808,13,1
2026-08-23 10:07:40.554304,6251,5380,2980,1
2026-08-23 10:07:40.554324,6150,4764,0,1
2026-08-23 10:07:40.554344,6160,5105,106,1
2026-08-23 10:07:40.573945,6180,4277,0,1
2026-08-23 10:07:40.573965,6259,5038,3104,1
2026-08-23 10:07:40.573985,6178,4555,0,1
2026-08-23 10:07:40.574005,6253,5174,2881,1
2026-08-23 10:07:40.574025,6164,4640,0,1
2026-08-23 10:07:40.574045,6244,5257,2800,1
2026-08-23 10:07:40.574065,6177,4767,10,1
2026-08-23 10:07:40.574085,6264,5329,3113,1
2026-08-23 10:07:40.574105,6120,4753,0,1
2026-08-23 10:07:40.574125,6251,5341,3153,1
2026-08-23 10:07:40.574145,6173,4794,0,1
2026-08-23 10:07:40.574165,6251,5304,2696,1
2026-08-23 10:07:40.574185,6173,4748,0,1
2026-08-23 10:07:40.593831,6261,4822,2667,1
2026-08-23 10:07:40.593851,6152,4357,0,1
2026-08-23 10:07:40.593871,6115,4781,0,1
2026-08-23 10:07:40.593891,6128,4517,0,1
2026-08-23 10:07:40.593911,6244,5190,2786,1
2026-08-23 10:07:40.593931,6148,4698,0,1
2026-08-23 10:07:40.593951,6254,5282,2914,1
2026-08-23 10:07:40.593971,6129,4747,0,1
2026-08-23 10:07:40.593991,6249,5344,2719,1
2026-08-23 10:07:40.594011,6179,4774,4,1
2026-08-23 10:07:40.594031,6264,5361,2991,1
2026-08-23 10:07:40.594051,6129,4759,0,1
2026-08-23 10:07:40.594071,6220,5216,1867,1
2026-08-23 10:07:40.613782,6177,4237,0,1
2026-08-23 10:07:40.613802,6261,4993,3126,1
2026-08-23 10:07:40.613822,6171,4494,24,1
2026-08-23 10:07:40.613842,6254,5172,2850,1
2026-08-23 10:07:40.613863,6159,4624,0,1
2026-08-23 10:07:40.613883,6255,5248,2851,1
2026-08-23 10:07:40.613903,6179,4720,0,1
2026-08-23 10:07:40.613923,6247,5342,3052,1
2026-08-23 10:07:40.613942,6152,4700,0,1
2026-08-23 10:07:40.613962,6270,5333,3229,1
2026-08-23 10:07:40.613982,6160,4725,0,1
2026-08-23 10:07:40.614002,6244,5283,2685,1
2026-08-23 10:07:40.614022,6168,4770,0,1
2026-08-23 10:07:40.633738,6262,4811,2930,1
2026-08-23 10:07:40.633758,6157,4405,0,1
2026-08-23 10:07:40.633778,6238,4987,2173,1
2026-08-23 10:07:40.633798,6157,4560,0,1
2026-08-23 10:07:40.633818,6248,5254,2840,1
2026-08-23 10:07:40.633838,6120,4717,0,1
2026-08-23 10:07:40.633858,6246,5322,2852,1
2026-08-23 10:07:40.633878,6131,4764,0,1
2026-08-23 10:07:40.633898,6253,5356,2825,1
2026-08-23 10:07:40.633918,6170,4762,0,1
2026-08-23 10:07:40.633938,6258,5330,2866,1
2026-08-23 10:07:40.633958,6121,4782,0,1
2026-08-23 10:07:40.633978,6243,5290,2356,1
2026-08-23 10:07:40.652952,6181,4192,0,1
2026-08-23 10:07:40.652972,6267,4941,3375,1
2026-08-23 10:07:40.652992,6167,4410,0,1
2026-08-23 10:07:40.653012,6262,5084,2725,1
2026-08-23 10:07:40.653032,6169,4594,0,1
2026-08-23 10:07:40.653052,6256,5279,3049,1
2026-08-23 10:07:40.653072,6166,4659,0,1
2026-08-23 10:07:40.653092,6252,5314,2951,1
2026-08-23 10:07:40.653112,6128,4738,0,1
2026-08-23 10:07:40.653132,6269,5344,3418,1
2026-08-23 10:07:40.653152,6163,4698,0,1
2026-08-23 10:07:40.653172,6244,5273,2641,1
2026-08-23 10:07:40.653192,6191,4724,0,1
2026-08-23 10:07:40.671046,6266,4905,2874,1
2026-08-23 10:07:40.671066,6165,4425,0,1
2026-08-23 10:07:40.671086,6259,5162,2753,1
2026-08-23 10:07:40.671106,6181,4680,0,1
2026-08-23 10:07:40.671126,6250,5219,2917,1
2026-08-23 10:07:40.671146,6126,4689,0,1
2026-08-23 10:07:40.671166,6099,4978,0,1
2026-08-23 10:07:40.671186,6158,4781,0,1
2026-08-23 10:07:40.671206,6242,5366,2525,1
2026-08-23 10:07:40.671226,6176,4810,0,1
2026-08-23 10:07:40.671246,6255,5416,3106,1
2026-08-23 10:07:40.671266,6168,4643,0,1
2026-08-23 10:07:40.690689,6100,4486,0,1
2026-08-23 10:07:40.690709,6153,4348,0,1
2026-08-23 10:07:40.690729,6254,5017,2812,1
2026-08-23 10:07:40.690749,6169,4622,0,1
2026-08-23 10:07:40.690769,6245,5243,2937,1
2026-08-23 10:07:40.690789,6151,4654,0,1
2026-08-23 10:07:40.690809,6242,5302,2760,1
2026-08-23 10:07:40.690829,6177,4758,0,1
2026-08-23 10:07:40.690849,6255,5333,2922,1
2026-08-23 10:07:40.690869,6129,4760,0,1
2026-08-23 10:07:40.690889,6185,5196,853,1
2026-08-23 10:07:40.690909,6178,4860,0,1
2026-08-23 10:07:40.690929,6159,5369,2612,1
2026-08-23 10:07:40.710658,6224,4264,0,1
2026-08-23 10:07:40.710678,6244,4943,2664,1
2026-08-23 10:07:40.710698,6165,4537,0,1
2026-08-23 10:07:40.710718,6185,4982,761,1
2026-08-23 10:07:40.710738,6171,4729,0,1
2026-08-23 10:07:40.710758,6239,5331,2915,1
2026-08-23 10:07:40.710778,6172,4751,0,1
2026-08-23 10:07:40.710798,6246,5353,2751,1
2026-08-23 10:07:40.710818,6165,4758,0,1
2026-08-23 10:07:40.710838,6247,5320,2639,1
2026-08-23 10:07:40.710858,6189,4807,0,1
2026-08-23 10:07:40.710878,6242,5385,2850,1
2026-08-23 10:07:40.710898,6149,4735,0,1
2026-08-23 10:07:40.730666,6259,4796,2316,1
2026-08-23 10:07:40.730686,6128,4384,0,1
2026-08-23 10:07:40.730706,6250,5068,2851,1
2026-08-23 10:07:40.730726,6187,4621,9,1
2026-08-23 10:07:40.730746,6260,5254,2798,1
2026-08-23 10:07:40.730766,6161,4694,0,1
2026-08-23 10:07:40.730786,6259,5286,2918,1
2026-08-23 10:07:40.730806,6169,4710,0,1
2026-08-23 10:07:40.730826,6254,5340,2845,1
2026-08-23 10:07:40.730846,6152,4745,0,1
2026-08-23 10:07:40.730866,6225,5314,2133,1
2026-08-23 10:07:40.730886,6161,4771,0,1
2026-08-23 10:07:40.730906,6249,5370,2679,1
2026-08-23 10:07:40.750402,6200,4230,0,1
2026-08-23 10:07:40.750422,6267,4956,2672,1
2026-08-23 10:07:40.750443,6165,4496,0,1
2026-08-23 10:07:40.750463,6230,5082,2264,1
2026-08-23 10:07:40.750483,6156,4653,0,1
2026-08-23 10:07:40.750503,6255,5272,2922,1
2026-08-23 10:07:40.750523,6176,4732,0,1
2026-08-23 10:07:40.750543,6263,5326,2926,1
2026-08-23 10:07:40.750562,6148,4819,0,1
2026-08-23 10:07:40.750582,6228,5353,2671,1
2026-08-23 10:07:40.750602,6171,4828,0,1
2026-08-23 10:07:40.750623,6262,5398,3299,1
2026-08-23 10:07:40.750643,6130,4728,0,1
2026-08-23 10:07:40.770398,6267,4803,2677,1
2026-08-23 10:07:40.770418,6130,4333,0,1
2026-08-23 10:07:40.770438,6256,5082,2950,1
2026-08-23 10:07:40.770458,6169,4624,4,1
2026-08-23 10:07:40.770478,6254,5187,2684,1
2026-08-23 10:07:40.770498,6152,4681,0,1
2026-08-23 10:07:40.770518,6258,5331,3080,1
2026-08-23 10:07:40.770538,6152,4650,0,1
2026-08-23 10:07:40.770558,6242,5304,2863,1
2026-08-23 10:07:40.770578,6154,4732,0,1
2026-08-23 10:07:40.770598,6261,5294,2953,1
2026-08-23 10:07:40.770618,6157,4731,0,1
2026-08-23 10:07:40.770638,6250,5333,2698,1
2026-08-23 10:07:40.790246,6220,4196,0,1
2026-08-23 10:07:40.790266,6288,4918,2682,1
2026-08-23 10:07:40.790286,6179,4476,0,1
2026-08-23 10:07:40.790306,6256,5181,2970,1
2026-08-23 10:07:40.790326,6154,4633,0,1
2026-08-23 10:07:40.790346,6256,5272,2937,1
2026-08-23 10:07:40.790366,6169,4716,101,1
2026-08-23 10:07:40.790386,6253,5326,3137,1
2026-08-23 10:07:40.790406,6157,4754,0,1
2026-08-23 10:07:40.790426,6256,5312,2690,1
2026-08-23 10:07:40.790446,6179,4819,0,1
2026-08-23 10:07:40.790466,6273,5368,3188,1
2026-08-23 10:07:40.790486,6149,4721,0,1
2026-08-23 10:07:40.810281,6278,4831,2954,1
2026-08-23 10:07:40.810301,6158,4371,0,1
2026-08-23 10:07:40.810321,6244,5054,2938,1
2026-08-23 10:07:40.810341,6180,4591,8,1
2026-08-23 10:07:40.810361,6370,5239,2688,1
2026-08-23 10:07:40.810381,6153,4671,0,1
2026-08-23 10:07:40.810401,6258,5304,3046,1
2026-08-23 10:07:40.810421,6159,4652,0,1
2026-08-23 10:07:40.810441,6250,5284,2823,1
2026-08-23 10:07:40.810461,6150,4772,0,1
2026-08-23 10:07:40.810481,6240,5308,2663,1
2026-08-23 10:07:40.810501,6159,4737,0,1
2026-08-23 10:07:40.810521,6260,5320,2776,1
2026-08-23 10:07:40.828275,6202,4200,0,1
2026-08-23 10:07:40.828295,6258,4898,2694,1
2026-08-23 10:07:40.828315,6176,4485,0,1
2026-08-23 10:07:40.828335,6256,5135,2784,1
2026-08-23 10:07:40.828355,6154,4661,0,1
2026-08-23 10:07:40.828375,6244,5283,2923,1
2026-08-23 10:07:40.828395,6174,4730,0,1
2026-08-23 10:07:40.828415,6260,5328,3055,1
2026-08-23 10:07:40.828435,6158,4735,0,1
2026-08-23 10:07:40.828455,6238,5312,2699,1
2026-08-23 10:07:40.828475,6172,4834,12,1
2026-08-23 10:07:40.828495,6119,5389,3158,1
2026-08-23 10:07:40.846192,6193,4324,0,1
2026-08-23 10:07:40.846212,6265,5009,2972,1
2026-08-23 10:07:40.846232,6177,4551,0,1
2026-08-23 10:07:40.846252,6264,5211,3092,1
2026-08-23 10:07:40.846272,6146,4620,0,1
2026-08-23 10:07:40.846292,6261,5304,3205,1
2026-08-23 10:07:40.846312,6177,4748,0,1
2026-08-23 10:07:40.846332,6249,5290,2751,1
2026-08-23 10:07:40.846352,6157,4745,0,1
2026-08-23 10:07:40.846372,6255,5350,2997,1
2026-08-23 10:07:40.846392,6176,4752,0,1
2026-08-23 10:07:40.846412,6269,5339,2948,1
2026-08-23 10:07:40.861979,6189,4330,0,1
2026-08-23 10:07:40.861999,6166,4810,181,1
2026-08-23 10:07:40.862019,6181,4648,0,1
2026-08-23 10:07:40.862039,6256,5272,2960,1
2026-08-23 10:07:40.862059,6156,4696,0,1
2026-08-23 10:07:40.862079,6102,5051,0,1
2026-08-23 10:07:40.862099,6182,4835,0,1
2026-08-23 10:07:40.862119,6249,5387,2692,1
2026-08-23 10:07:40.862139,6165,4845,0,1
2026-08-23 10:07:40.862159,6106,5138,0,1
2026-08-23 10:07:40.862179,6174,4872,0,1
2026-08-23 10:07:40.878886,6273,5042,2795,1
2026-08-23 10:07:40.878906,6165,4535,0,1
2026-08-23 10:07:40.878926,6254,5254,2968,1
2026-08-23 10:07:40.878946,6166,4689,0,1
2026-08-23 10:07:40.878966,6190,5314,2901,1
2026-08-23 10:07:40.878986,6150,4695,0,1
2026-08-23 10:07:40.879005,6159,5093,142,1
2026-08-23 10:07:40.879025,6171,4839,0,1
2026-08-23 10:07:40.879045,6247,5396,2610,1
2026-08-23 10:07:40.879066,6164,4826,0,1
2026-08-23 10:07:40.879086,6259,5413,3161,1
2026-08-23 10:07:40.896976,6212,4337,0,1
2026-08-23 10:07:40.896996,6259,5004,2688,1
2026-08-23 10:07:40.897016,6162,4597,0,1
2026-08-23 10:07:40.897036,6177,5018,466,1
2026-08-23 10:07:40.897056,6169,4747,0,1
2026-08-23 10:07:40.897076,6255,5373,2736,1
2026-08-23 10:07:40.897096,6152,4770,0,1
2026-08-23 10:07:40.897116,6226,5312,1796,1
2026-08-23 10:07:40.897136,6177,4841,0,1
2026-08-23 10:07:40.897156,6244,5402,2656,1
2026-08-23 10:07:40.897176,6160,4843,0,1
2026-08-23 10:07:40.897196,6263,5405,3044,1
2026-08-23 10:07:40.915210,6205,4333,0,1
2026-08-23 10:07:40.915230,6259,5022,2736,1
2026-08-23 10:07:40.915250,6176,4571,0,1
2026-08-23 10:07:40.915270,6178,4991,577,1
2026-08-23 10:07:40.915290,6170,4760,0,1
2026-08-23 10:07:40.915310,6249,5329,2968,1
2026-08-23 10:07:40.915330,6162,4767,0,1
2026-08-23 10:07:40.915350,6127,5131,0,1
2026-08-23 10:07:40.915370,6166,4846,0,1
2026-08-23 10:07:40.915390,6251,5395,2700,1
2026-08-23 10:07:40.915410,6165,4874,0,1
2026-08-23 10:07:40.915430,6228,5273,1511,1
2026-08-23 10:07:40.915450,6175,4799,0,1
2026-08-23 10:07:40.934520,6274,4998,2635,1
2026-08-23 10:07:40.934540,6174,4566,0,1
2026-08-23 10:07:40.934560,6252,5190,2651,1
2026-08-23 10:07:40.934580,6130,4672,0,1
2026-08-23 10:07:40.934600,6248,5281,2892,1
2026-08-23 10:07:40.934620,6178,4753,0,1
2026-08-23 10:07:40.934640,6252,5352,2891,1
2026-08-23 10:07:40.934660,6164,4790,0,1
2026-08-23 10:07:40.934680,6245,5335,2777,1
2026-08-23 10:07:40.934700,6177,4834,4,1
2026-08-23 10:07:40.934720,6256,5363,3024,1
2026-08-23 10:07:40.934740,6113,4770,0,1
2026-08-23 10:07:40.934760,6176,5163,341,1
2026-08-23 10:07:40.954777,6201,4415,0,1
2026-08-23 10:07:40.954797,6268,5105,2967,1
2026-08-23 10:07:40.954817,6159,4591,0,1
2026-08-23 10:07:40.954837,6103,4921,0,1
2026-08-23 10:07:40.954857,6161,4728,0,1
2026-08-23 10:07:40.954877,6253,5311,2676,1
2026-08-23 10:07:40.954897,6166,4782,0,1
2026-08-23 10:07:40.954917,6148,5189,0,1
2026-08-23 10:07:40.954937,6177,4893,0,1
2026-08-23 10:07:40.954957,6260,5424,2938,1
2026-08-23 10:07:40.954977,6150,4828,0,1
2026-08-23 10:07:40.954997,6230,5354,1893,1
2026-08-23 10:07:40.955017,6178,4836,0,1
2026-08-23 10:07:40.955037,6273,5406,2675,1
2026-08-23 10:07:40.975256,6202,4338,0,1
2026-08-23 10:07:40.975276,6260,5050,2899,1
2026-08-23 10:07:40.975296,6170,4555,0,1
2026-08-23 10:07:40.975317,6267,5171,2713,1
2026-08-23 10:07:40.975337,6176,4708,0,1
2026-08-23 10:07:40.975357,6227,5227,2013,1
2026-08-23 10:07:40.975377,6164,4765,0,1
2026-08-23 10:07:40.975397,6260,5351,2971,1
2026-08-23 10:07:40.975417,6159,4823,0,1
2026-08-23 10:07:40.975436,6211,5285,1570,1
2026-08-23 10:07:40.975456,6170,4861,0,1
2026-08-23 10:07:40.975477,6247,5382,2693,1
2026-08-23 10:07:40.975497,6166,4823,0,1
2026-08-23 10:07:40.975517,6168,5198,234,1
2026-08-23 10:07:40.994324,6213,4333,0,1
2026-08-23 10:07:40.994344,6267,5013,2767,1
2026-08-23 10:07:40.994364,6166,4555,0,1
2026-08-23 10:07:40.994384,6128,4966,0,1
2026-08-23 10:07:40.994404,6173,4686,0,1
2026-08-23 10:07:40.994424,6256,5292,3049,1
2026-08-23 10:07:40.994444,6158,4718,0,1
2026-08-23 10:07:40.994464,6261,5379,3309,1
2026-08-23 10:07:40.994484,6176,4776,0,1
2026-08-23 10:07:40.994504,6254,5340,2786,1
2026-08-23 10:07:40.994524,6163,4776,0,1
2026-08-23 10:07:40.994544,6257,5375,2931,1
2026-08-23 10:07:40.994564,6200,4688,0,1
2026-08-23 10:07:41.011809,6276,4924,2816,1
2026-08-23 10:07:41.011829,6172,4474,0,1
2026-08-23 10:07:41.011849,6236,5101,2252,1
2026-08-23 10:07:41.011869,6169,4637,0,1
2026-08-23 10:07:41.011889,6200,5265,2850,1
2026-08-23 10:07:41.011909,6165,4752,0,1
2026-08-23 10:07:41.011929,6257,5331,3083,1
2026-08-23 10:07:41.011949,6268,4727,0,1
2026-08-23 10:07:41.011969,6242,5347,2694,1
2026-08-23 10:07:41.011989,6188,4820,16,1
2026-08-23 10:07:41.012009,6254,5379,3182,1
2026-08-23 10:07:41.012029,6126,4709,0,1
2026-08-23 10:07:41.031803,6286,4956,2957,1
2026-08-23 10:07:41.031823,6169,4452,0,1
2026-08-23 10:07:41.031843,6245,5096,2810,1
2026-08-23 10:07:41.031863,6156,4590,0,1
2026-08-23 10:07:41.031883,6259,5234,2919,1
2026-08-23 10:07:41.031903,6150,4711,0,1
2026-08-23 10:07:41.031923,6254,5306,2625,1
2026-08-23 10:07:41.031943,6183,4805,5,1
2026-08-23 10:07:41.031963,6258,5390,3148,1
2026-08-23 10:07:41.031983,6128,4725,0,1
2026-08-23 10:07:41.032003,6259,5368,3144,1
2026-08-23 10:07:41.032023,6180,4786,0,1
2026-08-23 10:07:41.032043,6258,5316,2570,1
2026-08-23 10:07:41.051736,6217,4226,0,1
2026-08-23 10:07:41.051756,6262,4929,2698,1
2026-08-23 10:07:41.051776,6161,4500,0,1
2026-08-23 10:07:41.051796,6252,5190,3164,1
2026-08-23 10:07:41.051816,6133,4570,0,1
2026-08-23 10:07:41.051836,6245,5224,2922,1
2026-08-23 10:07:41.051856,6133,4689,0,1
2026-08-23 10:07:41.051876,6194,5131,1036,1
2026-08-23 10:07:41.051896,6162,4777,0,1
2026-08-23 10:07:41.051916,6256,5343,2636,1
2026-08-23 10:07:41.051936,6172,4852,0,1
2026-08-23 10:07:41.051956,6271,5369,2947,1
2026-08-23 10:07:41.051976,6160,4744,0,1
2026-08-23 10:07:41.071717,6217,4664,958,1
2026-08-23 10:07:41.071737,6150,4424,0,1
2026-08-23 10:07:41.071757,6263,5076,2787,1
2026-08-23 10:07:41.071777,6174,4638,0,1
2026-08-23 10:07:41.071797,6162,5237,2828,1
2026-08-23 10:07:41.071817,6149,4718,0,1
2026-08-23 10:07:41.071837,6247,5309,2867,1
2026-08-23 10:07:41.071857,6166,4762,0,1
2026-08-23 10:07:41.071877,6256,5331,2869,1
2026-08-23 10:07:41.071897,6123,4750,0,1
2026-08-23 10:07:41.071917,6238,5273,2076,1
2026-08-23 10:07:41.071937,6170,4777,0,1
2026-08-23 10:07:41.071957,6260,5320,2639,1
2026-08-23 10:07:41.091611,6216,4213,0,1
2026-08-23 10:07:41.091631,6246,4960,2642,1
2026-08-23 10:07:41.091651,6169,4521,0,1
2026-08-23 10:07:41.091671,6228,5089,2009,1
2026-08-23 10:07:41.091691,6160,4713,0,1
2026-08-23 10:07:41.091711,6256,5315,2962,1
2026-08-23 10:07:41.091731,6157,4777,0,1
2026-08-23 10:07:41.091751,6265,5364,2976,1
2026-08-23 10:07:41.091771,6164,4768,0,1
2026-08-23 10:07:41.091791,6236,5315,2651,1
2026-08-23 10:07:41.091811,6181,4810,0,1
2026-08-23 10:07:41.091831,6262,5349,2882,1
2026-08-23 10:07:41.091851,6165,4738,0,1
2026-08-23 10:07:41.111561,6254,4753,1942,1
2026-08-23 10:07:41.111581,6164,4396,0,1
2026-08-23 10:07:41.111601,6261,5133,2851,1
2026-08-23 10:07:41.111621,6169,4647,0,1
2026-08-23 10:07:41.111641,6248,5269,2860,1
2026-08-23 10:07:41.111661,6161,4707,0,1
2026-08-23 10:07:41.111681,6244,5291,2832,1
2026-08-23 10:07:41.111701,6174,4779,0,1
2026-08-23 10:07:41.111721,6237,5355,2863,1
2026-08-23 10:07:41.111741,6130,4736,0,1
2026-08-23 10:07:41.111761,6177,5145,608,1
2026-08-23 10:07:41.111781,6165,4827,0,1
2026-08-23 10:07:41.111801,6257,5396,2636,1
2026-08-23 10:07:41.131339,6214,4267,0,1
2026-08-23 10:07:41.131359,6251,4958,2675,1
2026-08-23 10:07:41.131379,6121,4537,0,1
2026-08-23 10:07:41.131399,6131,4956,0,1
2026-08-23 10:07:41.131419,6176,4718,0,1
2026-08-23 10:07:41.131439,6257,5357,2910,1
2026-08-23 10:07:41.131459,6169,4797,0,1
2026-08-23 10:07:41.131479,6235,5280,2221,1
2026-08-23 10:07:41.131499,6165,4805,0,1
2026-08-23 10:07:41.131519,6241,5352,2640,1
2026-08-23 10:07:41.131539,6177,4818,0,1
2026-08-23 10:07:41.131559,6266,5380,3089,1
2026-08-23 10:07:41.131579,6162,4755,0,1
2026-08-23 10:07:41.150911,6157,4553,0,1
2026-08-23 10:07:41.150931,6168,4369,0,1
2026-08-23 10:07:41.150951,6257,5038,2809,1
2026-08-23 10:07:41.150971,6156,4625,0,1
2026-08-23 10:07:41.150991,6257,5267,2993,1
2026-08-23 10:07:41.151011,6129,4688,0,1
2026-08-23 10:07:41.151031,6253,5315,2743,1
2026-08-23 10:07:41.151051,6181,4771,0,1
2026-08-23 10:07:41.151071,6266,5356,2960,1
2026-08-23 10:07:41.151091,6129,4720,0,1
2026-08-23 10:07:41.151111,6096,5054,0,1
2026-08-23 10:07:41.151131,6168,4810,0,1
2026-08-23 10:07:41.151151,6261,5350,2598,1
2026-08-23 10:07:41.170414,6212,4312,0,1
2026-08-23 10:07:41.170434,6261,4986,2749,1
2026-08-23 10:07:41.170454,6164,4498,0,1
2026-08-23 10:07:41.170474,6278,5213,2990,1
2026-08-23 10:07:41.170494,6176,4662,0,1
2026-08-23 10:07:41.170514,6260,5277,2969,1
2026-08-23 10:07:41.170534,6128,4727,0,1
2026-08-23 10:07:41.170554,6077,5003,0,1
2026-08-23 10:07:41.170574,6172,4780,0,1
2026-08-23 10:07:41.170594,6247,5360,2653,1
2026-08-23 10:07:41.170614,6165,4809,0,1
2026-08-23 10:07:41.170634,6155,5207,226,1
2026-08-23 10:07:41.170654,6170,4818,0,1
2026-08-23 10:07:41.190349,6282,4950,2958,1
2026-08-23 10:07:41.190369,6169,4419,0,1
2026-08-23 10:07:41.190389,6256,5102,2779,1
2026-08-23 10:07:41.190409,6162,4652,0,1
2026-08-23 10:07:41.190429,6264,5252,3125,1
2026-08-23 10:07:41.190449,6085,4709,0,1
2026-08-23 10:07:41.190469,6254,5277,2666,1
2026-08-23 10:07:41.190489,6191,4804,11,1
2026-08-23 10:07:41.190509,6251,5384,3016,1
2026-08-23 10:07:41.190529,6129,4764,0,1
2026-08-23 10:07:41.190549,6267,5350,3280,1
2026-08-23 10:07:41.190569,6180,4721,0,1
2026-08-23 10:07:41.190589,6256,5283,2546,1
2026-08-23 10:07:41.210135,6215,4220,0,1
2026-08-23 10:07:41.210155,6268,4924,2689,1
2026-08-23 10:07:41.210175,6169,4492,0,1
2026-08-23 10:07:41.210195,6100,4821,0,1
2026-08-23 10:07:41.210215,6158,4528,0,1
2026-08-23 10:07:41.210235,6254,5232,2907,1
2026-08-23 10:07:41.210255,6153,4705,0,1
2026-08-23 10:07:41.210275,6230,5219,2000,1
2026-08-23 10:07:41.210295,6172,4747,0,1
2026-08-23 10:07:41.210315,6253,5318,2630,1
2026-08-23 10:07:41.210335,6171,4805,0,1
2026-08-23 10:07:41.210355,6266,5401,3123,1
2026-08-23 10:07:41.210375,6160,4741,0,1
2026-08-23 10:07:41.229807,6161,4571,0,1
2026-08-23 10:07:41.229827,6158,4457,0,1
2026-08-23 10:07:41.229847,6252,5092,2820,1
2026-08-23 10:07:41.229867,6178,4652,0,1
2026-08-23 10:07:41.229887,6257,5294,2901,1
2026-08-23 10:07:41.229907,6153,4680,0,1
2026-08-23 10:07:41.229927,6244,5327,2794,1
2026-08-23 10:07:41.229947,6170,4783,0,1
2026-08-23 10:07:41.229967,6251,5359,2881,1
2026-08-23 10:07:41.229987,6128,4738,0,1
2026-08-23 10:07:41.230007,6199,5247,1192,1
2026-08-23 10:07:41.230027,6173,4821,0,1
2026-08-23 10:07:41.230047,6257,5381,2622,1
2026-08-23 10:07:41.248977,6220,4251,0,1
2026-08-23 10:07:41.248997,6264,4986,2682,1
2026-08-23 10:07:41.249017,6169,4514,0,1
2026-08-23 10:07:41.249038,6103,4867,0,1
2026-08-23 10:07:41.249058,6167,4739,0,1
2026-08-23 10:07:41.249078,6263,5308,2911,1
2026-08-23 10:07:41.249098,6158,4776,0,1
2026-08-23 10:07:41.249118,6248,5284,2301,1
2026-08-23 10:07:41.249137,6167,4798,0,1
2026-08-23 10:07:41.249157,6256,5339,2640,1
2026-08-23 10:07:41.249177,6177,4848,0,1
2026-08-23 10:07:41.249197,6244,5294,2301,1
2026-08-23 10:07:41.249218,6179,4758,0,1
2026-08-23 10:07:41.269361,6292,4912,2685,1
2026-08-23 10:07:41.269381,6188,4530,1,1
2026-08-23 10:07:41.269401,6267,5155,2994,1
2026-08-23 10:07:41.269421,6150,4586,0,1
2026-08-23 10:07:41.269441,6120,5012,0,1
2026-08-23 10:07:41.269461,6166,4717,0,1
2026-08-23 10:07:41.269481,6251,5323,2583,1
2026-08-23 10:07:41.269501,6174,4760,0,1
2026-08-23 10:07:41.269521,6230,5304,1930,1
2026-08-23 10:07:41.269541,6158,4826,0,1
2026-08-23 10:07:41.269561,6260,5374,2866,1
2026-08-23 10:07:41.269581,6174,4829,0,1
2026-08-23 10:07:41.269601,6251,5388,2840,1
2026-08-23 10:07:41.289251,6209,4186,0,1
2026-08-23 10:07:41.289271,6253,4916,3017,1
2026-08-23 10:07:41.289291,6156,4437,0,1
2026-08-23 10:07:41.289311,6248,5100,2745,1
2026-08-23 10:07:41.289331,6180,4674,0,1
2026-08-23 10:07:41.289351,6266,5259,3230,1
2026-08-23 10:07:41.289371,6154,4670,0,1
2026-08-23 10:07:41.289391,6259,5320,2911,1
2026-08-23 10:07:41.289411,6172,4759,0,1
2026-08-23 10:07:41.289431,6258,5342,3007,1
2026-08-23 10:07:41.289451,6162,4754,0,1
2026-08-23 10:07:41.289471,6251,5354,2885,1
2026-08-23 10:07:41.289491,6194,4822,11,1
2026-08-23 10:07:41.309445,6276,4862,2617,1
2026-08-23 10:07:41.309465,6198,4451,11,1
2026-08-23 10:07:41.309485,6257,5134,2955,1
2026-08-23 10:07:41.309505,6127,4569,0,1
2026-08-23 10:07:41.309525,6310,5203,1234,1
2026-08-23 10:07:41.309545,6162,4704,0,1
2026-08-23 10:07:41.309565,6245,5296,2527,1
2026-08-23 10:07:41.309585,6171,4771,0,1
2026-08-23 10:07:41.309605,6291,5392,3152,1
2026-08-23 10:07:41.309625,6154,4728,0,1
2026-08-23 10:07:41.309645,6260,5331,2946,1
2026-08-23 10:07:41.309665,6182,4818,5,1
2026-08-23 10:07:41.309685,6257,5304,2642,1
2026-08-23 10:07:41.329046,6224,4196,0,1
2026-08-23 10:07:41.329067,6270,4945,2787,1
2026-08-23 10:07:41.329087,6171,4491,0,1
2026-08-23 10:07:41.329107,6255,5192,2931,1
2026-08-23 10:07:41.329127,6178,4629,0,1
2026-08-23 10:07:41.329147,6255,5281,2987,1
2026-08-23 10:07:41.329167,6152,4699,0,1
2026-08-23 10:07:41.329187,6109,4919,0,1
2026-08-23 10:07:41.329206,6168,4743,0,1
2026-08-23 10:07:41.329226,6249,5301,2631,1
2026-08-23 10:07:41.329247,6164,4771,0,1
2026-08-23 10:07:41.329267,6184,5204,584,1
2026-08-23 10:07:41.329287,6167,4884,0,1
2026-08-23 10:07:41.348543,6159,4646,0,1
2026-08-23 10:07:41.348563,6161,4403,0,1
2026-08-23 10:07:41.348583,6261,5079,2782,1
2026-08-23 10:07:41.348603,6161,4619,0,1
2026-08-23 10:07:41.348623,6257,5242,2992,1
2026-08-23 10:07:41.348643,6150,4702,0,1
2026-08-23 10:07:41.348663,6252,5295,2739,1
2026-08-23 10:07:41.348683,6166,4778,0,1
2026-08-23 10:07:41.348703,6244,5335,2910,1
2026-08-23 10:07:41.348723,6176,4743,0,1
2026-08-23 10:07:41.348743,6104,5082,0,1
2026-08-23 10:07:41.348763,6172,4856,0,1
2026-08-23 10:07:41.348783,6259,5348,2608,1
2026-08-23 10:07:41.368351,6210,4262,0,1
2026-08-23 10:07:41.368371,6254,4980,2683,1
2026-08-23 10:07:41.368391,6174,4550,0,1
2026-08-23 10:07:41.368411,6277,5229,3171,1
2026-08-23 10:07:41.368431,6155,4554,0,1
2026-08-23 10:07:41.368451,6247,5217,2898,1
2026-08-23 10:07:41.368471,6158,4685,0,1
2026-08-23 10:07:41.368491,6209,5220,1435,1
2026-08-23 10:07:41.368510,6177,4820,0,1
2026-08-23 10:07:41.368531,6245,5352,2634,1
2026-08-23 10:07:41.368551,6173,4848,0,1
2026-08-23 10:07:41.368571,6271,5390,3013,1
2026-08-23 10:07:41.368591,6165,4748,0,1
2026-08-23 10:07:41.388350,6197,4624,293,1
2026-08-23 10:07:41.388370,6153,4435,0,1
2026-08-23 10:07:41.388390,6251,5140,2825,1
2026-08-23 10:07:41.388410,6176,4673,0,1
2026-08-23 10:07:41.388430,6267,5256,2845,1
2026-08-23 10:07:41.388450,6130,4694,0,1
2026-08-23 10:07:41.388470,6251,5349,2844,1
2026-08-23 10:07:41.388490,6177,4778,0,1
2026-08-23 10:07:41.388510,6248,5353,2865,1
2026-08-23 10:07:41.388530,6129,4778,0,1
2026-08-23 10:07:41.388550,6239,5324,2233,1
2026-08-23 10:07:41.388570,6179,4771,0,1
2026-08-23 10:07:41.388590,6259,5314,2643,1
2026-08-23 10:07:41.408195,6209,4207,0,1
2026-08-23 10:07:41.408215,6257,4923,2651,1
2026-08-23 10:07:41.408235,6169,4505,0,1
2026-08-23 10:07:41.408255,6256,5152,2890,1
2026-08-23 10:07:41.408275,6169,4637,0,1
2026-08-23 10:07:41.408295,6246,5302,2920,1
2026-08-23 10:07:41.408315,6173,4760,0,1
2026-08-23 10:07:41.408335,6261,5334,3152,1
2026-08-23 10:07:41.408355,6163,4764,0,1
2026-08-23 10:07:41.408375,6266,5311,2687,1
2026-08-23 10:07:41.408395,6176,4828,0,1
2026-08-23 10:07:41.408415,6274,5375,3196,1
2026-08-23 10:07:41.408435,6149,4713,0,1
2026-08-23 10:07:41.428298,6287,4799,2928,1
2026-08-23 10:07:41.428318,6152,4364,0,1
2026-08-23 10:07:41.428338,6264,5016,2949,1
2026-08-23 10:07:41.428358,6189,4622,11,1
2026-08-23 10:07:41.428378,6245,5194,2692,1
2026-08-23 10:07:41.428398,6150,4701,0,1
2026-08-23 10:07:41.428418,6252,5298,3023,1
2026-08-23 10:07:41.428438,6162,4691,0,1
2026-08-23 10:07:41.428458,6261,5304,2846,1
2026-08-23 10:07:41.428478,6157,4778,0,1
2026-08-23 10:07:41.428498,6242,5322,2510,1
2026-08-23 10:07:41.428518,6163,4745,0,1
2026-08-23 10:07:41.428538,6260,5342,2702,1
2026-08-23 10:07:41.448061,6216,4221,0,1
2026-08-23 10:07:41.448081,6263,4916,2691,1
2026-08-23 10:07:41.448101,6179,4530,0,1
2026-08-23 10:07:41.448121,6204,5039,1157,1
2026-08-23 10:07:41.448141,6172,4721,0,1
2026-08-23 10:07:41.448161,6268,5296,2929,1
2026-08-23 10:07:41.448181,6167,4765,0,1
2026-08-23 10:07:41.448201,6236,5339,2397,1
2026-08-23 10:07:41.448221,6172,4777,0,1
2026-08-23 10:07:41.448241,6248,5382,2651,1
2026-08-23 10:07:41.448261,6181,4827,0,1
2026-08-23 10:07:41.448281,6272,5415,3109,1
2026-08-23 10:07:41.448301,6157,4739,0,1
2026-08-23 10:07:41.467747,6123,4526,0,1
2026-08-23 10:07:41.467767,6164,4437,0,1
2026-08-23 10:07:41.467788,6246,5076,2823,1
2026-08-23 10:07:41.467808,6176,4652,0,1
2026-08-23 10:07:41.467828,6247,5279,2945,1
2026-08-23 10:07:41.467848,6129,4712,0,1
2026-08-23 10:07:41.467868,6255,5318,2760,1
2026-08-23 10:07:41.467888,6182,4789,0,1
2026-08-23 10:07:41.467907,6261,5369,2951,1
2026-08-23 10:07:41.467927,6130,4717,0,1
2026-08-23 10:07:41.467947,6153,5143,0,1
2026-08-23 10:07:41.467968,6177,4842,0,1
2026-08-23 10:07:41.467988,6262,5385,2630,1
2026-08-23 10:07:41.487592,6223,4272,0,1
2026-08-23 10:07:41.487612,6259,4956,2576,1
2026-08-23 10:07:41.487632,6170,4550,0,1
2026-08-23 10:07:41.487652,6264,5184,3093,1
2026-08-23 10:07:41.487672,6169,4641,0,1
2026-08-23 10:07:41.487692,6249,5239,2927,1
2026-08-23 10:07:41.487712,6156,4696,0,1
2026-08-23 10:07:41.487732,6173,5164,736,1
2026-08-23 10:07:41.487752,6171,4806,0,1
2026-08-23 10:07:41.487772,6257,5361,2654,1
2026-08-23 10:07:41.487792,6175,4828,0,1
2026-08-23 10:07:41.487812,6208,5273,1155,1
2026-08-23 10:07:41.487832,6179,4857,0,1
2026-08-23 10:07:41.507390,6177,4635,0,1
2026-08-23 10:07:41.507410,6164,4487,0,1
2026-08-23 10:07:41.507430,6257,5148,2808,1
2026-08-23 10:07:41.507450,6177,4678,0,1
2026-08-23 10:07:41.507470,6256,5275,2966,1
2026-08-23 10:07:41.507490,6176,4688,0,1
2026-08-23 10:07:41.507510,6268,5293,2765,1
2026-08-23 10:07:41.507530,6181,4817,0,1
2026-08-23 10:07:41.507550,6258,5370,2921,1
2026-08-23 10:07:41.507570,6131,4779,0,1
2026-08-23 10:07:41.507590,6089,5000,0,1
2026-08-23 10:07:41.507610,6171,4797,0,1
2026-08-23 10:07:41.507630,6255,5319,2620,1
2026-08-23 10:07:41.525453,6300,4277,0,1
2026-08-23 10:07:41.525473,6258,4971,2683,1
2026-08-23 10:07:41.525493,6172,4490,0,1
2026-08-23 10:07:41.525513,6088,4852,0,1
2026-08-23 10:07:41.525533,6176,4684,0,1
2026-08-23 10:07:41.525553,6246,5269,2903,1
2026-08-23 10:07:41.525573,6156,4754,0,1
2026-08-23 10:07:41.525593,6239,5256,2218,1
2026-08-23 10:07:41.525613,6170,4770,0,1
2026-08-23 10:07:41.525633,6257,5350,2643,1
2026-08-23 10:07:41.525653,6186,4856,0,1
2026-08-23 10:07:41.525673,6274,5404,3248,1
2026-08-23 10:07:41.545259,6199,4330,0,1
2026-08-23 10:07:41.545279,6258,5033,2768,1
2026-08-23 10:07:41.545299,6193,4555,1,1
2026-08-23 10:07:41.545319,6262,5225,3336,1
2026-08-23 10:07:41.545339,6156,4628,0,1
2026-08-23 10:07:41.545359,6265,5310,2986,1
2026-08-23 10:07:41.545379,6184,4735,0,1
2026-08-23 10:07:41.545399,6260,5328,2966,1
2026-08-23 10:07:41.545419,6154,4741,0,1
2026-08-23 10:07:41.545439,6260,5332,2751,1
2026-08-23 10:07:41.545459,6193,4834,10,1
2026-08-23 10:07:41.545479,6260,5369,3139,1
2026-08-23 10:07:41.545499,6167,4725,0,1
2026-08-23 10:07:41.565341,6282,4839,3006,1
2026-08-23 10:07:41.565361,6124,4360,0,1
2026-08-23 10:07:41.565381,6267,5075,3195,1
2026-08-23 10:07:41.565401,6191,4569,0,1
2026-08-23 10:07:41.565421,6249,5168,2612,1
2026-08-23 10:07:41.565441,6159,4662,0,1
2026-08-23 10:07:41.565461,6201,5149,1084,1
2026-08-23 10:07:41.565481,6159,4800,0,1
2026-08-23 10:07:41.565501,6258,5354,2843,1
2026-08-23 10:07:41.565521,6171,4811,0,1
2026-08-23 10:07:41.565541,6260,5394,3084,1
2026-08-23 10:07:41.565561,6168,4784,0,1
2026-08-23 10:07:41.565581,6267,5324,2832,1
2026-08-23 10:07:41.585238,6203,4213,0,1
2026-08-23 10:07:41.585258,6256,4942,2706,1
2026-08-23 10:07:41.585278,6172,4544,0,1
2026-08-23 10:07:41.585298,6269,5170,3185,1
2026-08-23 10:07:41.585318,6152,4593,0,1
2026-08-23 10:07:41.585338,6262,5289,2943,1
2026-08-23 10:07:41.585358,6174,4754,0,1
2026-08-23 10:07:41.585378,6260,5333,3110,1
2026-08-23 10:07:41.585397,6156,4755,0,1
2026-08-23 10:07:41.585418,6261,5295,2691,1
2026-08-23 10:07:41.585438,6178,4783,0,1
2026-08-23 10:07:41.585458,6276,5373,3214,1
2026-08-23 10:07:41.585478,6151,4718,0,1
2026-08-23 10:07:41.605281,6285,4830,2763,1
2026-08-23 10:07:41.605301,6129,4385,0,1
2026-08-23 10:07:41.605321,6262,5055,2865,1
2026-08-23 10:07:41.605341,6187,4582,7,1
2026-08-23 10:07:41.605361,6255,5199,2893,1
2026-08-23 10:07:41.605381,6129,4669,0,1
2026-08-23 10:07:41.605402,6259,5331,2933,1
2026-08-23 10:07:41.605422,6175,4717,0,1
2026-08-23 10:07:41.605441,6269,5344,2849,1
2026-08-23 10:07:41.605461,6159,4740,0,1
2026-08-23 10:07:41.605481,6205,5274,1552,1
2026-08-23 10:07:41.605501,6172,4800,0,1
2026-08-23 10:07:41.605521,6266,5346,2679,1
2026-08-23 10:07:41.624119,6219,4250,0,1
2026-08-23 10:07:41.624139,6262,4929,2699,1
2026-08-23 10:07:41.624159,6169,4539,0,1
2026-08-23 10:07:41.624179,6128,4950,0,1
2026-08-23 10:07:41.624199,6165,4745,0,1
2026-08-23 10:07:41.624219,6267,5321,2852,1
2026-08-23 10:07:41.624239,6170,4757,0,1
2026-08-23 10:07:41.624259,6233,5298,1798,1
2026-08-23 10:07:41.624279,6170,4838,0,1
2026-08-23 10:07:41.624299,6245,5357,2597,1
2026-08-23 10:07:41.624319,6174,4850,0,1
2026-08-23 10:07:41.624339,6267,5392,2886,1
2026-08-23 10:07:41.624359,6159,4755,0,1
2026-08-23 10:07:41.643494,6278,4921,2659,1
2026-08-23 10:07:41.643514,6185,4515,13,1
2026-08-23 10:07:41.643534,6264,5181,3120,1
2026-08-23 10:07:41.643554,6122,4621,0,1
2026-08-23 10:07:41.643574,6269,5260,3164,1
2026-08-23 10:07:41.643594,6172,4730,216,1
2026-08-23 10:07:41.643614,6260,5267,2583,1
2026-08-23 10:07:41.643634,6165,4754,0,1
2026-08-23 10:07:41.643654,6216,5223,1302,1
2026-08-23 10:07:41.643674,6165,4858,0,1
2026-08-23 10:07:41.643694,6261,5423,2861,1
2026-08-23 10:07:41.643714,6177,4826,0,1
2026-08-23 10:07:41.643734,6266,5408,2991,1
2026-08-23 10:07:41.662649,6208,4167,0,1
2026-08-23 10:07:41.662669,6266,4895,2737,1
2026-08-23 10:07:41.662689,6167,4447,0,1
2026-08-23 10:07:41.662709,6260,5146,2609,1
2026-08-23 10:07:41.662730,6183,4686,0,1
2026-08-23 10:07:41.662750,6242,5214,2030,1
2026-08-23 10:07:41.662770,6173,4743,0,1
2026-08-23 10:07:41.662789,6263,5357,2966,1
2026-08-23 10:07:41.662809,6167,4797,0,1
2026-08-23 10:07:41.662829,6248,5294,2267,1
2026-08-23 10:07:41.662849,6186,4814,0,1
2026-08-23 10:07:41.662869,6256,5351,2714,1
2026-08-23 10:07:41.681443,6209,4292,0,1
2026-08-23 10:07:41.681463,6256,4975,2625,1
2026-08-23 10:07:41.681484,6181,4548,0,1
2026-08-23 10:07:41.681504,6248,5205,2724,1
2026-08-23 10:07:41.681524,6163,4682,0,1
2026-08-23 10:07:41.681544,6165,5096,174,1
2026-08-23 10:07:41.681564,6177,4841,0,1
2026-08-23 10:07:41.681584,6271,5383,2997,1
2026-08-23 10:07:41.681603,6155,4820,0,1
2026-08-23 10:07:41.681623,6102,5062,0,1
2026-08-23 10:07:41.681643,6186,4851,0,1
2026-08-23 10:07:41.681664,6251,5422,2727,1
2026-08-23 10:07:41.681684,6079,4827,0,1
2026-08-23 10:07:41.700893,6334,5056,3435,1
2026-08-23 10:07:41.700913,6172,4452,0,1
2026-08-23 10:07:41.700933,6256,5137,2585,1
2026-08-23 10:07:41.700953,6176,4683,0,1
2026-08-23 10:07:41.700973,6257,5272,2739,1
2026-08-23 10:07:41.700993,6155,4678,0,1
2026-08-23 10:07:41.701013,6264,5308,2892,1
2026-08-23 10:07:41.701033,6180,4808,0,1
2026-08-23 10:07:41.701053,6260,5375,2978,1
2026-08-23 10:07:41.701073,6166,4740,0,1
2026-08-23 10:07:41.701093,6258,5322,2737,1
2026-08-23 10:07:41.701113,6185,4812,0,1
2026-08-23 10:07:41.701133,6273,5363,3021,1
2026-08-23 10:07:41.720396,6218,4264,0,1
2026-08-23 10:07:41.720416,6261,4953,2642,1
2026-08-23 10:07:41.720436,6176,4538,0,1
2026-08-23 10:07:41.720456,6259,5183,2960,1
2026-08-23 10:07:41.720476,6162,4654,0,1
2026-08-23 10:07:41.720496,6242,5279,2637,1
2026-08-23 10:07:41.720516,6166,4721,0,1
2026-08-23 10:07:41.720536,6239,5334,2684,1
2026-08-23 10:07:41.720556,6174,4810,5,1
2026-08-23 10:07:41.720576,6158,5176,70,1
2026-08-23 10:07:41.720596,6181,4872,0,1
2026-08-23 10:07:41.720616,6264,5473,2961,1
2026-08-23 10:07:41.720636,6182,4820,0,1
2026-08-23 10:07:41.740507,6285,4889,2987,1
2026-08-23 10:07:41.740527,6269,4402,0,1
2026-08-23 10:07:41.740547,6226,4980,1553,1
2026-08-23 10:07:41.740567,6173,4690,0,1
2026-08-23 10:07:41.740587,6253,5276,2548,1
2026-08-23 10:07:41.740607,6180,4738,0,1
2026-08-23 10:07:41.740627,6261,5303,2740,1
2026-08-23 10:07:41.740647,6166,4774,0,1
2026-08-23 10:07:41.740667,6266,5338,2932,1
2026-08-23 10:07:41.740687,6180,4834,3,1
2026-08-23 10:07:41.740707,6272,5364,2837,1
2026-08-23 10:07:41.740727,6164,4798,0,1
2026-08-23 10:07:41.740747,6273,5341,3013,1
2026-08-23 10:07:41.760298,6199,4142,0,1
2026-08-23 10:07:41.760318,6274,4886,2756,1
2026-08-23 10:07:41.760338,6189,4507,0,1
2026-08-23 10:07:41.760358,6280,5160,3144,1
2026-08-23 10:07:41.760378,6164,4652,0,1
2026-08-23 10:07:41.760398,6264,5243,2960,1
2026-08-23 10:07:41.760418,6182,4727,0,1
2026-08-23 10:07:41.760438,6263,5326,3041,1
2026-08-23 10:07:41.760458,6171,4740,0,1
2026-08-23 10:07:41.760478,6259,5322,2701,1
2026-08-23 10:07:41.760498,6193,4844,0,1
2026-08-23 10:07:41.760518,6271,5380,3281,1
2026-08-23 10:07:41.760538,6166,4755,0,1
2026-08-23 10:07:41.780328,6277,4774,2571,1
2026-08-23 10:07:41.780348,6158,4384,0,1
2026-08-23 10:07:41.780368,6262,5086,2930,1
2026-08-23 10:07:41.780388,6186,4666,24,1
2026-08-23 10:07:41.780408,6267,5246,2738,1
2026-08-23 10:07:41.780428,6163,4698,0,1
2026-08-23 10:07:41.780448,6257,5322,2996,1
2026-08-23 10:07:41.780468,6170,4689,0,1
2026-08-23 10:07:41.780488,6251,5296,2862,1
2026-08-23 10:07:41.780508,6164,4774,0,1
2026-08-23 10:07:41.780528,6262,5305,2648,1
2026-08-23 10:07:41.780548,6176,4753,0,1
2026-08-23 10:07:41.780568,6278,5343,2669,1
2026-08-23 10:07:41.800213,6216,4221,0,1
2026-08-23 10:07:41.800233,6256,4917,2680,1
2026-08-23 10:07:41.800253,6166,4522,0,1
2026-08-23 10:07:41.800273,6230,5081,1749,1
2026-08-23 10:07:41.800293,6171,4674,0,1
2026-08-23 10:07:41.800313,6276,5322,2935,1
2026-08-23 10:07:41.800333,6173,4740,0,1
2026-08-23 10:07:41.800353,6268,5325,2807,1
2026-08-23 10:07:41.800373,6174,4757,0,1
2026-08-23 10:07:41.800393,6252,5357,2660,1
2026-08-23 10:07:41.800413,6190,4808,0,1
2026-08-23 10:07:41.800433,6257,5319,2535,1
2026-08-23 10:07:41.800453,6169,4788,0,1
2026-08-23 10:07:41.820076,6183,4659,46,1
2026-08-23 10:07:41.820096,6164,4450,0,1
2026-08-23 10:07:41.820116,6260,5141,2823,1
2026-08-23 10:07:41.820136,6176,4656,0,1
2026-08-23 10:07:41.820156,6260,5292,3005,1
2026-08-23 10:07:41.820176,6162,4698,0,1
2026-08-23 10:07:41.820196,6256,5330,2720,1
2026-08-23 10:07:41.820216,6190,4785,9,1
2026-08-23 10:07:41.820235,6340,5390,3006,1
2026-08-23 10:07:41.820256,6152,4743,0,1
2026-08-23 10:07:41.820276,6274,5406,3294,1
2026-08-23 10:07:41.820296,6182,4779,0,1
2026-08-23 10:07:41.820316,6270,5314,2598,1
2026-08-23 10:07:41.840009,6221,4249,0,1
2026-08-23 10:07:41.840029,6278,4976,2753,1
2026-08-23 10:07:41.840049,6164,4478,0,1
2026-08-23 10:07:41.840069,6262,5198,2983,1
2026-08-23 10:07:41.840089,6186,4626,0,1
2026-08-23 10:07:41.840109,6270,5349,2974,1
2026-08-23 10:07:41.840129,6172,4687,0,1
2026-08-23 10:07:41.840149,6278,5329,3386,1
2026-08-23 10:07:41.840169,6175,4728,0,1
2026-08-23 10:07:41.840189,6264,5308,2650,1
2026-08-23 10:07:41.840209,6187,4781,0,1
2026-08-23 10:07:41.840229,6231,5263,1706,1
2026-08-23 10:07:41.840249,6185,4783,0,1
2026-08-23 10:07:41.859849,6291,4882,2835,1
2026-08-23 10:07:41.859869,6154,4318,0,1
2026-08-23 10:07:41.859889,6248,5014,2804,1
2026-08-23 10:07:41.859909,6172,4544,0,1
2026-08-23 10:07:41.859929,6252,5244,2967,1
2026-08-23 10:07:41.859949,6151,4676,0,1
2026-08-23 10:07:41.859969,6261,5259,2752,1
2026-08-23 10:07:41.859989,6186,4755,0,1
2026-08-23 10:07:41.860009,6255,5345,2940,1
2026-08-23 10:07:41.860029,6151,4767,0,1
2026-08-23 10:07:41.860049,6174,5160,92,1
2026-08-23 10:07:41.860069,6176,4830,0,1
2026-08-23 10:07:41.860089,6266,5403,2592,1
2026-08-23 10:07:41.879778,6281,4291,0,1
2026-08-23 10:07:41.879798,6265,4980,2659,1
2026-08-23 10:07:41.879818,6167,4503,0,1
2026-08-23 10:07:41.879838,6267,5128,571,1
2026-08-23 10:07:41.879858,6174,4666,0,1
2026-08-23 10:07:41.879878,6260,5274,2929,1
2026-08-23 10:07:41.879898,6175,4708,0,1
2026-08-23 10:07:41.879918,6221,5222,1710,1
2026-08-23 10:07:41.879938,6181,4826,0,1
2026-08-23 10:07:41.879958,6261,5383,2651,1
2026-08-23 10:07:41.879978,6172,4836,0,1
2026-08-23 10:07:41.879998,6232,5280,1721,1
2026-08-23 10:07:41.880018,6169,4818,0,1
2026-08-23 10:07:41.899684,6199,4698,395,1
2026-08-23 10:07:41.899704,6165,4490,0,1
2026-08-23 10:07:41.899724,6268,5144,2818,1
2026-08-23 10:07:41.899744,6177,4695,0,1
2026-08-23 10:07:41.899764,6259,5316,2962,1
2026-08-23 10:07:41.899784,6158,4696,0,1
2026-08-23 10:07:41.899804,6266,5291,2768,1
2026-08-23 10:07:41.899824,6189,4783,0,1
2026-08-23 10:07:41.899844,6264,5392,2945,1
2026-08-23 10:07:41.899864,6162,4741,0,1
2026-08-23 10:07:41.899884,6212,5208,249,1
2026-08-23 10:07:41.899904,6179,4778,0,1
2026-08-23 10:07:41.899924,6265,5333,2601,1
2026-08-23 10:07:41.919389,6223,4254,0,1
2026-08-23 10:07:41.919409,6264,4953,2734,1
2026-08-23 10:07:41.919429,6170,4474,0,1
2026-08-23 10:07:41.919449,6162,5199,3054,1
2026-08-23 10:07:41.919469,6176,4584,0,1
2026-08-23 10:07:41.919489,6280,5258,2966,1
2026-08-23 10:07:41.919509,6160,4706,0,1
2026-08-23 10:07:41.919529,6319,5247,945,1
2026-08-23 10:07:41.919549,6181,4772,0,1
2026-08-23 10:07:41.919569,6264,5306,2647,1
2026-08-23 10:07:41.919589,6179,4779,0,1
2026-08-23 10:07:41.919609,6238,5297,1843,1
2026-08-23 10:07:41.919629,6185,4826,0,1
2026-08-23 10:07:41.939255,6294,4904,3127,1
2026-08-23 10:07:41.939275,6161,4352,0,1
2026-08-23 10:07:41.939295,6264,5041,2801,1
2026-08-23 10:07:41.939315,6180,4559,0,1
2026-08-23 10:07:41.939335,6260,5262,2882,1
2026-08-23 10:07:41.939355,6165,4692,0,1
2026-08-23 10:07:41.939375,6256,5280,2700,1
2026-08-23 10:07:41.939395,6193,4799,4,1
2026-08-23 10:07:41.939415,6269,5371,2981,1
2026-08-23 10:07:41.939435,6156,4737,0,1
2026-08-23 10:07:41.939455,6118,4988,0,1
2026-08-23 10:07:41.939475,6174,4746,0,1
2026-08-23 10:07:41.939495,6274,5304,2619,1
2026-08-23 10:07:41.958955,6233,4256,0,1
2026-08-23 10:07:41.958975,6302,4951,2672,1
2026-08-23 10:07:41.958995,6174,4480,0,1
2026-08-23 10:07:41.959015,6115,4937,0,1
2026-08-23 10:07:41.959035,6184,4710,0,1
2026-08-23 10:07:41.959055,6276,5346,2921,1
2026-08-23 10:07:41.959075,6178,4751,0,1
2026-08-23 10:07:41.959095,6253,5338,2475,1
2026-08-23 10:07:41.959115,6174,4809,0,1
2026-08-23 10:07:41.959135,6225,5336,2642,1
2026-08-23 10:07:41.959155,6188,4806,0,1
2026-08-23 10:07:41.959175,6264,5389,2612,1
2026-08-23 10:07:41.959195,6171,4789,0,1
2026-08-23 10:07:41.978722,6194,4690,302,1
2026-08-23 10:07:41.978742,6187,4486,0,1
2026-08-23 10:07:41.978762,6272,5180,2806,1
2026-08-23 10:07:41.978782,6186,4695,0,1
2026-08-23 10:07:41.978802,6278,5287,2941,1
2026-08-23 10:07:41.978822,6165,4702,0,1
2026-08-23 10:07:41.978842,6271,5325,2760,1
2026-08-23 10:07:41.978862,6196,4800,0,1
2026-08-23 10:07:41.978882,6259,5346,2912,1
2026-08-23 10:07:41.978902,6154,4784,0,1
2026-08-23 10:07:41.978922,6108,5055,0,1
2026-08-23 10:07:41.978942,6174,4817,0,1
2026-08-23 10:07:41.978962,6264,5354,2613,1
2026-08-23 10:07:41.998690,6230,4294,0,1
2026-08-23 10:07:41.998710,6270,4942,2686,1
2026-08-23 10:07:41.998730,6177,4515,0,1
2026-08-23 10:07:41.998750,6273,5235,3201,1
2026-08-23 10:07:41.998770,6174,4570,0,1
2026-08-23 10:07:41.998791,6264,5227,2902,1
2026-08-23 10:07:41.998811,6171,4714,0,1
2026-08-23 10:07:41.998831,6211,5174,1267,1
2026-08-23 10:07:41.998850,6182,4798,0,1
2026-08-23 10:07:41.998870,6261,5360,2633,1
2026-08-23 10:07:41.998890,6182,4838,0,1
2026-08-23 10:07:41.998910,6275,5412,2966,1
2026-08-23 10:07:41.998930,6189,4743,0,1
2026-08-23 10:07:42.018757,6220,4673,636,1
2026-08-23 10:07:42.018777,6171,4486,0,1
2026-08-23 10:07:42.018797,6262,5137,2842,1
2026-08-23 10:07:42.018817,6186,4670,0,1
2026-08-23 10:07:42.018837,6267,5317,2863,1
2026-08-23 10:07:42.018857,6170,4719,0,1
2026-08-23 10:07:42.018877,6263,5356,2841,1
2026-08-23 10:07:42.018897,6184,4792,0,1
2026-08-23 10:07:42.018917,6257,5346,2883,1
2026-08-23 10:07:42.018937,6157,4779,0,1
2026-08-23 10:07:42.018957,6234,5308,1768,1
2026-08-23 10:07:42.018977,6199,4806,0,1
2026-08-23 10:07:42.018997,6269,5378,2648,1
2026-08-23 10:07:42.038733,6229,4214,0,1
2026-08-23 10:07:42.038753,6273,4938,2664,1
2026-08-23 10:07:42.038773,6183,4544,0,1
2026-08-23 10:07:42.038793,6223,5083,2014,1
2026-08-23 10:07:42.038813,6176,4717,0,1
2026-08-23 10:07:42.038833,6250,5306,2929,1
2026-08-23 10:07:42.038853,6183,4773,0,1
2026-08-23 10:07:42.038873,6263,5340,2896,1
2026-08-23 10:07:42.038893,6186,4787,0,1
2026-08-23 10:07:42.038913,6260,5373,2658,1
2026-08-23 10:07:42.038933,6191,4817,0,1
2026-08-23 10:07:42.038953,6271,5393,2836,1
2026-08-23 10:07:42.038973,6177,4739,0,1
2026-08-23 10:07:42.058494,6254,4791,1871,1
2026-08-23 10:07:42.058514,6174,4411,0,1
2026-08-23 10:07:42.058534,6258,5086,2844,1
2026-08-23 10:07:42.058554,6196,4670,0,1
2026-08-23 10:07:42.058574,6273,5273,2890,1
2026-08-23 10:07:42.058594,6161,4702,0,1
2026-08-23 10:07:42.058614,6272,5337,2811,1
2026-08-23 10:07:42.058634,6188,4763,0,1
2026-08-23 10:07:42.058654,6267,5330,2904,1
2026-08-23 10:07:42.058674,6166,4795,0,1
2026-08-23 10:07:42.058694,6125,5094,0,1
2026-08-23 10:07:42.058714,6190,4830,0,1
2026-08-23 10:07:42.058734,6269,5423,2624,1
2026-08-23 10:07:42.078173,6228,4312,0,1
2026-08-23 10:07:42.078193,6276,4971,2712,1
2026-08-23 10:07:42.078213,6183,4527,0,1
2026-08-23 10:07:42.078233,6269,5244,3127,1
2026-08-23 10:07:42.078253,6185,4631,0,1
2026-08-23 10:07:42.078273,6276,5224,2941,1
2026-08-23 10:07:42.078293,6125,4686,0,1
2026-08-23 10:07:42.078313,6124,5075,0,1
2026-08-23 10:07:42.078333,6178,4818,0,1
2026-08-23 10:07:42.078353,6253,5376,2636,1
2026-08-23 10:07:42.078373,6186,4833,86,1
2026-08-23 10:07:42.078393,6263,5346,2483,1
2026-08-23 10:07:42.078413,6185,4797,0,1
2026-08-23 10:07:42.098127,6305,4927,3054,1
2026-08-23 10:07:42.098147,6172,4386,0,1
2026-08-23 10:07:42.098167,6269,5090,2796,1
2026-08-23 10:07:42.098187,6177,4580,0,1
2026-08-23 10:07:42.098207,6271,5253,2805,1
2026-08-23 10:07:42.098227,6160,4661,0,1
2026-08-23 10:07:42.098247,6216,5271,2667,1
2026-08-23 10:07:42.098267,6199,4778,12,1
2026-08-23 10:07:42.098287,6304,5354,3036,1
2026-08-23 10:07:42.098307,6155,4739,0,1
2026-08-23 10:07:42.098327,6276,5375,3226,1
2026-08-23 10:07:42.098347,6193,4756,0,1
2026-08-23 10:07:42.098367,6272,5353,2597,1
2026-08-23 10:07:42.117942,6228,4269,0,1
2026-08-23 10:07:42.117962,6273,4949,2722,1
2026-08-23 10:07:42.117982,6179,4500,0,1
2026-08-23 10:07:42.118002,6277,5210,3057,1
2026-08-23 10:07:42.118022,6170,4580,0,1
2026-08-23 10:07:42.118042,6271,5247,2948,1
2026-08-23 10:07:42.118062,6169,4712,0,1
2026-08-23 10:07:42.118082,6202,5179,924,1
2026-08-23 10:07:42.118102,6183,4806,0,1
2026-08-23 10:07:42.118122,6263,5392,2642,1
2026-08-23 10:07:42.118142,6178,4855,0,1
2026-08-23 10:07:42.118162,6225,5299,1297,1
2026-08-23 10:07:42.118182,6185,4798,0,1
2026-08-23 10:07:42.137284,6166,4680,0,1
2026-08-23 10:07:42.137304,6187,4468,0,1
2026-08-23 10:07:42.137324,6272,5154,2880,1
2026-08-23 10:07:42.137344,6183,4667,0,1
2026-08-23 10:07:42.137364,6268,5306,2947,1
2026-08-23 10:07:42.137384,6157,4699,0,1
2026-08-23 10:07:42.137404,6265,5344,2730,1
2026-08-23 10:07:42.137424,6199,4789,0,1
2026-08-23 10:07:42.137444,6266,5359,2949,1
2026-08-23 10:07:42.137464,6158,4791,0,1
2026-08-23 10:07:42.137484,6271,5383,3423,1
2026-08-23 10:07:42.137504,6175,4756,0,1
2026-08-23 10:07:42.137524,6276,5269,2649,1
2026-08-23 10:07:42.156288,6232,4293,0,1
2026-08-23 10:07:42.156308,6269,4984,2888,1
2026-08-23 10:07:42.156328,6176,4510,0,1
2026-08-23 10:07:42.156348,6308,5178,2839,1
2026-08-23 10:07:42.156368,6198,4701,2,1
2026-08-23 10:07:42.156388,6270,5324,3039,1
2026-08-23 10:07:42.156408,6158,4702,0,1
2026-08-23 10:07:42.156428,6273,5336,3231,1
2026-08-23 10:07:42.156448,6182,4771,0,1
2026-08-23 10:07:42.156468,6266,5300,2648,1
2026-08-23 10:07:42.156488,6174,4779,0,1
2026-08-23 10:07:42.156508,6108,5148,0,1
2026-08-23 10:07:42.156528,6189,4753,0,1
2026-08-23 10:07:42.175438,6293,4924,2714,1
2026-08-23 10:07:42.175458,6211,4504,0,1
2026-08-23 10:07:42.175478,6272,5182,2931,1
2026-08-23 10:07:42.175498,6152,4647,0,1
2026-08-23 10:07:42.175518,6084,4870,0,1
2026-08-23 10:07:42.175538,6178,4686,0,1
2026-08-23 10:07:42.175558,6273,5249,2522,1
2026-08-23 10:07:42.175578,6195,4793,0,1
2026-08-23 10:07:42.175598,6292,5382,3123,1
2026-08-23 10:07:42.175618,6165,4733,0,1
2026-08-23 10:07:42.175638,6273,5341,2924,1
2026-08-23 10:07:42.175658,6189,4807,15,1
2026-08-23 10:07:42.175678,6273,5326,2705,1
2026-08-23 10:07:42.194469,6237,4198,6,1
2026-08-23 10:07:42.194489,6273,4948,2848,1
2026-08-23 10:07:42.194510,6165,4481,0,1
2026-08-23 10:07:42.194530,6246,5176,2840,1
2026-08-23 10:07:42.194550,6195,4677,0,1
2026-08-23 10:07:42.194570,6269,5311,3053,1
2026-08-23 10:07:42.194590,6162,4716,0,1
2026-08-23 10:07:42.194609,6277,5347,3225,1
2026-08-23 10:07:42.194629,6186,4761,0,1
2026-08-23 10:07:42.194649,6266,5305,2683,1
2026-08-23 10:07:42.194669,6186,4749,0,1
2026-08-23 10:07:42.194690,6115,5042,0,1
2026-08-23 10:07:42.213872,6228,4358,0,1
2026-08-23 10:07:42.213892,6275,5036,2698,1
2026-08-23 10:07:42.213912,6189,4622,0,1
2026-08-23 10:07:42.213933,6169,4976,0,1
2026-08-23 10:07:42.213953,6190,4755,0,1
2026-08-23 10:07:42.213973,6275,5352,2952,1
2026-08-23 10:07:42.213993,6176,4835,0,1
2026-08-23 10:07:42.214013,6206,5247,1174,1
2026-08-23 10:07:42.214032,6193,4852,0,1
2026-08-23 10:07:42.214052,6259,5422,2660,1
2026-08-23 10:07:42.214072,6189,4840,0,1
2026-08-23 10:07:42.214092,6120,5160,0,1
2026-08-23 10:07:42.214113,6186,4847,0,1
2026-08-23 10:07:42.233158,6291,4918,2782,1
2026-08-23 10:07:42.233178,6198,4496,0,1
2026-08-23 10:07:42.233198,6268,5158,2882,1
2026-08-23 10:07:42.233218,6155,4575,0,1
2026-08-23 10:07:42.233238,6258,5212,2135,1
2026-08-23 10:07:42.233258,6174,4706,0,1
2026-08-23 10:07:42.233278,6260,5329,2456,1
2026-08-23 10:07:42.233298,6199,4844,0,1
2026-08-23 10:07:42.233318,6281,5379,3088,1
2026-08-23 10:07:42.233338,6168,4760,0,1
2026-08-23 10:07:42.233358,6273,5405,2990,1
2026-08-23 10:07:42.233378,6207,4801,0,1
2026-08-23 10:07:42.233398,6268,5320,2581,1
2026-08-23 10:07:42.252980,6205,4286,0,1
2026-08-23 10:07:42.253000,6291,5048,3195,1
2026-08-23 10:07:42.253020,6177,4487,0,1
2026-08-23 10:07:42.253040,6267,5142,2687,1
2026-08-23 10:07:42.253060,6184,4706,0,1
2026-08-23 10:07:42.253080,6282,5271,2801,1
2026-08-23 10:07:42.253100,6174,4743,0,1
2026-08-23 10:07:42.253120,6274,5337,2943,1
2026-08-23 10:07:42.253139,6197,4778,0,1
2026-08-23 10:07:42.253160,6278,5365,3088,1
2026-08-23 10:07:42.253180,6172,4759,0,1
2026-08-23 10:07:42.253200,6272,5338,2728,1
2026-08-23 10:07:42.253220,6210,4830,0,1
2026-08-23 10:07:42.273111,6301,4842,2601,1
2026-08-23 10:07:42.273131,6204,4484,11,1
2026-08-23 10:07:42.273151,6285,5166,2985,1
2026-08-23 10:07:42.273171,6162,4593,0,1
2026-08-23 10:07:42.273191,6278,5246,3447,1
2026-08-23 10:07:42.273211,6176,4591,0,1
2026-08-23 10:07:42.273231,6264,5272,2496,1
2026-08-23 10:07:42.273251,6195,4788,0,1
2026-08-23 10:07:42.273271,6273,5358,3134,1
2026-08-23 10:07:42.273291,6152,4761,0,1
2026-08-23 10:07:42.273311,6269,5342,2967,1
2026-08-23 10:07:42.273331,6211,4819,0,1
2026-08-23 10:07:42.273351,6273,5316,2607,1
2026-08-23 10:07:42.291956,6236,4250,0,1
2026-08-23 10:07:42.291976,6285,4928,2750,1
2026-08-23 10:07:42.291996,6192,4513,0,1
2026-08-23 10:07:42.292016,6269,5168,2988,1
2026-08-23 10:07:42.292036,6190,4665,0,1
2026-08-23 10:07:42.292056,6274,5252,2964,1
2026-08-23 10:07:42.292076,6159,4731,0,1
2026-08-23 10:07:42.292096,6130,5096,0,1
2026-08-23 10:07:42.292116,6202,4832,0,1
2026-08-23 10:07:42.292136,6274,5389,2639,1
2026-08-23 10:07:42.292156,6186,4838,0,1
2026-08-23 10:07:42.292176,6226,5277,1000,1
2026-08-23 10:07:42.292196,6189,4876,0,1
2026-08-23 10:07:42.312638,6296,5003,2645,1
2026-08-23 10:07:42.312658,6198,4552,5,1
2026-08-23 10:07:42.312678,6271,5237,3027,1
2026-08-23 10:07:42.312698,6161,4653,0,1
2026-08-23 10:07:42.312718,6274,5296,3256,1
2026-08-23 10:07:42.312738,6184,4684,0,1
2026-08-23 10:07:42.312758,6266,5275,2550,1
2026-08-23 10:07:42.312778,6184,4801,0,1
2026-08-23 10:07:42.312798,6252,5288,1881,1
2026-08-23 10:07:42.312818,6174,4797,0,1
2026-08-23 10:07:42.312838,6276,5412,2858,1
2026-08-23 10:07:42.312858,6203,4875,0,1
2026-08-23 10:07:42.312878,6287,5409,2798,1
2026-08-23 10:07:42.332435,6235,4213,11,1
2026-08-23 10:07:42.332455,6276,4893,2833,1
2026-08-23 10:07:42.332475,6182,4457,0,1
2026-08-23 10:07:42.332495,6271,5137,2866,1
2026-08-23 10:07:42.332515,6194,4675,0,1
2026-08-23 10:07:42.332535,6280,5287,3099,1
2026-08-23 10:07:42.332555,6118,4725,0,1
2026-08-23 10:07:42.332575,6280,5323,3192,1
2026-08-23 10:07:42.332595,6200,4757,0,1
2026-08-23 10:07:42.332615,6271,5313,2694,1
2026-08-23 10:07:42.332635,6179,4799,0,1
2026-08-23 10:07:42.332655,6292,5327,1128,1
2026-08-23 10:07:42.332675,6194,4721,0,1
2026-08-23 10:07:42.352653,6312,4854,3088,1
2026-08-23 10:07:42.352673,6175,4338,0,1
2026-08-23 10:07:42.352693,6261,5028,2777,1
2026-08-23 10:07:42.352713,6199,4552,0,1
2026-08-23 10:07:42.352733,6274,5251,2958,1
2026-08-23 10:07:42.352753,6170,4682,0,1
2026-08-23 10:07:42.352773,6269,5264,2756,1
2026-08-23 10:07:42.352793,6200,4756,0,1
2026-08-23 10:07:42.352813,6288,5364,2920,1
2026-08-23 10:07:42.352833,6155,4778,0,1
2026-08-23 10:07:42.352853,6222,5248,1357,1
2026-08-23 10:07:42.352873,6191,4805,0,1
2026-08-23 10:07:42.352893,6279,5380,2652,1
2026-08-23 10:07:42.372380,6228,4228,0,1
2026-08-23 10:07:42.372401,6270,4961,2670,1
2026-08-23 10:07:42.372421,6196,4521,0,1
2026-08-23 10:07:42.372441,6323,5169,2809,1
2026-08-23 10:07:42.372461,6172,4673,0,1
2026-08-23 10:07:42.372481,6270,5304,2918,1
2026-08-23 10:07:42.372501,6194,4775,0,1
2026-08-23 10:07:42.372521,6276,5370,3129,1
2026-08-23 10:07:42.372540,6174,4770,0,1
2026-08-23 10:07:42.372561,6276,5322,2683,1
2026-08-23 10:07:42.372581,6203,4817,0,1
2026-08-23 10:07:42.372601,6290,5384,3202,1
2026-08-23 10:07:42.372621,6177,4725,0,1
2026-08-23 10:07:42.392382,6304,4822,2967,1
2026-08-23 10:07:42.392402,6171,4348,0,1
2026-08-23 10:07:42.392422,6287,5072,2954,1
2026-08-23 10:07:42.392442,6193,4594,5,1
2026-08-23 10:07:42.392462,6280,5233,2681,1
2026-08-23 10:07:42.392482,6169,4664,0,1
2026-08-23 10:07:42.392502,6284,5339,3104,1
2026-08-23 10:07:42.392522,6160,4707,0,1
2026-08-23 10:07:42.392542,6274,5311,2830,1
2026-08-23 10:07:42.392562,6193,4761,0,1
2026-08-23 10:07:42.392582,6275,5306,2864,1
2026-08-23 10:07:42.392602,6176,4741,0,1
2026-08-23 10:07:42.392622,6281,5349,2767,1
2026-08-23 10:07:42.412220,6230,4203,0,1
2026-08-23 10:07:42.412240,6277,4952,2672,1
2026-08-23 10:07:42.412260,6189,4499,0,1
2026-08-23 10:07:42.412280,6262,5103,2400,1
2026-08-23 10:07:42.412300,6298,4652,0,1
2026-08-23 10:07:42.412320,6288,5282,2928,1
2026-08-23 10:07:42.412340,6195,4737,0,1
2026-08-23 10:07:42.412360,6281,5332,2928,1
2026-08-23 10:07:42.412380,6183,4783,0,1
2026-08-23 10:07:42.412400,6271,5311,2668,1
2026-08-23 10:07:42.412420,6195,4812,0,1
2026-08-23 10:07:42.412440,6284,5427,3309,1
2026-08-23 10:07:42.412460,6179,4721,0,1
2026-08-23 10:07:42.432419,6289,4789,2515,1
2026-08-23 10:07:42.432439,6174,4361,0,1
2026-08-23 10:07:42.432459,6281,5098,2942,1
2026-08-23 10:07:42.432479,6206,4621,10,1
2026-08-23 10:07:42.432499,6281,5208,2684,1
2026-08-23 10:07:42.432519,6168,4716,0,1
2026-08-23 10:07:42.432539,6288,5316,3055,1
2026-08-23 10:07:42.432559,6166,4719,0,1
2026-08-23 10:07:42.432579,6269,5324,2828,1
2026-08-23 10:07:42.432599,6177,4772,0,1
2026-08-23 10:07:42.432619,6279,5334,2880,1
2026-08-23 10:07:42.432639,6190,4773,0,1
2026-08-23 10:07:42.432659,6282,5331,2745,1
2026-08-23 10:07:42.452263,6227,4207,0,1
2026-08-23 10:07:42.452283,6283,4932,2675,1
2026-08-23 10:07:42.452303,6207,4532,0,1
2026-08-23 10:07:42.452323,6283,5147,3026,1
2026-08-23 10:07:42.452343,6182,4619,0,1
2026-08-23 10:07:42.452363,6282,5255,2928,1
2026-08-23 10:07:42.452383,6196,4766,0,1
2026-08-23 10:07:42.452403,6278,5332,3121,1
2026-08-23 10:07:42.452423,6182,4736,0,1
2026-08-23 10:07:42.452443,6271,5359,2666,1
2026-08-23 10:07:42.452463,6195,4845,0,1
2026-08-23 10:07:42.452483,6287,5383,3216,1
2026-08-23 10:07:42.452503,6182,4737,0,1
2026-08-23 10:07:42.472402,6300,4826,2963,1
2026-08-23 10:07:42.472422,6168,4350,0,1
2026-08-23 10:07:42.472442,6279,5071,2967,1
2026-08-23 10:07:42.472462,6207,4628,21,1
2026-08-23 10:07:42.472482,6272,5195,2670,1
2026-08-23 10:07:42.472502,6161,4707,0,1
2026-08-23 10:07:42.472522,6281,5370,3050,1
2026-08-23 10:07:42.472542,6177,4715,0,1
2026-08-23 10:07:42.472562,6276,5296,2840,1
2026-08-23 10:07:42.472582,6184,4759,0,1
2026-08-23 10:07:42.472602,6267,5310,2614,1
2026-08-23 10:07:42.472622,6188,4796,0,1
2026-08-23 10:07:42.472642,6283,5352,2760,1
2026-08-23 10:07:42.492190,6228,4196,0,1
2026-08-23 10:07:42.492210,6283,4923,2672,1
2026-08-23 10:07:42.492230,6195,4537,0,1
2026-08-23 10:07:42.492250,6263,5165,2350,1
2026-08-23 10:07:42.492270,6189,4694,0,1
2026-08-23 10:07:42.492290,6288,5281,2938,1
2026-08-23 10:07:42.492311,6195,4751,0,1
2026-08-23 10:07:42.492331,6283,5340,2872,1
2026-08-23 10:07:42.492350,6181,4791,0,1
2026-08-23 10:07:42.492370,6271,5376,2690,1
2026-08-23 10:07:42.492390,6199,4824,0,1
2026-08-23 10:07:42.492410,6291,5427,3287,1
2026-08-23 10:07:42.492430,6174,4724,0,1
2026-08-23 10:07:43.905970,6264,4781,1891,1
2026-08-23 10:07:43.905990,6170,4364,0,1
2026-08-23 10:07:43.906010,6318,5105,2881,1
2026-08-23 10:07:43.906030,6196,4660,10,1
2026-08-23 10:07:43.906050,6271,5245,2776,1
2026-08-23 10:07:43.906070,6172,4670,0,1
2026-08-23 10:07:43.906090,6279,5335,2910,1
2026-08-23 10:07:43.906110,6184,4766,0,1
2026-08-23 10:07:43.906130,6283,5322,2859,1
2026-08-23 10:07:43.906150,6172,4787,0,1
2026-08-23 10:07:43.906170,6263,5342,2332,1
2026-08-23 10:07:43.906190,6193,4784,0,1
2026-08-23 10:07:43.906210,6167,5352,2621,1
2026-08-23 10:07:43.906230,6196,4839,0,1
2026-08-23 10:07:43.906250,6279,5402,2968,1
2026-08-23 10:07:43.906270,6164,4823,0,1
2026-08-23 10:07:43.906290,6277,5410,2948,1
2026-08-23 10:07:43.906310,6208,4830,8,1
2026-08-23 10:07:43.906330,6273,5374,2786,1
2026-08-23 10:07:43.906350,6178,4801,0,1
2026-08-23 10:07:43.906370,6293,5415,2893,1
2026-08-23 10:07:43.906390,6194,4811,0,1
2026-08-23 10:07:43.906410,6277,5385,2915,1
2026-08-23 10:07:43.906430,6160,4788,0,1
2026-08-23 10:07:43.906450,6232,5307,1514,1
2026-08-23 10:07:43.906470,6189,4861,0,1
2026-08-23 10:07:43.906490,6267,5428,2582,1
2026-08-23 10:07:43.906510,6191,4882,0,1
2026-08-23 10:07:43.906530,6270,5395,2617,1
2026-08-23 10:07:43.906550,6179,4806,0,1
2026-08-23 10:07:43.906570,6273,5397,2882,1
2026-08-23 10:07:43.906590,6197,4849,0,1
2026-08-23 10:07:43.906610,6276,5435,2884,1
2026-08-23 10:07:43.906630,6171,4833,0,1
2026-08-23 10:07:43.906650,6275,5412,2802,1
2026-08-23 10:07:43.906670,6206,4827,0,1
2026-08-23 10:07:43.906690,6272,5418,2992,1
2026-08-23 10:07:43.906710,6167,4776,0,1
2026-08-23 10:07:43.906730,6112,5066,0,1
2026-08-23 10:07:43.906750,6192,4870,0,1
2026-08-23 10:07:43.906770,6265,5384,2602,1
2026-08-23 10:07:43.906790,6190,4874,0,1
2026-08-23 10:07:43.906810,6236,5352,1665,1
2026-08-23 10:07:43.906830,6176,4874,0,1
2026-08-23 10:07:43.906850,6276,5419,3033,1
2026-08-23 10:07:43.906870,6197,4907,0,1
2026-08-23 10:07:43.906890,6271,5438,2994,1
2026-08-23 10:07:43.906910,6178,4855,0,1
2026-08-23 10:07:43.906930,6278,5384,2730,1
2026-08-23 10:07:43.906950,6196,4877,16,1
2026-08-23 10:07:43.906970,6283,5411,3040,1
2026-08-23 10:07:43.906990,6167,4820,0,1
2026-08-23 10:07:43.907010,6289,5392,3231,1
2026-08-23 10:07:43.907030,6189,4793,0,1
2026-08-23 10:07:43.907050,6272,5368,2619,1
2026-08-23 10:07:43.907070,6178,4835,0,1
2026-08-23 10:07:43.907090,6153,5169,0,1
2026-08-23 10:07:43.907110,6180,4857,0,1
2026-08-23 10:07:43.907130,6293,5429,2864,1
2026-08-23 10:07:43.907150,6197,4848,0,1
2026-08-23 10:07:43.907170,6276,5423,2880,1
2026-08-23 10:07:43.907190,6184,4825,0,1
2026-08-23 10:07:43.907210,6274,5419,2677,1
2026-08-23 10:07:43.907230,6198,4886,18,1
2026-08-23 10:07:43.907250,6276,5435,3152,1
2026-08-23 10:07:43.907270,6167,4800,0,1
2026-08-23 10:07:43.907290,6276,5413,3134,1
2026-08-23 10:07:43.907310,6196,4798,0,1
2026-08-23 10:07:43.907330,6280,5385,2651,1
2026-08-23 10:07:43.907350,6186,4850,0,1
2026-08-23 10:07:43.907370,6274,5435,3168,1
2026-08-23 10:07:43.907390,6172,4721,0,1
2026-08-23 10:07:43.907410,6278,5322,2850,1
2026-08-23 10:07:43.907430,6178,4817,0,1
2026-08-23 10:07:43.907450,6289,5343,2618,1
2026-08-23 10:07:43.907470,6186,4789,0,1
2026-08-23 10:07:43.907490,6272,5363,2640,1
2026-08-23 10:07:43.907510,6205,4889,0,1
2026-08-23 10:07:43.907530,6286,5452,3264,1
2026-08-23 10:07:43.907550,6166,4758,0,1
2026-08-23 10:07:43.907570,6280,5384,3020,1
2026-08-23 10:07:43.907590,6231,4820,6,1
2026-08-23 10:07:43.907610,6276,5389,2710,1
2026-08-23 10:07:43.907630,6178,4793,0,1
2026-08-23 10:07:43.907650,6294,5399,2998,1
2026-08-23 10:07:43.907670,6187,4799,0,1
2026-08-23 10:07:43.907690,6272,5400,2881,1
2026-08-23 10:07:43.907710,6177,4780,0,1
2026-08-23 10:07:43.907730,6243,5312,1795,1
2026-08-23 10:07:43.907750,6186,4857,0,1
2026-08-23 10:07:43.907770,6312,5417,2602,1
2026-08-23 10:07:43.907790,6202,4857,0,1
2026-08-23 10:07:43.907810,6288,5468,3232,1
2026-08-23 10:07:43.907830,6173,4770,0,1
2026-08-23 10:07:43.907850,6281,5409,2962,1
2026-08-23 10:07:43.907870,6211,4859,67,1
2026-08-23 10:07:43.907890,6275,5404,2798,1
2026-08-23 10:07:43.907910,6175,4826,0,1
2026-08-23 10:07:43.907930,6272,5392,2900,1
2026-08-23 10:07:43.907950,6193,4830,0,1
2026-08-23 10:07:43.907970,6277,5407,2897,1
2026-08-23 10:07:43.907990,6161,4811,0,1
2026-08-23 10:07:43.908010,6196,5179,414,1
2026-08-23 10:07:43.908030,6190,4886,0,1
2026-08-23 10:07:43.908050,6220,5406,2600,1
2026-08-23 10:07:43.908070,6205,4898,0,1
2026-08-23 10:07:43.908090,6278,5475,3099,1
2026-08-23 10:07:43.908110,6183,4829,0,1
2026-08-23 10:07:43.908130,6279,5418,2906,1
2026-08-23 10:07:43.908150,6214,4848,4,1
2026-08-23 10:07:43.908170,6283,5389,2854,1
2026-08-23 10:07:43.908190,6177,4801,0,1
2026-08-23 10:07:43.908210,6284,5404,2833,1
2026-08-23 10:07:43.908230,6198,4853,0,1
2026-08-23 10:07:43.908250,6282,5412,2936,1
2026-08-23 10:07:43.908270,6165,4767,0,1
2026-08-23 10:07:43.908290,6225,5240,249,1
2026-08-23 10:07:43.908310,6193,4819,0,1
2026-08-23 10:07:43.908330,6270,5378,2584,1
2026-08-23 10:07:43.908350,6205,4847,0,1
2026-08-23 10:07:43.908370,6279,5384,2753,1
2026-08-23 10:07:43.908390,6179,4804,0,1
2026-08-23 10:07:43.908410,6285,5374,2898,1
2026-08-23 10:07:43.908430,6199,4849,0,1
2026-08-23 10:07:43.908450,6278,5429,2956,1
2026-08-23 10:07:43.908470,6170,4829,0,1
2026-08-23 10:07:43.908490,6278,5367,2749,1
2026-08-23 10:07:43.908510,6205,4830,4,1
2026-08-23 10:07:43.908530,6285,5394,3015,1
2026-08-23 10:07:43.908550,6163,4781,0,1
2026-08-23 10:07:43.908570,6281,5426,3249,1
2026-08-23 10:07:43.908590,6178,4795,0,1
2026-08-23 10:07:43.908610,6275,5332,2579,1
2026-08-23 10:07:43.908630,6189,4801,0,1
2026-08-23 10:07:43.908650,6239,5288,1588,1
2026-08-23 10:07:43.908670,6181,4877,0,1
2026-08-23 10:07:43.908690,6315,5447,2866,1
2026-08-23 10:07:43.908710,6190,4845,0,1
2026-08-23 10:07:43.908730,6290,5453,3087,1
2026-08-23 10:07:43.908750,6194,4821,0,1
2026-08-23 10:07:43.908770,6274,5392,2683,1
2026-08-23 10:07:43.908790,6203,4837,6,1
2026-08-23 10:07:43.908810,6291,5411,3161,1
2026-08-23 10:07:43.908830,6170,4761,0,1
2026-08-23 10:07:43.908850,6278,5414,3115,1
2026-08-23 10:07:43.908870,6204,4829,0,1
2026-08-23 10:07:43.908890,6272,5388,2656,1
2026-08-23 10:07:43.908910,6193,4826,0,1
2026-08-23 10:07:43.908930,6099,5076,0,1
2026-08-23 10:07:43.908950,6176,4803,0,1
2026-08-23 10:07:43.908970,6284,5394,2854,1
2026-08-23 10:07:43.908990,6186,4848,0,1
2026-08-23 10:07:43.909010,6281,5389,2928,1
2026-08-23 10:07:43.909030,6184,4805,0,1
2026-08-23 10:07:43.909050,6276,5367,2630,1
2026-08-23 10:07:43.909070,6206,4872,0,1
2026-08-23 10:07:43.909090,6289,5423,3151,1
2026-08-23 10:07:43.909110,6169,4808,0,1
2026-08-23 10:07:43.909130,6284,5412,3013,1
2026-08-23 10:07:43.909150,6201,4822,15,1
2026-08-23 10:07:43.909170,6291,5369,2746,1
2026-08-23 10:07:43.909190,6181,4818,0,1
2026-08-23 10:07:43.909210,6272,5414,2982,1
2026-08-23 10:07:43.909230,6190,4782,0,1
2026-08-23 10:07:43.909250,6274,5394,2882,1
2026-08-23 10:07:43.909270,6179,4809,0,1
2026-08-23 10:07:43.909290,6259,5296,2134,1
2026-08-23 10:07:43.909310,6193,4811,0,1
2026-08-23 10:07:43.909330,6275,5368,2611,1
2026-08-23 10:07:43.909350,6190,4851,0,1
2026-08-23 10:07:43.909370,6282,5426,2744,1
2026-08-23 10:07:43.909390,6209,4781,0,1
2026-08-23 10:07:43.909410,6283,5393,2929,1
2026-08-23 10:07:43.909430,6207,4852,0,1
2026-08-23 10:07:43.909450,6285,5422,2867,1
2026-08-23 10:07:43.909470,6188,4809,0,1
2026-08-23 10:07:43.909490,6282,5391,2817,1
2026-08-23 10:07:43.909510,6202,4859,0,1
2026-08-23 10:07:43.909530,6280,5393,2945,1
2026-08-23 10:07:43.909550,6161,4816,0,1
2026-08-23 10:07:43.909570,6103,5030,0,1
2026-08-23 10:07:43.909590,6195,4820,0,1
2026-08-23 10:07:43.909610,6287,5377,2635,1
2026-08-23 10:07:43.909630,6195,4844,0,1
2026-08-23 10:07:43.909650,6233,5287,1408,1
2026-08-23 10:07:43.909670,6305,4860,0,1
2026-08-23 10:07:43.909690,6279,5445,2864,1
2026-08-23 10:07:43.909710,6199,4895,0,1
2026-08-23 10:07:43.909730,6277,5433,3014,1
2026-08-23 10:07:43.909750,6175,4843,0,1
2026-08-23 10:07:43.909770,6277,5386,2707,1
2026-08-23 10:07:43.909790,6209,4845,8,1
2026-08-23 10:07:43.909810,6287,5459,3098,1
2026-08-23 10:07:43.909830,6168,4778,0,1
2026-08-23 10:07:43.909850,6287,5426,3184,1
2026-08-23 10:07:43.909870,6196,4829,0,1
2026-08-23 10:07:43.909890,6271,5347,2637,1
2026-08-23 10:07:43.909910,6185,4854,0,1
2026-08-23 10:07:43.909930,6174,5193,0,1
2026-08-23 10:07:43.909950,6179,4744,0,1
2026-08-23 10:07:43.909970,6268,5345,2854,1
2026-08-23 10:07:43.909990,6193,4810,0,1
2026-08-23 10:07:43.910010,6275,5372,2726,1
2026-08-23 10:07:43.910030,6186,4838,0,1
2026-08-23 10:07:43.910050,6270,5396,2640,1
2026-08-23 10:07:43.910070,6205,4861,0,1
2026-08-23 10:07:43.910090,6289,5434,3238,1
2026-08-23 10:07:43.910110,6174,4793,0,1
2026-08-23 10:07:43.910130,6288,5372,3025,1
2026-08-23 10:07:43.910150,6201,4844,1,1
2026-08-23 10:07:43.910170,6283,5392,2743,1
2026-08-23 10:07:43.910190,6176,4823,0,1
2026-08-23 10:07:43.910210,6283,5417,3001,1
2026-08-23 10:07:43.910230,6188,4771,0,1
2026-08-23 10:07:43.910250,6274,5384,2854,1
2026-08-23 10:07:43.910270,6174,4808,0,1
2026-08-23 10:07:43.910290,6247,5280,1747,1
2026-08-23 10:07:43.910310,6201,4851,0,1
2026-08-23 10:07:43.910330,6272,5374,2588,1
2026-08-23 10:07:43.910350,6199,4883,0,1
2026-08-23 10:07:43.910370,6284,5465,3219,1
2026-08-23 10:07:43.910390,6163,4816,0,1
2026-08-23 10:07:43.910410,6284,5409,2946,1
2026-08-23 10:07:43.910430,6214,4823,15,1
2026-08-23 10:07:43.910450,6274,5448,2792,1
2026-08-23 10:07:43.910470,6178,4828,0,1
2026-08-23 10:07:43.910490,6289,5373,2897,1
2026-08-23 10:07:43.910510,6199,4794,0,1
2026-08-23 10:07:43.910530,6282,5402,2888,1
2026-08-23 10:07:43.910550,6176,4789,0,1
2026-08-23 10:07:43.910570,6182,5198,324,1
2026-08-23 10:07:43.910590,6184,4873,0,1
2026-08-23 10:07:43.910610,6274,5418,2584,1
2026-08-23 10:07:43.910630,6200,4888,0,1
2026-08-23 10:07:43.910650,6290,5478,3097,1
2026-08-23 10:07:43.910670,6177,4845,0,1
2026-08-23 10:07:43.910690,6276,5401,2922,1
2026-08-23 10:07:43.910710,6210,4870,0,1
2026-08-23 10:07:43.910730,6276,5405,2855,1
2026-08-23 10:07:43.910750,6178,4847,0,1
2026-08-23 10:07:43.910770,6281,5383,2824,1
2026-08-23 10:07:43.910790,6204,4885,0,1
2026-08-23 10:07:43.910810,6293,5399,2932,1
2026-08-23 10:07:43.910830,6167,4812,0,1
2026-08-23 10:07:43.910850,6153,5071,0,1
2026-08-23 10:07:43.910870,6189,4798,0,1
2026-08-23 10:07:43.910890,6271,5366,2586,1
2026-08-23 10:07:43.910910,6186,4812,0,1
2026-08-23 10:07:43.910930,6282,5408,2830,1
2026-08-23 10:07:43.910950,6174,4821,0,1
2026-08-23 10:07:43.910970,6280,5403,2898,1
2026-08-23 10:07:43.910990,6200,4817,0,1
2026-08-23 10:07:43.911010,6280,5422,2928,1
2026-08-23 10:07:43.911030,6177,4823,0,1
2026-08-23 10:07:43.911050,6277,5361,2773,1
2026-08-23 10:07:43.911070,6210,4844,0,1
2026-08-23 10:07:43.911090,6279,5426,2994,1
2026-08-23 10:07:43.911110,6162,4773,0,1
2026-08-23 10:07:43.911130,6297,5439,3348,1
2026-08-23 10:07:43.911150,6202,4783,0,1
2026-08-23 10:07:43.911170,6271,5365,2597,1
2026-08-23 10:07:43.911190,6193,4800,0,1
2026-08-23 10:07:43.911210,6271,5361,2368,1
2026-08-23 10:07:43.911230,6180,4845,0,1
2026-08-23 10:07:43.911250,6282,5386,2868,1
2026-08-23 10:07:43.911270,6201,4883,0,1
2026-08-23 10:07:43.911290,6278,5437,2982,1
2026-08-23 10:07:43.911310,6178,4822,0,1
2026-08-23 10:07:43.911330,6278,5365,2746,1
2026-08-23 10:07:43.911350,6197,4887,18,1
2026-08-23 10:07:43.911370,6282,5445,3035,1
2026-08-23 10:07:43.911390,6174,4780,0,1
2026-08-23 10:07:43.911410,6282,5446,3245,1
2026-08-23 10:07:43.911430,6192,4795,0,1
2026-08-23 10:07:43.911450,6275,5343,2582,1
2026-08-23 10:07:43.911470,6177,4814,0,1
2026-08-23 10:07:43.911490,6252,5306,1817,1
2026-08-23 10:07:43.911510,6179,4879,0,1
2026-08-23 10:07:43.911530,6276,5430,2865,1
2026-08-23 10:07:43.911550,6193,4880,0,1
2026-08-23 10:07:43.911570,6280,5454,3047,1
2026-08-23 10:07:43.911590,6183,4817,0,1
2026-08-23 10:07:43.911610,6277,5373,2687,1
2026-08-23 10:07:43.911630,6201,4862,14,1
2026-08-23 10:07:43.911650,6277,5453,3111,1
2026-08-23 10:07:43.911670,6274,4783,0,1
2026-08-23 10:07:43.911690,6288,5403,3158,1
2026-08-23 10:07:43.911710,6197,4794,0,1
2026-08-23 10:07:43.911730,6264,5395,2615,1
2026-08-23 10:07:43.911750,6193,4816,0,1
2026-08-23 10:07:43.911770,6200,5212,425,1
2026-08-23 10:07:43.911790,6192,4874,0,1
2026-08-23 10:07:43.911810,6273,5463,2854,1
2026-08-23 10:07:43.911830,6190,4905,0,1
2026-08-23 10:07:43.911850,6281,5437,3153,1
2026-08-23 10:07:43.911870,6188,4809,0,1
2026-08-23 10:07:43.911890,6271,5417,2653,1
2026-08-23 10:07:43.911910,6199,4872,0,1
2026-08-23 10:07:43.911930,6284,5425,3216,1
2026-08-23 10:07:43.911950,6164,4813,0,1
2026-08-23 10:07:43.911970,6274,5384,3044,1
2026-08-23 10:07:43.911990,6198,4816,0,1
2026-08-23 10:07:43.912010,6277,5359,2687,1
2026-08-23 10:07:43.912030,6182,4831,0,1
2026-08-23 10:07:43.912050,6290,5415,3058,1
2026-08-23 10:07:43.912070,6195,4759,0,1
2026-08-23 10:07:43.912090,6273,5385,2865,1
2026-08-23 10:07:43.912110,6180,4799,0,1
2026-08-23 10:07:43.912130,6281,5357,2674,1
2026-08-23 10:07:43.912150,6189,4827,0,1
2026-08-23 10:07:43.912170,6269,5356,2612,1
2026-08-23 10:07:43.912190,6199,4848,0,1
2026-08-23 10:07:43.912210,6286,5413,2999,1
2026-08-23 10:07:43.912230,6167,4804,0,1
2026-08-23 10:07:43.912250,6276,5421,2944,1
2026-08-23 10:07:43.912270,6204,4879,25,1
2026-08-23 10:07:43.912290,6277,5373,2810,1
2026-08-23 10:07:43.912310,6182,4786,0,1
2026-08-23 10:07:43.912330,6280,5392,2858,1
2026-08-23 10:07:43.912350,6196,4843,0,1
2026-08-23 10:07:43.912370,6271,5426,2922,1
2026-08-23 10:07:43.912390,6170,4763,0,1
2026-08-23 10:07:43.912410,6198,5255,768,1
2026-08-23 10:07:43.912430,6199,4879,0,1
2026-08-23 10:07:43.912450,6280,5407,2599,1
2026-08-23 10:07:43.912470,6200,4859,0,1
2026-08-23 10:07:43.912490,6258,5393,2243,1
2026-08-23 10:07:43.912510,6187,4842,0,1
2026-08-23 10:07:43.912530,6288,5447,2894,1
2026-08-23 10:07:43.912550,6201,4873,0,1
2026-08-23 10:07:43.912570,6278,5430,2935,1
2026-08-23 10:07:43.912590,6180,4823,0,1
2026-08-23 10:07:43.912610,6281,5435,2757,1
2026-08-23 10:07:43.912630,6208,4855,10,1
2026-08-23 10:07:43.912650,6279,5448,3029,1
2026-08-23 10:07:43.912670,6169,4781,0,1
2026-08-23 10:07:43.912690,6282,5430,3248,1
2026-08-23 10:07:43.912710,6201,4796,0,1
2026-08-23 10:07:43.912730,6283,5340,2611,1
2026-08-23 10:07:43.912750,6192,4814,0,1
2026-08-23 10:07:43.912770,6166,5212,0,1
2026-08-23 10:07:43.912790,6182,4891,0,1
2026-08-23 10:07:43.912810,6275,5463,2877,1
2026-08-23 10:07:43.912830,6190,4850,0,1
2026-08-23 10:07:43.912850,6288,5414,2871,1
2026-08-23 10:07:43.912870,6188,4821,0,1
2026-08-23 10:07:43.912890,6279,5386,2661,1
2026-08-23 10:07:43.912910,6187,4889,10,1
2026-08-23 10:07:43.912930,6284,5422,3174,1
2026-08-23 10:07:43.912950,6159,4774,0,1
2026-08-23 10:07:43.912970,6273,5384,3090,1
2026-08-23 10:07:43.912990,6201,4870,0,1
2026-08-23 10:07:43.913010,6268,5399,2683,1
2026-08-23 10:07:43.913030,6187,4805,0,1
2026-08-23 10:07:43.913050,6287,5408,3083,1
2026-08-23 10:07:43.913070,6187,4750,0,1
2026-08-23 10:07:43.913090,6277,5344,2859,1
2026-08-23 10:07:43.913110,6186,4780,0,1
2026-08-23 10:07:43.913130,6267,5356,2258,1
2026-08-23 10:07:43.913150,6186,4835,0,1
2026-08-23 10:07:43.913170,6286,5364,2616,1
2026-08-23 10:07:43.913190,6203,4883,0,1
2026-08-23 10:07:43.913210,6290,5433,3257,1
2026-08-23 10:07:43.913230,6169,4768,0,1
2026-08-23 10:07:43.913250,6274,5379,2974,1
2026-08-23 10:07:43.913270,6201,4819,0,1
2026-08-23 10:07:43.913290,6280,5375,2755,1
2026-08-23 10:07:43.913310,6176,4805,0,1
2026-08-23 10:07:43.913330,6283,5398,2917,1
2026-08-23 10:07:43.913350,6193,4813,0,1
2026-08-23 10:07:43.913370,6276,5384,2894,1
2026-08-23 10:07:43.913390,6174,4795,0,1
2026-08-23 10:07:43.913410,6190,5188,328,1
2026-08-23 10:07:43.913430,6185,4878,0,1
2026-08-23 10:07:43.913450,6264,5449,2596,1
2026-08-23 10:07:43.913470,6208,4942,0,1
2026-08-23 10:07:43.913490,6292,5445,3085,1
2026-08-23 10:07:43.913510,6175,4810,0,1
2026-08-23 10:07:43.913530,6282,5426,2920,1
2026-08-23 10:07:43.913550,6208,4839,0,1
2026-08-23 10:07:43.913570,6277,5389,2876,1
2026-08-23 10:07:43.913590,6172,4796,0,1
2026-08-23 10:07:43.913610,6280,5385,2809,1
2026-08-23 10:07:43.913630,6202,4826,0,1
2026-08-23 10:07:43.913650,6279,5414,2962,1
2026-08-23 10:07:43.913670,6174,4779,0,1
2026-08-23 10:07:43.913690,6289,5412,3396,1
2026-08-23 10:07:43.913710,6185,4748,0,1
2026-08-23 10:07:43.913730,6279,5328,2585,1
2026-08-23 10:07:43.913750,6181,4811,0,1
2026-08-23 10:07:43.913770,6270,5402,2643,1
2026-08-23 10:07:43.913790,6174,4814,0,1
2026-08-23 10:07:43.913810,6280,5426,2880,1
2026-08-23 10:07:43.913830,6200,4863,0,1
2026-08-23 10:07:43.913850,6282,5403,2980,1
2026-08-23 10:07:43.913870,6177,4824,0,1
2026-08-23 10:07:43.913890,6275,5371,2733,1
2026-08-23 10:07:43.913910,6208,4850,18,1
2026-08-23 10:07:43.913930,6282,5397,3021,1
2026-08-23 10:07:43.913950,6164,4818,0,1
2026-08-23 10:07:43.913970,6285,5433,3250,1
2026-08-23 10:07:43.913990,6196,4810,0,1
2026-08-23 10:07:43.914010,6274,5348,2594,1
2026-08-23 10:07:43.914030,6193,4807,0,1
2026-08-23 10:07:43.914050,6249,5338,1718,1
2026-08-23 10:07:43.914070,6182,4871,0,1
2026-08-23 10:07:43.914090,6273,5440,2833,1
2026-08-23 10:07:43.914110,6189,4876,0,1
2026-08-23 10:07:43.914130,6277,5453,3059,1
2026-08-23 10:07:43.914150,6179,4834,0,1
2026-08-23 10:07:43.914170,6272,5404,2685,1
2026-08-23 10:07:43.914190,6201,4878,10,1
2026-08-23 10:07:43.914210,6288,5400,3139,1
2026-08-23 10:07:43.914230,6159,4804,0,1
2026-08-23 10:07:43.914250,6279,5429,3153,1
2026-08-23 10:07:43.914270,6190,4801,0,1
2026-08-23 10:07:43.914290,6263,5402,2637,1
2026-08-23 10:07:43.914310,6190,4838,0,1
2026-08-23 10:07:43.914330,6155,5153,0,1
2026-08-23 10:07:43.914350,6193,4873,0,1
2026-08-23 10:07:43.914370,6280,5427,2858,1
2026-08-23 10:07:43.914390,6205,4862,0,1
2026-08-23 10:07:43.914410,6289,5485,3017,1
2026-08-23 10:07:43.914430,6187,4840,0,1
2026-08-23 10:07:43.914450,6273,5371,2651,1
2026-08-23 10:07:43.914470,6200,4855,0,1
2026-08-23 10:07:43.914490,6290,5422,3218,1
2026-08-23 10:07:43.914510,6156,4800,0,1
2026-08-23 10:07:43.914530,6285,5383,3046,1
2026-08-23 10:07:43.914550,6202,4853,0,1
2026-08-23 10:07:43.914570,6274,5395,2670,1
2026-08-23 10:07:43.914590,6188,4804,0,1
2026-08-23 10:07:43.914610,6283,5417,3117,1
2026-08-23 10:07:43.914630,6177,4771,0,1
2026-08-23 10:07:43.914650,6270,5379,2851,1
2026-08-23 10:07:43.914670,6177,4791,0,1
2026-08-23 10:07:43.914690,6282,5369,2868,1
2026-08-23 10:07:43.914710,6179,4817,0,1
2026-08-23 10:07:43.914730,6268,5384,2628,1
2026-08-23 10:07:43.914750,6201,4862,0,1
2026-08-23 10:07:43.914770,6282,5415,3149,1
2026-08-23 10:07:43.914790,6182,4774,0,1
2026-08-23 10:07:43.914810,6280,5380,3000,1
2026-08-23 10:07:43.914830,6207,4856,17,1
2026-08-23 10:07:43.914850,6266,5387,2747,1
2026-08-23 10:07:43.914870,6167,4819,0,1
2026-08-23 10:07:43.914890,6274,5406,2968,1
2026-08-23 10:07:43.914910,6192,4790,0,1
2026-08-23 10:07:43.914930,6278,5376,2887,1
2026-08-23 10:07:43.914950,6177,4784,0,1
2026-08-23 10:07:43.914970,6259,5356,2261,1
2026-08-23 10:07:43.914990,6177,4842,0,1
2026-08-23 10:07:43.915010,6273,5403,2606,1
2026-08-23 10:07:43.915030,6193,4867,0,1
2026-08-23 10:07:43.915050,6282,5422,2809,1
2026-08-23 10:07:43.915070,6178,4825,0,1
2026-08-23 10:07:43.915090,6289,5388,2922,1
2026-08-23 10:07:43.915110,6205,4835,13,1
2026-08-23 10:07:43.915130,6286,5393,2857,1
2026-08-23 10:07:43.915150,6167,4834,0,1
2026-08-23 10:07:43.915170,6267,5441,2817,1
2026-08-23 10:07:43.915190,6194,4861,0,1
2026-08-23 10:07:43.915210,6280,5404,2972,1
2026-08-23 10:07:43.915230,6165,4813,0,1
2026-08-23 10:07:43.915250,6119,5129,0,1
2026-08-23 10:07:43.915270,6192,4898,0,1
2026-08-23 10:07:43.915290,6273,5363,2606,1
2026-08-23 10:07:43.915310,6188,4855,0,1
2026-08-23 10:07:43.915330,6240,5347,1440,1
2026-08-23 10:07:43.915350,6197,4887,0,1
2026-08-23 10:07:43.915370,6278,5438,2876,1
2026-08-23 10:07:43.915390,6191,4867,0,1
2026-08-23 10:07:43.915410,6273,5458,3009,1
2026-08-23 10:07:43.915430,6174,4847,0,1
2026-08-23 10:07:43.915450,6284,5411,2691,1
2026-08-23 10:07:43.915470,6201,4877,14,1
2026-08-23 10:07:43.915490,6270,5404,3103,1
2026-08-23 10:07:43.915510,6156,4785,0,1
2026-08-23 10:07:43.915530,6290,5397,3188,1
2026-08-23 10:07:43.915550,6194,4829,0,1
2026-08-23 10:07:43.915570,6277,5348,2635,1
2026-08-23 10:07:43.915590,6186,4843,0,1
2026-08-23 10:07:43.915610,6149,5131,0,1
2026-08-23 10:07:43.915630,6176,4791,0,1
2026-08-23 10:07:43.915650,6285,5352,2856,1
2026-08-23 10:07:43.915670,6180,4795,0,1
2026-08-23 10:07:43.915690,6283,5366,2774,1
2026-08-23 10:07:43.915710,6183,4824,0,1
2026-08-23 10:07:43.915730,6277,5404,2648,1
2026-08-23 10:07:43.915750,6197,4877,15,1
2026-08-23 10:07:43.915770,6274,5418,3225,1
2026-08-23 10:07:43.915790,6169,4793,0,1
2026-08-23 10:07:43.915810,6288,5400,3049,1
2026-08-23 10:07:43.915830,6205,4842,0,1
2026-08-23 10:07:43.915850,6270,5390,2695,1
2026-08-23 10:07:43.915870,6184,4805,0,1
2026-08-23 10:07:43.915890,6280,5419,3044,1
2026-08-23 10:07:43.915910,6184,4755,0,1
2026-08-23 10:07:43.915930,6268,5351,2850,1
2026-08-23 10:07:43.915950,6069,4798,0,1
2026-08-23 10:07:43.915970,6254,5320,2183,1
2026-08-23 10:07:43.915990,6190,4813,0,1
2026-08-23 10:07:43.916010,6272,5407,2621,1
2026-08-23 10:07:43.916030,6200,4887,0,1
2026-08-23 10:07:43.916050,6299,5461,3264,1
2026-08-23 10:07:43.916070,6178,4810,0,1
2026-08-23 10:07:43.916090,6280,5412,2990,1
2026-08-23 10:07:43.916110,6197,4850,5,1
2026-08-23 10:07:43.916130,6261,5402,2781,1
2026-08-23 10:07:43.916150,6177,4813,0,1
2026-08-23 10:07:43.916170,6268,5384,2914,1
2026-08-23 10:07:43.916190,6193,4819,0,1
2026-08-23 10:07:43.916210,6284,5372,2881,1
2026-08-23 10:07:43.916230,6175,4789,0,1
2026-08-23 10:07:43.916250,6201,5251,797,1
2026-08-23 10:07:43.916270,6185,4859,0,1
2026-08-23 10:07:43.916290,6274,5405,2573,1
2026-08-23 10:07:43.916310,6204,4883,0,1
2026-08-23 10:07:43.916330,6301,5440,3132,1
2026-08-23 10:07:43.916350,6164,4826,0,1
2026-08-23 10:07:43.916370,6276,5412,2928,1
2026-08-23 10:07:43.916390,6203,4884,2,1
2026-08-23 10:07:43.916410,6275,5397,2847,1
2026-08-23 10:07:43.916430,6180,4809,0,1
2026-08-23 10:07:43.916450,6277,5427,2826,1
2026-08-23 10:07:43.916470,6193,4873,0,1
2026-08-23 10:07:43.916490,6279,5386,2930,1
2026-08-23 10:07:43.916510,6170,4794,0,1
2026-08-23 10:07:43.916530,6113,4992,0,1
2026-08-23 10:07:43.916550,6191,4734,0,1
2026-08-23 10:07:43.916570,6277,5323,2582,1
2026-08-23 10:07:43.916590,6195,4836,0,1
2026-08-23 10:07:43.916610,6269,5389,2837,1
2026-08-23 10:07:43.916630,6180,4807,0,1
2026-08-23 10:07:43.916650,6273,5411,2889,1
2026-08-23 10:07:43.916670,6217,4836,0,1
2026-08-23 10:07:43.916690,6277,5423,2942,1
2026-08-23 10:07:43.916710,6173,4839,0,1
2026-08-23 10:07:43.916730,6269,5375,2753,1
2026-08-23 10:07:43.916750,6201,4912,7,1
2026-08-23 10:07:43.916770,6279,5446,2780,1
2026-08-23 10:07:43.916790,6282,4822,0,1
2026-08-23 10:07:43.916810,6274,5432,3286,1
2026-08-23 10:07:43.916830,6176,4779,0,1
2026-08-23 10:07:43.916850,6279,5331,2601,1
2026-08-23 10:07:43.916870,6187,4803,0,1
2026-08-23 10:07:43.916890,6247,5339,1901,1
2026-08-23 10:07:43.916910,6185,4827,0,1
2026-08-23 10:07:43.916930,6284,5409,2866,1
2026-08-23 10:07:43.916950,6188,4882,0,1
2026-08-23 10:07:43.916970,6284,5418,3057,1
2026-08-23 10:07:43.916990,6177,4802,0,1
2026-08-23 10:07:43.917010,6275,5394,2687,1
2026-08-23 10:07:43.917030,6203,4840,11,1
2026-08-23 10:07:43.917050,6284,5407,3142,1
2026-08-23 10:07:43.917070,6164,4762,0,1
2026-08-23 10:07:43.917090,6283,5425,3148,1
2026-08-23 10:07:43.917110,6200,4786,0,1
2026-08-23 10:07:43.917130,6274,5398,2647,1
2026-08-23 10:07:43.917150,6170,4839,0,1
2026-08-23 10:07:43.917170,6131,5180,0,1
2026-08-23 10:07:43.917190,6184,4909,0,1
2026-08-23 10:07:43.917210,6277,5441,2859,1
2026-08-23 10:07:43.917230,6183,4887,0,1
2026-08-23 10:07:43.917250,6287,5427,2988,1
2026-08-23 10:07:43.917270,6188,4818,0,1
2026-08-23 10:07:43.917290,6267,5361,2645,1
2026-08-23 10:07:43.917310,6203,4857,0,1
2026-08-23 10:07:43.917330,6284,5462,3192,1
2026-08-23 10:07:43.917350,6171,4768,0,1
2026-08-23 10:07:43.917370,6282,5392,3015,1
2026-08-23 10:07:43.917390,6197,4865,17,1
2026-08-23 10:07:43.917410,6277,5378,2712,1
2026-08-23 10:07:43.917430,6189,4814,0,1
2026-08-23 10:07:43.917450,6276,5424,3008,1
2026-08-23 10:07:43.917470,6195,4774,0,1
2026-08-23 10:07:43.917490,6275,5412,2872,1
2026-08-23 10:07:43.917510,6170,4827,0,1
2026-08-23 10:07:43.917530,6261,5384,2522,1
2026-08-23 10:07:43.917550,6187,4790,0,1
2026-08-23 10:07:43.917570,6278,5363,2611,1
2026-08-23 10:07:43.917590,6195,4873,0,1
2026-08-23 10:07:43.917610,6292,5409,2880,1
2026-08-23 10:07:43.917630,6162,4824,0,1
2026-08-23 10:07:43.917650,6272,5428,2946,1
2026-08-23 10:07:43.917670,6199,4877,8,1
2026-08-23 10:07:43.917690,6279,5404,2800,1
2026-08-23 10:07:43.917710,6175,4829,0,1
2026-08-23 10:07:43.917730,6276,5422,2895,1
2026-08-23 10:07:43.917750,6192,4859,0,1
2026-08-23 10:07:43.917770,6277,5383,2925,1
2026-08-23 10:07:43.917790,6179,4787,0,1
2026-08-23 10:07:43.917810,6238,5282,1433,1
2026-08-23 10:07:43.917830,6188,4876,0,1
2026-08-23 10:07:43.917850,6263,5452,2599,1
2026-08-23 10:07:43.917870,6194,4868,0,1
2026-08-23 10:07:43.917890,6280,5409,2573,1
2026-08-23 10:07:43.917910,6176,4853,0,1
2026-08-23 10:07:43.917930,6276,5409,2901,1
2026-08-23 10:07:43.917950,6199,4861,0,1
2026-08-23 10:07:43.917970,6271,5447,2849,1
2026-08-23 10:07:43.917990,6167,4840,0,1
2026-08-23 10:07:43.918010,6267,5420,2810,1
2026-08-23 10:07:43.918030,6201,4864,0,1
2026-08-23 10:07:43.918050,6271,5430,2951,1
2026-08-23 10:07:43.918070,6159,4792,0,1
2026-08-23 10:07:43.918090,6118,5099,0,1
2026-08-23 10:07:43.918110,6157,4871,0,1
2026-08-23 10:07:43.918130,6261,5416,2570,1
2026-08-23 10:07:43.918150,6190,4871,0,1
2026-08-23 10:07:43.918170,6235,5310,1566,1
2026-08-23 10:07:43.918190,6185,4896,0,1
2026-08-23 10:07:43.918210,6282,5430,2864,1
2026-08-23 10:07:43.918230,6203,4868,0,1
2026-08-23 10:07:43.918250,6280,5443,2997,1
2026-08-23 10:07:43.918270,6157,4847,0,1
2026-08-23 10:07:43.918290,6271,5400,2725,1
2026-08-23 10:07:43.918310,6202,4854,19,1
2026-08-23 10:07:43.918330,6284,5434,3083,1
2026-08-23 10:07:43.918350,6178,4789,0,1
2026-08-23 10:07:43.918370,6284,5398,3206,1
2026-08-23 10:07:43.918390,6188,4818,67,1
2026-08-23 10:07:43.918410,6268,5381,2625,1
2026-08-23 10:07:43.918430,6182,4809,0,1
2026-08-23 10:07:43.918450,6107,5087,0,1
2026-08-23 10:07:43.918470,6177,4797,0,1
2026-08-23 10:07:43.918490,6278,5413,2864,1
2026-08-23 10:07:43.918510,6194,4854,0,1
2026-08-23 10:07:43.918530,6283,5378,2813,1
2026-08-23 10:07:43.918550,6174,4828,0,1
2026-08-23 10:07:43.918570,6264,5391,2650,1
2026-08-23 10:07:43.918590,6205,4848,0,1
2026-08-23 10:07:43.918610,6292,5423,3207,1
2026-08-23 10:07:43.918630,6168,4780,0,1
2026-08-23 10:07:43.918650,6280,5422,3050,1
2026-08-23 10:07:43.918670,6201,4812,1,1
2026-08-23 10:07:43.918690,6264,5400,2704,1
2026-08-23 10:07:43.918710,6186,4803,0,1
2026-08-23 10:07:43.918730,6290,5394,3040,1
2026-08-23 10:07:43.918750,6176,4786,0,1
2026-08-23 10:07:43.918770,6288,5331,2849,1
2026-08-23 10:07:43.918790,6184,4787,0,1
2026-08-23 10:07:43.918810,6261,5325,2152,1
2026-08-23 10:07:43.918830,6173,4820,0,1
2026-08-23 10:07:43.918850,6268,5372,2625,1
2026-08-23 10:07:43.918870,6211,4884,0,1
2026-08-23 10:07:43.918890,6283,5432,3259,1
2026-08-23 10:07:43.918910,6168,4778,0,1
2026-08-23 10:07:43.918930,6276,5421,2981,1
2026-08-23 10:07:43.918950,6197,4855,4,1
2026-08-23 10:07:43.918970,6275,5397,2775,1
2026-08-23 10:07:43.918990,6174,4820,0,1
2026-08-23 10:07:43.919010,6278,5426,2920,1
2026-08-23 10:07:43.919030,6199,4824,0,1
2026-08-23 10:07:43.919050,6276,5395,2889,1
2026-08-23 10:07:43.919070,6179,4817,0,1
2026-08-23 10:07:43.919090,6195,5246,632,1
2026-08-23 10:07:43.919110,6187,4890,0,1
2026-08-23 10:07:43.919130,6277,5440,2595,1
2026-08-23 10:07:43.919150,6193,4913,0,1
2026-08-23 10:07:43.919170,6290,5442,3119,1
2026-08-23 10:07:43.919190,6174,4842,0,1
2026-08-23 10:07:43.919210,6275,5427,2916,1
2026-08-23 10:07:43.919230,6189,4866,0,1
2026-08-23 10:07:43.919250,6280,5402,2837,1
2026-08-23 10:07:43.919270,6165,4846,0,1
2026-08-23 10:07:43.919290,6277,5391,2824,1
2026-08-23 10:07:43.919310,6203,4854,0,1
2026-08-23 10:07:43.919330,6280,5399,2728,1
2026-08-23 10:07:43.919350,6169,4795,0,1
2026-08-23 10:07:43.919370,6115,5016,0,1
2026-08-23 10:07:43.919390,6190,4776,0,1
2026-08-23 10:07:43.919410,6258,5358,2580,1
2026-08-23 10:07:43.919430,6199,4819,0,1
2026-08-23 10:07:43.919450,6280,5373,2892,1
2026-08-23 10:07:43.919470,6165,4810,0,1
2026-08-23 10:07:43.919490,6275,5381,2889,1
2026-08-23 10:07:43.919510,6204,4833,0,1
2026-08-23 10:07:43.919530,6278,5392,2890,1
2026-08-23 10:07:43.919550,6174,4831,0,1
2026-08-23 10:07:43.919570,6178,5395,2785,1
2026-08-23 10:07:43.919590,6200,4827,0,1
2026-08-23 10:07:43.919610,6274,5424,2937,1
2026-08-23 10:07:43.919630,6152,4810,0,1
2026-08-23 10:07:43.919650,6284,5432,3387,1
2026-08-23 10:07:43.919670,6183,4776,0,1
2026-08-23 10:07:43.919690,6257,5315,2576,1
2026-08-23 10:07:43.919710,6189,4829,0,1
2026-08-23 10:07:43.919730,6277,5359,2710,1
2026-08-23 10:07:43.919750,6175,4810,0,1
2026-08-23 10:07:43.919770,6279,5380,2889,1
2026-08-23 10:07:43.919790,6200,4858,0,1
2026-08-23 10:07:43.919810,6226,5427,2936,1
2026-08-23 10:07:43.919830,6173,4828,0,1
2026-08-23 10:07:43.919850,6260,5373,2744,1
2026-08-23 10:07:43.919870,6201,4839,0,1
2026-08-23 10:07:43.919890,6280,5406,2994,1
2026-08-23 10:07:43.919910,6164,4783,0,1
2026-08-23 10:07:43.919930,6277,5424,3311,1
2026-08-23 10:07:43.919950,6186,4794,0,1
2026-08-23 10:07:43.919970,6261,5365,2590,1
2026-08-23 10:07:43.919990,6186,4836,0,1
2026-08-23 10:07:43.920010,6262,5328,2146,1
2026-08-23 10:07:43.920030,6191,4857,0,1
2026-08-23 10:07:43.920050,6282,5431,2871,1
2026-08-23 10:07:43.920070,6189,4867,0,1
2026-08-23 10:07:43.920090,6276,5450,3029,1
2026-08-23 10:07:43.920110,6173,4798,0,1
2026-08-23 10:07:43.920130,6257,5408,2704,1
2026-08-23 10:07:43.920150,6199,4881,14,1
2026-08-23 10:07:43.920170,6275,5443,3093,1
2026-08-23 10:07:43.920190,6165,4800,0,1
2026-08-23 10:07:43.920210,6281,5374,3185,1
2026-08-23 10:07:43.920230,6186,4816,0,1
2026-08-23 10:07:43.920250,6272,5346,2622,1
2026-08-23 10:07:43.920270,6180,4808,0,1
2026-08-23 10:07:43.920290,6189,5242,462,1
2026-08-23 10:07:43.920310,6177,4866,0,1
2026-08-23 10:07:43.920330,6282,5486,2837,1
2026-08-23 10:07:43.920350,6185,4845,0,1
2026-08-23 10:07:43.920370,6280,5440,3166,1
2026-08-23 10:07:43.920390,6179,4782,0,1
2026-08-23 10:07:43.920410,6276,5373,2655,1
2026-08-23 10:07:43.920430,6208,4898,19,1
2026-08-23 10:07:43.920450,6285,5428,3222,1
2026-08-23 10:07:43.920470,6162,4785,0,1
2026-08-23 10:07:43.920490,6282,5391,3054,1
2026-08-23 10:07:43.920510,6206,4818,0,1
2026-08-23 10:07:43.920530,6275,5366,2690,1
2026-08-23 10:07:43.920550,6181,4810,0,1
2026-08-23 10:07:43.920570,6284,5400,3030,1
2026-08-23 10:07:43.920590,6185,4751,0,1
2026-08-23 10:07:43.920610,6272,5380,2890,1
2026-08-23 10:07:43.920630,6189,4812,0,1
2026-08-23 10:07:43.920650,6270,5344,2595,1
2026-08-23 10:07:43.920670,6189,4797,0,1
2026-08-23 10:07:43.920690,6260,5351,2624,1
2026-08-23 10:07:43.920710,6196,4838,0,1
2026-08-23 10:07:43.920730,6268,5385,2892,1
2026-08-23 10:07:43.920750,6167,4808,0,1
2026-08-23 10:07:43.920770,6274,5428,2936,1
2026-08-23 10:07:43.920790,6198,4868,4,1
2026-08-23 10:07:43.920810,6283,5413,2837,1
2026-08-23 10:07:43.920830,6170,4838,0,1
2026-08-23 10:07:43.920850,6282,5373,2845,1
2026-08-23 10:07:43.920870,6196,4819,0,1
2026-08-23 10:07:43.920890,6281,5417,2955,1
2026-08-23 10:07:43.920910,6156,4776,0,1
2026-08-23 10:07:43.920930,6130,5098,0,1
2026-08-23 10:07:43.920950,6190,4869,0,1
2026-08-23 10:07:43.920970,6269,5442,2606,1
2026-08-23 10:07:43.920990,6193,4855,0,1
2026-08-23 10:07:43.921010,6239,5348,1442,1
2026-08-23 10:07:43.921030,6181,4863,0,1
2026-08-23 10:07:43.921050,6271,5441,2786,1
2026-08-23 10:07:43.921070,6196,4903,0,1
2026-08-23 10:07:43.921090,6278,5436,3030,1
2026-08-23 10:07:43.921110,6176,4846,0,1
2026-08-23 10:07:43.921130,6270,5382,2690,1
2026-08-23 10:07:43.921150,6202,4846,359,1
2026-08-23 10:07:43.921170,6275,5446,3453,1
2026-08-23 10:07:43.921190,6165,4791,0,1
2026-08-23 10:07:43.921210,6291,5398,3111,1
2026-08-23 10:07:43.921230,6196,4847,0,1
2026-08-23 10:07:43.921250,6234,5374,2665,1
2026-08-23 10:07:43.921270,6173,4849,0,1
2026-08-23 10:07:43.921290,6288,5424,3131,1
2026-08-23 10:07:43.921310,6166,4766,0,1
2026-08-23 10:07:43.921330,6276,5335,2863,1
2026-08-23 10:07:43.921350,6182,4806,0,1
2026-08-23 10:07:43.921370,6269,5318,2386,1
2026-08-23 10:07:43.921390,6178,4824,0,1
2026-08-23 10:07:43.921410,6270,5392,2627,1
2026-08-23 10:07:43.921430,6198,4877,0,1
2026-08-23 10:07:43.921450,6278,5425,3253,1
2026-08-23 10:07:43.921470,6176,4786,0,1
2026-08-23 10:07:43.921490,6284,5373,2982,1
2026-08-23 10:07:43.921510,6213,4820,11,1
2026-08-23 10:07:43.921530,6275,5385,2795,1
2026-08-23 10:07:43.921550,6180,4840,0,1
2026-08-23 10:07:43.921570,6271,5399,2893,1
2026-08-23 10:07:43.921590,6196,4789,0,1
2026-08-23 10:07:43.921610,6278,5405,2918,1
2026-08-23 10:07:43.921630,6168,4775,0,1
2026-08-23 10:07:43.921650,6123,5086,0,1
2026-08-23 10:07:43.921670,6194,4844,0,1
2026-08-23 10:07:43.921690,6273,5392,2582,1
2026-08-23 10:07:43.921710,6196,4870,0,1
2026-08-23 10:07:43.921730,6285,5416,3044,1
2026-08-23 10:07:43.921750,6173,4730,0,1
2026-08-23 10:07:43.991086,6292,2733,2691,1
2026-08-23 10:07:43.991105,6160,2863,0,1
2026-08-23 10:07:43.991125,6278,3940,2687,1
2026-08-23 10:07:43.991145,6164,3760,0,1
2026-08-23 10:07:43.991165,6264,4578,2866,1
2026-08-23 10:07:43.991185,6167,4179,0,1
2026-08-23 10:07:43.991205,6262,4889,2645,1
2026-08-23 10:07:43.991225,6208,4503,3,1
2026-08-23 10:07:43.991246,6274,5097,2460,1
2026-08-23 10:07:43.991266,6167,4675,0,1
2026-08-23 10:07:43.991285,6273,5277,2512,1
2026-08-23 10:07:43.991305,6159,4661,0,1
2026-08-23 10:07:43.991325,6275,5317,2935,1
2026-08-23 10:07:43.991345,6201,4754,0,1
2026-08-23 10:07:43.991365,6275,5324,2432,1
2026-08-23 10:07:43.991385,6190,4819,0,1
2026-08-23 10:07:43.991405,6279,5341,2615,1
2026-08-23 10:07:43.991426,6155,4768,0,1
2026-08-23 10:07:43.991446,6275,5371,3095,1
2026-08-23 10:07:43.991465,6193,4779,0,1
2026-08-23 10:07:43.991485,6260,5349,2438,1
2026-08-23 10:07:43.991505,6186,4817,0,1
2026-08-23 10:07:43.991525,6283,5439,3039,1
2026-08-23 10:07:43.991545,6150,4749,0,1
2026-08-23 10:07:43.991565,6284,5360,3034,1
2026-08-23 10:07:43.991585,6198,4818,0,1
2026-08-23 10:07:43.991606,6274,5338,2471,1
2026-08-23 10:07:43.991625,6184,4846,0,1
2026-08-23 10:07:43.991645,6253,5362,2352,1
2026-08-23 10:07:43.991665,6160,4807,0,1
2026-08-23 10:07:43.991685,6275,5362,2901,1
2026-08-23 10:07:43.991705,6200,4854,0,1
2026-08-23 10:07:43.991725,6280,5369,2611,1
2026-08-23 10:07:43.991745,6182,4857,0,1
2026-08-23 10:07:43.991765,6223,5277,934,1
2026-08-23 10:07:43.991786,6177,4879,0,1
2026-08-23 10:07:43.991805,6276,5407,2791,1
2026-08-23 10:07:43.991825,6210,4894,0,1
2026-08-23 10:07:43.991845,6279,5413,2822,1
2026-08-23 10:07:43.991865,6176,4804,0,1
2026-08-23 10:07:43.991885,6276,5389,2922,1
2026-08-23 10:07:44.012062,6238,3081,0,1
2026-08-23 10:07:44.012082,6288,4110,3006,1
2026-08-23 10:07:44.012102,6199,3900,0,1
2026-08-23 10:07:44.012122,6279,4739,2981,1
2026-08-23 10:07:44.012142,6200,4315,15,1
2026-08-23 10:07:44.012162,6261,5048,3349,1
2026-08-23 10:07:44.012182,6185,4491,0,1
2026-08-23 10:07:44.012202,6277,5208,3096,1
2026-08-23 10:07:44.012222,6193,4682,0,1
2026-08-23 10:07:44.012242,6290,5307,3034,1
2026-08-23 10:07:44.012262,6193,4725,0,1
2026-08-23 10:07:44.012282,6279,5279,2762,1
2026-08-23 10:07:44.012302,6199,4778,0,1
2026-08-23 10:07:44.012322,6220,5162,1129,1
2026-08-23 10:07:44.029773,6247,4333,0,1
2026-08-23 10:07:44.029794,6277,4988,2853,1
2026-08-23 10:07:44.029814,6188,4529,0,1
2026-08-23 10:07:44.029834,6285,5197,2914,1
2026-08-23 10:07:44.029854,6205,4717,5,1
2026-08-23 10:07:44.029874,6286,5336,3318,1
2026-08-23 10:07:44.029894,6180,4727,0,1
2026-08-23 10:07:44.029913,6279,5334,3028,1
2026-08-23 10:07:44.029933,6196,4789,283,1
2026-08-23 10:07:44.029953,6275,5389,3135,1
2026-08-23 10:07:44.029974,6190,4804,0,1
2026-08-23 10:07:44.029994,6286,5306,2741,1
2026-08-23 10:07:44.047678,6225,4299,0,1
2026-08-23 10:07:44.047698,6127,4749,0,1
2026-08-23 10:07:44.047718,6190,4623,0,1
2026-08-23 10:07:44.047738,6279,5246,2798,1
2026-08-23 10:07:44.047758,6190,4748,0,1
2026-08-23 10:07:44.047778,6274,5353,2970,1
2026-08-23 10:07:44.047798,6208,4821,5,1
2026-08-23 10:07:44.047817,6283,5396,3190,1
2026-08-23 10:07:44.047837,6172,4745,0,1
2026-08-23 10:07:44.047858,6277,5360,3124,1
2026-08-23 10:07:44.047878,6201,4808,4,1
2026-08-23 10:07:44.047898,6309,5346,2864,1
2026-08-23 10:07:44.065739,6213,4316,0,1
2026-08-23 10:07:44.065759,6288,5056,3087,1
2026-08-23 10:07:44.065779,6200,4572,0,1
2026-08-23 10:07:44.065799,6288,5233,3098,1
2026-08-23 10:07:44.065820,6193,4678,0,1
2026-08-23 10:07:44.065840,6282,5294,2742,1
2026-08-23 10:07:44.065860,6199,4758,0,1
2026-08-23 10:07:44.065879,6283,5346,3120,1
2026-08-23 10:07:44.065899,6184,4754,0,1
2026-08-23 10:07:44.065919,6283,5343,2969,1
2026-08-23 10:07:44.065939,6187,4777,0,1
2026-08-23 10:07:44.065959,6276,5388,3085,1
2026-08-23 10:07:44.083736,6236,4329,0,1
2026-08-23 10:07:44.083756,6293,5045,3051,1
2026-08-23 10:07:44.083776,6183,4572,0,1
2026-08-23 10:07:44.083797,6291,5273,3399,1
2026-08-23 10:07:44.083817,6201,4669,0,1
2026-08-23 10:07:44.083837,6259,5281,2786,1
2026-08-23 10:07:44.083857,6172,4741,0,1
2026-08-23 10:07:44.083876,6284,5366,2973,1
2026-08-23 10:07:44.083896,6365,4795,0,1
2026-08-23 10:07:44.083916,6278,5372,3110,1
2026-08-23 10:07:44.083936,6177,4777,0,1
2026-08-23 10:07:44.083956,6288,5383,3308,1
2026-08-23 10:07:44.103468,6238,4352,9,1
2026-08-23 10:07:44.103488,6289,5032,3196,1
2026-08-23 10:07:44.103508,6172,4505,0,1
2026-08-23 10:07:44.103528,6285,5208,3120,1
2026-08-23 10:07:44.103548,6199,4713,4,1
2026-08-23 10:07:44.103568,6274,5289,2939,1
2026-08-23 10:07:44.103588,6181,4741,0,1
2026-08-23 10:07:44.103608,6272,5320,2771,1
2026-08-23 10:07:44.103628,6197,4834,11,1
2026-08-23 10:07:44.103648,6285,5423,3198,1
2026-08-23 10:07:44.103668,6167,4758,0,1
2026-08-23 10:07:44.103688,6285,5347,3038,1
2026-08-23 10:07:44.103708,6201,4821,6,1
2026-08-23 10:07:44.123441,6303,4830,2876,1
2026-08-23 10:07:44.123461,6193,4452,0,1
2026-08-23 10:07:44.123481,6274,5082,2887,1
2026-08-23 10:07:44.123501,6173,4617,0,1
2026-08-23 10:07:44.123521,6281,5232,2808,1
2026-08-23 10:07:44.123541,6208,4781,0,1
2026-08-23 10:07:44.123561,6276,5330,2895,1
2026-08-23 10:07:44.123581,6172,4726,0,1
2026-08-23 10:07:44.123601,6236,5249,1494,1
2026-08-23 10:07:44.123621,6194,4805,0,1
2026-08-23 10:07:44.123641,6275,5389,2578,1
2026-08-23 10:07:44.123661,6188,4856,0,1
2026-08-23 10:07:44.123681,6280,5412,3058,1
2026-08-23 10:07:44.142946,6224,4229,0,1
2026-08-23 10:07:44.142966,6161,4702,0,1
2026-08-23 10:07:44.142986,6192,4586,0,1
2026-08-23 10:07:44.143006,6283,5246,2983,1
2026-08-23 10:07:44.143026,6179,4709,0,1
2026-08-23 10:07:44.143046,6109,5004,0,1
2026-08-23 10:07:44.143066,6205,4804,0,1
2026-08-23 10:07:44.143086,6319,5379,2715,1
2026-08-23 10:07:44.143106,6252,4823,0,1
2026-08-23 10:07:44.143126,6290,5391,3093,1
2026-08-23 10:07:44.143146,6179,4753,0,1
2026-08-23 10:07:44.143166,6289,5378,2969,1
2026-08-23 10:07:44.143186,6182,4796,0,1
2026-08-23 10:07:44.162743,6297,4884,3127,1
2026-08-23 10:07:44.162763,6166,4374,0,1
2026-08-23 10:07:44.162783,6280,5097,3145,1
2026-08-23 10:07:44.162803,6199,4581,0,1
2026-08-23 10:07:44.162823,6268,5231,2626,1
2026-08-23 10:07:44.162843,6184,4741,0,1
2026-08-23 10:07:44.162863,6122,5038,0,1
2026-08-23 10:07:44.162884,6175,4770,0,1
2026-08-23 10:07:44.162903,6277,5399,2846,1
2026-08-23 10:07:44.162923,6182,4842,0,1
2026-08-23 10:07:44.162943,6284,5376,2903,1
2026-08-23 10:07:44.162963,6182,4805,0,1
2026-08-23 10:07:44.162983,6290,5366,2767,1
2026-08-23 10:07:44.182676,6237,4216,0,1
2026-08-23 10:07:44.182696,6270,4981,2700,1
2026-08-23 10:07:44.182716,6193,4504,0,1
2026-08-23 10:07:44.182736,6188,4988,605,1
2026-08-23 10:07:44.182756,6194,4756,0,1
2026-08-23 10:07:44.182776,6284,5358,2922,1
2026-08-23 10:07:44.182796,6200,4771,0,1
2026-08-23 10:07:44.182817,6249,5294,2001,1
2026-08-23 10:07:44.182836,6191,4831,0,1
2026-08-23 10:07:44.182856,6262,5406,2656,1
2026-08-23 10:07:44.182876,6198,4865,0,1
2026-08-23 10:07:44.182896,6282,5382,2921,1
2026-08-23 10:07:44.182916,6193,4751,0,1
2026-08-23 10:07:44.202703,6312,4874,2751,1
2026-08-23 10:07:44.202724,6172,4343,0,1
2026-08-23 10:07:44.202744,6272,5048,2809,1
2026-08-23 10:07:44.202764,6200,4577,0,1
2026-08-23 10:07:44.202784,6284,5243,2911,1
2026-08-23 10:07:44.202804,6178,4676,0,1
2026-08-23 10:07:44.202824,6276,5292,2717,1
2026-08-23 10:07:44.202844,6206,4770,8,1
2026-08-23 10:07:44.202863,6283,5372,3006,1
2026-08-23 10:07:44.202883,6169,4771,0,1
2026-08-23 10:07:44.202904,6283,5408,3271,1
2026-08-23 10:07:44.202924,6193,4739,0,1
2026-08-23 10:07:44.202944,6276,5323,2594,1
2026-08-23 10:07:44.222403,6245,4238,0,1
2026-08-23 10:07:44.222423,6271,4923,2724,1
2026-08-23 10:07:44.222443,6148,4521,0,1
2026-08-23 10:07:44.222463,6278,5166,3100,1
2026-08-23 10:07:44.222483,6182,4583,0,1
2026-08-23 10:07:44.222503,6274,5233,2943,1
2026-08-23 10:07:44.222523,6168,4726,0,1
2026-08-23 10:07:44.222543,6133,5176,675,1
2026-08-23 10:07:44.222563,6207,4821,0,1
2026-08-23 10:07:44.222583,6264,5404,2626,1
2026-08-23 10:07:44.222603,6193,4857,0,1
2026-08-23 10:07:44.222623,6201,5220,709,1
2026-08-23 10:07:44.222643,6203,4838,0,1
2026-08-23 10:07:44.240313,6170,4584,0,1
2026-08-23 10:07:44.240333,6177,4427,0,1
2026-08-23 10:07:44.240353,6286,5102,2792,1
2026-08-23 10:07:44.240373,6194,4654,0,1
2026-08-23 10:07:44.240393,6282,5292,3033,1
2026-08-23 10:07:44.240413,6167,4691,0,1
2026-08-23 10:07:44.240433,6372,5308,2709,1
2026-08-23 10:07:44.240453,6204,4808,10,1
2026-08-23 10:07:44.240473,6282,5378,2982,1
2026-08-23 10:07:44.240493,6168,4753,0,1
2026-08-23 10:07:44.240513,6291,5409,3390,1
2026-08-23 10:07:44.240533,6205,4721,0,1
2026-08-23 10:07:44.256603,6319,4898,2977,1
2026-08-23 10:07:44.256623,6213,4453,0,1
2026-08-23 10:07:44.256643,6265,5089,2539,1
2026-08-23 10:07:44.256663,6176,4659,0,1
2026-08-23 10:07:44.256683,6210,5073,775,1
2026-08-23 10:07:44.256703,6172,4744,0,1
2026-08-23 10:07:44.256723,6282,5356,2813,1
2026-08-23 10:07:44.256743,6204,4824,0,1
2026-08-23 10:07:44.256763,6276,5379,2792,1
2026-08-23 10:07:44.256783,6176,4789,0,1
2026-08-23 10:07:44.256803,6289,5414,3163,1
2026-08-23 10:07:44.272981,6235,4269,0,1
2026-08-23 10:07:44.273001,6286,4952,2647,1
2026-08-23 10:07:44.273021,6190,4552,0,1
2026-08-23 10:07:44.273041,6198,4973,457,1
2026-08-23 10:07:44.273061,6186,4753,0,1
2026-08-23 10:07:44.273081,6290,5354,2907,1
2026-08-23 10:07:44.273101,6195,4776,0,1
2026-08-23 10:07:44.273121,6275,5371,2692,1
2026-08-23 10:07:44.273141,6180,4808,0,1
2026-08-23 10:07:44.273161,6269,5342,2668,1
2026-08-23 10:07:44.273181,6204,4827,0,1
2026-08-23 10:07:44.289983,6296,4954,2797,1
2026-08-23 10:07:44.290003,6182,4538,0,1
2026-08-23 10:07:44.290023,6275,5212,2892,1
2026-08-23 10:07:44.290043,6186,4650,0,1
2026-08-23 10:07:44.290063,6266,5289,2827,1
2026-08-23 10:07:44.290083,6180,4705,0,1
2026-08-23 10:07:44.290103,6263,5261,2210,1
2026-08-23 10:07:44.290123,6178,4803,0,1
2026-08-23 10:07:44.290143,6266,5344,2603,1
2026-08-23 10:07:44.290163,6206,4841,0,1
2026-08-23 10:07:44.290183,6295,5425,3118,1
2026-08-23 10:07:44.307476,6223,4331,0,1
2026-08-23 10:07:44.307496,6290,5087,2949,1
2026-08-23 10:07:44.307516,6193,4582,0,1
2026-08-23 10:07:44.307536,6280,5205,2969,1
2026-08-23 10:07:44.307556,6174,4694,0,1
2026-08-23 10:07:44.307576,6285,5342,3354,1
2026-08-23 10:07:44.307596,6190,4725,0,1
2026-08-23 10:07:44.307616,6280,5306,2643,1
2026-08-23 10:07:44.307636,6191,4787,0,1
2026-08-23 10:07:44.307656,6227,5193,819,1
2026-08-23 10:07:44.307676,6197,4860,0,1
2026-08-23 10:07:44.307696,6302,5382,2921,1
2026-08-23 10:07:44.325475,6254,4397,0,1
2026-08-23 10:07:44.325495,6322,5097,3348,1
2026-08-23 10:07:44.325515,6177,4562,0,1
2026-08-23 10:07:44.325535,6281,5204,2995,1
2026-08-23 10:07:44.325555,6196,4727,0,1
2026-08-23 10:07:44.325575,6279,5292,2928,1
2026-08-23 10:07:44.325595,6184,4753,0,1
2026-08-23 10:07:44.325615,6277,5347,2738,1
2026-08-23 10:07:44.325635,6197,4800,4,1
2026-08-23 10:07:44.325655,6281,5414,3213,1
2026-08-23 10:07:44.325675,6174,4768,0,1
2026-08-23 10:07:44.325695,6293,5366,3183,1
2026-08-23 10:07:44.343651,6252,4353,0,1
2026-08-23 10:07:44.343671,6292,5025,3046,1
2026-08-23 10:07:44.343691,6174,4548,0,1
2026-08-23 10:07:44.343711,6292,5245,3270,1
2026-08-23 10:07:44.343731,6202,4643,0,1
2026-08-23 10:07:44.343751,6280,5254,2723,1
2026-08-23 10:07:44.343771,6178,4749,0,1
2026-08-23 10:07:44.343791,6282,5364,3007,1
2026-08-23 10:07:44.343811,6193,4766,0,1
2026-08-23 10:07:44.343831,6290,5364,2971,1
2026-08-23 10:07:44.343851,6176,4730,0,1
2026-08-23 10:07:44.343871,6239,5252,1597,1
2026-08-23 10:07:44.363247,6238,4362,0,1
2026-08-23 10:07:44.363267,6287,5070,2999,1
2026-08-23 10:07:44.363287,6178,4547,0,1
2026-08-23 10:07:44.363307,6154,4913,0,1
2026-08-23 10:07:44.363327,6196,4699,0,1
2026-08-23 10:07:44.363347,6282,5299,2691,1
2026-08-23 10:07:44.363367,6195,4771,0,1
2026-08-23 10:07:44.363387,6285,5366,1862,1
2026-08-23 10:07:44.363407,6188,4758,0,1
2026-08-23 10:07:44.363427,6276,5353,2971,1
2026-08-23 10:07:44.363447,6167,4744,0,1
2026-08-23 10:07:44.363467,6213,5193,1033,1
2026-08-23 10:07:44.363487,6222,4848,0,1
2026-08-23 10:07:44.383205,6317,4905,3128,1
2026-08-23 10:07:44.383225,6204,4478,0,1
2026-08-23 10:07:44.383245,6276,5099,2584,1
2026-08-23 10:07:44.383265,6180,4639,0,1
2026-08-23 10:07:44.383286,6235,5145,1505,1
2026-08-23 10:07:44.383306,6192,4744,0,1
2026-08-23 10:07:44.383326,6276,5342,2983,1
2026-08-23 10:07:44.383346,6187,4805,0,1
2026-08-23 10:07:44.383365,6273,5419,2689,1
2026-08-23 10:07:44.383385,6179,4811,0,1
2026-08-23 10:07:44.383405,6270,5389,2727,1
2026-08-23 10:07:44.383425,6211,4858,0,1
2026-08-23 10:07:44.383446,6282,5364,2927,1
2026-08-23 10:07:44.402808,6244,4279,14,1
2026-08-23 10:07:44.402828,6291,5034,3184,1
2026-08-23 10:07:44.402848,6164,4506,0,1
2026-08-23 10:07:44.402868,6280,5213,3107,1
2026-08-23 10:07:44.402888,6195,4660,12,1
2026-08-23 10:07:44.402908,6278,5295,2796,1
2026-08-23 10:07:44.402928,6171,4725,0,1
2026-08-23 10:07:44.402948,6274,5367,2891,1
2026-08-23 10:07:44.402968,6199,4772,0,1
2026-08-23 10:07:44.402988,6278,5381,2968,1
2026-08-23 10:07:44.403008,6171,4785,0,1
2026-08-23 10:07:44.403028,6283,5423,3433,1
2026-08-23 10:07:44.403048,6195,4741,0,1
2026-08-23 10:07:44.421031,6152,4503,0,1
2026-08-23 10:07:44.421051,6188,4396,0,1
2026-08-23 10:07:44.421071,6286,5089,2489,1
2026-08-23 10:07:44.421091,6199,4670,0,1
2026-08-23 10:07:44.421111,6292,5291,2978,1
2026-08-23 10:07:44.421131,6163,4660,0,1
2026-08-23 10:07:44.421151,6400,5326,3015,1
2026-08-23 10:07:44.421170,6193,4748,0,1
2026-08-23 10:07:44.421191,6271,5312,2600,1
2026-08-23 10:07:44.421211,6188,4778,0,1
2026-08-23 10:07:44.421231,6237,5273,1446,1
2026-08-23 10:07:44.421251,6184,4780,0,1
2026-08-23 10:07:44.440850,6310,4970,2870,1
2026-08-23 10:07:44.440870,6194,4499,0,1
2026-08-23 10:07:44.440890,6268,5138,2760,1
2026-08-23 10:07:44.440910,6130,4641,0,1
2026-08-23 10:07:44.440930,6277,5273,2773,1
2026-08-23 10:07:44.440950,6167,4735,0,1
2026-08-23 10:07:44.440970,6276,5305,2690,1
2026-08-23 10:07:44.440990,6194,4841,0,1
2026-08-23 10:07:44.441010,6270,5395,2893,1
2026-08-23 10:07:44.441030,6165,4794,0,1
2026-08-23 10:07:44.441050,6233,5280,1591,1
2026-08-23 10:07:44.441070,6198,4832,0,1
2026-08-23 10:07:44.441090,6294,5402,2613,1
2026-08-23 10:07:44.460721,6222,4250,0,1
2026-08-23 10:07:44.460742,6287,4976,2655,1
2026-08-23 10:07:44.460762,6208,4523,0,1
2026-08-23 10:07:44.460782,6283,5245,3207,1
2026-08-23 10:07:44.460802,6247,4631,0,1
2026-08-23 10:07:44.460822,6262,5304,2939,1
2026-08-23 10:07:44.460842,6199,4741,0,1
2026-08-23 10:07:44.460862,6285,5350,2910,1
2026-08-23 10:07:44.460881,6182,4790,0,1
2026-08-23 10:07:44.460901,6269,5379,2788,1
2026-08-23 10:07:44.460922,6195,4829,0,1
2026-08-23 10:07:44.460942,6276,5400,2994,1
2026-08-23 10:07:44.460962,6167,4735,0,1
2026-08-23 10:07:44.480701,6313,4860,2952,1
2026-08-23 10:07:44.480721,6174,4382,0,1
2026-08-23 10:07:44.480741,6251,5004,1819,1
2026-08-23 10:07:44.480761,6180,4580,0,1
2026-08-23 10:07:44.480781,6276,5216,2522,1
2026-08-23 10:07:44.480801,6206,4777,0,1
2026-08-23 10:07:44.480821,6286,5364,3089,1
2026-08-23 10:07:44.480841,6170,4723,0,1
2026-08-23 10:07:44.480861,6282,5384,3013,1
2026-08-23 10:07:44.480881,6199,4814,0,1
2026-08-23 10:07:44.480901,6278,5377,2645,1
2026-08-23 10:07:44.480921,6194,4782,0,1
2026-08-23 10:07:44.480941,6267,5290,2037,1
2026-08-23 10:07:44.500629,6220,4226,0,1
2026-08-23 10:07:44.500649,6303,4940,2971,1
2026-08-23 10:07:44.500669,6204,4498,0,1
2026-08-23 10:07:44.500689,6280,5146,3033,1
2026-08-23 10:07:44.500709,6175,4641,0,1
2026-08-23 10:07:44.500729,6262,5277,3258,1
2026-08-23 10:07:44.500749,6201,4736,0,1
2026-08-23 10:07:44.500769,6259,5283,2681,1
2026-08-23 10:07:44.500789,6191,4785,0,1
2026-08-23 10:07:44.500809,6284,5340,3093,1
2026-08-23 10:07:44.500829,6199,4761,0,1
2026-08-23 10:07:44.500849,6278,5347,2932,1
2026-08-23 10:07:44.500869,6188,4762,0,1
2026-08-23 10:07:44.520474,6303,4819,2895,1
2026-08-23 10:07:44.520494,6166,4373,0,1
2026-08-23 10:07:44.520514,6257,5030,1977,1
2026-08-23 10:07:44.520534,6244,4577,0,1
2026-08-23 10:07:44.520554,6283,5253,2585,1
2026-08-23 10:07:44.520574,6200,4769,20,1
2026-08-23 10:07:44.520594,6284,5344,3212,1
2026-08-23 10:07:44.520614,6167,4726,0,1
2026-08-23 10:07:44.520634,6278,5359,3089,1
2026-08-23 10:07:44.520654,6196,4769,0,1
2026-08-23 10:07:44.520674,6275,5360,2629,1
2026-08-23 10:07:44.520694,6190,4830,0,1
2026-08-23 10:07:44.520714,6224,5248,1056,1
2026-08-23 10:07:44.540365,6222,4252,0,1
2026-08-23 10:07:44.540385,6281,4991,2949,1
2026-08-23 10:07:44.540405,6191,4530,0,1
2026-08-23 10:07:44.540425,6285,5205,3100,1
2026-08-23 10:07:44.540445,6176,4620,0,1
2026-08-23 10:07:44.540465,6290,5271,3208,1
2026-08-23 10:07:44.540485,6272,4716,0,1
2026-08-23 10:07:44.540505,6277,5328,2748,1
2026-08-23 10:07:44.540524,6184,4751,0,1
2026-08-23 10:07:44.540545,6281,5396,2929,1
2026-08-23 10:07:44.540565,6197,4747,0,1
2026-08-23 10:07:44.540585,6287,5373,2931,1
2026-08-23 10:07:44.540605,6189,4779,0,1
2026-08-23 10:07:44.560215,6303,4847,2968,1
2026-08-23 10:07:44.560235,6171,4369,0,1
2026-08-23 10:07:44.560255,6228,4966,1241,1
2026-08-23 10:07:44.560275,6188,4654,0,1
2026-08-23 10:07:44.560295,6273,5271,2538,1
2026-08-23 10:07:44.560315,6193,4780,0,1
2026-08-23 10:07:44.560335,6281,5332,2887,1
2026-08-23 10:07:44.560355,6172,4726,0,1
2026-08-23 10:07:44.560375,6290,5346,2950,1
2026-08-23 10:07:44.560395,6201,4804,4,1
2026-08-23 10:07:44.560415,6277,5351,2720,1
2026-08-23 10:07:44.560435,6177,4813,0,1
2026-08-23 10:07:44.560455,6209,5095,0,1
2026-08-23 10:07:44.580177,6216,4270,0,1
2026-08-23 10:07:44.580197,6284,4968,2774,1
2026-08-23 10:07:44.580217,6199,4561,20,1
2026-08-23 10:07:44.580237,6290,5219,3315,1
2026-08-23 10:07:44.580257,6174,4655,0,1
2026-08-23 10:07:44.580277,6283,5249,2992,1
2026-08-23 10:07:44.580297,6208,4774,13,1
2026-08-23 10:07:44.580317,6280,5330,2924,1
2026-08-23 10:07:44.580337,6189,4795,0,1
2026-08-23 10:07:44.580357,6280,5347,2769,1
2026-08-23 10:07:44.580377,6199,4830,0,1
2026-08-23 10:07:44.580397,6281,5382,3098,1
2026-08-23 10:07:44.580417,6196,4726,0,1
2026-08-23 10:07:44.599529,6301,4832,3008,1
2026-08-23 10:07:44.599549,6173,4339,0,1
2026-08-23 10:07:44.599569,6292,5129,3189,1
2026-08-23 10:07:44.599589,6198,4570,0,1
2026-08-23 10:07:44.599609,6268,5188,2540,1
2026-08-23 10:07:44.599629,6192,4689,0,1
2026-08-23 10:07:44.599649,6264,5272,2182,1
2026-08-23 10:07:44.599669,6170,4764,0,1
2026-08-23 10:07:44.599689,6278,5377,2865,1
2026-08-23 10:07:44.599709,6201,4846,0,1
2026-08-23 10:07:44.599729,6279,5385,2943,1
2026-08-23 10:07:44.599749,6191,4771,0,1
2026-08-23 10:07:44.599769,6302,5376,3056,1
2026-08-23 10:07:44.619361,6243,4231,0,1
2026-08-23 10:07:44.619381,6288,4946,2667,1
2026-08-23 10:07:44.619401,6196,4538,0,1
2026-08-23 10:07:44.619421,6237,5060,1347,1
2026-08-23 10:07:44.619442,6193,4731,0,1
2026-08-23 10:07:44.619462,6283,5341,2933,1
2026-08-23 10:07:44.619482,6192,4794,0,1
2026-08-23 10:07:44.619502,6284,5355,3110,1
2026-08-23 10:07:44.619521,6187,4797,0,1
2026-08-23 10:07:44.619541,6273,5340,2658,1
2026-08-23 10:07:44.619561,6202,4821,0,1
2026-08-23 10:07:44.619581,6268,5352,2343,1
2026-08-23 10:07:44.619601,6185,4833,0,1
2026-08-23 10:07:44.639116,6205,4691,112,1
2026-08-23 10:07:44.639136,6186,4491,0,1
2026-08-23 10:07:44.639156,6285,5150,2810,1
2026-08-23 10:07:44.639176,6195,4664,0,1
2026-08-23 10:07:44.639196,6274,5291,2984,1
2026-08-23 10:07:44.639216,6174,4737,0,1
2026-08-23 10:07:44.639236,6283,5303,2740,1
2026-08-23 10:07:44.639256,6206,4783,0,1
2026-08-23 10:07:44.639276,6280,5389,2959,1
2026-08-23 10:07:44.639296,6167,4779,0,1
2026-08-23 10:07:44.639316,6283,5415,3364,1
2026-08-23 10:07:44.639336,6194,4725,0,1
2026-08-23 10:07:44.639356,6278,5287,2594,1
2026-08-23 10:07:44.658745,6242,4215,0,1
2026-08-23 10:07:44.658765,6282,4970,2714,1
2026-08-23 10:07:44.658785,6182,4514,0,1
2026-08-23 10:07:44.658805,6277,5183,3060,1
2026-08-23 10:07:44.658825,6192,4647,0,1
2026-08-23 10:07:44.658845,6281,5262,2941,1
2026-08-23 10:07:44.658865,6165,4722,0,1
2026-08-23 10:07:44.658885,6101,4929,0,1
2026-08-23 10:07:44.658905,6160,4759,0,1
2026-08-23 10:07:44.658925,6283,5301,2643,1
2026-08-23 10:07:44.658945,6196,4808,0,1
2026-08-23 10:07:44.658965,6264,5315,2187,1
2026-08-23 10:07:44.658985,6197,4807,0,1
2026-08-23 10:07:44.678738,6309,4875,3090,1
2026-08-23 10:07:44.678758,6178,4392,0,1
2026-08-23 10:07:44.678778,6276,5090,2783,1
2026-08-23 10:07:44.678798,6182,4634,0,1
2026-08-23 10:07:44.678818,6301,5227,2800,1
2026-08-23 10:07:44.678838,6176,4662,0,1
2026-08-23 10:07:44.678858,6269,5308,2733,1
2026-08-23 10:07:44.678878,6207,4780,1,1
2026-08-23 10:07:44.678898,6281,5387,3004,1
2026-08-23 10:07:44.678918,6169,4741,0,1
2026-08-23 10:07:44.678938,6325,5444,1889,1
2026-08-23 10:07:44.678958,6222,4779,0,1
2026-08-23 10:07:44.678978,6280,5334,2594,1
2026-08-23 10:07:44.698452,6247,4246,0,1
2026-08-23 10:07:44.698472,6284,4952,2696,1
2026-08-23 10:07:44.698493,6197,4497,0,1
2026-08-23 10:07:44.698513,6161,4905,0,1
2026-08-23 10:07:44.698533,6201,4775,0,1
2026-08-23 10:07:44.698553,6278,5359,2912,1
2026-08-23 10:07:44.698573,6184,4763,0,1
2026-08-23 10:07:44.698593,6272,5331,2529,1
2026-08-23 10:07:44.698612,6188,4813,0,1
2026-08-23 10:07:44.698632,6273,5380,2636,1
2026-08-23 10:07:44.698653,6198,4828,0,1
2026-08-23 10:07:44.698673,6274,5388,2599,1
2026-08-23 10:07:44.698693,6188,4770,0,1
2026-08-23 10:07:44.718227,6199,4686,0,1
2026-08-23 10:07:44.718247,6200,4514,0,1
2026-08-23 10:07:44.718267,6288,5191,2804,1
2026-08-23 10:07:44.718287,6202,4702,0,1
2026-08-23 10:07:44.718307,6274,5313,2981,1
2026-08-23 10:07:44.718327,6181,4734,0,1
2026-08-23 10:07:44.718347,6279,5338,2712,1
2026-08-23 10:07:44.718367,6208,4786,0,1
2026-08-23 10:07:44.718387,6282,5390,2948,1
2026-08-23 10:07:44.718407,6159,4787,0,1
2026-08-23 10:07:44.718427,6329,5440,1838,1
2026-08-23 10:07:44.718447,6200,4731,0,1
2026-08-23 10:07:44.718467,6274,5309,2588,1
2026-08-23 10:07:44.738123,6235,4248,0,1
2026-08-23 10:07:44.738143,6294,4925,2691,1
2026-08-23 10:07:44.738163,6200,4519,0,1
2026-08-23 10:07:44.738183,6289,5170,3145,1
2026-08-23 10:07:44.738203,6183,4634,0,1
2026-08-23 10:07:44.738223,6283,5252,2922,1
2026-08-23 10:07:44.738243,6224,4712,0,1
2026-08-23 10:07:44.738263,6198,5103,468,1
2026-08-23 10:07:44.738283,6196,4864,0,1
2026-08-23 10:07:44.738303,6276,5392,2636,1
2026-08-23 10:07:44.738323,6207,4850,0,1
2026-08-23 10:07:44.738343,6276,5386,2758,1
2026-08-23 10:07:44.738363,6191,4777,0,1
2026-08-23 10:07:44.757733,6126,4536,0,1
2026-08-23 10:07:44.757753,6179,4414,0,1
2026-08-23 10:07:44.757773,6290,5144,2809,1
2026-08-23 10:07:44.757793,6198,4664,0,1
2026-08-23 10:07:44.757813,6267,5245,2940,1
2026-08-23 10:07:44.757833,6185,4720,0,1
2026-08-23 10:07:44.757854,6276,5308,2760,1
2026-08-23 10:07:44.757874,6193,4795,0,1
2026-08-23 10:07:44.757893,6287,5356,2950,1
2026-08-23 10:07:44.757913,6183,4780,0,1
2026-08-23 10:07:44.757933,6158,5143,0,1
2026-08-23 10:07:44.757953,6212,4867,0,1
2026-08-23 10:07:44.757973,6293,5406,2602,1
2026-08-23 10:07:44.776563,6244,4325,1,1
2026-08-23 10:07:44.776583,6276,5003,2765,1
2026-08-23 10:07:44.776603,6179,4554,0,1
2026-08-23 10:07:44.776623,6286,5192,2981,1
2026-08-23 10:07:44.776643,6196,4654,0,1
2026-08-23 10:07:44.776663,6287,5269,3002,1
2026-08-23 10:07:44.776683,6000,4733,0,1
2026-08-23 10:07:44.776703,6299,5371,3320,1
2026-08-23 10:07:44.776723,6196,4748,0,1
2026-08-23 10:07:44.776743,6288,5330,2811,1
2026-08-23 10:07:44.776763,6182,4808,0,1
2026-08-23 10:07:44.776783,6116,5047,0,1
2026-08-23 10:07:44.776803,6205,4740,0,1
2026-08-23 10:07:44.795676,6294,4932,2603,1
2026-08-23 10:07:44.795696,6217,4524,0,1
2026-08-23 10:07:44.795716,6278,5197,3153,1
2026-08-23 10:07:44.795736,6149,4619,0,1
2026-08-23 10:07:44.795756,6284,5323,3114,1
2026-08-23 10:07:44.795776,6195,4725,0,1
2026-08-23 10:07:44.795796,6275,5306,2612,1
2026-08-23 10:07:44.795816,6181,4781,0,1
2026-08-23 10:07:44.795836,6111,5069,0,1
2026-08-23 10:07:44.795856,6183,4801,0,1
2026-08-23 10:07:44.795876,6269,5399,2846,1
2026-08-23 10:07:44.795896,6192,4805,0,1
2026-08-23 10:07:44.795916,6300,5370,2892,1
2026-08-23 10:07:44.814976,6230,4180,0,1
2026-08-23 10:07:44.814996,6262,4909,2630,1
2026-08-23 10:07:44.815016,6202,4482,0,1
2026-08-23 10:07:44.815036,6279,5172,2715,1
2026-08-23 10:07:44.815056,6197,4669,0,1
2026-08-23 10:07:44.815076,6286,5332,3188,1
2026-08-23 10:07:44.815096,6180,4687,0,1
2026-08-23 10:07:44.815115,6282,5310,2986,1
2026-08-23 10:07:44.815135,6174,4744,0,1
2026-08-23 10:07:44.815156,6294,5355,3436,1
2026-08-23 10:07:44.815176,6074,4728,0,1
2026-08-23 10:07:44.815196,6283,5297,2670,1
2026-08-23 10:07:44.834812,6214,4268,0,1
2026-08-23 10:07:44.834832,6239,4960,2600,1
2026-08-23 10:07:44.834852,6196,4541,0,1
2026-08-23 10:07:44.834872,6272,5161,2735,1
2026-08-23 10:07:44.834892,6201,4673,0,1
2026-08-23 10:07:44.834912,6276,5328,3149,1
2026-08-23 10:07:44.834932,6194,4714,0,1
2026-08-23 10:07:44.834952,6282,5346,2996,1
2026-08-23 10:07:44.834972,6174,4763,0,1
2026-08-23 10:07:44.834992,6298,5368,3359,1
2026-08-23 10:07:44.835012,6205,4763,0,1
2026-08-23 10:07:44.835032,6288,5344,2700,1
2026-08-23 10:07:44.835052,6195,4782,0,1
2026-08-23 10:07:44.854884,6288,4830,2774,1
2026-08-23 10:07:44.854904,6181,4413,0,1
2026-08-23 10:07:44.854924,6286,5132,2693,1
2026-08-23 10:07:44.854944,6194,4530,0,1
2026-08-23 10:07:44.854964,6271,5251,2850,1
2026-08-23 10:07:44.854984,6175,4670,0,1
2026-08-23 10:07:44.855004,6248,5242,1962,1
2026-08-23 10:07:44.855024,6188,4783,0,1
2026-08-23 10:07:44.855044,6280,5323,2599,1
2026-08-23 10:07:44.855064,6202,4847,0,1
2026-08-23 10:07:44.855084,6292,5411,3257,1
2026-08-23 10:07:44.855104,6177,4728,0,1
2026-08-23 10:07:44.855124,6295,5369,3168,1
2026-08-23 10:07:44.874776,6228,4248,0,1
2026-08-23 10:07:44.874796,6283,4959,2967,1
2026-08-23 10:07:44.874816,6199,4524,0,1
2026-08-23 10:07:44.874836,6291,5173,2939,1
2026-08-23 10:07:44.874856,6201,4647,0,1
2026-08-23 10:07:44.874876,6271,5270,2684,1
2026-08-23 10:07:44.874896,6204,4753,0,1
2026-08-23 10:07:44.874916,6295,5354,3255,1
2026-08-23 10:07:44.874936,6184,4767,0,1
2026-08-23 10:07:44.874956,6287,5353,2933,1
2026-08-23 10:07:44.874976,6203,4820,0,1
2026-08-23 10:07:44.874996,6284,5405,2987,1
2026-08-23 10:07:44.875016,6196,4765,0,1
2026-08-23 10:07:44.894881,6286,4816,2460,1
2026-08-23 10:07:44.894901,6192,4358,0,1
2026-08-23 10:07:44.894921,6275,5080,2650,1
2026-08-23 10:07:44.894941,6204,4646,8,1
2026-08-23 10:07:44.894961,6287,5248,3022,1
2026-08-23 10:07:44.894981,6163,4660,0,1
2026-08-23 10:07:44.895001,6292,5366,3268,1
2026-08-23 10:07:44.895021,6195,4704,0,1
2026-08-23 10:07:44.895041,6276,5309,2573,1
2026-08-23 10:07:44.895061,6190,4776,0,1
2026-08-23 10:07:44.895081,6244,5270,1698,1
2026-08-23 10:07:44.895101,6184,4801,0,1
2026-08-23 10:07:44.895121,6292,5379,2975,1
2026-08-23 10:07:44.914777,6229,4305,0,1
2026-08-23 10:07:44.914797,6288,5014,2945,1
2026-08-23 10:07:44.914817,6205,4533,0,1
2026-08-23 10:07:44.914837,6285,5242,3184,1
2026-08-23 10:07:44.914857,6188,4631,0,1
2026-08-23 10:07:44.914877,6277,5244,2675,1
2026-08-23 10:07:44.914897,6196,4760,0,1
2026-08-23 10:07:44.914917,6278,5368,2919,1
2026-08-23 10:07:44.914937,6182,4787,0,1
2026-08-23 10:07:44.914957,6285,5354,2937,1
2026-08-23 10:07:44.914977,6204,4807,0,1
2026-08-23 10:07:44.914997,6289,5370,2966,1
2026-08-23 10:07:44.915017,6025,4750,0,1
2026-08-23 10:07:44.934676,6303,4824,2886,1
2026-08-23 10:07:44.934696,6192,4382,0,1
2026-08-23 10:07:44.934716,6288,5099,2725,1
2026-08-23 10:07:44.934736,6202,4634,0,1
2026-08-23 10:07:44.934756,6282,5260,2914,1
2026-08-23 10:07:44.934776,6166,4667,0,1
2026-08-23 10:07:44.934796,6074,4965,0,1
2026-08-23 10:07:44.934816,6193,4826,0,1
2026-08-23 10:07:44.934836,6278,5378,2542,1
2026-08-23 10:07:44.934856,6191,4846,0,1
2026-08-23 10:07:44.934876,6288,5393,3088,1
2026-08-23 10:07:44.934896,6178,4750,0,1
2026-08-23 10:07:44.934916,6298,5364,3108,1
2026-08-23 10:07:44.954599,6224,4270,0,1
2026-08-23 10:07:44.954619,6295,5016,2942,1
2026-08-23 10:07:44.954639,6213,4537,0,1
2026-08-23 10:07:44.954659,6284,5181,2826,1
2026-08-23 10:07:44.954679,6192,4662,0,1
2026-08-23 10:07:44.954699,6271,5276,2684,1
2026-08-23 10:07:44.954719,6210,4764,0,1
2026-08-23 10:07:44.954739,6294,5377,3245,1
2026-08-23 10:07:44.954759,6189,4784,0,1
2026-08-23 10:07:44.954779,6278,5385,2948,1
2026-08-23 10:07:44.954799,6202,4839,0,1
2026-08-23 10:07:44.954819,6283,5393,2930,1
2026-08-23 10:07:44.954839,6205,4747,0,1
2026-08-23 10:07:44.974717,6300,4841,2786,1
2026-08-23 10:07:44.974737,6177,4391,0,1
2026-08-23 10:07:44.974757,6317,5085,2755,1
2026-08-23 10:07:44.974777,6215,4652,0,1
2026-08-23 10:07:44.974797,6290,5260,2904,1
2026-08-23 10:07:44.974818,6166,4653,0,1
2026-08-23 10:07:44.974838,6224,5211,1342,1
2026-08-23 10:07:44.974858,6200,4800,0,1
2026-08-23 10:07:44.974877,6153,5387,2577,1
2026-08-23 10:07:44.974897,6201,4859,0,1
2026-08-23 10:07:44.974917,6284,5390,2856,1
2026-08-23 10:07:44.974937,6189,4783,0,1
2026-08-23 10:07:44.974957,6297,5360,3151,1
2026-08-23 10:07:44.994724,6220,4225,0,1
2026-08-23 10:07:44.994744,6294,4963,2992,1
2026-08-23 10:07:44.994764,6209,4548,0,1
2026-08-23 10:07:44.994784,6288,5220,3041,1
2026-08-23 10:07:44.994804,6192,4643,0,1
2026-08-23 10:07:44.994824,6274,5288,2717,1
2026-08-23 10:07:44.994844,6205,4749,30,1
2026-08-23 10:07:44.994864,6287,5385,3259,1
2026-08-23 10:07:44.994884,6177,4724,0,1
2026-08-23 10:07:44.994904,6286,5340,3016,1
2026-08-23 10:07:44.994924,6198,4818,10,1
2026-08-23 10:07:44.994944,6283,5352,2777,1
2026-08-23 10:07:44.994964,6197,4764,0,1
2026-08-23 10:07:45.014561,6293,4851,2747,1
2026-08-23 10:07:45.014581,6185,4422,0,1
2026-08-23 10:07:45.014601,6285,5078,3036,1
2026-08-23 10:07:45.014621,6173,4515,0,1
2026-08-23 10:07:45.014641,6275,5204,2788,1
2026-08-23 10:07:45.014661,6186,4675,0,1
2026-08-23 10:07:45.014681,6280,5329,2820,1
2026-08-23 10:07:45.014701,6179,4743,0,1
2026-08-23 10:07:45.014721,6277,5324,2381,1
2026-08-23 10:07:45.014741,6209,4845,7,1
2026-08-23 10:07:45.014761,6285,5415,3105,1
2026-08-23 10:07:45.014781,6166,4742,0,1
2026-08-23 10:07:45.014801,6150,4964,0,1
2026-08-23 10:07:45.034421,6219,4191,0,1
2026-08-23 10:07:45.034441,6284,4950,3023,1
2026-08-23 10:07:45.034461,6208,4506,5,1
2026-08-23 10:07:45.034481,6285,5175,2953,1
2026-08-23 10:07:45.034501,6184,4676,0,1
2026-08-23 10:07:45.034521,6284,5292,2762,1
2026-08-23 10:07:45.034541,6213,4756,16,1
2026-08-23 10:07:45.034561,6291,5373,3176,1
2026-08-23 10:07:45.034581,6183,4756,0,1
2026-08-23 10:07:45.034601,6288,5340,3057,1
2026-08-23 10:07:45.034621,6218,4786,6,1
2026-08-23 10:07:45.034641,6274,5342,2724,1
2026-08-23 10:07:45.034661,6195,4806,0,1
2026-08-23 10:07:45.054033,6300,4806,2605,1
2026-08-23 10:07:45.054053,6181,4384,0,1
2026-08-23 10:07:45.054073,6179,4890,0,1
2026-08-23 10:07:45.054093,6190,4685,0,1
2026-08-23 10:07:45.054113,6284,5310,2805,1
2026-08-23 10:07:45.054133,6199,4766,0,1
2026-08-23 10:07:45.054153,6277,5342,3027,1
2026-08-23 10:07:45.054173,6180,4779,0,1
2026-08-23 10:07:45.054193,6275,5367,2706,1
2026-08-23 10:07:45.054213,6199,4825,13,1
2026-08-23 10:07:45.054233,6288,5410,3000,1
2026-08-23 10:07:45.054253,6174,4755,0,1
2026-08-23 10:07:45.054273,6155,5074,0,1
2026-08-23 10:07:45.073859,6214,4316,0,1
2026-08-23 10:07:45.073879,6298,5019,3026,1
2026-08-23 10:07:45.073899,6208,4590,4,1
2026-08-23 10:07:45.073919,6363,5200,2927,1
2026-08-23 10:07:45.073939,6184,4687,0,1
2026-08-23 10:07:45.073959,6288,5295,2753,1
2026-08-23 10:07:45.073979,6212,4763,9,1
2026-08-23 10:07:45.073999,6286,5362,3152,1
2026-08-23 10:07:45.074019,6173,4752,0,1
2026-08-23 10:07:45.074039,6298,5394,3103,1
2026-08-23 10:07:45.074059,6204,4816,11,1
2026-08-23 10:07:45.074079,6272,5373,2723,1
2026-08-23 10:07:45.074099,6195,4794,0,1
2026-08-23 10:07:45.093901,6301,4856,2706,1
2026-08-23 10:07:45.093921,6186,4393,0,1
2026-08-23 10:07:45.093941,6286,5133,3127,1
2026-08-23 10:07:45.093961,6180,4519,0,1
2026-08-23 10:07:45.093981,6278,5165,2798,1
2026-08-23 10:07:45.094001,6190,4665,0,1
2026-08-23 10:07:45.094021,6294,5298,2854,1
2026-08-23 10:07:45.094041,6173,4756,0,1
2026-08-23 10:07:45.094061,6281,5345,2677,1
2026-08-23 10:07:45.094081,6208,4804,2,1
2026-08-23 10:07:45.094101,6286,5367,3017,1
2026-08-23 10:07:45.094121,6171,4776,0,1
2026-08-23 10:07:45.094141,6202,5196,719,1
2026-08-23 10:07:45.112965,6222,4272,0,1
2026-08-23 10:07:45.112985,6292,5016,3136,1
2026-08-23 10:07:45.113005,6199,4545,2,1
2026-08-23 10:07:45.113025,6288,5160,2810,1
2026-08-23 10:07:45.113045,6176,4677,0,1
2026-08-23 10:07:45.113065,6275,5313,2849,1
2026-08-23 10:07:45.113086,6205,4741,0,1
2026-08-23 10:07:45.113106,6282,5373,3047,1
2026-08-23 10:07:45.113125,6165,4788,0,1
2026-08-23 10:07:45.113145,6302,5369,3178,1
2026-08-23 10:07:45.113165,6202,4769,0,1
2026-08-23 10:07:45.113185,6276,5323,2668,1
2026-08-23 10:07:45.113205,6214,4789,0,1
2026-08-23 10:07:45.131942,6295,4910,2709,1
2026-08-23 10:07:45.131962,6182,4453,0,1
2026-08-23 10:07:45.131982,6279,5169,2663,1
2026-08-23 10:07:45.132002,6211,4698,4,1
2026-08-23 10:07:45.132022,6277,5299,2969,1
2026-08-23 10:07:45.132042,6163,4714,0,1
2026-08-23 10:07:45.132062,6028,5023,0,1
2026-08-23 10:07:45.132082,6199,4812,0,1
2026-08-23 10:07:45.132102,6270,5400,2272,1
2026-08-23 10:07:45.132122,6195,4880,0,1
2026-08-23 10:07:45.132142,6283,5369,2448,1
2026-08-23 10:07:45.132162,6172,4850,0,1
2026-08-23 10:07:45.132182,6295,5390,2977,1
2026-08-23 10:07:45.151292,6218,4249,0,1
2026-08-23 10:07:45.151312,6282,4982,2963,1
2026-08-23 10:07:45.151332,6203,4524,0,1
2026-08-23 10:07:45.151352,6280,5244,3043,1
2026-08-23 10:07:45.151372,6183,4646,0,1
2026-08-23 10:07:45.151392,6263,5269,2696,1
2026-08-23 10:07:45.151412,6200,4799,0,1
2026-08-23 10:07:45.151432,6297,5381,3292,1
2026-08-23 10:07:45.151452,6178,4765,0,1
2026-08-23 10:07:45.151472,6281,5359,2996,1
2026-08-23 10:07:45.151492,6212,4812,17,1
2026-08-23 10:07:45.151512,6297,5342,2760,1
2026-08-23 10:07:45.169131,6210,4301,0,1
2026-08-23 10:07:45.169151,6348,5015,210,1
2026-08-23 10:07:45.169171,6205,4517,0,1
2026-08-23 10:07:45.169191,6271,5199,2755,1
2026-08-23 10:07:45.169211,6185,4700,0,1
2026-08-23 10:07:45.169231,6285,5304,3035,1
2026-08-23 10:07:45.169251,6199,4750,0,1
2026-08-23 10:07:45.169271,6285,5307,2977,1
2026-08-23 10:07:45.169291,6184,4740,0,1
2026-08-23 10:07:45.169311,6293,5380,3362,1
2026-08-23 10:07:45.169331,6213,4740,0,1
2026-08-23 10:07:45.169351,6280,5304,2653,1
2026-08-23 10:07:45.188992,6221,4326,0,1
2026-08-23 10:07:45.189012,6281,4999,2797,1
2026-08-23 10:07:45.189032,6203,4542,0,1
2026-08-23 10:07:45.189052,6277,5177,2712,1
2026-08-23 10:07:45.189072,6196,4714,0,1
2026-08-23 10:07:45.189092,6285,5356,3217,1
2026-08-23 10:07:45.189112,6180,4647,0,1
2026-08-23 10:07:45.189132,6285,5310,2978,1
2026-08-23 10:07:45.189152,6182,4759,0,1
2026-08-23 10:07:45.189172,6286,5376,3437,1
2026-08-23 10:07:45.189192,6188,4734,0,1
2026-08-23 10:07:45.189212,6237,5295,2682,1
2026-08-23 10:07:45.189232,6207,4788,0,1
2026-08-23 10:07:45.209078,6300,4825,2729,1
2026-08-23 10:07:45.209098,6192,4386,0,1
2026-08-23 10:07:45.209118,6289,5140,3051,1
2026-08-23 10:07:45.209138,6180,4528,0,1
2026-08-23 10:07:45.209158,6279,5197,2826,1
2026-08-23 10:07:45.209178,6180,4707,0,1
2026-08-23 10:07:45.209198,6277,5261,2544,1
2026-08-23 10:07:45.209219,6189,4728,0,1
2026-08-23 10:07:45.209238,6277,5318,2635,1
2026-08-23 10:07:45.209258,6212,4816,0,1
2026-08-23 10:07:45.209278,6292,5403,3235,1
2026-08-23 10:07:45.209298,6174,4740,0,1
2026-08-23 10:07:45.209318,6303,5369,3258,1
2026-08-23 10:07:45.229150,6217,4235,0,1
2026-08-23 10:07:45.229170,6285,4948,2999,1
2026-08-23 10:07:45.229190,6194,4501,0,1
2026-08-23 10:07:45.229210,6282,5193,3028,1
2026-08-23 10:07:45.229230,6196,4633,0,1
2026-08-23 10:07:45.229250,6293,5256,2710,1
2026-08-23 10:07:45.229270,6207,4792,0,1
2026-08-23 10:07:45.229290,6294,5368,3304,1
2026-08-23 10:07:45.229310,6177,4767,0,1
2026-08-23 10:07:45.229330,6293,5371,2987,1
2026-08-23 10:07:45.229350,6202,4827,14,1
2026-08-23 10:07:45.229370,6290,5354,2869,1
2026-08-23 10:07:45.229390,6204,4757,0,1
2026-08-23 10:07:45.249019,6299,4857,2927,1
2026-08-23 10:07:45.249039,6200,4377,0,1
2026-08-23 10:07:45.249059,6286,5105,2882,1
2026-08-23 10:07:45.249079,6200,4545,0,1
2026-08-23 10:07:45.249099,6275,5244,2836,1
2026-08-23 10:07:45.249119,6180,4676,0,1
2026-08-23 10:07:45.249139,6277,5298,2604,1
2026-08-23 10:07:45.249159,6190,4767,0,1
2026-08-23 10:07:45.249179,6282,5313,2603,1
2026-08-23 10:07:45.249199,6194,4844,0,1
2026-08-23 10:07:45.249219,6289,5429,3135,1
2026-08-23 10:07:45.249239,6169,4793,0,1
2026-08-23 10:07:45.249259,6297,5368,3199,1
2026-08-23 10:07:45.269029,6222,4199,0,1
2026-08-23 10:07:45.269049,6298,4963,3012,1
2026-08-23 10:07:45.269069,6206,4513,0,1
2026-08-23 10:07:45.269089,6280,5212,2998,1
2026-08-23 10:07:45.269109,6184,4634,0,1
2026-08-23 10:07:45.269129,6285,5259,2723,1
2026-08-23 10:07:45.269149,6196,4794,0,1
2026-08-23 10:07:45.269169,6275,5359,3247,1
2026-08-23 10:07:45.269189,6166,4771,0,1
2026-08-23 10:07:45.269209,6288,5351,3029,1
2026-08-23 10:07:45.269229,6213,4801,0,1
2026-08-23 10:07:45.269249,6295,5384,2782,1
2026-08-23 10:07:45.269269,6218,4797,0,1
2026-08-23 10:07:45.288902,6314,4823,2844,1
2026-08-23 10:07:45.288922,6178,4389,0,1
2026-08-23 10:07:45.288942,6289,5104,2996,1
2026-08-23 10:07:45.288962,6182,4529,0,1
2026-08-23 10:07:45.288982,6274,5199,2805,1
2026-08-23 10:07:45.289002,6186,4698,0,1
2026-08-23 10:07:45.289022,6277,5282,2687,1
2026-08-23 10:07:45.289042,6188,4763,0,1
2026-08-23 10:07:45.289062,6282,5313,2641,1
2026-08-23 10:07:45.289082,6216,4800,2,1
2026-08-23 10:07:45.289102,6289,5384,3109,1
2026-08-23 10:07:45.289122,6156,4715,0,1
2026-08-23 10:07:45.289142,6172,5012,0,1
2026-08-23 10:07:45.308695,6213,4251,0,1
2026-08-23 10:07:45.308715,6287,4992,3015,1
2026-08-23 10:07:45.308735,6202,4516,4,1
2026-08-23 10:07:45.308755,6373,5179,2930,1
2026-08-23 10:07:45.308775,6179,4679,0,1
2026-08-23 10:07:45.308795,6278,5284,2763,1
2026-08-23 10:07:45.308815,6202,4789,8,1
2026-08-23 10:07:45.308835,6292,5391,3147,1
2026-08-23 10:07:45.308855,6167,4767,0,1
2026-08-23 10:07:45.308875,6285,5384,3213,1
2026-08-23 10:07:45.308895,6210,4817,0,1
2026-08-23 10:07:45.308915,6269,5339,2691,1
2026-08-23 10:07:45.308935,6193,4770,0,1
2026-08-23 10:07:45.328413,6302,4827,2643,1
2026-08-23 10:07:45.328434,6202,4393,0,1
2026-08-23 10:07:45.328454,6182,4890,239,1
2026-08-23 10:07:45.328474,6186,4664,0,1
2026-08-23 10:07:45.328494,6280,5314,2811,1
2026-08-23 10:07:45.328514,6090,4792,0,1
2026-08-23 10:07:45.328534,6288,5359,2987,1
2026-08-23 10:07:45.328554,6189,4746,0,1
2026-08-23 10:07:45.328573,6277,5344,2737,1
2026-08-23 10:07:45.328593,6206,4818,0,1
2026-08-23 10:07:45.328614,6286,5386,2963,1
2026-08-23 10:07:45.328634,6174,4799,0,1
2026-08-23 10:07:45.328654,6197,5155,358,1
2026-08-23 10:07:45.348178,6214,4269,0,1
2026-08-23 10:07:45.348198,6295,5020,3116,1
2026-08-23 10:07:45.348218,6211,4594,10,1
2026-08-23 10:07:45.348238,6279,5215,2856,1
2026-08-23 10:07:45.348258,6174,4700,0,1
2026-08-23 10:07:45.348278,6283,5264,2817,1
2026-08-23 10:07:45.348298,6206,4744,11,1
2026-08-23 10:07:45.348318,6288,5371,3115,1
2026-08-23 10:07:45.348338,6185,4760,0,1
2026-08-23 10:07:45.348358,6284,5388,3172,1
2026-08-23 10:07:45.348378,6206,4770,0,1
2026-08-23 10:07:45.348398,6282,5354,2685,1
2026-08-23 10:07:45.348418,6211,4802,0,1
2026-08-23 10:07:45.368072,6295,4846,2657,1
2026-08-23 10:07:45.368092,6187,4422,0,1
2026-08-23 10:07:45.368112,6110,4752,0,1
2026-08-23 10:07:45.368132,6166,4528,0,1
2026-08-23 10:07:45.368152,6275,5199,2808,1
2026-08-23 10:07:45.368172,6197,4705,0,1
2026-08-23 10:07:45.368192,6282,5346,2969,1
2026-08-23 10:07:45.368212,6176,4761,0,1
2026-08-23 10:07:45.368232,6281,5320,2735,1
2026-08-23 10:07:45.368252,6193,4795,0,1
2026-08-23 10:07:45.368272,6274,5366,2952,1
2026-08-23 10:07:45.368292,6176,4777,0,1
2026-08-23 10:07:45.368312,6252,5242,1772,1
2026-08-23 10:07:45.387921,6208,4267,0,1
2026-08-23 10:07:45.387941,6298,4990,3105,1
2026-08-23 10:07:45.387961,6200,4552,19,1
2026-08-23 10:07:45.387981,6273,5204,2858,1
2026-08-23 10:07:45.388001,6182,4678,0,1
2026-08-23 10:07:45.388021,6275,5308,2831,1
2026-08-23 10:07:45.388041,6202,4785,0,1
2026-08-23 10:07:45.388061,6281,5374,3116,1
2026-08-23 10:07:45.388081,6167,4735,0,1
2026-08-23 10:07:45.388101,6292,5353,3206,1
2026-08-23 10:07:45.388121,6203,4774,0,1
2026-08-23 10:07:45.388141,6279,5335,2683,1
2026-08-23 10:07:45.388161,6197,4774,0,1
2026-08-23 10:07:45.407465,6300,4819,2662,1
2026-08-23 10:07:45.407485,6187,4420,0,1
2026-08-23 10:07:45.407505,6158,4872,0,1
2026-08-23 10:07:45.407525,6186,4673,0,1
2026-08-23 10:07:45.407545,6273,5303,2808,1
2026-08-23 10:07:45.407565,6185,4739,0,1
2026-08-23 10:07:45.407585,6284,5331,3051,1
2026-08-23 10:07:45.407605,6177,4785,0,1
2026-08-23 10:07:45.407625,6268,5366,2689,1
2026-08-23 10:07:45.407645,6211,4828,15,1
2026-08-23 10:07:45.407665,6285,5396,2995,1
2026-08-23 10:07:45.407685,6169,4757,0,1
2026-08-23 10:07:45.407705,6157,5014,0,1
2026-08-23 10:07:45.427418,6213,4206,0,1
2026-08-23 10:07:45.427438,6294,4998,3027,1
2026-08-23 10:07:45.427458,6209,4517,12,1
2026-08-23 10:07:45.427478,6282,5172,2932,1
2026-08-23 10:07:45.427498,6186,4667,0,1
2026-08-23 10:07:45.427518,6282,5296,2772,1
2026-08-23 10:07:45.427538,6202,4783,8,1
2026-08-23 10:07:45.427558,6286,5335,3162,1
2026-08-23 10:07:45.427578,6172,4729,0,1
2026-08-23 10:07:45.427598,6276,5381,3131,1
2026-08-23 10:07:45.427618,6200,4808,0,1
2026-08-23 10:07:45.427638,6280,5359,2695,1
2026-08-23 10:07:45.427658,6197,4762,0,1
2026-08-23 10:07:45.447140,6296,4858,2648,1
2026-08-23 10:07:45.447160,6176,4416,0,1
2026-08-23 10:07:45.447181,6130,4815,0,1
2026-08-23 10:07:45.447201,6176,4627,0,1
2026-08-23 10:07:45.447221,6280,5292,2800,1
2026-08-23 10:07:45.447241,6194,4765,0,1
2026-08-23 10:07:45.447261,6280,5370,2930,1
2026-08-23 10:07:45.447281,6192,4776,0,1
2026-08-23 10:07:45.447300,6262,5377,2827,1
2026-08-23 10:07:45.447320,6203,4796,0,1
2026-08-23 10:07:45.447340,6268,5435,2905,1
2026-08-23 10:07:45.447361,6172,4759,0,1
2026-08-23 10:07:45.447381,6273,5311,2490,1
2026-08-23 10:07:45.466799,6197,4231,0,1
2026-08-23 10:07:45.466820,6295,4989,3227,1
2026-08-23 10:07:45.466840,6216,4490,0,1
2026-08-23 10:07:45.466860,6278,5170,2755,1
2026-08-23 10:07:45.466880,6181,4629,0,1
2026-08-23 10:07:45.466900,6281,5303,2954,1
2026-08-23 10:07:45.466920,6196,4720,0,1
2026-08-23 10:07:45.466940,6280,5324,2978,1
2026-08-23 10:07:45.466959,6184,4731,0,1
2026-08-23 10:07:45.466980,6182,5163,0,1
2026-08-23 10:07:45.467000,6185,4778,0,1
2026-08-23 10:07:45.467020,6280,5329,2650,1
2026-08-23 10:07:45.467040,6201,4785,0,1
2026-08-23 10:07:45.486822,6300,4818,2624,1
2026-08-23 10:07:45.486842,6182,4419,0,1
2026-08-23 10:07:45.486862,6220,4975,875,1
2026-08-23 10:07:45.486882,6176,4711,0,1
2026-08-23 10:07:45.486902,6281,5278,2817,1
2026-08-23 10:07:45.486922,6203,4749,0,1
2026-08-23 10:07:45.486942,6281,5383,2936,1
2026-08-23 10:07:45.486962,6182,4772,0,1
2026-08-23 10:07:45.486982,6277,5351,2749,1
2026-08-23 10:07:45.487002,6192,4843,0,1
2026-08-23 10:07:45.487022,6279,5402,2926,1
2026-08-23 10:07:45.487042,6186,4782,0,1
2026-08-23 10:07:45.487062,6250,5279,1686,1
2026-08-23 10:07:45.506688,6206,4243,0,1
2026-08-23 10:07:45.506708,6293,4984,3254,1
2026-08-23 10:07:45.506728,6192,4531,0,1
2026-08-23 10:07:45.506748,6268,5180,2781,1
2026-08-23 10:07:45.506768,6182,4675,0,1
2026-08-23 10:07:45.506788,6273,5271,2906,1
2026-08-23 10:07:45.506808,6196,4726,1,1
2026-08-23 10:07:45.506828,6280,5356,3033,1
2026-08-23 10:07:45.506848,6176,4731,0,1
2026-08-23 10:07:45.506868,6310,5371,3281,1
2026-08-23 10:07:45.506888,6196,4755,0,1
2026-08-23 10:07:45.506908,6279,5345,2656,1
2026-08-23 10:07:45.506928,6192,4765,0,1
2026-08-23 10:07:45.526495,6297,4818,2628,1
2026-08-23 10:07:45.526515,6190,4399,0,1
2026-08-23 10:07:45.526535,6183,4910,117,1
2026-08-23 10:07:45.526555,6174,4646,0,1
2026-08-23 10:07:45.526575,6285,5301,2828,1
2026-08-23 10:07:45.526595,6200,4776,0,1
2026-08-23 10:07:45.526615,6292,5338,2906,1
2026-08-23 10:07:45.526635,6178,4752,0,1
2026-08-23 10:07:45.526654,6299,5379,2784,1
2026-08-23 10:07:45.526675,6204,4801,0,1
2026-08-23 10:07:45.526695,6279,5374,2912,1
2026-08-23 10:07:45.526715,6166,4789,0,1
2026-08-23 10:07:45.526735,6270,5300,2408,1
2026-08-23 10:07:45.546414,6205,4226,0,1
2026-08-23 10:07:45.546434,6289,4967,3159,1
2026-08-23 10:07:45.546454,6196,4523,0,1
2026-08-23 10:07:45.546474,6275,5186,2792,1
2026-08-23 10:07:45.546494,6180,4643,0,1
2026-08-23 10:07:45.546514,6269,5271,2896,1
2026-08-23 10:07:45.546534,6195,4771,5,1
2026-08-23 10:07:45.546554,6284,5365,3017,1
2026-08-23 10:07:45.546574,6176,4740,0,1
2026-08-23 10:07:45.546594,6293,5339,3262,1
2026-08-23 10:07:45.546614,6196,4774,0,1
2026-08-23 10:07:45.546634,6272,5344,2648,1
2026-08-23 10:07:45.546654,6207,4755,0,1
2026-08-23 10:07:45.566509,6295,4829,2581,1
2026-08-23 10:07:45.566529,6196,4439,0,1
2026-08-23 10:07:45.566549,6270,5077,2349,1
2026-08-23 10:07:45.566569,6180,4642,0,1
2026-08-23 10:07:45.566589,6285,5280,2851,1
2026-08-23 10:07:45.566609,6201,4766,0,1
2026-08-23 10:07:45.566629,6287,5355,2829,1
2026-08-23 10:07:45.566649,6171,4776,0,1
2026-08-23 10:07:45.566669,6274,5352,2872,1
2026-08-23 10:07:45.566689,6195,4798,0,1
2026-08-23 10:07:45.566709,6285,5358,2876,1
2026-08-23 10:07:45.566729,6184,4791,0,1
2026-08-23 10:07:45.566749,6289,5294,2719,1
2026-08-23 10:07:45.586247,6208,4195,0,1
2026-08-23 10:07:45.586267,6130,4657,0,1
2026-08-23 10:07:45.586287,6205,4505,0,1
2026-08-23 10:07:45.586307,6277,5186,2748,1
2026-08-23 10:07:45.586327,6186,4667,0,1
2026-08-23 10:07:45.586347,6290,5348,2833,1
2026-08-23 10:07:45.586367,6050,4690,0,1
2026-08-23 10:07:45.586387,6282,5303,2939,1
2026-08-23 10:07:45.586407,6181,4736,0,1
2026-08-23 10:07:45.586427,6294,5380,3403,1
2026-08-23 10:07:45.586447,6195,4720,0,1
2026-08-23 10:07:45.586467,6279,5297,2667,1
2026-08-23 10:07:45.586487,6204,4787,0,1
2026-08-23 10:07:45.606034,6298,4845,2678,1
2026-08-23 10:07:45.606054,6180,4398,0,1
2026-08-23 10:07:45.606074,6284,5147,3158,1
2026-08-23 10:07:45.606094,6177,4520,0,1
2026-08-23 10:07:45.606114,6277,5197,2820,1
2026-08-23 10:07:45.606134,6186,4650,0,1
2026-08-23 10:07:45.606154,6285,5270,2847,1
2026-08-23 10:07:45.606174,6181,4719,0,1
2026-08-23 10:07:45.606194,6277,5338,2654,1
2026-08-23 10:07:45.606214,6211,4792,2,1
2026-08-23 10:07:45.606234,6286,5368,3093,1
2026-08-23 10:07:45.606254,6170,4754,0,1
2026-08-23 10:07:45.606274,6112,4982,0,1
2026-08-23 10:07:45.626009,6205,4235,0,1
2026-08-23 10:07:45.626029,6290,4957,3012,1
2026-08-23 10:07:45.626049,6205,4534,0,1
2026-08-23 10:07:45.626069,6281,5202,2977,1
2026-08-23 10:07:45.626089,6199,4618,0,1
2026-08-23 10:07:45.626109,6277,5284,2733,1
2026-08-23 10:07:45.626129,6201,4776,0,1
2026-08-23 10:07:45.626149,6277,5365,3204,1
2026-08-23 10:07:45.626169,6168,4725,0,1
2026-08-23 10:07:45.626189,6280,5385,3044,1
2026-08-23 10:07:45.626209,6211,4792,6,1
2026-08-23 10:07:45.626229,6280,5390,2777,1
2026-08-23 10:07:45.626249,6195,4742,0,1
2026-08-23 10:07:45.646000,6294,4822,2708,1
2026-08-23 10:07:45.646020,6186,4424,0,1
2026-08-23 10:07:45.646040,6285,5088,3032,1
2026-08-23 10:07:45.646060,6180,4557,0,1
2026-08-23 10:07:45.646080,6278,5231,2813,1
2026-08-23 10:07:45.646100,6179,4691,0,1
2026-08-23 10:07:45.646120,6288,5305,2967,1
2026-08-23 10:07:45.646140,6186,4759,0,1
2026-08-23 10:07:45.646160,6272,5348,2632,1
2026-08-23 10:07:45.646180,6210,4853,20,1
2026-08-23 10:07:45.646200,6288,5416,3113,1
2026-08-23 10:07:45.646220,6175,4769,0,1
2026-08-23 10:07:45.646240,6294,5356,3339,1
2026-08-23 10:07:45.665823,6216,4196,0,1
2026-08-23 10:07:45.665843,6285,4963,3081,1
2026-08-23 10:07:45.665863,6193,4514,5,1
2026-08-23 10:07:45.665883,6273,5172,2918,1
2026-08-23 10:07:45.665903,6180,4625,0,1
2026-08-23 10:07:45.665923,6280,5290,2775,1
2026-08-23 10:07:45.665943,6204,4748,13,1
2026-08-23 10:07:45.665963,6286,5370,3167,1
2026-08-23 10:07:45.665983,6175,4766,0,1
2026-08-23 10:07:45.666003,6279,5355,3114,1
2026-08-23 10:07:45.666023,6206,4817,0,1
2026-08-23 10:07:45.666043,6283,5344,2720,1
2026-08-23 10:07:45.666063,6191,4827,0,1
2026-08-23 10:07:45.685630,6295,4834,2707,1
2026-08-23 10:07:45.685650,6183,4398,0,1
2026-08-23 10:07:45.685670,6286,5152,3106,1
2026-08-23 10:07:45.685690,6177,4519,0,1
2026-08-23 10:07:45.685710,6283,5216,2800,1
2026-08-23 10:07:45.685730,6198,4708,0,1
2026-08-23 10:07:45.685750,6288,5296,2843,1
2026-08-23 10:07:45.685770,6173,4757,0,1
2026-08-23 10:07:45.685790,6281,5329,2669,1
2026-08-23 10:07:45.685810,6201,4800,3,1
2026-08-23 10:07:45.685830,6292,5393,3033,1
2026-08-23 10:07:45.685850,6172,4758,0,1
2026-08-23 10:07:45.685870,6188,5098,0,1
2026-08-23 10:07:45.705549,6213,4284,0,1
2026-08-23 10:07:45.705569,6295,5018,3049,1
2026-08-23 10:07:45.705589,6199,4546,0,1
2026-08-23 10:07:45.705609,6277,5246,2898,1
2026-08-23 10:07:45.705629,6198,4668,0,1
2026-08-23 10:07:45.705649,6278,5316,2679,1
2026-08-23 10:07:45.705669,6205,4767,0,1
2026-08-23 10:07:45.705689,6286,5383,3130,1
2026-08-23 10:07:45.705709,6174,4738,0,1
2026-08-23 10:07:45.705729,6298,5370,3136,1
2026-08-23 10:07:45.705749,6204,4788,0,1
2026-08-23 10:07:45.705769,6282,5376,2695,1
2026-08-23 10:07:45.705789,6203,4775,0,1
2026-08-23 10:07:45.725427,6298,4842,2647,1
2026-08-23 10:07:45.725447,6186,4441,0,1
2026-08-23 10:07:45.725467,6200,4920,164,1
2026-08-23 10:07:45.725487,6182,4698,0,1
2026-08-23 10:07:45.725507,6280,5322,2808,1
2026-08-23 10:07:45.725527,6190,4756,0,1
2026-08-23 10:07:45.725547,6275,5390,3024,1
2026-08-23 10:07:45.725567,6192,4758,0,1
2026-08-23 10:07:45.725587,6328,5352,2709,1
2026-08-23 10:07:45.725607,6210,4816,14,1
2026-08-23 10:07:45.725627,6281,5411,3002,1
2026-08-23 10:07:45.725647,6163,4766,0,1
2026-08-23 10:07:45.725667,6112,5010,0,1
2026-08-23 10:07:45.745188,6218,4202,0,1
2026-08-23 10:07:45.745208,6298,4967,3034,1
2026-08-23 10:07:45.745228,6208,4548,0,1
2026-08-23 10:07:45.745248,6282,5212,2948,1
2026-08-23 10:07:45.745268,6197,4682,0,1
2026-08-23 10:07:45.745288,6282,5254,2750,1
2026-08-23 10:07:45.745308,6204,4789,2,1
2026-08-23 10:07:45.745328,6296,5338,3210,1
2026-08-23 10:07:45.745348,6172,4765,0,1
2026-08-23 10:07:45.745368,6282,5378,3044,1
2026-08-23 10:07:45.745388,6218,4798,9,1
2026-08-23 10:07:45.745408,6281,5369,2775,1
2026-08-23 10:07:45.745428,6184,4769,0,1
2026-08-23 10:07:45.765005,6299,4829,2730,1
2026-08-23 10:07:45.765025,6186,4379,0,1
2026-08-23 10:07:45.765045,6282,5133,3038,1
2026-08-23 10:07:45.765065,6182,4548,0,1
2026-08-23 10:07:45.765085,6283,5191,2812,1
2026-08-23 10:07:45.765105,6186,4680,0,1
2026-08-23 10:07:45.765125,6283,5290,2762,1
2026-08-23 10:07:45.765145,6189,4736,0,1
2026-08-23 10:07:45.765165,6282,5327,2667,1
2026-08-23 10:07:45.765185,6211,4816,6,1
2026-08-23 10:07:45.765205,6288,5430,3084,1
2026-08-23 10:07:45.765225,6174,4747,0,1
2026-08-23 10:07:45.765245,6152,5006,0,1
2026-08-23 10:07:45.784824,6223,4216,0,1
2026-08-23 10:07:45.784844,6291,4969,3025,1
2026-08-23 10:07:45.784864,6204,4537,0,1
2026-08-23 10:07:45.784884,6310,5207,2954,1
2026-08-23 10:07:45.784904,6440,4638,0,1
2026-08-23 10:07:45.784925,6286,5260,2758,1
2026-08-23 10:07:45.784945,6204,4764,37,1
2026-08-23 10:07:45.784965,6289,5352,3172,1
2026-08-23 10:07:45.784984,6167,4786,0,1
2026-08-23 10:07:45.785004,6284,5386,3058,1
2026-08-23 10:07:45.785024,6206,4820,7,1
2026-08-23 10:07:45.785044,6283,5359,2772,1
2026-08-23 10:07:45.785064,6202,4780,0,1
2026-08-23 10:07:45.804551,6301,4809,2680,1
2026-08-23 10:07:45.804571,6185,4377,0,1
2026-08-23 10:07:45.804591,6188,4838,0,1
2026-08-23 10:07:45.804611,6223,4554,0,1
2026-08-23 10:07:45.804631,6282,5265,2809,1
2026-08-23 10:07:45.804651,6191,4726,0,1
2026-08-23 10:07:45.804671,6273,5348,3123,1
2026-08-23 10:07:45.804691,6180,4746,0,1
2026-08-23 10:07:45.804711,6279,5340,2671,1
2026-08-23 10:07:45.804731,6213,4834,23,1
2026-08-23 10:07:45.804751,6290,5371,3062,1
2026-08-23 10:07:45.804771,6172,4745,0,1
2026-08-23 10:07:45.804791,6295,5364,3399,1
2026-08-23 10:07:45.824373,6215,4179,0,1
2026-08-23 10:07:45.824393,6282,4950,3034,1
2026-08-23 10:07:45.824413,6214,4485,8,1
2026-08-23 10:07:45.824433,6294,5213,2952,1
2026-08-23 10:07:45.824453,6186,4644,0,1
2026-08-23 10:07:45.824473,6270,5286,2747,1
2026-08-23 10:07:45.824493,6202,4746,8,1
2026-08-23 10:07:45.824513,6278,5352,3224,1
2026-08-23 10:07:45.824533,6189,4727,0,1
2026-08-23 10:07:45.824553,6288,5353,3052,1
2026-08-23 10:07:45.824573,6214,4789,0,1
2026-08-23 10:07:45.824593,6285,5373,2749,1
2026-08-23 10:07:45.824613,6194,4762,0,1
2026-08-23 10:07:45.844163,6308,4847,2731,1
2026-08-23 10:07:45.844183,6174,4411,0,1
2026-08-23 10:07:45.844203,6288,5085,3028,1
2026-08-23 10:07:45.844223,6184,4518,0,1
2026-08-23 10:07:45.844244,6287,5245,2811,1
2026-08-23 10:07:45.844264,6188,4710,0,1
2026-08-23 10:07:45.844284,6281,5278,2726,1
2026-08-23 10:07:45.844304,6183,4727,0,1
2026-08-23 10:07:45.844323,6277,5327,2670,1
2026-08-23 10:07:45.844343,6210,4825,4,1
2026-08-23 10:07:45.844363,6295,5391,3088,1
2026-08-23 10:07:45.844383,6169,4748,0,1
2026-08-23 10:07:45.844404,6124,4976,0,1
2026-08-23 10:07:45.863993,6215,4218,0,1
2026-08-23 10:07:45.864013,6295,4969,3007,1
2026-08-23 10:07:45.864033,6202,4542,14,1
2026-08-23 10:07:45.864053,6283,5219,2938,1
2026-08-23 10:07:45.864073,6177,4656,0,1
2026-08-23 10:07:45.864093,6181,5288,2778,1
2026-08-23 10:07:45.864113,6209,4778,19,1
2026-08-23 10:07:45.864133,6284,5366,3161,1
2026-08-23 10:07:45.864153,6176,4755,0,1
2026-08-23 10:07:45.864173,6292,5358,3118,1
2026-08-23 10:07:45.864193,6200,4819,14,1
2026-08-23 10:07:45.864213,6279,5331,2713,1
2026-08-23 10:07:45.864233,6189,4774,0,1
2026-08-23 10:07:45.883583,6298,4836,2655,1
2026-08-23 10:07:45.883603,6184,4408,0,1
2026-08-23 10:07:45.883623,6167,4829,0,1
2026-08-23 10:07:45.883643,6193,4699,0,1
2026-08-23 10:07:45.883663,6287,5298,2799,1
2026-08-23 10:07:45.883683,6195,4742,0,1
2026-08-23 10:07:45.883703,6282,5394,3042,1
2026-08-23 10:07:45.883723,6188,4764,0,1
2026-08-23 10:07:45.883743,6236,5378,2690,1
2026-08-23 10:07:45.883763,6215,4833,5,1
2026-08-23 10:07:45.883783,6290,5417,3028,1
2026-08-23 10:07:45.883803,6174,4770,0,1
2026-08-23 10:07:45.883823,6118,4976,0,1
2026-08-23 10:07:45.903417,6216,4235,0,1
2026-08-23 10:07:45.903437,6292,5010,3003,1
2026-08-23 10:07:45.903457,6206,4526,0,1
2026-08-23 10:07:45.903477,6283,5181,2977,1
2026-08-23 10:07:45.903497,6186,4647,0,1
2026-08-23 10:07:45.903517,6279,5295,2728,1
2026-08-23 10:07:45.903537,6208,4800,8,1
2026-08-23 10:07:45.903557,6290,5388,3216,1
2026-08-23 10:07:45.903577,6128,4758,0,1
2026-08-23 10:07:45.903597,6286,5382,3038,1
2026-08-23 10:07:45.903617,6211,4789,18,1
2026-08-23 10:07:45.903637,6284,5353,2748,1
2026-08-23 10:07:45.903657,6190,4777,0,1
2026-08-23 10:07:45.923267,6309,4835,2769,1
2026-08-23 10:07:45.923287,6185,4402,0,1
2026-08-23 10:07:45.923307,6289,5150,3011,1
2026-08-23 10:07:45.923327,6193,4534,0,1
2026-08-23 10:07:45.923347,6279,5238,2804,1
2026-08-23 10:07:45.923368,6174,4687,0,1
2026-08-23 10:07:45.923388,6274,5298,2735,1
2026-08-23 10:07:45.923408,6179,4763,0,1
2026-08-23 10:07:45.923427,6269,5353,2772,1
2026-08-23 10:07:45.923447,6210,4817,11,1
2026-08-23 10:07:45.923467,6276,5431,3054,1
2026-08-23 10:07:45.923487,6161,4809,0,1
2026-08-23 10:07:45.923507,6160,5053,0,1
2026-08-23 10:07:45.943115,6224,4268,0,1
2026-08-23 10:07:45.943135,6294,4999,3044,1
2026-08-23 10:07:45.943155,6214,4542,13,1
2026-08-23 10:07:45.943175,6284,5202,2903,1
2026-08-23 10:07:45.943195,6189,4695,0,1
2026-08-23 10:07:45.943215,6294,5282,2751,1
2026-08-23 10:07:45.943235,6199,4769,8,1
2026-08-23 10:07:45.943255,6285,5425,3119,1
2026-08-23 10:07:45.943275,6177,4774,0,1
2026-08-23 10:07:45.943295,6288,5370,3135,1
2026-08-23 10:07:45.943315,6201,4831,0,1
2026-08-23 10:07:45.943335,6275,5349,2689,1
2026-08-23 10:07:45.943355,6191,4793,0,1
2026-08-23 10:07:45.961027,6294,4858,2622,1
2026-08-23 10:07:45.961047,6186,4451,0,1
2026-08-23 10:07:45.961067,6226,4978,862,1
2026-08-23 10:07:45.961087,6188,4683,0,1
2026-08-23 10:07:45.961107,6284,5316,2781,1
2026-08-23 10:07:45.961127,6191,4772,0,1
2026-08-23 10:07:45.961147,6278,5335,2949,1
2026-08-23 10:07:45.961167,6176,4783,0,1
2026-08-23 10:07:45.961187,6283,5374,2735,1
2026-08-23 10:07:45.961207,6207,4808,0,1
2026-08-23 10:07:45.961227,6288,5379,2923,1
2026-08-23 10:07:45.961247,6179,4753,0,1
2026-08-23 10:07:45.978038,6322,4913,3006,1
2026-08-23 10:07:45.978058,6172,4405,0,1
2026-08-23 10:07:45.978078,6150,4808,0,1
2026-08-23 10:07:45.978098,6189,4597,0,1
2026-08-23 10:07:45.978118,6268,5193,2518,1
2026-08-23 10:07:45.978138,6188,4742,0,1
2026-08-23 10:07:45.978158,6293,5328,2688,1
2026-08-23 10:07:45.978178,6166,4779,0,1
2026-08-23 10:07:45.978198,6279,5365,2915,1
2026-08-23 10:07:45.978218,6199,4817,11,1
2026-08-23 10:07:45.978238,6281,5351,2687,1
2026-08-23 10:07:45.978258,6196,4779,0,1
2026-08-23 10:07:45.994641,6236,4867,957,1
2026-08-23 10:07:45.994661,6206,4635,0,1
2026-08-23 10:07:45.994681,6276,5235,2527,1
2026-08-23 10:07:45.994701,6212,4761,0,1
2026-08-23 10:07:45.994721,6290,5362,3096,1
2026-08-23 10:07:45.994741,6160,4732,0,1
2026-08-23 10:07:45.994761,6288,5380,3175,1
2026-08-23 10:07:45.994781,6202,4760,0,1
2026-08-23 10:07:45.994801,6276,5360,2529,1
2026-08-23 10:07:45.994821,6196,4838,0,1
2026-08-23 10:07:45.994841,6302,5358,2956,1
2026-08-23 10:07:46.013000,6225,4297,0,1
2026-08-23 10:07:46.013020,6289,5026,2742,1
2026-08-23 10:07:46.013040,6222,4590,6,1
2026-08-23 10:07:46.013060,6290,5258,3152,1
2026-08-23 10:07:46.013080,6171,4632,0,1
2026-08-23 10:07:46.013100,6292,5279,3104,1
2026-08-23 10:07:46.013120,6200,4776,0,1
2026-08-23 10:07:46.013140,6271,5316,2687,1
2026-08-23 10:07:46.013160,6186,4760,0,1
2026-08-23 10:07:46.013180,6288,5374,3050,1
2026-08-23 10:07:46.013200,6194,4765,0,1
2026-08-23 10:07:46.013220,6291,5360,2887,1
2026-08-23 10:07:46.030752,6238,4345,0,1
2026-08-23 10:07:46.030772,6302,5066,3184,1
2026-08-23 10:07:46.030792,6187,4557,0,1
2026-08-23 10:07:46.030812,6277,5200,2978,1
2026-08-23 10:07:46.030832,6202,4748,0,1
2026-08-23 10:07:46.030852,6285,5340,2946,1
2026-08-23 10:07:46.030872,6184,4767,0,1
2026-08-23 10:07:46.030892,6285,5327,2740,1
2026-08-23 10:07:46.030912,6207,4823,9,1
2026-08-23 10:07:46.030932,6282,5403,3153,1
2026-08-23 10:07:46.030952,6183,4789,0,1
2026-08-23 10:07:46.030972,6297,5401,3247,1
2026-08-23 10:07:46.048888,6254,4327,0,1
2026-08-23 10:07:46.048908,6298,5064,3004,1
2026-08-23 10:07:46.048928,6183,4565,0,1
2026-08-23 10:07:46.048949,6362,5257,3396,1
2026-08-23 10:07:46.048969,6197,4619,0,1
2026-08-23 10:07:46.048989,6276,5240,2677,1
2026-08-23 10:07:46.049009,6191,4729,0,1
2026-08-23 10:07:46.049028,6296,5356,3124,1
2026-08-23 10:07:46.049048,6190,4763,0,1
2026-08-23 10:07:46.049068,6285,5325,2954,1
2026-08-23 10:07:46.049088,6182,4780,0,1
2026-08-23 10:07:46.049109,6280,5305,2294,1
2026-08-23 10:07:46.068399,6244,4348,0,1
2026-08-23 10:07:46.068419,6292,5047,3009,1
2026-08-23 10:07:46.068439,6194,4575,0,1
2026-08-23 10:07:46.068459,6295,5300,3348,1
2026-08-23 10:07:46.068479,6200,4650,0,1
2026-08-23 10:07:46.068499,6282,5255,2702,1
2026-08-23 10:07:46.068519,6187,4780,0,1
2026-08-23 10:07:46.068539,6282,5390,3105,1
2026-08-23 10:07:46.068559,6188,4729,0,1
2026-08-23 10:07:46.068579,6284,5364,2977,1
2026-08-23 10:07:46.068599,6178,4766,0,1
2026-08-23 10:07:46.068619,6119,5063,0,1
2026-08-23 10:07:46.068639,6219,4831,0,1
2026-08-23 10:07:46.088186,6311,4875,3031,1
2026-08-23 10:07:46.088206,6210,4483,0,1
2026-08-23 10:07:46.088226,6283,5093,2642,1
2026-08-23 10:07:46.088246,6179,4666,0,1
2026-08-23 10:07:46.088266,6172,5034,0,1
2026-08-23 10:07:46.088286,6192,4780,0,1
2026-08-23 10:07:46.088306,6288,5366,2818,1
2026-08-23 10:07:46.088326,6198,4815,0,1
2026-08-23 10:07:46.088346,6277,5398,3090,1
2026-08-23 10:07:46.088366,6182,4790,0,1
2026-08-23 10:07:46.088386,6286,5397,2673,1
2026-08-23 10:07:46.088406,6225,4835,13,1
2026-08-23 10:07:46.088426,6294,5372,2981,1
2026-08-23 10:07:46.105458,6212,4276,0,1
2026-08-23 10:07:46.105478,6299,5020,3344,1
2026-08-23 10:07:46.105498,6092,4512,0,1
2026-08-23 10:07:46.105518,6284,5170,2989,1
2026-08-23 10:07:46.105538,6214,4701,0,1
2026-08-23 10:07:46.105558,6288,5294,2943,1
2026-08-23 10:07:46.105578,6195,4750,0,1
2026-08-23 10:07:46.105598,6288,5328,2743,1
2026-08-23 10:07:46.105618,6208,4818,14,1
2026-08-23 10:07:46.105638,6286,5357,3171,1
2026-08-23 10:07:46.105658,6178,4730,0,1
2026-08-23 10:07:46.105678,6341,5362,3455,1
2026-08-23 10:07:46.122594,6261,4359,0,1
2026-08-23 10:07:46.122614,6292,5064,3231,1
2026-08-23 10:07:46.122634,6177,4519,0,1
2026-08-23 10:07:46.122654,6295,5224,3051,1
2026-08-23 10:07:46.122674,6201,4695,7,1
2026-08-23 10:07:46.122694,6276,5339,2848,1
2026-08-23 10:07:46.122715,6178,4777,0,1
2026-08-23 10:07:46.122734,6284,5330,2789,1
2026-08-23 10:07:46.122754,6205,4836,0,1
2026-08-23 10:07:46.122774,6292,5416,3137,1
2026-08-23 10:07:46.122794,6178,4759,0,1
2026-08-23 10:07:46.122814,6304,5351,3434,1
2026-08-23 10:07:46.139592,6235,4411,12,1
2026-08-23 10:07:46.139612,6291,5063,3297,1
2026-08-23 10:07:46.139632,6172,4526,0,1
2026-08-23 10:07:46.139652,6285,5202,3018,1
2026-08-23 10:07:46.139673,6206,4694,2,1
2026-08-23 10:07:46.139693,6284,5315,2962,1
2026-08-23 10:07:46.139713,6193,4731,0,1
2026-08-23 10:07:46.139732,6291,5357,2734,1
2026-08-23 10:07:46.139752,6205,4836,14,1
2026-08-23 10:07:46.139772,6290,5391,3235,1
2026-08-23 10:07:46.139792,6186,4742,0,1
2026-08-23 10:07:46.139812,6285,5389,3205,1
2026-08-23 10:07:46.156785,6353,4424,0,1
2026-08-23 10:07:46.156805,6293,5161,3293,1
2026-08-23 10:07:46.156825,6194,4551,0,1
2026-08-23 10:07:46.156845,6282,5233,2955,1
2026-08-23 10:07:46.156865,6206,4734,0,1
2026-08-23 10:07:46.156885,6304,5329,3238,1
2026-08-23 10:07:46.156905,6192,4762,0,1
2026-08-23 10:07:46.156925,6279,5301,2694,1
2026-08-23 10:07:46.156945,6189,4819,0,1
2026-08-23 10:07:46.156965,6255,5299,2112,1
2026-08-23 10:07:46.156985,6204,4798,0,1
2026-08-23 10:07:46.157005,6286,5391,2990,1
2026-08-23 10:07:46.174333,6225,4462,0,1
2026-08-23 10:07:46.174353,6299,5166,3089,1
2026-08-23 10:07:46.174373,6199,4579,0,1
2026-08-23 10:07:46.174393,6279,5238,3051,1
2026-08-23 10:07:46.174413,6183,4710,0,1
2026-08-23 10:07:46.174433,6292,5340,3268,1
2026-08-23 10:07:46.174453,6207,4753,0,1
2026-08-23 10:07:46.174473,6286,5313,2771,1
2026-08-23 10:07:46.174493,6182,4794,0,1
2026-08-23 10:07:46.174513,6281,5404,2961,1
2026-08-23 10:07:46.174533,6198,4795,0,1
2026-08-23 10:07:46.174553,6288,5388,2940,1
2026-08-23 10:07:46.191633,6215,4346,0,1
2026-08-23 10:07:46.191653,6288,5057,3089,1
2026-08-23 10:07:46.191673,6211,4568,0,1
2026-08-23 10:07:46.191693,6294,5235,3042,1
2026-08-23 10:07:46.191713,6186,4650,0,1
2026-08-23 10:07:46.191733,6224,5303,3258,1
2026-08-23 10:07:46.191753,6213,4752,0,1
2026-08-23 10:07:46.191773,6276,5335,2765,1
2026-08-23 10:07:46.191793,6177,4801,0,1
2026-08-23 10:07:46.191813,6291,5368,2974,1
2026-08-23 10:07:46.191833,6210,4774,0,1
2026-08-23 10:07:46.191853,6298,5312,2960,1
2026-08-23 10:07:46.209707,6222,4417,0,1
2026-08-23 10:07:46.209727,6293,5158,2948,1
2026-08-23 10:07:46.209747,6207,4668,0,1
2026-08-23 10:07:46.209767,6292,5282,3080,1
2026-08-23 10:07:46.209787,6182,4708,0,1
2026-08-23 10:07:46.209807,6289,5346,3216,1
2026-08-23 10:07:46.209827,6201,4779,0,1
2026-08-23 10:07:46.209847,6273,5340,2729,1
2026-08-23 10:07:46.209867,6193,4800,0,1
2026-08-23 10:07:46.209887,6289,5360,2996,1
2026-08-23 10:07:46.209907,6193,4792,0,1
2026-08-23 10:07:46.209927,6283,5334,2951,1
2026-08-23 10:07:46.228623,6232,4331,0,1
2026-08-23 10:07:46.228643,6239,4932,1255,1
2026-08-23 10:07:46.228663,6206,4622,0,1
2026-08-23 10:07:46.228683,6283,5272,2979,1
2026-08-23 10:07:46.228703,6188,4741,0,1
2026-08-23 10:07:46.228723,6198,5165,290,1
2026-08-23 10:07:46.228743,6212,4867,0,1
2026-08-23 10:07:46.228763,6283,5402,2689,1
2026-08-23 10:07:46.228783,6194,4881,0,1
2026-08-23 10:07:46.228803,6290,5454,3119,1
2026-08-23 10:07:46.228823,6197,4780,0,1
2026-08-23 10:07:46.228843,6293,5402,2971,1
2026-08-23 10:07:46.228863,6206,4771,0,1
2026-08-23 10:07:46.248174,6293,4928,2419,1
2026-08-23 10:07:46.248194,6194,4459,0,1
2026-08-23 10:07:46.248214,6276,5146,2861,1
2026-08-23 10:07:46.248234,6206,4706,0,1
2026-08-23 10:07:46.248254,6282,5306,2938,1
2026-08-23 10:07:46.248274,6179,4755,0,1
2026-08-23 10:07:46.248294,6279,5343,2751,1
2026-08-23 10:07:46.248314,6205,4822,0,1
2026-08-23 10:07:46.248334,6282,5372,3004,1
2026-08-23 10:07:46.248354,6169,4741,0,1
2026-08-23 10:07:46.248374,6294,5376,3299,1
2026-08-23 10:07:46.248394,6199,4784,0,1
2026-08-23 10:07:46.248414,6297,5280,2690,1
2026-08-23 10:07:46.268014,6247,4264,0,1
2026-08-23 10:07:46.268034,6296,4985,2755,1
2026-08-23 10:07:46.268054,6189,4537,0,1
2026-08-23 10:07:46.268074,6294,5225,2979,1
2026-08-23 10:07:46.268094,6201,4653,0,1
2026-08-23 10:07:46.268114,6283,5294,2952,1
2026-08-23 10:07:46.268134,6171,4750,0,1
2026-08-23 10:07:46.268154,6281,5429,3387,1
2026-08-23 10:07:46.268174,6192,4750,0,1
2026-08-23 10:07:46.268194,6280,5338,2639,1
2026-08-23 10:07:46.268214,6195,4778,0,1
2026-08-23 10:07:46.268234,6274,5343,2680,1
2026-08-23 10:07:46.268254,6188,4793,0,1
2026-08-23 10:07:46.287899,6180,4572,0,1
2026-08-23 10:07:46.287919,6176,4473,0,1
2026-08-23 10:07:46.287939,6278,5140,2818,1
2026-08-23 10:07:46.287959,6203,4665,0,1
2026-08-23 10:07:46.287979,6284,5299,2877,1
2026-08-23 10:07:46.287999,6176,4743,0,1
2026-08-23 10:07:46.288019,6284,5364,2804,1
2026-08-23 10:07:46.288039,6209,4814,0,1
2026-08-23 10:07:46.288059,6227,5351,2872,1
2026-08-23 10:07:46.288079,6177,4775,0,1
2026-08-23 10:07:46.288099,6257,5311,1931,1
2026-08-23 10:07:46.288119,6202,4842,0,1
2026-08-23 10:07:46.288139,6290,5379,2653,1
2026-08-23 10:07:46.307776,6239,4229,0,1
2026-08-23 10:07:46.307796,6295,4987,2652,1
2026-08-23 10:07:46.307816,6206,4522,0,1
2026-08-23 10:07:46.307836,6268,5096,2210,1
2026-08-23 10:07:46.307856,6193,4703,0,1
2026-08-23 10:07:46.307876,6284,5324,2905,1
2026-08-23 10:07:46.307896,6209,4785,0,1
2026-08-23 10:07:46.307916,6280,5379,3032,1
2026-08-23 10:07:46.307936,6192,4753,0,1
2026-08-23 10:07:46.307956,6273,5364,2672,1
2026-08-23 10:07:46.307976,6210,4855,0,1
2026-08-23 10:07:46.307996,6296,5400,3084,1
2026-08-23 10:07:46.308016,6188,4720,0,1
2026-08-23 10:07:46.327856,6309,4799,2748,1
2026-08-23 10:07:46.327876,6167,4389,0,1
2026-08-23 10:07:46.327896,6283,5089,2905,1
2026-08-23 10:07:46.327916,6201,4648,8,1
2026-08-23 10:07:46.327936,6271,5234,2730,1
2026-08-23 10:07:46.327956,6172,4713,0,1
2026-08-23 10:07:46.327976,6276,5338,2980,1
2026-08-23 10:07:46.327996,6195,4740,0,1
2026-08-23 10:07:46.328016,6280,5346,2832,1
2026-08-23 10:07:46.328036,6182,4781,0,1
2026-08-23 10:07:46.328056,6263,5335,2272,1
2026-08-23 10:07:46.328076,6202,4807,0,1
2026-08-23 10:07:46.328096,6206,5341,2694,1
2026-08-23 10:07:46.347691,6236,4223,0,1
2026-08-23 10:07:46.347711,6284,4976,2681,1
2026-08-23 10:07:46.347731,6208,4554,0,1
2026-08-23 10:07:46.347751,6236,5084,1572,1
2026-08-23 10:07:46.347771,6201,4704,0,1
2026-08-23 10:07:46.347791,6292,5307,2922,1
2026-08-23 10:07:46.347811,6201,4808,0,1
2026-08-23 10:07:46.347831,6280,5362,2625,1
2026-08-23 10:07:46.347851,6195,4810,0,1
2026-08-23 10:07:46.347871,6279,5385,2615,1
2026-08-23 10:07:46.347891,6203,4839,0,1
2026-08-23 10:07:46.347911,6298,5411,3202,1
2026-08-23 10:07:46.347931,6187,4781,0,1
2026-08-23 10:07:46.367666,6238,4670,831,1
2026-08-23 10:07:46.367687,6197,4433,0,1
2026-08-23 10:07:46.367707,6280,5180,2846,1
2026-08-23 10:07:46.367727,6202,4668,0,1
2026-08-23 10:07:46.367747,6278,5288,2852,1
2026-08-23 10:07:46.367767,6190,4705,0,1
2026-08-23 10:07:46.367787,6286,5327,2847,1
2026-08-23 10:07:46.367807,6208,4772,0,1
2026-08-23 10:07:46.367826,6281,5369,2877,1
2026-08-23 10:07:46.367846,6173,4769,0,1
2026-08-23 10:07:46.367867,6251,5319,1864,1
2026-08-23 10:07:46.367887,6197,4814,0,1
2026-08-23 10:07:46.367907,6278,5374,2591,1
2026-08-23 10:07:46.387687,6253,4261,0,1
2026-08-23 10:07:46.387707,6295,4958,2675,1
2026-08-23 10:07:46.387727,6193,4528,0,1
2026-08-23 10:07:46.387747,6224,5018,1073,1
2026-08-23 10:07:46.387767,6213,4755,0,1
2026-08-23 10:07:46.387787,6305,5328,2921,1
2026-08-23 10:07:46.387807,6184,4813,0,1
2026-08-23 10:07:46.387827,6276,5332,2528,1
2026-08-23 10:07:46.387847,6193,4822,0,1
2026-08-23 10:07:46.387867,6285,5382,2650,1
2026-08-23 10:07:46.387887,6199,4852,0,1
2026-08-23 10:07:46.387907,6253,5309,2092,1
2026-08-23 10:07:46.387927,6177,4806,0,1
2026-08-23 10:07:46.407498,6187,4650,0,1
2026-08-23 10:07:46.407518,6189,4474,0,1
2026-08-23 10:07:46.407538,6283,5188,2827,1
2026-08-23 10:07:46.407558,6192,4658,0,1
2026-08-23 10:07:46.407578,6278,5289,3018,1
2026-08-23 10:07:46.407598,6182,4738,0,1
2026-08-23 10:07:46.407618,6278,5348,2702,1
2026-08-23 10:07:46.407638,6214,4836,8,1
2026-08-23 10:07:46.407658,6286,5369,3006,1
2026-08-23 10:07:46.407678,6175,4759,0,1
2026-08-23 10:07:46.407698,6292,5400,3261,1
2026-08-23 10:07:46.407718,6205,4754,0,1
2026-08-23 10:07:46.407738,6285,5314,2587,1
2026-08-23 10:07:46.427162,6249,4260,0,1
2026-08-23 10:07:46.427182,6284,4965,2727,1
2026-08-23 10:07:46.427202,6196,4520,0,1
2026-08-23 10:07:46.427222,6274,5189,3089,1
2026-08-23 10:07:46.427243,6186,4646,0,1
2026-08-23 10:07:46.427263,6288,5222,2924,1
2026-08-23 10:07:46.427283,6086,4725,0,1
2026-08-23 10:07:46.427303,6127,5015,0,1
2026-08-23 10:07:46.427322,6198,4813,0,1
2026-08-23 10:07:46.427342,6280,5387,2626,1
2026-08-23 10:07:46.427362,6202,4850,0,1
2026-08-23 10:07:46.427382,6279,5395,2491,1
2026-08-23 10:07:46.427402,6197,4830,0,1
2026-08-23 10:07:46.447114,6322,4930,3110,1
2026-08-23 10:07:46.447134,6191,4386,0,1
2026-08-23 10:07:46.447154,6283,5060,2786,1
2026-08-23 10:07:46.447174,6189,4579,0,1
2026-08-23 10:07:46.447194,6283,5222,2851,1
2026-08-23 10:07:46.447214,6188,4714,0,1
2026-08-23 10:07:46.447234,6281,5304,2685,1
2026-08-23 10:07:46.447254,6210,4773,6,1
2026-08-23 10:07:46.447273,6279,5342,2974,1
2026-08-23 10:07:46.447294,6170,4748,0,1
2026-08-23 10:07:46.447314,6152,4969,0,1
2026-08-23 10:07:46.447334,6205,4756,0,1
2026-08-23 10:07:46.447354,6280,5304,2583,1
2026-08-23 10:07:46.466798,6239,4257,0,1
2026-08-23 10:07:46.466818,6363,4940,2701,1
2026-08-23 10:07:46.466838,6191,4480,0,1
2026-08-23 10:07:46.466858,6287,5196,3093,1
2026-08-23 10:07:46.466878,6182,4592,0,1
2026-08-23 10:07:46.466898,6285,5253,2938,1
2026-08-23 10:07:46.466918,6174,4728,0,1
2026-08-23 10:07:46.466938,6230,5179,1168,1
2026-08-23 10:07:46.466958,6205,4839,0,1
2026-08-23 10:07:46.466978,6283,5390,2638,1
2026-08-23 10:07:46.466998,6203,4859,0,1
2026-08-23 10:07:46.467018,6229,5293,1192,1
2026-08-23 10:07:46.467038,6202,4840,0,1
2026-08-23 10:07:46.486449,6204,4703,15,1
2026-08-23 10:07:46.486469,6194,4498,0,1
2026-08-23 10:07:46.486489,6294,5174,2792,1
2026-08-23 10:07:46.486509,6196,4701,0,1
2026-08-23 10:07:46.486529,6294,5331,2934,1
2026-08-23 10:07:46.486549,6180,4751,0,1
2026-08-23 10:07:46.486569,6282,5325,2782,1
2026-08-23 10:07:46.486589,6208,4780,0,1
2026-08-23 10:07:46.486609,6281,5348,2898,1
2026-08-23 10:07:46.486629,6169,4782,0,1
2026-08-23 10:07:46.486649,6154,5078,0,1
2026-08-23 10:07:46.486669,6198,4855,0,1
2026-08-23 10:07:46.486689,6275,5391,2610,1
2026-08-23 10:07:46.506335,6255,4318,0,1
2026-08-23 10:07:46.506355,6280,5005,2696,1
2026-08-23 10:07:46.506375,6198,4522,0,1
2026-08-23 10:07:46.506395,6295,5216,3165,1
2026-08-23 10:07:46.506415,6183,4578,0,1
2026-08-23 10:07:46.506435,6276,5243,2931,1
2026-08-23 10:07:46.506455,6189,4730,0,1
2026-08-23 10:07:46.506475,6210,5139,678,1
2026-08-23 10:07:46.506495,6205,4805,0,1
2026-08-23 10:07:46.506515,6274,5381,2635,1
2026-08-23 10:07:46.506535,6193,4866,0,1
2026-08-23 10:07:46.506555,6288,5331,2810,1
2026-08-23 10:07:46.506575,6196,4805,0,1
2026-08-23 10:07:46.526190,6172,4544,0,1
2026-08-23 10:07:46.526210,6193,4428,0,1
2026-08-23 10:07:46.526230,6281,5142,2808,1
2026-08-23 10:07:46.526250,6200,4716,0,1
2026-08-23 10:07:46.526270,6282,5278,2899,1
2026-08-23 10:07:46.526290,6187,4724,0,1
2026-08-23 10:07:46.526310,6285,5315,2794,1
2026-08-23 10:07:46.526330,6200,4767,0,1
2026-08-23 10:07:46.526350,6286,5345,2893,1
2026-08-23 10:07:46.526370,6172,4786,0,1
2026-08-23 10:07:46.526390,6242,5252,1656,1
2026-08-23 10:07:46.526410,6149,4848,0,1
2026-08-23 10:07:46.526430,6352,5350,2645,1
2026-08-23 10:07:46.546073,6233,4245,0,1
2026-08-23 10:07:46.546093,6298,4959,2669,1
2026-08-23 10:07:46.546113,6202,4531,0,1
2026-08-23 10:07:46.546133,6235,5073,1593,1
2026-08-23 10:07:46.546153,6196,4746,0,1
2026-08-23 10:07:46.546173,6291,5320,2914,1
2026-08-23 10:07:46.546193,6186,4810,0,1
2026-08-23 10:07:46.546213,6279,5388,2890,1
2026-08-23 10:07:46.546233,6198,4772,0,1
2026-08-23 10:07:46.546253,6281,5354,2643,1
2026-08-23 10:07:46.546273,6191,4845,0,1
2026-08-23 10:07:46.546293,6277,5360,2877,1
2026-08-23 10:07:46.546313,6188,4776,0,1
2026-08-23 10:07:46.566040,6273,4788,1917,1
2026-08-23 10:07:46.566060,6189,4409,0,1
2026-08-23 10:07:46.566080,6281,5106,2849,1
2026-08-23 10:07:46.566100,6196,4649,0,1
2026-08-23 10:07:46.566120,6272,5295,2856,1
2026-08-23 10:07:46.566140,6191,4701,0,1
2026-08-23 10:07:46.566160,6279,5335,2835,1
2026-08-23 10:07:46.566180,6198,4777,0,1
2026-08-23 10:07:46.566200,6288,5361,2886,1
2026-08-23 10:07:46.566220,6171,4770,0,1
2026-08-23 10:07:46.566240,6176,5153,280,1
2026-08-23 10:07:46.566260,6195,4859,0,1
2026-08-23 10:07:46.566280,6279,5384,2621,1
2026-08-23 10:07:46.586089,6243,4270,0,1
2026-08-23 10:07:46.586109,6287,4976,2688,1
2026-08-23 10:07:46.586129,6185,4568,0,1
2026-08-23 10:07:46.586149,6288,5050,406,1
2026-08-23 10:07:46.586169,6187,4664,0,1
2026-08-23 10:07:46.586189,6272,5322,2932,1
2026-08-23 10:07:46.586209,6172,4745,0,1
2026-08-23 10:07:46.586229,6208,5164,697,1
2026-08-23 10:07:46.586249,6201,4838,0,1
2026-08-23 10:07:46.586269,6269,5391,2652,1
2026-08-23 10:07:46.586289,6203,4854,0,1
2026-08-23 10:07:46.586309,6271,5403,2472,1
2026-08-23 10:07:46.586329,6197,4820,0,1
2026-08-23 10:07:46.606081,6316,4887,3148,1
2026-08-23 10:07:46.606101,6093,4371,0,1
2026-08-23 10:07:46.606121,6284,5062,2800,1
2026-08-23 10:07:46.606141,6197,4619,0,1
2026-08-23 10:07:46.606161,6279,5232,2892,1
2026-08-23 10:07:46.606181,6186,4714,0,1
2026-08-23 10:07:46.606201,6270,5275,2695,1
2026-08-23 10:07:46.606221,6204,4813,20,1
2026-08-23 10:07:46.606241,6283,5384,3000,1
2026-08-23 10:07:46.606261,6172,4756,0,1
2026-08-23 10:07:46.606281,6280,5413,3276,1
2026-08-23 10:07:46.606301,6196,4772,0,1
2026-08-23 10:07:46.606321,6277,5291,2600,1
2026-08-23 10:07:46.625769,6244,4214,0,1
2026-08-23 10:07:46.625789,6283,4928,2646,1
2026-08-23 10:07:46.625809,6193,4557,0,1
2026-08-23 10:07:46.625829,6127,4827,0,1
2026-08-23 10:07:46.625849,6193,4635,0,1
2026-08-23 10:07:46.625869,6289,5277,2938,1
2026-08-23 10:07:46.625889,6194,4723,0,1
2026-08-23 10:07:46.625909,6262,5245,1873,1
2026-08-23 10:07:46.625929,6199,4827,0,1
2026-08-23 10:07:46.625949,6278,5359,2650,1
2026-08-23 10:07:46.625969,6191,4857,0,1
2026-08-23 10:07:46.625989,6255,5307,1767,1
2026-08-23 10:07:46.626009,6257,4810,0,1
2026-08-23 10:07:46.645788,6315,4917,3090,1
2026-08-23 10:07:46.645808,6179,4371,0,1
2026-08-23 10:07:46.645828,6288,5094,2800,1
2026-08-23 10:07:46.645848,6184,4619,0,1
2026-08-23 10:07:46.645868,6275,5289,3119,1
2026-08-23 10:07:46.645888,6183,4695,0,1
2026-08-23 10:07:46.645908,6278,5279,2670,1
2026-08-23 10:07:46.645928,6205,4813,5,1
2026-08-23 10:07:46.645948,6284,5340,3032,1
2026-08-23 10:07:46.645968,6164,4776,0,1
2026-08-23 10:07:46.645988,6287,5391,3233,1
2026-08-23 10:07:46.646008,6183,4747,0,1
2026-08-23 10:07:46.646028,6271,5321,2571,1
2026-08-23 10:07:46.665610,6245,4215,0,1
2026-08-23 10:07:46.665630,6292,4963,2700,1
2026-08-23 10:07:46.665650,6189,4508,0,1
2026-08-23 10:07:46.665670,6291,5212,3148,1
2026-08-23 10:07:46.665690,6173,4564,0,1
2026-08-23 10:07:46.665710,6276,5211,2918,1
2026-08-23 10:07:46.665730,6182,4720,0,1
2026-08-23 10:07:46.665750,6184,5078,165,1
2026-08-23 10:07:46.665770,6194,4852,0,1
2026-08-23 10:07:46.665790,6285,5405,2633,1
2026-08-23 10:07:46.665810,6198,4865,0,1
2026-08-23 10:07:46.665830,6276,5366,2643,1
2026-08-23 10:07:46.665850,6198,4801,0,1
2026-08-23 10:07:46.685618,6319,4904,3132,1
2026-08-23 10:07:46.685638,6185,4353,0,1
2026-08-23 10:07:46.685658,6284,5066,2796,1
2026-08-23 10:07:46.685678,6196,4621,0,1
2026-08-23 10:07:46.685698,6290,5253,2866,1
2026-08-23 10:07:46.685718,6192,4678,0,1
2026-08-23 10:07:46.685738,6293,5323,2695,1
2026-08-23 10:07:46.685758,6203,4814,15,1
2026-08-23 10:07:46.685778,6285,5369,3008,1
2026-08-23 10:07:46.685798,6171,4749,0,1
2026-08-23 10:07:46.685818,6296,5379,3280,1
2026-08-23 10:07:46.685838,6198,4780,0,1
2026-08-23 10:07:46.685858,6286,5336,2599,1
2026-08-23 10:07:46.705057,6235,4207,0,1
2026-08-23 10:07:46.705077,6287,4928,2673,1
2026-08-23 10:07:46.705097,6196,4501,0,1
2026-08-23 10:07:46.705117,6163,4910,0,1
2026-08-23 10:07:46.705137,6194,4765,0,1
2026-08-23 10:07:46.705158,6290,5357,2932,1
2026-08-23 10:07:46.705178,6186,4764,0,1
2026-08-23 10:07:46.705198,6267,5325,2333,1
2026-08-23 10:07:46.705217,6195,4799,0,1
2026-08-23 10:07:46.705237,6274,5393,2646,1
2026-08-23 10:07:46.705257,6188,4867,0,1
2026-08-23 10:07:46.705277,6274,5322,2170,1
2026-08-23 10:07:46.705297,6197,4843,0,1
2026-08-23 10:07:46.722466,6314,4930,3092,1
2026-08-23 10:07:46.722486,6184,4405,0,1
2026-08-23 10:07:46.722506,6269,5066,2804,1
2026-08-23 10:07:46.722526,6184,4591,0,1
2026-08-23 10:07:46.722546,6281,5257,3240,1
2026-08-23 10:07:46.722566,6180,4672,0,1
2026-08-23 10:07:46.722586,6274,5290,2662,1
2026-08-23 10:07:46.722606,6215,4818,2,1
2026-08-23 10:07:46.722626,6278,5392,3045,1
2026-08-23 10:07:46.722646,6166,4779,0,1
2026-08-23 10:07:46.722666,6303,5354,3386,1
2026-08-23 10:07:46.722686,6212,4677,0,1
2026-08-23 10:07:46.740505,6301,4974,2866,1
2026-08-23 10:07:46.740525,6198,4523,0,1
2026-08-23 10:07:46.740545,6289,5209,3047,1
2026-08-23 10:07:46.740565,6171,4652,0,1
2026-08-23 10:07:46.740585,6280,5241,2695,1
2026-08-23 10:07:46.740605,6203,4761,11,1
2026-08-23 10:07:46.740625,6290,5385,2983,1
2026-08-23 10:07:46.740644,6169,4775,0,1
2026-08-23 10:07:46.740664,6294,5360,3356,1
2026-08-23 10:07:46.740685,6180,4757,0,1
2026-08-23 10:07:46.740705,6182,5301,2547,1
2026-08-23 10:07:46.740725,6196,4815,0,1
2026-08-23 10:07:46.759857,6290,4929,2580,1
2026-08-23 10:07:46.759877,6195,4497,0,1
2026-08-23 10:07:46.759897,6229,5053,1378,1
2026-08-23 10:07:46.759917,6240,4691,0,1
2026-08-23 10:07:46.759937,6282,5273,2824,1
2026-08-23 10:07:46.759957,6206,4791,8,1
2026-08-23 10:07:46.759977,6269,5367,2726,1
2026-08-23 10:07:46.759997,6181,4764,0,1
2026-08-23 10:07:46.760017,6288,5406,2993,1
2026-08-23 10:07:46.760037,6183,4766,0,1
2026-08-23 10:07:46.760057,6284,5323,2807,1
2026-08-23 10:07:46.760077,6196,4768,0,1
2026-08-23 10:07:46.760097,6338,5340,2792,1
2026-08-23 10:07:46.778746,6198,4280,0,1
2026-08-23 10:07:46.778766,6173,4746,0,1
2026-08-23 10:07:46.778786,6201,4617,0,1
2026-08-23 10:07:46.778806,6269,5212,2641,1
2026-08-23 10:07:46.778826,6227,4734,0,1
2026-08-23 10:07:46.778846,6259,5286,2154,1
2026-08-23 10:07:46.778866,6185,4763,0,1
2026-08-23 10:07:46.778886,6286,5386,2908,1
2026-08-23 10:07:46.778906,6200,4842,0,1
2026-08-23 10:07:46.778926,6285,5411,3207,1
2026-08-23 10:07:46.778946,6181,4772,0,1
2026-08-23 10:07:46.778966,6277,5334,2678,1
2026-08-23 10:07:46.778986,6234,4834,5,1
2026-08-23 10:07:46.797912,6307,4963,2673,1
2026-08-23 10:07:46.797932,6182,4519,0,1
2026-08-23 10:07:46.797952,6154,4918,0,1
2026-08-23 10:07:46.797972,6187,4700,0,1
2026-08-23 10:07:46.797992,6279,5295,2810,1
2026-08-23 10:07:46.798012,6190,4814,0,1
2026-08-23 10:07:46.798032,6286,5363,3080,1
2026-08-23 10:07:46.798052,6178,4795,0,1
2026-08-23 10:07:46.798072,6276,5336,2697,1
2026-08-23 10:07:46.798092,6196,4858,26,1
2026-08-23 10:07:46.798112,6291,5413,3021,1
2026-08-23 10:07:46.798132,6178,4780,0,1
2026-08-23 10:07:46.798152,6132,5070,0,1
2026-08-23 10:07:46.817219,6207,4200,0,1
2026-08-23 10:07:46.817239,6296,5007,3210,1
2026-08-23 10:07:46.817259,6204,4503,11,1
2026-08-23 10:07:46.817279,6285,5155,2811,1
2026-08-23 10:07:46.817299,6184,4654,0,1
2026-08-23 10:07:46.817319,6276,5284,2884,1
2026-08-23 10:07:46.817339,6214,4740,0,1
2026-08-23 10:07:46.817359,6286,5327,3045,1
2026-08-23 10:07:46.817379,6181,4735,0,1
2026-08-23 10:07:46.817399,6280,5389,3252,1
2026-08-23 10:07:46.817419,6202,4789,0,1
2026-08-23 10:07:46.817439,6274,5295,2641,1
2026-08-23 10:07:46.836656,6221,4278,0,1
2026-08-23 10:07:46.836676,6283,4979,2770,1
2026-08-23 10:07:46.836696,6192,4484,0,1
2026-08-23 10:07:46.836716,6276,5165,2711,1
2026-08-23 10:07:46.836736,6200,4699,0,1
2026-08-23 10:07:46.836756,6103,4912,0,1
2026-08-23 10:07:46.836776,6205,4731,0,1
2026-08-23 10:07:46.836797,6275,5314,2960,1
2026-08-23 10:07:46.836816,6176,4788,0,1
2026-08-23 10:07:46.836836,6129,5050,0,1
2026-08-23 10:07:46.836856,6195,4882,0,1
2026-08-23 10:07:46.836876,6284,5382,2676,1
2026-08-23 10:07:46.836896,6211,4864,0,1
2026-08-23 10:07:46.856725,6301,4931,2828,1
2026-08-23 10:07:46.856745,6180,4433,0,1
2026-08-23 10:07:46.856765,6299,5136,2916,1
2026-08-23 10:07:46.856785,6206,4629,0,1
2026-08-23 10:07:46.856805,6271,5266,2852,1
2026-08-23 10:07:46.856825,6182,4684,0,1
2026-08-23 10:07:46.856845,6238,5240,1675,1
2026-08-23 10:07:46.856865,6198,4788,0,1
2026-08-23 10:07:46.856885,6271,5381,2597,1
2026-08-23 10:07:46.856905,6224,4832,0,1
2026-08-23 10:07:46.856925,6290,5423,3234,1
2026-08-23 10:07:46.856945,6176,4757,0,1
2026-08-23 10:07:46.856965,6299,5391,3160,1
2026-08-23 10:07:46.876696,6226,4269,0,1
2026-08-23 10:07:46.876716,6290,4979,2971,1
2026-08-23 10:07:46.876736,6203,4508,0,1
2026-08-23 10:07:46.876756,6276,5174,2912,1
2026-08-23 10:07:46.876776,6188,4687,0,1
2026-08-23 10:07:46.876796,6278,5279,2684,1
2026-08-23 10:07:46.876817,6204,4800,0,1
2026-08-23 10:07:46.876837,6301,5382,3258,1
2026-08-23 10:07:46.876856,6181,4777,0,1
2026-08-23 10:07:46.876876,6288,5356,2909,1
2026-08-23 10:07:46.876896,6208,4789,0,1
2026-08-23 10:07:46.876916,6286,5400,2971,1
2026-08-23 10:07:46.876936,6194,4776,0,1
2026-08-23 10:07:46.896457,6301,4830,2665,1
2026-08-23 10:07:46.896477,6160,4410,0,1
2026-08-23 10:07:46.896497,6286,5059,2691,1
2026-08-23 10:07:46.896517,6216,4639,11,1
2026-08-23 10:07:46.896537,6287,5245,2948,1
2026-08-23 10:07:46.896557,6161,4694,0,1
2026-08-23 10:07:46.896577,6107,4994,0,1
2026-08-23 10:07:46.896597,6199,4734,0,1
2026-08-23 10:07:46.896617,6291,5335,2546,1
2026-08-23 10:07:46.896637,6187,4798,0,1
2026-08-23 10:07:46.896657,6267,5317,2176,1
2026-08-23 10:07:46.896677,6169,4796,0,1
2026-08-23 10:07:46.896697,6284,5384,3025,1
2026-08-23 10:07:46.916338,6227,4307,0,1
2026-08-23 10:07:46.916358,6290,5017,2925,1
2026-08-23 10:07:46.916378,6197,4538,0,1
2026-08-23 10:07:46.916398,6290,5240,3021,1
2026-08-23 10:07:46.916418,6190,4681,0,1
2026-08-23 10:07:46.916438,6271,5272,2668,1
2026-08-23 10:07:46.916458,6190,4756,0,1
2026-08-23 10:07:46.916478,6286,5330,2790,1
2026-08-23 10:07:46.916498,6188,4781,0,1
2026-08-23 10:07:46.916518,6285,5389,2928,1
2026-08-23 10:07:46.916538,6193,4813,0,1
2026-08-23 10:07:46.916558,6275,5402,2970,1
2026-08-23 10:07:46.916578,6077,4799,0,1
2026-08-23 10:07:46.936122,6306,4867,2872,1
2026-08-23 10:07:46.936142,6183,4416,0,1
2026-08-23 10:07:46.936162,6275,5101,2683,1
2026-08-23 10:07:46.936182,6210,4634,2,1
2026-08-23 10:07:46.936202,6281,5258,2930,1
2026-08-23 10:07:46.936222,6166,4685,0,1
2026-08-23 10:07:46.936242,6155,5027,0,1
2026-08-23 10:07:46.936262,6222,4758,0,1
2026-08-23 10:07:46.936282,6276,5293,2530,1
2026-08-23 10:07:46.936302,6199,4814,0,1
2026-08-23 10:07:46.936322,6288,5394,3082,1
2026-08-23 10:07:46.936342,6174,4760,0,1
2026-08-23 10:07:46.936362,6290,5356,3046,1
2026-08-23 10:07:46.956169,6225,4296,0,1
2026-08-23 10:07:46.956189,6286,5020,2930,1
2026-08-23 10:07:46.956209,6195,4519,0,1
2026-08-23 10:07:46.956229,6293,5222,2832,1
2026-08-23 10:07:46.956249,6192,4688,0,1
2026-08-23 10:07:46.956269,6269,5301,2658,1
2026-08-23 10:07:46.956289,6201,4765,0,1
2026-08-23 10:07:46.956309,6290,5414,3250,1
2026-08-23 10:07:46.956329,6174,4770,0,1
2026-08-23 10:07:46.956349,6280,5385,2945,1
2026-08-23 10:07:46.956369,6199,4848,0,1
2026-08-23 10:07:46.956389,6283,5389,2938,1
2026-08-23 10:07:46.956409,6196,4765,0,1
2026-08-23 10:07:46.976039,6309,4848,2790,1
2026-08-23 10:07:46.976059,6171,4396,0,1
2026-08-23 10:07:46.976079,6296,5087,2760,1
2026-08-23 10:07:46.976099,6217,4586,0,1
2026-08-23 10:07:46.976120,6282,5265,2862,1
2026-08-23 10:07:46.976140,6165,4691,0,1
2026-08-23 10:07:46.976160,6252,5231,1688,1
2026-08-23 10:07:46.976180,6188,4767,0,1
2026-08-23 10:07:46.976199,6278,5328,2548,1
2026-08-23 10:07:46.976219,6199,4847,0,1
2026-08-23 10:07:46.976239,6292,5415,2955,1
2026-08-23 10:07:46.976259,6175,4759,0,1
2026-08-23 10:07:46.976279,6297,5374,3104,1
2026-08-23 10:07:46.995923,6222,4227,0,1
2026-08-23 10:07:46.995943,6303,4960,2985,1
2026-08-23 10:07:46.995963,6201,4548,0,1
2026-08-23 10:07:46.995983,6282,5193,3120,1
2026-08-23 10:07:46.996003,6188,4644,0,1
2026-08-23 10:07:46.996023,6265,5276,2691,1
2026-08-23 10:07:46.996043,6204,4750,0,1
2026-08-23 10:07:46.996063,6283,5349,3162,1
2026-08-23 10:07:46.996083,6171,4737,0,1
2026-08-23 10:07:46.996103,6271,5350,2969,1
2026-08-23 10:07:46.996123,6214,4854,0,1
2026-08-23 10:07:46.996143,6287,5364,2893,1
2026-08-23 10:07:46.996163,6195,4806,0,1
2026-08-23 10:07:47.015798,6292,4867,2877,1
2026-08-23 10:07:47.015818,6313,4412,0,1
2026-08-23 10:07:47.015838,6278,5097,2761,1
2026-08-23 10:07:47.015858,6209,4651,0,1
2026-08-23 10:07:47.015878,6228,5221,2896,1
2026-08-23 10:07:47.015898,6160,4655,0,1
2026-08-23 10:07:47.015918,6169,5039,0,1
2026-08-23 10:07:47.015939,6193,4751,0,1
2026-08-23 10:07:47.015958,6267,5376,2534,1
2026-08-23 10:07:47.015978,6201,4874,0,1
2026-08-23 10:07:47.015998,6295,5455,3182,1
2026-08-23 10:07:47.016018,6172,4767,0,1
2026-08-23 10:07:47.016038,6298,5383,3099,1
2026-08-23 10:07:47.035555,6223,4249,0,1
2026-08-23 10:07:47.035575,6276,5022,2933,1
2026-08-23 10:07:47.035595,6199,4535,0,1
2026-08-23 10:07:47.035615,6288,5209,2931,1
2026-08-23 10:07:47.035635,6178,4669,0,1
2026-08-23 10:07:47.035655,6282,5300,2655,1
2026-08-23 10:07:47.035675,6199,4762,0,1
2026-08-23 10:07:47.035695,6380,5412,3302,1
2026-08-23 10:07:47.035715,6176,4756,0,1
2026-08-23 10:07:47.035735,6283,5339,3029,1
2026-08-23 10:07:47.035755,6206,4808,0,1
2026-08-23 10:07:47.035775,6284,5355,2887,1
2026-08-23 10:07:47.035795,6195,4789,0,1
2026-08-23 10:07:47.055533,6297,4827,2774,1
2026-08-23 10:07:47.055553,6176,4388,0,1
2026-08-23 10:07:47.055573,6287,5071,2838,1
2026-08-23 10:07:47.055593,6196,4634,0,1
2026-08-23 10:07:47.055613,6276,5218,2808,1
2026-08-23 10:07:47.055633,6177,4705,0,1
2026-08-23 10:07:47.055653,6284,5278,2487,1
2026-08-23 10:07:47.055673,6193,4767,0,1
2026-08-23 10:07:47.055693,6285,5341,2597,1
2026-08-23 10:07:47.055713,6205,4834,0,1
2026-08-23 10:07:47.055733,6297,5385,3140,1
2026-08-23 10:07:47.055753,6183,4741,0,1
2026-08-23 10:07:47.055773,6293,5389,3221,1
2026-08-23 10:07:47.075528,6212,4233,0,1
2026-08-23 10:07:47.075548,6292,4950,3036,1
2026-08-23 10:07:47.075568,6206,4510,10,1
2026-08-23 10:07:47.075588,6277,5208,2930,1
2026-08-23 10:07:47.075608,6179,4676,0,1
2026-08-23 10:07:47.075628,6279,5264,2796,1
2026-08-23 10:07:47.075648,6207,4766,10,1
2026-08-23 10:07:47.075668,6294,5343,3149,1
2026-08-23 10:07:47.075688,6170,4753,0,1
2026-08-23 10:07:47.075708,6283,5372,3116,1
2026-08-23 10:07:47.075728,6202,4818,0,1
2026-08-23 10:07:47.075748,6276,5357,2692,1
2026-08-23 10:07:47.075768,6192,4756,0,1
2026-08-23 10:07:47.095299,6308,4845,2609,1
2026-08-23 10:07:47.095319,6188,4403,0,1
2026-08-23 10:07:47.095339,6170,4821,0,1
2026-08-23 10:07:47.095359,6179,4658,0,1
2026-08-23 10:07:47.095379,6285,5290,2809,1
2026-08-23 10:07:47.095399,6202,4781,0,1
2026-08-23 10:07:47.095419,6299,5329,2899,1
2026-08-23 10:07:47.095439,6168,4787,0,1
2026-08-23 10:07:47.095459,6278,5345,2608,1
2026-08-23 10:07:47.095479,6203,4809,0,1
2026-08-23 10:07:47.095499,6280,5418,2902,1
2026-08-23 10:07:47.095519,6193,4769,0,1
2026-08-23 10:07:47.095539,6282,5322,2608,1
2026-08-23 10:07:47.115211,6213,4251,0,1
2026-08-23 10:07:47.115231,6300,5012,3216,1
2026-08-23 10:07:47.115251,6206,4489,0,1
2026-08-23 10:07:47.115271,6279,5178,2809,1
2026-08-23 10:07:47.115291,6184,4658,0,1
2026-08-23 10:07:47.115311,6270,5301,2916,1
2026-08-23 10:07:47.115331,6202,4770,0,1
2026-08-23 10:07:47.115351,6283,5309,3014,1
2026-08-23 10:07:47.115371,6188,4736,0,1
2026-08-23 10:07:47.115391,6290,5354,3295,1
2026-08-23 10:07:47.115411,6201,4750,0,1
2026-08-23 10:07:47.115431,6286,5336,2656,1
2026-08-23 10:07:47.115451,6214,4786,0,1
2026-08-23 10:07:47.135296,6285,4824,2574,1
2026-08-23 10:07:47.135316,6108,4405,0,1
2026-08-23 10:07:47.135336,6253,5073,2357,1
2026-08-23 10:07:47.135356,6169,4623,0,1
2026-08-23 10:07:47.135376,6284,5261,2854,1
2026-08-23 10:07:47.135396,6211,4778,22,1
2026-08-23 10:07:47.135416,6292,5373,2836,1
2026-08-23 10:07:47.135436,6178,4782,0,1
2026-08-23 10:07:47.135456,6282,5352,2853,1
2026-08-23 10:07:47.135476,6193,4812,0,1
2026-08-23 10:07:47.135496,6282,5358,2852,1
2026-08-23 10:07:47.135516,6176,4787,0,1
2026-08-23 10:07:47.135536,6300,5354,2726,1
2026-08-23 10:07:47.154955,6210,4163,0,1
2026-08-23 10:07:47.154975,6123,4636,0,1
2026-08-23 10:07:47.154995,6204,4492,0,1
2026-08-23 10:07:47.155015,6274,5153,2726,1
2026-08-23 10:07:47.155035,6189,4683,0,1
2026-08-23 10:07:47.155055,6285,5288,3083,1
2026-08-23 10:07:47.155075,6194,4716,0,1
2026-08-23 10:07:47.155095,6281,5305,2957,1
2026-08-23 10:07:47.155115,6179,4730,0,1
2026-08-23 10:07:47.155135,6294,5410,3400,1
2026-08-23 10:07:47.155155,6191,4720,0,1
2026-08-23 10:07:47.155175,6277,5327,2656,1
2026-08-23 10:07:47.155195,6207,4765,0,1
2026-08-23 10:07:47.174911,6297,4824,2671,1
2026-08-23 10:07:47.174931,6187,4441,0,1
2026-08-23 10:07:47.174951,6113,4783,0,1
2026-08-23 10:07:47.174971,6177,4594,0,1
2026-08-23 10:07:47.174991,6274,5264,2808,1
2026-08-23 10:07:47.175011,6195,4759,0,1
2026-08-23 10:07:47.175031,6284,5356,2992,1
2026-08-23 10:07:47.175051,6182,4740,0,1
2026-08-23 10:07:47.175071,6283,5359,2722,1
2026-08-23 10:07:47.175091,6201,4824,0,1
2026-08-23 10:07:47.175111,6284,5406,2981,1
2026-08-23 10:07:47.175131,6164,4794,0,1
2026-08-23 10:07:47.175151,6254,5262,1714,1
2026-08-23 10:07:47.194736,6208,4266,0,1
2026-08-23 10:07:47.194757,6294,4984,3093,1
2026-08-23 10:07:47.194777,6199,4552,18,1
2026-08-23 10:07:47.194797,6269,5170,2831,1
2026-08-23 10:07:47.194817,6181,4681,0,1
2026-08-23 10:07:47.194837,6276,5274,2794,1
2026-08-23 10:07:47.194857,6218,4757,10,1
2026-08-23 10:07:47.194877,6290,5379,3106,1
2026-08-23 10:07:47.194896,6178,4762,0,1
2026-08-23 10:07:47.194916,6283,5366,3128,1
2026-08-23 10:07:47.194937,6205,4779,0,1
2026-08-23 10:07:47.194957,6276,5333,2692,1
2026-08-23 10:07:47.194977,6183,4804,0,1
2026-08-23 10:07:47.214532,6290,4814,2651,1
2026-08-23 10:07:47.214552,6199,4433,0,1
2026-08-23 10:07:47.214572,6184,4874,54,1
2026-08-23 10:07:47.214592,6177,4699,0,1
2026-08-23 10:07:47.214612,6270,5325,2809,1
2026-08-23 10:07:47.214632,6194,4774,0,1
2026-08-23 10:07:47.214652,6276,5358,3005,1
2026-08-23 10:07:47.214672,6182,4766,0,1
2026-08-23 10:07:47.214692,6289,5372,2730,1
2026-08-23 10:07:47.214712,6195,4846,5,1
2026-08-23 10:07:47.214732,6286,5376,2962,1
2026-08-23 10:07:47.214752,6178,4757,0,1
2026-08-23 10:07:47.214772,6186,5169,193,1
2026-08-23 10:07:47.234105,6211,4287,0,1
2026-08-23 10:07:47.234125,6287,5041,3032,1
2026-08-23 10:07:47.234145,6212,4584,7,1
2026-08-23 10:07:47.234165,6275,5194,2925,1
2026-08-23 10:07:47.234185,6205,4672,0,1
2026-08-23 10:07:47.234205,6274,5288,2710,1
2026-08-23 10:07:47.234226,6198,4772,4,1
2026-08-23 10:07:47.234246,6296,5377,3164,1
2026-08-23 10:07:47.234265,6178,4736,0,1
2026-08-23 10:07:47.234285,6282,5398,3119,1
2026-08-23 10:07:47.234305,6200,4805,8,1
2026-08-23 10:07:47.234325,6281,5340,2714,1
2026-08-23 10:07:47.234345,6181,4767,0,1
2026-08-23 10:07:47.254185,6297,4831,2683,1
2026-08-23 10:07:47.254205,6186,4410,0,1
2026-08-23 10:07:47.254225,6285,5129,3149,1
2026-08-23 10:07:47.254245,6170,4488,0,1
2026-08-23 10:07:47.254265,6266,5175,2778,1
2026-08-23 10:07:47.254285,6194,4713,138,1
2026-08-23 10:07:47.254305,6291,5303,2878,1
2026-08-23 10:07:47.254325,6186,4764,0,1
2026-08-23 10:07:47.254345,6237,5320,2702,1
2026-08-23 10:07:47.254365,6198,4803,0,1
2026-08-23 10:07:47.254385,6278,5364,2978,1
2026-08-23 10:07:47.254405,6183,4780,0,1
2026-08-23 10:07:47.254425,6233,5254,1472,1
2026-08-23 10:07:47.273933,6201,4268,0,1
2026-08-23 10:07:47.273953,6291,5029,3134,1
2026-08-23 10:07:47.273973,6204,4512,10,1
2026-08-23 10:07:47.273993,6277,5168,2826,1
2026-08-23 10:07:47.274014,6185,4669,0,1
2026-08-23 10:07:47.274034,6279,5272,2864,1
2026-08-23 10:07:47.274054,6201,4767,0,1
2026-08-23 10:07:47.274074,6274,5357,3056,1
2026-08-23 10:07:47.274093,6174,4749,0,1
2026-08-23 10:07:47.274113,6288,5368,3209,1
2026-08-23 10:07:47.274133,6205,4772,0,1
2026-08-23 10:07:47.274153,6269,5370,2604,1
2026-08-23 10:07:47.274173,6196,4781,0,1
2026-08-23 10:07:47.293815,6290,4862,2648,1
2026-08-23 10:07:47.293835,6115,4437,0,1
2026-08-23 10:07:47.293855,6191,4898,234,1
2026-08-23 10:07:47.293875,6167,4698,0,1
2026-08-23 10:07:47.293895,6277,5299,2811,1
2026-08-23 10:07:47.293915,6189,4784,0,1
2026-08-23 10:07:47.293935,6278,5347,2997,1
2026-08-23 10:07:47.293955,6179,4789,0,1
2026-08-23 10:07:47.293975,6275,5344,2699,1
2026-08-23 10:07:47.293995,6195,4857,1,1
2026-08-23 10:07:47.294015,6261,5416,2972,1
2026-08-23 10:07:47.294035,6171,4782,0,1
2026-08-23 10:07:47.294055,6198,5146,357,1
2026-08-23 10:07:47.313579,6211,4306,0,1
2026-08-23 10:07:47.313599,6300,5029,3095,1
2026-08-23 10:07:47.313619,6205,4549,6,1
2026-08-23 10:07:47.313639,6270,5196,2899,1
2026-08-23 10:07:47.313659,6174,4660,0,1
2026-08-23 10:07:47.313679,6270,5272,2788,1
2026-08-23 10:07:47.313699,6202,4767,13,1
2026-08-23 10:07:47.313720,6274,5355,3159,1
2026-08-23 10:07:47.313739,6165,4765,0,1
2026-08-23 10:07:47.313759,6283,5377,3104,1
2026-08-23 10:07:47.313779,6209,4801,0,1
2026-08-23 10:07:47.313799,6278,5366,2713,1
2026-08-23 10:07:47.313819,6182,4794,0,1
2026-08-23 10:07:47.332797,6301,4854,2705,1
2026-08-23 10:07:47.332817,6198,4416,0,1
2026-08-23 10:07:47.332837,6280,5137,3098,1
2026-08-23 10:07:47.332857,6176,4537,0,1
2026-08-23 10:07:47.332877,6283,5215,2811,1
2026-08-23 10:07:47.332897,6189,4674,0,1
2026-08-23 10:07:47.332917,6283,5289,2817,1
2026-08-23 10:07:47.332937,6189,4730,0,1
2026-08-23 10:07:47.332957,6278,5330,2676,1
2026-08-23 10:07:47.332977,6205,4816,14,1
2026-08-23 10:07:47.332997,6286,5384,3051,1
2026-08-23 10:07:47.333017,6175,4773,0,1
2026-08-23 10:07:47.333037,6249,5203,1506,1
2026-08-23 10:07:47.352784,6156,4348,0,1
2026-08-23 10:07:47.352804,6297,5063,2967,1
2026-08-23 10:07:47.352824,6197,4547,0,1
2026-08-23 10:07:47.352844,6276,5239,2771,1
2026-08-23 10:07:47.352864,6193,4668,0,1
2026-08-23 10:07:47.352884,6276,5278,2658,1
2026-08-23 10:07:47.352904,6204,4773,0,1
2026-08-23 10:07:47.352924,6298,5364,3217,1
2026-08-23 10:07:47.352944,6176,4749,0,1
2026-08-23 10:07:47.352964,6278,5384,2937,1
2026-08-23 10:07:47.352984,6199,4818,0,1
2026-08-23 10:07:47.353004,6283,5430,2948,1
2026-08-23 10:07:47.353024,6189,4747,0,1
2026-08-23 10:07:47.372040,6298,4824,2734,1
2026-08-23 10:07:47.372060,6178,4376,0,1
2026-08-23 10:07:47.372080,6283,5058,2729,1
2026-08-23 10:07:47.372100,6203,4658,0,1
2026-08-23 10:07:47.372120,6276,5269,2915,1
2026-08-23 10:07:47.372140,6156,4681,0,1
2026-08-23 10:07:47.372160,6210,5154,782,1
2026-08-23 10:07:47.372180,6195,4823,0,1
2026-08-23 10:07:47.372200,6269,5391,2548,1
2026-08-23 10:07:47.372220,6194,4845,0,1
2026-08-23 10:07:47.372240,6275,5383,2738,1
2026-08-23 10:07:47.372260,6177,4816,0,1
2026-08-23 10:07:47.372280,6302,5389,3185,1
2026-08-23 10:07:47.391814,6244,4320,0,1
2026-08-23 10:07:47.391834,6290,5049,2946,1
2026-08-23 10:07:47.391855,6175,4522,0,1
2026-08-23 10:07:47.391875,6242,5092,1716,1
2026-08-23 10:07:47.391895,6196,4740,0,1
2026-08-23 10:07:47.391915,6262,5289,2644,1
2026-08-23 10:07:47.391935,6196,4769,0,1
2026-08-23 10:07:47.391955,6218,5216,955,1
2026-08-23 10:07:47.391974,6201,4879,0,1
2026-08-23 10:07:47.391994,6281,5408,2894,1
2026-08-23 10:07:47.392015,6200,4874,0,1
2026-08-23 10:07:47.392035,6289,5387,2854,1
2026-08-23 10:07:47.392055,6186,4819,0,1
2026-08-23 10:07:47.411904,6289,4813,2456,1
2026-08-23 10:07:47.411924,6183,4441,0,1
2026-08-23 10:07:47.411944,6268,5134,2607,1
2026-08-23 10:07:47.411964,6199,4687,4,1
2026-08-23 10:07:47.411984,6282,5283,3099,1
2026-08-23 10:07:47.412004,6159,4701,0,1
2026-08-23 10:07:47.412024,6274,5348,3189,1
2026-08-23 10:07:47.412045,6189,4751,0,1
2026-08-23 10:07:47.412064,6272,5301,2542,1
2026-08-23 10:07:47.412084,6186,4813,0,1
2026-08-23 10:07:47.412104,6256,5330,2371,1
2026-08-23 10:07:47.412124,6178,4787,0,1
2026-08-23 10:07:47.412144,6288,5394,2944,1
2026-08-23 10:07:47.431639,6222,4262,0,1
2026-08-23 10:07:47.431659,6279,5016,2930,1
2026-08-23 10:07:47.431679,6202,4572,0,1
2026-08-23 10:07:47.431699,6274,5196,2779,1
2026-08-23 10:07:47.431719,6177,4663,0,1
2026-08-23 10:07:47.431739,6269,5300,2651,1
2026-08-23 10:07:47.431759,6204,4787,0,1
2026-08-23 10:07:47.431779,6303,5405,3227,1
2026-08-23 10:07:47.431799,6175,4745,0,1
2026-08-23 10:07:47.431819,6286,5347,2952,1
2026-08-23 10:07:47.431839,6202,4839,0,1
2026-08-23 10:07:47.431859,6290,5370,2943,1
2026-08-23 10:07:47.431879,6181,4804,0,1
2026-08-23 10:07:47.451607,6294,4861,2746,1
2026-08-23 10:07:47.451627,6168,4415,0,1
2026-08-23 10:07:47.451647,6279,5060,2727,1
2026-08-23 10:07:47.451667,6206,4639,0,1
2026-08-23 10:07:47.451687,6281,5247,2900,1
2026-08-23 10:07:47.451707,6176,4714,0,1
2026-08-23 10:07:47.451727,6227,5210,1422,1
2026-08-23 10:07:47.451747,6192,4789,0,1
2026-08-23 10:07:47.451767,6278,5350,2544,1
2026-08-23 10:07:47.451787,6190,4847,0,1
2026-08-23 10:07:47.451807,6279,5410,2948,1
2026-08-23 10:07:47.451827,6169,4818,0,1
2026-08-23 10:07:47.451847,6294,5413,3102,1
2026-08-23 10:07:47.471508,6212,4281,0,1
2026-08-23 10:07:47.471528,6288,4995,2970,1
2026-08-23 10:07:47.471548,6198,4544,0,1
2026-08-23 10:07:47.471568,6282,5220,3047,1
2026-08-23 10:07:47.471588,6174,4689,0,1
2026-08-23 10:07:47.471608,6276,5295,2704,1
2026-08-23 10:07:47.471628,6196,4801,10,1
2026-08-23 10:07:47.471648,6284,5394,3291,1
2026-08-23 10:07:47.471668,6173,4732,0,1
2026-08-23 10:07:47.471688,6284,5351,3000,1
2026-08-23 10:07:47.471708,6239,4834,22,1
2026-08-23 10:07:47.471728,6274,5389,2786,1
2026-08-23 10:07:47.471748,6165,4801,0,1
2026-08-23 10:07:47.491241,6295,4903,2768,1
2026-08-23 10:07:47.491261,6241,4401,0,1
2026-08-23 10:07:47.491281,6290,5093,2980,1
2026-08-23 10:07:47.491301,6192,4581,0,1
2026-08-23 10:07:47.491321,6276,5236,2803,1
2026-08-23 10:07:47.491341,6186,4676,0,1
2026-08-23 10:07:47.491361,6275,5312,2590,1
2026-08-23 10:07:47.491381,6180,4767,0,1
2026-08-23 10:07:47.491401,6271,5347,2635,1
2026-08-23 10:07:47.491421,6206,4816,6,1
2026-08-23 10:07:47.491441,6280,5384,3095,1
2026-08-23 10:07:47.491461,6173,4745,0,1
2026-08-23 10:07:47.491481,6130,5045,0,1
2026-08-23 10:07:47.511178,6215,4315,0,1
2026-08-23 10:07:47.511198,6285,5012,3041,1
2026-08-23 10:07:47.511218,6216,4621,6,1
2026-08-23 10:07:47.511238,6276,5236,2884,1
2026-08-23 10:07:47.511258,6187,4669,0,1
2026-08-23 10:07:47.511278,6275,5312,2801,1
2026-08-23 10:07:47.511298,6197,4772,16,1
2026-08-23 10:07:47.511318,6279,5342,3093,1
2026-08-23 10:07:47.511338,6181,4774,0,1
2026-08-23 10:07:47.511358,6287,5396,3154,1
2026-08-23 10:07:47.511378,6197,4805,0,1
2026-08-23 10:07:47.511398,6279,5333,2689,1
2026-08-23 10:07:47.511418,6213,4757,0,1
2026-08-23 10:07:47.531135,6298,4816,2601,1
2026-08-23 10:07:47.531155,6193,4415,0,1
2026-08-23 10:07:47.531175,6248,5045,1808,1
2026-08-23 10:07:47.531195,6181,4658,0,1
2026-08-23 10:07:47.531215,6279,5250,2832,1
2026-08-23 10:07:47.531235,6206,4748,0,1
2026-08-23 10:07:47.531255,6275,5368,2876,1
2026-08-23 10:07:47.531275,6174,4764,0,1
2026-08-23 10:07:47.531295,6246,5405,2822,1
2026-08-23 10:07:47.531315,6207,4840,0,1
2026-08-23 10:07:47.531335,6279,5403,2870,1
2026-08-23 10:07:47.531355,6172,4802,0,1
2026-08-23 10:07:47.531375,6276,5313,2446,1
2026-08-23 10:07:47.551010,6206,4197,0,1
2026-08-23 10:07:47.551030,6289,5012,3349,1
2026-08-23 10:07:47.551050,6205,4496,0,1
2026-08-23 10:07:47.551070,6278,5145,2737,1
2026-08-23 10:07:47.551090,6192,4644,0,1
2026-08-23 10:07:47.551111,6280,5276,3008,1
2026-08-23 10:07:47.551131,6201,4703,0,1
2026-08-23 10:07:47.551151,6281,5314,2986,1
2026-08-23 10:07:47.551170,6164,4736,0,1
2026-08-23 10:07:47.551190,6287,5403,3348,1
2026-08-23 10:07:47.551210,6182,4754,0,1
2026-08-23 10:07:47.551230,6272,5334,2649,1
2026-08-23 10:07:47.551250,6199,4784,0,1
2026-08-23 10:07:47.571110,6299,4825,2598,1
2026-08-23 10:07:47.571130,6190,4470,0,1
2026-08-23 10:07:47.571150,6224,5004,1153,1
2026-08-23 10:07:47.571170,6186,4650,0,1
2026-08-23 10:07:47.571190,6282,5311,2834,1
2026-08-23 10:07:47.571210,6203,4810,0,1
2026-08-23 10:07:47.571230,6279,5362,2829,1
2026-08-23 10:07:47.571250,6168,4776,0,1
2026-08-23 10:07:47.571270,6268,5375,2858,1
2026-08-23 10:07:47.571290,6199,4818,0,1
2026-08-23 10:07:47.571310,6277,5365,2858,1
2026-08-23 10:07:47.571330,6184,4787,0,1
2026-08-23 10:07:47.571350,6279,5354,2929,1
2026-08-23 10:07:47.590823,6196,4193,0,1
2026-08-23 10:07:47.590843,6292,5017,3451,1
2026-08-23 10:07:47.590863,6196,4426,0,1
2026-08-23 10:07:47.590883,6263,5103,2675,1
2026-08-23 10:07:47.590903,6195,4638,0,1
2026-08-23 10:07:47.590923,6288,5294,3133,1
2026-08-23 10:07:47.590943,6199,4663,0,1
2026-08-23 10:07:47.590963,6282,5323,2955,1
2026-08-23 10:07:47.590983,6163,4723,0,1
2026-08-23 10:07:47.591003,6173,5130,95,1
2026-08-23 10:07:47.591023,6198,4858,0,1
2026-08-23 10:07:47.591043,6277,5387,2659,1
2026-08-23 10:07:47.591063,6194,4830,0,1
2026-08-23 10:07:47.610528,6295,4873,2632,1
2026-08-23 10:07:47.610548,6181,4489,0,1
2026-08-23 10:07:47.610568,6152,4855,0,1
2026-08-23 10:07:47.610588,6195,4708,0,1
2026-08-23 10:07:47.610608,6278,5289,2815,1
2026-08-23 10:07:47.610628,6188,4790,0,1
2026-08-23 10:07:47.610648,6282,5381,3085,1
2026-08-23 10:07:47.610668,6172,4775,0,1
2026-08-23 10:07:47.610688,6272,5344,2680,1
2026-08-23 10:07:47.610708,6210,4811,4,1
2026-08-23 10:07:47.610728,6276,5420,3048,1
2026-08-23 10:07:47.610748,6163,4743,0,1
2026-08-23 10:07:47.610768,6125,5025,0,1
2026-08-23 10:07:47.630141,6153,4263,0,1
2026-08-23 10:07:47.630161,6290,5019,3016,1
2026-08-23 10:07:47.630181,6216,4547,0,1
2026-08-23 10:07:47.630201,6279,5254,2974,1
2026-08-23 10:07:47.630221,6183,4701,0,1
2026-08-23 10:07:47.630241,6274,5318,2732,1
2026-08-23 10:07:47.630261,6216,4767,8,1
2026-08-23 10:07:47.630281,6288,5363,3228,1
2026-08-23 10:07:47.630301,6169,4758,0,1
2026-08-23 10:07:47.630321,6293,5381,3053,1
2026-08-23 10:07:47.630341,6203,4787,8,1
2026-08-23 10:07:47.630361,6275,5379,2762,1
2026-08-23 10:07:47.630381,6200,4806,0,1
2026-08-23 10:07:47.648162,6295,4834,2769,1
2026-08-23 10:07:47.648182,6182,4425,0,1
2026-08-23 10:07:47.648202,6281,5151,2990,1
2026-08-23 10:07:47.648222,6171,4544,0,1
2026-08-23 10:07:47.648242,6273,5250,2794,1
2026-08-23 10:07:47.648262,6181,4726,0,1
2026-08-23 10:07:47.648282,6281,5327,2699,1
2026-08-23 10:07:47.648302,6187,4740,0,1
2026-08-23 10:07:47.648322,6274,5323,2665,1
2026-08-23 10:07:47.648342,6208,4871,13,1
2026-08-23 10:07:47.648362,6285,5416,3022,1
2026-08-23 10:07:47.648382,6169,4764,0,1
2026-08-23 10:07:47.665401,6294,4923,2836,1
2026-08-23 10:07:47.665421,6167,4379,0,1
2026-08-23 10:07:47.665441,6282,5095,3039,1
2026-08-23 10:07:47.665461,6206,4648,0,1
2026-08-23 10:07:47.665481,6268,5244,2535,1
2026-08-23 10:07:47.665501,6185,4742,0,1
2026-08-23 10:07:47.665521,6257,5294,2199,1
2026-08-23 10:07:47.665541,6183,4762,0,1
2026-08-23 10:07:47.665561,6279,5354,2846,1
2026-08-23 10:07:47.665581,6212,4855,0,1
2026-08-23 10:07:47.665601,6281,5409,2798,1
2026-08-23 10:07:47.665621,6197,4777,0,1
2026-08-23 10:07:47.681569,6301,5014,3382,1
2026-08-23 10:07:47.681589,6183,4493,0,1
2026-08-23 10:07:47.681609,6275,5133,2488,1
2026-08-23 10:07:47.681629,6198,4680,0,1
2026-08-23 10:07:47.681649,6285,5307,3149,1
2026-08-23 10:07:47.681669,6158,4737,0,1
2026-08-23 10:07:47.681689,6269,5358,3039,1
2026-08-23 10:07:47.681709,6199,4780,0,1
2026-08-23 10:07:47.681729,6273,5330,2589,1
2026-08-23 10:07:47.681749,6185,4801,0,1
2026-08-23 10:07:47.681769,6244,5244,1227,1
2026-08-23 10:07:47.697892,6237,4394,0,1
2026-08-23 10:07:47.697912,6280,5057,2681,1
2026-08-23 10:07:47.697932,6203,4650,0,1
2026-08-23 10:07:47.697952,6289,5290,3239,1
2026-08-23 10:07:47.697972,6176,4697,0,1
2026-08-23 10:07:47.697992,6278,5321,2964,1
2026-08-23 10:07:47.698012,6207,4765,0,1
2026-08-23 10:07:47.698032,6287,5380,2929,1
2026-08-23 10:07:47.698052,6171,4764,0,1
2026-08-23 10:07:47.698072,6277,5346,2778,1
2026-08-23 10:07:47.698092,6211,4774,0,1
2026-08-23 10:07:47.714396,6309,4936,2606,1
2026-08-23 10:07:47.714416,6183,4541,0,1
2026-08-23 10:07:47.714436,6243,5136,1899,1
2026-08-23 10:07:47.714456,6178,4714,0,1
2026-08-23 10:07:47.714476,6280,5326,2847,1
2026-08-23 10:07:47.714496,6198,4793,0,1
2026-08-23 10:07:47.714516,6271,5347,2860,1
2026-08-23 10:07:47.714536,6202,4797,0,1
2026-08-23 10:07:47.714556,6208,5393,2845,1
2026-08-23 10:07:47.714576,6196,4793,0,1
2026-08-23 10:07:47.714596,6279,5354,2865,1
2026-08-23 10:07:47.732939,6222,4383,0,1
2026-08-23 10:07:47.732960,6290,5104,2975,1
2026-08-23 10:07:47.732980,6188,4567,0,1
2026-08-23 10:07:47.733000,6278,5244,2908,1
2026-08-23 10:07:47.733020,6201,4735,0,1
2026-08-23 10:07:47.733040,6288,5347,3049,1
2026-08-23 10:07:47.733060,6179,4764,0,1
2026-08-23 10:07:47.733079,6270,5317,2617,1
2026-08-23 10:07:47.733099,6198,4831,18,1
2026-08-23 10:07:47.733119,6256,5390,3208,1
2026-08-23 10:07:47.733140,6172,4784,0,1
2026-08-23 10:07:47.733160,6290,5393,3210,1
2026-08-23 10:07:47.754153,6240,4343,0,1
2026-08-23 10:07:47.754174,6367,5017,2978,1
2026-08-23 10:07:47.754194,6185,4553,0,1
2026-08-23 10:07:47.754214,6157,4942,0,1
2026-08-23 10:07:47.754234,6197,4781,0,1
2026-08-23 10:07:47.754254,6282,5341,2673,1
2026-08-23 10:07:47.754274,6191,4782,0,1
2026-08-23 10:07:47.754294,6285,5418,3199,1
2026-08-23 10:07:47.754314,6174,4710,0,1
2026-08-23 10:07:47.754333,6279,5354,2927,1
2026-08-23 10:07:47.754354,6180,4765,0,1
2026-08-23 10:07:47.754374,6203,5211,1052,1
2026-08-23 10:07:47.754394,6202,4816,0,1
2026-08-23 10:07:47.754414,6280,5396,2683,1
2026-08-23 10:07:47.773945,6246,4242,0,1
2026-08-23 10:07:47.773965,6284,4983,2779,1
2026-08-23 10:07:47.773985,6200,4497,0,1
2026-08-23 10:07:47.774005,6271,5202,3080,1
2026-08-23 10:07:47.774025,6198,4658,0,1
2026-08-23 10:07:47.774045,6282,5256,3007,1
2026-08-23 10:07:47.774065,6174,4725,0,1
2026-08-23 10:07:47.774085,6278,5386,3321,1
2026-08-23 10:07:47.774105,6191,4732,0,1
2026-08-23 10:07:47.774125,6268,5354,2708,1
2026-08-23 10:07:47.774145,6193,4809,0,1
2026-08-23 10:07:47.774165,6279,5291,589,1
2026-08-23 10:07:47.774185,6203,4782,0,1
2026-08-23 10:07:47.793992,6305,4873,2919,1
2026-08-23 10:07:47.794012,6206,4390,0,1
2026-08-23 10:07:47.794032,6273,5096,2787,1
2026-08-23 10:07:47.794052,6174,4575,0,1
2026-08-23 10:07:47.794072,6273,5209,2542,1
2026-08-23 10:07:47.794092,6172,4723,0,1
2026-08-23 10:07:47.794112,6267,5327,2645,1
2026-08-23 10:07:47.794132,6203,4825,7,1
2026-08-23 10:07:47.794152,6275,5373,3030,1
2026-08-23 10:07:47.794172,6163,4754,0,1
2026-08-23 10:07:47.794192,6189,5415,3245,1
2026-08-23 10:07:47.794212,6197,4751,0,1
2026-08-23 10:07:47.794232,6285,5352,2571,1
2026-08-23 10:07:47.813539,6235,4252,0,1
2026-08-23 10:07:47.813559,6282,4962,2670,1
2026-08-23 10:07:47.813579,6192,4534,0,1
2026-08-23 10:07:47.813599,6161,4924,0,1
2026-08-23 10:07:47.813619,6200,4726,0,1
2026-08-23 10:07:47.813639,6273,5322,2908,1
2026-08-23 10:07:47.813659,6181,4797,0,1
2026-08-23 10:07:47.813679,6268,5329,2478,1
2026-08-23 10:07:47.813699,6185,4823,0,1
2026-08-23 10:07:47.813719,6279,5374,2652,1
2026-08-23 10:07:47.813739,6199,4816,0,1
2026-08-23 10:07:47.813759,6271,5351,2385,1
2026-08-23 10:07:47.813779,6187,4793,0,1
2026-08-23 10:07:47.832764,6159,4561,0,1
2026-08-23 10:07:47.832784,6188,4472,0,1
2026-08-23 10:07:47.832804,6269,5169,2813,1
2026-08-23 10:07:47.832824,6196,4663,0,1
2026-08-23 10:07:47.832844,6273,5287,2941,1
2026-08-23 10:07:47.832864,6174,4752,0,1
2026-08-23 10:07:47.832884,6274,5306,2757,1
2026-08-23 10:07:47.832904,6200,4788,0,1
2026-08-23 10:07:47.832924,6275,5358,2909,1
2026-08-23 10:07:47.832944,6169,4758,0,1
2026-08-23 10:07:47.832964,6149,5081,0,1
2026-08-23 10:07:47.832984,6189,4868,0,1
2026-08-23 10:07:47.833004,6286,5357,2685,1
2026-08-23 10:07:47.851618,6249,4382,4,1
2026-08-23 10:07:47.851638,6277,5059,2856,1
2026-08-23 10:07:47.851658,6190,4530,0,1
2026-08-23 10:07:47.851678,6277,5229,2819,1
2026-08-23 10:07:47.851698,6198,4730,4,1
2026-08-23 10:07:47.851718,6276,5295,3057,1
2026-08-23 10:07:47.851738,6174,4742,0,1
2026-08-23 10:07:47.851758,6284,5354,3219,1
2026-08-23 10:07:47.851778,6196,4789,0,1
2026-08-23 10:07:47.851798,6264,5320,2667,1
2026-08-23 10:07:47.851818,6182,4815,0,1
2026-08-23 10:07:47.851838,6123,5072,0,1
2026-08-23 10:07:47.851858,6189,4806,0,1
2026-08-23 10:07:47.870819,6254,4737,1293,1
2026-08-23 10:07:47.870839,6174,4464,0,1
2026-08-23 10:07:47.870859,6275,5162,2876,1
2026-08-23 10:07:47.870879,6204,4697,20,1
2026-08-23 10:07:47.870899,6274,5282,2693,1
2026-08-23 10:07:47.870919,6166,4726,0,1
2026-08-23 10:07:47.870939,6288,5329,3028,1
2026-08-23 10:07:47.870959,6179,4710,0,1
2026-08-23 10:07:47.870979,6269,5308,2791,1
2026-08-23 10:07:47.870999,6179,4778,0,1
2026-08-23 10:07:47.871019,6289,5359,2970,1
2026-08-23 10:07:47.871039,6184,4728,0,1
2026-08-23 10:07:47.890771,6217,4733,868,1
2026-08-23 10:07:47.890791,6194,4511,0,1
2026-08-23 10:07:47.890811,6275,5136,2731,1
2026-08-23 10:07:47.890831,6207,4698,4,1
2026-08-23 10:07:47.890851,6277,5325,3027,1
2026-08-23 10:07:47.890871,6157,4703,0,1
2026-08-23 10:07:47.890891,6286,5385,3844,1
2026-08-23 10:07:47.890911,6190,4770,0,1
2026-08-23 10:07:47.890931,6272,5286,2527,1
2026-08-23 10:07:47.890951,6192,4820,0,1
2026-08-23 10:07:47.890971,6271,5364,2578,1
2026-08-23 10:07:47.890991,6178,4775,0,1
2026-08-23 10:07:47.891011,6279,5339,3049,1
2026-08-23 10:07:47.910791,6204,4198,0,1
2026-08-23 10:07:47.910811,6280,4970,2993,1
2026-08-23 10:07:47.910831,6197,4510,0,1
2026-08-23 10:07:47.910851,6276,5198,2967,1
2026-08-23 10:07:47.910872,6180,4663,0,1
2026-08-23 10:07:47.910892,6278,5288,2747,1
2026-08-23 10:07:47.910912,6214,4755,0,1
2026-08-23 10:07:47.910932,6277,5377,3163,1
2026-08-23 10:07:47.910951,6166,4718,0,1
2026-08-23 10:07:47.910971,6292,5380,3121,1
2026-08-23 10:07:47.910991,6204,4812,0,1
2026-08-23 10:07:47.911011,6322,5325,2675,1
2026-08-23 10:07:47.911031,6196,4768,0,1
2026-08-23 10:07:47.930753,6295,4843,2608,1
2026-08-23 10:07:47.930773,6183,4415,0,1
2026-08-23 10:07:47.930793,6127,4952,933,1
2026-08-23 10:07:47.930813,6165,4692,0,1
2026-08-23 10:07:47.930833,6278,5276,2831,1
2026-08-23 10:07:47.930853,6188,4800,0,1
2026-08-23 10:07:47.930873,6283,5374,2831,1
2026-08-23 10:07:47.930893,6176,4756,0,1
2026-08-23 10:07:47.930913,6283,5352,2851,1
2026-08-23 10:07:47.930933,6188,4817,0,1
2026-08-23 10:07:47.930953,6281,5352,2815,1
2026-08-23 10:07:47.930973,6177,4803,0,1
2026-08-23 10:07:47.930993,6276,5374,2868,1
2026-08-23 10:07:47.950471,6206,4182,0,1
2026-08-23 10:07:47.950491,6284,4969,3412,1
2026-08-23 10:07:47.950511,6199,4434,0,1
2026-08-23 10:07:47.950531,6273,5075,2711,1
2026-08-23 10:07:47.950551,6183,4656,0,1
2026-08-23 10:07:47.950571,6281,5286,3107,1
2026-08-23 10:07:47.950591,6186,4669,0,1
2026-08-23 10:07:47.950611,6277,5274,2974,1
2026-08-23 10:07:47.950631,6175,4714,0,1
2026-08-23 10:07:47.950651,6157,5038,0,1
2026-08-23 10:07:47.950671,6193,4861,0,1
2026-08-23 10:07:47.950691,6276,5392,2681,1
2026-08-23 10:07:47.950711,6195,4842,0,1
2026-08-23 10:07:47.970208,6299,4857,2661,1
2026-08-23 10:07:47.970228,6179,4463,0,1
2026-08-23 10:07:47.970248,6120,4867,0,1
2026-08-23 10:07:47.970268,6195,4690,0,1
2026-08-23 10:07:47.970288,6274,5300,2811,1
2026-08-23 10:07:47.970308,6186,4738,0,1
2026-08-23 10:07:47.970328,6279,5388,3102,1
2026-08-23 10:07:47.970348,6183,4744,0,1
2026-08-23 10:07:47.970368,6269,5358,2669,1
2026-08-23 10:07:47.970388,6203,4816,3,1
2026-08-23 10:07:47.970408,6283,5386,3055,1
2026-08-23 10:07:47.970428,6160,4758,0,1
2026-08-23 10:07:47.970448,6298,5384,3407,1
2026-08-23 10:07:47.990120,6206,4172,0,1
2026-08-23 10:07:47.990140,6290,4930,3035,1
2026-08-23 10:07:47.990160,6208,4484,18,1
2026-08-23 10:07:47.990180,6279,5147,2939,1
2026-08-23 10:07:47.990201,6184,4645,0,1
2026-08-23 10:07:47.990221,6279,5282,2756,1
2026-08-23 10:07:47.990241,6203,4750,3,1
2026-08-23 10:07:47.990261,6281,5344,3181,1
2026-08-23 10:07:47.990280,6171,4780,0,1
2026-08-23 10:07:47.990300,6279,5384,3056,1
2026-08-23 10:07:47.990320,6201,4821,5,1
2026-08-23 10:07:47.990340,6273,5341,2731,1
2026-08-23 10:07:47.990360,6205,4796,0,1
2026-08-23 10:07:48.009921,6286,4858,2739,1
2026-08-23 10:07:48.009941,6181,4390,0,1
2026-08-23 10:07:48.009961,6279,5143,3024,1
2026-08-23 10:07:48.009981,6173,4546,0,1
2026-08-23 10:07:48.010001,6281,5194,2772,1
2026-08-23 10:07:48.010021,6186,4684,0,1
2026-08-23 10:07:48.010041,6284,5285,2780,1
2026-08-23 10:07:48.010061,6186,4750,0,1
2026-08-23 10:07:48.010081,6275,5347,2650,1
2026-08-23 10:07:48.010101,6208,4811,12,1
2026-08-23 10:07:48.010121,6292,5414,3081,1
2026-08-23 10:07:48.010141,6172,4768,0,1
2026-08-23 10:07:48.010161,6157,5088,0,1
2026-08-23 10:07:48.029681,6211,4260,0,1
2026-08-23 10:07:48.029701,6285,5038,3016,1
2026-08-23 10:07:48.029721,6194,4579,4,1
2026-08-23 10:07:48.029741,6264,5199,2921,1
2026-08-23 10:07:48.029761,6176,4673,0,1
2026-08-23 10:07:48.029781,6274,5300,2770,1
2026-08-23 10:07:48.029801,6201,4788,8,1
2026-08-23 10:07:48.029821,6284,5359,3163,1
2026-08-23 10:07:48.029841,6105,4766,0,1
2026-08-23 10:07:48.029861,6278,5360,3110,1
2026-08-23 10:07:48.029881,6204,4796,0,1
2026-08-23 10:07:48.029901,6279,5384,2731,1
2026-08-23 10:07:48.029921,6190,4789,0,1
2026-08-23 10:07:48.049371,6294,4802,2665,1
2026-08-23 10:07:48.049391,6177,4391,0,1
2026-08-23 10:07:48.049411,6113,4778,0,1
2026-08-23 10:07:48.049431,6188,4587,0,1
2026-08-23 10:07:48.049451,6271,5265,2806,1
2026-08-23 10:07:48.049471,6182,4749,0,1
2026-08-23 10:07:48.049491,6284,5333,3042,1
2026-08-23 10:07:48.049511,6177,4767,0,1
2026-08-23 10:07:48.049531,6342,5352,2695,1
2026-08-23 10:07:48.049551,6206,4803,0,1
2026-08-23 10:07:48.049571,6279,5386,2996,1
2026-08-23 10:07:48.049591,6170,4752,0,1
2026-08-23 10:07:48.049611,6184,5128,92,1
2026-08-23 10:07:48.069195,6218,4328,0,1
2026-08-23 10:07:48.069215,6284,5017,3024,1
2026-08-23 10:07:48.069235,6200,4589,11,1
2026-08-23 10:07:48.069255,6285,5177,2945,1
2026-08-23 10:07:48.069275,6177,4665,0,1
2026-08-23 10:07:48.069295,6265,5272,2761,1
2026-08-23 10:07:48.069315,6202,4772,14,1
2026-08-23 10:07:48.069335,6282,5390,3198,1
2026-08-23 10:07:48.069355,6170,4734,0,1
2026-08-23 10:07:48.069375,6285,5346,3057,1
2026-08-23 10:07:48.069395,6194,4833,4,1
2026-08-23 10:07:48.069415,6271,5366,2746,1
2026-08-23 10:07:48.069435,6193,4761,0,1
2026-08-23 10:07:48.089174,6299,4823,2728,1
2026-08-23 10:07:48.089194,6174,4424,0,1
2026-08-23 10:07:48.089214,6273,5086,3016,1
2026-08-23 10:07:48.089234,6167,4513,0,1
2026-08-23 10:07:48.089254,6276,5184,2788,1
2026-08-23 10:07:48.089274,6193,4680,0,1
2026-08-23 10:07:48.089294,6276,5316,2819,1
2026-08-23 10:07:48.089314,6184,4707,0,1
2026-08-23 10:07:48.089334,6264,5307,2668,1
2026-08-23 10:07:48.089354,6204,4846,18,1
2026-08-23 10:07:48.089374,6279,5383,3003,1
2026-08-23 10:07:48.089394,6167,4737,0,1
2026-08-23 10:07:48.089414,6230,5238,1279,1
2026-08-23 10:07:48.109112,6203,4281,0,1
2026-08-23 10:07:48.109132,6292,5009,3164,1
2026-08-23 10:07:48.109152,6199,4560,4,1
2026-08-23 10:07:48.109172,6277,5182,2813,1
2026-08-23 10:07:48.109192,6191,4686,0,1
2026-08-23 10:07:48.109212,6284,5288,2874,1
2026-08-23 10:07:48.109232,6200,4733,0,1
2026-08-23 10:07:48.109252,6275,5364,3035,1
2026-08-23 10:07:48.109272,6176,4771,0,1
2026-08-23 10:07:48.109292,6283,5395,3242,1
2026-08-23 10:07:48.109312,6204,4750,0,1
2026-08-23 10:07:48.109332,6277,5350,2674,1
2026-08-23 10:07:48.109352,6207,4796,0,1
2026-08-23 10:07:48.129234,6290,4801,2593,1
2026-08-23 10:07:48.129254,6184,4433,0,1
2026-08-23 10:07:48.129274,6252,5019,1719,1
2026-08-23 10:07:48.129294,6184,4626,0,1
2026-08-23 10:07:48.129314,6283,5240,2831,1
2026-08-23 10:07:48.129334,6198,4754,0,1
2026-08-23 10:07:48.129354,6281,5320,2904,1
2026-08-23 10:07:48.129375,6177,4743,0,1
2026-08-23 10:07:48.129394,6280,5345,2788,1
2026-08-23 10:07:48.129414,6208,4801,0,1
2026-08-23 10:07:48.129434,6278,5405,2894,1
2026-08-23 10:07:48.129454,6173,4756,0,1
2026-08-23 10:07:48.129474,6274,5317,2394,1
2026-08-23 10:07:48.149097,6212,4178,0,1
2026-08-23 10:07:48.149117,6301,4990,3337,1
2026-08-23 10:07:48.149137,6201,4461,0,1
2026-08-23 10:07:48.149157,6272,5104,2745,1
2026-08-23 10:07:48.149177,6190,4634,0,1
2026-08-23 10:07:48.149197,6274,5274,2995,1
2026-08-23 10:07:48.149217,6191,4743,0,1
2026-08-23 10:07:48.149237,6279,5312,3003,1
2026-08-23 10:07:48.149257,6171,4744,0,1
2026-08-23 10:07:48.149277,6292,5373,3325,1
2026-08-23 10:07:48.149297,6152,4790,0,1
2026-08-23 10:07:48.149317,6275,5344,2666,1
2026-08-23 10:07:48.149337,6235,4802,0,1
2026-08-23 10:07:48.168537,6292,4826,2651,1
2026-08-23 10:07:48.168557,6183,4409,0,1
2026-08-23 10:07:48.168577,6132,4833,0,1
2026-08-23 10:07:48.168597,6174,4681,0,1
2026-08-23 10:07:48.168617,6268,5316,2817,1
2026-08-23 10:07:48.168638,6195,4764,0,1
2026-08-23 10:07:48.168658,6276,5380,2956,1
2026-08-23 10:07:48.168678,6176,4806,0,1
2026-08-23 10:07:48.168697,6267,5351,2745,1
2026-08-23 10:07:48.168717,6195,4823,0,1
2026-08-23 10:07:48.168737,6290,5380,2963,1
2026-08-23 10:07:48.168757,6171,4771,0,1
2026-08-23 10:07:48.168777,6234,5290,1699,1
2026-08-23 10:07:48.185018,6205,4259,0,1
2026-08-23 10:07:48.185038,6284,5033,3004,1
2026-08-23 10:07:48.185058,6191,4544,7,1
2026-08-23 10:07:48.185078,6281,5210,2876,1
2026-08-23 10:07:48.185098,6181,4680,0,1
2026-08-23 10:07:48.185118,6276,5274,2802,1
2026-08-23 10:07:48.185138,6203,4781,14,1
2026-08-23 10:07:48.185158,6269,5346,3131,1
2026-08-23 10:07:48.185178,6158,4743,0,1
2026-08-23 10:07:48.185198,6272,5398,3145,1
2026-08-23 10:07:48.185218,6209,4771,0,1
2026-08-23 10:07:48.204417,6301,4957,2938,1
2026-08-23 10:07:48.204437,6161,4462,0,1
2026-08-23 10:07:48.204457,6220,5015,1094,1
2026-08-23 10:07:48.204477,6183,4700,0,1
2026-08-23 10:07:48.204497,6269,5289,2573,1
2026-08-23 10:07:48.204517,6199,4843,0,1
2026-08-23 10:07:48.204537,6279,5422,3226,1
2026-08-23 10:07:48.204557,6164,4782,0,1
2026-08-23 10:07:48.204577,6278,5367,2972,1
2026-08-23 10:07:48.204597,6205,4825,14,1
2026-08-23 10:07:48.204617,6275,5393,2716,1
2026-08-23 10:07:48.204637,6188,4778,0,1
2026-08-23 10:07:48.204657,6262,5260,1859,1
2026-08-23 10:07:48.224260,6231,4309,0,1
2026-08-23 10:07:48.224280,6264,4983,2717,1
2026-08-23 10:07:48.224300,6199,4561,0,1
2026-08-23 10:07:48.224320,6289,5226,3242,1
2026-08-23 10:07:48.224340,6180,4642,0,1
2026-08-23 10:07:48.224360,6267,5266,2938,1
2026-08-23 10:07:48.224380,6189,4728,0,1
2026-08-23 10:07:48.224400,6287,5344,3097,1
2026-08-23 10:07:48.224420,6186,4751,0,1
2026-08-23 10:07:48.224440,6276,5369,2695,1
2026-08-23 10:07:48.224460,6194,4844,0,1
2026-08-23 10:07:48.224480,6285,5379,3211,1
2026-08-23 10:07:48.224500,6183,4765,0,1
2026-08-23 10:07:48.244349,6294,4833,2722,1
2026-08-23 10:07:48.244369,6185,4364,0,1
2026-08-23 10:07:48.244389,6268,5052,2907,1
2026-08-23 10:07:48.244409,6199,4650,0,1
2026-08-23 10:07:48.244429,6272,5248,2766,1
2026-08-23 10:07:48.244449,6170,4673,0,1
2026-08-23 10:07:48.244469,6275,5320,2944,1
2026-08-23 10:07:48.244489,6182,4749,0,1
2026-08-23 10:07:48.244509,6277,5305,2836,1
2026-08-23 10:07:48.244529,6165,4779,0,1
2026-08-23 10:07:48.244549,6246,5273,2005,1
2026-08-23 10:07:48.244569,6187,4786,0,1
2026-08-23 10:07:48.244589,6273,5362,2606,1
2026-08-23 10:07:48.264062,6231,4266,0,1
2026-08-23 10:07:48.264082,6290,4938,2689,1
2026-08-23 10:07:48.264102,6194,4546,0,1
2026-08-23 10:07:48.264122,6187,4987,271,1
2026-08-23 10:07:48.264142,6186,4743,0,1
2026-08-23 10:07:48.264162,6278,5320,2920,1
2026-08-23 10:07:48.264182,6186,4801,0,1
2026-08-23 10:07:48.264202,6237,5316,2078,1
2026-08-23 10:07:48.264222,6183,4796,0,1
2026-08-23 10:07:48.264242,6272,5367,2647,1
2026-08-23 10:07:48.264262,6196,4845,0,1
2026-08-23 10:07:48.264282,6284,5421,2932,1
2026-08-23 10:07:48.264302,6183,4779,0,1
2026-08-23 10:07:48.284030,6310,4912,3199,1
2026-08-23 10:07:48.284050,6165,4355,0,1
2026-08-23 10:07:48.284070,6275,5014,2804,1
2026-08-23 10:07:48.284090,6190,4590,0,1
2026-08-23 10:07:48.284110,6273,5266,2898,1
2026-08-23 10:07:48.284130,6115,4700,0,1
2026-08-23 10:07:48.284150,6274,5312,2717,1
2026-08-23 10:07:48.284170,6206,4772,5,1
2026-08-23 10:07:48.284190,6275,5366,2932,1
2026-08-23 10:07:48.284210,6162,4736,0,1
2026-08-23 10:07:48.284230,6153,5089,0,1
2026-08-23 10:07:48.284250,6196,4781,0,1
2026-08-23 10:07:48.284270,6274,5294,2596,1
2026-08-23 10:07:48.303440,6231,4240,0,1
2026-08-23 10:07:48.303460,6279,5003,2716,1
2026-08-23 10:07:48.303480,6220,4496,0,1
2026-08-23 10:07:48.303500,6273,5227,3090,1
2026-08-23 10:07:48.303520,6185,4620,0,1
2026-08-23 10:07:48.303540,6276,5277,2957,1
2026-08-23 10:07:48.303560,6178,4700,0,1
2026-08-23 10:07:48.303580,6166,5105,0,1
2026-08-23 10:07:48.303600,6195,4834,0,1
2026-08-23 10:07:48.303620,6271,5408,2665,1
2026-08-23 10:07:48.303640,6175,4901,0,1
2026-08-23 10:07:48.303660,6164,5171,0,1
2026-08-23 10:07:48.303680,6184,4877,0,1
2026-08-23 10:07:48.323479,6308,4923,2851,1
2026-08-23 10:07:48.323499,6195,4473,0,1
2026-08-23 10:07:48.323519,6270,5144,2822,1
2026-08-23 10:07:48.323539,6170,4660,0,1
2026-08-23 10:07:48.323559,6282,5250,2806,1
2026-08-23 10:07:48.323579,6176,4740,0,1
2026-08-23 10:07:48.323599,6267,5333,2612,1
2026-08-23 10:07:48.323619,6211,4803,13,1
2026-08-23 10:07:48.323639,6274,5418,3117,1
2026-08-23 10:07:48.323659,6168,4765,0,1
2026-08-23 10:07:48.323679,6282,5379,3151,1
2026-08-23 10:07:48.323699,6202,4800,0,1
2026-08-23 10:07:48.323719,6280,5320,2544,1
2026-08-23 10:07:48.343495,6238,4249,0,1
2026-08-23 10:07:48.343515,6273,4936,2693,1
2026-08-23 10:07:48.343535,6181,4494,0,1
2026-08-23 10:07:48.343555,6284,5188,3122,1
2026-08-23 10:07:48.343575,6177,4629,0,1
2026-08-23 10:07:48.343595,6280,5277,2836,1
2026-08-23 10:07:48.343615,6184,4692,0,1
2026-08-23 10:07:48.343635,6199,5155,440,1
2026-08-23 10:07:48.343655,6199,4812,0,1
2026-08-23 10:07:48.343675,6272,5403,2602,1
2026-08-23 10:07:48.343695,6191,4852,0,1
2026-08-23 10:07:48.343715,6271,5379,2848,1
2026-08-23 10:07:48.343735,6182,4755,0,1
2026-08-23 10:07:48.363475,6208,4690,560,1
2026-08-23 10:07:48.363495,6168,4466,0,1
2026-08-23 10:07:48.363515,6283,5144,2835,1
2026-08-23 10:07:48.363535,6198,4698,0,1
2026-08-23 10:07:48.363555,6270,5271,2829,1
2026-08-23 10:07:48.363575,6164,4719,0,1
2026-08-23 10:07:48.363595,6277,5359,2868,1
2026-08-23 10:07:48.363616,6185,4775,0,1
2026-08-23 10:07:48.363635,6275,5343,2849,1
2026-08-23 10:07:48.363655,6177,4779,0,1
2026-08-23 10:07:48.363675,6264,5354,2448,1
2026-08-23 10:07:48.363695,6189,4785,0,1
2026-08-23 10:07:48.363715,6271,5352,2641,1
2026-08-23 10:07:48.383395,6233,4256,0,1
2026-08-23 10:07:48.383415,6280,4930,2627,1
2026-08-23 10:07:48.383435,6071,4547,0,1
2026-08-23 10:07:48.383455,6272,5191,2764,1
2026-08-23 10:07:48.383475,6185,4650,0,1
2026-08-23 10:07:48.383495,6277,5293,2908,1
2026-08-23 10:07:48.383515,6183,4731,0,1
2026-08-23 10:07:48.383535,6277,5344,3164,1
2026-08-23 10:07:48.383555,6185,4741,0,1
2026-08-23 10:07:48.383575,6274,5319,2670,1
2026-08-23 10:07:48.383595,6211,4814,0,1
2026-08-23 10:07:48.383615,6278,5394,3139,1
2026-08-23 10:07:48.383635,6178,4758,0,1
2026-08-23 10:07:48.403364,6294,4830,2538,1
2026-08-23 10:07:48.403384,6169,4379,0,1
2026-08-23 10:07:48.403404,6276,5103,2912,1
2026-08-23 10:07:48.403424,6203,4588,26,1
2026-08-23 10:07:48.403444,6274,5223,2744,1
2026-08-23 10:07:48.403464,6172,4720,0,1
2026-08-23 10:07:48.403484,6275,5318,2920,1
2026-08-23 10:07:48.403504,6181,4729,0,1
2026-08-23 10:07:48.403524,6266,5343,2847,1
2026-08-23 10:07:48.403544,6181,4752,0,1
2026-08-23 10:07:48.403564,6246,5280,1960,1
2026-08-23 10:07:48.403584,6189,4814,0,1
2026-08-23 10:07:48.403604,6290,5351,2659,1
2026-08-23 10:07:48.423336,6241,4246,0,1
2026-08-23 10:07:48.423356,6278,4948,2680,1
2026-08-23 10:07:48.423376,6174,4518,0,1
2026-08-23 10:07:48.423396,6187,5017,294,1
2026-08-23 10:07:48.423416,6181,4745,0,1
2026-08-23 10:07:48.423436,6271,5370,2931,1
2026-08-23 10:07:48.423456,6191,4778,0,1
2026-08-23 10:07:48.423476,6249,5328,1936,1
2026-08-23 10:07:48.423496,6184,4842,0,1
2026-08-23 10:07:48.423516,6275,5407,2667,1
2026-08-23 10:07:48.423536,6196,4841,0,1
2026-08-23 10:07:48.423556,6282,5418,2806,1
2026-08-23 10:07:48.423576,6177,4803,0,1
2026-08-23 10:07:48.443293,6312,4874,3201,1
2026-08-23 10:07:48.443313,6165,4348,0,1
2026-08-23 10:07:48.443333,6270,5049,2807,1
2026-08-23 10:07:48.443353,6192,4580,0,1
2026-08-23 10:07:48.443373,6291,5229,3028,1
2026-08-23 10:07:48.443393,6172,4712,0,1
2026-08-23 10:07:48.443413,6275,5304,2708,1
2026-08-23 10:07:48.443433,6202,4780,0,1
2026-08-23 10:07:48.443453,6280,5393,2995,1
2026-08-23 10:07:48.443473,6161,4787,0,1
2026-08-23 10:07:48.443493,6281,5407,3920,1
2026-08-23 10:07:48.443513,6194,4762,0,1
2026-08-23 10:07:48.443533,6276,5311,2604,1
2026-08-23 10:07:48.463060,6248,4216,0,1
2026-08-23 10:07:48.463080,6277,4942,2694,1
2026-08-23 10:07:48.463100,6186,4500,0,1
2026-08-23 10:07:48.463120,6285,5218,3133,1
2026-08-23 10:07:48.463140,6186,4636,0,1
2026-08-23 10:07:48.463160,6267,5232,2913,1
2026-08-23 10:07:48.463180,6176,4694,0,1
2026-08-23 10:07:48.463200,6210,5177,1176,1
2026-08-23 10:07:48.463220,6200,4838,0,1
2026-08-23 10:07:48.463240,6276,5416,2658,1
2026-08-23 10:07:48.463260,6196,4833,0,1
2026-08-23 10:07:48.463280,6210,5230,1011,1
2026-08-23 10:07:48.463300,6190,4845,0,1
2026-08-23 10:07:48.483017,6179,4568,0,1
2026-08-23 10:07:48.483037,6169,4414,0,1
2026-08-23 10:07:48.483057,6264,5099,2788,1
2026-08-23 10:07:48.483077,6182,4619,0,1
2026-08-23 10:07:48.483097,6280,5289,3026,1
2026-08-23 10:07:48.483117,6169,4683,0,1
2026-08-23 10:07:48.483137,6282,5284,2705,1
2026-08-23 10:07:48.483157,6202,4813,34,1
2026-08-23 10:07:48.483177,6276,5378,2961,1
2026-08-23 10:07:48.483197,6167,4771,0,1
2026-08-23 10:07:48.483217,6286,5397,3293,1
2026-08-23 10:07:48.483237,6199,4702,0,1
2026-08-23 10:07:48.483257,6284,5277,2599,1
2026-08-23 10:07:48.502859,6235,4216,0,1
2026-08-23 10:07:48.502879,6278,4937,2679,1
2026-08-23 10:07:48.502899,6207,4528,0,1
2026-08-23 10:07:48.502919,6283,5049,368,1
2026-08-23 10:07:48.502939,6167,4662,0,1
2026-08-23 10:07:48.502959,6277,5286,2933,1
2026-08-23 10:07:48.502980,6174,4741,0,1
2026-08-23 10:07:48.503000,6237,5206,1476,1
2026-08-23 10:07:48.503019,6199,4821,0,1
2026-08-23 10:07:48.503039,6276,5350,2644,1
2026-08-23 10:07:48.503059,6192,4856,0,1
2026-08-23 10:07:48.503079,6282,5374,2905,1
2026-08-23 10:07:48.503099,6184,4783,0,1
2026-08-23 10:07:48.522695,6174,4564,0,1
2026-08-23 10:07:48.522715,6170,4467,0,1
2026-08-23 10:07:48.522735,6280,5158,2814,1
2026-08-23 10:07:48.522755,6199,4669,0,1
2026-08-23 10:07:48.522775,6276,5298,2889,1
2026-08-23 10:07:48.522795,6167,4699,0,1
2026-08-23 10:07:48.522815,6280,5313,2796,1
2026-08-23 10:07:48.522835,6193,4809,0,1
2026-08-23 10:07:48.522855,6276,5381,2886,1
2026-08-23 10:07:48.522875,6171,4782,0,1
2026-08-23 10:07:48.522895,6232,5278,1734,1
2026-08-23 10:07:48.522915,6195,4850,0,1
2026-08-23 10:07:48.522935,6284,5385,2615,1
2026-08-23 10:07:48.542251,6229,4239,0,1
2026-08-23 10:07:48.542271,6284,4964,2675,1
2026-08-23 10:07:48.542291,6191,4554,0,1
2026-08-23 10:07:48.542311,6158,4965,0,1
2026-08-23 10:07:48.542331,6196,4769,0,1
2026-08-23 10:07:48.542351,6278,5341,2937,1
2026-08-23 10:07:48.542371,6181,4796,0,1
2026-08-23 10:07:48.542391,6257,5320,2036,1
2026-08-23 10:07:48.542411,6183,4827,0,1
2026-08-23 10:07:48.542431,6271,5399,2651,1
2026-08-23 10:07:48.542451,6154,4860,0,1
2026-08-23 10:07:48.542471,6228,5298,1264,1
2026-08-23 10:07:48.542491,6182,4864,0,1
2026-08-23 10:07:48.562266,6306,4943,2926,1
2026-08-23 10:07:48.562286,6190,4455,0,1
2026-08-23 10:07:48.562306,6273,5148,2809,1
2026-08-23 10:07:48.562326,6183,4594,0,1
2026-08-23 10:07:48.562346,6276,5243,2857,1
2026-08-23 10:07:48.562366,6189,4700,0,1
2026-08-23 10:07:48.562386,6272,5295,2615,1
2026-08-23 10:07:48.562406,6205,4787,4,1
2026-08-23 10:07:48.562426,6274,5404,3158,1
2026-08-23 10:07:48.562446,6156,4786,0,1
2026-08-23 10:07:48.562466,6279,5355,3107,1
2026-08-23 10:07:48.562486,6200,4774,0,1
2026-08-23 10:07:48.562506,6270,5320,2584,1
2026-08-23 10:07:48.582240,6248,4227,0,1
2026-08-23 10:07:48.582260,6279,4964,2760,1
2026-08-23 10:07:48.582280,6169,4484,0,1
2026-08-23 10:07:48.582300,6277,5172,2965,1
2026-08-23 10:07:48.582320,6194,4635,0,1
2026-08-23 10:07:48.582340,6278,5250,2969,1
2026-08-23 10:07:48.582360,6170,4724,0,1
2026-08-23 10:07:48.582380,6278,5359,3344,1
2026-08-23 10:07:48.582400,6186,4752,0,1
2026-08-23 10:07:48.582420,6266,5324,2639,1
2026-08-23 10:07:48.582440,6172,4816,0,1
2026-08-23 10:07:48.582460,6238,5237,1379,1
2026-08-23 10:07:48.582480,6201,4803,0,1
2026-08-23 10:07:48.602317,6310,4913,3167,1
2026-08-23 10:07:48.602337,6169,4314,0,1
2026-08-23 10:07:48.602357,6262,5011,2774,1
2026-08-23 10:07:48.602377,6189,4566,0,1
2026-08-23 10:07:48.602397,6269,5230,2930,1
2026-08-23 10:07:48.602417,6181,4665,0,1
2026-08-23 10:07:48.602437,6257,5316,2767,1
2026-08-23 10:07:48.602458,6193,4797,0,1
2026-08-23 10:07:48.602477,6275,5341,2904,1
2026-08-23 10:07:48.602497,6162,4787,0,1
2026-08-23 10:07:48.602517,6221,5223,1202,1
2026-08-23 10:07:48.602537,6195,4862,0,1
2026-08-23 10:07:48.602557,6280,5352,2512,1
2026-08-23 10:07:48.622206,6234,4229,0,1
2026-08-23 10:07:48.622226,6281,4970,2658,1
2026-08-23 10:07:48.622246,6188,4525,0,1
2026-08-23 10:07:48.622266,6266,5162,2667,1
2026-08-23 10:07:48.622286,6181,4662,0,1
2026-08-23 10:07:48.622306,6278,5320,2929,1
2026-08-23 10:07:48.622326,6189,4776,0,1
2026-08-23 10:07:48.622346,6280,5344,3176,1
2026-08-23 10:07:48.622366,6182,4769,0,1
2026-08-23 10:07:48.622386,6271,5362,2676,1
2026-08-23 10:07:48.622406,6206,4810,0,1
2026-08-23 10:07:48.622426,6281,5365,3133,1
2026-08-23 10:07:48.622446,6185,4753,0,1
2026-08-23 10:07:48.642266,6287,4802,2684,1
2026-08-23 10:07:48.642286,6169,4372,0,1
2026-08-23 10:07:48.642306,6280,5049,2825,1
2026-08-23 10:07:48.642326,6192,4621,17,1
2026-08-23 10:07:48.642346,6271,5240,2757,1
2026-08-23 10:07:48.642366,6160,4712,0,1
2026-08-23 10:07:48.642386,6265,5336,2928,1
2026-08-23 10:07:48.642406,6183,4751,0,1
2026-08-23 10:07:48.642426,6274,5351,2847,1
2026-08-23 10:07:48.642446,6167,4790,0,1
2026-08-23 10:07:48.642466,6250,5308,1983,1
2026-08-23 10:07:48.642486,6189,4821,0,1
2026-08-23 10:07:48.642506,6286,5345,2637,1
2026-08-23 10:07:48.662184,6231,4250,0,1
2026-08-23 10:07:48.662204,6267,4959,2678,1
2026-08-23 10:07:48.662224,6194,4508,0,1
2026-08-23 10:07:48.662244,6214,5055,1057,1
2026-08-23 10:07:48.662264,6186,4741,0,1
2026-08-23 10:07:48.662284,6287,5349,2914,1
2026-08-23 10:07:48.662304,6186,4762,0,1
2026-08-23 10:07:48.662324,6263,5295,2432,1
2026-08-23 10:07:48.662344,6191,4784,0,1
2026-08-23 10:07:48.662364,6269,5359,2650,1
2026-08-23 10:07:48.662384,6192,4888,0,1
2026-08-23 10:07:48.662404,6290,5411,3141,1
2026-08-23 10:07:48.662424,6181,4796,0,1
2026-08-23 10:07:48.682222,6222,4675,566,1
2026-08-23 10:07:48.682242,6181,4468,0,1
2026-08-23 10:07:48.682262,6272,5159,2836,1
2026-08-23 10:07:48.682282,6202,4694,0,1
2026-08-23 10:07:48.682302,6269,5295,2868,1
2026-08-23 10:07:48.682322,6179,4727,0,1
2026-08-23 10:07:48.682342,6276,5311,2827,1
2026-08-23 10:07:48.682362,6195,4767,0,1
2026-08-23 10:07:48.682382,6276,5346,2886,1
2026-08-23 10:07:48.682402,6156,4786,0,1
2026-08-23 10:07:48.682422,6235,5300,1822,1
2026-08-23 10:07:48.682442,6185,4804,0,1
2026-08-23 10:07:48.682462,6276,5346,2645,1
2026-08-23 10:07:48.702263,6227,4234,0,1
2026-08-23 10:07:48.702283,6286,4929,2656,1
2026-08-23 10:07:48.702303,6191,4547,0,1
2026-08-23 10:07:48.702323,6268,5148,2587,1
2026-08-23 10:07:48.702343,6183,4683,0,1
2026-08-23 10:07:48.702363,6279,5300,2907,1
2026-08-23 10:07:48.702383,6184,4779,0,1
2026-08-23 10:07:48.702403,6275,5356,3174,1
2026-08-23 10:07:48.702423,6183,4777,0,1
2026-08-23 10:07:48.702443,6269,5356,2675,1
2026-08-23 10:07:48.702463,6198,4823,0,1
2026-08-23 10:07:48.702483,6287,5402,3093,1
2026-08-23 10:07:48.702503,6174,4715,0,1
2026-08-23 10:07:48.722360,6300,4817,2590,1
2026-08-23 10:07:48.722380,6173,4370,0,1
2026-08-23 10:07:48.722400,6281,5088,2860,1
2026-08-23 10:07:48.722420,6189,4638,3,1
2026-08-23 10:07:48.722440,6265,5236,2771,1
2026-08-23 10:07:48.722461,6171,4708,0,1
2026-08-23 10:07:48.722481,6273,5307,2910,1
2026-08-23 10:07:48.722501,6161,4735,0,1
2026-08-23 10:07:48.722520,6278,5335,2854,1
2026-08-23 10:07:48.722540,6178,4791,0,1
2026-08-23 10:07:48.722560,6250,5251,2023,1
2026-08-23 10:07:48.722580,6192,4782,0,1
2026-08-23 10:07:48.722600,6278,5339,2697,1
2026-08-23 10:07:48.742108,6226,4206,0,1
2026-08-23 10:07:48.742128,6274,4919,2691,1
2026-08-23 10:07:48.742148,6201,4543,0,1
2026-08-23 10:07:48.742168,6260,5130,2242,1
2026-08-23 10:07:48.742188,6217,4677,0,1
2026-08-23 10:07:48.742208,6279,5276,2917,1
2026-08-23 10:07:48.742228,6193,4757,0,1
2026-08-23 10:07:48.742248,6275,5379,2862,1
2026-08-23 10:07:48.742268,6183,4792,0,1
2026-08-23 10:07:48.742288,6268,5370,2672,1
2026-08-23 10:07:48.742308,6196,4856,0,1
2026-08-23 10:07:48.742328,6288,5430,3267,1
2026-08-23 10:07:48.742348,6178,4722,0,1
2026-08-23 10:07:48.762333,6254,4780,1782,1
2026-08-23 10:07:48.762353,6179,4416,0,1
2026-08-23 10:07:48.762373,6279,5135,2864,1
2026-08-23 10:07:48.762393,6198,4644,14,1
2026-08-23 10:07:48.762413,6267,5236,2742,1
2026-08-23 10:07:48.762433,6180,4731,0,1
2026-08-23 10:07:48.762453,6275,5341,2925,1
2026-08-23 10:07:48.762473,6196,4741,0,1
2026-08-23 10:07:48.762493,6278,5295,2833,1
2026-08-23 10:07:48.762513,6174,4790,0,1
2026-08-23 10:07:48.762533,6271,5339,2670,1
2026-08-23 10:07:48.762553,6182,4799,0,1
2026-08-23 10:07:48.762573,6277,5313,2696,1
2026-08-23 10:07:48.782140,6229,4224,0,1
2026-08-23 10:07:48.782161,6278,4948,2674,1
2026-08-23 10:07:48.782181,6191,4513,0,1
2026-08-23 10:07:48.782201,6274,5200,2917,1
2026-08-23 10:07:48.782221,6177,4634,0,1
2026-08-23 10:07:48.782241,6270,5265,2916,1
2026-08-23 10:07:48.782261,6192,4770,0,1
2026-08-23 10:07:48.782281,6275,5347,3149,1
2026-08-23 10:07:48.782300,6173,4773,0,1
2026-08-23 10:07:48.782320,6263,5357,2686,1
2026-08-23 10:07:48.782341,6190,4805,0,1
2026-08-23 10:07:48.782361,6285,5380,3128,1
2026-08-23 10:07:48.782381,6179,4751,0,1
2026-08-23 10:07:48.802263,6300,4822,2689,1
2026-08-23 10:07:48.802283,6167,4373,0,1
2026-08-23 10:07:48.802303,6274,5087,2890,1
2026-08-23 10:07:48.802323,6201,4644,2,1
2026-08-23 10:07:48.802343,6272,5215,2751,1
2026-08-23 10:07:48.802363,6171,4709,0,1
2026-08-23 10:07:48.802383,6278,5349,2929,1
2026-08-23 10:07:48.802403,6180,4746,0,1
2026-08-23 10:07:48.802423,6261,5335,2852,1
2026-08-23 10:07:48.802443,6171,4741,0,1
2026-08-23 10:07:48.802463,6246,5298,2001,1
2026-08-23 10:07:48.802483,6184,4785,0,1
2026-08-23 10:07:48.802503,6273,5353,2700,1
2026-08-23 10:07:48.822115,6237,4227,0,1
2026-08-23 10:07:48.822135,6281,4973,2698,1
2026-08-23 10:07:48.822155,6182,4504,0,1
2026-08-23 10:07:48.822175,6249,5089,2068,1
2026-08-23 10:07:48.822195,6193,4674,0,1
2026-08-23 10:07:48.822215,6276,5313,2870,1
2026-08-23 10:07:48.822235,6192,4778,0,1
2026-08-23 10:07:48.822255,6277,5333,2820,1
2026-08-23 10:07:48.822275,6178,4799,0,1
2026-08-23 10:07:48.822295,6270,5352,2665,1
2026-08-23 10:07:48.822315,6189,4855,0,1
2026-08-23 10:07:48.822335,6285,5423,3263,1
2026-08-23 10:07:48.822355,6182,4686,0,1
2026-08-23 10:07:48.842200,6269,4779,1899,1
2026-08-23 10:07:48.842220,6178,4424,0,1
2026-08-23 10:07:48.842240,6275,5129,2879,1
2026-08-23 10:07:48.842260,6200,4634,11,1
2026-08-23 10:07:48.842280,6266,5275,2745,1
2026-08-23 10:07:48.842300,6173,4693,0,1
2026-08-23 10:07:48.842320,6276,5320,2954,1
2026-08-23 10:07:48.842340,6197,4733,0,1
2026-08-23 10:07:48.842360,6263,5332,2834,1
2026-08-23 10:07:48.842380,6180,4750,0,1
2026-08-23 10:07:48.842400,6271,5370,2714,1
2026-08-23 10:07:48.842420,6190,4802,0,1
2026-08-23 10:07:48.842440,6272,5347,2698,1
2026-08-23 10:07:48.861281,6223,4219,0,1
2026-08-23 10:07:48.861301,6280,4952,2681,1
2026-08-23 10:07:48.861321,6189,4540,0,1
2026-08-23 10:07:48.861341,6277,5160,2758,1
2026-08-23 10:07:48.861361,6177,4673,0,1
2026-08-23 10:07:48.861381,6276,5264,2934,1
2026-08-23 10:07:48.861401,6184,4749,0,1
2026-08-23 10:07:48.861421,6278,5347,3199,1
2026-08-23 10:07:48.861441,6185,4764,0,1
2026-08-23 10:07:48.861461,6257,5304,2674,1
2026-08-23 10:07:48.861481,6196,4797,0,1
2026-08-23 10:07:48.861501,6282,5351,2957,1
2026-08-23 10:07:48.861521,6185,4698,0,1
2026-08-23 10:07:48.880647,6290,4899,2750,1
2026-08-23 10:07:48.880667,6199,4504,0,1
2026-08-23 10:07:48.880687,6276,5134,2942,1
2026-08-23 10:07:48.880707,6171,4571,0,1
2026-08-23 10:07:48.880727,6172,5005,0,1
2026-08-23 10:07:48.880747,6183,4819,0,1
2026-08-23 10:07:48.880767,6277,5356,2547,1
2026-08-23 10:07:48.880787,6191,4850,0,1
2026-08-23 10:07:48.880807,6270,5349,2436,1
2026-08-23 10:07:48.880827,6173,4808,0,1
2026-08-23 10:07:48.880847,6284,5423,2891,1
2026-08-23 10:07:48.880867,6193,4879,0,1
2026-08-23 10:07:48.880887,6286,5331,2609,1
2026-08-23 10:07:48.900116,6214,4332,0,1
2026-08-23 10:07:48.900136,6282,5021,3284,1
2026-08-23 10:07:48.900156,6188,4512,0,1
2026-08-23 10:07:48.900176,6265,5182,2590,1
2026-08-23 10:07:48.900196,6193,4687,0,1
2026-08-23 10:07:48.900216,6239,5190,1894,1
2026-08-23 10:07:48.900236,6182,4747,0,1
2026-08-23 10:07:48.900256,6274,5378,2923,1
2026-08-23 10:07:48.900276,6197,4791,0,1
2026-08-23 10:07:48.900296,6277,5354,2680,1
2026-08-23 10:07:48.900316,6187,4829,0,1
2026-08-23 10:07:48.900336,6259,5393,2663,1
2026-08-23 10:07:48.900356,6232,4810,10,1
2026-08-23 10:07:48.920017,6299,4911,2644,1
2026-08-23 10:07:48.920037,6178,4495,0,1
2026-08-23 10:07:48.920057,6128,4867,0,1
2026-08-23 10:07:48.920077,6169,4699,0,1
2026-08-23 10:07:48.920097,6284,5277,2823,1
2026-08-23 10:07:48.920117,6193,4786,0,1
2026-08-23 10:07:48.920137,6285,5340,2977,1
2026-08-23 10:07:48.920157,6164,4746,0,1
2026-08-23 10:07:48.920177,6274,5334,2720,1
2026-08-23 10:07:48.920197,6198,4817,0,1
2026-08-23 10:07:48.920217,6277,5384,2979,1
2026-08-23 10:07:48.920237,6165,4765,0,1
2026-08-23 10:07:48.920257,6285,5322,2838,1
2026-08-23 10:07:48.940226,6206,4125,0,1
2026-08-23 10:07:48.940246,6293,4943,3275,1
2026-08-23 10:07:48.940266,6195,4491,0,1
2026-08-23 10:07:48.940286,6268,5105,2734,1
2026-08-23 10:07:48.940306,6175,4649,0,1
2026-08-23 10:07:48.940326,6271,5284,2949,1
2026-08-23 10:07:48.940346,6213,4730,0,1
2026-08-23 10:07:48.940366,6265,5301,3008,1
2026-08-23 10:07:48.940386,6171,4725,0,1
2026-08-23 10:07:48.940406,6287,5354,3315,1
2026-08-23 10:07:48.940426,6190,4769,0,1
2026-08-23 10:07:48.940446,6273,5293,2669,1
2026-08-23 10:07:48.940466,6194,4756,0,1
2026-08-23 10:07:48.959852,6291,4830,2633,1
2026-08-23 10:07:48.959872,6176,4403,0,1
2026-08-23 10:07:48.959892,6205,4926,747,1
2026-08-23 10:07:48.959912,6183,4681,0,1
2026-08-23 10:07:48.959932,6267,5272,2811,1
2026-08-23 10:07:48.959952,6185,4762,0,1
2026-08-23 10:07:48.959972,6267,5354,2986,1
2026-08-23 10:07:48.959992,6162,4754,0,1
2026-08-23 10:07:48.960012,6284,5341,2733,1
2026-08-23 10:07:48.960032,6204,4817,0,1
2026-08-23 10:07:48.960052,6286,5400,2972,1
2026-08-23 10:07:48.960072,6162,4787,0,1
2026-08-23 10:07:48.960092,6154,5070,0,1
2026-08-23 10:07:50.348374,6056,4298,0,1
2026-08-23 10:07:50.348394,6284,5028,3117,1
2026-08-23 10:07:50.348414,6206,4544,3,1
2026-08-23 10:07:50.348434,6261,5174,2880,1
2026-08-23 10:07:50.348454,6174,4666,0,1
2026-08-23 10:07:50.348474,6310,5278,2805,1
2026-08-23 10:07:50.348494,6202,4779,5,1
2026-08-23 10:07:50.348514,6277,5372,3126,1
2026-08-23 10:07:50.348534,6153,4724,0,1
2026-08-23 10:07:50.348554,6274,5374,3142,1
2026-08-23 10:07:50.348574,6201,4777,0,1
2026-08-23 10:07:50.348594,6274,5334,2704,1
2026-08-23 10:07:50.348614,6174,4819,0,1
2026-08-23 10:07:50.348634,6284,5381,3010,1
2026-08-23 10:07:50.348654,6182,4805,0,1
2026-08-23 10:07:50.348674,6234,5345,2906,1
2026-08-23 10:07:50.348694,6167,4797,0,1
2026-08-23 10:07:50.348714,6237,5318,1987,1
2026-08-23 10:07:50.348734,6193,4819,0,1
2026-08-23 10:07:50.348754,6320,5406,2616,1
2026-08-23 10:07:50.348774,6195,4875,0,1
2026-08-23 10:07:50.348794,6259,5350,2212,1
2026-08-23 10:07:50.348814,6169,4828,0,1
2026-08-23 10:07:50.348834,6270,5435,2913,1
2026-08-23 10:07:50.348854,6193,4852,0,1
2026-08-23 10:07:50.348874,6277,5398,3008,1
2026-08-23 10:07:50.348894,6178,4828,0,1
2026-08-23 10:07:50.348914,6274,5363,2581,1
2026-08-23 10:07:50.348934,6199,4834,10,1
2026-08-23 10:07:50.348954,6286,5398,3133,1
2026-08-23 10:07:50.348974,6166,4768,0,1
2026-08-23 10:07:50.348994,6174,5414,3144,1
2026-08-23 10:07:50.349014,6188,4825,0,1
2026-08-23 10:07:50.349034,6267,5378,2667,1
2026-08-23 10:07:50.349054,6176,4831,0,1
2026-08-23 10:07:50.349074,6290,5400,3114,1
2026-08-23 10:07:50.349094,6174,4736,0,1
2026-08-23 10:07:50.349114,6273,5339,2861,1
2026-08-23 10:07:50.349134,6174,4810,0,1
2026-08-23 10:07:50.349154,6261,5343,2310,1
2026-08-23 10:07:50.349174,6183,4803,0,1
2026-08-23 10:07:50.349194,6264,5392,2617,1
2026-08-23 10:07:50.349214,6199,4879,0,1
2026-08-23 10:07:50.349234,6285,5471,3243,1
2026-08-23 10:07:50.349254,6161,4874,0,1
2026-08-23 10:07:50.349274,6276,5408,2964,1
2026-08-23 10:07:50.349294,6201,4835,65,1
2026-08-23 10:07:50.349314,6281,5390,2806,1
2026-08-23 10:07:50.349334,6181,4811,0,1
2026-08-23 10:07:50.349354,6266,5403,2862,1
2026-08-23 10:07:50.349374,6193,4857,0,1
2026-08-23 10:07:50.349394,6273,5405,2916,1
2026-08-23 10:07:50.349414,6161,4780,0,1
2026-08-23 10:07:50.349434,6095,5057,0,1
2026-08-23 10:07:50.349454,6189,4819,0,1
2026-08-23 10:07:50.349474,6272,5394,2586,1
2026-08-23 10:07:50.349494,6181,4876,0,1
2026-08-23 10:07:50.349514,6267,5402,2788,1
2026-08-23 10:07:50.349534,6173,4793,0,1
2026-08-23 10:07:50.349554,6265,5410,2889,1
2026-08-23 10:07:50.349574,6192,4867,0,1
2026-08-23 10:07:50.349594,6273,5427,2958,1
2026-08-23 10:07:50.349614,6177,4794,0,1
2026-08-23 10:07:50.349634,6277,5364,2734,1
2026-08-23 10:07:50.349654,6208,4838,0,1
2026-08-23 10:07:50.349674,6280,5405,3036,1
2026-08-23 10:07:50.349694,6174,4782,0,1
2026-08-23 10:07:50.349714,6283,5429,3227,1
2026-08-23 10:07:50.349734,6184,4783,0,1
2026-08-23 10:07:50.349754,6271,5353,2604,1
2026-08-23 10:07:50.349774,6189,4848,0,1
2026-08-23 10:07:50.349794,6225,5297,1315,1
2026-08-23 10:07:50.349814,6186,4859,0,1
2026-08-23 10:07:50.349834,6281,5432,2862,1
2026-08-23 10:07:50.349854,6183,4896,0,1
2026-08-23 10:07:50.349874,6280,5433,3102,1
2026-08-23 10:07:50.349894,6176,4823,0,1
2026-08-23 10:07:50.349914,6266,5413,2676,1
2026-08-23 10:07:50.349934,6206,4850,5,1
2026-08-23 10:07:50.349954,6283,5453,3166,1
2026-08-23 10:07:50.349974,6164,4777,0,1
2026-08-23 10:07:50.349994,6286,5390,3095,1
2026-08-23 10:07:50.350014,6195,4847,0,1
2026-08-23 10:07:50.350034,6272,5395,2651,1
2026-08-23 10:07:50.350054,6180,4835,0,1
2026-08-23 10:07:50.350074,6109,5024,0,1
2026-08-23 10:07:50.350094,6181,4776,0,1
2026-08-23 10:07:50.350114,6269,5395,2838,1
2026-08-23 10:07:50.350134,6174,4831,0,1
2026-08-23 10:07:50.350154,6276,5423,2918,1
2026-08-23 10:07:50.350174,6196,4738,0,1
2026-08-23 10:07:50.350194,6266,5377,2661,1
2026-08-23 10:07:50.350214,6196,4854,0,1
2026-08-23 10:07:50.350234,6281,5407,3149,1
2026-08-23 10:07:50.350254,6164,4771,0,1
2026-08-23 10:07:50.350274,6273,5407,3184,1
2026-08-23 10:07:50.350294,6199,4833,14,1
2026-08-23 10:07:50.350314,6283,5408,2762,1
2026-08-23 10:07:50.350334,6177,4824,0,1
2026-08-23 10:07:50.350354,6270,5424,2960,1
2026-08-23 10:07:50.350374,6188,4823,0,1
2026-08-23 10:07:50.350394,6277,5402,2891,1
2026-08-23 10:07:50.350414,6175,4777,0,1
2026-08-23 10:07:50.350434,6246,5360,2114,1
2026-08-23 10:07:50.350454,6184,4851,0,1
2026-08-23 10:07:50.350474,6274,5395,2614,1
2026-08-23 10:07:50.350494,6189,4892,0,1
2026-08-23 10:07:50.350514,6272,5412,2712,1
2026-08-23 10:07:50.350534,6220,4805,0,1
2026-08-23 10:07:50.350554,6277,5436,2910,1
2026-08-23 10:07:50.350574,6193,4847,0,1
2026-08-23 10:07:50.350594,6286,5404,2870,1
2026-08-23 10:07:50.350614,6169,4840,0,1
2026-08-23 10:07:50.350634,6282,5384,2808,1
2026-08-23 10:07:50.350654,6200,4836,0,1
2026-08-23 10:07:50.350674,6280,5401,2970,1
2026-08-23 10:07:50.350694,6164,4783,0,1
2026-08-23 10:07:50.350714,6130,5137,0,1
2026-08-23 10:07:50.350734,6193,4834,0,1
2026-08-23 10:07:50.350754,6273,5366,2606,1
2026-08-23 10:07:50.350774,6188,4826,0,1
2026-08-23 10:07:50.350794,6219,5269,877,1
2026-08-23 10:07:50.350814,6182,4857,0,1
2026-08-23 10:07:50.350834,6275,5475,2873,1
2026-08-23 10:07:50.350854,6198,4872,0,1
2026-08-23 10:07:50.350874,6277,5460,2912,1
2026-08-23 10:07:50.350894,6173,4820,0,1
2026-08-23 10:07:50.350914,6269,5417,2680,1
2026-08-23 10:07:50.350934,6209,4862,11,1
2026-08-23 10:07:50.350954,6284,5428,3152,1
2026-08-23 10:07:50.350974,6160,4820,0,1
2026-08-23 10:07:50.350994,6325,5430,3124,1
2026-08-23 10:07:50.351014,6198,4840,0,1
2026-08-23 10:07:50.351034,6271,5405,2631,1
2026-08-23 10:07:50.351054,6179,4847,0,1
2026-08-23 10:07:50.351074,6268,5418,3121,1
2026-08-23 10:07:50.351094,6179,4731,0,1
2026-08-23 10:07:50.351114,6277,5335,2860,1
2026-08-23 10:07:50.351134,6178,4800,0,1
2026-08-23 10:07:50.351154,6265,5357,2445,1
2026-08-23 10:07:50.351174,6180,4799,0,1
2026-08-23 10:07:50.351194,6275,5389,2629,1
2026-08-23 10:07:50.351214,6194,4882,0,1
2026-08-23 10:07:50.351234,6288,5425,3274,1
2026-08-23 10:07:50.351254,6166,4782,0,1
2026-08-23 10:07:50.351274,6281,5374,2993,1
2026-08-23 10:07:50.351294,6198,4825,0,1
2026-08-23 10:07:50.351314,6270,5419,2766,1
2026-08-23 10:07:50.351334,6170,4840,0,1
2026-08-23 10:07:50.351354,6274,5392,2918,1
2026-08-23 10:07:50.351374,6199,4830,0,1
2026-08-23 10:07:50.351394,6274,5376,2909,1
2026-08-23 10:07:50.351414,6168,4788,0,1
2026-08-23 10:07:50.351434,6160,5162,0,1
2026-08-23 10:07:50.351454,6193,4896,0,1
2026-08-23 10:07:50.351474,6267,5405,2595,1
2026-08-23 10:07:50.351494,6194,4878,0,1
2026-08-23 10:07:50.351514,6283,5461,2913,1
2026-08-23 10:07:50.351534,6177,4828,0,1
2026-08-23 10:07:50.351554,6276,5410,2893,1
2026-08-23 10:07:50.351574,6199,4851,0,1
2026-08-23 10:07:50.351594,6281,5417,2928,1
2026-08-23 10:07:50.351614,6182,4807,0,1
2026-08-23 10:07:50.351634,6283,5424,2762,1
2026-08-23 10:07:50.351654,6202,4850,11,1
2026-08-23 10:07:50.351674,6279,5435,3045,1
2026-08-23 10:07:50.351694,6163,4786,0,1
2026-08-23 10:07:50.351714,6284,5433,3216,1
2026-08-23 10:07:50.351734,6198,4814,0,1
2026-08-23 10:07:50.351754,6278,5337,2624,1
2026-08-23 10:07:50.351774,6306,4801,0,1
2026-08-23 10:07:50.351794,6216,5233,678,1
2026-08-23 10:07:50.351814,6192,4879,0,1
2026-08-23 10:07:50.351834,6272,5473,2867,1
2026-08-23 10:07:50.351854,6198,4887,0,1
2026-08-23 10:07:50.351874,6193,5472,3008,1
2026-08-23 10:07:50.351894,6171,4842,0,1
2026-08-23 10:07:50.351914,6230,5408,2647,1
2026-08-23 10:07:50.351934,6200,4864,0,1
2026-08-23 10:07:50.351954,6281,5424,3242,1
2026-08-23 10:07:50.351974,6167,4815,0,1
2026-08-23 10:07:50.351994,6273,5409,2988,1
2026-08-23 10:07:50.352014,6200,4826,2,1
2026-08-23 10:07:50.352034,6277,5378,2755,1
2026-08-23 10:07:50.352054,6170,4841,0,1
2026-08-23 10:07:50.352074,6275,5404,2927,1
2026-08-23 10:07:50.352094,6193,4829,0,1
2026-08-23 10:07:50.352114,6275,5404,2898,1
2026-08-23 10:07:50.352134,6178,4797,0,1
2026-08-23 10:07:50.352154,6244,5264,1573,1
2026-08-23 10:07:50.352174,6200,4869,0,1
2026-08-23 10:07:50.352194,6298,5413,2602,1
2026-08-23 10:07:50.352214,6198,4853,0,1
2026-08-23 10:07:50.352234,6259,5386,2307,1
2026-08-23 10:07:50.352254,6177,4819,0,1
2026-08-23 10:07:50.352274,6277,5448,2908,1
2026-08-23 10:07:50.352294,6189,4859,0,1
2026-08-23 10:07:50.352314,6277,5429,2975,1
2026-08-23 10:07:50.352334,6175,4847,0,1
2026-08-23 10:07:50.352354,6276,5418,2727,1
2026-08-23 10:07:50.352374,6199,4874,0,1
2026-08-23 10:07:50.352394,6277,5410,3083,1
2026-08-23 10:07:50.352414,6159,4779,0,1
2026-08-23 10:07:50.352434,6277,5445,3191,1
2026-08-23 10:07:50.352454,6189,4828,0,1
2026-08-23 10:07:50.352474,6272,5357,2638,1
2026-08-23 10:07:50.352494,6184,4834,0,1
2026-08-23 10:07:50.352514,6170,5249,0,1
2026-08-23 10:07:50.352534,6182,4773,0,1
2026-08-23 10:07:50.352554,6264,5378,2852,1
2026-08-23 10:07:50.352574,6184,4838,0,1
2026-08-23 10:07:50.352594,6302,5387,2663,1
2026-08-23 10:07:50.352614,6182,4827,0,1
2026-08-23 10:07:50.352634,6275,5355,2636,1
2026-08-23 10:07:50.352654,6198,4871,0,1
2026-08-23 10:07:50.352674,6282,5398,3282,1
2026-08-23 10:07:50.352694,6166,4759,0,1
2026-08-23 10:07:50.352714,6279,5403,2986,1
2026-08-23 10:07:50.352734,6199,4806,9,1
2026-08-23 10:07:50.352754,6272,5401,2778,1
2026-08-23 10:07:50.352774,6171,4814,0,1
2026-08-23 10:07:50.352794,6301,5386,2906,1
2026-08-23 10:07:50.352814,6195,4836,0,1
2026-08-23 10:07:50.352834,6267,5366,2904,1
2026-08-23 10:07:50.352854,6171,4804,0,1
2026-08-23 10:07:50.352874,6159,5105,0,1
2026-08-23 10:07:50.352894,6190,4865,0,1
2026-08-23 10:07:50.352914,6256,5438,2602,1
2026-08-23 10:07:50.352934,6194,4898,0,1
2026-08-23 10:07:50.352954,6279,5425,2924,1
2026-08-23 10:07:50.352974,6173,4843,0,1
2026-08-23 10:07:50.352994,6269,5434,2902,1
2026-08-23 10:07:50.353014,6192,4870,0,1
2026-08-23 10:07:50.353034,6278,5401,2938,1
2026-08-23 10:07:50.353054,6164,4801,0,1
2026-08-23 10:07:50.353074,6275,5386,2752,1
2026-08-23 10:07:50.353094,6197,4871,10,1
2026-08-23 10:07:50.353114,6276,5409,3032,1
2026-08-23 10:07:50.353134,6166,4794,0,1
2026-08-23 10:07:50.353154,6284,5364,3236,1
2026-08-23 10:07:50.353174,6189,4780,0,1
2026-08-23 10:07:50.353194,6271,5372,2610,1
2026-08-23 10:07:50.353214,6179,4843,0,1
2026-08-23 10:07:50.353234,6213,5247,1042,1
2026-08-23 10:07:50.353254,6189,4892,0,1
2026-08-23 10:07:50.353274,6264,5417,2862,1
2026-08-23 10:07:50.353294,6188,4879,0,1
2026-08-23 10:07:50.353314,6277,5465,3169,1
2026-08-23 10:07:50.353334,6174,4822,0,1
2026-08-23 10:07:50.353354,6272,5411,2665,1
2026-08-23 10:07:50.353374,6195,4844,0,1
2026-08-23 10:07:50.353394,6283,5452,3193,1
2026-08-23 10:07:50.353414,6171,4803,0,1
2026-08-23 10:07:50.353434,6283,5378,2965,1
2026-08-23 10:07:50.353454,6196,4814,6,1
2026-08-23 10:07:50.353474,6285,5403,2774,1
2026-08-23 10:07:50.353494,6177,4782,0,1
2026-08-23 10:07:50.353514,6275,5425,2917,1
2026-08-23 10:07:50.353534,6220,4827,0,1
2026-08-23 10:07:50.353554,6265,5374,2904,1
2026-08-23 10:07:50.353574,6183,4780,0,1
2026-08-23 10:07:50.353594,6234,5271,1452,1
2026-08-23 10:07:50.353614,6200,4857,0,1
2026-08-23 10:07:50.353634,6284,5424,2605,1
2026-08-23 10:07:50.353654,6193,4848,0,1
2026-08-23 10:07:50.353674,6263,5395,2303,1
2026-08-23 10:07:50.353694,6186,4831,0,1
2026-08-23 10:07:50.353714,6284,5428,2919,1
2026-08-23 10:07:50.353734,6191,4887,0,1
2026-08-23 10:07:50.353754,6288,5411,2959,1
2026-08-23 10:07:50.353774,6188,4856,0,1
2026-08-23 10:07:50.353794,6270,5410,2730,1
2026-08-23 10:07:50.353814,6206,4847,14,1
2026-08-23 10:07:50.353834,6221,5412,3095,1
2026-08-23 10:07:50.353854,6162,4822,0,1
2026-08-23 10:07:50.353874,6287,5411,3193,1
2026-08-23 10:07:50.353894,6189,4800,0,1
2026-08-23 10:07:50.353914,6266,5378,2635,1
2026-08-23 10:07:50.353934,6181,4820,0,1
2026-08-23 10:07:50.353954,6283,5332,677,1
2026-08-23 10:07:50.353974,6170,4767,0,1
2026-08-23 10:07:50.353994,6271,5360,2853,1
2026-08-23 10:07:50.354014,6190,4815,0,1
2026-08-23 10:07:50.354034,6269,5386,2658,1
2026-08-23 10:07:50.354054,6185,4828,0,1
2026-08-23 10:07:50.354074,6254,5364,2634,1
2026-08-23 10:07:50.354094,6203,4884,0,1
2026-08-23 10:07:50.354114,6285,5463,3279,1
2026-08-23 10:07:50.354134,6172,4797,0,1
2026-08-23 10:07:50.354154,6278,5368,2992,1
2026-08-23 10:07:50.354174,6200,4816,8,1
2026-08-23 10:07:50.354194,6274,5372,2795,1
2026-08-23 10:07:50.354214,6180,4782,0,1
2026-08-23 10:07:50.354234,6260,5377,2903,1
2026-08-23 10:07:50.354254,6198,4801,0,1
2026-08-23 10:07:50.354274,6266,5401,2930,1
2026-08-23 10:07:50.354294,6164,4771,0,1
2026-08-23 10:07:50.354314,6193,5085,0,1
2026-08-23 10:07:50.354334,6196,4865,0,1
2026-08-23 10:07:50.354354,6264,5399,2600,1
2026-08-23 10:07:50.354374,6190,4900,0,1
2026-08-23 10:07:50.354394,6286,5420,2835,1
2026-08-23 10:07:50.354414,6174,4850,0,1
2026-08-23 10:07:50.354434,6288,5395,2898,1
2026-08-23 10:07:50.354454,6201,4848,0,1
2026-08-23 10:07:50.354474,6263,5450,3283,1
2026-08-23 10:07:50.354494,6184,4805,0,1
2026-08-23 10:07:50.354514,6275,5382,2727,1
2026-08-23 10:07:50.354534,6212,4886,12,1
2026-08-23 10:07:50.354554,6284,5413,3098,1
2026-08-23 10:07:50.354574,6159,4791,0,1
2026-08-23 10:07:50.354594,6270,5398,3195,1
2026-08-23 10:07:50.354614,6194,4806,0,1
2026-08-23 10:07:50.354634,6269,5381,2636,1
2026-08-23 10:07:50.354654,6186,4842,0,1
2026-08-23 10:07:50.354674,6176,5186,0,1
2026-08-23 10:07:50.354694,6191,4874,0,1
2026-08-23 10:07:50.354714,6264,5438,2863,1
2026-08-23 10:07:50.354734,6186,4898,16,1
2026-08-23 10:07:50.354754,6290,5464,2987,1
2026-08-23 10:07:50.354774,6174,4838,0,1
2026-08-23 10:07:50.354794,6271,5399,2640,1
2026-08-23 10:07:50.354814,6198,4845,0,1
2026-08-23 10:07:50.354834,6273,5427,3195,1
2026-08-23 10:07:50.354854,6167,4839,0,1
2026-08-23 10:07:50.354874,6277,5388,3001,1
2026-08-23 10:07:50.354894,6201,4832,13,1
2026-08-23 10:07:50.354914,6261,5439,2724,1
2026-08-23 10:07:50.354934,6169,4832,0,1
2026-08-23 10:07:50.354954,6273,5430,2990,1
2026-08-23 10:07:50.354974,6184,4787,0,1
2026-08-23 10:07:50.354994,6279,5384,2875,1
2026-08-23 10:07:50.355014,6168,4820,0,1
2026-08-23 10:07:50.355034,6256,5366,2365,1
2026-08-23 10:07:50.355054,6195,4804,0,1
2026-08-23 10:07:50.355074,6265,5403,2595,1
2026-08-23 10:07:50.355094,6194,4884,0,1
2026-08-23 10:07:50.355114,6279,5400,2835,1
2026-08-23 10:07:50.355134,6175,4839,0,1
2026-08-23 10:07:50.355154,6283,5441,2920,1
2026-08-23 10:07:50.355174,6194,4847,3,1
2026-08-23 10:07:50.355194,6276,5385,2810,1
2026-08-23 10:07:50.355214,6184,4842,0,1
2026-08-23 10:07:50.355234,6285,5384,2831,1
2026-08-23 10:07:50.355254,6196,4873,0,1
2026-08-23 10:07:50.355274,6268,5416,2953,1
2026-08-23 10:07:50.355294,6156,4790,0,1
2026-08-23 10:07:50.355314,6152,5184,0,1
2026-08-23 10:07:50.355334,6188,4913,0,1
2026-08-23 10:07:50.355354,6263,5435,2594,1
2026-08-23 10:07:50.355374,6195,4855,0,1
2026-08-23 10:07:50.355394,6239,5378,1787,1
2026-08-23 10:07:50.355414,6170,4866,0,1
2026-08-23 10:07:50.355434,6278,5435,2876,1
2026-08-23 10:07:50.355454,6190,4885,0,1
2026-08-23 10:07:50.355474,6279,5481,2993,1
2026-08-23 10:07:50.355494,6182,4816,0,1
2026-08-23 10:07:50.355514,6174,5389,2711,1
2026-08-23 10:07:50.355534,6204,4854,11,1
2026-08-23 10:07:50.355554,6277,5412,3123,1
2026-08-23 10:07:50.355574,6160,4793,0,1
2026-08-23 10:07:50.355594,6283,5440,3174,1
2026-08-23 10:07:50.355614,6191,4818,0,1
2026-08-23 10:07:50.355634,6269,5386,2632,1
2026-08-23 10:07:50.355654,6184,4838,0,1
2026-08-23 10:07:50.355674,6278,5440,3172,1
2026-08-23 10:07:50.355694,6164,4736,0,1
2026-08-23 10:07:50.355714,6276,5355,2857,1
2026-08-23 10:07:50.355734,6177,4794,0,1
2026-08-23 10:07:50.355754,6271,5326,2591,1
2026-08-23 10:07:50.355774,6190,4786,0,1
2026-08-23 10:07:50.355794,6275,5363,2634,1
2026-08-23 10:07:50.355814,6206,4858,0,1
2026-08-23 10:07:50.355834,6283,5432,3292,1
2026-08-23 10:07:50.355854,6157,4791,0,1
2026-08-23 10:07:50.355874,6268,5405,2995,1
2026-08-23 10:07:50.355894,6207,4840,15,1
2026-08-23 10:07:50.355914,6270,5399,2758,1
2026-08-23 10:07:50.355934,6185,4820,0,1
2026-08-23 10:07:50.355954,6278,5393,2937,1
2026-08-23 10:07:50.355974,6189,4833,0,1
2026-08-23 10:07:50.355994,6284,5374,2878,1
2026-08-23 10:07:50.356014,6176,4787,0,1
2026-08-23 10:07:50.356034,6236,5221,737,1
2026-08-23 10:07:50.356054,6193,4895,0,1
2026-08-23 10:07:50.356074,6265,5444,2593,1
2026-08-23 10:07:50.356094,6196,4874,0,1
2026-08-23 10:07:50.356114,6285,5442,3100,1
2026-08-23 10:07:50.356134,6165,4842,0,1
2026-08-23 10:07:50.356154,6277,5397,2911,1
2026-08-23 10:07:50.356174,6196,4907,0,1
2026-08-23 10:07:50.356194,6264,5446,2858,1
2026-08-23 10:07:50.356214,6175,4820,0,1
2026-08-23 10:07:50.356234,6277,5408,2793,1
2026-08-23 10:07:50.356254,6198,4845,0,1
2026-08-23 10:07:50.356274,6273,5406,2944,1
2026-08-23 10:07:50.356294,6165,4827,0,1
2026-08-23 10:07:50.356314,6291,5415,3351,1
2026-08-23 10:07:50.356334,6193,4783,0,1
2026-08-23 10:07:50.356354,6273,5353,2606,1
2026-08-23 10:07:50.356374,6182,4802,0,1
2026-08-23 10:07:50.356394,6273,5343,2476,1
2026-08-23 10:07:50.356414,6182,4826,0,1
2026-08-23 10:07:50.356434,6281,5417,2872,1
2026-08-23 10:07:50.356454,6195,4862,0,1
2026-08-23 10:07:50.356474,6272,5438,3006,1
2026-08-23 10:07:50.356494,6167,4805,0,1
2026-08-23 10:07:50.356514,6276,5370,2723,1
2026-08-23 10:07:50.356534,6196,4850,13,1
2026-08-23 10:07:50.356554,6280,5408,3040,1
2026-08-23 10:07:50.356574,6158,4810,0,1
2026-08-23 10:07:50.356594,6282,5411,3227,1
2026-08-23 10:07:50.356614,6186,4829,0,1
2026-08-23 10:07:50.356634,6275,5345,2584,1
2026-08-23 10:07:50.356654,6192,4845,0,1
2026-08-23 10:07:50.356674,6221,5282,1138,1
2026-08-23 10:07:50.356694,6177,4897,0,1
2026-08-23 10:07:50.356714,6275,5455,2865,1
2026-08-23 10:07:50.356734,6194,4850,0,1
2026-08-23 10:07:50.356754,6279,5424,3120,1
2026-08-23 10:07:50.356774,6182,4808,0,1
2026-08-23 10:07:50.356794,6273,5374,2677,1
2026-08-23 10:07:50.356814,6203,4860,14,1
2026-08-23 10:07:50.356834,6278,5457,3173,1
2026-08-23 10:07:50.356854,6166,4775,0,1
2026-08-23 10:07:50.356874,6280,5376,3108,1
2026-08-23 10:07:50.356894,6192,4846,0,1
2026-08-23 10:07:50.356914,6273,5392,2655,1
2026-08-23 10:07:50.356934,6179,4804,0,1
2026-08-23 10:07:50.356954,6166,5183,0,1
2026-08-23 10:07:50.356974,6180,4793,0,1
2026-08-23 10:07:50.356994,6273,5401,2857,1
2026-08-23 10:07:50.357014,6180,4802,0,1
2026-08-23 10:07:50.357034,6272,5374,2869,1
2026-08-23 10:07:50.357054,6182,4821,0,1
2026-08-23 10:07:50.357074,6263,5383,2638,1
2026-08-23 10:07:50.357094,6208,4861,0,1
2026-08-23 10:07:50.357114,6287,5420,3418,1
2026-08-23 10:07:50.357134,6168,4824,0,1
2026-08-23 10:07:50.357154,6277,5390,2980,1
2026-08-23 10:07:50.357174,6193,4855,23,1
2026-08-23 10:07:50.357194,6270,5377,2760,1
2026-08-23 10:07:50.357214,6171,4823,0,1
2026-08-23 10:07:50.357234,6277,5395,2730,1
2026-08-23 10:07:50.357254,6180,4838,0,1
2026-08-23 10:07:50.357274,6274,5402,2906,1
2026-08-23 10:07:50.357294,6174,4814,0,1
2026-08-23 10:07:50.357314,6254,5305,2056,1
2026-08-23 10:07:50.357334,6188,4821,0,1
2026-08-23 10:07:50.357354,6270,5380,2603,1
2026-08-23 10:07:50.357374,6190,4882,0,1
2026-08-23 10:07:50.357394,6268,5431,2864,1
2026-08-23 10:07:50.357414,6174,4806,0,1
2026-08-23 10:07:50.357434,6280,5395,2913,1
2026-08-23 10:07:50.357454,6200,4844,0,1
2026-08-23 10:07:50.357474,6283,5402,2869,1
2026-08-23 10:07:50.357494,6167,4801,0,1
2026-08-23 10:07:50.357514,6283,5389,2806,1
2026-08-23 10:07:50.357534,6201,4838,0,1
2026-08-23 10:07:50.357554,6278,5422,2962,1
2026-08-23 10:07:50.357574,6165,4814,0,1
2026-08-23 10:07:50.357594,6155,5149,0,1
2026-08-23 10:07:50.357614,6188,4879,0,1
2026-08-23 10:07:50.357634,6270,5442,2602,1
2026-08-23 10:07:50.357654,6182,4892,0,1
2026-08-23 10:07:50.357674,6238,5361,1839,1
2026-08-23 10:07:50.357694,6184,4858,0,1
2026-08-23 10:07:50.357714,6272,5462,2830,1
2026-08-23 10:07:50.357734,6192,4905,0,1
2026-08-23 10:07:50.357754,6280,5455,2968,1
2026-08-23 10:07:50.357774,6176,4805,0,1
2026-08-23 10:07:50.357794,6280,5374,2740,1
2026-08-23 10:07:50.357814,6210,4841,6,1
2026-08-23 10:07:50.357834,6232,5408,3032,1
2026-08-23 10:07:50.357854,6175,4778,0,1
2026-08-23 10:07:50.357874,6282,5404,3242,1
2026-08-23 10:07:50.357894,6196,4804,0,1
2026-08-23 10:07:50.357914,6269,5346,2625,1
2026-08-23 10:07:50.357934,6193,4814,0,1
2026-08-23 10:07:50.357954,6172,5168,50,1
2026-08-23 10:07:50.357974,6186,4859,0,1
2026-08-23 10:07:50.357994,6290,5445,2849,1
2026-08-23 10:07:50.358014,6194,4853,0,1
2026-08-23 10:07:50.358034,6271,5465,3010,1
2026-08-23 10:07:50.358054,6196,4819,0,1
2026-08-23 10:07:50.358074,6272,5388,2682,1
2026-08-23 10:07:50.358094,6204,4875,16,1
2026-08-23 10:07:50.358114,6282,5452,3153,1
2026-08-23 10:07:50.358134,6162,4825,0,1
2026-08-23 10:07:50.358154,6248,5406,3132,1
2026-08-23 10:07:50.358174,6196,4836,0,1
2026-08-23 10:07:50.358194,6275,5364,2662,1
2026-08-23 10:07:50.358214,6187,4844,0,1
2026-08-23 10:07:50.358234,6284,5440,3150,1
2026-08-23 10:07:50.358254,6162,4754,0,1
2026-08-23 10:07:50.358274,6266,5338,2854,1
2026-08-23 10:07:50.358294,6186,4803,0,1
2026-08-23 10:07:50.358314,6278,5368,2575,1
2026-08-23 10:07:50.358334,6182,4818,0,1
2026-08-23 10:07:50.358354,6274,5383,2622,1
2026-08-23 10:07:50.358374,6202,4885,0,1
2026-08-23 10:07:50.358394,6292,5435,3275,1
2026-08-23 10:07:50.358414,6167,4776,0,1
2026-08-23 10:07:50.358434,6280,5410,3018,1
2026-08-23 10:07:50.358454,6204,4815,0,1
2026-08-23 10:07:50.358474,6277,5366,2727,1
2026-08-23 10:07:50.358494,6182,4792,0,1
2026-08-23 10:07:50.358514,6279,5420,2972,1
2026-08-23 10:07:50.358534,6165,4806,0,1
2026-08-23 10:07:50.358554,6272,5383,2864,1
2026-08-23 10:07:50.358574,6166,4777,0,1
2026-08-23 10:07:50.358594,6245,5277,1582,1
2026-08-23 10:07:50.358614,6200,4839,0,1
2026-08-23 10:07:50.358634,6281,5418,2592,1
2026-08-23 10:07:50.358654,6200,4854,0,1
2026-08-23 10:07:50.358674,6290,5450,3186,1
2026-08-23 10:07:50.358694,6165,4804,0,1
2026-08-23 10:07:50.358714,6273,5392,2944,1
2026-08-23 10:07:50.358734,6198,4846,6,1
2026-08-23 10:07:50.358754,6279,5400,2802,1
2026-08-23 10:07:50.358774,6176,4814,0,1
2026-08-23 10:07:50.358794,6277,5414,2870,1
2026-08-23 10:07:50.358814,6200,4797,0,1
2026-08-23 10:07:50.358834,6279,5373,2906,1
2026-08-23 10:07:50.358854,6166,4815,0,1
2026-08-23 10:07:50.358874,6120,5070,0,1
2026-08-23 10:07:50.358894,6190,4860,0,1
2026-08-23 10:07:50.358914,6275,5371,2580,1
2026-08-23 10:07:50.358934,6186,4877,0,1
2026-08-23 10:07:50.358954,6293,5398,2855,1
2026-08-23 10:07:50.358974,6177,4805,0,1
2026-08-23 10:07:50.358994,6278,5443,2893,1
2026-08-23 10:07:50.359014,6197,4883,0,1
2026-08-23 10:07:50.359034,6287,5412,2956,1
2026-08-23 10:07:50.359054,6183,4812,0,1
2026-08-23 10:07:50.359074,6281,5384,2742,1
2026-08-23 10:07:50.359094,6200,4868,25,1
2026-08-23 10:07:50.359114,6280,5402,3027,1
2026-08-23 10:07:50.359134,6171,4778,0,1
2026-08-23 10:07:50.359154,6285,5432,3225,1
2026-08-23 10:07:50.359174,6202,4811,0,1
2026-08-23 10:07:50.359194,6261,5332,2604,1
2026-08-23 10:07:50.359214,6183,4795,0,1
2026-08-23 10:07:50.359234,6245,5282,1563,1
2026-08-23 10:07:50.359254,6195,4873,0,1
2026-08-23 10:07:50.359274,6269,5460,2864,1
2026-08-23 10:07:50.359294,6183,4871,0,1
2026-08-23 10:07:50.359314,6276,5463,3108,1
2026-08-23 10:07:50.359334,6173,4791,0,1
2026-08-23 10:07:50.359354,6269,5406,2664,1
2026-08-23 10:07:50.359374,6194,4893,4,1
2026-08-23 10:07:50.359394,6282,5438,3178,1
2026-08-23 10:07:50.359414,6166,4781,0,1
2026-08-23 10:07:50.359434,6284,5424,3102,1
2026-08-23 10:07:50.359454,6198,4820,0,1
2026-08-23 10:07:50.359474,6272,5384,2666,1
2026-08-23 10:07:50.359494,6170,4804,0,1
2026-08-23 10:07:50.359514,6161,5183,0,1
2026-08-23 10:07:50.359534,6189,4803,0,1
2026-08-23 10:07:50.359554,6276,5366,2848,1
2026-08-23 10:07:50.359574,6181,4833,0,1
2026-08-23 10:07:50.359594,6283,5375,2887,1
2026-08-23 10:07:50.359614,6179,4818,0,1
2026-08-23 10:07:50.359634,6263,5382,2618,1
2026-08-23 10:07:50.359654,6202,4859,0,1
2026-08-23 10:07:50.359674,6288,5419,3131,1
2026-08-23 10:07:50.359694,6165,4813,0,1
2026-08-23 10:07:50.359714,6279,5420,2978,1
2026-08-23 10:07:50.359734,6196,4852,7,1
2026-08-23 10:07:50.359754,6272,5378,2734,1
2026-08-23 10:07:50.359774,6174,4810,0,1
2026-08-23 10:07:50.359794,6271,5432,2972,1
2026-08-23 10:07:50.359814,6185,4823,0,1
2026-08-23 10:07:50.359834,6277,5418,2881,1
2026-08-23 10:07:50.359854,6174,4790,0,1
2026-08-23 10:07:50.359874,6256,5370,2287,1
2026-08-23 10:07:50.359894,6192,4823,0,1
2026-08-23 10:07:50.359914,6270,5377,2597,1
2026-08-23 10:07:50.359934,6205,4884,0,1
2026-08-23 10:07:50.359954,6283,5433,2825,1
2026-08-23 10:07:50.359974,6173,4794,0,1
2026-08-23 10:07:50.359994,6268,5391,2922,1
2026-08-23 10:07:50.360014,6206,4857,8,1
2026-08-23 10:07:50.360034,6281,5395,2833,1
2026-08-23 10:07:50.360054,6190,4845,0,1
2026-08-23 10:07:50.360074,6281,5421,2840,1
2026-08-23 10:07:50.360094,6188,4821,0,1
2026-08-23 10:07:50.360114,6278,5390,2926,1
2026-08-23 10:07:50.360134,6170,4821,0,1
2026-08-23 10:07:50.360154,6193,5179,214,1
2026-08-23 10:07:50.360174,6183,4899,0,1
2026-08-23 10:07:50.360194,6277,5448,2591,1
2026-08-23 10:07:50.360214,6199,4868,0,1
2026-08-23 10:07:50.360234,6243,5405,2121,1
2026-08-23 10:07:50.360254,6186,4832,0,1
2026-08-23 10:07:50.360274,6274,5453,2874,1
2026-08-23 10:07:50.360294,6196,4861,0,1
2026-08-23 10:07:50.360314,6272,5451,2942,1
2026-08-23 10:07:50.360334,6178,4845,0,1
2026-08-23 10:07:50.360354,6287,5407,2746,1
2026-08-23 10:07:50.360374,6203,4874,25,1
2026-08-23 10:07:50.360394,6285,5406,3002,1
2026-08-23 10:07:50.360414,6169,4784,0,1
2026-08-23 10:07:50.360434,6292,5444,3844,1
2026-08-23 10:07:50.360454,6195,4798,0,1
2026-08-23 10:07:50.360474,6268,5382,2601,1
2026-08-23 10:07:50.360494,6189,4820,0,1
2026-08-23 10:07:50.360514,6215,5279,1040,1
2026-08-23 10:07:50.360534,6188,4862,0,1
2026-08-23 10:07:50.360554,6280,5440,2853,1
2026-08-23 10:07:50.360574,6200,4905,0,1
2026-08-23 10:07:50.360594,6279,5435,3016,1
2026-08-23 10:07:50.360614,6179,4834,0,1
2026-08-23 10:07:50.360634,6227,5415,2700,1
2026-08-23 10:07:50.360654,6204,4852,18,1
2026-08-23 10:07:50.360674,6284,5415,3092,1
2026-08-23 10:07:50.360694,6167,4789,0,1
2026-08-23 10:07:50.360714,6282,5444,3191,1
2026-08-23 10:07:50.360734,6196,4827,0,1
2026-08-23 10:07:50.360754,6273,5356,2618,1
2026-08-23 10:07:50.360774,6183,4838,0,1
2026-08-23 10:07:50.360794,6119,5068,0,1
2026-08-23 10:07:50.360814,6183,4809,0,1
2026-08-23 10:07:50.360834,6278,5387,2824,1
2026-08-23 10:07:50.360854,6190,4850,0,1
2026-08-23 10:07:50.360874,6277,5421,2829,1
2026-08-23 10:07:50.360894,6188,4798,0,1
2026-08-23 10:07:50.360914,6269,5405,2657,1
2026-08-23 10:07:50.360934,6202,4859,5,1
2026-08-23 10:07:50.360954,6295,5427,3152,1
2026-08-23 10:07:50.360974,6166,4780,0,1
2026-08-23 10:07:50.360994,6281,5396,3091,1
2026-08-23 10:07:50.361014,6192,4829,0,1
2026-08-23 10:07:50.361034,6273,5396,2667,1
2026-08-23 10:07:50.361054,6171,4836,0,1
2026-08-23 10:07:50.361074,6280,5408,3112,1
2026-08-23 10:07:50.361094,6179,4743,0,1
2026-08-23 10:07:50.361114,6268,5365,2851,1
2026-08-23 10:07:50.361134,6180,4797,0,1
2026-08-23 10:07:50.361154,6269,5349,2421,1
2026-08-23 10:07:50.361174,6179,4817,0,1
2026-08-23 10:07:50.361194,6265,5385,2635,1
2026-08-23 10:07:50.361214,6201,4885,0,1
2026-08-23 10:07:50.361234,6290,5433,3264,1
2026-08-23 10:07:50.361254,6171,4795,0,1
2026-08-23 10:07:50.361274,6281,5394,2988,1
2026-08-23 10:07:50.361294,6207,4842,15,1
2026-08-23 10:07:50.361314,6278,5406,2745,1
2026-08-23 10:07:50.361334,6171,4802,0,1
2026-08-23 10:07:50.361354,6280,5431,2942,1
2026-08-23 10:07:50.361374,6181,4815,0,1
2026-08-23 10:07:50.361394,6283,5382,2888,1
2026-08-23 10:07:50.361414,6162,4784,0,1
2026-08-23 10:07:50.361434,6205,5266,742,1
2026-08-23 10:07:50.361454,6195,4896,0,1
2026-08-23 10:07:50.361474,6266,5438,2582,1
2026-08-23 10:07:50.361494,6188,4874,0,1
2026-08-23 10:07:50.361514,6300,5432,3121,1
2026-08-23 10:07:50.361534,6173,4822,0,1
2026-08-23 10:07:50.361554,6278,5426,2923,1
2026-08-23 10:07:50.361574,6208,4856,5,1
2026-08-23 10:07:50.361594,6281,5395,2849,1
2026-08-23 10:07:50.361614,6180,4811,0,1
2026-08-23 10:07:50.361634,6277,5392,2828,1
2026-08-23 10:07:50.361654,6201,4833,0,1
2026-08-23 10:07:50.361674,6276,5426,2942,1
2026-08-23 10:07:50.361694,6169,4817,0,1
2026-08-23 10:07:50.361714,6184,5237,180,1
2026-08-23 10:07:50.361734,6099,4820,0,1
2026-08-23 10:07:50.361754,6269,5383,2584,1
2026-08-23 10:07:50.361774,6195,4849,0,1
2026-08-23 10:07:50.361794,6280,5372,2781,1
2026-08-23 10:07:50.361814,6182,4827,0,1
2026-08-23 10:07:50.361834,6284,5403,2885,1
2026-08-23 10:07:50.361854,6208,4824,0,1
2026-08-23 10:07:50.361874,6266,5400,2945,1
2026-08-23 10:07:50.361894,6179,4800,0,1
2026-08-23 10:07:50.361914,6267,5413,2717,1
2026-08-23 10:07:50.361934,6214,4872,12,1
2026-08-23 10:07:50.361954,6280,5443,2989,1
2026-08-23 10:07:50.361974,6171,4791,0,1
2026-08-23 10:07:50.361994,6284,5441,3275,1
2026-08-23 10:07:50.362014,6186,4804,0,1
2026-08-23 10:07:50.362034,6271,5366,2591,1
2026-08-23 10:07:50.362054,6189,4810,0,1
2026-08-23 10:07:50.362074,6262,5327,2150,1
2026-08-23 10:07:50.362094,6186,4825,0,1
2026-08-23 10:07:50.362114,6275,5436,2875,1
2026-08-23 10:07:50.362134,6194,4866,0,1
2026-08-23 10:07:50.362154,6279,5421,2990,1
2026-08-23 10:07:50.362174,6185,4811,0,1
2026-08-23 10:07:50.362194,6273,5411,2701,1
2026-08-23 10:07:50.362214,6205,4856,9,1
2026-08-23 10:07:50.362234,6288,5400,3100,1
2026-08-23 10:07:50.362254,6166,4811,0,1
2026-08-23 10:07:50.362274,6282,5417,3196,1
2026-08-23 10:07:50.362294,6197,4793,0,1
2026-08-23 10:07:50.362314,6267,5390,2588,1
2026-08-23 10:07:50.362334,6183,4804,0,1
2026-08-23 10:07:50.362354,6216,5240,921,1
2026-08-23 10:07:50.362374,6196,4901,0,1
2026-08-23 10:07:50.362394,6281,5435,2836,1
2026-08-23 10:07:50.362414,6195,4894,0,1
2026-08-23 10:07:50.362434,6295,5466,3113,1
2026-08-23 10:07:50.362454,6181,4833,0,1
2026-08-23 10:07:50.362474,6273,5379,2667,1
2026-08-23 10:07:50.362494,6202,4864,8,1
2026-08-23 10:07:50.362514,6285,5447,3162,1
2026-08-23 10:07:50.362534,6168,4808,0,1
2026-08-23 10:07:50.362554,6283,5390,3100,1
2026-08-23 10:07:50.362574,6202,4844,0,1
2026-08-23 10:07:50.362594,6274,5363,2640,1
2026-08-23 10:07:50.362614,6180,4816,0,1
2026-08-23 10:07:50.362634,6116,5142,0,1
2026-08-23 10:07:50.362654,6184,4847,0,1
2026-08-23 10:07:50.362674,6288,5405,2840,1
2026-08-23 10:07:50.362694,6186,4834,0,1
2026-08-23 10:07:50.362714,6275,5418,2966,1
2026-08-23 10:07:50.362734,6183,4827,0,1
2026-08-23 10:07:50.362754,6271,5403,2634,1
2026-08-23 10:07:50.362774,6209,4851,28,1
2026-08-23 10:07:50.362794,6286,5431,3233,1
2026-08-23 10:07:50.362814,6166,4769,0,1
2026-08-23 10:07:50.362834,6289,5407,3045,1
2026-08-23 10:07:50.362854,6214,4839,0,1
2026-08-23 10:07:50.362874,6272,5361,2682,1
2026-08-23 10:07:50.362894,6189,4830,0,1
2026-08-23 10:07:50.362914,6281,5442,3057,1
2026-08-23 10:07:50.362934,6186,4772,0,1
2026-08-23 10:07:50.362954,6264,5371,2857,1
2026-08-23 10:07:50.362974,6180,4779,0,1
2026-08-23 10:07:50.362994,6268,5366,2620,1
2026-08-23 10:07:50.363014,6186,4785,0,1
2026-08-23 10:07:50.363034,6269,5380,2614,1
2026-08-23 10:07:50.363054,6201,4860,0,1
2026-08-23 10:07:50.363074,6281,5421,3087,1
2026-08-23 10:07:50.363094,6168,4811,0,1
2026-08-23 10:07:50.363114,6283,5373,2970,1
2026-08-23 10:07:50.363134,6202,4864,1,1
2026-08-23 10:07:50.363154,6273,5430,2747,1
2026-08-23 10:07:50.363174,6176,4839,0,1
2026-08-23 10:07:50.363194,6284,5389,2929,1
2026-08-23 10:07:50.363214,6182,4835,0,1
2026-08-23 10:07:50.363234,6286,5408,2898,1
2026-08-23 10:07:50.363254,6181,4798,0,1
2026-08-23 10:07:50.363274,6250,5305,1863,1
2026-08-23 10:07:50.363294,6189,4799,0,1
2026-08-23 10:07:50.363314,6276,5398,2589,1
2026-08-23 10:07:50.363334,6195,4860,0,1
2026-08-23 10:07:50.363354,6274,5385,2606,1
2026-08-23 10:07:50.363374,6177,4818,0,1
2026-08-23 10:07:50.363394,6273,5441,2913,1
2026-08-23 10:07:50.363414,6186,4852,0,1
2026-08-23 10:07:50.363434,6274,5425,2876,1
2026-08-23 10:07:50.363454,6164,4845,0,1
2026-08-23 10:07:50.363474,6283,5380,2783,1
2026-08-23 10:07:50.363494,6200,4832,0,1
2026-08-23 10:07:50.363514,6279,5421,2972,1
2026-08-23 10:07:50.363534,6167,4779,0,1
2026-08-23 10:07:50.363554,6190,5224,28,1
2026-08-23 10:07:50.363574,6193,4824,0,1
2026-08-23 10:07:50.363594,6281,5385,2606,1
2026-08-23 10:07:50.363614,6189,4826,0,1
2026-08-23 10:07:50.363634,6212,5278,832,1
2026-08-23 10:07:50.363654,6198,4894,0,1
2026-08-23 10:07:50.363674,6291,5449,2859,1
2026-08-23 10:07:50.363694,6195,4868,0,1
2026-08-23 10:07:50.363714,6273,5452,2928,1
2026-08-23 10:07:50.363734,6175,4845,0,1
2026-08-23 10:07:50.363754,6350,5394,2690,1
2026-08-23 10:07:50.363774,6204,4863,8,1
2026-08-23 10:07:50.363794,6284,5420,3129,1
2026-08-23 10:07:50.363814,6162,4827,0,1
2026-08-23 10:07:50.363834,6286,5388,3137,1
2026-08-23 10:07:50.363854,6205,4797,0,1
2026-08-23 10:07:50.363874,6291,5330,2997,1
2026-08-23 10:07:50.428020,6252,2793,5,1
2026-08-23 10:07:50.428041,6288,3944,3340,1
2026-08-23 10:07:50.428061,6199,3684,10,1
2026-08-23 10:07:50.428081,6282,4573,3326,1
2026-08-23 10:07:50.428101,6194,4186,2,1
2026-08-23 10:07:50.428121,6295,4935,3698,1
2026-08-23 10:07:50.428141,6192,4410,6,1
2026-08-23 10:07:50.428160,6295,5097,3683,1
2026-08-23 10:07:50.428180,6194,4544,11,1
2026-08-23 10:07:50.428200,6298,5205,3664,1
2026-08-23 10:07:50.428221,6206,4558,8,1
2026-08-23 10:07:50.428241,6286,5233,3343,1
2026-08-23 10:07:50.428261,6188,4651,11,1
2026-08-23 10:07:50.428281,6277,5280,3305,1
2026-08-23 10:07:50.428301,6194,4636,0,1
2026-08-23 10:07:50.428321,6286,5268,3343,1
2026-08-23 10:07:50.428340,6188,4654,13,1
2026-08-23 10:07:50.428360,6283,5312,3352,1
2026-08-23 10:07:50.428380,6192,4689,18,1
2026-08-23 10:07:50.428401,6257,5310,3331,1
2026-08-23 10:07:50.428421,6188,4682,10,1
2026-08-23 10:07:50.428441,6273,5313,3341,1
2026-08-23 10:07:50.428461,6185,4646,10,1
2026-08-23 10:07:50.428481,6280,5308,3711,1
2026-08-23 10:07:50.428500,6191,4659,13,1
2026-08-23 10:07:50.428520,6278,5315,3735,1
2026-08-23 10:07:50.428540,6194,4657,30,1
2026-08-23 10:07:50.428560,6288,5311,3705,1
2026-08-23 10:07:50.428581,6184,4648,10,1
2026-08-23 10:07:50.428601,6285,5303,3666,1
2026-08-23 10:07:50.428621,6198,4693,21,1
2026-08-23 10:07:50.428641,6285,5283,3356,1
2026-08-23 10:07:50.428661,6190,4693,18,1
2026-08-23 10:07:50.428680,6288,5286,3348,1
2026-08-23 10:07:50.428700,6186,4663,8,1
2026-08-23 10:07:50.428720,6287,5345,3342,1
2026-08-23 10:07:50.428741,6285,4665,0,1
2026-08-23 10:07:50.428761,6288,5286,3351,1
2026-08-23 10:07:50.447668,6248,3219,0,1
2026-08-23 10:07:50.447688,6273,4280,3358,1
2026-08-23 10:07:50.447708,6195,3902,4,1
2026-08-23 10:07:50.447728,6277,4807,3337,1
2026-08-23 10:07:50.447748,6189,4280,5,1
2026-08-23 10:07:50.447768,6276,4997,3628,1
2026-08-23 10:07:50.447788,6178,4485,5,1
2026-08-23 10:07:50.447808,6284,5189,3705,1
2026-08-23 10:07:50.447828,6203,4569,13,1
2026-08-23 10:07:50.447848,6282,5261,3693,1
2026-08-23 10:07:50.447868,6185,4590,19,1
2026-08-23 10:07:50.447888,6289,5263,3686,1
2026-08-23 10:07:50.447908,6206,4593,8,1
2026-08-23 10:07:50.465703,6308,4770,3367,1
2026-08-23 10:07:50.465723,6192,4263,0,1
2026-08-23 10:07:50.465743,6285,5000,3316,1
2026-08-23 10:07:50.465763,6197,4504,4,1
2026-08-23 10:07:50.465783,6307,5144,3301,1
2026-08-23 10:07:50.465803,6186,4553,11,1
2026-08-23 10:07:50.465823,6303,5240,3720,1
2026-08-23 10:07:50.465842,6195,4591,22,1
2026-08-23 10:07:50.465863,6285,5274,3685,1
2026-08-23 10:07:50.465883,6183,4630,1,1
2026-08-23 10:07:50.465903,6288,5272,3652,1
2026-08-23 10:07:50.465923,6198,4664,5,1
2026-08-23 10:07:50.482915,6301,4804,3361,1
2026-08-23 10:07:50.482935,6198,4308,0,1
2026-08-23 10:07:50.482955,6290,5055,3316,1
2026-08-23 10:07:50.482975,6184,4470,16,1
2026-08-23 10:07:50.482995,6274,5158,3282,1
2026-08-23 10:07:50.483015,6196,4569,14,1
2026-08-23 10:07:50.483035,6282,5232,3250,1
2026-08-23 10:07:50.483055,6202,4644,11,1
2026-08-23 10:07:50.483075,6290,5276,3218,1
2026-08-23 10:07:50.483095,6182,4706,0,1
2026-08-23 10:07:50.483115,6282,5316,3141,1
2026-08-23 10:07:50.483135,6210,4712,0,1
2026-08-23 10:07:50.500859,6308,4957,3515,1
2026-08-23 10:07:50.500879,6196,4462,0,1
2026-08-23 10:07:50.500899,6284,5143,3332,1
2026-08-23 10:07:50.500919,6177,4588,0,1
2026-08-23 10:07:50.500939,6274,5230,3288,1
2026-08-23 10:07:50.500959,6323,4679,0,1
2026-08-23 10:07:50.500979,6288,5351,3551,1
2026-08-23 10:07:50.500999,6192,4721,0,1
2026-08-23 10:07:50.501019,6277,5327,3082,1
2026-08-23 10:07:50.501039,6193,4710,0,1
2026-08-23 10:07:50.501059,6282,5354,2924,1
2026-08-23 10:07:50.501079,6190,4779,0,1
2026-08-23 10:07:50.520782,6299,4926,3190,1
2026-08-23 10:07:50.520802,6189,4463,0,1
2026-08-23 10:07:50.520822,6283,5142,3304,1
2026-08-23 10:07:50.520842,6183,4566,0,1
2026-08-23 10:07:50.520862,6264,5257,2832,1
2026-08-23 10:07:50.520882,6213,4690,0,1
2026-08-23 10:07:50.520902,6276,5305,2990,1
2026-08-23 10:07:50.520922,6194,4771,20,1
2026-08-23 10:07:50.520941,6282,5372,3293,1
2026-08-23 10:07:50.520962,6172,4744,0,1
2026-08-23 10:07:50.520982,6282,5385,3105,1
2026-08-23 10:07:50.521002,6206,4767,0,1
2026-08-23 10:07:50.521022,6272,5370,3107,1
2026-08-23 10:07:50.539833,6236,4278,0,1
2026-08-23 10:07:50.539853,6292,5010,3158,1
2026-08-23 10:07:50.539873,6177,4514,0,1
2026-08-23 10:07:50.539893,6280,5203,3382,1
2026-08-23 10:07:50.539913,6197,4629,6,1
2026-08-23 10:07:50.539933,6276,5278,2948,1
2026-08-23 10:07:50.539953,6178,4729,0,1
2026-08-23 10:07:50.539973,6261,5293,2830,1
2026-08-23 10:07:50.539993,6198,4766,0,1
2026-08-23 10:07:50.540013,6270,5355,2763,1
2026-08-23 10:07:50.540033,6194,4772,0,1
2026-08-23 10:07:50.540053,6240,5393,3083,1
2026-08-23 10:07:50.540073,6208,4776,0,1
2026-08-23 10:07:50.559369,6305,4974,3144,1
2026-08-23 10:07:50.559389,6186,4430,0,1
2026-08-23 10:07:50.559409,6279,5081,2967,1
2026-08-23 10:07:50.559429,6167,4618,0,1
2026-08-23 10:07:50.559449,6283,5332,1869,1
2026-08-23 10:07:50.559469,6193,4660,0,1
2026-08-23 10:07:50.559489,6273,5260,2730,1
2026-08-23 10:07:50.559510,6187,4731,0,1
2026-08-23 10:07:50.559529,6277,5346,3094,1
2026-08-23 10:07:50.559549,6189,4730,0,1
2026-08-23 10:07:50.559569,6356,5363,2998,1
2026-08-23 10:07:50.559589,6165,4779,0,1
2026-08-23 10:07:50.559609,6285,5250,2691,1
2026-08-23 10:07:50.578969,6226,4310,0,1
2026-08-23 10:07:50.578989,6276,5048,3005,1
2026-08-23 10:07:50.579009,6178,4515,0,1
2026-08-23 10:07:50.579029,6175,4991,79,1
2026-08-23 10:07:50.579049,6196,4780,0,1
2026-08-23 10:07:50.579069,6274,5316,2762,1
2026-08-23 10:07:50.579089,6182,4796,0,1
2026-08-23 10:07:50.579109,6284,5406,3042,1
2026-08-23 10:07:50.579129,6181,4760,0,1
2026-08-23 10:07:50.579149,6305,5394,3051,1
2026-08-23 10:07:50.579169,6169,4789,0,1
2026-08-23 10:07:50.579189,6288,5378,3333,1
2026-08-23 10:07:50.579209,6210,4774,0,1
2026-08-23 10:07:50.599053,6298,4863,2962,1
2026-08-23 10:07:50.599073,6196,4451,0,1
2026-08-23 10:07:50.599093,6278,5102,2874,1
2026-08-23 10:07:50.599113,6161,4567,0,1
2026-08-23 10:07:50.599133,6274,5254,2813,1
2026-08-23 10:07:50.599153,6196,4712,0,1
2026-08-23 10:07:50.599173,6280,5303,2964,1
2026-08-23 10:07:50.599193,6164,4747,0,1
2026-08-23 10:07:50.599213,6276,5348,3378,1
2026-08-23 10:07:50.599233,6190,4703,0,1
2026-08-23 10:07:50.599253,6268,5326,2596,1
2026-08-23 10:07:50.599273,6195,4794,0,1
2026-08-23 10:07:50.599293,6282,5344,2997,1
2026-08-23 10:07:50.618977,6215,4195,0,1
2026-08-23 10:07:50.618997,6290,4945,3008,1
2026-08-23 10:07:50.619017,6192,4475,0,1
2026-08-23 10:07:50.619037,6272,5102,3098,1
2026-08-23 10:07:50.619057,6175,4572,0,1
2026-08-23 10:07:50.619077,6287,5259,3220,1
2026-08-23 10:07:50.619097,6196,4699,0,1
2026-08-23 10:07:50.619117,6268,5305,2904,1
2026-08-23 10:07:50.619137,6180,4744,0,1
2026-08-23 10:07:50.619157,6275,5369,2970,1
2026-08-23 10:07:50.619177,6183,4797,0,1
2026-08-23 10:07:50.619197,6271,5356,3003,1
2026-08-23 10:07:50.619217,6186,4721,0,1
2026-08-23 10:07:50.638791,6297,4819,3033,1
2026-08-23 10:07:50.638811,6159,4359,0,1
2026-08-23 10:07:50.638831,6272,5099,3219,1
2026-08-23 10:07:50.638851,6191,4574,0,1
2026-08-23 10:07:50.638871,6263,5216,2622,1
2026-08-23 10:07:50.638891,6189,4730,0,1
2026-08-23 10:07:50.638911,6169,5051,0,1
2026-08-23 10:07:50.638931,6218,4811,0,1
2026-08-23 10:07:50.638951,6278,5438,2884,1
2026-08-23 10:07:50.638971,6183,4855,0,1
2026-08-23 10:07:50.638991,6271,5391,2889,1
2026-08-23 10:07:50.639011,6189,4823,0,1
2026-08-23 10:07:50.639031,6278,5371,2686,1
2026-08-23 10:07:50.658648,6230,4245,0,1
2026-08-23 10:07:50.658668,6280,4969,2724,1
2026-08-23 10:07:50.658688,6173,4519,0,1
2026-08-23 10:07:50.658708,6278,5201,3141,1
2026-08-23 10:07:50.658728,6180,4580,0,1
2026-08-23 10:07:50.658748,6274,5282,2975,1
2026-08-23 10:07:50.658768,6174,4700,0,1
2026-08-23 10:07:50.658788,6131,4948,0,1
2026-08-23 10:07:50.658808,6193,4708,0,1
2026-08-23 10:07:50.658828,6262,5298,2709,1
2026-08-23 10:07:50.658848,6184,4752,0,1
2026-08-23 10:07:50.658868,6285,5396,3219,1
2026-08-23 10:07:50.658888,6192,4665,0,1
2026-08-23 10:07:50.678265,6296,4832,2830,1
2026-08-23 10:07:50.678285,6204,4385,0,1
2026-08-23 10:07:50.678305,6281,5078,2926,1
2026-08-23 10:07:50.678325,6161,4523,0,1
2026-08-23 10:07:50.678345,6167,4999,0,1
2026-08-23 10:07:50.678365,6196,4738,0,1
2026-08-23 10:07:50.678385,6271,5357,2618,1
2026-08-23 10:07:50.678406,6180,4798,0,1
2026-08-23 10:07:50.678425,6258,5316,1957,1
2026-08-23 10:07:50.678445,6183,4829,0,1
2026-08-23 10:07:50.678465,6278,5420,2886,1
2026-08-23 10:07:50.678485,6205,4836,0,1
2026-08-23 10:07:50.678505,6274,5377,2848,1
2026-08-23 10:07:50.698233,6215,4234,0,1
2026-08-23 10:07:50.698253,6248,4905,2141,1
2026-08-23 10:07:50.698273,6195,4547,0,1
2026-08-23 10:07:50.698293,6274,5201,2704,1
2026-08-23 10:07:50.698313,6174,4677,0,1
2026-08-23 10:07:50.698333,6281,5310,3219,1
2026-08-23 10:07:50.698353,6168,4657,0,1
2026-08-23 10:07:50.698373,6278,5242,2983,1
2026-08-23 10:07:50.698393,6180,4752,0,1
2026-08-23 10:07:50.698413,6284,5401,3476,1
2026-08-23 10:07:50.698433,6193,4705,0,1
2026-08-23 10:07:50.698453,6283,5320,2727,1
2026-08-23 10:07:50.698473,6209,4741,0,1
2026-08-23 10:07:50.718356,6293,4807,2738,1
2026-08-23 10:07:50.718376,6170,4410,0,1
2026-08-23 10:07:50.718396,6273,5138,3028,1
2026-08-23 10:07:50.718416,6174,4534,0,1
2026-08-23 10:07:50.718436,6276,5186,2867,1
2026-08-23 10:07:50.718456,6175,4656,0,1
2026-08-23 10:07:50.718476,6238,5187,1525,1
2026-08-23 10:07:50.718496,6180,4804,0,1
2026-08-23 10:07:50.718516,6269,5406,2639,1
2026-08-23 10:07:50.718536,6189,4861,0,1
2026-08-23 10:07:50.718556,6283,5419,3116,1
2026-08-23 10:07:50.718576,6176,4754,0,1
2026-08-23 10:07:50.718596,6280,5336,3114,1
2026-08-23 10:07:50.738238,6224,4272,0,1
2026-08-23 10:07:50.738258,6283,5014,2959,1
2026-08-23 10:07:50.738278,6180,4512,0,1
2026-08-23 10:07:50.738298,6249,5101,1972,1
2026-08-23 10:07:50.738318,6196,4681,0,1
2026-08-23 10:07:50.738338,6267,5299,2665,1
2026-08-23 10:07:50.738358,6191,4765,0,1
2026-08-23 10:07:50.738378,6266,5306,2422,1
2026-08-23 10:07:50.738398,6178,4825,0,1
2026-08-23 10:07:50.738418,6278,5389,2956,1
2026-08-23 10:07:50.738438,6185,4836,0,1
2026-08-23 10:07:50.738458,6276,5406,3004,1
2026-08-23 10:07:50.738478,6183,4760,0,1
2026-08-23 10:07:50.758316,6315,4906,3481,1
2026-08-23 10:07:50.758336,6177,4355,0,1
2026-08-23 10:07:50.758356,6263,5041,2549,1
2026-08-23 10:07:50.758376,6192,4584,0,1
2026-08-23 10:07:50.758396,6276,5259,2948,1
2026-08-23 10:07:50.758416,6174,4648,0,1
2026-08-23 10:07:50.758436,6281,5291,2930,1
2026-08-23 10:07:50.758456,6197,4763,0,1
2026-08-23 10:07:50.758476,6275,5343,3020,1
2026-08-23 10:07:50.758496,6185,4792,0,1
2026-08-23 10:07:50.758516,6199,5353,2846,1
2026-08-23 10:07:50.758536,6205,4824,0,1
2026-08-23 10:07:50.758556,6283,5345,2906,1
2026-08-23 10:07:50.778212,6236,4290,0,1
2026-08-23 10:07:50.778232,6286,5009,3049,1
2026-08-23 10:07:50.778252,6169,4509,0,1
2026-08-23 10:07:50.778272,6288,5230,3254,1
2026-08-23 10:07:50.778292,6194,4672,0,1
2026-08-23 10:07:50.778312,6264,5247,2701,1
2026-08-23 10:07:50.778332,6172,4760,0,1
2026-08-23 10:07:50.778352,6284,5358,3103,1
2026-08-23 10:07:50.778372,6184,4742,0,1
2026-08-23 10:07:50.778392,6273,5312,2915,1
2026-08-23 10:07:50.778412,6174,4743,0,1
2026-08-23 10:07:50.778432,6211,5222,919,1
2026-08-23 10:07:50.778452,6194,4824,0,1
2026-08-23 10:07:50.798035,6177,4664,0,1
2026-08-23 10:07:50.798055,6203,4513,0,1
2026-08-23 10:07:50.798075,6268,5178,2534,1
2026-08-23 10:07:50.798095,6195,4724,0,1
2026-08-23 10:07:50.798115,6290,5278,2621,1
2026-08-23 10:07:50.798136,6175,4706,0,1
2026-08-23 10:07:50.798156,6280,5323,2960,1
2026-08-23 10:07:50.798176,6198,4792,11,1
2026-08-23 10:07:50.798195,6369,5344,2718,1
2026-08-23 10:07:50.798215,6173,4813,0,1
2026-08-23 10:07:50.798235,6274,5375,3004,1
2026-08-23 10:07:50.798255,6190,4733,0,1
2026-08-23 10:07:50.798275,6282,5359,2887,1
2026-08-23 10:07:50.817683,6258,4328,0,1
2026-08-23 10:07:50.817703,6280,4993,3166,1
2026-08-23 10:07:50.817723,6179,4493,0,1
2026-08-23 10:07:50.817743,6290,5230,3334,1
2026-08-23 10:07:50.817763,6183,4618,0,1
2026-08-23 10:07:50.817783,6273,5253,2650,1
2026-08-23 10:07:50.817803,6190,4710,0,1
2026-08-23 10:07:50.817823,6178,5055,0,1
2026-08-23 10:07:50.817843,6184,4856,0,1
2026-08-23 10:07:50.817863,6282,5398,3144,1
2026-08-23 10:07:50.817883,6177,4819,0,1
2026-08-23 10:07:50.817903,6279,5370,2837,1
2026-08-23 10:07:50.817923,6186,4801,0,1
2026-08-23 10:07:50.836936,6316,4930,3392,1
2026-08-23 10:07:50.836956,6186,4394,0,1
2026-08-23 10:07:50.836976,6261,5060,2522,1
2026-08-23 10:07:50.836996,6188,4626,0,1
2026-08-23 10:07:50.837016,6284,5237,2934,1
2026-08-23 10:07:50.837036,6165,4655,0,1
2026-08-23 10:07:50.837056,6281,5285,2921,1
2026-08-23 10:07:50.837076,6196,4800,13,1
2026-08-23 10:07:50.837096,6272,5345,2768,1
2026-08-23 10:07:50.837116,6176,4769,0,1
2026-08-23 10:07:50.837136,6270,5369,2945,1
2026-08-23 10:07:50.837156,6192,4793,0,1
2026-08-23 10:07:50.837176,6286,5317,2874,1
2026-08-23 10:07:50.856772,6242,4364,2,1
2026-08-23 10:07:50.856792,6283,5091,3199,1
2026-08-23 10:07:50.856812,6166,4536,0,1
2026-08-23 10:07:50.856832,6274,5239,3120,1
2026-08-23 10:07:50.856852,6196,4700,0,1
2026-08-23 10:07:50.856872,6272,5290,2731,1
2026-08-23 10:07:50.856892,6178,4752,0,1
2026-08-23 10:07:50.856912,6274,5367,2978,1
2026-08-23 10:07:50.856932,6184,4762,0,1
2026-08-23 10:07:50.856952,6274,5355,2909,1
2026-08-23 10:07:50.856972,6183,4776,0,1
2026-08-23 10:07:50.856992,6227,5222,1185,1
2026-08-23 10:07:50.857012,6208,4803,0,1
2026-08-23 10:07:50.876671,6226,4767,1038,1
2026-08-23 10:07:50.876691,6187,4521,0,1
2026-08-23 10:07:50.876711,6266,5129,2571,1
2026-08-23 10:07:50.876731,6194,4714,0,1
2026-08-23 10:07:50.876751,6283,5315,3030,1
2026-08-23 10:07:50.876771,6165,4720,0,1
2026-08-23 10:07:50.876791,6276,5356,2997,1
2026-08-23 10:07:50.876811,6200,4778,0,1
2026-08-23 10:07:50.876831,6268,5320,2617,1
2026-08-23 10:07:50.876851,6174,4818,0,1
2026-08-23 10:07:50.876871,6152,5104,0,1
2026-08-23 10:07:50.876891,6185,4832,0,1
2026-08-23 10:07:50.876911,6283,5416,2933,1
2026-08-23 10:07:50.896447,6224,4341,0,1
2026-08-23 10:07:50.896467,6282,5056,2930,1
2026-08-23 10:07:50.896487,6183,4537,0,1
2026-08-23 10:07:50.896507,6245,5103,1635,1
2026-08-23 10:07:50.896527,6193,4740,0,1
2026-08-23 10:07:50.896547,6275,5321,2629,1
2026-08-23 10:07:50.896567,6205,4789,0,1
2026-08-23 10:07:50.896587,6273,5372,2909,1
2026-08-23 10:07:50.896607,6183,4819,0,1
2026-08-23 10:07:50.896627,6279,5393,2926,1
2026-08-23 10:07:50.896647,6193,4852,0,1
2026-08-23 10:07:50.896667,6276,5426,3013,1
2026-08-23 10:07:50.896687,6177,4765,0,1
2026-08-23 10:07:50.916540,6282,4824,2444,1
2026-08-23 10:07:50.916560,6190,4394,0,1
2026-08-23 10:07:50.916580,6276,5131,2632,1
2026-08-23 10:07:50.916600,6204,4652,17,1
2026-08-23 10:07:50.916620,6270,5294,3047,1
2026-08-23 10:07:50.916640,6160,4659,0,1
2026-08-23 10:07:50.916660,6293,5289,3230,1
2026-08-23 10:07:50.916680,6183,4709,0,1
2026-08-23 10:07:50.916700,6265,5323,2578,1
2026-08-23 10:07:50.916720,6184,4762,0,1
2026-08-23 10:07:50.916740,6192,5206,528,1
2026-08-23 10:07:50.916760,6189,4858,0,1
2026-08-23 10:07:50.916780,6281,5411,2979,1
2026-08-23 10:07:50.936362,6222,4276,0,1
2026-08-23 10:07:50.936382,6284,5003,2943,1
2026-08-23 10:07:50.936402,6180,4541,0,1
2026-08-23 10:07:50.936422,6275,5231,3214,1
2026-08-23 10:07:50.936442,6177,4628,0,1
2026-08-23 10:07:50.936462,6271,5234,2673,1
2026-08-23 10:07:50.936482,6215,4783,0,1
2026-08-23 10:07:50.936502,6189,5321,2886,1
2026-08-23 10:07:50.936522,6176,4742,0,1
2026-08-23 10:07:50.936542,6271,5392,2943,1
2026-08-23 10:07:50.936562,6194,4826,0,1
2026-08-23 10:07:50.936582,6276,5398,2929,1
2026-08-23 10:07:50.936602,6188,4793,0,1
2026-08-23 10:07:50.956395,6294,4860,2880,1
2026-08-23 10:07:50.956415,6171,4399,0,1
2026-08-23 10:07:50.956435,6262,5056,2728,1
2026-08-23 10:07:50.956455,6193,4576,0,1
2026-08-23 10:07:50.956475,6276,5272,2951,1
2026-08-23 10:07:50.956496,6161,4697,0,1
2026-08-23 10:07:50.956516,6283,5316,3519,1
2026-08-23 10:07:50.956536,6181,4682,0,1
2026-08-23 10:07:50.956555,6268,5300,2573,1
2026-08-23 10:07:50.956575,6186,4796,0,1
2026-08-23 10:07:50.956595,6272,5369,2858,1
2026-08-23 10:07:50.956615,6174,4736,0,1
2026-08-23 10:07:50.956635,6282,5338,3012,1
2026-08-23 10:07:50.976184,6359,4225,0,1
2026-08-23 10:07:50.976204,6288,5002,2939,1
2026-08-23 10:07:50.976224,6193,4546,0,1
2026-08-23 10:07:50.976244,6281,5190,2906,1
2026-08-23 10:07:50.976264,6189,4648,0,1
2026-08-23 10:07:50.976284,6269,5255,2687,1
2026-08-23 10:07:50.976304,6202,4765,0,1
2026-08-23 10:07:50.976324,6274,5365,3287,1
2026-08-23 10:07:50.976344,6170,4736,0,1
2026-08-23 10:07:50.976364,6274,5385,3001,1
2026-08-23 10:07:50.976384,6198,4842,10,1
2026-08-23 10:07:50.976404,6274,5379,2804,1
2026-08-23 10:07:50.976424,6184,4800,0,1
2026-08-23 10:07:50.996326,6293,4817,2761,1
2026-08-23 10:07:50.996346,6172,4395,0,1
2026-08-23 10:07:50.996366,6276,5137,2917,1
2026-08-23 10:07:50.996386,6193,4568,0,1
2026-08-23 10:07:50.996406,6261,5244,2843,1
2026-08-23 10:07:50.996426,6171,4654,0,1
2026-08-23 10:07:50.996446,6259,5276,2597,1
2026-08-23 10:07:50.996466,6181,4745,0,1
2026-08-23 10:07:50.996486,6267,5336,2596,1
2026-08-23 10:07:50.996506,6196,4814,0,1
2026-08-23 10:07:50.996526,6282,5420,3111,1
2026-08-23 10:07:50.996546,6156,4778,0,1
2026-08-23 10:07:50.996566,6293,5384,3250,1
2026-08-23 10:07:51.016202,6208,4170,0,1
2026-08-23 10:07:51.016222,6278,4966,3031,1
2026-08-23 10:07:51.016242,6192,4516,11,1
2026-08-23 10:07:51.016262,6273,5196,2938,1
2026-08-23 10:07:51.016282,6200,4651,0,1
2026-08-23 10:07:51.016302,6273,5253,2762,1
2026-08-23 10:07:51.016322,6196,4768,22,1
2026-08-23 10:07:51.016342,6278,5372,3167,1
2026-08-23 10:07:51.016362,6168,4719,0,1
2026-08-23 10:07:51.016382,6284,5354,3106,1
2026-08-23 10:07:51.016402,6199,4783,0,1
2026-08-23 10:07:51.016422,6262,5349,2715,1
2026-08-23 10:07:51.016442,6188,4763,0,1
2026-08-23 10:07:51.035927,6292,4820,2713,1
2026-08-23 10:07:51.035947,6176,4428,0,1
2026-08-23 10:07:51.035967,6275,5099,3096,1
2026-08-23 10:07:51.035987,6161,4519,0,1
2026-08-23 10:07:51.036007,6265,5184,2833,1
2026-08-23 10:07:51.036027,6176,4704,0,1
2026-08-23 10:07:51.036047,6267,5280,2694,1
2026-08-23 10:07:51.036067,6184,4720,0,1
2026-08-23 10:07:51.036087,6269,5310,2643,1
2026-08-23 10:07:51.036107,6200,4817,16,1
2026-08-23 10:07:51.036127,6283,5384,3152,1
2026-08-23 10:07:51.036147,6166,4765,0,1
2026-08-23 10:07:51.036167,6123,4981,0,1
2026-08-23 10:07:51.053312,6208,4186,0,1
2026-08-23 10:07:51.053332,6285,4984,3039,1
2026-08-23 10:07:51.053352,6195,4515,9,1
2026-08-23 10:07:51.053372,6270,5164,2921,1
2026-08-23 10:07:51.053392,6167,4660,0,1
2026-08-23 10:07:51.053412,6270,5255,2771,1
2026-08-23 10:07:51.053432,6199,4793,27,1
2026-08-23 10:07:51.053452,6283,5340,3123,1
2026-08-23 10:07:51.053472,6162,4756,0,1
2026-08-23 10:07:51.053492,6368,5390,3133,1
2026-08-23 10:07:51.053512,6203,4801,0,1
2026-08-23 10:07:51.053532,6275,5292,2642,1
2026-08-23 10:07:51.071056,6195,4397,0,1
2026-08-23 10:07:51.071076,6285,5090,3257,1
2026-08-23 10:07:51.071096,6196,4580,0,1
2026-08-23 10:07:51.071116,6274,5184,2706,1
2026-08-23 10:07:51.071136,6185,4670,0,1
2026-08-23 10:07:51.071156,6279,5342,3035,1
2026-08-23 10:07:51.071176,6176,4706,0,1
2026-08-23 10:07:51.071196,6263,5338,2939,1
2026-08-23 10:07:51.071216,6161,4766,0,1
2026-08-23 10:07:51.071236,6194,5178,624,1
2026-08-23 10:07:51.071256,6194,4879,0,1
2026-08-23 10:07:51.071276,6282,5402,2667,1
2026-08-23 10:07:51.087531,6214,4356,0,1
2026-08-23 10:07:51.087551,6276,5017,2772,1
2026-08-23 10:07:51.087571,6186,4574,0,1
2026-08-23 10:07:51.087591,6257,5188,2689,1
2026-08-23 10:07:51.087611,6182,4716,0,1
2026-08-23 10:07:51.087631,6262,5259,2242,1
2026-08-23 10:07:51.087651,6177,4801,0,1
2026-08-23 10:07:51.087671,6274,5370,2958,1
2026-08-23 10:07:51.087691,6186,4780,0,1
2026-08-23 10:07:51.087711,6268,5371,2593,1
2026-08-23 10:07:51.087731,6195,4796,0,1
2026-08-23 10:07:51.105302,6292,4963,2956,1
2026-08-23 10:07:51.105322,6187,4511,0,1
2026-08-23 10:07:51.105342,6246,5095,1965,1
2026-08-23 10:07:51.105362,6174,4693,0,1
2026-08-23 10:07:51.105382,6267,5311,2623,1
2026-08-23 10:07:51.105402,6186,4762,0,1
2026-08-23 10:07:51.105422,6273,5397,3153,1
2026-08-23 10:07:51.105442,6171,4788,0,1
2026-08-23 10:07:51.105462,6270,5362,2911,1
2026-08-23 10:07:51.105482,6195,4840,0,1
2026-08-23 10:07:51.105502,6282,5403,2942,1
2026-08-23 10:07:51.105522,6183,4778,0,1
2026-08-23 10:07:51.121775,6339,4825,648,1
2026-08-23 10:07:51.121795,6184,4427,0,1
2026-08-23 10:07:51.121815,6265,5130,2510,1
2026-08-23 10:07:51.121835,6203,4680,0,1
2026-08-23 10:07:51.121855,6273,5301,3126,1
2026-08-23 10:07:51.121875,6168,4671,0,1
2026-08-23 10:07:51.121895,6281,5330,2948,1
2026-08-23 10:07:51.121915,6198,4779,8,1
2026-08-23 10:07:51.121935,6279,5363,2755,1
2026-08-23 10:07:51.121955,6176,4799,0,1
2026-08-23 10:07:51.121975,6279,5394,3137,1
2026-08-23 10:07:51.139817,6233,4241,0,1
2026-08-23 10:07:51.139837,6262,4982,2672,1
2026-08-23 10:07:51.139857,6179,4505,0,1
2026-08-23 10:07:51.139877,6149,4958,0,1
2026-08-23 10:07:51.139897,6189,4716,0,1
2026-08-23 10:07:51.139917,6273,5366,2909,1
2026-08-23 10:07:51.139937,6175,4787,0,1
2026-08-23 10:07:51.139957,6260,5348,2373,1
2026-08-23 10:07:51.139977,6186,4815,0,1
2026-08-23 10:07:51.139997,6269,5346,2640,1
2026-08-23 10:07:51.140017,6199,4844,0,1
2026-08-23 10:07:51.140037,6264,5352,2694,1
2026-08-23 10:07:51.159519,6229,4319,0,1
2026-08-23 10:07:51.159539,6269,5053,2712,1
2026-08-23 10:07:51.159559,6193,4594,0,1
2026-08-23 10:07:51.159579,6273,5180,2434,1
2026-08-23 10:07:51.159599,6187,4723,0,1
2026-08-23 10:07:51.159619,6243,5302,2968,1
2026-08-23 10:07:51.159639,6184,4803,0,1
2026-08-23 10:07:51.159659,6257,5330,2527,1
2026-08-23 10:07:51.159679,6188,4801,0,1
2026-08-23 10:07:51.159699,6264,5379,2682,1
2026-08-23 10:07:51.159719,6184,4809,0,1
2026-08-23 10:07:51.159739,6188,5207,261,1
2026-08-23 10:07:51.159759,6270,4832,0,1
2026-08-23 10:07:51.179531,6297,4933,2933,1
2026-08-23 10:07:51.179551,6172,4421,0,1
2026-08-23 10:07:51.179571,6188,5091,2860,1
2026-08-23 10:07:51.179591,6178,4587,0,1
2026-08-23 10:07:51.179611,6254,5210,2462,1
2026-08-23 10:07:51.179631,6182,4708,0,1
2026-08-23 10:07:51.179651,6265,5320,2602,1
2026-08-23 10:07:51.179672,6181,4796,0,1
2026-08-23 10:07:51.179691,6246,5389,2983,1
2026-08-23 10:07:51.179711,6160,4787,0,1
2026-08-23 10:07:51.179731,6268,5359,2966,1
2026-08-23 10:07:51.179751,6202,4827,12,1
2026-08-23 10:07:51.179771,6280,5379,2715,1
2026-08-23 10:07:51.199340,6229,4231,0,1
2026-08-23 10:07:51.199360,6278,4972,3025,1
2026-08-23 10:07:51.199380,6173,4490,0,1
2026-08-23 10:07:51.199400,6266,5132,2731,1
2026-08-23 10:07:51.199420,6199,4667,0,1
2026-08-23 10:07:51.199440,6271,5339,3234,1
2026-08-23 10:07:51.199460,6169,4706,0,1
2026-08-23 10:07:51.199480,6263,5297,2971,1
2026-08-23 10:07:51.199500,6196,4792,0,1
2026-08-23 10:07:51.199520,6272,5345,2935,1
2026-08-23 10:07:51.199540,6174,4782,0,1
2026-08-23 10:07:51.199560,6264,5338,2789,1
2026-08-23 10:07:51.199580,6208,4815,0,1
2026-08-23 10:07:51.218750,6284,4847,2696,1
2026-08-23 10:07:51.218770,6200,4473,1,1
2026-08-23 10:07:51.218790,6280,5144,2901,1
2026-08-23 10:07:51.218810,6172,4543,0,1
2026-08-23 10:07:51.218830,6148,4964,0,1
2026-08-23 10:07:51.218850,6178,4734,0,1
2026-08-23 10:07:51.218870,6261,5320,2518,1
2026-08-23 10:07:51.218890,6183,4899,0,1
2026-08-23 10:07:51.218910,6277,5408,3177,1
2026-08-23 10:07:51.218930,6164,4753,0,1
2026-08-23 10:07:51.218950,6283,5365,2969,1
2026-08-23 10:07:51.218970,6200,4828,0,1
2026-08-23 10:07:51.218990,6270,5340,2634,1
2026-08-23 10:07:51.235383,6236,4244,5,1
2026-08-23 10:07:51.235403,6328,4951,2806,1
2026-08-23 10:07:51.235423,6182,4521,0,1
2026-08-23 10:07:51.235443,6257,5176,2880,1
2026-08-23 10:07:51.235463,6183,4670,0,1
2026-08-23 10:07:51.235483,6267,5280,2986,1
2026-08-23 10:07:51.235503,6161,4725,0,1
2026-08-23 10:07:51.235523,6274,5423,3223,1
2026-08-23 10:07:51.235543,6181,4759,0,1
2026-08-23 10:07:51.235563,6259,5304,2656,1
2026-08-23 10:07:51.235583,6186,4750,0,1
2026-08-23 10:07:51.255437,6266,4925,2199,1
2026-08-23 10:07:51.255457,6181,4458,0,1
2026-08-23 10:07:51.255477,6266,5194,2604,1
2026-08-23 10:07:51.255497,6208,4726,7,1
2026-08-23 10:07:51.255517,6280,5291,3104,1
2026-08-23 10:07:51.255537,6150,4686,0,1
2026-08-23 10:07:51.255557,6273,5368,3200,1
2026-08-23 10:07:51.255577,6183,4763,0,1
2026-08-23 10:07:51.255597,6274,5305,2606,1
2026-08-23 10:07:51.255617,6168,4791,0,1
2026-08-23 10:07:51.255637,6151,5180,441,1
2026-08-23 10:07:51.255657,6168,4818,0,1
2026-08-23 10:07:51.255677,6278,5389,2941,1
2026-08-23 10:07:51.275235,6216,4284,0,1
2026-08-23 10:07:51.275255,6282,5054,2933,1
2026-08-23 10:07:51.275275,6187,4575,0,1
2026-08-23 10:07:51.275295,6201,5247,2988,1
2026-08-23 10:07:51.275315,6184,4650,0,1
2026-08-23 10:07:51.275335,6270,5284,2652,1
2026-08-23 10:07:51.275355,6184,4760,0,1
2026-08-23 10:07:51.275375,6274,5368,2905,1
2026-08-23 10:07:51.275395,6173,4778,0,1
2026-08-23 10:07:51.275415,6268,5390,2932,1
2026-08-23 10:07:51.275435,6189,4886,0,1
2026-08-23 10:07:51.275455,6273,5361,2917,1
2026-08-23 10:07:51.275475,6181,4784,0,1
2026-08-23 10:07:51.295119,6289,4848,2880,1
2026-08-23 10:07:51.295139,6168,4408,0,1
2026-08-23 10:07:51.295159,6273,5093,2770,1
2026-08-23 10:07:51.295179,6192,4647,0,1
2026-08-23 10:07:51.295199,6273,5258,2907,1
2026-08-23 10:07:51.295219,6155,4699,0,1
2026-08-23 10:07:51.295239,6115,4981,0,1
2026-08-23 10:07:51.295259,6186,4807,0,1
2026-08-23 10:07:51.295279,6251,5339,2541,1
2026-08-23 10:07:51.295299,6185,4858,78,1
2026-08-23 10:07:51.295319,6278,5414,3096,1
2026-08-23 10:07:51.295339,6160,4789,0,1
2026-08-23 10:07:51.295359,6286,5375,3138,1
2026-08-23 10:07:51.315028,6211,4219,0,1
2026-08-23 10:07:51.315048,6276,5004,2946,1
2026-08-23 10:07:51.315068,6189,4542,0,1
2026-08-23 10:07:51.315088,6273,5189,2954,1
2026-08-23 10:07:51.315108,6175,4669,0,1
2026-08-23 10:07:51.315128,6266,5238,2666,1
2026-08-23 10:07:51.315148,6199,4769,0,1
2026-08-23 10:07:51.315168,6277,5360,3316,1
2026-08-23 10:07:51.315188,6168,4730,0,1
2026-08-23 10:07:51.315208,6267,5378,2987,1
2026-08-23 10:07:51.315228,6207,4832,6,1
2026-08-23 10:07:51.315248,6276,5385,2822,1
2026-08-23 10:07:51.315268,6186,4739,0,1
2026-08-23 10:07:51.335030,6286,4836,2786,1
2026-08-23 10:07:51.335050,6166,4364,0,1
2026-08-23 10:07:51.335070,6269,5056,2885,1
2026-08-23 10:07:51.335090,6188,4582,0,1
2026-08-23 10:07:51.335110,6261,5218,2859,1
2026-08-23 10:07:51.335130,6161,4668,0,1
2026-08-23 10:07:51.335150,6255,5247,2260,1
2026-08-23 10:07:51.335170,6175,4755,0,1
2026-08-23 10:07:51.335190,6266,5363,2592,1
2026-08-23 10:07:51.335210,6191,4828,0,1
2026-08-23 10:07:51.335230,6275,5379,2948,1
2026-08-23 10:07:51.335250,6153,4787,0,1
2026-08-23 10:07:51.335270,6282,5378,3113,1
2026-08-23 10:07:51.354899,6214,4214,0,1
2026-08-23 10:07:51.354919,6278,4969,2938,1
2026-08-23 10:07:51.354939,6196,4545,0,1
2026-08-23 10:07:51.354959,6275,5176,3095,1
2026-08-23 10:07:51.354979,6163,4665,0,1
2026-08-23 10:07:51.354999,6261,5275,2710,1
2026-08-23 10:07:51.355019,6196,4753,0,1
2026-08-23 10:07:51.355039,6277,5351,3197,1
2026-08-23 10:07:51.355059,6163,4738,0,1
2026-08-23 10:07:51.355079,6272,5330,2983,1
2026-08-23 10:07:51.355099,6186,4781,0,1
2026-08-23 10:07:51.355119,6274,5379,2838,1
2026-08-23 10:07:51.355139,6176,4754,0,1
2026-08-23 10:07:51.375040,6288,4819,2865,1
2026-08-23 10:07:51.375060,6162,4406,0,1
2026-08-23 10:07:51.375080,6268,5095,2800,1
2026-08-23 10:07:51.375100,6197,4630,0,1
2026-08-23 10:07:51.375120,6267,5223,2869,1
2026-08-23 10:07:51.375140,6158,4674,0,1
2026-08-23 10:07:51.375160,6188,5132,665,1
2026-08-23 10:07:51.375180,6191,4841,0,1
2026-08-23 10:07:51.375200,6254,5398,2582,1
2026-08-23 10:07:51.375220,6188,4875,0,1
2026-08-23 10:07:51.375240,6278,5422,3205,1
2026-08-23 10:07:51.375260,6152,4794,0,1
2026-08-23 10:07:51.375280,6289,5371,3216,1
2026-08-23 10:07:51.395124,6202,4225,0,1
2026-08-23 10:07:51.395144,6275,4958,3001,1
2026-08-23 10:07:51.395164,6196,4523,331,1
2026-08-23 10:07:51.395184,6269,5202,2937,1
2026-08-23 10:07:51.395204,6179,4664,0,1
2026-08-23 10:07:51.395224,6257,5251,2776,1
2026-08-23 10:07:51.395244,6186,4731,15,1
2026-08-23 10:07:51.395264,6264,5338,3125,1
2026-08-23 10:07:51.395284,6160,4747,0,1
2026-08-23 10:07:51.395304,6267,5354,3172,1
2026-08-23 10:07:51.395324,6188,4810,0,1
2026-08-23 10:07:51.395344,6257,5357,2678,1
2026-08-23 10:07:51.395364,6197,4762,0,1
2026-08-23 10:07:51.415145,6282,4789,2581,1
2026-08-23 10:07:51.415165,6186,4390,0,1
2026-08-23 10:07:51.415185,6250,5045,2373,1
2026-08-23 10:07:51.415205,6166,4572,0,1
2026-08-23 10:07:51.415226,6268,5261,2842,1
2026-08-23 10:07:51.415246,6180,4751,0,1
2026-08-23 10:07:51.415266,6268,5313,2833,1
2026-08-23 10:07:51.415286,6165,4780,0,1
2026-08-23 10:07:51.415305,6265,5375,2872,1
2026-08-23 10:07:51.415325,6187,4771,0,1
2026-08-23 10:07:51.415345,6260,5351,2857,1
2026-08-23 10:07:51.415365,6168,4781,0,1
2026-08-23 10:07:51.415385,6264,5294,2377,1
2026-08-23 10:07:51.434782,6194,4162,0,1
2026-08-23 10:07:51.434802,6329,4946,1575,1
2026-08-23 10:07:51.434822,6186,4464,0,1
2026-08-23 10:07:51.434842,6256,5180,2708,1
2026-08-23 10:07:51.434862,6178,4677,0,1
2026-08-23 10:07:51.434882,6269,5307,3110,1
2026-08-23 10:07:51.434902,6171,4708,0,1
2026-08-23 10:07:51.434922,6260,5319,2964,1
2026-08-23 10:07:51.434942,6170,4718,0,1
2026-08-23 10:07:51.434962,6149,5028,0,1
2026-08-23 10:07:51.434982,6196,4760,0,1
2026-08-23 10:07:51.435002,6265,5352,2642,1
2026-08-23 10:07:51.435022,6163,4810,0,1
2026-08-23 10:07:51.454665,6284,4894,2675,1
2026-08-23 10:07:51.454685,6173,4412,0,1
2026-08-23 10:07:51.454705,6279,5173,2004,1
2026-08-23 10:07:51.454726,6156,4506,0,1
2026-08-23 10:07:51.454746,6265,5182,2840,1
2026-08-23 10:07:51.454766,6172,4675,0,1
2026-08-23 10:07:51.454786,6275,5316,2837,1
2026-08-23 10:07:51.454806,6075,4713,0,1
2026-08-23 10:07:51.454825,6268,5341,2661,1
2026-08-23 10:07:51.454845,6191,4842,13,1
2026-08-23 10:07:51.454865,6272,5413,3134,1
2026-08-23 10:07:51.454885,6152,4758,0,1
2026-08-23 10:07:51.454906,6102,4969,0,1
2026-08-23 10:07:51.474566,6211,4251,0,1
2026-08-23 10:07:51.474586,6277,4977,3005,1
2026-08-23 10:07:51.474606,6190,4497,0,1
2026-08-23 10:07:51.474626,6257,5182,2941,1
2026-08-23 10:07:51.474646,6172,4684,0,1
2026-08-23 10:07:51.474666,6264,5262,2743,1
2026-08-23 10:07:51.474686,6198,4748,5,1
2026-08-23 10:07:51.474706,6275,5377,3162,1
2026-08-23 10:07:51.474725,6165,4713,0,1
2026-08-23 10:07:51.474746,6266,5371,3118,1
2026-08-23 10:07:51.474766,6186,4790,0,1
2026-08-23 10:07:51.474786,6272,5334,2732,1
2026-08-23 10:07:51.474806,6180,4798,0,1
2026-08-23 10:07:51.494519,6284,4840,2718,1
2026-08-23 10:07:51.494539,6171,4398,0,1
2026-08-23 10:07:51.494559,6305,5089,3035,1
2026-08-23 10:07:51.494579,6162,4545,0,1
2026-08-23 10:07:51.494599,6260,5217,2842,1
2026-08-23 10:07:51.494619,6170,4660,0,1
2026-08-23 10:07:51.494639,6271,5288,2918,1
2026-08-23 10:07:51.494659,6177,4709,0,1
2026-08-23 10:07:51.494678,6251,5326,2636,1
2026-08-23 10:07:51.494699,6204,4827,0,1
2026-08-23 10:07:51.494719,6280,5376,3201,1
2026-08-23 10:07:51.494739,6172,4764,0,1
2026-08-23 10:07:51.494759,6288,5370,3231,1
2026-08-23 10:07:51.514588,6198,4151,0,1
2026-08-23 10:07:51.514608,6276,4953,3045,1
2026-08-23 10:07:51.514628,6194,4511,0,1
2026-08-23 10:07:51.514648,6269,5175,2908,1
2026-08-23 10:07:51.514668,6174,4651,0,1
2026-08-23 10:07:51.514688,6268,5244,2781,1
2026-08-23 10:07:51.514708,6191,4781,0,1
2026-08-23 10:07:51.514728,6274,5352,3098,1
2026-08-23 10:07:51.514748,6158,4760,0,1
2026-08-23 10:07:51.514768,6270,5350,3129,1
2026-08-23 10:07:51.514788,6177,4799,145,1
2026-08-23 10:07:51.514808,6270,5342,2652,1
2026-08-23 10:07:51.514828,6189,4754,0,1
2026-08-23 10:07:51.534229,6283,4817,2631,1
2026-08-23 10:07:51.534249,6177,4393,0,1
2026-08-23 10:07:51.534269,6150,4912,0,1
2026-08-23 10:07:51.534289,6169,4651,0,1
2026-08-23 10:07:51.534309,6272,5267,2828,1
2026-08-23 10:07:51.534329,6188,4793,0,1
2026-08-23 10:07:51.534349,6274,5350,2907,1
2026-08-23 10:07:51.534369,6166,4780,0,1
2026-08-23 10:07:51.534389,6257,5378,2759,1
2026-08-23 10:07:51.534409,6196,4812,0,1
2026-08-23 10:07:51.534429,6271,5378,2950,1
2026-08-23 10:07:51.534449,6160,4770,0,1
2026-08-23 10:07:51.534469,6255,5277,1932,1
2026-08-23 10:07:51.553929,6195,4218,0,1
2026-08-23 10:07:51.553949,6288,4979,2952,1
2026-08-23 10:07:51.553969,6196,4526,0,1
2026-08-23 10:07:51.553989,6257,5193,2764,1
2026-08-23 10:07:51.554009,6183,4639,0,1
2026-08-23 10:07:51.554029,6270,5307,2934,1
2026-08-23 10:07:51.554049,6193,4740,0,1
2026-08-23 10:07:51.554069,6276,5334,2940,1
2026-08-23 10:07:51.554089,6155,4738,0,1
2026-08-23 10:07:51.554109,6097,4959,0,1
2026-08-23 10:07:51.554129,6197,4757,0,1
2026-08-23 10:07:51.554149,6266,5318,2644,1
2026-08-23 10:07:51.554169,6196,4786,0,1
2026-08-23 10:07:51.573232,6282,4811,2600,1
2026-08-23 10:07:51.573252,6183,4434,0,1
2026-08-23 10:07:51.573272,6246,5025,2024,1
2026-08-23 10:07:51.573292,6167,4650,0,1
2026-08-23 10:07:51.573312,6271,5276,2847,1
2026-08-23 10:07:51.573332,6202,4739,0,1
2026-08-23 10:07:51.573352,6264,5353,2901,1
2026-08-23 10:07:51.573372,6160,4748,0,1
2026-08-23 10:07:51.573392,6278,5344,2802,1
2026-08-23 10:07:51.573412,6193,4791,0,1
2026-08-23 10:07:51.573432,6264,5401,2914,1
2026-08-23 10:07:51.573452,6172,4776,0,1
2026-08-23 10:07:51.573472,6260,5318,2641,1
2026-08-23 10:07:51.591385,6196,4279,0,1
2026-08-23 10:07:51.591405,6295,5042,3023,1
2026-08-23 10:07:51.591425,6195,4584,2,1
2026-08-23 10:07:51.591445,6272,5236,2877,1
2026-08-23 10:07:51.591465,6177,4680,0,1
2026-08-23 10:07:51.591485,6261,5298,2745,1
2026-08-23 10:07:51.591505,6196,4792,5,1
2026-08-23 10:07:51.591525,6274,5389,3115,1
2026-08-23 10:07:51.591545,6161,4775,0,1
2026-08-23 10:07:51.591565,6267,5391,3172,1
2026-08-23 10:07:51.591585,6199,4778,0,1
2026-08-23 10:07:51.591605,6268,5308,2637,1
2026-08-23 10:07:51.610842,6207,4299,0,1
2026-08-23 10:07:51.610862,6276,5048,3310,1
2026-08-23 10:07:51.610882,6184,4468,0,1
2026-08-23 10:07:51.610902,6266,5174,2716,1
2026-08-23 10:07:51.610922,6190,4692,0,1
2026-08-23 10:07:51.610942,6170,5067,98,1
2026-08-23 10:07:51.610962,6184,4795,0,1
2026-08-23 10:07:51.610982,6268,5403,2954,1
2026-08-23 10:07:51.611002,6178,4792,0,1
2026-08-23 10:07:51.611022,6100,5253,1248,1
2026-08-23 10:07:51.611042,6193,4870,0,1
2026-08-23 10:07:51.611062,6267,5430,2664,1
2026-08-23 10:07:51.611082,6199,4871,0,1
2026-08-23 10:07:51.630859,6279,4884,2683,1
2026-08-23 10:07:51.630879,6176,4444,0,1
2026-08-23 10:07:51.630899,6279,5156,3118,1
2026-08-23 10:07:51.630919,6174,4541,0,1
2026-08-23 10:07:51.630939,6276,5245,2844,1
2026-08-23 10:07:51.630959,6191,4679,0,1
2026-08-23 10:07:51.630979,6267,5289,2574,1
2026-08-23 10:07:51.630999,6176,4743,0,1
2026-08-23 10:07:51.631019,6268,5328,2612,1
2026-08-23 10:07:51.631039,6195,4818,0,1
2026-08-23 10:07:51.631059,6276,5437,3273,1
2026-08-23 10:07:51.631079,6161,4771,0,1
2026-08-23 10:07:51.631099,6274,5331,3161,1
2026-08-23 10:07:51.650680,6215,4246,0,1
2026-08-23 10:07:51.650700,6285,5003,2971,1
2026-08-23 10:07:51.650720,6195,4537,0,1
2026-08-23 10:07:51.650740,6270,5178,3096,1
2026-08-23 10:07:51.650760,6174,4633,0,1
2026-08-23 10:07:51.650780,6266,5254,2690,1
2026-08-23 10:07:51.650800,6192,4776,0,1
2026-08-23 10:07:51.650820,6279,5353,3324,1
2026-08-23 10:07:51.650840,6166,4712,0,1
2026-08-23 10:07:51.650860,6283,5368,2985,1
2026-08-23 10:07:51.650880,6199,4829,4,1
2026-08-23 10:07:51.650900,6278,5347,2891,1
2026-08-23 10:07:51.650920,6174,4737,0,1
2026-08-23 10:07:51.670680,6288,4816,2780,1
2026-08-23 10:07:51.670700,6165,4372,0,1
2026-08-23 10:07:51.670720,6271,5072,2749,1
2026-08-23 10:07:51.670740,6190,4629,0,1
2026-08-23 10:07:51.670760,6264,5247,2936,1
2026-08-23 10:07:51.670780,6156,4668,0,1
2026-08-23 10:07:51.670800,6181,5130,237,1
2026-08-23 10:07:51.670820,6190,4837,0,1
2026-08-23 10:07:51.670840,6264,5402,2597,1
2026-08-23 10:07:51.670860,6183,4868,0,1
2026-08-23 10:07:51.670880,6267,5393,2463,1
2026-08-23 10:07:51.670900,6172,4833,0,1
2026-08-23 10:07:51.670920,6290,5407,3052,1
2026-08-23 10:07:51.690401,6223,4264,0,1
2026-08-23 10:07:51.690421,6291,5027,2940,1
2026-08-23 10:07:51.690441,6182,4525,0,1
2026-08-23 10:07:51.690461,6350,5227,3197,1
2026-08-23 10:07:51.690481,6189,4657,0,1
2026-08-23 10:07:51.690501,6271,5283,2665,1
2026-08-23 10:07:51.690521,6191,4745,0,1
2026-08-23 10:07:51.690541,6266,5370,2918,1
2026-08-23 10:07:51.690561,6170,4785,0,1
2026-08-23 10:07:51.690581,6277,5354,2922,1
2026-08-23 10:07:51.690601,6194,4806,0,1
2026-08-23 10:07:51.690621,6273,5396,2949,1
2026-08-23 10:07:51.690641,6174,4788,0,1
2026-08-23 10:07:51.710502,6294,4853,2877,1
2026-08-23 10:07:51.710522,6173,4371,0,1
2026-08-23 10:07:51.710542,6262,5054,2713,1
2026-08-23 10:07:51.710562,6205,4624,1,1
2026-08-23 10:07:51.710582,6270,5275,2969,1
2026-08-23 10:07:51.710603,6160,4694,0,1
2026-08-23 10:07:51.710623,6270,5341,3349,1
2026-08-23 10:07:51.710643,6183,4682,0,1
2026-08-23 10:07:51.710662,6267,5279,2548,1
2026-08-23 10:07:51.710682,6185,4805,0,1
2026-08-23 10:07:51.710702,6272,5344,2825,1
2026-08-23 10:07:51.710722,6162,4751,0,1
2026-08-23 10:07:51.710742,6284,5342,3040,1
2026-08-23 10:07:51.730349,6212,4255,0,1
2026-08-23 10:07:51.730369,6279,4999,2949,1
2026-08-23 10:07:51.730389,6196,4537,0,1
2026-08-23 10:07:51.730409,6276,5216,3106,1
2026-08-23 10:07:51.730429,6186,4657,0,1
2026-08-23 10:07:51.730449,6265,5253,2668,1
2026-08-23 10:07:51.730469,6196,4755,0,1
2026-08-23 10:07:51.730489,6285,5346,3282,1
2026-08-23 10:07:51.730509,6161,4746,0,1
2026-08-23 10:07:51.730529,6274,5368,3007,1
2026-08-23 10:07:51.730549,6131,4789,11,1
2026-08-23 10:07:51.730569,6301,5351,2791,1
2026-08-23 10:07:51.730589,6174,4771,0,1
2026-08-23 10:07:51.750347,6289,4846,2759,1
2026-08-23 10:07:51.750367,6165,4411,0,1
2026-08-23 10:07:51.750387,6271,5078,2936,1
2026-08-23 10:07:51.750407,6184,4549,0,1
2026-08-23 10:07:51.750427,6275,5231,2818,1
2026-08-23 10:07:51.750448,6173,4672,0,1
2026-08-23 10:07:51.750468,6271,5315,2819,1
2026-08-23 10:07:51.750488,6192,4748,0,1
2026-08-23 10:07:51.750507,6269,5304,2602,1
2026-08-23 10:07:51.750527,6198,4840,0,1
2026-08-23 10:07:51.750547,6272,5412,3195,1
2026-08-23 10:07:51.750567,6164,4724,0,1
2026-08-23 10:07:51.750587,6302,5378,3289,1
2026-08-23 10:07:51.770130,6206,4184,0,1
2026-08-23 10:07:51.770150,6292,4931,3058,1
2026-08-23 10:07:51.770170,6186,4503,8,1
2026-08-23 10:07:51.770190,6278,5138,2892,1
2026-08-23 10:07:51.770210,6171,4625,0,1
2026-08-23 10:07:51.770230,6279,5239,2806,1
2026-08-23 10:07:51.770250,6228,4741,1,1
2026-08-23 10:07:51.770270,6276,5329,3057,1
2026-08-23 10:07:51.770290,6165,4730,0,1
2026-08-23 10:07:51.770310,6266,5370,3203,1
2026-08-23 10:07:51.770330,6190,4769,0,1
2026-08-23 10:07:51.770350,6277,5313,2652,1
2026-08-23 10:07:51.770370,6187,4763,0,1
2026-08-23 10:07:51.789452,6290,4821,2610,1
2026-08-23 10:07:51.789472,6186,4443,0,1
2026-08-23 10:07:51.789492,6205,4931,676,1
2026-08-23 10:07:51.789512,6173,4635,0,1
2026-08-23 10:07:51.789532,6276,5260,2843,1
2026-08-23 10:07:51.789552,6187,4772,0,1
2026-08-23 10:07:51.789572,6266,5369,2849,1
2026-08-23 10:07:51.789592,6171,4751,0,1
2026-08-23 10:07:51.789612,6278,5358,2799,1
2026-08-23 10:07:51.789632,6201,4793,0,1
2026-08-23 10:07:51.789652,6274,5382,2883,1
2026-08-23 10:07:51.789672,6176,4808,0,1
2026-08-23 10:07:51.789692,6284,5368,2921,1
2026-08-23 10:07:51.809279,6201,4272,0,1
2026-08-23 10:07:51.809299,6285,5047,3057,1
2026-08-23 10:07:51.809319,6202,4519,6,1
2026-08-23 10:07:51.809339,6264,5214,2801,1
2026-08-23 10:07:51.809359,6177,4652,0,1
2026-08-23 10:07:51.809379,6282,5272,2935,1
2026-08-23 10:07:51.809399,6198,4749,0,1
2026-08-23 10:07:51.809419,6278,5305,2938,1
2026-08-23 10:07:51.809439,6174,4732,0,1
2026-08-23 10:07:51.809459,6182,5147,262,1
2026-08-23 10:07:51.809479,6199,4883,0,1
2026-08-23 10:07:51.809499,6283,5415,2519,1
2026-08-23 10:07:51.809519,6205,4842,0,1
2026-08-23 10:07:51.829291,6287,4882,2525,1
2026-08-23 10:07:51.829311,6194,4466,0,1
2026-08-23 10:07:51.829331,6280,5160,3006,1
2026-08-23 10:07:51.829351,6154,4578,0,1
2026-08-23 10:07:51.829371,6241,5272,2934,1
2026-08-23 10:07:51.829391,6202,4755,11,1
2026-08-23 10:07:51.829412,6267,5332,2667,1
2026-08-23 10:07:51.829432,6177,4752,0,1
2026-08-23 10:07:51.829451,6187,5354,3107,1
2026-08-23 10:07:51.829471,6173,4704,0,1
2026-08-23 10:07:51.829491,6262,5361,2811,1
2026-08-23 10:07:51.829511,6194,4795,0,1
2026-08-23 10:07:51.829531,6272,5368,2875,1
2026-08-23 10:07:51.849238,6201,4164,0,1
2026-08-23 10:07:51.849258,6280,4939,3243,1
2026-08-23 10:07:51.849278,6185,4459,0,1
2026-08-23 10:07:51.849298,6277,5134,2697,1
2026-08-23 10:07:51.849319,6189,4634,0,1
2026-08-23 10:07:51.849339,6204,5220,1995,1
2026-08-23 10:07:51.849359,6184,4752,0,1
2026-08-23 10:07:51.849379,6279,5355,2926,1
2026-08-23 10:07:51.849398,6183,4808,0,1
2026-08-23 10:07:51.849418,6284,5372,2739,1
2026-08-23 10:07:51.849438,6186,4798,0,1
2026-08-23 10:07:51.849458,6270,5336,2690,1
2026-08-23 10:07:51.849478,6220,4837,13,1
2026-08-23 10:07:51.869135,6288,4865,2572,1
2026-08-23 10:07:51.869155,6195,4487,0,1
2026-08-23 10:07:51.869175,6383,5136,3036,1
2026-08-23 10:07:51.869195,6165,4591,0,1
2026-08-23 10:07:51.869215,6273,5262,3033,1
2026-08-23 10:07:51.869235,6190,4738,0,1
2026-08-23 10:07:51.869255,6268,5310,2620,1
2026-08-23 10:07:51.869275,6167,4752,0,1
2026-08-23 10:07:51.869295,6176,5140,0,1
2026-08-23 10:07:51.869315,6183,4871,0,1
2026-08-23 10:07:51.869335,6275,5415,2815,1
2026-08-23 10:07:51.869355,6172,4870,0,1
2026-08-23 10:07:51.869375,6280,5412,2596,1
2026-08-23 10:07:51.889134,6210,4211,0,1
2026-08-23 10:07:51.889154,6242,4826,1639,1
2026-08-23 10:07:51.889174,6193,4517,0,1
2026-08-23 10:07:51.889194,6269,5211,2666,1
2026-08-23 10:07:51.889215,6190,4685,0,1
2026-08-23 10:07:51.889235,6233,5187,1626,1
2026-08-23 10:07:51.889255,6191,4818,0,1
2026-08-23 10:07:51.889275,6278,5410,2933,1
2026-08-23 10:07:51.889294,6184,4825,0,1
2026-08-23 10:07:51.889314,6260,5388,2691,1
2026-08-23 10:07:51.889334,6185,4805,0,1
2026-08-23 10:07:51.889354,6276,5356,2660,1
2026-08-23 10:07:51.889374,6211,4817,0,1
2026-08-23 10:07:51.908948,6279,4867,2578,1
2026-08-23 10:07:51.908968,6189,4454,0,1
2026-08-23 10:07:51.908988,6274,5095,2841,1
2026-08-23 10:07:51.909009,6168,4620,0,1
2026-08-23 10:07:51.909029,6264,5258,2900,1
2026-08-23 10:07:51.909049,6196,4759,15,1
2026-08-23 10:07:51.909069,6271,5336,2829,1
2026-08-23 10:07:51.909089,6166,4774,0,1
2026-08-23 10:07:51.909108,6276,5327,2881,1
2026-08-23 10:07:51.909128,6186,4804,0,1
2026-08-23 10:07:51.909148,6266,5380,2892,1
2026-08-23 10:07:51.909168,6162,4774,0,1
2026-08-23 10:07:51.909189,6254,5297,2236,1
2026-08-23 10:07:51.927200,6195,4188,0,1
2026-08-23 10:07:51.927220,6291,4974,3316,1
2026-08-23 10:07:51.927240,6203,4455,0,1
2026-08-23 10:07:51.927260,6266,5143,2746,1
2026-08-23 10:07:51.927280,6178,4622,0,1
2026-08-23 10:07:51.927300,6290,5265,2968,1
2026-08-23 10:07:51.927320,6192,4720,0,1
2026-08-23 10:07:51.927340,6279,5288,2985,1
2026-08-23 10:07:51.927360,6165,4754,0,1
2026-08-23 10:07:51.927380,6294,5372,3355,1
2026-08-23 10:07:51.927400,6148,4748,0,1
2026-08-23 10:07:51.927420,6277,5331,2649,1
2026-08-23 10:07:51.946563,6221,4263,0,1
2026-08-23 10:07:51.946583,6277,5027,3294,1
2026-08-23 10:07:51.946603,6181,4488,0,1
2026-08-23 10:07:51.946623,6273,5138,2707,1
2026-08-23 10:07:51.946643,6187,4693,0,1
2026-08-23 10:07:51.946663,6119,4970,0,1
2026-08-23 10:07:51.946683,6181,4762,0,1
2026-08-23 10:07:51.946703,6272,5402,2962,1
2026-08-23 10:07:51.946723,6177,4816,0,1
2026-08-23 10:07:51.946743,6128,5079,0,1
2026-08-23 10:07:51.946763,6185,4901,0,1
2026-08-23 10:07:51.946783,6265,5400,2686,1
2026-08-23 10:07:51.946803,6207,4821,0,1
2026-08-23 10:07:51.966521,6292,4899,2836,1
2026-08-23 10:07:51.966541,6167,4467,0,1
2026-08-23 10:07:51.966561,6277,5165,2852,1
2026-08-23 10:07:51.966581,6193,4626,0,1
2026-08-23 10:07:51.966601,6276,5252,2904,1
2026-08-23 10:07:51.966621,6169,4727,0,1
2026-08-23 10:07:51.966641,6095,5012,0,1
2026-08-23 10:07:51.966661,6186,4762,0,1
2026-08-23 10:07:51.966681,6262,5337,2590,1
2026-08-23 10:07:51.966701,6201,4845,0,1
2026-08-23 10:07:51.966721,6263,5389,2814,1
2026-08-23 10:07:51.966741,6173,4777,0,1
2026-08-23 10:07:51.966761,6296,5372,3017,1
2026-08-23 10:07:51.986295,6237,4277,0,1
2026-08-23 10:07:51.986315,6274,5041,2961,1
2026-08-23 10:07:51.986335,6184,4543,0,1
2026-08-23 10:07:51.986355,6189,5014,409,1
2026-08-23 10:07:51.986375,6197,4756,0,1
2026-08-23 10:07:51.986395,6277,5315,2656,1
2026-08-23 10:07:51.986415,6183,4782,0,1
2026-08-23 10:07:51.986435,6245,5304,1760,1
2026-08-23 10:07:51.986455,6189,4830,0,1
2026-08-23 10:07:51.986475,6271,5450,2908,1
2026-08-23 10:07:51.986495,6184,4854,0,1
2026-08-23 10:07:51.986515,6294,5440,2958,1
2026-08-23 10:07:51.986535,6196,4784,0,1
2026-08-23 10:07:52.006230,6201,4537,0,1
2026-08-23 10:07:52.006250,6186,4388,0,1
2026-08-23 10:07:52.006270,6269,5082,2533,1
2026-08-23 10:07:52.006290,6196,4631,0,1
2026-08-23 10:07:52.006310,6286,5255,3093,1
2026-08-23 10:07:52.006330,6159,4664,0,1
2026-08-23 10:07:52.006351,6289,5342,2946,1
2026-08-23 10:07:52.006371,6202,4772,14,1
2026-08-23 10:07:52.006390,6262,5362,2764,1
2026-08-23 10:07:52.006410,6171,4770,0,1
2026-08-23 10:07:52.006430,6275,5370,2949,1
2026-08-23 10:07:52.006450,6195,4756,0,1
2026-08-23 10:07:52.006470,6282,5327,2886,1
2026-08-23 10:07:52.025774,6243,4291,0,1
2026-08-23 10:07:52.025794,6277,5038,2988,1
2026-08-23 10:07:52.025814,6171,4510,0,1
2026-08-23 10:07:52.025834,6130,4877,0,1
2026-08-23 10:07:52.025854,6194,4675,0,1
2026-08-23 10:07:52.025874,6263,5278,2667,1
2026-08-23 10:07:52.025894,6176,4783,0,1
2026-08-23 10:07:52.025914,6155,5159,0,1
2026-08-23 10:07:52.025934,6179,4710,0,1
2026-08-23 10:07:52.025954,6271,5356,2896,1
2026-08-23 10:07:52.025974,6178,4759,0,1
2026-08-23 10:07:52.025994,6272,5323,2519,1
2026-08-23 10:07:52.026014,6195,4767,0,1
2026-08-23 10:07:52.045615,6156,4535,0,1
2026-08-23 10:07:52.045635,6195,4404,0,1
2026-08-23 10:07:52.045655,6270,5080,2525,1
2026-08-23 10:07:52.045675,6188,4639,0,1
2026-08-23 10:07:52.045695,6276,5263,2650,1
2026-08-23 10:07:52.045715,6165,4706,0,1
2026-08-23 10:07:52.045735,6276,5353,2905,1
2026-08-23 10:07:52.045755,6194,4811,7,1
2026-08-23 10:07:52.045775,6273,5378,2744,1
2026-08-23 10:07:52.045795,6183,4771,0,1
2026-08-23 10:07:52.045815,6277,5377,2964,1
2026-08-23 10:07:52.045835,6181,4761,0,1
2026-08-23 10:07:52.045855,6279,5330,2852,1
2026-08-23 10:07:52.065461,6244,4320,0,1
2026-08-23 10:07:52.065481,6292,5041,3000,1
2026-08-23 10:07:52.065501,6171,4517,0,1
2026-08-23 10:07:52.065521,6285,5213,3354,1
2026-08-23 10:07:52.065541,6189,4652,0,1
2026-08-23 10:07:52.065561,6264,5248,2633,1
2026-08-23 10:07:52.065581,6179,4725,0,1
2026-08-23 10:07:52.065601,6201,5190,710,1
2026-08-23 10:07:52.065621,6186,4848,0,1
2026-08-23 10:07:52.065641,6276,5430,2868,1
2026-08-23 10:07:52.065661,6183,4810,0,1
2026-08-23 10:07:52.065681,6285,5445,2990,1
2026-08-23 10:07:52.065701,6185,4802,0,1
2026-08-23 10:07:52.085441,6252,4759,1612,1
2026-08-23 10:07:52.085461,6186,4432,0,1
2026-08-23 10:07:52.085481,6260,5093,2522,1
2026-08-23 10:07:52.085501,6192,4665,6,1
2026-08-23 10:07:52.085521,6277,5286,3127,1
2026-08-23 10:07:52.085541,6160,4674,0,1
2026-08-23 10:07:52.085561,6280,5323,3167,1
2026-08-23 10:07:52.085581,6195,4740,0,1
2026-08-23 10:07:52.085601,6273,5334,2588,1
2026-08-23 10:07:52.085621,6187,4778,0,1
2026-08-23 10:07:52.085641,6206,5203,679,1
2026-08-23 10:07:52.085661,6182,4818,0,1
2026-08-23 10:07:52.085681,6289,5422,2772,1
2026-08-23 10:07:52.105423,6229,4303,0,1
2026-08-23 10:07:52.105443,6277,5044,2936,1
2026-08-23 10:07:52.105463,6191,4531,0,1
2026-08-23 10:07:52.105483,6281,5247,2992,1
2026-08-23 10:07:52.105503,6181,4668,0,1
2026-08-23 10:07:52.105523,6269,5286,2656,1
2026-08-23 10:07:52.105543,6199,4808,0,1
2026-08-23 10:07:52.105563,6278,5359,2834,1
2026-08-23 10:07:52.105583,6175,4772,0,1
2026-08-23 10:07:52.105603,6266,5390,2943,1
2026-08-23 10:07:52.105623,6187,4836,0,1
2026-08-23 10:07:52.105643,6275,5374,2918,1
2026-08-23 10:07:52.105663,6197,4801,0,1
2026-08-23 10:07:52.125208,6293,4870,2878,1
2026-08-23 10:07:52.125228,6180,4377,0,1
2026-08-23 10:07:52.125248,6274,5086,2775,1
2026-08-23 10:07:52.125268,6188,4623,0,1
2026-08-23 10:07:52.125288,6275,5243,2908,1
2026-08-23 10:07:52.125309,6157,4665,0,1
2026-08-23 10:07:52.125329,6120,5010,0,1
2026-08-23 10:07:52.125349,6180,4817,0,1
2026-08-23 10:07:52.125368,6277,5343,2577,1
2026-08-23 10:07:52.125388,6194,4844,0,1
2026-08-23 10:07:52.125408,6282,5410,3105,1
2026-08-23 10:07:52.125428,6171,4791,0,1
2026-08-23 10:07:52.125448,6291,5406,3039,1
2026-08-23 10:07:52.145151,6220,4233,0,1
2026-08-23 10:07:52.145171,6277,5022,2907,1
2026-08-23 10:07:52.145191,6203,4517,0,1
2026-08-23 10:07:52.145211,6288,5214,2827,1
2026-08-23 10:07:52.145231,6190,4650,0,1
2026-08-23 10:07:52.145252,6276,5295,2654,1
2026-08-23 10:07:52.145272,6195,4761,0,1
2026-08-23 10:07:52.145292,6288,5396,3271,1
2026-08-23 10:07:52.145311,6172,4777,0,1
2026-08-23 10:07:52.145331,6281,5366,2957,1
2026-08-23 10:07:52.145351,6196,4799,0,1
2026-08-23 10:07:52.145371,6273,5364,2877,1
2026-08-23 10:07:52.145391,6186,4760,0,1
2026-08-23 10:07:52.165171,6295,4837,2797,1
2026-08-23 10:07:52.165191,6176,4374,0,1
2026-08-23 10:07:52.165211,6273,5099,2811,1
2026-08-23 10:07:52.165231,6193,4629,0,1
2026-08-23 10:07:52.165251,6284,5264,2862,1
2026-08-23 10:07:52.165272,6181,4662,0,1
2026-08-23 10:07:52.165292,6252,5261,1868,1
2026-08-23 10:07:52.165312,6196,4770,0,1
2026-08-23 10:07:52.165331,6273,5349,2581,1
2026-08-23 10:07:52.165351,6198,4855,0,1
2026-08-23 10:07:52.165371,6285,5385,2887,1
2026-08-23 10:07:52.165391,6174,4793,0,1
2026-08-23 10:07:52.165411,6294,5385,3152,1
2026-08-23 10:07:52.185011,6212,4211,0,1
2026-08-23 10:07:52.185031,6286,4973,2982,1
2026-08-23 10:07:52.185051,6201,4538,0,1
2026-08-23 10:07:52.185071,6278,5219,3004,1
2026-08-23 10:07:52.185091,6182,4633,0,1
2026-08-23 10:07:52.185111,6284,5265,2724,1
2026-08-23 10:07:52.185131,6243,4788,18,1
2026-08-23 10:07:52.185151,6363,5354,3216,1
2026-08-23 10:07:52.185171,6169,4724,0,1
2026-08-23 10:07:52.185191,6290,5376,3060,1
2026-08-23 10:07:52.185211,6206,4791,13,1
2026-08-23 10:07:52.185231,6268,5349,2723,1
2026-08-23 10:07:52.185251,6196,4784,0,1
2026-08-23 10:07:52.204914,6310,4856,2711,1
2026-08-23 10:07:52.204934,6171,4374,0,1
2026-08-23 10:07:52.204954,6280,5133,3048,1
2026-08-23 10:07:52.204974,6174,4530,0,1
2026-08-23 10:07:52.204994,6273,5182,2809,1
2026-08-23 10:07:52.205014,6184,4700,0,1
2026-08-23 10:07:52.205034,6284,5279,2799,1
2026-08-23 10:07:52.205054,6183,4745,0,1
2026-08-23 10:07:52.205074,6265,5314,2656,1
2026-08-23 10:07:52.205094,6199,4843,7,1
2026-08-23 10:07:52.205114,6281,5377,3053,1
2026-08-23 10:07:52.205134,6168,4736,0,1
2026-08-23 10:07:52.205154,6176,5097,0,1
2026-08-23 10:07:52.224768,6203,4244,0,1
2026-08-23 10:07:52.224788,6275,5010,3001,1
2026-08-23 10:07:52.224808,6200,4566,18,1
2026-08-23 10:07:52.224828,6274,5208,2850,1
2026-08-23 10:07:52.224848,6179,4689,0,1
2026-08-23 10:07:52.224868,6275,5285,2814,1
2026-08-23 10:07:52.224888,6197,4760,0,1
2026-08-23 10:07:52.224908,6277,5353,3044,1
2026-08-23 10:07:52.224928,6162,4742,0,1
2026-08-23 10:07:52.224948,6284,5409,3227,1
2026-08-23 10:07:52.224968,6208,4804,0,1
2026-08-23 10:07:52.224988,6278,5357,2651,1
2026-08-23 10:07:52.225008,6202,4798,0,1
2026-08-23 10:07:52.244744,6295,4847,2593,1
2026-08-23 10:07:52.244764,6188,4398,0,1
2026-08-23 10:07:52.244784,6271,5083,2317,1
2026-08-23 10:07:52.244804,6181,4575,0,1
2026-08-23 10:07:52.244824,6282,5245,2806,1
2026-08-23 10:07:52.244844,6200,4730,0,1
2026-08-23 10:07:52.244864,6277,5335,2852,1
2026-08-23 10:07:52.244884,6176,4743,0,1
2026-08-23 10:07:52.244904,6282,5350,2844,1
2026-08-23 10:07:52.244924,6200,4784,0,1
2026-08-23 10:07:52.244944,6279,5396,2867,1
2026-08-23 10:07:52.244964,6168,4782,0,1
2026-08-23 10:07:52.244984,6276,5297,2483,1
2026-08-23 10:07:52.264691,6200,4215,0,1
2026-08-23 10:07:52.264711,6290,4965,3377,1
2026-08-23 10:07:52.264731,6200,4442,0,1
2026-08-23 10:07:52.264751,6276,5149,2718,1
2026-08-23 10:07:52.264771,6183,4659,0,1
2026-08-23 10:07:52.264791,6285,5305,3058,1
2026-08-23 10:07:52.264812,6177,4703,0,1
2026-08-23 10:07:52.264832,6278,5282,2957,1
2026-08-23 10:07:52.264851,6172,4744,0,1
2026-08-23 10:07:52.264871,6348,5385,3757,1
2026-08-23 10:07:52.264891,6180,4726,0,1
2026-08-23 10:07:52.264911,6266,5332,2640,1
2026-08-23 10:07:52.264931,6208,4789,0,1
2026-08-23 10:07:52.284516,6293,4813,2614,1
2026-08-23 10:07:52.284536,6188,4445,0,1
2026-08-23 10:07:52.284556,6233,4975,1221,1
2026-08-23 10:07:52.284576,6176,4643,0,1
2026-08-23 10:07:52.284596,6282,5311,2847,1
2026-08-23 10:07:52.284616,6199,4784,0,1
2026-08-23 10:07:52.284636,6276,5372,2892,1
2026-08-23 10:07:52.284657,6186,4752,0,1
2026-08-23 10:07:52.284676,6273,5379,2806,1
2026-08-23 10:07:52.284696,6198,4832,0,1
2026-08-23 10:07:52.284716,6276,5373,2938,1
2026-08-23 10:07:52.284736,6174,4779,0,1
2026-08-23 10:07:52.284756,6277,5292,2253,1
2026-08-23 10:07:52.304375,6220,4187,0,1
2026-08-23 10:07:52.304395,6275,4997,3229,1
2026-08-23 10:07:52.304415,6184,4467,0,1
2026-08-23 10:07:52.304435,6267,5159,2762,1
2026-08-23 10:07:52.304456,6184,4665,0,1
2026-08-23 10:07:52.304476,6286,5290,2950,1
2026-08-23 10:07:52.304496,6187,4725,0,1
2026-08-23 10:07:52.304516,6284,5308,2968,1
2026-08-23 10:07:52.304535,6177,4710,0,1
2026-08-23 10:07:52.304555,6291,5408,4049,1
2026-08-23 10:07:52.304575,6184,4784,0,1
2026-08-23 10:07:52.304595,6287,5320,2644,1
2026-08-23 10:07:52.304615,6190,4802,0,1
2026-08-23 10:07:52.324339,6297,4788,2638,1
2026-08-23 10:07:52.324359,6186,4413,0,1
2026-08-23 10:07:52.324379,6220,4975,1077,1
2026-08-23 10:07:52.324399,6176,4680,0,1
2026-08-23 10:07:52.324419,6281,5305,2830,1
2026-08-23 10:07:52.324439,6189,4737,0,1
2026-08-23 10:07:52.324459,6275,5383,3016,1
2026-08-23 10:07:52.324479,6180,4754,0,1
2026-08-23 10:07:52.324499,6277,5329,2714,1
2026-08-23 10:07:52.324519,6203,4808,8,1
2026-08-23 10:07:52.324539,6273,5383,3008,1
2026-08-23 10:07:52.324559,6168,4775,0,1
2026-08-23 10:07:52.324579,6187,5129,178,1
2026-08-23 10:07:52.344191,6201,4282,0,1
2026-08-23 10:07:52.344211,6282,5038,3107,1
2026-08-23 10:07:52.344231,6208,4547,4,1
2026-08-23 10:07:52.344251,6276,5192,2850,1
2026-08-23 10:07:52.344271,6181,4696,0,1
2026-08-23 10:07:52.344291,6279,5304,2820,1
2026-08-23 10:07:52.344311,6208,4748,3,1
2026-08-23 10:07:52.344331,6278,5378,3087,1
2026-08-23 10:07:52.344351,6171,4775,0,1
2026-08-23 10:07:52.344371,6288,5357,3187,1
2026-08-23 10:07:52.344391,6196,4794,0,1
2026-08-23 10:07:52.344411,6266,5320,2666,1
2026-08-23 10:07:52.344431,6197,4762,0,1
2026-08-23 10:07:52.363813,6296,4817,2616,1
2026-08-23 10:07:52.363833,6182,4398,0,1
2026-08-23 10:07:52.363853,6283,5017,0,1
2026-08-23 10:07:52.363873,6169,4505,0,1
2026-08-23 10:07:52.363893,6281,5188,2814,1
2026-08-23 10:07:52.363913,6192,4706,0,1
2026-08-23 10:07:52.363933,6287,5303,3038,1
2026-08-23 10:07:52.363953,6174,4758,0,1
2026-08-23 10:07:52.363973,6274,5351,2687,1
2026-08-23 10:07:52.363993,6208,4801,8,1
2026-08-23 10:07:52.364013,6279,5412,3041,1
2026-08-23 10:07:52.364033,6174,4739,0,1
2026-08-23 10:07:52.364053,6128,5015,0,1
2026-08-23 10:07:52.383624,6216,4304,0,1
2026-08-23 10:07:52.383644,6285,5016,2999,1
2026-08-23 10:07:52.383664,6207,4536,0,1
2026-08-23 10:07:52.383684,6280,5200,2960,1
2026-08-23 10:07:52.383704,6182,4645,0,1
2026-08-23 10:07:52.383724,6272,5308,2743,1
2026-08-23 10:07:52.383744,6195,4798,0,1
2026-08-23 10:07:52.383765,6287,5350,3183,1
2026-08-23 10:07:52.383784,6171,4733,0,1
2026-08-23 10:07:52.383804,6285,5392,3088,1
2026-08-23 10:07:52.383824,6199,4792,1,1
2026-08-23 10:07:52.383844,6275,5340,2744,1
2026-08-23 10:07:52.383864,6186,4771,0,1
2026-08-23 10:07:52.403741,6296,4822,2708,1
2026-08-23 10:07:52.403761,6178,4389,0,1
2026-08-23 10:07:52.403781,6277,5153,2996,1
2026-08-23 10:07:52.403801,6183,4558,0,1
2026-08-23 10:07:52.403821,6284,5199,2813,1
2026-08-23 10:07:52.403841,6185,4691,0,1
2026-08-23 10:07:52.403861,6284,5340,2900,1
2026-08-23 10:07:52.403881,6191,4725,0,1
2026-08-23 10:07:52.403901,6274,5338,2626,1
2026-08-23 10:07:52.403921,6210,4806,13,1
2026-08-23 10:07:52.403941,6286,5420,3149,1
2026-08-23 10:07:52.403961,6165,4742,0,1
2026-08-23 10:07:52.403981,6308,5393,3396,1
2026-08-23 10:07:52.423677,6210,4132,0,1
2026-08-23 10:07:52.423697,6294,4917,3130,1
2026-08-23 10:07:52.423717,6202,4500,0,1
2026-08-23 10:07:52.423737,6271,5160,2849,1
2026-08-23 10:07:52.423757,6184,4637,0,1
2026-08-23 10:07:52.423777,6274,5258,2839,1
2026-08-23 10:07:52.423797,6205,4776,0,1
2026-08-23 10:07:52.423817,6274,5364,3050,1
2026-08-23 10:07:52.423837,6228,4772,0,1
2026-08-23 10:07:52.423857,6282,5392,3239,1
2026-08-23 10:07:52.423877,6200,4760,0,1
2026-08-23 10:07:52.423897,6277,5355,2653,1
2026-08-23 10:07:52.423917,6192,4777,0,1
2026-08-23 10:07:52.443734,6297,4858,2612,1
2026-08-23 10:07:52.443754,6186,4438,0,1
2026-08-23 10:07:52.443774,6208,4932,746,1
2026-08-23 10:07:52.443794,6178,4670,0,1
2026-08-23 10:07:52.443815,6284,5282,2838,1
2026-08-23 10:07:52.443835,6195,4753,0,1
2026-08-23 10:07:52.443855,6270,5352,2911,1
2026-08-23 10:07:52.443875,6190,4760,0,1
2026-08-23 10:07:52.443894,6280,5385,2774,1
2026-08-23 10:07:52.443914,6208,4806,0,1
2026-08-23 10:07:52.443934,6280,5378,2936,1
2026-08-23 10:07:52.443954,6314,4751,0,1
2026-08-23 10:07:52.443974,6277,5294,2389,1
2026-08-23 10:07:52.463648,6211,4182,0,1
2026-08-23 10:07:52.463668,6301,5007,3239,1
2026-08-23 10:07:52.463688,6201,4503,0,1
2026-08-23 10:07:52.463708,6271,5135,2732,1
2026-08-23 10:07:52.463728,6186,4669,0,1
2026-08-23 10:07:52.463748,6275,5300,2950,1
2026-08-23 10:07:52.463768,6204,4739,0,1
2026-08-23 10:07:52.463788,6276,5323,2987,1
2026-08-23 10:07:52.463808,6177,4713,0,1
2026-08-23 10:07:52.463828,6267,5265,344,1
2026-08-23 10:07:52.463848,6195,4810,0,1
2026-08-23 10:07:52.463868,6282,5378,2649,1
2026-08-23 10:07:52.463888,6206,4783,0,1
2026-08-23 10:07:52.483594,6288,4830,2776,1
2026-08-23 10:07:52.483614,6189,4427,0,1
2026-08-23 10:07:52.483634,6264,5076,2158,1
2026-08-23 10:07:52.483654,6180,4585,0,1
2026-08-23 10:07:52.483674,6287,5289,2854,1
2026-08-23 10:07:52.483694,6198,4777,0,1
2026-08-23 10:07:52.483714,6274,5366,2922,1
2026-08-23 10:07:52.483734,6171,4778,0,1
2026-08-23 10:07:52.483754,6279,5352,2778,1
2026-08-23 10:07:52.483774,6195,4841,0,1
2026-08-23 10:07:52.483794,6277,5418,2921,1
2026-08-23 10:07:52.483814,6169,4748,0,1
2026-08-23 10:07:52.483834,6229,5253,1210,1
2026-08-23 10:07:52.503569,6211,4267,0,1
2026-08-23 10:07:52.503589,6297,5006,3218,1
2026-08-23 10:07:52.503609,6200,4542,0,1
2026-08-23 10:07:52.503629,6268,5153,2794,1
2026-08-23 10:07:52.503649,6184,4662,0,1
2026-08-23 10:07:52.503669,6290,5286,2897,1
2026-08-23 10:07:52.503689,6205,4771,0,1
2026-08-23 10:07:52.503709,6277,5346,3020,1
2026-08-23 10:07:52.503729,6172,4741,0,1
2026-08-23 10:07:52.503749,6291,5380,3256,1
2026-08-23 10:07:52.503769,6190,4750,0,1
2026-08-23 10:07:52.503789,6269,5319,2663,1
2026-08-23 10:07:52.503809,6208,4764,0,1
2026-08-23 10:07:52.523375,6297,4858,2664,1
2026-08-23 10:07:52.523395,6190,4442,0,1
2026-08-23 10:07:52.523415,6167,4880,0,1
2026-08-23 10:07:52.523435,6178,4666,0,1
2026-08-23 10:07:52.523455,6283,5308,2809,1
2026-08-23 10:07:52.523475,6199,4744,0,1
2026-08-23 10:07:52.523495,6278,5373,2978,1
2026-08-23 10:07:52.523515,6167,4787,0,1
2026-08-23 10:07:52.523535,6281,5355,2789,1
2026-08-23 10:07:52.523555,6187,4814,1,1
2026-08-23 10:07:52.523575,6292,5417,2979,1
2026-08-23 10:07:52.523595,6175,4759,0,1
2026-08-23 10:07:52.523615,6239,5266,1411,1
2026-08-23 10:07:52.543347,6208,4258,0,1
2026-08-23 10:07:52.543367,6289,5038,3102,1
2026-08-23 10:07:52.543387,6204,4562,6,1
2026-08-23 10:07:52.543407,6265,5193,2833,1
2026-08-23 10:07:52.543427,6185,4693,0,1
2026-08-23 10:07:52.543447,6284,5315,2842,1
2026-08-23 10:07:52.543467,6202,4753,0,1
2026-08-23 10:07:52.543487,6285,5358,3024,1
2026-08-23 10:07:52.543507,6174,4771,0,1
2026-08-23 10:07:52.543527,6288,5402,3228,1
2026-08-23 10:07:52.543547,6201,4776,0,1
2026-08-23 10:07:52.543567,6274,5331,2661,1
2026-08-23 10:07:52.543587,6195,4811,0,1
2026-08-23 10:07:52.563322,6291,4794,2592,1
2026-08-23 10:07:52.563342,6174,4394,0,1
2026-08-23 10:07:52.563362,6259,5048,2008,1
2026-08-23 10:07:52.563382,6177,4597,0,1
2026-08-23 10:07:52.563402,6282,5285,2854,1
2026-08-23 10:07:52.563422,6202,4762,0,1
2026-08-23 10:07:52.563442,6283,5325,2898,1
2026-08-23 10:07:52.563462,6179,4733,0,1
2026-08-23 10:07:52.563482,6275,5369,2783,1
2026-08-23 10:07:52.563502,6208,4794,0,1
2026-08-23 10:07:52.563522,6284,5370,2940,1
2026-08-23 10:07:52.563542,6162,4749,0,1
2026-08-23 10:07:52.563562,6250,5271,1749,1
2026-08-23 10:07:52.583224,6205,4222,0,1
2026-08-23 10:07:52.583244,6282,4995,3274,1
2026-08-23 10:07:52.583264,6201,4496,0,1
2026-08-23 10:07:52.583284,6275,5138,2716,1
2026-08-23 10:07:52.583304,6189,4640,0,1
2026-08-23 10:07:52.583324,6282,5215,2972,1
2026-08-23 10:07:52.583344,6202,4720,0,1
2026-08-23 10:07:52.583364,6279,5317,2996,1
2026-08-23 10:07:52.583384,6171,4758,0,1
2026-08-23 10:07:52.583404,6366,5369,3323,1
2026-08-23 10:07:52.583424,6194,4771,0,1
2026-08-23 10:07:52.583444,6200,5344,2651,1
2026-08-23 10:07:52.583464,6217,4792,0,1
2026-08-23 10:07:52.603348,6288,4842,2613,1
2026-08-23 10:07:52.603368,6196,4412,0,1
2026-08-23 10:07:52.603388,6226,5016,1307,1
2026-08-23 10:07:52.603408,6177,4691,0,1
2026-08-23 10:07:52.603428,6285,5274,2842,1
2026-08-23 10:07:52.603448,6200,4794,0,1
2026-08-23 10:07:52.603468,6284,5347,2812,1
2026-08-23 10:07:52.603488,6177,4797,0,1
2026-08-23 10:07:52.603508,6278,5389,2813,1
2026-08-23 10:07:52.603528,6202,4827,0,1
2026-08-23 10:07:52.603548,6284,5371,2902,1
2026-08-23 10:07:52.603568,6174,4755,0,1
2026-08-23 10:07:52.603588,6286,5320,2786,1
2026-08-23 10:07:52.623111,6209,4196,0,1
2026-08-23 10:07:52.623131,6297,4947,3345,1
2026-08-23 10:07:52.623151,6204,4482,0,1
2026-08-23 10:07:52.623171,6277,5073,2705,1
2026-08-23 10:07:52.623191,6189,4595,0,1
2026-08-23 10:07:52.623211,6275,5294,3046,1
2026-08-23 10:07:52.623231,6186,4684,0,1
2026-08-23 10:07:52.623251,6282,5293,2947,1
2026-08-23 10:07:52.623271,6177,4727,0,1
2026-08-23 10:07:52.623291,6183,5105,81,1
2026-08-23 10:07:52.623311,6205,4872,0,1
2026-08-23 10:07:52.623331,6277,5420,2522,1
2026-08-23 10:07:52.623351,6217,4858,0,1
2026-08-23 10:07:52.643095,6294,4905,2642,1
2026-08-23 10:07:52.643115,6184,4478,0,1
2026-08-23 10:07:52.643135,6205,4937,548,1
2026-08-23 10:07:52.643155,6200,4703,0,1
2026-08-23 10:07:52.643175,6282,5278,2830,1
2026-08-23 10:07:52.643195,6188,4768,0,1
2026-08-23 10:07:52.643215,6131,5397,3090,1
2026-08-23 10:07:52.643235,6186,4778,0,1
2026-08-23 10:07:52.643255,6277,5373,2682,1
2026-08-23 10:07:52.643275,6211,4853,4,1
2026-08-23 10:07:52.643295,6280,5372,3112,1
2026-08-23 10:07:52.643315,6177,4747,0,1
2026-08-23 10:07:52.643335,6298,5426,3281,1
2026-08-23 10:07:52.663038,6214,4190,0,1
2026-08-23 10:07:52.663058,6295,4938,3049,1
2026-08-23 10:07:52.663078,6209,4500,0,1
2026-08-23 10:07:52.663098,6280,5194,2900,1
2026-08-23 10:07:52.663118,6181,4658,0,1
2026-08-23 10:07:52.663138,6287,5299,2772,1
2026-08-23 10:07:52.663158,6198,4778,5,1
2026-08-23 10:07:52.663178,6289,5346,3146,1
2026-08-23 10:07:52.663198,6180,4764,0,1
2026-08-23 10:07:52.663218,6289,5366,3121,1
2026-08-23 10:07:52.663238,6202,4813,0,1
2026-08-23 10:07:52.663258,6274,5361,2702,1
2026-08-23 10:07:52.663278,6194,4795,0,1
2026-08-23 10:07:52.682906,6301,4857,2649,1
2026-08-23 10:07:52.682926,6187,4427,0,1
2026-08-23 10:07:52.682946,6152,4744,0,1
2026-08-23 10:07:52.682966,6178,4538,0,1
2026-08-23 10:07:52.682986,6282,5186,2794,1
2026-08-23 10:07:52.683007,6194,4682,0,1
2026-08-23 10:07:52.683027,6288,5305,2902,1
2026-08-23 10:07:52.683047,6181,4723,0,1
2026-08-23 10:07:52.683066,6174,5364,2699,1
2026-08-23 10:07:52.683086,6198,4826,4,1
2026-08-23 10:07:52.683106,6285,5384,3012,1
2026-08-23 10:07:52.683126,6162,4743,0,1
2026-08-23 10:07:52.683146,6238,5194,1093,1
2026-08-23 10:07:52.700711,6212,4264,0,1
2026-08-23 10:07:52.700731,6295,5010,3093,1
2026-08-23 10:07:52.700751,6203,4542,21,1
2026-08-23 10:07:52.700771,6235,5204,2852,1
2026-08-23 10:07:52.700791,6189,4702,0,1
2026-08-23 10:07:52.700811,6282,5316,2832,1
2026-08-23 10:07:52.700831,6208,4782,0,1
2026-08-23 10:07:52.700851,6287,5338,3039,1
2026-08-23 10:07:52.700871,6185,4767,0,1
2026-08-23 10:07:52.700891,6293,5368,3214,1
2026-08-23 10:07:52.700911,6205,4774,0,1
2026-08-23 10:07:52.700931,6276,5324,2660,1
2026-08-23 10:07:52.716888,6213,4300,0,1
2026-08-23 10:07:52.716908,6279,5010,2573,1
2026-08-23 10:07:52.716928,6201,4514,0,1
2026-08-23 10:07:52.716948,6276,5197,2678,1
2026-08-23 10:07:52.716968,6199,4684,0,1
2026-08-23 10:07:52.716988,6270,5268,2336,1
2026-08-23 10:07:52.717008,6220,4738,0,1
2026-08-23 10:07:52.717028,6283,5357,2943,1
2026-08-23 10:07:52.717048,6191,4809,0,1
2026-08-23 10:07:52.717068,6285,5364,2793,1
2026-08-23 10:07:52.717088,6208,4760,0,1
2026-08-23 10:07:52.733234,6311,4996,2932,1
2026-08-23 10:07:52.733254,6193,4490,0,1
2026-08-23 10:07:52.733274,6277,5191,2763,1
2026-08-23 10:07:52.733294,6189,4635,0,1
2026-08-23 10:07:52.733314,6281,5291,2646,1
2026-08-23 10:07:52.733334,6212,4754,0,1
2026-08-23 10:07:52.733354,6289,5394,3243,1
2026-08-23 10:07:52.733374,6171,4772,0,1
2026-08-23 10:07:52.733394,6284,5347,3016,1
2026-08-23 10:07:52.733414,6214,4829,0,1
2026-08-23 10:07:52.733434,6294,5356,2698,1
2026-08-23 10:07:52.749423,6198,4324,0,1
2026-08-23 10:07:52.749443,6291,5102,3335,1
2026-08-23 10:07:52.749463,6205,4527,0,1
2026-08-23 10:07:52.749483,6286,5168,2695,1
2026-08-23 10:07:52.749503,6179,4699,0,1
2026-08-23 10:07:52.749523,6289,5339,3107,1
2026-08-23 10:07:52.749543,6193,4683,0,1
2026-08-23 10:07:52.749563,6293,5336,2948,1
2026-08-23 10:07:52.749583,6176,4717,0,1
2026-08-23 10:07:52.749603,6240,5269,1624,1
2026-08-23 10:07:52.749623,6208,4789,0,1
2026-08-23 10:07:52.765976,6292,5001,2898,1
2026-08-23 10:07:52.765996,6193,4491,0,1
2026-08-23 10:07:52.766016,6281,5191,2762,1
2026-08-23 10:07:52.766036,6186,4642,0,1
2026-08-23 10:07:52.766056,6268,5293,2645,1
2026-08-23 10:07:52.766076,6205,4803,11,1
2026-08-23 10:07:52.766096,6288,5369,3151,1
2026-08-23 10:07:52.766116,6111,4777,0,1
2026-08-23 10:07:52.766136,6293,5363,3102,1
2026-08-23 10:07:52.766156,6205,4776,0,1
2026-08-23 10:07:52.766176,6283,5328,2639,1
2026-08-23 10:07:52.784106,6213,4310,0,1
2026-08-23 10:07:52.784126,6232,4887,975,1
2026-08-23 10:07:52.784146,6195,4619,0,1
2026-08-23 10:07:52.784166,6272,5243,2640,1
2026-08-23 10:07:52.784186,6203,4755,0,1
2026-08-23 10:07:52.784206,6263,5283,2025,1
2026-08-23 10:07:52.784226,6196,4794,0,1
2026-08-23 10:07:52.784246,6297,5428,2890,1
2026-08-23 10:07:52.784266,6196,4815,0,1
2026-08-23 10:07:52.784286,6288,5438,2969,1
2026-08-23 10:07:52.784306,6199,4783,0,1
2026-08-23 10:07:52.784326,6281,5376,2712,1
2026-08-23 10:07:52.802257,6241,4341,0,1
2026-08-23 10:07:52.802277,6305,5049,2985,1
2026-08-23 10:07:52.802297,6187,4556,0,1
2026-08-23 10:07:52.802317,6286,5232,2744,1
2026-08-23 10:07:52.802337,6217,4706,3,1
2026-08-23 10:07:52.802357,6298,5357,3312,1
2026-08-23 10:07:52.802377,6187,4734,0,1
2026-08-23 10:07:52.802397,6290,5357,3006,1
2026-08-23 10:07:52.802417,6213,4792,0,1
2026-08-23 10:07:52.802437,6286,5358,2900,1
2026-08-23 10:07:52.802457,6089,4767,0,1
2026-08-23 10:07:52.802477,6287,5357,2822,1
2026-08-23 10:07:52.821602,6248,4335,5,1
2026-08-23 10:07:52.821622,6291,5004,2851,1
2026-08-23 10:07:52.821642,6176,4518,0,1
2026-08-23 10:07:52.821662,6277,5233,2873,1
2026-08-23 10:07:52.821682,6199,4686,12,1
2026-08-23 10:07:52.821702,6288,5331,3137,1
2026-08-23 10:07:52.821722,6167,4703,0,1
2026-08-23 10:07:52.821742,6274,5347,3127,1
2026-08-23 10:07:52.821762,6207,4788,4,1
2026-08-23 10:07:52.821782,6284,5376,2828,1
2026-08-23 10:07:52.821802,6192,4765,0,1
2026-08-23 10:07:52.821822,6295,5392,2845,1
2026-08-23 10:07:52.821842,6220,4737,0,1
2026-08-23 10:07:52.839818,6305,4930,2583,1
2026-08-23 10:07:52.839838,6213,4514,0,1
2026-08-23 10:07:52.839858,6298,5190,3170,1
2026-08-23 10:07:52.839878,6162,4635,0,1
2026-08-23 10:07:52.839898,6288,5263,2961,1
2026-08-23 10:07:52.839918,6198,4735,12,1
2026-08-23 10:07:52.839938,6276,5318,2745,1
2026-08-23 10:07:52.839958,6172,4763,0,1
2026-08-23 10:07:52.839978,6237,5405,3000,1
2026-08-23 10:07:52.839998,6185,4780,0,1
2026-08-23 10:07:52.840018,6278,5340,2838,1
2026-08-23 10:07:52.840038,6190,4792,0,1
2026-08-23 10:07:52.859775,6304,4894,2847,1
2026-08-23 10:07:52.859795,6189,4444,0,1
2026-08-23 10:07:52.859815,6298,5094,2961,1
2026-08-23 10:07:52.859835,6178,4587,0,1
2026-08-23 10:07:52.859855,6280,5248,2653,1
2026-08-23 10:07:52.859875,6210,4724,12,1
2026-08-23 10:07:52.859895,6282,5314,2941,1
2026-08-23 10:07:52.859915,6159,4744,0,1
2026-08-23 10:07:52.859935,6217,5201,195,1
2026-08-23 10:07:52.859955,6183,4776,0,1
2026-08-23 10:07:52.859975,6275,5359,2543,1
2026-08-23 10:07:52.859995,6216,4819,0,1
2026-08-23 10:07:52.860015,6299,5403,3156,1
2026-08-23 10:07:52.879364,6235,4231,0,1
2026-08-23 10:07:52.879384,6279,4942,2520,1
2026-08-23 10:07:52.879404,6194,4479,0,1
2026-08-23 10:07:52.879424,6291,5199,2926,1
2026-08-23 10:07:52.879444,6202,4650,0,1
2026-08-23 10:07:52.879464,6289,5274,2947,1
2026-08-23 10:07:52.879484,6181,4738,0,1
2026-08-23 10:07:52.879504,6278,5291,2672,1
2026-08-23 10:07:52.879524,6210,4823,0,1
2026-08-23 10:07:52.879544,6298,5389,3290,1
2026-08-23 10:07:52.879564,6165,4772,0,1
2026-08-23 10:07:52.879584,6289,5391,3022,1
2026-08-23 10:07:52.879604,6225,4803,0,1
2026-08-23 10:07:52.899667,6303,4857,2989,1
2026-08-23 10:07:52.899687,6220,4440,0,1
2026-08-23 10:07:52.899707,6278,5097,2535,1
2026-08-23 10:07:52.899727,6190,4659,0,1
2026-08-23 10:07:52.899747,6252,5177,1775,1
2026-08-23 10:07:52.899767,6174,4732,0,1
2026-08-23 10:07:52.899787,6287,5360,2829,1
2026-08-23 10:07:52.899807,6194,4797,0,1
2026-08-23 10:07:52.899827,6281,5373,2810,1
2026-08-23 10:07:52.899847,6177,4781,0,1
2026-08-23 10:07:52.899867,6282,5411,2851,1
2026-08-23 10:07:52.899887,6205,4788,0,1
2026-08-23 10:07:52.899907,6289,5361,2840,1
2026-08-23 10:07:52.919546,6250,4280,0,1
2026-08-23 10:07:52.919566,6305,4984,2930,1
2026-08-23 10:07:52.919586,6186,4542,0,1
2026-08-23 10:07:52.919606,6269,5105,1926,1
2026-08-23 10:07:52.919626,6184,4722,0,1
2026-08-23 10:07:52.919646,6284,5305,2615,1
2026-08-23 10:07:52.919666,6200,4806,0,1
2026-08-23 10:07:52.919686,6267,5315,1721,1
2026-08-23 10:07:52.919706,6183,4826,0,1
2026-08-23 10:07:52.919726,6287,5389,2894,1
2026-08-23 10:07:52.919746,6196,4823,0,1
2026-08-23 10:07:52.919766,6291,5426,3023,1
2026-08-23 10:07:52.919786,6195,4771,0,1
