Timestamp,A0_Raw,A1_Raw,A2_Raw,Motor_State
2026-08-23 07:45:46.898392,6702,3638,3099,0
2026-08-23 07:45:46.898412,6756,4151,3381,0
2026-08-23 07:45:46.898432,6775,4519,3347,0
2026-08-23 07:45:46.898452,6782,4842,3329,0
2026-08-23 07:45:46.898472,6632,4922,2656,0
2026-08-23 07:45:46.898492,6740,5157,3800,0
2026-08-23 07:45:46.898512,6797,5266,3775,0
2026-08-23 07:45:46.898532,6799,5339,3735,0
2026-08-23 07:45:46.898552,6805,5397,3700,0
2026-08-23 07:45:46.898572,6800,5424,3696,0
2026-08-23 07:45:46.898592,6786,5489,3732,0
2026-08-23 07:45:46.898612,6662,5421,3301,0
2026-08-23 07:45:46.898632,6763,5454,3342,0
2026-08-23 07:45:46.898652,6748,5495,3326,0
2026-08-23 07:45:46.898672,6768,5494,3225,0
2026-08-23 07:45:46.898692,6771,5528,3256,0
2026-08-23 07:45:46.898712,6764,5530,3175,0
2026-08-23 07:45:46.898732,6756,5524,3101,0
2026-08-23 07:45:46.898752,6746,5523,3027,0
2026-08-23 07:45:46.898772,6746,5509,3044,0
2026-08-23 07:45:46.898792,6753,5503,3196,0
2026-08-23 07:45:46.898812,6607,5457,1972,0
2026-08-23 07:45:46.898832,6686,5527,3455,0
2026-08-23 07:45:46.898852,6770,5500,3313,0
2026-08-23 07:45:46.898872,6764,5506,3223,0
2026-08-23 07:45:46.898892,6760,5522,3299,0
2026-08-23 07:45:46.898912,6638,5382,0,0
2026-08-23 07:45:46.898932,6614,5477,3078,0
2026-08-23 07:45:46.898952,6733,5517,2882,0
2026-08-23 07:45:46.898972,6726,5485,2812,0
2026-08-23 07:45:46.898992,6721,5525,2992,0
2026-08-23 07:45:46.899012,6607,5460,2129,0
2026-08-23 07:45:46.899032,6699,5506,3283,0
2026-08-23 07:45:46.899052,6885,5508,3087,0
2026-08-23 07:45:46.899072,6746,5512,3172,0
2026-08-23 07:45:46.899092,6598,5457,1975,0
2026-08-23 07:45:46.899112,6677,5491,2921,0
2026-08-23 07:45:46.899132,6731,5487,2688,0
2026-08-23 07:45:46.899152,6723,5499,2859,0
2026-08-23 07:45:46.899172,6574,5383,1310,0
2026-08-23 07:45:46.899192,6622,5536,3087,0
2026-08-23 07:45:46.899212,6768,5533,2967,0
2026-08-23 07:45:46.899232,6749,5524,3385,0
2026-08-23 07:45:46.899252,6636,5462,2818,0
2026-08-23 07:45:46.899272,6719,5493,2611,0
2026-08-23 07:45:46.899292,6712,5517,2818,0
2026-08-23 07:45:46.899312,6628,5447,2587,0
2026-08-23 07:45:46.899332,6705,5524,2944,0
2026-08-23 07:45:46.899352,6740,5495,2948,0
2026-08-23 07:45:46.899372,6618,5435,2131,0
2026-08-23 07:45:46.899392,6686,5500,2672,0
2026-08-23 07:45:46.899412,6721,5480,2612,0
2026-08-23 07:45:46.899432,6533,5215,0,0
2026-08-23 07:45:46.899452,6607,5428,2915,0
2026-08-23 07:45:46.899472,6726,5451,2872,0
2026-08-23 07:45:46.899492,6495,5237,0,0
2026-08-23 07:45:46.899512,6597,5491,2615,0
2026-08-23 07:45:46.899532,6700,5494,2581,0
2026-08-23 07:45:46.899552,6570,5351,888,0
2026-08-23 07:45:46.899572,6616,5520,2875,0
2026-08-23 07:45:46.899592,6728,5521,2909,0
2026-08-23 07:45:46.899612,6608,5454,2057,0
2026-08-23 07:45:46.899632,6683,5461,2516,0
2026-08-23 07:45:46.899652,6711,5511,2697,0
2026-08-23 07:45:46.899672,6596,5406,1790,0
2026-08-23 07:45:46.899692,6664,5512,2756,0
2026-08-23 07:45:46.899712,6724,5525,3150,0
2026-08-23 07:45:46.899732,6623,5490,2417,0
2026-08-23 07:45:46.899752,6700,5442,2437,0
2026-08-23 07:45:46.899772,6716,5507,1492,0
2026-08-23 07:45:46.899792,6608,5482,2851,0
2026-08-23 07:45:46.899812,6731,5464,2830,0
2026-08-23 07:45:46.899832,6554,5316,486,0
2026-08-23 07:45:46.899852,6602,5494,2479,0
2026-08-23 07:45:46.899872,6802,5504,2685,0
2026-08-23 07:45:46.899892,6597,5399,1735,0
2026-08-23 07:45:46.899912,6638,5475,2716,0
2026-08-23 07:45:46.899932,6735,5516,3297,0
2026-08-23 07:45:46.899952,6614,5464,2382,0
2026-08-23 07:45:46.899972,6698,5483,2479,0
2026-08-23 07:45:46.899992,6553,5321,683,0
2026-08-23 07:45:46.900012,6601,5498,2784,0
2026-08-23 07:45:46.900032,6719,5525,2964,0
2026-08-23 07:45:46.900052,6607,5450,1993,0
2026-08-23 07:45:46.900072,6670,5447,2410,0
2026-08-23 07:45:46.900092,6716,5481,2975,0
2026-08-23 07:45:46.900112,6617,5447,2585,0
2026-08-23 07:45:46.900132,6697,5471,2778,0
2026-08-23 07:45:46.900152,6475,5201,0,0
2026-08-23 07:45:46.900172,6596,5401,2406,0
2026-08-23 07:45:46.900192,6687,5471,2736,0
2026-08-23 07:45:46.900212,6615,5467,2702,0
2026-08-23 07:45:46.900232,6719,5465,2718,0
2026-08-23 07:45:46.900252,6741,5509,3448,0
2026-08-23 07:45:46.900272,6629,5439,2456,0
2026-08-23 07:45:46.900292,6703,5485,2578,0
2026-08-23 07:45:46.900312,6563,5342,930,0
2026-08-23 07:45:46.900332,6610,5497,2650,0
2026-08-23 07:45:46.900352,6721,5483,3256,0
2026-08-23 07:45:46.900372,6611,5455,2353,0
2026-08-23 07:45:46.900392,6686,5486,2475,0
2026-08-23 07:45:46.900412,6603,5421,1740,0
2026-08-23 07:45:46.900432,6747,5458,2695,0
2026-08-23 07:45:46.900452,6728,5527,3140,0
2026-08-23 07:45:46.900472,6618,5418,2393,0
2026-08-23 07:45:46.900492,6687,5478,2302,0
2026-08-23 07:45:46.900512,6493,5268,0,0
2026-08-23 07:45:46.900532,6592,5458,2633,0
2026-08-23 07:45:46.900552,6713,5501,3154,0
2026-08-23 07:45:46.900572,6612,5431,2237,0
2026-08-23 07:45:46.900592,6674,5485,2429,0
2026-08-23 07:45:46.900612,6586,5417,1512,0
2026-08-23 07:45:46.900632,6640,5475,2670,0
2026-08-23 07:45:46.900652,6719,5505,3164,0
2026-08-23 07:45:46.900672,6619,5483,2385,0
2026-08-23 07:45:46.900692,6693,5468,2448,0
2026-08-23 07:45:46.900712,6525,5314,0,0
2026-08-23 07:45:46.900732,6603,5472,2630,0
2026-08-23 07:45:46.900752,6715,5534,3199,0
2026-08-23 07:45:46.900772,6613,5468,2290,0
2026-08-23 07:45:46.900792,6685,5483,2476,0
2026-08-23 07:45:46.900812,6608,5421,2094,0
2026-08-23 07:45:46.900832,6680,5502,2628,0
2026-08-23 07:45:46.900852,6727,5534,3324,0
2026-08-23 07:45:46.900872,6611,5443,2404,0
2026-08-23 07:45:46.900892,6698,5467,2522,0
2026-08-23 07:45:46.900912,6584,5423,1481,0
2026-08-23 07:45:46.900932,6629,5465,2612,0
2026-08-23 07:45:46.900952,6727,5532,3486,0
2026-08-23 07:45:46.900972,6603,5443,2333,0
2026-08-23 07:45:46.900992,6692,5501,2677,0
2026-08-23 07:45:46.901012,6624,5484,2626,0
2026-08-23 07:45:46.901032,6718,5489,2667,0
2026-08-23 07:45:46.901052,6514,5242,0,0
2026-08-23 07:45:46.901072,6594,5451,2349,0
2026-08-23 07:45:46.901092,6702,5484,2829,0
2026-08-23 07:45:46.901112,6623,5434,2405,0
2026-08-23 07:45:46.901132,6700,5473,2724,0
2026-08-23 07:45:46.901152,6536,5329,596,0
2026-08-23 07:45:46.901172,6596,5438,2315,0
2026-08-23 07:45:46.901192,6691,5547,1135,0
2026-08-23 07:45:46.901212,6602,5445,2684,0
2026-08-23 07:45:46.901232,6717,5486,2864,0
2026-08-23 07:45:46.901252,6606,5409,2100,0
2026-08-23 07:45:46.901272,6678,5445,2325,0
2026-08-23 07:45:46.901292,6582,5344,0,0
2026-08-23 07:45:46.901312,6602,5446,2599,0
2026-08-23 07:45:46.901332,6720,5471,3097,0
2026-08-23 07:45:46.901352,6604,5456,2222,0
2026-08-23 07:45:46.901372,6678,5478,2440,0
2026-08-23 07:45:46.901392,6609,5416,2064,0
2026-08-23 07:45:46.901412,6679,5511,2622,0
2026-08-23 07:45:46.901432,6725,5523,3351,0
2026-08-23 07:45:46.901452,6621,5472,2382,0
2026-08-23 07:45:46.901472,6703,5468,2602,0
2026-08-23 07:45:46.901492,6583,5400,1900,0
2026-08-23 07:45:46.901512,6671,5471,2616,0
2026-08-23 07:45:46.901532,6584,5322,0,0
2026-08-23 07:45:46.901552,6598,5417,2303,0
2026-08-23 07:45:46.901572,6684,5478,2826,0
2026-08-23 07:45:46.901592,6625,5486,2684,0
2026-08-23 07:45:46.901612,6716,5508,2743,0
2026-08-23 07:45:46.901632,6583,5373,1340,0
2026-08-23 07:45:46.901652,6626,5442,2318,0
2026-08-23 07:45:46.901672,6698,5492,3079,0
2026-08-23 07:45:46.901692,6621,5463,2548,0
2026-08-23 07:45:46.901712,6710,5523,2889,0
2026-08-23 07:45:46.901732,6598,5431,1899,0
2026-08-23 07:45:46.901752,6641,5445,2357,0
2026-08-23 07:45:46.901772,6563,5342,802,0
2026-08-23 07:45:46.901792,6612,5471,2637,0
2026-08-23 07:45:46.901812,6716,5538,3001,0
2026-08-23 07:45:46.901832,6619,5448,2354,0
2026-08-23 07:45:46.901852,6689,5451,2437,0
2026-08-23 07:45:46.901872,6541,5338,355,0
2026-08-23 07:45:46.901892,6591,5465,2586,0
2026-08-23 07:45:46.901912,6712,5546,3321,0
2026-08-23 07:45:46.901932,6614,5420,2297,0
2026-08-23 07:45:46.901952,6699,5459,2587,0
2026-08-23 07:45:46.901972,6624,5453,2501,0
2026-08-23 07:45:46.901992,6703,5514,2650,0
2026-08-23 07:45:46.902012,6480,5213,0,0
2026-08-23 07:45:46.902032,6595,5445,2317,0
2026-08-23 07:45:46.902052,6696,5457,2799,0
2026-08-23 07:45:46.902072,6615,5432,2385,0
2026-08-23 07:45:46.902092,6671,5497,2703,0
2026-08-23 07:45:46.902112,6554,5343,695,0
2026-08-23 07:45:46.902132,6608,5463,2309,0
2026-08-23 07:45:46.902152,6562,5190,0,0
2026-08-23 07:45:46.902172,6604,5422,2648,0
2026-08-23 07:45:46.902192,6709,5475,2918,0
2026-08-23 07:45:46.902212,6611,5438,2253,0
2026-08-23 07:45:46.902232,6683,5432,2364,0
2026-08-23 07:45:46.902252,6502,5270,0,0
2026-08-23 07:45:46.902272,6603,5473,2534,0
2026-08-23 07:45:46.902292,6715,5495,3242,0
2026-08-23 07:45:46.902312,6576,5407,2276,0
2026-08-23 07:45:46.902332,6687,5444,2522,0
2026-08-23 07:45:46.902352,6616,5456,2473,0
2026-08-23 07:45:46.902372,6699,5465,2636,0
2026-08-23 07:45:46.902392,6520,5167,0,0
2026-08-23 07:45:46.902412,6593,5387,2333,0
2026-08-23 07:45:46.902432,6688,5431,2761,0
2026-08-23 07:45:46.902452,6606,5400,2323,0
2026-08-23 07:45:46.902472,6706,5448,2694,0
2026-08-23 07:45:46.902492,6521,5329,204,0
2026-08-23 07:45:46.902512,6587,5436,2300,0
2026-08-23 07:45:46.902532,6841,5532,3017,0
2026-08-23 07:45:46.902552,6631,5448,2684,0
2026-08-23 07:45:46.902572,6715,5517,2791,0
2026-08-23 07:45:46.902592,6608,5447,2017,0
2026-08-23 07:45:46.902612,6664,5483,2342,0
2026-08-23 07:45:46.902632,6710,5506,3290,0
2026-08-23 07:45:46.902652,6629,5483,2594,0
2026-08-23 07:45:46.902672,6718,5519,3031,0
2026-08-23 07:45:46.902692,6606,5440,2168,0
2026-08-23 07:45:46.902712,6674,5470,2401,0
2026-08-23 07:45:46.902732,6591,5397,1824,0
2026-08-23 07:45:46.902752,6668,5461,2617,0
2026-08-23 07:45:46.902772,6718,5506,3295,0
2026-08-23 07:45:46.902792,6614,5471,2325,0
2026-08-23 07:45:46.902812,6702,5492,2541,0
2026-08-23 07:45:46.902832,6591,5433,1684,0
2026-08-23 07:45:46.902852,6638,5492,2620,0
2026-08-23 07:45:46.902872,6736,5560,3570,0
2026-08-23 07:45:46.902892,6615,5420,2305,0
2026-08-23 07:45:46.902912,6697,5463,2729,0
2026-08-23 07:45:46.902932,6633,5445,2661,0
2026-08-23 07:45:46.902952,6705,5464,2699,0
2026-08-23 07:45:46.902972,6553,5360,646,0
2026-08-23 07:45:46.902992,6602,5404,2339,0
2026-08-23 07:45:46.903012,6706,5491,2936,0
2026-08-23 07:45:46.903032,6629,5483,2491,0
2026-08-23 07:45:46.903052,6700,5509,2785,0
2026-08-23 07:45:46.903072,6582,5377,1381,0
2026-08-23 07:45:46.903092,6618,5477,2316,0
2026-08-23 07:45:46.903112,6502,5283,0,0
2026-08-23 07:45:46.903132,6593,5511,2661,0
2026-08-23 07:45:46.903152,6721,5494,2965,0
2026-08-23 07:45:46.903172,6610,5439,2279,0
2026-08-23 07:45:46.903192,6693,5454,2403,0
2026-08-23 07:45:46.903212,6502,5286,0,0
2026-08-23 07:45:46.903232,6597,5497,2582,0
2026-08-23 07:45:46.903252,6719,5528,3203,0
2026-08-23 07:45:46.903272,6616,5442,2270,0
2026-08-23 07:45:46.903292,6685,5448,2495,0
2026-08-23 07:45:46.903312,6617,5464,2347,0
2026-08-23 07:45:46.903332,6694,5459,2611,0
2026-08-23 07:45:46.903352,6728,5550,3484,0
2026-08-23 07:45:46.903372,6725,5465,2366,0
2026-08-23 07:45:46.903392,6700,5459,2664,0
2026-08-23 07:45:46.903412,6604,5418,2096,0
2026-08-23 07:45:46.903432,6682,5504,2636,0
2026-08-23 07:45:46.903452,6487,5252,0,0
2026-08-23 07:45:46.903472,6594,5413,2307,0
2026-08-23 07:45:46.903492,6686,5467,2904,0
2026-08-23 07:45:46.903512,6623,5450,2692,0
2026-08-23 07:45:46.903532,6712,5469,2784,0
2026-08-23 07:45:46.903552,6581,5419,1714,0
2026-08-23 07:45:46.903572,6630,5475,2331,0
2026-08-23 07:45:46.903592,6695,5536,3173,0
2026-08-23 07:45:46.903612,6619,5492,2537,0
2026-08-23 07:45:46.903632,6719,5493,2936,0
2026-08-23 07:45:46.903652,6600,5412,2006,0
2026-08-23 07:45:46.903672,6675,5478,2382,0
2026-08-23 07:45:46.903692,6588,5385,1599,0
2026-08-23 07:45:46.903712,6633,5493,2615,0
2026-08-23 07:45:46.903732,6731,5531,3266,0
2026-08-23 07:45:46.903752,6610,5457,2348,0
2026-08-23 07:45:46.903772,6694,5455,2623,0
2026-08-23 07:45:46.903792,6595,5396,1719,0
2026-08-23 07:45:46.903812,6637,5465,2612,0
2026-08-23 07:45:46.903832,6745,5609,2221,0
2026-08-23 07:45:46.903852,6597,5435,2299,0
2026-08-23 07:45:46.903872,6686,5483,2803,0
2026-08-23 07:45:46.903892,6620,5472,2686,0
2026-08-23 07:45:46.903912,6719,5457,2733,0
2026-08-23 07:45:46.903932,6581,5370,1452,0
2026-08-23 07:45:46.903952,6619,5477,2311,0
2026-08-23 07:45:46.903972,6706,5529,3128,0
2026-08-23 07:45:46.903992,6624,5450,2514,0
2026-08-23 07:45:46.904012,6717,5485,2917,0
2026-08-23 07:45:46.904032,6600,5446,1996,0
2026-08-23 07:45:46.904052,6638,5476,2374,0
2026-08-23 07:45:46.904072,6584,5378,1409,0
2026-08-23 07:45:46.904092,6593,5497,2617,0
2026-08-23 07:45:46.904112,6723,5506,3239,0
2026-08-23 07:45:46.904132,6614,5438,2369,0
2026-08-23 07:45:46.904152,6692,5456,2367,0
2026-08-23 07:45:46.904172,6591,5412,1504,0
2026-08-23 07:45:46.904192,6628,5486,2581,0
2026-08-23 07:45:46.904212,6728,5560,3556,0
2026-08-23 07:45:46.904232,6623,5428,2225,0
2026-08-23 07:45:46.904252,6685,5492,2765,0
2026-08-23 07:45:46.904272,6626,5472,2668,0
2026-08-23 07:45:46.904292,6714,5477,2695,0
2026-08-23 07:45:46.904312,6566,5391,952,0
2026-08-23 07:45:46.904332,6607,5503,2318,0
2026-08-23 07:45:46.904352,6709,5489,3008,0
2026-08-23 07:45:46.904372,6617,5468,2504,0
2026-08-23 07:45:46.904392,6711,5475,2851,0
2026-08-23 07:45:46.904412,6590,5422,1777,0
2026-08-23 07:45:46.904432,6632,5482,2358,0
2026-08-23 07:45:46.904452,6548,5325,585,0
2026-08-23 07:45:46.904472,6604,5482,2630,0
2026-08-23 07:45:46.904492,6716,5528,3109,0
2026-08-23 07:45:46.904512,6617,5431,2342,0
2026-08-23 07:45:46.904532,6682,5496,2452,0
2026-08-23 07:45:46.904552,6561,5378,831,0
2026-08-23 07:45:46.904572,6597,5459,2572,0
2026-08-23 07:45:46.904592,6720,5551,3425,0
2026-08-23 07:45:46.904612,6616,5432,2302,0
2026-08-23 07:45:46.904632,6688,5502,2652,0
2026-08-23 07:45:46.904652,6624,5449,2622,0
2026-08-23 07:45:46.904672,6710,5475,2652,0
2026-08-23 07:45:46.904692,6536,5334,156,0
2026-08-23 07:45:46.904712,6599,5449,2315,0
2026-08-23 07:45:46.904732,6698,5497,2941,0
2026-08-23 07:45:46.904752,6617,5441,2523,0
2026-08-23 07:45:46.904772,6702,5508,2793,0
2026-08-23 07:45:46.904792,6582,5387,1699,0
2026-08-23 07:45:46.904812,6621,5480,2319,0
2026-08-23 07:45:46.904832,6536,5307,173,0
2026-08-23 07:45:46.904852,6600,5477,2643,0
2026-08-23 07:45:46.904872,6720,5509,3016,0
2026-08-23 07:45:46.904892,6611,5483,2312,0
2026-08-23 07:45:46.904912,6692,5468,2299,0
2026-08-23 07:45:46.904932,6537,5332,383,0
2026-08-23 07:45:46.904952,6598,5510,2547,0
2026-08-23 07:45:46.904972,6729,5527,3343,0
2026-08-23 07:45:46.904992,6603,5447,2318,0
2026-08-23 07:45:46.905012,6685,5471,2608,0
2026-08-23 07:45:46.905032,6614,5458,2504,0
2026-08-23 07:45:46.905052,6709,5475,2643,0
2026-08-23 07:45:46.905072,6523,5283,0,0
2026-08-23 07:45:46.905092,6585,5450,2328,0
2026-08-23 07:45:46.905112,6688,5520,2878,0
2026-08-23 07:45:46.905132,6616,5473,2445,0
2026-08-23 07:45:46.905152,6707,5505,2749,0
2026-08-23 07:45:46.905172,6582,5363,1261,0
2026-08-23 07:45:46.905192,6679,5438,2316,0
2026-08-23 07:45:46.905212,6511,5274,0,0
2026-08-23 07:45:46.905232,6594,5498,2630,0
2026-08-23 07:45:46.905252,6715,5533,3001,0
2026-08-23 07:45:46.905272,6611,5440,2302,0
2026-08-23 07:45:46.905292,6682,5454,2406,0
2026-08-23 07:45:46.905312,6535,5344,252,0
2026-08-23 07:45:46.905332,6598,5500,2539,0
2026-08-23 07:45:46.905352,6716,5513,3329,0
2026-08-23 07:45:46.905372,6611,5462,2304,0
2026-08-23 07:45:46.905392,6689,5474,2611,0
2026-08-23 07:45:46.905412,6624,5485,2590,0
2026-08-23 07:45:46.905432,6714,5465,2642,0
2026-08-23 07:45:46.905452,6519,5283,0,0
2026-08-23 07:45:46.905472,6597,5436,2320,0
2026-08-23 07:45:46.905492,6696,5512,2881,0
2026-08-23 07:45:46.905512,6618,5449,2448,0
2026-08-23 07:45:46.905532,6705,5499,2763,0
2026-08-23 07:45:46.905552,6610,5375,1368,0
2026-08-23 07:45:46.905572,6618,5437,2322,0
2026-08-23 07:45:46.905592,6515,5293,0,0
2026-08-23 07:45:46.905612,6587,5475,2640,0
2026-08-23 07:45:46.905632,6707,5536,3022,0
2026-08-23 07:45:46.905652,6611,5464,2309,0
2026-08-23 07:45:46.905672,6745,5458,2410,0
2026-08-23 07:45:46.905692,6541,5370,629,0
2026-08-23 07:45:46.905712,6604,5500,2580,0
2026-08-23 07:45:46.905732,6798,5545,3397,0
2026-08-23 07:45:46.905752,6615,5424,2287,0
2026-08-23 07:45:46.905772,6693,5469,2650,0
2026-08-23 07:45:46.905792,6626,5455,2626,0
2026-08-23 07:45:46.905812,6764,5483,2663,0
2026-08-23 07:45:46.905832,6533,5337,236,0
2026-08-23 07:45:46.905852,6597,5462,2308,0
2026-08-23 07:45:46.905872,6695,5519,2943,0
2026-08-23 07:45:46.905892,6630,5471,2492,0
2026-08-23 07:45:46.905912,6707,5486,2796,0
2026-08-23 07:45:46.905932,6595,5382,1665,0
2026-08-23 07:45:46.905952,6614,5448,2375,0
2026-08-23 07:45:46.905972,6542,5316,291,0
2026-08-23 07:45:46.905992,6593,5504,2631,0
2026-08-23 07:45:46.906012,6709,5529,3053,0
2026-08-23 07:45:46.906032,6609,5438,2333,0
2026-08-23 07:45:46.906052,6694,5493,2434,0
2026-08-23 07:45:46.906072,6543,5330,679,0
2026-08-23 07:45:46.906092,6608,5486,2547,0
2026-08-23 07:45:46.906112,6715,5546,3385,0
2026-08-23 07:45:46.906132,6604,5430,2295,0
2026-08-23 07:45:46.906152,6687,5502,2629,0
2026-08-23 07:45:46.906172,6614,5489,2596,0
2026-08-23 07:45:46.906192,6708,5498,2674,0
2026-08-23 07:45:46.906212,6534,5291,20,0
2026-08-23 07:45:46.906232,6600,5441,2319,0
2026-08-23 07:45:46.906252,6696,5500,2904,0
2026-08-23 07:45:46.906272,6619,5439,2467,0
2026-08-23 07:45:46.906292,6708,5486,2776,0
2026-08-23 07:45:46.906312,6583,5371,1500,0
2026-08-23 07:45:46.906332,6611,5466,2308,0
2026-08-23 07:45:46.906352,6534,5286,15,0
2026-08-23 07:45:46.906372,6600,5469,2620,0
2026-08-23 07:45:46.906392,6709,5496,3018,0
2026-08-23 07:45:46.906412,6611,5466,2316,0
2026-08-23 07:45:46.906432,6685,5488,2429,0
2026-08-23 07:45:46.906452,6558,5365,696,0
2026-08-23 07:45:46.906472,6608,5450,2572,0
2026-08-23 07:45:46.906492,6726,5529,3387,0
2026-08-23 07:45:46.906512,6618,5450,2288,0
2026-08-23 07:45:46.906532,6681,5459,2641,0
2026-08-23 07:45:46.906552,6609,5485,2614,0
2026-08-23 07:45:46.906572,6702,5492,2669,0
2026-08-23 07:45:46.906592,6523,5309,22,0
2026-08-23 07:45:46.906612,6591,5465,2327,0
2026-08-23 07:45:46.906632,6700,5522,2903,0
2026-08-23 07:45:46.906652,6606,5441,2435,0
2026-08-23 07:45:46.906672,6694,5502,2744,0
2026-08-23 07:45:46.906692,6574,5404,1357,0
2026-08-23 07:45:46.906712,6612,5455,2315,0
2026-08-23 07:45:46.906732,6519,5256,0,0
2026-08-23 07:45:46.906752,6593,5495,2642,0
2026-08-23 07:45:46.906772,6721,5501,2973,0
2026-08-23 07:45:46.906792,6611,5470,2337,0
2026-08-23 07:45:46.906812,6692,5448,2378,0
2026-08-23 07:45:46.906832,6528,5312,205,0
2026-08-23 07:45:46.906852,6605,5497,2544,0
2026-08-23 07:45:46.906872,6705,5546,3335,0
2026-08-23 07:45:46.906892,6611,5455,2287,0
2026-08-23 07:45:46.906912,6688,5472,2602,0
2026-08-23 07:45:46.906932,6623,5447,2602,0
2026-08-23 07:45:46.906952,6709,5460,2640,0
2026-08-23 07:45:46.906972,6511,5273,0,0
2026-08-23 07:45:46.906992,6587,5435,2319,0
2026-08-23 07:45:46.907012,6698,5480,2864,0
2026-08-23 07:45:46.907032,6617,5448,2422,0
2026-08-23 07:45:46.907052,6705,5500,2766,0
2026-08-23 07:45:46.907072,6572,5401,1403,0
2026-08-23 07:45:46.907092,6615,5435,2316,0
2026-08-23 07:45:46.907112,6527,5325,0,0
2026-08-23 07:45:46.907132,6610,5501,2621,0
2026-08-23 07:45:46.907152,6703,5496,3041,0
2026-08-23 07:45:46.907172,6618,5438,2316,0
2026-08-23 07:45:46.907192,6685,5424,2429,0
2026-08-23 07:45:46.907212,6548,5364,827,0
2026-08-23 07:45:46.907232,6606,5485,2503,0
2026-08-23 07:45:46.907252,6727,5506,3411,0
2026-08-23 07:45:46.907272,6605,5451,2277,0
2026-08-23 07:45:46.907292,6683,5489,2358,0
2026-08-23 07:45:46.907312,6622,5446,2626,0
2026-08-23 07:45:46.907332,6707,5498,2669,0
2026-08-23 07:45:46.907352,6571,5342,951,0
2026-08-23 07:45:46.907372,6595,5444,2306,0
2026-08-23 07:45:46.907392,6702,5523,3027,0
2026-08-23 07:45:46.907412,6616,5478,2478,0
2026-08-23 07:45:46.907432,6707,5512,2887,0
2026-08-23 07:45:46.907452,6592,5434,1970,0
2026-08-23 07:45:46.907472,6663,5462,2344,0
2026-08-23 07:45:46.907492,6586,5379,1515,0
2026-08-23 07:45:46.907512,6634,5465,2587,0
2026-08-23 07:45:46.907532,6718,5504,3368,0
2026-08-23 07:45:46.907552,6615,5427,2342,0
2026-08-23 07:45:46.907572,6698,5490,2584,0
2026-08-23 07:45:46.907592,6599,5435,1949,0
2026-08-23 07:45:46.907612,6667,5486,2608,0
2026-08-23 07:45:46.907632,6487,5239,0,0
2026-08-23 07:45:46.907652,6585,5443,2293,0
2026-08-23 07:45:46.907672,6689,5453,2921,0
2026-08-23 07:45:46.907692,6627,5474,2658,0
2026-08-23 07:45:46.907712,6715,5454,2797,0
2026-08-23 07:45:46.907732,6593,5388,2037,0
2026-08-23 07:45:46.907752,6669,5463,2336,0
2026-08-23 07:45:46.907772,6535,5173,0,0
2026-08-23 07:45:46.907792,6597,5418,2534,0
2026-08-23 07:45:46.907812,6712,5448,3132,0
2026-08-23 07:45:46.907832,6609,5421,2234,0
2026-08-23 07:45:46.907852,6671,5422,2459,0
2026-08-23 07:45:46.907872,6608,5419,2270,0
2026-08-23 07:45:46.907892,6689,5472,2608,0
2026-08-23 07:45:46.907912,6775,5517,985,0
2026-08-23 07:45:46.907932,6592,5456,2335,0
2026-08-23 07:45:46.907952,6690,5489,2724,0
2026-08-23 07:45:46.907972,6607,5443,2284,0
2026-08-23 07:45:46.907992,6688,5462,2673,0
2026-08-23 07:45:46.908012,6547,5311,424,0
2026-08-23 07:45:46.908032,6586,5431,2267,0
2026-08-23 07:45:46.908052,6602,5291,0,0
2026-08-23 07:45:46.908072,6605,5467,2656,0
2026-08-23 07:45:46.908092,6705,5484,2888,0
2026-08-23 07:45:46.908112,6608,5429,2219,0
2026-08-23 07:45:46.908132,6678,5458,2355,0
2026-08-23 07:45:46.908152,6506,5296,0,0
2026-08-23 07:45:46.908172,6594,5458,2535,0
2026-08-23 07:45:46.908192,6712,5516,3250,0
2026-08-23 07:45:46.908212,6601,5463,2274,0
2026-08-23 07:45:46.908232,6694,5488,2505,0
2026-08-23 07:45:46.908252,6617,5439,2492,0
2026-08-23 07:45:46.908272,6702,5468,2584,0
2026-08-23 07:45:46.908292,6508,5254,0,0
2026-08-23 07:45:46.908312,6587,5470,2308,0
2026-08-23 07:45:46.908332,6689,5514,2844,0
2026-08-23 07:45:46.908352,6613,5439,2422,0
2026-08-23 07:45:46.908372,6695,5501,2749,0
2026-08-23 07:45:46.908392,6561,5372,1368,0
2026-08-23 07:45:46.908412,6616,5475,2305,0
2026-08-23 07:45:46.908432,6529,5279,0,0
2026-08-23 07:45:46.908452,6591,5471,2625,0
2026-08-23 07:45:46.908472,6718,5512,3023,0
2026-08-23 07:45:46.908492,6620,5419,2317,0
2026-08-23 07:45:46.908512,6683,5488,2418,0
2026-08-23 07:45:46.908532,6551,5338,683,0
2026-08-23 07:45:46.908552,6592,5469,2536,0
2026-08-23 07:45:46.908572,6723,5524,3396,0
2026-08-23 07:45:46.908592,6614,5429,2295,0
2026-08-23 07:45:46.908612,6690,5470,2645,0
2026-08-23 07:45:46.908632,6626,5450,2621,0
2026-08-23 07:45:46.908652,6705,5470,2653,0
2026-08-23 07:45:46.908672,6553,5329,643,0
2026-08-23 07:45:46.908692,6598,5452,2310,0
2026-08-23 07:45:46.908712,6705,5491,2979,0
2026-08-23 07:45:46.908732,6617,5457,2492,0
2026-08-23 07:45:46.908752,6704,5470,2839,0
2026-08-23 07:45:46.908772,6587,5392,1820,0
2026-08-23 07:45:46.908792,6625,5435,2326,0
2026-08-23 07:45:46.908812,6562,5354,927,0
2026-08-23 07:45:46.908832,6607,5488,2608,0
2026-08-23 07:45:46.908852,6714,5547,3174,0
2026-08-23 07:45:46.908872,6614,5454,2342,0
2026-08-23 07:45:46.908892,6695,5481,2474,0
2026-08-23 07:45:46.908912,6576,5417,1574,0
2026-08-23 07:45:46.908932,6627,5490,2585,0
2026-08-23 07:45:46.908952,6741,5605,2330,0
2026-08-23 07:45:46.908972,6595,5420,2284,0
2026-08-23 07:45:46.908992,6694,5446,2848,0
2026-08-23 07:45:46.909012,6612,5466,2672,0
2026-08-23 07:45:46.909032,6709,5451,2725,0
2026-08-23 07:45:46.909052,6589,5378,1628,0
2026-08-23 07:45:46.909072,6637,5438,2312,0
2026-08-23 07:45:46.909092,6708,5499,3164,0
2026-08-23 07:45:46.909112,6612,5483,2534,0
2026-08-23 07:45:46.909132,6700,5475,2954,0
2026-08-23 07:45:46.909152,6592,5443,2144,0
2026-08-23 07:45:46.909172,6674,5450,2398,0
2026-08-23 07:45:46.909192,6600,5415,1946,0
2026-08-23 07:45:46.909212,6663,5473,2575,0
2026-08-23 07:45:46.909232,6723,5520,3392,0
2026-08-23 07:45:46.909252,6611,5480,2322,0
2026-08-23 07:45:46.909272,6694,5481,2655,0
2026-08-23 07:45:46.909292,6592,5459,2191,0
2026-08-23 07:45:46.909312,6688,5461,2650,0
2026-08-23 07:45:46.909332,6533,5329,200,0
2026-08-23 07:45:46.909352,6558,5446,2269,0
2026-08-23 07:45:46.909372,6598,5383,0,0
2026-08-23 07:45:46.909392,6603,5460,2636,0
2026-08-23 07:45:46.909412,6712,5479,2899,0
2026-08-23 07:45:46.909432,6608,5458,2220,0
2026-08-23 07:45:46.909452,6681,5448,2368,0
2026-08-23 07:45:46.909472,6507,5303,0,0
2026-08-23 07:45:46.909492,6592,5489,2510,0
2026-08-23 07:45:46.909512,6711,5541,3255,0
2026-08-23 07:45:46.909532,6612,5418,2305,0
2026-08-23 07:45:46.909552,6680,5457,2543,0
2026-08-23 07:45:46.909572,6621,5453,2530,0
2026-08-23 07:45:46.909592,6690,5516,2626,0
2026-08-23 07:45:46.909612,6518,5300,0,0
2026-08-23 07:45:46.909632,6587,5497,2302,0
2026-08-23 07:45:46.909652,6695,5499,2890,0
2026-08-23 07:45:46.909672,6608,5458,2450,0
2026-08-23 07:45:46.909692,6690,5489,2782,0
2026-08-23 07:45:46.909712,6587,5405,1729,0
2026-08-23 07:45:46.909732,6630,5475,2297,0
2026-08-23 07:45:46.909752,6573,5394,937,0
2026-08-23 07:45:46.909772,6608,5500,2591,0
2026-08-23 07:45:46.909792,6714,5532,3205,0
2026-08-23 07:45:46.909812,6610,5482,2325,0
2026-08-23 07:45:46.909832,6689,5488,2491,0
2026-08-23 07:45:46.909852,6587,5430,1711,0
2026-08-23 07:45:46.909872,6639,5459,2576,0
2026-08-23 07:45:46.909892,6576,5205,0,0
2026-08-23 07:45:46.909912,6581,5369,2259,0
2026-08-23 07:45:46.909932,6687,5462,2860,0
2026-08-23 07:45:46.909952,6614,5446,2650,0
2026-08-23 07:45:46.909972,6704,5484,2774,0
2026-08-23 07:45:46.909992,6593,5413,1934,0
2026-08-23 07:45:46.910012,6667,5426,2316,0
2026-08-23 07:45:46.910032,6576,5342,0,0
2026-08-23 07:45:46.910052,6602,5447,2507,0
2026-08-23 07:45:46.910072,6707,5488,3087,0
2026-08-23 07:45:46.910092,6609,5427,2250,0
2026-08-23 07:45:46.910112,6678,5439,2469,0
2026-08-23 07:45:46.910132,6611,5438,2368,0
2026-08-23 07:45:46.910152,6685,5493,2611,0
2026-08-23 07:45:46.910172,6499,5254,0,0
2026-08-23 07:45:46.910192,6573,5434,2298,0
2026-08-23 07:45:46.910212,6691,5477,2826,0
2026-08-23 07:45:46.910232,6616,5454,2417,0
2026-08-23 07:45:46.910252,6692,5489,2761,0
2026-08-23 07:45:46.910272,6582,5423,1510,0
2026-08-23 07:45:46.910292,6619,5472,2296,0
2026-08-23 07:45:46.910312,6544,5324,472,0
2026-08-23 07:45:46.910332,6605,5502,2595,0
2026-08-23 07:45:46.910352,6716,5509,3145,0
2026-08-23 07:45:46.910372,6620,5440,2325,0
2026-08-23 07:45:46.910392,6680,5503,2475,0
2026-08-23 07:45:46.910412,6582,5437,1577,0
2026-08-23 07:45:46.910432,6628,5469,2576,0
2026-08-23 07:45:46.910452,6592,5254,0,0
2026-08-23 07:45:46.910472,6595,5378,2253,0
2026-08-23 07:45:46.910492,6663,5465,2850,0
2026-08-23 07:45:46.910512,6621,5431,2637,0
2026-08-23 07:45:46.910532,6711,5492,2794,0
2026-08-23 07:45:46.910552,6605,5431,2026,0
2026-08-23 07:45:46.910572,6664,5463,2339,0
2026-08-23 07:45:46.910592,6488,5197,0,0
2026-08-23 07:45:46.910612,6594,5454,2510,0
2026-08-23 07:45:46.910632,6709,5508,3220,0
2026-08-23 07:45:46.910652,6608,5399,2253,0
2026-08-23 07:45:46.910672,6682,5470,2570,0
2026-08-23 07:45:46.910692,6616,5465,2523,0
2026-08-23 07:45:46.910712,6711,5490,2607,0
2026-08-23 07:45:46.910732,6538,5301,234,0
2026-08-23 07:45:46.910752,6598,5432,2298,0
2026-08-23 07:45:46.910772,6700,5514,2938,0
2026-08-23 07:45:46.910792,6616,5480,2477,0
2026-08-23 07:45:46.910812,6710,5478,2831,0
2026-08-23 07:45:46.910832,6588,5433,1889,0
2026-08-23 07:45:46.910852,6642,5437,2337,0
2026-08-23 07:45:46.910872,6587,5395,1467,0
2026-08-23 07:45:46.910892,6628,5458,2549,0
2026-08-23 07:45:46.910912,6723,5541,3291,0
2026-08-23 07:45:46.910932,6613,5475,2320,0
2026-08-23 07:45:46.910952,6702,5497,2604,0
2026-08-23 07:45:46.910972,6599,5415,2095,0
2026-08-23 07:45:46.910992,6679,5490,2611,0
2026-08-23 07:45:46.911012,6527,5320,102,0
2026-08-23 07:45:46.911032,6593,5477,2252,0
2026-08-23 07:45:46.911052,6588,5355,0,0
2026-08-23 07:45:46.911072,6597,5485,2615,0
2026-08-23 07:45:46.911092,6695,5509,2927,0
2026-08-23 07:45:46.911112,6608,5421,2255,0
2026-08-23 07:45:46.911132,6683,5486,2374,0
2026-08-23 07:45:46.911152,6546,5342,400,0
2026-08-23 07:45:46.911172,6598,5473,2522,0
2026-08-23 07:45:46.911192,6713,5541,3404,0
2026-08-23 07:45:46.911212,6614,5423,2250,0
2026-08-23 07:45:46.911232,6694,5489,2684,0
2026-08-23 07:45:46.911252,6623,5441,2641,0
2026-08-23 07:45:46.911272,6700,5498,2663,0
2026-08-23 07:45:46.911292,6580,5398,1434,0
2026-08-23 07:45:46.911312,6613,5475,2291,0
2026-08-23 07:45:46.911332,6695,5527,3176,0
2026-08-23 07:45:46.911352,6631,5447,2487,0
2026-08-23 07:45:46.911372,6716,5488,3002,0
2026-08-23 07:45:46.911392,6600,5465,2197,0
2026-08-23 07:45:46.911412,6682,5454,2395,0
2026-08-23 07:45:46.911432,6597,5433,2173,0
2026-08-23 07:45:46.911452,6682,5506,2585,0
2026-08-23 07:45:46.911472,6721,5552,3953,0
2026-08-23 07:45:46.911492,6624,5460,2325,0
2026-08-23 07:45:46.911512,6696,5484,2699,0
2026-08-23 07:45:46.911532,6615,5429,2263,0
2026-08-23 07:45:46.911552,6689,5494,2670,0
2026-08-23 07:45:46.911572,6537,5323,626,0
2026-08-23 07:45:46.911592,6590,5474,2269,0
2026-08-23 07:45:46.911612,6488,5259,0,0
2026-08-23 07:45:46.911632,6598,5477,2608,0
2026-08-23 07:45:46.911652,6706,5497,2957,0
2026-08-23 07:45:46.911672,6608,5422,2282,0
2026-08-23 07:45:46.911692,6691,5441,2400,0
2026-08-23 07:45:46.911712,6543,5344,584,0
2026-08-23 07:45:46.911732,6597,5480,2513,0
2026-08-23 07:45:46.911752,6720,5515,3397,0
2026-08-23 07:45:46.911772,6608,5461,2272,0
2026-08-23 07:45:46.911792,6690,5493,2678,0
2026-08-23 07:45:46.911812,6621,5444,2623,0
2026-08-23 07:45:46.911832,6708,5486,2657,0
2026-08-23 07:45:46.911852,6568,5360,928,0
2026-08-23 07:45:46.911872,6599,5473,2291,0
2026-08-23 07:45:46.911892,6701,5513,3021,0
2026-08-23 07:45:46.911912,6613,5453,2480,0
2026-08-23 07:45:46.911932,6705,5507,2888,0
2026-08-23 07:45:46.911952,6597,5414,2005,0
2026-08-23 07:45:46.911972,6662,5444,2349,0
2026-08-23 07:45:46.911992,6589,5400,1669,0
2026-08-23 07:45:46.912012,6636,5483,2588,0
2026-08-23 07:45:46.912032,6715,5547,3311,0
2026-08-23 07:45:46.912052,6615,5452,2338,0
2026-08-23 07:45:46.912072,6695,5460,2604,0
2026-08-23 07:45:46.912092,6594,5412,2026,0
2026-08-23 07:45:46.912112,6671,5512,2613,0
2026-08-23 07:45:46.912132,6515,5253,0,0
2026-08-23 07:45:46.912152,6590,5434,2259,0
2026-08-23 07:45:46.912172,6693,5519,2971,0
2026-08-23 07:45:46.912192,6616,5477,2642,0
2026-08-23 07:45:46.912212,6709,5486,2843,0
2026-08-23 07:45:46.912232,6606,5419,2135,0
2026-08-23 07:45:46.912252,6678,5479,2353,0
2026-08-23 07:45:46.912272,6503,5282,0,0
2026-08-23 07:45:46.912292,6582,5471,2530,0
2026-08-23 07:45:46.912312,6710,5532,3277,0
2026-08-23 07:45:46.912332,6598,5454,2257,0
2026-08-23 07:45:46.912352,6642,5455,2594,0
2026-08-23 07:45:46.912372,6620,5489,2578,0
2026-08-23 07:45:46.912392,6698,5499,2623,0
2026-08-23 07:45:46.912412,6549,5309,476,0
2026-08-23 07:45:46.912432,6595,5446,2297,0
2026-08-23 07:45:46.912452,6688,5525,2997,0
2026-08-23 07:45:46.912472,6619,5470,2458,0
2026-08-23 07:45:46.912492,6695,5499,2886,0
2026-08-23 07:45:46.912512,6600,5411,1971,0
2026-08-23 07:45:46.912532,6666,5440,2329,0
2026-08-23 07:45:46.912552,6587,5394,1681,0
2026-08-23 07:45:46.912572,6629,5495,2582,0
2026-08-23 07:45:46.912592,6716,5553,3329,0
2026-08-23 07:45:46.912612,6617,5474,2324,0
2026-08-23 07:45:46.912632,6692,5488,2611,0
2026-08-23 07:45:46.912652,6597,5452,2114,0
2026-08-23 07:45:46.912672,6679,5464,2616,0
2026-08-23 07:45:46.912692,6524,5298,0,0
2026-08-23 07:45:46.912712,6591,5456,2260,0
2026-08-23 07:45:46.912732,6591,5355,0,0
2026-08-23 07:45:46.912752,6588,5466,2657,0
2026-08-23 07:45:46.912772,6705,5467,2910,0
2026-08-23 07:45:46.912792,6606,5457,2248,0
2026-08-23 07:45:46.912812,6685,5491,2384,0
2026-08-23 07:45:46.912832,6544,5303,363,0
2026-08-23 07:45:46.912852,6587,5490,2526,0
2026-08-23 07:45:46.912872,6726,5543,3407,0
2026-08-23 07:45:46.912892,6611,5424,2277,0
2026-08-23 07:45:46.912912,6684,5492,2678,0
2026-08-23 07:45:46.912932,6621,5474,2627,0
2026-08-23 07:45:46.912952,6688,5462,2669,0
2026-08-23 07:45:46.912972,6567,5397,1294,0
2026-08-23 07:45:46.912992,6611,5443,2291,0
2026-08-23 07:45:46.913012,6695,5529,3137,0
2026-08-23 07:45:46.913032,6620,5441,2496,0
2026-08-23 07:45:46.913052,6710,5515,2968,0
2026-08-23 07:45:46.913072,6610,5416,2144,0
2026-08-23 07:45:46.913092,6687,5446,2393,0
2026-08-23 07:45:46.913112,6606,5428,2185,0
2026-08-23 07:45:46.913132,6679,5461,2579,0
2026-08-23 07:45:46.913152,6796,5478,707,0
2026-08-23 07:45:46.913172,6594,5439,2287,0
2026-08-23 07:45:46.913192,6679,5481,2735,0
2026-08-23 07:45:46.913212,6605,5448,2323,0
2026-08-23 07:45:46.913232,6694,5466,2690,0
2026-08-23 07:45:46.913252,6570,5351,1073,0
2026-08-23 07:45:46.913272,6604,5439,2273,0
2026-08-23 07:45:46.913292,6516,5273,0,0
2026-08-23 07:45:46.913312,6604,5466,2587,0
2026-08-23 07:45:46.913332,6707,5502,3033,0
2026-08-23 07:45:46.913352,6609,5446,2302,0
2026-08-23 07:45:46.913372,6683,5469,2464,0
2026-08-23 07:45:46.913392,6574,5381,1320,0
2026-08-23 07:45:46.913412,6608,5484,2549,0
2026-08-23 07:45:46.913432,6721,5534,3823,0
2026-08-23 07:45:46.913452,6620,5466,2274,0
2026-08-23 07:45:46.913472,6683,5507,2806,0
2026-08-23 07:45:46.913492,6622,5486,2641,0
2026-08-23 07:45:46.913512,6703,5491,2740,0
2026-08-23 07:45:46.913532,6586,5432,1847,0
2026-08-23 07:45:46.913552,6638,5471,2298,0
2026-08-23 07:45:46.913572,6629,5391,0,0
2026-08-23 07:45:46.913592,6594,5431,2495,0
2026-08-23 07:45:46.913612,6710,5539,3151,0
2026-08-23 07:45:46.913632,6598,5427,2238,0
2026-08-23 07:45:46.913652,6682,5453,2490,0
2026-08-23 07:45:46.913672,6614,5470,2446,0
2026-08-23 07:45:46.913692,6698,5470,2618,0
2026-08-23 07:45:46.913712,6547,5291,0,0
2026-08-23 07:45:46.913732,6577,5435,2291,0
2026-08-23 07:45:46.913752,6691,5516,2845,0
2026-08-23 07:45:46.913772,6613,5460,2445,0
2026-08-23 07:45:46.913792,6703,5473,2769,0
2026-08-23 07:45:46.913812,6570,5385,1671,0
2026-08-23 07:45:46.913832,6624,5474,2312,0
2026-08-23 07:45:46.913852,6571,5374,855,0
2026-08-23 07:45:46.913872,6594,5458,2546,0
2026-08-23 07:45:46.913892,6716,5522,3180,0
2026-08-23 07:45:46.913912,6610,5469,2319,0
2026-08-23 07:45:46.913932,6690,5471,2499,0
2026-08-23 07:45:46.913952,6587,5416,1786,0
2026-08-23 07:45:46.913972,6636,5502,2589,0
2026-08-23 07:45:46.913992,6486,5188,0,0
2026-08-23 07:45:46.914012,6592,5415,2271,0
2026-08-23 07:45:46.914032,6697,5444,2896,0
2026-08-23 07:45:46.914052,6627,5412,2651,0
2026-08-23 07:45:46.914072,6714,5449,2790,0
2026-08-23 07:45:46.914092,6591,5423,2002,0
2026-08-23 07:45:46.914112,6666,5427,2347,0
2026-08-23 07:45:46.914132,6522,5174,0,0
2026-08-23 07:45:46.914152,6591,5410,2514,0
2026-08-23 07:45:46.914172,6705,5482,3145,0
2026-08-23 07:45:46.914192,6612,5385,2268,0
2026-08-23 07:45:46.914212,6682,5450,2524,0
2026-08-23 07:45:46.914232,6609,5442,2424,0
2026-08-23 07:45:46.914252,6692,5439,2578,0
2026-08-23 07:45:46.914272,6497,5262,0,0
2026-08-23 07:45:46.914292,6585,5454,2296,0
2026-08-23 07:45:46.914312,6692,5507,2861,0
2026-08-23 07:45:46.914332,6599,5438,2422,0
2026-08-23 07:45:46.914352,6695,5499,2769,0
2026-08-23 07:45:46.914372,6576,5394,1685,0
2026-08-23 07:45:46.914392,6629,5439,2310,0
2026-08-23 07:45:46.914412,6553,5376,874,0
2026-08-23 07:45:46.914432,6605,5502,2544,0
2026-08-23 07:45:46.914452,6699,5523,3451,0
2026-08-23 07:45:46.914472,6610,5465,2193,0
2026-08-23 07:45:46.914492,6688,5454,2511,0
2026-08-23 07:45:46.914512,6596,5388,1747,0
2026-08-23 07:45:46.914532,6633,5489,2575,0
2026-08-23 07:45:46.914552,6490,5181,0,0
2026-08-23 07:45:46.914572,6583,5431,2271,0
2026-08-23 07:45:46.914592,6688,5482,2911,0
2026-08-23 07:45:46.914612,6617,5457,2667,0
2026-08-23 07:45:46.914632,6753,5476,2812,0
2026-08-23 07:45:46.914652,6599,5395,2037,0
2026-08-23 07:45:46.914672,6642,5466,2289,0
2026-08-23 07:45:46.914692,6486,5179,0,0
2026-08-23 07:45:46.914712,6607,5399,2525,0
2026-08-23 07:45:46.914732,6719,5492,3174,0
2026-08-23 07:45:46.914752,6598,5428,2258,0
2026-08-23 07:45:46.914772,6680,5447,2520,0
2026-08-23 07:45:46.914792,6623,5428,2463,0
2026-08-23 07:45:46.914812,6691,5454,2608,0
2026-08-23 07:45:46.914832,6505,5295,0,0
2026-08-23 07:45:46.914852,6587,5441,2296,0
2026-08-23 07:45:46.914872,6682,5488,2871,0
2026-08-23 07:45:46.914892,6609,5481,2436,0
2026-08-23 07:45:46.914912,6691,5468,2761,0
2026-08-23 07:45:46.914932,6588,5383,1671,0
2026-08-23 07:45:46.914952,6612,5441,2258,0
2026-08-23 07:45:46.914972,6558,5347,853,0
2026-08-23 07:45:46.914992,6602,5500,2583,0
2026-08-23 07:45:46.915012,6713,5539,3179,0
2026-08-23 07:45:46.915032,6609,5433,2328,0
2026-08-23 07:45:46.915052,6683,5486,2521,0
2026-08-23 07:45:46.915072,6591,5395,1817,0
2026-08-23 07:45:46.915092,6642,5483,2589,0
2026-08-23 07:45:46.915112,6486,5203,0,0
2026-08-23 07:45:46.915132,6587,5402,2269,0
2026-08-23 07:45:46.915152,6693,5496,2926,0
2026-08-23 07:45:46.915172,6620,5434,2623,0
2026-08-23 07:45:46.915192,6699,5496,2825,0
2026-08-23 07:45:46.915212,6603,5397,2098,0
2026-08-23 07:45:46.915232,6668,5455,2335,0
2026-08-23 07:45:46.915252,6498,5247,0,0
2026-08-23 07:45:46.915272,6594,5463,2526,0
2026-08-23 07:45:46.915292,6715,5486,3223,0
2026-08-23 07:45:46.915312,6602,5450,2275,0
2026-08-23 07:45:46.915332,6685,5465,2532,0
2026-08-23 07:45:46.915352,6615,5446,2508,0
2026-08-23 07:45:46.915372,6694,5511,2611,0
2026-08-23 07:45:46.915392,6517,5326,109,0
2026-08-23 07:45:46.915412,6588,5476,2306,0
2026-08-23 07:45:46.915432,6695,5488,2934,0
2026-08-23 07:45:46.915452,6615,5479,2446,0
2026-08-23 07:45:46.915472,6699,5470,2817,0
2026-08-23 07:45:46.915492,6583,5429,1848,0
2026-08-23 07:45:46.915512,6635,5472,2326,0
2026-08-23 07:45:46.915532,6565,5376,1380,0
2026-08-23 07:45:46.915552,6617,5440,2583,0
2026-08-23 07:45:46.915572,6729,5526,3243,0
2026-08-23 07:45:46.915592,6610,5439,2323,0
2026-08-23 07:45:46.915612,6684,5478,2538,0
2026-08-23 07:45:46.915632,6592,5399,1861,0
2026-08-23 07:45:46.915652,6665,5488,2589,0
2026-08-23 07:45:46.915672,6484,5228,0,0
2026-08-23 07:45:46.915692,6587,5413,2270,0
2026-08-23 07:45:46.915712,6684,5501,2879,0
2026-08-23 07:45:46.915732,6620,5473,2662,0
2026-08-23 07:45:46.915752,6710,5463,2633,0
2026-08-23 07:45:46.915772,6596,5385,2244,0
2026-08-23 07:45:46.915792,6640,5457,2320,0
2026-08-23 07:45:46.915812,6695,5532,1442,0
2026-08-23 07:45:46.915832,6602,5428,2526,0
2026-08-23 07:45:46.915852,6706,5523,3092,0
2026-08-23 07:45:46.915872,6591,5431,2222,0
2026-08-23 07:45:46.915892,6675,5434,2446,0
2026-08-23 07:45:46.915912,6604,5432,2247,0
2026-08-23 07:45:46.915932,6679,5456,2602,0
2026-08-23 07:45:46.915952,6706,5569,2788,0
2026-08-23 07:45:46.915972,6604,5450,2346,0
2026-08-23 07:45:46.915992,6687,5487,2714,0
2026-08-23 07:45:46.916012,6608,5416,2278,0
2026-08-23 07:45:46.916032,6695,5456,2659,0
2026-08-23 07:45:46.916052,6543,5315,430,0
2026-08-23 07:45:46.916072,6588,5463,2290,0
2026-08-23 07:45:46.916092,6562,5256,0,0
2026-08-23 07:45:46.916112,6582,5455,2641,0
2026-08-23 07:45:46.916132,6706,5578,2908,0
2026-08-23 07:45:46.916152,6590,5452,2234,0
2026-08-23 07:45:46.916172,6672,5481,2368,0
2026-08-23 07:45:46.916192,6518,5279,0,0
2026-08-23 07:45:46.916212,6589,5492,2522,0
2026-08-23 07:45:46.916232,6717,5511,3297,0
2026-08-23 07:45:46.916252,6598,5479,2289,0
2026-08-23 07:45:46.916272,6681,5455,2585,0
2026-08-23 07:45:46.916292,6605,5432,2572,0
2026-08-23 07:45:46.916312,6697,5450,2622,0
2026-08-23 07:45:46.916332,6537,5330,225,0
2026-08-23 07:45:46.916352,6591,5463,2294,0
2026-08-23 07:45:46.916372,6734,5518,2928,0
2026-08-23 07:45:46.916392,6613,5445,2465,0
2026-08-23 07:45:46.916412,6698,5478,2825,0
2026-08-23 07:45:46.916432,6581,5408,1851,0
2026-08-23 07:45:46.916452,6630,5472,2329,0
2026-08-23 07:45:46.916472,6575,5401,1186,0
2026-08-23 07:45:46.916492,6611,5470,2595,0
2026-08-23 07:45:46.916512,6715,5513,3214,0
2026-08-23 07:45:46.916532,6619,5462,2339,0
2026-08-23 07:45:46.916552,6692,5493,2521,0
2026-08-23 07:45:46.916572,6589,5404,1747,0
2026-08-23 07:45:46.916592,6637,5462,2511,0
2026-08-23 07:45:46.916612,6544,5139,0,0
2026-08-23 07:45:46.916632,6703,5383,2274,0
2026-08-23 07:45:46.916652,6692,5402,2864,0
2026-08-23 07:45:46.916672,6614,5454,2652,0
2026-08-23 07:45:46.916692,6711,5439,2773,0
2026-08-23 07:45:46.916712,6591,5417,1895,0
2026-08-23 07:45:46.916732,6638,5430,2294,0
2026-08-23 07:45:46.916752,6608,5397,0,0
2026-08-23 07:45:46.916772,6592,5450,2520,0
2026-08-23 07:45:46.916792,6708,5483,3098,0
2026-08-23 07:45:46.916812,6596,5441,2227,0
2026-08-23 07:45:46.916832,6678,5439,2463,0
2026-08-23 07:45:46.916852,6598,5455,2330,0
2026-08-23 07:45:46.916872,6682,5461,2583,0
2026-08-23 07:45:46.916892,6536,5195,0,0
2026-08-23 07:45:46.916912,6573,5376,2300,0
2026-08-23 07:45:46.916932,6688,5470,2782,0
2026-08-23 07:45:46.916952,6604,5403,2376,0
2026-08-23 07:45:46.916972,6697,5440,2715,0
2026-08-23 07:45:46.916992,6567,5350,1328,0
2026-08-23 07:45:46.917012,6607,5427,2284,0
2026-08-23 07:45:46.917032,6526,5300,67,0
2026-08-23 07:45:46.917052,6595,5470,2581,0
2026-08-23 07:45:46.917072,6705,5541,3082,0
2026-08-23 07:45:46.917092,6604,5439,2321,0
2026-08-23 07:45:46.917112,6675,5499,2467,0
2026-08-23 07:45:46.917132,6570,5406,1363,0
2026-08-23 07:45:46.917152,6617,5471,2541,0
2026-08-23 07:45:46.917172,6717,5549,3554,0
2026-08-23 07:45:46.917192,6619,5441,2291,0
2026-08-23 07:45:46.917212,6695,5491,2765,0
2026-08-23 07:45:46.917232,6627,5453,2658,0
2026-08-23 07:45:46.917252,6706,5473,2684,0
2026-08-23 07:45:46.917272,6586,5412,1557,0
2026-08-23 07:45:46.917292,6615,5438,2299,0
2026-08-23 07:45:46.917312,6707,5538,3163,0
2026-08-23 07:45:46.917332,6618,5478,2512,0
2026-08-23 07:45:46.917352,6705,5468,2961,0
2026-08-23 07:45:46.917372,6603,5439,2142,0
2026-08-23 07:45:46.917392,6671,5431,2648,0
2026-08-23 07:45:46.917412,6591,5439,2030,0
2026-08-23 07:45:46.917432,6669,5488,2539,0
2026-08-23 07:45:46.917452,6719,5508,3408,0
2026-08-23 07:45:46.917472,6607,5485,2335,0
2026-08-23 07:45:46.917492,6691,5484,2674,0
2026-08-23 07:45:46.917512,6596,5450,2210,0
2026-08-23 07:45:46.917532,6683,5464,2644,0
2026-08-23 07:45:46.917552,6539,5315,349,0
2026-08-23 07:45:46.917572,6589,5453,2267,0
2026-08-23 07:45:46.917592,6548,5229,0,0
2026-08-23 07:45:46.917612,6592,5442,2610,0
2026-08-23 07:45:46.917632,6699,5454,2936,0
2026-08-23 07:45:46.917652,6598,5431,2237,0
2026-08-23 07:45:46.917672,6680,5434,2376,0
2026-08-23 07:45:46.917692,6592,5333,323,0
2026-08-23 07:45:46.917712,6606,5482,2526,0
2026-08-23 07:45:46.917732,6712,5461,3372,0
2026-08-23 07:45:46.917752,6597,5415,2269,0
2026-08-23 07:45:46.917772,6685,5471,2647,0
2026-08-23 07:45:46.917792,6603,5445,2743,0
2026-08-23 07:45:46.917812,6712,5497,2658,0
2026-08-23 07:45:46.917832,6558,5384,882,0
2026-08-23 07:45:46.917852,6603,5467,2290,0
2026-08-23 07:45:46.917872,6707,5523,3030,0
2026-08-23 07:45:46.917892,6611,5428,2486,0
2026-08-23 07:45:46.917912,6705,5467,2881,0
2026-08-23 07:45:46.917932,6588,5424,2003,0
2026-08-23 07:45:46.917952,6671,5429,2340,0
2026-08-23 07:45:46.917972,6586,5421,1679,0
2026-08-23 07:45:46.917992,6633,5455,2571,0
2026-08-23 07:45:46.918012,6722,5490,3306,0
2026-08-23 07:45:46.918032,6616,5417,2316,0
2026-08-23 07:45:46.918052,6682,5467,2615,0
2026-08-23 07:45:46.918072,6596,5416,2081,0
2026-08-23 07:45:46.918092,6672,5459,2614,0
2026-08-23 07:45:46.918112,6519,5360,0,0
2026-08-23 07:45:46.918132,6711,5438,2276,0
2026-08-23 07:45:46.918152,6691,5518,3004,0
2026-08-23 07:45:46.918172,6615,5502,2653,0
2026-08-23 07:45:46.918192,6724,5476,2863,0
2026-08-23 07:45:46.918212,6512,5423,2149,0
2026-08-23 07:45:46.918232,6673,5447,2326,0
2026-08-23 07:45:46.918252,6495,5258,0,0
2026-08-23 07:45:46.918272,6592,5447,2716,0
2026-08-23 07:45:46.918292,6708,5510,3248,0
2026-08-23 07:45:46.918312,6592,5441,2269,0
2026-08-23 07:45:46.918332,6686,5457,2549,0
2026-08-23 07:45:46.918352,6608,5472,2512,0
2026-08-23 07:45:46.918372,6705,5494,2614,0
2026-08-23 07:45:46.918392,6533,5289,65,0
2026-08-23 07:45:46.918412,6589,5465,2299,0
2026-08-23 07:45:46.918432,6684,5530,2941,0
2026-08-23 07:45:46.918452,6611,5473,2459,0
2026-08-23 07:45:46.918472,6691,5504,2823,0
2026-08-23 07:45:46.918492,6580,5428,1873,0
2026-08-23 07:45:46.918512,6625,5470,2324,0
2026-08-23 07:45:46.918532,6567,5379,1369,0
2026-08-23 07:45:46.918552,6619,5467,2584,0
2026-08-23 07:45:46.918572,6705,5539,3239,0
2026-08-23 07:45:46.918592,6614,5438,2330,0
2026-08-23 07:45:46.918612,6684,5491,2535,0
2026-08-23 07:45:46.918632,6596,5424,1827,0
2026-08-23 07:45:46.918652,6633,5443,2585,0
2026-08-23 07:45:46.918672,6490,5155,0,0
2026-08-23 07:45:46.918692,6580,5409,2269,0
2026-08-23 07:45:46.918712,6685,5431,2868,0
2026-08-23 07:45:46.918732,6612,5447,2651,0
2026-08-23 07:45:46.918752,6709,5446,2766,0
2026-08-23 07:45:46.918772,6592,5416,1908,0
2026-08-23 07:45:46.918792,6666,5458,2310,0
2026-08-23 07:45:46.918812,6712,5524,1197,0
2026-08-23 07:45:46.918832,6592,5445,2512,0
2026-08-23 07:45:46.918852,6703,5517,3099,0
2026-08-23 07:45:47.758379,6590,5432,2218,0
2026-08-23 07:45:47.758399,6668,5465,2439,0
2026-08-23 07:45:47.758419,6613,5416,2260,0
2026-08-23 07:45:47.758439,6679,5460,2598,0
2026-08-23 07:45:47.758459,6724,5541,3876,0
2026-08-23 07:45:47.758479,6616,5464,2333,0
2026-08-23 07:45:47.758499,6690,5491,2498,0
2026-08-23 07:45:47.758519,6602,5448,2250,0
2026-08-23 07:45:47.758539,6680,5482,2662,0
2026-08-23 07:45:47.758559,6528,5320,196,0
2026-08-23 07:45:47.758579,6579,5458,2266,0
2026-08-23 07:45:47.758599,6735,5387,149,0
2026-08-23 07:45:47.758619,6581,5461,2639,0
2026-08-23 07:45:47.758639,6705,5516,2888,0
2026-08-23 07:45:47.758659,6597,5455,2215,0
2026-08-23 07:45:47.758679,6667,5472,2352,0
2026-08-23 07:45:47.758699,6511,5275,0,0
2026-08-23 07:45:47.758719,6594,5454,2526,0
2026-08-23 07:45:47.758739,6708,5544,3305,0
2026-08-23 07:45:47.758759,6609,5423,2628,0
2026-08-23 07:45:47.758779,6681,5492,2614,0
2026-08-23 07:45:47.758799,6623,5449,2584,0
2026-08-23 07:45:47.758819,6701,5463,2619,0
2026-08-23 07:45:47.758839,6535,5351,376,0
2026-08-23 07:45:47.758859,6606,5446,2281,0
2026-08-23 07:45:47.758879,6694,5496,2960,0
2026-08-23 07:45:47.758899,6616,5440,2473,0
2026-08-23 07:45:47.758919,6708,5503,2847,0
2026-08-23 07:45:47.758939,6587,5399,1868,0
2026-08-23 07:45:47.758959,6626,5473,2333,0
2026-08-23 07:45:47.758979,6611,5360,1226,0
2026-08-23 07:45:47.758999,6606,5478,2578,0
2026-08-23 07:45:47.759019,6719,5495,3227,0
2026-08-23 07:45:47.759039,6609,5426,2334,0
2026-08-23 07:45:47.759059,6691,5451,2686,0
2026-08-23 07:45:47.759079,6588,5387,1808,0
2026-08-23 07:45:47.759099,6633,5477,2583,0
2026-08-23 07:45:47.759119,6482,5218,0,0
2026-08-23 07:45:47.759139,6587,5406,2267,0
2026-08-23 07:45:47.759159,6693,5467,2903,0
2026-08-23 07:45:47.759179,6620,5448,2641,0
2026-08-23 07:45:47.759199,6693,5445,2912,0
2026-08-23 07:45:47.759219,6587,5416,2017,0
2026-08-23 07:45:47.759239,6662,5462,2326,0
2026-08-23 07:45:47.759259,6473,5173,0,0
2026-08-23 07:45:47.759279,6585,5407,2507,0
2026-08-23 07:45:47.759299,6701,5501,3282,0
2026-08-23 07:45:47.759319,6598,5432,2242,0
2026-08-23 07:45:47.759339,6682,5431,2512,0
2026-08-23 07:45:47.759359,6611,5445,2484,0
2026-08-23 07:45:47.759379,6687,5486,2605,0
2026-08-23 07:45:47.759399,6511,5296,0,0
2026-08-23 07:45:47.759419,6588,5467,2300,0
2026-08-23 07:45:47.759439,6674,5478,2888,0
2026-08-23 07:45:47.759459,6608,5438,2420,0
2026-08-23 07:45:47.759479,6697,5482,2787,0
2026-08-23 07:45:47.759499,6569,5433,1779,0
2026-08-23 07:45:47.759519,6621,5442,2310,0
2026-08-23 07:45:47.759539,6564,5352,1125,0
2026-08-23 07:45:47.759559,6602,5504,2572,0
2026-08-23 07:45:47.759579,6699,5511,3223,0
2026-08-23 07:45:47.759599,6610,5460,2329,0
2026-08-23 07:45:47.759619,6680,5495,2541,0
2026-08-23 07:45:47.759639,6591,5440,1939,0
2026-08-23 07:45:47.759659,6641,5454,2591,0
2026-08-23 07:45:47.759679,6504,5249,0,0
2026-08-23 07:45:47.759699,6582,5459,2265,0
2026-08-23 07:45:47.759719,6686,5480,2977,0
2026-08-23 07:45:47.759739,6620,5460,2639,0
2026-08-23 07:45:47.759759,6708,5496,2836,0
2026-08-23 07:45:47.759779,6593,5445,2139,0
2026-08-23 07:45:47.759799,6668,5437,2334,0
2026-08-23 07:45:47.759819,6489,5265,0,0
2026-08-23 07:45:47.759839,6603,5479,2516,0
2026-08-23 07:45:47.759859,6708,5522,3234,0
2026-08-23 07:45:47.759879,6606,5458,2252,0
2026-08-23 07:45:47.759899,6632,5461,2532,0
2026-08-23 07:45:47.759919,6615,5435,2539,0
2026-08-23 07:45:47.759939,6698,5463,2614,0
2026-08-23 07:45:47.759959,6541,5319,47,0
2026-08-23 07:45:47.759979,6585,5437,2331,0
2026-08-23 07:45:47.759999,6685,5485,2943,0
2026-08-23 07:45:47.760019,6610,5454,2455,0
2026-08-23 07:45:47.760039,6635,5470,2797,0
2026-08-23 07:45:47.760059,6707,5428,1851,0
2026-08-23 07:45:47.760079,6641,5452,2214,0
2026-08-23 07:45:47.760099,6676,5398,1347,0
2026-08-23 07:45:47.760119,6618,5446,2573,0
2026-08-23 07:45:47.760139,6718,5531,3250,0
2026-08-23 07:45:47.760159,6600,5456,2346,0
2026-08-23 07:45:47.760179,6686,5456,2542,0
2026-08-23 07:45:47.760199,6590,5399,1948,0
2026-08-23 07:45:47.760219,6667,5462,2598,0
2026-08-23 07:45:47.760239,6494,5226,0,0
2026-08-23 07:45:47.760259,6576,5449,2268,0
2026-08-23 07:45:47.760279,6680,5508,3297,0
2026-08-23 07:45:47.760299,6621,5472,2623,0
2026-08-23 07:45:47.760319,6705,5451,2846,0
2026-08-23 07:45:47.760339,6601,5401,2167,0
2026-08-23 07:45:47.760359,6670,5430,2336,0
2026-08-23 07:45:47.760379,6504,5288,0,0
2026-08-23 07:45:47.760399,6588,5479,2507,0
2026-08-23 07:45:47.760419,6708,5532,3288,0
2026-08-23 07:45:47.760439,6599,5443,2259,0
2026-08-23 07:45:47.760459,6670,5459,2602,0
2026-08-23 07:45:47.760479,6615,5453,2571,0
2026-08-23 07:45:47.760499,6546,5450,2627,0
2026-08-23 07:45:47.760519,6557,5344,733,0
2026-08-23 07:45:47.760539,6577,5436,2275,0
2026-08-23 07:45:47.760559,6691,5523,3009,0
2026-08-23 07:45:47.760579,6605,5472,2482,0
2026-08-23 07:45:47.760599,6691,5505,2876,0
2026-08-23 07:45:47.760619,6597,5410,2013,0
2026-08-23 07:45:47.760639,6632,5475,2360,0
2026-08-23 07:45:47.760659,6592,5436,1809,0
2026-08-23 07:45:47.760679,6636,5491,2544,0
2026-08-23 07:45:47.760699,6747,5514,3353,0
2026-08-23 07:45:47.760719,6613,5468,2336,0
2026-08-23 07:45:47.760739,6684,5461,2636,0
2026-08-23 07:45:47.760759,6600,5450,2188,0
2026-08-23 07:45:47.760779,6674,5491,2632,0
2026-08-23 07:45:47.760799,6636,5303,395,0
2026-08-23 07:45:47.760819,6586,5434,2246,0
2026-08-23 07:45:47.760839,6502,5201,0,0
2026-08-23 07:45:47.760859,6594,5426,2598,0
2026-08-23 07:45:47.760879,6697,5462,2944,0
2026-08-23 07:45:47.760899,6611,5421,2294,0
2026-08-23 07:45:47.760919,6679,5473,2389,0
2026-08-23 07:45:47.760939,6551,5361,918,0
2026-08-23 07:45:47.760959,6609,5472,2528,0
2026-08-23 07:45:47.760979,6709,5543,3480,0
2026-08-23 07:45:47.760999,6607,5466,2261,0
2026-08-23 07:45:47.761019,6685,5463,2733,0
2026-08-23 07:45:47.761039,6615,5479,2646,0
2026-08-23 07:45:47.761059,6689,5495,2711,0
2026-08-23 07:45:47.761079,6570,5421,1694,0
2026-08-23 07:45:47.761099,6628,5416,2277,0
2026-08-23 07:45:47.761119,6699,5526,3228,0
2026-08-23 07:45:47.761139,6607,5464,2490,0
2026-08-23 07:45:47.761159,6702,5475,3045,0
2026-08-23 07:45:47.761179,6609,5445,2223,0
2026-08-23 07:45:47.761199,6766,5437,2457,0
2026-08-23 07:45:47.761219,6598,5429,2340,0
2026-08-23 07:45:47.761239,6697,5462,2585,0
2026-08-23 07:45:47.761259,6484,5247,0,0
2026-08-23 07:45:47.761279,6577,5419,2292,0
2026-08-23 07:45:47.761299,6695,5497,2796,0
2026-08-23 07:45:47.761319,6598,5457,2382,0
2026-08-23 07:45:47.761339,6693,5486,2724,0
2026-08-23 07:45:47.761359,6583,5361,1448,0
2026-08-23 07:45:47.761379,6613,5435,2277,0
2026-08-23 07:45:47.761399,6541,5317,416,0
2026-08-23 07:45:47.761419,6591,5467,2582,0
2026-08-23 07:45:47.761439,6707,5506,3099,0
2026-08-23 07:45:47.761459,6611,5450,2310,0
2026-08-23 07:45:47.761479,6682,5470,2476,0
2026-08-23 07:45:47.761499,6627,5389,1680,0
2026-08-23 07:45:47.761519,6618,5488,2544,0
2026-08-23 07:45:47.761539,6477,5200,0,0
2026-08-23 07:45:47.761559,6584,5373,2265,0
2026-08-23 07:45:47.761579,6692,5457,2918,0
2026-08-23 07:45:47.761599,6618,5436,2616,0
2026-08-23 07:45:47.761619,6705,5479,2817,0
2026-08-23 07:45:47.761639,6604,5427,2143,0
2026-08-23 07:45:47.761659,6670,5404,2317,0
2026-08-23 07:45:47.761679,6498,5237,0,0
2026-08-23 07:45:47.761699,6590,5444,2498,0
2026-08-23 07:45:47.761719,6706,5505,3268,0
2026-08-23 07:45:47.761739,6596,5412,2255,0
2026-08-23 07:45:47.761759,6680,5447,2600,0
2026-08-23 07:45:47.761779,6617,5445,2583,0
2026-08-23 07:45:47.761799,6696,5455,2632,0
2026-08-23 07:45:47.761819,6555,5339,942,0
2026-08-23 07:45:47.761839,6590,5467,2279,0
2026-08-23 07:45:47.761859,6687,5518,3012,0
2026-08-23 07:45:47.761879,6613,5440,2474,0
2026-08-23 07:45:47.761899,6702,5527,2923,0
2026-08-23 07:45:47.761919,6594,5437,2102,0
2026-08-23 07:45:47.761939,6669,5472,2382,0
2026-08-23 07:45:47.761959,6595,5409,2030,0
2026-08-23 07:45:47.761979,6637,5458,2574,0
2026-08-23 07:45:47.761999,6710,5550,3199,0
2026-08-23 07:45:47.762019,6606,5431,2318,0
2026-08-23 07:45:47.762039,6693,5504,2708,0
2026-08-23 07:45:47.762059,6613,5464,2319,0
2026-08-23 07:45:47.762079,6688,5460,2679,0
2026-08-23 07:45:47.762099,6565,5361,1218,0
2026-08-23 07:45:47.762119,6594,5465,2299,0
2026-08-23 07:45:47.762139,6522,5286,0,0
2026-08-23 07:45:47.762159,6580,5513,2597,0
2026-08-23 07:45:47.762179,6707,5503,3038,0
2026-08-23 07:45:47.762199,6609,5447,2323,0
2026-08-23 07:45:47.762219,6676,5479,2439,0
2026-08-23 07:45:47.762239,6564,5341,1147,0
2026-08-23 07:45:47.762259,6609,5449,2531,0
2026-08-23 07:45:47.762279,6715,5518,3302,0
2026-08-23 07:45:47.762299,6608,5412,2245,0
2026-08-23 07:45:47.762319,6683,5501,2777,0
2026-08-23 07:45:47.762339,6618,5446,2633,0
2026-08-23 07:45:47.762359,6703,5494,2715,0
2026-08-23 07:45:47.762379,6587,5417,1839,0
2026-08-23 07:45:47.762399,6634,5434,2297,0
2026-08-23 07:45:47.762419,6604,5343,0,0
2026-08-23 07:45:47.762439,6594,5463,2482,0
2026-08-23 07:45:47.762459,6675,5478,3138,0
2026-08-23 07:45:47.762479,6603,5403,2210,0
2026-08-23 07:45:47.762499,6672,5465,2470,0
2026-08-23 07:45:47.762519,6604,5424,2430,0
2026-08-23 07:45:47.762539,6687,5482,2586,0
2026-08-23 07:45:47.762559,6496,5272,0,0
2026-08-23 07:45:47.762579,6584,5420,2271,0
2026-08-23 07:45:47.762599,6681,5503,2853,0
2026-08-23 07:45:47.762619,6614,5432,2431,0
2026-08-23 07:45:47.762639,6698,5465,2736,0
2026-08-23 07:45:47.762659,6577,5387,1718,0
2026-08-23 07:45:47.762679,6627,5442,2303,0
2026-08-23 07:45:47.762699,6550,5368,1139,0
2026-08-23 07:45:47.762719,6602,5500,2493,0
2026-08-23 07:45:47.762739,6712,5518,3235,0
2026-08-23 07:45:47.762759,6611,5453,2303,0
2026-08-23 07:45:47.762779,6688,5467,2542,0
2026-08-23 07:45:47.762799,6593,5403,2012,0
2026-08-23 07:45:47.762819,6672,5447,2602,0
2026-08-23 07:45:47.762839,6509,5297,0,0
2026-08-23 07:45:47.762859,6590,5411,2243,0
2026-08-23 07:45:47.762879,6615,5470,713,0
2026-08-23 07:45:47.762899,6595,5486,2610,0
2026-08-23 07:45:47.762919,6714,5476,2887,0
2026-08-23 07:45:47.762939,6598,5408,2247,0
2026-08-23 07:45:47.762959,6670,5475,2355,0
2026-08-23 07:45:47.762979,6539,5325,454,0
2026-08-23 07:45:47.762999,6596,5463,2524,0
2026-08-23 07:45:47.763019,6711,5529,3415,0
2026-08-23 07:45:47.763039,6605,5451,2256,0
2026-08-23 07:45:47.763059,6673,5463,2672,0
2026-08-23 07:45:47.763079,6613,5484,2627,0
2026-08-23 07:45:47.763099,6695,5502,2673,0
2026-08-23 07:45:47.763119,6579,5416,1474,0
2026-08-23 07:45:47.763139,6613,5446,2284,0
2026-08-23 07:45:47.763159,6699,5541,3166,0
2026-08-23 07:45:47.763179,6600,5474,2504,0
2026-08-23 07:45:47.763199,6701,5535,3005,0
2026-08-23 07:45:47.763219,6604,5429,2182,0
2026-08-23 07:45:47.763239,6637,5442,2430,0
2026-08-23 07:45:47.763259,6602,5461,2274,0
2026-08-23 07:45:47.763279,6677,5475,2542,0
2026-08-23 07:45:47.763299,6490,5182,0,0
2026-08-23 07:45:47.763319,6585,5403,2286,0
2026-08-23 07:45:47.763339,6687,5441,2776,0
2026-08-23 07:45:47.763359,6593,5414,2377,0
2026-08-23 07:45:47.763379,6682,5458,2717,0
2026-08-23 07:45:47.763399,6579,5367,1498,0
2026-08-23 07:45:47.763419,6618,5433,2290,0
2026-08-23 07:45:47.763439,6553,5337,714,0
2026-08-23 07:45:47.763459,6603,5457,2541,0
2026-08-23 07:45:47.763479,6706,5530,3171,0
2026-08-23 07:45:47.763499,6606,5460,2316,0
2026-08-23 07:45:47.763519,6685,5491,2533,0
2026-08-23 07:45:47.763539,6596,5434,1939,0
2026-08-23 07:45:47.763559,6641,5453,2587,0
2026-08-23 07:45:47.763579,6513,5269,0,0
2026-08-23 07:45:47.763599,6579,5466,2251,0
2026-08-23 07:45:47.763619,6583,5347,0,0
2026-08-23 07:45:47.763639,6581,5494,2594,0
2026-08-23 07:45:47.763659,6702,5486,2912,0
2026-08-23 07:45:47.763679,6602,5466,2251,0
2026-08-23 07:45:47.763699,6674,5483,2363,0
2026-08-23 07:45:47.763719,6550,5371,716,0
2026-08-23 07:45:47.763739,6598,5487,2502,0
2026-08-23 07:45:47.763759,6701,5514,3464,0
2026-08-23 07:45:47.763779,6601,5424,2244,0
2026-08-23 07:45:47.763799,6677,5506,2757,0
2026-08-23 07:45:47.763819,6611,5484,2637,0
2026-08-23 07:45:47.763839,6698,5497,2721,0
2026-08-23 07:45:47.763859,6591,5396,1879,0
2026-08-23 07:45:47.763879,6637,5433,2284,0
2026-08-23 07:45:47.763899,6557,5202,0,0
2026-08-23 07:45:47.763919,6582,5395,2467,0
2026-08-23 07:45:47.763939,6706,5456,3135,0
2026-08-23 07:45:47.763959,6603,5414,2240,0
2026-08-23 07:45:47.763979,6680,5456,2515,0
2026-08-23 07:45:47.763999,6611,5428,2526,0
2026-08-23 07:45:47.764019,6691,5466,2595,0
2026-08-23 07:45:47.764039,6542,5353,535,0
2026-08-23 07:45:47.764059,6585,5469,2272,0
2026-08-23 07:45:47.764079,6688,5508,3013,0
2026-08-23 07:45:47.764099,6622,5463,2463,0
2026-08-23 07:45:47.764119,6700,5470,2889,0
2026-08-23 07:45:47.764139,6593,5402,2100,0
2026-08-23 07:45:47.764159,6639,5472,2382,0
2026-08-23 07:45:47.764179,6592,5406,2087,0
2026-08-23 07:45:47.764199,6675,5451,2540,0
2026-08-23 07:45:47.764219,6700,5580,3203,0
2026-08-23 07:45:47.764239,6608,5442,2247,0
2026-08-23 07:45:47.764259,6684,5489,2728,0
2026-08-23 07:45:47.764279,6602,5455,2326,0
2026-08-23 07:45:47.764299,6682,5459,2680,0
2026-08-23 07:45:47.764319,6562,5388,1307,0
2026-08-23 07:45:47.764339,6611,5461,2267,0
2026-08-23 07:45:47.764359,6542,5324,445,0
2026-08-23 07:45:47.764379,6591,5488,2546,0
2026-08-23 07:45:47.764399,6711,5499,3141,0
2026-08-23 07:45:47.764419,6603,5471,2315,0
2026-08-23 07:45:47.764439,6676,5465,2513,0
2026-08-23 07:45:47.764459,6588,5382,1899,0
2026-08-23 07:45:47.764479,6641,5494,2579,0
2026-08-23 07:45:47.764499,6510,5295,0,0
2026-08-23 07:45:47.764519,6577,5444,2248,0
2026-08-23 07:45:47.764539,6583,5335,0,0
2026-08-23 07:45:47.764559,6586,5490,2593,0
2026-08-23 07:45:47.764579,6697,5513,2907,0
2026-08-23 07:45:47.764599,6599,5412,2252,0
2026-08-23 07:45:47.764619,6666,5486,2380,0
2026-08-23 07:45:47.764639,6554,5333,797,0
2026-08-23 07:45:47.764659,6555,5484,2518,0
2026-08-23 07:45:47.764679,6702,5519,3479,0
2026-08-23 07:45:47.764699,6596,5433,2242,0
2026-08-23 07:45:47.764719,6670,5510,2756,0
2026-08-23 07:45:47.764739,6619,5458,2615,0
2026-08-23 07:45:47.764759,6709,5513,2722,0
2026-08-23 07:45:47.764779,6591,5409,1904,0
2026-08-23 07:45:47.764799,6634,5447,2296,0
2026-08-23 07:45:47.764819,6516,5183,0,0
2026-08-23 07:45:47.764839,6590,5408,2496,0
2026-08-23 07:45:47.764859,6694,5497,3169,0
2026-08-23 07:45:47.764879,6601,5447,2173,0
2026-08-23 07:45:47.764899,6679,5454,2507,0
2026-08-23 07:45:47.764919,6605,5451,2517,0
2026-08-23 07:45:47.764939,6688,5475,2593,0
2026-08-23 07:45:47.764959,6547,5330,321,0
2026-08-23 07:45:47.764979,6586,5436,2254,0
2026-08-23 07:45:47.764999,6691,5518,2984,0
2026-08-23 07:45:47.765019,6611,5435,2455,0
2026-08-23 07:45:47.765039,6694,5470,2857,0
2026-08-23 07:45:47.765059,6584,5432,2015,0
2026-08-23 07:45:47.765079,6625,5441,2350,0
2026-08-23 07:45:47.765099,6575,5408,1898,0
2026-08-23 07:45:47.765119,6633,5455,2867,0
2026-08-23 07:45:47.765139,6724,5517,3423,0
2026-08-23 07:45:47.765159,6612,5477,2299,0
2026-08-23 07:45:47.765179,6673,5471,2709,0
2026-08-23 07:45:47.765199,6597,5421,2286,0
2026-08-23 07:45:47.765219,6682,5499,2679,0
2026-08-23 07:45:47.765239,6561,5367,1154,0
2026-08-23 07:45:47.765259,6601,5438,2266,0
2026-08-23 07:45:47.765279,6541,5301,132,0
2026-08-23 07:45:47.765299,6591,5495,2534,0
2026-08-23 07:45:47.765319,6708,5477,3109,0
2026-08-23 07:45:47.765339,6603,5449,2296,0
2026-08-23 07:45:47.765359,6682,5446,2489,0
2026-08-23 07:45:47.765379,6581,5396,1766,0
2026-08-23 07:45:47.765399,6633,5459,2538,0
2026-08-23 07:45:47.765419,6486,5244,0,0
2026-08-23 07:45:47.765439,6590,5420,2243,0
2026-08-23 07:45:47.765459,6699,5513,2968,0
2026-08-23 07:45:47.765479,6615,5453,2593,0
2026-08-23 07:45:47.765499,6705,5504,2869,0
2026-08-23 07:45:47.765519,6599,5419,2210,0
2026-08-23 07:45:47.765539,6678,5474,2358,0
2026-08-23 07:45:47.765559,6535,5307,433,0
2026-08-23 07:45:47.765579,6582,5456,2495,0
2026-08-23 07:45:47.765599,6710,5512,3409,0
2026-08-23 07:45:47.765619,6613,5446,2253,0
2026-08-23 07:45:47.765639,6683,5495,2698,0
2026-08-23 07:45:47.765659,6619,5464,2625,0
2026-08-23 07:45:47.765679,6695,5494,2660,0
2026-08-23 07:45:47.765699,6572,5425,1718,0
2026-08-23 07:45:47.765719,6628,5445,2281,0
2026-08-23 07:45:47.765739,6697,5532,3242,0
2026-08-23 07:45:47.765759,6618,5438,2490,0
2026-08-23 07:45:47.765779,6706,5519,3096,0
2026-08-23 07:45:47.765799,6589,5416,2187,0
2026-08-23 07:45:47.765819,6679,5445,2473,0
2026-08-23 07:45:47.765839,6613,5467,2420,0
2026-08-23 07:45:47.765859,6692,5457,2517,0
2026-08-23 07:45:47.765879,6505,5266,0,0
2026-08-23 07:45:47.765899,6583,5485,2294,0
2026-08-23 07:45:47.765919,6691,5484,2887,0
2026-08-23 07:45:47.765939,6607,5472,2443,0
2026-08-23 07:45:47.765959,6708,5471,2808,0
2026-08-23 07:45:47.765979,6585,5396,1907,0
2026-08-23 07:45:47.765999,6631,5455,2322,0
2026-08-23 07:45:47.766019,6577,5411,1648,0
2026-08-23 07:45:47.766039,6620,5491,2577,0
2026-08-23 07:45:47.766059,6709,5540,3314,0
2026-08-23 07:45:47.766079,6608,5412,2294,0
2026-08-23 07:45:47.766099,6696,5483,2626,0
2026-08-23 07:45:47.766119,6593,5448,2172,0
2026-08-23 07:45:47.766139,6669,5481,2625,0
2026-08-23 07:45:47.766159,6541,5340,493,0
2026-08-23 07:45:47.766179,6588,5461,2235,0
2026-08-23 07:45:47.766199,6491,5235,0,0
2026-08-23 07:45:47.766219,6590,5440,2572,0
2026-08-23 07:45:47.766239,6708,5475,2998,0
2026-08-23 07:45:47.766259,6609,5424,2271,0
2026-08-23 07:45:47.766279,6669,5439,2409,0
2026-08-23 07:45:47.766299,6584,5344,1331,0
2026-08-23 07:45:47.766319,6606,5484,2507,0
2026-08-23 07:45:47.766339,6592,5298,0,0
2026-08-23 07:45:47.766359,6584,5423,2235,0
2026-08-23 07:45:47.766379,6671,5475,2855,0
2026-08-23 07:45:47.766399,6605,5454,2633,0
2026-08-23 07:45:47.766419,6706,5501,2766,0
2026-08-23 07:45:47.766439,6580,5419,2027,0
2026-08-23 07:45:47.766459,6639,5477,2304,0
2026-08-23 07:45:47.766479,6477,5208,0,0
2026-08-23 07:45:47.766499,6583,5441,2455,0
2026-08-23 07:45:47.766519,6697,5504,3193,0
2026-08-23 07:45:47.766539,6599,5433,2259,0
2026-08-23 07:45:47.766559,6672,5456,2527,0
2026-08-23 07:45:47.766579,6599,5451,2506,0
2026-08-23 07:45:47.766599,6690,5503,2645,0
2026-08-23 07:45:47.766619,6546,5325,598,0
2026-08-23 07:45:47.766639,6585,5443,2259,0
2026-08-23 07:45:47.766659,6680,5514,2996,0
2026-08-23 07:45:47.766679,6608,5415,2460,0
2026-08-23 07:45:47.766699,6694,5486,2871,0
2026-08-23 07:45:47.766719,6598,5374,2081,0
2026-08-23 07:45:47.766739,6664,5427,2313,0
2026-08-23 07:45:47.766759,6591,5442,1944,0
2026-08-23 07:45:47.766779,6638,5501,2532,0
2026-08-23 07:45:47.766799,6713,5544,3391,0
2026-08-23 07:45:47.766819,6604,5433,2244,0
2026-08-23 07:45:47.766839,6681,5496,2688,0
2026-08-23 07:45:47.766859,6589,5464,2288,0
2026-08-23 07:45:47.766879,6682,5483,2664,0
2026-08-23 07:45:47.766899,6545,5345,998,0
2026-08-23 07:45:47.766919,6594,5438,2263,0
2026-08-23 07:45:47.766939,6507,5307,0,0
2026-08-23 07:45:47.766959,6577,5492,2582,0
2026-08-23 07:45:47.766979,6696,5532,3031,0
2026-08-23 07:45:47.766999,6697,5440,2295,0
2026-08-23 07:45:47.767019,6680,5449,2441,0
2026-08-23 07:45:47.767039,6579,5375,1470,0
2026-08-23 07:45:47.767059,6609,5493,2522,0
2026-08-23 07:45:47.767079,6577,5199,0,0
2026-08-23 07:45:47.767099,6578,5371,2146,0
2026-08-23 07:45:47.767119,6681,5466,2871,0
2026-08-23 07:45:47.767139,6621,5444,2625,0
2026-08-23 07:45:47.767159,6702,5476,2774,0
2026-08-23 07:45:47.767179,6586,5386,2075,0
2026-08-23 07:45:47.767199,6665,5432,2308,0
2026-08-23 07:45:47.767219,6489,5253,0,0
2026-08-23 07:45:47.767239,6581,5461,2480,0
2026-08-23 07:45:47.767259,6705,5482,3232,0
2026-08-23 07:45:47.767279,6606,5440,2246,0
2026-08-23 07:45:47.767299,6674,5471,2580,0
2026-08-23 07:45:47.767319,6620,5427,2534,0
2026-08-23 07:45:47.767339,6706,5481,2614,0
2026-08-23 07:45:47.767359,6548,5357,886,0
2026-08-23 07:45:47.767379,6590,5429,2271,0
2026-08-23 07:45:47.767399,6700,5527,3086,0
2026-08-23 07:45:47.767419,6593,5466,2457,0
2026-08-23 07:45:47.767439,6702,5462,2929,0
2026-08-23 07:45:47.767459,6593,5402,2101,0
2026-08-23 07:45:47.767479,6666,5433,2393,0
2026-08-23 07:45:47.767499,6594,5441,2143,0
2026-08-23 07:45:47.767519,6667,5443,2531,0
2026-08-23 07:45:47.767539,6608,5309,0,0
2026-08-23 07:45:47.767559,6584,5455,2296,0
2026-08-23 07:45:47.767579,6682,5482,2737,0
2026-08-23 07:45:47.767599,6566,5439,2347,0
2026-08-23 07:45:47.767619,6682,5434,2703,0
2026-08-23 07:45:47.767639,6558,5347,1370,0
2026-08-23 07:45:47.767659,6603,5451,2269,0
2026-08-23 07:45:47.767679,6546,5304,537,0
2026-08-23 07:45:47.767699,6593,5468,2537,0
2026-08-23 07:45:47.767719,6702,5501,3141,0
2026-08-23 07:45:47.767739,6614,5454,2314,0
2026-08-23 07:45:47.767759,6681,5436,2508,0
2026-08-23 07:45:47.767779,6572,5394,1860,0
2026-08-23 07:45:47.767799,6628,5454,2571,0
2026-08-23 07:45:47.767819,6486,5257,0,0
2026-08-23 07:45:47.767839,6580,5435,2253,0
2026-08-23 07:45:47.767859,6686,5524,2992,0
2026-08-23 07:45:47.767879,6614,5460,2603,0
2026-08-23 07:45:47.767899,6700,5482,2875,0
2026-08-23 07:45:47.767919,6589,5459,2247,0
2026-08-23 07:45:47.767939,6666,5495,2357,0
2026-08-23 07:45:47.767959,6535,5361,606,0
2026-08-23 07:45:47.767979,6593,5488,2501,0
2026-08-23 07:45:47.767999,6711,5515,3445,0
2026-08-23 07:45:47.768019,6593,5456,2252,0
2026-08-23 07:45:47.768039,6694,5504,2760,0
2026-08-23 07:45:47.768059,6620,5469,2597,0
2026-08-23 07:45:47.768079,6714,5502,2716,0
2026-08-23 07:45:47.768099,6596,5416,1870,0
2026-08-23 07:45:47.768119,6633,5456,2289,0
2026-08-23 07:45:47.768139,6475,5210,0,0
2026-08-23 07:45:47.768159,6587,5414,2466,0
2026-08-23 07:45:47.768179,6702,5459,3203,0
2026-08-23 07:45:47.768199,6600,5430,2218,0
2026-08-23 07:45:47.768219,6676,5462,2540,0
2026-08-23 07:45:47.768239,6605,5452,2545,0
2026-08-23 07:45:47.768259,6684,5451,2611,0
2026-08-23 07:45:47.768279,6547,5368,877,0
2026-08-23 07:45:47.768299,6593,5485,2285,0
2026-08-23 07:45:47.768319,6694,5490,3024,0
2026-08-23 07:45:47.768339,6610,5473,2468,0
2026-08-23 07:45:47.768359,6692,5509,2908,0
2026-08-23 07:45:47.768379,6464,5409,2101,0
2026-08-23 07:45:47.768399,6665,5471,2350,0
2026-08-23 07:45:47.768419,6600,5415,2128,0
2026-08-23 07:45:47.768439,6669,5485,2536,0
2026-08-23 07:45:47.768459,6557,5104,0,0
2026-08-23 07:45:47.768479,6586,5379,2277,0
2026-08-23 07:45:47.768499,6681,5436,2737,0
2026-08-23 07:45:47.768519,6605,5376,2372,0
2026-08-23 07:45:47.768539,6691,5423,2738,0
2026-08-23 07:45:47.768559,6577,5355,1705,0
2026-08-23 07:45:47.768579,6616,5448,2293,0
2026-08-23 07:45:47.768599,6555,5371,1191,0
2026-08-23 07:45:47.768619,6601,5469,2544,0
2026-08-23 07:45:47.768639,6711,5510,3230,0
2026-08-23 07:45:47.768659,6596,5450,2309,0
2026-08-23 07:45:47.768679,6674,5479,2575,0
2026-08-23 07:45:47.768699,6595,5406,2074,0
2026-08-23 07:45:47.768719,6679,5478,2601,0
2026-08-23 07:45:47.768739,6527,5275,176,0
2026-08-23 07:45:47.768759,6591,5414,2235,0
2026-08-23 07:45:47.768779,6477,5193,0,0
2026-08-23 07:45:47.768799,6595,5419,2582,0
2026-08-23 07:45:47.768819,6700,5502,2969,0
2026-08-23 07:45:47.768839,6594,5408,2272,0
2026-08-23 07:45:47.768859,6673,5471,2404,0
2026-08-23 07:45:47.768879,6566,5345,1221,0
2026-08-23 07:45:47.768899,6596,5479,2525,0
2026-08-23 07:45:47.768919,6743,5531,1238,0
2026-08-23 07:45:47.768939,6589,5434,2240,0
2026-08-23 07:45:47.768959,6684,5432,2817,0
2026-08-23 07:45:47.768979,6611,5465,2603,0
2026-08-23 07:45:47.768999,6703,5457,2755,0
2026-08-23 07:45:47.769019,6587,5428,2003,0
2026-08-23 07:45:47.769039,6637,5454,2304,0
2026-08-23 07:45:47.769059,6472,5221,0,0
2026-08-23 07:45:47.769079,6581,5413,2482,0
2026-08-23 07:45:47.769099,6699,5460,3202,0
2026-08-23 07:45:47.769119,6609,5433,2256,0
2026-08-23 07:45:47.769139,6678,5433,2543,0
2026-08-23 07:45:47.769159,6608,5467,2535,0
2026-08-23 07:45:47.769179,6693,5480,2614,0
2026-08-23 07:45:47.769199,6557,5332,840,0
2026-08-23 07:45:47.769219,6592,5423,2272,0
2026-08-23 07:45:47.769239,6686,5476,3045,0
2026-08-23 07:45:47.769259,6614,5462,2450,0
2026-08-23 07:45:47.769279,6699,5474,2852,0
2026-08-23 07:45:47.769299,6597,5428,2108,0
2026-08-23 07:45:47.769319,6666,5424,2375,0
2026-08-23 07:45:47.769339,6586,5402,2090,0
2026-08-23 07:45:47.769359,6672,5464,2530,0
2026-08-23 07:45:47.769379,6575,5252,0,0
2026-08-23 07:45:47.769399,6589,5442,2283,0
2026-08-23 07:45:47.769419,6679,5492,2742,0
2026-08-23 07:45:47.769439,6600,5459,2366,0
2026-08-23 07:45:47.769459,6685,5454,2748,0
2026-08-23 07:45:47.769479,6578,5372,1611,0
2026-08-23 07:45:47.769499,6620,5433,2274,0
2026-08-23 07:45:47.769519,6553,5375,894,0
2026-08-23 07:45:47.769539,6607,5484,2543,0
2026-08-23 07:45:47.769559,6698,5528,3187,0
2026-08-23 07:45:47.769579,6604,5429,2314,0
2026-08-23 07:45:47.769599,6677,5486,2535,0
2026-08-23 07:45:47.769619,6588,5422,1927,0
2026-08-23 07:45:47.769639,6634,5494,2571,0
2026-08-23 07:45:47.769659,6493,5303,0,0
2026-08-23 07:45:47.769679,6578,5432,2252,0
2026-08-23 07:45:47.769699,6687,5512,1111,0
2026-08-23 07:45:47.769719,6591,5441,2592,0
2026-08-23 07:45:47.769739,6691,5502,2901,0
2026-08-23 07:45:47.769759,6595,5448,2248,0
2026-08-23 07:45:47.769779,6673,5468,2375,0
2026-08-23 07:45:47.769799,6542,5315,642,0
2026-08-23 07:45:47.769819,6597,5453,2511,0
2026-08-23 07:45:47.769839,6709,5539,3435,0
2026-08-23 07:45:47.769859,6607,5446,2258,0
2026-08-23 07:45:47.769879,6673,5490,2710,0
2026-08-23 07:45:47.769899,6611,5441,2641,0
2026-08-23 07:45:47.769919,6705,5490,2678,0
2026-08-23 07:45:47.769939,6562,5368,1362,0
2026-08-23 07:45:47.769959,6604,5441,2272,0
2026-08-23 07:45:47.769979,6693,5505,3120,0
2026-08-23 07:45:47.769999,6543,5480,2488,0
2026-08-23 07:45:47.770019,6701,5512,2942,0
2026-08-23 07:45:47.770039,6607,5404,2135,0
2026-08-23 07:45:47.770059,6642,5470,2378,0
2026-08-23 07:45:47.770079,6597,5394,2061,0
2026-08-23 07:45:47.770099,6673,5483,2530,0
2026-08-23 07:45:47.770119,6711,5537,3682,0
2026-08-23 07:45:47.770139,6611,5432,2297,0
2026-08-23 07:45:47.770159,6680,5494,2694,0
2026-08-23 07:45:47.770179,6610,5420,2303,0
2026-08-23 07:45:47.770199,6684,5464,2682,0
2026-08-23 07:45:47.770219,6556,5353,1134,0
2026-08-23 07:45:47.770239,6594,5476,2265,0
2026-08-23 07:45:47.770259,6521,5318,0,0
2026-08-23 07:45:47.770279,6596,5460,2544,0
2026-08-23 07:45:47.770299,6704,5501,3025,0
2026-08-23 07:45:47.770319,6603,5443,2307,0
2026-08-23 07:45:47.770339,6685,5455,2436,0
2026-08-23 07:45:47.770359,6494,5403,1299,0
2026-08-23 07:45:47.770379,6502,5491,2522,0
2026-08-23 07:45:47.770399,6713,5575,3830,0
2026-08-23 07:45:47.770419,6607,5409,2240,0
2026-08-23 07:45:47.770439,6688,5492,2809,0
2026-08-23 07:45:47.770459,6618,5443,2622,0
2026-08-23 07:45:47.770479,6700,5497,2750,0
2026-08-23 07:45:47.770499,6582,5435,1984,0
2026-08-23 07:45:47.770519,6640,5438,2302,0
2026-08-23 07:45:47.770539,6481,5233,0,0
2026-08-23 07:45:47.770559,6589,5419,2493,0
2026-08-23 07:45:47.770579,6708,5484,3213,0
2026-08-23 07:45:47.770599,6599,5436,2252,0
2026-08-23 07:45:47.770619,6673,5448,2747,0
2026-08-23 07:45:47.770639,6600,5462,2525,0
2026-08-23 07:45:47.770659,6691,5480,2611,0
2026-08-23 07:45:47.770679,6539,5302,362,0
2026-08-23 07:45:47.770699,6601,5470,2272,0
2026-08-23 07:45:47.770719,6678,5482,2964,0
2026-08-23 07:45:47.770739,6592,5437,2454,0
2026-08-23 07:45:47.770759,6681,5470,2830,0
2026-08-23 07:45:47.770779,6598,5401,1973,0
2026-08-23 07:45:47.770799,6632,5471,2326,0
2026-08-23 07:45:47.770819,6580,5392,1705,0
2026-08-23 07:45:47.770839,6628,5492,2571,0
2026-08-23 07:45:47.770859,6706,5538,3413,0
2026-08-23 07:45:47.770879,6606,5423,2306,0
2026-08-23 07:45:47.770899,6681,5463,2624,0
2026-08-23 07:45:47.770919,6596,5449,2166,0
2026-08-23 07:45:47.770939,6671,5462,2625,0
2026-08-23 07:45:47.770959,6530,5340,403,0
2026-08-23 07:45:47.770979,6578,5462,2259,0
2026-08-23 07:45:47.770999,6525,5217,0,0
2026-08-23 07:45:47.771019,6587,5451,2605,0
2026-08-23 07:45:47.771039,6703,5484,2928,0
2026-08-23 07:45:47.771059,6604,5400,2283,0
2026-08-23 07:45:47.771079,6671,5443,2362,0
2026-08-23 07:45:47.771099,6541,5342,631,0
2026-08-23 07:45:47.771119,6588,5441,2491,0
2026-08-23 07:45:47.771139,6706,5502,3418,0
2026-08-23 07:45:47.771159,6609,5421,2256,0
2026-08-23 07:45:47.771179,6688,5456,2692,0
2026-08-23 07:45:47.771199,6598,5456,2622,0
2026-08-23 07:45:47.771219,6699,5495,2677,0
2026-08-23 07:45:47.771239,6570,5406,1574,0
2026-08-23 07:45:47.771259,6614,5470,2278,0
2026-08-23 07:45:47.771279,6697,5501,3210,0
2026-08-23 07:45:47.771299,6611,5447,2477,0
2026-08-23 07:45:47.771319,6703,5515,3000,0
2026-08-23 07:45:47.771339,6587,5414,2183,0
2026-08-23 07:45:47.771359,6669,5474,2447,0
2026-08-23 07:45:47.771379,6602,5432,2334,0
2026-08-23 07:45:47.771399,6680,5441,2589,0
2026-08-23 07:45:47.771419,6496,5223,0,0
2026-08-23 07:45:47.771439,6586,5433,2285,0
2026-08-23 07:45:47.771459,6680,5497,2823,0
2026-08-23 07:45:47.771479,6597,5450,2404,0
2026-08-23 07:45:47.771499,6679,5483,2739,0
2026-08-23 07:45:47.771519,6566,5386,1607,0
2026-08-23 07:45:47.771539,6612,5452,2287,0
2026-08-23 07:45:47.771559,6554,5332,865,0
2026-08-23 07:45:47.771579,6595,5454,2541,0
2026-08-23 07:45:47.771599,6711,5492,3185,0
2026-08-23 07:45:47.771619,6609,5424,2319,0
2026-08-23 07:45:47.771639,6681,5460,2492,0
2026-08-23 07:45:47.771659,6587,5432,1907,0
2026-08-23 07:45:47.771679,6635,5497,2546,0
2026-08-23 07:45:47.771699,6488,5244,0,0
2026-08-23 07:45:47.771719,6575,5459,2250,0
2026-08-23 07:45:47.771739,6679,5520,2981,0
2026-08-23 07:45:47.771759,6620,5446,2618,0
2026-08-23 07:45:47.771779,6707,5511,2851,0
2026-08-23 07:45:47.771799,6603,5410,2193,0
2026-08-23 07:45:47.771819,6668,5469,2341,0
2026-08-23 07:45:47.771839,6510,5257,0,0
2026-08-23 07:45:47.771859,6587,5479,2504,0
2026-08-23 07:45:47.771879,6706,5531,3300,0
2026-08-23 07:45:47.771899,6599,5454,2250,0
2026-08-23 07:45:47.771919,6670,5482,2614,0
2026-08-23 07:45:47.771939,6611,5447,2588,0
2026-08-23 07:45:47.771959,6697,5494,2636,0
2026-08-23 07:45:47.771979,6562,5387,1182,0
2026-08-23 07:45:47.771999,6591,5465,2264,0
2026-08-23 07:45:47.772019,6686,5493,3113,0
2026-08-23 07:45:47.772039,6608,5475,2474,0
2026-08-23 07:45:47.772059,6697,5470,2951,0
2026-08-23 07:45:47.772079,6594,5394,2138,0
2026-08-23 07:45:47.772099,6665,5472,2388,0
2026-08-23 07:45:47.772119,6595,5426,2191,0
2026-08-23 07:45:47.772139,6668,5452,2538,0
2026-08-23 07:45:47.772159,6591,5307,0,0
2026-08-23 07:45:47.772179,6575,5461,2280,0
2026-08-23 07:45:47.772199,6677,5495,2755,0
2026-08-23 07:45:47.772219,6599,5415,2344,0
2026-08-23 07:45:47.772239,6690,5449,2727,0
2026-08-23 07:45:47.772259,6565,5350,1370,0
2026-08-23 07:45:47.772279,6609,5468,2279,0
2026-08-23 07:45:47.772299,6541,5349,626,0
2026-08-23 07:45:47.772319,6589,5486,2546,0
2026-08-23 07:45:47.772339,6701,5491,3176,0
2026-08-23 07:45:47.772359,6602,5423,2318,0
2026-08-23 07:45:47.772379,6667,5479,2495,0
2026-08-23 07:45:47.772399,6594,5388,1899,0
2026-08-23 07:45:47.772419,6633,5478,2572,0
2026-08-23 07:45:47.772439,6500,5248,0,0
2026-08-23 07:45:47.772459,6592,5457,2254,0
2026-08-23 07:45:47.772479,6676,5497,2976,0
2026-08-23 07:45:47.772499,6613,5446,2605,0
2026-08-23 07:45:47.772519,6703,5473,2873,0
2026-08-23 07:45:47.772539,6574,5445,2221,0
2026-08-23 07:45:47.772559,6675,5474,2349,0
2026-08-23 07:45:47.772579,6526,5313,160,0
2026-08-23 07:45:47.772599,6593,5468,2487,0
2026-08-23 07:45:47.772619,6709,5492,3334,0
2026-08-23 07:45:47.772639,6605,5447,2334,0
2026-08-23 07:45:47.772659,6683,5471,2670,0
2026-08-23 07:45:47.772679,6610,5462,2578,0
2026-08-23 07:45:47.772699,6699,5492,2648,0
2026-08-23 07:45:47.772719,6563,5388,1264,0
2026-08-23 07:45:47.772739,6599,5459,2279,0
2026-08-23 07:45:47.772759,6692,5481,3117,0
2026-08-23 07:45:47.772779,6610,5466,2470,0
2026-08-23 07:45:47.772799,6712,5512,2963,0
2026-08-23 07:45:47.772819,6602,5438,2123,0
2026-08-23 07:45:47.772839,6661,5462,2389,0
2026-08-23 07:45:47.772859,6606,5441,2159,0
2026-08-23 07:45:47.772879,6673,5472,2536,0
2026-08-23 07:45:47.772899,6592,5257,0,0
2026-08-23 07:45:47.772919,6585,5405,2287,0
2026-08-23 07:45:47.772939,6685,5487,2769,0
2026-08-23 07:45:47.772959,6603,5438,2350,0
2026-08-23 07:45:47.772979,6693,5456,2708,0
2026-08-23 07:45:47.772999,6572,5357,1479,0
2026-08-23 07:45:47.773019,6609,5428,2269,0
2026-08-23 07:45:47.773039,6552,5331,767,0
2026-08-23 07:45:47.773059,6586,5489,2488,0
2026-08-23 07:45:47.773079,6704,5519,3170,0
2026-08-23 07:45:47.773099,6607,5422,2315,0
2026-08-23 07:45:47.773119,6679,5451,2511,0
2026-08-23 07:45:47.773139,6597,5430,1957,0
2026-08-23 07:45:47.773159,6700,5451,2588,0
2026-08-23 07:45:47.773179,6498,5293,0,0
2026-08-23 07:45:47.773199,6585,5455,2277,0
2026-08-23 07:45:47.773219,6686,5549,1314,0
2026-08-23 07:45:47.773239,6592,5454,2613,0
2026-08-23 07:45:47.773259,6704,5471,2891,0
2026-08-23 07:45:47.773279,6599,5414,2222,0
2026-08-23 07:45:47.773299,6668,5461,2336,0
2026-08-23 07:45:47.773319,6535,5328,268,0
2026-08-23 07:45:47.773339,6592,5477,2501,0
2026-08-23 07:45:47.773359,6705,5531,3383,0
2026-08-23 07:45:47.773379,6593,5443,2240,0
2026-08-23 07:45:47.773399,6677,5439,2661,0
2026-08-23 07:45:47.773419,6606,5466,2611,0
2026-08-23 07:45:47.773439,6693,5498,2671,0
2026-08-23 07:45:47.773459,6570,5403,1551,0
2026-08-23 07:45:47.773479,6605,5461,2269,0
2026-08-23 07:45:47.773499,6695,5482,3202,0
2026-08-23 07:45:47.773519,6610,5471,2485,0
2026-08-23 07:45:47.773539,6702,5477,3029,0
2026-08-23 07:45:47.773559,6593,5411,2199,0
2026-08-23 07:45:47.773579,6667,5452,2437,0
2026-08-23 07:45:47.773599,6603,5425,2343,0
2026-08-23 07:45:47.773619,6678,5454,2653,0
2026-08-23 07:45:47.773639,6484,5236,0,0
2026-08-23 07:45:47.773659,6567,5394,2281,0
2026-08-23 07:45:47.773679,6688,5475,2803,0
2026-08-23 07:45:47.773699,6604,5418,2399,0
2026-08-23 07:45:47.773719,6689,5457,2727,0
2026-08-23 07:45:47.773739,6573,5370,1556,0
2026-08-23 07:45:47.773759,6602,5429,2270,0
2026-08-23 07:45:47.773779,6549,5359,738,0
2026-08-23 07:45:47.773799,6586,5489,2572,0
2026-08-23 07:45:47.773819,6690,5525,3154,0
2026-08-23 07:45:47.773839,6662,5429,2310,0
2026-08-23 07:45:47.773859,6673,5478,2478,0
2026-08-23 07:45:47.773879,6583,5424,1713,0
2026-08-23 07:45:47.773899,6621,5517,2545,0
2026-08-23 07:45:47.773919,6492,5172,0,0
2026-08-23 07:45:47.773939,6557,5368,2260,0
2026-08-23 07:45:47.773959,6681,5465,2877,0
2026-08-23 07:45:47.773979,6615,5448,2648,0
2026-08-23 07:45:47.773999,6716,5475,2790,0
2026-08-23 07:45:47.774019,6581,5383,2008,0
2026-08-23 07:45:47.774039,6665,5421,2294,0
2026-08-23 07:45:47.774059,6490,5177,0,0
2026-08-23 07:45:47.774079,6588,5438,2482,0
2026-08-23 07:45:47.774099,6691,5463,3149,0
2026-08-23 07:45:47.774119,6600,5405,2236,0
2026-08-23 07:45:47.774139,6675,5473,2497,0
2026-08-23 07:45:47.774159,6525,5460,2456,0
2026-08-23 07:45:47.774179,6695,5446,2544,0
2026-08-23 07:45:47.774199,6492,5292,0,0
2026-08-23 07:45:47.774219,6579,5469,2269,0
2026-08-23 07:45:47.774239,6675,5510,2890,0
2026-08-23 07:45:47.774259,6604,5465,2430,0
2026-08-23 07:45:47.774279,6695,5489,2786,0
2026-08-23 07:45:47.774299,6597,5398,1862,0
2026-08-23 07:45:47.774319,6631,5419,2322,0
2026-08-23 07:45:47.774339,6567,5374,1347,0
2026-08-23 07:45:47.774359,6608,5492,2537,0
2026-08-23 07:45:47.774379,6704,5529,3245,0
2026-08-23 07:45:47.774399,6619,5472,2316,0
2026-08-23 07:45:47.774419,6680,5455,2571,0
2026-08-23 07:45:47.774439,6595,5401,1989,0
2026-08-23 07:45:47.774459,6632,5476,2607,0
2026-08-23 07:45:47.774479,6496,5245,0,0
2026-08-23 07:45:47.774499,6578,5460,2250,0
2026-08-23 07:45:47.774519,6678,5468,2992,0
2026-08-23 07:45:47.774539,6615,5432,2607,0
2026-08-23 07:45:47.774559,6706,5457,2846,0
2026-08-23 07:45:47.774579,6597,5414,2203,0
2026-08-23 07:45:47.774599,6666,5453,2335,0
2026-08-23 07:45:47.774619,6520,5300,83,0
2026-08-23 07:45:47.774639,6587,5457,2501,0
2026-08-23 07:45:47.774659,6704,5543,3347,0
2026-08-23 07:45:47.774679,6603,5423,2244,0
2026-08-23 07:45:47.774699,6667,5461,2641,0
2026-08-23 07:45:47.774719,6606,5489,2613,0
2026-08-23 07:45:47.774739,6705,5460,2650,0
2026-08-23 07:45:47.774759,6558,5383,1116,0
2026-08-23 07:45:47.774779,6590,5448,2277,0
2026-08-23 07:45:47.774799,6683,5523,3061,0
2026-08-23 07:45:47.774819,6610,5438,2481,0
2026-08-23 07:45:47.774839,6691,5494,2921,0
2026-08-23 07:45:47.774859,6593,5434,2104,0
2026-08-23 07:45:47.774879,6641,5465,2366,0
2026-08-23 07:45:47.774899,6591,5437,2056,0
2026-08-23 07:45:47.774919,6670,5439,2551,0
2026-08-23 07:45:47.774939,6714,5513,3512,0
2026-08-23 07:45:47.774959,6614,5422,2296,0
2026-08-23 07:45:47.774979,6679,5486,2697,0
2026-08-23 07:45:47.774999,6597,5466,2297,0
2026-08-23 07:45:47.775019,6692,5484,2731,0
2026-08-23 07:45:47.775039,6554,5377,1094,0
2026-08-23 07:45:47.775059,6593,5465,2265,0
2026-08-23 07:45:47.775079,6514,5307,0,0
2026-08-23 07:45:47.775099,6586,5482,2538,0
2026-08-23 07:45:47.775119,6699,5516,3058,0
2026-08-23 07:45:47.775139,6596,5449,2328,0
2026-08-23 07:45:47.775159,6681,5464,2441,0
2026-08-23 07:45:47.775179,6572,5401,1599,0
2026-08-23 07:45:47.775199,6622,5449,2522,0
2026-08-23 07:45:47.775219,6494,5184,0,0
2026-08-23 07:45:47.775239,6581,5376,2254,0
2026-08-23 07:45:47.775259,6679,5432,2880,0
2026-08-23 07:45:47.775279,6538,5454,2628,0
2026-08-23 07:45:47.775299,6708,5441,2795,0
2026-08-23 07:45:47.775319,6603,5381,2111,0
2026-08-23 07:45:47.775339,6667,5427,2314,0
2026-08-23 07:45:47.775359,6493,5236,0,0
2026-08-23 07:45:47.775379,6585,5462,2484,0
2026-08-23 07:45:47.775399,6706,5524,3418,0
2026-08-23 07:45:47.775419,6596,5419,2235,0
2026-08-23 07:45:47.775439,6675,5492,2604,0
2026-08-23 07:45:47.775459,6610,5440,2547,0
2026-08-23 07:45:47.775479,6693,5489,2634,0
2026-08-23 07:45:47.775499,6563,5355,1213,0
2026-08-23 07:45:47.775519,6606,5427,2268,0
2026-08-23 07:45:47.775539,6680,5485,3104,0
2026-08-23 07:45:47.775559,6599,5439,2462,0
2026-08-23 07:45:47.775579,6698,5511,2938,0
2026-08-23 07:45:47.775599,6588,5443,2176,0
2026-08-23 07:45:47.775619,6723,5436,2415,0
2026-08-23 07:45:47.775639,6606,5448,2298,0
2026-08-23 07:45:47.775659,6673,5486,2547,0
2026-08-23 07:45:47.775679,6474,5209,0,0
2026-08-23 07:45:47.775699,6583,5392,2287,0
2026-08-23 07:45:47.775719,6675,5489,2799,0
2026-08-23 07:45:47.775739,6602,5415,2383,0
2026-08-23 07:45:47.775759,6678,5463,2742,0
2026-08-23 07:45:47.775779,6591,5377,1639,0
2026-08-23 07:45:47.775799,6618,5466,2284,0
2026-08-23 07:45:47.775819,6558,5366,976,0
2026-08-23 07:45:47.775839,6599,5476,2529,0
2026-08-23 07:45:47.775859,6707,5503,3205,0
2026-08-23 07:45:47.775879,6602,5464,2286,0
2026-08-23 07:45:47.775899,6687,5494,2534,0
2026-08-23 07:45:47.775919,6588,5448,2030,0
2026-08-23 07:45:47.775939,6667,5478,2546,0
2026-08-23 07:45:47.775959,6530,5300,44,0
2026-08-23 07:45:47.775979,6585,5475,2266,0
2026-08-23 07:45:47.775999,6563,5227,0,0
2026-08-23 07:45:47.776019,6587,5472,2592,0
2026-08-23 07:45:47.776039,6695,5490,2913,0
2026-08-23 07:45:47.776059,6594,5447,2255,0
2026-08-23 07:45:47.776079,6669,5462,2375,0
2026-08-23 07:45:47.776099,6538,5316,697,0
2026-08-23 07:45:47.776119,6595,5450,2498,0
2026-08-23 07:45:47.776139,6709,5545,3436,0
2026-08-23 07:45:47.776159,6607,5411,2244,0
2026-08-23 07:45:47.776179,6678,5486,2721,0
2026-08-23 07:45:47.776199,6599,5446,2624,0
2026-08-23 07:45:47.776219,6691,5501,2703,0
2026-08-23 07:45:47.776239,6594,5393,1765,0
2026-08-23 07:45:47.776259,6624,5507,2274,0
2026-08-23 07:45:47.776279,6704,5518,1106,0
2026-08-23 07:45:47.776299,6585,5453,2481,0
2026-08-23 07:45:47.776319,6699,5503,3110,0
2026-08-23 07:45:47.776339,6613,5428,2223,0
2026-08-23 07:45:47.776359,6682,5459,2834,0
2026-08-23 07:45:47.776379,6599,5451,2450,0
2026-08-23 07:45:47.776399,6689,5442,2549,0
2026-08-23 07:45:47.776419,6512,5298,0,0
2026-08-23 07:45:47.776439,6592,5471,2274,0
2026-08-23 07:45:47.776459,6687,5480,2934,0
2026-08-23 07:45:47.776479,6609,5434,2440,0
2026-08-23 07:45:47.776499,6690,5504,2796,0
2026-08-23 07:45:47.776519,6591,5395,1928,0
2026-08-23 07:45:47.776539,6632,5440,2319,0
2026-08-23 07:45:47.776559,6579,5414,1673,0
2026-08-23 07:45:47.776579,6625,5492,2536,0
2026-08-23 07:45:47.776599,6711,5518,3334,0
2026-08-23 07:45:47.776619,6607,5460,2308,0
2026-08-23 07:45:47.776639,6683,5473,2592,0
2026-08-23 07:45:47.776659,6677,5422,2183,0
2026-08-23 07:45:47.776679,6666,5496,2611,0
2026-08-23 07:45:47.776699,6542,5346,476,0
2026-08-23 07:45:47.776719,6585,5421,2248,0
2026-08-23 07:45:47.776739,6502,5222,0,0
2026-08-23 07:45:47.776759,6591,5468,2582,0
2026-08-23 07:45:47.776779,6705,5503,2974,0
2026-08-23 07:45:47.776799,6596,5432,2298,0
2026-08-23 07:45:47.776819,6677,5425,2395,0
2026-08-23 07:45:47.776839,6558,5341,1131,0
2026-08-23 07:45:47.776859,6596,5486,2462,0
2026-08-23 07:45:47.776879,6724,5531,3502,0
2026-08-23 07:45:47.776899,6602,5460,2234,0
2026-08-23 07:45:47.776919,6682,5462,2803,0
2026-08-23 07:45:47.776939,6617,5448,2614,0
2026-08-23 07:45:47.776959,6687,5472,2743,0
2026-08-23 07:45:47.776979,6595,5421,1978,0
2026-08-23 07:45:47.776999,6630,5472,2312,0
2026-08-23 07:45:47.777019,6480,5245,0,0
2026-08-23 07:45:47.777039,6597,5448,2475,0
2026-08-23 07:45:47.777059,6702,5472,3244,0
2026-08-23 07:45:47.777079,6600,5409,2227,0
2026-08-23 07:45:47.777099,6678,5439,2589,0
2026-08-23 07:45:47.777119,6612,5427,2544,0
2026-08-23 07:45:47.777139,6697,5460,2619,0
2026-08-23 07:45:47.777159,6545,5343,1008,0
2026-08-23 07:45:47.777179,6595,5468,2254,0
2026-08-23 07:45:47.777199,6689,5491,3104,0
2026-08-23 07:45:47.777219,6605,5466,2470,0
2026-08-23 07:45:47.777239,6768,5482,2948,0
2026-08-23 07:45:47.777259,6593,5395,2145,0
2026-08-23 07:45:47.777279,6666,5429,2394,0
2026-08-23 07:45:47.777299,6600,5439,2206,0
2026-08-23 07:45:47.777319,6744,5487,2539,0
2026-08-23 07:45:47.777339,6490,5212,0,0
2026-08-23 07:45:47.777359,6582,5386,2293,0
2026-08-23 07:45:47.777379,6681,5474,2822,0
2026-08-23 07:45:47.777399,6598,5437,2391,0
2026-08-23 07:45:47.777419,6684,5480,2755,0
2026-08-23 07:45:47.777439,6545,5404,1697,0
2026-08-23 07:45:47.777459,6624,5456,2283,0
2026-08-23 07:45:47.777479,6570,5324,1107,0
2026-08-23 07:45:47.777499,6602,5472,2535,0
2026-08-23 07:45:47.777519,6700,5532,3211,0
2026-08-23 07:45:47.777539,6611,5453,2282,0
2026-08-23 07:45:47.777559,6676,5445,2532,0
2026-08-23 07:45:47.777579,6589,5435,1988,0
2026-08-23 07:45:47.777599,6665,5486,2584,0
2026-08-23 07:45:47.777619,6506,5295,0,0
2026-08-23 07:45:47.777639,6578,5456,2245,0
2026-08-23 07:45:47.777659,6582,5318,0,0
2026-08-23 07:45:47.777679,6600,5478,2588,0
2026-08-23 07:45:47.777699,6700,5488,2900,0
2026-08-23 07:45:47.777719,6599,5446,2237,0
2026-08-23 07:45:47.777739,6675,5467,2357,0
2026-08-23 07:45:47.777759,6536,5332,553,0
2026-08-23 07:45:47.777779,6587,5438,2502,0
2026-08-23 07:45:47.777799,6704,5508,3434,0
2026-08-23 07:45:47.777819,6602,5433,2243,0
2026-08-23 07:45:47.777839,6681,5448,2716,0
2026-08-23 07:45:47.777859,6611,5483,2617,0
2026-08-23 07:45:47.777879,6699,5466,2677,0
2026-08-23 07:45:47.777899,6581,5431,1700,0
2026-08-23 07:45:47.777919,6621,5446,2271,0
2026-08-23 07:45:47.777939,6707,5530,3234,0
2026-08-23 07:45:47.777959,6611,5438,2483,0
2026-08-23 07:45:47.777979,6699,5514,3092,0
2026-08-23 07:45:47.777999,6597,5426,2199,0
2026-08-23 07:45:47.778019,6664,5473,2458,0
2026-08-23 07:45:47.778039,6603,5453,2420,0
2026-08-23 07:45:47.778059,6684,5458,2589,0
2026-08-23 07:45:47.778079,6496,5255,0,0
2026-08-23 07:45:47.778099,6582,5479,2283,0
2026-08-23 07:45:47.778119,6685,5517,2854,0
2026-08-23 07:45:47.778139,6601,5468,2428,0
2026-08-23 07:45:47.778159,6702,5500,2776,0
2026-08-23 07:45:47.778179,6564,5380,1745,0
2026-08-23 07:45:47.778199,6621,5464,2303,0
2026-08-23 07:45:47.778219,6564,5354,1187,0
2026-08-23 07:45:47.778239,6613,5439,2535,0
2026-08-23 07:45:47.778259,6705,5527,3230,0
2026-08-23 07:45:47.778279,6595,5426,2306,0
2026-08-23 07:45:47.778299,6670,5488,2589,0
2026-08-23 07:45:47.778319,6586,5454,1989,0
2026-08-23 07:45:47.778339,6639,5444,2586,0
2026-08-23 07:45:47.778359,6501,5279,0,0
2026-08-23 07:45:47.778379,6585,5432,2251,0
2026-08-23 07:45:47.778399,6679,5520,1059,0
2026-08-23 07:45:47.778419,6585,5475,2612,0
2026-08-23 07:45:47.778439,6702,5463,2888,0
2026-08-23 07:45:47.778459,6599,5456,2233,0
2026-08-23 07:45:47.778479,6674,5451,2358,0
2026-08-23 07:45:47.778499,6527,5343,383,0
2026-08-23 07:45:47.778519,6593,5464,2501,0
2026-08-23 07:45:47.778539,6701,5533,3369,0
2026-08-23 07:45:47.778559,6595,5421,2254,0
2026-08-23 07:45:47.778579,6674,5494,2656,0
2026-08-23 07:45:47.778599,6614,5446,2611,0
2026-08-23 07:45:47.778619,6696,5488,2647,0
2026-08-23 07:45:47.778639,6556,5399,1368,0
2026-08-23 07:45:47.778659,6537,5469,2299,0
2026-08-23 07:45:47.778679,6693,5494,3124,0
2026-08-23 07:45:47.778699,6608,5489,2489,0
2026-08-23 07:45:47.778719,6693,5507,2967,0
2026-08-23 07:45:47.778739,6597,5404,2167,0
2026-08-23 07:45:47.778759,6667,5463,2385,0
2026-08-23 07:45:47.778779,6601,5423,2140,0
2026-08-23 07:45:47.778799,6667,5484,2531,0
2026-08-23 07:45:47.778819,6713,5514,4113,0
2026-08-23 07:45:47.778839,6618,5453,2303,0
2026-08-23 07:45:48.619467,6680,5500,2687,0
2026-08-23 07:45:48.619487,6603,5436,2292,0
2026-08-23 07:45:48.619507,6679,5494,2657,0
2026-08-23 07:45:48.619527,6549,5362,1100,0
2026-08-23 07:45:48.619547,6589,5438,2256,0
2026-08-23 07:45:48.619567,6423,5252,0,0
2026-08-23 07:45:48.619587,6595,5462,2583,0
2026-08-23 07:45:48.619607,6702,5489,2953,0
2026-08-23 07:45:48.619627,6604,5449,2288,0
2026-08-23 07:45:48.619647,6674,5477,2358,0
2026-08-23 07:45:48.619667,6559,5351,1056,0
2026-08-23 07:45:48.619687,6598,5486,2518,0
2026-08-23 07:45:48.619707,6701,5519,3480,0
2026-08-23 07:45:48.619727,6602,5457,2244,0
2026-08-23 07:45:48.619747,6678,5512,2740,0
2026-08-23 07:45:48.619767,6601,5471,2630,0
2026-08-23 07:45:48.619787,6710,5522,2692,0
2026-08-23 07:45:48.619807,6586,5411,1797,0
2026-08-23 07:45:48.619827,6624,5477,2278,0
2026-08-23 07:45:48.619847,6698,5510,3239,0
2026-08-23 07:45:48.619867,6592,5481,2474,0
2026-08-23 07:45:48.619887,6706,5489,3056,0
2026-08-23 07:45:48.619907,6596,5431,2217,0
2026-08-23 07:45:48.619927,6671,5444,2460,0
2026-08-23 07:45:48.619947,6601,5434,2395,0
2026-08-23 07:45:48.619967,6683,5461,2585,0
2026-08-23 07:45:48.619987,6493,5235,0,0
2026-08-23 07:45:48.620007,6581,5443,2279,0
2026-08-23 07:45:48.620027,6695,5503,2813,0
2026-08-23 07:45:48.620047,6604,5448,2397,0
2026-08-23 07:45:48.620067,6682,5478,2741,0
2026-08-23 07:45:48.620087,6576,5369,1636,0
2026-08-23 07:45:48.620107,6613,5461,2283,0
2026-08-23 07:45:48.620127,6514,5340,945,0
2026-08-23 07:45:48.620147,6601,5446,2539,0
2026-08-23 07:45:48.620167,6706,5501,3205,0
2026-08-23 07:45:48.620187,6598,5462,2307,0
2026-08-23 07:45:48.620207,6693,5452,2543,0
2026-08-23 07:45:48.620227,6591,5395,2000,0
2026-08-23 07:45:48.620247,6672,5451,2592,0
2026-08-23 07:45:48.620267,6506,5305,0,0
2026-08-23 07:45:48.620287,6582,5436,2242,0
2026-08-23 07:45:48.620307,6668,5429,689,0
2026-08-23 07:45:48.620327,6591,5484,2609,0
2026-08-23 07:45:48.620347,6699,5524,2890,0
2026-08-23 07:45:48.620367,6592,5452,2232,0
2026-08-23 07:45:48.620387,6666,5464,2355,0
2026-08-23 07:45:48.620407,6511,5302,0,0
2026-08-23 07:45:48.620427,6579,5432,2515,0
2026-08-23 07:45:48.620447,6708,5503,3305,0
2026-08-23 07:45:48.620467,6597,5444,2262,0
2026-08-23 07:45:48.620487,6667,5494,2608,0
2026-08-23 07:45:48.620507,6606,5497,2585,0
2026-08-23 07:45:48.620527,6697,5465,2943,0
2026-08-23 07:45:48.620547,6563,5398,1186,0
2026-08-23 07:45:48.620567,6596,5462,2474,0
2026-08-23 07:45:48.620587,6685,5523,3050,0
2026-08-23 07:45:48.620607,6604,5467,2474,0
2026-08-23 07:45:48.620627,6702,5507,2873,0
2026-08-23 07:45:48.620647,6587,5432,2124,0
2026-08-23 07:45:48.620667,6588,5455,2380,0
2026-08-23 07:45:48.620687,6592,5464,2100,0
2026-08-23 07:45:48.620707,6664,5451,2532,0
2026-08-23 07:45:48.620727,6716,5559,3963,0
2026-08-23 07:45:48.620747,6608,5454,2296,0
2026-08-23 07:45:48.620767,6683,5492,2702,0
2026-08-23 07:45:48.620787,6598,5417,2305,0
2026-08-23 07:45:48.620807,6677,5489,2676,0
2026-08-23 07:45:48.620827,6559,5325,1050,0
2026-08-23 07:45:48.620847,6592,5486,2253,0
2026-08-23 07:45:48.620867,6512,5283,0,0
2026-08-23 07:45:48.620887,6600,5454,2580,0
2026-08-23 07:45:48.620907,6698,5523,3032,0
2026-08-23 07:45:48.620927,6600,5420,2311,0
2026-08-23 07:45:48.620947,6692,5444,2435,0
2026-08-23 07:45:48.620967,6569,5411,1525,0
2026-08-23 07:45:48.620987,6606,5479,2483,0
2026-08-23 07:45:48.621007,6512,5151,0,0
2026-08-23 07:45:48.621027,6575,5387,2248,0
2026-08-23 07:45:48.621047,6668,5411,2881,0
2026-08-23 07:45:48.621067,6614,5440,2644,0
2026-08-23 07:45:48.621087,6704,5439,2780,0
2026-08-23 07:45:48.621107,6592,5402,1820,0
2026-08-23 07:45:48.621127,6667,5419,2295,0
2026-08-23 07:45:48.621147,6484,5208,0,0
2026-08-23 07:45:48.621167,6585,5417,2474,0
2026-08-23 07:45:48.621187,6694,5505,3215,0
2026-08-23 07:45:48.621207,6605,5428,2248,0
2026-08-23 07:45:48.621227,6668,5468,2547,0
2026-08-23 07:45:48.621247,6608,5427,2523,0
2026-08-23 07:45:48.621267,6691,5450,2603,0
2026-08-23 07:45:48.621287,6548,5361,760,0
2026-08-23 07:45:48.621307,6544,5426,2258,0
2026-08-23 07:45:48.621327,6684,5516,3027,0
2026-08-23 07:45:48.621347,6588,5432,2449,0
2026-08-23 07:45:48.621367,6693,5488,2893,0
2026-08-23 07:45:48.621387,6587,5403,2082,0
2026-08-23 07:45:48.621407,6637,5427,2362,0
2026-08-23 07:45:48.621427,6595,5424,2054,0
2026-08-23 07:45:48.621447,6664,5491,2524,0
2026-08-23 07:45:48.621467,6731,5654,2088,0
2026-08-23 07:45:48.621487,6588,5422,2294,0
2026-08-23 07:45:48.621507,6670,5442,2718,0
2026-08-23 07:45:48.621527,6602,5407,2316,0
2026-08-23 07:45:48.621547,6681,5479,2676,0
2026-08-23 07:45:48.621567,6521,5366,1117,0
2026-08-23 07:45:48.621587,6589,5411,2271,0
2026-08-23 07:45:48.621607,6495,5260,0,0
2026-08-23 07:45:48.621627,6574,5468,2594,0
2026-08-23 07:45:48.621647,6705,5508,3007,0
2026-08-23 07:45:48.621667,6605,5433,2317,0
2026-08-23 07:45:48.621687,6671,5478,2442,0
2026-08-23 07:45:48.621707,6564,5398,1313,0
2026-08-23 07:45:48.621727,6597,5453,2515,0
2026-08-23 07:45:48.621747,6698,5576,3460,0
2026-08-23 07:45:48.621767,6602,5413,2257,0
2026-08-23 07:45:48.621787,6682,5463,2808,0
2026-08-23 07:45:48.621807,6611,5446,2626,0
2026-08-23 07:45:48.621827,6690,5497,2728,0
2026-08-23 07:45:48.621847,6588,5428,1902,0
2026-08-23 07:45:48.621867,6630,5437,2291,0
2026-08-23 07:45:48.621887,6586,5337,0,0
2026-08-23 07:45:48.621907,6591,5431,2488,0
2026-08-23 07:45:48.621927,6685,5509,3103,0
2026-08-23 07:45:48.621947,6586,5413,2344,0
2026-08-23 07:45:48.621967,6679,5416,2449,0
2026-08-23 07:45:48.621987,6608,5432,2428,0
2026-08-23 07:45:48.622007,6691,5450,2545,0
2026-08-23 07:45:48.622027,6513,5291,0,0
2026-08-23 07:45:48.622047,6580,5467,2281,0
2026-08-23 07:45:48.622067,6678,5511,2888,0
2026-08-23 07:45:48.622087,6600,5467,2446,0
2026-08-23 07:45:48.622107,6704,5495,2783,0
2026-08-23 07:45:48.622127,6579,5384,1738,0
2026-08-23 07:45:48.622147,6613,5459,2305,0
2026-08-23 07:45:48.622167,6555,5367,997,0
2026-08-23 07:45:48.622187,6601,5450,2549,0
2026-08-23 07:45:48.622207,6708,5521,3174,0
2026-08-23 07:45:48.622227,6628,5418,2307,0
2026-08-23 07:45:48.622247,6698,5478,2497,0
2026-08-23 07:45:48.622267,6575,5417,1798,0
2026-08-23 07:45:48.622287,6641,5462,2534,0
2026-08-23 07:45:48.622307,6485,5180,0,0
2026-08-23 07:45:48.622327,6580,5383,2253,0
2026-08-23 07:45:48.622347,6626,5436,2897,0
2026-08-23 07:45:48.622367,6602,5439,2631,0
2026-08-23 07:45:48.622387,6703,5447,2788,0
2026-08-23 07:45:48.622407,6593,5392,2087,0
2026-08-23 07:45:48.622427,6675,5428,2311,0
2026-08-23 07:45:48.622447,6469,5192,0,0
2026-08-23 07:45:48.622467,6580,5445,2501,0
2026-08-23 07:45:48.622487,6694,5501,3169,0
2026-08-23 07:45:48.622507,6609,5437,2249,0
2026-08-23 07:45:48.622527,6675,5423,2496,0
2026-08-23 07:45:48.622547,6603,5409,2456,0
2026-08-23 07:45:48.622567,6686,5488,2591,0
2026-08-23 07:45:48.622587,6497,5278,0,0
2026-08-23 07:45:48.622607,6579,5449,2301,0
2026-08-23 07:45:48.622627,6682,5472,2839,0
2026-08-23 07:45:48.622647,6598,5459,2399,0
2026-08-23 07:45:48.622667,6684,5460,2746,0
2026-08-23 07:45:48.622687,6570,5365,1550,0
2026-08-23 07:45:48.622707,6609,5433,2288,0
2026-08-23 07:45:48.622727,6541,5320,450,0
2026-08-23 07:45:48.622747,6585,5494,2585,0
2026-08-23 07:45:48.622767,6695,5535,3110,0
2026-08-23 07:45:48.622787,6609,5431,2331,0
2026-08-23 07:45:48.622807,6681,5448,2454,0
2026-08-23 07:45:48.622827,6577,5385,1604,0
2026-08-23 07:45:48.622847,6618,5483,2872,0
2026-08-23 07:45:48.622867,6586,5325,0,0
2026-08-23 07:45:48.622887,6585,5462,2253,0
2026-08-23 07:45:48.622907,6621,5471,2830,0
2026-08-23 07:45:48.622927,6603,5488,2634,0
2026-08-23 07:45:48.622947,6691,5491,2769,0
2026-08-23 07:45:48.622967,6588,5442,1965,0
2026-08-23 07:45:48.622987,6631,5477,2274,0
2026-08-23 07:45:48.623007,6516,5200,0,0
2026-08-23 07:45:48.623027,6597,5388,2474,0
2026-08-23 07:45:48.623047,6694,5485,3161,0
2026-08-23 07:45:48.623067,6596,5415,2240,0
2026-08-23 07:45:48.623087,6641,5417,2498,0
2026-08-23 07:45:48.623107,6604,5422,2457,0
2026-08-23 07:45:48.623127,6685,5477,2581,0
2026-08-23 07:45:48.623147,6522,5263,0,0
2026-08-23 07:45:48.623167,6582,5460,2279,0
2026-08-23 07:45:48.623187,6690,5461,2906,0
2026-08-23 07:45:48.623207,6606,5456,2436,0
2026-08-23 07:45:48.623227,6697,5458,2787,0
2026-08-23 07:45:48.623247,6595,5386,1844,0
2026-08-23 07:45:48.623267,6618,5464,2311,0
2026-08-23 07:45:48.623287,6570,5386,1382,0
2026-08-23 07:45:48.623307,6609,5458,2534,0
2026-08-23 07:45:48.623327,6707,5512,3236,0
2026-08-23 07:45:48.623347,6604,5452,2300,0
2026-08-23 07:45:48.623367,6687,5466,2530,0
2026-08-23 07:45:48.623387,6592,5401,2092,0
2026-08-23 07:45:48.623407,6669,5478,2626,0
2026-08-23 07:45:48.623427,6516,5285,52,0
2026-08-23 07:45:48.623447,6578,5478,2266,0
2026-08-23 07:45:48.623467,6592,5384,0,0
2026-08-23 07:45:48.623487,6587,5465,2612,0
2026-08-23 07:45:48.623507,6694,5488,2886,0
2026-08-23 07:45:48.623527,6597,5449,2236,0
2026-08-23 07:45:48.623547,6539,5432,2355,0
2026-08-23 07:45:48.623567,6527,5296,236,0
2026-08-23 07:45:48.623587,6584,5476,2494,0
2026-08-23 07:45:48.623607,6695,5535,3372,0
2026-08-23 07:45:48.623627,6599,5450,2261,0
2026-08-23 07:45:48.623647,6681,5452,2658,0
2026-08-23 07:45:48.623667,6611,5444,2616,0
2026-08-23 07:45:48.623687,6696,5461,2648,0
2026-08-23 07:45:48.623707,6578,5413,1560,0
2026-08-23 07:45:48.623727,6603,5466,2269,0
2026-08-23 07:45:48.623747,6695,5520,3179,0
2026-08-23 07:45:48.623767,6616,5460,2469,0
2026-08-23 07:45:48.623787,6686,5502,3021,0
2026-08-23 07:45:48.623807,6601,5389,2185,0
2026-08-23 07:45:48.623827,6722,5430,2415,0
2026-08-23 07:45:48.623847,6603,5422,2301,0
2026-08-23 07:45:48.623867,6677,5504,2574,0
2026-08-23 07:45:48.623887,6482,5229,0,0
2026-08-23 07:45:48.623907,6585,5428,2306,0
2026-08-23 07:45:48.623927,6670,5441,2775,0
2026-08-23 07:45:48.623947,6605,5438,2385,0
2026-08-23 07:45:48.623967,6692,5465,2716,0
2026-08-23 07:45:48.623987,6569,5388,1431,0
2026-08-23 07:45:48.624007,6596,5417,2266,0
2026-08-23 07:45:48.624027,6544,5325,356,0
2026-08-23 07:45:48.624047,6588,5453,2547,0
2026-08-23 07:45:48.624067,6700,5522,3101,0
2026-08-23 07:45:48.624087,6598,5482,2323,0
2026-08-23 07:45:48.624107,6682,5460,2224,0
2026-08-23 07:45:48.624127,6590,5406,1816,0
2026-08-23 07:45:48.624147,6625,5503,2525,0
2026-08-23 07:45:48.624167,6506,5279,0,0
2026-08-23 07:45:48.624187,6584,5435,2237,0
2026-08-23 07:45:48.624207,6681,5520,2958,0
2026-08-23 07:45:48.624227,6618,5475,2578,0
2026-08-23 07:45:48.624247,6695,5508,2849,0
2026-08-23 07:45:48.624267,6604,5427,2293,0
2026-08-23 07:45:48.624287,6693,5443,2340,0
2026-08-23 07:45:48.624307,6547,5365,786,0
2026-08-23 07:45:48.624327,6589,5480,2479,0
2026-08-23 07:45:48.624347,6713,5508,3451,0
2026-08-23 07:45:48.624367,6604,5422,2250,0
2026-08-23 07:45:48.624387,6679,5499,2744,0
2026-08-23 07:45:48.624407,6610,5478,2626,0
2026-08-23 07:45:48.624427,6698,5490,2709,0
2026-08-23 07:45:48.624447,6590,5389,1815,0
2026-08-23 07:45:48.624467,6619,5459,2293,0
2026-08-23 07:45:48.624487,6702,5407,348,0
2026-08-23 07:45:48.624507,6498,5458,2477,0
2026-08-23 07:45:48.624527,6695,5512,3114,0
2026-08-23 07:45:48.624547,6597,5409,2213,0
2026-08-23 07:45:48.624567,6668,5447,2483,0
2026-08-23 07:45:48.624587,6604,5479,2461,0
2026-08-23 07:45:48.624607,6699,5458,2585,0
2026-08-23 07:45:48.624627,6528,5340,197,0
2026-08-23 07:45:48.624647,6581,5482,2262,0
2026-08-23 07:45:48.624667,6693,5490,2924,0
2026-08-23 07:45:48.624687,6604,5439,2438,0
2026-08-23 07:45:48.624707,6683,5486,2815,0
2026-08-23 07:45:48.624727,6596,5436,2014,0
2026-08-23 07:45:48.624747,6639,5448,2322,0
2026-08-23 07:45:48.624767,6588,5427,1893,0
2026-08-23 07:45:48.624787,6637,5488,2520,0
2026-08-23 07:45:48.624807,6615,5380,0,0
2026-08-23 07:45:48.624827,6580,5463,2176,0
2026-08-23 07:45:48.624847,6674,5495,2721,0
2026-08-23 07:45:48.624867,6589,5464,2393,0
2026-08-23 07:45:48.624887,6697,5450,2665,0
2026-08-23 07:45:48.624907,6576,5371,1576,0
2026-08-23 07:45:48.624927,6623,5459,2277,0
2026-08-23 07:45:48.624947,6554,5326,745,0
2026-08-23 07:45:48.624967,6594,5453,2534,0
2026-08-23 07:45:48.624987,6699,5539,3145,0
2026-08-23 07:45:48.625007,6605,5438,2337,0
2026-08-23 07:45:48.625027,6681,5497,2497,0
2026-08-23 07:45:48.625047,6582,5433,1915,0
2026-08-23 07:45:48.625067,6631,5494,2536,0
2026-08-23 07:45:48.625087,6506,5271,0,0
2026-08-23 07:45:48.625107,6578,5422,2232,0
2026-08-23 07:45:48.625127,6683,5531,1811,0
2026-08-23 07:45:48.625147,6591,5476,2598,0
2026-08-23 07:45:48.625167,6702,5483,2851,0
2026-08-23 07:45:48.625187,6605,5475,2313,0
2026-08-23 07:45:48.625207,6680,5442,2364,0
2026-08-23 07:45:48.625227,6547,5369,828,0
2026-08-23 07:45:48.625247,6597,5453,2507,0
2026-08-23 07:45:48.625267,6707,5550,3459,0
2026-08-23 07:45:48.625287,6602,5456,2235,0
2026-08-23 07:45:48.625307,6678,5496,2751,0
2026-08-23 07:45:48.625327,6614,5487,2611,0
2026-08-23 07:45:48.625347,6691,5492,2697,0
2026-08-23 07:45:48.625367,6692,5444,2015,0
2026-08-23 07:45:48.625387,6640,5472,2270,0
2026-08-23 07:45:48.625407,6479,5221,0,0
2026-08-23 07:45:48.625427,6588,5435,2468,0
2026-08-23 07:45:48.625447,6698,5501,3218,0
2026-08-23 07:45:48.625467,6593,5421,2244,0
2026-08-23 07:45:48.625487,6674,5481,2575,0
2026-08-23 07:45:48.625507,6615,5441,2547,0
2026-08-23 07:45:48.625527,6699,5458,2606,0
2026-08-23 07:45:48.625547,6571,5369,1340,0
2026-08-23 07:45:48.625567,6594,5481,2223,0
2026-08-23 07:45:48.625587,6690,5538,3096,0
2026-08-23 07:45:48.625607,6615,5430,2457,0
2026-08-23 07:45:48.625627,6705,5488,2974,0
2026-08-23 07:45:48.625647,6599,5422,2186,0
2026-08-23 07:45:48.625667,6666,5474,2401,0
2026-08-23 07:45:48.625687,6600,5427,2316,0
2026-08-23 07:45:48.625707,6691,5451,2532,0
2026-08-23 07:45:48.625727,6514,5277,0,0
2026-08-23 07:45:48.625747,6588,5460,2263,0
2026-08-23 07:45:48.625767,6669,5511,2860,0
2026-08-23 07:45:48.625787,6607,5436,2416,0
2026-08-23 07:45:48.625807,6691,5503,2745,0
2026-08-23 07:45:48.625827,6590,5445,1695,0
2026-08-23 07:45:48.625847,6642,5469,2308,0
2026-08-23 07:45:48.625867,6580,5400,1745,0
2026-08-23 07:45:48.625887,6637,5488,2516,0
2026-08-23 07:45:48.625907,6718,5510,3371,0
2026-08-23 07:45:48.625927,6526,5473,2309,0
2026-08-23 07:45:48.625947,6688,5483,2645,0
2026-08-23 07:45:48.625967,6604,5452,2269,0
2026-08-23 07:45:48.625987,6678,5483,2618,0
2026-08-23 07:45:48.626007,6565,5353,1193,0
2026-08-23 07:45:48.626027,6598,5443,2235,0
2026-08-23 07:45:48.626047,6512,5321,117,0
2026-08-23 07:45:48.626067,6586,5453,2530,0
2026-08-23 07:45:48.626087,6703,5493,3084,0
2026-08-23 07:45:48.626107,6596,5477,2329,0
2026-08-23 07:45:48.626127,6686,5453,2484,0
2026-08-23 07:45:48.626147,6592,5441,1951,0
2026-08-23 07:45:48.626167,6642,5446,2531,0
2026-08-23 07:45:48.626187,6532,5297,242,0
2026-08-23 07:45:48.626207,6583,5469,2225,0
2026-08-23 07:45:48.626227,6537,5223,0,0
2026-08-23 07:45:48.626247,6581,5431,2596,0
2026-08-23 07:45:48.626267,6698,5487,2911,0
2026-08-23 07:45:48.626287,6616,5410,2340,0
2026-08-23 07:45:48.626307,6680,5433,2374,0
2026-08-23 07:45:48.626327,6566,5379,1209,0
2026-08-23 07:45:48.626347,6608,5475,2479,0
2026-08-23 07:45:48.626367,6584,5313,0,0
2026-08-23 07:45:48.626387,6582,5470,2230,0
2026-08-23 07:45:48.626407,6677,5478,2816,0
2026-08-23 07:45:48.626427,6607,5480,2596,0
2026-08-23 07:45:48.626447,6694,5471,2759,0
2026-08-23 07:45:48.626467,6602,5436,2266,0
2026-08-23 07:45:48.626487,6668,5444,2298,0
2026-08-23 07:45:48.626507,6522,5342,249,0
2026-08-23 07:45:48.626527,6582,5503,2478,0
2026-08-23 07:45:48.626547,6708,5539,3362,0
2026-08-23 07:45:48.626567,6611,5427,2253,0
2026-08-23 07:45:48.626587,6685,5461,2686,0
2026-08-23 07:45:48.626607,6612,5483,2608,0
2026-08-23 07:45:48.626627,6699,5501,2684,0
2026-08-23 07:45:48.626647,6594,5438,2079,0
2026-08-23 07:45:48.626667,6664,5450,2266,0
2026-08-23 07:45:48.626687,6476,5225,0,0
2026-08-23 07:45:48.626707,6592,5428,2477,0
2026-08-23 07:45:48.626727,6705,5523,3152,0
2026-08-23 07:45:48.626747,6594,5423,2265,0
2026-08-23 07:45:48.626767,6679,5450,2518,0
2026-08-23 07:45:48.626787,6616,5459,2536,0
2026-08-23 07:45:48.626807,6699,5482,2598,0
2026-08-23 07:45:48.626827,6580,5381,1520,0
2026-08-23 07:45:48.626847,6616,5463,2250,0
2026-08-23 07:45:48.626867,6689,5511,3107,0
2026-08-23 07:45:48.626887,6601,5436,2452,0
2026-08-23 07:45:48.626907,6707,5495,2957,0
2026-08-23 07:45:48.626927,6606,5441,2213,0
2026-08-23 07:45:48.626947,6674,5483,2414,0
2026-08-23 07:45:48.626967,6615,5467,2393,0
2026-08-23 07:45:48.626987,6685,5484,2532,0
2026-08-23 07:45:48.627007,6682,5358,602,0
2026-08-23 07:45:48.627027,6581,5465,2248,0
2026-08-23 07:45:48.627047,6677,5479,2931,0
2026-08-23 07:45:48.627067,6603,5473,2460,0
2026-08-23 07:45:48.627087,6671,5501,2853,0
2026-08-23 07:45:48.627107,6597,5402,2137,0
2026-08-23 07:45:48.627127,6663,5446,2338,0
2026-08-23 07:45:48.627147,6593,5427,2222,0
2026-08-23 07:45:48.627167,6675,5486,2519,0
2026-08-23 07:45:48.627187,6506,5298,0,0
2026-08-23 07:45:48.627207,6582,5468,2279,0
2026-08-23 07:45:48.627227,6679,5507,2829,0
2026-08-23 07:45:48.627247,6617,5471,2413,0
2026-08-23 07:45:48.627267,6689,5450,2750,0
2026-08-23 07:45:48.627287,6593,5407,1988,0
2026-08-23 07:45:48.627307,6639,5439,2284,0
2026-08-23 07:45:48.627327,6577,5430,1799,0
2026-08-23 07:45:48.627347,6629,5479,2455,0
2026-08-23 07:45:48.627367,6591,5310,0,0
2026-08-23 07:45:48.627387,6588,5453,2288,0
2026-08-23 07:45:48.627407,6678,5516,2713,0
2026-08-23 07:45:48.627427,6592,5447,2363,0
2026-08-23 07:45:48.627447,6677,5459,2674,0
2026-08-23 07:45:48.627467,6583,5422,1791,0
2026-08-23 07:45:48.627487,6626,5470,2261,0
2026-08-23 07:45:48.627507,6568,5396,1263,0
2026-08-23 07:45:48.627527,6609,5491,2514,0
2026-08-23 07:45:48.627547,6708,5530,3250,0
2026-08-23 07:45:48.627567,6602,5429,2308,0
2026-08-23 07:45:48.627587,6691,5463,2599,0
2026-08-23 07:45:48.627607,6596,5456,2232,0
2026-08-23 07:45:48.627627,6676,5462,2611,0
2026-08-23 07:45:48.627647,6568,5369,1264,0
2026-08-23 07:45:48.627667,6603,5432,2237,0
2026-08-23 07:45:48.627687,6523,5319,118,0
2026-08-23 07:45:48.627707,6582,5492,2515,0
2026-08-23 07:45:48.627727,6706,5527,3054,0
2026-08-23 07:45:48.627747,6614,5427,2323,0
2026-08-23 07:45:48.627767,6682,5456,2486,0
2026-08-23 07:45:48.627787,6611,5427,2115,0
2026-08-23 07:45:48.627807,6676,5465,2527,0
2026-08-23 07:45:48.627827,6566,5385,893,0
2026-08-23 07:45:48.627847,6588,5475,2229,0
2026-08-23 07:45:48.627867,6486,5256,0,0
2026-08-23 07:45:48.627887,6592,5475,2571,0
2026-08-23 07:45:48.627907,6702,5513,2891,0
2026-08-23 07:45:48.627927,6617,5438,2359,0
2026-08-23 07:45:48.627947,6676,5487,2376,0
2026-08-23 07:45:48.627967,6570,5401,1260,0
2026-08-23 07:45:48.627987,6605,5486,2475,0
2026-08-23 07:45:48.628007,6746,5515,1393,0
2026-08-23 07:45:48.628027,6585,5421,2245,0
2026-08-23 07:45:48.628047,6664,5493,2755,0
2026-08-23 07:45:48.628067,6617,5452,2633,0
2026-08-23 07:45:48.628087,6784,5501,2694,0
2026-08-23 07:45:48.628107,6599,5429,2186,0
2026-08-23 07:45:48.628127,6667,5488,2270,0
2026-08-23 07:45:48.628147,6560,5210,0,0
2026-08-23 07:45:48.628167,6590,5411,2502,0
2026-08-23 07:45:48.628187,6707,5454,3045,0
2026-08-23 07:45:48.628207,6598,5391,2297,0
2026-08-23 07:45:48.628227,6682,5417,2441,0
2026-08-23 07:45:48.628247,6608,5433,2586,0
2026-08-23 07:45:48.628267,6684,5458,2546,0
2026-08-23 07:45:48.628287,6528,5288,44,0
2026-08-23 07:45:48.628307,6584,5448,2316,0
2026-08-23 07:45:48.628327,6691,5510,2797,0
2026-08-23 07:45:48.628347,6618,5423,2437,0
2026-08-23 07:45:48.628367,6683,5497,2696,0
2026-08-23 07:45:48.628387,6590,5393,1835,0
2026-08-23 07:45:48.628407,6629,5468,2308,0
2026-08-23 07:45:48.628427,6550,5355,672,0
2026-08-23 07:45:48.628447,6587,5487,2507,0
2026-08-23 07:45:48.628467,6696,5539,3116,0
2026-08-23 07:45:48.628487,6617,5441,2367,0
2026-08-23 07:45:48.628507,6684,5492,2490,0
2026-08-23 07:45:48.628527,6592,5419,2074,0
2026-08-23 07:45:48.628547,6666,5457,2521,0
2026-08-23 07:45:48.628567,6529,5317,378,0
2026-08-23 07:45:48.628587,6578,5470,2204,0
2026-08-23 07:45:48.628607,6685,5504,2960,0
2026-08-23 07:45:48.628627,6607,5458,2609,0
2026-08-23 07:45:48.628647,6710,5489,2834,0
2026-08-23 07:45:48.628667,6598,5463,2410,0
2026-08-23 07:45:48.628687,6681,5465,2321,0
2026-08-23 07:45:48.628707,6552,5382,1068,0
2026-08-23 07:45:48.628727,6603,5459,2458,0
2026-08-23 07:45:48.628747,6708,5571,3618,0
2026-08-23 07:45:48.628767,6607,5464,2250,0
2026-08-23 07:45:48.628787,6690,5464,2728,0
2026-08-23 07:45:48.628807,6619,5450,2618,0
2026-08-23 07:45:48.628827,6709,5496,2685,0
2026-08-23 07:45:48.628847,6604,5457,2247,0
2026-08-23 07:45:48.628867,6666,5470,2267,0
2026-08-23 07:45:48.628887,6490,5221,0,0
2026-08-23 07:45:48.628907,6587,5450,2463,0
2026-08-23 07:45:48.628927,6695,5527,3181,0
2026-08-23 07:45:48.628947,6597,5456,2270,0
2026-08-23 07:45:48.628967,6692,5451,2572,0
2026-08-23 07:45:48.628987,6616,5453,2522,0
2026-08-23 07:45:48.629007,6687,5462,2577,0
2026-08-23 07:45:48.629027,6596,5416,1914,0
2026-08-23 07:45:48.629047,6666,5449,2233,0
2026-08-23 07:45:48.629067,6695,5533,3155,0
2026-08-23 07:45:48.629087,6611,5455,2465,0
2026-08-23 07:45:48.629107,6709,5506,3005,0
2026-08-23 07:45:48.629127,6605,5451,2265,0
2026-08-23 07:45:48.629147,6682,5484,2429,0
2026-08-23 07:45:48.629167,6613,5478,2459,0
2026-08-23 07:45:48.629187,6689,5458,2449,0
2026-08-23 07:45:48.629207,6571,5406,1222,0
2026-08-23 07:45:48.629227,6604,5468,2264,0
2026-08-23 07:45:48.629247,6685,5526,2904,0
2026-08-23 07:45:48.629267,6613,5484,2474,0
2026-08-23 07:45:48.629287,6687,5509,2825,0
2026-08-23 07:45:48.629307,6592,5448,2206,0
2026-08-23 07:45:48.629327,6664,5468,2305,0
2026-08-23 07:45:48.629347,6598,5410,2076,0
2026-08-23 07:45:48.629367,6631,5449,2527,0
2026-08-23 07:45:48.629387,6516,5287,0,0
2026-08-23 07:45:48.629407,6585,5454,2266,0
2026-08-23 07:45:48.629427,6691,5488,2761,0
2026-08-23 07:45:48.629447,6615,5448,2420,0
2026-08-23 07:45:48.629467,6704,5506,2703,0
2026-08-23 07:45:48.629487,6596,5414,2096,0
2026-08-23 07:45:48.629507,6665,5444,2276,0
2026-08-23 07:45:48.629527,6595,5412,1819,0
2026-08-23 07:45:48.629547,6622,5496,2495,0
2026-08-23 07:45:48.629567,6482,5236,0,0
2026-08-23 07:45:48.629587,6587,5435,2283,0
2026-08-23 07:45:48.629607,6674,5467,2684,0
2026-08-23 07:45:48.629627,6611,5456,2399,0
2026-08-23 07:45:48.629647,6693,5466,2685,0
2026-08-23 07:45:48.629667,6591,5406,2014,0
2026-08-23 07:45:48.629687,6641,5444,2269,0
2026-08-23 07:45:48.629707,6581,5391,1646,0
2026-08-23 07:45:48.629727,6626,5460,2490,0
2026-08-23 07:45:48.629747,6486,5228,0,0
2026-08-23 07:45:48.629767,6587,5426,2281,0
2026-08-23 07:45:48.629787,6682,5451,2693,0
2026-08-23 07:45:48.629807,6608,5427,2387,0
2026-08-23 07:45:48.629827,6697,5459,2647,0
2026-08-23 07:45:48.629847,6606,5408,2004,0
2026-08-23 07:45:48.629867,6640,5441,2279,0
2026-08-23 07:45:48.629887,6582,5424,1656,0
2026-08-23 07:45:48.629907,6623,5496,2501,0
2026-08-23 07:45:48.629927,6589,5280,0,0
2026-08-23 07:45:48.629947,6588,5446,2288,0
2026-08-23 07:45:48.629967,6677,5503,2659,0
2026-08-23 07:45:48.629987,6603,5429,2344,0
2026-08-23 07:45:48.630007,6685,5494,2658,0
2026-08-23 07:45:48.630027,6575,5394,1838,0
2026-08-23 07:45:48.630047,6625,5455,2242,0
2026-08-23 07:45:48.630067,6564,5381,1308,0
2026-08-23 07:45:48.630087,6614,5462,2479,0
2026-08-23 07:45:48.630107,6722,5613,1917,0
2026-08-23 07:45:48.630127,6583,5446,2295,0
2026-08-23 07:45:48.630147,6688,5450,2641,0
2026-08-23 07:45:48.630167,6613,5455,2333,0
2026-08-23 07:45:48.630187,6686,5454,2648,0
2026-08-23 07:45:48.630207,6591,5424,1866,0
2026-08-23 07:45:48.630227,6632,5429,2230,0
2026-08-23 07:45:48.630247,6574,5378,1445,0
2026-08-23 07:45:48.630267,6632,5457,2460,0
2026-08-23 07:45:48.630287,6576,5329,0,0
2026-08-23 07:45:48.630307,6581,5462,2277,0
2026-08-23 07:45:48.630327,6683,5472,2686,0
2026-08-23 07:45:48.630347,6608,5429,2370,0
2026-08-23 07:45:48.630367,6688,5490,2684,0
2026-08-23 07:45:48.630387,6585,5433,1937,0
2026-08-23 07:45:48.630407,6637,5429,2258,0
2026-08-23 07:45:48.630427,6581,5426,1556,0
2026-08-23 07:45:48.630447,6615,5444,2479,0
2026-08-23 07:45:48.630467,6596,5346,0,0
2026-08-23 07:45:48.630487,6580,5453,2284,0
2026-08-23 07:45:48.630507,6676,5492,2358,0
2026-08-23 07:45:48.630527,6593,5453,2350,0
2026-08-23 07:45:48.630547,6689,5500,2657,0
2026-08-23 07:45:48.630567,6581,5403,1857,0
2026-08-23 07:45:48.630587,6625,5467,2246,0
2026-08-23 07:45:48.630607,6567,5411,1400,0
2026-08-23 07:45:48.630627,6615,5460,2496,0
2026-08-23 07:45:48.630647,6703,5560,3173,0
2026-08-23 07:45:48.630667,6612,5450,2292,0
2026-08-23 07:45:48.630687,6685,5456,2658,0
2026-08-23 07:45:48.630707,6610,5430,2340,0
2026-08-23 07:45:48.630727,6686,5508,2646,0
2026-08-23 07:45:48.630747,6578,5426,1801,0
2026-08-23 07:45:48.630767,6632,5433,2245,0
2026-08-23 07:45:48.630787,6570,5402,1274,0
2026-08-23 07:45:48.630807,6615,5454,2495,0
2026-08-23 07:45:48.630827,6708,5485,3557,0
2026-08-23 07:45:48.630847,6620,5437,2274,0
2026-08-23 07:45:48.630867,6675,5492,2637,0
2026-08-23 07:45:48.630887,6600,5441,2299,0
2026-08-23 07:45:48.630907,6689,5525,2634,0
2026-08-23 07:45:48.630927,6587,5435,1785,0
2026-08-23 07:45:48.630947,6620,5469,2241,0
2026-08-23 07:45:48.630967,6563,5370,1237,0
2026-08-23 07:45:48.630987,6607,5475,2501,0
2026-08-23 07:45:48.631007,6707,5551,3553,0
2026-08-23 07:45:48.631027,6621,5477,2308,0
2026-08-23 07:45:48.631047,6686,5470,2639,0
2026-08-23 07:45:48.631067,6551,5464,2338,0
2026-08-23 07:45:48.631087,6673,5496,2644,0
2026-08-23 07:45:48.631107,6589,5426,1805,0
2026-08-23 07:45:48.631127,6621,5463,2242,0
2026-08-23 07:45:48.631147,6567,5393,1348,0
2026-08-23 07:45:48.631167,6616,5455,2484,0
2026-08-23 07:45:48.631187,6733,5540,1335,0
2026-08-23 07:45:48.631207,6586,5465,2298,0
2026-08-23 07:45:48.631227,6683,5486,2642,0
2026-08-23 07:45:48.631247,6607,5428,2335,0
2026-08-23 07:45:48.631267,6694,5472,2659,0
2026-08-23 07:45:48.631287,6590,5430,1891,0
2026-08-23 07:45:48.631307,6630,5451,2249,0
2026-08-23 07:45:48.631327,6576,5377,1417,0
2026-08-23 07:45:48.631347,6617,5457,2479,0
2026-08-23 07:45:48.631367,6619,5400,0,0
2026-08-23 07:45:48.631387,6589,5468,2289,0
2026-08-23 07:45:48.631407,6694,5459,2666,0
2026-08-23 07:45:48.631427,6602,5472,2352,0
2026-08-23 07:45:48.631447,6690,5492,2648,0
2026-08-23 07:45:48.631467,6590,5424,1867,0
2026-08-23 07:45:48.631487,6621,5467,2253,0
2026-08-23 07:45:48.631507,6570,5352,1392,0
2026-08-23 07:45:48.631527,6625,5447,2452,0
2026-08-23 07:45:48.631547,6766,5481,430,0
2026-08-23 07:45:48.631567,6580,5478,2284,0
2026-08-23 07:45:48.631587,6681,5465,2656,0
2026-08-23 07:45:48.631607,6612,5437,2344,0
2026-08-23 07:45:48.631627,6685,5459,2647,0
2026-08-23 07:45:48.631647,6587,5398,1858,0
2026-08-23 07:45:48.631667,6639,5443,2254,0
2026-08-23 07:45:48.631687,6554,5381,1349,0
2026-08-23 07:45:48.631707,6614,5494,2511,0
2026-08-23 07:45:48.631727,6701,5525,3247,0
2026-08-23 07:45:48.631747,6614,5435,2314,0
2026-08-23 07:45:48.631767,6682,5464,2599,0
2026-08-23 07:45:48.631787,6608,5457,2251,0
2026-08-23 07:45:48.631807,6678,5486,2606,0
2026-08-23 07:45:48.631827,6571,5395,1446,0
2026-08-23 07:45:48.631847,6597,5477,2226,0
2026-08-23 07:45:48.631867,6536,5349,385,0
2026-08-23 07:45:48.631887,6591,5483,2504,0
2026-08-23 07:45:48.631907,6704,5504,3127,0
2026-08-23 07:45:48.631927,6613,5479,2322,0
2026-08-23 07:45:48.631947,6681,5489,2508,0
2026-08-23 07:45:48.631967,6592,5459,2130,0
2026-08-23 07:45:48.631987,6673,5441,2540,0
2026-08-23 07:45:48.632007,6561,5363,1174,0
2026-08-23 07:45:48.632027,6595,5461,2230,0
2026-08-23 07:45:48.632047,6507,5282,0,0
2026-08-23 07:45:48.632067,6583,5491,2534,0
2026-08-23 07:45:48.632087,6688,5488,3009,0
2026-08-23 07:45:48.632107,6618,5479,2358,0
2026-08-23 07:45:48.632127,6684,5486,2266,0
2026-08-23 07:45:48.632147,6590,5441,1925,0
2026-08-23 07:45:48.632167,6634,5481,2513,0
2026-08-23 07:45:48.632187,6536,5317,288,0
2026-08-23 07:45:48.632207,6576,5471,2217,0
2026-08-23 07:45:48.632227,6549,5187,0,0
2026-08-23 07:45:48.632247,6586,5408,2540,0
2026-08-23 07:45:48.632267,6698,5484,2939,0
2026-08-23 07:45:48.632287,6608,5420,2360,0
2026-08-23 07:45:48.632307,6673,5467,2388,0
2026-08-23 07:45:48.632327,6569,5382,1717,0
2026-08-23 07:45:48.632347,6614,5460,2483,0
2026-08-23 07:45:48.632367,6498,5275,0,0
2026-08-23 07:45:48.632387,6589,5408,2222,0
2026-08-23 07:45:48.632407,6675,5471,2910,0
2026-08-23 07:45:48.632427,6622,5451,2586,0
2026-08-23 07:45:48.632447,6694,5486,2833,0
2026-08-23 07:45:48.632467,6605,5428,2334,0
2026-08-23 07:45:48.632487,6681,5448,2322,0
2026-08-23 07:45:48.632507,6551,5346,877,0
2026-08-23 07:45:48.632527,6599,5457,2475,0
2026-08-23 07:45:48.632547,6711,5592,2385,0
2026-08-23 07:45:48.632567,6586,5374,2226,0
2026-08-23 07:45:48.632587,6668,5443,2763,0
2026-08-23 07:45:48.632607,6615,5475,2610,0
2026-08-23 07:45:48.632627,6701,5510,2731,0
2026-08-23 07:45:48.632647,6602,5449,2223,0
2026-08-23 07:45:48.632667,6687,5441,2275,0
2026-08-23 07:45:48.632687,6507,5304,0,0
2026-08-23 07:45:48.632707,6590,5498,2468,0
2026-08-23 07:45:48.632727,6705,5520,3286,0
2026-08-23 07:45:48.632747,6605,5473,2244,0
2026-08-23 07:45:48.632767,6687,5492,2642,0
2026-08-23 07:45:48.632787,6614,5490,2571,0
2026-08-23 07:45:48.632807,6693,5509,2649,0
2026-08-23 07:45:48.632827,6596,5465,2113,0
2026-08-23 07:45:48.632847,6700,5442,2257,0
2026-08-23 07:45:48.632867,6484,5242,0,0
2026-08-23 07:45:48.632887,6580,5416,2459,0
2026-08-23 07:45:48.632907,6699,5487,3164,0
2026-08-23 07:45:48.632927,6599,5427,2273,0
2026-08-23 07:45:48.632947,6669,5474,2570,0
2026-08-23 07:45:48.632967,6611,5446,2584,0
2026-08-23 07:45:48.632987,6704,5467,2450,0
2026-08-23 07:45:48.633007,6585,5400,1784,0
2026-08-23 07:45:48.633027,6629,5438,2242,0
2026-08-23 07:45:48.633047,6693,5504,3128,0
2026-08-23 07:45:48.633067,6611,5452,2454,0
2026-08-23 07:45:48.633087,6693,5531,2983,0
2026-08-23 07:45:48.633107,6598,5465,2250,0
2026-08-23 07:45:48.633127,6674,5477,2449,0
2026-08-23 07:45:48.633147,6611,5441,2459,0
2026-08-23 07:45:48.633167,6683,5491,2535,0
2026-08-23 07:45:48.633187,6571,5370,1068,0
2026-08-23 07:45:48.633207,6605,5473,2254,0
2026-08-23 07:45:48.633227,6682,5507,2976,0
2026-08-23 07:45:48.633247,6621,5465,2460,0
2026-08-23 07:45:48.633267,6700,5487,2862,0
2026-08-23 07:45:48.633287,6596,5421,2198,0
2026-08-23 07:45:48.633307,6669,5461,2359,0
2026-08-23 07:45:48.633327,6604,5431,2239,0
2026-08-23 07:45:48.633347,6671,5474,2508,0
2026-08-23 07:45:48.633367,6552,5307,208,0
2026-08-23 07:45:48.633387,6589,5468,2243,0
2026-08-23 07:45:48.633407,6683,5491,2853,0
2026-08-23 07:45:48.633427,6609,5486,2439,0
2026-08-23 07:45:48.633447,6694,5490,2794,0
2026-08-23 07:45:48.633467,6598,5417,2132,0
2026-08-23 07:45:48.633487,6668,5471,2277,0
2026-08-23 07:45:48.633507,6592,5404,1960,0
2026-08-23 07:45:48.633527,6641,5453,2500,0
2026-08-23 07:45:48.633547,6505,5252,0,0
2026-08-23 07:45:48.633567,6582,5416,2284,0
2026-08-23 07:45:48.633587,6688,5448,2744,0
2026-08-23 07:45:48.633607,6602,5423,2378,0
2026-08-23 07:45:48.633627,6687,5484,2687,0
2026-08-23 07:45:48.633647,6588,5393,1904,0
2026-08-23 07:45:48.633667,6621,5424,2255,0
2026-08-23 07:45:48.633687,6581,5376,1448,0
2026-08-23 07:45:48.633707,6616,5485,2485,0
2026-08-23 07:45:48.633727,6778,5463,528,0
2026-08-23 07:45:48.633747,6587,5467,2296,0
2026-08-23 07:45:48.633767,6673,5471,2626,0
2026-08-23 07:45:48.633787,6605,5429,2334,0
2026-08-23 07:45:48.633807,6705,5494,2646,0
2026-08-23 07:45:48.633827,6589,5389,1798,0
2026-08-23 07:45:48.633847,6627,5441,2248,0
2026-08-23 07:45:48.633867,6565,5359,1114,0
2026-08-23 07:45:48.633887,6606,5489,2530,0
2026-08-23 07:45:48.633907,6714,5549,3229,0
2026-08-23 07:45:48.633927,6617,5447,2330,0
2026-08-23 07:45:48.633947,6689,5496,2531,0
2026-08-23 07:45:48.633967,6591,5451,2205,0
2026-08-23 07:45:48.633987,6676,5479,2580,0
2026-08-23 07:45:48.634007,6560,5351,1091,0
2026-08-23 07:45:48.634027,6601,5441,2229,0
2026-08-23 07:45:48.634047,6495,5303,0,0
2026-08-23 07:45:48.634067,6588,5487,2527,0
2026-08-23 07:45:48.634087,6705,5497,3049,0
2026-08-23 07:45:48.634107,6611,5460,2338,0
2026-08-23 07:45:48.634127,6684,5485,2432,0
2026-08-23 07:45:48.634147,6579,5432,1922,0
2026-08-23 07:45:48.634167,6641,5473,2515,0
2026-08-23 07:45:48.634187,6533,5288,288,0
2026-08-23 07:45:48.634207,6599,5432,2216,0
2026-08-23 07:45:48.634227,6553,5202,0,0
2026-08-23 07:45:48.634247,6591,5440,2543,0
2026-08-23 07:45:48.634267,6702,5481,2915,0
2026-08-23 07:45:48.634287,6604,5433,2355,0
2026-08-23 07:45:48.634307,6681,5419,2360,0
2026-08-23 07:45:48.634327,6568,5375,1587,0
2026-08-23 07:45:48.634347,6622,5452,2489,0
2026-08-23 07:45:48.634367,6496,5241,0,0
2026-08-23 07:45:48.634387,6596,5495,2215,0
2026-08-23 07:45:48.634407,6688,5507,2893,0
2026-08-23 07:45:48.634427,6609,5487,2588,0
2026-08-23 07:45:48.634447,6717,5474,2802,0
2026-08-23 07:45:48.634467,6609,5464,2330,0
2026-08-23 07:45:48.634487,6691,5441,2330,0
2026-08-23 07:45:48.634507,6554,5388,1087,0
2026-08-23 07:45:48.634527,6589,5460,2451,0
2026-08-23 07:45:48.634547,6602,5389,0,0
2026-08-23 07:45:48.634567,6582,5465,2237,0
2026-08-23 07:45:48.634587,6673,5499,2771,0
2026-08-23 07:45:48.634607,6614,5454,2598,0
2026-08-23 07:45:48.634627,6707,5508,2738,0
2026-08-23 07:45:48.634647,6615,5463,2266,0
2026-08-23 07:45:48.634667,6668,5476,2278,0
2026-08-23 07:45:48.634687,6531,5296,166,0
2026-08-23 07:45:48.634707,6588,5488,2470,0
2026-08-23 07:45:48.634727,6708,5514,3344,0
2026-08-23 07:45:48.634747,6600,5492,2237,0
2026-08-23 07:45:48.634767,6671,5508,2690,0
2026-08-23 07:45:48.634787,6601,5457,2598,0
2026-08-23 07:45:48.634807,6702,5493,2683,0
2026-08-23 07:45:48.634827,6603,5442,2246,0
2026-08-23 07:45:48.634847,6680,5470,2270,0
2026-08-23 07:45:48.634867,6519,5319,0,0
2026-08-23 07:45:48.634887,6528,5499,2448,0
2026-08-23 07:45:48.634907,6703,5524,3339,0
2026-08-23 07:45:48.634927,6597,5435,2228,0
2026-08-23 07:45:48.634947,6683,5509,2693,0
2026-08-23 07:45:48.634967,6604,5493,2601,0
2026-08-23 07:45:48.634987,6692,5472,2655,0
2026-08-23 07:45:48.635007,6606,5422,2172,0
2026-08-23 07:45:48.635027,6677,5444,2260,0
2026-08-23 07:45:48.635047,6514,5279,0,0
2026-08-23 07:45:48.635067,6585,5464,2446,0
2026-08-23 07:45:48.635087,6698,5524,3305,0
2026-08-23 07:45:48.635107,6603,5473,2226,0
2026-08-23 07:45:48.635127,6687,5468,2685,0
2026-08-23 07:45:48.635147,6618,5482,2600,0
2026-08-23 07:45:48.635167,6709,5512,2681,0
2026-08-23 07:45:48.635187,6610,5432,2214,0
2026-08-23 07:45:48.635207,6671,5478,2261,0
2026-08-23 07:45:48.635227,6516,5336,23,0
2026-08-23 07:45:48.635247,6581,5487,2442,0
2026-08-23 07:45:48.635267,6715,5551,3350,0
2026-08-23 07:45:48.635287,6608,5433,2229,0
2026-08-23 07:45:48.635307,6687,5495,2681,0
2026-08-23 07:45:48.635327,6606,5488,2591,0
2026-08-23 07:45:48.635347,6686,5473,2701,0
2026-08-23 07:45:48.635367,6603,5461,2223,0
2026-08-23 07:45:48.635387,6676,5444,2263,0
2026-08-23 07:45:48.635407,6519,5330,22,0
2026-08-23 07:45:48.635427,6592,5460,2475,0
2026-08-23 07:45:48.635447,6695,5513,3330,0
2026-08-23 07:45:48.635467,6604,5436,2221,0
2026-08-23 07:45:48.635487,6675,5475,2697,0
2026-08-23 07:45:48.635507,6617,5496,2614,0
2026-08-23 07:45:48.635527,6696,5505,2696,0
2026-08-23 07:45:48.635547,6609,5435,2258,0
2026-08-23 07:45:48.635567,6689,5436,2281,0
2026-08-23 07:45:48.635587,6522,5360,272,0
2026-08-23 07:45:48.635607,6592,5473,2434,0
2026-08-23 07:45:48.635627,6705,5533,3376,0
2026-08-23 07:45:48.635647,6608,5452,2227,0
2026-08-23 07:45:48.635667,6694,5464,2717,0
2026-08-23 07:45:48.635687,6620,5446,2612,0
2026-08-23 07:45:48.635707,6701,5496,2720,0
2026-08-23 07:45:48.635727,6602,5435,2273,0
2026-08-23 07:45:48.635747,6677,5474,2284,0
2026-08-23 07:45:48.635767,6519,5293,37,0
2026-08-23 07:45:48.635787,6596,5455,2524,0
2026-08-23 07:45:48.635807,6704,5544,3314,0
2026-08-23 07:45:48.635827,6613,5419,2237,0
2026-08-23 07:45:48.635847,6678,5488,2669,0
2026-08-23 07:45:48.635867,6611,5477,2589,0
2026-08-23 07:45:48.635887,6702,5496,2670,0
2026-08-23 07:45:48.635907,6606,5456,2242,0
2026-08-23 07:45:48.635927,6675,5478,2268,0
2026-08-23 07:45:48.635947,6513,5270,0,0
2026-08-23 07:45:48.635967,6585,5486,2457,0
2026-08-23 07:45:48.635987,6708,5539,3312,0
2026-08-23 07:45:48.636007,6605,5458,2242,0
2026-08-23 07:45:48.636027,6690,5497,2688,0
2026-08-23 07:45:48.636047,6608,5483,2595,0
2026-08-23 07:45:48.636067,6706,5463,2660,0
2026-08-23 07:45:48.636087,6599,5463,2185,0
2026-08-23 07:45:48.636107,6640,5445,2250,0
2026-08-23 07:45:48.636127,6488,5263,0,0
2026-08-23 07:45:48.636147,6588,5474,2471,0
2026-08-23 07:45:48.636167,6707,5490,3169,0
2026-08-23 07:45:48.636187,6609,5427,2264,0
2026-08-23 07:45:48.636207,6680,5489,2546,0
2026-08-23 07:45:48.636227,6610,5475,2581,0
2026-08-23 07:45:48.636247,6689,5494,2529,0
2026-08-23 07:45:48.636267,6598,5411,1934,0
2026-08-23 07:45:48.636287,6633,5448,2244,0
2026-08-23 07:45:48.636307,6736,5443,103,0
2026-08-23 07:45:48.636327,6594,5471,2457,0
2026-08-23 07:45:48.636347,6702,5501,3089,0
2026-08-23 07:45:48.636367,6606,5471,2265,0
2026-08-23 07:45:48.636387,6688,5474,2472,0
2026-08-23 07:45:48.636407,6609,5474,2507,0
2026-08-23 07:45:48.636427,6698,5464,2570,0
2026-08-23 07:45:48.636447,6580,5393,1563,0
2026-08-23 07:45:48.636467,6623,5457,2227,0
2026-08-23 07:45:48.636487,6694,5520,3059,0
2026-08-23 07:45:48.636507,6638,5448,2445,0
2026-08-23 07:45:48.636527,6694,5487,2963,0
2026-08-23 07:45:48.636547,6607,5419,2224,0
2026-08-23 07:45:48.636567,6674,5480,2417,0
2026-08-23 07:45:48.636587,6608,5457,2426,0
2026-08-23 07:45:48.636607,6686,5490,2505,0
2026-08-23 07:45:48.636627,6563,5386,1065,0
2026-08-23 07:45:48.636647,6604,5415,2229,0
2026-08-23 07:45:48.636667,6687,5485,2961,0
2026-08-23 07:45:48.636687,6609,5467,2458,0
2026-08-23 07:45:48.636707,6698,5506,2881,0
2026-08-23 07:45:48.636727,6601,5419,2182,0
2026-08-23 07:45:48.636747,6669,5478,2347,0
2026-08-23 07:45:48.636767,6596,5468,2308,0
2026-08-23 07:45:48.636787,6675,5490,2522,0
2026-08-23 07:45:48.636807,6554,5368,827,0
2026-08-23 07:45:48.636827,6591,5436,2230,0
2026-08-23 07:45:48.636847,6686,5492,2947,0
2026-08-23 07:45:48.636867,6606,5475,2451,0
2026-08-23 07:45:48.636887,6677,5511,2875,0
2026-08-23 07:45:48.636907,6601,5439,2210,0
2026-08-23 07:45:48.636927,6641,5449,2371,0
2026-08-23 07:45:48.636947,6597,5473,2372,0
2026-08-23 07:45:48.636967,6687,5464,2500,0
2026-08-23 07:45:48.636987,6572,5375,1090,0
2026-08-23 07:45:48.637007,6663,5454,2226,0
2026-08-23 07:45:48.637027,6688,5502,2987,0
2026-08-23 07:45:48.637047,6601,5455,2443,0
2026-08-23 07:45:48.637067,6775,5491,2922,0
2026-08-23 07:45:48.637087,6601,5461,2228,0
2026-08-23 07:45:48.637107,6685,5451,2394,0
2026-08-23 07:45:48.637127,6602,5472,2416,0
2026-08-23 07:45:48.637147,6688,5479,2502,0
2026-08-23 07:45:48.637167,6572,5421,1443,0
2026-08-23 07:45:48.637187,6609,5435,2225,0
2026-08-23 07:45:48.637207,6694,5501,3087,0
2026-08-23 07:45:48.637227,6608,5478,2403,0
2026-08-23 07:45:48.637247,6701,5487,2984,0
2026-08-23 07:45:48.637267,6604,5429,2232,0
2026-08-23 07:45:48.637287,6685,5489,2440,0
2026-08-23 07:45:48.637307,6605,5474,2475,0
2026-08-23 07:45:48.637327,6701,5492,2536,0
2026-08-23 07:45:48.637347,6583,5422,1667,0
2026-08-23 07:45:48.637367,6617,5442,2217,0
2026-08-23 07:45:48.637387,6683,5520,3143,0
2026-08-23 07:45:48.637407,6620,5456,2444,0
2026-08-23 07:45:48.637427,6698,5529,3081,0
2026-08-23 07:45:48.637447,6603,5426,2241,0
2026-08-23 07:45:48.637467,6730,5482,2479,0
2026-08-23 07:45:48.637487,6602,5473,2517,0
2026-08-23 07:45:48.637507,6698,5461,2574,0
2026-08-23 07:45:48.637527,6593,5417,1884,0
2026-08-23 07:45:48.637547,6636,5484,2232,0
2026-08-23 07:45:48.637567,6571,5282,0,0
2026-08-23 07:45:48.637587,6589,5458,2313,0
2026-08-23 07:45:48.637607,6709,5533,3107,0
2026-08-23 07:45:48.637627,6609,5431,2232,0
2026-08-23 07:45:48.637647,6684,5487,2450,0
2026-08-23 07:45:48.637667,6606,5474,2547,0
2026-08-23 07:45:48.637687,6695,5457,2604,0
2026-08-23 07:45:48.637707,6591,5434,1885,0
2026-08-23 07:45:48.637727,6636,5435,2242,0
2026-08-23 07:45:48.637747,6573,5274,0,0
2026-08-23 07:45:48.637767,6594,5446,2652,0
2026-08-23 07:45:48.637787,6703,5490,3106,0
2026-08-23 07:45:48.637807,6606,5421,2204,0
2026-08-23 07:45:48.637827,6682,5455,2524,0
2026-08-23 07:45:48.637847,6614,5448,2539,0
2026-08-23 07:45:48.637867,6700,5469,2600,0
2026-08-23 07:45:48.637887,6593,5443,1958,0
2026-08-23 07:45:48.637907,6637,5449,2237,0
2026-08-23 07:45:48.637927,6551,5163,0,0
2026-08-23 07:45:48.637947,6588,5409,2437,0
2026-08-23 07:45:48.637967,6701,5481,3149,0
2026-08-23 07:45:48.637987,6604,5421,2254,0
2026-08-23 07:45:48.638007,6670,5448,2570,0
2026-08-23 07:45:48.638027,6605,5421,2543,0
2026-08-23 07:45:48.638047,6682,5459,2601,0
2026-08-23 07:45:48.638067,6593,5443,2023,0
2026-08-23 07:45:48.638087,6634,5466,2298,0
2026-08-23 07:45:48.638107,6498,5229,0,0
2026-08-23 07:45:48.638127,6591,5441,2447,0
2026-08-23 07:45:48.638147,6700,5497,3173,0
2026-08-23 07:45:48.638167,6607,5399,2228,0
2026-08-23 07:45:48.638187,6694,5443,2572,0
2026-08-23 07:45:48.638207,6618,5441,2535,0
2026-08-23 07:45:48.638227,6692,5460,2616,0
2026-08-23 07:45:48.638247,6599,5444,2093,0
2026-08-23 07:45:48.638267,6638,5444,2221,0
2026-08-23 07:45:48.638287,6479,5234,0,0
2026-08-23 07:45:48.638307,6587,5445,2441,0
2026-08-23 07:45:48.638327,6690,5502,3218,0
2026-08-23 07:45:48.638347,6596,5460,2247,0
2026-08-23 07:45:48.638367,6675,5463,2608,0
2026-08-23 07:45:48.638387,6621,5488,2572,0
2026-08-23 07:45:48.638407,6712,5504,2623,0
2026-08-23 07:45:48.638427,6603,5419,2150,0
2026-08-23 07:45:48.638447,6675,5425,2253,0
2026-08-23 07:45:48.638467,6452,5251,0,0
2026-08-23 07:45:48.638487,6586,5480,2437,0
2026-08-23 07:45:48.638507,6702,5518,3253,0
2026-08-23 07:45:48.638527,6611,5459,2218,0
2026-08-23 07:45:48.638547,6686,5456,2634,0
2026-08-23 07:45:48.638567,6614,5456,2592,0
2026-08-23 07:45:48.638587,6711,5504,2662,0
2026-08-23 07:45:48.638607,6628,5441,2212,0
2026-08-23 07:45:48.638627,6764,5479,2247,0
2026-08-23 07:45:48.638647,6507,5310,0,0
2026-08-23 07:45:48.638667,6592,5456,2453,0
2026-08-23 07:45:48.638687,6704,5511,3301,0
2026-08-23 07:45:48.638707,6616,5460,2234,0
2026-08-23 07:45:48.638727,6678,5490,2676,0
2026-08-23 07:45:48.638747,6616,5442,2598,0
2026-08-23 07:45:48.638767,6703,5453,2678,0
2026-08-23 07:45:48.638787,6598,5437,2253,0
2026-08-23 07:45:48.638807,6680,5473,2262,0
2026-08-23 07:45:48.638827,6520,5327,9,0
2026-08-23 07:45:48.638847,6590,5456,2440,0
2026-08-23 07:45:48.638867,6710,5512,3346,0
2026-08-23 07:45:48.638887,6610,5424,2221,0
2026-08-23 07:45:48.638907,6680,5496,2697,0
2026-08-23 07:45:48.638927,6748,5444,2574,0
2026-08-23 07:45:48.638947,6703,5464,2699,0
2026-08-23 07:45:48.638967,6620,5428,2263,0
2026-08-23 07:45:48.638987,6678,5442,2267,0
2026-08-23 07:45:48.639007,6534,5312,342,0
2026-08-23 07:45:48.639027,6586,5479,2447,0
2026-08-23 07:45:48.639047,6706,5547,3395,0
2026-08-23 07:45:48.639067,6609,5451,2232,0
2026-08-23 07:45:48.639087,6679,5502,2724,0
2026-08-23 07:45:48.639107,6629,5486,2611,0
2026-08-23 07:45:48.639127,6705,5468,2703,0
2026-08-23 07:45:48.639147,6616,5465,2247,0
2026-08-23 07:45:48.639167,6676,5465,2277,0
2026-08-23 07:45:48.639187,6506,5295,0,0
2026-08-23 07:45:48.639207,6583,5448,2457,0
2026-08-23 07:45:48.639227,6706,5540,3256,0
2026-08-23 07:45:48.639247,6604,5450,2243,0
2026-08-23 07:45:48.639267,6677,5493,2626,0
2026-08-23 07:45:48.639287,6609,5491,2600,0
2026-08-23 07:45:48.639307,6697,5465,2621,0
2026-08-23 07:45:48.639327,6591,5462,2107,0
2026-08-23 07:45:48.639347,6670,5447,2234,0
2026-08-23 07:45:48.639367,6480,5259,0,0
2026-08-23 07:45:48.639387,6591,5460,2462,0
2026-08-23 07:45:48.639407,6694,5521,3189,0
2026-08-23 07:45:48.639427,6610,5417,2249,0
2026-08-23 07:45:48.639447,6678,5488,2595,0
2026-08-23 07:45:48.639467,6614,5449,2583,0
2026-08-23 07:45:48.639487,6707,5453,2601,0
2026-08-23 07:45:48.639507,6589,5417,2056,0
2026-08-23 07:45:48.639527,6640,5472,2258,0
2026-08-23 07:45:48.639547,6490,5236,0,0
2026-08-23 07:45:48.639567,6591,5458,2451,0
2026-08-23 07:45:48.639587,6713,5518,3186,0
2026-08-23 07:45:48.639607,6606,5427,2237,0
2026-08-23 07:45:48.639627,6689,5451,2589,0
2026-08-23 07:45:48.639647,6606,5446,2571,0
2026-08-23 07:45:48.639667,6693,5468,2627,0
2026-08-23 07:45:48.639687,6599,5444,2138,0
2026-08-23 07:45:48.639707,6637,5460,2230,0
2026-08-23 07:45:48.639727,6478,5273,0,0
2026-08-23 07:45:48.639747,6593,5444,2438,0
2026-08-23 07:45:48.639767,6704,5528,3218,0
2026-08-23 07:45:48.639787,6605,5449,2224,0
2026-08-23 07:45:48.639807,6683,5488,2612,0
2026-08-23 07:45:48.639827,6618,5447,2586,0
2026-08-23 07:45:48.639847,6694,5499,2650,0
2026-08-23 07:45:48.639867,6550,5423,2121,0
2026-08-23 07:45:48.639887,6679,5451,2200,0
2026-08-23 07:45:48.639907,6487,5234,0,0
2026-08-23 07:45:48.639927,6590,5445,2454,0
2026-08-23 07:45:49.479492,6688,5503,3213,0
2026-08-23 07:45:49.479512,6607,5427,2224,0
2026-08-23 07:45:49.479532,6674,5480,2588,0
2026-08-23 07:45:49.479552,6609,5468,2583,0
2026-08-23 07:45:49.479572,6699,5474,2614,0
2026-08-23 07:45:49.479592,6586,5426,2010,0
2026-08-23 07:45:49.479612,6632,5491,2259,0
2026-08-23 07:45:49.479632,6494,5215,0,0
2026-08-23 07:45:49.479652,6588,5425,2447,0
2026-08-23 07:45:49.479672,6705,5501,3150,0
2026-08-23 07:45:49.479692,6610,5404,2244,0
2026-08-23 07:45:49.479712,6681,5446,2533,0
2026-08-23 07:45:49.479732,6603,5442,2527,0
2026-08-23 07:45:49.479752,6691,5485,2611,0
2026-08-23 07:45:49.479772,6587,5413,1989,0
2026-08-23 07:45:49.479792,6663,5452,2251,0
2026-08-23 07:45:49.479812,6512,5221,0,0
2026-08-23 07:45:49.479832,6583,5416,2441,0
2026-08-23 07:45:49.479852,6694,5512,3452,0
2026-08-23 07:45:49.479872,6608,5421,2245,0
2026-08-23 07:45:49.479892,6681,5451,2546,0
2026-08-23 07:45:49.479912,6608,5470,2545,0
2026-08-23 07:45:49.479932,6705,5465,2607,0
2026-08-23 07:45:49.479952,6604,5421,2158,0
2026-08-23 07:45:49.479972,6667,5483,2226,0
2026-08-23 07:45:49.479992,6483,5248,0,0
2026-08-23 07:45:49.480012,6664,5481,2435,0
2026-08-23 07:45:49.480032,6704,5493,3215,0
2026-08-23 07:45:49.480052,6607,5470,2235,0
2026-08-23 07:45:49.480072,6683,5459,2629,0
2026-08-23 07:45:49.480092,6609,5475,2547,0
2026-08-23 07:45:49.480112,6697,5480,2646,0
2026-08-23 07:45:49.480132,6609,5470,2232,0
2026-08-23 07:45:49.480152,6671,5492,2250,0
2026-08-23 07:45:49.480172,6531,5293,0,0
2026-08-23 07:45:49.480192,6580,5491,2458,0
2026-08-23 07:45:49.480212,6717,5515,3349,0
2026-08-23 07:45:49.480232,6618,5435,2218,0
2026-08-23 07:45:49.480252,6688,5509,2729,0
2026-08-23 07:45:49.480272,6612,5457,2572,0
2026-08-23 07:45:49.480292,6701,5504,2730,0
2026-08-23 07:45:49.480312,6606,5433,2302,0
2026-08-23 07:45:49.480332,6691,5447,2284,0
2026-08-23 07:45:49.480352,6566,5342,801,0
2026-08-23 07:45:49.480372,6596,5453,2445,0
2026-08-23 07:45:49.480392,6580,5294,0,0
2026-08-23 07:45:49.480412,6585,5414,2202,0
2026-08-23 07:45:49.480432,6684,5470,2831,0
2026-08-23 07:45:49.480452,6621,5452,2521,0
2026-08-23 07:45:49.480472,6703,5518,2789,0
2026-08-23 07:45:49.480492,6600,5477,2342,0
2026-08-23 07:45:49.480512,6689,5473,2315,0
2026-08-23 07:45:49.480532,6572,5366,1226,0
2026-08-23 07:45:49.480552,6611,5456,2302,0
2026-08-23 07:45:49.480572,6489,5232,0,0
2026-08-23 07:45:49.480592,6581,5452,2198,0
2026-08-23 07:45:49.480612,6687,5492,2878,0
2026-08-23 07:45:49.480632,6621,5448,2549,0
2026-08-23 07:45:49.480652,6703,5510,2793,0
2026-08-23 07:45:49.480672,6605,5464,2347,0
2026-08-23 07:45:49.480692,6678,5482,2325,0
2026-08-23 07:45:49.480712,6573,5381,1234,0
2026-08-23 07:45:49.480732,6611,5486,2469,0
2026-08-23 07:45:49.480752,6487,5239,0,0
2026-08-23 07:45:49.480772,6576,5432,2205,0
2026-08-23 07:45:49.480792,6686,5461,2887,0
2026-08-23 07:45:49.480812,6617,5478,2540,0
2026-08-23 07:45:49.480832,6694,5500,2822,0
2026-08-23 07:45:49.480852,6620,5427,2367,0
2026-08-23 07:45:49.480872,6676,5433,2337,0
2026-08-23 07:45:49.480892,6571,5366,1505,0
2026-08-23 07:45:49.480912,6631,5446,2492,0
2026-08-23 07:45:49.480932,6514,5273,0,0
2026-08-23 07:45:49.480952,6571,5471,2208,0
2026-08-23 07:45:49.480972,6731,5374,127,0
2026-08-23 07:45:49.480992,6591,5487,2508,0
2026-08-23 07:45:49.481012,6708,5473,2900,0
2026-08-23 07:45:49.481032,6612,5454,2358,0
2026-08-23 07:45:49.481052,6687,5483,2374,0
2026-08-23 07:45:49.481072,6599,5438,1826,0
2026-08-23 07:45:49.481092,6633,5479,2477,0
2026-08-23 07:45:49.481112,6543,5301,366,0
2026-08-23 07:45:49.481132,6585,5456,2192,0
2026-08-23 07:45:49.481152,6494,5228,0,0
2026-08-23 07:45:49.481172,6585,5429,2517,0
2026-08-23 07:45:49.481192,6692,5519,2963,0
2026-08-23 07:45:49.481212,6604,5463,2349,0
2026-08-23 07:45:49.481232,6680,5473,2419,0
2026-08-23 07:45:49.481252,6585,5408,1896,0
2026-08-23 07:45:49.481272,6629,5451,2487,0
2026-08-23 07:45:49.481292,6538,5341,402,0
2026-08-23 07:45:49.481312,6588,5466,2210,0
2026-08-23 07:45:49.481332,6489,5228,0,0
2026-08-23 07:45:49.481352,6582,5462,2530,0
2026-08-23 07:45:49.481372,6706,5475,2924,0
2026-08-23 07:45:49.481392,6609,5416,2343,0
2026-08-23 07:45:49.481412,6687,5445,2414,0
2026-08-23 07:45:49.481432,6625,5403,1852,0
2026-08-23 07:45:49.481452,6636,5492,2493,0
2026-08-23 07:45:49.481472,6542,5319,364,0
2026-08-23 07:45:49.481492,6492,5467,2199,0
2026-08-23 07:45:49.481512,6504,5222,0,0
2026-08-23 07:45:49.481532,6586,5469,2524,0
2026-08-23 07:45:49.481552,6705,5482,2953,0
2026-08-23 07:45:49.481572,6609,5445,2346,0
2026-08-23 07:45:49.481592,6683,5453,2404,0
2026-08-23 07:45:49.481612,6593,5410,1875,0
2026-08-23 07:45:49.481632,6632,5500,2495,0
2026-08-23 07:45:49.481652,6543,5310,384,0
2026-08-23 07:45:49.481672,6591,5441,2220,0
2026-08-23 07:45:49.481692,6551,5184,0,0
2026-08-23 07:45:49.481712,6594,5410,2536,0
2026-08-23 07:45:49.481732,6698,5501,2902,0
2026-08-23 07:45:49.481752,6613,5456,2372,0
2026-08-23 07:45:49.481772,6698,5459,2361,0
2026-08-23 07:45:49.481792,6582,5380,1634,0
2026-08-23 07:45:49.481812,6630,5450,2482,0
2026-08-23 07:45:49.481832,6511,5278,0,0
2026-08-23 07:45:49.481852,6584,5449,2223,0
2026-08-23 07:45:49.481872,6680,5482,2890,0
2026-08-23 07:45:49.481892,6619,5484,2543,0
2026-08-23 07:45:49.481912,6709,5475,2851,0
2026-08-23 07:45:49.481932,6616,5417,2363,0
2026-08-23 07:45:49.481952,6686,5456,2363,0
2026-08-23 07:45:49.481972,6577,5376,1443,0
2026-08-23 07:45:49.481992,6613,5482,2492,0
2026-08-23 07:45:49.482012,6501,5255,0,0
2026-08-23 07:45:49.482032,6585,5406,2214,0
2026-08-23 07:45:49.482052,6688,5449,2887,0
2026-08-23 07:45:49.482072,6620,5443,2581,0
2026-08-23 07:45:49.482092,6705,5479,2813,0
2026-08-23 07:45:49.482112,6614,5440,2362,0
2026-08-23 07:45:49.482132,6691,5460,2321,0
2026-08-23 07:45:49.482152,6575,5403,1282,0
2026-08-23 07:45:49.482172,6614,5455,2463,0
2026-08-23 07:45:49.482192,6483,5221,0,0
2026-08-23 07:45:49.482212,6576,5419,2206,0
2026-08-23 07:45:49.482232,6676,5502,2874,0
2026-08-23 07:45:49.482252,6609,5475,2500,0
2026-08-23 07:45:49.482272,6709,5472,2808,0
2026-08-23 07:45:49.482292,6618,5435,2321,0
2026-08-23 07:45:49.482312,6684,5446,2289,0
2026-08-23 07:45:49.482332,6566,5370,948,0
2026-08-23 07:45:49.482352,6599,5485,2466,0
2026-08-23 07:45:49.482372,6608,5365,0,0
2026-08-23 07:45:49.482392,6586,5472,2220,0
2026-08-23 07:45:49.482412,6684,5461,2770,0
2026-08-23 07:45:49.482432,6615,5473,2586,0
2026-08-23 07:45:49.482452,6707,5467,2714,0
2026-08-23 07:45:49.482472,6602,5463,2315,0
2026-08-23 07:45:49.482492,6676,5453,2290,0
2026-08-23 07:45:49.482512,6549,5321,567,0
2026-08-23 07:45:49.482532,6598,5490,2450,0
2026-08-23 07:45:49.482552,6709,5536,3943,0
2026-08-23 07:45:49.482572,6616,5459,2226,0
2026-08-23 07:45:49.482592,6687,5514,2750,0
2026-08-23 07:45:49.482612,6616,5462,2599,0
2026-08-23 07:45:49.482632,6698,5510,2692,0
2026-08-23 07:45:49.482652,6613,5454,2274,0
2026-08-23 07:45:49.482672,6680,5446,2267,0
2026-08-23 07:45:49.482692,6524,5288,0,0
2026-08-23 07:45:49.482712,6585,5496,2440,0
2026-08-23 07:45:49.482732,6692,5540,3290,0
2026-08-23 07:45:49.482752,6613,5432,2233,0
2026-08-23 07:45:49.482772,6690,5470,2676,0
2026-08-23 07:45:49.482792,6606,5484,2531,0
2026-08-23 07:45:49.482812,6702,5462,2660,0
2026-08-23 07:45:49.482832,6606,5447,2262,0
2026-08-23 07:45:49.482852,6669,5440,2257,0
2026-08-23 07:45:49.482872,6531,5274,13,0
2026-08-23 07:45:49.482892,6589,5458,2436,0
2026-08-23 07:45:49.482912,6711,5501,3312,0
2026-08-23 07:45:49.482932,6613,5480,2224,0
2026-08-23 07:45:49.482952,6694,5475,2974,0
2026-08-23 07:45:49.482972,6608,5511,2580,0
2026-08-23 07:45:49.482992,6706,5466,2686,0
2026-08-23 07:45:49.483012,6617,5471,2299,0
2026-08-23 07:45:49.483032,6673,5474,2266,0
2026-08-23 07:45:49.483052,6530,5311,496,0
2026-08-23 07:45:49.483072,6600,5463,2449,0
2026-08-23 07:45:49.483092,6725,5524,3352,0
2026-08-23 07:45:49.483112,6607,5488,2225,0
2026-08-23 07:45:49.483132,6686,5480,2726,0
2026-08-23 07:45:49.483152,6623,5465,2595,0
2026-08-23 07:45:49.483172,6700,5493,2711,0
2026-08-23 07:45:49.483192,6510,5441,2330,0
2026-08-23 07:45:49.483212,6676,5484,2270,0
2026-08-23 07:45:49.483232,6543,5328,461,0
2026-08-23 07:45:49.483252,6588,5498,2453,0
2026-08-23 07:45:49.483272,6706,5528,4059,0
2026-08-23 07:45:49.483292,6620,5447,2233,0
2026-08-23 07:45:49.483312,6688,5487,2737,0
2026-08-23 07:45:49.483332,6620,5461,2587,0
2026-08-23 07:45:49.483352,6706,5520,2713,0
2026-08-23 07:45:49.483372,6620,5479,2307,0
2026-08-23 07:45:49.483392,6688,5485,2269,0
2026-08-23 07:45:49.483412,6542,5343,461,0
2026-08-23 07:45:49.483432,6594,5501,2457,0
2026-08-23 07:45:49.483452,6706,5527,3392,0
2026-08-23 07:45:49.483472,6610,5454,2197,0
2026-08-23 07:45:49.483492,6674,5510,2748,0
2026-08-23 07:45:49.483512,6631,5457,2583,0
2026-08-23 07:45:49.483532,6699,5507,2722,0
2026-08-23 07:45:49.483552,6608,5439,2307,0
2026-08-23 07:45:49.483572,6679,5487,2239,0
2026-08-23 07:45:49.483592,6547,5330,524,0
2026-08-23 07:45:49.483612,6605,5462,2447,0
2026-08-23 07:45:49.483632,6717,5526,3461,0
2026-08-23 07:45:49.483652,6607,5454,2231,0
2026-08-23 07:45:49.483672,6676,5468,2727,0
2026-08-23 07:45:49.483692,6609,5457,2590,0
2026-08-23 07:45:49.483712,6701,5471,2706,0
2026-08-23 07:45:49.483732,6596,5441,2254,0
2026-08-23 07:45:49.483752,6702,5478,2271,0
2026-08-23 07:45:49.483772,6508,5316,0,0
2026-08-23 07:45:49.483792,6625,5491,2457,0
2026-08-23 07:45:49.483812,6695,5511,3261,0
2026-08-23 07:45:49.483832,6597,5477,2254,0
2026-08-23 07:45:49.483852,6674,5471,2631,0
2026-08-23 07:45:49.483872,6611,5490,2596,0
2026-08-23 07:45:49.483892,6698,5472,2651,0
2026-08-23 07:45:49.483912,6603,5465,2191,0
2026-08-23 07:45:49.483932,6682,5442,2232,0
2026-08-23 07:45:49.483952,6504,5257,0,0
2026-08-23 07:45:49.483972,6592,5478,2434,0
2026-08-23 07:45:49.483992,6709,5499,3235,0
2026-08-23 07:45:49.484012,6615,5459,2238,0
2026-08-23 07:45:49.484032,6682,5466,2631,0
2026-08-23 07:45:49.484052,6621,5452,2594,0
2026-08-23 07:45:49.484072,6700,5498,2656,0
2026-08-23 07:45:49.484092,6614,5453,2162,0
2026-08-23 07:45:49.484112,6672,5439,2251,0
2026-08-23 07:45:49.484132,6487,5267,0,0
2026-08-23 07:45:49.484152,6580,5440,2457,0
2026-08-23 07:45:49.484172,6703,5496,3217,0
2026-08-23 07:45:49.484192,6610,5457,2238,0
2026-08-23 07:45:49.484212,6682,5483,2592,0
2026-08-23 07:45:49.484232,6609,5472,2592,0
2026-08-23 07:45:49.484252,6695,5453,2614,0
2026-08-23 07:45:49.484272,6593,5448,2000,0
2026-08-23 07:45:49.484292,6669,5441,2239,0
2026-08-23 07:45:49.484312,6520,5206,0,0
2026-08-23 07:45:49.484332,6589,5431,2450,0
2026-08-23 07:45:49.484352,6700,5461,3145,0
2026-08-23 07:45:49.484372,6606,5434,2242,0
2026-08-23 07:45:49.484392,6681,5459,2518,0
2026-08-23 07:45:49.484412,6613,5486,2549,0
2026-08-23 07:45:49.484432,6699,5456,2588,0
2026-08-23 07:45:49.484452,6600,5396,1707,0
2026-08-23 07:45:49.484472,6623,5456,2252,0
2026-08-23 07:45:49.484492,6701,5519,3120,0
2026-08-23 07:45:49.484512,6604,5447,2462,0
2026-08-23 07:45:49.484532,6759,5499,2957,0
2026-08-23 07:45:49.484552,6611,5423,2227,0
2026-08-23 07:45:49.484572,6676,5444,2401,0
2026-08-23 07:45:49.484592,6612,5441,2400,0
2026-08-23 07:45:49.484612,6687,5495,2475,0
2026-08-23 07:45:49.484632,6571,5372,1157,0
2026-08-23 07:45:49.484652,6607,5452,2230,0
2026-08-23 07:45:49.484672,6693,5499,2956,0
2026-08-23 07:45:49.484692,6614,5469,2437,0
2026-08-23 07:45:49.484712,6700,5536,2879,0
2026-08-23 07:45:49.484732,6609,5431,2230,0
2026-08-23 07:45:49.484752,6673,5454,2338,0
2026-08-23 07:45:49.484772,6731,5482,2343,0
2026-08-23 07:45:49.484792,6688,5471,2499,0
2026-08-23 07:45:49.484812,6569,5396,1005,0
2026-08-23 07:45:49.484832,6597,5475,2217,0
2026-08-23 07:45:49.484852,6695,5502,2911,0
2026-08-23 07:45:49.484872,6614,5446,2444,0
2026-08-23 07:45:49.484892,6701,5508,2854,0
2026-08-23 07:45:49.484912,6601,5446,2219,0
2026-08-23 07:45:49.484932,6680,5451,2357,0
2026-08-23 07:45:49.484952,6610,5436,2351,0
2026-08-23 07:45:49.484972,6689,5441,2486,0
2026-08-23 07:45:49.484992,6571,5397,1283,0
2026-08-23 07:45:49.485012,6609,5480,2215,0
2026-08-23 07:45:49.485032,6691,5520,2980,0
2026-08-23 07:45:49.485052,6623,5448,2443,0
2026-08-23 07:45:49.485072,6709,5489,3177,0
2026-08-23 07:45:49.485092,6592,5461,2234,0
2026-08-23 07:45:49.485112,6678,5453,2394,0
2026-08-23 07:45:49.485132,6604,5472,2373,0
2026-08-23 07:45:49.485152,6688,5462,2511,0
2026-08-23 07:45:49.485172,6560,5388,907,0
2026-08-23 07:45:49.485192,6587,5446,2234,0
2026-08-23 07:45:49.485212,6698,5517,2910,0
2026-08-23 07:45:49.485232,6615,5437,2444,0
2026-08-23 07:45:49.485252,6709,5508,2829,0
2026-08-23 07:45:49.485272,6549,5443,2192,0
2026-08-23 07:45:49.485292,6663,5434,2331,0
2026-08-23 07:45:49.485312,6597,5417,2100,0
2026-08-23 07:45:49.485332,6640,5519,2503,0
2026-08-23 07:45:49.485352,6520,5291,0,0
2026-08-23 07:45:49.485372,6596,5447,2270,0
2026-08-23 07:45:49.485392,6694,5515,2783,0
2026-08-23 07:45:49.485412,6608,5466,2411,0
2026-08-23 07:45:49.485432,6691,5474,2705,0
2026-08-23 07:45:49.485452,6595,5410,1973,0
2026-08-23 07:45:49.485472,6681,5472,2258,0
2026-08-23 07:45:49.485492,6582,5396,1342,0
2026-08-23 07:45:49.485512,6614,5490,2503,0
2026-08-23 07:45:49.485532,6717,5502,3233,0
2026-08-23 07:45:49.485552,6621,5414,2308,0
2026-08-23 07:45:49.485572,6678,5459,2589,0
2026-08-23 07:45:49.485592,6604,5452,2277,0
2026-08-23 07:45:49.485612,6679,5506,2598,0
2026-08-23 07:45:49.485632,6582,5389,1510,0
2026-08-23 07:45:49.485652,6617,5456,2220,0
2026-08-23 07:45:49.485672,6541,5314,270,0
2026-08-23 07:45:49.485692,6589,5497,2515,0
2026-08-23 07:45:49.485712,6709,5505,3097,0
2026-08-23 07:45:49.485732,6613,5458,2349,0
2026-08-23 07:45:49.485752,6688,5470,2466,0
2026-08-23 07:45:49.485772,6722,5454,2106,0
2026-08-23 07:45:49.485792,6678,5454,2527,0
2026-08-23 07:45:49.485812,6561,5385,1000,0
2026-08-23 07:45:49.485832,6595,5445,2203,0
2026-08-23 07:45:49.485852,6509,5316,0,0
2026-08-23 07:45:49.485872,6588,5500,2478,0
2026-08-23 07:45:49.485892,6705,5482,3015,0
2026-08-23 07:45:49.485912,6615,5471,2357,0
2026-08-23 07:45:49.485932,6679,5489,2165,0
2026-08-23 07:45:49.485952,6611,5420,2082,0
2026-08-23 07:45:49.485972,6674,5446,2511,0
2026-08-23 07:45:49.485992,6561,5394,1084,0
2026-08-23 07:45:49.486012,6596,5475,2209,0
2026-08-23 07:45:49.486032,6516,5312,0,0
2026-08-23 07:45:49.486052,6591,5460,2505,0
2026-08-23 07:45:49.486072,6704,5495,3037,0
2026-08-23 07:45:49.486092,6610,5458,2327,0
2026-08-23 07:45:49.486112,6686,5464,2473,0
2026-08-23 07:45:49.486132,6596,5475,2101,0
2026-08-23 07:45:49.486152,6669,5488,2534,0
2026-08-23 07:45:49.486172,6557,5376,1006,0
2026-08-23 07:45:49.486192,6592,5427,2211,0
2026-08-23 07:45:49.486212,6512,5310,0,0
2026-08-23 07:45:49.486232,6585,5454,2473,0
2026-08-23 07:45:49.486252,6692,5499,3045,0
2026-08-23 07:45:49.486272,6616,5475,2317,0
2026-08-23 07:45:49.486292,6691,5489,2464,0
2026-08-23 07:45:49.486312,6591,5454,2148,0
2026-08-23 07:45:49.486332,6676,5492,2543,0
2026-08-23 07:45:49.486352,6571,5382,1301,0
2026-08-23 07:45:49.486372,6606,5436,2205,0
2026-08-23 07:45:49.486392,6549,5320,473,0
2026-08-23 07:45:49.486412,6596,5486,2481,0
2026-08-23 07:45:49.486432,6704,5502,3145,0
2026-08-23 07:45:49.486452,6618,5443,2298,0
2026-08-23 07:45:49.486472,6678,5484,2540,0
2026-08-23 07:45:49.486492,6598,5467,2127,0
2026-08-23 07:45:49.486512,6684,5471,2585,0
2026-08-23 07:45:49.486532,6585,5402,1693,0
2026-08-23 07:45:49.486552,6619,5448,2215,0
2026-08-23 07:45:49.486572,6575,5383,1184,0
2026-08-23 07:45:49.486592,6614,5476,2464,0
2026-08-23 07:45:49.486612,6581,5264,0,0
2026-08-23 07:45:49.486632,6589,5444,2264,0
2026-08-23 07:45:49.486652,6686,5480,2701,0
2026-08-23 07:45:49.486672,6596,5454,2376,0
2026-08-23 07:45:49.486692,6691,5448,2715,0
2026-08-23 07:45:49.486712,6606,5402,2087,0
2026-08-23 07:45:49.486732,6666,5466,2275,0
2026-08-23 07:45:49.486752,6591,5435,2082,0
2026-08-23 07:45:49.486772,6641,5487,2462,0
2026-08-23 07:45:49.486792,6550,5345,447,0
2026-08-23 07:45:49.486812,6585,5460,2216,0
2026-08-23 07:45:49.486832,6687,5486,2900,0
2026-08-23 07:45:49.486852,6613,5439,2417,0
2026-08-23 07:45:49.486872,6695,5507,2900,0
2026-08-23 07:45:49.486892,6613,5462,2226,0
2026-08-23 07:45:49.486912,6673,5480,2354,0
2026-08-23 07:45:49.486932,6611,5412,2384,0
2026-08-23 07:45:49.486952,6688,5453,2505,0
2026-08-23 07:45:49.486972,6587,5390,1626,0
2026-08-23 07:45:49.486992,6623,5475,2217,0
2026-08-23 07:45:49.487012,6692,5528,3119,0
2026-08-23 07:45:49.487032,6604,5441,2433,0
2026-08-23 07:45:49.487052,6708,5492,3010,0
2026-08-23 07:45:49.487072,6611,5472,2238,0
2026-08-23 07:45:49.487092,6673,5490,2489,0
2026-08-23 07:45:49.487112,6602,5473,2486,0
2026-08-23 07:45:49.487132,6686,5468,2549,0
2026-08-23 07:45:49.487152,6582,5439,1767,0
2026-08-23 07:45:49.487172,6630,5491,2252,0
2026-08-23 07:45:49.487192,6695,5508,3106,0
2026-08-23 07:45:49.487212,6620,5456,2462,0
2026-08-23 07:45:49.487232,6708,5495,2977,0
2026-08-23 07:45:49.487252,6603,5463,2252,0
2026-08-23 07:45:49.487272,6688,5447,2395,0
2026-08-23 07:45:49.487292,6613,5442,2441,0
2026-08-23 07:45:49.487312,6682,5478,2525,0
2026-08-23 07:45:49.487332,6584,5423,1602,0
2026-08-23 07:45:49.487352,6609,5440,2227,0
2026-08-23 07:45:49.487372,6642,5544,3081,0
2026-08-23 07:45:49.487392,6616,5442,2458,0
2026-08-23 07:45:49.487412,6702,5480,2984,0
2026-08-23 07:45:49.487432,6604,5455,2257,0
2026-08-23 07:45:49.487452,6675,5474,2413,0
2026-08-23 07:45:49.487472,6611,5442,2457,0
2026-08-23 07:45:49.487492,6691,5475,2533,0
2026-08-23 07:45:49.487512,6576,5411,1508,0
2026-08-23 07:45:49.487532,6612,5475,2232,0
2026-08-23 07:45:49.487552,6698,5495,2969,0
2026-08-23 07:45:49.487572,6618,5487,2469,0
2026-08-23 07:45:49.487592,6701,5513,2871,0
2026-08-23 07:45:49.487612,6610,5422,2243,0
2026-08-23 07:45:49.487632,6675,5442,2330,0
2026-08-23 07:45:49.487652,6608,5470,2342,0
2026-08-23 07:45:49.487672,6683,5453,2497,0
2026-08-23 07:45:49.487692,6554,5370,718,0
2026-08-23 07:45:49.487712,6592,5438,2247,0
2026-08-23 07:45:49.487732,6694,5470,2866,0
2026-08-23 07:45:49.487752,6610,5477,2451,0
2026-08-23 07:45:49.487772,6700,5506,2790,0
2026-08-23 07:45:49.487792,6603,5449,2168,0
2026-08-23 07:45:49.487812,6673,5469,2316,0
2026-08-23 07:45:49.487832,6603,5437,1914,0
2026-08-23 07:45:49.487852,6638,5449,2512,0
2026-08-23 07:45:49.487872,6584,5216,0,0
2026-08-23 07:45:49.487892,6593,5409,2317,0
2026-08-23 07:45:49.487912,6685,5468,2632,0
2026-08-23 07:45:49.487932,6602,5442,2331,0
2026-08-23 07:45:49.487952,6687,5473,2589,0
2026-08-23 07:45:49.487972,6565,5399,1400,0
2026-08-23 07:45:49.487992,6620,5452,2231,0
2026-08-23 07:45:49.488012,6516,5279,0,0
2026-08-23 07:45:49.488032,6598,5470,2527,0
2026-08-23 07:45:49.488052,6702,5500,3005,0
2026-08-23 07:45:49.488072,6615,5436,2376,0
2026-08-23 07:45:49.488092,6692,5445,2417,0
2026-08-23 07:45:49.488112,6588,5400,1857,0
2026-08-23 07:45:49.488132,6625,5489,2495,0
2026-08-23 07:45:49.488152,6527,5296,90,0
2026-08-23 07:45:49.488172,6587,5451,2222,0
2026-08-23 07:45:49.488192,6685,5528,2912,0
2026-08-23 07:45:49.488212,6622,5457,2595,0
2026-08-23 07:45:49.488232,6711,5503,2826,0
2026-08-23 07:45:49.488252,6611,5481,2416,0
2026-08-23 07:45:49.488272,6685,5480,2309,0
2026-08-23 07:45:49.488292,6563,5382,994,0
2026-08-23 07:45:49.488312,6604,5472,2471,0
2026-08-23 07:45:49.488332,6625,5411,0,0
2026-08-23 07:45:49.488352,6593,5427,2238,0
2026-08-23 07:45:49.488372,6615,5468,2721,0
2026-08-23 07:45:49.488392,6616,5490,2603,0
2026-08-23 07:45:49.488412,6685,5481,2686,0
2026-08-23 07:45:49.488432,6613,5438,2326,0
2026-08-23 07:45:49.488452,6676,5482,2255,0
2026-08-23 07:45:49.488472,6514,5316,0,0
2026-08-23 07:45:49.488492,6582,5477,2475,0
2026-08-23 07:45:49.488512,6702,5519,3239,0
2026-08-23 07:45:49.488532,6602,5451,2256,0
2026-08-23 07:45:49.488552,6679,5491,2606,0
2026-08-23 07:45:49.488572,6615,5484,2608,0
2026-08-23 07:45:49.488592,6698,5488,2614,0
2026-08-23 07:45:49.488612,6604,5416,2073,0
2026-08-23 07:45:49.488632,6669,5445,2240,0
2026-08-23 07:45:49.488652,6697,5494,3130,0
2026-08-23 07:45:49.488672,6617,5450,2476,0
2026-08-23 07:45:49.488692,6597,5529,2974,0
2026-08-23 07:45:49.488712,6606,5450,2285,0
2026-08-23 07:45:49.488732,6676,5483,2407,0
2026-08-23 07:45:49.488752,6609,5436,2390,0
2026-08-23 07:45:49.488772,6677,5466,2528,0
2026-08-23 07:45:49.488792,6569,5362,991,0
2026-08-23 07:45:49.488812,6599,5484,2256,0
2026-08-23 07:45:49.488832,6678,5488,2836,0
2026-08-23 07:45:49.488852,6616,5450,2462,0
2026-08-23 07:45:49.488872,6696,5504,2744,0
2026-08-23 07:45:49.488892,6598,5479,2194,0
2026-08-23 07:45:49.488912,6667,5448,2280,0
2026-08-23 07:45:49.488932,6586,5401,1707,0
2026-08-23 07:45:49.488952,6635,5468,2504,0
2026-08-23 07:45:49.488972,6586,5254,0,0
2026-08-23 07:45:49.488992,6591,5407,2327,0
2026-08-23 07:45:49.489012,6682,5467,2597,0
2026-08-23 07:45:49.489032,6603,5432,2348,0
2026-08-23 07:45:49.489052,6674,5457,2589,0
2026-08-23 07:45:49.489072,6582,5429,1589,0
2026-08-23 07:45:49.489092,6613,5460,2216,0
2026-08-23 07:45:49.489112,6517,5277,0,0
2026-08-23 07:45:49.489132,6576,5457,2536,0
2026-08-23 07:45:49.489152,6700,5527,3005,0
2026-08-23 07:45:49.489172,6609,5478,2387,0
2026-08-23 07:45:49.489192,6690,5478,2427,0
2026-08-23 07:45:49.489212,6596,5413,1957,0
2026-08-23 07:45:49.489232,6666,5501,2490,0
2026-08-23 07:45:49.489252,6540,5332,289,0
2026-08-23 07:45:49.489272,6587,5473,2223,0
2026-08-23 07:45:49.489292,6694,5520,2899,0
2026-08-23 07:45:49.489312,6611,5492,2596,0
2026-08-23 07:45:49.489332,6709,5503,2786,0
2026-08-23 07:45:49.489352,6618,5491,2438,0
2026-08-23 07:45:49.489372,6690,5450,2296,0
2026-08-23 07:45:49.489392,6558,5344,785,0
2026-08-23 07:45:49.489412,6512,5453,2455,0
2026-08-23 07:45:49.489432,6709,5542,3479,0
2026-08-23 07:45:49.489452,6615,5464,2261,0
2026-08-23 07:45:49.489472,6694,5468,2637,0
2026-08-23 07:45:49.489492,6620,5445,2611,0
2026-08-23 07:45:49.489512,6708,5461,2632,0
2026-08-23 07:45:49.489532,6605,5461,2285,0
2026-08-23 07:45:49.489552,6677,5438,2245,0
2026-08-23 07:45:49.489572,6550,5216,0,0
2026-08-23 07:45:49.489592,6592,5433,2474,0
2026-08-23 07:45:49.489612,6707,5488,3021,0
2026-08-23 07:45:49.489632,6608,5412,2319,0
2026-08-23 07:45:49.489652,6688,5425,2463,0
2026-08-23 07:45:49.489672,6608,5432,2502,0
2026-08-23 07:45:49.489692,6695,5452,2532,0
2026-08-23 07:45:49.489712,6582,5408,1375,0
2026-08-23 07:45:49.489732,6611,5472,2341,0
2026-08-23 07:45:49.489752,6690,5475,2843,0
2026-08-23 07:45:49.489772,6619,5475,2470,0
2026-08-23 07:45:49.489792,6702,5470,2734,0
2026-08-23 07:45:49.489812,6599,5463,2233,0
2026-08-23 07:45:49.489832,6670,5479,2289,0
2026-08-23 07:45:49.489852,6591,5406,1870,0
2026-08-23 07:45:49.489872,6634,5496,2492,0
2026-08-23 07:45:49.489892,6519,5274,0,0
2026-08-23 07:45:49.489912,6586,5403,2299,0
2026-08-23 07:45:49.489932,6686,5518,2663,0
2026-08-23 07:45:49.489952,6619,5474,2411,0
2026-08-23 07:45:49.489972,6705,5500,2644,0
2026-08-23 07:45:49.489992,6597,5445,2025,0
2026-08-23 07:45:49.490012,6631,5462,2214,0
2026-08-23 07:45:49.490032,6552,5385,904,0
2026-08-23 07:45:49.490052,6592,5494,2502,0
2026-08-23 07:45:49.490072,6701,5541,3131,0
2026-08-23 07:45:49.490092,6621,5475,2354,0
2026-08-23 07:45:49.490112,6690,5497,2152,0
2026-08-23 07:45:49.490132,6596,5433,2259,0
2026-08-23 07:45:49.490152,6669,5476,2534,0
2026-08-23 07:45:49.490172,6584,5386,1499,0
2026-08-23 07:45:49.490192,6617,5471,2202,0
2026-08-23 07:45:49.490212,6500,5311,0,0
2026-08-23 07:45:49.490232,6593,5500,2519,0
2026-08-23 07:45:49.490252,6702,5527,2980,0
2026-08-23 07:45:49.490272,6623,5474,2416,0
2026-08-23 07:45:49.490292,6695,5451,2410,0
2026-08-23 07:45:49.490312,6602,5451,2028,0
2026-08-23 07:45:49.490332,6668,5480,2484,0
2026-08-23 07:45:49.490352,6558,5335,853,0
2026-08-23 07:45:49.490372,6593,5469,2217,0
2026-08-23 07:45:49.490392,6591,5386,0,0
2026-08-23 07:45:49.490412,6583,5492,2550,0
2026-08-23 07:45:49.490432,6680,5512,2859,0
2026-08-23 07:45:49.490452,6615,5474,2454,0
2026-08-23 07:45:49.490472,6689,5444,2344,0
2026-08-23 07:45:49.490492,6591,5403,1551,0
2026-08-23 07:45:49.490512,6615,5485,2475,0
2026-08-23 07:45:49.490532,6503,5252,0,0
2026-08-23 07:45:49.490552,6583,5464,2229,0
2026-08-23 07:45:49.490572,6682,5502,2796,0
2026-08-23 07:45:49.490592,6624,5485,2610,0
2026-08-23 07:45:49.490612,6698,5521,2725,0
2026-08-23 07:45:49.490632,6620,5431,2451,0
2026-08-23 07:45:49.490652,6688,5455,2274,0
2026-08-23 07:45:49.490672,6547,5333,379,0
2026-08-23 07:45:49.490692,6594,5463,2467,0
2026-08-23 07:45:49.490712,6699,5508,3271,0
2026-08-23 07:45:49.490732,6609,5486,2259,0
2026-08-23 07:45:49.490752,6697,5506,2626,0
2026-08-23 07:45:49.490772,6614,5454,2596,0
2026-08-23 07:45:49.490792,6702,5475,2617,0
2026-08-23 07:45:49.490812,6616,5460,2307,0
2026-08-23 07:45:49.490832,6675,5496,2226,0
2026-08-23 07:45:49.490852,6493,5280,0,0
2026-08-23 07:45:49.490872,6583,5489,2455,0
2026-08-23 07:45:49.490892,6704,5529,3120,0
2026-08-23 07:45:49.490912,6610,5470,2274,0
2026-08-23 07:45:49.490932,6684,5455,2498,0
2026-08-23 07:45:49.490952,6611,5484,2570,0
2026-08-23 07:45:49.490972,6687,5462,2587,0
2026-08-23 07:45:49.490992,6604,5468,2205,0
2026-08-23 07:45:49.491012,6677,5456,2216,0
2026-08-23 07:45:49.491032,6529,5196,0,0
2026-08-23 07:45:49.491052,6602,5418,2447,0
2026-08-23 07:45:49.491072,6701,5470,3126,0
2026-08-23 07:45:49.491092,6613,5438,2273,0
2026-08-23 07:45:49.491112,6682,5440,2492,0
2026-08-23 07:45:49.491132,6617,5438,2546,0
2026-08-23 07:45:49.491152,6692,5449,2529,0
2026-08-23 07:45:49.491172,6609,5421,2185,0
2026-08-23 07:45:49.491192,6678,5457,2217,0
2026-08-23 07:45:49.491212,6552,5172,0,0
2026-08-23 07:45:49.491232,6593,5417,2449,0
2026-08-23 07:45:49.491252,6700,5479,3054,0
2026-08-23 07:45:49.491272,6611,5405,2276,0
2026-08-23 07:45:49.491292,6685,5429,2478,0
2026-08-23 07:45:49.491312,6613,5433,2528,0
2026-08-23 07:45:49.491332,6694,5485,2544,0
2026-08-23 07:45:49.491352,6596,5454,2202,0
2026-08-23 07:45:49.491372,6681,5420,2219,0
2026-08-23 07:45:49.491392,6548,5164,0,0
2026-08-23 07:45:49.491412,6593,5391,2457,0
2026-08-23 07:45:49.491432,6699,5483,3060,0
2026-08-23 07:45:49.491452,6610,5416,2285,0
2026-08-23 07:45:49.491472,6686,5433,2479,0
2026-08-23 07:45:49.491492,6602,5468,2525,0
2026-08-23 07:45:49.491512,6694,5482,2535,0
2026-08-23 07:45:49.491532,6597,5450,2252,0
2026-08-23 07:45:49.491552,6700,5439,2219,0
2026-08-23 07:45:49.491572,6698,5490,3113,0
2026-08-23 07:45:49.491592,6609,5446,2457,0
2026-08-23 07:45:49.491612,6703,5495,2982,0
2026-08-23 07:45:49.491632,6611,5472,2136,0
2026-08-23 07:45:49.491652,6681,5479,2428,0
2026-08-23 07:45:49.491672,6617,5444,2487,0
2026-08-23 07:45:49.491692,6688,5471,2531,0
2026-08-23 07:45:49.491712,6594,5479,1949,0
2026-08-23 07:45:49.491732,6639,5450,2209,0
2026-08-23 07:45:49.491752,6697,5501,3041,0
2026-08-23 07:45:49.491772,6599,5455,2440,0
2026-08-23 07:45:49.491792,6701,5527,2943,0
2026-08-23 07:45:49.491812,6598,5450,2284,0
2026-08-23 07:45:49.491832,6682,5492,2387,0
2026-08-23 07:45:49.491852,6615,5444,2454,0
2026-08-23 07:45:49.491872,6689,5464,2513,0
2026-08-23 07:45:49.491892,6599,5409,1866,0
2026-08-23 07:45:49.491912,6629,5468,2213,0
2026-08-23 07:45:49.491932,6706,5523,3004,0
2026-08-23 07:45:49.491952,6615,5511,2456,0
2026-08-23 07:45:49.491972,6707,5520,2914,0
2026-08-23 07:45:49.491992,6615,5436,2298,0
2026-08-23 07:45:49.492012,6684,5449,2384,0
2026-08-23 07:45:49.492032,6594,5445,2425,0
2026-08-23 07:45:49.492052,6686,5502,2497,0
2026-08-23 07:45:49.492072,6577,5442,1724,0
2026-08-23 07:45:49.492092,6627,5479,2223,0
2026-08-23 07:45:49.492112,6691,5496,2951,0
2026-08-23 07:45:49.492132,6617,5453,2466,0
2026-08-23 07:45:49.492152,6706,5479,2851,0
2026-08-23 07:45:49.492172,6612,5470,2299,0
2026-08-23 07:45:49.492192,6677,5484,2339,0
2026-08-23 07:45:49.492212,6598,5455,2338,0
2026-08-23 07:45:49.492232,6684,5480,2495,0
2026-08-23 07:45:49.492252,6580,5386,1398,0
2026-08-23 07:45:49.492272,6603,5439,2243,0
2026-08-23 07:45:49.492292,6695,5534,2871,0
2026-08-23 07:45:49.492312,6609,5483,2454,0
2026-08-23 07:45:49.492332,6690,5511,2809,0
2026-08-23 07:45:49.492352,6609,5439,2279,0
2026-08-23 07:45:49.492372,6670,5469,2315,0
2026-08-23 07:45:49.492392,6609,5430,2216,0
2026-08-23 07:45:49.492412,6676,5461,2489,0
2026-08-23 07:45:49.492432,6565,5401,1003,0
2026-08-23 07:45:49.492452,6592,5474,2245,0
2026-08-23 07:45:49.492472,6687,5516,2808,0
2026-08-23 07:45:49.492492,6625,5503,2467,0
2026-08-23 07:45:49.492512,6692,5500,2737,0
2026-08-23 07:45:49.492532,6604,5427,2260,0
2026-08-23 07:45:49.492552,6677,5448,2288,0
2026-08-23 07:45:49.492572,6586,5407,1913,0
2026-08-23 07:45:49.492592,6638,5461,2475,0
2026-08-23 07:45:49.492612,6534,5343,0,0
2026-08-23 07:45:49.492632,6582,5489,2285,0
2026-08-23 07:45:49.492652,6688,5475,2714,0
2026-08-23 07:45:49.492672,6608,5485,2410,0
2026-08-23 07:45:49.492692,6696,5468,2654,0
2026-08-23 07:45:49.492712,6599,5466,2116,0
2026-08-23 07:45:49.492732,6637,5474,2235,0
2026-08-23 07:45:49.492752,6553,5322,761,0
2026-08-23 07:45:49.492772,6589,5490,2513,0
2026-08-23 07:45:49.492792,6709,5511,3084,0
2026-08-23 07:45:49.492812,6620,5441,2388,0
2026-08-23 07:45:49.492832,6682,5473,2444,0
2026-08-23 07:45:49.492852,6594,5468,2144,0
2026-08-23 07:45:49.492872,6677,5491,2509,0
2026-08-23 07:45:49.492892,6569,5351,937,0
2026-08-23 07:45:49.492912,6597,5470,2229,0
2026-08-23 07:45:49.492932,6685,5505,2939,0
2026-08-23 07:45:49.492952,6617,5455,2579,0
2026-08-23 07:45:49.492972,6719,5477,2801,0
2026-08-23 07:45:49.492992,6617,5449,2489,0
2026-08-23 07:45:49.493012,6695,5448,2285,0
2026-08-23 07:45:49.493032,6559,5374,1208,0
2026-08-23 07:45:49.493052,6593,5465,2458,0
2026-08-23 07:45:49.493072,6549,5238,0,0
2026-08-23 07:45:49.493092,6585,5398,2240,0
2026-08-23 07:45:49.493112,6679,5441,2679,0
2026-08-23 07:45:49.493132,6765,5437,2626,0
2026-08-23 07:45:49.493152,6699,5505,2658,0
2026-08-23 07:45:49.493172,6610,5478,2526,0
2026-08-23 07:45:49.493192,6691,5478,2237,0
2026-08-23 07:45:49.493212,6519,5282,0,0
2026-08-23 07:45:49.493232,6578,5499,2457,0
2026-08-23 07:45:49.493252,6685,5535,3172,0
2026-08-23 07:45:49.493272,6614,5495,2283,0
2026-08-23 07:45:49.493292,6681,5491,2501,0
2026-08-23 07:45:49.493312,6619,5458,2542,0
2026-08-23 07:45:49.493332,6705,5504,2587,0
2026-08-23 07:45:49.493352,6607,5443,2334,0
2026-08-23 07:45:49.493372,6790,5489,2221,0
2026-08-23 07:45:49.493392,6496,5270,0,0
2026-08-23 07:45:49.493412,6594,5467,2446,0
2026-08-23 07:45:49.493432,6707,5470,3053,0
2026-08-23 07:45:49.493452,6603,5457,2151,0
2026-08-23 07:45:49.493472,6687,5451,2463,0
2026-08-23 07:45:49.493492,6604,5465,2545,0
2026-08-23 07:45:49.493512,6702,5462,2537,0
2026-08-23 07:45:49.493532,6610,5476,2276,0
2026-08-23 07:45:49.493552,6669,5477,2210,0
2026-08-23 07:45:49.493572,6565,5250,0,0
2026-08-23 07:45:49.493592,6592,5441,2435,0
2026-08-23 07:45:49.493612,6700,5491,3024,0
2026-08-23 07:45:49.493632,6599,5443,2298,0
2026-08-23 07:45:49.493652,6693,5435,2440,0
2026-08-23 07:45:49.493672,6602,5470,2513,0
2026-08-23 07:45:49.493692,6698,5489,2515,0
2026-08-23 07:45:49.493712,6589,5432,2218,0
2026-08-23 07:45:49.493732,6674,5481,2214,0
2026-08-23 07:45:49.493752,6580,5330,0,0
2026-08-23 07:45:49.493772,6579,5478,2446,0
2026-08-23 07:45:49.493792,6708,5481,2998,0
2026-08-23 07:45:49.493812,6615,5441,2297,0
2026-08-23 07:45:49.493832,6678,5486,2458,0
2026-08-23 07:45:49.493852,6615,5441,2502,0
2026-08-23 07:45:49.493872,6695,5489,2523,0
2026-08-23 07:45:49.493892,6604,5438,2221,0
2026-08-23 07:45:49.493912,6676,5439,2203,0
2026-08-23 07:45:49.493932,6560,5209,0,0
2026-08-23 07:45:49.493952,6589,5433,2442,0
2026-08-23 07:45:49.493972,6700,5463,3026,0
2026-08-23 07:45:49.493992,6615,5400,2279,0
2026-08-23 07:45:49.494012,6686,5438,2493,0
2026-08-23 07:45:49.494032,6616,5437,2571,0
2026-08-23 07:45:49.494052,6686,5483,2534,0
2026-08-23 07:45:49.494072,6609,5442,2347,0
2026-08-23 07:45:49.494092,6677,5436,2213,0
2026-08-23 07:45:49.494112,6502,5306,0,0
2026-08-23 07:45:49.494132,6589,5482,2440,0
2026-08-23 07:45:49.494152,6704,5502,3180,0
2026-08-23 07:45:49.494172,6530,5459,2244,0
2026-08-23 07:45:49.494192,6685,5462,2592,0
2026-08-23 07:45:49.494212,6616,5464,2586,0
2026-08-23 07:45:49.494232,6706,5490,2621,0
2026-08-23 07:45:49.494252,6616,5467,2411,0
2026-08-23 07:45:49.494272,6743,5478,2181,0
2026-08-23 07:45:49.494292,6550,5329,496,0
2026-08-23 07:45:49.494312,6600,5457,2411,0
2026-08-23 07:45:49.494332,6592,5350,0,0
2026-08-23 07:45:49.494352,6586,5465,2228,0
2026-08-23 07:45:49.494372,6670,5493,2697,0
2026-08-23 07:45:49.494392,6615,5464,2584,0
2026-08-23 07:45:49.494412,6702,5471,2690,0
2026-08-23 07:45:49.494432,6613,5472,2474,0
2026-08-23 07:45:49.494452,6684,5434,2244,0
2026-08-23 07:45:49.494472,6570,5354,1060,0
2026-08-23 07:45:49.494492,6587,5449,2424,0
2026-08-23 07:45:49.494512,6520,5263,0,0
2026-08-23 07:45:49.494532,6581,5459,2215,0
2026-08-23 07:45:49.494552,6679,5461,2785,0
2026-08-23 07:45:49.494572,6618,5446,2535,0
2026-08-23 07:45:49.494592,6699,5508,2743,0
2026-08-23 07:45:49.494612,6612,5456,2442,0
2026-08-23 07:45:49.494632,6693,5443,2292,0
2026-08-23 07:45:49.494652,6581,5394,1597,0
2026-08-23 07:45:49.494672,6618,5509,2423,0
2026-08-23 07:45:49.494692,6541,5375,350,0
2026-08-23 07:45:49.494712,6584,5478,2199,0
2026-08-23 07:45:49.494732,6688,5514,2906,0
2026-08-23 07:45:49.494752,6610,5455,2514,0
2026-08-23 07:45:49.494772,6704,5503,2851,0
2026-08-23 07:45:49.494792,6613,5478,2430,0
2026-08-23 07:45:49.494812,6667,5481,2350,0
2026-08-23 07:45:49.494832,6600,5417,1992,0
2026-08-23 07:45:49.494852,6676,5440,2441,0
2026-08-23 07:45:49.494872,6566,5392,1173,0
2026-08-23 07:45:49.494892,6603,5441,2174,0
2026-08-23 07:45:49.494912,6488,5270,0,0
2026-08-23 07:45:49.494932,6591,5469,2490,0
2026-08-23 07:45:49.494952,6705,5482,2968,0
2026-08-23 07:45:49.494972,6620,5466,2388,0
2026-08-23 07:45:49.494992,6697,5432,2411,0
2026-08-23 07:45:49.495012,6604,5441,2244,0
2026-08-23 07:45:49.495032,6671,5489,2469,0
2026-08-23 07:45:49.495052,6586,5435,1806,0
2026-08-23 07:45:49.495072,6630,5430,2189,0
2026-08-23 07:45:49.495092,6547,5334,585,0
2026-08-23 07:45:49.495112,6474,5489,2461,0
2026-08-23 07:45:49.495132,6607,5329,0,0
2026-08-23 07:45:49.495152,6574,5446,2309,0
2026-08-23 07:45:49.495172,6688,5499,2531,0
2026-08-23 07:45:49.495192,6603,5456,2388,0
2026-08-23 07:45:49.495212,6679,5458,2605,0
2026-08-23 07:45:49.495232,6590,5442,2132,0
2026-08-23 07:45:49.495252,6636,5464,2218,0
2026-08-23 07:45:49.495272,6585,5398,1579,0
2026-08-23 07:45:49.495292,6627,5484,2428,0
2026-08-23 07:45:49.495312,6553,5365,221,0
2026-08-23 07:45:49.495332,6584,5476,2244,0
2026-08-23 07:45:49.495352,6687,5472,2736,0
2026-08-23 07:45:49.495372,6615,5436,2436,0
2026-08-23 07:45:49.495392,6699,5508,2729,0
2026-08-23 07:45:49.495412,6606,5459,2294,0
2026-08-23 07:45:49.495432,6672,5469,2258,0
2026-08-23 07:45:49.495452,6607,5446,2254,0
2026-08-23 07:45:49.495472,6676,5448,2458,0
2026-08-23 07:45:49.495492,6589,5422,1797,0
2026-08-23 07:45:49.495512,6617,5445,2205,0
2026-08-23 07:45:49.495532,6682,5533,2996,0
2026-08-23 07:45:49.495552,6617,5453,2437,0
2026-08-23 07:45:49.495572,6700,5526,2975,0
2026-08-23 07:45:49.495592,6617,5448,2281,0
2026-08-23 07:45:49.495612,6680,5451,2427,0
2026-08-23 07:45:49.495632,6610,5482,2512,0
2026-08-23 07:45:49.495652,6694,5461,2515,0
2026-08-23 07:45:49.495672,6604,5473,2307,0
2026-08-23 07:45:49.495692,6664,5472,2185,0
2026-08-23 07:45:49.495712,6494,5270,0,0
2026-08-23 07:45:49.495732,6577,5484,2433,0
2026-08-23 07:45:49.495752,6703,5513,3180,0
2026-08-23 07:45:49.495772,6604,5467,2253,0
2026-08-23 07:45:49.495792,6683,5490,2610,0
2026-08-23 07:45:49.495812,6610,5489,2547,0
2026-08-23 07:45:49.495832,6685,5502,2647,0
2026-08-23 07:45:49.495852,6615,5463,2439,0
2026-08-23 07:45:49.495872,6681,5478,2236,0
2026-08-23 07:45:49.495892,6569,5397,1078,0
2026-08-23 07:45:49.495912,6604,5487,2414,0
2026-08-23 07:45:49.495932,6494,5268,0,0
2026-08-23 07:45:49.495952,6581,5470,2198,0
2026-08-23 07:45:49.495972,6682,5458,2798,0
2026-08-23 07:45:49.495992,6611,5486,2531,0
2026-08-23 07:45:49.496012,6706,5501,2777,0
2026-08-23 07:45:49.496032,6620,5467,2423,0
2026-08-23 07:45:49.496052,6686,5484,2311,0
2026-08-23 07:45:49.496072,6580,5434,1765,0
2026-08-23 07:45:49.496092,6633,5464,2453,0
2026-08-23 07:45:49.496112,6555,5372,623,0
2026-08-23 07:45:49.496132,6592,5468,2178,0
2026-08-23 07:45:49.496152,6586,5375,0,0
2026-08-23 07:45:49.496172,6592,5448,2512,0
2026-08-23 07:45:49.496192,6689,5489,2872,0
2026-08-23 07:45:49.496212,6617,5472,2422,0
2026-08-23 07:45:49.496232,6685,5481,2359,0
2026-08-23 07:45:49.496252,6586,5452,2004,0
2026-08-23 07:45:49.496272,6743,5461,2464,0
2026-08-23 07:45:49.496292,6569,5364,1001,0
2026-08-23 07:45:49.496312,6585,5475,2189,0
2026-08-23 07:45:49.496332,6531,5244,0,0
2026-08-23 07:45:49.496352,6578,5449,2515,0
2026-08-23 07:45:49.496372,6698,5506,2914,0
2026-08-23 07:45:49.496392,6617,5465,2390,0
2026-08-23 07:45:49.496412,6686,5443,2377,0
2026-08-23 07:45:49.496432,6607,5443,2092,0
2026-08-23 07:45:49.496452,6679,5427,2459,0
2026-08-23 07:45:49.496472,6576,5373,1270,0
2026-08-23 07:45:49.496492,6604,5441,2189,0
2026-08-23 07:45:49.496512,6504,5291,0,0
2026-08-23 07:45:49.496532,6577,5463,2488,0
2026-08-23 07:45:49.496552,6700,5525,2976,0
2026-08-23 07:45:49.496572,6614,5453,2370,0
2026-08-23 07:45:49.496592,6680,5484,2422,0
2026-08-23 07:45:49.496612,6602,5435,2210,0
2026-08-23 07:45:49.496632,6680,5494,2507,0
2026-08-23 07:45:49.496652,6573,5389,1605,0
2026-08-23 07:45:49.496672,6618,5442,2190,0
2026-08-23 07:45:49.496692,6512,5298,0,0
2026-08-23 07:45:49.496712,6581,5463,2490,0
2026-08-23 07:45:49.496732,6702,5519,3027,0
2026-08-23 07:45:49.496752,6620,5429,2348,0
2026-08-23 07:45:49.496772,6694,5463,2470,0
2026-08-23 07:45:49.496792,6592,5442,2262,0
2026-08-23 07:45:49.496812,6671,5463,2540,0
2026-08-23 07:45:49.496832,6592,5411,1710,0
2026-08-23 07:45:49.496852,6628,5449,2194,0
2026-08-23 07:45:49.496872,6544,5320,232,0
2026-08-23 07:45:49.496892,6592,5501,2481,0
2026-08-23 07:45:49.496912,6702,5532,3094,0
2026-08-23 07:45:49.496932,6617,5496,2334,0
2026-08-23 07:45:49.496952,6682,5502,2492,0
2026-08-23 07:45:49.496972,6608,5442,2307,0
2026-08-23 07:45:49.496992,6678,5497,2538,0
2026-08-23 07:45:49.497012,6590,5402,1887,0
2026-08-23 07:45:49.497032,6624,5438,2197,0
2026-08-23 07:45:49.497052,6555,5361,855,0
2026-08-23 07:45:49.497072,6599,5473,2469,0
2026-08-23 07:45:49.497092,6603,5345,0,0
2026-08-23 07:45:49.497112,6589,5434,2317,0
2026-08-23 07:45:49.497132,6679,5492,2581,0
2026-08-23 07:45:49.497152,6620,5462,2387,0
2026-08-23 07:45:49.497172,6688,5455,2588,0
2026-08-23 07:45:49.497192,6600,5407,2057,0
2026-08-23 07:45:49.497212,6641,5434,2239,0
2026-08-23 07:45:49.497232,6570,5369,1200,0
2026-08-23 07:45:49.497252,6605,5496,2459,0
2026-08-23 07:45:49.497272,6516,5278,0,0
2026-08-23 07:45:49.497292,6585,5465,2289,0
2026-08-23 07:45:49.497312,6671,5495,2614,0
2026-08-23 07:45:49.497332,6608,5453,2418,0
2026-08-23 07:45:49.497352,6705,5490,2626,0
2026-08-23 07:45:49.497372,6601,5431,2161,0
2026-08-23 07:45:49.497392,6670,5440,2214,0
2026-08-23 07:45:49.497412,6580,5411,1573,0
2026-08-23 07:45:49.497432,6622,5451,2460,0
2026-08-23 07:45:49.497452,6526,5301,0,0
2026-08-23 07:45:49.497472,6586,5485,2275,0
2026-08-23 07:45:49.497492,6682,5464,2664,0
2026-08-23 07:45:49.497512,6609,5458,2433,0
2026-08-23 07:45:49.497532,6687,5508,2664,0
2026-08-23 07:45:49.497552,6604,5437,2221,0
2026-08-23 07:45:49.497572,6666,5496,2250,0
2026-08-23 07:45:49.497592,6587,5440,1862,0
2026-08-23 07:45:49.497612,6637,5459,2457,0
2026-08-23 07:45:49.497632,6551,5354,568,0
2026-08-23 07:45:49.497652,6582,5483,2258,0
2026-08-23 07:45:49.497672,6672,5490,2752,0
2026-08-23 07:45:49.497692,6611,5466,2455,0
2026-08-23 07:45:49.497712,6699,5519,2744,0
2026-08-23 07:45:49.497732,6547,5475,2250,0
2026-08-23 07:45:49.497752,6669,5470,2293,0
2026-08-23 07:45:49.497772,6603,5440,2204,0
2026-08-23 07:45:49.497792,6673,5461,2453,0
2026-08-23 07:45:49.497812,6597,5409,1555,0
2026-08-23 07:45:49.497832,6606,5463,2212,0
2026-08-23 07:45:49.497852,6685,5489,2928,0
2026-08-23 07:45:49.497872,6608,5483,2444,0
2026-08-23 07:45:49.497892,6703,5475,2891,0
2026-08-23 07:45:49.497912,6609,5457,2288,0
2026-08-23 07:45:49.497932,6680,5471,2398,0
2026-08-23 07:45:49.497952,6612,5476,2481,0
2026-08-23 07:45:49.497972,6691,5487,2449,0
2026-08-23 07:45:49.497992,6605,5430,2183,0
2026-08-23 07:45:49.498012,6675,5432,2191,0
2026-08-23 07:45:49.498032,6537,5237,0,0
2026-08-23 07:45:49.498052,6556,5434,2434,0
2026-08-23 07:45:49.498072,6706,5454,3059,0
2026-08-23 07:45:49.498092,6599,5441,2260,0
2026-08-23 07:45:49.498112,6683,5440,2477,0
2026-08-23 07:45:49.498132,6622,5491,2531,0
2026-08-23 07:45:49.498152,6706,5475,2580,0
2026-08-23 07:45:49.498172,6622,5428,2385,0
2026-08-23 07:45:49.498192,6676,5464,2208,0
2026-08-23 07:45:49.498212,6516,5295,0,0
2026-08-23 07:45:49.498232,6587,5483,2425,0
2026-08-23 07:45:49.498252,6689,5500,3285,0
2026-08-23 07:45:49.498272,6625,5436,2247,0
2026-08-23 07:45:49.498292,6683,5451,2634,0
2026-08-23 07:45:49.498312,6601,5458,2577,0
2026-08-23 07:45:49.498332,6705,5467,2625,0
2026-08-23 07:45:49.498352,6611,5491,2448,0
2026-08-23 07:45:49.498372,6688,5486,2223,0
2026-08-23 07:45:49.498392,6545,5357,413,0
2026-08-23 07:45:49.498412,6591,5473,2437,0
2026-08-23 07:45:49.498432,6725,5641,1955,0
2026-08-23 07:45:49.498452,6601,5402,2257,0
2026-08-23 07:45:49.498472,6679,5468,2623,0
2026-08-23 07:45:49.498492,6616,5443,2538,0
2026-08-23 07:45:49.498512,6704,5495,2625,0
2026-08-23 07:45:49.498532,6615,5445,2441,0
2026-08-23 07:45:49.498552,6688,5475,2212,0
2026-08-23 07:45:49.498572,6532,5343,189,0
2026-08-23 07:45:49.498592,6593,5451,2423,0
2026-08-23 07:45:49.498612,6697,5520,3767,0
2026-08-23 07:45:49.498632,6626,5472,2256,0
2026-08-23 07:45:49.498652,6680,5464,2601,0
2026-08-23 07:45:49.498672,6618,5467,2600,0
2026-08-23 07:45:49.498692,6693,5498,2610,0
2026-08-23 07:45:49.498712,6611,5473,2475,0
2026-08-23 07:45:49.498732,6693,5439,2230,0
2026-08-23 07:45:49.498752,6538,5344,214,0
2026-08-23 07:45:49.498772,6591,5453,2424,0
2026-08-23 07:45:49.498792,6693,5558,3403,0
2026-08-23 07:45:49.498812,6629,5427,2256,0
2026-08-23 07:45:49.498832,6688,5449,2630,0
2026-08-23 07:45:49.498852,6610,5502,2598,0
2026-08-23 07:45:49.498872,6701,5498,2633,0
2026-08-23 07:45:49.498892,6610,5477,2442,0
2026-08-23 07:45:49.498912,6682,5445,2232,0
2026-08-23 07:45:49.498932,6545,5332,533,0
2026-08-23 07:45:49.498952,6596,5464,2432,0
2026-08-23 07:45:49.498972,6595,5361,0,0
2026-08-23 07:45:49.498992,6593,5465,2232,0
2026-08-23 07:45:49.499012,6679,5461,2667,0
2026-08-23 07:45:49.499032,6614,5449,2595,0
2026-08-23 07:45:49.499052,6695,5478,2657,0
2026-08-23 07:45:49.499072,6614,5446,2469,0
2026-08-23 07:45:49.499092,6686,5443,2238,0
2026-08-23 07:45:49.499112,6559,5379,824,0
2026-08-23 07:45:49.499132,6598,5449,2431,0
2026-08-23 07:45:49.499152,6523,5259,0,0
2026-08-23 07:45:49.499172,6579,5432,2216,0
2026-08-23 07:45:49.499192,6679,5476,2720,0
2026-08-23 07:45:49.499212,6612,5421,2530,0
2026-08-23 07:45:49.499232,6698,5489,2704,0
2026-08-23 07:45:49.499252,6612,5471,2441,0
2026-08-23 07:45:49.499272,6688,5442,2258,0
2026-08-23 07:45:49.499292,6578,5385,1503,0
2026-08-23 07:45:49.499312,6617,5486,2429,0
2026-08-23 07:45:49.499332,6506,5327,164,0
2026-08-23 07:45:49.499352,6580,5489,2211,0
2026-08-23 07:45:49.499372,6674,5493,2886,0
2026-08-23 07:45:49.499392,6610,5495,2507,0
2026-08-23 07:45:49.499412,6693,5489,2816,0
2026-08-23 07:45:49.499432,6613,5495,2411,0
2026-08-23 07:45:49.499452,6694,5468,2345,0
2026-08-23 07:45:49.499472,6597,5419,2033,0
2026-08-23 07:45:49.499492,6673,5470,2444,0
2026-08-23 07:45:49.499512,6583,5367,1354,0
2026-08-23 07:45:49.499532,6550,5475,2170,0
2026-08-23 07:45:49.499552,6484,5309,0,0
2026-08-23 07:45:49.499572,6585,5479,2478,0
2026-08-23 07:45:49.499592,6716,5490,3229,0
2026-08-23 07:45:49.499612,6615,5478,2342,0
2026-08-23 07:45:49.499632,6688,5470,2445,0
2026-08-23 07:45:49.499652,6607,5439,2309,0
2026-08-23 07:45:49.499672,6671,5492,2519,0
2026-08-23 07:45:49.499692,6583,5409,1973,0
2026-08-23 07:45:49.499712,6636,5473,2202,0
2026-08-23 07:45:49.499732,6561,5357,931,0
2026-08-23 07:45:49.499752,6602,5462,2458,0
2026-08-23 07:45:49.499772,6521,5317,0,0
2026-08-23 07:45:49.499792,6585,5466,2295,0
2026-08-23 07:45:49.499812,6679,5479,2596,0
2026-08-23 07:45:49.499832,6613,5469,2424,0
2026-08-23 07:45:49.499852,6695,5469,2607,0
2026-08-23 07:45:49.499872,6604,5423,2235,0
2026-08-23 07:45:49.499892,6668,5448,2230,0
2026-08-23 07:45:49.499912,6588,5427,1755,0
2026-08-23 07:45:49.499932,6632,5481,2427,0
2026-08-23 07:45:49.499952,6557,5377,658,0
2026-08-23 07:45:51.170990,6587,5478,2232,0
2026-08-23 07:45:51.171010,6679,5508,2735,0
2026-08-23 07:45:51.171030,6616,5445,2444,0
2026-08-23 07:45:51.171050,6700,5475,2761,0
2026-08-23 07:45:51.171070,6613,5457,2320,0
2026-08-23 07:45:51.171090,6680,5436,2288,0
2026-08-23 07:45:51.171110,6603,5470,2285,0
2026-08-23 07:45:51.171130,6692,5470,2455,0
2026-08-23 07:45:51.171150,6595,5434,1909,0
2026-08-23 07:45:51.171170,6630,5441,2208,0
2026-08-23 07:45:51.171190,6688,5521,3005,0
2026-08-23 07:45:51.171210,6618,5484,2415,0
2026-08-23 07:45:51.171230,6698,5518,2963,0
2026-08-23 07:45:51.171250,6613,5435,2271,0
2026-08-23 07:45:51.171270,6682,5485,2183,0
2026-08-23 07:45:51.171290,6617,5442,2528,0
2026-08-23 07:45:51.171310,6692,5486,2543,0
2026-08-23 07:45:51.171330,6614,5432,2384,0
2026-08-23 07:45:51.171350,6687,5467,2186,0
2026-08-23 07:45:51.171370,6540,5337,259,0
2026-08-23 07:45:51.171390,6591,5445,2409,0
2026-08-23 07:45:51.171410,6581,5240,0,0
2026-08-23 07:45:51.171430,6585,5434,2211,0
2026-08-23 07:45:51.171450,6669,5467,2746,0
2026-08-23 07:45:51.171470,6624,5449,2514,0
2026-08-23 07:45:51.171490,6638,5462,2733,0
2026-08-23 07:45:51.171510,6606,5468,2403,0
2026-08-23 07:45:51.171530,6703,5441,2275,0
2026-08-23 07:45:51.171550,6590,5425,1843,0
2026-08-23 07:45:51.171570,6631,5450,2455,0
2026-08-23 07:45:51.171590,6555,5368,1096,0
2026-08-23 07:45:51.171610,6599,5450,2161,0
2026-08-23 07:45:51.171630,6510,5281,0,0
2026-08-23 07:45:51.171650,6593,5496,2446,0
2026-08-23 07:45:51.171670,6699,5492,3034,0
2026-08-23 07:45:51.171690,6604,5473,2328,0
2026-08-23 07:45:51.171710,6688,5475,2492,0
2026-08-23 07:45:51.171730,6604,5471,2360,0
2026-08-23 07:45:51.171750,6690,5507,2544,0
2026-08-23 07:45:51.171770,6604,5461,2118,0
2026-08-23 07:45:51.171790,6666,5482,2205,0
2026-08-23 07:45:51.171810,6583,5415,1678,0
2026-08-23 07:45:51.171830,6632,5468,2430,0
2026-08-23 07:45:51.171850,6567,5378,839,0
2026-08-23 07:45:51.171870,6596,5488,2202,0
2026-08-23 07:45:51.171890,6682,5521,2825,0
2026-08-23 07:45:51.171910,6613,5442,2423,0
2026-08-23 07:45:51.171930,6698,5512,2827,0
2026-08-23 07:45:51.171950,6607,5426,2269,0
2026-08-23 07:45:51.171970,6681,5483,2378,0
2026-08-23 07:45:51.171990,6602,5447,2445,0
2026-08-23 07:45:51.172010,6681,5487,2466,0
2026-08-23 07:45:51.172030,6608,5444,2248,0
2026-08-23 07:45:51.172050,6681,5484,2208,0
2026-08-23 07:45:51.172070,6512,5314,0,0
2026-08-23 07:45:51.172090,6594,5484,2394,0
2026-08-23 07:45:51.172110,6682,5506,3935,0
2026-08-23 07:45:51.172130,6630,5435,2201,0
2026-08-23 07:45:51.172150,6687,5482,2688,0
2026-08-23 07:45:51.172170,6613,5483,2520,0
2026-08-23 07:45:51.172190,6704,5453,2684,0
2026-08-23 07:45:51.172210,6616,5487,2432,0
2026-08-23 07:45:51.172230,6679,5454,2256,0
2026-08-23 07:45:51.172250,6586,5409,1694,0
2026-08-23 07:45:51.172270,6664,5462,2424,0
2026-08-23 07:45:51.172290,6550,5370,841,0
2026-08-23 07:45:51.172310,6594,5485,2163,0
2026-08-23 07:45:51.172330,6497,5257,0,0
2026-08-23 07:45:51.172350,6576,5440,2466,0
2026-08-23 07:45:51.172370,6739,5495,2991,0
2026-08-23 07:45:51.172390,6615,5437,2309,0
2026-08-23 07:45:51.172410,6683,5503,2422,0
2026-08-23 07:45:51.172430,6605,5471,2337,0
2026-08-23 07:45:51.172450,6685,5490,2542,0
2026-08-23 07:45:51.172470,6600,5423,2116,0
2026-08-23 07:45:51.172490,6663,5447,2205,0
2026-08-23 07:45:51.172510,6579,5407,1709,0
2026-08-23 07:45:51.172530,6629,5461,2423,0
2026-08-23 07:45:51.172550,6560,5368,783,0
2026-08-23 07:45:51.172570,6593,5457,2128,0
2026-08-23 07:45:51.172590,6679,5516,2808,0
2026-08-23 07:45:51.172610,6608,5495,2422,0
2026-08-23 07:45:51.172630,6694,5524,2786,0
2026-08-23 07:45:51.172650,6610,5477,2278,0
2026-08-23 07:45:51.172670,6671,5471,2336,0
2026-08-23 07:45:51.172690,6611,5479,2443,0
2026-08-23 07:45:51.172710,6707,5467,2480,0
2026-08-23 07:45:51.172730,6598,5468,2148,0
2026-08-23 07:45:51.172750,6673,5482,2188,0
2026-08-23 07:45:51.172770,6504,5265,0,0
2026-08-23 07:45:51.172790,6589,5452,2368,0
2026-08-23 07:45:51.172810,6697,5538,3197,0
2026-08-23 07:45:51.172830,6614,5473,2224,0
2026-08-23 07:45:51.172850,6678,5499,2630,0
2026-08-23 07:45:51.172870,6619,5453,2534,0
2026-08-23 07:45:51.172890,6693,5525,2653,0
2026-08-23 07:45:51.172910,6615,5451,2431,0
2026-08-23 07:45:51.172930,6679,5481,2246,0
2026-08-23 07:45:51.172950,6575,5381,1340,0
2026-08-23 07:45:51.172970,6613,5475,2423,0
2026-08-23 07:45:51.172990,6535,5354,16,0
2026-08-23 07:45:51.173010,6586,5479,2206,0
2026-08-23 07:45:51.173030,6680,5490,2884,0
2026-08-23 07:45:51.173050,6612,5464,2497,0
2026-08-23 07:45:51.173070,6706,5492,2810,0
2026-08-23 07:45:51.173090,6627,5500,2419,0
2026-08-23 07:45:51.173110,6682,5492,2287,0
2026-08-23 07:45:51.173130,6605,5421,1978,0
2026-08-23 07:45:51.173150,6639,5498,2457,0
2026-08-23 07:45:51.173170,6571,5416,1330,0
2026-08-23 07:45:51.173190,6610,5475,2174,0
2026-08-23 07:45:51.173210,6509,5291,0,0
2026-08-23 07:45:51.173230,6591,5462,2475,0
2026-08-23 07:45:51.173250,6701,5508,3014,0
2026-08-23 07:45:51.173270,6615,5468,2354,0
2026-08-23 07:45:51.173290,6679,5495,2453,0
2026-08-23 07:45:51.173310,6608,5439,2327,0
2026-08-23 07:45:51.173330,6685,5503,2532,0
2026-08-23 07:45:51.173350,6591,5447,1971,0
2026-08-23 07:45:51.173370,6629,5441,2199,0
2026-08-23 07:45:51.173390,6562,5409,1111,0
2026-08-23 07:45:51.173410,6607,5490,2450,0
2026-08-23 07:45:51.173430,6513,5327,0,0
2026-08-23 07:45:51.173450,6588,5446,2267,0
2026-08-23 07:45:51.173470,6675,5504,2646,0
2026-08-23 07:45:51.173490,6614,5450,2416,0
2026-08-23 07:45:51.173510,6706,5472,2657,0
2026-08-23 07:45:51.173530,6606,5484,2220,0
2026-08-23 07:45:51.173550,6679,5460,2234,0
2026-08-23 07:45:51.173570,6593,5418,1940,0
2026-08-23 07:45:51.173590,6663,5500,2456,0
2026-08-23 07:45:51.173610,6566,5375,913,0
2026-08-23 07:45:51.173630,6589,5488,2225,0
2026-08-23 07:45:51.173650,6684,5486,2794,0
2026-08-23 07:45:51.173670,6613,5465,2437,0
2026-08-23 07:45:51.173690,6699,5482,2776,0
2026-08-23 07:45:51.173710,6666,5471,2285,0
2026-08-23 07:45:51.173730,6678,5450,2295,0
2026-08-23 07:45:51.173750,6599,5436,2259,0
2026-08-23 07:45:51.173770,6695,5463,2474,0
2026-08-23 07:45:51.173790,6584,5393,1815,0
2026-08-23 07:45:51.173810,6617,5451,2221,0
2026-08-23 07:45:51.173830,6688,5538,2907,0
2026-08-23 07:45:51.173850,6614,5478,2462,0
2026-08-23 07:45:51.173870,6694,5490,2816,0
2026-08-23 07:45:51.173890,6607,5449,2290,0
2026-08-23 07:45:51.173910,6682,5480,2348,0
2026-08-23 07:45:51.173930,6605,5441,2378,0
2026-08-23 07:45:51.173950,6682,5489,2437,0
2026-08-23 07:45:51.173970,6594,5406,1774,0
2026-08-23 07:45:51.173990,6633,5425,2202,0
2026-08-23 07:45:51.174010,6699,5482,2966,0
2026-08-23 07:45:51.174030,6611,5451,2447,0
2026-08-23 07:45:51.174050,6698,5489,2903,0
2026-08-23 07:45:51.174070,6610,5471,2267,0
2026-08-23 07:45:51.174090,6686,5482,2409,0
2026-08-23 07:45:51.174110,6612,5487,2472,0
2026-08-23 07:45:51.174130,6639,5482,2500,0
2026-08-23 07:45:51.174150,6617,5428,2030,0
2026-08-23 07:45:51.174170,6664,5486,2197,0
2026-08-23 07:45:51.174190,6700,5393,0,0
2026-08-23 07:45:51.174210,6579,5448,2426,0
2026-08-23 07:45:51.174230,6690,5491,2743,0
2026-08-23 07:45:51.174250,6611,5475,2267,0
2026-08-23 07:45:51.174270,6681,5456,2474,0
2026-08-23 07:45:51.174290,6613,5455,2521,0
2026-08-23 07:45:51.174310,6700,5491,2537,0
2026-08-23 07:45:51.174330,6603,5470,2264,0
2026-08-23 07:45:51.174350,6676,5448,2204,0
2026-08-23 07:45:51.174370,6491,5264,0,0
2026-08-23 07:45:51.174390,6556,5444,2442,0
2026-08-23 07:45:51.174410,6691,5515,3104,0
2026-08-23 07:45:51.174430,6614,5435,2398,0
2026-08-23 07:45:51.174450,6679,5484,2510,0
2026-08-23 07:45:51.174470,6615,5482,2543,0
2026-08-23 07:45:51.174490,6711,5462,2584,0
2026-08-23 07:45:51.174510,6591,5435,2183,0
2026-08-23 07:45:51.174530,6669,5480,2233,0
2026-08-23 07:45:51.174550,6699,5491,3086,0
2026-08-23 07:45:51.174570,6628,5471,2512,0
2026-08-23 07:45:51.174590,6700,5515,2913,0
2026-08-23 07:45:51.174610,6602,5433,2327,0
2026-08-23 07:45:51.174630,6683,5450,2338,0
2026-08-23 07:45:51.174650,6598,5461,2308,0
2026-08-23 07:45:51.174670,6673,5477,2509,0
2026-08-23 07:45:51.174690,6576,5393,1043,0
2026-08-23 07:45:51.174710,6602,5483,2269,0
2026-08-23 07:45:51.174730,6679,5514,2770,0
2026-08-23 07:45:51.174750,6602,5451,2478,0
2026-08-23 07:45:51.174770,6694,5482,2664,0
2026-08-23 07:45:51.174790,6686,5460,2195,0
2026-08-23 07:45:51.174810,6668,5470,2238,0
2026-08-23 07:45:51.174830,6571,5372,1157,0
2026-08-23 07:45:51.174850,6599,5495,2493,0
2026-08-23 07:45:51.174870,6604,5381,0,0
2026-08-23 07:45:51.174890,6588,5444,2329,0
2026-08-23 07:45:51.174910,6684,5456,2531,0
2026-08-23 07:45:51.174930,6604,5443,2357,0
2026-08-23 07:45:51.174950,6690,5506,2543,0
2026-08-23 07:45:51.174970,6583,5450,1817,0
2026-08-23 07:45:51.174990,6629,5484,2204,0
2026-08-23 07:45:51.175010,6516,5339,0,0
2026-08-23 07:45:51.175030,6593,5496,2495,0
2026-08-23 07:45:51.175050,6707,5494,3008,0
2026-08-23 07:45:51.175070,6622,5448,2384,0
2026-08-23 07:45:51.175090,6686,5462,2436,0
2026-08-23 07:45:51.175110,6605,5444,2198,0
2026-08-23 07:45:51.175130,6680,5489,2491,0
2026-08-23 07:45:51.175150,6577,5425,1457,0
2026-08-23 07:45:51.175170,6617,5467,2193,0
2026-08-23 07:45:51.175190,6494,5303,0,0
2026-08-23 07:45:51.175210,6583,5472,2514,0
2026-08-23 07:45:51.175230,6704,5484,2930,0
2026-08-23 07:45:51.175250,6616,5449,2408,0
2026-08-23 07:45:51.175270,6692,5484,2384,0
2026-08-23 07:45:51.175290,6601,5460,2078,0
2026-08-23 07:45:51.175310,6667,5494,2488,0
2026-08-23 07:45:51.175330,6566,5373,1119,0
2026-08-23 07:45:51.175350,6601,5448,2199,0
2026-08-23 07:45:51.175370,6507,5263,0,0
2026-08-23 07:45:51.175390,6591,5462,2506,0
2026-08-23 07:45:51.175410,6698,5467,2939,0
2026-08-23 07:45:51.175430,6615,5437,2353,0
2026-08-23 07:45:51.175450,6687,5473,2386,0
2026-08-23 07:45:51.175470,6592,5429,2093,0
2026-08-23 07:45:51.175490,6674,5458,2480,0
2026-08-23 07:45:51.175510,6567,5414,1286,0
2026-08-23 07:45:51.175530,6603,5479,2189,0
2026-08-23 07:45:51.175550,6486,5270,0,0
2026-08-23 07:45:51.175570,6589,5490,2505,0
2026-08-23 07:45:51.175590,6688,5520,2916,0
2026-08-23 07:45:51.175610,6571,5475,2388,0
2026-08-23 07:45:51.175630,6680,5488,2400,0
2026-08-23 07:45:51.175650,6604,5434,2128,0
2026-08-23 07:45:51.175670,6670,5484,2493,0
2026-08-23 07:45:51.175690,6574,5373,1362,0
2026-08-23 07:45:51.175710,6607,5453,2185,0
2026-08-23 07:45:51.175730,6503,5263,0,0
2026-08-23 07:45:51.175750,6585,5478,2510,0
2026-08-23 07:45:51.175770,6690,5473,3026,0
2026-08-23 07:45:51.175790,6607,5443,2525,0
2026-08-23 07:45:51.175810,6681,5448,2410,0
2026-08-23 07:45:51.175830,6603,5457,2172,0
2026-08-23 07:45:51.175850,6680,5450,2491,0
2026-08-23 07:45:51.175870,6585,5420,1478,0
2026-08-23 07:45:51.175890,6608,5464,2178,0
2026-08-23 07:45:51.175910,6511,5287,0,0
2026-08-23 07:45:51.175930,6594,5480,2467,0
2026-08-23 07:45:51.175950,6705,5528,2999,0
2026-08-23 07:45:51.175970,6622,5465,2354,0
2026-08-23 07:45:51.175990,6692,5489,2408,0
2026-08-23 07:45:51.176010,6605,5432,2259,0
2026-08-23 07:45:51.176030,6683,5453,2503,0
2026-08-23 07:45:51.176050,6529,5411,1781,0
2026-08-23 07:45:51.176070,6632,5476,2179,0
2026-08-23 07:45:51.176090,6543,5332,337,0
2026-08-23 07:45:51.176110,6592,5458,2463,0
2026-08-23 07:45:51.176130,6706,5496,3697,0
2026-08-23 07:45:51.176150,6634,5487,2338,0
2026-08-23 07:45:51.176170,6678,5490,2504,0
2026-08-23 07:45:51.176190,6596,5455,2316,0
2026-08-23 07:45:51.176210,6706,5479,2532,0
2026-08-23 07:45:51.176230,6594,5474,1981,0
2026-08-23 07:45:51.176250,6642,5479,2197,0
2026-08-23 07:45:51.176270,6552,5370,999,0
2026-08-23 07:45:51.176290,6604,5459,2396,0
2026-08-23 07:45:51.176310,6532,5295,0,0
2026-08-23 07:45:51.176330,6588,5443,2279,0
2026-08-23 07:45:51.176350,6677,5479,2602,0
2026-08-23 07:45:51.176370,6602,5458,2402,0
2026-08-23 07:45:51.176390,6692,5456,2619,0
2026-08-23 07:45:51.176410,6603,5426,2235,0
2026-08-23 07:45:51.176430,6673,5467,2216,0
2026-08-23 07:45:51.176450,6587,5412,1728,0
2026-08-23 07:45:51.176470,6632,5462,2439,0
2026-08-23 07:45:51.176490,6540,5362,311,0
2026-08-23 07:45:51.176510,6574,5505,2247,0
2026-08-23 07:45:51.176530,6683,5484,2736,0
2026-08-23 07:45:51.176550,6612,5480,2429,0
2026-08-23 07:45:51.176570,6689,5474,2725,0
2026-08-23 07:45:51.176590,6600,5475,2267,0
2026-08-23 07:45:51.176610,6669,5483,2274,0
2026-08-23 07:45:51.176630,6603,5460,2216,0
2026-08-23 07:45:51.176650,6678,5480,2450,0
2026-08-23 07:45:51.176670,6586,5381,1627,0
2026-08-23 07:45:51.176690,6626,5447,2206,0
2026-08-23 07:45:51.176710,6689,5520,2915,0
2026-08-23 07:45:51.176730,6615,5487,2440,0
2026-08-23 07:45:51.176750,6702,5489,2869,0
2026-08-23 07:45:51.176770,6612,5433,2279,0
2026-08-23 07:45:51.176790,6675,5453,2364,0
2026-08-23 07:45:51.176810,6606,5483,2427,0
2026-08-23 07:45:51.176830,6704,5463,2458,0
2026-08-23 07:45:51.176850,6599,5436,2076,0
2026-08-23 07:45:51.176870,6678,5448,2183,0
2026-08-23 07:45:51.176890,6574,5303,0,0
2026-08-23 07:45:51.176910,6595,5473,2408,0
2026-08-23 07:45:51.176930,6696,5517,3046,0
2026-08-23 07:45:51.176950,6601,5428,2283,0
2026-08-23 07:45:51.176970,6688,5450,2490,0
2026-08-23 07:45:51.176990,6608,5477,2534,0
2026-08-23 07:45:51.177010,6702,5463,2571,0
2026-08-23 07:45:51.177030,6608,5481,2357,0
2026-08-23 07:45:51.177050,6684,5438,2211,0
2026-08-23 07:45:51.177070,6514,5334,0,0
2026-08-23 07:45:51.177090,6593,5469,2414,0
2026-08-23 07:45:51.177110,6700,5512,3234,0
2026-08-23 07:45:51.177130,6691,5475,2232,0
2026-08-23 07:45:51.177150,6684,5467,2644,0
2026-08-23 07:45:51.177170,6608,5472,2518,0
2026-08-23 07:45:51.177190,6711,5475,2662,0
2026-08-23 07:45:51.177210,6613,5460,2402,0
2026-08-23 07:45:51.177230,6685,5454,2237,0
2026-08-23 07:45:51.177250,6558,5415,1094,0
2026-08-23 07:45:51.177270,6604,5500,2422,0
2026-08-23 07:45:51.177290,6509,5287,0,0
2026-08-23 07:45:51.177310,6576,5463,2186,0
2026-08-23 07:45:51.177330,6674,5479,2843,0
2026-08-23 07:45:51.177350,6615,5464,2509,0
2026-08-23 07:45:51.177370,6697,5480,2576,0
2026-08-23 07:45:51.177390,6616,5474,2410,0
2026-08-23 07:45:51.177410,6677,5495,2343,0
2026-08-23 07:45:51.177430,6587,5440,1935,0
2026-08-23 07:45:51.177450,6633,5451,2457,0
2026-08-23 07:45:51.177470,6563,5416,1216,0
2026-08-23 07:45:51.177490,6604,5439,2166,0
2026-08-23 07:45:51.177510,6517,5283,0,0
2026-08-23 07:45:51.177530,6579,5498,2449,0
2026-08-23 07:45:51.177550,6690,5525,3024,0
2026-08-23 07:45:51.177570,6616,5446,2315,0
2026-08-23 07:45:51.177590,6682,5463,2453,0
2026-08-23 07:45:51.177610,6617,5481,2316,0
2026-08-23 07:45:51.177630,6688,5495,2582,0
2026-08-23 07:45:51.177650,6601,5456,2037,0
2026-08-23 07:45:51.177670,6638,5472,2197,0
2026-08-23 07:45:51.177690,6585,5396,1444,0
2026-08-23 07:45:51.177710,6622,5459,2438,0
2026-08-23 07:45:51.177730,6530,5355,0,0
2026-08-23 07:45:51.177750,6589,5453,2244,0
2026-08-23 07:45:51.177770,6670,5481,2707,0
2026-08-23 07:45:51.177790,6614,5457,2427,0
2026-08-23 07:45:51.177810,6693,5489,2713,0
2026-08-23 07:45:51.177830,6599,5462,2270,0
2026-08-23 07:45:51.177850,6675,5456,2271,0
2026-08-23 07:45:51.177870,6607,5423,2162,0
2026-08-23 07:45:51.177890,6670,5458,2450,0
2026-08-23 07:45:51.177910,6577,5423,1363,0
2026-08-23 07:45:51.177930,6611,5451,2210,0
2026-08-23 07:45:51.177950,6686,5479,2888,0
2026-08-23 07:45:51.177970,6610,5454,2463,0
2026-08-23 07:45:51.177990,6697,5477,2826,0
2026-08-23 07:45:51.178010,6606,5470,2284,0
2026-08-23 07:45:51.178030,6680,5467,2231,0
2026-08-23 07:45:51.178050,6618,5470,2386,0
2026-08-23 07:45:51.178070,6688,5468,2476,0
2026-08-23 07:45:51.178090,6597,5418,1924,0
2026-08-23 07:45:51.178110,6634,5446,2196,0
2026-08-23 07:45:51.178130,6696,5509,3029,0
2026-08-23 07:45:51.178150,6620,5451,2443,0
2026-08-23 07:45:51.178170,6693,5516,2980,0
2026-08-23 07:45:51.178190,6600,5434,2270,0
2026-08-23 07:45:51.178210,6696,5460,2342,0
2026-08-23 07:45:51.178230,6610,5457,2523,0
2026-08-23 07:45:51.178250,6693,5508,2537,0
2026-08-23 07:45:51.178270,6609,5488,2335,0
2026-08-23 07:45:51.178290,6686,5455,2201,0
2026-08-23 07:45:51.178310,6513,5332,0,0
2026-08-23 07:45:51.178330,6593,5463,2414,0
2026-08-23 07:45:51.178350,6713,5511,3809,0
2026-08-23 07:45:51.178370,6617,5456,2206,0
2026-08-23 07:45:51.178390,6682,5504,2675,0
2026-08-23 07:45:51.178410,6610,5475,2535,0
2026-08-23 07:45:51.178430,6705,5463,2691,0
2026-08-23 07:45:51.178450,6607,5485,2375,0
2026-08-23 07:45:51.178470,6687,5438,2260,0
2026-08-23 07:45:51.178490,6583,5386,1507,0
2026-08-23 07:45:51.178510,6624,5460,2410,0
2026-08-23 07:45:51.178530,6553,5363,406,0
2026-08-23 07:45:51.178550,6585,5434,2164,0
2026-08-23 07:45:51.178570,6576,5293,0,0
2026-08-23 07:45:51.178590,6588,5453,2479,0
2026-08-23 07:45:51.178610,6698,5491,2910,0
2026-08-23 07:45:51.178630,6605,5485,2362,0
2026-08-23 07:45:51.178650,6690,5455,2416,0
2026-08-23 07:45:51.178670,6604,5424,2241,0
2026-08-23 07:45:51.178690,6681,5465,2502,0
2026-08-23 07:45:51.178710,6588,5444,1849,0
2026-08-23 07:45:51.178730,6623,5478,2174,0
2026-08-23 07:45:51.178750,6552,5361,941,0
2026-08-23 07:45:51.178770,6599,5498,2448,0
2026-08-23 07:45:51.178790,6513,5273,0,0
2026-08-23 07:45:51.178810,6585,5443,2270,0
2026-08-23 07:45:51.178830,6675,5497,2630,0
2026-08-23 07:45:51.178850,6617,5483,2415,0
2026-08-23 07:45:51.178870,6693,5472,2655,0
2026-08-23 07:45:51.178890,6608,5438,2223,0
2026-08-23 07:45:51.178910,6673,5459,2224,0
2026-08-23 07:45:51.178930,6591,5405,1979,0
2026-08-23 07:45:51.178950,6661,5487,2432,0
2026-08-23 07:45:51.178970,6572,5396,1100,0
2026-08-23 07:45:51.178990,6593,5472,2213,0
2026-08-23 07:45:51.179010,6599,5508,2855,0
2026-08-23 07:45:51.179030,6614,5439,2430,0
2026-08-23 07:45:51.179050,6698,5523,2827,0
2026-08-23 07:45:51.179070,6600,5440,2276,0
2026-08-23 07:45:51.179090,6686,5460,2365,0
2026-08-23 07:45:51.179110,6758,5478,2429,0
2026-08-23 07:45:51.179130,6693,5499,2481,0
2026-08-23 07:45:51.179150,6596,5463,2111,0
2026-08-23 07:45:51.179170,6664,5448,2191,0
2026-08-23 07:45:51.179190,6553,5202,0,0
2026-08-23 07:45:51.179210,6593,5421,2421,0
2026-08-23 07:45:51.179230,6699,5463,3081,0
2026-08-23 07:45:51.179250,6613,5417,2248,0
2026-08-23 07:45:51.179270,6681,5448,2522,0
2026-08-23 07:45:51.179290,6614,5474,2534,0
2026-08-23 07:45:51.179310,6704,5492,2590,0
2026-08-23 07:45:51.179330,6611,5449,2416,0
2026-08-23 07:45:51.179350,6691,5475,2219,0
2026-08-23 07:45:51.179370,6559,5353,802,0
2026-08-23 07:45:51.179390,6598,5492,2390,0
2026-08-23 07:45:51.179410,6503,5230,0,0
2026-08-23 07:45:51.179430,6589,5424,2205,0
2026-08-23 07:45:51.179450,6676,5469,2786,0
2026-08-23 07:45:51.179470,6615,5487,2526,0
2026-08-23 07:45:51.179490,6699,5502,2761,0
2026-08-23 07:45:51.179510,6693,5443,2410,0
2026-08-23 07:45:51.179530,6717,5450,2302,0
2026-08-23 07:45:51.179550,6593,5407,1787,0
2026-08-23 07:45:51.179570,6635,5468,2415,0
2026-08-23 07:45:51.179590,6559,5397,852,0
2026-08-23 07:45:51.179610,6598,5456,2029,0
2026-08-23 07:45:51.179630,6503,5247,0,0
2026-08-23 07:45:51.179650,6582,5433,2481,0
2026-08-23 07:45:51.179670,6697,5476,2967,0
2026-08-23 07:45:51.179690,6615,5474,2363,0
2026-08-23 07:45:51.179710,6691,5450,2697,0
2026-08-23 07:45:51.179730,6601,5433,2260,0
2026-08-23 07:45:51.179750,6681,5484,2500,0
2026-08-23 07:45:51.179770,6596,5416,1868,0
2026-08-23 07:45:51.179790,6621,5438,2172,0
2026-08-23 07:45:51.179810,6501,5387,752,0
2026-08-23 07:45:51.179830,6598,5457,2453,0
2026-08-23 07:45:51.179850,6589,5259,0,0
2026-08-23 07:45:51.179870,6586,5435,2300,0
2026-08-23 07:45:51.179890,6683,5444,2578,0
2026-08-23 07:45:51.179910,6615,5456,2402,0
2026-08-23 07:45:51.179930,6679,5445,2596,0
2026-08-23 07:45:51.179950,6604,5417,2132,0
2026-08-23 07:45:51.179970,6663,5471,2216,0
2026-08-23 07:45:51.179990,6580,5413,1507,0
2026-08-23 07:45:51.180010,6620,5456,2451,0
2026-08-23 07:45:51.180030,6526,5342,0,0
2026-08-23 07:45:51.180050,6585,5475,2272,0
2026-08-23 07:45:51.180070,6685,5500,2661,0
2026-08-23 07:45:51.180090,6608,5441,2434,0
2026-08-23 07:45:51.180110,6697,5468,2650,0
2026-08-23 07:45:51.180130,6599,5435,2224,0
2026-08-23 07:45:51.180150,6675,5475,2238,0
2026-08-23 07:45:51.180170,6581,5408,1787,0
2026-08-23 07:45:51.180190,6664,5498,2454,0
2026-08-23 07:45:51.180210,6553,5345,422,0
2026-08-23 07:45:51.180230,6576,5446,2256,0
2026-08-23 07:45:51.180250,6688,5512,2731,0
2026-08-23 07:45:51.180270,6638,5461,2445,0
2026-08-23 07:45:51.180290,6703,5470,2704,0
2026-08-23 07:45:51.180310,6604,5461,2271,0
2026-08-23 07:45:51.180330,6671,5470,2264,0
2026-08-23 07:45:51.180350,6594,5413,1997,0
2026-08-23 07:45:51.180370,6639,5492,2449,0
2026-08-23 07:45:51.180390,6568,5369,882,0
2026-08-23 07:45:51.180410,6601,5485,2222,0
2026-08-23 07:45:51.180430,6690,5481,2764,0
2026-08-23 07:45:51.180450,6637,5461,2452,0
2026-08-23 07:45:51.180470,6685,5496,2748,0
2026-08-23 07:45:51.180490,6612,5442,2297,0
2026-08-23 07:45:51.180510,6670,5483,2273,0
2026-08-23 07:45:51.180530,6595,5460,2144,0
2026-08-23 07:45:51.180550,6669,5494,2451,0
2026-08-23 07:45:51.180570,6596,5395,1347,0
2026-08-23 07:45:51.180590,6613,5469,2218,0
2026-08-23 07:45:51.180610,6694,5471,2846,0
2026-08-23 07:45:51.180630,6613,5480,2457,0
2026-08-23 07:45:51.180650,6697,5470,2809,0
2026-08-23 07:45:51.180670,6611,5471,2305,0
2026-08-23 07:45:51.180690,6685,5451,2305,0
2026-08-23 07:45:51.180710,6618,5472,2324,0
2026-08-23 07:45:51.180730,6686,5454,2455,0
2026-08-23 07:45:51.180750,6583,5446,1768,0
2026-08-23 07:45:51.180770,6621,5486,2208,0
2026-08-23 07:45:51.180790,6703,5519,2915,0
2026-08-23 07:45:51.180810,6616,5479,2446,0
2026-08-23 07:45:51.180830,6703,5494,2864,0
2026-08-23 07:45:51.180850,6610,5441,2385,0
2026-08-23 07:45:51.180870,6686,5457,2350,0
2026-08-23 07:45:51.180890,6614,5461,2410,0
2026-08-23 07:45:51.180910,6681,5465,2488,0
2026-08-23 07:45:51.180930,6595,5456,1935,0
2026-08-23 07:45:51.180950,6636,5467,2209,0
2026-08-23 07:45:51.180970,6703,5530,2956,0
2026-08-23 07:45:51.180990,6614,5457,2465,0
2026-08-23 07:45:51.181010,6698,5487,2906,0
2026-08-23 07:45:51.181030,6609,5479,2302,0
2026-08-23 07:45:51.181050,6680,5459,2381,0
2026-08-23 07:45:51.181070,6598,5453,2423,0
2026-08-23 07:45:51.181090,6695,5478,2495,0
2026-08-23 07:45:51.181110,6592,5438,2061,0
2026-08-23 07:45:51.181130,6667,5449,2195,0
2026-08-23 07:45:51.181150,6690,5533,3034,0
2026-08-23 07:45:51.181170,6616,5453,2439,0
2026-08-23 07:45:51.181190,6712,5494,2695,0
2026-08-23 07:45:51.181210,6604,5449,2285,0
2026-08-23 07:45:51.181230,6682,5468,2416,0
2026-08-23 07:45:51.181250,6609,5488,2489,0
2026-08-23 07:45:51.181270,6693,5470,2508,0
2026-08-23 07:45:51.181290,6608,5450,2249,0
2026-08-23 07:45:51.181310,6678,5476,2182,0
2026-08-23 07:45:51.181330,6502,5225,0,0
2026-08-23 07:45:51.181350,6587,5443,2428,0
2026-08-23 07:45:51.181370,6702,5514,3095,0
2026-08-23 07:45:51.181390,6616,5456,2259,0
2026-08-23 07:45:51.181410,6685,5439,2491,0
2026-08-23 07:45:51.181430,6616,5439,2544,0
2026-08-23 07:45:51.181450,6686,5449,2605,0
2026-08-23 07:45:51.181470,6602,5459,2355,0
2026-08-23 07:45:51.181490,6684,5464,2206,0
2026-08-23 07:45:51.181510,6531,5296,0,0
2026-08-23 07:45:51.181530,6592,5485,2408,0
2026-08-23 07:45:51.181550,6699,5518,3958,0
2026-08-23 07:45:51.181570,6616,5436,2229,0
2026-08-23 07:45:51.181590,6699,5474,2658,0
2026-08-23 07:45:51.181610,6614,5492,2549,0
2026-08-23 07:45:51.181630,6709,5503,2657,0
2026-08-23 07:45:51.181650,6614,5457,2428,0
2026-08-23 07:45:51.181670,6689,5492,2235,0
2026-08-23 07:45:51.181690,6563,5372,1036,0
2026-08-23 07:45:51.181710,6606,5455,2424,0
2026-08-23 07:45:51.181730,6516,5271,0,0
2026-08-23 07:45:51.181750,6578,5462,2193,0
2026-08-23 07:45:51.181770,6683,5512,2806,0
2026-08-23 07:45:51.181790,6610,5485,2529,0
2026-08-23 07:45:51.181810,6705,5503,2752,0
2026-08-23 07:45:51.181830,6615,5462,2429,0
2026-08-23 07:45:51.181850,6679,5477,2308,0
2026-08-23 07:45:51.181870,6662,5400,1662,0
2026-08-23 07:45:51.181890,6632,5454,2437,0
2026-08-23 07:45:51.181910,6501,5333,376,0
2026-08-23 07:45:51.181930,6592,5438,2180,0
2026-08-23 07:45:51.181950,6685,5520,2447,0
2026-08-23 07:45:51.181970,6605,5502,2524,0
2026-08-23 07:45:51.181990,6705,5517,2851,0
2026-08-23 07:45:51.182010,6621,5474,2437,0
2026-08-23 07:45:51.182030,6681,5478,2334,0
2026-08-23 07:45:51.182050,6600,5450,2013,0
2026-08-23 07:45:51.182070,6666,5487,2441,0
2026-08-23 07:45:51.182090,6573,5413,1176,0
2026-08-23 07:45:51.182110,6599,5434,2191,0
2026-08-23 07:45:51.182130,6497,5264,0,0
2026-08-23 07:45:51.182150,6590,5483,2492,0
2026-08-23 07:45:51.182170,6699,5483,2975,0
2026-08-23 07:45:51.182190,6603,5433,2365,0
2026-08-23 07:45:51.182210,6684,5486,2442,0
2026-08-23 07:45:51.182230,6611,5456,2291,0
2026-08-23 07:45:51.182250,6685,5473,2509,0
2026-08-23 07:45:51.182270,6592,5431,1845,0
2026-08-23 07:45:51.182290,6627,5444,2181,0
2026-08-23 07:45:51.182310,6561,5401,807,0
2026-08-23 07:45:51.182330,6601,5503,2479,0
2026-08-23 07:45:51.182350,6560,5213,0,0
2026-08-23 07:45:51.182370,6586,5397,2279,0
2026-08-23 07:45:51.182390,6693,5472,2601,0
2026-08-23 07:45:51.182410,6608,5467,2406,0
2026-08-23 07:45:51.182430,6684,5480,2617,0
2026-08-23 07:45:51.182450,6602,5411,2146,0
2026-08-23 07:45:51.182470,6681,5460,2221,0
2026-08-23 07:45:51.182490,6581,5397,1769,0
2026-08-23 07:45:51.182510,6620,5462,2454,0
2026-08-23 07:45:51.182530,6551,5345,372,0
2026-08-23 07:45:51.182550,6589,5475,2200,0
2026-08-23 07:45:51.182570,6683,5498,2725,0
2026-08-23 07:45:51.182590,6614,5430,2429,0
2026-08-23 07:45:51.182610,6697,5494,2738,0
2026-08-23 07:45:51.182630,6609,5430,2256,0
2026-08-23 07:45:51.182650,6668,5445,2277,0
2026-08-23 07:45:51.182670,6604,5424,2146,0
2026-08-23 07:45:51.182690,6681,5461,2424,0
2026-08-23 07:45:51.182710,6570,5409,1170,0
2026-08-23 07:45:51.182730,6602,5481,2215,0
2026-08-23 07:45:51.182750,6686,5482,2844,0
2026-08-23 07:45:51.182770,6611,5480,2451,0
2026-08-23 07:45:51.182790,6698,5485,2803,0
2026-08-23 07:45:51.182810,6608,5445,2284,0
2026-08-23 07:45:51.182830,6684,5455,2371,0
2026-08-23 07:45:51.182850,6593,5451,2338,0
2026-08-23 07:45:51.182870,6685,5468,2475,0
2026-08-23 07:45:51.182890,6578,5417,1774,0
2026-08-23 07:45:51.182910,6619,5494,2210,0
2026-08-23 07:45:51.182930,6693,5529,2996,0
2026-08-23 07:45:51.182950,6616,5484,2436,0
2026-08-23 07:45:51.182970,6694,5501,2956,0
2026-08-23 07:45:51.182990,6604,5470,2268,0
2026-08-23 07:45:51.183010,6676,5486,2420,0
2026-08-23 07:45:51.183030,6609,5453,2502,0
2026-08-23 07:45:51.183050,6689,5502,2529,0
2026-08-23 07:45:51.183070,6614,5436,2267,0
2026-08-23 07:45:51.183090,6667,5444,2191,0
2026-08-23 07:45:51.183110,6498,5303,0,0
2026-08-23 07:45:51.183130,6593,5484,2380,0
2026-08-23 07:45:51.183150,6704,5525,3183,0
2026-08-23 07:45:51.183170,6606,5451,2220,0
2026-08-23 07:45:51.183190,6686,5494,2629,0
2026-08-23 07:45:51.183210,6610,5482,2543,0
2026-08-23 07:45:51.183230,6692,5494,2656,0
2026-08-23 07:45:51.183250,6611,5439,2441,0
2026-08-23 07:45:51.183270,6686,5449,2241,0
2026-08-23 07:45:51.183290,6562,5394,960,0
2026-08-23 07:45:51.183310,6601,5457,2431,0
2026-08-23 07:45:51.183330,6502,5297,0,0
2026-08-23 07:45:51.183350,6583,5478,2220,0
2026-08-23 07:45:51.183370,6674,5492,2796,0
2026-08-23 07:45:51.183390,6618,5441,2527,0
2026-08-23 07:45:51.183410,6706,5468,2757,0
2026-08-23 07:45:51.183430,6615,5467,2428,0
2026-08-23 07:45:51.183450,6683,5482,2293,0
2026-08-23 07:45:51.183470,6586,5388,1681,0
2026-08-23 07:45:51.183490,6627,5483,2443,0
2026-08-23 07:45:51.183510,6553,5332,439,0
2026-08-23 07:45:51.183530,6585,5465,2177,0
2026-08-23 07:45:51.183550,6724,5434,67,0
2026-08-23 07:45:51.183570,6585,5454,2500,0
2026-08-23 07:45:51.183590,6699,5514,2882,0
2026-08-23 07:45:51.183610,6611,5484,2377,0
2026-08-23 07:45:51.183630,6690,5456,2373,0
2026-08-23 07:45:51.183650,6595,5431,2141,0
2026-08-23 07:45:51.183670,6663,5457,2475,0
2026-08-23 07:45:51.183690,6573,5472,1548,0
2026-08-23 07:45:51.183710,6618,5459,2178,0
2026-08-23 07:45:51.183730,6436,5337,0,0
2026-08-23 07:45:51.183750,6593,5466,2457,0
2026-08-23 07:45:51.183770,6691,5523,3039,0
2026-08-23 07:45:51.183790,6608,5487,2332,0
2026-08-23 07:45:51.183810,6592,5501,2481,0
2026-08-23 07:45:51.183830,6605,5489,2319,0
2026-08-23 07:45:51.183850,6684,5493,2542,0
2026-08-23 07:45:51.183870,6596,5449,1964,0
2026-08-23 07:45:51.183890,6618,5432,2170,0
2026-08-23 07:45:51.183910,6552,5370,922,0
2026-08-23 07:45:51.183930,6603,5465,2451,0
2026-08-23 07:45:51.183950,6540,5281,0,0
2026-08-23 07:45:51.183970,6588,5439,2293,0
2026-08-23 07:45:51.183990,6688,5425,2585,0
2026-08-23 07:45:51.184010,6615,5439,2399,0
2026-08-23 07:45:51.184030,6683,5484,2607,0
2026-08-23 07:45:51.184050,6591,5419,2157,0
2026-08-23 07:45:51.184070,6672,5438,2202,0
2026-08-23 07:45:51.184090,6586,5404,1690,0
2026-08-23 07:45:51.184110,6623,5457,2428,0
2026-08-23 07:45:51.184130,6549,5381,391,0
2026-08-23 07:45:51.184150,6587,5445,2228,0
2026-08-23 07:45:51.184170,6683,5515,2747,0
2026-08-23 07:45:51.184190,6605,5478,2423,0
2026-08-23 07:45:51.184210,6683,5468,2752,0
2026-08-23 07:45:51.184230,6625,5423,2270,0
2026-08-23 07:45:51.184250,6676,5471,2296,0
2026-08-23 07:45:51.184270,6598,5464,2264,0
2026-08-23 07:45:51.184290,6681,5457,2447,0
2026-08-23 07:45:51.184310,6600,5420,1796,0
2026-08-23 07:45:51.184330,6620,5485,2197,0
2026-08-23 07:45:51.184350,6688,5518,2994,0
2026-08-23 07:45:51.184370,6606,5484,2462,0
2026-08-23 07:45:51.184390,6694,5514,2940,0
2026-08-23 07:45:51.184410,6615,5441,2149,0
2026-08-23 07:45:51.184430,6673,5470,2428,0
2026-08-23 07:45:51.184450,6618,5461,2501,0
2026-08-23 07:45:51.184470,6693,5494,2527,0
2026-08-23 07:45:51.184490,6613,5437,2333,0
2026-08-23 07:45:51.184510,6678,5486,2204,0
2026-08-23 07:45:51.184530,6531,5314,80,0
2026-08-23 07:45:51.184550,6592,5496,2397,0
2026-08-23 07:45:51.184570,6611,5367,0,0
2026-08-23 07:45:51.184590,6582,5469,2193,0
2026-08-23 07:45:51.184610,6671,5499,2716,0
2026-08-23 07:45:51.184630,6606,5446,2527,0
2026-08-23 07:45:51.184650,6704,5474,2723,0
2026-08-23 07:45:51.184670,6613,5453,2426,0
2026-08-23 07:45:51.184690,6694,5486,2284,0
2026-08-23 07:45:51.184710,6589,5401,1702,0
2026-08-23 07:45:51.184730,6631,5489,2434,0
2026-08-23 07:45:51.184750,6556,5337,677,0
2026-08-23 07:45:51.184770,6591,5438,2170,0
2026-08-23 07:45:51.184790,6564,5273,0,0
2026-08-23 07:45:51.184810,6591,5460,2492,0
2026-08-23 07:45:51.184830,6696,5506,2907,0
2026-08-23 07:45:51.184850,6620,5432,2389,0
2026-08-23 07:45:51.184870,6691,5481,2386,0
2026-08-23 07:45:51.184890,6603,5421,2123,0
2026-08-23 07:45:51.184910,6671,5484,2467,0
2026-08-23 07:45:51.184930,6574,5432,1500,0
2026-08-23 07:45:51.184950,6618,5467,2186,0
2026-08-23 07:45:51.184970,6512,5314,0,0
2026-08-23 07:45:51.184990,6587,5492,2477,0
2026-08-23 07:45:51.185010,6708,5525,3052,0
2026-08-23 07:45:51.185030,6618,5480,2351,0
2026-08-23 07:45:51.185050,6691,5494,2451,0
2026-08-23 07:45:51.185070,6603,5468,2277,0
2026-08-23 07:45:51.185090,6680,5483,2509,0
2026-08-23 07:45:51.185110,6584,5447,1810,0
2026-08-23 07:45:51.185130,6623,5456,2193,0
2026-08-23 07:45:51.185150,6544,5345,320,0
2026-08-23 07:45:51.185170,6593,5469,2481,0
2026-08-23 07:45:51.185190,6702,5557,3703,0
2026-08-23 07:45:51.185210,6635,5487,2333,0
2026-08-23 07:45:51.185230,6695,5469,2493,0
2026-08-23 07:45:51.185250,6604,5448,2343,0
2026-08-23 07:45:51.185270,6680,5492,2535,0
2026-08-23 07:45:51.185290,6608,5429,2019,0
2026-08-23 07:45:51.185310,6642,5452,2185,0
2026-08-23 07:45:51.185330,6557,5396,982,0
2026-08-23 07:45:51.185350,6603,5468,2441,0
2026-08-23 07:45:51.185370,6513,5269,0,0
2026-08-23 07:45:51.185390,6589,5471,2284,0
2026-08-23 07:45:51.185410,6689,5487,2605,0
2026-08-23 07:45:51.185430,6616,5463,2430,0
2026-08-23 07:45:51.185450,6698,5458,2630,0
2026-08-23 07:45:51.185470,6612,5453,2214,0
2026-08-23 07:45:51.185490,6664,5437,2215,0
2026-08-23 07:45:51.185510,6593,5387,1856,0
2026-08-23 07:45:51.185530,6748,5484,2423,0
2026-08-23 07:45:51.185550,6574,5370,1011,0
2026-08-23 07:45:51.185570,6595,5446,2214,0
2026-08-23 07:45:51.185590,6691,5519,2834,0
2026-08-23 07:45:51.185610,6609,5474,2438,0
2026-08-23 07:45:51.185630,6697,5510,2802,0
2026-08-23 07:45:51.185650,6610,5435,2295,0
2026-08-23 07:45:51.185670,6683,5454,2332,0
2026-08-23 07:45:51.185690,6666,5470,2421,0
2026-08-23 07:45:51.185710,6678,5455,2467,0
2026-08-23 07:45:51.185730,6586,5466,2171,0
2026-08-23 07:45:51.185750,6669,5460,2182,0
2026-08-23 07:45:51.185770,6508,5271,0,0
2026-08-23 07:45:51.185790,6589,5457,2402,0
2026-08-23 07:45:51.185810,6693,5495,3160,0
2026-08-23 07:45:51.185830,6618,5424,2225,0
2026-08-23 07:45:51.185850,6676,5477,2595,0
2026-08-23 07:45:51.185870,6615,5484,2538,0
2026-08-23 07:45:51.185890,6699,5476,2645,0
2026-08-23 07:45:51.185910,6617,5475,2433,0
2026-08-23 07:45:51.185930,6687,5464,2247,0
2026-08-23 07:45:51.185950,6572,5408,1303,0
2026-08-23 07:45:51.185970,6630,5461,2403,0
2026-08-23 07:45:51.185990,6536,5351,98,0
2026-08-23 07:45:51.186010,6588,5468,2165,0
2026-08-23 07:45:51.186030,6692,5453,287,0
2026-08-23 07:45:51.186050,6582,5473,2387,0
2026-08-23 07:45:51.186070,6698,5513,2898,0
2026-08-23 07:45:51.186090,6610,5469,2360,0
2026-08-23 07:45:51.186110,6684,5480,2397,0
2026-08-23 07:45:51.186130,6604,5425,2228,0
2026-08-23 07:45:51.186150,6685,5453,2484,0
2026-08-23 07:45:51.186170,6592,5413,1862,0
2026-08-23 07:45:51.186190,6636,5470,2187,0
2026-08-23 07:45:51.186210,6560,5353,901,0
2026-08-23 07:45:51.186230,6603,5488,2439,0
2026-08-23 07:45:51.186250,6504,5276,0,0
2026-08-23 07:45:51.186270,6584,5475,2258,0
2026-08-23 07:45:51.186290,6691,5499,2639,0
2026-08-23 07:45:51.186310,6612,5443,2423,0
2026-08-23 07:45:51.186330,6689,5498,2664,0
2026-08-23 07:45:51.186350,6599,5473,2234,0
2026-08-23 07:45:51.186370,6663,5495,2252,0
2026-08-23 07:45:51.186390,6596,5467,2147,0
2026-08-23 07:45:51.186410,6678,5454,2437,0
2026-08-23 07:45:51.186430,6585,5438,1682,0
2026-08-23 07:45:51.186450,6619,5474,2183,0
2026-08-23 07:45:51.186470,6693,5497,2980,0
2026-08-23 07:45:51.186490,6616,5480,2422,0
2026-08-23 07:45:51.186510,6708,5481,2956,0
2026-08-23 07:45:51.186530,6622,5464,2255,0
2026-08-23 07:45:51.186550,6682,5487,2444,0
2026-08-23 07:45:51.186570,6606,5476,2511,0
2026-08-23 07:45:51.186590,6697,5491,2538,0
2026-08-23 07:45:51.186610,6597,5446,2391,0
2026-08-23 07:45:51.186630,6689,5478,2206,0
2026-08-23 07:45:51.186650,6550,5337,647,0
2026-08-23 07:45:51.186670,6597,5454,2403,0
2026-08-23 07:45:51.186690,6509,5286,0,0
2026-08-23 07:45:51.186710,6588,5462,2161,0
2026-08-23 07:45:51.186730,6690,5499,2815,0
2026-08-23 07:45:51.186750,6611,5473,2489,0
2026-08-23 07:45:51.186770,6706,5481,2797,0
2026-08-23 07:45:51.186790,6627,5473,2388,0
2026-08-23 07:45:51.186810,6681,5489,2352,0
2026-08-23 07:45:51.186830,6602,5427,2158,0
2026-08-23 07:45:51.186850,6668,5470,2472,0
2026-08-23 07:45:51.186870,6592,5417,1857,0
2026-08-23 07:45:51.186890,6686,5475,2173,0
2026-08-23 07:45:51.186910,6554,5366,1010,0
2026-08-23 07:45:51.186930,6602,5493,2440,0
2026-08-23 07:45:51.186950,6528,5338,0,0
2026-08-23 07:45:51.186970,6582,5480,2231,0
2026-08-23 07:45:51.186990,6687,5512,2698,0
2026-08-23 07:45:51.187010,6621,5477,2409,0
2026-08-23 07:45:51.187030,6714,5506,2732,0
2026-08-23 07:45:51.187050,6609,5466,2288,0
2026-08-23 07:45:51.187070,6674,5475,2305,0
2026-08-23 07:45:51.187090,6604,5440,2323,0
2026-08-23 07:45:51.187110,6683,5456,2453,0
2026-08-23 07:45:51.187130,6597,5462,2021,0
2026-08-23 07:45:51.187150,6630,5485,2170,0
2026-08-23 07:45:51.187170,6576,5289,0,0
2026-08-23 07:45:51.187190,6590,5463,2424,0
2026-08-23 07:45:51.187210,6706,5523,3054,0
2026-08-23 07:45:51.187230,6610,5477,2188,0
2026-08-23 07:45:51.187250,6691,5485,2501,0
2026-08-23 07:45:51.187270,6606,5452,2531,0
2026-08-23 07:45:51.187290,6701,5475,2599,0
2026-08-23 07:45:51.187310,6615,5492,2439,0
2026-08-23 07:45:51.187330,6693,5456,2212,0
2026-08-23 07:45:51.187350,6563,5400,969,0
2026-08-23 07:45:51.187370,6519,5490,2408,0
2026-08-23 07:45:51.187390,6518,5315,0,0
2026-08-23 07:45:51.187410,6591,5436,2180,0
2026-08-23 07:45:51.187430,6680,5506,2823,0
2026-08-23 07:45:51.187450,6617,5464,2529,0
2026-08-23 07:45:51.187470,6706,5477,2793,0
2026-08-23 07:45:51.187490,6617,5472,2406,0
2026-08-23 07:45:51.187510,6683,5476,2316,0
2026-08-23 07:45:51.187530,6587,5423,2018,0
2026-08-23 07:45:51.187550,6669,5455,2447,0
2026-08-23 07:45:51.187570,6582,5416,1448,0
2026-08-23 07:45:51.187590,6599,5443,2167,0
2026-08-23 07:45:51.187610,6512,5291,0,0
2026-08-23 07:45:51.187630,6589,5450,2474,0
2026-08-23 07:45:51.187650,6703,5486,2993,0
2026-08-23 07:45:51.187670,6621,5470,2355,0
2026-08-23 07:45:51.187690,6690,5462,2436,0
2026-08-23 07:45:51.187710,6614,5475,2342,0
2026-08-23 07:45:51.187730,6686,5449,2498,0
2026-08-23 07:45:51.187750,6596,5432,2015,0
2026-08-23 07:45:51.187770,6639,5472,2154,0
2026-08-23 07:45:51.187790,6565,5353,919,0
2026-08-23 07:45:51.187810,6606,5456,2446,0
2026-08-23 07:45:51.187830,6516,5282,0,0
2026-08-23 07:45:51.187850,6581,5482,2279,0
2026-08-23 07:45:51.187870,6700,5503,2598,0
2026-08-23 07:45:51.187890,6599,5473,2439,0
2026-08-23 07:45:51.187910,6687,5495,2615,0
2026-08-23 07:45:51.187930,6605,5471,2261,0
2026-08-23 07:45:51.187950,6666,5446,2213,0
2026-08-23 07:45:51.187970,6591,5406,1802,0
2026-08-23 07:45:51.187990,6636,5458,2424,0
2026-08-23 07:45:51.188010,6574,5364,878,0
2026-08-23 07:45:51.188030,6605,5450,2210,0
2026-08-23 07:45:51.188050,6689,5479,2764,0
2026-08-23 07:45:51.188070,6609,5489,2440,0
2026-08-23 07:45:51.188090,6712,5487,2744,0
2026-08-23 07:45:51.188110,6611,5447,2319,0
2026-08-23 07:45:51.188130,6685,5457,2269,0
2026-08-23 07:45:51.188150,6604,5480,2274,0
2026-08-23 07:45:51.188170,6694,5470,2419,0
2026-08-23 07:45:51.188190,6596,5449,1829,0
2026-08-23 07:45:51.188210,6633,5455,2196,0
2026-08-23 07:45:51.188230,6682,5536,2934,0
2026-08-23 07:45:51.188250,6624,5471,2476,0
2026-08-23 07:45:51.188270,6708,5483,2870,0
2026-08-23 07:45:51.188290,6604,5477,2296,0
2026-08-23 07:45:51.188310,6692,5482,2587,0
2026-08-23 07:45:51.188330,6615,2827,2505,0
2026-08-23 07:45:51.188350,6698,3599,2656,0
2026-08-23 07:45:51.188370,6611,4108,2405,0
2026-08-23 07:45:51.188390,6682,4467,2280,0
2026-08-23 07:45:51.188410,6601,4720,2010,0
2026-08-23 07:45:51.188430,6666,4941,2419,0
2026-08-23 07:45:51.188450,6590,4988,1735,0
2026-08-23 07:45:51.188470,6627,5195,2136,0
2026-08-23 07:45:51.188490,6507,5142,846,0
2026-08-23 07:45:51.188510,6587,5339,2407,0
2026-08-23 07:45:51.188530,6541,5238,0,0
2026-08-23 07:45:51.188550,6674,5354,2214,0
2026-08-23 07:45:51.188570,6688,5439,2702,0
2026-08-23 07:45:51.188590,6613,5388,2425,0
2026-08-23 07:45:51.188610,6692,5455,2754,0
2026-08-23 07:45:51.188630,6606,5403,2267,0
2026-08-23 07:45:51.188650,6682,5428,2337,0
2026-08-23 07:45:51.188670,6605,5435,2436,0
2026-08-23 07:45:51.188690,6701,5482,2467,0
2026-08-23 07:45:51.188710,6609,5468,2360,0
2026-08-23 07:45:51.188730,6678,5460,2179,0
2026-08-23 07:45:51.188750,6547,5340,539,0
2026-08-23 07:45:51.188770,6594,5441,2370,0
2026-08-23 07:45:51.188790,6506,5287,0,0
2026-08-23 07:45:51.188810,6584,5449,2144,0
2026-08-23 07:45:51.188830,6680,5460,2835,0
2026-08-23 07:45:51.188850,6619,5446,2458,0
2026-08-23 07:45:51.188870,6704,5470,2855,0
2026-08-23 07:45:51.188890,6623,5446,2340,0
2026-08-23 07:45:51.188910,6688,5448,2399,0
2026-08-23 07:45:51.188930,6612,5447,2312,0
2026-08-23 07:45:51.188950,6677,5488,2507,0
2026-08-23 07:45:51.188970,6608,5449,2138,0
2026-08-23 07:45:51.188990,6665,5466,2186,0
2026-08-23 07:45:51.189010,6582,5447,1773,0
2026-08-23 07:45:51.189030,6638,5450,2414,0
2026-08-23 07:45:51.189050,6580,5384,1230,0
2026-08-23 07:45:51.189070,6598,5476,2181,0
2026-08-23 07:45:51.189090,6685,5483,2834,0
2026-08-23 07:45:51.189110,6614,5475,2420,0
2026-08-23 07:45:51.189130,6698,5486,2864,0
2026-08-23 07:45:51.189150,6608,5481,2363,0
2026-08-23 07:45:51.189170,6674,5485,2387,0
2026-08-23 07:45:51.189190,6612,5473,2483,0
2026-08-23 07:45:51.189210,6699,5481,2487,0
2026-08-23 07:45:51.189230,6620,5437,2425,0
2026-08-23 07:45:51.189250,6695,5446,2285,0
2026-08-23 07:45:51.189270,6631,2802,2668,0
2026-08-23 07:45:51.189290,6614,3556,2422,0
2026-08-23 07:45:51.189310,6698,4065,2805,0
2026-08-23 07:45:51.189330,6602,4443,2273,0
2026-08-23 07:45:51.189350,6736,4738,2345,0
2026-08-23 07:45:51.189370,6616,4898,2462,0
2026-08-23 07:45:51.189390,6702,5035,2486,0
2026-08-23 07:45:51.189410,6613,5186,2379,0
2026-08-23 07:45:51.189430,6671,5230,2169,0
2026-08-23 07:45:51.189450,6556,5182,642,0
2026-08-23 07:45:51.189470,6592,5370,2381,0
2026-08-23 07:45:51.189490,6504,5201,0,0
2026-08-23 07:45:51.189510,6576,5367,2123,0
2026-08-23 07:45:51.189530,6676,5433,2830,0
2026-08-23 07:45:51.189550,6615,5409,2459,0
2026-08-23 07:45:51.189570,6688,5445,2832,0
2026-08-23 07:45:51.189590,6616,5448,2342,0
2026-08-23 07:45:51.189610,6690,5428,2373,0
2026-08-23 07:45:51.189630,6605,5415,2296,0
2026-08-23 07:45:51.189650,6682,5476,2451,0
2026-08-23 07:45:51.189670,6602,5442,2112,0
2026-08-23 07:45:51.189690,6632,5427,2160,0
2026-08-23 07:45:51.189710,6591,5353,1631,0
2026-08-23 07:45:51.189730,6618,5473,2408,0
2026-08-23 07:45:51.189750,6565,5405,1066,0
2026-08-23 07:45:51.189770,6590,5472,2199,0
2026-08-23 07:45:51.189790,6689,5528,2802,0
2026-08-23 07:45:51.189810,6621,5454,2434,0
2026-08-23 07:45:51.189830,6694,5507,2804,0
2026-08-23 07:45:51.189850,6610,5434,2291,0
2026-08-23 07:45:51.189870,6680,5472,2346,0
2026-08-23 07:45:51.189890,6617,5446,2460,0
2026-08-23 07:45:51.189910,6693,5443,2478,0
2026-08-23 07:45:51.189930,6600,5440,2366,0
2026-08-23 07:45:51.189950,6674,5466,2161,0
2026-08-23 07:45:51.189970,6540,5325,122,0
2026-08-23 07:45:51.189990,6590,5477,2381,0
2026-08-23 07:45:51.190010,6572,5204,0,0
2026-08-23 07:45:51.190030,6587,5387,2176,0
2026-08-23 07:45:51.190050,6689,5443,2692,0
2026-08-23 07:45:51.190070,6689,5428,2512,0
2026-08-23 07:45:51.190090,6699,5447,2715,0
2026-08-23 07:45:51.190110,6609,5463,2431,0
2026-08-23 07:45:51.190130,6681,5459,2243,0
2026-08-23 07:45:51.190150,6597,5399,1992,0
2026-08-23 07:45:51.190170,6667,5437,2411,0
2026-08-23 07:45:51.190190,6596,5395,1891,0
2026-08-23 07:45:51.190210,6637,5427,2149,0
2026-08-23 07:45:51.190230,6700,2804,2414,0
2026-08-23 07:45:51.190250,6566,3441,781,0
2026-08-23 07:45:51.190270,6593,4058,2208,0
2026-08-23 07:45:51.190290,6687,4479,2771,0
2026-08-23 07:45:51.190310,6613,4739,2428,0
2026-08-23 07:45:51.190330,6706,4949,2776,0
2026-08-23 07:45:51.190350,6610,5055,2309,0
2026-08-23 07:45:51.190370,6683,5155,2335,0
2026-08-23 07:45:51.190390,6613,5229,2459,0
2026-08-23 07:45:51.190410,6702,5322,2455,0
2026-08-23 07:45:51.190430,6616,5314,2311,0
2026-08-23 07:45:51.190450,6676,5351,2141,0
2026-08-23 07:45:51.190470,6536,5252,147,0
2026-08-23 07:45:51.190490,6592,5438,2383,0
2026-08-23 07:45:51.190510,6517,5249,0,0
2026-08-23 07:45:51.190530,6585,5376,2170,0
2026-08-23 07:45:51.190550,6680,5427,2748,0
2026-08-23 07:45:51.190570,6606,5446,2479,0
2026-08-23 07:45:51.190590,6702,5487,2763,0
2026-08-23 07:45:51.190610,6614,5461,2377,0
2026-08-23 07:45:51.190630,6681,5456,2328,0
2026-08-23 07:45:51.190650,6608,5458,2222,0
2026-08-23 07:45:51.190670,6675,5475,2444,0
2026-08-23 07:45:51.190690,6587,5406,1983,0
2026-08-23 07:45:51.190710,6637,5434,2142,0
2026-08-23 07:45:51.190730,6580,5401,1343,0
2026-08-23 07:45:51.190750,6613,5443,2393,0
2026-08-23 07:45:51.190770,6571,5337,542,0
2026-08-23 07:45:51.190790,6584,5442,2199,0
2026-08-23 07:45:51.190810,6682,5471,2748,0
2026-08-23 07:45:51.190830,6620,5468,2418,0
2026-08-23 07:45:51.190850,6688,5467,2778,0
2026-08-23 07:45:51.190870,6607,5463,2273,0
2026-08-23 07:45:51.190890,6672,5482,2335,0
2026-08-23 07:45:51.190910,6605,5473,2436,0
2026-08-23 07:45:51.190930,6687,5488,2470,0
2026-08-23 07:45:51.190950,6604,5432,2350,0
2026-08-23 07:45:51.190970,6679,5440,2164,0
2026-08-23 07:45:51.190990,6542,5339,497,0
2026-08-23 07:45:51.191010,6591,5488,2368,0
2026-08-23 07:45:51.191030,6513,5314,0,0
2026-08-23 07:45:51.191050,6590,5465,2141,0
2026-08-23 07:45:51.191070,6678,5470,2813,0
2026-08-23 07:45:51.191090,6620,5482,2467,0
2026-08-23 07:45:51.191110,6690,5495,2831,0
2026-08-23 07:45:51.191130,6622,5478,2330,0
2026-08-23 07:45:51.191150,6696,5446,2481,0
2026-08-23 07:45:51.191170,6620,5376,2352,0
2026-08-23 07:45:51.191190,6607,2797,2439,0
2026-08-23 07:45:51.191210,6605,3517,2006,0
2026-08-23 07:45:51.191230,6668,4081,2134,0
2026-08-23 07:45:51.191250,6555,4346,972,0
2026-08-23 07:45:51.191270,6599,4758,2439,0
2026-08-23 07:45:51.191290,6520,4732,0,0
2026-08-23 07:45:51.191310,6573,5036,2254,0
2026-08-23 07:45:51.191330,6690,5211,2576,0
2026-08-23 07:45:51.191350,6604,5230,2441,0
2026-08-23 07:45:51.191370,6684,5306,2589,0
2026-08-23 07:45:51.191390,6601,5355,2293,0
2026-08-23 07:45:51.191410,6670,5384,2199,0
2026-08-23 07:45:51.191430,6583,5370,1744,0
2026-08-23 07:45:51.191450,6616,5415,2431,0
2026-08-23 07:45:51.893341,6553,5307,344,0
2026-08-23 07:45:51.893361,6573,5430,2248,0
2026-08-23 07:45:51.893381,6682,5460,2649,0
2026-08-23 07:45:51.893401,6612,5446,2469,0
2026-08-23 07:45:51.893421,6699,5462,2637,0
2026-08-23 07:45:51.893441,6601,5468,2315,0
2026-08-23 07:45:51.893461,6675,5475,2212,0
2026-08-23 07:45:51.893481,6594,5431,1851,0
2026-08-23 07:45:51.893501,6633,5430,2438,0
2026-08-23 07:45:51.893521,6553,5342,578,0
2026-08-23 07:45:51.893541,6596,5448,2232,0
2026-08-23 07:45:51.893561,6683,5502,2661,0
2026-08-23 07:45:51.893581,6613,5509,2470,0
2026-08-23 07:45:51.893601,6696,5512,2639,0
2026-08-23 07:45:51.893621,6616,5448,2328,0
2026-08-23 07:45:51.893641,6676,5480,2236,0
2026-08-23 07:45:51.893661,6594,5426,1731,0
2026-08-23 07:45:51.893681,6663,5489,2468,0
2026-08-23 07:45:51.893701,6569,5397,1004,0
2026-08-23 07:45:51.893721,6595,5436,2217,0
2026-08-23 07:45:51.893741,6683,5500,2706,0
2026-08-23 07:45:51.893761,6624,5477,2491,0
2026-08-23 07:45:51.893781,6690,5511,2679,0
2026-08-23 07:45:51.893801,6610,5447,2331,0
2026-08-23 07:45:51.893821,6674,5445,2239,0
2026-08-23 07:45:51.893841,6608,5470,2226,0
2026-08-23 07:45:51.893861,6669,5474,2431,0
2026-08-23 07:45:51.893881,6600,5439,1627,0
2026-08-23 07:45:51.893901,6587,5447,2186,0
2026-08-23 07:45:51.893921,6681,5504,2824,0
2026-08-23 07:45:51.893941,6615,5455,2451,0
2026-08-23 07:45:51.893961,6702,5504,2773,0
2026-08-23 07:45:51.893981,6615,5445,2331,0
2026-08-23 07:45:51.894001,6688,5484,2312,0
2026-08-23 07:45:51.894021,6610,5462,2427,0
2026-08-23 07:45:51.894041,6691,5461,2452,0
2026-08-23 07:45:51.894061,6600,5458,2099,0
2026-08-23 07:45:51.894081,6633,5439,2166,0
2026-08-23 07:45:51.894101,6692,5543,1288,0
2026-08-23 07:45:51.894121,6594,5463,2441,0
2026-08-23 07:45:51.894141,6696,5470,2917,0
2026-08-23 07:45:51.894161,6610,5456,2285,0
2026-08-23 07:45:51.894181,6667,5461,2378,0
2026-08-23 07:45:51.894201,6621,5444,2491,0
2026-08-23 07:45:51.894221,6698,5489,2461,0
2026-08-23 07:45:51.894241,6611,5436,2369,0
2026-08-23 07:45:51.894261,6679,5468,2163,0
2026-08-23 07:45:51.894281,6516,5278,0,0
2026-08-23 07:45:51.894301,6579,5480,2410,0
2026-08-23 07:45:51.894321,6692,5514,3140,0
2026-08-23 07:45:51.894341,6608,5423,2232,0
2026-08-23 07:45:51.894361,6677,5484,2544,0
2026-08-23 07:45:51.894381,6613,5444,2573,0
2026-08-23 07:45:51.894401,6692,5486,2607,0
2026-08-23 07:45:51.894421,6622,5467,2449,0
2026-08-23 07:45:51.894441,6690,5460,2211,0
2026-08-23 07:45:51.894461,6570,5359,1152,0
2026-08-23 07:45:51.894481,6607,5424,2362,0
2026-08-23 07:45:51.894501,6518,5283,0,0
2026-08-23 07:45:51.894521,6591,5459,2199,0
2026-08-23 07:45:51.894541,6685,5478,2763,0
2026-08-23 07:45:51.894561,6614,5471,2498,0
2026-08-23 07:45:51.894581,6692,5498,2744,0
2026-08-23 07:45:51.894601,6611,5468,2432,0
2026-08-23 07:45:51.894621,6682,5462,2283,0
2026-08-23 07:45:51.894641,6587,5401,2021,0
2026-08-23 07:45:51.894661,6663,5476,2413,0
2026-08-23 07:45:51.894681,6576,5422,1479,0
2026-08-23 07:45:51.894701,6609,5430,2176,0
2026-08-23 07:45:51.894721,6517,5277,0,0
2026-08-23 07:45:51.894741,6589,5486,2451,0
2026-08-23 07:45:51.894761,6701,5514,3060,0
2026-08-23 07:45:51.894781,6614,5480,2325,0
2026-08-23 07:45:51.894801,6690,5456,2451,0
2026-08-23 07:45:51.894821,6597,5469,2375,0
2026-08-23 07:45:51.894841,6625,5461,2517,0
2026-08-23 07:45:51.894861,6604,5472,2175,0
2026-08-23 07:45:51.894881,6554,5453,2163,0
2026-08-23 07:45:51.894901,6589,5392,1625,0
2026-08-23 07:45:51.894921,6610,5484,2403,0
2026-08-23 07:45:51.894941,6534,5383,677,0
2026-08-23 07:45:51.894961,6589,5480,2211,0
2026-08-23 07:45:51.894981,6685,5486,2740,0
2026-08-23 07:45:51.895001,6618,5461,2428,0
2026-08-23 07:45:51.895021,6693,5466,2730,0
2026-08-23 07:45:51.895041,6604,5438,2289,0
2026-08-23 07:45:51.895061,6674,5483,2281,0
2026-08-23 07:45:51.895081,6608,5441,2391,0
2026-08-23 07:45:51.895101,6692,5488,2446,0
2026-08-23 07:45:51.895121,6600,5476,2184,0
2026-08-23 07:45:51.895141,6668,5453,2156,0
2026-08-23 07:45:51.895161,6481,5249,0,0
2026-08-23 07:45:51.895181,6590,5471,2388,0
2026-08-23 07:45:51.895201,6698,5501,3096,0
2026-08-23 07:45:51.895221,6612,5423,2220,0
2026-08-23 07:45:51.895241,6682,5461,2524,0
2026-08-23 07:45:51.895261,6616,5453,2540,0
2026-08-23 07:45:51.895281,6697,5466,2582,0
2026-08-23 07:45:51.895301,6621,5489,2436,0
2026-08-23 07:45:51.895321,6676,5473,2199,0
2026-08-23 07:45:51.895341,6580,5440,1362,0
2026-08-23 07:45:51.895361,6621,5449,2387,0
2026-08-23 07:45:51.895381,6545,5347,288,0
2026-08-23 07:45:51.895401,6587,5442,2144,0
2026-08-23 07:45:51.895421,6687,5503,2843,0
2026-08-23 07:45:51.895441,6612,5484,2482,0
2026-08-23 07:45:51.895461,6694,5503,2819,0
2026-08-23 07:45:51.895481,6613,5484,2379,0
2026-08-23 07:45:51.895501,6688,5451,2344,0
2026-08-23 07:45:51.895521,6603,5424,2239,0
2026-08-23 07:45:51.895541,6673,5455,2455,0
2026-08-23 07:45:51.895561,6589,5461,1900,0
2026-08-23 07:45:51.895581,6627,5477,2141,0
2026-08-23 07:45:51.895601,6541,5370,643,0
2026-08-23 07:45:51.895621,6591,5459,2716,0
2026-08-23 07:45:51.895641,6534,5266,0,0
2026-08-23 07:45:51.895661,6582,5463,2268,0
2026-08-23 07:45:51.895681,6688,5453,2535,0
2026-08-23 07:45:51.895701,6608,5461,2442,0
2026-08-23 07:45:51.895721,6690,5492,2573,0
2026-08-23 07:45:51.895741,6604,5448,2261,0
2026-08-23 07:45:51.895761,6667,5463,2191,0
2026-08-23 07:45:51.895781,6594,5455,2002,0
2026-08-23 07:45:51.895801,6638,5456,2623,0
2026-08-23 07:45:51.895821,6581,5424,1397,0
2026-08-23 07:45:51.895841,6609,5439,2192,0
2026-08-23 07:45:51.895861,6671,5528,2828,0
2026-08-23 07:45:51.895881,6619,5452,2436,0
2026-08-23 07:45:51.895901,6697,5502,2785,0
2026-08-23 07:45:51.895921,6608,5464,2308,0
2026-08-23 07:45:51.895941,6678,5482,2334,0
2026-08-23 07:45:51.895961,6613,5474,2436,0
2026-08-23 07:45:51.895981,6686,5447,2446,0
2026-08-23 07:45:51.896001,6608,5432,2199,0
2026-08-23 07:45:51.896021,6671,5434,2185,0
2026-08-23 07:45:51.896041,6527,5242,0,0
2026-08-23 07:45:51.896061,6591,5410,2424,0
2026-08-23 07:45:51.896081,6694,5469,3001,0
2026-08-23 07:45:51.896101,6614,5438,2266,0
2026-08-23 07:45:51.896121,6669,5455,2425,0
2026-08-23 07:45:51.896141,6621,5432,2550,0
2026-08-23 07:45:51.896161,6699,5475,2524,0
2026-08-23 07:45:51.896181,6608,5468,2430,0
2026-08-23 07:45:51.896201,6763,5425,2175,0
2026-08-23 07:45:51.896221,6544,5313,308,0
2026-08-23 07:45:51.896241,6592,5422,2413,0
2026-08-23 07:45:51.896261,6618,5381,0,0
2026-08-23 07:45:51.896281,6588,5455,2235,0
2026-08-23 07:45:51.896301,6681,5444,2595,0
2026-08-23 07:45:51.896321,6612,5456,2572,0
2026-08-23 07:45:51.896341,6697,5463,2611,0
2026-08-23 07:45:51.896361,6608,5479,2480,0
2026-08-23 07:45:51.896381,6685,5515,2220,0
2026-08-23 07:45:51.896401,6566,5365,1097,0
2026-08-23 07:45:51.896421,6602,5453,2417,0
2026-08-23 07:45:51.896441,6509,5274,0,0
2026-08-23 07:45:51.896461,6569,5431,1994,0
2026-08-23 07:45:51.896481,6680,5489,2686,0
2026-08-23 07:45:51.896501,6616,5485,2551,0
2026-08-23 07:45:51.896521,6701,5464,2831,0
2026-08-23 07:45:51.896541,6602,5445,2478,0
2026-08-23 07:45:51.896561,6687,5445,2218,0
2026-08-23 07:45:51.896581,6576,5407,1366,0
2026-08-23 07:45:51.896601,6606,5475,2406,0
2026-08-23 07:45:51.896621,6532,5293,0,0
2026-08-23 07:45:51.896641,6589,5446,2198,0
2026-08-23 07:45:51.896661,6669,5505,2730,0
2026-08-23 07:45:51.896681,6582,5488,2546,0
2026-08-23 07:45:51.896701,6768,5491,2688,0
2026-08-23 07:45:51.896721,6601,5479,2465,0
2026-08-23 07:45:51.896741,6713,5438,2246,0
2026-08-23 07:45:51.896761,6571,5429,1664,0
2026-08-23 07:45:51.896781,6629,5428,2407,0
2026-08-23 07:45:51.896801,6550,5325,328,0
2026-08-23 07:45:51.896821,6582,5468,2195,0
2026-08-23 07:45:51.896841,6670,5503,2805,0
2026-08-23 07:45:51.896861,6614,5462,2532,0
2026-08-23 07:45:51.896881,6700,5511,2745,0
2026-08-23 07:45:51.896901,6615,5479,2444,0
2026-08-23 07:45:51.896921,6686,5450,2272,0
2026-08-23 07:45:51.896941,6589,5447,1872,0
2026-08-23 07:45:51.896961,6636,5485,2419,0
2026-08-23 07:45:51.896981,6562,5348,859,0
2026-08-23 07:45:51.897001,6592,5468,2160,0
2026-08-23 07:45:51.897021,6681,5441,698,0
2026-08-23 07:45:51.897041,6589,5434,2496,0
2026-08-23 07:45:51.897061,6690,5501,2834,0
2026-08-23 07:45:51.897081,6611,5471,2422,0
2026-08-23 07:45:51.897101,6679,5447,2307,0
2026-08-23 07:45:51.897121,6602,5450,2117,0
2026-08-23 07:45:51.897141,6673,5475,2427,0
2026-08-23 07:45:51.897161,6586,5388,1498,0
2026-08-23 07:45:51.897181,6604,5487,2145,0
2026-08-23 07:45:51.897201,6503,5267,0,0
2026-08-23 07:45:51.897221,6580,5467,2460,0
2026-08-23 07:45:51.897241,6698,5514,2930,0
2026-08-23 07:45:51.897261,6615,5444,2350,0
2026-08-23 07:45:51.897281,6684,5455,2409,0
2026-08-23 07:45:51.897301,6605,5468,2344,0
2026-08-23 07:45:51.897321,6680,5485,2480,0
2026-08-23 07:45:51.897341,6595,5443,2056,0
2026-08-23 07:45:51.897361,6742,5437,2150,0
2026-08-23 07:45:51.897381,6551,5364,1073,0
2026-08-23 07:45:51.897401,6591,5488,2431,0
2026-08-23 07:45:51.897421,6514,5262,0,0
2026-08-23 07:45:51.897441,6586,5468,2276,0
2026-08-23 07:45:51.897461,6686,5480,2548,0
2026-08-23 07:45:51.897481,6618,5468,2449,0
2026-08-23 07:45:51.897501,6628,5428,2589,0
2026-08-23 07:45:51.897521,6608,5428,2217,0
2026-08-23 07:45:51.897541,6668,5462,2193,0
2026-08-23 07:45:51.897561,6592,5442,1847,0
2026-08-23 07:45:51.897581,6642,5477,2420,0
2026-08-23 07:45:51.897601,6550,5348,793,0
2026-08-23 07:45:51.897621,6592,5441,2229,0
2026-08-23 07:45:51.897641,6673,5473,2687,0
2026-08-23 07:45:51.897661,6599,5479,2456,0
2026-08-23 07:45:51.897681,6687,5487,2684,0
2026-08-23 07:45:51.897701,6600,5475,2341,0
2026-08-23 07:45:51.897721,6681,5463,2232,0
2026-08-23 07:45:51.897741,6598,5452,2106,0
2026-08-23 07:45:51.897761,6671,5449,2440,0
2026-08-23 07:45:51.897781,6573,5408,1214,0
2026-08-23 07:45:51.897801,6602,5443,2218,0
2026-08-23 07:45:51.897821,6671,5477,2733,0
2026-08-23 07:45:51.897841,6612,5467,2446,0
2026-08-23 07:45:51.897861,6703,5491,2709,0
2026-08-23 07:45:51.897881,6607,5439,2342,0
2026-08-23 07:45:51.897901,6676,5478,2252,0
2026-08-23 07:45:51.897921,6600,5470,2189,0
2026-08-23 07:45:51.897941,6663,5494,2433,0
2026-08-23 07:45:51.897961,6575,5382,1226,0
2026-08-23 07:45:51.897981,6601,5453,2223,0
2026-08-23 07:45:51.898001,6679,5461,2722,0
2026-08-23 07:45:51.898021,6608,5482,2505,0
2026-08-23 07:45:51.898041,6700,5464,2679,0
2026-08-23 07:45:51.898061,6608,5447,2436,0
2026-08-23 07:45:51.898081,6675,5442,2230,0
2026-08-23 07:45:51.898101,6599,5428,2053,0
2026-08-23 07:45:51.898121,6663,5451,2437,0
2026-08-23 07:45:51.898141,6558,5389,875,0
2026-08-23 07:45:51.898161,6538,5445,2240,0
2026-08-23 07:45:51.898181,6681,5507,2665,0
2026-08-23 07:45:51.898201,6603,5452,2483,0
2026-08-23 07:45:51.898221,6696,5498,2655,0
2026-08-23 07:45:51.898241,6607,5468,2332,0
2026-08-23 07:45:51.898261,6671,5462,2216,0
2026-08-23 07:45:51.898281,6595,5413,1948,0
2026-08-23 07:45:51.898301,6631,5487,2433,0
2026-08-23 07:45:51.898321,6562,5395,865,0
2026-08-23 07:45:51.898341,6592,5427,2213,0
2026-08-23 07:45:51.898361,6676,5500,2703,0
2026-08-23 07:45:51.898381,6602,5449,2475,0
2026-08-23 07:45:51.898401,6700,5488,2664,0
2026-08-23 07:45:51.898421,6606,5432,2335,0
2026-08-23 07:45:51.898441,6674,5486,2232,0
2026-08-23 07:45:51.898461,6596,5427,2150,0
2026-08-23 07:45:51.898481,6669,5456,2409,0
2026-08-23 07:45:51.898501,6565,5388,1365,0
2026-08-23 07:45:51.898521,6604,5441,2223,0
2026-08-23 07:45:51.898541,6687,5507,2778,0
2026-08-23 07:45:51.898561,6612,5434,2453,0
2026-08-23 07:45:51.898581,6708,5469,2743,0
2026-08-23 07:45:51.898601,6596,5439,2328,0
2026-08-23 07:45:51.898621,6676,5480,2283,0
2026-08-23 07:45:51.898641,6609,5446,2387,0
2026-08-23 07:45:51.898661,6698,5452,2413,0
2026-08-23 07:45:51.898681,6597,5451,2028,0
2026-08-23 07:45:51.898701,6636,5445,2169,0
2026-08-23 07:45:51.898721,6679,5514,2958,0
2026-08-23 07:45:51.898741,6629,5451,2433,0
2026-08-23 07:45:51.898761,6704,5490,2915,0
2026-08-23 07:45:51.898781,6599,5481,2175,0
2026-08-23 07:45:51.898801,6675,5449,2384,0
2026-08-23 07:45:51.898821,6620,5489,2533,0
2026-08-23 07:45:51.898841,6691,5484,2476,0
2026-08-23 07:45:51.898861,6616,5435,2354,0
2026-08-23 07:45:51.898881,6683,5439,2171,0
2026-08-23 07:45:51.898901,6523,5278,0,0
2026-08-23 07:45:51.898921,6576,5495,2421,0
2026-08-23 07:45:51.898941,6707,5499,3098,0
2026-08-23 07:45:51.898961,6615,5423,2253,0
2026-08-23 07:45:51.898981,6716,5482,2482,0
2026-08-23 07:45:51.899001,6610,5462,2590,0
2026-08-23 07:45:51.899021,6697,5456,2536,0
2026-08-23 07:45:51.899041,6615,5452,2451,0
2026-08-23 07:45:51.899061,6686,5473,2184,0
2026-08-23 07:45:51.899081,6537,5350,374,0
2026-08-23 07:45:51.899101,6594,5472,2397,0
2026-08-23 07:45:51.899121,6626,5344,0,0
2026-08-23 07:45:51.899141,6583,5450,2205,0
2026-08-23 07:45:51.899161,6670,5457,2619,0
2026-08-23 07:45:51.899181,6617,5457,2536,0
2026-08-23 07:45:51.899201,6703,5463,2624,0
2026-08-23 07:45:51.899221,6622,5472,2466,0
2026-08-23 07:45:51.899241,6684,5472,2208,0
2026-08-23 07:45:51.899261,6578,5380,1444,0
2026-08-23 07:45:51.899281,6616,5453,2400,0
2026-08-23 07:45:51.899301,6539,5353,253,0
2026-08-23 07:45:51.899321,6577,5443,2157,0
2026-08-23 07:45:51.899341,6670,5478,2818,0
2026-08-23 07:45:51.899361,6625,5455,2487,0
2026-08-23 07:45:51.899381,6704,5479,2796,0
2026-08-23 07:45:51.899401,6718,5450,2391,0
2026-08-23 07:45:51.899421,6685,5478,2314,0
2026-08-23 07:45:51.899441,6592,5452,2205,0
2026-08-23 07:45:51.899461,6673,5443,2461,0
2026-08-23 07:45:51.899481,6584,5432,1768,0
2026-08-23 07:45:51.899501,6618,5449,2141,0
2026-08-23 07:45:51.899521,6527,5319,245,0
2026-08-23 07:45:51.899541,6584,5481,2451,0
2026-08-23 07:45:51.899561,6632,5397,36,0
2026-08-23 07:45:51.899581,6594,5466,2302,0
2026-08-23 07:45:51.899601,6689,5448,2487,0
2026-08-23 07:45:51.899621,6610,5438,2416,0
2026-08-23 07:45:51.899641,6667,5456,2521,0
2026-08-23 07:45:51.899661,6598,5461,2199,0
2026-08-23 07:45:51.899681,6669,5439,2173,0
2026-08-23 07:45:51.899701,6572,5378,1433,0
2026-08-23 07:45:51.899721,6614,5456,2374,0
2026-08-23 07:45:51.899741,6530,5334,0,0
2026-08-23 07:45:51.899761,6580,5483,2256,0
2026-08-23 07:45:51.899781,6678,5468,2597,0
2026-08-23 07:45:51.899801,6608,5448,2460,0
2026-08-23 07:45:51.899821,6690,5469,2209,0
2026-08-23 07:45:51.899841,6612,5446,2295,0
2026-08-23 07:45:51.899861,6674,5432,2210,0
2026-08-23 07:45:51.899881,6590,5410,1898,0
2026-08-23 07:45:51.899901,6632,5451,2400,0
2026-08-23 07:45:51.899921,6572,5397,795,0
2026-08-23 07:45:51.899941,6578,5440,2234,0
2026-08-23 07:45:51.899961,6676,5506,2701,0
2026-08-23 07:45:51.899981,6612,5494,2459,0
2026-08-23 07:45:51.900001,6702,5502,2685,0
2026-08-23 07:45:51.900021,6600,5468,2330,0
2026-08-23 07:45:51.900041,6669,5479,2219,0
2026-08-23 07:45:51.900061,6593,5465,2230,0
2026-08-23 07:45:51.900081,6673,5450,2416,0
2026-08-23 07:45:51.900101,6581,5434,1618,0
2026-08-23 07:45:51.900121,6615,5462,2194,0
2026-08-23 07:45:51.900141,6692,5496,2833,0
2026-08-23 07:45:51.900161,6610,5430,2464,0
2026-08-23 07:45:51.900181,6705,5463,2765,0
2026-08-23 07:45:51.900201,6608,5431,2326,0
2026-08-23 07:45:51.900221,6668,5471,2315,0
2026-08-23 07:45:51.900241,6608,5435,2421,0
2026-08-23 07:45:51.900261,6675,5441,2442,0
2026-08-23 07:45:51.900281,6600,5454,2061,0
2026-08-23 07:45:51.900301,6636,5472,2183,0
2026-08-23 07:45:51.900321,6689,5517,2958,0
2026-08-23 07:45:51.900341,6612,5469,2437,0
2026-08-23 07:45:51.900361,6688,5481,2898,0
2026-08-23 07:45:51.900381,6610,5456,2287,0
2026-08-23 07:45:51.900401,6679,5461,2380,0
2026-08-23 07:45:51.900421,6607,5475,2517,0
2026-08-23 07:45:51.900441,6692,5490,2471,0
2026-08-23 07:45:51.900461,6602,5467,2285,0
2026-08-23 07:45:51.900481,6672,5472,2160,0
2026-08-23 07:45:51.900501,6506,5247,0,0
2026-08-23 07:45:51.900521,6587,5445,2410,0
2026-08-23 07:45:51.900541,6697,5494,3081,0
2026-08-23 07:45:51.900561,6610,5467,2237,0
2026-08-23 07:45:51.900581,6678,5461,2498,0
2026-08-23 07:45:51.900601,6606,5505,2570,0
2026-08-23 07:45:51.900621,6702,5493,2548,0
2026-08-23 07:45:51.900641,6608,5451,2455,0
2026-08-23 07:45:51.900661,6685,5448,2186,0
2026-08-23 07:45:51.900681,6562,5376,912,0
2026-08-23 07:45:51.900701,6604,5455,2386,0
2026-08-23 07:45:51.900721,6513,5279,0,0
2026-08-23 07:45:51.900741,6560,5441,2202,0
2026-08-23 07:45:51.900761,6683,5470,2698,0
2026-08-23 07:45:51.900781,6607,5460,2530,0
2026-08-23 07:45:51.900801,6709,5458,2687,0
2026-08-23 07:45:51.900821,6611,5482,2469,0
2026-08-23 07:45:51.900841,6689,5441,2232,0
2026-08-23 07:45:51.900861,6578,5435,1754,0
2026-08-23 07:45:51.900881,6625,5476,2400,0
2026-08-23 07:45:51.900901,6552,5322,688,0
2026-08-23 07:45:51.900921,6580,5433,2176,0
2026-08-23 07:45:51.900941,6673,5496,2852,0
2026-08-23 07:45:51.900961,6620,5471,2512,0
2026-08-23 07:45:51.900981,6695,5472,3051,0
2026-08-23 07:45:51.901001,6602,5477,2424,0
2026-08-23 07:45:51.901021,6687,5476,2302,0
2026-08-23 07:45:51.901041,6600,5403,2087,0
2026-08-23 07:45:51.901061,6666,5454,2431,0
2026-08-23 07:45:51.901081,6577,5387,1407,0
2026-08-23 07:45:51.901101,6605,5454,2169,0
2026-08-23 07:45:51.901121,6499,5260,0,0
2026-08-23 07:45:51.901141,6576,5441,2476,0
2026-08-23 07:45:51.901161,6701,5499,2888,0
2026-08-23 07:45:51.901181,6614,5438,2383,0
2026-08-23 07:45:51.901201,6680,5475,2362,0
2026-08-23 07:45:51.901221,6603,5472,2271,0
2026-08-23 07:45:51.901241,6669,5479,2456,0
2026-08-23 07:45:51.901261,6580,5410,1792,0
2026-08-23 07:45:51.901281,6628,5450,1846,0
2026-08-23 07:45:51.901301,6516,5294,0,0
2026-08-23 07:45:51.901321,6589,5461,2468,0
2026-08-23 07:45:51.901341,6695,5543,2968,0
2026-08-23 07:45:51.901361,6614,5479,2357,0
2026-08-23 07:45:51.901381,6684,5481,2405,0
2026-08-23 07:45:51.901401,6602,5448,2329,0
2026-08-23 07:45:51.901421,6682,5449,2479,0
2026-08-23 07:45:51.901441,6589,5454,1936,0
2026-08-23 07:45:51.901461,6636,5447,2153,0
2026-08-23 07:45:51.901481,6539,5357,415,0
2026-08-23 07:45:51.901501,6587,5506,2459,0
2026-08-23 07:45:51.901521,6767,5492,622,0
2026-08-23 07:45:51.901541,6592,5477,2317,0
2026-08-23 07:45:51.901561,6675,5488,2460,0
2026-08-23 07:45:51.901581,6607,5444,2405,0
2026-08-23 07:45:51.901601,6680,5493,2509,0
2026-08-23 07:45:51.901621,6611,5451,2140,0
2026-08-23 07:45:51.901641,6667,5425,2179,0
2026-08-23 07:45:51.901661,6562,5389,1074,0
2026-08-23 07:45:51.901681,6598,5474,2457,0
2026-08-23 07:45:51.901701,6518,5254,0,0
2026-08-23 07:45:51.901721,6587,5410,2303,0
2026-08-23 07:45:51.901741,6637,5448,2515,0
2026-08-23 07:45:51.901761,6603,5447,2431,0
2026-08-23 07:45:51.901781,6691,5449,2535,0
2026-08-23 07:45:51.901801,6594,5452,2194,0
2026-08-23 07:45:51.901821,6672,5430,2212,0
2026-08-23 07:45:51.901841,6568,5358,1189,0
2026-08-23 07:45:51.901861,6597,5482,2441,0
2026-08-23 07:45:51.901881,6521,5305,0,0
2026-08-23 07:45:51.901901,6586,5455,2286,0
2026-08-23 07:45:51.901921,6677,5454,2530,0
2026-08-23 07:45:51.901941,6602,5465,2432,0
2026-08-23 07:45:51.901961,6686,5455,2548,0
2026-08-23 07:45:51.901981,6609,5467,2247,0
2026-08-23 07:45:51.902001,6663,5450,2189,0
2026-08-23 07:45:51.902021,6566,5427,1617,0
2026-08-23 07:45:51.902041,6621,5479,2437,0
2026-08-23 07:45:51.902061,6544,5316,204,0
2026-08-23 07:45:51.902081,6583,5442,2228,0
2026-08-23 07:45:51.902101,6690,5502,2629,0
2026-08-23 07:45:51.902121,6604,5446,2468,0
2026-08-23 07:45:51.902141,6688,5490,2638,0
2026-08-23 07:45:51.902161,6606,5449,2307,0
2026-08-23 07:45:51.902181,6674,5431,2195,0
2026-08-23 07:45:51.902201,6593,5450,2067,0
2026-08-23 07:45:51.902221,6665,5452,2425,0
2026-08-23 07:45:51.902241,6574,5405,1293,0
2026-08-23 07:45:51.902261,6615,5482,2189,0
2026-08-23 07:45:51.902281,6685,5509,2799,0
2026-08-23 07:45:51.902301,6609,5503,2453,0
2026-08-23 07:45:51.902321,6693,5515,2764,0
2026-08-23 07:45:51.902341,6611,5462,2326,0
2026-08-23 07:45:51.902361,6678,5433,2287,0
2026-08-23 07:45:51.902381,6603,5471,2429,0
2026-08-23 07:45:51.902401,6681,5485,2443,0
2026-08-23 07:45:51.902421,6603,5437,2152,0
2026-08-23 07:45:51.902441,6671,5429,2169,0
2026-08-23 07:45:51.902461,6575,5291,0,0
2026-08-23 07:45:51.902481,6618,5438,2419,0
2026-08-23 07:45:51.902501,6694,5478,2958,0
2026-08-23 07:45:51.902521,6604,5456,2290,0
2026-08-23 07:45:51.902541,6678,5443,2413,0
2026-08-23 07:45:51.902561,6617,5431,2527,0
2026-08-23 07:45:51.902581,6687,5481,2490,0
2026-08-23 07:45:51.902601,6610,5460,2405,0
2026-08-23 07:45:51.902621,6673,5471,2175,0
2026-08-23 07:45:51.902641,6534,5310,133,0
2026-08-23 07:45:51.902661,6586,5452,2354,0
2026-08-23 07:45:51.902681,6733,5548,1197,0
2026-08-23 07:45:51.902701,6570,5433,2219,0
2026-08-23 07:45:51.902721,6677,5471,2598,0
2026-08-23 07:45:51.902741,6611,5430,2536,0
2026-08-23 07:45:51.902761,6701,5456,2607,0
2026-08-23 07:45:51.902781,6613,5429,2451,0
2026-08-23 07:45:51.902801,6683,5457,2217,0
2026-08-23 07:45:51.902821,6574,5401,1328,0
2026-08-23 07:45:51.902841,6609,5462,2394,0
2026-08-23 07:45:51.902861,6528,5292,0,0
2026-08-23 07:45:51.902881,6580,5430,2178,0
2026-08-23 07:45:51.902901,6672,5499,2755,0
2026-08-23 07:45:51.902921,6737,5478,2544,0
2026-08-23 07:45:51.902941,6700,5439,2732,0
2026-08-23 07:45:51.902961,6612,5472,2448,0
2026-08-23 07:45:51.902981,6691,5474,2249,0
2026-08-23 07:45:51.903001,6589,5410,1878,0
2026-08-23 07:45:51.903021,6665,5468,2410,0
2026-08-23 07:45:51.903041,6574,5355,955,0
2026-08-23 07:45:51.903061,6598,5467,2143,0
2026-08-23 07:45:51.903081,6566,5329,0,0
2026-08-23 07:45:51.903101,6591,5459,2501,0
2026-08-23 07:45:51.903121,6691,5451,2823,0
2026-08-23 07:45:51.903141,6619,5442,2423,0
2026-08-23 07:45:51.903161,6694,5464,2322,0
2026-08-23 07:45:51.903181,6600,5430,2182,0
2026-08-23 07:45:51.903201,6678,5460,2434,0
2026-08-23 07:45:51.903221,6585,5403,1648,0
2026-08-23 07:45:51.903241,6620,5448,2151,0
2026-08-23 07:45:51.903261,6513,5285,0,0
2026-08-23 07:45:51.903281,6586,5495,2462,0
2026-08-23 07:45:51.903301,6687,5530,2939,0
2026-08-23 07:45:51.903321,6635,5448,2364,0
2026-08-23 07:45:51.903341,6687,5450,2400,0
2026-08-23 07:45:51.903361,6600,5472,2334,0
2026-08-23 07:45:51.903381,6679,5500,2463,0
2026-08-23 07:45:51.903401,6594,5439,1990,0
2026-08-23 07:45:51.903421,6627,5471,2154,0
2026-08-23 07:45:51.903441,6549,5364,447,0
2026-08-23 07:45:51.903461,6587,5448,2446,0
2026-08-23 07:45:51.903481,6663,5443,103,0
2026-08-23 07:45:51.903501,6581,5461,2334,0
2026-08-23 07:45:51.903521,6683,5484,2456,0
2026-08-23 07:45:51.903541,6606,5427,2360,0
2026-08-23 07:45:51.903561,6687,5444,2501,0
2026-08-23 07:45:51.903581,6604,5420,2131,0
2026-08-23 07:45:51.903601,6640,5465,2169,0
2026-08-23 07:45:51.903621,6565,5352,1069,0
2026-08-23 07:45:51.903641,6594,5437,2435,0
2026-08-23 07:45:51.903661,6521,5282,0,0
2026-08-23 07:45:51.903681,6574,5424,2276,0
2026-08-23 07:45:51.903701,6685,5487,2529,0
2026-08-23 07:45:51.903721,6606,5462,2441,0
2026-08-23 07:45:51.903741,6686,5491,2551,0
2026-08-23 07:45:51.903761,6610,5458,2294,0
2026-08-23 07:45:51.903781,6688,5429,2199,0
2026-08-23 07:45:51.903801,6589,5400,1839,0
2026-08-23 07:45:51.903821,6663,5449,2416,0
2026-08-23 07:45:51.903841,6572,5402,869,0
2026-08-23 07:45:51.903861,6606,5444,2210,0
2026-08-23 07:45:51.903881,6678,5510,2729,0
2026-08-23 07:45:51.903901,6611,5454,2457,0
2026-08-23 07:45:51.903921,6695,5508,2430,0
2026-08-23 07:45:51.903941,6607,5452,2348,0
2026-08-23 07:45:51.903961,6677,5480,2250,0
2026-08-23 07:45:51.903981,6600,5436,2241,0
2026-08-23 07:45:51.904001,6706,5469,2417,0
2026-08-23 07:45:51.904021,6587,5440,1672,0
2026-08-23 07:45:51.904041,6609,5440,2191,0
2026-08-23 07:45:51.904061,6694,5533,2844,0
2026-08-23 07:45:51.904081,6613,5450,2372,0
2026-08-23 07:45:51.904101,6696,5508,2788,0
2026-08-23 07:45:51.904121,6613,5443,2325,0
2026-08-23 07:45:51.904141,6676,5455,2305,0
2026-08-23 07:45:51.904161,6610,5448,2441,0
2026-08-23 07:45:51.904181,6689,5467,2454,0
2026-08-23 07:45:51.904201,6596,5435,2099,0
2026-08-23 07:45:51.904221,6664,5443,2170,0
2026-08-23 07:45:51.904241,6690,5490,2106,0
2026-08-23 07:45:51.904261,6597,5477,2439,0
2026-08-23 07:45:51.904281,6694,5480,2910,0
2026-08-23 07:45:51.904301,6609,5442,2304,0
2026-08-23 07:45:51.904321,6667,5485,2378,0
2026-08-23 07:45:51.904341,6614,5453,2511,0
2026-08-23 07:45:51.904361,6711,5461,2464,0
2026-08-23 07:45:51.904381,6605,5468,2333,0
2026-08-23 07:45:51.904401,6676,5448,2157,0
2026-08-23 07:45:51.904421,6497,5307,0,0
2026-08-23 07:45:51.904441,6593,5489,2428,0
2026-08-23 07:45:51.904461,6696,5498,3045,0
2026-08-23 07:45:51.904481,6609,5426,2254,0
2026-08-23 07:45:51.904501,6673,5489,2489,0
2026-08-23 07:45:51.904521,6614,5438,2587,0
2026-08-23 07:45:51.904541,6696,5465,2520,0
2026-08-23 07:45:51.904561,6610,5443,2465,0
2026-08-23 07:45:51.904581,6691,5450,2180,0
2026-08-23 07:45:51.904601,6543,5354,418,0
2026-08-23 07:45:51.904621,6585,5435,2390,0
2026-08-23 07:45:51.904641,6623,5395,0,0
2026-08-23 07:45:51.904661,6574,5456,2235,0
2026-08-23 07:45:51.904681,6674,5454,2586,0
2026-08-23 07:45:51.904701,6611,5485,2591,0
2026-08-23 07:45:51.904721,6693,5502,2602,0
2026-08-23 07:45:51.904741,6610,5478,2467,0
2026-08-23 07:45:51.904761,6683,5443,2208,0
2026-08-23 07:45:51.904781,6562,5393,1006,0
2026-08-23 07:45:51.904801,6599,5450,2397,0
2026-08-23 07:45:51.904821,6510,5263,0,0
2026-08-23 07:45:51.904841,6584,5437,2189,0
2026-08-23 07:45:51.904861,6684,5502,2706,0
2026-08-23 07:45:51.904881,6611,5486,2540,0
2026-08-23 07:45:51.904901,6699,5453,2679,0
2026-08-23 07:45:51.904921,6609,5481,2452,0
2026-08-23 07:45:51.904941,6689,5449,2232,0
2026-08-23 07:45:51.904961,6583,5422,1741,0
2026-08-23 07:45:51.904981,6636,5495,2402,0
2026-08-23 07:45:51.905001,6551,5361,727,0
2026-08-23 07:45:51.905021,6577,5448,2165,0
2026-08-23 07:45:51.905041,6684,5494,1635,0
2026-08-23 07:45:51.905061,6591,5478,2494,0
2026-08-23 07:45:51.905081,6705,5475,2808,0
2026-08-23 07:45:51.905101,6609,5476,2410,0
2026-08-23 07:45:51.905121,6687,5488,2314,0
2026-08-23 07:45:51.905141,6601,5431,2155,0
2026-08-23 07:45:51.905161,6673,5456,2427,0
2026-08-23 07:45:51.905181,6584,5389,1624,0
2026-08-23 07:45:51.905201,6614,5484,2170,0
2026-08-23 07:45:51.905221,6507,5330,0,0
2026-08-23 07:45:51.905241,6580,5483,2414,0
2026-08-23 07:45:51.905261,6676,5493,2971,0
2026-08-23 07:45:51.905281,6622,5448,2330,0
2026-08-23 07:45:51.905301,6686,5460,2432,0
2026-08-23 07:45:51.905321,6592,5447,2389,0
2026-08-23 07:45:51.905341,6679,5502,2488,0
2026-08-23 07:45:51.905361,6605,5440,2156,0
2026-08-23 07:45:51.905381,6661,5489,2370,0
2026-08-23 07:45:51.905401,6573,5408,1351,0
2026-08-23 07:45:51.905421,6618,5459,2413,0
2026-08-23 07:45:51.905441,6535,5325,233,0
2026-08-23 07:45:51.905461,6583,5448,2242,0
2026-08-23 07:45:51.905481,6680,5514,2630,0
2026-08-23 07:45:51.905501,6610,5487,2466,0
2026-08-23 07:45:51.905521,6691,5510,2664,0
2026-08-23 07:45:51.905541,6609,5480,2311,0
2026-08-23 07:45:51.905561,6668,5425,2233,0
2026-08-23 07:45:51.905581,6596,5471,2228,0
2026-08-23 07:45:51.905601,6678,5457,2416,0
2026-08-23 07:45:51.905621,6597,5415,1789,0
2026-08-23 07:45:51.905641,6622,5470,2167,0
2026-08-23 07:45:51.905661,6687,5485,2993,0
2026-08-23 07:45:51.905681,6621,5448,2441,0
2026-08-23 07:45:51.905701,6688,5516,2871,0
2026-08-23 07:45:51.905721,6609,5443,2329,0
2026-08-23 07:45:51.905741,6682,5459,2350,0
2026-08-23 07:45:51.905761,6614,5452,2508,0
2026-08-23 07:45:51.905781,6690,5461,2471,0
2026-08-23 07:45:51.905801,6608,5462,2305,0
2026-08-23 07:45:51.905821,6672,5474,2165,0
2026-08-23 07:45:51.905841,6490,5252,0,0
2026-08-23 07:45:51.905861,6581,5479,2434,0
2026-08-23 07:45:51.905881,6698,5470,3012,0
2026-08-23 07:45:51.905901,6615,5468,2283,0
2026-08-23 07:45:51.905921,6669,5469,2457,0
2026-08-23 07:45:51.905941,6602,5481,2575,0
2026-08-23 07:45:51.905961,6695,5492,2503,0
2026-08-23 07:45:51.905981,6612,5462,2370,0
2026-08-23 07:45:51.906001,6683,5459,2179,0
2026-08-23 07:45:51.906021,6492,5251,0,0
2026-08-23 07:45:51.906041,6594,5445,2437,0
2026-08-23 07:45:51.906061,6691,5516,2994,0
2026-08-23 07:45:51.906081,6705,5438,2288,0
2026-08-23 07:45:51.906101,6677,5486,2427,0
2026-08-23 07:45:51.906121,6608,5486,2536,0
2026-08-23 07:45:51.906141,6697,5462,2495,0
2026-08-23 07:45:51.906161,6608,5470,2352,0
2026-08-23 07:45:51.906181,6677,5476,2180,0
2026-08-23 07:45:51.906201,6498,5260,0,0
2026-08-23 07:45:51.906221,6591,5421,2432,0
2026-08-23 07:45:51.906241,6707,5469,2968,0
2026-08-23 07:45:51.906261,6612,5456,2297,0
2026-08-23 07:45:51.906281,6688,5448,2414,0
2026-08-23 07:45:51.906301,6617,5452,2582,0
2026-08-23 07:45:51.906321,6691,5487,2481,0
2026-08-23 07:45:51.906341,6603,5471,2298,0
2026-08-23 07:45:51.906361,6673,5469,2180,0
2026-08-23 07:45:51.906381,6504,5217,0,0
2026-08-23 07:45:51.906401,6584,5434,2490,0
2026-08-23 07:45:51.906421,6686,5465,2997,0
2026-08-23 07:45:51.906441,6611,5455,2279,0
2026-08-23 07:45:51.906461,6681,5450,2446,0
2026-08-23 07:45:51.906481,6611,5437,2547,0
2026-08-23 07:45:51.906501,6685,5459,2508,0
2026-08-23 07:45:51.906521,6619,5465,2397,0
2026-08-23 07:45:51.906541,6679,5472,2020,0
2026-08-23 07:45:51.906561,6500,5329,0,0
2026-08-23 07:45:51.906581,6592,5442,2414,0
2026-08-23 07:45:51.906601,6699,5526,3279,0
2026-08-23 07:45:51.906621,6618,5463,2232,0
2026-08-23 07:45:51.906641,6690,5485,2526,0
2026-08-23 07:45:51.906661,6623,5485,2575,0
2026-08-23 07:45:51.906681,6692,5457,2584,0
2026-08-23 07:45:51.906701,6617,5449,2468,0
2026-08-23 07:45:51.906721,6685,5481,2199,0
2026-08-23 07:45:51.906741,6566,5356,905,0
2026-08-23 07:45:51.906761,6595,5489,2389,0
2026-08-23 07:45:51.906781,6518,5309,0,0
2026-08-23 07:45:51.906801,6580,5471,2204,0
2026-08-23 07:45:51.906821,6670,5475,2677,0
2026-08-23 07:45:51.906841,6676,5479,2546,0
2026-08-23 07:45:51.906861,6694,5485,2667,0
2026-08-23 07:45:51.906881,6606,5499,2472,0
2026-08-23 07:45:51.906901,6735,5493,2243,0
2026-08-23 07:45:51.906921,6586,5399,1660,0
2026-08-23 07:45:51.906941,6628,5437,2394,0
2026-08-23 07:45:51.906961,6551,5341,602,0
2026-08-23 07:45:51.906981,6582,5478,2154,0
2026-08-23 07:45:51.907001,6686,5484,2190,0
2026-08-23 07:45:51.907021,6615,5483,2496,0
2026-08-23 07:45:51.907041,6693,5496,2810,0
2026-08-23 07:45:51.907061,6621,5445,2464,0
2026-08-23 07:45:51.907081,6686,5471,2317,0
2026-08-23 07:45:51.907101,6596,5430,2181,0
2026-08-23 07:45:51.907121,6671,5456,2428,0
2026-08-23 07:45:51.907141,6587,5434,1691,0
2026-08-23 07:45:51.907161,6620,5472,2140,0
2026-08-23 07:45:51.907181,6524,5314,0,0
2026-08-23 07:45:51.907201,6581,5505,2455,0
2026-08-23 07:45:51.907221,6707,5535,2993,0
2026-08-23 07:45:51.907241,6624,5481,2327,0
2026-08-23 07:45:51.907261,6686,5459,2425,0
2026-08-23 07:45:51.907281,6608,5462,2382,0
2026-08-23 07:45:51.907301,6697,5463,2497,0
2026-08-23 07:45:51.907321,6601,5437,2129,0
2026-08-23 07:45:51.907341,6665,5440,2162,0
2026-08-23 07:45:51.907361,6575,5385,1176,0
2026-08-23 07:45:51.907381,6603,5484,2429,0
2026-08-23 07:45:51.907401,6520,5271,0,0
2026-08-23 07:45:51.907421,6587,5451,2264,0
2026-08-23 07:45:51.907441,6680,5472,2767,0
2026-08-23 07:45:51.907461,6598,5494,2451,0
2026-08-23 07:45:51.907481,6691,5493,2597,0
2026-08-23 07:45:51.907501,6601,5475,2284,0
2026-08-23 07:45:51.907521,6673,5439,2206,0
2026-08-23 07:45:51.907541,6596,5415,1904,0
2026-08-23 07:45:51.907561,6640,5460,2411,0
2026-08-23 07:45:51.907581,6566,5408,1002,0
2026-08-23 07:45:51.907601,6594,5485,2211,0
2026-08-23 07:45:51.907621,6688,5511,2744,0
2026-08-23 07:45:51.907641,6616,5449,2441,0
2026-08-23 07:45:51.907661,6700,5510,2727,0
2026-08-23 07:45:51.907681,6605,5467,2322,0
2026-08-23 07:45:51.907701,6679,5475,2267,0
2026-08-23 07:45:51.907721,6611,5465,2354,0
2026-08-23 07:45:51.907741,6683,5462,2423,0
2026-08-23 07:45:51.907761,6596,5428,1924,0
2026-08-23 07:45:51.907781,6634,5477,2179,0
2026-08-23 07:45:51.907801,6688,5488,2902,0
2026-08-23 07:45:51.907821,6629,5490,2478,0
2026-08-23 07:45:51.907841,6710,5484,2854,0
2026-08-23 07:45:51.907861,6613,5447,2324,0
2026-08-23 07:45:51.907881,6678,5489,2329,0
2026-08-23 07:45:51.907901,6613,5478,2474,0
2026-08-23 07:45:51.907921,6700,5445,2462,0
2026-08-23 07:45:51.907941,6604,5466,2143,0
2026-08-23 07:45:51.907961,6681,5445,2187,0
2026-08-23 07:45:51.907981,6688,5496,2968,0
2026-08-23 07:45:51.908001,6616,5446,2449,0
2026-08-23 07:45:51.908021,6704,5494,2883,0
2026-08-23 07:45:51.908041,6613,5446,2332,0
2026-08-23 07:45:51.908061,6687,5448,2322,0
2026-08-23 07:45:51.908081,6600,5475,2500,0
2026-08-23 07:45:51.908101,6691,5478,2475,0
2026-08-23 07:45:51.908121,6601,5445,2155,0
2026-08-23 07:45:51.908141,6666,5467,2351,0
2026-08-23 07:45:51.908161,6694,5510,2978,0
2026-08-23 07:45:51.908181,6611,5479,2452,0
2026-08-23 07:45:51.908201,6700,5508,2854,0
2026-08-23 07:45:51.908221,6614,5459,2342,0
2026-08-23 07:45:51.908241,6694,5443,2317,0
2026-08-23 07:45:51.908261,6606,5468,2429,0
2026-08-23 07:45:51.908281,6695,5474,2443,0
2026-08-23 07:45:51.908301,6594,5430,1970,0
2026-08-23 07:45:51.908321,6633,5429,2177,0
2026-08-23 07:45:51.908341,6676,5513,2886,0
2026-08-23 07:45:51.908361,6630,5442,2475,0
2026-08-23 07:45:51.908381,6690,5503,2831,0
2026-08-23 07:45:51.908401,6604,5443,2344,0
2026-08-23 07:45:51.908421,6671,5490,2304,0
2026-08-23 07:45:51.908441,6603,5479,2377,0
2026-08-23 07:45:51.908461,6685,5465,2444,0
2026-08-23 07:45:51.908481,6585,5475,1784,0
2026-08-23 07:45:51.908501,6631,5482,2208,0
2026-08-23 07:45:51.908521,6683,5519,2783,0
2026-08-23 07:45:51.908541,6603,5446,2477,0
2026-08-23 07:45:51.908561,6702,5514,2764,0
2026-08-23 07:45:51.908581,6611,5455,2346,0
2026-08-23 07:45:51.908601,6674,5448,2285,0
2026-08-23 07:45:51.908621,6610,5446,2321,0
2026-08-23 07:45:51.908641,6675,5485,2436,0
2026-08-23 07:45:51.908661,6589,5398,1632,0
2026-08-23 07:45:51.908681,6626,5476,2195,0
2026-08-23 07:45:51.908701,6681,5505,2772,0
2026-08-23 07:45:51.908721,6607,5486,2455,0
2026-08-23 07:45:51.908741,6713,5482,2726,0
2026-08-23 07:45:51.908761,6611,5471,2343,0
2026-08-23 07:45:51.908781,6681,5449,2264,0
2026-08-23 07:45:51.908801,6594,5447,2349,0
2026-08-23 07:45:51.908821,6685,5498,2449,0
2026-08-23 07:45:51.908841,6594,5416,1755,0
2026-08-23 07:45:51.908861,6628,5455,2195,0
2026-08-23 07:45:51.908881,6675,5496,2823,0
2026-08-23 07:45:51.908901,6614,5489,2461,0
2026-08-23 07:45:51.908921,6700,5484,2772,0
2026-08-23 07:45:51.908941,6611,5489,2316,0
2026-08-23 07:45:51.908961,6677,5452,2279,0
2026-08-23 07:45:51.908981,6612,5444,2390,0
2026-08-23 07:45:51.909001,6679,5467,2447,0
2026-08-23 07:45:51.909021,6599,5442,1904,0
2026-08-23 07:45:51.909041,6636,5447,2191,0
2026-08-23 07:45:51.909061,6683,5518,2890,0
2026-08-23 07:45:51.909081,6622,5442,2434,0
2026-08-23 07:45:51.909101,6566,5186,0,0
2026-08-23 07:45:51.909121,6494,2585,0,0
2026-08-23 07:45:51.909141,6586,3490,2190,0
2026-08-23 07:45:51.909161,6671,4052,2676,0
2026-08-23 07:45:51.909181,6611,4421,2539,0
2026-08-23 07:45:51.909201,6705,4748,2687,0
2026-08-23 07:45:51.909221,6613,4912,2451,0
2026-08-23 07:45:51.909241,6696,5038,2232,0
2026-08-23 07:45:51.909261,6592,5078,1663,0
2026-08-23 07:45:51.909281,6629,5241,2415,0
2026-08-23 07:45:51.909301,6549,5165,281,0
2026-08-23 07:45:51.909321,6583,5299,2187,0
2026-08-23 07:45:51.909341,6674,5398,2774,0
2026-08-23 07:45:51.909361,6614,5383,2727,0
2026-08-23 07:45:51.909381,6706,5453,2743,0
2026-08-23 07:45:51.909401,6619,5405,2452,0
2026-08-23 07:45:51.909421,6686,5451,2243,0
2026-08-23 07:45:51.909441,6577,5400,1759,0
2026-08-23 07:45:51.909461,6638,5450,2417,0
2026-08-23 07:45:51.909481,6544,5304,424,0
2026-08-23 07:45:51.909501,6593,5452,2191,0
2026-08-23 07:45:51.909521,6671,5456,2788,0
2026-08-23 07:45:51.909541,6609,5463,2542,0
2026-08-23 07:45:51.909561,6696,5483,2709,0
2026-08-23 07:45:51.909581,6612,5468,2478,0
2026-08-23 07:45:51.909601,6685,5434,2241,0
2026-08-23 07:45:51.909621,6702,5392,1597,0
2026-08-23 07:45:51.909641,6625,5453,2414,0
2026-08-23 07:45:51.909661,6523,5290,0,0
2026-08-23 07:45:51.909681,6585,5443,2195,0
2026-08-23 07:45:51.909701,6672,5491,2713,0
2026-08-23 07:45:51.909721,6609,5489,2589,0
2026-08-23 07:45:51.909741,6693,5518,2661,0
2026-08-23 07:45:51.909761,6606,5483,2484,0
2026-08-23 07:45:51.909781,6685,5438,2219,0
2026-08-23 07:45:51.909801,6573,5375,1253,0
2026-08-23 07:45:51.909821,6612,5456,2426,0
2026-08-23 07:45:51.909841,6511,5281,0,0
2026-08-23 07:45:51.909861,6572,5416,2222,0
2026-08-23 07:45:51.909881,6671,5487,2720,0
2026-08-23 07:45:51.909901,6612,5432,2599,0
2026-08-23 07:45:51.909921,6691,5494,2611,0
2026-08-23 07:45:51.909941,6608,5473,2408,0
2026-08-23 07:45:51.909961,6683,5429,2208,0
2026-08-23 07:45:51.909981,6540,5328,695,0
2026-08-23 07:45:51.910001,6594,5443,2414,0
2026-08-23 07:45:51.910021,6614,5375,0,0
2026-08-23 07:45:51.910041,6587,5421,2237,0
2026-08-23 07:45:51.910061,6673,5477,2538,0
2026-08-23 07:45:51.910081,6610,5450,2601,0
2026-08-23 07:45:51.910101,6697,5495,2585,0
2026-08-23 07:45:51.910121,6621,5453,2461,0
2026-08-23 07:45:51.987879,6591,2802,2518,0
2026-08-23 07:45:51.987899,6695,3610,2932,0
2026-08-23 07:45:51.987919,6606,4051,2372,0
2026-08-23 07:45:51.987939,6684,4458,2378,0
2026-08-23 07:45:51.987959,6609,4701,2245,0
2026-08-23 07:45:51.987979,6672,4914,2474,0
2026-08-23 07:45:51.987999,6576,5018,1620,0
2026-08-23 07:45:51.988019,6612,5153,2184,0
2026-08-23 07:45:51.988039,6537,4990,0,0
2026-08-23 07:45:51.988059,6582,5317,2536,0
2026-08-23 07:45:51.988079,6704,5336,2786,0
2026-08-23 07:45:51.988099,6615,5357,2463,0
2026-08-23 07:45:51.988119,6676,5398,2290,0
2026-08-23 07:45:51.988139,6587,5358,1841,0
2026-08-23 07:45:51.988159,6627,5406,2425,0
2026-08-23 07:45:51.988179,6537,5297,157,0
2026-08-23 07:45:51.988199,6584,5416,2231,0
2026-08-23 07:45:51.988219,6672,5432,2708,0
2026-08-23 07:45:51.988239,6603,5436,2598,0
2026-08-23 07:45:51.988259,6694,5450,2647,0
2026-08-23 07:45:51.988279,6604,5441,2496,0
2026-08-23 07:45:51.988299,6692,5451,2223,0
2026-08-23 07:45:51.988319,6479,5361,603,0
2026-08-23 07:45:51.988339,6587,5490,2447,0
2026-08-23 07:45:51.988359,6694,5496,3536,0
2026-08-23 07:45:51.988379,6617,5461,2278,0
2026-08-23 07:45:51.988399,6674,5488,2499,0
2026-08-23 07:45:51.988419,6607,5445,2609,0
2026-08-23 07:45:51.988439,6698,5486,2528,0
2026-08-23 07:45:51.988459,6610,5463,2399,0
2026-08-23 07:45:51.988479,6676,5456,2182,0
2026-08-23 07:45:51.988499,6485,5247,0,0
2026-08-23 07:45:51.988519,6591,5447,2435,0
2026-08-23 07:45:51.988539,6705,5492,2988,0
2026-08-23 07:45:51.988559,6606,5413,2311,0
2026-08-23 07:45:51.988579,6681,5430,2410,0
2026-08-23 07:45:51.988599,6608,5457,2536,0
2026-08-23 07:45:51.988619,6686,5445,2490,0
2026-08-23 07:45:51.988639,6602,5460,2351,0
2026-08-23 07:45:51.988659,6664,5453,2176,0
2026-08-23 07:45:51.988679,6494,5215,0,0
2026-08-23 07:45:51.988699,6582,5424,2428,0
2026-08-23 07:45:51.988719,6728,5461,3409,0
2026-08-23 07:45:51.988739,6618,5398,2175,0
2026-08-23 07:45:52.010807,6613,3148,2447,0
2026-08-23 07:45:52.010827,6525,3667,0,0
2026-08-23 07:45:52.010847,6580,4238,2293,0
2026-08-23 07:45:52.010867,6677,4629,2540,0
2026-08-23 07:45:52.010887,6601,4808,2472,0
2026-08-23 07:45:52.010907,6691,5016,2530,0
2026-08-23 07:45:52.010927,6591,5067,2255,0
2026-08-23 07:45:52.010947,6667,5212,2180,0
2026-08-23 07:45:52.010967,6573,5236,1378,0
2026-08-23 07:45:52.010987,6607,5342,2432,0
2026-08-23 07:45:52.011007,6508,5205,0,0
2026-08-23 07:45:52.011027,6591,5372,2277,0
2026-08-23 07:45:52.011047,6673,5400,2535,0
2026-08-23 07:45:52.011067,6613,5421,2462,0
2026-08-23 07:45:52.011087,6701,5401,2921,0
2026-08-23 07:45:52.031207,6538,4548,272,0
2026-08-23 07:45:52.031227,6579,4875,2402,0
2026-08-23 07:45:52.031247,6634,5020,285,0
2026-08-23 07:45:52.031267,6582,5128,2204,0
2026-08-23 07:45:52.031287,6668,5242,2630,0
2026-08-23 07:45:52.031307,6605,5321,2528,0
2026-08-23 07:45:52.031327,6697,5377,2648,0
2026-08-23 07:45:52.031348,6611,5349,2450,0
2026-08-23 07:45:52.031367,6686,5380,2216,0
2026-08-23 07:45:52.031387,6579,5378,1571,0
2026-08-23 07:45:52.031407,6620,5432,2395,0
2026-08-23 07:45:52.031427,6597,5401,1944,0
2026-08-23 07:45:52.031447,6639,5405,2366,0
2026-08-23 07:45:52.050127,6615,4851,2408,0
2026-08-23 07:45:52.050147,6513,4739,0,0
2026-08-23 07:45:52.050167,6585,5047,2188,0
2026-08-23 07:45:52.050187,6673,5180,2739,0
2026-08-23 07:45:52.050207,6608,5242,2538,0
2026-08-23 07:45:52.050227,6694,5347,2640,0
2026-08-23 07:45:52.050247,6612,5332,2471,0
2026-08-23 07:45:52.050267,6692,5350,2237,0
2026-08-23 07:45:52.050287,6579,5338,1493,0
2026-08-23 07:45:52.050307,6603,5399,2411,0
2026-08-23 07:45:52.050327,6544,5292,460,0
2026-08-23 07:45:52.050347,6591,5384,2165,0
2026-08-23 07:45:52.068754,6597,4800,1808,0
2026-08-23 07:45:52.068774,6637,4997,2463,0
2026-08-23 07:45:52.068794,6543,4977,363,0
2026-08-23 07:45:52.068815,6584,5237,2214,0
2026-08-23 07:45:52.068835,6676,5292,2731,0
2026-08-23 07:45:52.068855,6608,5329,2603,0
2026-08-23 07:45:52.068875,6695,5405,2655,0
2026-08-23 07:45:52.068894,6613,5372,2491,0
2026-08-23 07:45:52.068914,6687,5392,2216,0
2026-08-23 07:45:52.068934,6553,5300,774,0
2026-08-23 07:45:52.068954,6594,5446,2438,0
2026-08-23 07:45:52.068974,6611,5374,2281,0
2026-08-23 07:45:52.089334,6606,4928,2263,0
2026-08-23 07:45:52.089354,6685,5087,2652,0
2026-08-23 07:45:52.089374,6609,5188,2478,0
2026-08-23 07:45:52.089394,6689,5279,2314,0
2026-08-23 07:45:52.089414,6592,5275,2285,0
2026-08-23 07:45:52.089434,6671,5360,2196,0
2026-08-23 07:45:52.089454,6579,5334,1480,0
2026-08-23 07:45:52.089474,6611,5385,2426,0
2026-08-23 07:45:52.089494,6516,5273,0,0
2026-08-23 07:45:52.089514,6581,5438,2276,0
2026-08-23 07:45:52.089534,6675,5438,2548,0
2026-08-23 07:45:52.089554,6597,5426,2444,0
2026-08-23 07:45:52.089574,6686,5466,2701,0
2026-08-23 07:45:52.110106,6609,4788,2416,0
2026-08-23 07:45:52.110126,6609,4919,2385,0
2026-08-23 07:45:52.110147,6682,5068,2524,0
2026-08-23 07:45:52.110167,6596,5151,2110,0
2026-08-23 07:45:52.110187,6630,5247,2166,0
2026-08-23 07:45:52.110207,6565,5206,1074,0
2026-08-23 07:45:52.110227,6607,5377,2447,0
2026-08-23 07:45:52.110247,6522,5210,0,0
2026-08-23 07:45:52.110266,6579,5393,2293,0
2026-08-23 07:45:52.110286,6677,5406,2502,0
2026-08-23 07:45:52.110307,6603,5403,2431,0
2026-08-23 07:45:52.110327,6689,5465,2619,0
2026-08-23 07:45:52.110347,6604,5423,2342,0
2026-08-23 07:45:52.131018,6602,4770,2320,0
2026-08-23 07:45:52.131038,6671,4945,2503,0
2026-08-23 07:45:52.131058,6596,5055,1979,0
2026-08-23 07:45:52.131078,6605,5204,2163,0
2026-08-23 07:45:52.131098,6529,5145,108,0
2026-08-23 07:45:52.131118,6583,5312,2460,0
2026-08-23 07:45:52.131138,6693,5416,2977,0
2026-08-23 07:45:52.131158,6621,5382,2376,0
2026-08-23 07:45:52.131178,6682,5428,2393,0
2026-08-23 07:45:52.131198,6599,5388,2280,0
2026-08-23 07:45:52.131218,6628,5423,2461,0
2026-08-23 07:45:52.131238,6592,5401,2056,0
2026-08-23 07:45:52.131258,6640,5431,2184,0
2026-08-23 07:45:52.151881,6609,4788,2390,0
2026-08-23 07:45:52.151901,6587,4894,1791,0
2026-08-23 07:45:52.151921,6635,5057,2161,0
2026-08-23 07:45:52.151941,6517,5025,0,0
2026-08-23 07:45:52.151961,6590,5274,2461,0
2026-08-23 07:45:52.151981,6694,5350,2996,0
2026-08-23 07:45:52.152001,6609,5382,2326,0
2026-08-23 07:45:52.152021,6679,5399,2435,0
2026-08-23 07:45:52.152041,6595,5383,2348,0
2026-08-23 07:45:52.152061,6687,5455,2489,0
2026-08-23 07:45:52.152081,6592,5381,2009,0
2026-08-23 07:45:52.152101,6640,5422,2184,0
2026-08-23 07:45:52.152121,6599,5379,2209,0
2026-08-23 07:45:52.172882,6592,4723,2149,0
2026-08-23 07:45:52.172902,6724,4910,2187,0
2026-08-23 07:45:52.172922,6498,4995,1374,0
2026-08-23 07:45:52.172942,6606,5179,2431,0
2026-08-23 07:45:52.172962,6508,5084,0,0
2026-08-23 07:45:52.172982,6588,5288,2297,0
2026-08-23 07:45:52.173002,6681,5382,2505,0
2026-08-23 07:45:52.173022,6608,5386,2451,0
2026-08-23 07:45:52.173042,6685,5398,2520,0
2026-08-23 07:45:52.173062,6582,5370,2011,0
2026-08-23 07:45:52.173082,6663,5437,2186,0
2026-08-23 07:45:52.173102,6556,5316,849,0
2026-08-23 07:45:52.173122,6590,5445,2453,0
2026-08-23 07:45:52.194043,6602,4776,2217,0
2026-08-23 07:45:52.194063,6678,4989,2778,0
2026-08-23 07:45:52.194083,6612,5101,2603,0
2026-08-23 07:45:52.194103,6697,5228,2684,0
2026-08-23 07:45:52.194123,6610,5268,2505,0
2026-08-23 07:45:52.194143,6680,5329,2230,0
2026-08-23 07:45:52.194163,6554,5268,814,0
2026-08-23 07:45:52.194183,6588,5401,2421,0
2026-08-23 07:45:52.194203,6728,5534,1711,0
2026-08-23 07:45:52.194223,6588,5406,2253,0
2026-08-23 07:45:52.194243,6702,5415,2533,0
2026-08-23 07:45:52.194263,6613,5423,2592,0
2026-08-23 07:45:52.194283,6706,5418,2745,0
2026-08-23 07:45:52.214724,6614,4729,2519,0
2026-08-23 07:45:52.214744,6607,4925,2735,0
2026-08-23 07:45:52.214764,6601,5092,2589,0
2026-08-23 07:45:52.214784,6606,5198,2466,0
2026-08-23 07:45:52.214804,6679,5259,2190,0
2026-08-23 07:45:52.214824,6524,5142,57,0
2026-08-23 07:45:52.214844,6588,5369,2439,0
2026-08-23 07:45:52.214864,6693,5411,3103,0
2026-08-23 07:45:52.214884,6609,5372,2290,0
2026-08-23 07:45:52.214904,6665,5407,2451,0
2026-08-23 07:45:52.214924,6618,5405,2581,0
2026-08-23 07:45:52.214944,6690,5460,2516,0
2026-08-23 07:45:52.214964,6616,5431,2488,0
2026-08-23 07:45:52.235848,6609,4759,2302,0
2026-08-23 07:45:52.235868,6667,4932,2446,0
2026-08-23 07:45:52.235888,6585,5047,1649,0
2026-08-23 07:45:52.235908,6616,5202,2233,0
2026-08-23 07:45:52.235928,6685,5293,2747,0
2026-08-23 07:45:52.235948,6610,5333,2495,0
2026-08-23 07:45:52.235968,6694,5394,2688,0
2026-08-23 07:45:52.235988,6604,5364,2333,0
2026-08-23 07:45:52.236008,6678,5391,2234,0
2026-08-23 07:45:52.236028,6592,5365,1892,0
2026-08-23 07:45:52.236048,6637,5414,2456,0
2026-08-23 07:45:52.236068,6586,5369,1068,0
2026-08-23 07:45:52.236088,6592,5413,2204,0
2026-08-23 07:45:52.256906,6613,4727,2465,0
2026-08-23 07:45:52.256926,6544,4756,238,0
2026-08-23 07:45:52.256946,6574,5050,2273,0
2026-08-23 07:45:52.256966,6682,5223,2613,0
2026-08-23 07:45:52.256986,6613,5257,2490,0
2026-08-23 07:45:52.257006,6688,5305,2581,0
2026-08-23 07:45:52.257026,6603,5324,2201,0
2026-08-23 07:45:52.257046,6672,5339,2187,0
2026-08-23 07:45:52.257066,6549,5301,558,0
2026-08-23 07:45:52.257086,6591,5439,2498,0
2026-08-23 07:45:52.257106,6700,5477,2970,0
2026-08-23 07:45:52.257126,6621,5400,2347,0
2026-08-23 07:45:52.257146,6692,5450,2609,0
2026-08-23 07:45:52.277723,6626,4759,2676,0
2026-08-23 07:45:52.277743,6610,4962,2500,0
2026-08-23 07:45:52.277763,6683,5060,2263,0
2026-08-23 07:45:52.277783,6578,5136,1425,0
2026-08-23 07:45:52.277803,6610,5281,2452,0
2026-08-23 07:45:52.277823,6501,5077,0,0
2026-08-23 07:45:52.277843,6587,5322,2242,0
2026-08-23 07:45:52.277863,6685,5390,2589,0
2026-08-23 07:45:52.277883,6614,5406,2626,0
2026-08-23 07:45:52.277903,6696,5434,2586,0
2026-08-23 07:45:52.277923,6598,5397,2461,0
2026-08-23 07:45:52.277943,6686,5396,2215,0
2026-08-23 07:45:52.277963,6586,5362,1517,0
2026-08-23 07:45:52.298806,6588,4711,1705,0
2026-08-23 07:45:52.298826,6614,4932,2203,0
2026-08-23 07:45:52.298846,6682,5158,2835,0
2026-08-23 07:45:52.298866,6611,5144,2498,0
2026-08-23 07:45:52.298886,6693,5277,2744,0
2026-08-23 07:45:52.298906,6608,5303,2355,0
2026-08-23 07:45:52.298926,6680,5353,2244,0
2026-08-23 07:45:52.298946,6596,5350,2137,0
2026-08-23 07:45:52.298966,6664,5439,2437,0
2026-08-23 07:45:52.298986,6568,5362,985,0
2026-08-23 07:45:52.299006,6570,5409,2229,0
2026-08-23 07:45:52.299026,6670,5476,2808,0
2026-08-23 07:45:52.299046,6621,5396,2428,0
2026-08-23 07:45:52.319498,6605,4720,2179,0
2026-08-23 07:45:52.319518,6517,4657,0,0
2026-08-23 07:45:52.319538,6581,5029,2415,0
2026-08-23 07:45:52.319558,6693,5203,2972,0
2026-08-23 07:45:52.319578,6602,5234,2213,0
2026-08-23 07:45:52.319598,6676,5283,2434,0
2026-08-23 07:45:52.319618,6612,5312,2533,0
2026-08-23 07:45:52.319638,6693,5387,2496,0
2026-08-23 07:45:52.319658,6613,5409,2382,0
2026-08-23 07:45:52.319678,6674,5413,2164,0
2026-08-23 07:45:52.319698,6509,5242,0,0
2026-08-23 07:45:52.319718,6588,5396,2390,0
2026-08-23 07:45:52.319738,6562,5349,1211,0
2026-08-23 07:45:52.340215,6542,4561,0,0
2026-08-23 07:45:52.340235,6585,4935,2416,0
2026-08-23 07:45:52.340255,6689,5147,3044,0
2026-08-23 07:45:52.340275,6615,5152,2261,0
2026-08-23 07:45:52.340295,6673,5282,2467,0
2026-08-23 07:45:52.340315,6617,5292,2579,0
2026-08-23 07:45:52.340335,6694,5350,2506,0
2026-08-23 07:45:52.340355,6611,5363,2403,0
2026-08-23 07:45:52.340375,6681,5411,2193,0
2026-08-23 07:45:52.340395,6503,5242,0,0
2026-08-23 07:45:52.340415,6578,5432,2449,0
2026-08-23 07:45:52.340435,6688,5471,3237,0
2026-08-23 07:45:52.340455,6614,5368,2207,0
2026-08-23 07:45:52.361220,6618,4761,2490,0
2026-08-23 07:45:52.361240,6682,4962,2668,0
2026-08-23 07:45:52.361260,6596,5050,2334,0
2026-08-23 07:45:52.361280,6673,5209,2220,0
2026-08-23 07:45:52.361300,6586,5215,1786,0
2026-08-23 07:45:52.361320,6630,5356,2448,0
2026-08-23 07:45:52.361341,6537,5260,185,0
2026-08-23 07:45:52.361361,6585,5377,2273,0
2026-08-23 07:45:52.361380,6681,5445,2602,0
2026-08-23 07:45:52.361400,6600,5404,2476,0
2026-08-23 07:45:52.361420,6692,5428,2589,0
2026-08-23 07:45:52.361440,6595,5428,2303,0
2026-08-23 07:45:52.361460,6675,5427,2304,0
2026-08-23 07:45:52.382230,6613,4732,2510,0
2026-08-23 07:45:52.382250,6593,4935,2237,0
2026-08-23 07:45:52.382270,6668,5088,2179,0
2026-08-23 07:45:52.382290,6577,5097,1599,0
2026-08-23 07:45:52.382310,6611,5272,2414,0
2026-08-23 07:45:52.382330,6548,5182,303,0
2026-08-23 07:45:52.382350,6581,5328,2240,0
2026-08-23 07:45:52.382370,6731,5389,2666,0
2026-08-23 07:45:52.382390,6621,5384,2438,0
2026-08-23 07:45:52.382410,6692,5457,2661,0
2026-08-23 07:45:52.382430,6615,5427,2298,0
2026-08-23 07:45:52.382450,6670,5406,2289,0
2026-08-23 07:45:52.382470,6611,5400,2524,0
2026-08-23 07:45:52.402903,6610,4718,2263,0
2026-08-23 07:45:52.402923,6679,4915,2541,0
2026-08-23 07:45:52.402943,6615,5051,2536,0
2026-08-23 07:45:52.402963,6549,5221,2548,0
2026-08-23 07:45:52.402983,6621,5292,2437,0
2026-08-23 07:45:52.403003,6670,5299,2184,0
2026-08-23 07:45:52.403023,6549,5235,714,0
2026-08-23 07:45:52.403043,6603,5347,2384,0
2026-08-23 07:45:52.403063,6513,5177,0,0
2026-08-23 07:45:52.403083,6580,5361,1939,0
2026-08-23 07:45:52.403103,6678,5445,2687,0
2026-08-23 07:45:52.403123,6607,5410,2498,0
2026-08-23 07:45:52.403143,6705,5470,3426,0
2026-08-23 07:45:52.421180,6621,4786,2674,0
2026-08-23 07:45:52.421200,6622,4928,2526,0
2026-08-23 07:45:52.421220,6688,5132,2689,0
2026-08-23 07:45:52.421240,6597,5166,2456,0
2026-08-23 07:45:52.421260,6705,5245,2245,0
2026-08-23 07:45:52.421280,6575,5282,1616,0
2026-08-23 07:45:52.421300,6620,5345,2410,0
2026-08-23 07:45:52.421320,6527,5260,101,0
2026-08-23 07:45:52.421340,6574,5410,2178,0
2026-08-23 07:45:52.421360,6670,5432,2773,0
2026-08-23 07:45:52.421380,6608,5408,2485,0
2026-08-23 07:45:52.421400,6595,5322,1580,0
2026-08-23 07:45:52.439471,6600,4941,2331,0
2026-08-23 07:45:52.439491,6677,5047,2296,0
2026-08-23 07:45:52.439511,6598,5195,2376,0
2026-08-23 07:45:52.439531,6683,5287,2451,0
2026-08-23 07:45:52.439551,6592,5300,1949,0
2026-08-23 07:45:52.439571,6629,5356,2185,0
2026-08-23 07:45:52.439591,6671,5398,2895,0
2026-08-23 07:45:52.439610,6617,5388,2454,0
2026-08-23 07:45:52.439631,6700,5466,2820,0
2026-08-23 07:45:52.439651,6610,5436,2338,0
2026-08-23 07:45:52.439671,6669,5441,2362,0
2026-08-23 07:45:52.439691,6616,5411,2515,0
2026-08-23 07:45:52.458370,6613,4936,2447,0
2026-08-23 07:45:52.458390,6588,5037,1738,0
2026-08-23 07:45:52.458410,6615,5166,2172,0
2026-08-23 07:45:52.458430,6513,5085,0,0
2026-08-23 07:45:52.458450,6587,5333,2483,0
2026-08-23 07:45:52.458470,6699,5402,2939,0
2026-08-23 07:45:52.458490,6614,5364,2368,0
2026-08-23 07:45:52.458510,6674,5419,2368,0
2026-08-23 07:45:52.458530,6605,5385,2264,0
2026-08-23 07:45:52.458550,6678,5421,2466,0
2026-08-23 07:45:52.458570,6596,5390,2030,0
2026-08-23 07:45:52.458590,6636,5405,2397,0
2026-08-23 07:45:52.477047,6624,4938,2868,0
2026-08-23 07:45:52.477067,6616,5041,2500,0
2026-08-23 07:45:52.477087,6690,5187,2821,0
2026-08-23 07:45:52.477108,6609,5266,2343,0
2026-08-23 07:45:52.477128,6678,5294,2297,0
2026-08-23 07:45:52.477148,6615,5316,2340,0
2026-08-23 07:45:52.477168,6683,5377,2452,0
2026-08-23 07:45:52.477187,6584,5358,1492,0
2026-08-23 07:45:52.477207,6610,5423,2230,0
2026-08-23 07:45:52.477227,6684,5472,2745,0
2026-08-23 07:45:52.477247,6618,5440,2490,0
2026-08-23 07:45:52.477268,6699,5433,2891,0
2026-08-23 07:45:52.495599,6610,4807,2169,0
2026-08-23 07:45:52.495619,6546,4736,0,0
2026-08-23 07:45:52.495639,6591,5084,2445,0
2026-08-23 07:45:52.495659,6697,5207,2941,0
2026-08-23 07:45:52.495679,6620,5277,2375,0
2026-08-23 07:45:52.495699,6684,5304,2375,0
2026-08-23 07:45:52.495719,6617,5333,2511,0
2026-08-23 07:45:52.495739,6691,5389,2456,0
2026-08-23 07:45:52.495759,6600,5401,2197,0
2026-08-23 07:45:52.495779,6671,5418,2172,0
2026-08-23 07:45:52.495799,6493,5149,0,0
2026-08-23 07:45:52.495819,6592,5353,2413,0
2026-08-23 07:45:52.514488,6604,4842,2180,0
2026-08-23 07:45:52.514508,6663,4989,2176,0
2026-08-23 07:45:52.514528,6506,4950,0,0
2026-08-23 07:45:52.514548,6593,5193,2422,0
2026-08-23 07:45:52.514568,6697,5311,3098,0
2026-08-23 07:45:52.514588,6602,5297,2245,0
2026-08-23 07:45:52.514608,6678,5357,2492,0
2026-08-23 07:45:52.514628,6613,5378,2537,0
2026-08-23 07:45:52.514648,6678,5407,2527,0
2026-08-23 07:45:52.514668,6587,5409,2407,0
2026-08-23 07:45:52.514688,6672,5421,2196,0
2026-08-23 07:45:52.514708,6588,5355,1673,0
2026-08-23 07:45:52.533112,6618,4864,2689,0
2026-08-23 07:45:52.533132,6610,5025,2438,0
2026-08-23 07:45:52.533152,6687,5096,2261,0
2026-08-23 07:45:52.533172,6579,5165,1668,0
2026-08-23 07:45:52.533192,6611,5279,2410,0
2026-08-23 07:45:52.533212,6542,5198,272,0
2026-08-23 07:45:52.533232,6582,5339,2155,0
2026-08-23 07:45:52.533252,6674,5408,2806,0
2026-08-23 07:45:52.533272,6612,5392,2517,0
2026-08-23 07:45:52.533292,6696,5458,2751,0
2026-08-23 07:45:52.533312,6616,5404,2377,0
2026-08-23 07:45:52.533332,6687,5479,2724,0
2026-08-23 07:45:52.551573,6613,4935,2357,0
2026-08-23 07:45:52.551593,6669,5094,2439,0
2026-08-23 07:45:52.551613,6592,5153,2063,0
2026-08-23 07:45:52.551633,6641,5239,2172,0
2026-08-23 07:45:52.551653,6687,5347,2966,0
2026-08-23 07:45:52.551673,6611,5377,2454,0
2026-08-23 07:45:52.551693,6699,5429,2879,0
2026-08-23 07:45:52.551713,6610,5416,2320,0
2026-08-23 07:45:52.551733,6672,5402,2353,0
2026-08-23 07:45:52.551753,6609,5414,2472,0
2026-08-23 07:45:52.551773,6676,5436,2447,0
2026-08-23 07:45:52.551793,6613,5446,2387,0
2026-08-23 07:45:52.568648,6601,4828,2479,0
2026-08-23 07:45:52.568668,6608,4987,2598,0
2026-08-23 07:45:52.568688,6694,5172,2544,0
2026-08-23 07:45:52.568708,6599,5219,2412,0
2026-08-23 07:45:52.568728,6683,5260,2189,0
2026-08-23 07:45:52.568748,6498,5139,0,0
2026-08-23 07:45:52.568768,6585,5366,2463,0
2026-08-23 07:45:52.568788,6712,5400,2990,0
2026-08-23 07:45:52.568808,6606,5406,2308,0
2026-08-23 07:45:52.568828,6680,5419,2433,0
2026-08-23 07:45:52.568848,6609,5431,2582,0
2026-08-23 07:45:52.585925,6615,4896,2464,0
2026-08-23 07:45:52.585945,6593,5028,1871,0
2026-08-23 07:45:52.585965,6632,5143,2169,0
2026-08-23 07:45:52.585985,6537,5101,290,0
2026-08-23 07:45:52.586005,6584,5337,2455,0
2026-08-23 07:45:52.586025,6698,5426,3807,0
2026-08-23 07:45:52.586045,6634,5366,2327,0
2026-08-23 07:45:52.586065,6671,5392,2445,0
2026-08-23 07:45:52.586085,6605,5430,2364,0
2026-08-23 07:45:52.586105,6684,5472,2503,0
2026-08-23 07:45:52.586125,6609,5393,2305,0
2026-08-23 07:45:52.603171,6622,4879,2217,0
2026-08-23 07:45:52.603191,6589,4990,1791,0
2026-08-23 07:45:52.603211,6626,5204,2408,0
2026-08-23 07:45:52.603231,6542,5162,555,0
2026-08-23 07:45:52.603251,6589,5283,2166,0
2026-08-23 07:45:52.603271,6676,5404,2820,0
2026-08-23 07:45:52.603291,6615,5367,2513,0
2026-08-23 07:45:52.603311,6697,5414,2753,0
2026-08-23 07:45:52.603331,6605,5435,2420,0
2026-08-23 07:45:52.603351,6673,5431,2265,0
2026-08-23 07:45:52.603371,6601,5395,2378,0
2026-08-23 07:45:52.622441,6616,4891,2474,0
2026-08-23 07:45:52.622461,6607,5015,2320,0
2026-08-23 07:45:52.622481,6678,5146,2063,0
2026-08-23 07:45:52.622501,6559,5081,0,0
2026-08-23 07:45:52.622521,6603,5313,2441,0
2026-08-23 07:45:52.622541,6682,5370,2913,0
2026-08-23 07:45:52.622561,6608,5367,2309,0
2026-08-23 07:45:52.622581,6682,5375,2355,0
2026-08-23 07:45:52.622601,6607,5446,2473,0
2026-08-23 07:45:52.622621,6682,5447,2467,0
2026-08-23 07:45:52.622641,6595,5409,2467,0
2026-08-23 07:45:52.622661,6674,5397,2320,0
2026-08-23 07:45:52.641441,6605,4839,2744,0
2026-08-23 07:45:52.641461,6697,5046,2600,0
2026-08-23 07:45:52.641481,6605,5106,2447,0
2026-08-23 07:45:52.641501,6673,5206,2196,0
2026-08-23 07:45:52.641521,6555,5219,807,0
2026-08-23 07:45:52.641541,6586,5322,2396,0
2026-08-23 07:45:52.641562,6532,5140,0,0
2026-08-23 07:45:52.641581,6584,5343,2184,0
2026-08-23 07:45:52.641601,6677,5360,2663,0
2026-08-23 07:45:52.641621,6611,5417,2536,0
2026-08-23 07:45:52.641641,6698,5448,2670,0
2026-08-23 07:45:52.641661,6601,5417,2359,0
2026-08-23 07:45:52.661977,6474,4637,0,0
2026-08-23 07:45:52.661997,6591,4973,2463,0
2026-08-23 07:45:52.662017,6699,5133,2995,0
2026-08-23 07:45:52.662037,6613,5217,2356,0
2026-08-23 07:45:52.662057,6673,5260,2407,0
2026-08-23 07:45:52.662077,6590,5293,2328,0
2026-08-23 07:45:52.662097,6682,5378,2468,0
2026-08-23 07:45:52.662117,6587,5354,1763,0
2026-08-23 07:45:52.662137,6623,5379,2172,0
2026-08-23 07:45:52.662157,6507,5219,0,0
2026-08-23 07:45:52.662177,6591,5450,2504,0
2026-08-23 07:45:52.662197,6696,5448,2934,0
2026-08-23 07:45:52.662217,6616,5460,2316,0
2026-08-23 07:45:52.683001,6620,4766,2589,0
2026-08-23 07:45:52.683021,6692,4991,2494,0
2026-08-23 07:45:52.683041,6614,5098,2278,0
2026-08-23 07:45:52.683061,6629,5175,2190,0
2026-08-23 07:45:52.683081,6681,5279,2915,0
2026-08-23 07:45:52.683101,6616,5341,2481,0
2026-08-23 07:45:52.683121,6693,5403,2829,0
2026-08-23 07:45:52.683141,6610,5344,2348,0
2026-08-23 07:45:52.683161,6668,5409,2312,0
2026-08-23 07:45:52.683181,6603,5429,2352,0
2026-08-23 07:45:52.683201,6674,5453,2434,0
2026-08-23 07:45:52.683221,6598,5431,2138,0
2026-08-23 07:45:52.683241,6635,5427,2196,0
2026-08-23 07:45:52.703898,6615,4744,2498,0
2026-08-23 07:45:52.703918,6589,4940,2417,0
2026-08-23 07:45:52.703938,6675,5073,2168,0
2026-08-23 07:45:52.703959,6538,5052,324,0
2026-08-23 07:45:52.703979,6590,5247,2394,0
2026-08-23 07:45:52.703999,6576,5062,0,0
2026-08-23 07:45:52.704019,6586,5318,2193,0
2026-08-23 07:45:52.704039,6676,5353,2675,0
2026-08-23 07:45:52.704058,6597,5362,2511,0
2026-08-23 07:45:52.704078,6695,5428,2692,0
2026-08-23 07:45:52.704098,6610,5404,2406,0
2026-08-23 07:45:52.704118,6694,5423,2322,0
2026-08-23 07:45:52.704139,6614,5402,2400,0
2026-08-23 07:45:52.724687,6610,4735,2325,0
2026-08-23 07:45:52.724707,6679,4967,2447,0
2026-08-23 07:45:52.724727,6594,5087,2385,0
2026-08-23 07:45:52.724747,6762,5185,2503,0
2026-08-23 07:45:52.724767,6600,5254,2138,0
2026-08-23 07:45:52.724787,6667,5288,2149,0
2026-08-23 07:45:52.724807,6577,5291,1190,0
2026-08-23 07:45:52.724827,6600,5378,2425,0
2026-08-23 07:45:52.724847,6519,5240,0,0
2026-08-23 07:45:52.724867,6580,5436,2262,0
2026-08-23 07:45:52.724887,6677,5459,2570,0
2026-08-23 07:45:52.724907,6610,5450,2463,0
2026-08-23 07:45:52.724927,6691,5439,2845,0
2026-08-23 07:45:52.745674,6623,4769,2674,0
2026-08-23 07:45:52.745694,6608,4933,2436,0
2026-08-23 07:45:52.745714,6693,5133,2793,0
2026-08-23 07:45:52.745734,6599,5165,2316,0
2026-08-23 07:45:52.745754,6667,5274,2271,0
2026-08-23 07:45:52.745775,6593,5330,2356,0
2026-08-23 07:45:52.745795,6684,5346,2447,0
2026-08-23 07:45:52.745815,6603,5352,2083,0
2026-08-23 07:45:52.745834,6665,5392,2157,0
2026-08-23 07:45:52.745854,6551,5212,0,0
2026-08-23 07:45:52.745874,6586,5360,2393,0
2026-08-23 07:45:52.745894,6690,5464,3938,0
2026-08-23 07:45:52.745914,6624,5356,2150,0
2026-08-23 07:45:52.766115,6614,4730,2401,0
2026-08-23 07:45:52.766135,6508,4745,0,0
2026-08-23 07:45:52.766155,6579,5042,2213,0
2026-08-23 07:45:52.766175,6691,5205,2692,0
2026-08-23 07:45:52.766195,6604,5231,2530,0
2026-08-23 07:45:52.766215,6702,5314,2657,0
2026-08-23 07:45:52.766235,6627,5362,2485,0
2026-08-23 07:45:52.766255,6681,5378,2228,0
2026-08-23 07:45:52.766275,6553,5342,1086,0
2026-08-23 07:45:52.766295,6602,5438,2417,0
2026-08-23 07:45:52.766315,6548,5190,0,0
2026-08-23 07:45:52.766335,6579,5381,2195,0
2026-08-23 07:45:52.766355,6553,5194,0,0
2026-08-23 07:45:52.787177,6620,4775,2610,0
2026-08-23 07:45:52.787197,6604,4970,2274,0
2026-08-23 07:45:52.787217,6663,5060,2208,0
2026-08-23 07:45:52.787237,6562,5089,1169,0
2026-08-23 07:45:52.787257,6606,5293,2484,0
2026-08-23 07:45:52.787277,6780,5321,586,0
2026-08-23 07:45:52.787297,6587,5344,2367,0
2026-08-23 07:45:52.787317,6682,5403,2425,0
2026-08-23 07:45:52.787337,6602,5384,2336,0
2026-08-23 07:45:52.787357,6681,5443,2473,0
2026-08-23 07:45:52.787377,6575,5372,1444,0
2026-08-23 07:45:52.787397,6616,5448,2193,0
2026-08-23 07:45:52.787417,6552,5347,947,0
2026-08-23 07:45:52.807924,6539,4622,0,0
2026-08-23 07:45:52.807944,6581,4949,2209,0
2026-08-23 07:45:52.807964,6678,5105,2772,0
2026-08-23 07:45:52.807984,6609,5209,2514,0
2026-08-23 07:45:52.808004,6701,5263,2519,0
2026-08-23 07:45:52.808024,6617,5346,2493,0
2026-08-23 07:45:52.808044,6687,5336,2230,0
2026-08-23 07:45:52.808064,6533,5272,986,0
2026-08-23 07:45:52.808084,6600,5396,2427,0
2026-08-23 07:45:52.808104,6604,5300,0,0
2026-08-23 07:45:52.808124,6586,5402,2254,0
2026-08-23 07:45:52.808144,6674,5440,2674,0
2026-08-23 07:45:52.808164,6611,5434,2527,0
2026-08-23 07:45:52.828973,6609,4740,2327,0
2026-08-23 07:45:52.828993,6670,4967,2328,0
2026-08-23 07:45:52.829013,6604,5067,2415,0
2026-08-23 07:45:52.829033,6685,5196,2441,0
2026-08-23 07:45:52.829053,6599,5264,1925,0
2026-08-23 07:45:52.829073,6632,5337,2194,0
2026-08-23 07:45:52.829093,6678,5397,2917,0
2026-08-23 07:45:52.829113,6611,5369,2454,0
2026-08-23 07:45:52.829133,6702,5419,2850,0
2026-08-23 07:45:52.829153,6597,5390,2305,0
2026-08-23 07:45:52.829173,6676,5418,2315,0
2026-08-23 07:45:52.829193,6612,5427,2498,0
2026-08-23 07:45:52.829213,6683,5455,2579,0
2026-08-23 07:45:52.849938,6616,4746,2449,0
2026-08-23 07:45:52.849958,6611,4944,2542,0
2026-08-23 07:45:52.849978,6691,5085,2548,0
2026-08-23 07:45:52.849998,6608,5191,2410,0
2026-08-23 07:45:52.850018,6680,5267,2194,0
2026-08-23 07:45:52.850038,6516,5088,0,0
2026-08-23 07:45:52.850058,6584,5372,2445,0
2026-08-23 07:45:52.850078,6693,5441,3192,0
2026-08-23 07:45:52.850098,6609,5397,2270,0
2026-08-23 07:45:52.850118,6673,5436,2468,0
2026-08-23 07:45:52.850138,6631,5422,2581,0
2026-08-23 07:45:52.850158,6694,5423,2595,0
2026-08-23 07:45:52.850178,6619,5442,2477,0
2026-08-23 07:45:52.871006,6620,4759,2344,0
2026-08-23 07:45:52.871026,6620,4928,2474,0
2026-08-23 07:45:52.871046,6587,5025,1862,0
2026-08-23 07:45:52.871066,6628,5181,2220,0
2026-08-23 07:45:52.871086,6675,5316,2810,0
2026-08-23 07:45:52.871106,6607,5305,2501,0
2026-08-23 07:45:52.871126,6695,5366,2711,0
2026-08-23 07:45:52.871146,6615,5373,2333,0
2026-08-23 07:45:52.871166,6675,5417,2255,0
2026-08-23 07:45:52.871186,6591,5402,1920,0
2026-08-23 07:45:52.871206,6639,5451,2451,0
2026-08-23 07:45:52.871226,6581,5350,1289,0
2026-08-23 07:45:52.871246,6613,5382,2194,0
2026-08-23 07:45:52.891940,6604,4771,2452,0
2026-08-23 07:45:52.891960,6571,4895,1564,0
2026-08-23 07:45:52.891980,6615,5071,2215,0
2026-08-23 07:45:52.892000,6686,5205,2807,0
2026-08-23 07:45:52.892020,6610,5267,2503,0
2026-08-23 07:45:52.892040,6694,5346,2691,0
2026-08-23 07:45:52.892061,6598,5315,2315,0
2026-08-23 07:45:52.892081,6679,5359,2236,0
2026-08-23 07:45:52.892100,6576,5345,1817,0
2026-08-23 07:45:52.892120,6635,5441,2451,0
2026-08-23 07:45:52.892140,6534,5283,155,0
2026-08-23 07:45:52.892160,6587,5440,2240,0
2026-08-23 07:45:52.892180,6515,5167,0,0
2026-08-23 07:45:52.912897,6622,4795,2980,0
2026-08-23 07:45:52.912917,6615,4902,2315,0
2026-08-23 07:45:52.912937,6682,5086,2450,0
2026-08-23 07:45:52.912957,6614,5188,2368,0
2026-08-23 07:45:52.912977,6686,5262,2436,0
2026-08-23 07:45:52.912997,6600,5266,1985,0
2026-08-23 07:45:52.913017,6613,5356,2168,0
2026-08-23 07:45:52.913037,6538,5241,491,0
2026-08-23 07:45:52.913057,6591,5410,2454,0
2026-08-23 07:45:52.913077,6768,5477,780,0
2026-08-23 07:45:52.913097,6589,5415,2327,0
2026-08-23 07:45:52.913117,6672,5460,2535,0
2026-08-23 07:45:52.913137,6611,5433,2460,0
2026-08-23 07:45:52.933973,6601,4718,2260,0
2026-08-23 07:45:52.933993,6691,4930,2677,0
2026-08-23 07:45:52.934013,6618,5054,2464,0
2026-08-23 07:45:52.934033,6699,5232,2682,0
2026-08-23 07:45:52.934053,6615,5234,2315,0
2026-08-23 07:45:52.934073,6679,5293,2229,0
2026-08-23 07:45:52.934093,6597,5346,2032,0
2026-08-23 07:45:52.934114,6663,5388,2433,0
2026-08-23 07:45:52.934133,6572,5317,1083,0
2026-08-23 07:45:52.934153,6598,5439,2215,0
2026-08-23 07:45:52.934173,6684,5477,2739,0
2026-08-23 07:45:52.934193,6610,5428,2462,0
2026-08-23 07:45:52.934213,6703,5467,2949,0
2026-08-23 07:45:52.954871,6632,4764,2921,0
2026-08-23 07:45:52.954891,6613,4949,2441,0
2026-08-23 07:45:52.954911,6701,5134,2914,0
2026-08-23 07:45:52.954931,6614,5182,2303,0
2026-08-23 07:45:52.954951,6668,5282,2367,0
2026-08-23 07:45:52.954971,6602,5286,2490,0
2026-08-23 07:45:52.954991,6681,5339,2472,0
2026-08-23 07:45:52.955011,6608,5356,2240,0
2026-08-23 07:45:52.955031,6673,5385,2172,0
2026-08-23 07:45:52.955051,6553,5160,0,0
2026-08-23 07:45:52.955071,6590,5402,2419,0
2026-08-23 07:45:52.955091,6674,5452,3110,0
2026-08-23 07:45:52.955111,6613,5377,2184,0
2026-08-23 07:45:52.975731,6620,4747,2387,0
2026-08-23 07:45:52.975751,6598,4819,0,0
2026-08-23 07:45:52.975771,6575,5068,2169,0
2026-08-23 07:45:52.975791,6666,5204,2638,0
2026-08-23 07:45:52.975811,6614,5286,2515,0
2026-08-23 07:45:52.975831,6699,5323,2648,0
2026-08-23 07:45:52.975851,6609,5345,2457,0
2026-08-23 07:45:52.975871,6688,5366,2210,0
2026-08-23 07:45:52.975891,6582,5361,1471,0
2026-08-23 07:45:52.975911,6611,5404,2401,0
2026-08-23 07:45:52.975931,6494,5310,113,0
2026-08-23 07:45:52.975951,6544,5407,2161,0
2026-08-23 07:45:52.975971,6556,5322,414,0
2026-08-23 07:45:52.996683,6629,4843,3721,0
2026-08-23 07:45:52.996703,6622,4976,2210,0
2026-08-23 07:45:52.996723,6684,5139,2610,0
2026-08-23 07:45:52.996743,6610,5227,2586,0
2026-08-23 07:45:52.996763,6689,5267,2612,0
2026-08-23 07:45:52.996783,6616,5336,2461,0
2026-08-23 07:45:52.996803,6683,5371,2205,0
2026-08-23 07:45:52.996823,6554,5269,500,0
2026-08-23 07:45:52.996843,6596,5425,2433,0
2026-08-23 07:45:52.996863,6724,5516,1399,0
2026-08-23 07:45:52.996883,6593,5372,2243,0
2026-08-23 07:45:52.996903,6678,5403,2657,0
2026-08-23 07:45:52.996923,6622,5428,2518,0
2026-08-23 07:45:53.017770,6611,4691,2220,0
2026-08-23 07:45:53.017790,6685,4958,2714,0
2026-08-23 07:45:53.017810,6617,5069,2587,0
2026-08-23 07:45:53.017830,6697,5217,2648,0
2026-08-23 07:45:53.017850,6617,5273,2485,0
2026-08-23 07:45:53.017870,6691,5355,2217,0
2026-08-23 07:45:53.017890,6559,5229,621,0
2026-08-23 07:45:53.017910,6599,5408,2395,0
2026-08-23 07:45:53.017930,6691,5468,3401,0
2026-08-23 07:45:53.017950,6621,5393,2265,0
2026-08-23 07:45:53.017970,6680,5431,2508,0
2026-08-23 07:45:53.017990,6623,5430,2602,0
2026-08-23 07:45:53.018010,6697,5431,2725,0
2026-08-23 07:45:53.038688,6616,4744,2531,0
2026-08-23 07:45:53.038708,6610,4928,2600,0
2026-08-23 07:45:53.038728,6698,5106,2598,0
2026-08-23 07:45:53.038748,6617,5176,2455,0
2026-08-23 07:45:53.038768,6686,5270,2169,0
2026-08-23 07:45:53.038788,6516,5170,0,0
2026-08-23 07:45:53.038808,6583,5372,2440,0
2026-08-23 07:45:53.038828,6702,5444,3084,0
2026-08-23 07:45:53.038848,6622,5399,2298,0
2026-08-23 07:45:53.038868,6680,5440,2454,0
2026-08-23 07:45:53.038888,6610,5434,2546,0
2026-08-23 07:45:53.038908,6701,5434,2547,0
2026-08-23 07:45:53.038928,6621,5415,2454,0
2026-08-23 07:45:53.059748,6612,4763,2438,0
2026-08-23 07:45:53.059768,6689,4963,2475,0
2026-08-23 07:45:53.059788,6600,5045,2139,0
2026-08-23 07:45:53.059808,6663,5157,2186,0
2026-08-23 07:45:53.059828,6677,5315,2928,0
2026-08-23 07:45:53.059848,6617,5340,2465,0
2026-08-23 07:45:53.059868,6686,5368,2816,0
2026-08-23 07:45:53.059888,6601,5387,2324,0
2026-08-23 07:45:53.059908,6676,5409,2302,0
2026-08-23 07:45:53.059928,6604,5389,2335,0
2026-08-23 07:45:53.059948,6681,5443,2434,0
2026-08-23 07:45:53.059968,6599,5393,2142,0
2026-08-23 07:45:53.059988,6670,5433,2167,0
2026-08-23 07:45:53.080731,6606,4744,2454,0
2026-08-23 07:45:53.080751,6622,4920,2151,0
2026-08-23 07:45:53.080771,6663,5050,2009,0
2026-08-23 07:45:53.080791,6508,4936,0,0
2026-08-23 07:45:53.080811,6585,5260,2446,0
2026-08-23 07:45:53.080831,6696,5322,2966,0
2026-08-23 07:45:53.080851,6607,5348,2309,0
2026-08-23 07:45:53.080871,6681,5356,2375,0
2026-08-23 07:45:53.080891,6613,5369,2505,0
2026-08-23 07:45:53.080911,6761,5431,2487,0
2026-08-23 07:45:53.080931,6602,5400,2230,0
2026-08-23 07:45:53.080951,6674,5403,2186,0
2026-08-23 07:45:53.080971,6583,5369,1612,0
2026-08-23 07:45:53.101950,6605,4727,2072,0
2026-08-23 07:45:53.101970,6630,4922,2197,0
2026-08-23 07:45:53.101990,6674,5107,2981,0
2026-08-23 07:45:53.102010,6606,5184,2463,0
2026-08-23 07:45:53.102030,6703,5286,2872,0
2026-08-23 07:45:53.102050,6604,5293,2332,0
2026-08-23 07:45:53.102070,6676,5365,2337,0
2026-08-23 07:45:53.102090,6598,5365,2409,0
2026-08-23 07:45:53.102110,6691,5409,2339,0
2026-08-23 07:45:53.102130,6599,5377,1943,0
2026-08-23 07:45:53.102150,6634,5416,2194,0
2026-08-23 07:45:53.102170,6693,5501,2948,0
2026-08-23 07:45:53.102190,6639,5435,2444,0
2026-08-23 07:45:53.120939,6610,4756,2192,0
2026-08-23 07:45:53.120959,6496,4704,0,0
2026-08-23 07:45:53.120979,6586,5030,2411,0
2026-08-23 07:45:53.120999,6695,5230,3090,0
2026-08-23 07:45:53.121019,6607,5257,2262,0
2026-08-23 07:45:53.121039,6676,5331,2471,0
2026-08-23 07:45:53.121059,6619,5375,2592,0
2026-08-23 07:45:53.121078,6695,5373,2518,0
2026-08-23 07:45:53.121099,6611,5407,2422,0
2026-08-23 07:45:53.121119,6681,5397,2169,0
2026-08-23 07:45:53.121139,6555,5300,594,0
2026-08-23 07:45:53.121159,6606,5439,2423,0
2026-08-23 07:45:53.141920,6625,4871,2463,0
2026-08-23 07:45:53.141940,6683,5028,2248,0
2026-08-23 07:45:53.141960,6586,5093,1552,0
2026-08-23 07:45:53.141980,6614,5249,2387,0
2026-08-23 07:45:53.142000,6535,5176,241,0
2026-08-23 07:45:53.142020,6580,5314,2145,0
2026-08-23 07:45:53.142040,6676,5397,2818,0
2026-08-23 07:45:53.142060,6613,5414,2509,0
2026-08-23 07:45:53.142080,6699,5453,2779,0
2026-08-23 07:45:53.142100,6616,5418,2394,0
2026-08-23 07:45:53.142120,6681,5446,2409,0
2026-08-23 07:45:53.142140,6609,5410,2273,0
2026-08-23 07:45:53.142160,6686,5451,2676,0
2026-08-23 07:45:53.162946,6622,4785,2533,0
2026-08-23 07:45:53.162966,6610,4927,2421,0
2026-08-23 07:45:53.162987,6681,5069,2643,0
2026-08-23 07:45:53.163007,6597,5160,2266,0
2026-08-23 07:45:53.163027,6591,5239,2234,0
2026-08-23 07:45:53.163047,6605,5302,2209,0
2026-08-23 07:45:53.163067,6674,5379,2406,0
2026-08-23 07:45:53.163087,6596,5346,1872,0
2026-08-23 07:45:53.163106,6635,5379,2158,0
2026-08-23 07:45:53.163126,6679,5480,2983,0
2026-08-23 07:45:53.163146,6615,5423,2418,0
2026-08-23 07:45:53.163167,6703,5459,3133,0
2026-08-23 07:45:53.163187,6616,5385,2158,0
2026-08-23 07:45:53.183776,6619,4741,2414,0
2026-08-23 07:45:53.183796,6513,4664,0,0
2026-08-23 07:45:53.183816,6570,5002,2194,0
2026-08-23 07:45:53.183836,6677,5204,2713,0
2026-08-23 07:45:53.183856,6606,5225,2584,0
2026-08-23 07:45:53.183876,6700,5295,2659,0
2026-08-23 07:45:53.183896,6608,5343,2458,0
2026-08-23 07:45:53.183916,6690,5359,2220,0
2026-08-23 07:45:53.183936,6518,5270,646,0
2026-08-23 07:45:53.183956,6598,5439,2432,0
2026-08-23 07:45:53.183976,6704,5457,3304,0
2026-08-23 07:45:53.183996,6613,5405,2242,0
2026-08-23 07:45:53.184016,6675,5432,2856,0
2026-08-23 07:45:53.204696,6630,4779,2854,0
2026-08-23 07:45:53.204716,6604,4920,2455,0
2026-08-23 07:45:53.204736,6674,5082,2391,0
2026-08-23 07:45:53.204756,6609,5183,2480,0
2026-08-23 07:45:53.204776,6683,5311,2467,0
2026-08-23 07:45:53.204796,6609,5297,2019,0
2026-08-23 07:45:53.204816,6637,5345,2177,0
2026-08-23 07:45:53.204836,6591,5301,0,0
2026-08-23 07:45:53.204856,6594,5395,2419,0
2026-08-23 07:45:53.204876,6686,5480,2965,0
2026-08-23 07:45:53.204896,6611,5430,2295,0
2026-08-23 07:45:53.204916,6678,5424,2504,0
2026-08-23 07:45:53.204936,6617,5415,2527,0
2026-08-23 07:45:53.225600,6610,4768,2279,0
2026-08-23 07:45:53.225621,6679,4977,2466,0
2026-08-23 07:45:53.225641,6615,5069,2578,0
2026-08-23 07:45:53.225661,6697,5215,2519,0
2026-08-23 07:45:53.225681,6611,5287,2410,0
2026-08-23 07:45:53.225701,6640,5303,2191,0
2026-08-23 07:45:53.225721,6493,5137,0,0
2026-08-23 07:45:53.225741,6593,5343,2454,0
2026-08-23 07:45:53.225760,6695,5410,2947,0
2026-08-23 07:45:53.225780,6561,5412,2312,0
2026-08-23 07:45:53.225801,6684,5435,2355,0
2026-08-23 07:45:53.225821,6616,5435,2583,0
2026-08-23 07:45:53.225841,6703,5417,2596,0
2026-08-23 07:45:53.246617,6615,4744,2232,0
2026-08-23 07:45:53.246637,6599,4946,2234,0
2026-08-23 07:45:53.246657,6676,5128,2434,0
2026-08-23 07:45:53.246677,6568,5144,1232,0
2026-08-23 07:45:53.246697,6613,5260,2231,0
2026-08-23 07:45:53.246717,6672,5372,2705,0
2026-08-23 07:45:53.246737,6617,5356,2483,0
2026-08-23 07:45:53.246758,6702,5440,2656,0
2026-08-23 07:45:53.246777,6608,5427,2314,0
2026-08-23 07:45:53.246797,6674,5433,2217,0
2026-08-23 07:45:53.246817,6591,5379,1855,0
2026-08-23 07:45:53.246837,6639,5427,2428,0
2026-08-23 07:45:53.246857,6609,5385,2135,0
2026-08-23 07:45:53.267684,6546,4739,2080,0
2026-08-23 07:45:53.267704,6669,4947,2452,0
2026-08-23 07:45:53.267724,6591,5023,1612,0
2026-08-23 07:45:53.267744,6615,5200,2201,0
2026-08-23 07:45:53.267764,6691,5277,2799,0
2026-08-23 07:45:53.267784,6610,5329,2461,0
2026-08-23 07:45:53.267804,6698,5369,2732,0
2026-08-23 07:45:53.267824,6610,5351,2335,0
2026-08-23 07:45:53.267844,6677,5413,2262,0
2026-08-23 07:45:53.267864,6602,5415,2275,0
2026-08-23 07:45:53.267884,6678,5444,2428,0
2026-08-23 07:45:53.267904,6602,5419,2062,0
2026-08-23 07:45:53.267924,6666,5390,2177,0
2026-08-23 07:45:53.288727,6615,4736,2468,0
2026-08-23 07:45:53.288747,6599,4907,2409,0
2026-08-23 07:45:53.288767,6682,5087,2173,0
2026-08-23 07:45:53.288787,6531,5014,0,0
2026-08-23 07:45:53.288807,6587,5251,2496,0
2026-08-23 07:45:53.288827,6688,5371,3044,0
2026-08-23 07:45:53.288847,6616,5360,2278,0
2026-08-23 07:45:53.288867,6668,5380,2454,0
2026-08-23 07:45:53.288887,6603,5387,2581,0
2026-08-23 07:45:53.288907,6687,5412,2505,0
2026-08-23 07:45:53.288927,6624,5417,2367,0
2026-08-23 07:45:53.288947,6682,5436,2185,0
2026-08-23 07:45:53.288967,6605,5361,1968,0
2026-08-23 07:45:53.309470,6609,4739,2297,0
2026-08-23 07:45:53.309490,6670,4959,2189,0
2026-08-23 07:45:53.309510,6492,4851,0,0
2026-08-23 07:45:53.309530,6592,5192,2429,0
2026-08-23 07:45:53.309550,6702,5265,2964,0
2026-08-23 07:45:53.309570,6615,5285,2312,0
2026-08-23 07:45:53.309590,6678,5367,2385,0
2026-08-23 07:45:53.309610,6610,5390,2493,0
2026-08-23 07:45:53.309630,6694,5427,2487,0
2026-08-23 07:45:53.309650,6606,5380,2152,0
2026-08-23 07:45:53.309670,6667,5437,2190,0
2026-08-23 07:45:53.309690,6557,5172,0,0
2026-08-23 07:45:53.309710,6596,5362,2435,0
2026-08-23 07:45:53.330586,6612,4732,2295,0
2026-08-23 07:45:53.330606,6717,4979,2588,0
2026-08-23 07:45:53.330626,6618,5047,2410,0
2026-08-23 07:45:53.330646,6569,5224,2585,0
2026-08-23 07:45:53.330666,6607,5263,2199,0
2026-08-23 07:45:53.330686,6669,5323,2414,0
2026-08-23 07:45:53.330706,6571,5270,1375,0
2026-08-23 07:45:53.330726,6608,5391,2432,0
2026-08-23 07:45:53.330746,6524,5242,0,0
2026-08-23 07:45:53.330766,6581,5394,2255,0
2026-08-23 07:45:53.330786,6690,5435,2590,0
2026-08-23 07:45:53.330806,6615,5454,2459,0
2026-08-23 07:45:53.330826,6702,5466,2968,0
2026-08-23 07:45:53.351439,6620,4750,2715,0
2026-08-23 07:45:53.351459,6610,4966,2441,0
2026-08-23 07:45:53.351479,6686,5147,2739,0
2026-08-23 07:45:53.351499,6599,5167,2325,0
2026-08-23 07:45:53.351519,6676,5251,2275,0
2026-08-23 07:45:53.351539,6608,5291,2256,0
2026-08-23 07:45:53.351559,6680,5394,2437,0
2026-08-23 07:45:53.351579,6598,5328,1501,0
2026-08-23 07:45:53.351599,6620,5388,2217,0
2026-08-23 07:45:53.351619,6688,5459,2771,0
2026-08-23 07:45:53.351639,6613,5420,2478,0
2026-08-23 07:45:53.351659,6700,5454,2809,0
2026-08-23 07:45:53.351679,6614,5407,2287,0
2026-08-23 07:45:53.372249,6619,4746,2441,0
2026-08-23 07:45:53.372269,6699,4962,2947,0
2026-08-23 07:45:53.372289,6613,5052,2286,0
2026-08-23 07:45:53.372309,6670,5187,2376,0
2026-08-23 07:45:53.372329,6605,5278,2480,0
2026-08-23 07:45:53.372349,6691,5334,2468,0
2026-08-23 07:45:53.372369,6611,5332,2239,0
2026-08-23 07:45:53.372389,6833,5367,2178,0
2026-08-23 07:45:53.372409,6534,5186,0,0
2026-08-23 07:45:53.372429,6584,5371,2435,0
2026-08-23 07:45:53.372449,6693,5442,3004,0
2026-08-23 07:45:53.372469,6539,5380,2227,0
2026-08-23 07:45:53.372489,6599,5323,0,0
2026-08-23 07:45:53.393119,6634,4783,2921,0
2026-08-23 07:45:53.393139,6603,4917,2278,0
2026-08-23 07:45:53.393159,6682,5102,2419,0
2026-08-23 07:45:53.393179,6576,5180,2510,0
2026-08-23 07:45:53.393199,6694,5299,2495,0
2026-08-23 07:45:53.393219,6606,5304,2298,0
2026-08-23 07:45:53.393239,6686,5339,2154,0
2026-08-23 07:45:53.393259,6511,5134,0,0
2026-08-23 07:45:53.393279,6589,5394,2423,0
2026-08-23 07:45:53.393299,6704,5421,2991,0
2026-08-23 07:45:53.393319,6605,5431,2276,0
2026-08-23 07:45:53.393339,6675,5417,2501,0
2026-08-23 07:45:53.393359,6618,5449,2535,0
2026-08-23 07:45:53.414107,6605,4775,2297,0
2026-08-23 07:45:53.414127,6680,4964,2442,0
2026-08-23 07:45:53.414147,6613,5095,2535,0
2026-08-23 07:45:53.414167,6694,5196,2500,0
2026-08-23 07:45:53.414187,6620,5282,2378,0
2026-08-23 07:45:53.414207,6679,5330,2185,0
2026-08-23 07:45:53.414227,6519,5174,0,0
2026-08-23 07:45:53.414248,6636,5388,2451,0
2026-08-23 07:45:53.414267,6703,5408,3009,0
2026-08-23 07:45:53.414287,6611,5399,2279,0
2026-08-23 07:45:53.414307,6682,5414,2414,0
2026-08-23 07:45:53.414327,6616,5428,2584,0
2026-08-23 07:45:53.414347,6699,5461,2652,0
2026-08-23 07:45:53.434981,6614,4753,2350,0
2026-08-23 07:45:53.435001,6614,4975,2491,0
2026-08-23 07:45:53.435021,6695,5128,2469,0
2026-08-23 07:45:53.435041,6602,5163,2248,0
2026-08-23 07:45:53.435061,6675,5243,2182,0
2026-08-23 07:45:53.435081,6574,5173,0,0
2026-08-23 07:45:53.435101,6593,5367,2442,0
2026-08-23 07:45:53.435121,6769,5404,2956,0
2026-08-23 07:45:53.435141,6608,5369,2295,0
2026-08-23 07:45:53.435161,6681,5404,2387,0
2026-08-23 07:45:53.435181,6611,5389,2520,0
2026-08-23 07:45:53.435201,6689,5430,2539,0
2026-08-23 07:45:53.435221,6617,5418,2414,0
2026-08-23 07:45:53.455884,6620,4780,2481,0
2026-08-23 07:45:53.455904,6683,4936,2487,0
2026-08-23 07:45:53.455924,6611,5092,2358,0
2026-08-23 07:45:53.455944,6674,5166,2181,0
2026-08-23 07:45:53.455964,6513,5032,0,0
2026-08-23 07:45:53.455984,6585,5269,2371,0
2026-08-23 07:45:53.456004,6697,5345,2954,0
2026-08-23 07:45:53.456024,6603,5336,2307,0
2026-08-23 07:45:53.456044,6688,5409,2384,0
2026-08-23 07:45:53.456064,6609,5442,2493,0
2026-08-23 07:45:53.456084,6684,5446,2460,0
2026-08-23 07:45:53.456104,6614,5437,2294,0
2026-08-23 07:45:53.456124,6674,5432,2203,0
2026-08-23 07:45:53.476914,6596,4785,2456,0
2026-08-23 07:45:53.476934,6557,4842,682,0
2026-08-23 07:45:53.476954,6593,5104,2278,0
2026-08-23 07:45:53.476974,6689,5239,2615,0
2026-08-23 07:45:53.476994,6609,5287,2464,0
2026-08-23 07:45:53.477014,6683,5347,2594,0
2026-08-23 07:45:53.477034,6604,5354,2196,0
2026-08-23 07:45:53.477054,6670,5355,2189,0
2026-08-23 07:45:53.477074,6565,5306,1049,0
2026-08-23 07:45:53.477094,6610,5416,2467,0
2026-08-23 07:45:53.477114,6579,5202,0,0
2026-08-23 07:45:53.477134,6582,5400,2257,0
2026-08-23 07:45:53.477154,6681,5408,2935,0
2026-08-23 07:45:53.497713,6513,4510,0,0
2026-08-23 07:45:53.497733,6587,4914,2266,0
2026-08-23 07:45:53.497753,6681,5056,2596,0
2026-08-23 07:45:53.497773,6610,5186,2439,0
2026-08-23 07:45:53.497793,6704,5295,2591,0
2026-08-23 07:45:53.497813,6603,5325,2224,0
2026-08-23 07:45:53.497833,6668,5323,2196,0
2026-08-23 07:45:53.497853,6587,5334,1459,0
2026-08-23 07:45:53.497873,6620,5398,2432,0
2026-08-23 07:45:53.497893,6522,5300,0,0
2026-08-23 07:45:53.497913,6585,5403,2258,0
2026-08-23 07:45:53.497933,6681,5444,2704,0
2026-08-23 07:45:53.497953,6616,5449,2456,0
2026-08-23 07:45:53.518615,6618,4779,2435,0
2026-08-23 07:45:53.518635,6693,4961,2315,0
2026-08-23 07:45:53.518655,6597,5095,2125,0
2026-08-23 07:45:53.518675,6674,5242,2436,0
2026-08-23 07:45:53.518695,6571,5209,1175,0
2026-08-23 07:45:53.518715,6594,5302,2177,0
2026-08-23 07:45:53.518735,6684,5385,2863,0
2026-08-23 07:45:53.518755,6622,5390,2533,0
2026-08-23 07:45:53.518775,6707,5436,2735,0
2026-08-23 07:45:53.518795,6607,5448,2468,0
2026-08-23 07:45:53.518815,6702,5427,2251,0
2026-08-23 07:45:53.518835,6592,5425,1930,0
2026-08-23 07:45:53.518855,6641,5450,2485,0
2026-08-23 07:45:53.539534,6611,4775,2246,0
2026-08-23 07:45:53.539554,6580,4856,1591,0
2026-08-23 07:45:53.539574,6624,5096,2425,0
2026-08-23 07:45:53.539594,6515,5033,0,0
2026-08-23 07:45:53.539614,6578,5234,2212,0
2026-08-23 07:45:53.539634,6681,5346,2698,0
2026-08-23 07:45:53.539654,6626,5387,2593,0
2026-08-23 07:45:53.539674,6702,5416,2638,0
2026-08-23 07:45:53.539694,6624,5359,2456,0
2026-08-23 07:45:53.539714,6689,5380,2205,0
2026-08-23 07:45:53.539734,6558,5297,777,0
2026-08-23 07:45:53.539754,6596,5407,2428,0
2026-08-23 07:45:53.539774,6569,5330,1246,0
2026-08-23 07:45:53.560402,6553,4641,476,0
2026-08-23 07:45:53.560422,6592,4946,2406,0
2026-08-23 07:45:53.560442,6498,4898,0,0
2026-08-23 07:45:53.560462,6582,5156,2184,0
2026-08-23 07:45:53.560483,6674,5297,2723,0
2026-08-23 07:45:53.560503,6617,5300,2531,0
2026-08-23 07:45:53.560523,6699,5364,2691,0
2026-08-23 07:45:53.560543,6614,5404,2461,0
2026-08-23 07:45:53.560562,6685,5412,2235,0
2026-08-23 07:45:53.560582,6577,5376,1410,0
2026-08-23 07:45:53.560602,6619,5446,2425,0
2026-08-23 07:45:53.560622,6481,5337,669,0
2026-08-23 07:45:53.560642,6595,5387,2175,0
2026-08-23 07:45:53.581478,6609,4783,2464,0
2026-08-23 07:45:53.581498,6695,5023,3170,0
2026-08-23 07:45:53.581518,6611,5057,2288,0
2026-08-23 07:45:53.581538,6679,5185,2454,0
2026-08-23 07:45:53.581558,6614,5287,2583,0
2026-08-23 07:45:53.581578,6687,5348,2508,0
2026-08-23 07:45:53.581599,6629,5356,2145,0
2026-08-23 07:45:53.581619,6669,5360,2225,0
2026-08-23 07:45:53.581638,6690,5455,2868,0
2026-08-23 07:45:53.581658,6610,5438,2513,0
2026-08-23 07:45:53.581678,6701,5470,2726,0
2026-08-23 07:45:53.581698,6604,5434,2358,0
2026-08-23 07:45:53.581718,6685,5430,2363,0
2026-08-23 07:45:53.602490,6609,4783,2542,0
2026-08-23 07:45:53.602510,6605,4924,2091,0
2026-08-23 07:45:53.602530,6664,5049,2199,0
2026-08-23 07:45:53.602551,6520,5040,0,0
2026-08-23 07:45:53.602571,6580,5261,2501,0
2026-08-23 07:45:53.602591,6693,5377,2935,0
2026-08-23 07:45:53.602611,6632,5362,2421,0
2026-08-23 07:45:53.602631,6688,5373,2337,0
2026-08-23 07:45:53.602650,6593,5378,1935,0
2026-08-23 07:45:53.602670,6663,5426,2464,0
2026-08-23 07:45:53.602690,6554,5286,271,0
2026-08-23 07:45:53.602710,6591,5457,2192,0
2026-08-23 07:45:53.602731,6569,5313,926,0
2026-08-23 07:45:53.623226,6606,4715,82,0
2026-08-23 07:45:53.623246,6586,4944,2235,0
2026-08-23 07:45:53.623266,6675,5067,2632,0
2026-08-23 07:45:53.623286,6623,5187,2605,0
2026-08-23 07:45:53.623306,6697,5269,2596,0
2026-08-23 07:45:53.623326,6623,5312,2456,0
2026-08-23 07:45:53.623346,6691,5387,2201,0
2026-08-23 07:45:53.623366,6516,5212,0,0
2026-08-23 07:45:53.623386,6591,5401,2422,0
2026-08-23 07:45:53.623406,6694,5500,3045,0
2026-08-23 07:45:53.623426,6610,5429,2284,0
2026-08-23 07:45:53.623446,6673,5463,2526,0
2026-08-23 07:45:53.623466,6618,5440,2514,0
2026-08-23 07:45:53.644395,6608,4770,2330,0
2026-08-23 07:45:53.644415,6667,4957,2320,0
2026-08-23 07:45:53.644435,6608,5090,2390,0
2026-08-23 07:45:53.644455,6696,5217,2595,0
2026-08-23 07:45:53.644475,6589,5244,1997,0
2026-08-23 07:45:53.644495,6637,5328,2177,0
2026-08-23 07:45:53.644515,6685,5375,2923,0
2026-08-23 07:45:53.644535,6612,5369,2442,0
2026-08-23 07:45:53.644555,6691,5456,2826,0
2026-08-23 07:45:53.644575,6621,5412,2303,0
2026-08-23 07:45:53.644595,6678,5436,2309,0
2026-08-23 07:45:53.644615,6605,5457,2504,0
2026-08-23 07:45:53.644635,6702,5442,2653,0
2026-08-23 07:45:53.665456,6616,4745,2414,0
2026-08-23 07:45:53.665476,6611,4910,2504,0
2026-08-23 07:45:53.665496,6693,5095,2465,0
2026-08-23 07:45:53.665516,6633,5177,2139,0
2026-08-23 07:45:53.665536,6667,5229,2207,0
2026-08-23 07:45:53.665556,6677,5365,2918,0
2026-08-23 07:45:53.665576,6615,5369,2492,0
2026-08-23 07:45:53.665596,6696,5417,2953,0
2026-08-23 07:45:53.665616,6614,5392,2361,0
2026-08-23 07:45:53.665636,6679,5424,2274,0
2026-08-23 07:45:53.665656,6594,5387,2213,0
2026-08-23 07:45:53.665676,6678,5457,2457,0
2026-08-23 07:45:53.665696,6607,5430,2354,0
2026-08-23 07:45:53.686487,6611,4761,2292,0
2026-08-23 07:45:53.686507,6671,4959,2459,0
2026-08-23 07:45:53.686527,6591,5061,2035,0
2026-08-23 07:45:53.686547,6633,5158,2170,0
2026-08-23 07:45:53.686567,6685,5287,2962,0
2026-08-23 07:45:53.686587,6620,5301,2420,0
2026-08-23 07:45:53.686607,6702,5381,2901,0
2026-08-23 07:45:53.686627,6618,5385,2271,0
2026-08-23 07:45:53.686647,6680,5426,2356,0
2026-08-23 07:45:53.686667,6617,5409,2498,0
2026-08-23 07:45:53.686687,6697,5470,2470,0
2026-08-23 07:45:53.686707,6615,5416,2422,0
2026-08-23 07:45:53.686727,6680,5403,2231,0
2026-08-23 07:45:53.707331,6620,4776,2717,0
2026-08-23 07:45:53.707351,6617,4908,2381,0
2026-08-23 07:45:53.707371,6688,5064,2313,0
2026-08-23 07:45:53.707391,6598,5146,2161,0
2026-08-23 07:45:53.707411,6674,5245,2430,0
2026-08-23 07:45:53.707431,6576,5283,1792,0
2026-08-23 07:45:53.707451,6640,5310,2143,0
2026-08-23 07:45:53.707471,6534,5260,184,0
2026-08-23 07:45:53.707491,6585,5412,2439,0
2026-08-23 07:45:53.707511,6632,5380,0,0
2026-08-23 07:45:53.707531,6582,5395,2291,0
2026-08-23 07:45:53.707551,6683,5417,2587,0
2026-08-23 07:45:53.707571,6619,5439,2423,0
2026-08-23 07:45:53.728314,6602,4749,2308,0
2026-08-23 07:45:53.728334,6685,4950,2473,0
2026-08-23 07:45:53.728354,6607,5058,2392,0
2026-08-23 07:45:53.728374,6698,5235,2578,0
2026-08-23 07:45:53.728394,6605,5271,2199,0
2026-08-23 07:45:53.728414,6666,5332,2171,0
2026-08-23 07:45:53.728434,6577,5331,1618,0
2026-08-23 07:45:53.728454,6621,5378,2379,0
2026-08-23 07:45:53.728474,6549,5300,648,0
2026-08-23 07:45:53.728494,6592,5459,2202,0
2026-08-23 07:45:53.728514,6685,5455,2691,0
2026-08-23 07:45:53.728534,6616,5414,2413,0
2026-08-23 07:45:53.728554,6710,5443,2999,0
2026-08-23 07:45:53.749063,6517,4570,0,0
2026-08-23 07:45:53.749083,6587,4923,2366,0
2026-08-23 07:45:53.749103,6543,4864,0,0
2026-08-23 07:45:53.749123,6580,5100,2181,0
2026-08-23 07:45:53.749143,6674,5272,2709,0
2026-08-23 07:45:53.749163,6617,5275,2507,0
2026-08-23 07:45:53.749183,6697,5346,2704,0
2026-08-23 07:45:53.749203,6617,5366,2421,0
2026-08-23 07:45:53.749223,6677,5422,2240,0
2026-08-23 07:45:53.749243,6603,5357,1759,0
2026-08-23 07:45:53.749263,6622,5449,2403,0
2026-08-23 07:45:53.749283,6587,5370,1558,0
2026-08-23 07:45:53.749303,6625,5394,2161,0
2026-08-23 07:45:53.769924,6624,4810,2406,0
2026-08-23 07:45:53.769944,6500,4763,0,0
2026-08-23 07:45:53.769964,6582,5087,2185,0
2026-08-23 07:45:53.769984,6682,5223,2661,0
2026-08-23 07:45:53.770004,6611,5299,2588,0
2026-08-23 07:45:53.770024,6687,5366,2627,0
2026-08-23 07:45:53.770044,6610,5346,2480,0
2026-08-23 07:45:53.770064,6683,5365,2209,0
2026-08-23 07:45:53.770084,6551,5302,474,0
2026-08-23 07:45:53.770104,6591,5444,2431,0
2026-08-23 07:45:53.770124,6701,5511,3744,0
2026-08-23 07:45:53.770144,6625,5440,2213,0
2026-08-23 07:45:53.770164,6688,5415,537,0
2026-08-23 07:45:53.790940,6642,4786,2521,0
2026-08-23 07:45:53.790960,6614,4937,2339,0
2026-08-23 07:45:53.790980,6680,5066,2373,0
2026-08-23 07:45:53.791000,6612,5235,2520,0
2026-08-23 07:45:53.791020,6683,5279,2471,0
2026-08-23 07:45:53.791040,6682,5284,2169,0
2026-08-23 07:45:53.791060,6681,5334,2186,0
2026-08-23 07:45:53.791080,6688,5409,2936,0
2026-08-23 07:45:53.791100,6617,5429,2452,0
2026-08-23 07:45:53.791120,6696,5441,2850,0
2026-08-23 07:45:53.791140,6607,5435,2315,0
2026-08-23 07:45:53.791160,6690,5450,2406,0
2026-08-23 07:45:53.791180,6620,5398,2533,0
2026-08-23 07:45:53.811872,6612,4746,2198,0
2026-08-23 07:45:53.811892,6678,4935,2689,0
2026-08-23 07:45:53.811912,6617,5056,2495,0
2026-08-23 07:45:53.811932,6710,5234,2734,0
2026-08-23 07:45:53.811952,6626,5245,2398,0
2026-08-23 07:45:53.811972,6693,5293,2293,0
2026-08-23 07:45:53.811992,6591,5305,1951,0
2026-08-23 07:45:53.812012,6668,5377,2405,0
2026-08-23 07:45:53.812032,6588,5340,1431,0
2026-08-23 07:45:53.812052,6616,5381,2152,0
2026-08-23 07:45:53.812072,6508,5269,0,0
2026-08-23 07:45:53.812092,6589,5450,2433,0
2026-08-23 07:45:53.812112,6570,5316,916,0
2026-08-23 07:45:53.832650,6558,4671,619,0
2026-08-23 07:45:53.832670,6603,4928,2432,0
2026-08-23 07:45:53.832690,6537,4908,0,0
2026-08-23 07:45:53.832711,6578,5163,2309,0
2026-08-23 07:45:53.832731,6678,5241,2482,0
2026-08-23 07:45:53.832751,6610,5295,2428,0
2026-08-23 07:45:53.832771,6692,5388,2514,0
2026-08-23 07:45:53.832791,6601,5367,2083,0
2026-08-23 07:45:53.832810,6663,5415,2170,0
2026-08-23 07:45:53.832830,6541,5271,245,0
2026-08-23 07:45:53.832850,6592,5422,2497,0
2026-08-23 07:45:53.832870,6751,5466,985,0
2026-08-23 07:45:53.832891,6592,5396,2275,0
2026-08-23 07:45:53.853598,6617,4773,2606,0
2026-08-23 07:45:53.853618,6704,4973,2576,0
2026-08-23 07:45:53.853638,6608,5133,2489,0
2026-08-23 07:45:53.853658,6686,5201,2191,0
2026-08-23 07:45:53.853678,6535,5162,176,0
2026-08-23 07:45:53.853698,6583,5334,2396,0
2026-08-23 07:45:53.853718,6702,5406,3126,0
2026-08-23 07:45:53.853738,6612,5379,2241,0
2026-08-23 07:45:53.853758,6688,5409,2506,0
2026-08-23 07:45:53.853778,6602,5446,2583,0
2026-08-23 07:45:53.853798,6698,5438,2534,0
2026-08-23 07:45:53.853818,6623,5424,2450,0
2026-08-23 07:45:53.853838,6683,5425,2262,0
2026-08-23 07:45:53.874355,6622,4791,2543,0
2026-08-23 07:45:53.874375,6621,4932,2431,0
2026-08-23 07:45:53.874395,6679,5063,2187,0
2026-08-23 07:45:53.874415,6567,5077,1047,0
2026-08-23 07:45:53.874435,6600,5252,2368,0
2026-08-23 07:45:53.874455,6523,5157,0,0
2026-08-23 07:45:53.874475,6571,5360,2141,0
2026-08-23 07:45:53.874496,6673,5431,2817,0
2026-08-23 07:45:53.874515,6607,5385,2469,0
2026-08-23 07:45:53.874535,6696,5419,2811,0
2026-08-23 07:45:53.874555,6616,5398,2350,0
2026-08-23 07:45:53.874575,6688,5449,2418,0
2026-08-23 07:45:53.874595,6606,5399,2412,0
2026-08-23 07:45:53.895260,6610,4774,2267,0
2026-08-23 07:45:53.895280,6687,4982,2600,0
2026-08-23 07:45:53.895300,6609,5060,2453,0
2026-08-23 07:45:53.895320,6715,5195,2571,0
2026-08-23 07:45:53.895340,6602,5278,2288,0
2026-08-23 07:45:53.895360,6680,5295,2208,0
2026-08-23 07:45:53.895380,6575,5331,1703,0
2026-08-23 07:45:53.895400,6624,5406,2427,0
2026-08-23 07:45:53.895420,6535,5294,111,0
2026-08-23 07:45:53.895440,6586,5431,2524,0
2026-08-23 07:45:53.895460,6681,5450,2575,0
2026-08-23 07:45:53.895480,6618,5411,2494,0
2026-08-23 07:45:53.895500,6746,5428,2935,0
2026-08-23 07:45:53.916268,6626,4753,2542,0
2026-08-23 07:45:53.916288,6610,4958,2528,0
2026-08-23 07:45:53.916308,6685,5081,2613,0
2026-08-23 07:45:53.916328,6611,5192,2293,0
2026-08-23 07:45:53.916348,6675,5279,2194,0
2026-08-23 07:45:53.916368,6579,5291,1707,0
2026-08-23 07:45:53.916388,6625,5338,2425,0
2026-08-23 07:45:53.916408,6542,5252,158,0
2026-08-23 07:45:53.916428,6588,5401,2254,0
2026-08-23 07:45:53.916448,6681,5466,2586,0
2026-08-23 07:45:53.916468,6608,5460,2455,0
2026-08-23 07:45:53.916488,6694,5436,2672,0
2026-08-23 07:45:53.916508,6614,5399,2322,0
2026-08-23 07:45:53.936918,6609,4794,2352,0
2026-08-23 07:45:53.936938,6778,4953,2542,0
2026-08-23 07:45:53.936958,6604,5068,2183,0
2026-08-23 07:45:53.936978,6665,5215,2165,0
2026-08-23 07:45:53.936998,6557,5174,1052,0
2026-08-23 07:45:53.937018,6593,5327,2443,0
2026-08-23 07:45:53.937038,6573,5180,0,0
2026-08-23 07:45:53.937058,6587,5380,2306,0
2026-08-23 07:45:53.937078,6680,5386,2468,0
2026-08-23 07:45:53.937098,6611,5400,2406,0
2026-08-23 07:45:53.937118,6582,5456,2500,0
2026-08-23 07:45:53.937138,6606,5392,2260,0
2026-08-23 07:45:53.937158,6671,5399,2270,0
2026-08-23 07:45:53.956991,6615,4795,2481,0
2026-08-23 07:45:53.957011,6597,4952,2191,0
2026-08-23 07:45:53.957031,6640,5093,2169,0
2026-08-23 07:45:53.957051,6576,5157,1287,0
2026-08-23 07:45:53.957071,6610,5267,2416,0
2026-08-23 07:45:53.957091,6530,5211,0,0
2026-08-23 07:45:53.957111,6573,5376,2255,0
2026-08-23 07:45:53.957131,6676,5443,2588,0
2026-08-23 07:45:53.957151,6621,5402,2599,0
2026-08-23 07:45:53.957171,6700,5440,2586,0
2026-08-23 07:45:53.957191,6601,5414,2264,0
2026-08-23 07:45:53.957211,6681,5428,2249,0
2026-08-23 07:45:53.957231,6620,5435,2524,0
2026-08-23 07:45:53.977623,6625,4867,2933,0
2026-08-23 07:45:53.977643,6609,4996,2316,0
2026-08-23 07:45:53.977663,6670,5133,2278,0
2026-08-23 07:45:53.977683,6609,5253,2259,0
2026-08-23 07:45:53.977703,6710,5299,2433,0
2026-08-23 07:45:53.977723,6576,5316,1570,0
2026-08-23 07:45:53.977743,6621,5397,2184,0
2026-08-23 07:45:53.977763,6674,5417,2785,0
2026-08-23 07:45:53.977783,6592,5441,2468,0
2026-08-23 07:45:53.977803,6702,5477,2740,0
2026-08-23 07:45:53.977823,6614,5414,2314,0
2026-08-23 07:45:53.977843,6682,5425,2257,0
2026-08-23 07:45:53.977863,6624,5389,2456,0
2026-08-23 07:45:53.998579,6581,4765,1718,0
2026-08-23 07:45:53.998599,6627,4943,2170,0
2026-08-23 07:45:53.998619,6542,4944,287,0
2026-08-23 07:45:53.998639,6573,5203,2452,0
2026-08-23 07:45:53.998659,6681,5337,3267,0
2026-08-23 07:45:53.998679,6616,5302,2318,0
2026-08-23 07:45:53.998699,6687,5387,2425,0
2026-08-23 07:45:53.998719,6611,5385,2364,0
2026-08-23 07:45:53.998739,6692,5420,2490,0
2026-08-23 07:45:53.998759,6602,5373,2035,0
2026-08-23 07:45:53.998779,6668,5400,2157,0
2026-08-23 07:45:53.998799,6591,5360,1564,0
2026-08-23 07:45:53.998819,6627,5409,2423,0
2026-08-23 07:45:54.019663,6669,4728,2221,0
2026-08-23 07:45:54.019683,6596,4909,2332,0
2026-08-23 07:45:54.019703,6685,5091,2432,0
2026-08-23 07:45:54.019723,6593,5147,1962,0
2026-08-23 07:45:54.019743,6668,5249,2159,0
2026-08-23 07:45:54.019763,6678,5345,2978,0
2026-08-23 07:45:54.019783,6616,5334,2461,0
2026-08-23 07:45:54.019803,6700,5402,2920,0
2026-08-23 07:45:54.019823,6610,5418,2257,0
2026-08-23 07:45:54.019843,6678,5436,2408,0
2026-08-23 07:45:54.019863,6614,5410,2510,0
2026-08-23 07:45:54.019883,6702,5453,2543,0
2026-08-23 07:45:54.019903,6622,5426,2411,0
2026-08-23 07:45:54.040643,6621,4729,2520,0
2026-08-23 07:45:54.040663,6695,4992,2736,0
2026-08-23 07:45:54.040683,6618,5056,2435,0
2026-08-23 07:45:54.040703,6694,5177,2273,0
2026-08-23 07:45:54.040723,6590,5253,1978,0
2026-08-23 07:45:54.040743,6667,5312,2415,0
2026-08-23 07:45:54.040763,6563,5268,1067,0
2026-08-23 07:45:54.040783,6600,5355,2142,0
2026-08-23 07:45:54.040803,6605,5342,0,0
2026-08-23 07:45:54.040823,6597,5430,2511,0
2026-08-23 07:45:54.040843,6687,5468,2756,0
2026-08-23 07:45:54.040863,6624,5428,2373,0
2026-08-23 07:45:54.040883,6708,5450,2636,0
2026-08-23 07:45:54.061728,6633,4807,2783,0
2026-08-23 07:45:54.061748,6617,4972,2370,0
2026-08-23 07:45:54.061768,6695,5096,2381,0
2026-08-23 07:45:54.061788,6604,5169,2253,0
2026-08-23 07:45:54.061808,6685,5279,2472,0
2026-08-23 07:45:54.061828,6592,5254,1834,0
2026-08-23 07:45:54.061848,6632,5375,2151,0
2026-08-23 07:45:54.061868,6544,5276,552,0
2026-08-23 07:45:54.061888,6585,5441,2427,0
2026-08-23 07:45:54.061908,6577,5193,0,0
2026-08-23 07:45:54.061928,6583,5410,2259,0
2026-08-23 07:45:54.061948,6752,5429,2623,0
2026-08-23 07:45:54.061968,6613,5404,2433,0
2026-08-23 07:45:54.082588,6735,4733,2198,0
2026-08-23 07:45:54.082608,6681,4947,2867,0
2026-08-23 07:45:54.082628,6614,5053,2413,0
2026-08-23 07:45:54.082648,6694,5210,2839,0
2026-08-23 07:45:54.082668,6613,5272,2259,0
2026-08-23 07:45:54.082688,6692,5330,2367,0
2026-08-23 07:45:54.082708,6614,5364,2475,0
2026-08-23 07:45:54.082728,6691,5368,2481,0
2026-08-23 07:45:54.082748,6602,5377,2341,0
2026-08-23 07:45:54.082768,6682,5392,2154,0
2026-08-23 07:45:54.082788,6532,5264,0,0
2026-08-23 07:45:54.082808,6599,5457,2386,0
2026-08-23 07:45:54.082828,6592,5357,1689,0
2026-08-23 07:45:54.103339,6575,4681,1238,0
2026-08-23 07:45:54.103359,6608,4981,2417,0
2026-08-23 07:45:54.103379,6536,4960,0,0
2026-08-23 07:45:54.103399,6574,5173,2200,0
2026-08-23 07:45:54.103419,6684,5310,2717,0
2026-08-23 07:45:54.103439,6634,5321,2584,0
2026-08-23 07:45:54.103459,6703,5370,2655,0
2026-08-23 07:45:54.103479,6618,5411,2496,0
2026-08-23 07:45:54.103499,6688,5405,2213,0
2026-08-23 07:45:54.103519,6562,5312,846,0
2026-08-23 07:45:54.103539,6609,5432,2425,0
2026-08-23 07:45:54.103559,6532,5268,0,0
2026-08-23 07:45:54.103579,6597,5396,2137,0
2026-08-23 07:45:54.124266,6617,4821,2483,0
2026-08-23 07:45:54.124286,6694,4976,2806,0
2026-08-23 07:45:54.124306,6610,5077,2341,0
2026-08-23 07:45:54.124326,6681,5198,2283,0
2026-08-23 07:45:54.124346,6609,5251,2297,0
2026-08-23 07:45:54.124366,6680,5324,2451,0
2026-08-23 07:45:54.124386,6591,5312,1589,0
2026-08-23 07:45:54.124406,6625,5373,2187,0
2026-08-23 07:45:54.124426,6678,5468,2824,0
2026-08-23 07:45:54.124446,6620,5429,2457,0
2026-08-23 07:45:54.124466,6697,5447,2753,0
2026-08-23 07:45:54.124486,6612,5437,2270,0
2026-08-23 07:45:54.124506,6687,5417,2473,0
2026-08-23 07:45:54.145296,6631,4761,2963,0
2026-08-23 07:45:54.145316,6610,4894,2228,0
2026-08-23 07:45:54.145336,6676,5068,2525,0
2026-08-23 07:45:54.145356,6618,5183,2524,0
2026-08-23 07:45:54.145376,6699,5268,2591,0
2026-08-23 07:45:54.145396,6616,5340,2426,0
2026-08-23 07:45:54.145416,6681,5337,2199,0
2026-08-23 07:45:54.145436,6559,5272,846,0
2026-08-23 07:45:54.145456,6594,5421,2373,0
2026-08-23 07:45:54.145476,6513,5209,0,0
2026-08-23 07:45:54.145496,6588,5423,2170,0
2026-08-23 07:45:54.145516,6683,5462,2850,0
2026-08-23 07:45:54.145536,6621,5439,2456,0
2026-08-23 07:45:54.166232,6611,4752,2177,0
2026-08-23 07:45:54.166252,6683,4961,2869,0
2026-08-23 07:45:54.166272,6623,5082,2506,0
2026-08-23 07:45:54.166292,6703,5197,2774,0
2026-08-23 07:45:54.166312,6618,5280,2429,0
2026-08-23 07:45:54.166332,6692,5331,2272,0
2026-08-23 07:45:54.166352,6582,5339,1742,0
2026-08-23 07:45:54.166372,6635,5372,2433,0
2026-08-23 07:45:54.166392,6553,5290,495,0
2026-08-23 07:45:54.166412,6576,5433,2186,0
2026-08-23 07:45:54.166432,6674,5475,2791,0
2026-08-23 07:45:54.166452,6609,5450,2496,0
2026-08-23 07:45:54.166472,6532,5219,0,0
2026-08-23 07:45:54.187155,6628,4759,2715,0
2026-08-23 07:45:54.187175,6621,4929,2574,0
2026-08-23 07:45:54.187195,6706,5144,2713,0
2026-08-23 07:45:54.187215,6618,5222,2466,0
2026-08-23 07:45:54.187235,6695,5254,2242,0
2026-08-23 07:45:54.187255,6566,5262,1414,0
2026-08-23 07:45:54.187275,6626,5346,2436,0
2026-08-23 07:45:54.187295,6515,5225,0,0
2026-08-23 07:45:54.187315,6581,5396,2231,0
2026-08-23 07:45:54.187335,6680,5446,2654,0
2026-08-23 07:45:54.187355,6632,5420,2584,0
2026-08-23 07:45:54.187375,6702,5434,2679,0
2026-08-23 07:45:54.187395,6618,5406,2410,0
2026-08-23 07:45:54.208022,6631,4797,2546,0
2026-08-23 07:45:54.208042,6698,4967,2594,0
2026-08-23 07:45:54.208062,6615,5065,2408,0
2026-08-23 07:45:54.208082,6682,5174,2188,0
2026-08-23 07:45:54.208102,6549,5133,348,0
2026-08-23 07:45:54.208122,6595,5317,2385,0
2026-08-23 07:45:54.208142,6608,5303,0,0
2026-08-23 07:45:54.208162,6589,5360,2194,0
2026-08-23 07:45:54.208182,6680,5414,2639,0
2026-08-23 07:45:54.208202,6609,5448,2512,0
2026-08-23 07:45:54.208222,6703,5441,2649,0
2026-08-23 07:45:54.208242,6619,5415,2411,0
2026-08-23 07:45:54.208262,6699,5419,2482,0
2026-08-23 07:45:54.229096,6626,4800,2828,0
2026-08-23 07:45:54.229116,6622,4952,2338,0
2026-08-23 07:45:54.229136,6684,5067,2414,0
2026-08-23 07:45:54.229156,6608,5162,2269,0
2026-08-23 07:45:54.229176,6688,5261,2471,0
2026-08-23 07:45:54.229196,6600,5309,1931,0
2026-08-23 07:45:54.229216,6664,5330,2155,0
2026-08-23 07:45:54.229236,6600,5284,428,0
2026-08-23 07:45:54.229256,6593,5351,2443,0
2026-08-23 07:45:54.229276,6708,5497,2651,0
2026-08-23 07:45:54.229296,6621,5400,2342,0
2026-08-23 07:45:54.229316,6692,5424,2480,0
2026-08-23 07:45:54.229336,6622,5411,2482,0
2026-08-23 07:45:54.250271,6618,4750,2380,0
2026-08-23 07:45:54.250291,6691,4955,2384,0
2026-08-23 07:45:54.250311,6613,5041,2295,0
2026-08-23 07:45:54.250331,6681,5190,2476,0
2026-08-23 07:45:54.250351,6585,5179,1482,0
2026-08-23 07:45:54.250371,6618,5322,2198,0
2026-08-23 07:45:54.250391,6691,5380,1963,0
2026-08-23 07:45:54.250412,6618,5405,2546,0
2026-08-23 07:45:54.250431,6710,5414,2751,0
2026-08-23 07:45:54.250451,6619,5407,2474,0
2026-08-23 07:45:54.250471,6703,5437,2254,0
2026-08-23 07:45:54.250491,6600,5413,1983,0
2026-08-23 07:45:54.250511,6611,5412,2463,0
2026-08-23 07:45:54.271105,6605,4762,2264,0
2026-08-23 07:45:54.271125,6599,4884,1848,0
2026-08-23 07:45:54.271145,6636,5077,2456,0
2026-08-23 07:45:54.271165,6544,5136,1078,0
2026-08-23 07:45:54.271185,6614,5268,2170,0
2026-08-23 07:45:54.271205,6564,5047,0,0
2026-08-23 07:45:54.271225,6582,5314,2534,0
2026-08-23 07:45:54.271245,6690,5410,2869,0
2026-08-23 07:45:54.271265,6620,5405,2363,0
2026-08-23 07:45:54.271285,6682,5435,2343,0
2026-08-23 07:45:54.271305,6612,5384,2149,0
2026-08-23 07:45:54.271325,6675,5451,2500,0
2026-08-23 07:45:54.271345,6614,5387,2277,0
2026-08-23 07:45:54.292061,6622,4720,2152,0
2026-08-23 07:45:54.292081,6678,4926,2463,0
2026-08-23 07:45:54.292101,6582,5034,1811,0
2026-08-23 07:45:54.292121,6638,5171,2145,0
2026-08-23 07:45:54.292141,6529,5148,69,0
2026-08-23 07:45:54.292161,6593,5321,2449,0
2026-08-23 07:45:54.292181,6704,5388,3053,0
2026-08-23 07:45:54.292201,6622,5372,2350,0
2026-08-23 07:45:54.292221,6689,5386,2405,0
2026-08-23 07:45:54.292241,6609,5388,2288,0
2026-08-23 07:45:54.292261,6687,5473,2459,0
2026-08-23 07:45:54.292281,6605,5440,2084,0
2026-08-23 07:45:54.292301,6667,5448,2232,0
2026-08-23 07:45:54.312813,6624,4760,2434,0
2026-08-23 07:45:54.312833,6584,4868,1237,0
2026-08-23 07:45:54.312853,6606,5063,2182,0
2026-08-23 07:45:54.312873,6688,5210,2866,0
2026-08-23 07:45:54.312893,6664,5295,2540,0
2026-08-23 07:45:54.312913,6714,5336,2738,0
2026-08-23 07:45:54.312933,6621,5354,2482,0
2026-08-23 07:45:54.312953,6691,5410,2248,0
2026-08-23 07:45:54.312973,6584,5332,1357,0
2026-08-23 07:45:54.312993,6621,5449,2432,0
2026-08-23 07:45:54.313013,6546,5236,0,0
2026-08-23 07:45:54.313033,6587,5370,2225,0
2026-08-23 07:45:54.313053,6526,5183,0,0
2026-08-23 07:45:54.333903,6628,4783,2728,0
2026-08-23 07:45:54.333923,6611,4956,2372,0
2026-08-23 07:45:54.333943,6695,5096,2279,0
2026-08-23 07:45:54.333963,6615,5193,2225,0
2026-08-23 07:45:54.333983,6690,5265,2438,0
2026-08-23 07:45:54.334003,6583,5232,1238,0
2026-08-23 07:45:54.334023,6477,5366,2228,0
2026-08-23 07:45:54.334043,6689,5402,2702,0
2026-08-23 07:45:54.334063,6611,5441,2465,0
2026-08-23 07:45:54.334083,6694,5426,2635,0
2026-08-23 07:45:54.334103,6616,5402,2316,0
2026-08-23 07:45:54.334123,6686,5417,2253,0
2026-08-23 07:45:54.334143,6620,5413,2483,0
2026-08-23 07:45:54.354604,6617,4725,2453,0
2026-08-23 07:45:54.354624,6681,4962,2311,0
2026-08-23 07:45:54.354644,6615,5096,2459,0
2026-08-23 07:45:54.354664,6695,5190,2446,0
2026-08-23 07:45:54.354684,6610,5245,2224,0
2026-08-23 07:45:54.354704,6673,5348,2159,0
2026-08-23 07:45:54.354724,6545,5093,0,0
2026-08-23 07:45:54.354744,6589,5362,2419,0
2026-08-23 07:45:54.354764,6704,5429,2971,0
2026-08-23 07:45:54.354784,6618,5370,2257,0
2026-08-23 07:45:54.354804,6677,5412,2416,0
2026-08-23 07:45:54.354824,6627,5403,2525,0
2026-08-23 07:45:54.354844,6706,5427,2735,0
2026-08-23 07:45:54.373600,6639,4747,2548,0
2026-08-23 07:45:54.373620,6621,4928,2522,0
2026-08-23 07:45:54.373640,6698,5081,2636,0
2026-08-23 07:45:54.373660,6629,5215,2457,0
2026-08-23 07:45:54.373680,6693,5249,2225,0
2026-08-23 07:45:54.373700,6597,5288,1649,0
2026-08-23 07:45:54.373720,6630,5346,2376,0
2026-08-23 07:45:54.373739,6555,5301,655,0
2026-08-23 07:45:54.373760,6591,5412,2150,0
2026-08-23 07:45:54.373780,6676,5425,707,0
2026-08-23 07:45:54.373800,6554,5427,2443,0
2026-08-23 07:45:54.373820,6531,5228,0,0
2026-08-23 07:45:54.391993,6613,4841,2179,0
2026-08-23 07:45:54.392013,6596,4947,1822,0
2026-08-23 07:45:54.392033,6632,5168,2410,0
2026-08-23 07:45:54.392053,6567,5150,1063,0
2026-08-23 07:45:54.392073,6602,5283,2200,0
2026-08-23 07:45:54.392093,6675,5354,2749,0
2026-08-23 07:45:54.392113,6621,5364,2425,0
2026-08-23 07:45:54.392133,6700,5410,2743,0
2026-08-23 07:45:54.392153,6617,5424,2319,0
2026-08-23 07:45:54.392173,6681,5440,2278,0
2026-08-23 07:45:54.392193,6623,5434,2535,0
2026-08-23 07:45:54.392213,6731,5529,1969,0
2026-08-23 07:45:54.410511,6618,4904,2287,0
2026-08-23 07:45:54.410531,6663,5018,2203,0
2026-08-23 07:45:54.410551,6606,5151,1940,0
2026-08-23 07:45:54.410571,6662,5271,2429,0
2026-08-23 07:45:54.410591,6577,5208,960,0
2026-08-23 07:45:54.410611,6600,5363,2214,0
2026-08-23 07:45:54.410631,6692,5383,2664,0
2026-08-23 07:45:54.410650,6625,5422,2500,0
2026-08-23 07:45:54.410671,6698,5446,2652,0
2026-08-23 07:45:54.410691,6613,5407,2331,0
2026-08-23 07:45:54.410711,6685,5455,2279,0
2026-08-23 07:45:54.410731,6624,5421,2545,0
2026-08-23 07:45:54.429678,6613,4902,2422,0
2026-08-23 07:45:54.429698,6565,4950,811,0
2026-08-23 07:45:54.429718,6597,5197,2442,0
2026-08-23 07:45:54.429738,6696,5252,2831,0
2026-08-23 07:45:54.429758,6633,5298,2525,0
2026-08-23 07:45:54.429778,6701,5366,2747,0
2026-08-23 07:45:54.429798,6631,5383,2458,0
2026-08-23 07:45:54.429818,6697,5384,2266,0
2026-08-23 07:45:54.429838,6592,5393,1825,0
2026-08-23 07:45:54.429858,6666,5452,2403,0
2026-08-23 07:45:54.429878,6581,5389,1474,0
2026-08-23 07:45:54.429898,6620,5400,2145,0
2026-08-23 07:45:54.448351,6621,4882,2405,0
2026-08-23 07:45:54.448371,6695,5022,2483,0
2026-08-23 07:45:54.448391,6617,5162,2235,0
2026-08-23 07:45:54.448411,6679,5252,2187,0
2026-08-23 07:45:54.448431,6596,5252,1900,0
2026-08-23 07:45:54.448451,6663,5347,2376,0
2026-08-23 07:45:54.448471,6584,5308,1387,0
2026-08-23 07:45:54.448491,6611,5385,2155,0
2026-08-23 07:45:54.448511,6686,5481,2850,0
2026-08-23 07:45:54.448531,6614,5460,2387,0
2026-08-23 07:45:54.448551,6694,5499,2976,0
2026-08-23 07:45:54.448571,6618,5420,2141,0
2026-08-23 07:45:54.467276,6634,4819,2373,0
2026-08-23 07:45:54.467296,6684,5052,2542,0
2026-08-23 07:45:54.467316,6621,5106,2208,0
2026-08-23 07:45:54.467336,6680,5212,2207,0
2026-08-23 07:45:54.467356,6593,5296,2193,0
2026-08-23 07:45:54.467376,6672,5338,2392,0
2026-08-23 07:45:54.467396,6593,5340,1930,0
2026-08-23 07:45:54.467416,6640,5417,2131,0
2026-08-23 07:45:54.467436,6586,5314,0,0
2026-08-23 07:45:54.467456,6596,5453,2404,0
2026-08-23 07:45:54.467476,6709,5462,3637,0
2026-08-23 07:45:54.467496,6631,5435,2152,0
2026-08-23 07:45:54.486424,6603,4859,1914,0
2026-08-23 07:45:54.486444,6663,5038,2416,0
2026-08-23 07:45:54.486464,6591,5136,1556,0
2026-08-23 07:45:54.486484,6620,5255,2150,0
2026-08-23 07:45:54.486504,6509,5155,0,0
2026-08-23 07:45:54.486524,6594,5362,2444,0
2026-08-23 07:45:54.486544,6693,5407,2963,0
2026-08-23 07:45:54.486564,6615,5422,2341,0
2026-08-23 07:45:54.486584,6682,5448,2428,0
2026-08-23 07:45:54.486604,6609,5407,2302,0
2026-08-23 07:45:54.486624,6685,5439,2510,0
2026-08-23 07:45:54.486644,6612,5401,2281,0
2026-08-23 07:45:54.507165,6641,4910,2993,0
2026-08-23 07:45:54.507185,6625,5004,2405,0
2026-08-23 07:45:54.507205,6690,5198,2838,0
2026-08-23 07:45:54.507225,6611,5213,2260,0
2026-08-23 07:45:54.507245,6687,5315,2354,0
2026-08-23 07:45:54.507265,6619,5326,2464,0
2026-08-23 07:45:54.507285,6698,5377,2476,0
2026-08-23 07:45:54.507305,6613,5376,2362,0
2026-08-23 07:45:54.507325,6680,5422,2145,0
2026-08-23 07:45:54.507345,6545,5299,442,0
2026-08-23 07:45:54.507365,6587,5432,2204,0
2026-08-23 07:45:54.507385,6549,5331,193,0
2026-08-23 07:45:54.507405,6594,5418,2121,0
2026-08-23 07:45:54.527962,6613,4769,2409,0
2026-08-23 07:45:54.527982,6589,4926,1482,0
2026-08-23 07:45:54.528002,6621,5103,2158,0
2026-08-23 07:45:54.528022,6504,5003,0,0
2026-08-23 07:45:54.528042,6594,5267,2460,0
2026-08-23 07:45:54.528062,6703,5343,2899,0
2026-08-23 07:45:54.528082,6625,5350,2367,0
2026-08-23 07:45:54.528102,6685,5407,2342,0
2026-08-23 07:45:54.528122,6616,5387,2287,0
2026-08-23 07:45:54.528142,6688,5410,2454,0
2026-08-23 07:45:54.528162,6589,5419,1851,0
2026-08-23 07:45:54.528182,6642,5411,2167,0
2026-08-23 07:45:54.528202,6605,5416,1929,0
2026-08-23 07:45:54.549046,6604,4749,1686,0
2026-08-23 07:45:54.549066,6618,4968,2164,0
2026-08-23 07:45:54.549086,6532,4969,77,0
2026-08-23 07:45:54.549106,6593,5223,2461,0
2026-08-23 07:45:54.549126,6698,5305,2990,0
2026-08-23 07:45:54.549146,6619,5313,2328,0
2026-08-23 07:45:54.549166,6688,5371,2433,0
2026-08-23 07:45:54.549186,6601,5367,2289,0
2026-08-23 07:45:54.549206,6688,5447,2484,0
2026-08-23 07:45:54.549226,6596,5407,1909,0
2026-08-23 07:45:54.549246,6641,5423,2171,0
2026-08-23 07:45:54.549266,6587,5385,1333,0
2026-08-23 07:45:54.549286,6618,5449,2409,0
2026-08-23 07:45:54.569990,6610,4775,2167,0
2026-08-23 07:45:54.570010,6602,4903,1931,0
2026-08-23 07:45:54.570030,6664,5107,2394,0
2026-08-23 07:45:54.570050,6571,5097,1269,0
2026-08-23 07:45:54.570070,6604,5268,2194,0
2026-08-23 07:45:54.570090,6691,5370,2819,0
2026-08-23 07:45:54.570110,6622,5398,2429,0
2026-08-23 07:45:54.570130,6711,5404,2799,0
2026-08-23 07:45:54.570150,6614,5416,2279,0
2026-08-23 07:45:54.570170,6683,5409,2349,0
2026-08-23 07:45:54.570190,6606,5449,2444,0
2026-08-23 07:45:54.570210,6691,5431,2472,0
2026-08-23 07:45:54.570230,6615,5410,2452,0
2026-08-23 07:45:54.590911,6622,4770,2534,0
2026-08-23 07:45:54.590931,6714,4977,2720,0
2026-08-23 07:45:54.590951,6617,5096,2478,0
2026-08-23 07:45:54.590971,6706,5203,2248,0
2026-08-23 07:45:54.590991,6578,5223,1559,0
2026-08-23 07:45:54.591012,6614,5308,2390,0
2026-08-23 07:45:54.591032,6524,5232,0,0
2026-08-23 07:45:54.591052,6567,5371,2217,0
2026-08-23 07:45:54.591071,6685,5431,2675,0
2026-08-23 07:45:54.591091,6618,5456,2597,0
2026-08-23 07:45:54.591111,6696,5440,2627,0
2026-08-23 07:45:54.591131,6621,5454,2496,0
2026-08-23 07:45:54.591151,6700,5437,2395,0
2026-08-23 07:45:54.611931,6632,4760,2535,0
2026-08-23 07:45:54.611951,6604,4937,2479,0
2026-08-23 07:45:54.611971,6693,5079,2196,0
2026-08-23 07:45:54.611991,6550,5027,178,0
2026-08-23 07:45:54.612011,6600,5271,2414,0
2026-08-23 07:45:54.612031,6700,5367,3136,0
2026-08-23 07:45:54.612051,6698,5382,2243,0
2026-08-23 07:45:54.612072,6683,5423,2530,0
2026-08-23 07:45:54.612091,6613,5408,2548,0
2026-08-23 07:45:54.612111,6708,5419,2575,0
2026-08-23 07:45:54.612131,6620,5454,2441,0
2026-08-23 07:45:54.612151,6693,5440,2218,0
2026-08-23 07:45:54.612171,6617,5375,2298,0
2026-08-23 07:45:54.632862,6618,4774,2398,0
2026-08-23 07:45:54.632882,6690,4948,2298,0
2026-08-23 07:45:54.632902,6606,5074,2236,0
2026-08-23 07:45:54.632922,6671,5182,2453,0
2026-08-23 07:45:54.632942,6601,5218,1962,0
2026-08-23 07:45:54.632962,6635,5337,2143,0
2026-08-23 07:45:54.632982,6572,5270,998,0
2026-08-23 07:45:54.633002,6599,5410,2405,0
2026-08-23 07:45:54.633022,6535,5251,0,0
2026-08-23 07:45:54.633042,6593,5396,2221,0
2026-08-23 07:45:54.633062,6684,5494,2618,0
2026-08-23 07:45:54.633082,6617,5431,2429,0
2026-08-23 07:45:54.633102,6711,5481,2623,0
2026-08-23 07:45:54.653880,6663,4809,2695,0
2026-08-23 07:45:54.653900,6628,5003,2446,0
2026-08-23 07:45:54.653920,6699,5106,2749,0
2026-08-23 07:45:54.653940,6615,5161,2322,0
2026-08-23 07:45:54.653960,6684,5262,2268,0
2026-08-23 07:45:54.653980,6611,5324,2300,0
2026-08-23 07:45:54.654000,6684,5381,2404,0
2026-08-23 07:45:54.654020,6614,5343,1787,0
2026-08-23 07:45:54.654040,6631,5417,2177,0
2026-08-23 07:45:54.654060,6698,5448,2842,0
2026-08-23 07:45:54.654080,6625,5422,2457,0
2026-08-23 07:45:54.654100,6715,5456,2890,0
2026-08-23 07:45:54.654120,6624,5405,2240,0
2026-08-23 07:45:54.674608,6622,4769,2428,0
2026-08-23 07:45:54.674628,6753,4990,908,0
2026-08-23 07:45:54.674648,6586,5049,2206,0
2026-08-23 07:45:54.674668,6684,5198,2600,0
2026-08-23 07:45:54.674688,6619,5251,2534,0
2026-08-23 07:45:54.674708,6708,5327,2609,0
2026-08-23 07:45:54.674728,6621,5343,2455,0
2026-08-23 07:45:54.674748,6683,5402,2216,0
2026-08-23 07:45:54.674768,6577,5373,1263,0
2026-08-23 07:45:54.674788,6617,5445,2413,0
2026-08-23 07:45:54.674808,6524,5288,0,0
2026-08-23 07:45:54.674828,6593,5392,2121,0
2026-08-23 07:45:54.674848,6543,5313,148,0
2026-08-23 07:45:54.695547,6606,4719,174,0
2026-08-23 07:45:54.695567,6591,4924,2187,0
2026-08-23 07:45:54.695587,6678,5101,2708,0
2026-08-23 07:45:54.695607,6627,5212,2496,0
2026-08-23 07:45:54.695627,6692,5318,2700,0
2026-08-23 07:45:54.695647,6625,5337,2434,0
2026-08-23 07:45:54.695667,6694,5373,2269,0
2026-08-23 07:45:54.695687,6590,5333,1828,0
2026-08-23 07:45:54.695707,6631,5426,2410,0
2026-08-23 07:45:54.695727,6574,5324,1087,0
2026-08-23 07:45:54.695747,6602,5403,2142,0
2026-08-23 07:45:54.695767,6543,5291,251,0
2026-08-23 07:45:54.695787,6602,5408,2410,0
2026-08-23 07:45:54.716508,6617,4791,2160,0
2026-08-23 07:45:54.716528,6592,4883,1562,0
2026-08-23 07:45:54.716548,6632,5160,2394,0
2026-08-23 07:45:54.716568,6553,5089,220,0
2026-08-23 07:45:54.716588,6587,5284,2232,0
2026-08-23 07:45:54.716608,6688,5343,2677,0
2026-08-23 07:45:54.716628,6608,5379,2450,0
2026-08-23 07:45:54.716648,6695,5429,2620,0
2026-08-23 07:45:54.716668,6618,5388,2277,0
2026-08-23 07:45:54.716688,6677,5457,2208,0
2026-08-23 07:45:54.716708,6604,5394,1972,0
2026-08-23 07:45:54.716728,6637,5472,2411,0
2026-08-23 07:45:54.716748,6620,5409,2228,0
2026-08-23 07:45:54.737542,6600,4740,1663,0
2026-08-23 07:45:54.737562,6625,4963,2414,0
2026-08-23 07:45:54.737582,6558,4989,459,0
2026-08-23 07:45:54.737602,6591,5213,2258,0
2026-08-23 07:45:54.737622,6688,5275,2611,0
2026-08-23 07:45:54.737642,6621,5310,2438,0
2026-08-23 07:45:54.737662,6702,5408,2597,0
2026-08-23 07:45:54.737682,6609,5360,2255,0
2026-08-23 07:45:54.737702,6682,5391,2195,0
2026-08-23 07:45:54.737722,6589,5377,1465,0
2026-08-23 07:45:54.737742,6611,5464,2429,0
2026-08-23 07:45:54.737762,6563,5363,786,0
2026-08-23 07:45:54.737782,6602,5399,2185,0
2026-08-23 07:45:54.758381,6616,4747,2425,0
2026-08-23 07:45:54.758401,6607,4934,2001,0
2026-08-23 07:45:54.758421,6642,5049,2162,0
2026-08-23 07:45:54.758441,6576,5036,0,0
2026-08-23 07:45:54.758461,6590,5303,2392,0
2026-08-23 07:45:54.758482,6704,5372,3015,0
2026-08-23 07:45:54.758502,6618,5356,2206,0
2026-08-23 07:45:54.758522,6689,5415,2527,0
2026-08-23 07:45:54.758541,6616,5421,2505,0
2026-08-23 07:45:54.758561,6705,5466,2592,0
2026-08-23 07:45:54.758581,6609,5451,2414,0
2026-08-23 07:45:54.758601,6695,5421,2248,0
2026-08-23 07:45:54.758621,6615,5390,2270,0
2026-08-23 07:45:54.779213,6618,4749,2389,0
2026-08-23 07:45:54.779233,6690,4972,2360,0
2026-08-23 07:45:54.779253,6610,5056,2196,0
2026-08-23 07:45:54.779274,6681,5192,2451,0
2026-08-23 07:45:54.779294,6608,5215,1794,0
2026-08-23 07:45:54.779314,6636,5330,2136,0
2026-08-23 07:45:54.779334,6553,5269,402,0
2026-08-23 07:45:54.779354,6599,5394,2407,0
2026-08-23 07:45:54.779373,6593,5230,0,0
2026-08-23 07:45:54.779393,6609,5369,2269,0
2026-08-23 07:45:54.779413,6688,5450,2498,0
2026-08-23 07:45:54.779433,6619,5403,2446,0
2026-08-23 07:45:54.779454,6711,5427,2833,0
2026-08-23 07:45:54.800342,6629,4793,2538,0
2026-08-23 07:45:54.800362,6617,4936,2458,0
2026-08-23 07:45:54.800382,6706,5142,2622,0
2026-08-23 07:45:54.800402,6609,5194,2298,0
2026-08-23 07:45:54.800422,6671,5291,2209,0
2026-08-23 07:45:54.800442,6603,5265,1892,0
2026-08-23 07:45:54.800462,6637,5353,2409,0
2026-08-23 07:45:54.800482,6575,5282,801,0
2026-08-23 07:45:54.800502,6592,5438,2228,0
2026-08-23 07:45:54.800522,6691,5440,2662,0
2026-08-23 07:45:54.800542,6627,5420,2446,0
2026-08-23 07:45:54.800562,6704,5469,2751,0
2026-08-23 07:45:54.800582,6619,5429,2275,0
2026-08-23 07:45:54.821397,6621,4788,2440,0
2026-08-23 07:45:54.821417,6699,4991,2812,0
2026-08-23 07:45:54.821437,6611,5089,2303,0
2026-08-23 07:45:54.821457,6689,5184,2319,0
2026-08-23 07:45:54.821477,6622,5238,2396,0
2026-08-23 07:45:54.821497,6693,5316,2439,0
2026-08-23 07:45:54.821517,6559,5356,2028,0
2026-08-23 07:45:54.821537,6670,5368,2172,0
2026-08-23 07:45:54.821557,6700,5459,2929,0
2026-08-23 07:45:54.821577,6623,5429,2408,0
2026-08-23 07:45:54.821597,6712,5487,2924,0
2026-08-23 07:45:54.821617,6626,5431,2236,0
2026-08-23 07:45:54.821637,6692,5424,2709,0
2026-08-23 07:45:54.842230,6568,4586,168,0
2026-08-23 07:45:54.842250,6591,4943,2145,0
2026-08-23 07:45:54.842270,6550,4826,0,0
2026-08-23 07:45:54.842290,6591,5173,2453,0
2026-08-23 07:45:54.842310,6689,5263,2883,0
2026-08-23 07:45:54.842330,6627,5314,2324,0
2026-08-23 07:45:54.842350,6684,5373,2374,0
2026-08-23 07:45:54.842370,6618,5346,2362,0
2026-08-23 07:45:54.842390,6690,5397,2447,0
2026-08-23 07:45:54.842410,6598,5414,2010,0
2026-08-23 07:45:54.842430,6640,5435,2138,0
2026-08-23 07:45:54.842450,6599,5369,1757,0
2026-08-23 07:45:54.842470,6635,5399,2441,0
2026-08-23 07:45:54.863189,6622,4745,2178,0
2026-08-23 07:45:54.863209,6591,4887,1505,0
2026-08-23 07:45:54.863229,6626,5099,2400,0
2026-08-23 07:45:54.863249,6565,5135,433,0
2026-08-23 07:45:54.863269,6600,5295,2145,0
2026-08-23 07:45:54.863289,6695,5369,2648,0
2026-08-23 07:45:54.863309,6622,5361,2414,0
2026-08-23 07:45:54.863329,6703,5426,2665,0
2026-08-23 07:45:54.863348,6621,5376,2292,0
2026-08-23 07:45:54.863369,6686,5425,2252,0
2026-08-23 07:45:54.863389,6614,5433,2375,0
2026-08-23 07:45:54.863409,6697,5451,2455,0
2026-08-23 07:45:54.863429,6624,5426,2422,0
2026-08-23 07:45:54.884026,6623,4727,2455,0
2026-08-23 07:45:54.884046,6693,4956,2868,0
2026-08-23 07:45:54.884066,6624,5084,2266,0
2026-08-23 07:45:54.884086,6697,5204,2382,0
2026-08-23 07:45:54.884106,6610,5274,2271,0
2026-08-23 07:45:54.884126,6689,5320,2458,0
2026-08-23 07:45:54.884146,6607,5341,2059,0
2026-08-23 07:45:54.884166,6665,5396,2156,0
2026-08-23 07:45:54.884186,6590,5311,1241,0
2026-08-23 07:45:54.884206,6611,5451,2408,0
2026-08-23 07:45:54.884226,6545,5290,0,0
2026-08-23 07:45:54.884246,6593,5455,2192,0
2026-08-23 07:45:54.884266,6507,5206,0,0
2026-08-23 07:45:54.904629,6515,4581,0,0
2026-08-23 07:45:54.904649,6591,4943,2272,0
2026-08-23 07:45:54.904669,6685,5072,2538,0
2026-08-23 07:45:54.904689,6630,5176,2432,0
2026-08-23 07:45:54.904709,6704,5310,2546,0
2026-08-23 07:45:54.904729,6617,5289,2231,0
2026-08-23 07:45:54.904749,6687,5344,2177,0
2026-08-23 07:45:54.904769,6577,5298,1036,0
2026-08-23 07:45:54.904789,6603,5438,2455,0
2026-08-23 07:45:54.904809,6609,5267,0,0
2026-08-23 07:45:54.904829,6607,5418,2328,0
2026-08-23 07:45:54.904849,6693,5415,2571,0
2026-08-23 07:45:54.904869,6638,5430,2484,0
2026-08-23 07:45:54.925630,6627,4797,2385,0
2026-08-23 07:45:54.925650,6698,4991,2306,0
2026-08-23 07:45:54.925670,6602,5058,2130,0
2026-08-23 07:45:54.925690,6673,5241,2433,0
2026-08-23 07:45:54.925710,6594,5262,1706,0
2026-08-23 07:45:54.925730,6635,5343,2148,0
2026-08-23 07:45:54.925750,6552,5237,259,0
2026-08-23 07:45:54.925771,6531,5390,2411,0
2026-08-23 07:45:54.925790,6578,5223,0,0
2026-08-23 07:45:54.925810,6597,5374,2273,0
2026-08-23 07:45:54.925830,6686,5407,2524,0
2026-08-23 07:45:54.925850,6622,5441,2416,0
2026-08-23 07:45:54.925870,6702,5429,2839,0
2026-08-23 07:45:54.946189,6665,4782,2782,0
2026-08-23 07:45:54.946209,6624,4917,2405,0
2026-08-23 07:45:54.946229,6718,5139,2859,0
2026-08-23 07:45:54.946249,6617,5176,2259,0
2026-08-23 07:45:54.946269,6685,5281,2359,0
2026-08-23 07:45:54.946289,6621,5310,2454,0
2026-08-23 07:45:54.946309,6704,5399,2461,0
2026-08-23 07:45:54.946329,6617,5373,2349,0
2026-08-23 07:45:54.946349,6697,5391,2162,0
2026-08-23 07:45:54.946369,6521,5290,0,0
2026-08-23 07:45:54.946389,6588,5456,2388,0
2026-08-23 07:45:54.946409,6523,5274,0,0
2026-08-23 07:45:54.946429,6605,5385,2140,0
2026-08-23 07:45:54.967179,6627,4781,2431,0
2026-08-23 07:45:54.967199,6702,5034,3012,0
2026-08-23 07:45:54.967219,6624,5100,2261,0
2026-08-23 07:45:54.967239,6695,5217,2446,0
2026-08-23 07:45:54.967259,6619,5265,2576,0
2026-08-23 07:45:54.967279,6703,5373,2510,0
2026-08-23 07:45:54.967299,6615,5360,2417,0
2026-08-23 07:45:54.967319,6695,5373,2185,0
2026-08-23 07:45:54.967339,6518,5213,0,0
2026-08-23 07:45:54.967359,6593,5447,2439,0
2026-08-23 07:45:54.967379,6706,5460,3029,0
2026-08-23 07:45:54.967399,6625,5397,2225,0
2026-08-23 07:45:54.967419,6704,5444,2815,0
2026-08-23 07:45:54.988031,6627,4833,2977,0
2026-08-23 07:45:54.988051,6621,4975,2241,0
2026-08-23 07:45:54.988071,6674,5077,2494,0
2026-08-23 07:45:54.988091,6617,5233,2531,0
2026-08-23 07:45:54.988111,6701,5301,2548,0
2026-08-23 07:45:54.988131,6614,5344,2447,0
2026-08-23 07:45:54.988151,6693,5366,2180,0
2026-08-23 07:45:54.988171,6561,5254,632,0
2026-08-23 07:45:54.988191,6608,5402,2387,0
2026-08-23 07:45:54.988211,6526,5221,0,0
2026-08-23 07:45:54.988231,6592,5380,2179,0
2026-08-23 07:45:54.988251,6687,5424,2825,0
2026-08-23 07:45:54.988271,6623,5405,2431,0
2026-08-23 07:45:55.008873,6630,4734,2119,0
2026-08-23 07:45:55.008893,6530,4804,0,0
2026-08-23 07:45:55.008913,6593,5082,2413,0
2026-08-23 07:45:55.008933,6776,5258,970,0
2026-08-23 07:45:55.008953,6594,5260,2219,0
2026-08-23 07:45:55.008973,6688,5337,2487,0
2026-08-23 07:45:55.008993,6616,5335,2381,0
2026-08-23 07:45:55.009013,6699,5412,2543,0
2026-08-23 07:45:55.009033,6628,5414,2229,0
2026-08-23 07:45:55.009053,6684,5432,2192,0
2026-08-23 07:45:55.009073,6600,5383,1923,0
2026-08-23 07:45:55.009093,6668,5441,2414,0
2026-08-23 07:45:55.009113,6623,5400,2295,0
2026-08-23 07:45:55.030084,6603,4762,2147,0
2026-08-23 07:45:55.030104,6682,4954,2437,0
2026-08-23 07:45:55.030124,6598,5046,1704,0
2026-08-23 07:45:55.030144,6617,5211,2212,0
2026-08-23 07:45:55.030164,6687,5318,2778,0
2026-08-23 07:45:55.030184,6629,5317,2484,0
2026-08-23 07:45:55.030204,6695,5409,2686,0
2026-08-23 07:45:55.030224,6632,5379,2357,0
2026-08-23 07:45:55.030244,6697,5396,2248,0
2026-08-23 07:45:55.030264,6610,5390,2068,0
2026-08-23 07:45:55.030284,6671,5435,2441,0
2026-08-23 07:45:55.030304,6593,5383,1503,0
2026-08-23 07:45:55.030324,6629,5406,2187,0
2026-08-23 07:45:55.050868,6626,4744,2431,0
2026-08-23 07:45:55.050888,6599,4913,1810,0
2026-08-23 07:45:55.050908,6637,5046,2209,0
2026-08-23 07:45:55.050928,6695,5208,2855,0
2026-08-23 07:45:55.050948,6625,5241,2432,0
2026-08-23 07:45:55.050968,6710,5334,2802,0
2026-08-23 07:45:55.050988,6620,5375,2296,0
2026-08-23 07:45:55.051008,6677,5405,2303,0
2026-08-23 07:45:55.051028,6618,5385,2415,0
2026-08-23 07:45:55.051048,6705,5445,2422,0
2026-08-23 07:45:55.051068,6620,5419,2196,0
2026-08-23 07:45:55.051088,6679,5438,2144,0
2026-08-23 07:45:55.051108,6599,5368,1617,0
2026-08-23 07:45:55.071581,6624,4773,2387,0
2026-08-23 07:45:55.071601,6680,4930,2342,0
2026-08-23 07:45:55.071621,6618,5082,2261,0
2026-08-23 07:45:55.071641,6687,5218,2454,0
2026-08-23 07:45:55.071661,6616,5244,2079,0
2026-08-23 07:45:55.071681,6638,5289,2155,0
2026-08-23 07:45:55.071701,6585,5320,1342,0
2026-08-23 07:45:55.071721,6616,5380,2390,0
2026-08-23 07:45:55.071741,6560,5291,329,0
2026-08-23 07:45:55.071761,6594,5407,2169,0
2026-08-23 07:45:55.071781,6692,5447,2662,0
2026-08-23 07:45:55.071801,6620,5419,2422,0
2026-08-23 07:45:55.071821,6584,5301,1112,0
2026-08-23 07:45:55.092646,6624,4859,2209,0
2026-08-23 07:45:55.092666,6616,4999,2392,0
2026-08-23 07:45:55.092686,6687,5143,2503,0
2026-08-23 07:45:55.092706,6610,5184,2166,0
2026-08-23 07:45:55.092726,6679,5290,2158,0
2026-08-23 07:45:55.092746,6586,5275,1174,0
2026-08-23 07:45:55.092766,6609,5391,2421,0
2026-08-23 07:45:55.092786,6523,5234,0,0
2026-08-23 07:45:55.092806,6591,5414,2283,0
2026-08-23 07:45:55.092826,6691,5417,2504,0
2026-08-23 07:45:55.092846,6614,5446,2416,0
2026-08-23 07:45:55.092866,6700,5435,2625,0
2026-08-23 07:45:55.092886,6613,5428,2304,0
2026-08-23 07:45:55.113416,6624,4796,2408,0
2026-08-23 07:45:55.113436,6719,4953,2730,0
2026-08-23 07:45:55.113456,6620,5059,2273,0
2026-08-23 07:45:55.113476,6688,5211,2300,0
2026-08-23 07:45:55.113496,6756,5292,2408,0
2026-08-23 07:45:55.113516,6695,5309,2438,0
2026-08-23 07:45:55.113536,6616,5332,2282,0
2026-08-23 07:45:55.113556,6689,5374,2194,0
2026-08-23 07:45:55.113576,6545,5251,145,0
2026-08-23 07:45:55.113596,6600,5409,2354,0
2026-08-23 07:45:55.113616,6516,5227,0,0
2026-08-23 07:45:55.113636,6597,5392,2128,0
2026-08-23 07:45:55.113656,6551,5263,233,0
2026-08-23 07:45:55.134369,6676,4656,309,0
2026-08-23 07:45:55.134389,6597,4980,2137,0
2026-08-23 07:45:55.134409,6556,4890,0,0
2026-08-23 07:45:55.134429,6598,5173,2459,0
2026-08-23 07:45:55.134449,6704,5300,2884,0
2026-08-23 07:45:55.134469,6624,5293,2249,0
2026-08-23 07:45:55.134489,6688,5369,2365,0
2026-08-23 07:45:55.134509,6608,5378,2292,0
2026-08-23 07:45:55.134529,6693,5421,2461,0
2026-08-23 07:45:55.134549,6607,5401,2020,0
2026-08-23 07:45:55.134569,6667,5393,2152,0
2026-08-23 07:45:55.134589,6585,5397,1703,0
2026-08-23 07:45:55.134609,6628,5400,2441,0
2026-08-23 07:45:55.155466,6613,4789,2213,0
2026-08-23 07:45:55.155486,6619,4926,2293,0
2026-08-23 07:45:55.155506,6683,5085,2422,0
2026-08-23 07:45:55.155526,6595,5191,1745,0
2026-08-23 07:45:55.155546,6637,5290,2187,0
2026-08-23 07:45:55.155566,6694,5342,2855,0
2026-08-23 07:45:55.155586,6614,5341,2443,0
2026-08-23 07:45:55.155606,6705,5416,2798,0
2026-08-23 07:45:55.155626,6620,5412,2300,0
2026-08-23 07:45:55.155646,6689,5409,2325,0
2026-08-23 07:45:55.155666,6610,5418,2449,0
2026-08-23 07:45:55.155686,6699,5461,2478,0
2026-08-23 07:45:55.155706,6631,5447,2442,0
2026-08-23 07:45:55.176560,6617,4734,2457,0
2026-08-23 07:45:55.176580,6713,4979,2885,0
2026-08-23 07:45:55.176600,6628,5049,2302,0
2026-08-23 07:45:55.176620,6682,5191,2394,0
2026-08-23 07:45:55.176641,6609,5279,2314,0
2026-08-23 07:45:55.176661,6699,5307,2495,0
2026-08-23 07:45:55.176681,6616,5353,2157,0
2026-08-23 07:45:55.176701,6671,5398,2017,0
2026-08-23 07:45:55.176720,6597,5385,1801,0
2026-08-23 07:45:55.176740,6670,5410,2393,0
2026-08-23 07:45:55.176760,6589,5368,1374,0
2026-08-23 07:45:55.176780,6613,5409,2152,0
2026-08-23 07:45:55.176800,6582,5350,1132,0
2026-08-23 07:45:55.197467,6626,4743,2380,0
2026-08-23 07:45:55.197487,6691,4944,2313,0
2026-08-23 07:45:55.197507,6604,5043,2139,0
2026-08-23 07:45:55.197527,6688,5168,2437,0
2026-08-23 07:45:55.197547,6603,5247,1976,0
2026-08-23 07:45:55.197567,6671,5292,2135,0
2026-08-23 07:45:55.197587,6578,5302,1148,0
2026-08-23 07:45:55.197607,6617,5378,2433,0
2026-08-23 07:45:55.197627,6540,5298,0,0
2026-08-23 07:45:55.197647,6592,5413,2228,0
2026-08-23 07:45:55.197667,6690,5448,2626,0
2026-08-23 07:45:55.197687,6613,5462,2443,0
2026-08-23 07:45:55.197707,6714,5450,2889,0
2026-08-23 07:45:55.218191,6633,4816,2764,0
2026-08-23 07:45:55.218211,6631,4936,2424,0
2026-08-23 07:45:55.218231,6713,5095,2826,0
2026-08-23 07:45:55.218251,6620,5191,2293,0
2026-08-23 07:45:55.218271,6686,5297,2333,0
2026-08-23 07:45:55.218291,6623,5339,2475,0
2026-08-23 07:45:55.218311,6711,5383,2461,0
2026-08-23 07:45:55.218331,6626,5399,2296,0
2026-08-23 07:45:55.218351,6687,5411,2155,0
2026-08-23 07:45:55.218371,6515,5203,0,0
2026-08-23 07:45:55.218391,6599,5394,2399,0
2026-08-23 07:45:55.218411,6609,5315,0,0
2026-08-23 07:45:55.218431,6590,5413,2160,0
2026-08-23 07:45:55.239180,6631,4804,2387,0
2026-08-23 07:45:55.239200,6704,4976,3102,0
2026-08-23 07:45:55.239220,6618,5066,2201,0
2026-08-23 07:45:55.239240,6477,5197,2535,0
2026-08-23 07:45:55.239260,6627,5296,2505,0
2026-08-23 07:45:55.239280,6693,5368,2581,0
2026-08-23 07:45:55.239300,6623,5387,2425,0
2026-08-23 07:45:55.239320,6700,5374,2213,0
2026-08-23 07:45:55.239340,6582,5352,1723,0
2026-08-23 07:45:55.239360,6625,5424,2368,0
2026-08-23 07:45:55.239380,6586,5371,1351,0
2026-08-23 07:45:55.239400,6628,5448,2120,0
2026-08-23 07:45:55.239420,6611,5389,2105,0
2026-08-23 07:45:55.260333,6624,4731,2239,0
2026-08-23 07:45:55.260353,6685,4972,2488,0
2026-08-23 07:45:55.260373,6620,5076,2481,0
2026-08-23 07:45:55.260393,6699,5201,2549,0
2026-08-23 07:45:55.260413,6635,5252,2401,0
2026-08-23 07:45:55.260433,6696,5339,2209,0
2026-08-23 07:45:55.260453,6600,5314,1827,0
2026-08-23 07:45:55.260473,6668,5383,2378,0
2026-08-23 07:45:55.260493,6595,5375,1520,0
2026-08-23 07:45:55.260513,6616,5403,2103,0
2026-08-23 07:45:55.260533,6552,5325,272,0
2026-08-23 07:45:55.260553,6602,5439,2382,0
2026-08-23 07:45:55.260573,6606,5393,1674,0
2026-08-23 07:45:55.281297,6627,4742,2393,0
2026-08-23 07:45:55.281317,6687,4973,2454,0
2026-08-23 07:45:55.281337,6617,5098,2282,0
2026-08-23 07:45:55.281357,6682,5215,2173,0
2026-08-23 07:45:55.281377,6521,5086,0,0
2026-08-23 07:45:55.281397,6595,5333,2349,0
2026-08-23 07:45:55.281417,6706,5378,3088,0
2026-08-23 07:45:55.281437,6624,5378,2224,0
2026-08-23 07:45:55.281457,6681,5428,2488,0
2026-08-23 07:45:55.281477,6621,5421,2538,0
2026-08-23 07:45:55.281497,6707,5455,2550,0
2026-08-23 07:45:55.281517,6629,5414,2426,0
2026-08-23 07:45:55.281537,6697,5437,2432,0
2026-08-23 07:45:55.302460,6687,4896,1513,0
2026-08-23 07:45:55.302480,6593,4938,2209,0
2026-08-23 07:45:55.302500,6689,5056,2613,0
2026-08-23 07:45:55.302520,6628,5170,2374,0
2026-08-23 07:45:55.302540,6700,5259,2693,0
2026-08-23 07:45:55.302560,6627,5270,2235,0
2026-08-23 07:45:55.302580,6686,5345,2319,0
2026-08-23 07:45:55.302600,6619,5400,2437,0
2026-08-23 07:45:55.302620,6697,5438,2478,0
2026-08-23 07:45:55.302640,6626,5435,2387,0
2026-08-23 07:45:55.302660,6689,5415,2152,0
2026-08-23 07:45:55.302680,6603,5407,1886,0
2026-08-23 07:45:55.302700,6638,5408,2533,0
2026-08-23 07:45:55.323460,6631,4759,2821,0
2026-08-23 07:45:55.323480,6621,4916,2390,0
2026-08-23 07:45:55.323500,6703,5095,2888,0
2026-08-23 07:45:55.323520,6627,5172,2242,0
2026-08-23 07:45:55.323540,6693,5281,2405,0
2026-08-23 07:45:55.323560,6610,5302,2499,0
2026-08-23 07:45:55.323580,6707,5383,2504,0
2026-08-23 07:45:55.323600,6633,5414,2433,0
2026-08-23 07:45:55.323620,6695,5414,2168,0
2026-08-23 07:45:55.323640,6570,5359,975,0
2026-08-23 07:45:55.323660,6596,5457,2376,0
2026-08-23 07:45:55.323680,6571,5308,640,0
2026-08-23 07:45:55.323700,6610,5402,2080,0
2026-08-23 07:45:55.344667,6630,4779,2445,0
2026-08-23 07:45:55.344687,6603,4908,2182,0
2026-08-23 07:45:55.344707,6668,5049,2152,0
2026-08-23 07:45:55.344727,6595,5156,1558,0
2026-08-23 07:45:55.344747,6633,5260,2383,0
2026-08-23 07:45:55.344767,6574,5214,670,0
2026-08-23 07:45:55.344787,6611,5381,2197,0
2026-08-23 07:45:55.344807,6689,5434,2701,0
2026-08-23 07:45:55.344827,6616,5428,2422,0
2026-08-23 07:45:55.344847,6706,5438,2717,0
2026-08-23 07:45:55.344867,6617,5449,2293,0
2026-08-23 07:45:55.344887,6697,5424,2369,0
2026-08-23 07:45:55.344907,6624,5401,2486,0
2026-08-23 07:45:55.365696,6618,4721,2117,0
2026-08-23 07:45:55.365716,6543,4801,391,0
2026-08-23 07:45:55.365736,6605,5095,2380,0
2026-08-23 07:45:55.365756,6528,5008,0,0
2026-08-23 07:45:55.365776,6594,5281,2192,0
2026-08-23 07:45:55.365796,6696,5329,2662,0
2026-08-23 07:45:55.365816,6616,5371,2394,0
2026-08-23 07:45:55.365836,6697,5427,2691,0
2026-08-23 07:45:55.365856,6615,5413,2264,0
2026-08-23 07:45:55.365876,6690,5409,2297,0
2026-08-23 07:45:55.365896,6617,5396,2415,0
2026-08-23 07:45:55.365916,6689,5465,2494,0
2026-08-23 07:45:55.365936,6628,5428,2370,0
2026-08-23 07:45:55.386543,6632,4777,2421,0
2026-08-23 07:45:55.386563,6705,4961,2889,0
2026-08-23 07:45:55.386583,6625,5087,2220,0
2026-08-23 07:45:55.386603,6694,5177,2349,0
2026-08-23 07:45:55.386623,6618,5271,2296,0
2026-08-23 07:45:55.386643,6699,5348,2414,0
2026-08-23 07:45:55.386663,6612,5320,2022,0
2026-08-23 07:45:55.386683,6673,5359,2139,0
2026-08-23 07:45:55.386703,6583,5328,1331,0
2026-08-23 07:45:55.386723,6622,5451,2364,0
2026-08-23 07:45:55.386743,6547,5322,391,0
2026-08-23 07:45:55.386763,6592,5423,2186,0
2026-08-23 07:45:55.386783,6580,5251,0,0
2026-08-23 07:45:55.407398,6609,4710,1946,0
2026-08-23 07:45:55.407418,6640,4945,2291,0
2026-08-23 07:45:55.407438,6507,4841,0,0
2026-08-23 07:45:55.407458,6597,5172,2391,0
2026-08-23 07:45:55.407478,6712,5283,3051,0
2026-08-23 07:45:55.407498,6610,5310,2215,0
2026-08-23 07:45:55.407518,6689,5378,2539,0
2026-08-23 07:45:55.407538,6618,5379,2522,0
2026-08-23 07:45:55.407558,6493,5435,2591,0
2026-08-23 07:45:55.407578,6623,5445,2447,0
2026-08-23 07:45:55.407598,6698,5415,2193,0
2026-08-23 07:45:55.407618,6597,5387,1903,0
2026-08-23 07:45:55.407638,6683,5464,2448,0
2026-08-23 07:45:55.428264,6629,4794,2276,0
2026-08-23 07:45:55.428284,6609,4945,2162,0
2026-08-23 07:45:55.428304,6681,5095,2441,0
2026-08-23 07:45:55.428324,6600,5190,1767,0
2026-08-23 07:45:55.428344,6663,5284,2139,0
2026-08-23 07:45:55.428364,6545,5220,155,0
2026-08-23 07:45:55.428384,6598,5364,2431,0
2026-08-23 07:45:55.428404,6621,5341,0,0
2026-08-23 07:45:55.428424,6597,5392,2290,0
2026-08-23 07:45:55.428444,6686,5434,2475,0
2026-08-23 07:45:55.428464,6612,5442,2372,0
2026-08-23 07:45:55.428484,6700,5474,2647,0
2026-08-23 07:45:55.428504,6622,5383,2265,0
2026-08-23 07:45:55.448843,6617,4800,2381,0
2026-08-23 07:45:55.448863,6702,4956,2625,0
2026-08-23 07:45:55.448883,6629,5058,2275,0
2026-08-23 07:45:55.448903,6686,5214,2245,0
2026-08-23 07:45:55.448923,6603,5277,2214,0
2026-08-23 07:45:55.448943,6684,5318,2412,0
2026-08-23 07:45:55.448963,6605,5367,1995,0
2026-08-23 07:45:55.448983,6671,5363,2144,0
2026-08-23 07:45:55.449003,6558,5107,0,0
2026-08-23 07:45:55.449023,6594,5338,2377,0
2026-08-23 07:45:55.449043,6782,5426,3053,0
2026-08-23 07:45:55.449063,6616,5375,2177,0
2026-08-23 07:45:55.449083,6614,5328,0,0
2026-08-23 07:45:55.469678,6558,4646,0,0
2026-08-23 07:45:55.469698,6592,4927,2193,0
2026-08-23 07:45:55.469718,6687,5094,2658,0
2026-08-23 07:45:55.469738,6620,5238,2525,0
2026-08-23 07:45:55.469759,6722,5322,2682,0
2026-08-23 07:45:55.469779,6626,5346,2448,0
2026-08-23 07:45:55.469799,6699,5347,2242,0
2026-08-23 07:45:55.469819,6599,5339,1799,0
2026-08-23 07:45:55.469838,6666,5430,2387,0
2026-08-23 07:45:55.469858,6580,5319,845,0
2026-08-23 07:45:55.469878,6600,5415,2149,0
2026-08-23 07:45:55.469898,6514,5288,0,0
2026-08-23 07:45:55.469918,6602,5406,2425,0
2026-08-23 07:45:55.490606,6623,4801,2187,0
2026-08-23 07:45:55.490626,6684,5002,2792,0
2026-08-23 07:45:55.490646,6624,5062,2503,0
2026-08-23 07:45:55.490666,6711,5241,2732,0
2026-08-23 07:45:55.490686,6623,5261,2404,0
2026-08-23 07:45:55.490706,6695,5315,2277,0
2026-08-23 07:45:55.490726,6603,5326,2019,0
2026-08-23 07:45:55.490746,6675,5393,2391,0
2026-08-23 07:45:55.490766,6584,5343,1520,0
2026-08-23 07:45:55.490786,6627,5406,2135,0
2026-08-23 07:45:55.490806,6536,5277,0,0
2026-08-23 07:45:55.490826,6602,5432,2404,0
2026-08-23 07:45:55.490846,6626,5421,1942,0
2026-08-23 07:45:55.511257,6613,4759,2133,0
2026-08-23 07:45:55.511277,6681,4982,2399,0
2026-08-23 07:45:55.511297,6616,5082,2184,0
2026-08-23 07:45:55.511317,6677,5215,2138,0
2026-08-23 07:45:55.511337,6509,5078,0,0
2026-08-23 07:45:55.511357,6599,5309,2343,0
2026-08-23 07:45:55.511377,6604,5230,0,0
2026-08-23 07:45:55.511397,6594,5393,2140,0
2026-08-23 07:45:55.511417,6677,5424,2681,0
2026-08-23 07:45:55.511437,6620,5437,2481,0
2026-08-23 07:45:55.511457,6706,5446,2719,0
2026-08-23 07:45:55.511477,6635,5448,2326,0
2026-08-23 07:45:55.511497,6696,5460,2518,0
2026-08-23 07:45:57.053711,6608,4828,2809,0
2026-08-23 07:45:57.053731,6628,4946,2344,0
2026-08-23 07:45:57.053751,6685,5085,2369,0
2026-08-23 07:45:57.053771,6610,5186,2309,0
2026-08-23 07:45:57.053792,6698,5285,2456,0
2026-08-23 07:45:57.053811,6599,5286,2072,0
2026-08-23 07:45:57.053831,6666,5375,2160,0
2026-08-23 07:45:57.053851,6580,5334,1244,0
2026-08-23 07:45:57.053871,6620,5428,2407,0
2026-08-23 07:45:57.053891,6545,5274,0,0
2026-08-23 07:45:57.053911,6595,5419,2227,0
2026-08-23 07:45:57.053931,6695,5458,2631,0
2026-08-23 07:45:57.053952,6625,5468,2437,0
2026-08-23 07:45:57.053972,6703,5462,2646,0
2026-08-23 07:45:57.053991,6628,5427,2293,0
2026-08-23 07:45:57.054011,6680,5470,2217,0
2026-08-23 07:45:57.054031,6617,5438,2256,0
2026-08-23 07:45:57.054051,6683,5464,2389,0
2026-08-23 07:45:57.054071,6605,5460,1957,0
2026-08-23 07:45:57.054091,6667,5471,2143,0
2026-08-23 07:45:57.054111,6593,5351,0,0
2026-08-23 07:45:57.054132,6603,5438,2389,0
2026-08-23 07:45:57.054151,6701,5530,2997,0
2026-08-23 07:45:57.054171,6621,5472,2215,0
2026-08-23 07:45:57.054191,6693,5456,2507,0
2026-08-23 07:45:57.054211,6617,5488,2503,0
2026-08-23 07:45:57.054231,6703,5496,2601,0
2026-08-23 07:45:57.054251,6621,5478,2420,0
2026-08-23 07:45:57.054271,6695,5441,2196,0
2026-08-23 07:45:57.054291,6592,5441,1799,0
2026-08-23 07:45:57.054312,6636,5479,2389,0
2026-08-23 07:45:57.054331,6579,5380,1398,0
2026-08-23 07:45:57.054351,6623,5440,2103,0
2026-08-23 07:45:57.054371,6540,5312,83,0
2026-08-23 07:45:57.054391,6594,5462,2397,0
2026-08-23 07:45:57.054411,6538,5290,0,0
2026-08-23 07:45:57.054431,6585,5448,2223,0
2026-08-23 07:45:57.054451,6702,5500,2598,0
2026-08-23 07:45:57.054471,6616,5470,2377,0
2026-08-23 07:45:57.054492,6702,5499,2667,0
2026-08-23 07:45:57.054511,6618,5478,2271,0
2026-08-23 07:45:57.054531,6686,5443,2267,0
2026-08-23 07:45:57.054551,6612,5478,2405,0
2026-08-23 07:45:57.054571,6694,5497,2421,0
2026-08-23 07:45:57.054591,6619,5480,2355,0
2026-08-23 07:45:57.054611,6700,5443,2118,0
2026-08-23 07:45:57.054631,6567,5399,874,0
2026-08-23 07:45:57.054651,6598,5486,2333,0
2026-08-23 07:45:57.054672,6561,5331,330,0
2026-08-23 07:45:57.054691,6594,5443,2122,0
2026-08-23 07:45:57.054711,6526,5225,0,0
2026-08-23 07:45:57.054731,6596,5454,2350,0
2026-08-23 07:45:57.054751,6704,5482,3518,0
2026-08-23 07:45:57.054771,6673,5437,2255,0
2026-08-23 07:45:57.054791,6700,5461,2456,0
2026-08-23 07:45:57.054811,6613,5452,2363,0
2026-08-23 07:45:57.054832,6699,5470,2590,0
2026-08-23 07:45:57.054851,6608,5469,2279,0
2026-08-23 07:45:57.054871,6686,5455,2225,0
2026-08-23 07:45:57.054891,6616,5481,2258,0
2026-08-23 07:45:57.054911,6680,5506,2401,0
2026-08-23 07:45:57.054931,6612,5470,2120,0
2026-08-23 07:45:57.054951,6679,5449,2131,0
2026-08-23 07:45:57.054971,6507,5292,0,0
2026-08-23 07:45:57.054991,6601,5433,2363,0
2026-08-23 07:45:57.055012,6711,5489,3109,0
2026-08-23 07:45:57.055031,6615,5432,2207,0
2026-08-23 07:45:57.055051,6688,5463,2587,0
2026-08-23 07:45:57.055071,6629,5458,2505,0
2026-08-23 07:45:57.055091,6706,5477,2637,0
2026-08-23 07:45:57.055111,6619,5472,2415,0
2026-08-23 07:45:57.055131,6698,5477,2230,0
2026-08-23 07:45:57.055151,6609,5411,1926,0
2026-08-23 07:45:57.055171,6638,5452,2381,0
2026-08-23 07:45:57.055192,6592,5399,1582,0
2026-08-23 07:45:57.055211,6630,5452,2108,0
2026-08-23 07:45:57.055231,6540,5354,201,0
2026-08-23 07:45:57.055251,6610,5487,2400,0
2026-08-23 07:45:57.055271,6552,5250,0,0
2026-08-23 07:45:57.055291,6587,5455,2219,0
2026-08-23 07:45:57.055311,6693,5478,2546,0
2026-08-23 07:45:57.055331,6613,5478,2400,0
2026-08-23 07:45:57.055351,6705,5499,2616,0
2026-08-23 07:45:57.055372,6614,5452,2271,0
2026-08-23 07:45:57.055391,6613,5468,2220,0
2026-08-23 07:45:57.055411,6617,5464,2321,0
2026-08-23 07:45:57.055431,6693,5455,2399,0
2026-08-23 07:45:57.055451,6607,5475,2223,0
2026-08-23 07:45:57.055471,6685,5448,2104,0
2026-08-23 07:45:57.055491,6534,5324,0,0
2026-08-23 07:45:57.055511,6602,5451,2335,0
2026-08-23 07:45:57.055532,6517,5309,0,0
2026-08-23 07:45:57.055552,6584,5429,2115,0
2026-08-23 07:45:57.055571,6671,5472,2785,0
2026-08-23 07:45:57.055591,6629,5444,2411,0
2026-08-23 07:45:57.055611,6707,5514,2832,0
2026-08-23 07:45:57.055631,6628,5456,2296,0
2026-08-23 07:45:57.055651,6698,5486,2422,0
2026-08-23 07:45:57.055671,6608,5469,2335,0
2026-08-23 07:45:57.055691,6700,5486,2507,0
2026-08-23 07:45:57.055712,6615,5408,2219,0
2026-08-23 07:45:57.055731,6683,5463,2164,0
2026-08-23 07:45:57.055751,6608,5413,2113,0
2026-08-23 07:45:57.055771,6678,5479,2375,0
2026-08-23 07:45:57.055791,6607,5417,1952,0
2026-08-23 07:45:57.055811,6671,5445,2119,0
2026-08-23 07:45:57.055831,6575,5224,0,0
2026-08-23 07:45:57.055851,6597,5412,2384,0
2026-08-23 07:45:57.055871,6704,5501,3029,0
2026-08-23 07:45:57.055892,6632,5417,2194,0
2026-08-23 07:45:57.055911,6690,5448,2542,0
2026-08-23 07:45:57.055931,6621,5469,2508,0
2026-08-23 07:45:57.055951,6711,5449,2636,0
2026-08-23 07:45:57.055971,6619,5468,2415,0
2026-08-23 07:45:57.055991,6694,5437,2223,0
2026-08-23 07:45:57.056011,6602,5437,1986,0
2026-08-23 07:45:57.056031,6668,5482,2383,0
2026-08-23 07:45:57.056051,6604,5439,1807,0
2026-08-23 07:45:57.056072,6636,5434,2108,0
2026-08-23 07:45:57.056091,6568,5388,883,0
2026-08-23 07:45:57.056111,6608,5459,2373,0
2026-08-23 07:45:57.056131,6555,5332,178,0
2026-08-23 07:45:57.056151,6590,5477,2183,0
2026-08-23 07:45:57.056171,6688,5480,2715,0
2026-08-23 07:45:57.056191,6618,5478,2392,0
2026-08-23 07:45:57.056211,6701,5506,2799,0
2026-08-23 07:45:57.056231,6606,5484,2262,0
2026-08-23 07:45:57.056252,6685,5453,2342,0
2026-08-23 07:45:57.056271,6622,5454,2449,0
2026-08-23 07:45:57.056291,6696,5470,2470,0
2026-08-23 07:45:57.056311,6620,5485,2382,0
2026-08-23 07:45:57.056331,6692,5451,2156,0
2026-08-23 07:45:57.056351,6570,5397,969,0
2026-08-23 07:45:57.056371,6611,5468,2338,0
2026-08-23 07:45:57.056391,6556,5330,410,0
2026-08-23 07:45:57.056412,6590,5472,2117,0
2026-08-23 07:45:57.056431,6523,5246,0,0
2026-08-23 07:45:57.056451,6593,5406,2396,0
2026-08-23 07:45:57.056471,6700,5490,3127,0
2026-08-23 07:45:57.056491,6636,5454,2249,0
2026-08-23 07:45:57.056511,6695,5446,2483,0
2026-08-23 07:45:57.056531,6622,5435,2369,0
2026-08-23 07:45:57.056551,6696,5468,2617,0
2026-08-23 07:45:57.056571,6612,5476,2233,0
2026-08-23 07:45:57.056592,6681,5447,2210,0
2026-08-23 07:45:57.056611,6613,5436,2220,0
2026-08-23 07:45:57.056631,6679,5459,2396,0
2026-08-23 07:45:57.056651,6613,5468,2025,0
2026-08-23 07:45:57.056671,6668,5448,2131,0
2026-08-23 07:45:57.056691,6513,5264,0,0
2026-08-23 07:45:57.056711,6596,5416,2369,0
2026-08-23 07:45:57.056731,6697,5467,3087,0
2026-08-23 07:45:57.056751,6629,5427,2198,0
2026-08-23 07:45:57.056772,6684,5472,2577,0
2026-08-23 07:45:57.056791,6632,5449,2506,0
2026-08-23 07:45:57.056811,6699,5495,2618,0
2026-08-23 07:45:57.056831,6622,5454,2436,0
2026-08-23 07:45:57.056851,6684,5457,2202,0
2026-08-23 07:45:57.056871,6599,5416,1814,0
2026-08-23 07:45:57.056891,6668,5460,2394,0
2026-08-23 07:45:57.056911,6580,5381,1129,0
2026-08-23 07:45:57.056931,6606,5475,2144,0
2026-08-23 07:45:57.056952,6519,5265,0,0
2026-08-23 07:45:57.056971,6594,5429,2432,0
2026-08-23 07:45:57.056991,6707,5460,2908,0
2026-08-23 07:45:57.057011,6628,5467,2330,0
2026-08-23 07:45:57.057031,6686,5480,2407,0
2026-08-23 07:45:57.057051,6614,5435,2344,0
2026-08-23 07:45:57.057071,6692,5463,2468,0
2026-08-23 07:45:57.057091,6618,5434,2138,0
2026-08-23 07:45:57.057112,6671,5465,2140,0
2026-08-23 07:45:57.057132,6596,5414,1510,0
2026-08-23 07:45:57.057151,6631,5504,2378,0
2026-08-23 07:45:57.057171,6588,5388,1183,0
2026-08-23 07:45:57.057191,6612,5454,2149,0
2026-08-23 07:45:57.057211,6697,5509,2875,0
2026-08-23 07:45:57.057231,6629,5446,2375,0
2026-08-23 07:45:57.057251,6711,5492,2889,0
2026-08-23 07:45:57.057271,6617,5469,2211,0
2026-08-23 07:45:57.057292,6686,5488,2440,0
2026-08-23 07:45:57.057311,6618,5445,2483,0
2026-08-23 07:45:57.057331,6704,5489,2541,0
2026-08-23 07:45:57.057351,6612,5482,2425,0
2026-08-23 07:45:57.057371,6700,5447,2192,0
2026-08-23 07:45:57.057391,6593,5426,1804,0
2026-08-23 07:45:57.057411,6666,5449,2339,0
2026-08-23 07:45:57.057431,6597,5410,1500,0
2026-08-23 07:45:57.057451,6618,5435,2121,0
2026-08-23 07:45:57.057472,6552,5368,360,0
2026-08-23 07:45:57.057491,6600,5483,2393,0
2026-08-23 07:45:57.057511,6527,5319,0,0
2026-08-23 07:45:57.057531,6594,5467,2213,0
2026-08-23 07:45:57.057551,6687,5500,2592,0
2026-08-23 07:45:57.057571,6609,5448,2409,0
2026-08-23 07:45:57.057591,6700,5506,2632,0
2026-08-23 07:45:57.057611,6622,5441,2304,0
2026-08-23 07:45:57.057631,6688,5454,2224,0
2026-08-23 07:45:57.057652,6617,5474,2275,0
2026-08-23 07:45:57.057671,6693,5491,2422,0
2026-08-23 07:45:57.057691,6612,5455,1979,0
2026-08-23 07:45:57.057711,6664,5474,2161,0
2026-08-23 07:45:57.057731,6698,5484,945,0
2026-08-23 07:45:57.057751,6603,5445,2396,0
2026-08-23 07:45:57.057771,6714,5518,2963,0
2026-08-23 07:45:57.057791,6623,5443,2229,0
2026-08-23 07:45:57.057811,6690,5425,2455,0
2026-08-23 07:45:57.057832,6618,5488,2501,0
2026-08-23 07:45:57.057851,6695,5468,2525,0
2026-08-23 07:45:57.057871,6626,5468,2429,0
2026-08-23 07:45:57.057891,6694,5488,2188,0
2026-08-23 07:45:57.057911,6585,5440,1501,0
2026-08-23 07:45:57.057931,6621,5490,2364,0
2026-08-23 07:45:57.057951,6571,5403,914,0
2026-08-23 07:45:57.057971,6602,5452,2115,0
2026-08-23 07:45:57.057992,6508,5314,0,0
2026-08-23 07:45:57.058011,6589,5461,2406,0
2026-08-23 07:45:57.058031,6667,5451,145,0
2026-08-23 07:45:57.058051,6591,5474,2248,0
2026-08-23 07:45:57.058071,6686,5487,2519,0
2026-08-23 07:45:57.058091,6628,5422,2366,0
2026-08-23 07:45:57.058111,6698,5489,2604,0
2026-08-23 07:45:57.058131,6567,5457,2262,0
2026-08-23 07:45:57.058151,6686,5485,2235,0
2026-08-23 07:45:57.058172,6612,5475,2321,0
2026-08-23 07:45:57.058191,6693,5451,2430,0
2026-08-23 07:45:57.058211,6621,5445,2253,0
2026-08-23 07:45:57.058231,6687,5450,2118,0
2026-08-23 07:45:57.058251,6552,5334,284,0
2026-08-23 07:45:57.058271,6593,5468,2347,0
2026-08-23 07:45:57.058291,6524,5322,0,0
2026-08-23 07:45:57.058311,6576,5475,2118,0
2026-08-23 07:45:57.058331,6680,5516,2812,0
2026-08-23 07:45:57.058352,6622,5487,2461,0
2026-08-23 07:45:57.058371,6697,5512,2825,0
2026-08-23 07:45:57.058391,6625,5466,2345,0
2026-08-23 07:45:57.058411,6695,5466,2362,0
2026-08-23 07:45:57.058431,6609,5471,2276,0
2026-08-23 07:45:57.058451,6689,5467,2456,0
2026-08-23 07:45:57.058471,6603,5460,2111,0
2026-08-23 07:45:57.058491,6664,5469,2163,0
2026-08-23 07:45:57.058511,6582,5436,1549,0
2026-08-23 07:45:57.058532,6617,5459,2376,0
2026-08-23 07:45:57.058551,6572,5410,889,0
2026-08-23 07:45:57.058571,6599,5489,2174,0
2026-08-23 07:45:57.058591,6686,5528,2757,0
2026-08-23 07:45:57.058611,6629,5458,2423,0
2026-08-23 07:45:57.058631,6702,5512,2770,0
2026-08-23 07:45:57.058651,6632,5476,2280,0
2026-08-23 07:45:57.058671,6687,5449,2325,0
2026-08-23 07:45:57.058692,6618,5451,2477,0
2026-08-23 07:45:57.058712,6693,5461,2442,0
2026-08-23 07:45:57.058731,6618,5458,2330,0
2026-08-23 07:45:57.058751,6686,5446,2151,0
2026-08-23 07:45:57.058771,6530,5337,81,0
2026-08-23 07:45:57.058791,6593,5465,2372,0
2026-08-23 07:45:57.058811,6555,5237,0,0
2026-08-23 07:45:57.058831,6601,5402,2176,0
2026-08-23 07:45:57.058851,6683,5440,2680,0
2026-08-23 07:45:57.058872,6623,5442,2476,0
2026-08-23 07:45:57.058891,6704,5480,2704,0
2026-08-23 07:45:57.058911,6618,5472,2372,0
2026-08-23 07:45:57.058931,6698,5441,2287,0
2026-08-23 07:45:57.058951,6605,5448,2138,0
2026-08-23 07:45:57.058971,6676,5456,2422,0
2026-08-23 07:45:57.058991,6600,5447,1902,0
2026-08-23 07:45:57.059011,6639,5437,2103,0
2026-08-23 07:45:57.059031,6577,5381,1151,0
2026-08-23 07:45:57.059052,6608,5498,2376,0
2026-08-23 07:45:57.059071,6558,5348,347,0
2026-08-23 07:45:57.059091,6600,5449,2279,0
2026-08-23 07:45:57.059111,6699,5497,2713,0
2026-08-23 07:45:57.059131,6613,5507,2409,0
2026-08-23 07:45:57.059151,6681,5475,2726,0
2026-08-23 07:45:57.059171,6616,5473,2281,0
2026-08-23 07:45:57.059191,6694,5453,2284,0
2026-08-23 07:45:57.059211,6616,5483,2450,0
2026-08-23 07:45:57.059232,6685,5504,2453,0
2026-08-23 07:45:57.059251,6612,5477,2373,0
2026-08-23 07:45:57.059271,6693,5441,2140,0
2026-08-23 07:45:57.059291,6546,5333,488,0
2026-08-23 07:45:57.059311,6596,5471,2363,0
2026-08-23 07:45:57.059331,6521,5321,0,0
2026-08-23 07:45:57.059351,6591,5474,2139,0
2026-08-23 07:45:57.059371,6692,5484,2770,0
2026-08-23 07:45:57.059391,6629,5457,2455,0
2026-08-23 07:45:57.059412,6711,5517,2791,0
2026-08-23 07:45:57.059431,6625,5480,2381,0
2026-08-23 07:45:57.059451,6692,5491,2326,0
2026-08-23 07:45:57.059471,6618,5472,2259,0
2026-08-23 07:45:57.059491,6674,5446,2447,0
2026-08-23 07:45:57.059511,6612,5455,2075,0
2026-08-23 07:45:57.059531,6670,5467,2142,0
2026-08-23 07:45:57.059551,6581,5414,1466,0
2026-08-23 07:45:57.059572,6614,5489,2376,0
2026-08-23 07:45:57.059591,6569,5380,821,0
2026-08-23 07:45:57.059611,6602,5445,2168,0
2026-08-23 07:45:57.059631,6688,5522,2752,0
2026-08-23 07:45:57.059651,6613,5431,2415,0
2026-08-23 07:45:57.059671,6696,5494,2647,0
2026-08-23 07:45:57.059691,6627,5477,2253,0
2026-08-23 07:45:57.059711,6678,5487,2348,0
2026-08-23 07:45:57.059731,6623,5459,2486,0
2026-08-23 07:45:57.059752,6699,5463,2466,0
2026-08-23 07:45:57.059771,6612,5499,2025,0
2026-08-23 07:45:57.059791,6689,5488,2152,0
2026-08-23 07:45:57.059811,6575,5376,1043,0
2026-08-23 07:45:57.059831,6610,5491,2351,0
2026-08-23 07:45:57.059851,6544,5365,325,0
2026-08-23 07:45:57.059871,6587,5468,2114,0
2026-08-23 07:45:57.059891,6545,5252,0,0
2026-08-23 07:45:57.059911,6590,5430,2415,0
2026-08-23 07:45:57.059932,6703,5479,3090,0
2026-08-23 07:45:57.059951,6626,5470,2252,0
2026-08-23 07:45:57.059971,6701,5454,2491,0
2026-08-23 07:45:57.059991,6607,5466,2355,0
2026-08-23 07:45:57.060011,6698,5470,2601,0
2026-08-23 07:45:57.060031,6616,5470,2226,0
2026-08-23 07:45:57.060051,6691,5480,2243,0
2026-08-23 07:45:57.060071,6630,5441,2339,0
2026-08-23 07:45:57.060091,6690,5468,2393,0
2026-08-23 07:45:57.060112,6619,5478,2315,0
2026-08-23 07:45:57.060131,6686,5471,2115,0
2026-08-23 07:45:57.060151,6571,5390,887,0
2026-08-23 07:45:57.060171,6613,5485,2327,0
2026-08-23 07:45:57.060191,6577,5374,605,0
2026-08-23 07:45:57.060211,6591,5473,2089,0
2026-08-23 07:45:57.060231,6521,5335,0,0
2026-08-23 07:45:57.060251,6625,5467,2382,0
2026-08-23 07:45:57.060272,6546,5277,0,0
2026-08-23 07:45:57.060292,6588,5439,2198,0
2026-08-23 07:45:57.060311,6694,5453,2606,0
2026-08-23 07:45:57.060331,6624,5469,2387,0
2026-08-23 07:45:57.060351,6708,5477,2691,0
2026-08-23 07:45:57.060371,6618,5443,2241,0
2026-08-23 07:45:57.060391,6690,5434,2267,0
2026-08-23 07:45:57.060411,6623,5443,2418,0
2026-08-23 07:45:57.060431,6695,5489,2429,0
2026-08-23 07:45:57.060452,6623,5445,2340,0
2026-08-23 07:45:57.060471,6681,5471,2126,0
2026-08-23 07:45:57.060491,6553,5327,132,0
2026-08-23 07:45:57.060511,6596,5476,2362,0
2026-08-23 07:45:57.060531,6554,5242,0,0
2026-08-23 07:45:57.060551,6597,5409,2169,0
2026-08-23 07:45:57.060571,6684,5441,2679,0
2026-08-23 07:45:57.060591,6627,5467,2496,0
2026-08-23 07:45:57.060611,6703,5480,2704,0
2026-08-23 07:45:57.060632,6635,5453,2412,0
2026-08-23 07:45:57.060651,6698,5478,2254,0
2026-08-23 07:45:57.060671,6610,5423,2014,0
2026-08-23 07:45:57.060691,6672,5444,2401,0
2026-08-23 07:45:57.060711,6599,5402,1501,0
2026-08-23 07:45:57.060731,6627,5442,2131,0
2026-08-23 07:45:57.060751,6531,5300,0,0
2026-08-23 07:45:57.060771,6590,5471,2429,0
2026-08-23 07:45:57.060791,6707,5607,2430,0
2026-08-23 07:45:57.060812,6615,5439,2292,0
2026-08-23 07:45:57.060831,6693,5485,2460,0
2026-08-23 07:45:57.060851,6619,5436,2356,0
2026-08-23 07:45:57.060871,6695,5493,2483,0
2026-08-23 07:45:57.060891,6610,5424,2206,0
2026-08-23 07:45:57.060911,6675,5492,2195,0
2026-08-23 07:45:57.060931,6598,5448,1967,0
2026-08-23 07:45:57.060951,6638,5487,2386,0
2026-08-23 07:45:57.060971,6597,5424,1673,0
2026-08-23 07:45:57.060992,6638,5432,2138,0
2026-08-23 07:45:57.061011,6702,5519,2063,0
2026-08-23 07:45:57.061031,6634,5466,2358,0
2026-08-23 07:45:57.061051,6707,5501,3043,0
2026-08-23 07:45:57.061071,6621,5463,2159,0
2026-08-23 07:45:57.061091,6690,5454,2580,0
2026-08-23 07:45:57.061111,6609,5443,2454,0
2026-08-23 07:45:57.061131,6691,5473,2676,0
2026-08-23 07:45:57.061152,6617,5491,2393,0
2026-08-23 07:45:57.061171,6691,5462,2294,0
2026-08-23 07:45:57.061191,6610,5474,2151,0
2026-08-23 07:45:57.061211,6678,5495,2430,0
2026-08-23 07:45:57.061231,6608,5411,2013,0
2026-08-23 07:45:57.061251,6669,5438,2136,0
2026-08-23 07:45:57.061271,6587,5417,1773,0
2026-08-23 07:45:57.061291,6636,5455,2368,0
2026-08-23 07:45:57.061311,6575,5393,1570,0
2026-08-23 07:45:57.061332,6618,5463,2136,0
2026-08-23 07:45:57.061351,6695,5479,2961,0
2026-08-23 07:45:57.061371,6614,5445,2368,0
2026-08-23 07:45:57.061391,6737,5519,2983,0
2026-08-23 07:45:57.061411,6621,5471,2205,0
2026-08-23 07:45:57.061431,6683,5500,2500,0
2026-08-23 07:45:57.061451,6622,5488,2501,0
2026-08-23 07:45:57.061471,6709,5501,2594,0
2026-08-23 07:45:57.061491,6629,5435,2418,0
2026-08-23 07:45:57.061512,6694,5480,2204,0
2026-08-23 07:45:57.061531,6622,5402,1765,0
2026-08-23 07:45:57.061551,6635,5487,2377,0
2026-08-23 07:45:57.061571,6579,5409,1157,0
2026-08-23 07:45:57.061591,6601,5466,2137,0
2026-08-23 07:45:57.061611,6510,5251,0,0
2026-08-23 07:45:57.061631,6598,5441,2434,0
2026-08-23 07:45:57.061651,6702,5515,2917,0
2026-08-23 07:45:57.061671,6626,5480,2329,0
2026-08-23 07:45:57.061692,6690,5464,2401,0
2026-08-23 07:45:57.061711,6611,5475,2360,0
2026-08-23 07:45:57.061731,6683,5486,2474,0
2026-08-23 07:45:57.061751,6601,5455,2133,0
2026-08-23 07:45:57.061771,6666,5440,2147,0
2026-08-23 07:45:57.061791,6591,5403,1342,0
2026-08-23 07:45:57.061811,6611,5491,2398,0
2026-08-23 07:45:57.061831,6544,5358,67,0
2026-08-23 07:45:57.061852,6593,5459,2238,0
2026-08-23 07:45:57.061872,6691,5521,2631,0
2026-08-23 07:45:57.061891,6627,5511,2441,0
2026-08-23 07:45:57.061911,6706,5484,2647,0
2026-08-23 07:45:57.061931,6629,5485,2304,0
2026-08-23 07:45:57.061951,6681,5483,2220,0
2026-08-23 07:45:57.061971,6615,5432,2214,0
2026-08-23 07:45:57.061991,6684,5512,2405,0
2026-08-23 07:45:57.062011,6604,5477,1960,0
2026-08-23 07:45:57.062032,6663,5454,2131,0
2026-08-23 07:45:57.062051,6575,5308,0,0
2026-08-23 07:45:57.062071,6597,5441,2360,0
2026-08-23 07:45:57.062091,6705,5490,3058,0
2026-08-23 07:45:57.062111,6622,5464,2170,0
2026-08-23 07:45:57.062131,6692,5495,2633,0
2026-08-23 07:45:57.062151,6625,5482,2465,0
2026-08-23 07:45:57.062171,6708,5473,2676,0
2026-08-23 07:45:57.062191,6635,5448,2347,0
2026-08-23 07:45:57.062212,6694,5459,2284,0
2026-08-23 07:45:57.062231,6598,5432,2173,0
2026-08-23 07:45:57.062251,6696,5492,2428,0
2026-08-23 07:45:57.062271,6602,5465,2091,0
2026-08-23 07:45:57.062291,6670,5474,2185,0
2026-08-23 07:45:57.062311,6603,5451,1873,0
2026-08-23 07:45:57.062331,6636,5503,2359,0
2026-08-23 07:45:57.062351,6593,5465,1771,0
2026-08-23 07:45:57.062371,6635,5477,2124,0
2026-08-23 07:45:57.062392,6579,5290,0,0
2026-08-23 07:45:57.062411,6588,5478,2349,0
2026-08-23 07:45:57.062431,6694,5488,3045,0
2026-08-23 07:45:57.062451,6618,5469,2172,0
2026-08-23 07:45:57.062471,6686,5496,2598,0
2026-08-23 07:45:57.062491,6617,5481,2482,0
2026-08-23 07:45:57.062511,6707,5471,2683,0
2026-08-23 07:45:57.062531,6611,5483,2392,0
2026-08-23 07:45:57.062551,6680,5452,2265,0
2026-08-23 07:45:57.062572,6617,5439,2138,0
2026-08-23 07:45:57.062591,6679,5489,2412,0
2026-08-23 07:45:57.062611,6609,5423,1968,0
2026-08-23 07:45:57.062631,6637,5456,2104,0
2026-08-23 07:45:57.062651,6581,5402,1327,0
2026-08-23 07:45:57.062671,6608,5486,2385,0
2026-08-23 07:45:57.062691,6576,5396,637,0
2026-08-23 07:45:57.062711,6592,5477,2163,0
2026-08-23 07:45:57.062732,6690,5517,2721,0
2026-08-23 07:45:57.062751,6612,5486,2406,0
2026-08-23 07:45:57.062771,6703,5520,2748,0
2026-08-23 07:45:57.062791,6621,5475,2286,0
2026-08-23 07:45:57.062811,6690,5455,2317,0
2026-08-23 07:45:57.062831,6620,5468,2473,0
2026-08-23 07:45:57.062851,6694,5489,2447,0
2026-08-23 07:45:57.062871,6613,5475,2373,0
2026-08-23 07:45:57.062891,6698,5436,2143,0
2026-08-23 07:45:57.062912,6552,5342,940,0
2026-08-23 07:45:57.062931,6600,5467,2346,0
2026-08-23 07:45:57.062951,6533,5327,0,0
2026-08-23 07:45:57.062971,6592,5454,2132,0
2026-08-23 07:45:57.062991,6685,5479,1578,0
2026-08-23 07:45:57.063011,6601,5439,2432,0
2026-08-23 07:45:57.063031,6701,5474,2857,0
2026-08-23 07:45:57.063051,6622,5455,2302,0
2026-08-23 07:45:57.063071,6697,5493,2415,0
2026-08-23 07:45:57.063092,6618,5481,2326,0
2026-08-23 07:45:57.063111,6695,5497,2505,0
2026-08-23 07:45:57.063131,6620,5435,2232,0
2026-08-23 07:45:57.063151,6679,5442,2180,0
2026-08-23 07:45:57.063171,6616,5440,2220,0
2026-08-23 07:45:57.063191,6675,5485,2361,0
2026-08-23 07:45:57.063211,6614,5474,2209,0
2026-08-23 07:45:57.063231,6676,5474,2099,0
2026-08-23 07:45:57.063251,6540,5327,222,0
2026-08-23 07:45:57.063272,6585,5504,2315,0
2026-08-23 07:45:57.063291,6527,5355,0,0
2026-08-23 07:45:57.063311,6581,5448,2086,0
2026-08-23 07:45:57.063331,6526,5173,0,0
2026-08-23 07:45:57.063351,6593,5433,2388,0
2026-08-23 07:45:57.063371,6611,5332,0,0
2026-08-23 07:45:57.063391,6591,5440,2198,0
2026-08-23 07:45:57.063411,6684,5454,2588,0
2026-08-23 07:45:57.063432,6619,5436,2371,0
2026-08-23 07:45:57.063452,6701,5462,2722,0
2026-08-23 07:45:57.063471,6626,5467,2243,0
2026-08-23 07:45:57.063491,6685,5468,2301,0
2026-08-23 07:45:57.063511,6616,5450,2447,0
2026-08-23 07:45:57.063531,6703,5462,2427,0
2026-08-23 07:45:57.063551,6620,5486,2406,0
2026-08-23 07:45:57.063571,6599,5482,2146,0
2026-08-23 07:45:57.063591,6584,5426,1525,0
2026-08-23 07:45:57.063612,6619,5486,2354,0
2026-08-23 07:45:57.063631,6586,5385,1290,0
2026-08-23 07:45:57.063651,6604,5465,2093,0
2026-08-23 07:45:57.063671,6541,5357,217,0
2026-08-23 07:45:57.063691,6597,5467,2349,0
2026-08-23 07:45:57.063711,6535,5317,0,0
2026-08-23 07:45:57.063731,6586,5448,2182,0
2026-08-23 07:45:57.063751,6676,5521,2654,0
2026-08-23 07:45:57.063771,6526,5490,2367,0
2026-08-23 07:45:57.063792,6696,5469,2726,0
2026-08-23 07:45:57.063811,6681,5461,2233,0
2026-08-23 07:45:57.063831,6683,5456,2332,0
2026-08-23 07:45:57.063851,6608,5488,2480,0
2026-08-23 07:45:57.063871,6697,5459,2469,0
2026-08-23 07:45:57.063891,6622,5458,2306,0
2026-08-23 07:45:57.063911,6691,5449,2155,0
2026-08-23 07:45:57.063931,6592,5404,1503,0
2026-08-23 07:45:57.063951,6626,5486,2339,0
2026-08-23 07:45:57.063972,6587,5427,1317,0
2026-08-23 07:45:57.063991,6612,5468,2083,0
2026-08-23 07:45:57.064011,6559,5367,446,0
2026-08-23 07:45:57.064031,6599,5468,2347,0
2026-08-23 07:45:57.064051,6553,5355,336,0
2026-08-23 07:45:57.064071,6593,5484,2146,0
2026-08-23 07:45:57.064091,6690,5501,2776,0
2026-08-23 07:45:57.064111,6625,5491,2328,0
2026-08-23 07:45:57.064131,6708,5514,2910,0
2026-08-23 07:45:57.064152,6622,5455,2150,0
2026-08-23 07:45:57.064171,6676,5470,2579,0
2026-08-23 07:45:57.064191,6620,5444,2129,0
2026-08-23 07:45:57.064211,6704,5516,2707,0
2026-08-23 07:45:57.064231,6614,5455,2293,0
2026-08-23 07:45:57.064251,6689,5496,2337,0
2026-08-23 07:45:57.064271,6619,5440,2297,0
2026-08-23 07:45:57.064291,6688,5470,2508,0
2026-08-23 07:45:57.064312,6609,5448,2246,0
2026-08-23 07:45:57.064331,6681,5456,2213,0
2026-08-23 07:45:57.064351,6620,5488,2341,0
2026-08-23 07:45:57.064371,6690,5461,2407,0
2026-08-23 07:45:57.064391,6667,5448,2341,0
2026-08-23 07:45:57.064411,6686,5486,2120,0
2026-08-23 07:45:57.064431,6574,5380,1133,0
2026-08-23 07:45:57.064451,6610,5492,2332,0
2026-08-23 07:45:57.064471,6570,5383,933,0
2026-08-23 07:45:57.064492,6683,5445,2089,0
2026-08-23 07:45:57.064511,6533,5312,0,0
2026-08-23 07:45:57.064531,6586,5497,2363,0
2026-08-23 07:45:57.064551,6531,5332,0,0
2026-08-23 07:45:57.064571,6589,5435,2178,0
2026-08-23 07:45:57.064591,6672,5472,2675,0
2026-08-23 07:45:57.064611,6617,5455,2350,0
2026-08-23 07:45:57.064631,6699,5511,2761,0
2026-08-23 07:45:57.064651,6618,5465,2227,0
2026-08-23 07:45:57.064672,6687,5456,2317,0
2026-08-23 07:45:57.064691,6618,5490,2466,0
2026-08-23 07:45:57.064711,6692,5498,2514,0
2026-08-23 07:45:57.064731,6631,5471,2398,0
2026-08-23 07:45:57.064751,6694,5439,2195,0
2026-08-23 07:45:57.064771,6604,5422,1932,0
2026-08-23 07:45:57.064791,6666,5454,2367,0
2026-08-23 07:45:57.064811,6604,5419,1842,0
2026-08-23 07:45:57.064831,6641,5473,2086,0
2026-08-23 07:45:57.064852,6586,5412,1382,0
2026-08-23 07:45:57.064871,6619,5433,2339,0
2026-08-23 07:45:57.064891,6588,5390,1274,0
2026-08-23 07:45:57.064911,6602,5482,2122,0
2026-08-23 07:45:57.064931,6688,5515,2895,0
2026-08-23 07:45:57.064951,6623,5456,2355,0
2026-08-23 07:45:57.064971,6706,5530,2983,0
2026-08-23 07:45:57.064991,6624,5438,2164,0
2026-08-23 07:45:57.065012,6688,5471,2572,0
2026-08-23 07:45:57.065032,6623,5459,2461,0
2026-08-23 07:45:57.065051,6704,5513,2652,0
2026-08-23 07:45:57.065071,6623,5462,2347,0
2026-08-23 07:45:57.065091,6690,5458,2299,0
2026-08-23 07:45:57.065111,6609,5442,2247,0
2026-08-23 07:45:57.065131,6703,5500,2435,0
2026-08-23 07:45:57.065151,6619,5438,2178,0
2026-08-23 07:45:57.065171,6668,5471,2118,0
2026-08-23 07:45:57.065192,6577,5429,1931,0
2026-08-23 07:45:57.065211,6668,5490,2348,0
2026-08-23 07:45:57.065231,6594,5462,1709,0
2026-08-23 07:45:57.065251,6632,5454,2118,0
2026-08-23 07:45:57.065271,6690,5449,295,0
2026-08-23 07:45:57.065291,6560,5454,2360,0
2026-08-23 07:45:57.065311,6696,5499,2995,0
2026-08-23 07:45:57.065331,6619,5472,2191,0
2026-08-23 07:45:57.065351,6685,5488,2573,0
2026-08-23 07:45:57.065372,6617,5483,2490,0
2026-08-23 07:45:57.065391,6714,5500,2650,0
2026-08-23 07:45:57.065411,6622,5491,2374,0
2026-08-23 07:45:57.065431,6692,5487,2254,0
2026-08-23 07:45:57.065451,6612,5432,2173,0
2026-08-23 07:45:57.065471,6684,5491,2405,0
2026-08-23 07:45:57.065491,6612,5439,2111,0
2026-08-23 07:45:57.065511,6677,5457,2139,0
2026-08-23 07:45:57.065531,6606,5430,1997,0
2026-08-23 07:45:57.065552,6673,5457,2366,0
2026-08-23 07:45:57.065571,6621,5465,2072,0
2026-08-23 07:45:57.065591,6665,5450,2105,0
2026-08-23 07:45:57.065611,6518,5312,0,0
2026-08-23 07:45:57.065631,6589,5455,2310,0
2026-08-23 07:45:57.065651,6528,5348,0,0
2026-08-23 07:45:57.065671,6586,5442,2079,0
2026-08-23 07:45:57.065691,6508,5300,0,0
2026-08-23 07:45:57.065711,6596,5447,2356,0
2026-08-23 07:45:57.065732,6555,5278,0,0
2026-08-23 07:45:57.065751,6589,5414,2186,0
2026-08-23 07:45:57.065771,6692,5483,2628,0
2026-08-23 07:45:57.065791,6610,5457,2367,0
2026-08-23 07:45:57.065811,6709,5495,2735,0
2026-08-23 07:45:57.065831,6620,5427,2231,0
2026-08-23 07:45:57.065851,6687,5441,2338,0
2026-08-23 07:45:57.065871,6619,5445,2478,0
2026-08-23 07:45:57.065892,6698,5482,2470,0
2026-08-23 07:45:57.065911,6616,5484,2408,0
2026-08-23 07:45:57.065931,6694,5405,2158,0
2026-08-23 07:45:57.065951,6583,5432,1639,0
2026-08-23 07:45:57.065971,6622,5462,2357,0
2026-08-23 07:45:57.065991,6595,5432,1369,0
2026-08-23 07:45:57.066011,6617,5453,2106,0
2026-08-23 07:45:57.066031,6553,5369,432,0
2026-08-23 07:45:57.066051,6601,5475,2373,0
2026-08-23 07:45:57.066072,6536,5350,0,0
2026-08-23 07:45:57.066091,6583,5474,2186,0
2026-08-23 07:45:57.066111,6676,5500,2668,0
2026-08-23 07:45:57.066131,6616,5481,2410,0
2026-08-23 07:45:57.066151,6697,5526,2718,0
2026-08-23 07:45:57.066171,6616,5482,2267,0
2026-08-23 07:45:57.066191,6690,5458,2315,0
2026-08-23 07:45:57.066211,6620,5457,2495,0
2026-08-23 07:45:57.066231,6704,5461,2469,0
2026-08-23 07:45:57.066252,6621,5496,2413,0
2026-08-23 07:45:57.066271,6691,5479,2131,0
2026-08-23 07:45:57.066291,6581,5371,1137,0
2026-08-23 07:45:57.066311,6619,5456,2352,0
2026-08-23 07:45:57.066331,6560,5383,541,0
2026-08-23 07:45:57.066351,6594,5472,2107,0
2026-08-23 07:45:57.066371,6475,5247,0,0
2026-08-23 07:45:57.066391,6575,5462,2387,0
2026-08-23 07:45:57.066411,6717,5618,1841,0
2026-08-23 07:45:57.066432,6604,5398,2229,0
2026-08-23 07:45:57.066451,6691,5463,2485,0
2026-08-23 07:45:57.066471,6618,5426,2348,0
2026-08-23 07:45:57.066491,6702,5448,2603,0
2026-08-23 07:45:57.066511,6618,5421,2252,0
2026-08-23 07:45:57.066531,6686,5434,2246,0
2026-08-23 07:45:57.066551,6623,5440,2361,0
2026-08-23 07:45:57.066571,6687,5483,2418,0
2026-08-23 07:45:57.066592,6621,5463,2315,0
2026-08-23 07:45:57.066612,6681,5451,2110,0
2026-08-23 07:45:57.066631,6564,5358,850,0
2026-08-23 07:45:57.066651,6606,5477,2328,0
2026-08-23 07:45:57.066671,6552,5373,587,0
2026-08-23 07:45:57.066691,6596,5466,1979,0
2026-08-23 07:45:57.066711,6525,5296,0,0
2026-08-23 07:45:57.066731,6594,5483,2365,0
2026-08-23 07:45:57.066751,6528,5280,0,0
2026-08-23 07:45:57.066772,6597,5459,2203,0
2026-08-23 07:45:57.066791,6688,5472,2683,0
2026-08-23 07:45:57.066811,6615,5471,2368,0
2026-08-23 07:45:57.066831,6697,5512,2765,0
2026-08-23 07:45:57.066851,6616,5441,2218,0
2026-08-23 07:45:57.066871,6682,5489,2381,0
2026-08-23 07:45:57.066891,6630,5455,2471,0
2026-08-23 07:45:57.066911,6693,5471,2516,0
2026-08-23 07:45:57.066931,6621,5496,2419,0
2026-08-23 07:45:57.066952,6692,5444,2188,0
2026-08-23 07:45:57.066971,6595,5410,1816,0
2026-08-23 07:45:57.066991,6664,5490,2405,0
2026-08-23 07:45:57.067011,6580,5448,1524,0
2026-08-23 07:45:57.067031,6627,5449,2115,0
2026-08-23 07:45:57.067051,6551,5361,379,0
2026-08-23 07:45:57.067071,6599,5460,2385,0
2026-08-23 07:45:57.067091,6608,5313,0,0
2026-08-23 07:45:57.067111,6587,5462,2218,0
2026-08-23 07:45:57.067132,6685,5472,2599,0
2026-08-23 07:45:57.067151,6617,5489,2402,0
2026-08-23 07:45:57.067171,6701,5504,2646,0
2026-08-23 07:45:57.067191,6620,5433,2287,0
2026-08-23 07:45:57.067211,6679,5475,2240,0
2026-08-23 07:45:57.067231,6620,5449,2376,0
2026-08-23 07:45:57.067251,6693,5491,2417,0
2026-08-23 07:45:57.067271,6626,5480,2287,0
2026-08-23 07:45:57.067291,6669,5445,2106,0
2026-08-23 07:45:57.067312,6543,5327,119,0
2026-08-23 07:45:57.067331,6596,5455,2337,0
2026-08-23 07:45:57.067351,6519,5275,0,0
2026-08-23 07:45:57.067371,6593,5458,2103,0
2026-08-23 07:45:57.067391,6665,5473,2804,0
2026-08-23 07:45:57.067411,6622,5472,2414,0
2026-08-23 07:45:57.067431,6698,5485,2877,0
2026-08-23 07:45:57.067451,6626,5483,2265,0
2026-08-23 07:45:57.067472,6690,5462,2441,0
2026-08-23 07:45:57.067491,6605,5449,2345,0
2026-08-23 07:45:57.067511,6698,5479,2582,0
2026-08-23 07:45:57.067531,6613,5471,2227,0
2026-08-23 07:45:57.067551,6683,5457,2229,0
2026-08-23 07:45:57.067571,6613,5482,2376,0
2026-08-23 07:45:57.067591,6693,5478,2414,0
2026-08-23 07:45:57.067611,6704,5484,2355,0
2026-08-23 07:45:57.067631,6690,5471,2122,0
2026-08-23 07:45:57.067652,6588,5392,1327,0
2026-08-23 07:45:57.067671,6617,5494,2326,0
2026-08-23 07:45:57.067691,6578,5420,1234,0
2026-08-23 07:45:57.067711,6610,5437,2030,0
2026-08-23 07:45:57.067731,6563,5343,542,0
2026-08-23 07:45:57.067751,6609,5463,2333,0
2026-08-23 07:45:57.067771,6558,5362,402,0
2026-08-23 07:45:57.067791,6594,5450,2133,0
2026-08-23 07:45:57.067811,6685,5491,2767,0
2026-08-23 07:45:57.067832,6614,5497,2367,0
2026-08-23 07:45:57.067851,6700,5489,2874,0
2026-08-23 07:45:57.067871,6611,5479,2201,0
2026-08-23 07:45:57.067891,6688,5466,2450,0
2026-08-23 07:45:57.067911,6627,5479,2512,0
2026-08-23 07:45:57.067931,6703,5498,2576,0
2026-08-23 07:45:57.067951,6614,5455,2420,0
2026-08-23 07:45:57.067971,6686,5456,2200,0
2026-08-23 07:45:57.067991,6598,5467,1896,0
2026-08-23 07:45:57.068012,6669,5497,2372,0
2026-08-23 07:45:57.068031,6594,5428,1701,0
2026-08-23 07:45:57.068051,6626,5473,2104,0
2026-08-23 07:45:57.068071,6571,5402,1034,0
2026-08-23 07:45:57.068091,6607,5485,2328,0
2026-08-23 07:45:57.068111,6571,5397,790,0
2026-08-23 07:45:57.068131,6598,5487,2178,0
2026-08-23 07:45:57.068151,6681,5516,2828,0
2026-08-23 07:45:57.068172,6617,5484,2340,0
2026-08-23 07:45:57.068192,6703,5519,2928,0
2026-08-23 07:45:57.068211,6621,5464,2211,0
2026-08-23 07:45:57.068231,6685,5476,2534,0
2026-08-23 07:45:57.068251,6628,5489,2451,0
2026-08-23 07:45:57.068271,6694,5470,2658,0
2026-08-23 07:45:57.068291,6625,5487,2349,0
2026-08-23 07:45:57.068311,6693,5439,2295,0
2026-08-23 07:45:57.068331,6610,5452,2190,0
2026-08-23 07:45:57.068352,6675,5457,2434,0
2026-08-23 07:45:57.068371,6609,5438,2173,0
2026-08-23 07:45:57.068391,6667,5471,2134,0
2026-08-23 07:45:57.068411,6596,5457,2102,0
2026-08-23 07:45:57.068431,6677,5457,2357,0
2026-08-23 07:45:57.068451,6618,5425,2148,0
2026-08-23 07:45:57.068471,6672,5475,2082,0
2026-08-23 07:45:57.068491,6544,5310,159,0
2026-08-23 07:45:57.068511,6608,5449,2300,0
2026-08-23 07:45:57.068532,6542,5321,37,0
2026-08-23 07:45:57.068551,6587,5460,2086,0
2026-08-23 07:45:57.068571,6503,5275,0,0
2026-08-23 07:45:57.068591,6586,5491,2389,0
2026-08-23 07:45:57.068611,6543,5267,0,0
2026-08-23 07:45:57.068631,6578,5460,2197,0
2026-08-23 07:45:57.068651,6684,5489,2629,0
2026-08-23 07:45:57.068671,6617,5470,2354,0
2026-08-23 07:45:57.068691,6687,5476,2736,0
2026-08-23 07:45:57.068712,6616,5478,2217,0
2026-08-23 07:45:57.068731,6681,5486,2359,0
2026-08-23 07:45:57.068751,6619,5479,2474,0
2026-08-23 07:45:57.068771,6701,5500,2538,0
2026-08-23 07:45:57.068791,6621,5453,2406,0
2026-08-23 07:45:57.068811,6690,5434,2187,0
2026-08-23 07:45:57.068831,6602,5419,1949,0
2026-08-23 07:45:57.068851,6667,5455,2374,0
2026-08-23 07:45:57.068871,6584,5422,1864,0
2026-08-23 07:45:57.068892,6632,5459,2119,0
2026-08-23 07:45:57.068911,6582,5432,1343,0
2026-08-23 07:45:57.068931,6614,5493,2335,0
2026-08-23 07:45:57.068951,6585,5391,1163,0
2026-08-23 07:45:57.068971,6587,5448,2121,0
2026-08-23 07:45:57.068991,6686,5495,2861,0
2026-08-23 07:45:57.069011,6616,5487,2353,0
2026-08-23 07:45:57.069031,6706,5486,2919,0
2026-08-23 07:45:57.069052,6620,5488,2185,0
2026-08-23 07:45:57.069071,6686,5497,2504,0
2026-08-23 07:45:57.069091,6626,5455,2473,0
2026-08-23 07:45:57.069111,6704,5475,2639,0
2026-08-23 07:45:57.069131,6623,5460,2367,0
2026-08-23 07:45:57.069151,6692,5492,2261,0
2026-08-23 07:45:57.069171,6606,5468,2148,0
2026-08-23 07:45:57.069191,6683,5480,2226,0
2026-08-23 07:45:57.069211,6599,5486,2111,0
2026-08-23 07:45:57.069232,6681,5460,2121,0
2026-08-23 07:45:57.069251,6599,5456,2005,0
2026-08-23 07:45:57.069271,6665,5489,2348,0
2026-08-23 07:45:57.069291,6603,5419,2025,0
2026-08-23 07:45:57.069311,6667,5416,2085,0
2026-08-23 07:45:57.069331,6433,5325,0,0
2026-08-23 07:45:57.069351,6592,5443,2311,0
2026-08-23 07:45:57.069371,6513,5345,0,0
2026-08-23 07:45:57.069391,6596,5453,2074,0
2026-08-23 07:45:57.069412,6527,5230,0,0
2026-08-23 07:45:57.069431,6602,5412,2358,0
2026-08-23 07:45:57.069451,6552,5225,0,0
2026-08-23 07:45:57.069471,6591,5428,2166,0
2026-08-23 07:45:57.069491,6677,5467,2538,0
2026-08-23 07:45:57.069511,6613,5445,2350,0
2026-08-23 07:45:57.069531,6687,5486,2770,0
2026-08-23 07:45:57.069551,6616,5416,2216,0
2026-08-23 07:45:57.069571,6686,5439,2406,0
2026-08-23 07:45:57.069592,6617,5473,2465,0
2026-08-23 07:45:57.069611,6700,5453,2527,0
2026-08-23 07:45:57.069631,6611,5478,2395,0
2026-08-23 07:45:57.069651,6688,5476,2207,0
2026-08-23 07:45:57.069671,6605,5416,1969,0
2026-08-23 07:45:57.069691,6664,5489,2382,0
2026-08-23 07:45:57.069711,6598,5417,1823,0
2026-08-23 07:45:57.069731,6632,5468,2113,0
2026-08-23 07:45:57.069752,6570,5383,1081,0
2026-08-23 07:45:57.069772,6600,5488,2365,0
2026-08-23 07:45:57.069791,6559,5381,449,0
2026-08-23 07:45:57.069811,6602,5483,2178,0
2026-08-23 07:45:57.069831,6682,5513,2703,0
2026-08-23 07:45:57.069851,6618,5465,2398,0
2026-08-23 07:45:57.069871,6688,5480,2751,0
2026-08-23 07:45:57.069891,6617,5440,2263,0
2026-08-23 07:45:57.069911,6685,5452,2331,0
2026-08-23 07:45:57.069932,6616,5487,2484,0
2026-08-23 07:45:57.069951,6702,5472,2452,0
2026-08-23 07:45:57.069971,6612,5503,2409,0
2026-08-23 07:45:57.069991,6682,5479,2120,0
2026-08-23 07:45:57.070011,6557,5369,875,0
2026-08-23 07:45:57.070031,6606,5444,2356,0
2026-08-23 07:45:57.070051,6528,5312,0,0
2026-08-23 07:45:57.070071,6590,5455,2131,0
2026-08-23 07:45:57.070091,6683,5528,2793,0
2026-08-23 07:45:57.070112,6666,5468,2453,0
2026-08-23 07:45:57.070131,6704,5509,2809,0
2026-08-23 07:45:57.070151,6631,5460,2330,0
2026-08-23 07:45:57.070171,6691,5469,2348,0
2026-08-23 07:45:57.070191,6607,5427,2381,0
2026-08-23 07:45:57.070211,6542,5262,0,0
2026-08-23 07:45:57.143239,6632,2820,1725,0
2026-08-23 07:45:57.143260,6602,3545,2289,0
2026-08-23 07:45:57.143279,6519,3852,0,0
2026-08-23 07:45:57.143299,6592,4418,2062,0
2026-08-23 07:45:57.143319,6553,4456,0,0
2026-08-23 07:45:57.143339,6593,4892,2355,0
2026-08-23 07:45:57.143359,6565,4834,0,0
2026-08-23 07:45:57.143379,6587,5071,2170,0
2026-08-23 07:45:57.143399,6681,5208,2644,0
2026-08-23 07:45:57.143420,6617,5281,2366,0
2026-08-23 07:45:57.143440,6690,5363,2756,0
2026-08-23 07:45:57.143459,6610,5356,2217,0
2026-08-23 07:45:57.143479,6681,5400,2400,0
2026-08-23 07:45:57.143499,6631,5398,2476,0
2026-08-23 07:45:57.143519,6699,5436,2540,0
2026-08-23 07:45:57.143539,6617,5448,2398,0
2026-08-23 07:45:57.143559,6690,5419,2211,0
2026-08-23 07:45:57.143579,6607,5439,2093,0
2026-08-23 07:45:57.143600,6668,5468,2375,0
2026-08-23 07:45:57.143620,6605,5444,2054,0
2026-08-23 07:45:57.143639,6665,5460,1789,0
2026-08-23 07:45:57.143659,6601,5400,1859,0
2026-08-23 07:45:57.143679,6628,5441,2343,0
2026-08-23 07:45:57.143699,6597,5423,1827,0
2026-08-23 07:45:57.143719,6634,5432,2104,0
2026-08-23 07:45:57.143739,6498,5255,0,0
2026-08-23 07:45:57.143759,6588,5463,2323,0
2026-08-23 07:45:57.143780,6595,5264,0,0
2026-08-23 07:45:57.143799,6587,5434,2118,0
2026-08-23 07:45:57.143819,6674,5475,2750,0
2026-08-23 07:45:57.143839,6620,5462,2414,0
2026-08-23 07:45:57.143859,6700,5494,2869,0
2026-08-23 07:45:57.143879,6625,5450,2209,0
2026-08-23 07:45:57.143899,6688,5438,2514,0
2026-08-23 07:45:57.143919,6612,5424,2321,0
2026-08-23 07:45:57.143939,6695,5491,2692,0
2026-08-23 07:45:57.143960,6612,5453,2193,0
2026-08-23 07:45:57.143979,6678,5443,2381,0
2026-08-23 07:45:57.143999,6619,5447,2416,0
2026-08-23 07:45:57.144019,6693,5492,2581,0
2026-08-23 07:45:57.144039,6618,5454,2270,0
2026-08-23 07:45:57.144059,6686,5471,2623,0
2026-08-23 07:45:57.165188,6622,3284,2335,0
2026-08-23 07:45:57.165208,6594,3825,1608,0
2026-08-23 07:45:57.165228,6617,4277,2080,0
2026-08-23 07:45:57.165248,6576,4549,1039,0
2026-08-23 07:45:57.165268,6600,4843,2337,0
2026-08-23 07:45:57.165288,6569,4933,814,0
2026-08-23 07:45:57.165308,6587,5150,2128,0
2026-08-23 07:45:57.165328,6673,5249,2831,0
2026-08-23 07:45:57.165348,6613,5316,2326,0
2026-08-23 07:45:57.165368,6686,5367,2970,0
2026-08-23 07:45:57.165388,6621,5332,2139,0
2026-08-23 07:45:57.165408,6670,5419,2622,0
2026-08-23 07:45:57.165428,6620,5406,2361,0
2026-08-23 07:45:57.165448,6561,5308,682,0
2026-08-23 07:45:57.183352,6547,4431,0,0
2026-08-23 07:45:57.183372,6580,4826,2145,0
2026-08-23 07:45:57.183392,6681,4991,2692,0
2026-08-23 07:45:57.183412,6609,5133,2334,0
2026-08-23 07:45:57.183432,6699,5262,2854,0
2026-08-23 07:45:57.183452,6608,5278,2137,0
2026-08-23 07:45:57.183472,6675,5356,2509,0
2026-08-23 07:45:57.183492,6623,5350,2429,0
2026-08-23 07:45:57.183512,6701,5405,2651,0
2026-08-23 07:45:57.183532,6621,5411,2236,0
2026-08-23 07:45:57.183552,6687,5400,2755,0
2026-08-23 07:45:57.202293,6617,4885,2372,0
2026-08-23 07:45:57.202313,6534,4841,0,0
2026-08-23 07:45:57.202333,6586,5106,2125,0
2026-08-23 07:45:57.202353,6679,5280,2765,0
2026-08-23 07:45:57.202373,6614,5301,2325,0
2026-08-23 07:45:57.202393,6701,5346,2931,0
2026-08-23 07:45:57.202413,6617,5356,2133,0
2026-08-23 07:45:57.202433,6680,5421,2589,0
2026-08-23 07:45:57.202453,6629,5393,2400,0
2026-08-23 07:45:57.202473,6683,5468,2768,0
2026-08-23 07:45:57.202493,6624,5420,2175,0
2026-08-23 07:45:57.202513,6688,5444,2945,0
2026-08-23 07:45:57.221280,6627,4862,2731,0
2026-08-23 07:45:57.221300,6613,4979,2191,0
2026-08-23 07:45:57.221320,6683,5168,2485,0
2026-08-23 07:45:57.221340,6619,5246,2293,0
2026-08-23 07:45:57.221360,6694,5317,2742,0
2026-08-23 07:45:57.221380,6619,5309,2138,0
2026-08-23 07:45:57.221400,6679,5401,2428,0
2026-08-23 07:45:57.221420,6617,5412,2396,0
2026-08-23 07:45:57.221440,6698,5450,2697,0
2026-08-23 07:45:57.221460,6624,5395,2233,0
2026-08-23 07:45:57.221480,6685,5425,2467,0
2026-08-23 07:45:57.221500,6617,5432,2283,0
2026-08-23 07:45:57.239993,6618,4827,2104,0
2026-08-23 07:45:57.240013,6680,5039,2856,0
2026-08-23 07:45:57.240033,6616,5093,2284,0
2026-08-23 07:45:57.240053,6715,5379,1916,0
2026-08-23 07:45:57.240073,6600,5224,2086,0
2026-08-23 07:45:57.240093,6683,5344,2748,0
2026-08-23 07:45:57.240113,6623,5370,2351,0
2026-08-23 07:45:57.240133,6665,5314,19,0
2026-08-23 07:45:57.240153,6590,5367,2181,0
2026-08-23 07:45:57.240173,6684,5410,2602,0
2026-08-23 07:45:57.240193,6618,5416,2333,0
2026-08-23 07:45:57.240213,6589,5211,0,0
2026-08-23 07:45:57.259159,6623,4851,2259,0
2026-08-23 07:45:57.259179,6603,4973,2280,0
2026-08-23 07:45:57.259199,6683,5166,2490,0
2026-08-23 07:45:57.259219,6606,5194,2242,0
2026-08-23 07:45:57.259239,6675,5271,2205,0
2026-08-23 07:45:57.259259,6613,5339,2409,0
2026-08-23 07:45:57.259279,6685,5378,2404,0
2026-08-23 07:45:57.259299,6615,5403,2378,0
2026-08-23 07:45:57.259319,6678,5436,2134,0
2026-08-23 07:45:57.259339,6592,5406,1885,0
2026-08-23 07:45:57.259359,6639,5454,2355,0
2026-08-23 07:45:57.259379,6606,5393,2199,0
2026-08-23 07:45:57.280095,6604,4789,2273,0
2026-08-23 07:45:57.280115,6685,5022,2537,0
2026-08-23 07:45:57.280135,6612,5073,2207,0
2026-08-23 07:45:57.280155,6685,5203,2272,0
2026-08-23 07:45:57.280175,6613,5313,2412,0
2026-08-23 07:45:57.280195,6684,5345,2475,0
2026-08-23 07:45:57.280215,6620,5361,2355,0
2026-08-23 07:45:57.280235,6682,5409,2207,0
2026-08-23 07:45:57.280255,6593,5380,2145,0
2026-08-23 07:45:57.280275,6679,5416,2402,0
2026-08-23 07:45:57.280295,6599,5442,2176,0
2026-08-23 07:45:57.280315,6673,5446,2212,0
2026-08-23 07:45:57.280335,6611,5403,2445,0
2026-08-23 07:45:57.301405,6612,4719,2017,0
2026-08-23 07:45:57.301425,6613,4916,2261,0
2026-08-23 07:45:57.301445,6683,5079,2307,0
2026-08-23 07:45:57.301465,6563,5166,2321,0
2026-08-23 07:45:57.301485,6684,5272,2092,0
2026-08-23 07:45:57.301505,6581,5278,1427,0
2026-08-23 07:45:57.301525,6618,5355,2300,0
2026-08-23 07:45:57.301545,6593,5353,1595,0
2026-08-23 07:45:57.301565,6617,5399,2038,0
2026-08-23 07:45:57.301585,6578,5377,1477,0
2026-08-23 07:45:57.301605,6614,5441,2313,0
2026-08-23 07:45:57.301625,6602,5396,2090,0
2026-08-23 07:45:57.301645,6675,5394,2145,0
2026-08-23 07:45:57.321515,6594,4709,1356,0
2026-08-23 07:45:57.321535,6608,4919,2071,0
2026-08-23 07:45:57.321555,6503,4892,0,0
2026-08-23 07:45:57.321575,6594,5172,2296,0
2026-08-23 07:45:57.321595,6518,5096,0,0
2026-08-23 07:45:57.321615,6585,5277,2082,0
2026-08-23 07:45:57.321635,6564,5144,0,0
2026-08-23 07:45:57.321656,6596,5367,2385,0
2026-08-23 07:45:57.321675,6605,5268,0,0
2026-08-23 07:45:57.321695,6524,5385,2187,0
2026-08-23 07:45:57.321715,6675,5468,2594,0
2026-08-23 07:45:57.321735,6611,5400,2333,0
2026-08-23 07:45:57.321755,6518,5241,0,0
2026-08-23 07:45:57.342355,6629,4833,2639,0
2026-08-23 07:45:57.342375,6619,5001,2315,0
2026-08-23 07:45:57.342395,6695,5175,2945,0
2026-08-23 07:45:57.342415,6626,5151,2107,0
2026-08-23 07:45:57.342435,6671,5302,2657,0
2026-08-23 07:45:57.342455,6622,5334,2362,0
2026-08-23 07:45:57.342475,6697,5380,2832,0
2026-08-23 07:45:57.342495,6621,5362,2172,0
2026-08-23 07:45:57.342515,6688,5403,2536,0
2026-08-23 07:45:57.342535,6616,5400,2306,0
2026-08-23 07:45:57.342555,6700,5448,2760,0
2026-08-23 07:45:57.342575,6620,5402,2125,0
2026-08-23 07:45:57.342595,6525,5266,0,0
2026-08-23 07:45:57.362587,6621,4781,2201,0
2026-08-23 07:45:57.362607,6678,4974,2303,0
2026-08-23 07:45:57.362627,6609,5101,2420,0
2026-08-23 07:45:57.362647,6628,5203,2580,0
2026-08-23 07:45:57.362667,6622,5259,2320,0
2026-08-23 07:45:57.362687,6683,5348,2291,0
2026-08-23 07:45:57.362707,6605,5407,2273,0
2026-08-23 07:45:57.362727,6679,5420,2479,0
2026-08-23 07:45:57.362747,6597,5405,2220,0
2026-08-23 07:45:57.362767,6676,5427,2202,0
2026-08-23 07:45:57.362787,6603,5463,2401,0
2026-08-23 07:45:57.362807,6691,5450,2474,0
2026-08-23 07:45:57.362827,6622,5427,2266,0
2026-08-23 07:45:57.383098,6616,4858,2355,0
2026-08-23 07:45:57.383118,6681,5019,2547,0
2026-08-23 07:45:57.383138,6617,5098,2322,0
2026-08-23 07:45:57.383158,6685,5228,2286,0
2026-08-23 07:45:57.383178,6605,5290,2260,0
2026-08-23 07:45:57.383198,6693,5332,2460,0
2026-08-23 07:45:57.383219,6606,5374,2219,0
2026-08-23 07:45:57.383239,6675,5406,2201,0
2026-08-23 07:45:57.383258,6623,5393,2367,0
2026-08-23 07:45:57.383278,6688,5418,2420,0
2026-08-23 07:45:57.383298,6617,5458,2357,0
2026-08-23 07:45:57.383318,6684,5440,2243,0
2026-08-23 07:45:57.383338,6627,5390,2295,0
2026-08-23 07:45:57.403521,6615,4801,2138,0
2026-08-23 07:45:57.403541,6692,5032,2891,0
2026-08-23 07:45:57.403561,6619,5134,2273,0
2026-08-23 07:45:57.403581,6563,4997,0,0
2026-08-23 07:45:57.403601,6576,5241,2039,0
2026-08-23 07:45:57.403621,6513,5077,0,0
2026-08-23 07:45:57.403641,6586,5340,2308,0
2026-08-23 07:45:57.403661,6506,5204,0,0
2026-08-23 07:45:57.403681,6584,5404,2095,0
2026-08-23 07:45:57.403701,6680,5455,2800,0
2026-08-23 07:45:57.403721,6621,5396,2288,0
2026-08-23 07:45:57.403741,6535,5216,0,0
2026-08-23 07:45:57.403761,6595,5371,2055,0
2026-08-23 07:45:57.424324,6623,4779,2306,0
2026-08-23 07:45:57.424344,6593,4939,1706,0
2026-08-23 07:45:57.424364,6630,5067,2035,0
2026-08-23 07:45:57.424384,6584,5180,1612,0
2026-08-23 07:45:57.424404,6623,5270,2301,0
2026-08-23 07:45:57.424424,6599,5289,1884,0
2026-08-23 07:45:57.424444,6663,5369,2035,0
2026-08-23 07:45:57.424464,6526,5253,87,0
2026-08-23 07:45:57.424484,6587,5435,2271,0
2026-08-23 07:45:57.424504,6559,5344,606,0
2026-08-23 07:45:57.424524,6576,5437,2022,0
2026-08-23 07:45:57.424544,6580,5386,1219,0
2026-08-23 07:45:57.424564,6609,5428,2312,0
2026-08-23 07:45:57.444678,6515,4543,0,0
2026-08-23 07:45:57.444698,6608,4964,2278,0
2026-08-23 07:45:57.444718,6576,5012,959,0
2026-08-23 07:45:57.444738,6595,5230,2086,0
2026-08-23 07:45:57.444758,6519,5036,0,0
2026-08-23 07:45:57.444778,6585,5261,2219,0
2026-08-23 07:45:57.444798,6522,5202,0,0
2026-08-23 07:45:57.444818,6577,5373,2004,0
2026-08-23 07:45:57.444838,6542,5270,0,0
2026-08-23 07:45:57.444858,6595,5392,2279,0
2026-08-23 07:45:57.444878,6575,5327,926,0
2026-08-23 07:45:57.444898,6586,5405,2024,0
2026-08-23 07:45:57.444918,6577,5366,1319,0
2026-08-23 07:45:57.465920,6622,4817,2365,0
2026-08-23 07:45:57.465940,6677,4988,2230,0
2026-08-23 07:45:57.465960,6600,5092,2233,0
2026-08-23 07:45:57.465980,6683,5211,2454,0
2026-08-23 07:45:57.466000,6668,5289,2203,0
2026-08-23 07:45:57.466020,6682,5334,2208,0
2026-08-23 07:45:57.466040,6617,5394,2404,0
2026-08-23 07:45:57.466060,6688,5395,2444,0
2026-08-23 07:45:57.466080,6610,5428,2348,0
2026-08-23 07:45:57.466100,6683,5406,2191,0
2026-08-23 07:45:57.466120,6601,5437,1627,0
2026-08-23 07:45:57.466140,6671,5462,2508,0
2026-08-23 07:45:57.466160,6615,5398,2117,0
2026-08-23 07:45:57.486163,6620,4749,2529,0
2026-08-23 07:45:57.486183,6614,4937,1890,0
2026-08-23 07:45:57.486203,6673,5059,2356,0
2026-08-23 07:45:57.486223,6612,5176,2393,0
2026-08-23 07:45:57.486243,6692,5301,2609,0
2026-08-23 07:45:57.486263,6609,5336,2273,0
2026-08-23 07:45:57.486283,6681,5342,2327,0
2026-08-23 07:45:57.486303,6606,5366,2264,0
2026-08-23 07:45:57.486323,6698,5416,2576,0
2026-08-23 07:45:57.486343,6616,5407,2164,0
2026-08-23 07:45:57.486363,6681,5433,2346,0
2026-08-23 07:45:57.486383,6615,5430,2360,0
2026-08-23 07:45:57.486403,6619,5371,1398,0
2026-08-23 07:45:57.506601,6519,4681,0,0
2026-08-23 07:45:57.506621,6601,4980,2285,0
2026-08-23 07:45:57.506641,6614,5130,2114,0
2026-08-23 07:45:57.506661,6666,5193,2019,0
2026-08-23 07:45:57.506681,6557,5208,849,0
2026-08-23 07:45:57.506701,6613,5354,2279,0
2026-08-23 07:45:57.506721,6575,5339,1352,0
2026-08-23 07:45:57.506741,6604,5403,2008,0
2026-08-23 07:45:57.506761,6575,5376,1445,0
2026-08-23 07:45:57.506781,6621,5421,2272,0
2026-08-23 07:45:57.506801,6592,5446,1953,0
2026-08-23 07:45:57.506821,6668,5409,2096,0
2026-08-23 07:45:57.506841,6618,5376,2295,0
2026-08-23 07:45:57.526910,6620,4835,2333,0
2026-08-23 07:45:57.526930,6683,5026,2249,0
2026-08-23 07:45:57.526950,6613,5128,2210,0
2026-08-23 07:45:57.526970,6679,5268,2452,0
2026-08-23 07:45:57.526990,6604,5264,2192,0
2026-08-23 07:45:57.527010,6680,5321,2236,0
2026-08-23 07:45:57.527030,6609,5355,2529,0
2026-08-23 07:45:57.527050,6694,5398,2464,0
2026-08-23 07:45:57.527070,6570,5405,2333,0
2026-08-23 07:45:57.527090,6683,5453,2228,0
2026-08-23 07:45:57.527110,6612,5420,2209,0
2026-08-23 07:45:57.527130,6675,5447,2468,0
2026-08-23 07:45:57.527150,6617,5427,2137,0
2026-08-23 07:45:57.547147,6530,4619,362,0
2026-08-23 07:45:57.547167,6583,4883,2005,0
2026-08-23 07:45:57.547187,6554,4976,952,0
2026-08-23 07:45:57.547207,6684,5207,2273,0
2026-08-23 07:45:57.547227,6633,5236,1619,0
2026-08-23 07:45:57.547247,6620,5325,1946,0
2026-08-23 07:45:57.547267,6521,5183,0,0
2026-08-23 07:45:57.547287,6581,5368,2240,0
2026-08-23 07:45:57.547307,6552,5337,560,0
2026-08-23 07:45:57.547327,6581,5427,2018,0
2026-08-23 07:45:57.547347,6573,5355,1381,0
2026-08-23 07:45:57.547367,6621,5443,2317,0
2026-08-23 07:45:57.567957,6615,4862,2011,0
2026-08-23 07:45:57.567977,6593,5008,1571,0
2026-08-23 07:45:57.567997,6626,5170,2282,0
2026-08-23 07:45:57.568017,6596,5197,1944,0
2026-08-23 07:45:57.568037,6679,5282,2032,0
2026-08-23 07:45:57.568057,6555,5212,424,0
2026-08-23 07:45:57.568077,6597,5384,2261,0
2026-08-23 07:45:57.568097,6571,5306,944,0
2026-08-23 07:45:57.568117,6592,5424,2012,0
2026-08-23 07:45:57.568137,6576,5370,819,0
2026-08-23 07:45:57.568157,6601,5463,2284,0
2026-08-23 07:45:57.568177,6598,5440,1911,0
2026-08-23 07:45:57.568197,6666,5442,2076,0
2026-08-23 07:45:57.589006,6603,4708,1810,0
2026-08-23 07:45:57.589026,6624,4954,2057,0
2026-08-23 07:45:57.589046,6552,4987,606,0
2026-08-23 07:45:57.589066,6580,5211,2270,0
2026-08-23 07:45:57.589086,6567,5213,1117,0
2026-08-23 07:45:57.589106,6603,5317,2016,0
2026-08-23 07:45:57.589126,6578,5225,1136,0
2026-08-23 07:45:57.589146,6599,5399,2276,0
2026-08-23 07:45:57.589166,6593,5371,1768,0
2026-08-23 07:45:57.589186,6629,5405,2031,0
2026-08-23 07:45:57.589206,6537,5278,209,0
2026-08-23 07:45:57.589226,6586,5454,2266,0
2026-08-23 07:45:57.589246,6605,5428,2057,0
2026-08-23 07:45:57.609953,6615,4759,2248,0
2026-08-23 07:45:57.609973,6576,4903,1137,0
2026-08-23 07:45:57.609993,6600,5090,2012,0
2026-08-23 07:45:57.610013,6581,5097,1299,0
2026-08-23 07:45:57.610034,6606,5262,2251,0
2026-08-23 07:45:57.610054,6596,5317,1860,0
2026-08-23 07:45:57.610074,6634,5374,2017,0
2026-08-23 07:45:57.610094,6545,5255,481,0
2026-08-23 07:45:57.610113,6587,5399,2252,0
2026-08-23 07:45:57.610133,6580,5352,1206,0
2026-08-23 07:45:57.610153,6600,5411,2001,0
2026-08-23 07:45:57.610173,6593,5416,1813,0
2026-08-23 07:45:57.610193,6640,5449,2353,0
2026-08-23 07:45:57.628381,6611,4733,1990,0
2026-08-23 07:45:57.628401,6666,4945,2320,0
2026-08-23 07:45:57.628421,6610,5058,2302,0
2026-08-23 07:45:57.628441,6671,5168,2096,0
2026-08-23 07:45:57.628461,6583,5243,1735,0
2026-08-23 07:45:57.628481,6633,5321,2309,0
2026-08-23 07:45:57.628501,6604,5342,1993,0
2026-08-23 07:45:57.628521,6665,5367,2075,0
2026-08-23 07:45:57.628541,6601,5380,2118,0
2026-08-23 07:45:57.628561,6670,5428,2316,0
2026-08-23 07:45:57.628581,6608,5421,2354,0
2026-08-23 07:45:57.628601,6695,5428,2621,0
2026-08-23 07:45:57.649240,6623,4945,2374,0
2026-08-23 07:45:57.649260,6782,5059,460,0
2026-08-23 07:45:57.649280,6592,5188,2159,0
2026-08-23 07:45:57.649300,6680,5254,2613,0
2026-08-23 07:45:57.649320,6614,5295,2320,0
2026-08-23 07:45:57.649340,6695,5374,2782,0
2026-08-23 07:45:57.649360,6617,5364,2152,0
2026-08-23 07:45:57.649380,6667,5407,2469,0
2026-08-23 07:45:57.649400,6615,5444,2413,0
2026-08-23 07:45:57.649420,6697,5447,2690,0
2026-08-23 07:45:57.649440,6621,5435,2259,0
2026-08-23 07:45:57.649460,6682,5473,2487,0
2026-08-23 07:45:57.649480,6625,5423,2277,0
2026-08-23 07:45:57.670288,6625,4754,2334,0
2026-08-23 07:45:57.670308,6602,4922,2290,0
2026-08-23 07:45:57.670328,6695,5133,2677,0
2026-08-23 07:45:57.670348,6619,5165,2163,0
2026-08-23 07:45:57.670368,6678,5255,2433,0
2026-08-23 07:45:57.670388,6618,5319,2400,0
2026-08-23 07:45:57.670408,6690,5365,2685,0
2026-08-23 07:45:57.670429,6613,5364,2252,0
2026-08-23 07:45:57.670448,6680,5428,2399,0
2026-08-23 07:45:57.670468,6623,5379,2277,0
2026-08-23 07:45:57.670488,6687,5464,2633,0
2026-08-23 07:45:57.670508,6622,5431,2125,0
2026-08-23 07:45:57.670528,6688,5463,2749,0
2026-08-23 07:45:57.690007,6609,4736,2099,0
2026-08-23 07:45:57.690027,6682,4942,2696,0
2026-08-23 07:45:57.690047,6615,5082,2310,0
2026-08-23 07:45:57.690067,6548,5011,0,0
2026-08-23 07:45:57.690087,6584,5285,2086,0
2026-08-23 07:45:57.690107,6678,5336,2825,0
2026-08-23 07:45:57.690127,6618,5370,2257,0
2026-08-23 07:45:57.690147,6591,5252,0,0
2026-08-23 07:45:57.690167,6583,5364,2014,0
2026-08-23 07:45:57.690187,6511,5200,0,0
2026-08-23 07:45:57.690207,6581,5433,2284,0
2026-08-23 07:45:57.690227,6582,5345,1165,0
2026-08-23 07:45:57.690247,6619,5372,2066,0
2026-08-23 07:45:57.710473,6631,4890,2409,0
2026-08-23 07:45:57.710493,6694,5091,2655,0
2026-08-23 07:45:57.710513,6606,5143,2267,0
2026-08-23 07:45:57.710533,6688,5271,2371,0
2026-08-23 07:45:57.710553,6618,5308,2297,0
2026-08-23 07:45:57.710573,6682,5401,2618,0
2026-08-23 07:45:57.710593,6611,5362,2186,0
2026-08-23 07:45:57.710613,6686,5387,2297,0
2026-08-23 07:45:57.710633,6616,5430,2416,0
2026-08-23 07:45:57.710653,6692,5441,2539,0
2026-08-23 07:45:57.710673,6608,5427,2319,0
2026-08-23 07:45:57.710693,6690,5453,2272,0
2026-08-23 07:45:57.710713,6609,5453,2311,0
2026-08-23 07:45:57.731630,6615,4808,2058,0
2026-08-23 07:45:57.731650,6594,4909,1660,0
2026-08-23 07:45:57.731670,6632,5092,2299,0
2026-08-23 07:45:57.731690,6590,5207,1925,0
2026-08-23 07:45:57.731710,6639,5262,2068,0
2026-08-23 07:45:57.731730,6596,5330,2027,0
2026-08-23 07:45:57.731750,6668,5366,2302,0
2026-08-23 07:45:57.731770,6606,5413,2268,0
2026-08-23 07:45:57.731790,6674,5397,2074,0
2026-08-23 07:45:57.731810,6586,5388,1583,0
2026-08-23 07:45:57.731830,6616,5461,2293,0
2026-08-23 07:45:57.731850,6608,5438,2125,0
2026-08-23 07:45:57.731870,6676,5405,2370,0
2026-08-23 07:45:57.750683,6609,4753,2183,0
2026-08-23 07:45:57.750703,6676,4953,2334,0
2026-08-23 07:45:57.750723,6611,5058,2397,0
2026-08-23 07:45:57.750743,6691,5225,2608,0
2026-08-23 07:45:57.750763,6618,5278,2277,0
2026-08-23 07:45:57.750783,6687,5301,2353,0
2026-08-23 07:45:57.750803,6608,5349,2292,0
2026-08-23 07:45:57.750823,6687,5404,2580,0
2026-08-23 07:45:57.750843,6612,5388,2199,0
2026-08-23 07:45:57.750863,6682,5403,2303,0
2026-08-23 07:45:57.750883,6612,5445,2411,0
2026-08-23 07:45:57.750903,6714,5528,2111,0
2026-08-23 07:45:57.768629,6630,4817,2658,0
2026-08-23 07:45:57.768649,6615,5003,2313,0
2026-08-23 07:45:57.768669,6535,4905,0,0
2026-08-23 07:45:57.768689,6589,5215,2102,0
2026-08-23 07:45:57.768709,6678,5309,2749,0
2026-08-23 07:45:57.768729,6598,5336,2269,0
2026-08-23 07:45:57.768749,6708,5441,3821,0
2026-08-23 07:45:57.768769,6635,5343,2036,0
2026-08-23 07:45:57.768789,6584,5278,0,0
2026-08-23 07:45:57.768809,6592,5408,2294,0
2026-08-23 07:45:57.768829,6586,5329,843,0
2026-08-23 07:45:57.768849,6609,5412,2126,0
2026-08-23 07:45:57.786113,6598,4950,1658,0
2026-08-23 07:45:57.786133,6623,5084,2271,0
2026-08-23 07:45:57.786153,6602,5189,2031,0
2026-08-23 07:45:57.786173,6642,5263,2023,0
2026-08-23 07:45:57.786193,6568,5240,895,0
2026-08-23 07:45:57.786213,6598,5384,2248,0
2026-08-23 07:45:57.786233,6580,5367,1505,0
2026-08-23 07:45:57.786253,6609,5378,2004,0
2026-08-23 07:45:57.786273,6591,5367,1642,0
2026-08-23 07:45:57.786293,6635,5415,2275,0
2026-08-23 07:45:57.786313,6613,5426,2255,0
2026-08-23 07:45:57.804380,6593,4781,1398,0
2026-08-23 07:45:57.804400,6515,5037,2264,0
2026-08-23 07:45:57.804420,6597,5126,2028,0
2026-08-23 07:45:57.804440,6667,5217,2027,0
2026-08-23 07:45:57.804461,6556,5204,883,0
2026-08-23 07:45:57.804481,6598,5338,2259,0
2026-08-23 07:45:57.804501,6580,5307,1421,0
2026-08-23 07:45:57.804520,6614,5405,2034,0
2026-08-23 07:45:57.804540,6584,5343,1460,0
2026-08-23 07:45:57.804560,6619,5443,2288,0
2026-08-23 07:45:57.804580,6611,5430,2208,0
2026-08-23 07:45:57.804600,6671,5424,2285,0
2026-08-23 07:45:57.822129,6611,4936,2399,0
2026-08-23 07:45:57.822149,6692,5083,2696,0
2026-08-23 07:45:57.822169,6618,5195,2219,0
2026-08-23 07:45:57.822189,6682,5270,2444,0
2026-08-23 07:45:57.822209,6607,5332,2298,0
2026-08-23 07:45:57.822229,6691,5378,2686,0
2026-08-23 07:45:57.822249,6607,5374,2138,0
2026-08-23 07:45:57.822269,6681,5440,2453,0
2026-08-23 07:45:57.822289,6612,5449,2365,0
2026-08-23 07:45:57.822309,6698,5470,2755,0
2026-08-23 07:45:57.822329,6628,5406,2113,0
2026-08-23 07:45:57.844682,6613,4888,2241,0
2026-08-23 07:45:57.844702,6673,5041,2391,0
2026-08-23 07:45:57.844722,6611,5191,2339,0
2026-08-23 07:45:57.844742,6685,5266,2162,0
2026-08-23 07:45:57.844762,6608,5279,2126,0
2026-08-23 07:45:57.844782,6667,5382,2391,0
2026-08-23 07:45:57.844802,6611,5357,2155,0
2026-08-23 07:45:57.844822,6682,5411,2201,0
2026-08-23 07:45:57.844842,6615,5431,2375,0
2026-08-23 07:45:57.844862,6682,5455,2444,0
2026-08-23 07:45:57.844882,6627,5419,2325,0
2026-08-23 07:45:57.844902,6688,5427,2207,0
2026-08-23 07:45:57.844922,6614,5452,2284,0
2026-08-23 07:45:57.844942,6694,5473,2769,0
2026-08-23 07:45:57.865767,6621,4695,2280,0
2026-08-23 07:45:57.865787,6597,4885,1858,0
2026-08-23 07:45:57.865807,6631,5036,2058,0
2026-08-23 07:45:57.865827,6599,5127,1915,0
2026-08-23 07:45:57.865847,6641,5240,2291,0
2026-08-23 07:45:57.865867,6600,5297,2285,0
2026-08-23 07:45:57.865887,6676,5327,2063,0
2026-08-23 07:45:57.865907,6575,5300,1245,0
2026-08-23 07:45:57.865927,6630,5423,2267,0
2026-08-23 07:45:57.865947,6598,5370,1747,0
2026-08-23 07:45:57.865967,6629,5428,2018,0
2026-08-23 07:45:57.865987,6600,5406,1998,0
2026-08-23 07:45:57.866007,6667,5458,2422,0
2026-08-23 07:45:57.886796,6633,4741,2302,0
2026-08-23 07:45:57.886817,6670,4952,2451,0
2026-08-23 07:45:57.886837,6613,5067,2299,0
2026-08-23 07:45:57.886857,6681,5217,2217,0
2026-08-23 07:45:57.886877,6607,5248,2202,0
2026-08-23 07:45:57.886897,6680,5331,2481,0
2026-08-23 07:45:57.886917,6620,5367,2176,0
2026-08-23 07:45:57.886937,6676,5398,2276,0
2026-08-23 07:45:57.886956,6616,5388,2377,0
2026-08-23 07:45:57.886976,6694,5423,2544,0
2026-08-23 07:45:57.886997,6615,5414,2253,0
2026-08-23 07:45:57.887017,6683,5463,2459,0
2026-08-23 07:45:57.887037,6617,5424,2241,0
2026-08-23 07:45:57.907125,6631,4789,2701,0
2026-08-23 07:45:57.907145,6624,4949,2262,0
2026-08-23 07:45:57.907165,6524,4877,0,0
2026-08-23 07:45:57.907185,6581,5151,2024,0
2026-08-23 07:45:57.907205,6509,5045,0,0
2026-08-23 07:45:57.907225,6592,5305,2285,0
2026-08-23 07:45:57.907245,6563,5273,536,0
2026-08-23 07:45:57.907265,6588,5386,2056,0
2026-08-23 07:45:57.907285,6569,5287,0,0
2026-08-23 07:45:57.907305,6585,5418,2257,0
2026-08-23 07:45:57.907325,6518,5254,0,0
2026-08-23 07:45:57.907345,6589,5404,1997,0
2026-08-23 07:45:57.907365,6587,5362,1791,0
2026-08-23 07:45:57.928189,6615,4791,2188,0
2026-08-23 07:45:57.928209,6671,4969,2289,0
2026-08-23 07:45:57.928229,6610,5096,2405,0
2026-08-23 07:45:57.928249,6697,5218,2542,0
2026-08-23 07:45:57.928269,6620,5305,2294,0
2026-08-23 07:45:57.928289,6682,5314,2297,0
2026-08-23 07:45:57.928309,6617,5341,2275,0
2026-08-23 07:45:57.928329,6683,5417,2538,0
2026-08-23 07:45:57.928349,6611,5423,2179,0
2026-08-23 07:45:57.928369,6682,5414,2278,0
2026-08-23 07:45:57.928389,6614,5460,2424,0
2026-08-23 07:45:57.928409,6693,5445,2602,0
2026-08-23 07:45:57.928429,6620,5403,2165,0
2026-08-23 07:45:57.949422,6639,4765,2637,0
2026-08-23 07:45:57.949442,6615,4945,2216,0
2026-08-23 07:45:57.949462,6687,5104,2431,0
2026-08-23 07:45:57.949482,6598,5172,2289,0
2026-08-23 07:45:57.949502,6694,5286,2706,0
2026-08-23 07:45:57.949522,6608,5295,2146,0
2026-08-23 07:45:57.949542,6674,5371,2422,0
2026-08-23 07:45:57.949562,6617,5419,2331,0
2026-08-23 07:45:57.949582,6707,5418,2703,0
2026-08-23 07:45:57.949602,6624,5402,2202,0
2026-08-23 07:45:57.949622,6683,5458,2452,0
2026-08-23 07:45:57.949642,6610,5405,2278,0
2026-08-23 07:45:57.949662,6555,5308,347,0
2026-08-23 07:45:57.970444,6617,4764,2247,0
2026-08-23 07:45:57.970464,6552,4860,489,0
2026-08-23 07:45:57.970484,6586,5040,1996,0
2026-08-23 07:45:57.970505,6559,5096,838,0
2026-08-23 07:45:57.970525,6718,5258,2262,0
2026-08-23 07:45:57.970545,6597,5271,1673,0
2026-08-23 07:45:57.970565,6630,5329,1996,0
2026-08-23 07:45:57.970585,6544,5281,276,0
2026-08-23 07:45:57.970604,6737,5386,2244,0
2026-08-23 07:45:57.970624,6571,5376,1185,0
2026-08-23 07:45:57.970644,6602,5438,1979,0
2026-08-23 07:45:57.970665,6600,5370,1844,0
2026-08-23 07:45:57.970685,6641,5410,2357,0
2026-08-23 07:45:57.991573,6621,4721,2197,0
2026-08-23 07:45:57.991593,6674,4932,2362,0
2026-08-23 07:45:57.991613,6616,5091,2358,0
2026-08-23 07:45:57.991633,6691,5207,2144,0
2026-08-23 07:45:57.991653,6606,5250,2074,0
2026-08-23 07:45:57.991673,6669,5313,2371,0
2026-08-23 07:45:57.991693,6609,5342,2166,0
2026-08-23 07:45:57.991714,6678,5370,2165,0
2026-08-23 07:45:57.991733,6611,5430,2340,0
2026-08-23 07:45:57.991753,6685,5460,2408,0
2026-08-23 07:45:57.991773,6614,5424,2313,0
2026-08-23 07:45:57.991793,6685,5433,2334,0
2026-08-23 07:45:57.991813,6619,5408,2262,0
2026-08-23 07:45:58.012119,6637,4773,2337,0
2026-08-23 07:45:58.012139,6615,4931,2261,0
2026-08-23 07:45:58.012159,6686,5171,3376,0
2026-08-23 07:45:58.012179,6628,5162,2027,0
2026-08-23 07:45:58.012199,6579,5039,0,0
2026-08-23 07:45:58.012219,6592,5297,2296,0
2026-08-23 07:45:58.012239,6534,5203,0,0
2026-08-23 07:45:58.012259,6586,5401,2084,0
2026-08-23 07:45:58.012279,6680,5415,2844,0
2026-08-23 07:45:58.012299,6724,5400,2249,0
2026-08-23 07:45:58.012319,6543,5228,0,0
2026-08-23 07:45:58.012339,6586,5395,2003,0
2026-08-23 07:45:58.012359,6605,5354,2080,0
2026-08-23 07:45:58.033030,6609,4786,2147,0
2026-08-23 07:45:58.033050,6666,4990,2485,0
2026-08-23 07:45:58.033070,6605,5130,2377,0
2026-08-23 07:45:58.033090,6683,5246,2733,0
2026-08-23 07:45:58.033110,6616,5260,2196,0
2026-08-23 07:45:58.033130,6675,5354,2462,0
2026-08-23 07:45:58.033150,6610,5341,2284,0
2026-08-23 07:45:58.033170,6686,5419,2755,0
2026-08-23 07:45:58.033190,6617,5378,2110,0
2026-08-23 07:45:58.033210,6679,5424,2545,0
2026-08-23 07:45:58.033230,6613,5417,2325,0
2026-08-23 07:45:58.033250,6552,5261,0,0
2026-08-23 07:45:58.033270,6595,5377,2013,0
2026-08-23 07:45:58.053726,6553,4650,0,0
2026-08-23 07:45:58.053746,6584,4941,2006,0
2026-08-23 07:45:58.053766,6500,4900,0,0
2026-08-23 07:45:58.053787,6580,5180,2219,0
2026-08-23 07:45:58.053807,6548,5159,413,0
2026-08-23 07:45:58.053827,6589,5271,2003,0
2026-08-23 07:45:58.053847,6563,5288,930,0
2026-08-23 07:45:58.053867,6593,5393,2274,0
2026-08-23 07:45:58.053886,6589,5385,1632,0
2026-08-23 07:45:58.053906,6627,5400,2032,0
2026-08-23 07:45:58.053926,6523,5273,0,0
2026-08-23 07:45:58.053946,6595,5438,2267,0
2026-08-23 07:45:58.053967,6611,5392,2138,0
2026-08-23 07:45:58.074879,6627,4805,2314,0
2026-08-23 07:45:58.074899,6690,4980,2542,0
2026-08-23 07:45:58.074919,6617,5128,2225,0
2026-08-23 07:45:58.074939,6678,5207,2289,0
2026-08-23 07:45:58.074959,6614,5254,2430,0
2026-08-23 07:45:58.074979,6697,5348,2462,0
2026-08-23 07:45:58.074999,6615,5345,2343,0
2026-08-23 07:45:58.075019,6685,5398,2203,0
2026-08-23 07:45:58.075039,6605,5416,2193,0
2026-08-23 07:45:58.075059,6679,5427,2428,0
2026-08-23 07:45:58.075079,6604,5400,2187,0
2026-08-23 07:45:58.075099,6675,5427,2293,0
2026-08-23 07:45:58.075119,6621,5392,2296,0
2026-08-23 07:45:58.095305,6630,4786,2525,0
2026-08-23 07:45:58.095325,6617,4925,2313,0
2026-08-23 07:45:58.095345,6539,4896,0,0
2026-08-23 07:45:58.095365,6580,5173,2080,0
2026-08-23 07:45:58.095385,6668,5288,2802,0
2026-08-23 07:45:58.095405,6611,5284,2249,0
2026-08-23 07:45:58.095425,6572,5149,0,0
2026-08-23 07:45:58.095445,6587,5338,2005,0
2026-08-23 07:45:58.095465,6506,5179,0,0
2026-08-23 07:45:58.095485,6589,5372,2278,0
2026-08-23 07:45:58.095505,6562,5335,652,0
2026-08-23 07:45:58.095525,6596,5422,2010,0
2026-08-23 07:45:58.095545,6563,5328,1250,0
2026-08-23 07:45:58.116410,6611,4814,2261,0
2026-08-23 07:45:58.116431,6680,4999,2394,0
2026-08-23 07:45:58.116451,6613,5097,2304,0
2026-08-23 07:45:58.116471,6687,5220,2638,0
2026-08-23 07:45:58.116491,6596,5277,2188,0
2026-08-23 07:45:58.116511,6680,5308,2366,0
2026-08-23 07:45:58.116531,6608,5357,2412,0
2026-08-23 07:45:58.116551,6699,5404,2588,0
2026-08-23 07:45:58.116570,6614,5417,2283,0
2026-08-23 07:45:58.116590,6688,5441,2309,0
2026-08-23 07:45:58.116611,6599,5407,2284,0
2026-08-23 07:45:58.116631,6704,5479,2632,0
2026-08-23 07:45:58.116651,6621,5424,2121,0
2026-08-23 07:45:58.137292,6628,4749,2616,0
2026-08-23 07:45:58.137312,6613,4942,2161,0
2026-08-23 07:45:58.137332,6664,5056,2402,0
2026-08-23 07:45:58.137352,6618,5202,2409,0
2026-08-23 07:45:58.137372,6697,5276,2647,0
2026-08-23 07:45:58.137392,6624,5296,2250,0
2026-08-23 07:45:58.137412,6677,5388,2366,0
2026-08-23 07:45:58.137432,6605,5398,2293,0
2026-08-23 07:45:58.137452,6686,5404,2616,0
2026-08-23 07:45:58.137472,6621,5410,2154,0
2026-08-23 07:45:58.137492,6670,5445,2364,0
2026-08-23 07:45:58.137512,6513,5449,2368,0
2026-08-23 07:45:58.137532,6557,5228,0,0
2026-08-23 07:45:58.158434,6622,4734,2376,0
2026-08-23 07:45:58.158454,6691,4988,2696,0
2026-08-23 07:45:58.158474,6614,5079,2183,0
2026-08-23 07:45:58.158494,6687,5201,2452,0
2026-08-23 07:45:58.158514,6616,5280,2277,0
2026-08-23 07:45:58.158534,6688,5363,2752,0
2026-08-23 07:45:58.158554,6746,5321,2121,0
2026-08-23 07:45:58.158574,6682,5382,2512,0
2026-08-23 07:45:58.158594,6616,5392,2338,0
2026-08-23 07:45:58.158614,6726,5472,2790,0
2026-08-23 07:45:58.158634,6612,5450,2180,0
2026-08-23 07:45:58.158654,6690,5427,2699,0
2026-08-23 07:45:58.158674,6614,5399,2263,0
2026-08-23 07:45:58.179235,6630,4741,2768,0
2026-08-23 07:45:58.179255,6609,4909,2296,0
2026-08-23 07:45:58.179275,6597,4933,0,0
2026-08-23 07:45:58.179295,6572,5174,2088,0
2026-08-23 07:45:58.179315,6687,5327,961,0
2026-08-23 07:45:58.179335,6594,5326,2341,0
2026-08-23 07:45:58.179355,6598,5181,0,0
2026-08-23 07:45:58.179375,6584,5380,2151,0
2026-08-23 07:45:58.179394,6679,5435,2669,0
2026-08-23 07:45:58.179415,6616,5391,2315,0
2026-08-23 07:45:58.179435,6695,5444,2847,0
2026-08-23 07:45:58.179455,6612,5414,2079,0
2026-08-23 07:45:58.179475,6575,5303,873,0
2026-08-23 07:45:58.200087,6610,4771,2142,0
2026-08-23 07:45:58.200107,6674,4973,2471,0
2026-08-23 07:45:58.200127,6615,5075,2367,0
2026-08-23 07:45:58.200147,6694,5251,2755,0
2026-08-23 07:45:58.200167,6622,5277,2160,0
2026-08-23 07:45:58.200187,6695,5361,2577,0
2026-08-23 07:45:58.200207,6609,5365,2264,0
2026-08-23 07:45:58.200227,6693,5410,2849,0
2026-08-23 07:45:58.200247,6617,5392,2071,0
2026-08-23 07:45:58.200267,6681,5482,2683,0
2026-08-23 07:45:58.200287,6615,5425,2330,0
2026-08-23 07:45:58.200307,6549,5331,70,0
2026-08-23 07:45:58.200327,6607,5403,2014,0
2026-08-23 07:45:58.221151,6632,4809,2848,0
2026-08-23 07:45:58.221171,6620,4961,2143,0
2026-08-23 07:45:58.221191,6681,5138,2672,0
2026-08-23 07:45:58.221211,6611,5203,2314,0
2026-08-23 07:45:58.221231,6698,5320,2859,0
2026-08-23 07:45:58.221251,6610,5297,2135,0
2026-08-23 07:45:58.221271,6686,5339,2544,0
2026-08-23 07:45:58.221291,6613,5368,2411,0
2026-08-23 07:45:58.221311,6683,5454,2726,0
2026-08-23 07:45:58.221331,6617,5399,2240,0
2026-08-23 07:45:58.221351,6684,5437,2416,0
2026-08-23 07:45:58.221371,6613,5445,2310,0
2026-08-23 07:45:58.221391,6695,5452,3003,0
2026-08-23 07:45:58.241987,6623,4730,2291,0
2026-08-23 07:45:58.242007,6695,4960,2929,0
2026-08-23 07:45:58.242027,6617,5037,2061,0
2026-08-23 07:45:58.242047,6677,5232,2722,0
2026-08-23 07:45:58.242067,6612,5274,2295,0
2026-08-23 07:45:58.242087,6535,5142,0,0
2026-08-23 07:45:58.242107,6585,5321,2072,0
2026-08-23 07:45:58.242127,6681,5427,2826,0
2026-08-23 07:45:58.242146,6608,5395,2222,0
2026-08-23 07:45:58.242167,6515,5211,0,0
2026-08-23 07:45:58.242187,6585,5381,2000,0
2026-08-23 07:45:58.242207,6570,5353,937,0
2026-08-23 07:45:58.242227,6609,5426,2289,0
2026-08-23 07:45:58.262132,6536,4558,0,0
2026-08-23 07:45:58.262152,6589,4905,2277,0
2026-08-23 07:45:58.262172,6553,4948,462,0
2026-08-23 07:45:58.262192,6591,5167,2060,0
2026-08-23 07:45:58.262212,6581,5138,0,0
2026-08-23 07:45:58.262232,6592,5324,2260,0
2026-08-23 07:45:58.262252,6510,5189,0,0
2026-08-23 07:45:58.262272,6579,5344,2024,0
2026-08-23 07:45:58.262292,6513,5239,0,0
2026-08-23 07:45:58.262312,6594,5435,2304,0
2026-08-23 07:45:58.262332,6540,5334,248,0
2026-08-23 07:45:58.262352,6577,5432,2062,0
2026-08-23 07:45:58.262372,6561,5351,738,0
2026-08-23 07:45:58.283147,6605,4851,2017,0
2026-08-23 07:45:58.283167,6638,4976,2035,0
2026-08-23 07:45:58.283187,6576,5040,1284,0
2026-08-23 07:45:58.283207,6606,5228,2267,0
2026-08-23 07:45:58.283227,6575,5280,1697,0
2026-08-23 07:45:58.283247,6630,5355,2010,0
2026-08-23 07:45:58.283267,6589,5338,1868,0
2026-08-23 07:45:58.283287,6639,5441,2228,0
2026-08-23 07:45:58.283307,6600,5435,2207,0
2026-08-23 07:45:58.283327,6669,5444,2023,0
2026-08-23 07:45:58.283347,6582,5408,1505,0
2026-08-23 07:45:58.283367,6625,5461,2322,0
2026-08-23 07:45:58.283387,6600,5404,2155,0
2026-08-23 07:45:58.304197,6614,4799,2526,0
2026-08-23 07:45:58.304217,6615,4945,2106,0
2026-08-23 07:45:58.304237,6678,5077,2480,0
2026-08-23 07:45:58.304257,6613,5210,2328,0
2026-08-23 07:45:58.304277,6697,5319,2819,0
2026-08-23 07:45:58.304297,6623,5286,2147,0
2026-08-23 07:45:58.304317,6680,5360,2612,0
2026-08-23 07:45:58.304337,6613,5395,2271,0
2026-08-23 07:45:58.304357,6692,5413,2903,0
2026-08-23 07:45:58.304377,6602,5383,2109,0
2026-08-23 07:45:58.304397,6671,5462,2655,0
2026-08-23 07:45:58.304417,6617,5418,2321,0
2026-08-23 07:45:58.304437,6586,5346,1197,0
2026-08-23 07:45:58.324932,6621,4752,2351,0
2026-08-23 07:45:58.324952,6538,4740,0,0
2026-08-23 07:45:58.324972,6572,5071,2122,0
2026-08-23 07:45:58.324992,6679,5235,2710,0
2026-08-23 07:45:58.325012,6613,5241,2297,0
2026-08-23 07:45:58.325032,6707,5359,2934,0
2026-08-23 07:45:58.325052,6614,5354,2089,0
2026-08-23 07:45:58.325073,6679,5424,2670,0
2026-08-23 07:45:58.325092,6610,5409,2330,0
2026-08-23 07:45:58.325112,6603,5295,0,0
2026-08-23 07:45:58.325132,6592,5400,2114,0
2026-08-23 07:45:58.325152,6678,5445,2829,0
2026-08-23 07:45:58.325172,6609,5419,2209,0
2026-08-23 07:45:58.345639,6621,4792,2637,0
2026-08-23 07:45:58.345659,6609,4973,2226,0
2026-08-23 07:45:58.345679,6614,5030,0,0
2026-08-23 07:45:58.345699,6588,5196,1992,0
2026-08-23 07:45:58.345719,6499,5086,0,0
2026-08-23 07:45:58.345739,6580,5389,2238,0
2026-08-23 07:45:58.345759,6565,5308,1000,0
2026-08-23 07:45:58.345779,6581,5382,2007,0
2026-08-23 07:45:58.345799,6517,5246,0,0
2026-08-23 07:45:58.345819,6594,5403,2198,0
2026-08-23 07:45:58.345839,6568,5362,1000,0
2026-08-23 07:45:58.345859,6603,5441,1984,0
2026-08-23 07:45:58.345879,6617,5401,2360,0
2026-08-23 07:45:58.366097,6617,4777,2034,0
2026-08-23 07:45:58.366117,6512,4819,0,0
2026-08-23 07:45:58.366138,6587,5133,2380,0
2026-08-23 07:45:58.366158,6545,5067,271,0
2026-08-23 07:45:58.366178,6585,5262,2080,0
2026-08-23 07:45:58.366198,6676,5369,2267,0
2026-08-23 07:45:58.366218,6598,5363,2273,0
2026-08-23 07:45:58.366238,6551,5190,0,0
2026-08-23 07:45:58.366257,6587,5372,2036,0
2026-08-23 07:45:58.366277,6503,5189,0,0
2026-08-23 07:45:58.366297,6583,5390,2290,0
2026-08-23 07:45:58.366318,6571,5332,988,0
2026-08-23 07:45:58.366338,6593,5385,2021,0
2026-08-23 07:45:58.386825,6607,4836,2598,0
2026-08-23 07:45:58.386845,6621,4953,2177,0
2026-08-23 07:45:58.386865,6686,5148,2460,0
2026-08-23 07:45:58.386885,6608,5218,2240,0
2026-08-23 07:45:58.386905,6691,5332,2907,0
2026-08-23 07:45:58.386925,6617,5291,2017,0
2026-08-23 07:45:58.386945,6562,5229,0,0
2026-08-23 07:45:58.386965,6581,5366,2265,0
2026-08-23 07:45:58.386985,6554,5298,493,0
2026-08-23 07:45:58.387005,6579,5401,2073,0
2026-08-23 07:45:58.387025,6501,5260,0,0
2026-08-23 07:45:58.387045,6594,5449,2199,0
2026-08-23 07:45:58.387065,6595,5422,2101,0
2026-08-23 07:45:58.407894,6616,4797,2205,0
2026-08-23 07:45:58.407914,6586,4953,1671,0
2026-08-23 07:45:58.407934,6626,5127,2004,0
2026-08-23 07:45:58.407954,6588,5172,1896,0
2026-08-23 07:45:58.407974,6633,5264,2309,0
2026-08-23 07:45:58.407994,6604,5320,2254,0
2026-08-23 07:45:58.408014,6676,5390,2191,0
2026-08-23 07:45:58.408034,6577,5337,1608,0
2026-08-23 07:45:58.408054,6618,5445,2299,0
2026-08-23 07:45:58.408074,6594,5394,1815,0
2026-08-23 07:45:58.408094,6638,5442,2064,0
2026-08-23 07:45:58.408114,6606,5410,2265,0
2026-08-23 07:45:58.408134,6697,5476,2448,0
2026-08-23 07:45:58.428914,6603,4761,2094,0
2026-08-23 07:45:58.428934,6670,4929,2339,0
2026-08-23 07:45:58.428954,6616,5081,2310,0
2026-08-23 07:45:58.428974,6673,5195,2115,0
2026-08-23 07:45:58.428994,6603,5228,1887,0
2026-08-23 07:45:58.429014,6640,5338,2347,0
2026-08-23 07:45:58.429034,6602,5330,2088,0
2026-08-23 07:45:58.429054,6667,5388,2111,0
2026-08-23 07:45:58.429074,6611,5412,2252,0
2026-08-23 07:45:58.429094,6673,5463,2337,0
2026-08-23 07:45:58.429114,6607,5456,2499,0
2026-08-23 07:45:58.429134,6688,5460,2229,0
2026-08-23 07:45:58.429154,6604,5419,2232,0
2026-08-23 07:45:58.449298,6625,4774,2612,0
2026-08-23 07:45:58.449318,6602,4956,2230,0
2026-08-23 07:45:58.449338,6588,4915,0,0
2026-08-23 07:45:58.449358,6585,5168,2011,0
2026-08-23 07:45:58.449378,6497,5078,0,0
2026-08-23 07:45:58.449398,6587,5324,2273,0
2026-08-23 07:45:58.449418,6557,5229,448,0
2026-08-23 07:45:58.449438,6589,5361,2058,0
2026-08-23 07:45:58.449458,6574,5300,0,0
2026-08-23 07:45:58.449478,6588,5440,2255,0
2026-08-23 07:45:58.449498,6503,5276,0,0
2026-08-23 07:45:58.449518,6588,5424,2011,0
2026-08-23 07:45:58.449538,6599,5369,1872,0
2026-08-23 07:45:58.470332,6613,4802,2105,0
2026-08-23 07:45:58.470352,6665,4979,2113,0
2026-08-23 07:45:58.470372,6614,5146,2352,0
2026-08-23 07:45:58.470392,6685,5211,2400,0
2026-08-23 07:45:58.470412,6609,5311,2335,0
2026-08-23 07:45:58.470432,6678,5311,2179,0
2026-08-23 07:45:58.470452,6601,5343,2176,0
2026-08-23 07:45:58.470472,6667,5431,2421,0
2026-08-23 07:45:58.470492,6603,5394,2183,0
2026-08-23 07:45:58.470512,6670,5453,2223,0
2026-08-23 07:45:58.470532,6555,5436,2376,0
2026-08-23 07:45:58.470552,6690,5456,2612,0
2026-08-23 07:45:58.470572,6613,5423,2099,0
2026-08-23 07:45:58.490317,6614,4799,2806,0
2026-08-23 07:45:58.490337,6624,4950,2086,0
2026-08-23 07:45:58.490357,6682,5157,2780,0
2026-08-23 07:45:58.490377,6623,5186,2232,0
2026-08-23 07:45:58.490397,6544,5032,0,0
2026-08-23 07:45:58.490417,6583,5288,1991,0
2026-08-23 07:45:58.490437,6519,5177,0,0
2026-08-23 07:45:58.490457,6589,5366,2237,0
2026-08-23 07:45:58.490477,6576,5339,1206,0
2026-08-23 07:45:58.490497,6589,5395,2007,0
2026-08-23 07:45:58.490517,6520,5292,0,0
2026-08-23 07:45:58.490537,6584,5443,2252,0
2026-08-23 07:45:58.490557,6612,5363,2108,0
2026-08-23 07:45:58.510957,6564,4832,920,0
2026-08-23 07:45:58.510977,6598,5044,2183,0
2026-08-23 07:45:58.510997,6581,5165,1468,0
2026-08-23 07:45:58.511017,6600,5274,2005,0
2026-08-23 07:45:58.511037,6604,5307,1690,0
2026-08-23 07:45:58.511057,6620,5376,2274,0
2026-08-23 07:45:58.511077,6614,5404,2098,0
2026-08-23 07:45:58.511097,6634,5390,2022,0
2026-08-23 07:45:58.511117,6574,5367,994,0
2026-08-23 07:45:58.511137,6584,5428,2253,0
2026-08-23 07:45:58.511157,6578,5414,1607,0
2026-08-23 07:45:58.511177,6623,5445,2003,0
2026-08-23 07:45:58.511197,6610,5443,2299,0
2026-08-23 07:45:58.532150,6613,4760,1990,0
2026-08-23 07:45:58.532170,6568,4898,897,0
2026-08-23 07:45:58.532190,6598,5074,2244,0
2026-08-23 07:45:58.532210,6554,5204,1957,0
2026-08-23 07:45:58.532230,6663,5286,1996,0
2026-08-23 07:45:58.532250,6585,5230,1128,0
2026-08-23 07:45:58.532270,6604,5363,2232,0
2026-08-23 07:45:58.532290,6590,5339,1818,0
2026-08-23 07:45:58.532310,6627,5419,2000,0
2026-08-23 07:45:58.532330,6604,5395,2103,0
2026-08-23 07:45:58.532350,6667,5433,2291,0
2026-08-23 07:45:58.532370,6611,5421,2294,0
2026-08-23 07:45:58.532390,6690,5453,2341,0
2026-08-23 07:45:58.552793,6607,4764,2158,0
2026-08-23 07:45:58.552813,6677,4988,2655,0
2026-08-23 07:45:58.552833,6594,5055,2232,0
2026-08-23 07:45:58.552853,6705,5296,2283,0
2026-08-23 07:45:58.552873,6593,5238,1997,0
2026-08-23 07:45:58.552893,6505,5135,0,0
2026-08-23 07:45:58.552913,6586,5358,2249,0
2026-08-23 07:45:58.552933,6569,5274,846,0
2026-08-23 07:45:58.552953,6595,5386,2010,0
2026-08-23 07:45:58.552973,6501,5250,0,0
2026-08-23 07:45:58.552993,6586,5411,2204,0
2026-08-23 07:45:58.553013,6589,5402,1522,0
2026-08-23 07:45:58.553033,6613,5393,2067,0
2026-08-23 07:45:58.573781,6584,4689,996,0
2026-08-23 07:45:58.573801,6593,4935,1971,0
2026-08-23 07:45:58.573821,6583,5039,1693,0
2026-08-23 07:45:58.573841,6622,5277,2257,0
2026-08-23 07:45:58.573861,6591,5253,2186,0
2026-08-23 07:45:58.573881,6665,5335,2020,0
2026-08-23 07:45:58.573901,6579,5302,1565,0
2026-08-23 07:45:58.573921,6627,5379,2216,0
2026-08-23 07:45:58.573941,6602,5406,2006,0
2026-08-23 07:45:58.573961,6636,5435,2080,0
2026-08-23 07:45:58.573981,6603,5411,2230,0
2026-08-23 07:45:58.574001,6677,5443,2406,0
2026-08-23 07:45:58.574021,6607,5432,2186,0
2026-08-23 07:45:58.594422,6623,4802,2720,0
2026-08-23 07:45:58.594442,6620,4908,2122,0
2026-08-23 07:45:58.594462,6673,5084,2630,0
2026-08-23 07:45:58.594482,6605,5180,2242,0
2026-08-23 07:45:58.594502,6698,5330,2966,0
2026-08-23 07:45:58.594522,6609,5308,2035,0
2026-08-23 07:45:58.594542,6582,5247,0,0
2026-08-23 07:45:58.594562,6591,5378,2298,0
2026-08-23 07:45:58.594582,6529,5289,0,0
2026-08-23 07:45:58.594602,6579,5414,2060,0
2026-08-23 07:45:58.594622,6684,5456,2144,0
2026-08-23 07:45:58.594642,6599,5412,2242,0
2026-08-23 07:45:58.594662,6606,5371,1748,0
2026-08-23 07:45:58.615239,6602,4804,2288,0
2026-08-23 07:45:58.615259,6688,4973,2903,0
2026-08-23 07:45:58.615279,6615,5084,2019,0
2026-08-23 07:45:58.615299,6678,5164,2706,0
2026-08-23 07:45:58.615319,6614,5302,2313,0
2026-08-23 07:45:58.615339,6543,5156,0,0
2026-08-23 07:45:58.615359,6585,5322,2092,0
2026-08-23 07:45:58.615379,6671,5385,2766,0
2026-08-23 07:45:58.615399,6608,5377,2237,0
2026-08-23 07:45:58.615419,6581,5217,0,0
2026-08-23 07:45:58.615439,6578,5366,2007,0
2026-08-23 07:45:58.615459,6557,5289,575,0
2026-08-23 07:45:58.615479,6605,5427,2296,0
2026-08-23 07:45:58.636141,6533,4643,0,0
2026-08-23 07:45:58.636161,6588,4973,2232,0
2026-08-23 07:45:58.636181,6587,5065,1662,0
2026-08-23 07:45:58.636201,6626,5169,1983,0
2026-08-23 07:45:58.636221,6553,5186,633,0
2026-08-23 07:45:58.636241,6586,5308,2210,0
2026-08-23 07:45:58.636261,6588,5307,1642,0
2026-08-23 07:45:58.636281,6608,5381,1993,0
2026-08-23 07:45:58.636301,6598,5374,2004,0
2026-08-23 07:45:58.636321,6664,5427,2294,0
2026-08-23 07:45:58.636341,6611,5440,2300,0
2026-08-23 07:45:58.636361,6679,5450,2154,0
2026-08-23 07:45:58.636381,6602,5397,2250,0
2026-08-23 07:45:58.657020,6612,4782,2177,0
2026-08-23 07:45:58.657040,6538,4960,2252,0
2026-08-23 07:45:58.657060,6685,5137,2542,0
2026-08-23 07:45:58.657080,6613,5206,2153,0
2026-08-23 07:45:58.657100,6600,5254,2372,0
2026-08-23 07:45:58.657120,6590,5312,2411,0
2026-08-23 07:45:58.657140,6693,5418,2690,0
2026-08-23 07:45:58.657160,6622,5366,2195,0
2026-08-23 07:45:58.657180,6680,5405,2473,0
2026-08-23 07:45:58.657200,6606,5420,2282,0
2026-08-23 07:45:58.657220,6690,5472,2759,0
2026-08-23 07:45:58.657240,6610,5399,2072,0
2026-08-23 07:45:58.657260,6535,5258,41,0
2026-08-23 07:45:58.677706,6613,4771,1998,0
2026-08-23 07:45:58.677726,6544,4735,0,0
2026-08-23 07:45:58.677746,6592,5070,2245,0
2026-08-23 07:45:58.677766,6554,5044,567,0
2026-08-23 07:45:58.677786,6583,5222,1993,0
2026-08-23 07:45:58.677806,6498,5140,0,0
2026-08-23 07:45:58.677826,6587,5331,2191,0
2026-08-23 07:45:58.677846,6560,5280,950,0
2026-08-23 07:45:58.677866,6581,5361,1958,0
2026-08-23 07:45:58.677886,6574,5393,1673,0
2026-08-23 07:45:58.677906,6676,5409,2216,0
2026-08-23 07:45:58.677926,6622,5443,2288,0
2026-08-23 07:45:58.677946,6686,5438,2274,0
2026-08-23 07:45:58.698653,6610,4762,2287,0
2026-08-23 07:45:58.698673,6667,4980,2214,0
2026-08-23 07:45:58.698693,6604,5090,2206,0
2026-08-23 07:45:58.698713,6673,5197,2580,0
2026-08-23 07:45:58.698733,6606,5276,2110,0
2026-08-23 07:45:58.698753,6678,5341,2441,0
2026-08-23 07:45:58.698773,6612,5378,2315,0
2026-08-23 07:45:58.698793,6732,5506,1686,0
2026-08-23 07:45:58.698812,6588,5380,2075,0
2026-08-23 07:45:58.698833,6671,5423,2725,0
2026-08-23 07:45:58.698853,6581,5424,2232,0
2026-08-23 07:45:58.698873,6543,5303,40,0
2026-08-23 07:45:58.698893,6590,5408,1980,0
2026-08-23 07:45:58.719583,6570,4652,667,0
2026-08-23 07:45:58.719603,6586,4923,1984,0
2026-08-23 07:45:58.719623,6573,5055,1656,0
2026-08-23 07:45:58.719643,6617,5222,2236,0
2026-08-23 07:45:58.719663,6611,5241,2192,0
2026-08-23 07:45:58.719683,6642,5293,2006,0
2026-08-23 07:45:58.719703,6588,5305,1666,0
2026-08-23 07:45:58.719723,6627,5382,2270,0
2026-08-23 07:45:58.719743,6586,5415,2061,0
2026-08-23 07:45:58.719763,6640,5406,2098,0
2026-08-23 07:45:58.719783,6603,5420,2302,0
2026-08-23 07:45:58.719803,6671,5435,2505,0
2026-08-23 07:45:58.719823,6621,5444,2115,0
2026-08-23 07:45:58.740592,6553,4658,317,0
2026-08-23 07:45:58.740613,6579,4937,1974,0
2026-08-23 07:45:58.740633,6536,4957,167,0
2026-08-23 07:45:58.740653,6583,5199,2198,0
2026-08-23 07:45:58.740673,6576,5199,1485,0
2026-08-23 07:45:58.740693,6615,5320,1998,0
2026-08-23 07:45:58.740713,6597,5319,1943,0
2026-08-23 07:45:58.740733,6632,5410,2267,0
2026-08-23 07:45:58.740752,6606,5420,2292,0
2026-08-23 07:45:58.740772,6670,5427,2069,0
2026-08-23 07:45:58.740793,6588,5416,1938,0
2026-08-23 07:45:58.740813,6661,5456,2435,0
2026-08-23 07:45:58.740833,6624,5421,2088,0
2026-08-23 07:45:58.761469,6612,4770,2523,0
2026-08-23 07:45:58.761489,6606,4954,2124,0
2026-08-23 07:45:58.761509,6679,5134,2451,0
2026-08-23 07:45:58.761529,6609,5178,2324,0
2026-08-23 07:45:58.761549,6675,5320,2796,0
2026-08-23 07:45:58.761569,6620,5294,2118,0
2026-08-23 07:45:58.761589,6677,5406,2630,0
2026-08-23 07:45:58.761609,6603,5366,2236,0
2026-08-23 07:45:58.761629,6691,5476,3767,0
2026-08-23 07:45:58.761649,6636,5400,2018,0
2026-08-23 07:45:58.761669,6516,5249,0,0
2026-08-23 07:45:58.761689,6591,5426,2218,0
2026-08-23 07:45:58.761709,6611,5395,2131,0
2026-08-23 07:45:58.782255,6606,4771,2200,0
2026-08-23 07:45:58.782275,6596,4912,2173,0
2026-08-23 07:45:58.782295,6663,5083,2008,0
2026-08-23 07:45:58.782315,6587,5131,1648,0
2026-08-23 07:45:58.782335,6614,5283,2273,0
2026-08-23 07:45:58.782355,6596,5282,2076,0
2026-08-23 07:45:58.782375,6666,5338,2100,0
2026-08-23 07:45:58.782395,6607,5366,2300,0
2026-08-23 07:45:58.782415,6686,5421,2412,0
2026-08-23 07:45:58.782435,6609,5396,2239,0
2026-08-23 07:45:58.782455,6681,5417,2277,0
2026-08-23 07:45:58.782475,6610,5440,2235,0
2026-08-23 07:45:58.782495,6524,5221,0,0
2026-08-23 07:45:58.802309,6611,4747,2233,0
2026-08-23 07:45:58.802329,6518,4762,0,0
2026-08-23 07:45:58.802349,6581,5037,1982,0
2026-08-23 07:45:58.802369,6541,5041,195,0
2026-08-23 07:45:58.802389,6570,5262,2242,0
2026-08-23 07:45:58.802409,6580,5259,1513,0
2026-08-23 07:45:58.802429,6615,5344,2000,0
2026-08-23 07:45:58.802449,6545,5313,411,0
2026-08-23 07:45:58.802469,6586,5437,2210,0
2026-08-23 07:45:58.802489,6576,5396,1476,0
2026-08-23 07:45:58.802509,6611,5403,1977,0
2026-08-23 07:45:58.802529,6607,5410,2191,0
2026-08-23 07:45:58.802549,6634,5354,188,0
2026-08-23 07:45:58.824235,6617,4859,2269,0
2026-08-23 07:45:58.824255,6609,5052,2356,0
2026-08-23 07:45:58.824275,6686,5167,2573,0
2026-08-23 07:45:58.824295,6617,5220,2156,0
2026-08-23 07:45:58.824315,6679,5298,2492,0
2026-08-23 07:45:58.824335,6612,5357,2235,0
2026-08-23 07:45:58.824355,6713,5400,2869,0
2026-08-23 07:45:58.824375,6616,5365,2020,0
2026-08-23 07:45:58.824395,6569,5257,0,0
2026-08-23 07:45:58.824415,6584,5431,2229,0
2026-08-23 07:45:58.824435,6561,5322,745,0
2026-08-23 07:45:58.824455,6578,5407,1972,0
2026-08-23 07:45:58.824475,6585,5391,1441,0
2026-08-23 07:45:58.824495,6636,5411,2395,0
2026-08-23 07:45:58.845395,6594,4774,1511,0
2026-08-23 07:45:58.845415,6618,4979,2244,0
2026-08-23 07:45:58.845435,6560,5103,2024,0
2026-08-23 07:45:58.845455,6641,5215,2255,0
2026-08-23 07:45:58.845475,6599,5265,2303,0
2026-08-23 07:45:58.845495,6680,5367,2424,0
2026-08-23 07:45:58.845515,6618,5380,2255,0
2026-08-23 07:45:58.845535,6681,5388,2258,0
2026-08-23 07:45:58.845555,6597,5421,2249,0
2026-08-23 07:45:58.845575,6679,5422,2638,0
2026-08-23 07:45:58.845595,6605,5416,2098,0
2026-08-23 07:45:58.845615,6676,5431,2500,0
2026-08-23 07:45:58.845635,6619,5395,2270,0
2026-08-23 07:45:58.866107,6615,4743,2268,0
2026-08-23 07:45:58.866127,6676,4917,2418,0
2026-08-23 07:45:58.866147,6616,5029,2261,0
2026-08-23 07:45:58.866167,6673,5212,2280,0
2026-08-23 07:45:58.866187,6592,5234,2215,0
2026-08-23 07:45:58.866207,6688,5340,2621,0
2026-08-23 07:45:58.866227,6609,5336,2078,0
2026-08-23 07:45:58.866247,6678,5412,2526,0
2026-08-23 07:45:58.866266,6609,5424,2271,0
2026-08-23 07:45:58.866287,6556,5251,0,0
2026-08-23 07:45:58.866307,6582,5402,2019,0
2026-08-23 07:45:58.866327,6512,5241,0,0
2026-08-23 07:45:58.866347,6599,5412,2223,0
2026-08-23 07:45:58.886990,6523,4584,0,0
2026-08-23 07:45:58.887010,6581,4946,2199,0
2026-08-23 07:45:58.887030,6577,5022,1425,0
2026-08-23 07:45:58.887050,6609,5211,1955,0
2026-08-23 07:45:58.887070,6593,5239,1937,0
2026-08-23 07:45:58.887090,6639,5313,2262,0
2026-08-23 07:45:58.887110,6604,5374,2282,0
2026-08-23 07:45:58.887130,6673,5360,2069,0
2026-08-23 07:45:58.887150,6588,5410,2008,0
2026-08-23 07:45:58.887170,6664,5422,2361,0
2026-08-23 07:45:58.887190,6607,5446,2131,0
2026-08-23 07:45:58.887210,6677,5432,2360,0
2026-08-23 07:45:58.887230,6601,5403,2252,0
2026-08-23 07:45:58.907599,6624,4782,2584,0
2026-08-23 07:45:58.907619,6609,4946,2243,0
2026-08-23 07:45:58.907639,6542,4989,48,0
2026-08-23 07:45:58.907659,6580,5182,2013,0
2026-08-23 07:45:58.907679,6514,5031,0,0
2026-08-23 07:45:58.907699,6586,5280,2206,0
2026-08-23 07:45:58.907719,6551,5251,575,0
2026-08-23 07:45:58.907739,6581,5338,1980,0
2026-08-23 07:45:58.907759,6570,5359,1342,0
2026-08-23 07:45:58.907779,6571,5434,2232,0
2026-08-23 07:45:58.907799,6604,5404,2124,0
2026-08-23 07:45:58.907819,6672,5431,2037,0
2026-08-23 07:45:58.907839,6603,5420,2172,0
2026-08-23 07:45:58.928659,6611,4755,2056,0
2026-08-23 07:45:58.928679,6593,4911,1945,0
2026-08-23 07:45:58.928699,6665,5107,2339,0
2026-08-23 07:45:58.928720,6610,5177,2123,0
2026-08-23 07:45:58.928740,6669,5261,2157,0
2026-08-23 07:45:58.928760,6597,5315,2323,0
2026-08-23 07:45:58.928780,6673,5369,2702,0
2026-08-23 07:45:58.928800,6607,5375,2200,0
2026-08-23 07:45:58.928819,6676,5407,2369,0
2026-08-23 07:45:58.928839,6595,5442,2231,0
2026-08-23 07:45:58.928859,6686,5446,2755,0
2026-08-23 07:45:58.928879,6602,5400,2001,0
2026-08-23 07:45:58.928900,6562,5351,1046,0
2026-08-23 07:45:58.949944,6605,4754,1975,0
2026-08-23 07:45:58.949964,6592,4934,1966,0
2026-08-23 07:45:58.949984,6638,5062,2285,0
2026-08-23 07:45:58.950004,6607,5196,2314,0
2026-08-23 07:45:58.950024,6677,5280,2071,0
2026-08-23 07:45:58.950044,6592,5297,1976,0
2026-08-23 07:45:58.950064,6667,5388,2332,0
2026-08-23 07:45:58.950084,6600,5386,2109,0
2026-08-23 07:45:58.950104,6638,5380,2146,0
2026-08-23 07:45:58.950124,6602,5439,2356,0
2026-08-23 07:45:58.950144,6677,5472,2432,0
2026-08-23 07:45:58.950164,6615,5414,2227,0
2026-08-23 07:45:58.950184,6692,5424,2782,0
2026-08-23 07:45:58.970800,6607,4711,2009,0
2026-08-23 07:45:58.970820,6523,4756,0,0
2026-08-23 07:45:58.970840,6592,5043,2168,0
2026-08-23 07:45:58.970860,6570,5146,1232,0
2026-08-23 07:45:58.970880,6602,5221,1962,0
2026-08-23 07:45:58.970900,6596,5261,1825,0
2026-08-23 07:45:58.970920,6632,5338,2264,0
2026-08-23 07:45:58.970940,6613,5400,2253,0
2026-08-23 07:45:58.970960,6671,5418,2054,0
2026-08-23 07:45:58.970980,6593,5405,1962,0
2026-08-23 07:45:58.971000,6643,5421,2330,0
2026-08-23 07:45:58.971020,6606,5404,2121,0
2026-08-23 07:45:58.971040,6674,5445,2546,0
2026-08-23 07:45:58.991490,6611,4737,2021,0
2026-08-23 07:45:58.991510,6520,4761,0,0
2026-08-23 07:45:58.991530,6585,5051,2237,0
2026-08-23 07:45:58.991550,6557,5071,826,0
2026-08-23 07:45:58.991570,6586,5256,1991,0
2026-08-23 07:45:58.991590,6516,5172,0,0
2026-08-23 07:45:58.991610,6586,5397,2194,0
2026-08-23 07:45:58.991630,6580,5309,1187,0
2026-08-23 07:45:58.991650,6595,5375,1980,0
2026-08-23 07:45:58.991670,6577,5415,1745,0
2026-08-23 07:45:58.991690,6620,5417,2258,0
2026-08-23 07:45:58.991710,6619,5420,2311,0
2026-08-23 07:45:58.991730,6679,5439,2254,0
2026-08-23 07:45:59.012581,6612,4803,2208,0
2026-08-23 07:45:59.012601,6670,4972,2032,0
2026-08-23 07:45:59.012621,6601,5078,1834,0
2026-08-23 07:45:59.012641,6631,5236,2311,0
2026-08-23 07:45:59.012661,6606,5245,2096,0
2026-08-23 07:45:59.012681,6669,5310,2116,0
2026-08-23 07:45:59.012701,6615,5379,2323,0
2026-08-23 07:45:59.012721,6671,5386,2434,0
2026-08-23 07:45:59.012741,6608,5417,2245,0
2026-08-23 07:45:59.012761,6678,5444,2309,0
2026-08-23 07:45:59.012781,6609,5408,2241,0
2026-08-23 07:45:59.012801,6721,5446,2824,0
2026-08-23 07:45:59.012821,6616,5378,1952,0
2026-08-23 07:45:59.033846,6593,4734,1809,0
2026-08-23 07:45:59.033866,6623,4908,2073,0
2026-08-23 07:45:59.033886,6608,5053,2303,0
2026-08-23 07:45:59.033906,6637,5212,2430,0
2026-08-23 07:45:59.033926,6605,5271,2230,0
2026-08-23 07:45:59.033946,6681,5334,2306,0
2026-08-23 07:45:59.033966,6608,5362,2228,0
2026-08-23 07:45:59.033986,6678,5417,2676,0
2026-08-23 07:45:59.034006,6606,5393,2078,0
2026-08-23 07:45:59.034026,6678,5427,2586,0
2026-08-23 07:45:59.034046,6603,5444,2289,0
2026-08-23 07:45:59.034066,6559,5308,260,0
2026-08-23 07:45:59.034086,6587,5382,2007,0
2026-08-23 07:45:59.054876,6627,4761,2261,0
2026-08-23 07:45:59.054896,6682,4952,2054,0
2026-08-23 07:45:59.054916,6597,5055,1968,0
2026-08-23 07:45:59.054936,6636,5174,2326,0
2026-08-23 07:45:59.054956,6598,5269,2155,0
2026-08-23 07:45:59.054976,6671,5281,2168,0
2026-08-23 07:45:59.054996,6605,5375,2349,0
2026-08-23 07:45:59.055016,6683,5410,2513,0
2026-08-23 07:45:59.055036,6607,5417,2213,0
2026-08-23 07:45:59.055056,6677,5443,2392,0
2026-08-23 07:45:59.055076,6603,5441,2240,0
2026-08-23 07:45:59.055096,6686,5482,2917,0
2026-08-23 07:45:59.055116,6614,5407,1950,0
2026-08-23 07:45:59.075993,6592,4701,1753,0
2026-08-23 07:45:59.076013,6610,4915,2026,0
2026-08-23 07:45:59.076033,6603,5082,2253,0
2026-08-23 07:45:59.076053,6675,5181,2395,0
2026-08-23 07:45:59.076073,6618,5236,2254,0
2026-08-23 07:45:59.076093,6677,5311,2250,0
2026-08-23 07:45:59.076113,6602,5365,2191,0
2026-08-23 07:45:59.076133,6685,5435,2652,0
2026-08-23 07:45:59.076153,6610,5410,2055,0
2026-08-23 07:45:59.076173,6664,5453,2613,0
2026-08-23 07:45:59.076193,6612,5440,2241,0
2026-08-23 07:45:59.076213,6572,5356,907,0
2026-08-23 07:45:59.076233,6604,5426,2000,0
2026-08-23 07:45:59.096975,6604,4730,2276,0
2026-08-23 07:45:59.096995,6673,4919,2286,0
2026-08-23 07:45:59.097015,6605,5077,2233,0
2026-08-23 07:45:59.097035,6671,5207,2662,0
2026-08-23 07:45:59.097055,6584,5260,2083,0
2026-08-23 07:45:59.097075,6671,5344,2538,0
2026-08-23 07:45:59.097095,6608,5363,2291,0
2026-08-23 07:45:59.097115,6593,5215,0,0
2026-08-23 07:45:59.097135,6586,5382,2077,0
2026-08-23 07:45:59.097155,6676,5427,2761,0
2026-08-23 07:45:59.097175,6610,5396,2218,0
2026-08-23 07:45:59.097195,6552,5290,274,0
2026-08-23 07:45:59.097215,6594,5380,2021,0
2026-08-23 07:45:59.117987,6591,4712,1548,0
2026-08-23 07:45:59.118007,6613,4921,2027,0
2026-08-23 07:45:59.118027,6603,5060,2149,0
2026-08-23 07:45:59.118047,6672,5220,2298,0
2026-08-23 07:45:59.118067,6604,5271,2295,0
2026-08-23 07:45:59.118087,6678,5335,2135,0
2026-08-23 07:45:59.118107,6738,5371,2104,0
2026-08-23 07:45:59.118127,6668,5399,2437,0
2026-08-23 07:45:59.118147,6611,5379,2126,0
2026-08-23 07:45:59.118167,6785,5422,2334,0
2026-08-23 07:45:59.118187,6610,5440,2296,0
2026-08-23 07:45:59.118207,6583,5258,0,0
2026-08-23 07:45:59.118227,6594,5391,1971,0
2026-08-23 07:45:59.138931,6592,4700,1548,0
2026-08-23 07:45:59.138951,6603,4954,1973,0
2026-08-23 07:45:59.138971,6574,5003,1403,0
2026-08-23 07:45:59.138991,6610,5198,2236,0
2026-08-23 07:45:59.139011,6595,5237,1988,0
2026-08-23 07:45:59.139031,6665,5305,1792,0
2026-08-23 07:45:59.139051,6608,5378,2288,0
2026-08-23 07:45:59.139071,6671,5404,2358,0
2026-08-23 07:45:59.139091,6614,5403,2310,0
2026-08-23 07:45:59.139111,6671,5442,2179,0
2026-08-23 07:45:59.139131,6602,5408,2208,0
2026-08-23 07:45:59.139151,6691,5472,2587,0
2026-08-23 07:45:59.139171,6610,5432,2062,0
2026-08-23 07:45:59.159701,6627,4812,2953,0
2026-08-23 07:45:59.159721,6617,4905,2007,0
2026-08-23 07:45:59.159741,6520,4899,0,0
2026-08-23 07:45:59.159761,6585,5185,2244,0
2026-08-23 07:45:59.159781,6566,5192,1125,0
2026-08-23 07:45:59.159801,6598,5315,1905,0
2026-08-23 07:45:59.159822,6528,5209,0,0
2026-08-23 07:45:59.159842,6586,5374,2194,0
2026-08-23 07:45:59.159861,6576,5380,1287,0
2026-08-23 07:45:59.159881,6598,5429,1970,0
2026-08-23 07:45:59.159901,6583,5419,1835,0
2026-08-23 07:45:59.159921,6633,5460,2280,0
2026-08-23 07:45:59.159941,6606,5432,2219,0
2026-08-23 07:45:59.180448,6616,4779,2316,0
2026-08-23 07:45:59.180468,6617,4978,2284,0
2026-08-23 07:45:59.180488,6670,5080,2217,0
2026-08-23 07:45:59.180508,6610,5215,2207,0
2026-08-23 07:45:59.180528,6672,5313,2586,0
2026-08-23 07:45:59.180548,6599,5336,2036,0
2026-08-23 07:45:59.180568,6675,5398,2535,0
2026-08-23 07:45:59.180588,6612,5406,2281,0
2026-08-23 07:45:59.180608,6540,5221,0,0
2026-08-23 07:45:59.180628,6587,5389,2059,0
2026-08-23 07:45:59.180648,6566,5300,0,0
2026-08-23 07:45:59.180668,6577,5431,2187,0
2026-08-23 07:45:59.180688,6609,5420,2100,0
2026-08-23 07:45:59.201705,6616,4763,2208,0
2026-08-23 07:45:59.201725,6608,4922,2002,0
2026-08-23 07:45:59.201745,6665,5131,2058,0
2026-08-23 07:45:59.201765,6602,5217,2285,0
2026-08-23 07:45:59.201785,6677,5306,2361,0
2026-08-23 07:45:59.201805,6610,5304,2306,0
2026-08-23 07:45:59.201825,6683,5348,2172,0
2026-08-23 07:45:59.201845,6600,5402,2191,0
2026-08-23 07:45:59.201864,6675,5447,2496,0
2026-08-23 07:45:59.201885,6606,5408,2133,0
2026-08-23 07:45:59.201905,6679,5444,2675,0
2026-08-23 07:45:59.201925,6613,5424,2284,0
2026-08-23 07:45:59.201945,6563,5362,745,0
2026-08-23 07:45:59.222483,6620,4770,2197,0
2026-08-23 07:45:59.222503,6617,4949,2208,0
2026-08-23 07:45:59.222523,6678,5088,2073,0
2026-08-23 07:45:59.222543,6598,5181,2009,0
2026-08-23 07:45:59.222564,6669,5256,2359,0
2026-08-23 07:45:59.222584,6607,5314,2114,0
2026-08-23 07:45:59.222604,6669,5348,2284,0
2026-08-23 07:45:59.222624,6607,5363,2298,0
2026-08-23 07:45:59.222643,6691,5448,2708,0
2026-08-23 07:45:59.222663,6622,5395,2075,0
2026-08-23 07:45:59.222683,6668,5468,2684,0
2026-08-23 07:45:59.222703,6614,5401,2144,0
2026-08-23 07:45:59.222723,6595,5402,1607,0
2026-08-23 07:45:59.241524,6617,4755,2393,0
2026-08-23 07:45:59.241544,6611,4937,2092,0
2026-08-23 07:45:59.241564,6675,5070,2435,0
2026-08-23 07:45:59.241584,6617,5175,2293,0
2026-08-23 07:45:59.241604,6752,5251,421,0
2026-08-23 07:45:59.241624,6587,5325,2037,0
2026-08-23 07:45:59.241644,6688,5407,2784,0
2026-08-23 07:45:59.241664,6615,5376,2194,0
2026-08-23 07:45:59.241684,6558,5254,0,0
2026-08-23 07:45:59.241704,6585,5396,1960,0
2026-08-23 07:45:59.241724,6593,5360,1528,0
2026-08-23 07:45:59.241744,6612,5439,2362,0
2026-08-23 07:45:59.259578,6615,4843,2215,0
2026-08-23 07:45:59.259598,6612,4991,2306,0
2026-08-23 07:45:59.259619,6686,5164,2676,0
2026-08-23 07:45:59.259639,6627,5246,2107,0
2026-08-23 07:45:59.259659,6675,5323,2632,0
2026-08-23 07:45:59.259679,6614,5338,2194,0
2026-08-23 07:45:59.259699,6562,5158,0,0
2026-08-23 07:45:59.259718,6579,5354,1952,0
2026-08-23 07:45:59.259738,6540,5261,550,0
2026-08-23 07:45:59.259758,6589,5402,2205,0
2026-08-23 07:45:59.259778,6610,5415,2189,0
2026-08-23 07:45:59.259799,6685,5383,2539,0
2026-08-23 07:45:59.276946,6614,4909,2187,0
2026-08-23 07:45:59.276966,6602,5057,1795,0
2026-08-23 07:45:59.276986,6633,5150,1969,0
2026-08-23 07:45:59.277006,6581,5223,1453,0
2026-08-23 07:45:59.277026,6618,5322,2230,0
2026-08-23 07:45:59.277046,6597,5314,2031,0
2026-08-23 07:45:59.277066,6673,5386,2113,0
2026-08-23 07:45:59.277086,6607,5400,2288,0
2026-08-23 07:45:59.277106,6684,5460,2462,0
2026-08-23 07:45:59.277126,6617,5441,2172,0
2026-08-23 07:45:59.277146,6686,5431,2776,0
2026-08-23 07:45:59.295520,6622,4945,2655,0
2026-08-23 07:45:59.295540,6613,5039,2027,0
2026-08-23 07:45:59.295560,6674,5180,2911,0
2026-08-23 07:45:59.295580,6619,5226,2155,0
2026-08-23 07:45:59.295600,6532,5161,0,0
2026-08-23 07:45:59.295620,6584,5355,1914,0
2026-08-23 07:45:59.295640,6564,5349,1456,0
2026-08-23 07:45:59.295660,6608,5422,2201,0
2026-08-23 07:45:59.295680,6601,5428,2229,0
2026-08-23 07:45:59.295700,6664,5435,2037,0
2026-08-23 07:45:59.295720,6602,5372,2184,0
2026-08-23 07:45:59.295740,6577,5291,1162,0
2026-08-23 07:45:59.314427,6606,4948,2011,0
2026-08-23 07:45:59.314447,6608,5029,2164,0
2026-08-23 07:45:59.314467,6673,5213,2548,0
2026-08-23 07:45:59.314487,6599,5256,2106,0
2026-08-23 07:45:59.314507,6674,5364,2448,0
2026-08-23 07:45:59.314527,6609,5363,2296,0
2026-08-23 07:45:59.314547,6706,5509,1861,0
2026-08-23 07:45:59.314567,6573,5345,2094,0
2026-08-23 07:45:59.314587,6674,5390,2738,0
2026-08-23 07:45:59.314607,6607,5378,2118,0
2026-08-23 07:45:59.314627,6553,5307,211,0
2026-08-23 07:45:59.314647,6589,5388,2036,0
2026-08-23 07:45:59.332879,6628,4835,2619,0
2026-08-23 07:45:59.332899,6609,4985,2013,0
2026-08-23 07:45:59.332919,6674,5129,2678,0
2026-08-23 07:45:59.332939,6612,5207,2231,0
2026-08-23 07:45:59.332959,6552,5163,351,0
2026-08-23 07:45:59.332979,6591,5341,1971,0
2026-08-23 07:45:59.332999,6513,5209,0,0
2026-08-23 07:45:59.333019,6573,5412,2228,0
2026-08-23 07:45:59.333039,6589,5352,1458,0
2026-08-23 07:45:59.333059,6620,5434,1957,0
2026-08-23 07:45:59.333079,6604,5428,2249,0
2026-08-23 07:45:59.333099,6565,5288,329,0
2026-08-23 07:45:59.351723,6579,4938,1961,0
2026-08-23 07:45:59.351743,6608,5075,2167,0
2026-08-23 07:45:59.351763,6682,5191,2309,0
2026-08-23 07:45:59.351784,6621,5249,2272,0
2026-08-23 07:45:59.351804,6668,5301,2195,0
2026-08-23 07:45:59.351824,6604,5324,2171,0
2026-08-23 07:45:59.351844,6681,5391,2577,0
2026-08-23 07:45:59.351863,6607,5385,2091,0
2026-08-23 07:45:59.351883,6636,5428,2487,0
2026-08-23 07:45:59.351903,6611,5415,2282,0
2026-08-23 07:45:59.351923,6552,5329,156,0
2026-08-23 07:45:59.351943,6592,5400,1976,0
2026-08-23 07:45:59.371058,6622,4842,2356,0
2026-08-23 07:45:59.371078,6613,5027,2231,0
2026-08-23 07:45:59.371098,6671,5171,2337,0
2026-08-23 07:45:59.371118,6606,5206,2214,0
2026-08-23 07:45:59.371138,6680,5335,2741,0
2026-08-23 07:45:59.371158,6613,5305,2033,0
2026-08-23 07:45:59.371178,6681,5413,1596,0
2026-08-23 07:45:59.371198,6588,5395,2221,0
2026-08-23 07:45:59.371218,6542,5300,643,0
2026-08-23 07:45:59.371238,6583,5397,2314,0
2026-08-23 07:45:59.371258,6559,5368,840,0
2026-08-23 07:45:59.371278,6603,5444,2306,0
2026-08-23 07:45:59.389016,6628,4889,2598,0
2026-08-23 07:45:59.389036,6603,5028,2178,0
2026-08-23 07:45:59.389056,6537,4943,0,0
2026-08-23 07:45:59.389076,6581,5195,1909,0
2026-08-23 07:45:59.389096,6569,5210,1145,0
2026-08-23 07:45:59.389116,6601,5317,2175,0
2026-08-23 07:45:59.389136,6609,5377,2137,0
2026-08-23 07:45:59.389156,6673,5370,1978,0
2026-08-23 07:45:59.389176,6599,5359,1843,0
2026-08-23 07:45:59.389196,6622,5419,2302,0
2026-08-23 07:45:59.389216,6602,5460,2100,0
2026-08-23 07:45:59.389236,6663,5322,1166,0
2026-08-23 07:45:59.407995,6612,4943,2299,0
2026-08-23 07:45:59.408015,6596,5086,2125,0
2026-08-23 07:45:59.408035,6665,5193,2226,0
2026-08-23 07:45:59.408055,6637,5265,2315,0
2026-08-23 07:45:59.408075,6684,5360,2649,0
2026-08-23 07:45:59.408095,6620,5342,2265,0
2026-08-23 07:45:59.408115,6677,5436,2593,0
2026-08-23 07:45:59.408134,6608,5417,2184,0
2026-08-23 07:45:59.408154,6585,5194,0,0
2026-08-23 07:45:59.408175,6581,5389,1946,0
2026-08-23 07:45:59.408195,6568,5317,1284,0
2026-08-23 07:45:59.408215,6610,5409,2258,0
2026-08-23 07:45:59.427235,6623,4832,2271,0
2026-08-23 07:45:59.427255,6612,5021,2265,0
2026-08-23 07:45:59.427275,6635,5086,8,0
2026-08-23 07:45:59.427295,6585,5222,2025,0
2026-08-23 07:45:59.427315,6670,5288,2818,0
2026-08-23 07:45:59.427335,6600,5318,2178,0
2026-08-23 07:45:59.427355,6536,5260,247,0
2026-08-23 07:45:59.427375,6589,5389,1935,0
2026-08-23 07:45:59.427395,6582,5362,1405,0
2026-08-23 07:45:59.427415,6611,5432,2206,0
2026-08-23 07:45:59.427435,6611,5412,2250,0
2026-08-23 07:45:59.427455,6670,5405,2181,0
2026-08-23 07:45:59.447924,6625,4857,2754,0
2026-08-23 07:45:59.447944,6614,4986,2100,0
2026-08-23 07:45:59.447964,6677,5162,2651,0
2026-08-23 07:45:59.447984,6606,5217,2193,0
2026-08-23 07:45:59.448004,6569,5034,0,0
2026-08-23 07:45:59.448024,6579,5297,1943,0
2026-08-23 07:45:59.448044,6544,5215,389,0
2026-08-23 07:45:59.448064,6587,5365,2182,0
2026-08-23 07:45:59.448084,6597,5378,1899,0
2026-08-23 07:45:59.448104,6635,5401,1970,0
2026-08-23 07:45:59.448124,6576,5389,1505,0
2026-08-23 07:45:59.448144,6625,5424,2299,0
2026-08-23 07:45:59.448164,6607,5425,2081,0
2026-08-23 07:45:59.468053,6600,4706,128,0
2026-08-23 07:45:59.468073,6588,4945,1923,0
2026-08-23 07:45:59.468093,6554,4986,741,0
2026-08-23 07:45:59.468113,6583,5222,2184,0
2026-08-23 07:45:59.468133,6602,5270,2032,0
2026-08-23 07:45:59.468153,6636,5325,1968,0
2026-08-23 07:45:59.468174,6586,5300,1679,0
2026-08-23 07:45:59.468194,6630,5362,2270,0
2026-08-23 07:45:59.468213,6602,5410,2071,0
2026-08-23 07:45:59.468233,6666,5434,2155,0
2026-08-23 07:45:59.468253,6603,5410,2312,0
2026-08-23 07:45:59.468273,6690,5474,2755,0
2026-08-23 07:45:59.468293,6635,5396,1945,0
2026-08-23 07:45:59.489091,6613,4866,2223,0
2026-08-23 07:45:59.489111,6605,5041,2219,0
2026-08-23 07:45:59.489131,6667,5101,2026,0
2026-08-23 07:45:59.489151,6596,5222,1960,0
2026-08-23 07:45:59.489171,6635,5286,2317,0
2026-08-23 07:45:59.489191,6604,5320,2137,0
2026-08-23 07:45:59.489211,6671,5356,2201,0
2026-08-23 07:45:59.489231,6609,5417,2317,0
2026-08-23 07:45:59.489251,6685,5453,2574,0
2026-08-23 07:45:59.489271,6614,5429,2120,0
2026-08-23 07:45:59.489291,6674,5469,2547,0
2026-08-23 07:45:59.489311,6608,5410,2190,0
2026-08-23 07:45:59.489331,6529,5274,0,0
2026-08-23 07:45:59.510047,6525,4766,2699,0
2026-08-23 07:45:59.510067,6603,4905,1961,0
2026-08-23 07:45:59.510087,6529,4855,0,0
2026-08-23 07:45:59.510107,6590,5150,2189,0
2026-08-23 07:45:59.510127,6586,5170,1366,0
2026-08-23 07:45:59.510147,6597,5308,1956,0
2026-08-23 07:45:59.510167,6566,5246,989,0
2026-08-23 07:45:59.510187,6597,5354,2206,0
2026-08-23 07:45:59.510207,6594,5367,1958,0
2026-08-23 07:45:59.510227,6632,5418,2058,0
2026-08-23 07:45:59.510247,6606,5408,2283,0
2026-08-23 07:45:59.510267,6680,5430,2527,0
2026-08-23 07:45:59.510287,6624,5406,2060,0
2026-08-23 07:45:59.530740,6527,4628,0,0
2026-08-23 07:45:59.530760,6570,4926,1974,0
2026-08-23 07:45:59.530780,6559,4928,0,0
2026-08-23 07:45:59.530800,6585,5220,2180,0
2026-08-23 07:45:59.530820,6561,5227,1122,0
2026-08-23 07:45:59.530840,6586,5331,1952,0
2026-08-23 07:45:59.530860,6591,5308,1754,0
2026-08-23 07:45:59.530880,6627,5371,2232,0
2026-08-23 07:45:59.530900,6604,5389,2241,0
2026-08-23 07:45:59.530920,6674,5446,2063,0
2026-08-23 07:45:59.530940,6594,5427,1962,0
2026-08-23 07:45:59.530960,6639,5435,2451,0
2026-08-23 07:45:59.530980,6609,5376,1988,0
2026-08-23 07:45:59.551610,6622,4832,2840,0
2026-08-23 07:45:59.551630,6609,4918,1965,0
2026-08-23 07:45:59.551650,6518,4938,0,0
2026-08-23 07:45:59.551670,6586,5190,2188,0
2026-08-23 07:45:59.551690,6581,5239,1601,0
2026-08-23 07:45:59.551710,6613,5301,1944,0
2026-08-23 07:45:59.551730,6571,5312,1118,0
2026-08-23 07:45:59.551750,6594,5395,2170,0
2026-08-23 07:45:59.551770,6594,5398,1992,0
2026-08-23 07:45:59.551790,6631,5417,2054,0
2026-08-23 07:45:59.551810,6610,5416,2270,0
2026-08-23 07:45:59.551830,6684,5462,2532,0
2026-08-23 07:45:59.551850,6611,5412,2036,0
2026-08-23 07:45:59.572375,6546,4654,0,0
2026-08-23 07:45:59.572395,6583,4953,1986,0
2026-08-23 07:45:59.572415,6506,4933,0,0
2026-08-23 07:45:59.572435,6585,5179,2184,0
2026-08-23 07:45:59.572455,6521,5209,1320,0
2026-08-23 07:45:59.572475,6606,5331,1954,0
2026-08-23 07:45:59.572495,6591,5347,1919,0
2026-08-23 07:45:59.572515,6638,5398,2262,0
2026-08-23 07:45:59.572535,6602,5423,2337,0
2026-08-23 07:45:59.572555,6683,5431,2067,0
2026-08-23 07:45:59.572575,6569,5425,2068,0
2026-08-23 07:45:59.572595,6674,5442,2573,0
2026-08-23 07:45:59.572615,6613,5393,2002,0
2026-08-23 07:45:59.593360,6628,4807,2770,0
2026-08-23 07:45:59.593380,6606,4934,1992,0
2026-08-23 07:45:59.593400,6536,4890,0,0
2026-08-23 07:45:59.593421,6588,5167,2207,0
2026-08-23 07:45:59.593441,6595,5178,1074,0
2026-08-23 07:45:59.593461,6597,5295,1959,0
2026-08-23 07:45:59.593481,6542,5231,338,0
2026-08-23 07:45:59.593501,6576,5404,2177,0
2026-08-23 07:45:59.593520,6592,5361,1712,0
2026-08-23 07:45:59.593540,6625,5453,1990,0
2026-08-23 07:45:59.593560,6593,5436,2133,0
2026-08-23 07:45:59.593580,6676,5434,2386,0
2026-08-23 07:45:59.593601,6767,5446,2136,0
2026-08-23 07:45:59.614096,6600,4700,170,0
2026-08-23 07:45:59.614116,6583,4913,2005,0
2026-08-23 07:45:59.614136,6554,4882,0,0
2026-08-23 07:45:59.614156,6565,5154,2178,0
2026-08-23 07:45:59.614176,6564,5160,655,0
2026-08-23 07:45:59.614196,6588,5267,1944,0
2026-08-23 07:45:59.614216,6571,5314,1615,0
2026-08-23 07:45:59.614236,6617,5362,2228,0
2026-08-23 07:45:59.614256,6600,5406,2221,0
2026-08-23 07:45:59.614276,6638,5391,2020,0
2026-08-23 07:45:59.614296,6587,5415,1953,0
2026-08-23 07:45:59.614316,6637,5461,2388,0
2026-08-23 07:45:59.614336,6609,5401,2073,0
2026-08-23 07:45:59.634657,6609,4789,2578,0
2026-08-23 07:45:59.634677,6600,4972,2039,0
2026-08-23 07:45:59.634697,6665,5150,2588,0
2026-08-23 07:45:59.634717,6600,5188,2221,0
2026-08-23 07:45:59.634737,6547,5144,5,0
2026-08-23 07:45:59.634757,6577,5333,1962,0
2026-08-23 07:45:59.634777,6504,5229,0,0
2026-08-23 07:45:59.634797,6577,5406,2151,0
2026-08-23 07:45:59.634817,6580,5355,1494,0
2026-08-23 07:45:59.634837,6605,5399,1933,0
2026-08-23 07:45:59.634857,6599,5428,2094,0
2026-08-23 07:45:59.634877,6663,5469,2374,0
2026-08-23 07:45:59.634897,6613,5435,2085,0
2026-08-23 07:45:59.655615,6627,4800,2758,0
2026-08-23 07:45:59.655635,6621,4945,2023,0
2026-08-23 07:45:59.655655,6668,5171,2794,0
2026-08-23 07:45:59.655675,6609,5210,2167,0
2026-08-23 07:45:59.655695,6634,5141,215,0
2026-08-23 07:45:59.655715,6580,5289,1939,0
2026-08-23 07:45:59.655735,6579,5308,1452,0
2026-08-23 07:45:59.655755,6605,5387,2218,0
2026-08-23 07:45:59.655775,6602,5426,2192,0
2026-08-23 07:45:59.655795,6675,5442,2020,0
2026-08-23 07:45:59.655815,6588,5416,1896,0
2026-08-23 07:45:59.655835,6677,5459,2413,0
2026-08-23 07:45:59.655855,6600,5407,2007,0
2026-08-23 07:45:59.676590,6682,4813,1265,0
2026-08-23 07:45:59.676610,6590,4899,1913,0
2026-08-23 07:45:59.676630,6545,4954,580,0
2026-08-23 07:45:59.676650,6586,5181,2192,0
2026-08-23 07:45:59.676670,6592,5237,1944,0
2026-08-23 07:45:59.676690,6633,5319,1991,0
2026-08-23 07:45:59.676710,6574,5328,1572,0
2026-08-23 07:45:59.676730,6607,5369,2256,0
2026-08-23 07:45:59.676750,6599,5368,1996,0
2026-08-23 07:45:59.676770,6668,5431,2157,0
2026-08-23 07:45:59.676790,6607,5452,2280,0
2026-08-23 07:45:59.676810,6692,5470,2750,0
2026-08-23 07:45:59.676830,6624,5407,1970,0
2026-08-23 07:45:59.697400,6605,4757,2241,0
2026-08-23 07:45:59.697420,6668,4936,2134,0
2026-08-23 07:45:59.697440,6597,5052,2147,0
2026-08-23 07:45:59.697460,6677,5212,2534,0
2026-08-23 07:45:59.697480,6590,5251,2069,0
2026-08-23 07:45:59.697500,6773,5314,2512,0
2026-08-23 07:45:59.697520,6611,5332,2259,0
2026-08-23 07:45:59.697540,6548,5230,0,0
2026-08-23 07:45:59.697560,6575,5397,2010,0
2026-08-23 07:45:59.697580,6578,5344,0,0
2026-08-23 07:45:59.697600,6587,5398,2184,0
2026-08-23 07:45:59.697620,6570,5367,1146,0
2026-08-23 07:45:59.697640,6601,5378,2065,0
2026-08-23 07:45:59.718236,6613,4722,1050,0
2026-08-23 07:45:59.718256,6594,4939,1976,0
2026-08-23 07:45:59.718277,6588,5101,2020,0
2026-08-23 07:45:59.718297,6639,5205,2266,0
2026-08-23 07:45:59.718317,6613,5275,2290,0
2026-08-23 07:45:59.718337,6679,5309,2119,0
2026-08-23 07:45:59.718357,6599,5342,2093,0
2026-08-23 07:45:59.718377,6663,5421,2425,0
2026-08-23 07:45:59.718396,6604,5415,2112,0
2026-08-23 07:45:59.718416,6672,5436,2351,0
2026-08-23 07:45:59.718436,6611,5421,2264,0
2026-08-23 07:45:59.718457,6530,5286,0,0
2026-08-23 07:45:59.718477,6591,5390,1949,0
2026-08-23 07:45:59.738619,6605,4750,2037,0
2026-08-23 07:45:59.738639,6632,4961,2021,0
2026-08-23 07:45:59.738659,6587,5084,1903,0
2026-08-23 07:45:59.738679,6630,5227,2346,0
2026-08-23 07:45:59.738699,6602,5235,2091,0
2026-08-23 07:45:59.738719,6641,5303,2273,0
2026-08-23 07:45:59.738739,6606,5369,2274,0
2026-08-23 07:45:59.738759,6678,5428,2748,0
2026-08-23 07:45:59.738779,6609,5431,2064,0
2026-08-23 07:45:59.738799,6679,5436,2742,0
2026-08-23 07:45:59.738819,6602,5408,2158,0
2026-08-23 07:45:59.738839,6573,5363,963,0
2026-08-23 07:45:59.738859,6612,5389,2311,0
2026-08-23 07:45:59.759565,6575,4762,0,0
2026-08-23 07:45:59.759585,6602,4953,1930,0
2026-08-23 07:45:59.759605,6574,5075,1399,0
2026-08-23 07:45:59.759625,6604,5204,2258,0
2026-08-23 07:45:59.759645,6604,5293,2186,0
2026-08-23 07:45:59.759665,6666,5339,2016,0
2026-08-23 07:45:59.759686,6590,5327,1925,0
2026-08-23 07:45:59.759706,6674,5421,2307,0
2026-08-23 07:45:59.759725,6605,5387,2113,0
2026-08-23 07:45:59.759745,6664,5440,2228,0
2026-08-23 07:45:59.759765,6615,5414,2305,0
2026-08-23 07:45:59.759785,6690,5470,3739,0
2026-08-23 07:45:59.759805,6690,5449,1960,0
2026-08-23 07:45:59.780445,6580,4716,1457,0
2026-08-23 07:45:59.780465,6609,4934,1958,0
2026-08-23 07:45:59.780485,6578,5051,1399,0
2026-08-23 07:45:59.780505,6606,5187,2241,0
2026-08-23 07:45:59.780525,6597,5266,2002,0
2026-08-23 07:45:59.780545,6636,5303,2114,0
2026-08-23 07:45:59.780565,6610,5395,2270,0
2026-08-23 07:45:59.780585,6670,5387,2450,0
2026-08-23 07:45:59.780605,6602,5406,2156,0
2026-08-23 07:45:59.780625,6676,5414,2367,0
2026-08-23 07:45:59.780645,6599,5440,2204,0
2026-08-23 07:45:59.780665,6664,5416,206,0
2026-08-23 07:45:59.780685,6589,5402,1934,0
2026-08-23 07:45:59.801306,6601,4738,1867,0
2026-08-23 07:45:59.801326,6639,4934,2129,0
2026-08-23 07:45:59.801346,6604,5096,2278,0
2026-08-23 07:45:59.801366,6691,5237,2498,0
2026-08-23 07:45:59.801386,6614,5271,2148,0
2026-08-23 07:45:59.801406,6677,5333,2478,0
2026-08-23 07:45:59.801426,6610,5367,2198,0
2026-08-23 07:45:59.801446,6683,5407,2927,0
2026-08-23 07:45:59.801466,6607,5399,1950,0
2026-08-23 07:45:59.801486,6515,5237,0,0
2026-08-23 07:45:59.801506,6587,5416,2216,0
2026-08-23 07:45:59.801526,6592,5429,1973,0
2026-08-23 07:45:59.801546,6632,5433,2076,0
2026-08-23 07:45:59.822150,6614,4763,2296,0
2026-08-23 07:45:59.822170,6674,4934,2167,0
2026-08-23 07:45:59.822190,6608,5061,2171,0
2026-08-23 07:45:59.822210,6673,5226,2482,0
2026-08-23 07:45:59.822230,6582,5268,2085,0
2026-08-23 07:45:59.822250,6669,5321,2395,0
2026-08-23 07:45:59.822270,6614,5335,2267,0
2026-08-23 07:45:59.822290,6622,5300,0,0
2026-08-23 07:45:59.822310,6587,5382,2026,0
2026-08-23 07:45:59.822330,6673,5438,2398,0
2026-08-23 07:45:59.822350,6603,5434,2148,0
2026-08-23 07:45:59.822370,6580,5353,1348,0
2026-08-23 07:45:59.822390,6611,5451,2099,0
2026-08-23 07:45:59.842132,6604,4765,2058,0
2026-08-23 07:45:59.842152,6665,4977,2541,0
2026-08-23 07:45:59.842172,6604,5048,2206,0
2026-08-23 07:45:59.842192,6543,5040,0,0
2026-08-23 07:45:59.842212,6576,5277,1955,0
2026-08-23 07:45:59.842232,6527,5161,0,0
2026-08-23 07:45:59.842252,6577,5374,2149,0
2026-08-23 07:45:59.842273,6582,5334,1633,0
2026-08-23 07:45:59.842292,6623,5372,1736,0
2026-08-23 07:45:59.842312,6600,5433,2164,0
2026-08-23 07:45:59.842332,6671,5427,2333,0
2026-08-23 07:45:59.842352,6612,5453,2173,0
2026-08-23 07:45:59.842372,6559,5282,625,0
2026-08-23 07:45:59.862613,6587,4857,1680,0
2026-08-23 07:45:59.862633,6604,5013,1955,0
2026-08-23 07:45:59.862653,6570,5129,1273,0
2026-08-23 07:45:59.862673,6602,5257,2216,0
2026-08-23 07:45:59.862693,6587,5278,1988,0
2026-08-23 07:45:59.862713,6637,5332,2075,0
2026-08-23 07:45:59.862733,6606,5362,2288,0
2026-08-23 07:45:59.862753,6680,5428,2442,0
2026-08-23 07:45:59.862773,6614,5400,2230,0
2026-08-23 07:45:59.862793,6679,5425,2351,0
2026-08-23 07:45:59.862813,6598,5447,2191,0
2026-08-23 07:45:59.862833,6684,5490,2835,0
2026-08-23 07:45:59.862853,6615,5384,1916,0
2026-08-23 07:45:59.883476,6538,4620,0,0
2026-08-23 07:45:59.883496,6577,4937,1914,0
2026-08-23 07:45:59.883516,6577,5033,1413,0
2026-08-23 07:45:59.883536,6608,5193,2185,0
2026-08-23 07:45:59.883556,6610,5285,2213,0
2026-08-23 07:45:59.883576,6639,5325,2024,0
2026-08-23 07:45:59.883596,6596,5314,2031,0
2026-08-23 07:45:59.883616,6642,5409,2435,0
2026-08-23 07:45:59.883636,6605,5375,2065,0
2026-08-23 07:45:59.883656,6604,5412,2430,0
2026-08-23 07:45:59.883676,6604,5440,2222,0
2026-08-23 07:45:59.883696,6565,5356,641,0
2026-08-23 07:45:59.883716,6595,5429,1950,0
2026-08-23 07:45:59.904335,6608,4756,2260,0
2026-08-23 07:45:59.904355,6662,4935,2225,0
2026-08-23 07:45:59.904375,6604,5057,2184,0
2026-08-23 07:45:59.904395,6680,5206,2630,0
2026-08-23 07:45:59.904415,6600,5247,2009,0
2026-08-23 07:45:59.904435,6665,5360,2659,0
2026-08-23 07:45:59.904455,6609,5348,2200,0
2026-08-23 07:45:59.904475,6566,5286,632,0
2026-08-23 07:45:59.904495,6585,5388,1950,0
2026-08-23 07:45:59.904515,6514,5286,136,0
2026-08-23 07:45:59.904535,6590,5430,2157,0
2026-08-23 07:45:59.904555,6589,5394,1921,0
2026-08-23 07:45:59.904575,6633,5434,2192,0
2026-08-23 07:45:59.925121,6612,4742,2015,0
2026-08-23 07:45:59.925141,6557,4788,0,0
2026-08-23 07:45:59.925161,6587,5045,2168,0
2026-08-23 07:45:59.925181,6575,5103,1264,0
2026-08-23 07:45:59.925201,6596,5237,1943,0
2026-08-23 07:45:59.925221,6554,5250,989,0
2026-08-23 07:45:59.925241,6596,5368,2216,0
2026-08-23 07:45:59.925261,6597,5369,1962,0
2026-08-23 07:45:59.925281,6637,5391,2060,0
2026-08-23 07:45:59.925301,6604,5403,2259,0
2026-08-23 07:45:59.925321,6673,5469,2497,0
2026-08-23 07:45:59.925341,6614,5406,2067,0
2026-08-23 07:45:59.925361,6498,5247,0,0
2026-08-23 07:45:59.945978,6603,4778,1935,0
2026-08-23 07:45:59.945998,6561,4901,1462,0
2026-08-23 07:45:59.946018,6600,5085,2233,0
2026-08-23 07:45:59.946038,6589,5173,2069,0
2026-08-23 07:45:59.946059,6667,5287,2145,0
2026-08-23 07:45:59.946079,6599,5330,2275,0
2026-08-23 07:45:59.946099,6681,5399,2607,0
2026-08-23 07:45:59.946119,6615,5391,2089,0
2026-08-23 07:45:59.946138,6673,5442,2614,0
2026-08-23 07:45:59.946158,6603,5419,2168,0
2026-08-23 07:45:59.946178,6508,5274,0,0
2026-08-23 07:45:59.946198,6579,5386,1928,0
2026-08-23 07:45:59.946218,6600,5387,2140,0
2026-08-23 07:45:59.966996,6612,4744,2164,0
2026-08-23 07:45:59.967016,6600,4961,2277,0
2026-08-23 07:45:59.967036,6673,5134,2689,0
2026-08-23 07:45:59.967056,6624,5160,2066,0
2026-08-23 07:45:59.967076,6669,5324,2729,0
2026-08-23 07:45:59.967096,6600,5278,2149,0
2026-08-23 07:45:59.967116,6549,5221,138,0
2026-08-23 07:45:59.967136,6578,5354,1922,0
2026-08-23 07:45:59.967156,6581,5376,1599,0
2026-08-23 07:45:59.967176,6617,5410,2203,0
2026-08-23 07:45:59.967196,6600,5471,2232,0
2026-08-23 07:45:59.967216,6672,5435,2180,0
2026-08-23 07:45:59.967236,6596,5433,2145,0
2026-08-23 07:45:59.987982,6560,4649,326,0
2026-08-23 07:45:59.988002,6592,4950,2181,0
2026-08-23 07:45:59.988022,6582,5050,1927,0
2026-08-23 07:45:59.988042,6637,5190,2024,0
2026-08-23 07:45:59.988062,6606,5264,2273,0
2026-08-23 07:45:59.988082,6681,5321,2403,0
2026-08-23 07:45:59.988102,6615,5346,2195,0
2026-08-23 07:45:59.988122,6670,5367,2345,0
2026-08-23 07:45:59.988142,6607,5414,2205,0
2026-08-23 07:45:59.988162,6683,5465,2847,0
2026-08-23 07:45:59.988182,6596,5389,1959,0
2026-08-23 07:45:59.988202,6464,5298,422,0
2026-08-23 07:45:59.988222,6588,5411,2200,0
2026-08-23 07:46:00.008470,6617,4773,2284,0
2026-08-23 07:46:00.008490,6588,4810,0,0
2026-08-23 07:46:00.008510,6574,5052,2036,0
2026-08-23 07:46:00.008530,6556,5009,0,0
2026-08-23 07:46:00.008550,6585,5284,2134,0
2026-08-23 07:46:00.008570,6560,5260,976,0
2026-08-23 07:46:00.008590,6597,5334,1916,0
2026-08-23 07:46:00.008610,6583,5371,1929,0
2026-08-23 07:46:00.008630,6631,5428,2250,0
2026-08-23 07:46:00.008650,6606,5436,2252,0
2026-08-23 07:46:00.008670,6679,5421,2160,0
2026-08-23 07:46:00.008690,6601,5409,2179,0
2026-08-23 07:46:00.008710,6535,5217,0,0
2026-08-23 07:46:00.029331,6609,4774,2146,0
2026-08-23 07:46:00.029351,6533,4799,0,0
2026-08-23 07:46:00.029371,6585,5055,1901,0
2026-08-23 07:46:00.029391,6552,5132,1036,0
2026-08-23 07:46:00.029411,6593,5245,2164,0
2026-08-23 07:46:00.029431,6602,5322,2179,0
2026-08-23 07:46:00.029451,6639,5383,2014,0
2026-08-23 07:46:00.029471,6599,5349,1998,0
2026-08-23 07:46:00.029491,6795,5395,2370,0
2026-08-23 07:46:00.029511,6600,5381,2066,0
2026-08-23 07:46:00.029531,6683,5413,2437,0
2026-08-23 07:46:00.029551,6616,5438,2196,0
2026-08-23 07:46:00.029571,6589,5374,1829,0
2026-08-23 07:46:00.049580,6613,4763,2297,0
2026-08-23 07:46:00.049600,6610,4916,2187,0
2026-08-23 07:46:00.049620,6677,5085,2308,0
2026-08-23 07:46:00.049640,6609,5171,2149,0
2026-08-23 07:46:00.049660,6678,5287,2965,0
2026-08-23 07:46:00.049680,6615,5283,1952,0
2026-08-23 07:46:00.049700,6521,5214,0,0
2026-08-23 07:46:00.049720,6585,5371,2173,0
2026-08-23 07:46:00.049740,6589,5356,1705,0
2026-08-23 07:46:00.049760,6627,5399,1932,0
2026-08-23 07:46:00.049780,6560,5392,1400,0
2026-08-23 07:46:00.049800,6609,5455,2307,0
2026-08-23 07:46:00.049820,6619,5360,1939,0
2026-08-23 07:46:00.069635,6601,4818,2144,0
2026-08-23 07:46:00.069655,6580,4946,1668,0
2026-08-23 07:46:00.069675,6620,5096,1971,0
2026-08-23 07:46:00.069695,6591,5210,2202,0
2026-08-23 07:46:00.069715,6675,5314,2349,0
2026-08-23 07:46:00.069736,6599,5298,2216,0
2026-08-23 07:46:00.069756,6676,5410,2282,0
2026-08-23 07:46:00.069776,6599,5394,2186,0
2026-08-23 07:46:00.069795,6677,5449,2802,0
2026-08-23 07:46:00.069815,6597,5391,1944,0
2026-08-23 07:46:00.069835,6507,5236,0,0
2026-08-23 07:46:00.069855,6570,5441,2176,0
2026-08-23 07:46:00.069875,6614,5396,2186,0
2026-08-23 07:46:00.089051,6552,4570,221,0
2026-08-23 07:46:00.089072,6579,4890,1913,0
2026-08-23 07:46:00.089092,6534,4957,218,0
2026-08-23 07:46:00.089112,6585,5207,1945,0
2026-08-23 07:46:00.089132,6591,5244,1725,0
2026-08-23 07:46:00.089152,6608,5284,1971,0
2026-08-23 07:46:00.089172,6599,5330,2196,0
2026-08-23 07:46:00.089191,6667,5410,2338,0
2026-08-23 07:46:00.089211,6609,5421,2225,0
2026-08-23 07:46:00.089231,6676,5436,2283,0
2026-08-23 07:46:00.089252,6603,5429,2175,0
2026-08-23 07:46:00.089272,6697,5339,1939,0
2026-08-23 07:46:00.109715,6620,4936,2496,0
2026-08-23 07:46:00.109735,6602,5064,2127,0
2026-08-23 07:46:00.109755,6530,5034,0,0
2026-08-23 07:46:00.109775,6576,5226,1792,0
2026-08-23 07:46:00.109795,6573,5249,1562,0
2026-08-23 07:46:00.109815,6611,5376,2200,0
2026-08-23 07:46:00.109835,6597,5406,2233,0
2026-08-23 07:46:00.109855,6668,5409,1847,0
2026-08-23 07:46:00.109875,6611,5432,1963,0
2026-08-23 07:46:00.109895,6663,5473,2516,0
2026-08-23 07:46:00.109915,6592,5431,1991,0
2026-08-23 07:46:00.109935,6488,5229,0,0
2026-08-23 07:46:00.109955,6585,5393,2157,0
2026-08-23 07:46:00.130533,6611,4770,1983,0
2026-08-23 07:46:00.130553,6632,4937,2279,0
2026-08-23 07:46:00.130573,6604,5095,2233,0
2026-08-23 07:46:00.130593,6642,5191,2224,0
2026-08-23 07:46:00.130613,6592,5256,2151,0
2026-08-23 07:46:00.130633,6675,5367,2710,0
2026-08-23 07:46:00.130653,6599,5331,1962,0
2026-08-23 07:46:00.130673,6522,5168,0,0
2026-08-23 07:46:00.130693,6578,5368,2157,0
2026-08-23 07:46:00.130713,6585,5346,1559,0
2026-08-23 07:46:00.130733,6609,5433,1948,0
2026-08-23 07:46:00.130753,6584,5384,1769,0
2026-08-23 07:46:00.130773,6639,5446,2635,0
2026-08-23 07:46:00.150975,6608,4767,2146,0
2026-08-23 07:46:00.150995,6563,4864,756,0
2026-08-23 07:46:00.151015,6582,5047,1919,0
2026-08-23 07:46:00.151035,6586,5157,1833,0
2026-08-23 07:46:00.151055,6634,5244,2215,0
2026-08-23 07:46:00.151075,6615,5291,2259,0
2026-08-23 07:46:00.151095,6674,5367,2133,0
2026-08-23 07:46:00.151115,6604,5390,2152,0
2026-08-23 07:46:00.151135,6673,5405,2594,0
2026-08-23 07:46:00.151155,6600,5411,1989,0
2026-08-23 07:46:00.151175,6671,5431,2672,0
2026-08-23 07:46:00.151195,6609,5412,2160,0
2026-08-23 07:46:00.151215,6616,5389,2217,0
2026-08-23 07:46:00.171184,6608,4803,2189,0
2026-08-23 07:46:00.171204,6601,4971,2057,0
2026-08-23 07:46:00.171224,6632,5104,1999,0
2026-08-23 07:46:00.171244,6595,5198,1880,0
2026-08-23 07:46:00.171264,6633,5261,2318,0
2026-08-23 07:46:00.171284,6599,5295,2099,0
2026-08-23 07:46:00.171304,6665,5387,2290,0
2026-08-23 07:46:00.171324,6602,5398,2246,0
2026-08-23 07:46:00.171344,6735,5490,1286,0
2026-08-23 07:46:00.171364,6589,5408,1999,0
2026-08-23 07:46:00.171384,6573,5290,0,0
2026-08-23 07:46:00.171404,6591,5411,2143,0
2026-08-23 07:46:00.171424,6598,5396,2082,0
2026-08-23 07:46:00.191744,6610,4861,2154,0
2026-08-23 07:46:00.191764,6543,4789,0,0
2026-08-23 07:46:00.191784,6573,5126,1902,0
2026-08-23 07:46:00.191804,6566,5144,1045,0
2026-08-23 07:46:00.191824,6602,5292,2176,0
2026-08-23 07:46:00.191844,6607,5333,2169,0
2026-08-23 07:46:00.191864,6660,5345,2008,0
2026-08-23 07:46:00.191884,6584,5358,1980,0
2026-08-23 07:46:00.191904,6637,5440,2370,0
2026-08-23 07:46:00.191924,6591,5401,2092,0
2026-08-23 07:46:00.191944,6671,5448,2368,0
2026-08-23 07:46:00.191964,6605,5416,2250,0
2026-08-23 07:46:00.191984,6616,5331,2109,0
2026-08-23 07:46:00.212936,6599,4843,2153,0
2026-08-23 07:46:00.212956,6570,4924,885,0
2026-08-23 07:46:00.212976,6582,5088,1891,0
2026-08-23 07:46:00.212996,6537,5129,667,0
2026-08-23 07:46:00.213017,6589,5269,2165,0
2026-08-23 07:46:00.213037,6593,5323,1917,0
2026-08-23 07:46:00.213057,6632,5346,1997,0
2026-08-23 07:46:00.213077,6589,5374,2255,0
2026-08-23 07:46:00.213096,6676,5450,2426,0
2026-08-23 07:46:00.213116,6603,5401,2120,0
2026-08-23 07:46:00.213136,6673,5445,2518,0
2026-08-23 07:46:00.213156,6603,5435,2122,0
2026-08-23 07:46:00.213176,6608,5365,2059,0
2026-08-23 07:46:00.232335,6573,4677,1231,0
2026-08-23 07:46:00.232355,6597,4876,1894,0
2026-08-23 07:46:00.232375,6590,5030,2198,0
2026-08-23 07:46:00.232395,6679,5168,2372,0
2026-08-23 07:46:00.232415,6600,5253,2180,0
2026-08-23 07:46:00.232435,6669,5330,2400,0
2026-08-23 07:46:00.232455,6601,5330,2141,0
2026-08-23 07:46:00.232475,6749,5398,744,0
2026-08-23 07:46:00.232495,6577,5354,1897,0
2026-08-23 07:46:00.232515,6540,5336,657,0
2026-08-23 07:46:00.232535,6588,5414,2152,0
2026-08-23 07:46:00.232555,6608,5431,2228,0
2026-08-23 07:46:00.253013,6599,4805,2137,0
2026-08-23 07:46:00.253033,6607,4963,2122,0
2026-08-23 07:46:00.253053,6641,5138,1986,0
2026-08-23 07:46:00.253073,6604,5184,1918,0
2026-08-23 07:46:00.253093,6635,5294,2357,0
2026-08-23 07:46:00.253114,6596,5304,2067,0
2026-08-23 07:46:00.253134,6670,5370,2379,0
2026-08-23 07:46:00.253154,6606,5422,2217,0
2026-08-23 07:46:00.253173,6533,5270,0,0
2026-08-23 07:46:00.253193,6579,5393,1949,0
2026-08-23 07:46:00.253213,6507,5300,0,0
2026-08-23 07:46:00.253233,6592,5415,2155,0
2026-08-23 07:46:00.253253,6597,5399,2072,0
2026-08-23 07:46:00.273698,6617,4788,2479,0
2026-08-23 07:46:00.273718,6598,4957,2008,0
2026-08-23 07:46:00.273738,6668,5150,2613,0
2026-08-23 07:46:00.273758,6614,5189,2157,0
2026-08-23 07:46:00.273778,6562,5174,657,0
2026-08-23 07:46:00.273798,6580,5305,1944,0
2026-08-23 07:46:00.273818,6539,5251,445,0
2026-08-23 07:46:00.273839,6588,5392,2202,0
2026-08-23 07:46:00.273858,6588,5424,1840,0
2026-08-23 07:46:00.273878,6623,5419,2003,0
2026-08-23 07:46:00.273898,6592,5454,2237,0
2026-08-23 07:46:00.273918,6688,5456,2484,0
2026-08-23 07:46:00.273938,6608,5399,2023,0
2026-08-23 07:46:00.292767,6621,4733,2223,0
2026-08-23 07:46:00.292787,6640,4915,2170,0
2026-08-23 07:46:00.292807,6603,5075,2118,0
2026-08-23 07:46:00.292827,6670,5229,2595,0
2026-08-23 07:46:00.292847,6603,5226,2021,0
2026-08-23 07:46:00.292867,6593,5225,0,0
2026-08-23 07:46:00.292887,6586,5345,2149,0
2026-08-23 07:46:00.292907,6579,5343,1357,0
2026-08-23 07:46:00.292927,6588,5376,1932,0
2026-08-23 07:46:00.292947,6569,5368,1306,0
2026-08-23 07:46:00.292967,6607,5394,2215,0
2026-08-23 07:46:00.292987,6600,5382,2017,0
2026-08-23 07:46:00.313009,6612,4865,2140,0
2026-08-23 07:46:00.313029,6604,5008,1698,0
2026-08-23 07:46:00.313049,6621,5159,1981,0
2026-08-23 07:46:00.313069,6605,5206,2211,0
2026-08-23 07:46:00.313089,6670,5315,2367,0
2026-08-23 07:46:00.313109,6613,5319,2186,0
2026-08-23 07:46:00.313129,6671,5379,2335,0
2026-08-23 07:46:00.313149,6604,5385,2172,0
2026-08-23 07:46:00.313169,6687,5435,2874,0
2026-08-23 07:46:00.313189,6596,5419,1937,0
2026-08-23 07:46:00.313209,6526,5308,0,0
2026-08-23 07:46:00.313229,6595,5444,2201,0
2026-08-23 07:46:00.313249,6608,5393,2038,0
2026-08-23 07:46:00.333294,6610,4843,2155,0
2026-08-23 07:46:00.333314,6584,5005,1777,0
2026-08-23 07:46:00.333334,6569,5159,1937,0
2026-08-23 07:46:00.333354,6615,5180,1582,0
2026-08-23 07:46:00.333374,6618,5315,2257,0
2026-08-23 07:46:00.333394,6587,5304,2099,0
2026-08-23 07:46:00.333414,6639,5363,2197,0
2026-08-23 07:46:00.333434,6603,5407,2318,0
2026-08-23 07:46:00.333454,6683,5429,2736,0
2026-08-23 07:46:00.333474,6612,5399,1987,0
2026-08-23 07:46:00.333494,6669,5446,566,0
2026-08-23 07:46:00.333514,6575,5443,2126,0
2026-08-23 07:46:00.333534,6600,5381,1917,0
2026-08-23 07:46:00.352567,6602,4671,2061,0
2026-08-23 07:46:00.352587,6633,4888,2251,0
2026-08-23 07:46:00.352607,6601,5057,2232,0
2026-08-23 07:46:00.352627,6613,5032,0,0
2026-08-23 07:46:00.352647,6587,5254,1961,0
2026-08-23 07:46:00.352667,6498,5106,0,0
2026-08-23 07:46:00.352687,6574,5329,2104,0
2026-08-23 07:46:00.352707,6577,5324,1441,0
2026-08-23 07:46:00.352727,6609,5347,1945,0
2026-08-23 07:46:00.352747,6595,5374,2193,0
2026-08-23 07:46:00.352767,6667,5399,2442,0
2026-08-23 07:46:00.352787,6614,5385,1910,0
2026-08-23 07:46:00.371975,6614,4948,1991,0
2026-08-23 07:46:00.371995,6637,5104,2293,0
2026-08-23 07:46:00.372015,6608,5211,2217,0
2026-08-23 07:46:00.372035,6675,5252,2254,0
2026-08-23 07:46:00.372055,6606,5325,2171,0
2026-08-23 07:46:00.372075,6682,5395,2781,0
2026-08-23 07:46:00.372095,6605,5379,1947,0
2026-08-23 07:46:00.372115,6509,5211,0,0
2026-08-23 07:46:00.372135,6569,5422,2141,0
2026-08-23 07:46:00.372155,6588,5401,1736,0
2026-08-23 07:46:00.372175,6614,5427,1950,0
2026-08-23 07:46:00.372195,6605,5421,2024,0
2026-08-23 07:46:00.392862,6602,4806,2070,0
2026-08-23 07:46:00.392882,6602,4947,2111,0
2026-08-23 07:46:00.392902,6669,5149,2534,0
2026-08-23 07:46:00.392922,6602,5170,2012,0
2026-08-23 07:46:00.392942,6639,5306,2604,0
2026-08-23 07:46:00.392962,6610,5288,2198,0
2026-08-23 07:46:00.392982,6564,5266,613,0
2026-08-23 07:46:00.393002,6580,5380,1940,0
2026-08-23 07:46:00.393022,6538,5301,401,0
2026-08-23 07:46:00.393042,6589,5436,2170,0
2026-08-23 07:46:00.393062,6590,5416,1860,0
2026-08-23 07:46:00.393082,6630,5400,2226,0
2026-08-23 07:46:00.393102,6599,5432,2256,0
2026-08-23 07:46:00.413752,6588,4721,1572,0
2026-08-23 07:46:00.413772,6612,4955,2214,0
2026-08-23 07:46:00.413792,6607,5055,2278,0
2026-08-23 07:46:00.413812,6671,5211,2172,0
2026-08-23 07:46:00.413832,6601,5242,2131,0
2026-08-23 07:46:00.413852,6679,5346,2665,0
2026-08-23 07:46:00.413872,6580,5356,1979,0
2026-08-23 07:46:00.413892,6557,5242,0,0
2026-08-23 07:46:00.413912,6587,5385,2180,0
2026-08-23 07:46:00.413932,6588,5380,1350,0
2026-08-23 07:46:00.413952,6586,5407,1927,0
2026-08-23 07:46:00.413972,6575,5375,1507,0
2026-08-23 07:46:00.413992,6617,5403,2398,0
2026-08-23 07:46:00.434728,6598,4775,2168,0
2026-08-23 07:46:00.434748,6518,4749,0,0
2026-08-23 07:46:00.434768,6578,5061,1904,0
2026-08-23 07:46:00.434788,6569,5098,1271,0
2026-08-23 07:46:00.434808,6604,5280,2162,0
2026-08-23 07:46:00.434828,6594,5332,2195,0
2026-08-23 07:46:00.434848,6668,5336,2026,0
2026-08-23 07:46:00.434868,6558,5354,2030,0
2026-08-23 07:46:00.434888,6666,5439,2444,0
2026-08-23 07:46:00.434908,6601,5426,2021,0
2026-08-23 07:46:00.434928,6570,5457,2491,0
2026-08-23 07:46:00.434948,6595,5445,2172,0
2026-08-23 07:46:00.434968,6599,5415,2193,0
2026-08-23 07:46:00.455579,6625,4767,2492,0
2026-08-23 07:46:00.455599,6613,4920,2056,0
2026-08-23 07:46:00.455619,6678,5134,2660,0
2026-08-23 07:46:00.455639,6597,5168,2136,0
2026-08-23 07:46:00.455659,6542,5094,80,0
2026-08-23 07:46:00.455679,6581,5280,1895,0
2026-08-23 07:46:00.455699,6577,5329,1605,0
2026-08-23 07:46:00.455719,6608,5364,2210,0
2026-08-23 07:46:00.455739,6604,5407,2236,0
2026-08-23 07:46:00.455759,6671,5423,2082,0
2026-08-23 07:46:00.455779,6596,5422,2071,0
2026-08-23 07:46:00.455799,6665,5437,2675,0
2026-08-23 07:46:00.455819,6614,5380,1931,0
2026-08-23 07:46:00.476797,6600,4738,1916,0
2026-08-23 07:46:00.476817,6613,4955,2129,0
2026-08-23 07:46:00.476837,6605,5086,2262,0
2026-08-23 07:46:00.476857,6671,5231,2616,0
2026-08-23 07:46:00.476877,6620,5239,2030,0
2026-08-23 07:46:00.476897,6675,5334,2715,0
2026-08-23 07:46:00.476917,6616,5370,2101,0
2026-08-23 07:46:00.476937,6553,5272,550,0
2026-08-23 07:46:00.476957,6588,5375,1883,0
2026-08-23 07:46:00.476977,6591,5406,1842,0
2026-08-23 07:46:00.476997,6629,5452,2221,0
2026-08-23 07:46:00.477017,6606,5416,2187,0
2026-08-23 07:46:00.477037,6674,5459,2797,0
2026-08-23 07:46:00.497952,6600,4731,2016,0
2026-08-23 07:46:00.497972,6591,4933,2105,0
2026-08-23 07:46:00.497992,6671,5081,2575,0
2026-08-23 07:46:00.498012,6598,5143,1994,0
2026-08-23 07:46:00.498032,6669,5299,2351,0
2026-08-23 07:46:00.498052,6603,5320,2178,0
2026-08-23 07:46:00.498072,6572,5299,1105,0
2026-08-23 07:46:00.498092,6597,5373,1924,0
2026-08-23 07:46:00.498112,6559,5301,906,0
2026-08-23 07:46:00.498132,6585,5424,2175,0
2026-08-23 07:46:00.498152,6622,5420,1973,0
2026-08-23 07:46:00.498172,6668,5421,2181,0
2026-08-23 07:46:00.498192,6612,5435,2232,0
2026-08-23 07:46:00.518802,6621,4727,1880,0
2026-08-23 07:46:00.518822,6634,4925,2274,0
2026-08-23 07:46:00.518842,6605,5086,2185,0
2026-08-23 07:46:00.518862,6671,5214,2335,0
2026-08-23 07:46:00.518882,6598,5262,2121,0
2026-08-23 07:46:00.518902,6672,5415,1596,0
2026-08-23 07:46:00.518922,6589,5264,1889,0
2026-08-23 07:46:00.518942,6554,5279,821,0
2026-08-23 07:46:00.518962,6587,5371,2138,0
2026-08-23 07:46:00.518982,6610,5387,2181,0
2026-08-23 07:46:00.519002,6665,5403,2011,0
2026-08-23 07:46:00.519022,6593,5433,2087,0
2026-08-23 07:46:00.519042,6593,5315,0,0
2026-08-23 07:46:00.539496,6603,4745,2208,0
2026-08-23 07:46:00.539516,6595,4905,2062,0
2026-08-23 07:46:00.539536,6667,5068,2307,0
2026-08-23 07:46:00.539556,6601,5175,2203,0
2026-08-23 07:46:00.539576,6546,5106,0,0
2026-08-23 07:46:00.539596,6573,5315,1957,0
2026-08-23 07:46:00.539616,6516,5190,0,0
2026-08-23 07:46:00.539636,6579,5399,2128,0
2026-08-23 07:46:00.539656,6588,5362,1771,0
2026-08-23 07:46:00.539676,6622,5393,1950,0
2026-08-23 07:46:00.539696,6605,5415,2224,0
2026-08-23 07:46:00.539716,6679,5472,2534,0
2026-08-23 07:46:00.539736,6617,5431,1969,0
2026-08-23 07:46:00.560194,6594,4745,1554,0
2026-08-23 07:46:00.560215,6623,4979,1935,0
2026-08-23 07:46:00.560235,6578,5031,1664,0
2026-08-23 07:46:00.560255,6622,5194,2245,0
2026-08-23 07:46:00.560275,6595,5279,2066,0
2026-08-23 07:46:00.560295,6667,5302,2270,0
2026-08-23 07:46:00.560315,6607,5343,2201,0
2026-08-23 07:46:00.560335,6552,5199,0,0
2026-08-23 07:46:00.560354,6533,5394,1931,0
2026-08-23 07:46:00.560374,6514,5235,0,0
2026-08-23 07:46:00.560395,6583,5433,2110,0
2026-08-23 07:46:00.560415,6591,5386,1939,0
2026-08-23 07:46:00.560435,6640,5401,2304,0
2026-08-23 07:46:00.580999,6611,4779,1857,0
2026-08-23 07:46:00.581019,6577,4918,1367,0
2026-08-23 07:46:00.581039,6616,5096,2149,0
2026-08-23 07:46:00.581059,6600,5188,2211,0
2026-08-23 07:46:00.581079,6668,5256,2139,0
2026-08-23 07:46:00.581099,6589,5301,2103,0
2026-08-23 07:46:00.581119,6686,5378,2714,0
2026-08-23 07:46:00.581139,6607,5386,1916,0
2026-08-23 07:46:00.581159,6517,5276,0,0
2026-08-23 07:46:00.581179,6584,5409,2119,0
2026-08-23 07:46:00.581199,6596,5436,2024,0
2026-08-23 07:46:00.581219,6629,5440,1994,0
2026-08-23 07:46:00.581239,6602,5388,2123,0
2026-08-23 07:46:00.602027,6529,4580,0,0
2026-08-23 07:46:00.602047,6589,4930,2133,0
2026-08-23 07:46:00.602067,6587,5042,1918,0
2026-08-23 07:46:00.602087,6630,5206,2034,0
2026-08-23 07:46:00.602107,6602,5252,2232,0
2026-08-23 07:46:00.602127,6677,5351,2539,0
2026-08-23 07:46:00.602147,6608,5370,2026,0
2026-08-23 07:46:00.602167,6667,5399,2704,0
2026-08-23 07:46:00.602187,6607,5383,2082,0
2026-08-23 07:46:00.602207,6562,5335,884,0
2026-08-23 07:46:00.602227,6589,5402,1884,0
2026-08-23 07:46:00.602247,6601,5416,2172,0
2026-08-23 07:46:00.602267,6678,5473,2670,0
2026-08-23 07:46:00.623104,6612,4789,2149,0
2026-08-23 07:46:00.623124,6617,4954,1932,0
2026-08-23 07:46:00.623144,6665,5133,2184,0
2026-08-23 07:46:00.623164,6598,5204,2096,0
2026-08-23 07:46:00.623184,6669,5325,3781,0
2026-08-23 07:46:00.623204,6666,5295,1860,0
2026-08-23 07:46:00.623224,6570,5337,1076,0
2026-08-23 07:46:00.623245,6611,5427,2129,0
2026-08-23 07:46:00.623264,6601,5444,2178,0
2026-08-23 07:46:00.623284,6671,5447,2077,0
2026-08-23 07:46:00.623304,6599,5402,2097,0
2026-08-23 07:46:00.623324,6677,5449,3752,0
2026-08-23 07:46:00.623344,6673,5398,1884,0
2026-08-23 07:46:00.644015,6600,4718,1881,0
2026-08-23 07:46:00.644035,6575,4867,1311,0
2026-08-23 07:46:00.644055,6613,5090,2156,0
2026-08-23 07:46:00.644075,6553,5176,2211,0
2026-08-23 07:46:00.644095,6677,5256,2100,0
2026-08-23 07:46:00.644115,6587,5292,2033,0
2026-08-23 07:46:00.644135,6666,5407,2671,0
2026-08-23 07:46:00.644155,6593,5353,1902,0
2026-08-23 07:46:00.644175,6525,5249,0,0
2026-08-23 07:46:00.644195,6586,5403,2113,0
2026-08-23 07:46:00.644215,6589,5404,2139,0
2026-08-23 07:46:00.644235,6664,5410,2032,0
2026-08-23 07:46:00.644255,6612,5396,2061,0
2026-08-23 07:46:00.664996,6587,4702,1305,0
2026-08-23 07:46:00.665016,6603,4943,2264,0
2026-08-23 07:46:00.665036,6608,5090,2009,0
2026-08-23 07:46:00.665056,6668,5232,2384,0
2026-08-23 07:46:00.665076,6599,5272,2160,0
2026-08-23 07:46:00.665096,6546,5248,446,0
2026-08-23 07:46:00.665116,6582,5333,1891,0
2026-08-23 07:46:00.665136,6555,5306,899,0
2026-08-23 07:46:00.665156,6600,5439,2121,0
2026-08-23 07:46:00.665176,6599,5406,2010,0
2026-08-23 07:46:00.665196,6662,5418,2175,0
2026-08-23 07:46:00.665216,6604,5412,2158,0
2026-08-23 07:46:00.665236,6590,5400,1499,0
2026-08-23 07:46:00.685624,6549,4643,0,0
2026-08-23 07:46:00.685644,6583,4930,1893,0
2026-08-23 07:46:00.685664,6554,4993,664,0
2026-08-23 07:46:00.685684,6574,5234,2131,0
2026-08-23 07:46:00.685704,6596,5267,1971,0
2026-08-23 07:46:00.685724,6667,5330,2140,0
2026-08-23 07:46:00.685745,6511,5356,2186,0
2026-08-23 07:46:00.685765,6608,5298,0,0
2026-08-23 07:46:00.685784,6576,5367,1938,0
2026-08-23 07:46:00.685804,6499,5240,0,0
2026-08-23 07:46:00.685824,6574,5405,2089,0
2026-08-23 07:46:00.685844,6599,5428,1969,0
2026-08-23 07:46:00.685864,6666,5421,2414,0
2026-08-23 07:46:00.706366,6597,4766,1945,0
2026-08-23 07:46:00.706386,6507,4807,0,0
2026-08-23 07:46:00.706406,6584,5081,2131,0
2026-08-23 07:46:00.706426,6596,5173,1850,0
2026-08-23 07:46:00.706446,6620,5242,1919,0
2026-08-23 07:46:00.706466,6589,5299,1772,0
2026-08-23 07:46:00.706486,6626,5350,2286,0
2026-08-23 07:46:00.706506,6593,5393,2032,0
2026-08-23 07:46:00.706526,6668,5396,2372,0
2026-08-23 07:46:00.706546,6609,5426,2179,0
2026-08-23 07:46:00.706566,6547,5322,64,0
2026-08-23 07:46:00.706586,6574,5393,1899,0
2026-08-23 07:46:00.706606,6593,5376,2017,0
2026-08-23 07:46:00.727517,6628,4786,2747,0
2026-08-23 07:46:00.727537,6592,4950,2078,0
2026-08-23 07:46:00.727557,6577,5019,1404,0
2026-08-23 07:46:00.727577,6604,5190,1910,0
2026-08-23 07:46:00.727597,6595,5252,2160,0
2026-08-23 07:46:00.727617,6663,5314,2404,0
2026-08-23 07:46:00.727637,6621,5338,2057,0
2026-08-23 07:46:00.727657,6675,5397,2628,0
2026-08-23 07:46:00.727677,6604,5411,2091,0
2026-08-23 07:46:00.727697,6558,5310,576,0
2026-08-23 07:46:00.727717,6581,5418,1896,0
2026-08-23 07:46:00.727737,6605,5406,2160,0
2026-08-23 07:46:00.727757,6714,5474,1368,0
2026-08-23 07:46:00.748353,6611,4759,2219,0
2026-08-23 07:46:00.748373,6610,4941,2184,0
2026-08-23 07:46:00.748393,6672,5044,2354,0
2026-08-23 07:46:00.748413,6598,5184,2119,0
2026-08-23 07:46:00.748433,6581,5068,0,0
2026-08-23 07:46:00.748453,6581,5297,1893,0
2026-08-23 07:46:00.748473,6573,5309,1181,0
2026-08-23 07:46:00.748493,6604,5364,2146,0
2026-08-23 07:46:00.748513,6602,5387,2192,0
2026-08-23 07:46:00.748533,6670,5404,2091,0
2026-08-23 07:46:00.748553,6599,5409,2091,0
2026-08-23 07:46:00.748573,6674,5447,2807,0
2026-08-23 07:46:00.748593,6613,5417,1843,0
2026-08-23 07:46:00.769467,6674,4774,1986,0
2026-08-23 07:46:00.769487,6666,4994,2525,0
2026-08-23 07:46:00.769507,6597,5056,2116,0
2026-08-23 07:46:00.769527,6580,5136,1424,0
2026-08-23 07:46:00.769547,6605,5270,1901,0
2026-08-23 07:46:00.769567,6577,5286,1587,0
2026-08-23 07:46:00.769587,6605,5378,2238,0
2026-08-23 07:46:00.769607,6603,5356,2025,0
2026-08-23 07:46:00.769627,6677,5423,2320,0
2026-08-23 07:46:00.769647,6605,5380,2179,0
2026-08-23 07:46:00.769667,6534,5280,0,0
2026-08-23 07:46:00.769687,6592,5400,1885,0
2026-08-23 07:46:00.769707,6589,5375,1769,0
2026-08-23 07:46:00.790228,6629,4806,2658,0
2026-08-23 07:46:00.790248,6612,4972,2092,0
2026-08-23 07:46:00.790268,6565,5024,969,0
2026-08-23 07:46:00.790288,6589,5187,1900,0
2026-08-23 07:46:00.790308,6598,5239,2035,0
2026-08-23 07:46:00.790328,6669,5309,2288,0
2026-08-23 07:46:00.790348,6604,5366,2156,0
2026-08-23 07:46:00.790368,6674,5373,2350,0
2026-08-23 07:46:00.790388,6607,5410,2099,0
2026-08-23 07:46:00.790408,6553,5222,0,0
2026-08-23 07:46:00.790428,6575,5358,1875,0
2026-08-23 07:46:00.790448,6592,5385,1765,0
2026-08-23 07:46:00.790468,6616,5400,2363,0
2026-08-23 07:46:00.811185,6621,4741,2100,0
2026-08-23 07:46:00.811205,6618,4965,2092,0
2026-08-23 07:46:00.811225,6636,5090,1973,0
2026-08-23 07:46:00.811245,6585,5173,1977,0
2026-08-23 07:46:00.811265,6662,5269,2447,0
2026-08-23 07:46:00.811285,6605,5287,1949,0
2026-08-23 07:46:00.811306,6676,5330,183,0
2026-08-23 07:46:00.811326,6590,5371,2125,0
2026-08-23 07:46:00.811345,6583,5372,1637,0
2026-08-23 07:46:00.811365,6606,5416,1900,0
2026-08-23 07:46:00.811385,6586,5398,1679,0
2026-08-23 07:46:00.811405,6632,5459,2357,0
2026-08-23 07:46:00.811425,6610,5382,1896,0
2026-08-23 07:46:00.831872,6604,4763,1940,0
2026-08-23 07:46:00.831892,6668,4936,2172,0
2026-08-23 07:46:00.831912,6610,5080,2202,0
2026-08-23 07:46:00.831932,6598,5086,0,0
2026-08-23 07:46:00.831952,6583,5241,1907,0
2026-08-23 07:46:00.831972,6506,5166,0,0
2026-08-23 07:46:00.831992,6589,5341,2086,0
2026-08-23 07:46:00.832012,6589,5376,1840,0
2026-08-23 07:46:00.832032,6629,5393,2016,0
2026-08-23 07:46:00.832052,6596,5433,2203,0
2026-08-23 07:46:00.832072,6678,5454,2622,0
2026-08-23 07:46:00.832092,6621,5414,1901,0
2026-08-23 07:46:00.832112,6588,5390,1637,0
2026-08-23 07:46:00.852777,6620,4804,2367,0
2026-08-23 07:46:00.852798,6609,4933,2068,0
2026-08-23 07:46:00.852818,6528,4936,0,0
2026-08-23 07:46:00.852838,6579,5193,1865,0
2026-08-23 07:46:00.852858,6583,5217,1757,0
2026-08-23 07:46:00.852878,6621,5341,2216,0
2026-08-23 07:46:00.852898,6605,5338,2197,0
2026-08-23 07:46:00.852918,6643,5381,2248,0
2026-08-23 07:46:00.852937,6602,5365,2102,0
2026-08-23 07:46:00.852957,6680,5465,3559,0
2026-08-23 07:46:00.852978,6631,5407,1880,0
2026-08-23 07:46:00.852998,6585,5360,1578,0
2026-08-23 07:46:00.853018,6625,5443,2348,0
2026-08-23 07:46:00.873882,6611,4756,2109,0
2026-08-23 07:46:00.873902,6592,4947,1757,0
2026-08-23 07:46:00.873922,6617,5079,1929,0
2026-08-23 07:46:00.873942,6586,5150,1854,0
2026-08-23 07:46:00.873962,6631,5253,2337,0
2026-08-23 07:46:00.873982,6606,5286,2003,0
2026-08-23 07:46:00.874002,6638,5390,2431,0
2026-08-23 07:46:00.874022,6607,5395,2178,0
2026-08-23 07:46:00.874042,6576,5318,935,0
2026-08-23 07:46:00.874062,6604,5385,1875,0
2026-08-23 07:46:00.874082,6574,5356,1270,0
2026-08-23 07:46:00.874102,6613,5455,2289,0
2026-08-23 07:46:00.874122,6593,5378,1943,0
2026-08-23 07:46:00.894213,6621,4756,2013,0
2026-08-23 07:46:00.894233,6675,4933,2488,0
2026-08-23 07:46:00.894253,6605,5078,2100,0
2026-08-23 07:46:00.894274,6580,5127,1325,0
2026-08-23 07:46:00.894294,6594,5264,1876,0
2026-08-23 07:46:00.894314,6575,5258,1501,0
2026-08-23 07:46:00.894334,6625,5404,2249,0
2026-08-23 07:46:00.894354,6590,5389,2009,0
2026-08-23 07:46:00.894373,6631,5429,2398,0
2026-08-23 07:46:00.894393,6611,5393,2130,0
2026-08-23 07:46:00.894413,6605,5354,713,0
2026-08-23 07:46:00.894433,6591,5411,1890,0
2026-08-23 07:46:00.894454,6606,5397,2098,0
2026-08-23 07:46:00.915321,6607,4815,2072,0
2026-08-23 07:46:00.915341,6598,4972,2098,0
2026-08-23 07:46:00.915361,6693,5275,2023,0
2026-08-23 07:46:00.915381,6603,5183,1842,0
2026-08-23 07:46:00.915401,6568,5178,1173,0
2026-08-23 07:46:00.915421,6590,5295,2116,0
2026-08-23 07:46:00.915441,6593,5375,2201,0
2026-08-23 07:46:00.915461,6667,5396,2111,0
2026-08-23 07:46:00.915481,6606,5369,2074,0
2026-08-23 07:46:00.915501,6669,5465,2761,0
2026-08-23 07:46:00.915521,6601,5391,1870,0
2026-08-23 07:46:00.915541,6583,5352,1328,0
2026-08-23 07:46:00.915561,6608,5444,2261,0
2026-08-23 07:46:00.936527,6615,4716,2112,0
2026-08-23 07:46:00.936547,6685,4920,2195,0
2026-08-23 07:46:00.936567,6665,5082,2162,0
2026-08-23 07:46:00.936587,6598,5195,2090,0
2026-08-23 07:46:00.936607,6668,5293,2838,0
2026-08-23 07:46:00.936627,6608,5289,1890,0
2026-08-23 07:46:00.936647,6559,5236,718,0
2026-08-23 07:46:00.936667,6593,5350,2117,0
2026-08-23 07:46:00.936687,6602,5418,2153,0
2026-08-23 07:46:00.936707,6668,5395,2017,0
2026-08-23 07:46:00.936727,6593,5427,2058,0
2026-08-23 07:46:00.936747,6676,5485,2797,0
2026-08-23 07:46:00.936767,6611,5410,1818,0
2026-08-23 07:46:00.957336,6603,4712,1736,0
2026-08-23 07:46:00.957356,6557,4859,782,0
2026-08-23 07:46:00.957376,6584,5048,2192,0
2026-08-23 07:46:00.957396,6596,5212,2170,0
2026-08-23 07:46:00.957416,6667,5267,2065,0
2026-08-23 07:46:00.957436,6594,5310,2076,0
2026-08-23 07:46:00.957456,6671,5383,2634,0
2026-08-23 07:46:00.957476,6599,5302,1917,0
2026-08-23 07:46:00.957496,6515,5264,0,0
2026-08-23 07:46:00.957516,6577,5425,2109,0
2026-08-23 07:46:00.957536,6596,5394,1990,0
2026-08-23 07:46:00.957556,6637,5410,1994,0
2026-08-23 07:46:00.957576,6610,5393,2137,0
2026-08-23 07:46:00.977460,6583,4713,1087,0
2026-08-23 07:46:00.977480,6601,4934,2199,0
2026-08-23 07:46:00.977500,6588,5051,2032,0
2026-08-23 07:46:00.977520,6664,5196,2249,0
2026-08-23 07:46:00.977540,6494,5283,2181,0
2026-08-23 07:46:00.977560,6551,5158,0,0
2026-08-23 07:46:00.977580,6580,5359,1898,0
2026-08-23 07:46:00.977600,6542,5249,317,0
2026-08-23 07:46:00.977620,6589,5393,2117,0
2026-08-23 07:46:00.977640,6585,5424,1946,0
2026-08-23 07:46:00.977660,6636,5443,2015,0
2026-08-23 07:46:00.977680,6613,5419,2178,0
2026-08-23 07:46:00.977700,6598,5418,2067,0
2026-08-23 07:46:00.997436,6614,4863,2155,0
2026-08-23 07:46:00.997456,6547,4892,0,0
2026-08-23 07:46:00.997476,6584,5101,1861,0
2026-08-23 07:46:00.997496,6552,5133,785,0
2026-08-23 07:46:00.997516,6589,5280,2138,0
2026-08-23 07:46:00.997536,6586,5314,1977,0
2026-08-23 07:46:00.997556,6663,5401,2197,0
2026-08-23 07:46:00.997576,6603,5392,2186,0
2026-08-23 07:46:00.997596,6533,5252,0,0
2026-08-23 07:46:00.997616,6579,5444,1886,0
2026-08-23 07:46:00.997636,6525,5328,238,0
2026-08-23 07:46:00.997656,6585,5459,2078,0
2026-08-23 07:46:00.997676,6610,5371,1849,0
2026-08-23 07:46:01.017573,6613,4830,2142,0
2026-08-23 07:46:01.017593,6663,4985,2022,0
2026-08-23 07:46:01.017613,6639,5155,2270,0
2026-08-23 07:46:01.017633,6608,5247,2167,0
2026-08-23 07:46:01.017653,6543,5185,0,0
2026-08-23 07:46:01.017673,6593,5343,1889,0
2026-08-23 07:46:01.017693,6544,5302,650,0
2026-08-23 07:46:01.017713,6581,5405,2140,0
2026-08-23 07:46:01.017733,6588,5410,1966,0
2026-08-23 07:46:01.017753,6638,5449,2126,0
2026-08-23 07:46:01.017773,6603,5448,2171,0
2026-08-23 07:46:01.017793,6624,5371,0,0
2026-08-23 07:46:01.017813,6577,5407,1873,0
2026-08-23 07:46:01.038465,6592,4769,1392,0
2026-08-23 07:46:01.038485,6597,4973,1889,0
2026-08-23 07:46:01.038505,6569,5105,1697,0
2026-08-23 07:46:01.038525,6622,5246,2274,0
2026-08-23 07:46:01.038545,6599,5259,2020,0
2026-08-23 07:46:01.038565,6665,5327,2418,0
2026-08-23 07:46:01.038585,6610,5363,2133,0
2026-08-23 07:46:01.038605,6703,5312,745,0
2026-08-23 07:46:01.038625,6593,5376,1877,0
2026-08-23 07:46:01.038645,6563,5369,1174,0
2026-08-23 07:46:01.038665,6590,5455,2171,0
2026-08-23 07:46:01.038685,6590,5439,1988,0
2026-08-23 07:46:01.038705,6519,5258,0,0
2026-08-23 07:46:01.058999,6611,4790,2106,0
2026-08-23 07:46:01.059019,6600,4961,2167,0
2026-08-23 07:46:01.059039,6527,4917,0,0
2026-08-23 07:46:01.059059,6573,5160,1887,0
2026-08-23 07:46:01.059079,6526,5145,197,0
2026-08-23 07:46:01.059099,6585,5323,2103,0
2026-08-23 07:46:01.059119,6592,5362,1935,0
2026-08-23 07:46:01.059139,6625,5378,2091,0
2026-08-23 07:46:01.059159,6598,5416,2220,0
2026-08-23 07:46:01.059179,6675,5471,2683,0
2026-08-23 07:46:01.059199,6591,5406,1959,0
2026-08-23 07:46:01.059219,6521,5301,0,0
2026-08-23 07:46:01.059239,6586,5437,2167,0
2026-08-23 07:46:01.079990,6596,4763,1965,0
2026-08-23 07:46:01.080010,6666,5009,2415,0
2026-08-23 07:46:01.080030,6592,5076,1993,0
2026-08-23 07:46:01.080050,6684,5239,2603,0
2026-08-23 07:46:01.080070,6611,5297,1944,0
2026-08-23 07:46:01.080090,6584,5273,1261,0
2026-08-23 07:46:01.080110,6601,5345,1893,0
2026-08-23 07:46:01.080130,6575,5299,1419,0
2026-08-23 07:46:01.080150,6609,5397,2212,0
2026-08-23 07:46:01.080170,6599,5397,2011,0
2026-08-23 07:46:01.080190,6667,5460,2288,0
2026-08-23 07:46:01.080210,6609,5407,2156,0
2026-08-23 07:46:01.080230,6592,5374,1873,0
2026-08-23 07:46:01.100929,6564,4647,589,0
2026-08-23 07:46:01.100949,6589,4937,1863,0
2026-08-23 07:46:01.100969,6578,5052,1561,0
2026-08-23 07:46:01.100989,6622,5175,2243,0
2026-08-23 07:46:01.101009,6593,5267,1976,0
2026-08-23 07:46:01.101029,6638,5353,2430,0
2026-08-23 07:46:01.101049,6611,5332,2122,0
2026-08-23 07:46:01.101069,6564,5299,1051,0
2026-08-23 07:46:01.101089,6593,5377,1877,0
2026-08-23 07:46:01.101109,6577,5358,1408,0
2026-08-23 07:46:01.101129,6610,5421,2206,0
2026-08-23 07:46:01.101149,6603,5434,1982,0
2026-08-23 07:46:01.101169,6526,5248,0,0
2026-08-23 07:46:01.121368,6609,4739,2102,0
2026-08-23 07:46:01.121388,6592,4959,2205,0
2026-08-23 07:46:01.121408,6569,4885,0,0
2026-08-23 07:46:01.121428,6587,5153,1895,0
2026-08-23 07:46:01.121449,6526,5082,0,0
2026-08-23 07:46:01.121469,6581,5296,2125,0
2026-08-23 07:46:01.121489,6577,5361,1857,0
2026-08-23 07:46:01.121509,6617,5401,2016,0
2026-08-23 07:46:01.121528,6595,5423,2120,0
2026-08-23 07:46:01.121548,6623,5439,2669,0
2026-08-23 07:46:01.121568,6624,5409,1936,0
2026-08-23 07:46:01.121588,6548,5324,71,0
2026-08-23 07:46:01.121608,6601,5420,2202,0
2026-08-23 07:46:01.142357,6616,4815,2065,0
2026-08-23 07:46:01.142377,6640,5039,3164,0
2026-08-23 07:46:01.142397,6615,5097,1834,0
2026-08-23 07:46:01.142417,6563,5169,1231,0
2026-08-23 07:46:01.142437,6605,5256,2132,0
2026-08-23 07:46:01.142457,6602,5306,2180,0
2026-08-23 07:46:01.142478,6668,5382,2137,0
2026-08-23 07:46:01.142498,6597,5395,2071,0
2026-08-23 07:46:01.142517,6671,5457,2828,0
2026-08-23 07:46:01.142537,6603,5404,1839,0
2026-08-23 07:46:01.142557,6565,5370,1043,0
2026-08-23 07:46:01.142577,6602,5451,2167,0
2026-08-23 07:46:01.142597,6604,5433,2073,0
2026-08-23 07:46:01.162750,6613,4755,2160,0
2026-08-23 07:46:01.162770,6668,4948,2218,0
2026-08-23 07:46:01.162790,6599,5043,2086,0
2026-08-23 07:46:01.162810,6683,5282,3012,0
2026-08-23 07:46:01.162830,6613,5211,1866,0
2026-08-23 07:46:01.162850,6565,5217,1099,0
2026-08-23 07:46:01.162870,6603,5329,2155,0
2026-08-23 07:46:01.162890,6601,5392,2202,0
2026-08-23 07:46:01.162910,6640,5417,2078,0
2026-08-23 07:46:01.162930,6602,5416,2081,0
2026-08-23 07:46:01.162950,6674,5473,2681,0
2026-08-23 07:46:01.162970,6613,5420,1858,0
2026-08-23 07:46:01.162990,6616,5400,2214,0
2026-08-23 07:46:01.182735,6602,4809,1884,0
2026-08-23 07:46:01.182755,6608,4986,2193,0
2026-08-23 07:46:01.182775,6680,5145,2248,0
2026-08-23 07:46:01.182795,6485,5171,1917,0
2026-08-23 07:46:01.182815,6503,5071,0,0
2026-08-23 07:46:01.182835,6578,5291,2071,0
2026-08-23 07:46:01.182855,6604,5317,1814,0
2026-08-23 07:46:01.182875,6700,5399,1992,0
2026-08-23 07:46:01.182895,6615,5399,2192,0
2026-08-23 07:46:01.182915,6670,5465,2613,0
2026-08-23 07:46:01.182935,6668,5409,1959,0
2026-08-23 07:46:01.182955,6528,5298,0,0
2026-08-23 07:46:01.182975,6599,5429,2244,0
2026-08-23 07:46:01.202634,6625,4918,2546,0
2026-08-23 07:46:01.202654,6603,5034,2079,0
2026-08-23 07:46:01.202674,6551,5076,476,0
2026-08-23 07:46:01.202694,6583,5209,1860,0
2026-08-23 07:46:01.202714,6597,5266,1994,0
2026-08-23 07:46:01.202734,6640,5353,2290,0
2026-08-23 07:46:01.202754,6600,5404,2120,0
2026-08-23 07:46:01.202774,6675,5393,2413,0
2026-08-23 07:46:01.202794,6598,5417,2072,0
2026-08-23 07:46:01.202814,6525,5266,0,0
2026-08-23 07:46:01.202834,6571,5392,1847,0
2026-08-23 07:46:01.202854,6592,5397,1824,0
2026-08-23 07:46:01.202874,6628,5463,2434,0
2026-08-23 07:46:01.219700,6606,4812,2181,0
2026-08-23 07:46:01.219720,6722,5066,1167,0
2026-08-23 07:46:01.219740,6581,5106,1889,0
2026-08-23 07:46:01.219760,6513,5020,0,0
2026-08-23 07:46:01.219780,6587,5288,2064,0
2026-08-23 07:46:01.219800,6588,5333,1856,0
2026-08-23 07:46:01.219820,6623,5388,2058,0
2026-08-23 07:46:01.219840,6596,5399,2174,0
2026-08-23 07:46:01.219860,6748,5439,498,0
2026-08-23 07:46:01.219880,6581,5396,1883,0
2026-08-23 07:46:01.219900,6590,5369,1554,0
2026-08-23 07:46:01.236984,6611,4935,2186,0
2026-08-23 07:46:01.237004,6669,5086,2145,0
2026-08-23 07:46:01.237024,6613,5185,2095,0
2026-08-23 07:46:01.237044,6676,5313,2847,0
2026-08-23 07:46:01.237064,6608,5269,1870,0
2026-08-23 07:46:01.237084,6564,5290,919,0
2026-08-23 07:46:01.237104,6599,5367,2122,0
2026-08-23 07:46:01.237124,6605,5416,2193,0
2026-08-23 07:46:01.237144,6669,5426,2076,0
2026-08-23 07:46:01.237164,6603,5428,2094,0
2026-08-23 07:46:01.237184,6488,5248,0,0
2026-08-23 07:46:01.257799,6500,4696,0,0
2026-08-23 07:46:01.257819,6584,5046,2065,0
2026-08-23 07:46:01.257839,6577,5161,1803,0
2026-08-23 07:46:01.257859,6628,5222,2002,0
2026-08-23 07:46:01.257879,6606,5320,2191,0
2026-08-23 07:46:01.257899,6682,5353,2691,0
2026-08-23 07:46:01.257919,6623,5385,1927,0
2026-08-23 07:46:01.257939,6503,5167,0,0
2026-08-23 07:46:01.257959,6586,5413,2056,0
2026-08-23 07:46:01.257979,6584,5407,1714,0
2026-08-23 07:46:01.257999,6629,5412,2108,0
2026-08-23 07:46:01.258019,6609,5415,2105,0
2026-08-23 07:46:01.277476,6616,4845,2008,0
2026-08-23 07:46:01.277496,6609,5016,2177,0
2026-08-23 07:46:01.277516,6663,5181,3300,0
2026-08-23 07:46:01.277536,6639,5191,1912,0
2026-08-23 07:46:01.277556,6512,5090,0,0
2026-08-23 07:46:01.277576,6578,5317,2063,0
2026-08-23 07:46:01.277596,6594,5314,1862,0
2026-08-23 07:46:01.277616,6630,5389,2032,0
2026-08-23 07:46:01.277636,6600,5381,2190,0
2026-08-23 07:46:01.277656,6682,5467,2655,0
2026-08-23 07:46:01.277676,6623,5431,2070,0
2026-08-23 07:46:01.277696,6500,5237,0,0
2026-08-23 07:46:01.277716,6577,5400,2092,0
2026-08-23 07:46:01.277736,6598,5385,1877,0
2026-08-23 07:46:01.295925,6520,4593,0,0
2026-08-23 07:46:01.295945,6578,4950,1866,0
2026-08-23 07:46:01.295965,6594,5088,1937,0
2026-08-23 07:46:01.295985,6638,5220,2237,0
2026-08-23 07:46:01.296005,6598,5258,2143,0
2026-08-23 07:46:01.296026,6641,5329,2362,0
2026-08-23 07:46:01.296046,6609,5369,2081,0
2026-08-23 07:46:01.296065,6520,5188,0,0
2026-08-23 07:46:01.296085,6587,5366,1836,0
2026-08-23 07:46:01.296105,6584,5388,1743,0
2026-08-23 07:46:01.296125,6639,5448,2192,0
2026-08-23 07:46:01.296145,6603,5435,2005,0
2026-08-23 07:46:01.314954,6613,4871,2098,0
2026-08-23 07:46:01.314974,6598,5018,1933,0
2026-08-23 07:46:01.314994,6640,5141,1934,0
2026-08-23 07:46:01.315014,6591,5213,1914,0
2026-08-23 07:46:01.315034,6666,5341,2435,0
2026-08-23 07:46:01.315054,6609,5315,1944,0
2026-08-23 07:46:01.315074,6567,5245,0,0
2026-08-23 07:46:01.315094,6581,5383,2089,0
2026-08-23 07:46:01.315114,6594,5384,1773,0
2026-08-23 07:46:01.315134,6632,5405,1903,0
2026-08-23 07:46:01.315154,6599,5435,1928,0
2026-08-23 07:46:01.315174,6670,5483,2731,0
2026-08-23 07:46:01.335804,6609,4835,1943,0
2026-08-23 07:46:01.335824,6665,5016,2455,0
2026-08-23 07:46:01.335844,6592,5098,1935,0
2026-08-23 07:46:01.335864,6570,5055,0,0
2026-08-23 07:46:01.335884,6587,5252,2099,0
2026-08-23 07:46:01.335904,6590,5310,1847,0
2026-08-23 07:46:01.335924,6619,5328,1908,0
2026-08-23 07:46:01.335944,6589,5346,1849,0
2026-08-23 07:46:01.335964,6637,5410,2376,0
2026-08-23 07:46:01.335984,6598,5424,1961,0
2026-08-23 07:46:01.336004,6671,5438,2623,0
2026-08-23 07:46:01.336024,6617,5433,2101,0
2026-08-23 07:46:01.336044,6619,5394,2178,0
2026-08-23 07:46:01.356661,6599,4712,1571,0
2026-08-23 07:46:01.356681,6603,4947,1912,0
2026-08-23 07:46:01.356701,6588,5047,1837,0
2026-08-23 07:46:01.356721,6629,5183,2340,0
2026-08-23 07:46:01.356741,6599,5251,1974,0
2026-08-23 07:46:01.356761,6670,5329,2550,0
2026-08-23 07:46:01.356781,6614,5368,2111,0
2026-08-23 07:46:01.356801,6583,5324,1382,0
2026-08-23 07:46:01.356821,6609,5419,1870,0
2026-08-23 07:46:01.356841,6580,5398,1579,0
2026-08-23 07:46:01.356861,6622,5420,2229,0
2026-08-23 07:46:01.356881,6599,5413,1983,0
2026-08-23 07:46:01.356901,6523,5261,0,0
2026-08-23 07:46:01.377836,6616,4770,2113,0
2026-08-23 07:46:01.377856,6604,4967,2118,0
2026-08-23 07:46:01.377876,6561,5016,796,0
2026-08-23 07:46:01.377896,6583,5207,1882,0
2026-08-23 07:46:01.377916,6563,5241,1311,0
2026-08-23 07:46:01.377936,6604,5342,2195,0
2026-08-23 07:46:01.377956,6610,5354,1975,0
2026-08-23 07:46:01.377976,6667,5413,2371,0
2026-08-23 07:46:01.377996,6610,5380,2118,0
2026-08-23 07:46:01.378016,6583,5368,987,0
2026-08-23 07:46:01.378036,6590,5404,1860,0
2026-08-23 07:46:01.378056,6689,5410,1777,0
2026-08-23 07:46:01.378076,6662,5420,2602,0
2026-08-23 07:46:01.398949,6617,4740,2289,0
2026-08-23 07:46:01.398969,6607,4941,1989,0
2026-08-23 07:46:01.398989,6669,5133,2622,0
2026-08-23 07:46:01.399009,6613,5203,2124,0
2026-08-23 07:46:01.399029,6588,5239,1506,0
2026-08-23 07:46:01.399049,6613,5343,1887,0
2026-08-23 07:46:01.399069,6581,5332,1632,0
2026-08-23 07:46:01.399089,6616,5374,2247,0
2026-08-23 07:46:01.399109,6602,5385,2021,0
2026-08-23 07:46:01.399129,6668,5439,2357,0
2026-08-23 07:46:01.399149,6613,5447,2161,0
2026-08-23 07:46:01.399169,6590,5388,1318,0
2026-08-23 07:46:01.399189,6604,5422,2031,0
2026-08-23 07:46:01.419715,6602,4746,1886,0
2026-08-23 07:46:01.419735,6589,4896,1880,0
2026-08-23 07:46:01.419755,6640,5064,2414,0
2026-08-23 07:46:01.419775,6602,5154,1926,0
2026-08-23 07:46:01.419795,6569,5130,0,0
2026-08-23 07:46:01.419815,6578,5318,2094,0
2026-08-23 07:46:01.419835,6549,5324,1826,0
2026-08-23 07:46:01.419855,6632,5402,1897,0
2026-08-23 07:46:01.419875,6591,5399,1887,0
2026-08-23 07:46:01.419895,6639,5451,2415,0
2026-08-23 07:46:01.419915,6602,5402,1937,0
2026-08-23 07:46:01.419935,6527,5300,0,0
2026-08-23 07:46:01.419955,6593,5400,2206,0
2026-08-23 07:46:01.440619,6609,4757,2153,0
2026-08-23 07:46:01.440639,6574,4908,1054,0
2026-08-23 07:46:01.440659,6606,5087,1843,0
2026-08-23 07:46:01.440679,6575,5164,1314,0
2026-08-23 07:46:01.440699,6604,5293,2184,0
2026-08-23 07:46:01.440719,6600,5297,2020,0
2026-08-23 07:46:01.440739,6666,5390,2270,0
2026-08-23 07:46:01.440759,6606,5373,2160,0
2026-08-23 07:46:01.440779,6545,5305,0,0
2026-08-23 07:46:01.440799,6566,5401,1874,0
2026-08-23 07:46:01.440819,6554,5334,664,0
2026-08-23 07:46:01.440839,6595,5431,2203,0
2026-08-23 07:46:01.440859,6609,5383,1916,0
2026-08-23 07:46:01.461760,6608,4745,1945,0
2026-08-23 07:46:01.461780,6637,4945,2255,0
2026-08-23 07:46:01.461800,6622,5092,2121,0
2026-08-23 07:46:01.461820,6569,5129,678,0
2026-08-23 07:46:01.461840,6583,5248,1937,0
2026-08-23 07:46:01.461860,6565,5247,1369,0
2026-08-23 07:46:01.461880,6614,5365,2194,0
2026-08-23 07:46:01.461900,6596,5383,1946,0
2026-08-23 07:46:01.461920,6680,5399,2437,0
2026-08-23 07:46:01.461940,6518,5392,2099,0
2026-08-23 07:46:01.461960,6584,5361,1337,0
2026-08-23 07:46:01.461980,6605,5392,1898,0
2026-08-23 07:46:01.462000,6598,5390,2029,0
2026-08-23 07:46:01.482967,6610,4763,2007,0
2026-08-23 07:46:01.482987,6670,4979,2614,0
2026-08-23 07:46:01.483007,6600,5016,1857,0
2026-08-23 07:46:01.483027,6554,5094,733,0
2026-08-23 07:46:01.483047,6586,5255,2095,0
2026-08-23 07:46:01.483067,6609,5333,2165,0
2026-08-23 07:46:01.483087,6667,5339,2107,0
2026-08-23 07:46:01.483107,6603,5354,2068,0
2026-08-23 07:46:01.483127,6676,5439,2703,0
2026-08-23 07:46:01.483147,6606,5421,1862,0
2026-08-23 07:46:01.483167,6558,5368,712,0
2026-08-23 07:46:01.483187,6600,5420,2137,0
2026-08-23 07:46:01.483207,6612,5425,1979,0
2026-08-23 07:46:01.503758,6611,4773,2007,0
2026-08-23 07:46:01.503778,6667,4854,0,0
2026-08-23 07:46:01.503798,6589,5033,2009,0
2026-08-23 07:46:01.503818,6583,5171,1637,0
2026-08-23 07:46:01.503838,6621,5239,1962,0
2026-08-23 07:46:01.503858,6604,5298,2162,0
2026-08-23 07:46:01.503878,6675,5396,2640,0
2026-08-23 07:46:01.503898,6618,5391,1891,0
2026-08-23 07:46:01.503918,6570,5228,0,0
2026-08-23 07:46:01.503938,6579,5441,1901,0
2026-08-23 07:46:01.503958,6593,5424,1885,0
2026-08-23 07:46:01.503978,6636,5415,2224,0
2026-08-23 07:46:01.503998,6617,5421,2064,0
2026-08-23 07:46:01.524393,6617,4767,2177,0
2026-08-23 07:46:01.524413,6586,4768,0,0
2026-08-23 07:46:01.524433,6578,5028,1882,0
2026-08-23 07:46:01.524453,6537,5064,268,0
2026-08-23 07:46:01.524473,6584,5244,2120,0
2026-08-23 07:46:01.524493,6588,5284,1960,0
2026-08-23 07:46:01.524513,6625,5378,2155,0
2026-08-23 07:46:01.524533,6617,5395,2147,0
2026-08-23 07:46:01.524553,6541,5243,0,0
2026-08-23 07:46:01.524573,6577,5423,1845,0
2026-08-23 07:46:01.524593,6564,5365,834,0
2026-08-23 07:46:01.524613,6594,5414,2228,0
2026-08-23 07:46:01.524633,6604,5394,1869,0
2026-08-23 07:46:01.545254,6605,4748,1808,0
2026-08-23 07:46:01.545274,6628,4978,2106,0
2026-08-23 07:46:01.545295,6602,5101,2162,0
2026-08-23 07:46:01.545315,6553,5025,0,0
2026-08-23 07:46:01.545335,6583,5260,1874,0
2026-08-23 07:46:01.545355,6550,5217,494,0
2026-08-23 07:46:01.545375,6593,5376,2093,0
2026-08-23 07:46:01.545395,6610,5375,1957,0
2026-08-23 07:46:01.545414,6641,5409,2194,0
2026-08-23 07:46:01.545434,6604,5442,2160,0
2026-08-23 07:46:01.545455,6550,5308,0,0
2026-08-23 07:46:01.545475,6591,5437,1863,0
2026-08-23 07:46:01.545495,6609,5417,1867,0
2026-08-23 07:46:01.565880,6599,4539,0,0
2026-08-23 07:46:01.565900,6591,4945,2024,0
2026-08-23 07:46:01.565920,6595,5057,1831,0
2026-08-23 07:46:01.565940,6632,5164,2026,0
2026-08-23 07:46:01.565960,6609,5233,2152,0
2026-08-23 07:46:01.565980,6606,5213,0,0
2026-08-23 07:46:01.566000,6586,5319,1855,0
2026-08-23 07:46:01.566020,6550,5252,275,0
2026-08-23 07:46:01.566040,6571,5412,2446,0
2026-08-23 07:46:01.566060,6596,5421,1933,0
2026-08-23 07:46:01.566080,6764,5454,2184,0
2026-08-23 07:46:01.566100,6612,5443,2099,0
2026-08-23 07:46:01.566120,6610,5403,1864,0
2026-08-23 07:46:01.586644,6619,4847,3693,0
2026-08-23 07:46:01.586664,6689,4962,1880,0
2026-08-23 07:46:01.586684,6537,4974,142,0
2026-08-23 07:46:01.586704,6594,5232,2016,0
2026-08-23 07:46:01.586724,6594,5228,1927,0
2026-08-23 07:46:01.586744,6630,5337,2141,0
2026-08-23 07:46:01.586764,6606,5339,2138,0
2026-08-23 07:46:01.586784,6546,5224,0,0
2026-08-23 07:46:01.586804,6582,5369,1852,0
2026-08-23 07:46:01.586824,6543,5308,662,0
2026-08-23 07:46:01.586844,6589,5412,2112,0
2026-08-23 07:46:01.586864,6599,5435,1967,0
2026-08-23 07:46:01.586884,6548,5305,163,0
2026-08-23 07:46:01.607500,6619,4798,2133,0
2026-08-23 07:46:01.607520,6602,4978,2138,0
2026-08-23 07:46:01.607540,6561,4993,35,0
2026-08-23 07:46:01.607560,6587,5180,1853,0
2026-08-23 07:46:01.607580,6558,5225,1000,0
2026-08-23 07:46:01.607600,6600,5346,2145,0
2026-08-23 07:46:01.607620,6597,5360,1981,0
2026-08-23 07:46:01.607641,6672,5383,2283,0
2026-08-23 07:46:01.607660,6606,5398,2094,0
2026-08-23 07:46:01.607680,6556,5344,437,0
2026-08-23 07:46:01.607700,6585,5432,1850,0
2026-08-23 07:46:01.607720,6579,5376,1607,0
2026-08-23 07:46:01.607740,6632,5443,2475,0
2026-08-23 07:46:01.628504,6615,4786,2124,0
2026-08-23 07:46:01.628524,6597,4920,1990,0
2026-08-23 07:46:01.628544,6667,5075,1969,0
2026-08-23 07:46:01.628564,6609,5171,2143,0
2026-08-23 07:46:01.628584,6550,5145,227,0
2026-08-23 07:46:01.628604,6586,5294,2004,0
2026-08-23 07:46:01.628624,6555,5305,978,0
2026-08-23 07:46:01.628644,6584,5386,2163,0
2026-08-23 07:46:01.628664,6602,5388,2000,0
2026-08-23 07:46:01.628684,6663,5443,2256,0
2026-08-23 07:46:01.628704,6610,5412,2151,0
2026-08-23 07:46:01.628724,6586,5387,1151,0
2026-08-23 07:46:01.628744,6607,5374,2018,0
2026-08-23 07:46:01.649691,6609,4738,1843,0
2026-08-23 07:46:01.649711,6588,4921,1658,0
2026-08-23 07:46:01.649731,6624,5105,2264,0
2026-08-23 07:46:01.649751,6596,5161,1966,0
2026-08-23 07:46:01.649771,6692,5279,2494,0
2026-08-23 07:46:01.649791,6668,5328,2072,0
2026-08-23 07:46:01.649811,6588,5295,1365,0
2026-08-23 07:46:01.649831,6609,5399,1852,0
2026-08-23 07:46:01.649851,6588,5355,1653,0
2026-08-23 07:46:01.649871,6668,5442,2282,0
2026-08-23 07:46:01.649891,6598,5442,1998,0
2026-08-23 07:46:01.649911,6674,5414,713,0
2026-08-23 07:46:01.649931,6601,5409,2117,0
2026-08-23 07:46:01.670432,6605,4713,2073,0
2026-08-23 07:46:01.670452,6597,4929,1896,0
2026-08-23 07:46:01.670472,6628,5035,1927,0
2026-08-23 07:46:01.670492,6592,5172,1900,0
2026-08-23 07:46:01.670512,6676,5261,2419,0
2026-08-23 07:46:01.670532,6603,5302,1949,0
2026-08-23 07:46:01.670552,6596,5280,0,0
2026-08-23 07:46:01.670573,6588,5376,2104,0
2026-08-23 07:46:01.670592,6596,5364,1737,0
2026-08-23 07:46:01.670612,6638,5397,1902,0
2026-08-23 07:46:01.670632,6592,5389,1801,0
2026-08-23 07:46:01.670652,6665,5467,2478,0
2026-08-23 07:46:01.670672,6613,5383,1861,0
2026-08-23 07:46:01.691536,6604,4769,1985,0
2026-08-23 07:46:01.691556,6674,4949,2492,0
2026-08-23 07:46:01.691576,6499,5086,2107,0
2026-08-23 07:46:01.691596,6569,5105,1237,0
2026-08-23 07:46:01.691616,6605,5242,1872,0
2026-08-23 07:46:01.691636,6568,5290,1512,0
2026-08-23 07:46:01.691656,6606,5384,2238,0
2026-08-23 07:46:01.691676,6596,5361,1985,0
2026-08-23 07:46:01.691696,6667,5423,2405,0
2026-08-23 07:46:01.691716,6597,5432,2074,0
2026-08-23 07:46:01.691736,6562,5353,735,0
2026-08-23 07:46:01.691756,6600,5429,1896,0
2026-08-23 07:46:01.691776,6599,5405,1924,0
2026-08-23 07:46:01.712726,6586,4679,1200,0
2026-08-23 07:46:01.712746,6596,4980,2255,0
2026-08-23 07:46:01.712766,6595,5048,2007,0
2026-08-23 07:46:01.712786,6663,5228,2377,0
2026-08-23 07:46:01.712806,6616,5275,2152,0
2026-08-23 07:46:01.712826,6570,5220,730,0
2026-08-23 07:46:01.712847,6580,5351,1864,0
2026-08-23 07:46:01.712867,6568,5315,1236,0
2026-08-23 07:46:01.712886,6604,5429,2181,0
2026-08-23 07:46:01.712906,6599,5428,1985,0
2026-08-23 07:46:01.712926,6638,5444,2275,0
2026-08-23 07:46:01.712946,6608,5434,2107,0
2026-08-23 07:46:01.712966,6616,5394,1946,0
2026-08-23 07:46:01.733614,6603,4697,1596,0
2026-08-23 07:46:01.733634,6613,4931,1932,0
2026-08-23 07:46:01.733654,6592,5044,1906,0
2026-08-23 07:46:01.733675,6662,5199,2307,0
2026-08-23 07:46:01.733695,6601,5245,1903,0
2026-08-23 07:46:01.733715,6517,5132,0,0
2026-08-23 07:46:01.733735,6582,5310,2073,0
2026-08-23 07:46:01.733755,6604,5342,1963,0
2026-08-23 07:46:01.733774,6637,5377,1944,0
2026-08-23 07:46:01.733794,6590,5410,1943,0
2026-08-23 07:46:01.733814,6667,5432,2479,0
2026-08-23 07:46:01.733835,6605,5395,1878,0
2026-08-23 07:46:01.733855,6586,5355,1500,0
2026-08-23 07:46:01.754602,6614,4777,2520,0
2026-08-23 07:46:01.754622,6614,4903,2104,0
2026-08-23 07:46:01.754642,6594,5071,1769,0
2026-08-23 07:46:01.754662,6681,5168,1909,0
2026-08-23 07:46:01.754682,6592,5249,1799,0
2026-08-23 07:46:01.754702,6628,5326,2330,0
2026-08-23 07:46:01.754722,6601,5355,1967,0
2026-08-23 07:46:01.754742,6672,5383,2538,0
2026-08-23 07:46:01.754762,6601,5408,2119,0
2026-08-23 07:46:01.754782,6586,5348,1376,0
2026-08-23 07:46:01.754802,6606,5423,1865,0
2026-08-23 07:46:01.754822,6587,5387,1860,0
2026-08-23 07:46:01.754842,6666,5472,2591,0
2026-08-23 07:46:01.775405,6609,4749,2376,0
2026-08-23 07:46:01.775425,6598,4905,1911,0
2026-08-23 07:46:01.775445,6511,4880,0,0
2026-08-23 07:46:01.775465,6584,5202,2098,0
2026-08-23 07:46:01.775485,6600,5221,1999,0
2026-08-23 07:46:01.775505,6634,5287,1939,0
2026-08-23 07:46:01.775525,6602,5345,1956,0
2026-08-23 07:46:01.775545,6668,5412,2476,0
2026-08-23 07:46:01.775565,6617,5386,1904,0
2026-08-23 07:46:01.775585,6505,5224,0,0
2026-08-23 07:46:01.775605,6601,5439,2083,0
2026-08-23 07:46:01.775625,6606,5438,2158,0
2026-08-23 07:46:01.775645,6672,5429,2447,0
2026-08-23 07:46:01.796190,6615,4778,1882,0
2026-08-23 07:46:01.796210,6594,4938,1825,0
2026-08-23 07:46:01.796230,6637,5139,2397,0
2026-08-23 07:46:01.796250,6605,5174,1922,0
2026-08-23 07:46:01.796270,6559,5138,0,0
2026-08-23 07:46:01.796290,6587,5328,2077,0
2026-08-23 07:46:01.796310,6593,5342,1889,0
2026-08-23 07:46:01.796330,6631,5355,1928,0
2026-08-23 07:46:01.796350,6588,5403,1907,0
2026-08-23 07:46:01.796370,6640,5454,2460,0
2026-08-23 07:46:01.796390,6607,5408,1913,0
2026-08-23 07:46:01.796410,6549,5327,252,0
2026-08-23 07:46:01.796430,6590,5409,2153,0
2026-08-23 07:46:01.817146,6618,4778,2115,0
2026-08-23 07:46:01.817166,6583,4935,1250,0
2026-08-23 07:46:01.817186,6617,5063,1871,0
2026-08-23 07:46:01.817206,6585,5178,1559,0
2026-08-23 07:46:01.817226,6615,5296,2237,0
2026-08-23 07:46:01.817246,6602,5340,1984,0
2026-08-23 07:46:01.817266,6667,5379,2416,0
2026-08-23 07:46:01.817286,6598,5409,2099,0
2026-08-23 07:46:01.817306,6583,5322,894,0
2026-08-23 07:46:01.817326,6589,5413,1886,0
2026-08-23 07:46:01.817346,6571,5378,1276,0
2026-08-23 07:46:01.817366,6610,5475,2257,0
2026-08-23 07:46:01.817386,6599,5399,1926,0
2026-08-23 07:46:01.838219,6522,4758,1991,0
2026-08-23 07:46:01.838239,6677,4937,2518,0
2026-08-23 07:46:01.838259,6607,5105,2083,0
2026-08-23 07:46:01.838279,6588,5168,1678,0
2026-08-23 07:46:01.838299,6627,5230,1901,0
2026-08-23 07:46:01.838319,6585,5296,1809,0
2026-08-23 07:46:01.838339,6638,5362,2385,0
2026-08-23 07:46:01.838359,6600,5349,1906,0
2026-08-23 07:46:01.838379,6543,5217,0,0
2026-08-23 07:46:01.838399,6574,5414,2068,0
2026-08-23 07:46:01.838419,6600,5411,1964,0
2026-08-23 07:46:01.838439,6640,5427,2025,0
2026-08-23 07:46:01.838459,6611,5402,2014,0
2026-08-23 07:46:01.858893,6615,4729,2035,0
2026-08-23 07:46:01.858913,6580,4803,0,0
2026-08-23 07:46:01.858933,6573,5062,1827,0
2026-08-23 07:46:01.858953,6574,5163,1453,0
2026-08-23 07:46:01.858973,6608,5278,2144,0
2026-08-23 07:46:01.858993,6604,5328,2156,0
2026-08-23 07:46:01.859013,6666,5380,2245,0
2026-08-23 07:46:01.859033,6603,5386,2065,0
2026-08-23 07:46:01.859053,6534,5186,0,0
2026-08-23 07:46:01.859073,6584,5385,1811,0
2026-08-23 07:46:01.859093,6587,5345,1681,0
2026-08-23 07:46:01.859113,6631,5421,2262,0
2026-08-23 07:46:01.859133,6616,5415,1952,0
2026-08-23 07:46:01.879554,6612,4759,2160,0
2026-08-23 07:46:01.879574,6665,4983,2142,0
2026-08-23 07:46:01.879594,6597,5063,1975,0
2026-08-23 07:46:01.879614,6598,5102,0,0
2026-08-23 07:46:01.879634,6570,5255,1811,0
2026-08-23 07:46:01.879654,6591,5277,1585,0
2026-08-23 07:46:01.879674,6709,5375,2171,0
2026-08-23 07:46:01.879694,6609,5370,2108,0
2026-08-23 07:46:01.879714,6597,5432,2322,0
2026-08-23 07:46:01.879734,6598,5418,2034,0
2026-08-23 07:46:01.879754,6529,5273,0,0
2026-08-23 07:46:01.879774,6581,5403,1842,0
2026-08-23 07:46:01.879794,6605,5443,2165,0
2026-08-23 07:46:01.900399,6593,4713,1219,0
2026-08-23 07:46:01.900419,6595,4984,2130,0
2026-08-23 07:46:01.900439,6610,5070,2157,0
2026-08-23 07:46:01.900459,6666,5232,2240,0
2026-08-23 07:46:01.900479,6602,5247,2024,0
2026-08-23 07:46:01.900499,6519,5169,0,0
2026-08-23 07:46:01.900519,6581,5313,1793,0
2026-08-23 07:46:01.900539,6592,5349,1832,0
2026-08-23 07:46:01.900559,6632,5425,2227,0
2026-08-23 07:46:01.900579,6600,5448,2086,0
2026-08-23 07:46:01.900599,6674,5470,2450,0
2026-08-23 07:46:01.900619,6613,5429,2005,0
2026-08-23 07:46:01.900639,6596,5382,1860,0
2026-08-23 07:46:01.921619,6579,4703,842,0
2026-08-23 07:46:01.921639,6594,4913,1892,0
2026-08-23 07:46:01.921659,6603,5090,2139,0
2026-08-23 07:46:01.921679,6671,5197,2456,0
2026-08-23 07:46:01.921699,6633,5242,1963,0
2026-08-23 07:46:01.921719,6698,5301,176,0
2026-08-23 07:46:01.921739,6573,5340,2007,0
2026-08-23 07:46:01.921759,6585,5319,1614,0
2026-08-23 07:46:01.921779,6618,5405,1933,0
2026-08-23 07:46:01.921799,6603,5437,2170,0
2026-08-23 07:46:01.921819,6679,5445,2616,0
2026-08-23 07:46:01.921839,6623,5399,1875,0
2026-08-23 07:46:01.921859,6610,5369,1774,0
2026-08-23 07:46:01.942454,6566,4653,604,0
2026-08-23 07:46:01.942474,6596,4935,2134,0
2026-08-23 07:46:01.942494,6598,5086,1914,0
2026-08-23 07:46:01.942514,6671,5204,2332,0
2026-08-23 07:46:01.942534,6615,5292,2061,0
2026-08-23 07:46:01.942554,6574,5304,1118,0
2026-08-23 07:46:01.942574,6586,5368,1852,0
2026-08-23 07:46:01.942594,6581,5366,1621,0
2026-08-23 07:46:01.942614,6623,5435,2271,0
2026-08-23 07:46:01.942634,6599,5400,1930,0
2026-08-23 07:46:01.942654,6671,5435,2613,0
2026-08-23 07:46:01.942674,6618,5433,2036,0
2026-08-23 07:46:01.942694,6608,5404,2149,0
2026-08-23 07:46:01.963309,6615,4779,2178,0
2026-08-23 07:46:01.963329,6663,4945,2242,0
2026-08-23 07:46:01.963349,6668,5062,2061,0
2026-08-23 07:46:01.963369,6530,4968,0,0
2026-08-23 07:46:01.963389,6580,5207,1826,0
2026-08-23 07:46:01.963409,6596,5283,1631,0
2026-08-23 07:46:01.963429,6622,5326,2178,0
2026-08-23 07:46:01.963449,6608,5385,2164,0
2026-08-23 07:46:01.963469,6673,5382,2265,0
2026-08-23 07:46:01.963489,6603,5376,2075,0
2026-08-23 07:46:01.963509,6530,5242,0,0
2026-08-23 07:46:01.963529,6582,5369,1851,0
2026-08-23 07:46:01.963549,6612,5415,2176,0
2026-08-23 07:46:01.984082,6530,4646,0,0
2026-08-23 07:46:01.984102,6590,4966,2076,0
2026-08-23 07:46:01.984123,6606,5106,2146,0
2026-08-23 07:46:01.984143,6673,5210,2032,0
2026-08-23 07:46:01.984163,6607,5265,2033,0
2026-08-23 07:46:01.984183,6674,5327,2729,0
2026-08-23 07:46:01.984203,6606,5325,1828,0
2026-08-23 07:46:01.984223,6586,5344,1086,0
2026-08-23 07:46:01.984242,6598,5428,2093,0
2026-08-23 07:46:01.984262,6622,5408,2157,0
2026-08-23 07:46:01.984282,6676,5455,2142,0
2026-08-23 07:46:01.984303,6605,5397,2022,0
2026-08-23 07:46:01.984323,6587,5389,1358,0
2026-08-23 07:46:02.005019,6528,4634,0,0
2026-08-23 07:46:02.005039,6582,4947,1833,0
2026-08-23 07:46:02.005059,6594,5084,1988,0
2026-08-23 07:46:02.005079,6664,5202,2280,0
2026-08-23 07:46:02.005099,6606,5274,2060,0
2026-08-23 07:46:02.005119,6675,5376,2544,0
2026-08-23 07:46:02.005139,6605,5330,2020,0
2026-08-23 07:46:02.005159,6565,5325,946,0
2026-08-23 07:46:02.005179,6592,5378,1860,0
2026-08-23 07:46:02.005199,6598,5423,2103,0
2026-08-23 07:46:02.005219,6670,5461,2390,0
2026-08-23 07:46:02.005239,6614,5425,1947,0
2026-08-23 07:46:02.005259,6582,5343,1378,0
2026-08-23 07:46:02.025766,6516,4561,0,0
2026-08-23 07:46:02.025786,6574,4920,2081,0
2026-08-23 07:46:02.025806,6589,5046,1949,0
2026-08-23 07:46:02.025826,6632,5208,2140,0
2026-08-23 07:46:02.025846,6598,5219,2147,0
2026-08-23 07:46:02.025867,6546,5181,0,0
2026-08-23 07:46:02.025887,6574,5361,1866,0
2026-08-23 07:46:02.025907,6555,5270,739,0
2026-08-23 07:46:02.025926,6585,5384,2101,0
2026-08-23 07:46:02.025946,6601,5384,1980,0
2026-08-23 07:46:02.025966,6665,5447,2222,0
2026-08-23 07:46:02.025986,6611,5430,2106,0
2026-08-23 07:46:02.026006,6609,5376,1875,0
2026-08-23 07:46:02.046348,6625,4789,2633,0
2026-08-23 07:46:02.046368,6617,4980,1899,0
2026-08-23 07:46:02.046388,6513,4928,0,0
2026-08-23 07:46:02.046408,6594,5200,2032,0
2026-08-23 07:46:02.046428,6601,5282,1891,0
2026-08-23 07:46:02.046448,6639,5332,2074,0
2026-08-23 07:46:02.046468,6603,5336,2136,0
2026-08-23 07:46:02.046488,6571,5173,0,0
2026-08-23 07:46:02.046508,6587,5359,1859,0
2026-08-23 07:46:02.046528,6552,5295,546,0
2026-08-23 07:46:02.046548,6586,5427,2094,0
2026-08-23 07:46:02.046568,6595,5383,1982,0
2026-08-23 07:46:02.046588,6518,5263,0,0
2026-08-23 07:46:02.066869,6616,4765,1875,0
2026-08-23 07:46:02.066889,6606,4953,2133,0
2026-08-23 07:46:02.066909,6669,5133,2525,0
2026-08-23 07:46:02.066929,6621,5181,1912,0
2026-08-23 07:46:02.066949,6501,5057,0,0
2026-08-23 07:46:02.066969,6583,5328,1968,0
2026-08-23 07:46:02.066989,6596,5335,1820,0
2026-08-23 07:46:02.067009,6626,5387,2019,0
2026-08-23 07:46:02.067029,6610,5376,2163,0
2026-08-23 07:46:02.067049,6583,5274,0,0
2026-08-23 07:46:02.067069,6585,5397,1859,0
2026-08-23 07:46:02.067089,6565,5359,1090,0
2026-08-23 07:46:02.067109,6611,5435,2256,0
2026-08-23 07:46:02.087784,6605,4782,2024,0
2026-08-23 07:46:02.087804,6604,4917,1936,0
2026-08-23 07:46:02.087824,6634,5063,2133,0
2026-08-23 07:46:02.087844,6605,5179,2132,0
2026-08-23 07:46:02.087864,6542,5159,0,0
2026-08-23 07:46:02.087884,6578,5325,1842,0
2026-08-23 07:46:02.087904,6560,5255,1135,0
2026-08-23 07:46:02.087924,6592,5377,2175,0
2026-08-23 07:46:02.087944,6595,5383,1971,0
2026-08-23 07:46:02.087964,6640,5421,2385,0
2026-08-23 07:46:02.087984,6604,5408,2061,0
2026-08-23 07:46:02.088004,6616,5423,1825,0
2026-08-23 07:46:02.088024,6661,5402,2068,0
2026-08-23 07:46:02.108922,6603,4780,1901,0
2026-08-23 07:46:02.108942,6591,4944,1981,0
2026-08-23 07:46:02.108962,6667,5092,2655,0
2026-08-23 07:46:02.108982,6608,5202,1833,0
2026-08-23 07:46:02.109002,6591,5199,665,0
2026-08-23 07:46:02.109022,6581,5281,2069,0
2026-08-23 07:46:02.109042,6608,5349,2163,0
2026-08-23 07:46:02.109062,6664,5372,2124,0
2026-08-23 07:46:02.109082,6600,5389,2054,0
2026-08-23 07:46:02.109102,6724,5459,1097,0
2026-08-23 07:46:02.109122,6585,5391,1812,0
2026-08-23 07:46:02.109142,6593,5386,1809,0
2026-08-23 07:46:02.109162,6630,5405,2407,0
2026-08-23 07:46:02.129666,6620,4736,2338,0
2026-08-23 07:46:02.129686,6603,4901,1961,0
2026-08-23 07:46:02.129706,6706,5018,60,0
2026-08-23 07:46:02.129726,6586,5171,2008,0
2026-08-23 07:46:02.129746,6580,5239,1634,0
2026-08-23 07:46:02.129766,6620,5302,1955,0
2026-08-23 07:46:02.129786,6607,5338,2155,0
2026-08-23 07:46:02.129806,6683,5398,2674,0
2026-08-23 07:46:02.129826,6639,5405,1882,0
2026-08-23 07:46:02.129846,6517,5259,0,0
2026-08-23 07:46:02.129866,6593,5420,2057,0
2026-08-23 07:46:02.129886,6597,5402,1952,0
2026-08-23 07:46:02.129906,6678,5404,341,0
2026-08-23 07:46:02.150419,6604,4756,2023,0
2026-08-23 07:46:02.150440,6604,4952,2141,0
2026-08-23 07:46:02.150460,6543,4973,0,0
2026-08-23 07:46:02.150480,6590,5202,1838,0
2026-08-23 07:46:02.150500,6557,5184,902,0
2026-08-23 07:46:02.150520,6596,5313,2130,0
2026-08-23 07:46:02.150540,6590,5341,1947,0
2026-08-23 07:46:02.150560,6639,5388,2331,0
2026-08-23 07:46:02.150579,6609,5395,2085,0
2026-08-23 07:46:02.150599,6579,5398,1116,0
2026-08-23 07:46:02.150620,6593,5417,1846,0
2026-08-23 07:46:02.150640,6601,5397,1870,0
2026-08-23 07:46:02.150660,6564,5236,0,0
2026-08-23 07:46:02.171285,6617,4731,2302,0
2026-08-23 07:46:02.171305,6600,4895,1892,0
2026-08-23 07:46:02.171325,6514,4853,0,0
2026-08-23 07:46:02.171345,6585,5166,2036,0
2026-08-23 07:46:02.171365,6591,5222,2026,0
2026-08-23 07:46:02.171385,6622,5259,1964,0
2026-08-23 07:46:02.171405,6588,5369,1992,0
2026-08-23 07:46:02.171425,6640,5389,2657,0
2026-08-23 07:46:02.171445,6607,5393,1823,0
2026-08-23 07:46:02.171465,6561,5357,887,0
2026-08-23 07:46:02.171485,6595,5443,2108,0
2026-08-23 07:46:02.171505,6608,5457,2140,0
2026-08-23 07:46:02.171525,6678,5462,2616,0
2026-08-23 07:46:02.192219,6618,4805,2234,0
2026-08-23 07:46:02.192239,6611,4953,2022,0
2026-08-23 07:46:02.192259,6528,4939,53,0
2026-08-23 07:46:02.192279,6587,5167,1814,0
2026-08-23 07:46:02.192299,6581,5262,2012,0
2026-08-23 07:46:02.192319,6640,5316,2284,0
2026-08-23 07:46:02.192339,6613,5377,2019,0
2026-08-23 07:46:02.192359,6685,5435,2640,0
2026-08-23 07:46:02.192379,6614,5378,1989,0
2026-08-23 07:46:02.192399,6569,5386,1323,0
2026-08-23 07:46:02.192419,6597,5438,1885,0
2026-08-23 07:46:02.192439,6598,5409,2155,0
2026-08-23 07:46:02.192459,6573,5317,496,0
2026-08-23 07:46:02.212935,6556,4653,0,0
2026-08-23 07:46:02.212955,6571,4910,1841,0
2026-08-23 07:46:02.212976,6545,5021,811,0
2026-08-23 07:46:02.212996,6594,5215,2122,0
2026-08-23 07:46:02.213016,6591,5235,1979,0
2026-08-23 07:46:02.213036,6665,5316,2264,0
2026-08-23 07:46:02.213056,6604,5353,2123,0
2026-08-23 07:46:02.213076,6564,5323,619,0
2026-08-23 07:46:02.213095,6611,5393,1851,0
2026-08-23 07:46:02.213115,6576,5395,1353,0
2026-08-23 07:46:02.213135,6598,5458,2181,0
2026-08-23 07:46:02.213156,6597,5407,1943,0
2026-08-23 07:46:02.213176,6539,5293,0,0
2026-08-23 07:46:02.233784,6621,4774,2091,0
2026-08-23 07:46:02.233804,6604,4983,2152,0
2026-08-23 07:46:02.233824,6534,4927,0,0
2026-08-23 07:46:02.233844,6575,5216,1867,0
2026-08-23 07:46:02.233864,6555,5195,602,0
2026-08-23 07:46:02.233884,6580,5304,2102,0
2026-08-23 07:46:02.233904,6597,5339,1961,0
2026-08-23 07:46:02.233924,6663,5380,2223,0
2026-08-23 07:46:02.233944,6610,5394,2113,0
2026-08-23 07:46:02.233964,6563,5306,344,0
2026-08-23 07:46:02.233984,6587,5408,1939,0
2026-08-23 07:46:02.234004,6588,5398,1687,0
2026-08-23 07:46:02.234024,6665,5418,2535,0
2026-08-23 07:46:02.254716,6619,4792,2229,0
2026-08-23 07:46:02.254736,6588,4926,1911,0
2026-08-23 07:46:02.254756,6590,4997,0,0
2026-08-23 07:46:02.254776,6591,5205,2068,0
2026-08-23 07:46:02.254796,6595,5242,1895,0
2026-08-23 07:46:02.254816,6631,5286,1913,0
2026-08-23 07:46:02.254836,6598,5342,1930,0
2026-08-23 07:46:02.254856,6694,5409,2479,0
2026-08-23 07:46:02.254876,6607,5369,1871,0
2026-08-23 07:46:02.254896,6520,5288,0,0
2026-08-23 07:46:02.254916,6591,5409,2079,0
2026-08-23 07:46:02.254936,6608,5413,2167,0
2026-08-23 07:46:02.254956,6682,5451,2501,0
2026-08-23 07:46:02.275467,6616,4764,1891,0
2026-08-23 07:46:02.275487,6598,4963,1946,0
2026-08-23 07:46:02.275507,6668,5148,2454,0
2026-08-23 07:46:02.275527,6615,5177,1911,0
2026-08-23 07:46:02.275547,6510,5103,0,0
2026-08-23 07:46:02.275567,6575,5347,2063,0
2026-08-23 07:46:02.275587,6602,5365,2024,0
2026-08-23 07:46:02.275607,6634,5404,1952,0
2026-08-23 07:46:02.275627,6600,5412,1908,0
2026-08-23 07:46:02.275647,6662,5462,2660,0
2026-08-23 07:46:02.275667,6609,5423,1866,0
2026-08-23 07:46:02.275687,6577,5332,824,0
2026-08-23 07:46:02.275707,6602,5452,2215,0
2026-08-23 07:46:02.296302,6620,4754,2087,0
2026-08-23 07:46:02.296322,6611,4942,2173,0
2026-08-23 07:46:02.296342,6664,5075,2153,0
2026-08-23 07:46:02.296362,6605,5176,2035,0
2026-08-23 07:46:02.296382,6680,5434,1870,0
2026-08-23 07:46:02.296402,6594,5270,1807,0
2026-08-23 07:46:02.296422,6570,5301,1401,0
2026-08-23 07:46:02.296442,6621,5327,2140,0
2026-08-23 07:46:02.296462,6611,5402,2160,0
2026-08-23 07:46:02.296482,6674,5410,2233,0
2026-08-23 07:46:02.296502,6617,5426,2060,0
2026-08-23 07:46:02.296522,6543,5309,86,0
2026-08-23 07:46:02.296542,6593,5385,1902,0
2026-08-23 07:46:03.769248,6608,4735,1820,0
2026-08-23 07:46:03.769268,6603,4912,1987,0
2026-08-23 07:46:03.769288,6639,5086,2305,0
2026-08-23 07:46:03.769308,6614,5220,2020,0
2026-08-23 07:46:03.769328,6667,5320,2612,0
2026-08-23 07:46:03.769348,6607,5332,2008,0
2026-08-23 07:46:03.769368,6576,5327,1270,0
2026-08-23 07:46:03.769388,6606,5387,1888,0
2026-08-23 07:46:03.769408,6611,5372,2145,0
2026-08-23 07:46:03.769428,6675,5457,2494,0
2026-08-23 07:46:03.769448,6616,5406,1931,0
2026-08-23 07:46:03.769468,6521,5238,0,0
2026-08-23 07:46:03.769488,6585,5385,2026,0
2026-08-23 07:46:03.769508,6590,5383,1761,0
2026-08-23 07:46:03.769528,6626,5445,1982,0
2026-08-23 07:46:03.769548,6604,5412,2166,0
2026-08-23 07:46:03.769568,6678,5511,2942,0
2026-08-23 07:46:03.769588,6635,5419,1900,0
2026-08-23 07:46:03.769608,6509,5328,0,0
2026-08-23 07:46:03.769628,6583,5435,2065,0
2026-08-23 07:46:03.769648,6590,5427,1919,0
2026-08-23 07:46:03.769668,6632,5470,2125,0
2026-08-23 07:46:03.769688,6684,5431,2131,0
2026-08-23 07:46:03.769708,6541,5337,0,0
2026-08-23 07:46:03.769728,6580,5472,1846,0
2026-08-23 07:46:03.769748,6556,5371,904,0
2026-08-23 07:46:03.769768,6592,5446,2139,0
2026-08-23 07:46:03.769788,6594,5463,1966,0
2026-08-23 07:46:03.769808,6663,5488,2314,0
2026-08-23 07:46:03.769828,6604,5469,2104,0
2026-08-23 07:46:03.769848,6575,5375,936,0
2026-08-23 07:46:03.769868,6593,5469,1840,0
2026-08-23 07:46:03.769888,6574,5422,1548,0
2026-08-23 07:46:03.769908,6631,5450,2249,0
2026-08-23 07:46:03.769928,6600,5462,1931,0
2026-08-23 07:46:03.769948,6668,5468,2610,0
2026-08-23 07:46:03.769968,6608,5448,2035,0
2026-08-23 07:46:03.769988,6592,5418,1741,0
2026-08-23 07:46:03.770008,6630,5462,1556,0
2026-08-23 07:46:03.770028,6597,5420,1898,0
2026-08-23 07:46:03.770048,6634,5470,2466,0
2026-08-23 07:46:03.770068,6593,5475,1869,0
2026-08-23 07:46:03.770088,6524,5342,0,0
2026-08-23 07:46:03.770108,6576,5488,2036,0
2026-08-23 07:46:03.770128,6609,5480,2108,0
2026-08-23 07:46:03.770148,6668,5482,2008,0
2026-08-23 07:46:03.770168,6599,5434,2027,0
2026-08-23 07:46:03.770188,6677,5459,2755,0
2026-08-23 07:46:03.770208,6611,5418,1831,0
2026-08-23 07:46:03.770228,6580,5375,1102,0
2026-08-23 07:46:03.770248,6601,5471,2094,0
2026-08-23 07:46:03.770268,6609,5440,2171,0
2026-08-23 07:46:03.770288,6671,5452,2144,0
2026-08-23 07:46:03.770308,6601,5452,2035,0
2026-08-23 07:46:03.770328,6586,5369,0,0
2026-08-23 07:46:03.770348,6582,5489,1819,0
2026-08-23 07:46:03.770368,6574,5443,1517,0
2026-08-23 07:46:03.770388,6621,5487,2157,0
2026-08-23 07:46:03.770408,6606,5448,2171,0
2026-08-23 07:46:03.770428,6667,5479,2269,0
2026-08-23 07:46:03.770448,6600,5473,2020,0
2026-08-23 07:46:03.770468,6513,5285,0,0
2026-08-23 07:46:03.770488,6579,5426,1827,0
2026-08-23 07:46:03.770508,6590,5415,1780,0
2026-08-23 07:46:03.770528,6626,5473,2214,0
2026-08-23 07:46:03.770548,6617,5480,2092,0
2026-08-23 07:46:03.770568,6666,5489,2432,0
2026-08-23 07:46:03.770588,6609,5431,2021,0
2026-08-23 07:46:03.770608,6560,5384,625,0
2026-08-23 07:46:03.770628,6585,5426,1846,0
2026-08-23 07:46:03.770648,6596,5471,2076,0
2026-08-23 07:46:03.770668,6666,5480,2371,0
2026-08-23 07:46:03.770688,6610,5460,1968,0
2026-08-23 07:46:03.770708,6667,5504,2749,0
2026-08-23 07:46:03.770728,6621,5415,1999,0
2026-08-23 07:46:03.770748,6589,5393,1602,0
2026-08-23 07:46:03.770768,6621,5465,1948,0
2026-08-23 07:46:03.770788,6598,5429,2165,0
2026-08-23 07:46:03.770808,6691,5474,2962,0
2026-08-23 07:46:03.770828,6662,5463,1881,0
2026-08-23 07:46:03.770848,6530,5297,0,0
2026-08-23 07:46:03.770868,6590,5444,2074,0
2026-08-23 07:46:03.770888,6601,5433,1933,0
2026-08-23 07:46:03.770908,6641,5449,2160,0
2026-08-23 07:46:03.770928,6612,5449,2104,0
2026-08-23 07:46:03.770948,6554,5354,26,0
2026-08-23 07:46:03.770968,6586,5435,1841,0
2026-08-23 07:46:03.770988,6564,5380,1137,0
2026-08-23 07:46:03.771008,6598,5453,2158,0
2026-08-23 07:46:03.771028,6600,5434,1970,0
2026-08-23 07:46:03.771048,6667,5462,2354,0
2026-08-23 07:46:03.771068,6610,5444,2064,0
2026-08-23 07:46:03.771088,6530,5426,1240,0
2026-08-23 07:46:03.771108,6602,5444,1857,0
2026-08-23 07:46:03.771128,6586,5417,1649,0
2026-08-23 07:46:03.771148,6629,5461,2295,0
2026-08-23 07:46:03.771168,6581,5466,1930,0
2026-08-23 07:46:03.771188,6672,5423,420,0
2026-08-23 07:46:03.771208,6550,5448,2063,0
2026-08-23 07:46:03.771228,6593,5424,1886,0
2026-08-23 07:46:03.771248,6637,5427,1925,0
2026-08-23 07:46:03.771268,6595,5451,1930,0
2026-08-23 07:46:03.771288,6665,5474,2508,0
2026-08-23 07:46:03.771308,6614,5465,1857,0
2026-08-23 07:46:03.771328,6535,5320,0,0
2026-08-23 07:46:03.771348,6585,5467,2062,0
2026-08-23 07:46:03.771368,6602,5490,2124,0
2026-08-23 07:46:03.771388,6669,5487,2024,0
2026-08-23 07:46:03.771408,6604,5432,2068,0
2026-08-23 07:46:03.771428,6674,5481,2759,0
2026-08-23 07:46:03.771448,6620,5424,1839,0
2026-08-23 07:46:03.771468,6573,5370,1013,0
2026-08-23 07:46:03.771488,6588,5458,2097,0
2026-08-23 07:46:03.771508,6611,5451,2159,0
2026-08-23 07:46:03.771528,6675,5490,2162,0
2026-08-23 07:46:03.771548,6604,5440,2065,0
2026-08-23 07:46:03.771568,6595,5346,0,0
2026-08-23 07:46:03.771588,6577,5454,1818,0
2026-08-23 07:46:03.771608,6579,5436,1569,0
2026-08-23 07:46:03.771628,6616,5484,2149,0
2026-08-23 07:46:03.771648,6608,5476,2127,0
2026-08-23 07:46:03.771668,6679,5460,2305,0
2026-08-23 07:46:03.771688,6603,5468,1985,0
2026-08-23 07:46:03.771708,6535,5351,0,0
2026-08-23 07:46:03.771728,6574,5429,1814,0
2026-08-23 07:46:03.771748,6597,5470,1947,0
2026-08-23 07:46:03.771768,6667,5459,2280,0
2026-08-23 07:46:03.771788,6621,5445,2008,0
2026-08-23 07:46:03.771808,6688,5471,2616,0
2026-08-23 07:46:03.771828,6607,5427,1982,0
2026-08-23 07:46:03.771848,6579,5428,1327,0
2026-08-23 07:46:03.771868,6605,5442,1910,0
2026-08-23 07:46:03.771888,6611,5424,2141,0
2026-08-23 07:46:03.771908,6681,5474,2571,0
2026-08-23 07:46:03.771928,6621,5414,1905,0
2026-08-23 07:46:03.771948,6510,5305,0,0
2026-08-23 07:46:03.771968,6590,5440,2063,0
2026-08-23 07:46:03.771988,6592,5465,1857,0
2026-08-23 07:46:03.772008,6637,5460,2062,0
2026-08-23 07:46:03.772028,6599,5468,2153,0
2026-08-23 07:46:03.772048,6559,5303,0,0
2026-08-23 07:46:03.772068,6591,5416,1848,0
2026-08-23 07:46:03.772088,6551,5332,574,0
2026-08-23 07:46:03.772108,6592,5437,2092,0
2026-08-23 07:46:03.772128,6599,5436,1971,0
2026-08-23 07:46:03.772148,6666,5453,2207,0
2026-08-23 07:46:03.772168,6596,5479,2123,0
2026-08-23 07:46:03.772188,6557,5398,284,0
2026-08-23 07:46:03.772208,6576,5477,1849,0
2026-08-23 07:46:03.772228,6560,5419,1201,0
2026-08-23 07:46:03.772248,6594,5446,2168,0
2026-08-23 07:46:03.772268,6598,5446,1975,0
2026-08-23 07:46:03.772288,6640,5474,2350,0
2026-08-23 07:46:03.772308,6599,5478,2086,0
2026-08-23 07:46:03.772328,6579,5407,1080,0
2026-08-23 07:46:03.772348,6596,5469,1837,0
2026-08-23 07:46:03.772368,6577,5408,1593,0
2026-08-23 07:46:03.772388,6632,5461,2278,0
2026-08-23 07:46:03.772408,6607,5467,1919,0
2026-08-23 07:46:03.772428,6665,5503,1416,0
2026-08-23 07:46:03.772448,6591,5424,2019,0
2026-08-23 07:46:03.772468,6599,5451,1897,0
2026-08-23 07:46:03.772488,6635,5423,1922,0
2026-08-23 07:46:03.772508,6598,5421,1946,0
2026-08-23 07:46:03.772528,6663,5494,2589,0
2026-08-23 07:46:03.772548,6606,5414,1836,0
2026-08-23 07:46:03.772568,6556,5346,868,0
2026-08-23 07:46:03.772588,6598,5479,2059,0
2026-08-23 07:46:03.772608,6609,5450,2120,0
2026-08-23 07:46:03.772628,6674,5453,2170,0
2026-08-23 07:46:03.772648,6608,5441,1985,0
2026-08-23 07:46:03.772668,6518,5305,0,0
2026-08-23 07:46:03.772688,6582,5432,1789,0
2026-08-23 07:46:03.772708,6606,5472,1937,0
2026-08-23 07:46:03.772728,6638,5469,2281,0
2026-08-23 07:46:03.772748,6610,5469,1980,0
2026-08-23 07:46:03.772768,6673,5502,2673,0
2026-08-23 07:46:03.772788,6614,5430,1998,0
2026-08-23 07:46:03.772808,6584,5428,1464,0
2026-08-23 07:46:03.772828,6622,5449,1919,0
2026-08-23 07:46:03.772848,6619,5442,2163,0
2026-08-23 07:46:03.772868,6686,5455,2545,0
2026-08-23 07:46:03.772888,6614,5466,1908,0
2026-08-23 07:46:03.772908,6508,5255,0,0
2026-08-23 07:46:03.772928,6586,5459,2024,0
2026-08-23 07:46:03.772948,6596,5439,1796,0
2026-08-23 07:46:03.772968,6632,5428,2004,0
2026-08-23 07:46:03.772988,6609,5432,2170,0
2026-08-23 07:46:03.773008,6722,5543,1484,0
2026-08-23 07:46:03.773028,6594,5457,1875,0
2026-08-23 07:46:03.773048,6526,5310,0,0
2026-08-23 07:46:03.773068,6577,5450,2063,0
2026-08-23 07:46:03.773088,6606,5470,1917,0
2026-08-23 07:46:03.773108,6638,5480,2133,0
2026-08-23 07:46:03.773128,6602,5439,2146,0
2026-08-23 07:46:03.773148,6551,5314,0,0
2026-08-23 07:46:03.773168,6567,5460,1851,0
2026-08-23 07:46:03.773188,6566,5369,982,0
2026-08-23 07:46:03.773208,6605,5453,2145,0
2026-08-23 07:46:03.773228,6626,5468,1955,0
2026-08-23 07:46:03.773248,6670,5459,2373,0
2026-08-23 07:46:03.773268,6609,5485,2078,0
2026-08-23 07:46:03.773288,6588,5426,1306,0
2026-08-23 07:46:03.773308,6598,5436,1859,0
2026-08-23 07:46:03.773328,6597,5423,1712,0
2026-08-23 07:46:03.773348,6639,5463,2336,0
2026-08-23 07:46:03.773368,6595,5463,1911,0
2026-08-23 07:46:03.773388,6545,5240,0,0
2026-08-23 07:46:03.773408,6584,5449,2024,0
2026-08-23 07:46:03.773428,6610,5445,2017,0
2026-08-23 07:46:03.773448,6642,5454,1934,0
2026-08-23 07:46:03.773468,6633,5407,1969,0
2026-08-23 07:46:03.773488,6673,5490,2612,0
2026-08-23 07:46:03.773508,6611,5416,1841,0
2026-08-23 07:46:03.773528,6544,5381,555,0
2026-08-23 07:46:03.773548,6580,5484,2073,0
2026-08-23 07:46:03.773568,6603,5439,2170,0
2026-08-23 07:46:03.773588,6672,5445,2082,0
2026-08-23 07:46:03.773608,6601,5443,2020,0
2026-08-23 07:46:03.773628,6679,5519,3504,0
2026-08-23 07:46:03.773648,6634,5452,1835,0
2026-08-23 07:46:03.773668,6588,5424,1402,0
2026-08-23 07:46:03.773688,6614,5485,2120,0
2026-08-23 07:46:03.773708,6611,5449,2129,0
2026-08-23 07:46:03.773728,6668,5459,2285,0
2026-08-23 07:46:03.773748,6606,5439,2015,0
2026-08-23 07:46:03.773768,6533,5355,0,0
2026-08-23 07:46:03.773788,6586,5438,1793,0
2026-08-23 07:46:03.773808,6586,5439,1947,0
2026-08-23 07:46:03.773828,6666,5495,2285,0
2026-08-23 07:46:03.773848,6608,5444,2025,0
2026-08-23 07:46:03.773868,6678,5508,2581,0
2026-08-23 07:46:03.773888,6613,5461,2006,0
2026-08-23 07:46:03.773908,6562,5422,1221,0
2026-08-23 07:46:03.773928,6601,5480,1888,0
2026-08-23 07:46:03.773948,6608,5446,2126,0
2026-08-23 07:46:03.773968,6681,5475,2487,0
2026-08-23 07:46:03.773988,6609,5436,1912,0
2026-08-23 07:46:03.774008,6493,5262,0,0
2026-08-23 07:46:03.774028,6581,5457,2023,0
2026-08-23 07:46:03.774048,6594,5414,1824,0
2026-08-23 07:46:03.774068,6641,5431,2064,0
2026-08-23 07:46:03.774088,6606,5438,2135,0
2026-08-23 07:46:03.774108,6556,5308,0,0
2026-08-23 07:46:03.774128,6581,5417,1852,0
2026-08-23 07:46:03.774148,6557,5358,784,0
2026-08-23 07:46:03.774168,6595,5464,2112,0
2026-08-23 07:46:03.774188,6597,5424,1943,0
2026-08-23 07:46:03.774208,6666,5453,2353,0
2026-08-23 07:46:03.774228,6602,5439,2059,0
2026-08-23 07:46:03.774248,6546,5405,1364,0
2026-08-23 07:46:03.774268,6604,5450,1850,0
2026-08-23 07:46:03.774288,6590,5414,1747,0
2026-08-23 07:46:03.774308,6636,5465,2365,0
2026-08-23 07:46:03.774328,6598,5464,1872,0
2026-08-23 07:46:03.774348,6510,5277,0,0
2026-08-23 07:46:03.774368,6581,5473,2013,0
2026-08-23 07:46:03.774388,6597,5453,2090,0
2026-08-23 07:46:03.774408,6673,5441,1948,0
2026-08-23 07:46:03.774428,6600,5460,2007,0
2026-08-23 07:46:03.774448,6671,5496,2762,0
2026-08-23 07:46:03.774468,6619,5424,1818,0
2026-08-23 07:46:03.774488,6569,5378,1214,0
2026-08-23 07:46:03.774508,6609,5433,2108,0
2026-08-23 07:46:03.774528,6621,5463,2129,0
2026-08-23 07:46:03.774548,6671,5455,2262,0
2026-08-23 07:46:03.774568,6607,5469,2009,0
2026-08-23 07:46:03.774588,6521,5337,0,0
2026-08-23 07:46:03.774608,6589,5423,1812,0
2026-08-23 07:46:03.774628,6594,5459,1924,0
2026-08-23 07:46:03.774648,6627,5442,2270,0
2026-08-23 07:46:03.774668,6604,5461,2017,0
2026-08-23 07:46:03.774688,6671,5497,2633,0
2026-08-23 07:46:03.774708,6603,5427,1991,0
2026-08-23 07:46:03.774728,6574,5422,1367,0
2026-08-23 07:46:03.774748,6609,5427,1892,0
2026-08-23 07:46:03.774768,6602,5438,2137,0
2026-08-23 07:46:03.774788,6670,5504,2612,0
2026-08-23 07:46:03.774808,6623,5442,1672,0
2026-08-23 07:46:03.774828,6523,5288,0,0
2026-08-23 07:46:03.774848,6583,5470,2032,0
2026-08-23 07:46:03.774868,6587,5449,1861,0
2026-08-23 07:46:03.774888,6634,5454,2123,0
2026-08-23 07:46:03.774908,6609,5489,2119,0
2026-08-23 07:46:03.774928,6536,5347,0,0
2026-08-23 07:46:03.774948,6579,5463,1826,0
2026-08-23 07:46:03.774968,6554,5414,1084,0
2026-08-23 07:46:03.774988,6600,5472,2143,0
2026-08-23 07:46:03.775008,6602,5471,1949,0
2026-08-23 07:46:03.775028,6663,5492,2392,0
2026-08-23 07:46:03.775048,6623,5479,2080,0
2026-08-23 07:46:03.775068,6588,5421,1317,0
2026-08-23 07:46:03.775088,6604,5448,1840,0
2026-08-23 07:46:03.775108,6589,5443,1726,0
2026-08-23 07:46:03.775128,6635,5465,2322,0
2026-08-23 07:46:03.775148,6608,5440,1925,0
2026-08-23 07:46:03.775168,6565,5339,0,0
2026-08-23 07:46:03.775188,6581,5490,2037,0
2026-08-23 07:46:03.775208,6600,5440,1936,0
2026-08-23 07:46:03.775228,6637,5454,1917,0
2026-08-23 07:46:03.775248,6592,5465,1943,0
2026-08-23 07:46:03.775268,6678,5505,2523,0
2026-08-23 07:46:03.775288,6599,5452,1850,0
2026-08-23 07:46:03.775308,6551,5341,254,0
2026-08-23 07:46:03.775328,6594,5478,2066,0
2026-08-23 07:46:03.775348,6601,5477,2155,0
2026-08-23 07:46:03.775368,6641,5478,2100,0
2026-08-23 07:46:03.775388,6602,5432,2013,0
2026-08-23 07:46:03.775408,6629,5400,286,0
2026-08-23 07:46:03.775428,6582,5422,1795,0
2026-08-23 07:46:03.775448,6587,5419,1593,0
2026-08-23 07:46:03.775468,6628,5451,2155,0
2026-08-23 07:46:03.775488,6618,5448,2058,0
2026-08-23 07:46:03.775508,6681,5502,2335,0
2026-08-23 07:46:03.775528,6596,5473,1996,0
2026-08-23 07:46:03.775548,6573,5374,910,0
2026-08-23 07:46:03.775568,6591,5443,1851,0
2026-08-23 07:46:03.775588,6608,5450,2106,0
2026-08-23 07:46:03.775608,6673,5455,2490,0
2026-08-23 07:46:03.775628,6620,5464,1896,0
2026-08-23 07:46:03.775648,6490,5292,0,0
2026-08-23 07:46:03.775668,6584,5432,2010,0
2026-08-23 07:46:03.775688,6598,5465,1851,0
2026-08-23 07:46:03.775708,6618,5475,2073,0
2026-08-23 07:46:03.775728,6612,5470,2123,0
2026-08-23 07:46:03.775748,6541,5290,0,0
2026-08-23 07:46:03.775768,6579,5443,1512,0
2026-08-23 07:46:03.775788,6555,5386,828,0
2026-08-23 07:46:03.775808,6552,5471,2120,0
2026-08-23 07:46:03.775828,6591,5456,1966,0
2026-08-23 07:46:03.775848,6670,5450,2297,0
2026-08-23 07:46:03.775868,6605,5447,2090,0
2026-08-23 07:46:03.775888,6680,5394,901,0
2026-08-23 07:46:03.775908,6603,5457,1837,0
2026-08-23 07:46:03.775928,6579,5414,1512,0
2026-08-23 07:46:03.775948,6621,5473,2237,0
2026-08-23 07:46:03.775968,6601,5446,1942,0
2026-08-23 07:46:03.775988,6676,5457,2527,0
2026-08-23 07:46:03.776008,6609,5475,2133,0
2026-08-23 07:46:03.776028,6597,5443,1667,0
2026-08-23 07:46:03.776048,6626,5459,1877,0
2026-08-23 07:46:03.776068,6589,5439,1825,0
2026-08-23 07:46:03.776088,6638,5461,2377,0
2026-08-23 07:46:03.776108,6603,5465,1910,0
2026-08-23 07:46:03.776128,6520,5298,0,0
2026-08-23 07:46:03.776148,6573,5417,2030,0
2026-08-23 07:46:03.776168,6595,5455,2014,0
2026-08-23 07:46:03.776188,6637,5418,1944,0
2026-08-23 07:46:03.776208,6604,5422,1979,0
2026-08-23 07:46:03.776228,6682,5462,2601,0
2026-08-23 07:46:03.776248,6599,5419,1843,0
2026-08-23 07:46:03.776268,6550,5337,453,0
2026-08-23 07:46:03.776288,6586,5472,2070,0
2026-08-23 07:46:03.776308,6601,5459,2140,0
2026-08-23 07:46:03.776328,6670,5455,2106,0
2026-08-23 07:46:03.776348,6615,5473,2029,0
2026-08-23 07:46:03.776368,6755,5459,611,0
2026-08-23 07:46:03.776388,6585,5413,1796,0
2026-08-23 07:46:03.776408,6584,5441,1519,0
2026-08-23 07:46:03.776428,6623,5456,2160,0
2026-08-23 07:46:03.776448,6617,5437,2106,0
2026-08-23 07:46:03.776468,6681,5455,2369,0
2026-08-23 07:46:03.776488,6605,5432,2032,0
2026-08-23 07:46:03.776508,6540,5369,331,0
2026-08-23 07:46:03.776528,6592,5451,1826,0
2026-08-23 07:46:03.776548,6601,5430,2019,0
2026-08-23 07:46:03.776568,6667,5496,2334,0
2026-08-23 07:46:03.776588,6622,5441,2000,0
2026-08-23 07:46:03.776608,6675,5508,2711,0
2026-08-23 07:46:03.776628,6611,5428,1996,0
2026-08-23 07:46:03.776648,6592,5405,1478,0
2026-08-23 07:46:03.776668,6613,5436,1918,0
2026-08-23 07:46:03.776688,6607,5429,2151,0
2026-08-23 07:46:03.776708,6670,5506,2590,0
2026-08-23 07:46:03.776728,6620,5473,1919,0
2026-08-23 07:46:03.776748,6519,5270,0,0
2026-08-23 07:46:03.776768,6600,5463,2020,0
2026-08-23 07:46:03.776788,6593,5474,1866,0
2026-08-23 07:46:03.776808,6632,5447,2228,0
2026-08-23 07:46:03.776828,6600,5459,2163,0
2026-08-23 07:46:03.776848,6555,5280,0,0
2026-08-23 07:46:03.776868,6581,5438,1857,0
2026-08-23 07:46:03.776888,6545,5363,636,0
2026-08-23 07:46:03.776908,6591,5475,2122,0
2026-08-23 07:46:03.776928,6600,5454,1972,0
2026-08-23 07:46:03.776948,6635,5439,2280,0
2026-08-23 07:46:03.776968,6618,5432,2082,0
2026-08-23 07:46:03.776988,6518,5377,784,0
2026-08-23 07:46:03.777008,6589,5451,1796,0
2026-08-23 07:46:03.777028,6581,5409,1505,0
2026-08-23 07:46:03.777048,6618,5461,2241,0
2026-08-23 07:46:03.777068,6600,5443,1910,0
2026-08-23 07:46:03.777088,6669,5483,2536,0
2026-08-23 07:46:03.777108,6620,5449,2032,0
2026-08-23 07:46:03.777128,6598,5468,1863,0
2026-08-23 07:46:03.777148,6641,5467,1904,0
2026-08-23 07:46:03.777168,6595,5433,1913,0
2026-08-23 07:46:03.777188,6771,5506,2532,0
2026-08-23 07:46:03.777208,6593,5433,1839,0
2026-08-23 07:46:03.777228,6550,5392,407,0
2026-08-23 07:46:03.777248,6594,5462,2069,0
2026-08-23 07:46:03.777268,6607,5486,2140,0
2026-08-23 07:46:03.777288,6669,5481,2107,0
2026-08-23 07:46:03.777308,6593,5470,2012,0
2026-08-23 07:46:03.777328,6593,5395,0,0
2026-08-23 07:46:03.777348,6574,5452,1804,0
2026-08-23 07:46:03.777368,6586,5432,1633,0
2026-08-23 07:46:03.777388,6621,5476,2160,0
2026-08-23 07:46:03.777408,6609,5442,2121,0
2026-08-23 07:46:03.777428,6678,5451,2366,0
2026-08-23 07:46:03.777448,6600,5454,2008,0
2026-08-23 07:46:03.777468,6553,5355,353,0
2026-08-23 07:46:03.777488,6580,5425,1827,0
2026-08-23 07:46:03.777508,6598,5470,2010,0
2026-08-23 07:46:03.777528,6638,5463,2319,0
2026-08-23 07:46:03.777548,6614,5473,1980,0
2026-08-23 07:46:03.777568,6667,5517,2704,0
2026-08-23 07:46:03.777588,6617,5443,1999,0
2026-08-23 07:46:03.777608,6585,5403,1503,0
2026-08-23 07:46:03.777628,6599,5436,1927,0
2026-08-23 07:46:03.777648,6610,5451,2136,0
2026-08-23 07:46:03.777668,6679,5529,2645,0
2026-08-23 07:46:03.777688,6628,5465,1849,0
2026-08-23 07:46:03.777708,6535,5327,3,0
2026-08-23 07:46:03.777728,6591,5482,2036,0
2026-08-23 07:46:03.777748,6597,5470,1937,0
2026-08-23 07:46:03.777768,6669,5482,2218,0
2026-08-23 07:46:03.777788,6607,5471,2082,0
2026-08-23 07:46:03.777808,6561,5430,821,0
2026-08-23 07:46:03.777828,6589,5452,1825,0
2026-08-23 07:46:03.777848,6584,5448,1599,0
2026-08-23 07:46:03.777868,6622,5457,2269,0
2026-08-23 07:46:03.777888,6605,5471,1896,0
2026-08-23 07:46:03.777908,6551,5261,0,0
2026-08-23 07:46:03.777928,6597,5419,2018,0
2026-08-23 07:46:03.777948,6602,5414,2027,0
2026-08-23 07:46:03.777968,6636,5424,1954,0
2026-08-23 07:46:03.777988,6590,5456,1985,0
2026-08-23 07:46:03.778008,6668,5461,2713,0
2026-08-23 07:46:03.778028,6608,5453,1799,0
2026-08-23 07:46:03.778048,6573,5388,1111,0
2026-08-23 07:46:03.778068,6604,5450,2105,0
2026-08-23 07:46:03.778088,6614,5442,2144,0
2026-08-23 07:46:03.778108,6676,5479,2236,0
2026-08-23 07:46:03.778128,6603,5435,2024,0
2026-08-23 07:46:03.778148,6522,5297,0,0
2026-08-23 07:46:03.778168,6570,5451,1802,0
2026-08-23 07:46:03.778188,6593,5453,1904,0
2026-08-23 07:46:03.778208,6663,5447,2228,0
2026-08-23 07:46:03.778228,6616,5472,2032,0
2026-08-23 07:46:03.778248,6668,5473,2531,0
2026-08-23 07:46:03.778268,6598,5468,1986,0
2026-08-23 07:46:03.778288,6572,5370,1129,0
2026-08-23 07:46:03.778308,6593,5424,1875,0
2026-08-23 07:46:03.778328,6597,5439,2101,0
2026-08-23 07:46:03.778348,6671,5468,2496,0
2026-08-23 07:46:03.778368,6615,5436,1895,0
2026-08-23 07:46:03.778388,6513,5261,0,0
2026-08-23 07:46:03.778408,6587,5406,2005,0
2026-08-23 07:46:03.778428,6594,5437,1861,0
2026-08-23 07:46:03.778448,6632,5449,2114,0
2026-08-23 07:46:03.778468,6604,5476,2085,0
2026-08-23 07:46:03.778488,6590,5365,130,0
2026-08-23 07:46:03.778508,6583,5437,1799,0
2026-08-23 07:46:03.778528,6578,5403,1339,0
2026-08-23 07:46:03.778548,6617,5500,2216,0
2026-08-23 07:46:03.778568,6604,5473,1919,0
2026-08-23 07:46:03.778588,6640,5489,2179,0
2026-08-23 07:46:03.778608,6601,5466,2020,0
2026-08-23 07:46:03.778628,6596,5464,1912,0
2026-08-23 07:46:03.778648,6628,5478,1908,0
2026-08-23 07:46:03.778668,6598,5472,1949,0
2026-08-23 07:46:03.778688,6638,5517,2585,0
2026-08-23 07:46:03.778708,6606,5437,1837,0
2026-08-23 07:46:03.778728,6580,5338,523,0
2026-08-23 07:46:03.778748,6598,5476,2117,0
2026-08-23 07:46:03.778768,6612,5475,2158,0
2026-08-23 07:46:03.778788,6642,5445,2080,0
2026-08-23 07:46:03.778808,6606,5437,2054,0
2026-08-23 07:46:03.778828,6685,5518,3125,0
2026-08-23 07:46:03.778848,6620,5465,1833,0
2026-08-23 07:46:03.778868,6585,5405,1324,0
2026-08-23 07:46:03.778888,6614,5491,2121,0
2026-08-23 07:46:03.778908,6608,5478,2170,0
2026-08-23 07:46:03.778928,6679,5482,2232,0
2026-08-23 07:46:03.778948,6604,5453,2017,0
2026-08-23 07:46:03.778968,6522,5258,0,0
2026-08-23 07:46:03.778988,6577,5444,1805,0
2026-08-23 07:46:03.779008,6593,5414,1818,0
2026-08-23 07:46:03.779028,6634,5448,2228,0
2026-08-23 07:46:03.779048,6623,5481,2022,0
2026-08-23 07:46:03.779068,6677,5502,2542,0
2026-08-23 07:46:03.779088,6611,5434,1952,0
2026-08-23 07:46:03.779108,6580,5386,1196,0
2026-08-23 07:46:03.779128,6594,5438,1894,0
2026-08-23 07:46:03.779148,6601,5480,2109,0
2026-08-23 07:46:03.779168,6668,5508,2602,0
2026-08-23 07:46:03.779188,6625,5448,1874,0
2026-08-23 07:46:03.779208,6520,5347,0,0
2026-08-23 07:46:03.779228,6591,5444,2030,0
2026-08-23 07:46:03.779248,6597,5433,1914,0
2026-08-23 07:46:03.779268,6665,5456,2212,0
2026-08-23 07:46:03.779288,6615,5479,2086,0
2026-08-23 07:46:03.779308,6591,5414,731,0
2026-08-23 07:46:03.779328,6591,5472,1847,0
2026-08-23 07:46:03.779348,6581,5436,1511,0
2026-08-23 07:46:03.779368,6617,5453,2244,0
2026-08-23 07:46:03.779388,6601,5432,1913,0
2026-08-23 07:46:03.779408,6666,5509,1623,0
2026-08-23 07:46:03.779428,6594,5427,2023,0
2026-08-23 07:46:03.779448,6606,5452,1888,0
2026-08-23 07:46:03.779468,6637,5464,1902,0
2026-08-23 07:46:03.779488,6601,5431,1931,0
2026-08-23 07:46:03.779508,6669,5474,2508,0
2026-08-23 07:46:03.779528,6607,5453,1857,0
2026-08-23 07:46:03.779548,6530,5368,150,0
2026-08-23 07:46:03.779568,6588,5461,2071,0
2026-08-23 07:46:03.779588,6607,5448,2351,0
2026-08-23 07:46:03.779608,6674,5487,2095,0
2026-08-23 07:46:03.779628,6600,5439,2006,0
2026-08-23 07:46:03.779648,6672,5556,2881,0
2026-08-23 07:46:03.779668,6610,5417,1802,0
2026-08-23 07:46:03.779688,6585,5401,1510,0
2026-08-23 07:46:03.779708,6624,5452,2161,0
2026-08-23 07:46:03.779728,6614,5454,2036,0
2026-08-23 07:46:03.779748,6668,5496,2394,0
2026-08-23 07:46:03.779768,6608,5449,1987,0
2026-08-23 07:46:03.779788,6569,5368,763,0
2026-08-23 07:46:03.779808,6594,5435,1851,0
2026-08-23 07:46:03.779828,6598,5479,2094,0
2026-08-23 07:46:03.779848,6668,5502,2456,0
2026-08-23 07:46:03.779868,6621,5483,1915,0
2026-08-23 07:46:03.779888,6508,5250,0,0
2026-08-23 07:46:03.779908,6577,5451,1996,0
2026-08-23 07:46:03.779928,6593,5440,1825,0
2026-08-23 07:46:03.779948,6632,5441,2082,0
2026-08-23 07:46:03.779968,6611,5429,2114,0
2026-08-23 07:46:03.779988,6549,5295,0,0
2026-08-23 07:46:03.780008,6583,5409,1825,0
2026-08-23 07:46:03.780028,6567,5397,1063,0
2026-08-23 07:46:03.780048,6605,5477,2143,0
2026-08-23 07:46:03.780068,6602,5434,1941,0
2026-08-23 07:46:03.780088,6676,5485,2389,0
2026-08-23 07:46:03.780108,6607,5472,2059,0
2026-08-23 07:46:03.780128,6582,5406,1463,0
2026-08-23 07:46:03.780148,6608,5468,1864,0
2026-08-23 07:46:03.780168,6594,5448,1792,0
2026-08-23 07:46:03.780188,6636,5501,2366,0
2026-08-23 07:46:03.780208,6601,5422,1913,0
2026-08-23 07:46:03.780228,6528,5268,0,0
2026-08-23 07:46:03.780248,6588,5449,2035,0
2026-08-23 07:46:03.780268,6605,5426,2016,0
2026-08-23 07:46:03.780288,6663,5435,1943,0
2026-08-23 07:46:03.780308,6598,5415,1978,0
2026-08-23 07:46:03.780328,6669,5489,2623,0
2026-08-23 07:46:03.780348,6607,5449,1847,0
2026-08-23 07:46:03.780368,6550,5370,606,0
2026-08-23 07:46:03.780388,6597,5440,2069,0
2026-08-23 07:46:03.780408,6606,5445,2144,0
2026-08-23 07:46:03.780428,6674,5481,2129,0
2026-08-23 07:46:03.780448,6597,5425,2022,0
2026-08-23 07:46:03.780468,6594,5325,0,0
2026-08-23 07:46:03.780488,6575,5447,1718,0
2026-08-23 07:46:03.780508,6587,5401,1663,0
2026-08-23 07:46:03.780528,6619,5479,2189,0
2026-08-23 07:46:03.780548,6613,5435,1783,0
2026-08-23 07:46:03.780568,6686,5496,2415,0
2026-08-23 07:46:03.780588,6598,5437,2012,0
2026-08-23 07:46:03.780608,6555,5350,609,0
2026-08-23 07:46:03.780628,6588,5427,1863,0
2026-08-23 07:46:03.780648,6588,5422,2067,0
2026-08-23 07:46:03.780668,6677,5448,2372,0
2026-08-23 07:46:03.780688,6613,5450,1985,0
2026-08-23 07:46:03.780708,6702,5472,2704,0
2026-08-23 07:46:03.780728,6611,5436,1868,0
2026-08-23 07:46:03.780748,6582,5394,1235,0
2026-08-23 07:46:03.780768,6612,5470,1889,0
2026-08-23 07:46:03.780788,6557,5449,2147,0
2026-08-23 07:46:03.780808,6680,5471,2409,0
2026-08-23 07:46:03.780828,6622,5473,1966,0
2026-08-23 07:46:03.780848,6524,5341,0,0
2026-08-23 07:46:03.780868,6586,5471,2029,0
2026-08-23 07:46:03.780888,6587,5438,1659,0
2026-08-23 07:46:03.780908,6612,5460,1968,0
2026-08-23 07:46:03.780928,6600,5438,2167,0
2026-08-23 07:46:03.780948,6669,5498,2625,0
2026-08-23 07:46:03.780968,6626,5454,1911,0
2026-08-23 07:46:03.780988,6505,5265,0,0
2026-08-23 07:46:03.781008,6578,5452,2028,0
2026-08-23 07:46:03.781028,6591,5411,1831,0
2026-08-23 07:46:03.781048,6626,5450,2034,0
2026-08-23 07:46:03.781068,6603,5466,2148,0
2026-08-23 07:46:03.781088,6581,5257,0,0
2026-08-23 07:46:03.781108,6581,5403,1850,0
2026-08-23 07:46:03.781128,6550,5324,476,0
2026-08-23 07:46:03.781148,6587,5428,2074,0
2026-08-23 07:46:03.781168,6594,5457,1950,0
2026-08-23 07:46:03.781188,6635,5445,2263,0
2026-08-23 07:46:03.781208,6608,5449,2101,0
2026-08-23 07:46:03.781228,6569,5370,633,0
2026-08-23 07:46:03.781248,6587,5474,1837,0
2026-08-23 07:46:03.781268,6578,5426,1425,0
2026-08-23 07:46:03.781288,6615,5485,2221,0
2026-08-23 07:46:03.781308,6592,5429,1926,0
2026-08-23 07:46:03.781328,6669,5497,2535,0
2026-08-23 07:46:03.781348,6604,5425,2074,0
2026-08-23 07:46:03.781368,6604,5414,1752,0
2026-08-23 07:46:03.781388,6630,5459,1887,0
2026-08-23 07:46:03.781408,6589,5461,1864,0
2026-08-23 07:46:03.781428,6663,5514,2422,0
2026-08-23 07:46:03.781448,6605,5473,1871,0
2026-08-23 07:46:03.781468,6516,5296,0,0
2026-08-23 07:46:03.781488,6592,5442,2060,0
2026-08-23 07:46:03.781508,6601,5476,2104,0
2026-08-23 07:46:03.781528,6641,5445,1989,0
2026-08-23 07:46:03.781548,6603,5465,2019,0
2026-08-23 07:46:03.781568,6669,5475,2700,0
2026-08-23 07:46:03.781588,6596,5422,1835,0
2026-08-23 07:46:03.781608,6568,5403,840,0
2026-08-23 07:46:03.781628,6595,5465,2093,0
2026-08-23 07:46:03.781648,6613,5450,2169,0
2026-08-23 07:46:03.781668,6591,5454,2139,0
2026-08-23 07:46:03.781688,6604,5469,2035,0
2026-08-23 07:46:03.781708,6587,5336,0,0
2026-08-23 07:46:03.781728,6579,5456,1806,0
2026-08-23 07:46:03.781748,6584,5402,1638,0
2026-08-23 07:46:03.781768,6622,5468,2160,0
2026-08-23 07:46:03.781788,6613,5437,2117,0
2026-08-23 07:46:03.781808,6671,5481,2373,0
2026-08-23 07:46:03.781828,6606,5431,2029,0
2026-08-23 07:46:03.781848,6556,5360,375,0
2026-08-23 07:46:03.781868,6571,5421,1829,0
2026-08-23 07:46:03.781888,6600,5471,2032,0
2026-08-23 07:46:03.781908,6669,5455,2338,0
2026-08-23 07:46:03.781928,6618,5449,1979,0
2026-08-23 07:46:03.781948,6676,5503,2479,0
2026-08-23 07:46:03.781968,6610,5439,2012,0
2026-08-23 07:46:03.781988,6587,5429,1494,0
2026-08-23 07:46:03.782008,6617,5415,1924,0
2026-08-23 07:46:03.782028,6617,5466,2145,0
2026-08-23 07:46:03.782048,6678,5500,2631,0
2026-08-23 07:46:03.782068,6628,5460,1882,0
2026-08-23 07:46:03.782088,6524,5332,0,0
2026-08-23 07:46:03.782108,6588,5469,2054,0
2026-08-23 07:46:03.782128,6600,5418,1923,0
2026-08-23 07:46:03.782148,6627,5475,2119,0
2026-08-23 07:46:03.782168,6610,5468,2124,0
2026-08-23 07:46:03.782188,6549,5313,4,0
2026-08-23 07:46:03.782208,6574,5455,1833,0
2026-08-23 07:46:03.782228,6573,5369,1199,0
2026-08-23 07:46:03.782248,6605,5428,2163,0
2026-08-23 07:46:03.782268,6572,5428,1949,0
2026-08-23 07:46:03.782288,6669,5497,2439,0
2026-08-23 07:46:03.782308,6608,5473,2034,0
2026-08-23 07:46:03.782328,6606,5412,1583,0
2026-08-23 07:46:03.782348,6623,5438,1867,0
2026-08-23 07:46:03.782368,6594,5421,1814,0
2026-08-23 07:46:03.782388,6633,5462,2396,0
2026-08-23 07:46:03.782408,6606,5433,1877,0
2026-08-23 07:46:03.782428,6514,5309,0,0
2026-08-23 07:46:03.782448,6592,5448,2034,0
2026-08-23 07:46:03.782468,6615,5471,2085,0
2026-08-23 07:46:03.782488,6638,5460,1999,0
2026-08-23 07:46:03.782508,6597,5465,2000,0
2026-08-23 07:46:03.782528,6679,5515,2522,0
2026-08-23 07:46:03.782548,6611,5453,1817,0
2026-08-23 07:46:03.782568,6570,5352,1196,0
2026-08-23 07:46:03.782588,6609,5430,2096,0
2026-08-23 07:46:03.782608,6610,5429,2133,0
2026-08-23 07:46:03.782628,6678,5457,2226,0
2026-08-23 07:46:03.782648,6602,5436,2007,0
2026-08-23 07:46:03.782668,6548,5344,0,0
2026-08-23 07:46:03.782688,6591,5431,1822,0
2026-08-23 07:46:03.782708,6596,5433,1953,0
2026-08-23 07:46:03.782728,6636,5499,2287,0
2026-08-23 07:46:03.782748,6614,5435,1985,0
2026-08-23 07:46:03.782768,6677,5515,2687,0
2026-08-23 07:46:03.782788,6613,5435,1976,0
2026-08-23 07:46:03.782808,6589,5421,1583,0
2026-08-23 07:46:03.782828,6612,5434,1936,0
2026-08-23 07:46:03.782848,6601,5443,2121,0
2026-08-23 07:46:03.782868,6716,5579,1506,0
2026-08-23 07:46:03.782888,6597,5456,1848,0
2026-08-23 07:46:03.782908,6543,5350,363,0
2026-08-23 07:46:03.782928,6586,5471,2008,0
2026-08-23 07:46:03.782948,6589,5468,1930,0
2026-08-23 07:46:03.782968,6616,5448,2305,0
2026-08-23 07:46:03.782988,6631,5471,2032,0
2026-08-23 07:46:03.783008,6588,5439,1356,0
2026-08-23 07:46:03.783028,6598,5466,1845,0
2026-08-23 07:46:03.783048,6589,5439,1784,0
2026-08-23 07:46:03.783068,6637,5492,2421,0
2026-08-23 07:46:03.783088,6593,5453,1824,0
2026-08-23 07:46:03.783108,6539,5349,140,0
2026-08-23 07:46:03.783128,6597,5443,2012,0
2026-08-23 07:46:03.783148,6596,5472,2118,0
2026-08-23 07:46:03.783168,6666,5477,2144,0
2026-08-23 07:46:03.783188,6608,5432,1986,0
2026-08-23 07:46:03.783208,6528,5293,0,0
2026-08-23 07:46:03.783228,6581,5431,1771,0
2026-08-23 07:46:03.783248,6598,5469,1952,0
2026-08-23 07:46:03.783268,6640,5495,2300,0
2026-08-23 07:46:03.783288,6630,5475,1940,0
2026-08-23 07:46:03.783308,6681,5522,1983,0
2026-08-23 07:46:03.783328,6593,5455,1983,0
2026-08-23 07:46:03.783348,6588,5409,1736,0
2026-08-23 07:46:03.783368,6629,5470,1988,0
2026-08-23 07:46:03.783388,6604,5475,2128,0
2026-08-23 07:46:03.783408,6582,5299,0,0
2026-08-23 07:46:03.783428,6573,5432,1831,0
2026-08-23 07:46:03.783448,6559,5340,746,0
2026-08-23 07:46:03.783468,6591,5439,2100,0
2026-08-23 07:46:03.783488,6596,5428,1972,0
2026-08-23 07:46:03.783508,6665,5481,2309,0
2026-08-23 07:46:03.783528,6612,5425,2084,0
2026-08-23 07:46:03.783548,6580,5421,1174,0
2026-08-23 07:46:03.783568,6611,5484,1828,0
2026-08-23 07:46:03.783588,6587,5442,1698,0
2026-08-23 07:46:03.783608,6626,5488,2306,0
2026-08-23 07:46:03.783628,6605,5445,1898,0
2026-08-23 07:46:03.783648,6566,5281,0,0
2026-08-23 07:46:03.783668,6591,5413,2033,0
2026-08-23 07:46:03.783688,6606,5417,1983,0
2026-08-23 07:46:03.783708,6638,5438,1938,0
2026-08-23 07:46:03.783728,6602,5416,1962,0
2026-08-23 07:46:03.783748,6673,5499,2659,0
2026-08-23 07:46:03.783768,6610,5451,1820,0
2026-08-23 07:46:03.783788,6571,5401,940,0
2026-08-23 07:46:03.783808,6597,5468,2077,0
2026-08-23 07:46:03.783828,6600,5482,2133,0
2026-08-23 07:46:03.783848,6664,5484,2236,0
2026-08-23 07:46:03.783868,6610,5434,1995,0
2026-08-23 07:46:03.783888,6528,5302,0,0
2026-08-23 07:46:03.783908,6588,5443,1807,0
2026-08-23 07:46:03.783928,6589,5434,1942,0
2026-08-23 07:46:03.783948,6663,5448,2280,0
2026-08-23 07:46:03.783968,6611,5439,1982,0
2026-08-23 07:46:03.783988,6677,5503,2654,0
2026-08-23 07:46:03.784008,6619,5437,1982,0
2026-08-23 07:46:03.784028,6583,5402,1483,0
2026-08-23 07:46:03.784048,6714,5434,1925,0
2026-08-23 07:46:03.784068,6593,5474,2140,0
2026-08-23 07:46:03.784088,6678,5506,2659,0
2026-08-23 07:46:03.784108,6621,5462,1862,0
2026-08-23 07:46:03.784128,6522,5312,1,0
2026-08-23 07:46:03.784148,6587,5460,2059,0
2026-08-23 07:46:03.784168,6599,5451,1932,0
2026-08-23 07:46:03.784188,6639,5450,2182,0
2026-08-23 07:46:03.784208,6611,5450,2102,0
2026-08-23 07:46:03.784228,6565,5412,398,0
2026-08-23 07:46:03.784248,6590,5456,1844,0
2026-08-23 07:46:03.784268,6571,5445,1396,0
2026-08-23 07:46:03.784288,6608,5490,2199,0
2026-08-23 07:46:03.784308,6599,5494,1937,0
2026-08-23 07:46:03.784328,6673,5473,2501,0
2026-08-23 07:46:03.784348,6605,5476,2026,0
2026-08-23 07:46:03.784368,6596,5420,1732,0
2026-08-23 07:46:03.784388,6615,5474,1907,0
2026-08-23 07:46:03.784408,6583,5450,1873,0
2026-08-23 07:46:03.784428,6672,5495,2468,0
2026-08-23 07:46:03.784448,6610,5451,1853,0
2026-08-23 07:46:03.784468,6533,5347,0,0
2026-08-23 07:46:03.784488,6592,5445,2035,0
2026-08-23 07:46:03.784508,6609,5463,2128,0
2026-08-23 07:46:03.784528,6680,5443,2083,0
2026-08-23 07:46:03.784548,6602,5439,1901,0
2026-08-23 07:46:03.784568,6755,5520,761,0
2026-08-23 07:46:03.784588,6580,5452,1796,0
2026-08-23 07:46:03.784608,6600,5443,1596,0
2026-08-23 07:46:03.784628,6684,5447,2156,0
2026-08-23 07:46:03.784648,6611,5448,2066,0
2026-08-23 07:46:03.784668,6680,5477,2422,0
2026-08-23 07:46:03.784688,6606,5474,2000,0
2026-08-23 07:46:03.784708,6566,5372,772,0
2026-08-23 07:46:03.784728,6592,5448,1844,0
2026-08-23 07:46:03.784748,6605,5445,2096,0
2026-08-23 07:46:03.784768,6681,5480,2418,0
2026-08-23 07:46:03.784788,6619,5468,1930,0
2026-08-23 07:46:03.784808,6575,5304,0,0
2026-08-23 07:46:03.784828,6588,5456,1991,0
2026-08-23 07:46:03.784848,6599,5411,1726,0
2026-08-23 07:46:03.784868,6640,5441,1988,0
2026-08-23 07:46:03.784888,6612,5441,2137,0
2026-08-23 07:46:03.784908,6591,5280,0,0
2026-08-23 07:46:03.784928,6589,5422,1828,0
2026-08-23 07:46:03.784948,6538,5345,618,0
2026-08-23 07:46:03.784968,6589,5481,2102,0
2026-08-23 07:46:03.784988,6602,5469,1966,0
2026-08-23 07:46:03.785008,6526,5252,0,0
2026-08-23 07:46:03.853060,6626,2858,2468,0
2026-08-23 07:46:03.853080,6626,3530,1685,0
2026-08-23 07:46:03.853100,6577,4032,1500,0
2026-08-23 07:46:03.853120,6625,4494,2440,0
2026-08-23 07:46:03.853140,6603,4703,1640,0
2026-08-23 07:46:03.853160,6580,4891,1747,0
2026-08-23 07:46:03.853180,6632,5090,2326,0
2026-08-23 07:46:03.853200,6614,5180,1694,0
2026-08-23 07:46:03.853220,6565,5191,1069,0
2026-08-23 07:46:03.853240,6592,5321,2201,0
2026-08-23 07:46:03.853260,6588,5331,1657,0
2026-08-23 07:46:03.853280,6563,5306,1367,0
2026-08-23 07:46:03.853300,6594,5381,2144,0
2026-08-23 07:46:03.853320,6599,5381,1752,0
2026-08-23 07:46:03.853340,6542,5308,391,0
2026-08-23 07:46:03.853360,6584,5451,2012,0
2026-08-23 07:46:03.853380,6588,5386,1693,0
2026-08-23 07:46:03.853400,6559,5334,801,0
2026-08-23 07:46:03.853420,6602,5456,1988,0
2026-08-23 07:46:03.853440,6602,5419,1811,0
2026-08-23 07:46:03.853460,6513,5284,0,0
2026-08-23 07:46:03.853480,6585,5440,1914,0
2026-08-23 07:46:03.853500,6592,5445,1746,0
2026-08-23 07:46:03.853520,6533,5314,158,0
2026-08-23 07:46:03.853540,6580,5460,1920,0
2026-08-23 07:46:03.853560,6604,5429,1781,0
2026-08-23 07:46:03.853580,6526,5257,0,0
2026-08-23 07:46:03.853600,6584,5387,1863,0
2026-08-23 07:46:03.853620,6598,5412,1748,0
2026-08-23 07:46:03.853640,6520,5288,0,0
2026-08-23 07:46:03.853660,6572,5442,1883,0
2026-08-23 07:46:03.853680,6595,5443,1891,0
2026-08-23 07:46:03.853700,6560,5342,0,0
2026-08-23 07:46:03.853720,6576,5408,1831,0
2026-08-23 07:46:03.853740,6574,5413,1753,0
2026-08-23 07:46:03.853760,6509,5274,0,0
2026-08-23 07:46:03.853780,6577,5420,1866,0
2026-08-23 07:46:03.853800,6604,5456,1878,0
2026-08-23 07:46:03.853820,6562,5331,754,0
2026-08-23 07:46:03.873923,6540,3243,0,0
2026-08-23 07:46:03.873943,6588,3927,1679,0
2026-08-23 07:46:03.873963,6595,4329,1906,0
2026-08-23 07:46:03.873983,6581,4593,995,0
2026-08-23 07:46:03.874003,6587,4866,1718,0
2026-08-23 07:46:03.874023,6596,4993,1787,0
2026-08-23 07:46:03.874043,6540,5058,419,0
2026-08-23 07:46:03.874063,6591,5234,1733,0
2026-08-23 07:46:03.874083,6592,5303,1871,0
2026-08-23 07:46:03.874103,6604,5321,1435,0
2026-08-23 07:46:03.874123,6596,5374,1805,0
2026-08-23 07:46:03.874143,6586,5356,1769,0
2026-08-23 07:46:03.874163,6592,5353,1714,0
2026-08-23 07:46:03.892912,6608,4745,1858,0
2026-08-23 07:46:03.892932,6599,4922,1815,0
2026-08-23 07:46:03.892952,6593,5043,1862,0
2026-08-23 07:46:03.892972,6639,5174,1984,0
2026-08-23 07:46:03.892992,6594,5232,1743,0
2026-08-23 07:46:03.893012,6587,5259,1556,0
2026-08-23 07:46:03.893032,6613,5371,2318,0
2026-08-23 07:46:03.893052,6583,5378,1810,0
2026-08-23 07:46:03.893072,6597,5407,1955,0
2026-08-23 07:46:03.893092,6635,5440,2127,0
2026-08-23 07:46:03.893112,6588,5425,1772,0
2026-08-23 07:46:03.893132,6598,5368,1719,0
2026-08-23 07:46:03.911885,6594,4824,1644,0
2026-08-23 07:46:03.911905,6584,4981,1586,0
2026-08-23 07:46:03.911925,6622,5135,2225,0
2026-08-23 07:46:03.911945,6617,5182,1676,0
2026-08-23 07:46:03.911965,6570,5232,1142,0
2026-08-23 07:46:03.911985,6592,5356,2257,0
2026-08-23 07:46:03.912005,6593,5366,1614,0
2026-08-23 07:46:03.912025,6587,5349,1659,0
2026-08-23 07:46:03.912045,6626,5424,2260,0
2026-08-23 07:46:03.912065,6617,5439,1674,0
2026-08-23 07:46:03.912085,6577,5362,1444,0
2026-08-23 07:46:03.912105,6536,5208,0,0
2026-08-23 07:46:03.930544,6566,4690,0,0
2026-08-23 07:46:03.930564,6510,4960,1620,0
2026-08-23 07:46:03.930584,6581,5088,1983,0
2026-08-23 07:46:03.930604,6577,5133,376,0
2026-08-23 07:46:03.930624,6578,5260,1667,0
2026-08-23 07:46:03.930645,6579,5317,1785,0
2026-08-23 07:46:03.930665,6526,5237,0,0
2026-08-23 07:46:03.930684,6571,5350,1661,0
2026-08-23 07:46:03.930704,6589,5381,1914,0
2026-08-23 07:46:03.930724,6570,5350,657,0
2026-08-23 07:46:03.930744,6585,5400,1699,0
2026-08-23 07:46:03.930764,6593,5385,1766,0
2026-08-23 07:46:03.949797,6593,4837,1766,0
2026-08-23 07:46:03.949817,6564,4929,832,0
2026-08-23 07:46:03.949837,6590,5150,1850,0
2026-08-23 07:46:03.949857,6595,5192,1832,0
2026-08-23 07:46:03.949877,6759,5242,1768,0
2026-08-23 07:46:03.949897,6624,5338,1952,0
2026-08-23 07:46:03.949917,6580,5358,1758,0
2026-08-23 07:46:03.949937,6572,5356,1382,0
2026-08-23 07:46:03.949957,6610,5388,1955,0
2026-08-23 07:46:03.949977,6599,5402,1820,0
2026-08-23 07:46:03.949997,6619,5429,2086,0
2026-08-23 07:46:03.950017,6673,5441,1272,0
2026-08-23 07:46:03.970515,6528,4711,0,0
2026-08-23 07:46:03.970535,6590,5025,2063,0
2026-08-23 07:46:03.970555,6592,5074,1645,0
2026-08-23 07:46:03.970575,6569,5153,1241,0
2026-08-23 07:46:03.970595,6602,5302,2082,0
2026-08-23 07:46:03.970615,6590,5291,1719,0
2026-08-23 07:46:03.970635,6547,5263,609,0
2026-08-23 07:46:03.970655,6591,5410,2022,0
2026-08-23 07:46:03.970675,6594,5367,1635,0
2026-08-23 07:46:03.970695,6575,5376,1344,0
2026-08-23 07:46:03.970715,6611,5414,2123,0
2026-08-23 07:46:03.970735,6605,5392,1670,0
2026-08-23 07:46:03.970755,6594,5374,1688,0
2026-08-23 07:46:03.991633,6610,4801,1882,0
2026-08-23 07:46:03.991653,6596,4907,1596,0
2026-08-23 07:46:03.991673,6575,5063,1588,0
2026-08-23 07:46:03.991693,6618,5217,2249,0
2026-08-23 07:46:03.991713,6613,5281,1646,0
2026-08-23 07:46:03.991733,6570,5284,1270,0
2026-08-23 07:46:03.991753,6609,5352,2303,0
2026-08-23 07:46:03.991773,6604,5339,1575,0
2026-08-23 07:46:03.991793,6591,5367,1778,0
2026-08-23 07:46:03.991813,6621,5462,2937,0
2026-08-23 07:46:03.991833,6668,5431,1621,0
2026-08-23 07:46:03.991853,6585,5417,1699,0
2026-08-23 07:46:03.991873,6570,5344,1063,0
2026-08-23 07:46:04.012678,6602,4729,1735,0
2026-08-23 07:46:04.012698,6591,4958,1438,0
2026-08-23 07:46:04.012718,6600,5040,1778,0
2026-08-23 07:46:04.012738,6710,5208,1937,0
2026-08-23 07:46:04.012758,6590,5220,1739,0
2026-08-23 07:46:04.012779,6581,5265,1476,0
2026-08-23 07:46:04.012799,6611,5337,2032,0
2026-08-23 07:46:04.012819,6606,5327,1772,0
2026-08-23 07:46:04.012838,6604,5375,1921,0
2026-08-23 07:46:04.012858,6632,5451,2184,0
2026-08-23 07:46:04.012878,6596,5393,1728,0
2026-08-23 07:46:04.012898,6593,5391,1712,0
2026-08-23 07:46:04.012918,6577,5339,965,0
2026-08-23 07:46:04.033730,6609,4770,2085,0
2026-08-23 07:46:04.033750,6605,4896,1626,0
2026-08-23 07:46:04.033770,6566,5028,1400,0
2026-08-23 07:46:04.033790,6616,5233,2455,0
2026-08-23 07:46:04.033810,6596,5253,1555,0
2026-08-23 07:46:04.033830,6595,5292,1844,0
2026-08-23 07:46:04.033850,6539,5221,0,0
2026-08-23 07:46:04.033870,6588,5384,1631,0
2026-08-23 07:46:04.033890,6587,5400,1699,0
2026-08-23 07:46:04.033910,6530,5317,0,0
2026-08-23 07:46:04.033930,6576,5428,1690,0
2026-08-23 07:46:04.033950,6581,5425,1785,0
2026-08-23 07:46:04.033970,6477,5405,1716,0
2026-08-23 07:46:04.055396,6609,4765,2083,0
2026-08-23 07:46:04.055416,6597,4947,1704,0
2026-08-23 07:46:04.055436,6585,5070,1696,0
2026-08-23 07:46:04.055456,6539,5002,0,0
2026-08-23 07:46:04.055476,6575,5265,1792,0
2026-08-23 07:46:04.055496,6598,5287,1835,0
2026-08-23 07:46:04.055516,6502,5170,0,0
2026-08-23 07:46:04.055537,6579,5353,1852,0
2026-08-23 07:46:04.055557,6580,5398,1620,0
2026-08-23 07:46:04.055576,6565,5370,1149,0
2026-08-23 07:46:04.055596,6600,5413,2083,0
2026-08-23 07:46:04.055616,6608,5398,1617,0
2026-08-23 07:46:04.055636,6582,5428,1517,0
2026-08-23 07:46:04.055656,6589,5391,1660,0
2026-08-23 07:46:04.077027,6602,4753,1511,0
2026-08-23 07:46:04.077047,6589,4945,1841,0
2026-08-23 07:46:04.077067,6560,4994,443,0
2026-08-23 07:46:04.077087,6574,5173,1659,0
2026-08-23 07:46:04.077107,6592,5274,1686,0
2026-08-23 07:46:04.077127,6552,5269,655,0
2026-08-23 07:46:04.077147,6582,5357,1782,0
2026-08-23 07:46:04.077167,6584,5349,1767,0
2026-08-23 07:46:04.077187,6594,5412,1846,0
2026-08-23 07:46:04.077207,6632,5422,2073,0
2026-08-23 07:46:04.077227,6595,5385,1696,0
2026-08-23 07:46:04.077247,6589,5399,1650,0
2026-08-23 07:46:04.077267,6521,5304,0,0
2026-08-23 07:46:04.077287,6587,5455,2160,0
2026-08-23 07:46:04.098756,6598,4783,1907,0
2026-08-23 07:46:04.098776,6548,4813,0,0
2026-08-23 07:46:04.098796,6580,5055,1819,0
2026-08-23 07:46:04.098816,6589,5161,1659,0
2026-08-23 07:46:04.098836,6561,5198,826,0
2026-08-23 07:46:04.098856,6588,5340,1996,0
2026-08-23 07:46:04.098876,6603,5328,1653,0
2026-08-23 07:46:04.098896,6562,5354,980,0
2026-08-23 07:46:04.098916,6603,5438,2230,0
2026-08-23 07:46:04.098936,6591,5389,1549,0
2026-08-23 07:46:04.098956,6588,5391,1780,0
2026-08-23 07:46:04.098976,6556,5300,0,0
2026-08-23 07:46:04.098996,6581,5399,1760,0
2026-08-23 07:46:04.099016,6594,5368,1687,0
2026-08-23 07:46:04.120334,6731,4789,491,0
2026-08-23 07:46:04.120354,6579,4958,1640,0
2026-08-23 07:46:04.120374,6598,5103,1823,0
2026-08-23 07:46:04.120394,6591,5184,1385,0
2026-08-23 07:46:04.120414,6598,5245,1765,0
2026-08-23 07:46:04.120435,6580,5280,1690,0
2026-08-23 07:46:04.120455,6580,5334,1375,0
2026-08-23 07:46:04.120475,6605,5401,2022,0
2026-08-23 07:46:04.120494,6596,5381,1748,0
2026-08-23 07:46:04.120514,6602,5423,1890,0
2026-08-23 07:46:04.120534,6665,5431,2347,0
2026-08-23 07:46:04.120554,6594,5393,1739,0
2026-08-23 07:46:04.120574,6597,5393,1599,0
2026-08-23 07:46:04.141297,6604,4681,1775,0
2026-08-23 07:46:04.141317,6602,4905,1746,0
2026-08-23 07:46:04.141337,6519,4915,8,0
2026-08-23 07:46:04.141357,6581,5169,1988,0
2026-08-23 07:46:04.141377,6585,5240,1584,0
2026-08-23 07:46:04.141397,6573,5279,1518,0
2026-08-23 07:46:04.141417,6618,5365,2249,0
2026-08-23 07:46:04.141437,6615,5350,1586,0
2026-08-23 07:46:04.141457,6571,5329,1473,0
2026-08-23 07:46:04.141477,6625,5422,2524,0
2026-08-23 07:46:04.141497,6602,5417,1556,0
2026-08-23 07:46:04.141517,6587,5397,1841,0
2026-08-23 07:46:04.141537,6603,5427,1858,0
2026-08-23 07:46:04.162218,6610,4752,1971,0
2026-08-23 07:46:04.162238,6592,4942,1711,0
2026-08-23 07:46:04.162258,6576,5044,1677,0
2026-08-23 07:46:04.162278,6626,5188,2363,0
2026-08-23 07:46:04.162298,6603,5273,1760,0
2026-08-23 07:46:04.162318,6597,5329,1853,0
2026-08-23 07:46:04.162338,6548,5189,0,0
2026-08-23 07:46:04.162358,6591,5354,1794,0
2026-08-23 07:46:04.162378,6574,5367,1642,0
2026-08-23 07:46:04.162398,6557,5345,843,0
2026-08-23 07:46:04.162418,6589,5413,2000,0
2026-08-23 07:46:04.162438,6605,5408,1595,0
2026-08-23 07:46:04.162458,6585,5373,1658,0
2026-08-23 07:46:04.183210,6588,4742,198,0
2026-08-23 07:46:04.183230,6575,4903,1633,0
2026-08-23 07:46:04.183250,6583,5083,1837,0
2026-08-23 07:46:04.183270,6582,5152,1127,0
2026-08-23 07:46:04.183290,6593,5233,1729,0
2026-08-23 07:46:04.183311,6639,5288,1709,0
2026-08-23 07:46:04.183331,6568,5317,965,0
2026-08-23 07:46:04.183351,6587,5348,1864,0
2026-08-23 07:46:04.183370,6590,5367,1796,0
2026-08-23 07:46:04.183390,6596,5415,1847,0
2026-08-23 07:46:04.183410,6631,5450,2037,0
2026-08-23 07:46:04.183430,6591,5398,1725,0
2026-08-23 07:46:04.183450,6601,5367,1603,0
2026-08-23 07:46:04.204156,6553,4654,329,0
2026-08-23 07:46:04.204176,6585,4936,2002,0
2026-08-23 07:46:04.204196,6603,5083,1702,0
2026-08-23 07:46:04.204216,6542,5102,690,0
2026-08-23 07:46:04.204237,6598,5259,2097,0
2026-08-23 07:46:04.204257,6592,5275,1595,0
2026-08-23 07:46:04.204277,6582,5321,1638,0
2026-08-23 07:46:04.204297,6625,5414,2339,0
2026-08-23 07:46:04.204316,6615,5398,1608,0
2026-08-23 07:46:04.204336,6583,5397,1470,0
2026-08-23 07:46:04.204356,6629,5434,2522,0
2026-08-23 07:46:04.204376,6609,5387,1626,0
2026-08-23 07:46:04.204396,6589,5392,1791,0
2026-08-23 07:46:04.224964,6607,4725,1863,0
2026-08-23 07:46:04.224984,6667,4959,2258,0
2026-08-23 07:46:04.225004,6592,5063,1725,0
2026-08-23 07:46:04.225024,6576,5159,1698,0
2026-08-23 07:46:04.225044,6551,5082,0,0
2026-08-23 07:46:04.225064,6573,5315,1806,0
2026-08-23 07:46:04.225084,6599,5332,1862,0
2026-08-23 07:46:04.225104,6543,5160,0,0
2026-08-23 07:46:04.225124,6584,5371,1837,0
2026-08-23 07:46:04.225144,6590,5385,1672,0
2026-08-23 07:46:04.225164,6549,5339,566,0
2026-08-23 07:46:04.225184,6593,5433,2120,0
2026-08-23 07:46:04.225204,6612,5424,1613,0
2026-08-23 07:46:04.245850,6540,4632,0,0
2026-08-23 07:46:04.245870,6582,4939,1996,0
2026-08-23 07:46:04.245890,6599,5047,1614,0
2026-08-23 07:46:04.245910,6577,5157,1385,0
2026-08-23 07:46:04.245930,6605,5276,2153,0
2026-08-23 07:46:04.245950,6484,5316,1652,0
2026-08-23 07:46:04.245970,6565,5325,1120,0
2026-08-23 07:46:04.245990,6605,5356,2258,0
2026-08-23 07:46:04.246010,6590,5385,1591,0
2026-08-23 07:46:04.246030,6583,5377,1732,0
2026-08-23 07:46:04.246050,6626,5427,2415,0
2026-08-23 07:46:04.246070,6624,5379,1664,0
2026-08-23 07:46:04.246090,6581,5365,1718,0
2026-08-23 07:46:04.266739,6571,4707,0,0
2026-08-23 07:46:04.266759,6565,4933,1650,0
2026-08-23 07:46:04.266779,6582,5090,1867,0
2026-08-23 07:46:04.266799,6566,5094,965,0
2026-08-23 07:46:04.266819,6582,5271,1707,0
2026-08-23 07:46:04.266839,6584,5289,1736,0
2026-08-23 07:46:04.266859,6546,5286,571,0
2026-08-23 07:46:04.266879,6580,5364,1770,0
2026-08-23 07:46:04.266899,6576,5407,1848,0
2026-08-23 07:46:04.266919,6590,5378,1629,0
2026-08-23 07:46:04.266939,6608,5410,1864,0
2026-08-23 07:46:04.266959,6592,5394,1735,0
2026-08-23 07:46:04.266979,6593,5426,1715,0
2026-08-23 07:46:04.287764,6608,4802,2205,0
2026-08-23 07:46:04.287784,6597,4925,1774,0
2026-08-23 07:46:04.287804,6601,5061,1882,0
2026-08-23 07:46:04.287824,6640,5241,2587,0
2026-08-23 07:46:04.287844,6602,5228,1769,0
2026-08-23 07:46:04.287864,6587,5291,1660,0
2026-08-23 07:46:04.287884,6544,5225,267,0
2026-08-23 07:46:04.287904,6580,5396,1919,0
2026-08-23 07:46:04.287924,6597,5383,1730,0
2026-08-23 07:46:04.287944,6536,5328,362,0
2026-08-23 07:46:04.287964,6584,5444,2033,0
2026-08-23 07:46:04.287984,6592,5369,1555,0
2026-08-23 07:46:04.288004,6598,5437,1849,0
2026-08-23 07:46:04.308768,6584,4730,1234,0
2026-08-23 07:46:04.308788,6599,4939,1877,0
2026-08-23 07:46:04.308808,6583,5028,1716,0
2026-08-23 07:46:04.308828,6568,5140,1498,0
2026-08-23 07:46:04.308848,6625,5249,2123,0
2026-08-23 07:46:04.308868,6574,5287,1725,0
2026-08-23 07:46:04.308888,6595,5384,1911,0
2026-08-23 07:46:04.308908,6663,5437,2419,0
2026-08-23 07:46:04.308928,6599,5374,1736,0
2026-08-23 07:46:04.308948,6589,5390,1698,0
2026-08-23 07:46:04.308968,6529,5292,0,0
2026-08-23 07:46:04.308988,6591,5460,2004,0
2026-08-23 07:46:04.309008,6608,5414,1611,0
2026-08-23 07:46:04.329468,6593,4775,1628,0
2026-08-23 07:46:04.329488,6524,4801,0,0
2026-08-23 07:46:04.329508,6575,5066,1672,0
2026-08-23 07:46:04.329528,6582,5170,1826,0
2026-08-23 07:46:04.329548,6587,5249,1468,0
2026-08-23 07:46:04.329568,6613,5316,1829,0
2026-08-23 07:46:04.329588,6582,5328,1705,0
2026-08-23 07:46:04.329608,6580,5369,1441,0
2026-08-23 07:46:04.329628,6616,5379,2082,0
2026-08-23 07:46:04.329648,6596,5380,1758,0
2026-08-23 07:46:04.329668,6599,5427,1904,0
2026-08-23 07:46:04.329688,6545,5242,0,0
2026-08-23 07:46:04.329708,6685,5373,2060,0
2026-08-23 07:46:04.350337,6603,4772,1704,0
2026-08-23 07:46:04.350357,6545,4830,382,0
2026-08-23 07:46:04.350377,6586,5076,1934,0
2026-08-23 07:46:04.350397,6596,5176,1714,0
2026-08-23 07:46:04.350417,6542,5199,570,0
2026-08-23 07:46:04.350437,6588,5340,2054,0
2026-08-23 07:46:04.350457,6593,5313,1572,0
2026-08-23 07:46:04.350477,6584,5347,1641,0
2026-08-23 07:46:04.350497,6618,5436,2337,0
2026-08-23 07:46:04.350517,6613,5414,1616,0
2026-08-23 07:46:04.350537,6575,5372,1819,0
2026-08-23 07:46:04.350557,6523,5283,0,0
2026-08-23 07:46:04.350577,6586,5412,1866,0
2026-08-23 07:46:04.371299,6607,4705,1768,0
2026-08-23 07:46:04.371319,6593,4930,1851,0
2026-08-23 07:46:04.371339,6632,5077,2089,0
2026-08-23 07:46:04.371359,6581,5157,1678,0
2026-08-23 07:46:04.371379,6562,5262,1667,0
2026-08-23 07:46:04.371399,6526,5097,0,0
2026-08-23 07:46:04.371419,6575,5346,1790,0
2026-08-23 07:46:04.371439,6588,5365,1726,0
2026-08-23 07:46:04.371459,6537,5254,280,0
2026-08-23 07:46:04.371479,6576,5424,2020,0
2026-08-23 07:46:04.371499,6584,5376,1492,0
2026-08-23 07:46:04.371519,6589,5393,1814,0
2026-08-23 07:46:04.371539,6617,5374,1847,0
2026-08-23 07:46:04.392249,6622,4776,2486,0
2026-08-23 07:46:04.392269,6617,4913,1825,0
2026-08-23 07:46:04.392289,6574,5030,1521,0
2026-08-23 07:46:04.392309,6608,5179,1473,0
2026-08-23 07:46:04.392329,6600,5293,2298,0
2026-08-23 07:46:04.392349,6614,5309,1519,0
2026-08-23 07:46:04.392369,6583,5326,1584,0
2026-08-23 07:46:04.392389,6522,5267,12,0
2026-08-23 07:46:04.392409,6569,5409,1681,0
2026-08-23 07:46:04.392429,6597,5421,1699,0
2026-08-23 07:46:04.392449,6588,5405,1834,0
2026-08-23 07:46:04.392469,6663,5501,1150,0
2026-08-23 07:46:04.392489,6593,5399,1954,0
2026-08-23 07:46:04.413097,6593,4752,1490,0
2026-08-23 07:46:04.413117,6593,4934,1734,0
2026-08-23 07:46:04.413137,6589,5035,1620,0
2026-08-23 07:46:04.413157,6621,5178,1954,0
2026-08-23 07:46:04.413177,6586,5259,1647,0
2026-08-23 07:46:04.413197,6581,5301,1635,0
2026-08-23 07:46:04.413217,6505,5186,0,0
2026-08-23 07:46:04.413237,6570,5382,1802,0
2026-08-23 07:46:04.413257,6595,5368,1639,0
2026-08-23 07:46:04.413277,6554,5320,831,0
2026-08-23 07:46:04.413297,6594,5448,2232,0
2026-08-23 07:46:04.413317,6605,5410,1489,0
2026-08-23 07:46:04.413337,6561,5399,1714,0
2026-08-23 07:46:04.433738,6606,4784,1801,0
2026-08-23 07:46:04.433758,6514,4779,0,0
2026-08-23 07:46:04.433778,6577,5095,1892,0
2026-08-23 07:46:04.433798,6580,5192,1505,0
2026-08-23 07:46:04.433818,6465,5252,1625,0
2026-08-23 07:46:04.433838,6570,5238,0,0
2026-08-23 07:46:04.433858,6565,5332,1551,0
2026-08-23 07:46:04.433878,6561,5334,1620,0
2026-08-23 07:46:04.433897,6554,5323,456,0
2026-08-23 07:46:04.433918,6579,5389,1780,0
2026-08-23 07:46:04.433938,6590,5387,1699,0
2026-08-23 07:46:04.433958,6605,5404,1842,0
2026-08-23 07:46:04.433978,6616,5335,209,0
2026-08-23 07:46:04.454512,6605,4812,1776,0
2026-08-23 07:46:04.454532,6588,4939,1495,0
2026-08-23 07:46:04.454552,6584,5091,1685,0
2026-08-23 07:46:04.454572,6550,5053,0,0
2026-08-23 07:46:04.454592,6568,5268,1565,0
2026-08-23 07:46:04.454612,6682,5285,1629,0
2026-08-23 07:46:04.454632,6567,5283,960,0
2026-08-23 07:46:04.454652,6592,5393,1928,0
2026-08-23 07:46:04.454672,6590,5365,1663,0
2026-08-23 07:46:04.454692,6588,5431,1836,0
2026-08-23 07:46:04.454712,6557,5267,0,0
2026-08-23 07:46:04.454732,6580,5414,1949,0
2026-08-23 07:46:04.454752,6598,5377,1566,0
2026-08-23 07:46:04.475406,6597,4789,1674,0
2026-08-23 07:46:04.475426,6597,4939,1820,0
2026-08-23 07:46:04.475446,6636,5092,2282,0
2026-08-23 07:46:04.475466,6586,5198,1650,0
2026-08-23 07:46:04.475486,6585,5241,1585,0
2026-08-23 07:46:04.475506,6566,5279,951,0
2026-08-23 07:46:04.475526,6596,5377,2095,0
2026-08-23 07:46:04.475546,6605,5338,1485,0
2026-08-23 07:46:04.475566,6582,5354,1490,0
2026-08-23 07:46:04.475586,6520,5277,0,0
2026-08-23 07:46:04.475606,6571,5436,1659,0
2026-08-23 07:46:04.475626,6599,5428,1638,0
2026-08-23 07:46:04.475646,6603,5370,1598,0
2026-08-23 07:46:04.496346,6599,4729,1588,0
2026-08-23 07:46:04.496367,6570,4890,1267,0
2026-08-23 07:46:04.496387,6603,5077,2098,0
2026-08-23 07:46:04.496407,6604,5163,1645,0
2026-08-23 07:46:04.496427,6602,5264,1679,0
2026-08-23 07:46:04.496447,6549,5214,458,0
2026-08-23 07:46:04.496467,6591,5360,2135,0
2026-08-23 07:46:04.496487,6594,5377,1391,0
2026-08-23 07:46:04.496506,6588,5379,1716,0
2026-08-23 07:46:04.496526,6581,5410,1475,0
2026-08-23 07:46:04.496547,6608,5416,1908,0
2026-08-23 07:46:04.496567,6594,5423,1383,0
2026-08-23 07:46:04.496587,6593,5372,1342,0
2026-08-23 07:46:04.513731,6594,4770,1712,0
2026-08-23 07:46:04.513751,6599,4908,1455,0
2026-08-23 07:46:04.513771,6572,5033,1471,0
2026-08-23 07:46:04.513791,6545,5105,417,0
2026-08-23 07:46:04.513811,6576,5244,1803,0
2026-08-23 07:46:04.513831,6598,5326,1572,0
2026-08-23 07:46:04.513851,6609,5360,1658,0
2026-08-23 07:46:04.513871,6546,5317,579,0
2026-08-23 07:46:04.513891,6583,5403,2208,0
2026-08-23 07:46:04.513911,6601,5407,1407,0
2026-08-23 07:46:04.513931,6587,5400,1548,0
2026-08-23 07:46:04.530764,6609,4927,1894,0
2026-08-23 07:46:04.530784,6610,4991,1405,0
2026-08-23 07:46:04.530804,6577,5151,1313,0
2026-08-23 07:46:04.530824,6581,5208,1369,0
2026-08-23 07:46:04.530844,6533,5154,0,0
2026-08-23 07:46:04.530864,6567,5339,1714,0
2026-08-23 07:46:04.530884,6583,5324,1406,0
2026-08-23 07:46:04.530904,6589,5377,1432,0
2026-08-23 07:46:04.530924,6555,5336,797,0
2026-08-23 07:46:04.530944,6581,5419,2089,0
2026-08-23 07:46:04.530964,6605,5415,1964,0
2026-08-23 07:46:04.549390,6581,4888,810,0
2026-08-23 07:46:04.549410,6592,5049,1791,0
2026-08-23 07:46:04.549430,6581,5194,1464,0
2026-08-23 07:46:04.549450,6576,5221,1360,0
2026-08-23 07:46:04.549470,6584,5320,1574,0
2026-08-23 07:46:04.549490,6574,5317,801,0
2026-08-23 07:46:04.549510,6571,5408,1744,0
2026-08-23 07:46:04.549530,6583,5399,1427,0
2026-08-23 07:46:04.549550,6579,5370,1357,0
2026-08-23 07:46:04.549570,6578,5395,1568,0
2026-08-23 07:46:04.549590,6604,5427,1717,0
2026-08-23 07:46:04.549610,6584,5356,1389,0
2026-08-23 07:46:04.568042,6587,4881,1405,0
2026-08-23 07:46:04.568062,6597,5032,1428,0
2026-08-23 07:46:04.568082,6568,5054,360,0
2026-08-23 07:46:04.568102,6589,5262,2000,0
2026-08-23 07:46:04.568122,6602,5304,1770,0
2026-08-23 07:46:04.568142,6579,5351,1376,0
2026-08-23 07:46:04.568162,6584,5345,1447,0
2026-08-23 07:46:04.568182,6564,5363,878,0
2026-08-23 07:46:04.568202,6561,5391,112,0
2026-08-23 07:46:04.568222,6568,5409,1419,0
2026-08-23 07:46:04.568242,6565,5413,1347,0
2026-08-23 07:46:04.568262,6577,5387,1314,0
2026-08-23 07:46:04.585962,6602,4832,1502,0
2026-08-23 07:46:04.585982,6599,5002,1678,0
2026-08-23 07:46:04.586002,6514,4945,0,0
2026-08-23 07:46:04.586022,6577,5209,1893,0
2026-08-23 07:46:04.586042,6593,5244,1292,0
2026-08-23 07:46:04.586062,6579,5290,1373,0
2026-08-23 07:46:04.586082,6579,5332,1500,0
2026-08-23 07:46:04.586102,6564,5316,918,0
2026-08-23 07:46:04.586122,6522,5285,0,0
2026-08-23 07:46:04.586142,6578,5434,1801,0
2026-08-23 07:46:04.586162,6607,5448,1949,0
2026-08-23 07:46:04.586182,6529,5266,0,0
2026-08-23 07:46:04.604224,6608,5014,2034,0
2026-08-23 07:46:04.604244,6589,5133,1758,0
2026-08-23 07:46:04.604264,6561,5192,1240,0
2026-08-23 07:46:04.604284,6575,5231,1344,0
2026-08-23 07:46:04.604304,6589,5329,1442,0
2026-08-23 07:46:04.604324,6576,5302,1118,0
2026-08-23 07:46:04.604344,6544,5319,625,0
2026-08-23 07:46:04.604364,6510,5316,0,0
2026-08-23 07:46:04.604384,6580,5393,1687,0
2026-08-23 07:46:04.604404,6593,5417,1235,0
2026-08-23 07:46:04.604424,6570,5383,1237,0
2026-08-23 07:46:04.604444,6586,5404,1145,0
2026-08-23 07:46:04.622237,6576,4769,626,0
2026-08-23 07:46:04.622257,6592,5013,1928,0
2026-08-23 07:46:04.622277,6588,5129,1516,0
2026-08-23 07:46:04.622298,6583,5169,1147,0
2026-08-23 07:46:04.622318,6574,5240,1276,0
2026-08-23 07:46:04.622338,6588,5334,1382,0
2026-08-23 07:46:04.622357,6576,5322,1152,0
2026-08-23 07:46:04.622377,6569,5363,998,0
2026-08-23 07:46:04.622397,6515,5293,78,0
2026-08-23 07:46:04.622417,6528,5288,0,0
2026-08-23 07:46:04.622437,6598,5399,0,0
2026-08-23 07:46:04.643081,6591,4919,1192,0
2026-08-23 07:46:04.643101,6576,5062,1283,0
2026-08-23 07:46:04.643121,6565,5159,1093,0
2026-08-23 07:46:04.643142,6557,5212,694,0
2026-08-23 07:46:04.643162,6586,5353,1887,0
2026-08-23 07:46:04.643182,6601,5342,1561,0
2026-08-23 07:46:04.643202,6585,5344,1153,0
2026-08-23 07:46:04.643222,6575,5403,1214,0
2026-08-23 07:46:04.643241,6589,5410,1207,0
2026-08-23 07:46:04.643261,6563,5425,1184,0
2026-08-23 07:46:04.643281,6576,5436,1278,0
2026-08-23 07:46:04.643301,6586,5403,1374,0
2026-08-23 07:46:04.643322,6604,5400,1471,0
2026-08-23 07:46:04.664007,6592,4739,1125,0
2026-08-23 07:46:04.664027,6580,4958,1254,0
2026-08-23 07:46:04.664047,6600,5057,1447,0
2026-08-23 07:46:04.664067,6570,5150,995,0
2026-08-23 07:46:04.664087,6570,5226,892,0
2026-08-23 07:46:04.664107,6526,5241,146,0
2026-08-23 07:46:04.664127,6534,5223,0,0
2026-08-23 07:46:04.664147,6564,5390,1523,0
2026-08-23 07:46:04.664167,6497,5362,1311,0
2026-08-23 07:46:04.664187,6586,5370,1060,0
2026-08-23 07:46:04.664207,6570,5417,1203,0
2026-08-23 07:46:04.664227,6571,5417,1146,0
2026-08-23 07:46:04.664247,6582,5372,1170,0
2026-08-23 07:46:04.684723,6592,4790,1207,0
2026-08-23 07:46:04.684743,6587,4929,1156,0
2026-08-23 07:46:04.684763,6567,5046,1151,0
2026-08-23 07:46:04.684783,6580,5190,1237,0
2026-08-23 07:46:04.684803,6584,5234,1363,0
2026-08-23 07:46:04.684823,6597,5289,1460,0
2026-08-23 07:46:04.684843,6520,5222,0,0
2026-08-23 07:46:04.684863,6531,5259,0,0
2026-08-23 07:46:04.684883,6560,5425,1719,0
2026-08-23 07:46:04.684903,6584,5404,1500,0
2026-08-23 07:46:04.684923,6601,5411,1160,0
2026-08-23 07:46:04.684943,6572,5409,1189,0
2026-08-23 07:46:04.684963,6584,5370,1170,0
2026-08-23 07:46:04.705320,6589,4800,1230,0
2026-08-23 07:46:04.705340,6575,4972,1151,0
2026-08-23 07:46:04.705360,6562,5052,994,0
2026-08-23 07:46:04.705380,6573,5191,1197,0
2026-08-23 07:46:04.705400,6579,5275,1252,0
2026-08-23 07:46:04.705420,6560,5308,1141,0
2026-08-23 07:46:04.705440,6575,5342,1257,0
2026-08-23 07:46:04.705460,6565,5385,1224,0
2026-08-23 07:46:04.705480,6578,5408,1295,0
2026-08-23 07:46:04.705500,6514,5248,0,0
2026-08-23 07:46:04.705520,6681,5467,862,0
2026-08-23 07:46:04.705540,6542,5349,0,0
2026-08-23 07:46:04.705560,6549,5369,409,0
2026-08-23 07:46:04.726054,6571,4718,472,0
2026-08-23 07:46:04.726074,6535,4868,4,0
2026-08-23 07:46:04.726094,6523,5022,0,0
2026-08-23 07:46:04.726114,6571,5223,1638,0
2026-08-23 07:46:04.726134,6586,5272,1430,0
2026-08-23 07:46:04.726154,6574,5303,1129,0
2026-08-23 07:46:04.726174,6574,5350,1181,0
2026-08-23 07:46:04.726194,6577,5370,1072,0
2026-08-23 07:46:04.726214,6554,5352,1062,0
2026-08-23 07:46:04.726234,6574,5393,1097,0
2026-08-23 07:46:04.726254,6577,5390,1310,0
2026-08-23 07:46:04.726274,6584,5395,1329,0
2026-08-23 07:46:04.726294,6580,5395,1080,0
2026-08-23 07:46:04.746525,6596,4789,1161,0
2026-08-23 07:46:04.746545,6578,4960,1101,0
2026-08-23 07:46:04.746565,6566,5068,1113,0
2026-08-23 07:46:04.746585,6563,5198,1175,0
2026-08-23 07:46:04.746605,6566,5272,1364,0
2026-08-23 07:46:04.746625,6467,5302,1552,0
2026-08-23 07:46:04.746645,6556,5271,590,0
2026-08-23 07:46:04.746665,6548,5301,460,0
2026-08-23 07:46:04.746685,6516,5287,0,0
2026-08-23 07:46:04.746705,6535,5325,0,0
2026-08-23 07:46:04.746725,6563,5414,1509,0
2026-08-23 07:46:04.746745,6583,5427,1641,0
2026-08-23 07:46:04.746765,6562,5351,0,0
2026-08-23 07:46:04.767647,6611,4818,1315,0
2026-08-23 07:46:04.767667,6581,4989,1312,0
2026-08-23 07:46:04.767687,6579,5083,1043,0
2026-08-23 07:46:04.767707,6565,5215,1153,0
2026-08-23 07:46:04.767727,6584,5275,1114,0
2026-08-23 07:46:04.767747,6565,5276,1107,0
2026-08-23 07:46:04.767767,6581,5330,1150,0
2026-08-23 07:46:04.767787,6578,5371,1347,0
2026-08-23 07:46:04.767807,6598,5425,1555,0
2026-08-23 07:46:04.767827,6560,5367,592,0
2026-08-23 07:46:04.767847,6541,5376,433,0
2026-08-23 07:46:04.767867,6557,5358,679,0
2026-08-23 07:46:04.767887,6581,5426,1434,0
2026-08-23 07:46:04.788370,6594,4736,1008,0
2026-08-23 07:46:04.788390,6571,4947,1211,0
2026-08-23 07:46:04.788410,6570,5039,1199,0
2026-08-23 07:46:04.788430,6523,5144,1130,0
2026-08-23 07:46:04.788450,6570,5233,1245,0
2026-08-23 07:46:04.788471,6574,5285,1267,0
2026-08-23 07:46:04.788491,6604,5359,1377,0
2026-08-23 07:46:04.788511,6523,5243,0,0
2026-08-23 07:46:04.788530,6518,5309,0,0
2026-08-23 07:46:04.788550,6582,5403,1737,0
2026-08-23 07:46:04.788570,6589,5432,1579,0
2026-08-23 07:46:04.788590,6620,5432,1360,0
2026-08-23 07:46:04.788610,6597,5433,1792,0
2026-08-23 07:46:04.809246,6563,4685,0,0
2026-08-23 07:46:04.809266,6575,4951,1746,0
2026-08-23 07:46:04.809286,6591,5074,1527,0
2026-08-23 07:46:04.809306,6593,5197,1165,0
2026-08-23 07:46:04.809326,6572,5225,1187,0
2026-08-23 07:46:04.809346,6580,5291,1074,0
2026-08-23 07:46:04.809366,6567,5355,1087,0
2026-08-23 07:46:04.809386,6571,5374,1094,0
2026-08-23 07:46:04.809406,6574,5387,1306,0
2026-08-23 07:46:04.809426,6600,5401,1471,0
2026-08-23 07:46:04.809446,6511,5400,913,0
2026-08-23 07:46:04.809466,6566,5369,1192,0
2026-08-23 07:46:04.809486,6591,5426,1336,0
2026-08-23 07:46:04.830295,6593,4740,1087,0
2026-08-23 07:46:04.830315,6535,4946,1061,0
2026-08-23 07:46:04.830335,6578,5087,1308,0
2026-08-23 07:46:04.830355,6596,5173,1459,0
2026-08-23 07:46:04.830375,6574,5208,974,0
2026-08-23 07:46:04.830395,6570,5273,1007,0
2026-08-23 07:46:04.830415,6717,5307,637,0
2026-08-23 07:46:04.830435,6552,5316,438,0
2026-08-23 07:46:04.830455,6588,5451,1893,0
2026-08-23 07:46:04.830475,6602,5445,1660,0
2026-08-23 07:46:04.830495,6600,5392,1273,0
2026-08-23 07:46:04.830515,6588,5401,1433,0
2026-08-23 07:46:04.830535,6611,5403,1689,0
2026-08-23 07:46:04.851214,6605,4737,1259,0
2026-08-23 07:46:04.851234,6594,4936,1520,0
2026-08-23 07:46:04.851254,6547,4960,283,0
2026-08-23 07:46:04.851274,6520,5131,0,0
2026-08-23 07:46:04.851294,6519,5134,0,0
2026-08-23 07:46:04.851314,6570,5351,3106,0
2026-08-23 07:46:04.851334,6702,5373,1376,0
2026-08-23 07:46:04.851354,6709,5353,1244,0
2026-08-23 07:46:04.851374,6573,5403,1009,0
2026-08-23 07:46:04.851394,6562,5383,1150,0
2026-08-23 07:46:04.851414,6582,5391,1155,0
2026-08-23 07:46:04.851434,6531,5381,1087,0
2026-08-23 07:46:04.851454,6577,5366,1001,0
2026-08-23 07:46:04.871801,6592,4792,1102,0
2026-08-23 07:46:04.871821,6577,4941,1133,0
2026-08-23 07:46:04.871841,6561,5068,976,0
2026-08-23 07:46:04.871861,6577,5196,1215,0
2026-08-23 07:46:04.871881,6582,5234,1313,0
2026-08-23 07:46:04.871902,6569,5301,1131,0
2026-08-23 07:46:04.871922,6582,5330,1256,0
2026-08-23 07:46:04.871942,6575,5382,1209,0
2026-08-23 07:46:04.871961,6587,5406,1276,0
2026-08-23 07:46:04.871981,6516,5261,0,0
2026-08-23 07:46:04.872001,6610,5578,1672,0
2026-08-23 07:46:04.872021,6608,5355,0,0
2026-08-23 07:46:04.872041,6552,5315,330,0
2026-08-23 07:46:04.892495,6552,4670,0,0
2026-08-23 07:46:04.892515,6507,4858,0,0
2026-08-23 07:46:04.892535,6684,5107,912,0
2026-08-23 07:46:04.892555,6574,5193,1424,0
2026-08-23 07:46:04.892576,6573,5238,1289,0
2026-08-23 07:46:04.892596,6574,5279,1050,0
2026-08-23 07:46:04.892616,6571,5312,1177,0
2026-08-23 07:46:04.892636,6586,5342,1138,0
2026-08-23 07:46:04.892655,6562,5370,1125,0
2026-08-23 07:46:04.892675,6578,5405,1213,0
2026-08-23 07:46:04.892695,6584,5415,1356,0
2026-08-23 07:46:04.892715,6598,5434,1561,0
2026-08-23 07:46:04.892735,6591,5377,1125,0
2026-08-23 07:46:04.913307,6597,4785,1356,0
2026-08-23 07:46:04.913327,6603,4999,1502,0
2026-08-23 07:46:04.913347,6562,5037,906,0
2026-08-23 07:46:04.913367,6570,5158,812,0
2026-08-23 07:46:04.913387,6533,5163,238,0
2026-08-23 07:46:04.913407,6535,5260,0,0
2026-08-23 07:46:04.913427,6573,5353,1701,0
2026-08-23 07:46:04.913447,6583,5374,1470,0
2026-08-23 07:46:04.913467,6587,5367,1151,0
2026-08-23 07:46:04.913487,6576,5377,1190,0
2026-08-23 07:46:04.913507,6581,5420,1085,0
2026-08-23 07:46:04.913527,6577,5405,1091,0
2026-08-23 07:46:04.913547,6583,5400,1006,0
2026-08-23 07:46:04.933776,6598,4795,1147,0
2026-08-23 07:46:04.933796,6578,4939,1130,0
2026-08-23 07:46:04.933816,6577,5084,973,0
2026-08-23 07:46:04.933836,6575,5195,1175,0
2026-08-23 07:46:04.933856,6577,5269,1231,0
2026-08-23 07:46:04.933876,6566,5274,1117,0
2026-08-23 07:46:04.933896,6576,5350,1222,0
2026-08-23 07:46:04.933916,6511,5339,1298,0
2026-08-23 07:46:04.933936,6586,5412,1440,0
2026-08-23 07:46:04.933956,6530,5302,0,0
2026-08-23 07:46:04.933976,6539,5349,0,0
2026-08-23 07:46:04.933996,6517,5310,0,0
2026-08-23 07:46:04.934016,6575,5387,1193,0
2026-08-23 07:46:04.954760,6562,4736,330,0
2026-08-23 07:46:04.954780,6553,4933,417,0
2026-08-23 07:46:04.954800,6550,5049,669,0
2026-08-23 07:46:04.954820,6593,5253,2055,0
2026-08-23 07:46:04.954840,6599,5296,1805,0
2026-08-23 07:46:04.954860,6608,5295,1439,0
2026-08-23 07:46:04.954880,6588,5342,1381,0
2026-08-23 07:46:04.954900,6585,5350,1119,0
2026-08-23 07:46:04.954920,6561,5361,1107,0
2026-08-23 07:46:04.954940,6573,5375,949,0
2026-08-23 07:46:04.954960,6570,5423,1131,0
2026-08-23 07:46:04.954980,6581,5381,1039,0
2026-08-23 07:46:04.955000,6581,5415,1106,0
2026-08-23 07:46:04.975268,6598,4742,1209,0
2026-08-23 07:46:04.975288,6534,4885,141,0
2026-08-23 07:46:04.975308,6537,5014,7,0
2026-08-23 07:46:04.975328,6473,5061,0,0
2026-08-23 07:46:04.975348,6534,5212,0,0
2026-08-23 07:46:04.975368,6568,5318,1577,0
2026-08-23 07:46:04.975389,6575,5318,1399,0
2026-08-23 07:46:04.975409,6588,5340,1133,0
2026-08-23 07:46:04.975428,6573,5355,1186,0
2026-08-23 07:46:04.975448,6591,5407,1038,0
2026-08-23 07:46:04.975468,6572,5406,1043,0
2026-08-23 07:46:04.975488,6563,5365,952,0
2026-08-23 07:46:04.975508,6562,5418,1223,0
2026-08-23 07:46:04.995932,6541,4790,1010,0
2026-08-23 07:46:04.995952,6575,4972,990,0
2026-08-23 07:46:04.995972,6572,5138,1192,0
2026-08-23 07:46:04.995992,6582,5195,1251,0
2026-08-23 07:46:04.996012,6568,5270,1088,0
2026-08-23 07:46:04.996032,6579,5298,1197,0
2026-08-23 07:46:04.996052,6580,5326,1278,0
2026-08-23 07:46:04.996072,6590,5395,1461,0
2026-08-23 07:46:04.996092,6551,5309,353,0
2026-08-23 07:46:04.996112,6536,5369,292,0
2026-08-23 07:46:04.996132,6515,5337,0,0
2026-08-23 07:46:04.996152,6554,5369,630,0
2026-08-23 07:46:04.996172,6501,5331,257,0
2026-08-23 07:46:05.016809,6596,4794,1154,0
2026-08-23 07:46:05.016829,6591,4971,1138,0
2026-08-23 07:46:05.016849,6560,5044,1088,0
2026-08-23 07:46:05.016869,6575,5164,1155,0
2026-08-23 07:46:05.016889,6573,5268,1330,0
2026-08-23 07:46:05.016909,6583,5298,1488,0
2026-08-23 07:46:05.016929,6568,5333,772,0
2026-08-23 07:46:05.016949,6558,5339,836,0
2026-08-23 07:46:05.016969,6544,5340,498,0
2026-08-23 07:46:05.016989,6554,5338,500,0
2026-08-23 07:46:05.017009,6589,5429,1989,0
2026-08-23 07:46:05.017029,6576,5352,0,0
2026-08-23 07:46:05.017049,6529,5321,241,0
2026-08-23 07:46:05.037922,6579,4736,828,0
2026-08-23 07:46:05.037942,6566,4956,1011,0
2026-08-23 07:46:05.037962,6558,5065,804,0
2026-08-23 07:46:05.037982,6578,5176,753,0
2026-08-23 07:46:05.038002,6586,5312,1246,0
2026-08-23 07:46:05.038022,6582,5319,1852,0
2026-08-23 07:46:05.038042,6615,5361,1440,0
2026-08-23 07:46:05.038062,6591,5386,1367,0
2026-08-23 07:46:05.038082,6579,5396,1128,0
2026-08-23 07:46:05.038102,6577,5393,1094,0
2026-08-23 07:46:05.038122,6573,5409,952,0
2026-08-23 07:46:05.038142,6577,5410,1137,0
2026-08-23 07:46:05.038162,6584,5382,1085,0
2026-08-23 07:46:05.058297,6597,4759,1065,0
2026-08-23 07:46:05.058317,6581,4949,1451,0
2026-08-23 07:46:05.058337,6532,4994,23,0
2026-08-23 07:46:05.058357,6521,5072,0,0
2026-08-23 07:46:05.058377,6519,5084,0,0
2026-08-23 07:46:05.058397,6559,5259,275,0
2026-08-23 07:46:05.058417,6566,5342,1510,0
2026-08-23 07:46:05.058437,6585,5341,1374,0
2026-08-23 07:46:05.058457,6581,5392,1116,0
2026-08-23 07:46:05.058477,6575,5400,1171,0
2026-08-23 07:46:05.058497,6579,5395,1044,0
2026-08-23 07:46:05.058517,6572,5406,1077,0
2026-08-23 07:46:05.058537,6584,5418,1092,0
2026-08-23 07:46:05.079467,6593,4779,1178,0
2026-08-23 07:46:05.079487,6564,4969,1143,0
2026-08-23 07:46:05.079507,6560,5057,988,0
2026-08-23 07:46:05.079527,6568,5199,1116,0
2026-08-23 07:46:05.079547,6578,5266,1083,0
2026-08-23 07:46:05.079567,6570,5286,1064,0
2026-08-23 07:46:05.079587,6569,5312,1090,0
2026-08-23 07:46:05.079607,6587,5345,1285,0
2026-08-23 07:46:05.079627,6591,5383,1432,0
2026-08-23 07:46:05.079647,6564,5385,921,0
2026-08-23 07:46:05.079667,6574,5404,1099,0
2026-08-23 07:46:05.079687,6572,5409,1253,0
2026-08-23 07:46:05.079707,6601,5382,1405,0
2026-08-23 07:46:05.100427,6593,4760,1143,0
2026-08-23 07:46:05.100447,6576,4942,1327,0
2026-08-23 07:46:05.100467,6580,5069,1100,0
2026-08-23 07:46:05.100487,6559,5174,1075,0
2026-08-23 07:46:05.100507,6569,5243,964,0
2026-08-23 07:46:05.100527,6573,5315,1137,0
2026-08-23 07:46:05.100547,6568,5342,1151,0
2026-08-23 07:46:05.100567,6573,5372,1092,0
2026-08-23 07:46:05.100587,6569,5385,1191,0
2026-08-23 07:46:05.100607,6590,5401,1341,0
2026-08-23 07:46:05.100627,6603,5392,1503,0
2026-08-23 07:46:05.100647,6572,5362,930,0
2026-08-23 07:46:05.100667,6586,5395,1190,0
2026-08-23 07:46:05.121579,6591,4738,1407,0
2026-08-23 07:46:05.121599,6580,4927,1550,0
2026-08-23 07:46:05.121619,6585,5071,1214,0
2026-08-23 07:46:05.121639,6579,5191,1279,0
2026-08-23 07:46:05.121659,6592,5214,1067,0
2026-08-23 07:46:05.121679,6567,5298,1012,0
2026-08-23 07:46:05.121699,6565,5336,948,0
2026-08-23 07:46:05.121719,6568,5367,1132,0
2026-08-23 07:46:05.121739,6576,5383,1173,0
2026-08-23 07:46:05.121759,6569,5393,1083,0
2026-08-23 07:46:05.121779,6540,5414,1165,0
2026-08-23 07:46:05.121799,6583,5429,1260,0
2026-08-23 07:46:05.121819,6581,5372,1159,0
2026-08-23 07:46:05.142268,6553,4640,0,0
2026-08-23 07:46:05.142288,6554,4872,0,0
2026-08-23 07:46:05.142308,6573,5095,1792,0
2026-08-23 07:46:05.142328,6588,5194,1639,0
2026-08-23 07:46:05.142348,6596,5255,1314,0
2026-08-23 07:46:05.142368,6584,5271,1302,0
2026-08-23 07:46:05.142388,6587,5341,1087,0
2026-08-23 07:46:05.142408,6588,5326,1075,0
2026-08-23 07:46:05.142428,6581,5356,933,0
2026-08-23 07:46:05.142448,6567,5403,1088,0
2026-08-23 07:46:05.142468,6581,5417,1111,0
2026-08-23 07:46:05.142488,6574,5397,1015,0
2026-08-23 07:46:05.142508,6572,5375,944,0
2026-08-23 07:46:05.163331,6601,4792,1385,0
2026-08-23 07:46:05.163351,6582,4941,1362,0
2026-08-23 07:46:05.163371,6589,5055,1142,0
2026-08-23 07:46:05.163391,6576,5196,1172,0
2026-08-23 07:46:05.163411,6572,5217,1010,0
2026-08-23 07:46:05.163431,6568,5256,1005,0
2026-08-23 07:46:05.163451,6579,5308,943,0
2026-08-23 07:46:05.163471,6575,5335,1123,0
2026-08-23 07:46:05.163491,6583,5367,1147,0
2026-08-23 07:46:05.163511,6570,5366,1062,0
2026-08-23 07:46:05.163531,6572,5388,1140,0
2026-08-23 07:46:05.163551,6577,5385,1217,0
2026-08-23 07:46:05.163571,6578,5380,997,0
2026-08-23 07:46:05.183867,6542,4693,110,0
2026-08-23 07:46:05.183887,6558,4933,933,0
2026-08-23 07:46:05.183907,6526,4947,0,0
2026-08-23 07:46:05.183927,6551,5079,90,0
2026-08-23 07:46:05.183947,6579,5271,1721,0
2026-08-23 07:46:05.183967,6605,5291,1670,0
2026-08-23 07:46:05.183987,6596,5322,1337,0
2026-08-23 07:46:05.184007,6568,5354,1254,0
2026-08-23 07:46:05.184026,6578,5349,1056,0
2026-08-23 07:46:05.184047,6568,5365,1145,0
2026-08-23 07:46:05.184067,6579,5383,1001,0
2026-08-23 07:46:05.184087,6570,5410,1037,0
2026-08-23 07:46:05.184107,6568,5386,1096,0
2026-08-23 07:46:05.204929,6600,4819,1311,0
2026-08-23 07:46:05.204949,6579,4984,1232,0
2026-08-23 07:46:05.204969,6588,5071,1043,0
2026-08-23 07:46:05.204989,6569,5176,1128,0
2026-08-23 07:46:05.205009,6586,5230,1011,0
2026-08-23 07:46:05.205029,6572,5309,1037,0
2026-08-23 07:46:05.205049,6576,5346,1040,0
2026-08-23 07:46:05.205069,6571,5349,1245,0
2026-08-23 07:46:05.205089,6592,5369,1342,0
2026-08-23 07:46:05.205109,6575,5404,1064,0
2026-08-23 07:46:05.205129,6564,5416,1187,0
2026-08-23 07:46:05.205149,6580,5381,1311,0
2026-08-23 07:46:05.205169,6595,5381,1397,0
2026-08-23 07:46:05.226030,6594,4765,1286,0
2026-08-23 07:46:05.226050,6580,4910,1427,0
2026-08-23 07:46:05.226070,6593,5065,1154,0
2026-08-23 07:46:05.226090,6560,5183,1109,0
2026-08-23 07:46:05.226110,6575,5213,960,0
2026-08-23 07:46:05.226130,6565,5316,1152,0
2026-08-23 07:46:05.226150,6584,5318,1166,0
2026-08-23 07:46:05.226170,6560,5357,1114,0
2026-08-23 07:46:05.226190,6572,5406,1184,0
2026-08-23 07:46:05.226210,6568,5413,1349,0
2026-08-23 07:46:05.226230,6588,5454,1510,0
2026-08-23 07:46:05.226250,6564,5414,964,0
2026-08-23 07:46:05.226270,6581,5423,1222,0
2026-08-23 07:46:05.247010,6587,4741,1218,0
2026-08-23 07:46:05.247030,6586,4932,1312,0
2026-08-23 07:46:05.247050,6594,5070,1075,0
2026-08-23 07:46:05.247070,6574,5183,1132,0
2026-08-23 07:46:05.247090,6576,5224,772,0
2026-08-23 07:46:05.247110,6564,5293,1053,0
2026-08-23 07:46:05.247130,6573,5348,1039,0
2026-08-23 07:46:05.247150,6576,5325,1227,0
2026-08-23 07:46:05.247169,6586,5365,1311,0
2026-08-23 07:46:05.247190,6573,5391,1087,0
2026-08-23 07:46:05.247210,6571,5386,1049,0
2026-08-23 07:46:05.247230,6580,5418,1326,0
2026-08-23 07:46:05.247250,6600,5371,1253,0
2026-08-23 07:46:05.268155,6602,4766,1475,0
2026-08-23 07:46:05.268175,6600,4939,1688,0
2026-08-23 07:46:05.268195,6611,5085,1348,0
2026-08-23 07:46:05.268215,6569,5161,1264,0
2026-08-23 07:46:05.268235,6594,5212,1041,0
2026-08-23 07:46:05.268255,6575,5293,1135,0
2026-08-23 07:46:05.268275,6574,5305,1012,0
2026-08-23 07:46:05.268295,6572,5363,1041,0
2026-08-23 07:46:05.268315,6564,5348,986,0
2026-08-23 07:46:05.268335,6568,5407,1207,0
2026-08-23 07:46:05.268355,6587,5382,1303,0
2026-08-23 07:46:05.268375,6575,5375,1077,0
2026-08-23 07:46:05.268395,6571,5397,933,0
2026-08-23 07:46:05.288557,6555,4673,0,0
2026-08-23 07:46:05.288577,6535,4856,0,0
2026-08-23 07:46:05.288597,6515,4955,0,0
2026-08-23 07:46:05.288617,6533,5062,0,0
2026-08-23 07:46:05.288637,6564,5244,1588,0
2026-08-23 07:46:05.288657,6595,5317,1466,0
2026-08-23 07:46:05.288677,6583,5318,1206,0
2026-08-23 07:46:05.288697,6589,5348,1229,0
2026-08-23 07:46:05.288717,6580,5386,1050,0
2026-08-23 07:46:05.288737,6559,5411,1043,0
2026-08-23 07:46:05.288757,6570,5414,919,0
2026-08-23 07:46:05.288777,6585,5411,1089,0
2026-08-23 07:46:05.288797,6583,5387,1085,0
2026-08-23 07:46:05.309582,6596,4817,924,0
2026-08-23 07:46:05.309602,6523,4967,1094,0
2026-08-23 07:46:05.309622,6568,5131,1009,0
2026-08-23 07:46:05.309642,6562,5172,997,0
2026-08-23 07:46:05.309662,6570,5248,998,0
2026-08-23 07:46:05.309682,6568,5341,1195,0
2026-08-23 07:46:05.309702,6591,5346,1285,0
2026-08-23 07:46:05.309722,6572,5385,1073,0
2026-08-23 07:46:05.309742,6575,5410,1202,0
2026-08-23 07:46:05.309762,6579,5403,1285,0
2026-08-23 07:46:05.309782,6600,5451,1474,0
2026-08-23 07:46:05.309802,6570,5371,895,0
2026-08-23 07:46:05.309822,6580,5427,1155,0
2026-08-23 07:46:05.330777,6606,4796,1721,0
2026-08-23 07:46:05.330797,6614,4953,2125,0
2026-08-23 07:46:05.330817,6633,5068,1585,0
2026-08-23 07:46:05.330837,6601,5206,1497,0
2026-08-23 07:46:05.330857,6591,5265,1265,0
2026-08-23 07:46:05.330877,6585,5261,1194,0
2026-08-23 07:46:05.330897,6573,5324,998,0
2026-08-23 07:46:05.330917,6579,5369,1102,0
2026-08-23 07:46:05.330937,6567,5352,959,0
2026-08-23 07:46:05.330957,6566,5406,993,0
2026-08-23 07:46:05.330977,6564,5414,957,0
2026-08-23 07:46:05.330997,6574,5414,1095,0
2026-08-23 07:46:05.331017,6583,5366,1110,0
2026-08-23 07:46:05.350970,6603,4741,1293,0
2026-08-23 07:46:05.350990,6608,4933,1413,0
2026-08-23 07:46:05.351010,6572,5030,976,0
2026-08-23 07:46:05.351030,6573,5176,1165,0
2026-08-23 07:46:05.351050,6563,5267,1154,0
2026-08-23 07:46:05.351070,6584,5296,1370,0
2026-08-23 07:46:05.351090,6532,5281,0,0
2026-08-23 07:46:05.351110,6524,5316,50,0
2026-08-23 07:46:05.351130,6505,5298,0,0
2026-08-23 07:46:05.351150,6522,5314,0,0
2026-08-23 07:46:05.351170,6574,5460,1715,0
2026-08-23 07:46:05.351190,6604,5463,2950,0
2026-08-23 07:46:05.351210,6621,5356,62,0
2026-08-23 07:46:05.372010,6604,4865,1375,0
2026-08-23 07:46:05.372030,6570,5014,1460,0
2026-08-23 07:46:05.372050,6592,5147,1192,0
2026-08-23 07:46:05.372070,6578,5193,1206,0
2026-08-23 07:46:05.372090,6585,5241,1045,0
2026-08-23 07:46:05.372110,6574,5290,1034,0
2026-08-23 07:46:05.372130,6569,5357,923,0
2026-08-23 07:46:05.372150,6574,5393,1139,0
2026-08-23 07:46:05.372170,6577,5369,1161,0
2026-08-23 07:46:05.372190,6576,5376,1068,0
2026-08-23 07:46:05.372210,6577,5438,1140,0
2026-08-23 07:46:05.372230,6581,5429,1255,0
2026-08-23 07:46:05.372250,6590,5385,1143,0
2026-08-23 07:46:05.392828,6549,4628,0,0
2026-08-23 07:46:05.392848,6550,4852,251,0
2026-08-23 07:46:05.392869,6579,5102,1913,0
2026-08-23 07:46:05.392889,6598,5216,1724,0
2026-08-23 07:46:05.392909,6602,5266,1385,0
2026-08-23 07:46:05.392929,6580,5305,1366,0
2026-08-23 07:46:05.392949,6591,5343,1114,0
2026-08-23 07:46:05.392969,6564,5358,1093,0
2026-08-23 07:46:05.392988,6580,5340,944,0
2026-08-23 07:46:05.393008,6571,5365,1111,0
2026-08-23 07:46:05.393028,6577,5382,1091,0
2026-08-23 07:46:05.393049,6571,5402,1039,0
2026-08-23 07:46:05.393069,6571,5399,941,0
2026-08-23 07:46:05.413884,6601,4779,1377,0
2026-08-23 07:46:05.413904,6582,4956,1384,0
2026-08-23 07:46:05.413924,6588,5066,1155,0
2026-08-23 07:46:05.413944,6580,5170,1179,0
2026-08-23 07:46:05.413964,6587,5275,1043,0
2026-08-23 07:46:05.413984,6572,5281,1012,0
2026-08-23 07:46:05.414004,6574,5319,933,0
2026-08-23 07:46:05.414024,6564,5386,1137,0
2026-08-23 07:46:05.414044,6576,5395,1176,0
2026-08-23 07:46:05.414064,6567,5397,1089,0
2026-08-23 07:46:05.414084,6574,5412,1162,0
2026-08-23 07:46:05.414104,6591,5422,1267,0
2026-08-23 07:46:05.414124,6588,5422,1157,0
2026-08-23 07:46:05.434469,6555,4649,0,0
2026-08-23 07:46:05.434489,6551,4924,806,0
2026-08-23 07:46:05.434509,6552,5054,0,0
2026-08-23 07:46:05.434529,6582,5207,3112,0
2026-08-23 07:46:05.434549,6691,5267,1597,0
2026-08-23 07:46:05.434569,6595,5340,1549,0
2026-08-23 07:46:05.434589,6603,5328,1249,0
2026-08-23 07:46:05.434609,6570,5375,1155,0
2026-08-23 07:46:05.434629,6556,5360,996,0
2026-08-23 07:46:05.434649,6571,5379,1108,0
2026-08-23 07:46:05.434669,6573,5421,1008,0
2026-08-23 07:46:05.434689,6574,5380,985,0
2026-08-23 07:46:05.434709,6577,5381,1013,0
2026-08-23 07:46:05.455617,6617,4793,1773,0
2026-08-23 07:46:05.455637,6602,4965,1693,0
2026-08-23 07:46:05.455657,6599,5134,1382,0
2026-08-23 07:46:05.455678,6582,5209,1333,0
2026-08-23 07:46:05.455698,6588,5265,1107,0
2026-08-23 07:46:05.455718,6568,5314,1078,0
2026-08-23 07:46:05.455738,6569,5314,947,0
2026-08-23 07:46:05.455758,6577,5319,1137,0
2026-08-23 07:46:05.455777,6572,5394,1119,0
2026-08-23 07:46:05.455797,6571,5401,1083,0
2026-08-23 07:46:05.455817,6574,5377,1167,0
2026-08-23 07:46:05.455837,6579,5390,1249,0
2026-08-23 07:46:05.455858,6590,5365,1045,0
2026-08-23 07:46:05.476339,6568,4717,402,0
2026-08-23 07:46:05.476359,6574,4937,1122,0
2026-08-23 07:46:05.476379,6520,4939,0,0
2026-08-23 07:46:05.476399,6535,5070,0,0
2026-08-23 07:46:05.476419,6564,5239,1778,0
2026-08-23 07:46:05.476439,6608,5294,1668,0
2026-08-23 07:46:05.476460,6600,5334,1299,0
2026-08-23 07:46:05.476480,6573,5368,1252,0
2026-08-23 07:46:05.476499,6598,5344,1049,0
2026-08-23 07:46:05.476519,6573,5363,1128,0
2026-08-23 07:46:05.476539,6595,5417,1003,0
2026-08-23 07:46:05.476559,6580,5411,1049,0
2026-08-23 07:46:05.476579,6571,5408,1059,0
2026-08-23 07:46:05.497538,6602,4832,1913,0
2026-08-23 07:46:05.497558,6605,4977,1888,0
2026-08-23 07:46:05.497578,6608,5076,1565,0
2026-08-23 07:46:05.497598,6594,5169,1437,0
2026-08-23 07:46:05.497618,6599,5230,1188,0
2026-08-23 07:46:05.497638,6576,5282,1149,0
2026-08-23 07:46:05.497658,6574,5345,964,0
2026-08-23 07:46:05.497679,6571,5376,1105,0
2026-08-23 07:46:05.497698,6583,5365,1066,0
2026-08-23 07:46:05.497718,6555,5402,1058,0
2026-08-23 07:46:05.497738,6569,5376,1074,0
2026-08-23 07:46:05.497758,6580,5436,1173,0
2026-08-23 07:46:05.497778,6586,5359,1035,0
2026-08-23 07:46:05.517972,6578,4728,801,0
2026-08-23 07:46:05.517992,6576,4955,1308,0
2026-08-23 07:46:05.518012,6526,4968,44,0
2026-08-23 07:46:05.518032,6528,5084,18,0
2026-08-23 07:46:05.518052,6506,5140,0,0
2026-08-23 07:46:05.518072,6530,5235,0,0
2026-08-23 07:46:05.518092,6582,5344,1648,0
2026-08-23 07:46:05.518112,6537,5394,1481,0
2026-08-23 07:46:05.518131,6592,5364,1233,0
2026-08-23 07:46:05.518152,6569,5379,1247,0
2026-08-23 07:46:05.518172,6578,5359,1057,0
2026-08-23 07:46:05.518192,6576,5417,1164,0
2026-08-23 07:46:05.518212,6591,5431,1303,0
2026-08-23 07:46:05.538922,6595,4801,1127,0
2026-08-23 07:46:05.538942,6576,4995,1094,0
2026-08-23 07:46:05.538962,6573,5083,948,0
2026-08-23 07:46:05.538982,6569,5186,1085,0
2026-08-23 07:46:05.539002,6584,5250,1046,0
2026-08-23 07:46:05.539022,6574,5291,1011,0
2026-08-23 07:46:05.539042,6570,5328,1005,0
2026-08-23 07:46:05.539062,6625,5361,1240,0
2026-08-23 07:46:05.539082,6583,5419,1328,0
2026-08-23 07:46:05.539102,6590,5375,1039,0
2026-08-23 07:46:05.539122,6567,5389,1202,0
2026-08-23 07:46:05.539142,6521,5415,1302,0
2026-08-23 07:46:05.539162,6599,5427,1293,0
2026-08-23 07:46:05.559841,6616,4764,1812,0
2026-08-23 07:46:05.559861,6573,4866,0,0
2026-08-23 07:46:05.559881,6574,5078,1596,0
2026-08-23 07:46:05.559901,6580,5194,1437,0
2026-08-23 07:46:05.559921,6577,5229,1174,0
2026-08-23 07:46:05.559941,6579,5282,1199,0
2026-08-23 07:46:05.559961,6587,5304,1042,0
2026-08-23 07:46:05.559981,6560,5366,997,0
2026-08-23 07:46:05.560001,6566,5394,968,0
2026-08-23 07:46:05.560021,6580,5380,1199,0
2026-08-23 07:46:05.560041,6543,5429,1282,0
2026-08-23 07:46:05.560061,6569,5371,1086,0
2026-08-23 07:46:05.560081,6579,5394,973,0
2026-08-23 07:46:05.581036,6602,4788,1447,0
2026-08-23 07:46:05.581056,6588,4922,1474,0
2026-08-23 07:46:05.581076,6591,5038,1154,0
2026-08-23 07:46:05.581096,6574,5150,1260,0
2026-08-23 07:46:05.581116,6580,5215,1066,0
2026-08-23 07:46:05.581136,6570,5260,1060,0
2026-08-23 07:46:05.581156,6567,5344,1054,0
2026-08-23 07:46:05.581176,6576,5344,1264,0
2026-08-23 07:46:05.581196,6596,5377,1415,0
2026-08-23 07:46:05.581216,6553,5355,1039,0
2026-08-23 07:46:05.581236,6582,5374,1150,0
2026-08-23 07:46:05.581256,6581,5419,1253,0
2026-08-23 07:46:05.581276,6598,5398,1353,0
2026-08-23 07:46:05.602165,6603,4728,1264,0
2026-08-23 07:46:05.602185,6592,4941,1381,0
2026-08-23 07:46:05.602205,6580,5042,1202,0
2026-08-23 07:46:05.602225,6575,5145,1129,0
2026-08-23 07:46:05.602245,6572,5215,954,0
2026-08-23 07:46:05.602265,6571,5311,1122,0
2026-08-23 07:46:05.602285,6579,5355,1111,0
2026-08-23 07:46:05.602305,6570,5337,1080,0
2026-08-23 07:46:05.602325,6572,5403,1140,0
2026-08-23 07:46:05.602345,6579,5412,1332,0
2026-08-23 07:46:05.602365,6596,5404,1494,0
2026-08-23 07:46:05.602385,6574,5405,1050,0
2026-08-23 07:46:05.602405,6583,5373,1194,0
2026-08-23 07:46:05.623260,6586,4735,1247,0
2026-08-23 07:46:05.623281,6576,4923,1235,0
2026-08-23 07:46:05.623301,6592,5054,1060,0
2026-08-23 07:46:05.623321,6566,5197,1160,0
2026-08-23 07:46:05.623341,6576,5222,1063,0
2026-08-23 07:46:05.623361,6572,5271,1068,0
2026-08-23 07:46:05.623381,6571,5362,1096,0
2026-08-23 07:46:05.623401,6576,5382,1302,0
2026-08-23 07:46:05.623420,6589,5419,1459,0
2026-08-23 07:46:05.623441,6571,5372,983,0
2026-08-23 07:46:05.623461,6565,5392,1053,0
2026-08-23 07:46:05.623481,6574,5379,1199,0
2026-08-23 07:46:05.623501,6617,5436,1510,0
2026-08-23 07:46:05.644341,6597,4728,1084,0
2026-08-23 07:46:05.644361,6588,4943,1241,0
2026-08-23 07:46:05.644381,6572,5014,1059,0
2026-08-23 07:46:05.644401,6565,5145,1042,0
2026-08-23 07:46:05.644421,6571,5234,955,0
2026-08-23 07:46:05.644441,6565,5315,1175,0
2026-08-23 07:46:05.644461,6579,5351,1212,0
2026-08-23 07:46:05.644481,6563,5354,1086,0
2026-08-23 07:46:05.644500,6577,5395,1191,0
2026-08-23 07:46:05.644521,6572,5392,1312,0
2026-08-23 07:46:05.644541,6599,5412,1498,0
2026-08-23 07:46:05.644561,6565,5358,898,0
2026-08-23 07:46:05.644581,6579,5378,1199,0
2026-08-23 07:46:05.665553,6600,4757,1500,0
2026-08-23 07:46:05.665573,6596,4977,1669,0
2026-08-23 07:46:05.665593,6603,5067,1320,0
2026-08-23 07:46:05.665613,6575,5179,1314,0
2026-08-23 07:46:05.665633,6588,5236,1117,0
2026-08-23 07:46:05.665653,6574,5277,1087,0
2026-08-23 07:46:05.665673,6576,5368,938,0
2026-08-23 07:46:05.665693,6572,5344,1100,0
2026-08-23 07:46:05.665713,6567,5378,1054,0
2026-08-23 07:46:05.665733,6566,5399,1035,0
2026-08-23 07:46:05.665753,6566,5417,1056,0
2026-08-23 07:46:05.665773,6577,5389,1180,0
2026-08-23 07:46:05.665793,6586,5364,1045,0
2026-08-23 07:46:05.686035,6580,4729,745,0
2026-08-23 07:46:05.686055,6586,4948,1322,0
2026-08-23 07:46:05.686075,6526,4973,0,0
2026-08-23 07:46:05.686095,6524,5077,0,0
2026-08-23 07:46:05.686115,6518,5128,0,0
2026-08-23 07:46:05.686135,6668,5329,714,0
2026-08-23 07:46:05.686155,6522,5334,1471,0
2026-08-23 07:46:05.686175,6585,5369,1371,0
2026-08-23 07:46:05.686195,6576,5370,1127,0
2026-08-23 07:46:05.686215,6570,5386,1189,0
2026-08-23 07:46:05.686235,6581,5380,1049,0
2026-08-23 07:46:05.686255,6564,5371,1090,0
2026-08-23 07:46:05.686275,6588,5409,1151,0
2026-08-23 07:46:05.707066,6600,4808,1429,0
2026-08-23 07:46:05.707086,6601,4978,1338,0
2026-08-23 07:46:05.707106,6589,5101,1125,0
2026-08-23 07:46:05.707126,6573,5196,1177,0
2026-08-23 07:46:05.707146,6582,5270,1001,0
2026-08-23 07:46:05.707166,6574,5301,1012,0
2026-08-23 07:46:05.707186,6570,5321,933,0
2026-08-23 07:46:05.707206,6571,5399,1121,0
2026-08-23 07:46:05.707226,6575,5381,1150,0
2026-08-23 07:46:05.707246,6573,5402,1069,0
2026-08-23 07:46:05.707266,6574,5378,1129,0
2026-08-23 07:46:05.707286,6576,5382,1224,0
2026-08-23 07:46:05.707306,6594,5361,990,0
2026-08-23 07:46:05.728208,6583,4760,1081,0
2026-08-23 07:46:05.728228,6589,4909,1481,0
2026-08-23 07:46:05.728248,6552,5024,426,0
2026-08-23 07:46:05.728268,6545,5136,580,0
2026-08-23 07:46:05.728288,6523,5200,334,0
2026-08-23 07:46:05.728308,6542,5268,409,0
2026-08-23 07:46:05.728328,6575,5374,1966,0
2026-08-23 07:46:05.728348,6610,5423,1820,0
2026-08-23 07:46:05.728368,6621,5382,1488,0
2026-08-23 07:46:05.728388,6598,5396,1427,0
2026-08-23 07:46:05.728408,6590,5439,1204,0
2026-08-23 07:46:05.728428,6581,5429,1359,0
2026-08-23 07:46:05.728448,6600,5414,1639,0
2026-08-23 07:46:05.748409,6590,4762,981,0
2026-08-23 07:46:05.748429,6580,4922,1127,0
2026-08-23 07:46:05.748449,6574,5067,1253,0
2026-08-23 07:46:05.748469,6547,5209,1392,0
2026-08-23 07:46:05.748489,6566,5212,1009,0
2026-08-23 07:46:05.748509,6577,5313,1163,0
2026-08-23 07:46:05.748529,6576,5339,1120,0
2026-08-23 07:46:05.748549,6598,5347,1276,0
2026-08-23 07:46:05.748569,6512,5293,0,0
2026-08-23 07:46:05.748589,6516,5274,0,0
2026-08-23 07:46:05.748609,6532,5363,0,0
2026-08-23 07:46:05.748629,6532,5293,0,0
2026-08-23 07:46:05.748649,6518,5312,0,0
2026-08-23 07:46:05.769543,6604,4854,1254,0
2026-08-23 07:46:05.769563,6606,5017,1413,0
2026-08-23 07:46:05.769583,6547,5091,1159,0
2026-08-23 07:46:05.769603,6560,5197,1113,0
2026-08-23 07:46:05.769623,6571,5269,947,0
2026-08-23 07:46:05.769643,6563,5286,1109,0
2026-08-23 07:46:05.769663,6574,5331,1063,0
2026-08-23 07:46:05.769683,6547,5369,1035,0
2026-08-23 07:46:05.769703,6573,5361,1062,0
2026-08-23 07:46:05.769723,6572,5387,1261,0
2026-08-23 07:46:05.769743,6590,5423,1361,0
2026-08-23 07:46:05.769763,6588,5380,1085,0
2026-08-23 07:46:05.769783,6574,5409,1046,0
2026-08-23 07:46:05.789897,6538,4594,0,0
2026-08-23 07:46:05.789917,6528,4838,58,0
2026-08-23 07:46:05.789937,6516,4975,0,0
2026-08-23 07:46:05.789958,6529,5092,0,0
2026-08-23 07:46:05.789978,6569,5301,1679,0
2026-08-23 07:46:05.789998,6592,5292,1556,0
2026-08-23 07:46:05.790018,6599,5324,1262,0
2026-08-23 07:46:05.790038,6583,5385,1272,0
2026-08-23 07:46:05.790057,6587,5441,1084,0
2026-08-23 07:46:05.790077,6562,5405,1053,0
2026-08-23 07:46:05.790097,6562,5400,923,0
2026-08-23 07:46:05.790118,6573,5384,1117,0
2026-08-23 07:46:05.790138,6573,5382,1135,0
2026-08-23 07:46:05.810984,6579,4821,973,0
2026-08-23 07:46:05.811004,6577,4986,1141,0
2026-08-23 07:46:05.811024,6570,5096,1038,0
2026-08-23 07:46:05.811044,6575,5207,1006,0
2026-08-23 07:46:05.811064,6577,5241,899,0
2026-08-23 07:46:05.811085,6573,5288,1105,0
2026-08-23 07:46:05.811105,6571,5331,1124,0
2026-08-23 07:46:05.811125,6577,5337,1058,0
2026-08-23 07:46:05.811144,6567,5363,1112,0
2026-08-23 07:46:05.811164,6577,5431,1289,0
2026-08-23 07:46:05.811184,6718,5440,1425,0
2026-08-23 07:46:05.811204,6576,5382,1064,0
2026-08-23 07:46:05.811224,6577,5378,1042,0
2026-08-23 07:46:05.831423,6536,4650,0,0
2026-08-23 07:46:05.831443,6537,4842,82,0
2026-08-23 07:46:05.831463,6521,4956,0,0
2026-08-23 07:46:05.831483,6531,5097,0,0
2026-08-23 07:46:05.831503,6561,5290,1807,0
2026-08-23 07:46:05.831523,6596,5296,1701,0
2026-08-23 07:46:05.831543,6609,5356,1396,0
2026-08-23 07:46:05.831563,6594,5349,1381,0
2026-08-23 07:46:05.831583,6592,5391,1160,0
2026-08-23 07:46:05.831603,6575,5398,1152,0
2026-08-23 07:46:05.831623,6577,5370,973,0
2026-08-23 07:46:05.831643,6566,5412,1184,0
2026-08-23 07:46:05.831663,6722,5383,1325,0
2026-08-23 07:46:05.852451,6584,4832,1173,0
2026-08-23 07:46:05.852471,6589,4967,1375,0
2026-08-23 07:46:05.852491,6589,5140,1149,0
2026-08-23 07:46:05.852511,6573,5180,1128,0
2026-08-23 07:46:05.852531,6564,5268,955,0
2026-08-23 07:46:05.852551,6569,5321,1108,0
2026-08-23 07:46:05.852571,6583,5318,1044,0
2026-08-23 07:46:05.852592,6584,5374,1064,0
2026-08-23 07:46:05.852611,6573,5396,1115,0
2026-08-23 07:46:05.852631,6568,5407,1274,0
2026-08-23 07:46:05.852651,6594,5397,1417,0
2026-08-23 07:46:05.852671,6568,5370,1065,0
2026-08-23 07:46:05.852691,6580,5407,1087,0
2026-08-23 07:46:05.873591,6599,4804,1783,0
2026-08-23 07:46:05.873611,6600,4941,1916,0
2026-08-23 07:46:05.873631,6614,5080,1497,0
2026-08-23 07:46:05.873652,6590,5194,1436,0
2026-08-23 07:46:05.873672,6582,5225,1133,0
2026-08-23 07:46:05.873692,6579,5305,1117,0
2026-08-23 07:46:05.873712,6574,5317,959,0
2026-08-23 07:46:05.873732,6594,5346,1114,0
2026-08-23 07:46:05.873751,6580,5360,1077,0
2026-08-23 07:46:05.873771,6568,5371,1062,0
2026-08-23 07:46:05.873791,6582,5386,1103,0
2026-08-23 07:46:05.873811,6587,5396,1223,0
2026-08-23 07:46:05.873832,6581,5408,1097,0
2026-08-23 07:46:05.894336,6547,4666,124,0
2026-08-23 07:46:05.894356,6564,4895,859,0
2026-08-23 07:46:05.894377,6544,5022,0,0
2026-08-23 07:46:05.894397,6572,5230,2976,0
2026-08-23 07:46:05.894417,6690,5291,1632,0
2026-08-23 07:46:05.894437,6602,5275,1491,0
2026-08-23 07:46:05.894457,6605,5305,1233,0
2026-08-23 07:46:05.894477,6574,5335,1161,0
2026-08-23 07:46:05.894496,6572,5351,974,0
2026-08-23 07:46:05.894516,6573,5409,1118,0
2026-08-23 07:46:05.894536,6576,5409,1066,0
2026-08-23 07:46:05.894557,6576,5399,1037,0
2026-08-23 07:46:05.894577,6577,5369,1139,0
2026-08-23 07:46:05.913567,6603,4783,1609,0
2026-08-23 07:46:05.913587,6633,4984,1578,0
2026-08-23 07:46:05.913607,6599,5067,1261,0
2026-08-23 07:46:05.913627,6595,5201,1234,0
2026-08-23 07:46:05.913647,6587,5257,1063,0
2026-08-23 07:46:05.913667,6583,5314,1071,0
2026-08-23 07:46:05.913687,6568,5346,1005,0
2026-08-23 07:46:05.913707,6574,5361,1226,0
2026-08-23 07:46:05.913727,6590,5376,1312,0
2026-08-23 07:46:05.913747,6564,5394,1102,0
2026-08-23 07:46:05.913767,6574,5417,1218,0
2026-08-23 07:46:05.913787,6584,5375,1294,0
2026-08-23 07:46:05.931993,6564,4736,205,0
2026-08-23 07:46:05.932013,6542,4953,374,0
2026-08-23 07:46:05.932033,6514,5025,0,0
2026-08-23 07:46:05.932053,6526,5132,0,0
2026-08-23 07:46:05.932073,6569,5280,1670,0
2026-08-23 07:46:05.932093,6579,5336,1475,0
2026-08-23 07:46:05.932113,6587,5317,1176,0
2026-08-23 07:46:05.932133,6574,5358,1207,0
2026-08-23 07:46:05.932153,6623,5397,1058,0
2026-08-23 07:46:05.932173,6573,5392,1042,0
2026-08-23 07:46:05.932193,6575,5369,956,0
2026-08-23 07:46:05.932213,6575,5415,1168,0
2026-08-23 07:46:05.948805,6564,4821,216,0
2026-08-23 07:46:05.948825,6541,4990,379,0
2026-08-23 07:46:05.948845,6519,5028,0,0
2026-08-23 07:46:05.948865,6535,5162,0,0
2026-08-23 07:46:05.948885,6569,5312,1726,0
2026-08-23 07:46:05.948905,6588,5322,1566,0
2026-08-23 07:46:05.948925,6600,5374,1260,0
2026-08-23 07:46:05.948945,6583,5361,1244,0
2026-08-23 07:46:05.948965,6582,5404,1079,0
2026-08-23 07:46:05.948985,6569,5372,1079,0
2026-08-23 07:46:05.949005,6582,5375,1145,0
2026-08-23 07:46:05.966880,6592,4958,1212,0
2026-08-23 07:46:05.966900,6593,5080,1375,0
2026-08-23 07:46:05.966920,6579,5180,1096,0
2026-08-23 07:46:05.966940,6579,5248,1183,0
2026-08-23 07:46:05.966960,6577,5280,1322,0
2026-08-23 07:46:05.966980,6598,5337,1508,0
2026-08-23 07:46:05.967000,6549,5292,541,0
2026-08-23 07:46:05.967020,6549,5331,492,0
2026-08-23 07:46:05.967040,6520,5309,0,0
2026-08-23 07:46:05.967060,6532,5316,0,0
2026-08-23 07:46:05.967080,6525,5337,0,0
2026-08-23 07:46:05.967100,6582,5390,1121,0
2026-08-23 07:46:05.986033,6595,4983,1074,0
2026-08-23 07:46:05.986053,6578,5067,1233,0
2026-08-23 07:46:05.986073,6573,5204,1078,0
2026-08-23 07:46:05.986093,6567,5266,1050,0
2026-08-23 07:46:05.986113,6575,5266,962,0
2026-08-23 07:46:05.986133,6574,5318,1187,0
2026-08-23 07:46:05.986153,6589,5388,1215,0
2026-08-23 07:46:05.986173,6572,5354,1090,0
2026-08-23 07:46:05.986193,6570,5448,1206,0
2026-08-23 07:46:05.986213,6578,5396,1275,0
2026-08-23 07:46:05.986233,6600,5411,1472,0
2026-08-23 07:46:05.986253,6583,5398,1077,0
2026-08-23 07:46:06.003605,6588,4789,1135,0
2026-08-23 07:46:06.003625,6592,4929,1007,0
2026-08-23 07:46:06.003645,6568,5044,1037,0
2026-08-23 07:46:06.003665,6565,5195,928,0
2026-08-23 07:46:06.003685,6587,5266,1150,0
2026-08-23 07:46:06.003705,6578,5317,1249,0
2026-08-23 07:46:06.003725,6578,5343,1081,0
2026-08-23 07:46:06.003745,6588,5389,1192,0
2026-08-23 07:46:06.003765,6570,5407,1323,0
2026-08-23 07:46:06.003785,6603,5404,1474,0
2026-08-23 07:46:06.003805,6582,5370,1090,0
2026-08-23 07:46:06.021851,6587,4897,998,0
2026-08-23 07:46:06.021871,6579,5015,1151,0
2026-08-23 07:46:06.021891,6577,5140,1189,0
2026-08-23 07:46:06.021911,6569,5240,1095,0
2026-08-23 07:46:06.021931,6573,5269,1188,0
2026-08-23 07:46:06.021951,6583,5312,1325,0
2026-08-23 07:46:06.021971,6602,5388,1525,0
2026-08-23 07:46:06.021991,6552,5353,591,0
2026-08-23 07:46:06.022011,6550,5365,603,0
2026-08-23 07:46:06.022031,6530,5329,196,0
2026-08-23 07:46:06.022051,6563,5386,1046,0
2026-08-23 07:46:06.022071,6581,5349,1066,0
2026-08-23 07:46:06.038448,6598,4938,1079,0
2026-08-23 07:46:06.038468,6574,5064,1156,0
2026-08-23 07:46:06.038488,6632,5193,1438,0
2026-08-23 07:46:06.038508,6528,5127,0,0
2026-08-23 07:46:06.038528,6506,5180,0,0
2026-08-23 07:46:06.038548,6521,5255,0,0
2026-08-23 07:46:06.038568,6615,5481,1527,0
2026-08-23 07:46:06.038588,6603,5370,1579,0
2026-08-23 07:46:06.038608,6583,5370,1345,0
2026-08-23 07:46:06.038628,6581,5371,1098,0
2026-08-23 07:46:06.038648,6584,5419,1396,0
2026-08-23 07:46:06.055959,6688,4950,1069,0
2026-08-23 07:46:06.055979,6574,5043,1008,0
2026-08-23 07:46:06.055999,6573,5183,1159,0
2026-08-23 07:46:06.056019,6566,5270,1182,0
2026-08-23 07:46:06.056039,6585,5294,1251,0
2026-08-23 07:46:06.056059,6579,5326,1088,0
2026-08-23 07:46:06.056079,6593,5346,1194,0
2026-08-23 07:46:06.056099,6567,5405,1308,0
2026-08-23 07:46:06.056119,6597,5395,1483,0
2026-08-23 07:46:06.056139,6565,5386,797,0
2026-08-23 07:46:06.056159,6583,5373,1194,0
2026-08-23 07:46:06.074282,6587,4886,1162,0
2026-08-23 07:46:06.074302,6566,5016,1125,0
2026-08-23 07:46:06.074322,6559,5126,1083,0
2026-08-23 07:46:06.074342,6573,5253,1146,0
2026-08-23 07:46:06.074362,6579,5277,1306,0
2026-08-23 07:46:06.074382,6604,5337,1627,0
2026-08-23 07:46:06.074402,6566,5324,814,0
2026-08-23 07:46:06.074422,6551,5343,916,0
2026-08-23 07:46:06.074442,6554,5341,649,0
2026-08-23 07:46:06.074462,6561,5392,745,0
2026-08-23 07:46:06.074482,6514,5290,0,0
2026-08-23 07:46:06.074502,6580,5346,1115,0
2026-08-23 07:46:06.093371,6673,4913,766,0
2026-08-23 07:46:06.093391,6581,5038,1113,0
2026-08-23 07:46:06.093411,6521,5007,0,0
2026-08-23 07:46:06.093431,6608,5316,1485,0
2026-08-23 07:46:06.093451,6593,5288,1653,0
2026-08-23 07:46:06.093472,6597,5313,1505,0
2026-08-23 07:46:06.093492,6596,5350,1239,0
2026-08-23 07:46:06.093511,6572,5326,1168,0
2026-08-23 07:46:06.093531,6576,5356,972,0
2026-08-23 07:46:06.093551,6570,5375,1111,0
2026-08-23 07:46:06.093571,6571,5388,1037,0
2026-08-23 07:46:06.093591,6572,5376,1114,0
2026-08-23 07:46:06.113724,6594,4825,1304,0
2026-08-23 07:46:06.113744,6580,5025,1446,0
2026-08-23 07:46:06.113764,6562,5072,940,0
2026-08-23 07:46:06.113784,6571,5187,1040,0
2026-08-23 07:46:06.113804,6564,5279,960,0
2026-08-23 07:46:06.113824,6578,5327,1134,0
2026-08-23 07:46:06.113844,6507,5249,0,0
2026-08-23 07:46:06.113864,6520,5285,0,0
2026-08-23 07:46:06.113884,6586,5404,597,0
2026-08-23 07:46:06.113904,6586,5423,2249,0
2026-08-23 07:46:06.113924,6632,5431,1410,0
2026-08-23 07:46:06.113944,6588,5404,1631,0
2026-08-23 07:46:06.113964,6573,5322,0,0
2026-08-23 07:46:06.134317,6539,4681,0,0
2026-08-23 07:46:06.134337,6520,4880,0,0
2026-08-23 07:46:06.134357,6574,5077,172,0
2026-08-23 07:46:06.134377,6570,5234,1781,0
2026-08-23 07:46:06.134398,6614,5249,1383,0
2026-08-23 07:46:06.134418,6575,5317,1278,0
2026-08-23 07:46:06.134438,6572,5339,1079,0
2026-08-23 07:46:06.134458,6566,5378,1131,0
2026-08-23 07:46:06.134477,6574,5359,1004,0
2026-08-23 07:46:06.134497,6566,5364,1013,0
2026-08-23 07:46:06.134517,6571,5380,969,0
2026-08-23 07:46:06.134537,6577,5382,1124,0
2026-08-23 07:46:06.134557,6591,5378,1013,0
2026-08-23 07:46:06.155187,6592,4816,995,0
2026-08-23 07:46:06.155207,6560,4987,1438,0
2026-08-23 07:46:06.155227,6573,5089,1000,0
2026-08-23 07:46:06.155247,6571,5199,1007,0
2026-08-23 07:46:06.155267,6576,5246,974,0
2026-08-23 07:46:06.155287,6575,5322,1186,0
2026-08-23 07:46:06.155307,6587,5336,1233,0
2026-08-23 07:46:06.155327,6564,5380,1075,0
2026-08-23 07:46:06.155347,6568,5377,1193,0
2026-08-23 07:46:06.155367,6572,5395,1299,0
2026-08-23 07:46:06.155387,6598,5403,1490,0
2026-08-23 07:46:06.155407,6568,5403,901,0
2026-08-23 07:46:06.155427,6576,5409,1169,0
2026-08-23 07:46:06.176547,6605,4763,1680,0
2026-08-23 07:46:06.176567,6601,4977,1845,0
2026-08-23 07:46:06.176587,6607,5051,1342,0
2026-08-23 07:46:06.176607,6593,5208,1417,0
2026-08-23 07:46:06.176627,6588,5224,1178,0
2026-08-23 07:46:06.176647,6570,5267,1132,0
2026-08-23 07:46:06.176667,6577,5308,959,0
2026-08-23 07:46:06.176687,6560,5368,1098,0
2026-08-23 07:46:06.176707,6563,5348,1044,0
2026-08-23 07:46:06.176727,6568,5357,1047,0
2026-08-23 07:46:06.176747,6576,5380,1060,0
2026-08-23 07:46:06.176767,6576,5379,1165,0
2026-08-23 07:46:06.176787,6582,5356,1060,0
2026-08-23 07:46:06.197259,6587,4749,1097,0
2026-08-23 07:46:06.197279,6589,4936,1239,0
2026-08-23 07:46:06.197299,6546,4998,334,0
2026-08-23 07:46:06.197319,6547,5084,454,0
2026-08-23 07:46:06.197339,6514,5143,0,0
2026-08-23 07:46:06.197359,6539,5216,31,0
2026-08-23 07:46:06.197379,6570,5389,1602,0
2026-08-23 07:46:06.197399,6598,5369,1654,0
2026-08-23 07:46:06.197419,6593,5378,1344,0
2026-08-23 07:46:06.197439,6584,5381,1329,0
2026-08-23 07:46:06.197459,6588,5375,1116,0
2026-08-23 07:46:06.197479,6564,5420,1214,0
2026-08-23 07:46:06.197499,6585,5420,1403,0
2026-08-23 07:46:06.217785,6566,4695,143,0
2026-08-23 07:46:06.217805,6536,4931,393,0
2026-08-23 07:46:06.217825,6527,4999,111,0
2026-08-23 07:46:06.217845,6534,5096,89,0
2026-08-23 07:46:06.217865,6580,5273,1845,0
2026-08-23 07:46:06.217885,6595,5339,1706,0
2026-08-23 07:46:06.217905,6603,5360,1405,0
2026-08-23 07:46:06.217925,6581,5381,1379,0
2026-08-23 07:46:06.217945,6587,5386,1146,0
2026-08-23 07:46:06.217965,6582,5398,1113,0
2026-08-23 07:46:06.217985,6568,5369,955,0
2026-08-23 07:46:06.218005,6581,5369,1144,0
2026-08-23 07:46:06.218025,6600,5410,1200,0
2026-08-23 07:46:06.238628,6602,4784,1308,0
2026-08-23 07:46:06.238648,6585,4965,1333,0
2026-08-23 07:46:06.238668,6582,5096,1144,0
2026-08-23 07:46:06.238688,6536,5207,1089,0
2026-08-23 07:46:06.238708,6563,5231,930,0
2026-08-23 07:46:06.238728,6573,5304,1109,0
2026-08-23 07:46:06.238748,6569,5327,1108,0
2026-08-23 07:46:06.238768,6569,5357,1061,0
2026-08-23 07:46:06.238788,6562,5363,1130,0
2026-08-23 07:46:06.238808,6580,5414,1303,0
2026-08-23 07:46:06.238828,6601,5411,1469,0
2026-08-23 07:46:06.238848,6577,5372,1061,0
2026-08-23 07:46:06.238868,6580,5422,1117,0
2026-08-23 07:46:06.259759,6610,4795,1678,0
2026-08-23 07:46:06.259779,6590,4977,1897,0
2026-08-23 07:46:06.259799,6604,5055,1522,0
2026-08-23 07:46:06.259819,6592,5172,1470,0
2026-08-23 07:46:06.259839,6588,5257,1218,0
2026-08-23 07:46:06.259859,6576,5275,1154,0
2026-08-23 07:46:06.259879,6576,5303,943,0
2026-08-23 07:46:06.259899,6558,5363,1062,0
2026-08-23 07:46:06.259919,6570,5387,1044,0
2026-08-23 07:46:06.259939,6571,5360,1011,0
2026-08-23 07:46:06.259959,6571,5402,1086,0
2026-08-23 07:46:06.259979,6577,5383,1098,0
2026-08-23 07:46:06.259999,6530,5388,1011,0
2026-08-23 07:46:06.280187,6573,4739,807,0
2026-08-23 07:46:06.280207,6570,4928,1362,0
2026-08-23 07:46:06.280227,6527,4994,0,0
2026-08-23 07:46:06.280247,6527,5130,0,0
2026-08-23 07:46:06.280267,6512,5098,0,0
2026-08-23 07:46:06.280287,6535,5252,0,0
2026-08-23 07:46:06.280307,6563,5333,1575,0
2026-08-23 07:46:06.280327,6581,5353,1441,0
2026-08-23 07:46:06.280347,6584,5382,1182,0
2026-08-23 07:46:06.280367,6570,5364,1216,0
2026-08-23 07:46:06.280387,6611,5375,1042,0
2026-08-23 07:46:06.280407,6572,5415,1138,0
2026-08-23 07:46:06.280427,6594,5411,1629,0
2026-08-23 07:46:06.301261,6594,4798,1242,0
2026-08-23 07:46:06.301281,6572,4955,1221,0
2026-08-23 07:46:06.301301,6576,5071,782,0
2026-08-23 07:46:06.301322,6571,5194,1127,0
2026-08-23 07:46:06.301342,6577,5227,998,0
2026-08-23 07:46:06.301362,6566,5281,957,0
2026-08-23 07:46:06.301382,6567,5317,955,0
2026-08-23 07:46:06.301402,6498,5350,1167,0
2026-08-23 07:46:06.301421,6587,5404,1234,0
2026-08-23 07:46:06.301441,6542,5406,1093,0
2026-08-23 07:46:06.301461,6568,5429,1201,0
2026-08-23 07:46:06.301481,6579,5396,1311,0
2026-08-23 07:46:06.301502,6591,5416,1206,0
2026-08-23 07:46:06.320266,6607,4802,865,0
2026-08-23 07:46:06.320286,6536,4850,0,0
2026-08-23 07:46:06.320306,6573,5098,1770,0
2026-08-23 07:46:06.320326,6592,5199,1617,0
2026-08-23 07:46:06.320346,6595,5223,1288,0
2026-08-23 07:46:06.320366,6576,5314,1297,0
2026-08-23 07:46:06.320386,6578,5313,1155,0
2026-08-23 07:46:06.320406,6567,5337,1074,0
2026-08-23 07:46:06.320426,6565,5357,938,0
2026-08-23 07:46:06.320446,6567,5405,1059,0
2026-08-23 07:46:06.320466,6570,5383,1076,0
2026-08-23 07:46:06.320486,6582,5388,1052,0
2026-08-23 07:46:06.341034,6597,4829,1313,0
2026-08-23 07:46:06.341054,6589,5040,1488,0
2026-08-23 07:46:06.341074,6450,5099,866,0
2026-08-23 07:46:06.341094,6552,5186,961,0
2026-08-23 07:46:06.341114,6560,5241,797,0
2026-08-23 07:46:06.341134,6562,5329,997,0
2026-08-23 07:46:06.341154,6528,5246,0,0
2026-08-23 07:46:06.341174,6680,5422,714,0
2026-08-23 07:46:06.341194,6564,5396,1693,0
2026-08-23 07:46:06.341214,6603,5415,1613,0
2026-08-23 07:46:06.341234,6602,5423,1301,0
2026-08-23 07:46:06.341254,6586,5432,1476,0
2026-08-23 07:46:06.341274,6544,5284,0,0
2026-08-23 07:46:06.361923,6564,4745,796,0
2026-08-23 07:46:06.361943,6564,4928,1008,0
2026-08-23 07:46:06.361964,6564,5063,825,0
2026-08-23 07:46:06.361984,6557,5149,837,0
2026-08-23 07:46:06.362004,6536,5223,0,0
2026-08-23 07:46:06.362024,6582,5339,1921,0
2026-08-23 07:46:06.362044,6613,5331,1516,0
2026-08-23 07:46:06.362064,6595,5382,1422,0
2026-08-23 07:46:06.362083,6591,5398,1179,0
2026-08-23 07:46:06.362103,6571,5400,1124,0
2026-08-23 07:46:06.362123,6567,5391,952,0
2026-08-23 07:46:06.362144,6569,5411,1150,0
2026-08-23 07:46:06.362164,6596,5370,1101,0
2026-08-23 07:46:06.382969,6548,4684,0,0
2026-08-23 07:46:06.382989,6548,4869,305,0
2026-08-23 07:46:06.383009,6586,5149,1847,0
2026-08-23 07:46:06.383029,6584,5202,1654,0
2026-08-23 07:46:06.383049,6598,5280,1316,0
2026-08-23 07:46:06.383069,6587,5285,1293,0
2026-08-23 07:46:06.383089,6585,5313,1088,0
2026-08-23 07:46:06.383109,6555,5337,1077,0
2026-08-23 07:46:06.383129,6558,5355,971,0
2026-08-23 07:46:06.383149,6582,5384,1127,0
2026-08-23 07:46:06.383169,6592,5397,1230,0
2026-08-23 07:46:06.383189,6575,5414,1083,0
2026-08-23 07:46:06.383209,6580,5398,964,0
2026-08-23 07:46:06.403920,6610,4780,1687,0
2026-08-23 07:46:06.403940,6600,4988,1837,0
2026-08-23 07:46:06.403960,6600,5050,1431,0
2026-08-23 07:46:06.403980,6592,5201,1376,0
2026-08-23 07:46:06.404000,6591,5229,1137,0
2026-08-23 07:46:06.404020,6579,5271,1081,0
2026-08-23 07:46:06.404040,6575,5340,950,0
2026-08-23 07:46:06.404060,6574,5369,1123,0
2026-08-23 07:46:06.404080,6568,5354,1129,0
2026-08-23 07:46:06.404100,6569,5365,1080,0
2026-08-23 07:46:06.404120,6564,5381,1145,0
2026-08-23 07:46:06.404140,6573,5426,1270,0
2026-08-23 07:46:06.404160,6586,5376,1128,0
2026-08-23 07:46:06.424709,6545,4659,0,0
2026-08-23 07:46:06.424729,6538,4871,78,0
2026-08-23 07:46:06.424749,6585,5095,1990,0
2026-08-23 07:46:06.424769,6601,5211,1813,0
2026-08-23 07:46:06.424789,6609,5286,1467,0
2026-08-23 07:46:06.424809,6608,5321,1429,0
2026-08-23 07:46:06.424829,6621,5337,1176,0
2026-08-23 07:46:06.424850,6560,5334,1132,0
2026-08-23 07:46:06.424869,6579,5348,964,0
2026-08-23 07:46:06.424889,6572,5375,1114,0
2026-08-23 07:46:06.424909,6564,5419,1088,0
2026-08-23 07:46:06.424929,6575,5403,1036,0
2026-08-23 07:46:06.424949,6590,5379,956,0
2026-08-23 07:46:06.445762,6596,4782,1586,0
2026-08-23 07:46:06.445782,6582,4982,1511,0
2026-08-23 07:46:06.445802,6592,5059,1269,0
2026-08-23 07:46:06.445822,6575,5179,1254,0
2026-08-23 07:46:06.445842,6581,5268,953,0
2026-08-23 07:46:06.445862,6561,5304,1061,0
2026-08-23 07:46:06.445882,6569,5337,927,0
2026-08-23 07:46:06.445902,6575,5340,1112,0
2026-08-23 07:46:06.445922,6567,5398,1111,0
2026-08-23 07:46:06.445942,6506,5395,1070,0
2026-08-23 07:46:06.445962,6568,5404,1109,0
2026-08-23 07:46:06.445982,6575,5407,1233,0
2026-08-23 07:46:06.446002,6578,5370,1096,0
2026-08-23 07:46:06.466338,6565,4728,596,0
2026-08-23 07:46:06.466358,6574,4915,1170,0
2026-08-23 07:46:06.466378,6514,4929,0,0
2026-08-23 07:46:06.466398,6523,5071,0,0
2026-08-23 07:46:06.466419,6531,5222,0,0
2026-08-23 07:46:06.466439,6562,5353,2633,0
2026-08-23 07:46:06.466459,6663,5366,1456,0
2026-08-23 07:46:06.466479,6582,5343,1350,0
2026-08-23 07:46:06.466498,6674,5356,1122,0
2026-08-23 07:46:06.466518,6574,5382,1169,0
2026-08-23 07:46:06.466538,6572,5407,1038,0
2026-08-23 07:46:06.466558,6576,5400,1113,0
2026-08-23 07:46:06.466578,6599,5410,1514,0
2026-08-23 07:46:06.487349,6605,4812,1669,0
2026-08-23 07:46:06.487369,6577,4966,1559,0
2026-08-23 07:46:06.487389,6591,5057,1274,0
2026-08-23 07:46:06.487409,6574,5183,1251,0
2026-08-23 07:46:06.487429,6580,5244,1078,0
2026-08-23 07:46:06.487449,6562,5281,1062,0
2026-08-23 07:46:06.487469,6575,5341,960,0
2026-08-23 07:46:06.487489,6588,5382,1155,0
2026-08-23 07:46:06.487509,6568,5375,1209,0
2026-08-23 07:46:06.487529,6569,5381,1087,0
2026-08-23 07:46:06.487549,6577,5416,1150,0
2026-08-23 07:46:06.487569,6583,5424,1295,0
2026-08-23 07:46:06.487589,6598,5374,1142,0
2026-08-23 07:46:06.508439,6601,4773,1911,0
2026-08-23 07:46:06.508459,6679,5007,1240,0
2026-08-23 07:46:06.508479,6586,5071,1601,0
2026-08-23 07:46:06.508499,6586,5157,1438,0
2026-08-23 07:46:06.508519,6581,5221,1152,0
2026-08-23 07:46:06.508539,6577,5274,1204,0
2026-08-23 07:46:06.508559,6570,5309,1041,0
2026-08-23 07:46:06.508579,6567,5337,1006,0
2026-08-23 07:46:06.508599,6569,5361,960,0
2026-08-23 07:46:06.508619,6571,5374,1134,0
2026-08-23 07:46:06.508639,6576,5415,1182,0
2026-08-23 07:46:06.508659,6568,5414,1071,0
2026-08-23 07:46:06.508679,6587,5411,933,0
2026-08-23 07:46:06.529399,6539,4696,0,0
2026-08-23 07:46:06.529419,6542,4904,463,0
2026-08-23 07:46:06.529439,6535,5024,371,0
2026-08-23 07:46:06.529459,6547,5104,455,0
2026-08-23 07:46:06.529480,6570,5327,2015,0
2026-08-23 07:46:06.529500,6596,5322,1840,0
2026-08-23 07:46:06.529520,6615,5339,1459,0
2026-08-23 07:46:06.529540,6601,5394,1437,0
2026-08-23 07:46:06.529559,6594,5410,1175,0
2026-08-23 07:46:06.529579,6572,5377,1117,0
2026-08-23 07:46:06.529599,6567,5382,966,0
2026-08-23 07:46:06.529619,6574,5439,1131,0
2026-08-23 07:46:06.529639,6588,5397,1170,0
2026-08-23 07:46:06.550157,6569,4734,776,0
2026-08-23 07:46:06.550177,6574,4971,1243,0
2026-08-23 07:46:06.550197,6510,4951,0,0
2026-08-23 07:46:06.550217,6514,5062,0,0
2026-08-23 07:46:06.550237,6572,5298,1809,0
2026-08-23 07:46:06.550257,6598,5314,1680,0
2026-08-23 07:46:06.550277,6611,5363,1326,0
2026-08-23 07:46:06.550297,6585,5340,1249,0
2026-08-23 07:46:06.550317,6576,5387,1045,0
2026-08-23 07:46:06.550337,6570,5405,1116,0
2026-08-23 07:46:06.550357,6569,5407,995,0
2026-08-23 07:46:06.550377,6563,5399,1051,0
2026-08-23 07:46:06.550397,6588,5368,1247,0
2026-08-23 07:46:06.569030,6551,4688,0,0
2026-08-23 07:46:06.569050,6540,4866,0,0
2026-08-23 07:46:06.569070,6576,5145,1493,0
2026-08-23 07:46:06.569090,6589,5205,1670,0
2026-08-23 07:46:06.569110,6606,5246,1349,0
2026-08-23 07:46:06.569130,6581,5282,1265,0
2026-08-23 07:46:06.569150,6583,5314,1054,0
2026-08-23 07:46:06.569170,6571,5370,1129,0
2026-08-23 07:46:06.569190,6577,5368,1012,0
2026-08-23 07:46:06.569210,6553,5403,1012,0
2026-08-23 07:46:06.569230,6566,5374,971,0
2026-08-23 07:46:06.569250,6579,5367,1117,0
2026-08-23 07:46:06.589893,6558,4802,54,0
2026-08-23 07:46:06.589913,6545,4998,562,0
2026-08-23 07:46:06.589933,6536,5057,296,0
2026-08-23 07:46:06.589953,6547,5156,283,0
2026-08-23 07:46:06.589973,6572,5336,1881,0
2026-08-23 07:46:06.589993,6586,5346,1712,0
2026-08-23 07:46:06.590013,6602,5388,1313,0
2026-08-23 07:46:06.590033,6576,5404,1300,0
2026-08-23 07:46:06.590053,6592,5403,1094,0
2026-08-23 07:46:06.590073,6561,5373,1074,0
2026-08-23 07:46:06.590093,6576,5377,983,0
2026-08-23 07:46:06.590113,6572,5382,1141,0
2026-08-23 07:46:06.590133,6579,5408,1010,0
2026-08-23 07:46:06.610893,6593,4788,1436,0
2026-08-23 07:46:06.610913,6600,4935,1588,0
2026-08-23 07:46:06.610933,6610,5082,1231,0
2026-08-23 07:46:06.610953,6569,5181,1145,0
2026-08-23 07:46:06.610973,6564,5253,989,0
2026-08-23 07:46:06.610993,6575,5314,1177,0
2026-08-23 07:46:06.611013,6563,5321,1151,0
2026-08-23 07:46:06.611033,6560,5369,1113,0
2026-08-23 07:46:06.611053,6585,5383,1182,0
2026-08-23 07:46:06.611073,6581,5424,1350,0
2026-08-23 07:46:06.611093,6597,5397,1519,0
2026-08-23 07:46:06.611113,6574,5378,956,0
2026-08-23 07:46:06.611133,6570,5390,1211,0
2026-08-23 07:46:06.631923,6461,4714,1167,0
2026-08-23 07:46:06.631943,6590,4906,1202,0
2026-08-23 07:46:06.631963,6593,5070,1057,0
2026-08-23 07:46:06.631983,6517,5182,1147,0
2026-08-23 07:46:06.632003,6581,5219,1038,0
2026-08-23 07:46:06.632023,6570,5269,1043,0
2026-08-23 07:46:06.632043,6562,5310,1035,0
2026-08-23 07:46:06.632063,6581,5353,1226,0
2026-08-23 07:46:06.632083,6575,5400,1374,0
2026-08-23 07:46:06.632103,6572,5371,1051,0
2026-08-23 07:46:06.632123,6569,5430,1188,0
2026-08-23 07:46:06.632143,6580,5435,1325,0
2026-08-23 07:46:06.632163,6600,5398,1380,0
2026-08-23 07:46:06.653008,6606,4741,1280,0
2026-08-23 07:46:06.653028,6580,4946,1388,0
2026-08-23 07:46:06.653048,6587,5072,1200,0
2026-08-23 07:46:06.653068,6571,5174,1147,0
2026-08-23 07:46:06.653088,6578,5218,979,0
2026-08-23 07:46:06.653108,6575,5278,1119,0
2026-08-23 07:46:06.653128,6575,5326,1077,0
2026-08-23 07:46:06.653148,6560,5342,1072,0
2026-08-23 07:46:06.653168,6569,5401,1112,0
2026-08-23 07:46:06.653188,6581,5410,1294,0
2026-08-23 07:46:06.653208,6584,5453,1443,0
2026-08-23 07:46:06.653228,6576,5385,1078,0
2026-08-23 07:46:06.653248,6674,5400,1067,0
2026-08-23 07:46:06.674211,6604,4803,1728,0
2026-08-23 07:46:06.674231,6605,4985,2198,0
2026-08-23 07:46:06.674251,6640,5096,1586,0
2026-08-23 07:46:06.674271,6596,5202,1510,0
2026-08-23 07:46:06.674291,6596,5252,1226,0
2026-08-23 07:46:06.674311,6571,5261,1177,0
2026-08-23 07:46:06.674331,6564,5331,962,0
2026-08-23 07:46:06.674351,6572,5332,1112,0
2026-08-23 07:46:06.674371,6578,5347,1037,0
2026-08-23 07:46:06.674391,6567,5371,1006,0
2026-08-23 07:46:06.674411,6568,5410,999,0
2026-08-23 07:46:06.674431,6523,5384,1129,0
2026-08-23 07:46:06.674451,6580,5400,1088,0
2026-08-23 07:46:06.694946,6603,4721,1154,0
2026-08-23 07:46:06.694966,6607,4927,1483,0
2026-08-23 07:46:06.694986,6544,5001,498,0
2026-08-23 07:46:06.695006,6531,5144,527,0
2026-08-23 07:46:06.695026,6527,5158,45,0
2026-08-23 07:46:06.695046,6526,5210,25,0
2026-08-23 07:46:06.695066,6566,5354,1790,0
2026-08-23 07:46:06.695086,6542,5372,1590,0
2026-08-23 07:46:06.695106,6594,5353,1254,0
2026-08-23 07:46:06.695126,6582,5406,1270,0
2026-08-23 07:46:06.695146,6576,5367,1080,0
2026-08-23 07:46:06.695166,6565,5369,1145,0
2026-08-23 07:46:06.695186,6589,5402,1264,0
2026-08-23 07:46:06.716024,6603,4782,1467,0
2026-08-23 07:46:06.716044,6588,4971,1569,0
2026-08-23 07:46:06.716064,6599,5054,1217,0
2026-08-23 07:46:06.716084,6580,5185,1231,0
2026-08-23 07:46:06.716104,6576,5225,1072,0
2026-08-23 07:46:06.716124,6561,5290,1057,0
2026-08-23 07:46:06.716144,6569,5313,988,0
2026-08-23 07:46:06.716164,6603,5340,1206,0
2026-08-23 07:46:06.716184,6583,5410,1278,0
2026-08-23 07:46:06.716204,6571,5356,1100,0
2026-08-23 07:46:06.716224,6568,5424,1212,0
2026-08-23 07:46:06.716244,6586,5395,1330,0
2026-08-23 07:46:06.716264,6539,5420,1294,0
2026-08-23 07:46:06.737258,6598,4780,1588,0
2026-08-23 07:46:06.737278,6605,4910,2803,0
2026-08-23 07:46:06.737298,6680,5056,1389,0
2026-08-23 07:46:06.737318,6586,5155,1289,0
2026-08-23 07:46:06.737338,6581,5222,1067,0
2026-08-23 07:46:06.737358,6573,5317,1147,0
2026-08-23 07:46:06.737378,6571,5335,1012,0
2026-08-23 07:46:06.737398,6574,5355,945,0
2026-08-23 07:46:06.737418,6567,5368,956,0
2026-08-23 07:46:06.737438,6576,5375,1183,0
2026-08-23 07:46:06.737458,6579,5435,1213,0
2026-08-23 07:46:06.737478,6584,5371,1063,0
2026-08-23 07:46:06.737498,6571,5398,956,0
2026-08-23 07:46:06.757870,6542,4660,14,0
2026-08-23 07:46:06.757890,6554,4885,643,0
2026-08-23 07:46:06.757910,6513,4991,222,0
2026-08-23 07:46:06.757930,6539,5153,247,0
2026-08-23 07:46:06.757950,6589,5278,1914,0
2026-08-23 07:46:06.757970,6612,5309,1742,0
2026-08-23 07:46:06.757990,6605,5345,1411,0
2026-08-23 07:46:06.758010,6589,5361,1354,0
2026-08-23 07:46:06.758030,6586,5399,1146,0
2026-08-23 07:46:06.758050,6524,5380,1109,0
2026-08-23 07:46:06.758070,6571,5387,939,0
2026-08-23 07:46:06.758090,6570,5383,1116,0
2026-08-23 07:46:06.758110,6582,5393,1151,0
2026-08-23 07:46:06.778535,6545,4695,0,0
2026-08-23 07:46:06.778555,6527,4891,0,0
2026-08-23 07:46:06.778575,6579,5127,1792,0
2026-08-23 07:46:06.778595,6590,5199,1623,0
2026-08-23 07:46:06.778615,6596,5244,1322,0
2026-08-23 07:46:06.778635,6585,5285,1302,0
2026-08-23 07:46:06.778655,6592,5326,1107,0
2026-08-23 07:46:06.778675,6561,5340,1053,0
2026-08-23 07:46:06.778695,6570,5389,937,0
2026-08-23 07:46:06.778715,6561,5409,1094,0
2026-08-23 07:46:06.778735,6582,5408,1057,0
2026-08-23 07:46:06.778755,6574,5370,979,0
2026-08-23 07:46:06.778775,6563,5362,959,0
2026-08-23 07:46:06.799606,6616,4828,1783,0
2026-08-23 07:46:06.799626,6589,4972,1837,0
2026-08-23 07:46:06.799646,6614,5127,1472,0
2026-08-23 07:46:06.799666,6594,5181,1442,0
2026-08-23 07:46:06.799686,6593,5264,1175,0
2026-08-23 07:46:06.799706,6575,5317,1149,0
2026-08-23 07:46:06.799726,6574,5310,961,0
2026-08-23 07:46:06.799746,6559,5342,1111,0
2026-08-23 07:46:06.799766,6581,5364,1041,0
2026-08-23 07:46:06.799786,6569,5368,1056,0
2026-08-23 07:46:06.799806,6575,5394,1006,0
2026-08-23 07:46:06.799826,6585,5382,1158,0
2026-08-23 07:46:06.799846,6580,5365,1038,0
2026-08-23 07:46:06.820463,6562,4708,379,0
2026-08-23 07:46:06.820483,6558,4949,1080,0
2026-08-23 07:46:06.820503,6523,4940,0,0
2026-08-23 07:46:06.820523,6548,5160,268,0
2026-08-23 07:46:06.820543,6570,5261,1703,0
2026-08-23 07:46:06.820563,6602,5294,1614,0
2026-08-23 07:46:06.820583,6600,5303,1282,0
2026-08-23 07:46:06.820603,6569,5380,1177,0
2026-08-23 07:46:06.820623,6580,5376,995,0
2026-08-23 07:46:06.820643,6569,5417,1113,0
2026-08-23 07:46:06.820663,6574,5412,1039,0
2026-08-23 07:46:06.820683,6565,5403,1012,0
2026-08-23 07:46:06.820703,6563,5396,998,0
2026-08-23 07:46:06.840962,6527,4640,0,0
2026-08-23 07:46:06.840982,6542,4857,119,0
2026-08-23 07:46:06.841002,6533,4982,0,0
2026-08-23 07:46:06.841022,6527,5107,0,0
2026-08-23 07:46:06.841042,6565,5296,1676,0
2026-08-23 07:46:06.841062,6588,5332,1511,0
2026-08-23 07:46:06.841082,6590,5320,1236,0
2026-08-23 07:46:06.841102,6556,5373,1257,0
2026-08-23 07:46:06.841122,6579,5353,1072,0
2026-08-23 07:46:06.841142,6562,5402,1048,0
2026-08-23 07:46:06.841162,6567,5397,949,0
2026-08-23 07:46:06.841182,6570,5386,1100,0
2026-08-23 07:46:06.841202,6588,5411,1297,0
2026-08-23 07:46:06.862055,6591,4828,1009,0
2026-08-23 07:46:06.862075,6574,4964,1165,0
2026-08-23 07:46:06.862095,6578,5098,1056,0
2026-08-23 07:46:06.862115,6569,5220,1042,0
2026-08-23 07:46:06.862135,6569,5260,937,0
2026-08-23 07:46:06.862155,6560,5303,1134,0
2026-08-23 07:46:06.862175,6581,5353,1166,0
2026-08-23 07:46:06.862195,6570,5331,1072,0
2026-08-23 07:46:06.862215,6564,5400,1161,0
2026-08-23 07:46:06.862235,6579,5392,1321,0
2026-08-23 07:46:06.862255,6594,5449,1503,0
2026-08-23 07:46:06.862275,6576,5410,997,0
2026-08-23 07:46:06.862295,6577,5407,1163,0
2026-08-23 07:46:06.883151,6600,4781,1560,0
2026-08-23 07:46:06.883171,6593,4960,1719,0
2026-08-23 07:46:06.883191,6593,5040,1378,0
2026-08-23 07:46:06.883211,6588,5156,1359,0
2026-08-23 07:46:06.883231,6579,5216,1134,0
2026-08-23 07:46:06.883251,6571,5302,1116,0
2026-08-23 07:46:06.883271,6560,5296,892,0
2026-08-23 07:46:06.883291,6580,5349,1090,0
2026-08-23 07:46:06.883311,6564,5351,1048,0
2026-08-23 07:46:06.883331,6554,5365,1041,0
2026-08-23 07:46:06.883351,6571,5382,1032,0
2026-08-23 07:46:06.883371,6575,5383,1219,0
2026-08-23 07:46:06.883391,6584,5370,992,0
2026-08-23 07:46:06.903577,6578,4741,895,0
2026-08-23 07:46:06.903597,6577,4980,1438,0
2026-08-23 07:46:06.903617,6535,4956,53,0
2026-08-23 07:46:06.903637,6534,5130,81,0
2026-08-23 07:46:06.903657,6502,5156,0,0
2026-08-23 07:46:06.903677,6524,5235,0,0
2026-08-23 07:46:06.903697,6573,5374,1693,0
2026-08-23 07:46:06.903717,6588,5358,1525,0
2026-08-23 07:46:06.903737,6594,5369,1246,0
2026-08-23 07:46:06.903757,6580,5399,1260,0
2026-08-23 07:46:06.903777,6587,5411,1077,0
2026-08-23 07:46:06.903797,6573,5423,1180,0
2026-08-23 07:46:06.903817,6586,5378,1280,0
2026-08-23 07:46:06.924644,6592,4829,1100,0
2026-08-23 07:46:06.924664,6574,4949,1149,0
2026-08-23 07:46:06.924685,6576,5064,993,0
2026-08-23 07:46:06.924705,6575,5177,1124,0
2026-08-23 07:46:06.924725,6571,5237,1009,0
2026-08-23 07:46:06.924745,6572,5270,1005,0
2026-08-23 07:46:06.924765,6564,5334,994,0
2026-08-23 07:46:06.924785,6559,5380,1212,0
2026-08-23 07:46:06.924804,6576,5408,1288,0
2026-08-23 07:46:06.924824,6562,5406,1076,0
2026-08-23 07:46:06.924845,6579,5388,1199,0
2026-08-23 07:46:06.924865,6582,5433,1273,0
2026-08-23 07:46:06.924885,6594,5387,1236,0
2026-08-23 07:46:06.945631,6551,4690,0,0
2026-08-23 07:46:06.945651,6538,4851,34,0
2026-08-23 07:46:06.945671,6579,5086,1837,0
2026-08-23 07:46:06.945691,6594,5240,1686,0
2026-08-23 07:46:06.945711,6615,5246,1371,0
2026-08-23 07:46:06.945731,6579,5325,1375,0
2026-08-23 07:46:06.945751,6587,5315,1091,0
2026-08-23 07:46:06.945771,6568,5347,1114,0
2026-08-23 07:46:06.945791,6572,5375,941,0
2026-08-23 07:46:06.945811,6563,5406,1110,0
2026-08-23 07:46:06.945831,6581,5383,1068,0
2026-08-23 07:46:06.945851,6557,5410,1050,0
2026-08-23 07:46:06.945871,6584,5367,1129,0
2026-08-23 07:46:06.966510,6612,4796,1837,0
2026-08-23 07:46:06.966530,6604,4965,1790,0
2026-08-23 07:46:06.966550,6614,5133,1477,0
2026-08-23 07:46:06.966570,6592,5207,1362,0
2026-08-23 07:46:06.966590,6596,5238,1146,0
2026-08-23 07:46:06.966610,6567,5270,1116,0
2026-08-23 07:46:06.966630,6576,5343,960,0
2026-08-23 07:46:06.966650,6567,5330,1121,0
2026-08-23 07:46:06.966670,6586,5381,1102,0
2026-08-23 07:46:06.966690,6563,5402,1056,0
2026-08-23 07:46:06.966710,6571,5436,1110,0
2026-08-23 07:46:06.966730,6578,5429,1227,0
2026-08-23 07:46:06.966750,6575,5411,1036,0
2026-08-23 07:46:06.987347,6583,4668,197,0
2026-08-23 07:46:06.987367,6564,4901,974,0
2026-08-23 07:46:06.987387,6524,4931,0,0
2026-08-23 07:46:06.987407,6663,5219,640,0
2026-08-23 07:46:06.987427,6572,5244,1715,0
2026-08-23 07:46:06.987447,6598,5324,1621,0
2026-08-23 07:46:06.987467,6595,5346,1325,0
2026-08-23 07:46:06.987487,6575,5365,1241,0
2026-08-23 07:46:06.987507,6573,5370,1050,0
2026-08-23 07:46:06.987527,6568,5407,1128,0
2026-08-23 07:46:06.987547,6571,5411,1006,0
2026-08-23 07:46:06.987567,6564,5412,1064,0
2026-08-23 07:46:06.987587,6573,5406,1204,0
2026-08-23 07:46:07.008150,6604,4809,1959,0
2026-08-23 07:46:07.008170,6563,4946,136,0
2026-08-23 07:46:07.008190,6582,5136,1698,0
2026-08-23 07:46:07.008210,6607,5178,1602,0
2026-08-23 07:46:07.008230,6609,5262,1308,0
2026-08-23 07:46:07.008250,6567,5301,1230,0
2026-08-23 07:46:07.008270,6574,5313,1002,0
2026-08-23 07:46:07.008290,6565,5360,1215,0
2026-08-23 07:46:07.008310,6574,5401,1040,0
2026-08-23 07:46:07.008330,6553,5393,1032,0
2026-08-23 07:46:07.008350,6564,5402,993,0
2026-08-23 07:46:07.008370,6572,5405,1147,0
2026-08-23 07:46:07.008390,6572,5384,1004,0
2026-08-23 07:46:07.028915,6640,4721,31,0
2026-08-23 07:46:07.028935,6533,4848,0,0
2026-08-23 07:46:07.028955,6573,5099,1679,0
2026-08-23 07:46:07.028975,6587,5217,1570,0
2026-08-23 07:46:07.028995,6595,5234,1257,0
2026-08-23 07:46:07.029015,6576,5293,1272,0
2026-08-23 07:46:07.029035,6575,5314,1078,0
2026-08-23 07:46:07.029055,6567,5359,1054,0
2026-08-23 07:46:07.029075,6575,5350,932,0
2026-08-23 07:46:07.029095,6571,5360,1103,0
2026-08-23 07:46:07.029115,6570,5380,1106,0
2026-08-23 07:46:07.029135,6556,5409,1007,0
2026-08-23 07:46:07.029155,6573,5381,948,0
2026-08-23 07:46:07.049899,6605,4779,1561,0
2026-08-23 07:46:07.049919,6585,4961,1515,0
2026-08-23 07:46:07.049939,6596,5100,1283,0
2026-08-23 07:46:07.049959,6587,5203,1273,0
2026-08-23 07:46:07.049979,6576,5252,1072,0
2026-08-23 07:46:07.049999,6567,5275,1069,0
2026-08-23 07:46:07.050019,6573,5303,920,0
2026-08-23 07:46:07.050039,6571,5398,1106,0
2026-08-23 07:46:07.050059,6572,5400,1092,0
2026-08-23 07:46:07.050079,6571,5368,1048,0
2026-08-23 07:46:07.050099,6574,5420,1097,0
2026-08-23 07:46:07.050119,6571,5382,1220,0
2026-08-23 07:46:07.050139,6587,5406,1080,0
2026-08-23 07:46:07.070872,6564,4704,327,0
2026-08-23 07:46:07.070892,6569,4928,998,0
2026-08-23 07:46:07.070912,6530,4968,0,0
2026-08-23 07:46:07.070932,6626,5242,1179,0
2026-08-23 07:46:07.070952,6601,5283,1667,0
2026-08-23 07:46:07.070972,6596,5319,1581,0
2026-08-23 07:46:07.070992,6597,5319,1273,0
2026-08-23 07:46:07.071012,6585,5337,1203,0
2026-08-23 07:46:07.071032,6579,5385,928,0
2026-08-23 07:46:07.071052,6570,5405,1121,0
2026-08-23 07:46:07.071072,6576,5412,1008,0
2026-08-23 07:46:07.071092,6573,5374,1043,0
2026-08-23 07:46:07.071112,6588,5371,1244,0
2026-08-23 07:46:07.091839,6567,4698,446,0
2026-08-23 07:46:07.091859,6567,4935,938,0
2026-08-23 07:46:07.091879,6548,5019,683,0
2026-08-23 07:46:07.091899,6557,5157,789,0
2026-08-23 07:46:07.091919,6521,5208,0,0
2026-08-23 07:46:07.091939,6562,5398,2807,0
2026-08-23 07:46:07.091959,6683,5370,1625,0
2026-08-23 07:46:07.091980,6606,5389,1566,0
2026-08-23 07:46:07.091999,6594,5400,1259,0
2026-08-23 07:46:07.092019,6574,5370,1184,0
2026-08-23 07:46:07.092039,6596,5409,994,0
2026-08-23 07:46:07.092059,6579,5418,1217,0
2026-08-23 07:46:07.092079,6596,5381,1456,0
2026-08-23 07:46:07.112191,6577,4764,895,0
2026-08-23 07:46:07.112211,6585,4979,1390,0
2026-08-23 07:46:07.112231,6533,5013,0,0
2026-08-23 07:46:07.112251,6514,5064,0,0
2026-08-23 07:46:07.112271,6521,5090,0,0
2026-08-23 07:46:07.112291,6560,5303,147,0
2026-08-23 07:46:07.112311,6583,5343,1495,0
2026-08-23 07:46:07.112331,6585,5350,1358,0
2026-08-23 07:46:07.112351,6584,5392,1121,0
2026-08-23 07:46:07.112371,6579,5367,1172,0
2026-08-23 07:46:07.112391,6576,5354,1037,0
2026-08-23 07:46:07.112411,6577,5385,1074,0
2026-08-23 07:46:07.112431,6459,5395,1072,0
2026-08-23 07:46:07.132917,6590,4803,1032,0
2026-08-23 07:46:07.132937,6570,4967,1012,0
2026-08-23 07:46:07.132957,6579,5128,1001,0
2026-08-23 07:46:07.132977,6572,5204,1231,0
2026-08-23 07:46:07.132997,6580,5279,1345,0
2026-08-23 07:46:07.133017,6566,5328,1073,0
2026-08-23 07:46:07.133037,6564,5341,1209,0
2026-08-23 07:46:07.133057,6575,5362,1226,0
2026-08-23 07:46:07.133077,6581,5426,1412,0
2026-08-23 07:46:07.133097,6534,5352,50,0
2026-08-23 07:46:07.133117,6527,5362,29,0
2026-08-23 07:46:07.133137,6546,5384,303,0
2026-08-23 07:46:07.133157,6580,5407,1420,0
2026-08-23 07:46:07.153090,6596,4811,1116,0
2026-08-23 07:46:07.153110,6567,4963,1265,0
2026-08-23 07:46:07.153130,6580,5082,1375,0
2026-08-23 07:46:07.153150,6564,5171,1039,0
2026-08-23 07:46:07.153170,6571,5257,1175,0
2026-08-23 07:46:07.153190,6571,5343,1185,0
2026-08-23 07:46:07.153210,6592,5383,1365,0
2026-08-23 07:46:07.153230,6543,5315,28,0
2026-08-23 07:46:07.153250,6532,5330,41,0
2026-08-23 07:46:07.153270,6512,5291,0,0
2026-08-23 07:46:07.153290,6533,5321,0,0
2026-08-23 07:46:07.153310,6590,5474,1282,0
2026-08-23 07:46:07.153330,6551,5325,284,0
2026-08-23 07:46:07.174033,6585,4758,176,0
2026-08-23 07:46:07.174053,6516,4854,0,0
2026-08-23 07:46:07.174073,6670,5154,620,0
2026-08-23 07:46:07.174093,6575,5253,1699,0
2026-08-23 07:46:07.174113,6600,5267,1606,0
2026-08-23 07:46:07.174133,6591,5338,1307,0
2026-08-23 07:46:07.174153,6568,5358,1216,0
2026-08-23 07:46:07.174173,6573,5331,992,0
2026-08-23 07:46:07.174193,6571,5404,1124,0
2026-08-23 07:46:07.174213,6583,5406,1034,0
2026-08-23 07:46:07.174233,6561,5373,1000,0
2026-08-23 07:46:07.174253,6573,5385,903,0
2026-08-23 07:46:07.174273,6591,5410,1178,0
2026-08-23 07:46:07.195099,6605,4826,1795,0
2026-08-23 07:46:07.195119,6619,4973,1612,0
2026-08-23 07:46:07.195139,6613,5092,1597,0
2026-08-23 07:46:07.195159,6602,5192,1277,0
2026-08-23 07:46:07.195179,6580,5265,1194,0
2026-08-23 07:46:07.195199,6577,5282,1000,0
2026-08-23 07:46:07.195219,6570,5328,1127,0
2026-08-23 07:46:07.195239,6580,5343,987,0
2026-08-23 07:46:07.195259,6571,5346,915,0
2026-08-23 07:46:07.195279,6571,5397,933,0
2026-08-23 07:46:07.195299,6579,5416,1138,0
2026-08-23 07:46:07.195319,6580,5386,1065,0
2026-08-23 07:46:07.195339,6574,5410,1009,0
2026-08-23 07:46:07.215667,6601,4805,1486,0
2026-08-23 07:46:07.215687,6569,4926,874,0
2026-08-23 07:46:07.215707,6572,5065,1006,0
2026-08-23 07:46:07.215727,6562,5133,855,0
2026-08-23 07:46:07.215747,6572,5222,1049,0
2026-08-23 07:46:07.215767,6514,5162,0,0
2026-08-23 07:46:07.215787,6529,5257,0,0
2026-08-23 07:46:07.215807,6580,5369,1283,0
2026-08-23 07:46:07.215827,6588,5409,1791,0
2026-08-23 07:46:07.215847,6606,5372,1389,0
2026-08-23 07:46:07.215867,6584,5392,1293,0
2026-08-23 07:46:07.215887,6585,5436,1297,0
2026-08-23 07:46:07.215907,6601,5457,3014,0
2026-08-23 07:46:07.236608,6584,4737,833,0
2026-08-23 07:46:07.236628,6555,4900,741,0
2026-08-23 07:46:07.236648,6562,5069,906,0
2026-08-23 07:46:07.236668,6539,5136,0,0
2026-08-23 07:46:07.236688,6583,5279,3187,0
2026-08-23 07:46:07.236708,6697,5327,1616,0
2026-08-23 07:46:07.236728,6616,5357,1519,0
2026-08-23 07:46:07.236748,6603,5379,1241,0
2026-08-23 07:46:07.236768,6567,5390,1192,0
2026-08-23 07:46:07.236788,6562,5398,1006,0
2026-08-23 07:46:07.236808,6571,5417,1111,0
2026-08-23 07:46:07.236828,6580,5415,1042,0
2026-08-23 07:46:07.236848,6576,5431,1202,0
2026-08-23 07:46:07.257272,6604,4818,1344,0
2026-08-23 07:46:07.257292,6553,4865,335,0
2026-08-23 07:46:07.257312,6537,5015,329,0
2026-08-23 07:46:07.257332,6515,5139,0,0
2026-08-23 07:46:07.257352,6530,5198,2,0
2026-08-23 07:46:07.257372,6578,5338,1809,0
2026-08-23 07:46:07.257392,6509,5352,1667,0
2026-08-23 07:46:07.257412,6602,5395,1371,0
2026-08-23 07:46:07.257432,6585,5415,1369,0
2026-08-23 07:46:07.257452,6586,5367,1127,0
2026-08-23 07:46:07.257472,6561,5431,1106,0
2026-08-23 07:46:07.257492,6582,5412,1044,0
2026-08-23 07:46:07.257512,6587,5391,1398,0
2026-08-23 07:46:07.277848,6562,4709,63,0
2026-08-23 07:46:07.277868,6516,4857,0,0
2026-08-23 07:46:07.277888,6532,4994,0,0
2026-08-23 07:46:07.277908,6572,5207,1738,0
2026-08-23 07:46:07.277928,6595,5256,1574,0
2026-08-23 07:46:07.277948,6592,5322,1257,0
2026-08-23 07:46:07.277968,6581,5337,1261,0
2026-08-23 07:46:07.277988,6581,5348,1072,0
2026-08-23 07:46:07.278008,6568,5385,1064,0
2026-08-23 07:46:07.278028,6582,5370,960,0
2026-08-23 07:46:07.278048,6570,5390,1132,0
2026-08-23 07:46:07.278068,6581,5393,1058,0
2026-08-23 07:46:07.278088,6466,5377,1088,0
2026-08-23 07:46:07.298767,6590,4834,1140,0
2026-08-23 07:46:07.298787,6582,4957,1009,0
2026-08-23 07:46:07.298807,6571,5107,1040,0
2026-08-23 07:46:07.298827,6565,5200,944,0
2026-08-23 07:46:07.298847,6576,5278,1151,0
2026-08-23 07:46:07.298867,6568,5295,1175,0
2026-08-23 07:46:07.298887,6574,5330,1068,0
2026-08-23 07:46:07.298907,6576,5378,1171,0
2026-08-23 07:46:07.298927,6579,5371,1314,0
2026-08-23 07:46:07.298947,6589,5427,1477,0
2026-08-23 07:46:07.298967,6562,5362,775,0
2026-08-23 07:46:07.298987,6569,5394,1176,0
2026-08-23 07:46:07.299007,6579,5380,1291,0
2026-08-23 07:46:07.319783,6602,4774,1616,0
2026-08-23 07:46:07.319803,6594,4966,1569,0
2026-08-23 07:46:07.319823,6597,5092,1642,0
2026-08-23 07:46:07.319843,6604,5165,1298,0
2026-08-23 07:46:07.319863,6574,5256,1239,0
2026-08-23 07:46:07.319883,6582,5266,1037,0
2026-08-23 07:46:07.319903,6565,5309,1136,0
2026-08-23 07:46:07.319923,6577,5363,1007,0
2026-08-23 07:46:07.319943,6561,5399,1039,0
2026-08-23 07:46:07.319963,6571,5368,955,0
2026-08-23 07:46:07.319983,6577,5391,1188,0
2026-08-23 07:46:07.320003,6574,5390,1097,0
2026-08-23 07:46:07.320023,6585,5421,1006,0
2026-08-23 07:46:07.340446,6587,4746,943,0
2026-08-23 07:46:07.340466,6501,4837,0,0
2026-08-23 07:46:07.340486,6524,4974,0,0
2026-08-23 07:46:07.340506,6522,5076,0,0
2026-08-23 07:46:07.340526,6634,5329,1112,0
2026-08-23 07:46:07.340546,6579,5317,1508,0
2026-08-23 07:46:07.340566,6577,5321,1355,0
2026-08-23 07:46:07.340586,6583,5363,1114,0
2026-08-23 07:46:07.340606,6571,5396,1268,0
2026-08-23 07:46:07.340626,6582,5407,1049,0
2026-08-23 07:46:07.340646,6568,5379,1048,0
2026-08-23 07:46:07.340666,6569,5370,938,0
2026-08-23 07:46:07.340686,6583,5375,1140,0
2026-08-23 07:46:07.361560,6589,4810,1195,0
2026-08-23 07:46:07.361580,6581,4955,1114,0
2026-08-23 07:46:07.361600,6580,5011,1217,0
2026-08-23 07:46:07.361620,6583,5169,1041,0
2026-08-23 07:46:07.361640,6573,5285,1041,0
2026-08-23 07:46:07.361660,6569,5311,928,0
2026-08-23 07:46:07.361681,6572,5323,1134,0
2026-08-23 07:46:07.361701,6587,5373,1114,0
2026-08-23 07:46:07.361720,6583,5381,1058,0
2026-08-23 07:46:07.361740,6576,5386,1122,0
2026-08-23 07:46:07.361760,6574,5393,1289,0
2026-08-23 07:46:07.361780,6594,5402,1299,0
2026-08-23 07:46:07.361800,6552,5399,1039,0
2026-08-23 07:46:07.382185,6575,4712,266,0
2026-08-23 07:46:07.382205,6510,4789,0,0
2026-08-23 07:46:07.382225,6545,5019,0,0
2026-08-23 07:46:07.382245,6572,5217,1759,0
2026-08-23 07:46:07.382265,6603,5251,1641,0
2026-08-23 07:46:07.382285,6606,5319,1352,0
2026-08-23 07:46:07.382305,6582,5338,1257,0
2026-08-23 07:46:07.382325,6584,5369,1041,0
2026-08-23 07:46:07.382345,6569,5359,1129,0
2026-08-23 07:46:07.382365,6566,5397,985,0
2026-08-23 07:46:07.382385,6572,5371,1001,0
2026-08-23 07:46:07.382405,6579,5385,939,0
2026-08-23 07:46:07.382425,6582,5409,1197,0
2026-08-23 07:46:07.402385,6613,4818,1619,0
2026-08-23 07:46:07.402405,6601,4972,1547,0
2026-08-23 07:46:07.402425,6585,5107,1452,0
2026-08-23 07:46:07.402445,6597,5218,1195,0
2026-08-23 07:46:07.402465,6565,5262,1162,0
2026-08-23 07:46:07.402485,6577,5282,962,0
2026-08-23 07:46:07.402505,6567,5316,1132,0
2026-08-23 07:46:07.402525,6576,5374,1010,0
2026-08-23 07:46:07.402545,6565,5385,1006,0
2026-08-23 07:46:07.402565,6579,5402,1003,0
2026-08-23 07:46:07.402585,6576,5380,1209,0
2026-08-23 07:46:07.402605,6591,5419,1139,0
2026-08-23 07:46:07.402625,6581,5356,1044,0
2026-08-23 07:46:07.423360,6595,4865,1264,0
2026-08-23 07:46:07.423380,6594,5017,1366,0
2026-08-23 07:46:07.423400,6589,5100,1044,0
2026-08-23 07:46:07.423420,6581,5214,1185,0
2026-08-23 07:46:07.423440,6578,5245,1272,0
2026-08-23 07:46:07.423460,6592,5340,1484,0
2026-08-23 07:46:07.423480,6547,5293,487,0
2026-08-23 07:46:07.423500,6547,5325,615,0
2026-08-23 07:46:07.423520,6539,5314,326,0
2026-08-23 07:46:07.423540,6571,5386,477,0
2026-08-23 07:46:07.423560,6581,5436,1386,0
2026-08-23 07:46:07.423580,6530,5320,0,0
2026-08-23 07:46:07.423600,6567,5356,978,0
2026-08-23 07:46:07.444397,6592,4745,1038,0
2026-08-23 07:46:07.444417,6576,4929,997,0
2026-08-23 07:46:07.444438,6570,5059,1164,0
2026-08-23 07:46:07.444458,6580,5166,1233,0
2026-08-23 07:46:07.444478,6574,5260,1080,0
2026-08-23 07:46:07.444498,6568,5316,1197,0
2026-08-23 07:46:07.444518,6575,5319,1316,0
2026-08-23 07:46:07.444538,6599,5368,1494,0
2026-08-23 07:46:07.444557,6558,5357,663,0
2026-08-23 07:46:07.444577,6568,5356,807,0
2026-08-23 07:46:07.444597,6550,5383,591,0
2026-08-23 07:46:07.444618,6586,5441,1335,0
2026-08-23 07:46:07.444638,6576,5400,845,0
2026-08-23 07:46:07.465505,6591,4776,1332,0
2026-08-23 07:46:07.465525,6593,4951,1309,0
2026-08-23 07:46:07.465545,6576,5058,1247,0
2026-08-23 07:46:07.465565,6582,5146,1045,0
2026-08-23 07:46:07.465585,6578,5257,1127,0
2026-08-23 07:46:07.465605,6577,5290,996,0
2026-08-23 07:46:07.465626,6571,5340,997,0
2026-08-23 07:46:07.465646,6592,5351,924,0
2026-08-23 07:46:07.465665,6566,5367,1106,0
2026-08-23 07:46:07.465685,6581,5369,1134,0
2026-08-23 07:46:07.465705,6562,5416,1054,0
2026-08-23 07:46:07.465725,6579,5405,984,0
2026-08-23 07:46:07.465745,6669,5369,1083,0
2026-08-23 07:46:07.485892,6590,4721,950,0
2026-08-23 07:46:07.485912,6574,4905,1146,0
2026-08-23 07:46:07.485932,6588,5055,1366,0
2026-08-23 07:46:07.485952,6538,5038,0,0
2026-08-23 07:46:07.485972,6551,5155,0,0
2026-08-23 07:46:07.485992,6508,5172,0,0
2026-08-23 07:46:07.486012,6529,5233,0,0
2026-08-23 07:46:07.486032,6568,5404,1678,0
2026-08-23 07:46:07.486052,6588,5377,1555,0
2026-08-23 07:46:07.486072,6590,5386,1273,0
2026-08-23 07:46:07.486092,6580,5415,1261,0
2026-08-23 07:46:07.486112,6587,5400,1269,0
2026-08-23 07:46:07.486132,6592,5408,1748,0
2026-08-23 07:46:07.506112,6603,4859,1412,0
2026-08-23 07:46:07.506132,6599,5017,1321,0
2026-08-23 07:46:07.506152,6587,5134,1311,0
2026-08-23 07:46:07.506172,6592,5183,1102,0
2026-08-23 07:46:07.506192,6581,5245,1158,0
2026-08-23 07:46:07.506212,6570,5302,999,0
2026-08-23 07:46:07.506232,6576,5348,1005,0
2026-08-23 07:46:07.506252,6582,5371,943,0
2026-08-23 07:46:07.506272,6561,5399,1147,0
2026-08-23 07:46:07.506292,6584,5384,1173,0
2026-08-23 07:46:07.506312,6572,5417,1087,0
2026-08-23 07:46:07.506332,6575,5415,1075,0
2026-08-23 07:46:07.506352,6584,5393,1179,0
2026-08-23 07:46:07.525607,6585,4812,1067,0
2026-08-23 07:46:07.525627,6576,4980,990,0
2026-08-23 07:46:07.525647,6574,5101,1142,0
2026-08-23 07:46:07.525667,6590,5187,1209,0
2026-08-23 07:46:07.525687,6574,5232,1062,0
2026-08-23 07:46:07.525707,6582,5298,1156,0
2026-08-23 07:46:07.525727,6575,5361,1298,0
2026-08-23 07:46:07.525747,6586,5365,1466,0
2026-08-23 07:46:07.525767,6564,5368,839,0
2026-08-23 07:46:07.525787,6558,5403,1000,0
2026-08-23 07:46:07.525807,6575,5414,1065,0
2026-08-23 07:46:07.525827,6598,5429,1441,0
2026-08-23 07:46:07.545969,6574,4789,824,0
2026-08-23 07:46:07.545989,6573,4978,923,0
2026-08-23 07:46:07.546009,6574,5093,1103,0
2026-08-23 07:46:07.546029,6508,5073,0,0
2026-08-23 07:46:07.546049,6520,5192,0,0
2026-08-23 07:46:07.546069,6620,5280,91,0
2026-08-23 07:46:07.546089,6579,5439,2919,0
2026-08-23 07:46:07.546109,6685,5419,1440,0
2026-08-23 07:46:07.546129,6593,5370,1364,0
2026-08-23 07:46:07.546149,6586,5404,1122,0
2026-08-23 07:46:07.546169,6577,5439,1076,0
2026-08-23 07:46:07.546189,6593,5414,1127,0
2026-08-23 07:46:07.546209,6622,5421,1401,0
2026-08-23 07:46:07.566355,6680,4862,1342,0
2026-08-23 07:46:07.566375,6599,5009,1747,0
2026-08-23 07:46:07.566395,6597,5089,1733,0
2026-08-23 07:46:07.566415,6611,5205,1397,0
2026-08-23 07:46:07.566435,6589,5279,1374,0
2026-08-23 07:46:07.566455,6599,5299,1172,0
2026-08-23 07:46:07.566475,6575,5314,1116,0
2026-08-23 07:46:07.566495,6572,5349,950,0
2026-08-23 07:46:07.566515,6569,5394,1106,0
2026-08-23 07:46:07.566535,6582,5375,1043,0
2026-08-23 07:46:07.566555,6564,5427,1009,0
2026-08-23 07:46:07.566575,6586,5407,1012,0
2026-08-23 07:46:07.566595,6608,5403,3094,0
2026-08-23 07:46:07.586920,6599,4853,1011,0
2026-08-23 07:46:07.586940,6576,4980,1138,0
2026-08-23 07:46:07.586960,6578,5072,1105,0
2026-08-23 07:46:07.586980,6576,5208,994,0
2026-08-23 07:46:07.587000,6578,5233,967,0
2026-08-23 07:46:07.587020,6579,5310,949,0
2026-08-23 07:46:07.587040,6577,5327,1162,0
2026-08-23 07:46:07.587060,6580,5388,1197,0
2026-08-23 07:46:07.587080,6567,5394,1071,0
2026-08-23 07:46:07.587100,6579,5384,1166,0
2026-08-23 07:46:07.587120,6576,5400,1307,0
2026-08-23 07:46:07.587140,6591,5382,1170,0
2026-08-23 07:46:07.587160,6586,5355,1309,0
2026-08-23 07:46:07.608140,6593,4800,1193,0
2026-08-23 07:46:07.608160,6587,4990,1011,0
2026-08-23 07:46:07.608180,6572,5087,991,0
2026-08-23 07:46:07.608200,6571,5170,954,0
2026-08-23 07:46:07.608220,6559,5287,1155,0
2026-08-23 07:46:07.608240,6586,5303,1231,0
2026-08-23 07:46:07.608260,6580,5308,1070,0
2026-08-23 07:46:07.608280,6579,5352,1181,0
2026-08-23 07:46:07.608300,6570,5407,1309,0
2026-08-23 07:46:07.608320,6595,5403,1494,0
2026-08-23 07:46:07.608340,6550,5333,664,0
2026-08-23 07:46:07.608360,6570,5421,1142,0
2026-08-23 07:46:07.608380,6585,5434,1301,0
2026-08-23 07:46:07.629240,6596,4770,1498,0
2026-08-23 07:46:07.629260,6599,4952,1460,0
2026-08-23 07:46:07.629280,6584,5075,1485,0
2026-08-23 07:46:07.629300,6602,5183,1254,0
2026-08-23 07:46:07.629320,6578,5252,1197,0
2026-08-23 07:46:07.629340,6570,5287,992,0
2026-08-23 07:46:07.629360,6580,5331,1105,0
2026-08-23 07:46:07.629380,6576,5332,969,0
2026-08-23 07:46:07.629400,6545,5381,998,0
2026-08-23 07:46:07.629420,6570,5366,959,0
2026-08-23 07:46:07.629440,6574,5435,1171,0
2026-08-23 07:46:07.629460,6582,5420,1082,0
2026-08-23 07:46:07.629480,6581,5375,1004,0
2026-08-23 07:46:07.650196,6597,4793,1397,0
2026-08-23 07:46:07.650216,6556,4878,551,0
2026-08-23 07:46:07.650236,6552,5027,839,0
2026-08-23 07:46:07.650256,6545,5169,620,0
2026-08-23 07:46:07.650276,6558,5242,766,0
2026-08-23 07:46:07.650296,6540,5198,0,0
2026-08-23 07:46:07.650316,6570,5416,2733,0
2026-08-23 07:46:07.650336,6675,5365,1646,0
2026-08-23 07:46:07.650356,6608,5382,1584,0
2026-08-23 07:46:07.650376,6603,5389,1246,0
2026-08-23 07:46:07.650396,6574,5414,1231,0
2026-08-23 07:46:07.650416,6588,5386,1200,0
2026-08-23 07:46:07.650436,6599,5444,1641,0
2026-08-23 07:46:07.670648,6592,4753,1185,0
2026-08-23 07:46:07.670668,6583,4961,1294,0
2026-08-23 07:46:07.670688,6593,5096,1473,0
2026-08-23 07:46:07.670708,6545,5108,218,0
2026-08-23 07:46:07.670728,6553,5190,192,0
2026-08-23 07:46:07.670748,6510,5194,0,0
2026-08-23 07:46:07.670768,6533,5278,0,0
2026-08-23 07:46:07.670788,6572,5411,1664,0
2026-08-23 07:46:07.670808,6589,5378,1500,0
2026-08-23 07:46:07.670828,6601,5411,1221,0
2026-08-23 07:46:07.670848,6584,5424,1228,0
2026-08-23 07:46:07.670868,6588,5422,1157,0
2026-08-23 07:46:07.670888,6594,5423,1486,0
2026-08-23 07:46:07.691911,6706,4833,1069,0
2026-08-23 07:46:07.691931,6587,4978,1761,0
2026-08-23 07:46:07.691952,6598,5149,1745,0
2026-08-23 07:46:07.691972,6611,5180,1411,0
2026-08-23 07:46:07.691992,6594,5242,1379,0
2026-08-23 07:46:07.692012,6598,5301,1169,0
2026-08-23 07:46:07.692032,6576,5351,1415,0
2026-08-23 07:46:07.692052,6572,5350,945,0
2026-08-23 07:46:07.692071,6573,5355,1108,0
2026-08-23 07:46:07.692091,6579,5402,1051,0
2026-08-23 07:46:07.692111,6558,5402,1000,0
2026-08-23 07:46:07.692132,6580,5380,927,0
2026-08-23 07:46:07.692152,6591,5407,1220,0
2026-08-23 07:46:07.712664,6599,4733,1185,0
2026-08-23 07:46:07.712684,6588,4919,1305,0
2026-08-23 07:46:07.712704,6585,5061,1494,0
2026-08-23 07:46:07.712724,6559,5093,655,0
2026-08-23 07:46:07.712744,6555,5231,827,0
2026-08-23 07:46:07.712764,6552,5236,606,0
2026-08-23 07:46:07.712784,6558,5319,724,0
2026-08-23 07:46:07.712804,6531,5281,0,0
2026-08-23 07:46:07.712824,6571,5462,2682,0
2026-08-23 07:46:07.712844,6674,5389,1657,0
2026-08-23 07:46:07.712864,6599,5418,1587,0
2026-08-23 07:46:07.712884,6609,5436,1628,0
2026-08-23 07:46:07.712904,6552,5318,0,0
2026-08-23 07:46:07.733606,6600,4813,1490,0
2026-08-23 07:46:07.733626,6560,4945,827,0
2026-08-23 07:46:07.733646,6570,5049,930,0
2026-08-23 07:46:07.733666,6552,5182,745,0
2026-08-23 07:46:07.733686,6566,5252,858,0
2026-08-23 07:46:07.733706,6524,5175,0,0
2026-08-23 07:46:07.733726,6559,5348,435,0
2026-08-23 07:46:07.733746,6579,5388,1719,0
2026-08-23 07:46:07.733766,6603,5422,1608,0
2026-08-23 07:46:07.733786,6603,5402,1332,0
2026-08-23 07:46:07.733806,6581,5411,1274,0
2026-08-23 07:46:07.733826,6587,5414,1259,0
2026-08-23 07:46:07.733846,6600,5478,2657,0
2026-08-23 07:46:07.754333,6586,4753,1181,0
2026-08-23 07:46:07.754353,6587,4949,1313,0
2026-08-23 07:46:07.754373,6599,5064,1488,0
2026-08-23 07:46:07.754393,6576,5126,838,0
2026-08-23 07:46:07.754413,6569,5254,974,0
2026-08-23 07:46:07.754433,6552,5259,832,0
2026-08-23 07:46:07.754453,6564,5325,1001,0
2026-08-23 07:46:07.754473,6532,5208,0,0
2026-08-23 07:46:07.754493,6540,5275,0,0
2026-08-23 07:46:07.754513,6578,5399,1785,0
2026-08-23 07:46:07.754533,6606,5409,1696,0
2026-08-23 07:46:07.754553,6628,5433,1748,0
2026-08-23 07:46:07.754573,6566,5333,485,0
2026-08-23 07:46:07.774564,6604,4809,1430,0
2026-08-23 07:46:07.774584,6586,4923,1012,0
2026-08-23 07:46:07.774604,6571,5058,1158,0
2026-08-23 07:46:07.774624,6564,5166,1151,0
2026-08-23 07:46:07.774644,6585,5279,1333,0
2026-08-23 07:46:07.774664,6532,5193,0,0
2026-08-23 07:46:07.774684,6522,5240,0,0
2026-08-23 07:46:07.774704,6522,5281,0,0
2026-08-23 07:46:07.774724,6549,5375,148,0
2026-08-23 07:46:07.774744,6575,5371,1523,0
2026-08-23 07:46:07.774764,6586,5424,1378,0
2026-08-23 07:46:07.774784,6597,5387,1390,0
2026-08-23 07:46:07.774804,6569,5308,0,0
2026-08-23 07:46:07.795501,6591,4808,1107,0
2026-08-23 07:46:07.795521,6579,4984,999,0
2026-08-23 07:46:07.795542,6571,5106,1112,0
2026-08-23 07:46:07.795562,6562,5210,1047,0
2026-08-23 07:46:07.795582,6560,5259,1000,0
2026-08-23 07:46:07.795602,6577,5283,999,0
2026-08-23 07:46:07.795622,6576,5322,1230,0
2026-08-23 07:46:07.795642,6591,5389,1311,0
2026-08-23 07:46:07.795661,6577,5356,1072,0
2026-08-23 07:46:07.795681,6574,5415,1220,0
2026-08-23 07:46:07.795702,6570,5415,1246,0
2026-08-23 07:46:07.795722,6603,5434,1500,0
2026-08-23 07:46:07.795742,6588,5382,1076,0
2026-08-23 07:46:07.816643,6602,4795,1633,0
2026-08-23 07:46:07.816664,6610,4960,1584,0
2026-08-23 07:46:07.816684,6585,5078,1787,0
2026-08-23 07:46:07.816704,6593,5156,1206,0
2026-08-23 07:46:07.816724,6584,5225,1233,0
2026-08-23 07:46:07.816744,6574,5305,1072,0
2026-08-23 07:46:07.816764,6567,5310,1062,0
2026-08-23 07:46:07.816784,6572,5337,931,0
2026-08-23 07:46:07.816803,6564,5360,1115,0
2026-08-23 07:46:07.816823,6576,5417,1110,0
2026-08-23 07:46:07.816844,6571,5383,1068,0
2026-08-23 07:46:07.816864,6579,5414,963,0
2026-08-23 07:46:07.816884,6586,5381,1137,0
2026-08-23 07:46:07.835415,6590,4766,891,0
2026-08-23 07:46:07.835435,6592,4923,1256,0
2026-08-23 07:46:07.835455,6598,5046,1453,0
2026-08-23 07:46:07.835475,6553,5095,312,0
2026-08-23 07:46:07.835495,6544,5177,396,0
2026-08-23 07:46:07.835515,6530,5253,96,0
2026-08-23 07:46:07.835535,6538,5290,152,0
2026-08-23 07:46:07.835555,6585,5396,1857,0
2026-08-23 07:46:07.835575,6600,5406,1709,0
2026-08-23 07:46:07.835595,6605,5372,1372,0
2026-08-23 07:46:07.835615,6597,5431,1665,0
2026-08-23 07:46:07.835635,6524,5285,0,0
2026-08-23 07:46:07.852296,6599,4843,1034,0
2026-08-23 07:46:07.852316,6571,5028,1200,0
2026-08-23 07:46:07.852336,6591,5107,1290,0
2026-08-23 07:46:07.852356,6576,5187,1078,0
2026-08-23 07:46:07.852376,6552,5265,1204,0
2026-08-23 07:46:07.852396,6576,5302,1265,0
2026-08-23 07:46:07.852416,6586,5391,1469,0
2026-08-23 07:46:07.852436,6537,5329,218,0
2026-08-23 07:46:07.852456,6536,5348,200,0
2026-08-23 07:46:07.852476,6535,5300,204,0
2026-08-23 07:46:07.852496,6572,5393,1408,0
2026-08-23 07:46:07.869102,6580,4871,0,0
2026-08-23 07:46:07.869123,6541,4979,0,0
2026-08-23 07:46:07.869143,6564,5215,1788,0
2026-08-23 07:46:07.869163,6607,5288,1685,0
2026-08-23 07:46:07.869183,6612,5286,1339,0
2026-08-23 07:46:07.869203,6582,5343,1249,0
2026-08-23 07:46:07.869222,6580,5331,1065,0
2026-08-23 07:46:07.869242,6579,5384,1103,0
2026-08-23 07:46:07.869262,6574,5406,1007,0
2026-08-23 07:46:07.869282,6568,5379,1035,0
2026-08-23 07:46:07.869303,6583,5403,1038,0
2026-08-23 07:46:07.886502,6587,4942,1127,0
2026-08-23 07:46:07.886522,6578,5040,1061,0
2026-08-23 07:46:07.886542,6565,5151,1056,0
2026-08-23 07:46:07.886562,6573,5179,1104,0
2026-08-23 07:46:07.886582,6577,5285,1290,0
2026-08-23 07:46:07.886602,6603,5365,1444,0
2026-08-23 07:46:07.886622,6567,5359,949,0
2026-08-23 07:46:07.886642,6576,5384,1070,0
2026-08-23 07:46:07.886662,6558,5355,885,0
2026-08-23 07:46:07.886682,6574,5387,1282,0
2026-08-23 07:46:07.886702,6565,5381,835,0
2026-08-23 07:46:07.903551,6603,4880,1223,0
2026-08-23 07:46:07.903571,6588,5052,1304,0
2026-08-23 07:46:07.903591,6589,5152,1506,0
2026-08-23 07:46:07.903611,6559,5196,734,0
2026-08-23 07:46:07.903631,6555,5249,764,0
2026-08-23 07:46:07.903651,6534,5287,346,0
2026-08-23 07:46:07.903671,6540,5316,292,0
2026-08-23 07:46:07.903691,6579,5423,1901,0
2026-08-23 07:46:07.903711,6594,5411,1697,0
2026-08-23 07:46:07.903731,6608,5421,1498,0
2026-08-23 07:46:07.903751,6552,5332,0,0
2026-08-23 07:46:07.920851,6605,4960,1984,0
2026-08-23 07:46:07.920871,6604,5094,1916,0
2026-08-23 07:46:07.920891,6619,5161,1588,0
2026-08-23 07:46:07.920911,6604,5267,1463,0
2026-08-23 07:46:07.920931,6596,5314,1198,0
2026-08-23 07:46:07.920951,6567,5298,1160,0
2026-08-23 07:46:07.920971,6578,5370,960,0
2026-08-23 07:46:07.920991,6565,5349,1119,0
2026-08-23 07:46:07.921011,6574,5351,1065,0
2026-08-23 07:46:07.921031,6575,5369,1013,0
2026-08-23 07:46:07.921051,6585,5392,955,0
2026-08-23 07:46:07.940446,6603,4876,1443,0
2026-08-23 07:46:07.940466,6599,5025,1337,0
2026-08-23 07:46:07.940486,6573,5135,1228,0
2026-08-23 07:46:07.940506,6575,5262,1034,0
2026-08-23 07:46:07.940526,6576,5298,1113,0
2026-08-23 07:46:07.940546,6580,5337,1035,0
2026-08-23 07:46:07.940566,6565,5357,1037,0
2026-08-23 07:46:07.940586,6565,5367,1044,0
2026-08-23 07:46:07.940606,6586,5394,1250,0
2026-08-23 07:46:07.940626,6592,5409,1348,0
2026-08-23 07:46:07.940646,6557,5422,1096,0
2026-08-23 07:46:07.940666,6574,5392,1039,0
2026-08-23 07:46:07.960936,6594,4864,1399,0
2026-08-23 07:46:07.960956,6554,4927,547,0
2026-08-23 07:46:07.960976,6549,5079,461,0
2026-08-23 07:46:07.960996,6518,5146,0,0
2026-08-23 07:46:07.961016,6531,5205,0,0
2026-08-23 07:46:07.961036,6573,5359,1707,0
2026-08-23 07:46:07.961056,6586,5346,1561,0
2026-08-23 07:46:07.961076,6599,5389,1207,0
2026-08-23 07:46:07.961096,6580,5406,1216,0
2026-08-23 07:46:07.961116,6572,5375,1082,0
2026-08-23 07:46:07.961136,6565,5383,1052,0
2026-08-23 07:46:07.961156,6576,5378,959,0
2026-08-23 07:46:07.961176,6583,5409,1185,0
2026-08-23 07:46:07.981973,6605,4820,1682,0
2026-08-23 07:46:07.981993,6605,4958,1406,0
2026-08-23 07:46:07.982013,6588,5056,1379,0
2026-08-23 07:46:07.982033,6696,5170,1117,0
2026-08-23 07:46:07.982053,6565,5222,1091,0
2026-08-23 07:46:07.982073,6571,5307,962,0
2026-08-23 07:46:07.982093,6582,5321,1143,0
2026-08-23 07:46:07.982113,6584,5376,1151,0
2026-08-23 07:46:07.982133,6563,5391,1094,0
2026-08-23 07:46:07.982153,6574,5410,1187,0
2026-08-23 07:46:07.982173,6566,5409,1340,0
2026-08-23 07:46:07.982193,6602,5439,1430,0
2026-08-23 07:46:07.982213,6567,5405,1097,0
2026-08-23 07:46:08.003149,6598,4781,1638,0
2026-08-23 07:46:08.003169,6612,4954,1588,0
2026-08-23 07:46:08.003189,6582,5049,1341,0
2026-08-23 07:46:08.003209,6581,5186,1097,0
2026-08-23 07:46:08.003229,6567,5227,1164,0
2026-08-23 07:46:08.003249,6586,5299,1061,0
2026-08-23 07:46:08.003269,6557,5329,1061,0
2026-08-23 07:46:08.003289,6575,5370,1081,0
2026-08-23 07:46:08.003309,6569,5364,1324,0
2026-08-23 07:46:08.003329,6501,5426,1442,0
2026-08-23 07:46:08.003349,6555,5390,981,0
2026-08-23 07:46:08.003369,6575,5386,1216,0
2026-08-23 07:46:08.003389,6574,5388,1335,0
2026-08-23 07:46:08.024064,6594,4775,1322,0
2026-08-23 07:46:08.024084,6585,4917,1229,0
2026-08-23 07:46:08.024104,6577,5055,1223,0
2026-08-23 07:46:08.024124,6582,5156,1048,0
2026-08-23 07:46:08.024144,6571,5246,1051,0
2026-08-23 07:46:08.024164,6559,5301,968,0
2026-08-23 07:46:08.024184,6560,5356,1182,0
2026-08-23 07:46:08.024204,6579,5376,1249,0
2026-08-23 07:46:08.024224,6565,5396,1079,0
2026-08-23 07:46:08.024244,6564,5417,1213,0
2026-08-23 07:46:08.024264,6568,5426,1297,0
2026-08-23 07:46:08.024284,6596,5432,1484,0
2026-08-23 07:46:08.024304,6586,5412,1081,0
2026-08-23 07:46:08.045129,6609,4802,1692,0
2026-08-23 07:46:08.045149,6632,4938,1615,0
2026-08-23 07:46:08.045169,6592,5060,1457,0
2026-08-23 07:46:08.045189,6580,5193,1188,0
2026-08-23 07:46:08.045209,6615,5230,1215,0
2026-08-23 07:46:08.045229,6585,5290,1050,0
2026-08-23 07:46:08.045249,6562,5300,1050,0
2026-08-23 07:46:08.045269,6570,5329,948,0
2026-08-23 07:46:08.045289,6577,5357,1142,0
2026-08-23 07:46:08.045309,6572,5415,1180,0
2026-08-23 07:46:08.045329,6567,5403,1076,0
2026-08-23 07:46:08.045349,6572,5376,1074,0
2026-08-23 07:46:08.045369,6575,5371,1141,0
2026-08-23 07:46:08.066077,6555,4701,0,0
2026-08-23 07:46:08.066097,6530,4894,285,0
2026-08-23 07:46:08.066117,6536,4992,210,0
2026-08-23 07:46:08.066137,6576,5237,1899,0
2026-08-23 07:46:08.066157,6593,5257,1745,0
2026-08-23 07:46:08.066177,6601,5326,1400,0
2026-08-23 07:46:08.066197,6570,5379,1391,0
2026-08-23 07:46:08.066217,6587,5338,1278,0
2026-08-23 07:46:08.066236,6572,5383,1083,0
2026-08-23 07:46:08.066257,6571,5400,774,0
2026-08-23 07:46:08.066277,6574,5400,1091,0
2026-08-23 07:46:08.066297,6572,5376,1001,0
2026-08-23 07:46:08.066317,6587,5426,1416,0
2026-08-23 07:46:08.086749,6587,4747,782,0
2026-08-23 07:46:08.086769,6508,4840,0,0
2026-08-23 07:46:08.086789,6530,4967,0,0
2026-08-23 07:46:08.086809,6573,5203,1790,0
2026-08-23 07:46:08.086829,6600,5270,1685,0
2026-08-23 07:46:08.086849,6616,5290,1347,0
2026-08-23 07:46:08.086869,6581,5349,1266,0
2026-08-23 07:46:08.086889,6569,5373,1043,0
2026-08-23 07:46:08.086909,6574,5360,1140,0
2026-08-23 07:46:08.086929,6573,5408,1042,0
2026-08-23 07:46:08.086949,6559,5354,1034,0
2026-08-23 07:46:08.086969,6567,5365,923,0
2026-08-23 07:46:08.086989,6583,5434,1328,0
2026-08-23 07:46:08.107940,6604,4838,2083,0
2026-08-23 07:46:08.107960,6633,4955,1775,0
2026-08-23 07:46:08.107980,6602,5075,1662,0
2026-08-23 07:46:08.108001,6594,5170,1314,0
2026-08-23 07:46:08.108021,6568,5261,1230,0
2026-08-23 07:46:08.108041,6565,5280,1006,0
2026-08-23 07:46:08.108061,6559,5351,1128,0
2026-08-23 07:46:08.108081,6578,5337,1067,0
2026-08-23 07:46:08.108100,6567,5350,1061,0
2026-08-23 07:46:08.108120,6562,5389,1062,0
2026-08-23 07:46:08.108140,6569,5422,1282,0
2026-08-23 07:46:08.108160,6589,5418,1236,0
2026-08-23 07:46:08.108181,6577,5385,1048,0
2026-08-23 07:46:08.128881,6576,4730,580,0
2026-08-23 07:46:08.128901,6587,4978,1282,0
2026-08-23 07:46:08.128921,6586,5066,1916,0
2026-08-23 07:46:08.128941,6609,5191,1505,0
2026-08-23 07:46:08.128961,6587,5247,1431,0
2026-08-23 07:46:08.128981,6582,5302,1174,0
2026-08-23 07:46:08.129001,6569,5333,1140,0
2026-08-23 07:46:08.129021,6568,5327,949,0
2026-08-23 07:46:08.129041,6568,5385,1112,0
2026-08-23 07:46:08.129061,6563,5379,1067,0
2026-08-23 07:46:08.129081,6568,5399,1050,0
2026-08-23 07:46:08.129101,6557,5396,971,0
2026-08-23 07:46:08.129121,6579,5372,1108,0
2026-08-23 07:46:08.149679,6569,4744,809,0
2026-08-23 07:46:08.149699,6574,4941,1000,0
2026-08-23 07:46:08.149719,6565,5083,1127,0
2026-08-23 07:46:08.149739,6520,5039,0,0
2026-08-23 07:46:08.149759,6527,5181,0,0
2026-08-23 07:46:08.149779,6571,5304,1796,0
2026-08-23 07:46:08.149799,6600,5359,1695,0
2026-08-23 07:46:08.149819,6611,5352,1348,0
2026-08-23 07:46:08.149839,6573,5398,1232,0
2026-08-23 07:46:08.149859,6583,5387,1037,0
2026-08-23 07:46:08.149879,6565,5398,1149,0
2026-08-23 07:46:08.149899,6566,5392,1060,0
2026-08-23 07:46:08.149919,6579,5409,1254,0
2026-08-23 07:46:08.170720,6557,4687,0,0
2026-08-23 07:46:08.170740,6568,4974,1807,0
2026-08-23 07:46:08.170760,6586,5127,1686,0
2026-08-23 07:46:08.170780,6591,5183,1332,0
2026-08-23 07:46:08.170800,6573,5243,1309,0
2026-08-23 07:46:08.170820,6584,5315,1097,0
2026-08-23 07:46:08.170840,6572,5344,1072,0
2026-08-23 07:46:08.170860,6563,5327,941,0
2026-08-23 07:46:08.170880,6580,5391,1116,0
2026-08-23 07:46:08.170900,6570,5383,1209,0
2026-08-23 07:46:08.170920,6580,5415,1065,0
2026-08-23 07:46:08.170940,6571,5385,995,0
2026-08-23 07:46:08.170960,6577,5367,1143,0
2026-08-23 07:46:08.191540,6565,4719,70,0
2026-08-23 07:46:08.191560,6527,4871,350,0
2026-08-23 07:46:08.191580,6544,5030,328,0
2026-08-23 07:46:08.191600,6568,5232,1900,0
2026-08-23 07:46:08.191620,6599,5263,1787,0
2026-08-23 07:46:08.191640,6592,5300,1459,0
2026-08-23 07:46:08.191660,6595,5333,1426,0
2026-08-23 07:46:08.191680,6594,5350,1179,0
2026-08-23 07:46:08.191700,6564,5389,1153,0
2026-08-23 07:46:08.191720,6576,5377,966,0
2026-08-23 07:46:08.191740,6577,5382,1102,0
2026-08-23 07:46:08.191760,6571,5377,1040,0
2026-08-23 07:46:08.191780,6576,5416,1156,0
2026-08-23 07:46:08.212179,6591,4789,1113,0
2026-08-23 07:46:08.212199,6516,4838,0,0
2026-08-23 07:46:08.212219,6493,4972,0,0
2026-08-23 07:46:08.212239,6521,5138,0,0
2026-08-23 07:46:08.212259,6573,5275,2795,0
2026-08-23 07:46:08.212279,6688,5308,1420,0
2026-08-23 07:46:08.212299,6577,5364,1305,0
2026-08-23 07:46:08.212319,6569,5348,1058,0
2026-08-23 07:46:08.212339,6566,5399,1148,0
2026-08-23 07:46:08.212359,6568,5381,1044,0
2026-08-23 07:46:08.212379,6564,5357,1046,0
2026-08-23 07:46:08.212399,6567,5422,942,0
2026-08-23 07:46:08.212419,6582,5372,1114,0
2026-08-23 07:46:08.233275,6596,4809,1131,0
2026-08-23 07:46:08.233295,6581,4931,1007,0
2026-08-23 07:46:08.233315,6568,5056,1135,0
2026-08-23 07:46:08.233335,6571,5206,1007,0
2026-08-23 07:46:08.233355,6557,5237,1004,0
2026-08-23 07:46:08.233375,6567,5271,968,0
2026-08-23 07:46:08.233395,6566,5323,1182,0
2026-08-23 07:46:08.233415,6577,5353,1225,0
2026-08-23 07:46:08.233435,6568,5359,1081,0
2026-08-23 07:46:08.233455,6562,5387,1174,0
2026-08-23 07:46:08.233475,6570,5427,1309,0
2026-08-23 07:46:08.233495,6598,5409,1422,0
2026-08-23 07:46:08.233515,6585,5376,1064,0
2026-08-23 07:46:08.254159,6549,4674,0,0
2026-08-23 07:46:08.254179,6589,4998,1957,0
2026-08-23 07:46:08.254199,6584,5103,1789,0
2026-08-23 07:46:08.254219,6608,5172,1440,0
2026-08-23 07:46:08.254239,6582,5230,1406,0
2026-08-23 07:46:08.254259,6589,5315,1180,0
2026-08-23 07:46:08.254279,6570,5339,1134,0
2026-08-23 07:46:08.254299,6560,5361,942,0
2026-08-23 07:46:08.254319,6520,5374,1103,0
2026-08-23 07:46:08.254339,6578,5368,1055,0
2026-08-23 07:46:08.254359,6551,5409,1048,0
2026-08-23 07:46:08.254379,6571,5368,953,0
2026-08-23 07:46:08.254399,6582,5364,1394,0
2026-08-23 07:46:08.275152,6605,4817,2066,0
2026-08-23 07:46:08.275172,6632,4948,1229,0
2026-08-23 07:46:08.275192,6586,5066,1657,0
2026-08-23 07:46:08.275212,6608,5195,1334,0
2026-08-23 07:46:08.275232,6575,5248,1243,0
2026-08-23 07:46:08.275252,6581,5273,1035,0
2026-08-23 07:46:08.275272,6566,5312,1136,0
2026-08-23 07:46:08.275292,6577,5331,1038,0
2026-08-23 07:46:08.275312,6557,5385,1052,0
2026-08-23 07:46:08.275332,6569,5396,995,0
2026-08-23 07:46:08.275352,6570,5401,1230,0
2026-08-23 07:46:08.275372,6582,5381,1161,0
2026-08-23 07:46:08.275392,6577,5375,1009,0
2026-08-23 07:46:08.295483,6588,4714,892,0
2026-08-23 07:46:08.295503,6521,4853,0,0
2026-08-23 07:46:08.295523,6514,5017,49,0
2026-08-23 07:46:08.295543,6516,5069,0,0
2026-08-23 07:46:08.295563,6525,5143,0,0
2026-08-23 07:46:08.295583,6574,5342,1717,0
2026-08-23 07:46:08.295603,6589,5319,1565,0
2026-08-23 07:46:08.295623,6587,5386,1275,0
2026-08-23 07:46:08.295643,6585,5367,1273,0
2026-08-23 07:46:08.295663,6588,5380,1093,0
2026-08-23 07:46:08.295683,6556,5422,1062,0
2026-08-23 07:46:08.295703,6562,5388,1008,0
2026-08-23 07:46:08.295723,6581,5400,1450,0
2026-08-23 07:46:08.316501,6592,4826,1079,0
2026-08-23 07:46:08.316521,6572,4963,959,0
2026-08-23 07:46:08.316541,6572,5076,1108,0
2026-08-23 07:46:08.316561,6571,5217,1086,0
2026-08-23 07:46:08.316581,6564,5228,1068,0
2026-08-23 07:46:08.316602,6569,5316,1078,0
2026-08-23 07:46:08.316622,6578,5351,1295,0
2026-08-23 07:46:08.316642,6601,5371,1427,0
2026-08-23 07:46:08.316661,6571,5348,976,0
2026-08-23 07:46:08.316681,6570,5381,1125,0
2026-08-23 07:46:08.316701,6580,5406,1097,0
2026-08-23 07:46:08.316721,6585,5401,1482,0
2026-08-23 07:46:08.316741,6589,5387,1004,0
2026-08-23 07:46:08.337808,6593,4739,1493,0
2026-08-23 07:46:08.337828,6598,4955,1444,0
2026-08-23 07:46:08.337848,6587,5051,1342,0
2026-08-23 07:46:08.337868,6597,5178,1125,0
2026-08-23 07:46:08.337888,6572,5245,1180,0
2026-08-23 07:46:08.337908,6578,5300,990,0
2026-08-23 07:46:08.337928,6559,5327,1013,0
2026-08-23 07:46:08.337948,6636,5354,910,0
2026-08-23 07:46:08.337968,6564,5387,1114,0
2026-08-23 07:46:08.337988,6588,5372,1126,0
2026-08-23 07:46:08.338008,6569,5363,1049,0
2026-08-23 07:46:08.338028,6575,5404,993,0
2026-08-23 07:46:08.338048,6586,5356,1110,0
2026-08-23 07:46:08.358874,6591,4690,1138,0
2026-08-23 07:46:08.358894,6585,4902,1255,0
2026-08-23 07:46:08.358914,6598,5089,1484,0
2026-08-23 07:46:08.358934,6552,5132,487,0
2026-08-23 07:46:08.358954,6554,5224,624,0
2026-08-23 07:46:08.358974,6532,5254,328,0
2026-08-23 07:46:08.358994,6543,5303,388,0
2026-08-23 07:46:08.359014,6580,5417,1980,0
2026-08-23 07:46:08.359034,6610,5376,1833,0
2026-08-23 07:46:08.359054,6617,5409,1515,0
2026-08-23 07:46:08.359074,6598,5383,1465,0
2026-08-23 07:46:08.359094,6616,5397,1490,0
2026-08-23 07:46:08.359114,6632,5540,1590,0
2026-08-23 07:46:08.379847,6485,4691,1092,0
2026-08-23 07:46:08.379867,6571,4913,1011,0
2026-08-23 07:46:08.379887,6569,5057,1062,0
2026-08-23 07:46:08.379907,6584,5142,1218,0
2026-08-23 07:46:08.379927,6510,5262,1298,0
2026-08-23 07:46:08.379947,6554,5258,1077,0
2026-08-23 07:46:08.379967,6569,5314,1173,0
2026-08-23 07:46:08.379987,6581,5341,1271,0
2026-08-23 07:46:08.380007,6591,5377,1457,0
2026-08-23 07:46:08.380027,6548,5325,489,0
2026-08-23 07:46:08.380047,6545,5365,503,0
2026-08-23 07:46:08.380067,6532,5402,874,0
2026-08-23 07:46:08.380087,6598,5428,1471,0
2026-08-23 07:46:08.401139,6597,4763,1128,0
2026-08-23 07:46:08.401159,6576,4914,1336,0
2026-08-23 07:46:08.401179,6587,5030,1131,0
2026-08-23 07:46:08.401199,6568,5145,1094,0
2026-08-23 07:46:08.401219,6576,5228,935,0
2026-08-23 07:46:08.401239,6574,5268,1099,0
2026-08-23 07:46:08.401259,6579,5341,1053,0
2026-08-23 07:46:08.401279,6563,5366,1012,0
2026-08-23 07:46:08.401299,6575,5352,1054,0
2026-08-23 07:46:08.401319,6571,5407,1241,0
2026-08-23 07:46:08.401339,6580,5432,1338,0
2026-08-23 07:46:08.401359,6578,5395,1079,0
2026-08-23 07:46:08.401379,6574,5361,920,0
2026-08-23 07:46:08.421851,6559,4683,253,0
2026-08-23 07:46:08.421871,6559,4922,911,0
2026-08-23 07:46:08.421891,6541,4994,744,0
2026-08-23 07:46:08.421911,6560,5182,905,0
2026-08-23 07:46:08.421932,6504,5082,0,0
2026-08-23 07:46:08.421952,6542,5218,0,0
2026-08-23 07:46:08.421972,6579,5386,1798,0
2026-08-23 07:46:08.421992,6608,5394,1698,0
2026-08-23 07:46:08.422011,6611,5403,1407,0
2026-08-23 07:46:08.422031,6580,5405,1331,0
2026-08-23 07:46:08.422051,6570,5419,1120,0
2026-08-23 07:46:08.422071,6584,5398,1343,0
2026-08-23 07:46:08.422091,6610,5430,1586,0
2026-08-23 07:46:08.442250,6541,4712,0,0
2026-08-23 07:46:08.442270,6557,4933,569,0
2026-08-23 07:46:08.442290,6524,4956,0,0
2026-08-23 07:46:08.442310,6547,5165,54,0
2026-08-23 07:46:08.442330,6568,5298,1762,0
2026-08-23 07:46:08.442350,6603,5343,1959,0
2026-08-23 07:46:08.442370,6625,5333,1385,0
2026-08-23 07:46:08.442390,6585,5375,1312,0
2026-08-23 07:46:08.442410,6579,5370,1106,0
2026-08-23 07:46:08.442430,6570,5411,1170,0
2026-08-23 07:46:08.442450,6600,5385,1011,0
2026-08-23 07:46:08.442470,6579,5412,1085,0
2026-08-23 07:46:08.442490,6588,5379,1192,0
2026-08-23 07:46:08.463454,6613,4816,1656,0
2026-08-23 07:46:08.463474,6597,4982,1770,0
2026-08-23 07:46:08.463494,6620,5143,1624,0
2026-08-23 07:46:08.463514,6594,5208,1582,0
2026-08-23 07:46:08.463534,6601,5240,1317,0
2026-08-23 07:46:08.463554,6584,5282,1230,0
2026-08-23 07:46:08.463574,6584,5322,1042,0
2026-08-23 07:46:08.463594,6570,5394,1122,0
2026-08-23 07:46:08.463614,6581,5392,996,0
2026-08-23 07:46:08.463634,6558,5410,975,0
2026-08-23 07:46:08.463654,6577,5407,948,0
2026-08-23 07:46:08.463674,6566,5432,1099,0
2026-08-23 07:46:08.463694,6588,5402,1060,0
2026-08-23 07:46:08.484405,6592,4773,1187,0
2026-08-23 07:46:08.484425,6585,4933,1489,0
2026-08-23 07:46:08.484445,6577,5047,685,0
2026-08-23 07:46:08.484465,6563,5161,800,0
2026-08-23 07:46:08.484485,6556,5179,458,0
2026-08-23 07:46:08.484505,6551,5284,673,0
2026-08-23 07:46:08.484525,6587,5406,962,0
2026-08-23 07:46:08.484545,6560,5369,1906,0
2026-08-23 07:46:08.484565,6621,5377,1563,0
2026-08-23 07:46:08.484585,6598,5380,1488,0
2026-08-23 07:46:08.484605,6595,5389,1227,0
2026-08-23 07:46:08.484625,6554,5421,1357,0
2026-08-23 07:46:08.484645,6600,5403,1624,0
2026-08-23 07:46:08.504798,6595,4755,1075,0
2026-08-23 07:46:08.504818,6568,4903,1103,0
2026-08-23 07:46:08.504838,6582,5074,1245,0
2026-08-23 07:46:08.504858,6602,5106,1359,0
2026-08-23 07:46:08.504879,6569,5241,1052,0
2026-08-23 07:46:08.504899,6589,5282,1187,0
2026-08-23 07:46:08.504919,6585,5354,1204,0
2026-08-23 07:46:08.504939,6588,5356,1382,0
2026-08-23 07:46:08.504958,6530,5316,0,0
2026-08-23 07:46:08.504978,6526,5297,0,0
2026-08-23 07:46:08.504998,6514,5288,0,0
2026-08-23 07:46:08.505018,6553,5339,407,0
2026-08-23 07:46:08.505038,6522,5342,0,0
2026-08-23 07:46:08.525843,6543,4694,0,0
2026-08-23 07:46:08.525863,6557,4947,355,0
2026-08-23 07:46:08.525883,6580,5176,1937,0
2026-08-23 07:46:08.525903,6590,5234,1827,0
2026-08-23 07:46:08.525923,6600,5279,1359,0
2026-08-23 07:46:08.525943,6586,5329,1351,0
2026-08-23 07:46:08.525963,6590,5314,1119,0
2026-08-23 07:46:08.525983,6575,5354,1096,0
2026-08-23 07:46:08.526003,6581,5380,959,0
2026-08-23 07:46:08.526023,6571,5378,1143,0
2026-08-23 07:46:08.526043,6589,5413,1137,0
2026-08-23 07:46:08.526063,6571,5374,1046,0
2026-08-23 07:46:08.526083,6576,5372,949,0
2026-08-23 07:46:08.546930,6611,4786,1744,0
2026-08-23 07:46:08.546950,6601,5015,1862,0
2026-08-23 07:46:08.546970,6612,5067,1356,0
2026-08-23 07:46:08.546990,6603,5180,1403,0
2026-08-23 07:46:08.547010,6606,5249,1214,0
2026-08-23 07:46:08.547030,6571,5317,1136,0
2026-08-23 07:46:08.547050,6570,5346,977,0
2026-08-23 07:46:08.547070,6565,5374,1108,0
2026-08-23 07:46:08.547090,6577,5350,1065,0
2026-08-23 07:46:08.547110,6570,5407,1044,0
2026-08-23 07:46:08.547130,6570,5422,1056,0
2026-08-23 07:46:08.547150,6573,5421,1181,0
2026-08-23 07:46:08.547170,6586,5372,1043,0
2026-08-23 07:46:08.567771,6602,4734,1139,0
2026-08-23 07:46:08.567791,6593,4935,1466,0
2026-08-23 07:46:08.567811,6559,5025,614,0
2026-08-23 07:46:08.567832,6556,5143,741,0
2026-08-23 07:46:08.567852,6552,5229,455,0
2026-08-23 07:46:08.567872,6546,5290,625,0
2026-08-23 07:46:08.567892,6596,5437,817,0
2026-08-23 07:46:08.567912,6584,5368,2096,0
2026-08-23 07:46:08.567931,6625,5405,1587,0
2026-08-23 07:46:08.567951,6600,5427,1513,0
2026-08-23 07:46:08.567971,6610,5417,1250,0
2026-08-23 07:46:08.567991,6588,5436,1443,0
2026-08-23 07:46:08.568012,6563,5317,0,0
2026-08-23 07:46:08.588320,6586,4746,1009,0
2026-08-23 07:46:08.588340,6580,4940,1173,0
2026-08-23 07:46:08.588360,6601,5094,1305,0
2026-08-23 07:46:08.588380,6600,5198,1481,0
2026-08-23 07:46:08.588400,6566,5229,679,0
2026-08-23 07:46:08.588420,6561,5295,843,0
2026-08-23 07:46:08.588440,6557,5304,608,0
2026-08-23 07:46:08.588460,6548,5325,753,0
2026-08-23 07:46:08.588480,6535,5294,0,0
2026-08-23 07:46:08.588500,6617,5492,1346,0
2026-08-23 07:46:08.588520,6596,5413,1721,0
2026-08-23 07:46:08.588540,6564,5298,0,0
2026-08-23 07:46:08.588560,6536,5298,0,0
2026-08-23 07:46:08.608824,6591,4807,1087,0
2026-08-23 07:46:08.608844,6613,5003,1348,0
2026-08-23 07:46:08.608864,6555,5046,163,0
2026-08-23 07:46:08.608884,6537,5163,190,0
2026-08-23 07:46:08.608904,6516,5159,0,0
2026-08-23 07:46:08.608924,6537,5240,0,0
2026-08-23 07:46:08.608944,6586,5397,1854,0
2026-08-23 07:46:08.608964,6599,5400,1996,0
2026-08-23 07:46:08.608984,6696,5424,1415,0
2026-08-23 07:46:08.609004,6591,5405,1374,0
2026-08-23 07:46:08.609024,6594,5395,1169,0
2026-08-23 07:46:08.609044,6580,5428,1352,0
2026-08-23 07:46:08.609064,6601,5447,1658,0
2026-08-23 07:46:08.629941,6615,4808,204,0
2026-08-23 07:46:08.629961,6627,5043,1418,0
2026-08-23 07:46:08.629981,6594,5140,1736,0
2026-08-23 07:46:08.630001,6603,5199,1626,0
2026-08-23 07:46:08.630021,6600,5281,1308,0
2026-08-23 07:46:08.630041,6577,5327,1235,0
2026-08-23 07:46:08.630061,6590,5362,1057,0
2026-08-23 07:46:08.630081,6566,5385,1126,0
2026-08-23 07:46:08.630101,6585,5366,986,0
2026-08-23 07:46:08.630121,6573,5383,987,0
2026-08-23 07:46:08.630141,6574,5417,946,0
2026-08-23 07:46:08.630161,6588,5426,911,0
2026-08-23 07:46:08.630181,6576,5377,1002,0
2026-08-23 07:46:08.650515,6558,4676,178,0
2026-08-23 07:46:08.650535,6559,4933,809,0
2026-08-23 07:46:08.650555,6532,4986,0,0
2026-08-23 07:46:08.650575,6434,5271,2868,0
2026-08-23 07:46:08.650595,6679,5253,1671,0
2026-08-23 07:46:08.650615,6591,5324,1561,0
2026-08-23 07:46:08.650635,6610,5324,1279,0
2026-08-23 07:46:08.650655,6585,5374,1206,0
2026-08-23 07:46:08.650675,6583,5356,1008,0
2026-08-23 07:46:08.650695,6571,5405,1119,0
2026-08-23 07:46:08.650715,6582,5382,1010,0
2026-08-23 07:46:08.650735,6574,5391,1012,0
2026-08-23 07:46:08.650755,6585,5420,1060,0
2026-08-23 07:46:08.671499,6589,4812,1844,0
2026-08-23 07:46:08.671520,6602,5003,1782,0
2026-08-23 07:46:08.671540,6604,5132,1462,0
2026-08-23 07:46:08.671560,6588,5210,1395,0
2026-08-23 07:46:08.671580,6598,5245,1153,0
2026-08-23 07:46:08.671600,6572,5293,1113,0
2026-08-23 07:46:08.671620,6567,5303,948,0
2026-08-23 07:46:08.671640,6581,5377,1114,0
2026-08-23 07:46:08.671659,6574,5398,1089,0
2026-08-23 07:46:08.671679,6574,5390,1053,0
2026-08-23 07:46:08.671700,6569,5424,1103,0
2026-08-23 07:46:08.671720,6580,5381,1216,0
2026-08-23 07:46:08.671740,6598,5377,1081,0
2026-08-23 07:46:08.692253,6567,4696,401,0
2026-08-23 07:46:08.692273,6577,4921,1133,0
2026-08-23 07:46:08.692293,6512,4923,0,0
2026-08-23 07:46:08.692313,6532,5096,0,0
2026-08-23 07:46:08.692333,6575,5293,1801,0
2026-08-23 07:46:08.692353,6599,5275,1695,0
2026-08-23 07:46:08.692373,6611,5353,1377,0
2026-08-23 07:46:08.692393,6594,5352,1292,0
2026-08-23 07:46:08.692413,6583,5392,1078,0
2026-08-23 07:46:08.692433,6574,5424,1165,0
2026-08-23 07:46:08.692453,6577,5416,1011,0
2026-08-23 07:46:08.692473,6572,5392,1088,0
2026-08-23 07:46:08.692493,6597,5420,1407,0
2026-08-23 07:46:08.712841,6537,4637,0,0
2026-08-23 07:46:08.712861,6530,4866,0,0
2026-08-23 07:46:08.712881,6523,4987,0,0
2026-08-23 07:46:08.712901,6582,5233,2985,0
2026-08-23 07:46:08.712921,6692,5245,1440,0
2026-08-23 07:46:08.712941,6592,5309,1329,0
2026-08-23 07:46:08.712961,6590,5350,1084,0
2026-08-23 07:46:08.712981,6578,5348,1178,0
2026-08-23 07:46:08.713001,6582,5358,1050,0
2026-08-23 07:46:08.713021,6569,5396,1062,0
2026-08-23 07:46:08.713041,6571,5376,997,0
2026-08-23 07:46:08.713061,6586,5387,1136,0
2026-08-23 07:46:08.713081,6574,5371,1047,0
2026-08-23 07:46:08.733906,6602,4780,948,0
2026-08-23 07:46:08.733926,6581,4985,1116,0
2026-08-23 07:46:08.733946,6586,5067,1069,0
2026-08-23 07:46:08.733966,6577,5212,1050,0
2026-08-23 07:46:08.733986,6571,5243,1097,0
2026-08-23 07:46:08.734006,6572,5325,1285,0
2026-08-23 07:46:08.734026,6602,5380,1426,0
2026-08-23 07:46:08.734046,6563,5380,975,0
2026-08-23 07:46:08.734066,6575,5407,1136,0
2026-08-23 07:46:08.734086,6569,5371,1067,0
2026-08-23 07:46:08.734106,6576,5435,1254,0
2026-08-23 07:46:08.734126,6554,5382,448,0
2026-08-23 07:46:08.734146,6593,5412,1177,0
2026-08-23 07:46:08.754892,6603,4789,1430,0
2026-08-23 07:46:08.754912,6585,4948,1363,0
2026-08-23 07:46:08.754932,6589,5072,1155,0
2026-08-23 07:46:08.754952,6583,5144,1200,0
2026-08-23 07:46:08.754972,6588,5217,1032,0
2026-08-23 07:46:08.754992,6573,5272,1034,0
2026-08-23 07:46:08.755012,6575,5353,925,0
2026-08-23 07:46:08.755032,6576,5348,1106,0
2026-08-23 07:46:08.755052,6580,5369,1087,0
2026-08-23 07:46:08.755072,6577,5372,1061,0
2026-08-23 07:46:08.755092,6579,5423,1114,0
2026-08-23 07:46:08.755112,6571,5429,1206,0
2026-08-23 07:46:08.755132,6592,5414,1072,0
2026-08-23 07:46:08.775627,6560,4703,553,0
2026-08-23 07:46:08.775647,6575,4948,1188,0
2026-08-23 07:46:08.775667,6518,4945,0,0
2026-08-23 07:46:08.775687,6527,5043,0,0
2026-08-23 07:46:08.775707,6578,5259,436,0
2026-08-23 07:46:08.775728,6571,5282,2492,0
2026-08-23 07:46:08.775748,6674,5363,1417,0
2026-08-23 07:46:08.775768,6584,5348,1325,0
2026-08-23 07:46:08.775787,6592,5361,1110,0
2026-08-23 07:46:08.775807,6577,5373,1164,0
2026-08-23 07:46:08.775827,6577,5409,1035,0
2026-08-23 07:46:08.775847,6586,5403,1091,0
2026-08-23 07:46:08.775867,6593,5426,1273,0
2026-08-23 07:46:08.796209,6550,4679,0,0
2026-08-23 07:46:08.796229,6537,4853,0,0
2026-08-23 07:46:08.796249,6534,4996,0,0
2026-08-23 07:46:08.796269,6598,5343,1964,0
2026-08-23 07:46:08.796289,6627,5232,1475,0
2026-08-23 07:46:08.796309,6590,5281,1394,0
2026-08-23 07:46:08.796329,6587,5342,1164,0
2026-08-23 07:46:08.796349,6591,5338,1207,0
2026-08-23 07:46:08.796369,6582,5370,1045,0
2026-08-23 07:46:08.796389,6568,5397,1049,0
2026-08-23 07:46:08.796409,6577,5371,925,0
2026-08-23 07:46:08.796429,6582,5422,1111,0
2026-08-23 07:46:08.796449,6586,5408,1418,0
2026-08-23 07:46:08.817160,6616,4854,1284,0
2026-08-23 07:46:08.817180,6585,4952,209,0
2026-08-23 07:46:08.817200,6590,5136,1613,0
2026-08-23 07:46:08.817220,6578,5177,1467,0
2026-08-23 07:46:08.817240,6596,5236,1223,0
2026-08-23 07:46:08.817260,6582,5287,1229,0
2026-08-23 07:46:08.817280,6634,5324,1072,0
2026-08-23 07:46:08.817300,6572,5365,1065,0
2026-08-23 07:46:08.817320,6577,5362,928,0
2026-08-23 07:46:08.817340,6571,5378,1097,0
2026-08-23 07:46:08.817360,6583,5389,1064,0
2026-08-23 07:46:08.817380,6573,5338,997,0
2026-08-23 07:46:08.817400,6576,5344,959,0
2026-08-23 07:46:08.837881,6537,4695,0,0
2026-08-23 07:46:08.837901,6554,4920,405,0
2026-08-23 07:46:08.837921,6530,4992,48,0
2026-08-23 07:46:08.837941,6539,5089,130,0
2026-08-23 07:46:08.837961,6580,5273,1902,0
2026-08-23 07:46:08.837981,6551,5344,1764,0
2026-08-23 07:46:08.838001,6615,5330,1449,0
2026-08-23 07:46:08.838021,6586,5360,1423,0
2026-08-23 07:46:08.838041,6596,5372,1199,0
2026-08-23 07:46:08.838061,6578,5377,1154,0
2026-08-23 07:46:08.838081,6579,5413,981,0
2026-08-23 07:46:08.838101,6580,5398,1181,0
2026-08-23 07:46:08.838121,6590,5394,1329,0
2026-08-23 07:46:08.858396,6557,4692,0,0
2026-08-23 07:46:08.858416,6532,4894,46,0
2026-08-23 07:46:08.858436,6578,5107,1631,0
2026-08-23 07:46:08.858456,6600,5236,2247,0
2026-08-23 07:46:08.858476,6668,5261,1612,0
2026-08-23 07:46:08.858496,6603,5343,1606,0
2026-08-23 07:46:08.858516,6605,5332,1318,0
2026-08-23 07:46:08.858536,6586,5366,1253,0
2026-08-23 07:46:08.858556,6572,5360,1075,0
2026-08-23 07:46:08.858576,6575,5386,1153,0
2026-08-23 07:46:08.858596,6586,5375,994,0
2026-08-23 07:46:08.858616,6583,5379,1094,0
2026-08-23 07:46:08.858636,6595,5410,1243,0
2026-08-23 07:46:08.879515,6559,4718,234,0
2026-08-23 07:46:08.879535,6552,4948,580,0
2026-08-23 07:46:08.879555,6538,5047,392,0
2026-08-23 07:46:08.879575,6555,5179,471,0
2026-08-23 07:46:08.879596,6587,5292,1669,0
2026-08-23 07:46:08.879616,6602,5334,1990,0
2026-08-23 07:46:08.879636,6627,5372,1587,0
2026-08-23 07:46:08.879656,6606,5403,1523,0
2026-08-23 07:46:08.879675,6598,5410,1270,0
2026-08-23 07:46:08.879695,6577,5377,1213,0
2026-08-23 07:46:08.879715,6580,5381,1040,0
2026-08-23 07:46:08.879735,6585,5427,1269,0
2026-08-23 07:46:08.879755,6608,5445,1869,0
2026-08-23 07:46:08.899583,6602,4794,1312,0
2026-08-23 07:46:08.899603,6603,4964,1377,0
2026-08-23 07:46:08.899623,6572,5068,998,0
2026-08-23 07:46:08.899643,6569,5201,1177,0
2026-08-23 07:46:08.899663,6581,5249,1156,0
2026-08-23 07:46:08.899683,6600,5318,1330,0
2026-08-23 07:46:08.899703,6539,5263,0,0
2026-08-23 07:46:08.899723,6534,5286,0,0
2026-08-23 07:46:08.899743,6516,5261,0,0
2026-08-23 07:46:08.899763,6539,5302,0,0
2026-08-23 07:46:08.899783,6576,5460,1681,0
2026-08-23 07:46:08.899803,6603,5430,2078,0
2026-08-23 07:46:08.899823,6593,5348,26,0
2026-08-23 07:46:08.920631,6613,4857,1413,0
2026-08-23 07:46:08.920651,6598,5023,1573,0
2026-08-23 07:46:08.920671,6609,5130,1336,0
2026-08-23 07:46:08.920691,6590,5236,1296,0
2026-08-23 07:46:08.920711,6579,5283,1120,0
2026-08-23 07:46:08.920731,6569,5286,1076,0
2026-08-23 07:46:08.920751,6574,5321,958,0
2026-08-23 07:46:08.920771,6589,5384,1106,0
2026-08-23 07:46:08.920791,6586,5394,1056,0
2026-08-23 07:46:08.920811,6568,5402,1013,0
2026-08-23 07:46:08.920831,6583,5391,1047,0
2026-08-23 07:46:08.920851,6579,5424,1149,0
2026-08-23 07:46:08.920871,6577,5408,1001,0
2026-08-23 07:46:08.941030,6581,4753,944,0
2026-08-23 07:46:08.941050,6586,4925,1421,0
2026-08-23 07:46:08.941070,6548,5004,78,0
2026-08-23 07:46:08.941090,6541,5104,101,0
2026-08-23 07:46:08.941110,6527,5165,0,0
2026-08-23 07:46:08.941130,6541,5203,0,0
2026-08-23 07:46:08.941150,6575,5382,1714,0
2026-08-23 07:46:08.941170,6584,5386,1588,0
2026-08-23 07:46:08.941190,6595,5361,1284,0
2026-08-23 07:46:08.941210,6576,5408,1301,0
2026-08-23 07:46:08.941230,6578,5375,1104,0
2026-08-23 07:46:08.941250,6579,5412,1243,0
2026-08-23 07:46:08.941270,6598,5393,1580,0
2026-08-23 07:46:08.962086,6602,4813,1177,0
2026-08-23 07:46:08.962106,6568,5003,1154,0
2026-08-23 07:46:08.962126,6576,5074,969,0
2026-08-23 07:46:08.962147,6564,5224,1066,0
2026-08-23 07:46:08.962167,6590,5251,995,0
2026-08-23 07:46:08.962187,6573,5293,983,0
2026-08-23 07:46:08.962207,6581,5369,952,0
2026-08-23 07:46:08.962227,6579,5369,881,0
2026-08-23 07:46:08.962246,6591,5440,1214,0
2026-08-23 07:46:08.962266,6573,5411,1050,0
2026-08-23 07:46:08.962286,6576,5409,1168,0
2026-08-23 07:46:08.962306,6552,5428,1262,0
2026-08-23 07:46:08.962327,6591,5359,1134,0
2026-08-23 07:46:08.982433,6558,4699,124,0
2026-08-23 07:46:08.982453,6562,4927,871,0
2026-08-23 07:46:08.982473,6512,4967,0,0
2026-08-23 07:46:08.982493,6537,5065,0,0
2026-08-23 07:46:08.982513,6529,5157,0,0
2026-08-23 07:46:08.982533,6672,5337,1077,0
2026-08-23 07:46:08.982553,6592,5366,1470,0
2026-08-23 07:46:08.982573,6580,5350,1355,0
2026-08-23 07:46:08.982593,6597,5353,1137,0
2026-08-23 07:46:08.982613,6577,5375,1199,0
2026-08-23 07:46:08.982633,6582,5374,1055,0
2026-08-23 07:46:08.982653,6582,5410,1112,0
2026-08-23 07:46:08.982673,6585,5386,1200,0
2026-08-23 07:46:09.003691,6608,4806,1067,0
2026-08-23 07:46:09.003711,6576,4949,1060,0
2026-08-23 07:46:09.003731,6590,5078,979,0
2026-08-23 07:46:09.003751,6577,5180,1100,0
2026-08-23 07:46:09.003771,6584,5248,1068,0
2026-08-23 07:46:09.003791,6570,5276,919,0
2026-08-23 07:46:09.003811,6590,5325,1100,0
2026-08-23 07:46:09.003831,6572,5400,1273,0
2026-08-23 07:46:09.003851,6597,5423,1421,0
2026-08-23 07:46:09.003871,6632,5369,995,0
2026-08-23 07:46:09.003891,6578,5394,1145,0
2026-08-23 07:46:09.003911,6586,5434,1290,0
2026-08-23 07:46:09.003931,6665,5391,1331,0
2026-08-23 07:46:09.024716,6602,4749,1459,0
2026-08-23 07:46:09.024736,6608,4974,1686,0
2026-08-23 07:46:09.024756,6609,5065,1365,0
2026-08-23 07:46:09.024776,6565,5170,1285,0
2026-08-23 07:46:09.024796,6586,5236,1079,0
2026-08-23 07:46:09.024816,6568,5321,1161,0
2026-08-23 07:46:09.024836,6580,5339,962,0
2026-08-23 07:46:09.024856,6573,5329,994,0
2026-08-23 07:46:09.024876,6571,5355,930,0
2026-08-23 07:46:09.024896,6568,5412,1121,0
2026-08-23 07:46:09.024916,6574,5390,1126,0
2026-08-23 07:46:09.024936,6571,5382,1012,0
2026-08-23 07:46:09.024956,6583,5390,927,0
2026-08-23 07:46:09.045141,6587,4706,681,0
2026-08-23 07:46:09.045161,6581,4910,1125,0
2026-08-23 07:46:09.045181,6555,5031,873,0
2026-08-23 07:46:09.045201,6570,5199,1185,0
2026-08-23 07:46:09.045221,6515,5126,0,0
2026-08-23 07:46:09.045241,6535,5179,0,0
2026-08-23 07:46:09.045261,6533,5251,0,0
2026-08-23 07:46:09.045281,6582,5465,2415,0
2026-08-23 07:46:09.045301,6662,5370,1451,0
2026-08-23 07:46:09.045321,6591,5382,1357,0
2026-08-23 07:46:09.045341,6586,5381,1125,0
2026-08-23 07:46:09.045361,6588,5394,1328,0
2026-08-23 07:46:09.045381,6602,5433,1519,0
2026-08-23 07:46:09.066279,6607,4837,1742,0
2026-08-23 07:46:09.066299,6592,4971,1698,0
2026-08-23 07:46:09.066319,6609,5131,1379,0
2026-08-23 07:46:09.066339,6582,5206,1278,0
2026-08-23 07:46:09.066359,6582,5256,1083,0
2026-08-23 07:46:09.066379,6570,5290,1470,0
2026-08-23 07:46:09.066399,6581,5339,1011,0
2026-08-23 07:46:09.066419,6570,5361,1001,0
2026-08-23 07:46:09.066439,6572,5350,958,0
2026-08-23 07:46:09.066459,6566,5387,1165,0
2026-08-23 07:46:09.066479,6579,5421,1219,0
2026-08-23 07:46:09.066499,6572,5372,1051,0
2026-08-23 07:46:09.066519,6588,5392,960,0
2026-08-23 07:46:10.522840,6588,4700,793,0
2026-08-23 07:46:10.522860,6574,4940,1160,0
2026-08-23 07:46:10.522880,6576,5036,1141,0
2026-08-23 07:46:10.522900,6595,5201,1377,0
2026-08-23 07:46:10.522920,6537,5148,22,0
2026-08-23 07:46:10.522940,6536,5239,96,0
2026-08-23 07:46:10.522960,6518,5230,0,0
2026-08-23 07:46:10.522980,6536,5278,0,0
2026-08-23 07:46:10.523000,6580,5443,1720,0
2026-08-23 07:46:10.523020,6596,5408,1616,0
2026-08-23 07:46:10.523040,6610,5439,1304,0
2026-08-23 07:46:10.523060,6588,5411,1559,0
2026-08-23 07:46:10.523080,6592,5437,1072,0
2026-08-23 07:46:10.523100,6576,5404,1090,0
2026-08-23 07:46:10.523120,6577,5448,935,0
2026-08-23 07:46:10.523140,6560,5444,1101,0
2026-08-23 07:46:10.523160,6577,5410,1060,0
2026-08-23 07:46:10.523180,6568,5400,1044,0
2026-08-23 07:46:10.523200,6575,5415,1051,0
2026-08-23 07:46:10.523220,6580,5412,1252,0
2026-08-23 07:46:10.523240,6584,5459,1352,0
2026-08-23 07:46:10.523260,6567,5433,1039,0
2026-08-23 07:46:10.523280,6578,5415,1168,0
2026-08-23 07:46:10.523300,6579,5413,1226,0
2026-08-23 07:46:10.523320,6591,5466,1430,0
2026-08-23 07:46:10.523340,6540,5378,158,0
2026-08-23 07:46:10.523360,6540,5375,243,0
2026-08-23 07:46:10.523380,6528,5363,0,0
2026-08-23 07:46:10.523400,6529,5390,0,0
2026-08-23 07:46:10.523420,6572,5455,1830,0
2026-08-23 07:46:10.523440,6608,5446,1695,0
2026-08-23 07:46:10.523460,6615,5468,1389,0
2026-08-23 07:46:10.523480,6585,5476,1391,0
2026-08-23 07:46:10.523500,6598,5452,1164,0
2026-08-23 07:46:10.523520,6569,5408,1131,0
2026-08-23 07:46:10.523540,6574,5445,940,0
2026-08-23 07:46:10.523560,6562,5417,1084,0
2026-08-23 07:46:10.523580,6574,5420,1006,0
2026-08-23 07:46:10.523600,6572,5416,995,0
2026-08-23 07:46:10.523620,6578,5435,968,0
2026-08-23 07:46:10.523640,6569,5457,1166,0
2026-08-23 07:46:10.523660,6588,5426,1206,0
2026-08-23 07:46:10.523680,6574,5409,1075,0
2026-08-23 07:46:10.523700,6596,5423,1148,0
2026-08-23 07:46:10.523720,6586,5464,1303,0
2026-08-23 07:46:10.523740,6569,5467,1471,0
2026-08-23 07:46:10.523760,6574,5423,844,0
2026-08-23 07:46:10.523780,6565,5447,1053,0
2026-08-23 07:46:10.523800,6563,5430,963,0
2026-08-23 07:46:10.523820,6583,5453,1233,0
2026-08-23 07:46:10.523840,6531,5324,0,0
2026-08-23 07:46:10.523860,6530,5382,0,0
2026-08-23 07:46:10.523880,6508,5356,0,0
2026-08-23 07:46:10.523900,6527,5368,0,0
2026-08-23 07:46:10.523920,6579,5454,1718,0
2026-08-23 07:46:10.523940,6585,5440,1636,0
2026-08-23 07:46:10.523960,6591,5459,1337,0
2026-08-23 07:46:10.523980,6588,5424,1348,0
2026-08-23 07:46:10.524000,6592,5444,1142,0
2026-08-23 07:46:10.524020,6570,5412,1126,0
2026-08-23 07:46:10.524040,6565,5442,954,0
2026-08-23 07:46:10.524060,6568,5441,1087,0
2026-08-23 07:46:10.524080,6583,5443,991,0
2026-08-23 07:46:10.524100,6569,5408,994,0
2026-08-23 07:46:10.524120,6579,5434,966,0
2026-08-23 07:46:10.524140,6576,5436,1182,0
2026-08-23 07:46:10.524160,6703,5429,1233,0
2026-08-23 07:46:10.524180,6567,5451,1066,0
2026-08-23 07:46:10.524200,6583,5466,1169,0
2026-08-23 07:46:10.524220,6574,5437,1310,0
2026-08-23 07:46:10.524240,6613,5447,1495,0
2026-08-23 07:46:10.524260,6564,5380,742,0
2026-08-23 07:46:10.524280,6557,5438,865,0
2026-08-23 07:46:10.524300,6553,5389,698,0
2026-08-23 07:46:10.524320,6563,5438,849,0
2026-08-23 07:46:10.524340,6521,5355,0,0
2026-08-23 07:46:10.524360,6569,5422,433,0
2026-08-23 07:46:10.524380,6585,5475,1705,0
2026-08-23 07:46:10.524400,6608,5448,1663,0
2026-08-23 07:46:10.524420,6614,5458,1350,0
2026-08-23 07:46:10.524440,6578,5449,1302,0
2026-08-23 07:46:10.524460,6592,5415,1065,0
2026-08-23 07:46:10.524480,6587,5413,1158,0
2026-08-23 07:46:10.524500,6581,5395,1000,0
2026-08-23 07:46:10.524520,6563,5406,1006,0
2026-08-23 07:46:10.524540,6571,5406,930,0
2026-08-23 07:46:10.524560,6576,5456,1136,0
2026-08-23 07:46:10.524580,6592,5436,1151,0
2026-08-23 07:46:10.524600,6560,5440,1078,0
2026-08-23 07:46:10.524620,6575,5457,1118,0
2026-08-23 07:46:10.524640,6577,5426,1292,0
2026-08-23 07:46:10.524660,6591,5446,1443,0
2026-08-23 07:46:10.524680,6602,5429,948,0
2026-08-23 07:46:10.524700,6571,5404,1107,0
2026-08-23 07:46:10.524720,6574,5403,1073,0
2026-08-23 07:46:10.524740,6584,5453,1290,0
2026-08-23 07:46:10.524760,6530,5336,0,0
2026-08-23 07:46:10.524780,6476,5370,0,0
2026-08-23 07:46:10.524800,6512,5325,0,0
2026-08-23 07:46:10.524820,6533,5347,0,0
2026-08-23 07:46:10.524840,6582,5449,1746,0
2026-08-23 07:46:10.524860,6588,5476,1632,0
2026-08-23 07:46:10.524880,6605,5461,1364,0
2026-08-23 07:46:10.524900,6588,5424,1355,0
2026-08-23 07:46:10.524920,6591,5441,1143,0
2026-08-23 07:46:10.524940,6580,5428,1120,0
2026-08-23 07:46:10.524960,6578,5402,943,0
2026-08-23 07:46:10.524980,6577,5436,1097,0
2026-08-23 07:46:10.525000,6576,5455,1000,0
2026-08-23 07:46:10.525020,6560,5447,994,0
2026-08-23 07:46:10.525040,6574,5419,971,0
2026-08-23 07:46:10.525060,6584,5455,1195,0
2026-08-23 07:46:10.525080,6587,5459,1259,0
2026-08-23 07:46:10.525100,6579,5407,1075,0
2026-08-23 07:46:10.525120,6583,5445,1203,0
2026-08-23 07:46:10.525140,6591,5456,1298,0
2026-08-23 07:46:10.525160,6585,5439,1509,0
2026-08-23 07:46:10.525180,6554,5386,589,0
2026-08-23 07:46:10.525200,6559,5424,750,0
2026-08-23 07:46:10.525220,6550,5370,527,0
2026-08-23 07:46:10.525240,6555,5443,664,0
2026-08-23 07:46:10.525260,6549,5375,0,0
2026-08-23 07:46:10.525280,6573,5495,3203,0
2026-08-23 07:46:10.525300,6707,5475,1639,0
2026-08-23 07:46:10.525320,6603,5448,1585,0
2026-08-23 07:46:10.525340,6610,5455,1290,0
2026-08-23 07:46:10.525360,6581,5459,1232,0
2026-08-23 07:46:10.525380,6584,5412,1034,0
2026-08-23 07:46:10.525400,6568,5448,1126,0
2026-08-23 07:46:10.525420,6569,5403,998,0
2026-08-23 07:46:10.525440,6574,5405,1000,0
2026-08-23 07:46:10.525460,6587,5406,945,0
2026-08-23 07:46:10.525480,6576,5420,1158,0
2026-08-23 07:46:10.525500,6577,5410,1197,0
2026-08-23 07:46:10.525520,6563,5432,1081,0
2026-08-23 07:46:10.525540,6563,5442,1154,0
2026-08-23 07:46:10.525560,6585,5405,1305,0
2026-08-23 07:46:10.525580,6589,5442,1472,0
2026-08-23 07:46:10.525600,6573,5415,849,0
2026-08-23 07:46:10.525620,6563,5403,1048,0
2026-08-23 07:46:10.525640,6570,5412,926,0
2026-08-23 07:46:10.525660,6569,5417,1161,0
2026-08-23 07:46:10.525680,6516,5307,0,0
2026-08-23 07:46:10.525700,6521,5361,0,0
2026-08-23 07:46:10.525720,6519,5343,0,0
2026-08-23 07:46:10.525740,6538,5345,0,0
2026-08-23 07:46:10.525760,6565,5429,1604,0
2026-08-23 07:46:10.525780,6586,5473,1494,0
2026-08-23 07:46:10.525800,6602,5414,1240,0
2026-08-23 07:46:10.525820,6589,5450,1276,0
2026-08-23 07:46:10.525840,6584,5417,1100,0
2026-08-23 07:46:10.525860,6569,5412,1085,0
2026-08-23 07:46:10.525880,6579,5420,937,0
2026-08-23 07:46:10.525900,6583,5450,1083,0
2026-08-23 07:46:10.525920,6579,5451,1003,0
2026-08-23 07:46:10.525940,6568,5449,999,0
2026-08-23 07:46:10.525960,6573,5446,980,0
2026-08-23 07:46:10.525980,6569,5458,1200,0
2026-08-23 07:46:10.526000,6593,5428,1284,0
2026-08-23 07:46:10.526020,6580,5436,1065,0
2026-08-23 07:46:10.526040,6553,5450,1171,0
2026-08-23 07:46:10.526060,6582,5419,1295,0
2026-08-23 07:46:10.526080,6596,5469,1503,0
2026-08-23 07:46:10.526100,6557,5380,620,0
2026-08-23 07:46:10.526120,6555,5377,768,0
2026-08-23 07:46:10.526140,6542,5400,482,0
2026-08-23 07:46:10.526160,6550,5401,649,0
2026-08-23 07:46:10.526180,6621,5395,13,0
2026-08-23 07:46:10.526200,6588,5463,3106,0
2026-08-23 07:46:10.526220,6705,5453,1595,0
2026-08-23 07:46:10.526240,6593,5478,1567,0
2026-08-23 07:46:10.526260,6604,5407,1303,0
2026-08-23 07:46:10.526280,6576,5414,1238,0
2026-08-23 07:46:10.526300,6573,5406,1010,0
2026-08-23 07:46:10.526320,6571,5459,1132,0
2026-08-23 07:46:10.526340,6582,5449,1006,0
2026-08-23 07:46:10.526360,6559,5404,1039,0
2026-08-23 07:46:10.526380,6572,5443,995,0
2026-08-23 07:46:10.526400,6558,5443,1163,0
2026-08-23 07:46:10.526420,6578,5456,1252,0
2026-08-23 07:46:10.526440,6567,5407,1094,0
2026-08-23 07:46:10.526460,6578,5436,1203,0
2026-08-23 07:46:10.526480,6569,5461,1297,0
2026-08-23 07:46:10.526500,6581,5473,1488,0
2026-08-23 07:46:10.526520,6559,5390,562,0
2026-08-23 07:46:10.526540,6552,5385,655,0
2026-08-23 07:46:10.526560,6535,5404,318,0
2026-08-23 07:46:10.526580,6538,5412,168,0
2026-08-23 07:46:10.526600,6586,5474,2010,0
2026-08-23 07:46:10.526620,6605,5454,1845,0
2026-08-23 07:46:10.526640,6621,5444,1523,0
2026-08-23 07:46:10.526660,6601,5435,1455,0
2026-08-23 07:46:10.526680,6602,5419,1222,0
2026-08-23 07:46:10.526700,6570,5411,1161,0
2026-08-23 07:46:10.526720,6579,5410,986,0
2026-08-23 07:46:10.526740,6571,5444,1103,0
2026-08-23 07:46:10.526760,6577,5419,1039,0
2026-08-23 07:46:10.526780,6566,5411,998,0
2026-08-23 07:46:10.526800,6568,5417,974,0
2026-08-23 07:46:10.526820,6571,5458,1172,0
2026-08-23 07:46:10.526840,6588,5421,1263,0
2026-08-23 07:46:10.526860,6587,5439,1073,0
2026-08-23 07:46:10.526880,6496,5429,1191,0
2026-08-23 07:46:10.526900,6581,5451,1303,0
2026-08-23 07:46:10.526920,6602,5436,1494,0
2026-08-23 07:46:10.526940,6575,5419,655,0
2026-08-23 07:46:10.526960,6557,5393,794,0
2026-08-23 07:46:10.526980,6552,5378,550,0
2026-08-23 07:46:10.527000,6560,5388,682,0
2026-08-23 07:46:10.527020,6551,5384,0,0
2026-08-23 07:46:10.527040,6568,5455,2978,0
2026-08-23 07:46:10.527060,6702,5453,1621,0
2026-08-23 07:46:10.527080,6601,5445,1581,0
2026-08-23 07:46:10.527100,6600,5430,1267,0
2026-08-23 07:46:10.527120,6576,5419,1198,0
2026-08-23 07:46:10.527140,6576,5420,1002,0
2026-08-23 07:46:10.527160,6568,5441,1122,0
2026-08-23 07:46:10.527180,6588,5430,1012,0
2026-08-23 07:46:10.527200,6577,5436,1041,0
2026-08-23 07:46:10.527220,6574,5442,986,0
2026-08-23 07:46:10.527240,6576,5420,1207,0
2026-08-23 07:46:10.527260,6662,5457,1299,0
2026-08-23 07:46:10.527280,6568,5453,1083,0
2026-08-23 07:46:10.527300,6581,5412,1205,0
2026-08-23 07:46:10.527320,6584,5423,1299,0
2026-08-23 07:46:10.527340,6596,5438,1476,0
2026-08-23 07:46:10.527360,6556,5395,473,0
2026-08-23 07:46:10.527380,6550,5389,573,0
2026-08-23 07:46:10.527400,6529,5404,225,0
2026-08-23 07:46:10.527420,6541,5404,289,0
2026-08-23 07:46:10.527440,6579,5466,1942,0
2026-08-23 07:46:10.527460,6605,5516,1797,0
2026-08-23 07:46:10.527480,6604,5463,1455,0
2026-08-23 07:46:10.527500,6596,5425,1411,0
2026-08-23 07:46:10.527520,6592,5424,1158,0
2026-08-23 07:46:10.527540,6571,5434,1128,0
2026-08-23 07:46:10.527560,6595,5405,960,0
2026-08-23 07:46:10.527580,6573,5435,1102,0
2026-08-23 07:46:10.527600,6589,5424,1003,0
2026-08-23 07:46:10.527620,6576,5410,1003,0
2026-08-23 07:46:10.527640,6568,5454,997,0
2026-08-23 07:46:10.527660,6568,5422,1192,0
2026-08-23 07:46:10.527680,6580,5442,1282,0
2026-08-23 07:46:10.527700,6570,5398,1083,0
2026-08-23 07:46:10.527720,6583,5433,1184,0
2026-08-23 07:46:10.527740,6592,5412,1301,0
2026-08-23 07:46:10.527760,6594,5450,1484,0
2026-08-23 07:46:10.527780,6557,5378,624,0
2026-08-23 07:46:10.527800,6558,5435,742,0
2026-08-23 07:46:10.527820,6547,5373,490,0
2026-08-23 07:46:10.527840,6537,5414,652,0
2026-08-23 07:46:10.527860,6611,5453,139,0
2026-08-23 07:46:10.527880,6577,5464,3003,0
2026-08-23 07:46:10.527900,6690,5484,1630,0
2026-08-23 07:46:10.527920,6599,5471,1572,0
2026-08-23 07:46:10.527940,6603,5453,1244,0
2026-08-23 07:46:10.527960,6582,5447,1208,0
2026-08-23 07:46:10.527980,6577,5449,1032,0
2026-08-23 07:46:10.528000,6562,5450,1137,0
2026-08-23 07:46:10.528020,6566,5438,1045,0
2026-08-23 07:46:10.528040,6555,5399,1038,0
2026-08-23 07:46:10.528060,6572,5435,961,0
2026-08-23 07:46:10.528080,6571,5403,1184,0
2026-08-23 07:46:10.528100,6585,5417,1209,0
2026-08-23 07:46:10.528120,6597,5412,1074,0
2026-08-23 07:46:10.528140,6589,5445,1194,0
2026-08-23 07:46:10.528160,6573,5419,1293,0
2026-08-23 07:46:10.528180,6600,5440,1502,0
2026-08-23 07:46:10.528200,6560,5385,565,0
2026-08-23 07:46:10.528220,6546,5425,633,0
2026-08-23 07:46:10.528240,6538,5393,271,0
2026-08-23 07:46:10.528260,6552,5372,319,0
2026-08-23 07:46:10.528280,6585,5490,1942,0
2026-08-23 07:46:10.528300,6607,5450,1703,0
2026-08-23 07:46:10.528320,6620,5431,1431,0
2026-08-23 07:46:10.528340,6594,5425,1370,0
2026-08-23 07:46:10.528360,6595,5412,1163,0
2026-08-23 07:46:10.528380,6519,5429,1120,0
2026-08-23 07:46:10.528400,6569,5408,941,0
2026-08-23 07:46:10.528420,6572,5416,1113,0
2026-08-23 07:46:10.528440,6580,5446,1072,0
2026-08-23 07:46:10.528460,6573,5431,1055,0
2026-08-23 07:46:10.528480,6571,5446,1078,0
2026-08-23 07:46:10.528500,6578,5423,1296,0
2026-08-23 07:46:10.528520,6590,5433,1383,0
2026-08-23 07:46:10.528540,6580,5406,1004,0
2026-08-23 07:46:10.528560,6563,5439,1169,0
2026-08-23 07:46:10.528580,6570,5418,1155,0
2026-08-23 07:46:10.528600,6589,5435,1344,0
2026-08-23 07:46:10.528620,6536,5338,0,0
2026-08-23 07:46:10.528640,6530,5355,0,0
2026-08-23 07:46:10.528660,6512,5328,0,0
2026-08-23 07:46:10.528680,6539,5351,0,0
2026-08-23 07:46:10.528700,6575,5460,1667,0
2026-08-23 07:46:10.528720,6588,5485,1515,0
2026-08-23 07:46:10.528740,6592,5481,1277,0
2026-08-23 07:46:10.528760,6586,5462,1296,0
2026-08-23 07:46:10.528780,6574,5417,1080,0
2026-08-23 07:46:10.528800,6558,5448,1063,0
2026-08-23 07:46:10.528820,6560,5441,955,0
2026-08-23 07:46:10.528840,6571,5407,1100,0
2026-08-23 07:46:10.528860,6578,5443,1036,0
2026-08-23 07:46:10.528880,6557,5437,993,0
2026-08-23 07:46:10.528900,6574,5436,1011,0
2026-08-23 07:46:10.528920,6573,5448,1237,0
2026-08-23 07:46:10.528940,6576,5458,1335,0
2026-08-23 07:46:10.528960,6567,5431,1073,0
2026-08-23 07:46:10.528980,6579,5444,1192,0
2026-08-23 07:46:10.529000,6576,5408,1250,0
2026-08-23 07:46:10.529020,6592,5432,1462,0
2026-08-23 07:46:10.529040,6544,5363,409,0
2026-08-23 07:46:10.529060,6548,5415,529,0
2026-08-23 07:46:10.529080,6534,5358,205,0
2026-08-23 07:46:10.529100,6547,5412,300,0
2026-08-23 07:46:10.529120,6589,5476,1950,0
2026-08-23 07:46:10.529140,6591,5463,1788,0
2026-08-23 07:46:10.529160,6611,5470,1481,0
2026-08-23 07:46:10.529180,6600,5467,1435,0
2026-08-23 07:46:10.529200,6588,5449,1192,0
2026-08-23 07:46:10.529220,6573,5464,1148,0
2026-08-23 07:46:10.529240,6575,5412,991,0
2026-08-23 07:46:10.529260,6569,5413,1121,0
2026-08-23 07:46:10.529280,6575,5449,1042,0
2026-08-23 07:46:10.529300,6570,5409,1036,0
2026-08-23 07:46:10.529320,6565,5450,995,0
2026-08-23 07:46:10.529340,6563,5451,1222,0
2026-08-23 07:46:10.529360,6589,5460,1350,0
2026-08-23 07:46:10.529380,6561,5435,1059,0
2026-08-23 07:46:10.529400,6562,5413,1200,0
2026-08-23 07:46:10.529420,6572,5437,1206,0
2026-08-23 07:46:10.529440,6590,5441,1409,0
2026-08-23 07:46:10.529460,6542,5348,81,0
2026-08-23 07:46:10.529480,6531,5362,83,0
2026-08-23 07:46:10.529500,6513,5369,0,0
2026-08-23 07:46:10.529520,6538,5345,0,0
2026-08-23 07:46:10.529540,6564,5506,1714,0
2026-08-23 07:46:10.529560,6588,5440,1596,0
2026-08-23 07:46:10.529580,6599,5458,1302,0
2026-08-23 07:46:10.529600,6592,5416,1305,0
2026-08-23 07:46:10.529620,6592,5406,1122,0
2026-08-23 07:46:10.529640,6573,5411,1077,0
2026-08-23 07:46:10.529660,6580,5408,931,0
2026-08-23 07:46:10.529680,6575,5443,1077,0
2026-08-23 07:46:10.529700,6575,5444,1043,0
2026-08-23 07:46:10.529720,6569,5422,1001,0
2026-08-23 07:46:10.529740,6586,5378,1011,0
2026-08-23 07:46:10.529760,6577,5414,1236,0
2026-08-23 07:46:10.529780,6585,5457,1294,0
2026-08-23 07:46:10.529800,6569,5397,1044,0
2026-08-23 07:46:10.529820,6580,5416,1196,0
2026-08-23 07:46:10.529840,6584,5416,1258,0
2026-08-23 07:46:10.529860,6597,5434,1472,0
2026-08-23 07:46:10.529880,6545,5402,462,0
2026-08-23 07:46:10.529900,6547,5419,610,0
2026-08-23 07:46:10.529920,6538,5390,324,0
2026-08-23 07:46:10.529940,6549,5381,454,0
2026-08-23 07:46:10.529960,6593,5504,1903,0
2026-08-23 07:46:10.529980,6604,5488,1889,0
2026-08-23 07:46:10.530000,6619,5440,1563,0
2026-08-23 07:46:10.530020,6596,5434,1515,0
2026-08-23 07:46:10.530040,6597,5419,1260,0
2026-08-23 07:46:10.530060,6565,5453,1202,0
2026-08-23 07:46:10.530080,6582,5414,1000,0
2026-08-23 07:46:10.530100,6576,5428,1127,0
2026-08-23 07:46:10.530120,6576,5419,1048,0
2026-08-23 07:46:10.530140,6559,5412,1003,0
2026-08-23 07:46:10.530160,6575,5411,968,0
2026-08-23 07:46:10.530180,6569,5449,1159,0
2026-08-23 07:46:10.530200,6585,5441,1213,0
2026-08-23 07:46:10.530220,6573,5427,1098,0
2026-08-23 07:46:10.530240,6585,5461,1281,0
2026-08-23 07:46:10.530260,6579,5428,1336,0
2026-08-23 07:46:10.530280,6598,5499,1490,0
2026-08-23 07:46:10.530300,6558,5381,579,0
2026-08-23 07:46:10.530320,6546,5425,710,0
2026-08-23 07:46:10.530340,6537,5398,367,0
2026-08-23 07:46:10.530360,6548,5379,440,0
2026-08-23 07:46:10.530380,6584,5466,2005,0
2026-08-23 07:46:10.530400,6593,5453,1824,0
2026-08-23 07:46:10.530420,6615,5443,1505,0
2026-08-23 07:46:10.530440,6599,5465,1442,0
2026-08-23 07:46:10.530460,6597,5420,1194,0
2026-08-23 07:46:10.530480,6573,5459,1151,0
2026-08-23 07:46:10.530500,6566,5415,975,0
2026-08-23 07:46:10.530520,6571,5417,1099,0
2026-08-23 07:46:10.530540,6581,5412,1012,0
2026-08-23 07:46:10.530560,6564,5451,1007,0
2026-08-23 07:46:10.530580,6572,5446,980,0
2026-08-23 07:46:10.530600,6562,5450,1205,0
2026-08-23 07:46:10.530620,6589,5460,1305,0
2026-08-23 07:46:10.530640,6566,5437,1058,0
2026-08-23 07:46:10.530660,6579,5439,1192,0
2026-08-23 07:46:10.530680,6576,5445,1267,0
2026-08-23 07:46:10.530700,6601,5462,1471,0
2026-08-23 07:46:10.530720,6551,5392,462,0
2026-08-23 07:46:10.530740,6548,5404,587,0
2026-08-23 07:46:10.530760,6542,5351,268,0
2026-08-23 07:46:10.530780,6540,5395,370,0
2026-08-23 07:46:10.530800,6576,5477,1990,0
2026-08-23 07:46:10.530820,6603,5453,1836,0
2026-08-23 07:46:10.530840,6610,5458,1510,0
2026-08-23 07:46:10.530860,6596,5434,1448,0
2026-08-23 07:46:10.530880,6595,5455,1221,0
2026-08-23 07:46:10.530900,6577,5421,1181,0
2026-08-23 07:46:10.530920,6579,5426,987,0
2026-08-23 07:46:10.530940,6581,5442,1104,0
2026-08-23 07:46:10.530960,6569,5465,999,0
2026-08-23 07:46:10.530980,6564,5439,995,0
2026-08-23 07:46:10.531000,6573,5445,951,0
2026-08-23 07:46:10.531020,6563,5454,1153,0
2026-08-23 07:46:10.531040,6575,5458,1213,0
2026-08-23 07:46:10.531060,6570,5453,1067,0
2026-08-23 07:46:10.531080,6579,5439,1160,0
2026-08-23 07:46:10.531100,6581,5431,1306,0
2026-08-23 07:46:10.531120,6597,5477,1489,0
2026-08-23 07:46:10.531140,6573,5427,793,0
2026-08-23 07:46:10.531160,6570,5443,954,0
2026-08-23 07:46:10.531180,6558,5395,786,0
2026-08-23 07:46:10.531200,6553,5416,825,0
2026-08-23 07:46:10.531220,6507,5291,0,0
2026-08-23 07:46:10.531240,6533,5385,0,0
2026-08-23 07:46:10.531260,6563,5451,1140,0
2026-08-23 07:46:10.531280,6547,5467,2170,0
2026-08-23 07:46:10.531300,6626,5453,1416,0
2026-08-23 07:46:10.531320,6583,5421,1335,0
2026-08-23 07:46:10.531340,6580,5446,1132,0
2026-08-23 07:46:10.531360,6571,5411,1176,0
2026-08-23 07:46:10.531380,6563,5406,1033,0
2026-08-23 07:46:10.531400,6561,5438,1034,0
2026-08-23 07:46:10.531420,6570,5423,922,0
2026-08-23 07:46:10.531440,6568,5424,1130,0
2026-08-23 07:46:10.531460,6576,5409,1115,0
2026-08-23 07:46:10.531480,6573,5409,1055,0
2026-08-23 07:46:10.531500,6575,5423,1102,0
2026-08-23 07:46:10.531520,6578,5421,1289,0
2026-08-23 07:46:10.531540,6588,5470,1408,0
2026-08-23 07:46:10.531560,6575,5407,978,0
2026-08-23 07:46:10.531580,6574,5423,1141,0
2026-08-23 07:46:10.531600,6564,5438,1127,0
2026-08-23 07:46:10.531620,6567,5463,1357,0
2026-08-23 07:46:10.531640,6533,5385,0,0
2026-08-23 07:46:10.531660,6535,5351,41,0
2026-08-23 07:46:10.531680,6518,5363,0,0
2026-08-23 07:46:10.531700,6540,5374,0,0
2026-08-23 07:46:10.531720,6573,5462,1778,0
2026-08-23 07:46:10.531740,6581,5441,1656,0
2026-08-23 07:46:10.531760,6606,5462,1374,0
2026-08-23 07:46:10.531780,6585,5459,1384,0
2026-08-23 07:46:10.531800,6594,5421,1143,0
2026-08-23 07:46:10.531820,6570,5447,1136,0
2026-08-23 07:46:10.531840,6572,5439,958,0
2026-08-23 07:46:10.531860,6566,5411,1100,0
2026-08-23 07:46:10.531880,6580,5409,994,0
2026-08-23 07:46:10.531900,6564,5414,981,0
2026-08-23 07:46:10.531920,6568,5409,959,0
2026-08-23 07:46:10.531940,6569,5419,1153,0
2026-08-23 07:46:10.531960,6574,5467,1201,0
2026-08-23 07:46:10.531980,6575,5409,1067,0
2026-08-23 07:46:10.532000,6580,5451,1161,0
2026-08-23 07:46:10.532020,6577,5460,1306,0
2026-08-23 07:46:10.532040,6592,5470,1479,0
2026-08-23 07:46:10.532060,6567,5421,848,0
2026-08-23 07:46:10.532080,6503,5446,1015,0
2026-08-23 07:46:10.532100,6559,5429,901,0
2026-08-23 07:46:10.532120,6570,5458,1132,0
2026-08-23 07:46:10.532140,6504,5353,0,0
2026-08-23 07:46:10.532160,6519,5332,0,0
2026-08-23 07:46:10.532180,6513,5350,0,0
2026-08-23 07:46:10.532200,6572,5434,586,0
2026-08-23 07:46:10.532220,6571,5468,1551,0
2026-08-23 07:46:10.532240,6587,5457,1408,0
2026-08-23 07:46:10.532260,6589,5455,1167,0
2026-08-23 07:46:10.532280,6576,5454,1227,0
2026-08-23 07:46:10.532300,6571,5445,1077,0
2026-08-23 07:46:10.532320,6566,5411,1056,0
2026-08-23 07:46:10.532340,6563,5444,924,0
2026-08-23 07:46:10.532360,6565,5412,1098,0
2026-08-23 07:46:10.532380,6574,5404,1002,0
2026-08-23 07:46:10.532400,6558,5436,1046,0
2026-08-23 07:46:10.532420,6580,5402,1133,0
2026-08-23 07:46:10.532440,6581,5453,1243,0
2026-08-23 07:46:10.532460,6589,5408,1357,0
2026-08-23 07:46:10.532480,6576,5426,1042,0
2026-08-23 07:46:10.532500,6592,5423,1185,0
2026-08-23 07:46:10.532520,6581,5408,1251,0
2026-08-23 07:46:10.532540,6594,5441,1450,0
2026-08-23 07:46:10.532560,6539,5370,332,0
2026-08-23 07:46:10.532580,6541,5417,466,0
2026-08-23 07:46:10.532600,6536,5384,194,0
2026-08-23 07:46:10.532620,6547,5391,336,0
2026-08-23 07:46:10.532640,6586,5492,2004,0
2026-08-23 07:46:10.532660,6596,5501,1871,0
2026-08-23 07:46:10.532680,6608,5458,1573,0
2026-08-23 07:46:10.532700,6597,5473,1768,0
2026-08-23 07:46:10.532720,6596,5412,1285,0
2026-08-23 07:46:10.532740,6587,5452,1226,0
2026-08-23 07:46:10.532760,6705,5430,1051,0
2026-08-23 07:46:10.532780,6576,5452,1144,0
2026-08-23 07:46:10.532800,6570,5433,996,0
2026-08-23 07:46:10.532820,6565,5435,992,0
2026-08-23 07:46:10.532840,6566,5388,928,0
2026-08-23 07:46:10.532860,6569,5442,1109,0
2026-08-23 07:46:10.532880,6577,5400,1124,0
2026-08-23 07:46:10.532900,6560,5373,1044,0
2026-08-23 07:46:10.532920,6570,5409,1113,0
2026-08-23 07:46:10.532940,6583,5452,1288,0
2026-08-23 07:46:10.532960,6589,5460,1404,0
2026-08-23 07:46:10.532980,6563,5392,974,0
2026-08-23 07:46:10.533000,6572,5412,1146,0
2026-08-23 07:46:10.533020,6563,5450,1143,0
2026-08-23 07:46:10.533040,6592,5438,1358,0
2026-08-23 07:46:10.533060,6531,5342,0,0
2026-08-23 07:46:10.533080,6532,5387,27,0
2026-08-23 07:46:10.533100,6511,5333,0,0
2026-08-23 07:46:10.533120,6532,5377,0,0
2026-08-23 07:46:10.533140,6573,5480,1743,0
2026-08-23 07:46:10.533160,6587,5444,1618,0
2026-08-23 07:46:10.533180,6598,5463,1344,0
2026-08-23 07:46:10.533200,6590,5421,1333,0
2026-08-23 07:46:10.533220,6611,5448,1130,0
2026-08-23 07:46:10.533240,6562,5410,1099,0
2026-08-23 07:46:10.533260,6577,5438,958,0
2026-08-23 07:46:10.533280,6574,5444,1108,0
2026-08-23 07:46:10.533300,6570,5439,1058,0
2026-08-23 07:46:10.533320,6554,5404,1004,0
2026-08-23 07:46:10.533340,6560,5443,993,0
2026-08-23 07:46:10.533360,6587,5453,1236,0
2026-08-23 07:46:10.533380,6597,5420,1332,0
2026-08-23 07:46:10.533400,6568,5412,1064,0
2026-08-23 07:46:10.533420,6575,5429,1197,0
2026-08-23 07:46:10.533440,6562,5446,1260,0
2026-08-23 07:46:10.533460,6593,5428,1457,0
2026-08-23 07:46:10.533480,6552,5352,396,0
2026-08-23 07:46:10.533500,6549,5427,490,0
2026-08-23 07:46:10.533520,6519,5384,192,0
2026-08-23 07:46:10.533540,6545,5370,305,0
2026-08-23 07:46:10.533560,6576,5481,1960,0
2026-08-23 07:46:10.533580,6603,5461,1773,0
2026-08-23 07:46:10.533600,6610,5435,1511,0
2026-08-23 07:46:10.533620,6608,5468,1477,0
2026-08-23 07:46:10.533640,6598,5452,1230,0
2026-08-23 07:46:10.533660,6571,5433,1192,0
2026-08-23 07:46:10.533680,6581,5407,984,0
2026-08-23 07:46:10.533700,6571,5451,1125,0
2026-08-23 07:46:10.533720,6572,5454,994,0
2026-08-23 07:46:10.533740,6565,5407,989,0
2026-08-23 07:46:10.533760,6571,5447,955,0
2026-08-23 07:46:10.533780,6574,5416,1162,0
2026-08-23 07:46:10.533800,6581,5422,1190,0
2026-08-23 07:46:10.533820,6563,5410,1063,0
2026-08-23 07:46:10.533840,6575,5446,1170,0
2026-08-23 07:46:10.533860,6573,5446,1306,0
2026-08-23 07:46:10.533880,6597,5457,1471,0
2026-08-23 07:46:10.533900,6566,5401,838,0
2026-08-23 07:46:10.533920,6563,5431,869,0
2026-08-23 07:46:10.533940,6559,5400,886,0
2026-08-23 07:46:10.533960,6564,5444,1076,0
2026-08-23 07:46:10.533980,6523,5301,0,0
2026-08-23 07:46:10.534000,6523,5346,0,0
2026-08-23 07:46:10.534020,6535,5388,0,0
2026-08-23 07:46:10.534040,6615,5580,1516,0
2026-08-23 07:46:10.534060,6594,5448,1493,0
2026-08-23 07:46:10.534080,6583,5411,1407,0
2026-08-23 07:46:10.534100,6592,5435,1180,0
2026-08-23 07:46:10.534120,6571,5441,1220,0
2026-08-23 07:46:10.534140,6588,5434,1053,0
2026-08-23 07:46:10.534160,6565,5424,1050,0
2026-08-23 07:46:10.534180,6565,5455,915,0
2026-08-23 07:46:10.534200,6560,5447,1101,0
2026-08-23 07:46:10.534220,6577,5448,1043,0
2026-08-23 07:46:10.534240,6570,5431,1008,0
2026-08-23 07:46:10.534260,6578,5411,1007,0
2026-08-23 07:46:10.534280,6584,5420,1217,0
2026-08-23 07:46:10.534300,6587,5463,1329,0
2026-08-23 07:46:10.534320,6572,5405,1066,0
2026-08-23 07:46:10.534340,6573,5437,1157,0
2026-08-23 07:46:10.534360,6509,5417,1273,0
2026-08-23 07:46:10.534380,6586,5469,1391,0
2026-08-23 07:46:10.534400,6553,5403,570,0
2026-08-23 07:46:10.534420,6558,5392,738,0
2026-08-23 07:46:10.534440,6551,5378,551,0
2026-08-23 07:46:10.534460,6570,5398,752,0
2026-08-23 07:46:10.534480,6532,5328,0,0
2026-08-23 07:46:10.534500,6556,5431,156,0
2026-08-23 07:46:10.534520,6576,5492,1774,0
2026-08-23 07:46:10.534540,6612,5484,1757,0
2026-08-23 07:46:10.534560,6615,5467,1411,0
2026-08-23 07:46:10.534580,6578,5450,1359,0
2026-08-23 07:46:10.534600,6588,5424,1139,0
2026-08-23 07:46:10.534620,6586,5449,1182,0
2026-08-23 07:46:10.534640,6577,5441,1007,0
2026-08-23 07:46:10.534660,6565,5408,1047,0
2026-08-23 07:46:10.534680,6501,5441,930,0
2026-08-23 07:46:10.534700,6579,5413,1084,0
2026-08-23 07:46:10.534720,6585,5416,1103,0
2026-08-23 07:46:10.534740,6566,5424,1050,0
2026-08-23 07:46:10.534760,6578,5456,1077,0
2026-08-23 07:46:10.534780,6576,5428,1258,0
2026-08-23 07:46:10.534800,6587,5442,1383,0
2026-08-23 07:46:10.534820,6559,5449,1032,0
2026-08-23 07:46:10.534840,6566,5426,1161,0
2026-08-23 07:46:10.534860,6579,5428,1194,0
2026-08-23 07:46:10.534880,6595,5471,1456,0
2026-08-23 07:46:10.534900,6537,5394,211,0
2026-08-23 07:46:10.534920,6531,5402,317,0
2026-08-23 07:46:10.534940,6528,5342,4,0
2026-08-23 07:46:10.534960,6544,5366,90,0
2026-08-23 07:46:10.534980,6579,5502,1893,0
2026-08-23 07:46:10.535000,6606,5485,1765,0
2026-08-23 07:46:10.535020,6611,5441,1451,0
2026-08-23 07:46:10.535040,6588,5472,1434,0
2026-08-23 07:46:10.535060,6593,5428,1205,0
2026-08-23 07:46:10.535080,6588,5453,1167,0
2026-08-23 07:46:10.535100,6572,5424,999,0
2026-08-23 07:46:10.535120,6568,5419,1094,0
2026-08-23 07:46:10.535140,6571,5443,1004,0
2026-08-23 07:46:10.535160,6563,5409,983,0
2026-08-23 07:46:10.535180,6563,5404,941,0
2026-08-23 07:46:10.535200,6573,5447,1138,0
2026-08-23 07:46:10.535220,6580,5447,1173,0
2026-08-23 07:46:10.535240,6584,5410,1059,0
2026-08-23 07:46:10.535260,6572,5424,1139,0
2026-08-23 07:46:10.535280,6571,5460,1310,0
2026-08-23 07:46:10.535300,6597,5472,1444,0
2026-08-23 07:46:10.535320,6576,5405,925,0
2026-08-23 07:46:10.535340,6566,5446,1119,0
2026-08-23 07:46:10.535360,6567,5451,1087,0
2026-08-23 07:46:10.535380,6573,5444,1307,0
2026-08-23 07:46:10.535400,6531,5341,0,0
2026-08-23 07:46:10.535420,6526,5363,0,0
2026-08-23 07:46:10.535440,6513,5322,0,0
2026-08-23 07:46:10.535460,6531,5346,0,0
2026-08-23 07:46:10.535480,6578,5456,1735,0
2026-08-23 07:46:10.535500,6599,5448,1623,0
2026-08-23 07:46:10.535520,6598,5446,1341,0
2026-08-23 07:46:10.535540,6592,5467,1365,0
2026-08-23 07:46:10.535560,6588,5450,1106,0
2026-08-23 07:46:10.535580,6564,5459,1088,0
2026-08-23 07:46:10.535600,6584,5416,946,0
2026-08-23 07:46:10.535620,6563,5456,1091,0
2026-08-23 07:46:10.535640,6570,5453,1035,0
2026-08-23 07:46:10.535660,6565,5413,1033,0
2026-08-23 07:46:10.535680,6569,5445,1035,0
2026-08-23 07:46:10.535700,6576,5428,1209,0
2026-08-23 07:46:10.535720,6579,5439,1281,0
2026-08-23 07:46:10.535740,6562,5447,1056,0
2026-08-23 07:46:10.535760,6566,5450,1186,0
2026-08-23 07:46:10.535780,6584,5429,1285,0
2026-08-23 07:46:10.535800,6588,5446,1484,0
2026-08-23 07:46:10.535820,6559,5372,603,0
2026-08-23 07:46:10.535840,6552,5370,750,0
2026-08-23 07:46:10.535860,6549,5405,499,0
2026-08-23 07:46:10.535880,6553,5424,682,0
2026-08-23 07:46:10.535900,6547,5362,0,0
2026-08-23 07:46:10.535920,6596,5547,2203,0
2026-08-23 07:46:10.535940,6629,5431,1664,0
2026-08-23 07:46:10.535960,6603,5468,1632,0
2026-08-23 07:46:10.535980,6607,5419,1328,0
2026-08-23 07:46:10.536000,6582,5448,1260,0
2026-08-23 07:46:10.536020,6587,5444,1062,0
2026-08-23 07:46:10.536040,6575,5442,1143,0
2026-08-23 07:46:10.536060,6574,5442,1000,0
2026-08-23 07:46:10.536080,6560,5387,999,0
2026-08-23 07:46:10.536100,6558,5429,930,0
2026-08-23 07:46:10.536120,6572,5414,1163,0
2026-08-23 07:46:10.536140,6585,5409,1155,0
2026-08-23 07:46:10.536160,6581,5408,1052,0
2026-08-23 07:46:10.536180,6571,5419,1123,0
2026-08-23 07:46:10.536200,6577,5455,1303,0
2026-08-23 07:46:10.536220,6599,5456,1465,0
2026-08-23 07:46:10.536240,6573,5428,901,0
2026-08-23 07:46:10.536260,6571,5416,1073,0
2026-08-23 07:46:10.536280,6572,5418,957,0
2026-08-23 07:46:10.536300,6585,5423,1190,0
2026-08-23 07:46:10.536320,6524,5345,0,0
2026-08-23 07:46:10.536340,6520,5346,0,0
2026-08-23 07:46:10.536360,6527,5349,0,0
2026-08-23 07:46:10.536380,6552,5404,351,0
2026-08-23 07:46:10.536400,6574,5433,1561,0
2026-08-23 07:46:10.536420,6580,5422,1430,0
2026-08-23 07:46:10.536440,6596,5451,1177,0
2026-08-23 07:46:10.536460,6582,5411,1231,0
2026-08-23 07:46:10.536480,6585,5447,1036,0
2026-08-23 07:46:10.536500,6576,5443,994,0
2026-08-23 07:46:10.536520,6578,5407,932,0
2026-08-23 07:46:10.536540,6573,5449,1111,0
2026-08-23 07:46:10.536560,6581,5429,1075,0
2026-08-23 07:46:10.536580,6546,5445,1041,0
2026-08-23 07:46:10.536600,6573,5462,1075,0
2026-08-23 07:46:10.536620,6568,5433,1273,0
2026-08-23 07:46:10.536640,6583,5462,1394,0
2026-08-23 07:46:10.536660,6567,5441,980,0
2026-08-23 07:46:10.536680,6571,5454,1166,0
2026-08-23 07:46:10.536700,6572,5407,1163,0
2026-08-23 07:46:10.536720,6588,5469,1320,0
2026-08-23 07:46:10.536740,6526,5374,0,0
2026-08-23 07:46:10.536760,6527,5353,0,0
2026-08-23 07:46:10.536780,6513,5326,0,0
2026-08-23 07:46:10.536800,6536,5356,0,0
2026-08-23 07:46:10.536820,6573,5467,1663,0
2026-08-23 07:46:10.536840,6588,5439,1517,0
2026-08-23 07:46:10.536860,6584,5404,1241,0
2026-08-23 07:46:10.536880,6587,5424,1257,0
2026-08-23 07:46:10.536900,6589,5414,1193,0
2026-08-23 07:46:10.536920,6564,5445,1056,0
2026-08-23 07:46:10.536940,6572,5443,937,0
2026-08-23 07:46:10.536960,6568,5405,1118,0
2026-08-23 07:46:10.536980,6575,5447,1104,0
2026-08-23 07:46:10.537000,6570,5406,1037,0
2026-08-23 07:46:10.537020,6573,5424,1088,0
2026-08-23 07:46:10.537040,6577,5449,1280,0
2026-08-23 07:46:10.537060,6589,5435,1435,0
2026-08-23 07:46:10.537080,6578,5434,974,0
2026-08-23 07:46:10.537100,6556,5444,1147,0
2026-08-23 07:46:10.537120,6571,5458,1096,0
2026-08-23 07:46:10.537140,6572,5456,1297,0
2026-08-23 07:46:10.537160,6524,5355,0,0
2026-08-23 07:46:10.537180,6524,5330,0,0
2026-08-23 07:46:10.537200,6522,5331,0,0
2026-08-23 07:46:10.537220,6539,5383,0,0
2026-08-23 07:46:10.537240,6573,5479,1625,0
2026-08-23 07:46:10.537260,6597,5435,1477,0
2026-08-23 07:46:10.537280,6591,5449,1221,0
2026-08-23 07:46:10.537300,6589,5430,1256,0
2026-08-23 07:46:10.537320,6579,5447,1076,0
2026-08-23 07:46:10.537340,6575,5414,1063,0
2026-08-23 07:46:10.537360,6563,5452,927,0
2026-08-23 07:46:10.537380,6570,5443,1097,0
2026-08-23 07:46:10.537400,6572,5438,1058,0
2026-08-23 07:46:10.537420,6554,5436,999,0
2026-08-23 07:46:10.537440,6566,5414,1001,0
2026-08-23 07:46:10.537460,6575,5455,1215,0
2026-08-23 07:46:10.537480,6580,5465,1326,0
2026-08-23 07:46:10.537500,6565,5404,1045,0
2026-08-23 07:46:10.537520,6598,5455,1190,0
2026-08-23 07:46:10.537540,6577,5423,1306,0
2026-08-23 07:46:10.537560,6599,5468,1467,0
2026-08-23 07:46:10.537580,6553,5368,554,0
2026-08-23 07:46:10.537600,6608,5378,672,0
2026-08-23 07:46:10.537620,6538,5412,392,0
2026-08-23 07:46:10.537640,6550,5383,560,0
2026-08-23 07:46:10.537660,6584,5504,1062,0
2026-08-23 07:46:10.537680,6575,5478,2030,0
2026-08-23 07:46:10.537700,6625,5441,1593,0
2026-08-23 07:46:10.537720,6600,5444,1547,0
2026-08-23 07:46:10.537740,6600,5407,1264,0
2026-08-23 07:46:10.537760,6577,5434,1204,0
2026-08-23 07:46:10.537780,6579,5424,1008,0
2026-08-23 07:46:10.537800,6577,5447,1128,0
2026-08-23 07:46:10.537820,6582,5410,1006,0
2026-08-23 07:46:10.537840,6564,5448,1003,0
2026-08-23 07:46:10.537860,6571,5411,976,0
2026-08-23 07:46:10.537880,6571,5461,1165,0
2026-08-23 07:46:10.537900,6589,5467,1243,0
2026-08-23 07:46:10.537920,6574,5431,1076,0
2026-08-23 07:46:10.537940,6574,5434,1186,0
2026-08-23 07:46:10.537960,6581,5433,1314,0
2026-08-23 07:46:10.537980,6597,5479,1489,0
2026-08-23 07:46:10.538000,6576,5419,704,0
2026-08-23 07:46:10.538020,6564,5416,836,0
2026-08-23 07:46:10.538040,6558,5378,601,0
2026-08-23 07:46:10.538060,6554,5399,750,0
2026-08-23 07:46:10.538080,6527,5404,0,0
2026-08-23 07:46:10.538100,6583,5538,2316,0
2026-08-23 07:46:10.538120,6632,5440,1636,0
2026-08-23 07:46:10.538140,6605,5434,1621,0
2026-08-23 07:46:10.538160,6593,5415,1264,0
2026-08-23 07:46:10.538180,6581,5410,1247,0
2026-08-23 07:46:10.538200,6578,5409,1047,0
2026-08-23 07:46:10.538220,6575,5404,1145,0
2026-08-23 07:46:10.538240,6572,5399,999,0
2026-08-23 07:46:10.538260,6572,5406,991,0
2026-08-23 07:46:10.538280,6574,5412,928,0
2026-08-23 07:46:10.538300,6585,5417,1109,0
2026-08-23 07:46:10.538320,6581,5421,1144,0
2026-08-23 07:46:10.538340,6574,5404,1065,0
2026-08-23 07:46:10.538360,6576,5405,1122,0
2026-08-23 07:46:10.538380,6571,5457,1302,0
2026-08-23 07:46:10.538400,6593,5428,1443,0
2026-08-23 07:46:10.538420,6574,5431,1059,0
2026-08-23 07:46:10.538440,6579,5392,1116,0
2026-08-23 07:46:10.607363,6599,2818,1039,0
2026-08-23 07:46:10.607383,6581,3572,1202,0
2026-08-23 07:46:10.607404,6597,4066,1258,0
2026-08-23 07:46:10.607424,6587,4464,1465,0
2026-08-23 07:46:10.607444,6546,4654,381,0
2026-08-23 07:46:10.607464,6547,4886,524,0
2026-08-23 07:46:10.607484,6533,5003,219,0
2026-08-23 07:46:10.607504,6540,5130,377,0
2026-08-23 07:46:10.607523,6580,5258,2008,0
2026-08-23 07:46:10.607543,6609,5329,1875,0
2026-08-23 07:46:10.607563,6619,5314,1585,0
2026-08-23 07:46:10.607584,6599,5335,1514,0
2026-08-23 07:46:10.607604,6596,5382,1281,0
2026-08-23 07:46:10.607624,6582,5362,1246,0
2026-08-23 07:46:10.607644,6581,5398,967,0
2026-08-23 07:46:10.607664,6598,5416,1138,0
2026-08-23 07:46:10.607684,6582,5385,990,0
2026-08-23 07:46:10.607703,6570,5385,992,0
2026-08-23 07:46:10.607723,6568,5387,920,0
2026-08-23 07:46:10.607744,6572,5419,1105,0
2026-08-23 07:46:10.607764,6590,5400,1097,0
2026-08-23 07:46:10.607784,6571,5391,1036,0
2026-08-23 07:46:10.607804,6574,5435,1073,0
2026-08-23 07:46:10.607824,6583,5415,1265,0
2026-08-23 07:46:10.607844,6590,5455,1366,0
2026-08-23 07:46:10.607863,6581,5406,1038,0
2026-08-23 07:46:10.607883,6580,5440,1196,0
2026-08-23 07:46:10.607903,6595,5406,1235,0
2026-08-23 07:46:10.607924,6592,5456,1442,0
2026-08-23 07:46:10.607944,6529,5378,365,0
2026-08-23 07:46:10.607964,6558,5374,525,0
2026-08-23 07:46:10.607984,6534,5367,233,0
2026-08-23 07:46:10.608004,6548,5381,375,0
2026-08-23 07:46:10.608024,6588,5501,1987,0
2026-08-23 07:46:10.608043,6610,5448,1854,0
2026-08-23 07:46:10.608063,6627,5485,1563,0
2026-08-23 07:46:10.608083,6603,5432,1490,0
2026-08-23 07:46:10.608104,6594,5447,1452,0
2026-08-23 07:46:10.608124,6694,5442,949,0
2026-08-23 07:46:10.627755,6604,3321,1112,0
2026-08-23 07:46:10.627775,6585,3909,1223,0
2026-08-23 07:46:10.627795,6578,4359,1289,0
2026-08-23 07:46:10.627815,6549,4588,1085,0
2026-08-23 07:46:10.627835,6568,4869,1193,0
2026-08-23 07:46:10.627855,6571,4978,1287,0
2026-08-23 07:46:10.627875,6614,5159,1471,0
2026-08-23 07:46:10.627895,6550,5170,57,0
2026-08-23 07:46:10.627915,6538,5238,319,0
2026-08-23 07:46:10.627935,6516,5217,0,0
2026-08-23 07:46:10.627955,6526,5307,0,0
2026-08-23 07:46:10.627975,6592,5389,376,0
2026-08-23 07:46:10.627995,6546,5332,276,0
2026-08-23 07:46:10.646926,6602,4807,1401,0
2026-08-23 07:46:10.646946,6561,4873,526,0
2026-08-23 07:46:10.646966,6569,5028,777,0
2026-08-23 07:46:10.646986,6550,5128,502,0
2026-08-23 07:46:10.647006,6550,5226,565,0
2026-08-23 07:46:10.647026,6589,5315,678,0
2026-08-23 07:46:10.647046,6585,5380,1888,0
2026-08-23 07:46:10.647066,6616,5385,1524,0
2026-08-23 07:46:10.647086,6600,5368,1457,0
2026-08-23 07:46:10.647106,6591,5398,1209,0
2026-08-23 07:46:10.647126,6583,5385,1277,0
2026-08-23 07:46:10.647146,6602,5420,1500,0
2026-08-23 07:46:10.666161,6593,4815,1040,0
2026-08-23 07:46:10.666181,6582,4943,1074,0
2026-08-23 07:46:10.666201,6576,5098,939,0
2026-08-23 07:46:10.666221,6579,5213,1079,0
2026-08-23 07:46:10.666241,6578,5285,1100,0
2026-08-23 07:46:10.666261,6571,5307,1052,0
2026-08-23 07:46:10.666281,6573,5357,1088,0
2026-08-23 07:46:10.666301,6573,5358,1262,0
2026-08-23 07:46:10.666321,6600,5413,1428,0
2026-08-23 07:46:10.666341,6479,5369,969,0
2026-08-23 07:46:10.666361,6572,5414,1196,0
2026-08-23 07:46:10.666381,6587,5390,1273,0
2026-08-23 07:46:10.684967,6581,4791,649,0
2026-08-23 07:46:10.684987,6570,4959,1005,0
2026-08-23 07:46:10.685007,6558,5066,775,0
2026-08-23 07:46:10.685027,6574,5193,943,0
2026-08-23 07:46:10.685047,6533,5106,0,0
2026-08-23 07:46:10.685067,6571,5332,526,0
2026-08-23 07:46:10.685087,6578,5380,1715,0
2026-08-23 07:46:10.685107,6602,5369,1616,0
2026-08-23 07:46:10.685127,6604,5399,1298,0
2026-08-23 07:46:10.685147,6574,5396,1226,0
2026-08-23 07:46:10.685167,6572,5408,1079,0
2026-08-23 07:46:10.685187,6599,5428,1555,0
2026-08-23 07:46:10.704002,6594,4813,1040,0
2026-08-23 07:46:10.704022,6579,5001,1011,0
2026-08-23 07:46:10.704042,6583,5078,1232,0
2026-08-23 07:46:10.704062,6585,5203,1331,0
2026-08-23 07:46:10.704082,6576,5236,1066,0
2026-08-23 07:46:10.704103,6577,5329,1212,0
2026-08-23 07:46:10.704123,6576,5369,1286,0
2026-08-23 07:46:10.704142,6595,5397,1459,0
2026-08-23 07:46:10.704162,6553,5355,337,0
2026-08-23 07:46:10.704182,6542,5365,469,0
2026-08-23 07:46:10.704202,6568,5382,654,0
2026-08-23 07:46:10.704222,6589,5426,1486,0
2026-08-23 07:46:10.722599,6562,4760,0,0
2026-08-23 07:46:10.722619,6527,4888,70,0
2026-08-23 07:46:10.722639,6531,5058,34,0
2026-08-23 07:46:10.722659,6593,5270,1828,0
2026-08-23 07:46:10.722679,6593,5282,1680,0
2026-08-23 07:46:10.722699,6603,5307,1374,0
2026-08-23 07:46:10.722719,6587,5339,1349,0
2026-08-23 07:46:10.722739,6590,5392,1135,0
2026-08-23 07:46:10.722759,6566,5398,1111,0
2026-08-23 07:46:10.722779,6568,5367,945,0
2026-08-23 07:46:10.722799,6591,5413,1115,0
2026-08-23 07:46:10.722819,6583,5375,1154,0
2026-08-23 07:46:10.743375,6569,4819,411,0
2026-08-23 07:46:10.743395,6565,5012,736,0
2026-08-23 07:46:10.743415,6558,5138,855,0
2026-08-23 07:46:10.743435,6521,5089,0,0
2026-08-23 07:46:10.743455,6667,5354,1165,0
2026-08-23 07:46:10.743475,6595,5333,1742,0
2026-08-23 07:46:10.743495,6604,5380,1606,0
2026-08-23 07:46:10.743515,6611,5366,1308,0
2026-08-23 07:46:10.743535,6586,5367,1230,0
2026-08-23 07:46:10.743555,6579,5405,1033,0
2026-08-23 07:46:10.743575,6564,5409,1127,0
2026-08-23 07:46:10.743595,6583,5384,1062,0
2026-08-23 07:46:10.743615,6584,5386,1429,0
2026-08-23 07:46:10.763886,6607,4800,1431,0
2026-08-23 07:46:10.763906,6565,4921,758,0
2026-08-23 07:46:10.763926,6560,5028,881,0
2026-08-23 07:46:10.763946,6555,5136,744,0
2026-08-23 07:46:10.763966,6570,5215,918,0
2026-08-23 07:46:10.763986,6530,5192,0,0
2026-08-23 07:46:10.764006,6540,5279,0,0
2026-08-23 07:46:10.764026,6577,5403,1781,0
2026-08-23 07:46:10.764046,6606,5389,1911,0
2026-08-23 07:46:10.764066,6622,5398,1425,0
2026-08-23 07:46:10.764086,6588,5423,1336,0
2026-08-23 07:46:10.764106,6591,5397,1332,0
2026-08-23 07:46:10.764126,6555,5353,0,0
2026-08-23 07:46:10.784486,6552,4701,0,0
2026-08-23 07:46:10.784506,6525,4868,0,0
2026-08-23 07:46:10.784526,6532,5032,0,0
2026-08-23 07:46:10.784546,6574,5251,1790,0
2026-08-23 07:46:10.784566,6589,5298,1671,0
2026-08-23 07:46:10.784586,6606,5300,1369,0
2026-08-23 07:46:10.784606,6591,5370,1353,0
2026-08-23 07:46:10.784626,6590,5346,1132,0
2026-08-23 07:46:10.784646,6579,5367,1112,0
2026-08-23 07:46:10.784666,6589,5398,959,0
2026-08-23 07:46:10.784686,6414,5419,1107,0
2026-08-23 07:46:10.784706,6588,5421,1008,0
2026-08-23 07:46:10.784726,6573,5409,1138,0
2026-08-23 07:46:10.805580,6591,4819,1358,0
2026-08-23 07:46:10.805600,6598,4960,1284,0
2026-08-23 07:46:10.805620,6582,5092,1281,0
2026-08-23 07:46:10.805640,6563,5171,1065,0
2026-08-23 07:46:10.805660,6579,5273,1140,0
2026-08-23 07:46:10.805681,6579,5273,1039,0
2026-08-23 07:46:10.805701,6570,5345,1037,0
2026-08-23 07:46:10.805721,6578,5331,964,0
2026-08-23 07:46:10.805740,6580,5369,1188,0
2026-08-23 07:46:10.805760,6594,5387,1261,0
2026-08-23 07:46:10.805780,6569,5410,1081,0
2026-08-23 07:46:10.805800,6581,5388,1126,0
2026-08-23 07:46:10.805820,6584,5408,1180,0
2026-08-23 07:46:10.826534,6560,4690,0,0
2026-08-23 07:46:10.826554,6544,4883,312,0
2026-08-23 07:46:10.826574,6538,5040,295,0
2026-08-23 07:46:10.826594,6585,5213,1964,0
2026-08-23 07:46:10.826614,6610,5316,1826,0
2026-08-23 07:46:10.826634,6620,5335,1512,0
2026-08-23 07:46:10.826654,6601,5370,1473,0
2026-08-23 07:46:10.826674,6598,5392,1225,0
2026-08-23 07:46:10.826694,6584,5378,1173,0
2026-08-23 07:46:10.826714,6582,5403,995,0
2026-08-23 07:46:10.826734,6582,5383,1110,0
2026-08-23 07:46:10.826754,6576,5383,1063,0
2026-08-23 07:46:10.826774,6587,5363,1366,0
2026-08-23 07:46:10.847157,6607,4793,1321,0
2026-08-23 07:46:10.847177,6536,4892,344,0
2026-08-23 07:46:10.847197,6544,5024,260,0
2026-08-23 07:46:10.847217,6519,5060,0,0
2026-08-23 07:46:10.847237,6533,5158,0,0
2026-08-23 07:46:10.847257,6577,5344,1731,0
2026-08-23 07:46:10.847277,6580,5345,1548,0
2026-08-23 07:46:10.847297,6594,5347,1245,0
2026-08-23 07:46:10.847317,6584,5396,1256,0
2026-08-23 07:46:10.847337,6579,5403,1085,0
2026-08-23 07:46:10.847357,6566,5414,1058,0
2026-08-23 07:46:10.847377,6580,5376,939,0
2026-08-23 07:46:10.847397,6585,5407,1252,0
2026-08-23 07:46:10.868310,6629,4795,1873,0
2026-08-23 07:46:10.868330,6617,4964,1704,0
2026-08-23 07:46:10.868351,6606,5104,1600,0
2026-08-23 07:46:10.868371,6600,5173,1315,0
2026-08-23 07:46:10.868391,6581,5228,1204,0
2026-08-23 07:46:10.868411,6582,5276,1006,0
2026-08-23 07:46:10.868431,6573,5345,1120,0
2026-08-23 07:46:10.868451,6571,5349,1002,0
2026-08-23 07:46:10.868470,6570,5353,1011,0
2026-08-23 07:46:10.868490,6572,5423,994,0
2026-08-23 07:46:10.868510,6576,5395,1204,0
2026-08-23 07:46:10.868531,6584,5383,1120,0
2026-08-23 07:46:10.868551,6584,5384,1088,0
2026-08-23 07:46:10.888606,6574,4780,1482,0
2026-08-23 07:46:10.888626,6580,4886,949,0
2026-08-23 07:46:10.888646,6568,5032,1082,0
2026-08-23 07:46:10.888666,6568,5175,1078,0
2026-08-23 07:46:10.888686,6585,5232,1287,0
2026-08-23 07:46:10.888706,6515,5208,0,0
2026-08-23 07:46:10.888726,6529,5257,0,0
2026-08-23 07:46:10.888747,6511,5266,0,0
2026-08-23 07:46:10.888766,6539,5346,0,0
2026-08-23 07:46:10.888786,6572,5427,1601,0
2026-08-23 07:46:10.888806,6589,5397,1808,0
2026-08-23 07:46:10.888826,6604,5403,1527,0
2026-08-23 07:46:10.888846,6565,5308,159,0
2026-08-23 07:46:10.909709,6587,4844,1127,0
2026-08-23 07:46:10.909729,6583,4961,1009,0
2026-08-23 07:46:10.909750,6572,5132,1153,0
2026-08-23 07:46:10.909770,6580,5176,1034,0
2026-08-23 07:46:10.909790,6569,5235,1036,0
2026-08-23 07:46:10.909810,6583,5290,960,0
2026-08-23 07:46:10.909830,6569,5333,1187,0
2026-08-23 07:46:10.909850,6586,5396,1268,0
2026-08-23 07:46:10.909869,6564,5371,1107,0
2026-08-23 07:46:10.909889,6584,5417,1212,0
2026-08-23 07:46:10.909909,6587,5421,1316,0
2026-08-23 07:46:10.909930,6587,5426,1470,0
2026-08-23 07:46:10.909950,6586,5410,1091,0
2026-08-23 07:46:10.930686,6624,4757,1613,0
2026-08-23 07:46:10.930706,6625,4965,1479,0
2026-08-23 07:46:10.930726,6592,5052,1490,0
2026-08-23 07:46:10.930746,6591,5147,1219,0
2026-08-23 07:46:10.930766,6586,5259,1236,0
2026-08-23 07:46:10.930786,6582,5294,1066,0
2026-08-23 07:46:10.930806,6572,5316,1062,0
2026-08-23 07:46:10.930826,6558,5376,941,0
2026-08-23 07:46:10.930846,6587,5395,1126,0
2026-08-23 07:46:10.930866,6582,5414,1123,0
2026-08-23 07:46:10.930886,6571,5409,1078,0
2026-08-23 07:46:10.930906,6581,5374,1006,0
2026-08-23 07:46:10.930926,6573,5376,1115,0
2026-08-23 07:46:10.951853,6579,4723,424,0
2026-08-23 07:46:10.951873,6565,4922,774,0
2026-08-23 07:46:10.951893,6555,5062,892,0
2026-08-23 07:46:10.951913,6520,5067,0,0
2026-08-23 07:46:10.951933,6639,5303,1149,0
2026-08-23 07:46:10.951953,6580,5322,1715,0
2026-08-23 07:46:10.951973,6616,5328,1622,0
2026-08-23 07:46:10.951993,6608,5344,1304,0
2026-08-23 07:46:10.952013,6573,5400,1204,0
2026-08-23 07:46:10.952033,6587,5375,1033,0
2026-08-23 07:46:10.952053,6574,5384,1133,0
2026-08-23 07:46:10.952073,6589,5382,1053,0
2026-08-23 07:46:10.952093,6598,5446,1616,0
2026-08-23 07:46:10.972386,6620,4768,1493,0
2026-08-23 07:46:10.972406,6575,4904,898,0
2026-08-23 07:46:10.972426,6579,5045,1036,0
2026-08-23 07:46:10.972446,6567,5153,889,0
2026-08-23 07:46:10.972466,6574,5266,1050,0
2026-08-23 07:46:10.972486,6520,5197,0,0
2026-08-23 07:46:10.972507,6523,5258,0,0
2026-08-23 07:46:10.972527,6570,5412,1460,0
2026-08-23 07:46:10.972546,6600,5393,1822,0
2026-08-23 07:46:10.972566,6614,5421,1407,0
2026-08-23 07:46:10.972586,6588,5393,1309,0
2026-08-23 07:46:10.972606,6592,5396,1343,0
2026-08-23 07:46:10.972626,6569,5400,400,0
2026-08-23 07:46:10.992931,6596,4795,1051,0
2026-08-23 07:46:10.992951,6571,4926,1056,0
2026-08-23 07:46:10.992971,6585,5080,1299,0
2026-08-23 07:46:10.992991,6512,5061,0,0
2026-08-23 07:46:10.993011,6521,5175,0,0
2026-08-23 07:46:10.993031,6523,5183,0,0
2026-08-23 07:46:10.993051,6553,5349,239,0
2026-08-23 07:46:10.993071,6559,5369,1556,0
2026-08-23 07:46:10.993091,6578,5420,1432,0
2026-08-23 07:46:10.993111,6594,5400,1192,0
2026-08-23 07:46:10.993131,6586,5398,1215,0
2026-08-23 07:46:10.993151,6604,5385,1198,0
2026-08-23 07:46:10.993171,6591,5478,2961,0
2026-08-23 07:46:11.013834,6622,4834,1515,0
2026-08-23 07:46:11.013855,6607,4958,1302,0
2026-08-23 07:46:11.013875,6585,5087,1225,0
2026-08-23 07:46:11.013895,6581,5206,1034,0
2026-08-23 07:46:11.013915,6572,5263,1114,0
2026-08-23 07:46:11.013935,6525,5285,1035,0
2026-08-23 07:46:11.013955,6565,5346,1034,0
2026-08-23 07:46:11.013975,6573,5342,996,0
2026-08-23 07:46:11.013994,6577,5367,1222,0
2026-08-23 07:46:11.014014,6589,5397,1267,0
2026-08-23 07:46:11.014035,6578,5410,1084,0
2026-08-23 07:46:11.014055,6588,5403,1156,0
2026-08-23 07:46:11.014075,6581,5360,1175,0
2026-08-23 07:46:11.034348,6564,4691,0,0
2026-08-23 07:46:11.034369,6511,4844,0,0
2026-08-23 07:46:11.034389,6522,5008,0,0
2026-08-23 07:46:11.034409,6578,5223,1758,0
2026-08-23 07:46:11.034429,6591,5298,1648,0
2026-08-23 07:46:11.034449,6610,5291,1337,0
2026-08-23 07:46:11.034469,6586,5336,1306,0
2026-08-23 07:46:11.034489,6591,5399,1110,0
2026-08-23 07:46:11.034508,6573,5370,1083,0
2026-08-23 07:46:11.034528,6579,5392,943,0
2026-08-23 07:46:11.034549,6570,5400,1112,0
2026-08-23 07:46:11.034569,6592,5388,1004,0
2026-08-23 07:46:11.034589,6584,5391,1210,0
2026-08-23 07:46:11.055531,6596,4814,1326,0
2026-08-23 07:46:11.055551,6598,4968,1151,0
2026-08-23 07:46:11.055571,6568,5135,1127,0
2026-08-23 07:46:11.055591,6570,5187,971,0
2026-08-23 07:46:11.055611,6575,5253,1129,0
2026-08-23 07:46:11.055631,6583,5333,1070,0
2026-08-23 07:46:11.055651,6624,5356,1047,0
2026-08-23 07:46:11.055671,6579,5382,1079,0
2026-08-23 07:46:11.055691,6570,5424,1276,0
2026-08-23 07:46:11.055711,6600,5431,1411,0
2026-08-23 07:46:11.055731,6581,5424,1001,0
2026-08-23 07:46:11.055751,6588,5423,1219,0
2026-08-23 07:46:11.055771,6586,5418,1169,0
2026-08-23 07:46:11.076061,6554,4686,0,0
2026-08-23 07:46:11.076081,6527,4893,0,0
2026-08-23 07:46:11.076101,6529,4976,0,0
2026-08-23 07:46:11.076121,6571,5237,1780,0
2026-08-23 07:46:11.076141,6584,5289,1637,0
2026-08-23 07:46:11.076161,6597,5349,1336,0
2026-08-23 07:46:11.076181,6587,5336,1311,0
2026-08-23 07:46:11.076201,6591,5352,1106,0
2026-08-23 07:46:11.076221,6567,5370,1090,0
2026-08-23 07:46:11.076241,6577,5380,853,0
2026-08-23 07:46:11.076261,6564,5395,1112,0
2026-08-23 07:46:11.076281,6589,5395,993,0
2026-08-23 07:46:11.076301,6579,5412,1120,0
2026-08-23 07:46:11.097161,6603,4813,1371,0
2026-08-23 07:46:11.097181,6592,4988,1189,0
2026-08-23 07:46:11.097201,6583,5106,1153,0
2026-08-23 07:46:11.097221,6574,5172,967,0
2026-08-23 07:46:11.097241,6566,5274,1096,0
2026-08-23 07:46:11.097261,6579,5323,1013,0
2026-08-23 07:46:11.097281,6578,5329,999,0
2026-08-23 07:46:11.097301,6582,5372,993,0
2026-08-23 07:46:11.097321,6569,5364,1218,0
2026-08-23 07:46:11.097341,6586,5420,1282,0
2026-08-23 07:46:11.097361,6573,5380,1062,0
2026-08-23 07:46:11.097381,6590,5390,1156,0
2026-08-23 07:46:11.097401,6571,5393,1169,0
2026-08-23 07:46:11.117783,6548,4655,0,0
2026-08-23 07:46:11.117803,6506,4867,0,0
2026-08-23 07:46:11.117823,6524,4982,0,0
2026-08-23 07:46:11.117843,6571,5236,1651,0
2026-08-23 07:46:11.117863,6593,5265,1484,0
2026-08-23 07:46:11.117883,6584,5318,1202,0
2026-08-23 07:46:11.117903,6582,5323,1202,0
2026-08-23 07:46:11.117923,6584,5343,1051,0
2026-08-23 07:46:11.117943,6570,5363,1062,0
2026-08-23 07:46:11.117963,6569,5404,958,0
2026-08-23 07:46:11.117983,6562,5427,1167,0
2026-08-23 07:46:11.118003,6634,5388,1091,0
2026-08-23 07:46:11.118023,6574,5396,1041,0
2026-08-23 07:46:11.138859,6584,4821,1160,0
2026-08-23 07:46:11.138879,6540,4935,1066,0
2026-08-23 07:46:11.138899,6577,5055,1081,0
2026-08-23 07:46:11.138919,6580,5209,922,0
2026-08-23 07:46:11.138939,6559,5280,1126,0
2026-08-23 07:46:11.138959,6579,5325,1128,0
2026-08-23 07:46:11.138979,6569,5350,1060,0
2026-08-23 07:46:11.138999,6572,5367,1121,0
2026-08-23 07:46:11.139019,6578,5412,1296,0
2026-08-23 07:46:11.139039,6614,5444,1444,0
2026-08-23 07:46:11.139059,6581,5371,929,0
2026-08-23 07:46:11.139079,6586,5382,1198,0
2026-08-23 07:46:11.139099,6587,5399,1187,0
2026-08-23 07:46:11.159706,6542,4655,0,0
2026-08-23 07:46:11.159726,6516,4860,0,0
2026-08-23 07:46:11.159746,6532,4991,0,0
2026-08-23 07:46:11.159766,6567,5236,1515,0
2026-08-23 07:46:11.159786,6595,5260,1627,0
2026-08-23 07:46:11.159806,6593,5294,1352,0
2026-08-23 07:46:11.159826,6585,5344,1315,0
2026-08-23 07:46:11.159846,6579,5356,1117,0
2026-08-23 07:46:11.159866,6568,5392,1087,0
2026-08-23 07:46:11.159886,6569,5394,944,0
2026-08-23 07:46:11.159906,6569,5376,1109,0
2026-08-23 07:46:11.159926,6589,5380,1053,0
2026-08-23 07:46:11.159946,6584,5404,1277,0
2026-08-23 07:46:11.180618,6594,4822,1389,0
2026-08-23 07:46:11.180638,6588,4980,1217,0
2026-08-23 07:46:11.180658,6569,5065,1184,0
2026-08-23 07:46:11.180678,6577,5203,979,0
2026-08-23 07:46:11.180698,6570,5260,1111,0
2026-08-23 07:46:11.180718,6597,5287,1054,0
2026-08-23 07:46:11.180738,6577,5313,1043,0
2026-08-23 07:46:11.180758,6571,5373,1055,0
2026-08-23 07:46:11.180778,6579,5365,1247,0
2026-08-23 07:46:11.180798,6595,5394,1347,0
2026-08-23 07:46:11.180818,6575,5409,1058,0
2026-08-23 07:46:11.180838,6588,5422,1200,0
2026-08-23 07:46:11.180858,6591,5403,1249,0
2026-08-23 07:46:11.201768,6606,4778,1851,0
2026-08-23 07:46:11.201788,6621,4950,1748,0
2026-08-23 07:46:11.201808,6611,5090,2736,0
2026-08-23 07:46:11.201828,6703,5210,1428,0
2026-08-23 07:46:11.201848,6592,5228,1326,0
2026-08-23 07:46:11.201868,6599,5274,1127,0
2026-08-23 07:46:11.201888,6579,5350,1173,0
2026-08-23 07:46:11.201908,6584,5364,1048,0
2026-08-23 07:46:11.201928,6567,5355,1006,0
2026-08-23 07:46:11.201948,6555,5367,955,0
2026-08-23 07:46:11.201968,6570,5390,1181,0
2026-08-23 07:46:11.201988,6593,5383,1095,0
2026-08-23 07:46:11.202008,6576,5375,1050,0
2026-08-23 07:46:11.222115,6600,4722,1120,0
2026-08-23 07:46:11.222135,6531,4863,74,0
2026-08-23 07:46:11.222155,6519,5015,96,0
2026-08-23 07:46:11.222175,6511,5043,0,0
2026-08-23 07:46:11.222195,6526,5164,0,0
2026-08-23 07:46:11.222215,6589,5310,1599,0
2026-08-23 07:46:11.222235,6586,5366,1411,0
2026-08-23 07:46:11.222255,6607,5374,1159,0
2026-08-23 07:46:11.222275,6569,5398,1193,0
2026-08-23 07:46:11.222295,6591,5370,1056,0
2026-08-23 07:46:11.222315,6577,5409,1042,0
2026-08-23 07:46:11.222335,6576,5404,965,0
2026-08-23 07:46:11.222355,6575,5410,1233,0
2026-08-23 07:46:11.243102,6594,4814,1043,0
2026-08-23 07:46:11.243122,6584,4947,977,0
2026-08-23 07:46:11.243142,6555,5128,1162,0
2026-08-23 07:46:11.243162,6592,5211,1177,0
2026-08-23 07:46:11.243182,6570,5257,1110,0
2026-08-23 07:46:11.243202,6587,5292,1176,0
2026-08-23 07:46:11.243222,6580,5359,1331,0
2026-08-23 07:46:11.243243,6602,5405,1516,0
2026-08-23 07:46:11.243262,6560,5362,714,0
2026-08-23 07:46:11.243282,6601,5397,778,0
2026-08-23 07:46:11.243302,6543,5341,439,0
2026-08-23 07:46:11.243322,6583,5431,1218,0
2026-08-23 07:46:11.243342,6569,5355,862,0
2026-08-23 07:46:11.264302,6602,4730,1163,0
2026-08-23 07:46:11.264323,6583,4934,1063,0
2026-08-23 07:46:11.264343,6576,5033,1084,0
2026-08-23 07:46:11.264363,6581,5146,947,0
2026-08-23 07:46:11.264383,6571,5225,1131,0
2026-08-23 07:46:11.264403,6572,5303,1108,0
2026-08-23 07:46:11.264423,6555,5343,1060,0
2026-08-23 07:46:11.264443,6582,5380,1119,0
2026-08-23 07:46:11.264462,6571,5369,1307,0
2026-08-23 07:46:11.264482,6593,5404,1457,0
2026-08-23 07:46:11.264503,6566,5395,933,0
2026-08-23 07:46:11.264523,6584,5376,1209,0
2026-08-23 07:46:11.264543,6582,5394,1280,0
2026-08-23 07:46:11.285341,6607,4739,1477,0
2026-08-23 07:46:11.285361,6599,4934,1223,0
2026-08-23 07:46:11.285381,6589,5043,1247,0
2026-08-23 07:46:11.285401,6582,5154,1073,0
2026-08-23 07:46:11.285421,6564,5251,1055,0
2026-08-23 07:46:11.285441,6567,5300,955,0
2026-08-23 07:46:11.285461,6544,5307,1124,0
2026-08-23 07:46:11.285481,6589,5347,1137,0
2026-08-23 07:46:11.285501,6576,5381,1063,0
2026-08-23 07:46:11.285521,6591,5371,1132,0
2026-08-23 07:46:11.285541,6539,5381,1311,0
2026-08-23 07:46:11.285561,6610,5438,1363,0
2026-08-23 07:46:11.285581,6583,5404,1062,0
2026-08-23 07:46:11.306171,6581,4721,360,0
2026-08-23 07:46:11.306191,6509,4792,0,0
2026-08-23 07:46:11.306211,6518,4974,0,0
2026-08-23 07:46:11.306231,6563,5211,826,0
2026-08-23 07:46:11.306252,6579,5272,2464,0
2026-08-23 07:46:11.306272,6663,5311,1448,0
2026-08-23 07:46:11.306292,6583,5365,1338,0
2026-08-23 07:46:11.306312,6553,5369,1095,0
2026-08-23 07:46:11.306331,6582,5386,1185,0
2026-08-23 07:46:11.306351,6585,5411,1036,0
2026-08-23 07:46:11.306371,6558,5382,999,0
2026-08-23 07:46:11.306391,6583,5399,975,0
2026-08-23 07:46:11.306412,6585,5425,1508,0
2026-08-23 07:46:11.326519,6556,4681,11,0
2026-08-23 07:46:11.326539,6511,4887,0,0
2026-08-23 07:46:11.326559,6538,5027,0,0
2026-08-23 07:46:11.326579,6576,5211,1805,0
2026-08-23 07:46:11.326599,6599,5267,1656,0
2026-08-23 07:46:11.326619,6611,5294,1348,0
2026-08-23 07:46:11.326639,6593,5329,1333,0
2026-08-23 07:46:11.326659,6573,5346,1104,0
2026-08-23 07:46:11.326679,6569,5391,1093,0
2026-08-23 07:46:11.326699,6576,5372,948,0
2026-08-23 07:46:11.326719,6566,5385,1157,0
2026-08-23 07:46:11.326739,6575,5382,1007,0
2026-08-23 07:46:11.326759,6585,5376,1313,0
2026-08-23 07:46:11.345687,6617,4849,3025,0
2026-08-23 07:46:11.345707,6714,5026,1595,0
2026-08-23 07:46:11.345727,6587,5095,1498,0
2026-08-23 07:46:11.345747,6591,5238,1233,0
2026-08-23 07:46:11.345767,6586,5254,1260,0
2026-08-23 07:46:11.345787,6587,5329,1076,0
2026-08-23 07:46:11.345807,6569,5324,1054,0
2026-08-23 07:46:11.345827,6578,5374,931,0
2026-08-23 07:46:11.345847,6567,5367,1084,0
2026-08-23 07:46:11.345867,6579,5383,1043,0
2026-08-23 07:46:11.345887,6570,5408,1001,0
2026-08-23 07:46:11.345907,6597,5371,1042,0
2026-08-23 07:46:11.363955,6601,4852,1204,0
2026-08-23 07:46:11.363975,6574,5001,1059,0
2026-08-23 07:46:11.363995,6581,5128,1114,0
2026-08-23 07:46:11.364015,6574,5196,1305,0
2026-08-23 07:46:11.364035,6599,5295,1323,0
2026-08-23 07:46:11.364055,6568,5280,976,0
2026-08-23 07:46:11.364075,6573,5325,1123,0
2026-08-23 07:46:11.364095,6569,5364,1039,0
2026-08-23 07:46:11.364115,6567,5395,1140,0
2026-08-23 07:46:11.364135,6530,5277,0,0
2026-08-23 07:46:11.364155,6572,5352,1076,0
2026-08-23 07:46:11.364175,6592,5352,1069,0
2026-08-23 07:46:11.380456,6600,4928,1492,0
2026-08-23 07:46:11.380476,6587,5038,965,0
2026-08-23 07:46:11.380497,6573,5169,1099,0
2026-08-23 07:46:11.380517,6571,5224,986,0
2026-08-23 07:46:11.380537,6576,5264,1186,0
2026-08-23 07:46:11.380557,6518,5206,0,0
2026-08-23 07:46:11.380576,6514,5247,0,0
2026-08-23 07:46:11.380596,6543,5353,0,0
2026-08-23 07:46:11.380616,6574,5450,2996,0
2026-08-23 07:46:11.380636,6737,5415,1559,0
2026-08-23 07:46:11.380656,6548,5287,0,0
2026-08-23 07:46:11.397916,6597,4944,921,0
2026-08-23 07:46:11.397936,6571,5032,1108,0
2026-08-23 07:46:11.397956,6583,5176,1060,0
2026-08-23 07:46:11.397976,6570,5225,1012,0
2026-08-23 07:46:11.397996,6573,5282,1075,0
2026-08-23 07:46:11.398016,6492,5333,1280,0
2026-08-23 07:46:11.398036,6588,5393,1387,0
2026-08-23 07:46:11.398056,6568,5344,952,0
2026-08-23 07:46:11.398076,6574,5389,1176,0
2026-08-23 07:46:11.398096,6585,5386,1259,0
2026-08-23 07:46:11.398116,6600,5407,1403,0
2026-08-23 07:46:11.415454,6593,4896,1057,0
2026-08-23 07:46:11.415474,6583,5029,988,0
2026-08-23 07:46:11.415494,6561,5134,1226,0
2026-08-23 07:46:11.415514,6584,5225,1315,0
2026-08-23 07:46:11.415534,6579,5264,1090,0
2026-08-23 07:46:11.415554,6572,5313,1213,0
2026-08-23 07:46:11.415574,6577,5375,1255,0
2026-08-23 07:46:11.415594,6597,5409,1428,0
2026-08-23 07:46:11.415614,6545,5304,99,0
2026-08-23 07:46:11.415634,6539,5371,397,0
2026-08-23 07:46:11.415654,6576,5382,1215,0
2026-08-23 07:46:11.436977,6604,4909,1512,0
2026-08-23 07:46:11.436997,6572,5002,771,0
2026-08-23 07:46:11.437017,6560,5168,955,0
2026-08-23 07:46:11.437037,6558,5193,683,0
2026-08-23 07:46:11.437057,6556,5252,734,0
2026-08-23 07:46:11.437077,6558,5305,0,0
2026-08-23 07:46:11.437097,6581,5372,2741,0
2026-08-23 07:46:11.437117,6690,5394,1595,0
2026-08-23 07:46:11.437137,6616,5400,1524,0
2026-08-23 07:46:11.437157,6605,5429,1174,0
2026-08-23 07:46:11.437177,6576,5393,1196,0
2026-08-23 07:46:11.437197,6577,5392,995,0
2026-08-23 07:46:11.437217,6578,5420,1219,0
2026-08-23 07:46:11.437237,6550,5308,0,0
2026-08-23 07:46:11.457377,6556,4717,0,0
2026-08-23 07:46:11.457397,6568,4941,727,0
2026-08-23 07:46:11.457417,6534,5017,0,0
2026-08-23 07:46:11.457437,6593,5312,2258,0
2026-08-23 07:46:11.457457,6631,5275,1680,0
2026-08-23 07:46:11.457477,6613,5327,1611,0
2026-08-23 07:46:11.457497,6640,5362,1319,0
2026-08-23 07:46:11.457517,6583,5338,1252,0
2026-08-23 07:46:11.457537,6590,5349,1011,0
2026-08-23 07:46:11.457557,6579,5404,1140,0
2026-08-23 07:46:11.457577,6581,5408,1003,0
2026-08-23 07:46:11.457597,6563,5363,985,0
2026-08-23 07:46:11.457617,6579,5394,933,0
2026-08-23 07:46:11.478299,6604,4784,1189,0
2026-08-23 07:46:11.478319,6567,4992,1205,0
2026-08-23 07:46:11.478339,6590,5072,1010,0
2026-08-23 07:46:11.478359,6586,5217,1082,0
2026-08-23 07:46:11.478379,6575,5241,1062,0
2026-08-23 07:46:11.478399,6552,5282,998,0
2026-08-23 07:46:11.478419,6567,5319,958,0
2026-08-23 07:46:11.478439,6567,5382,1191,0
2026-08-23 07:46:11.478459,6516,5407,1222,0
2026-08-23 07:46:11.478479,6567,5377,1077,0
2026-08-23 07:46:11.478499,6583,5426,1181,0
2026-08-23 07:46:11.478519,6580,5430,1299,0
2026-08-23 07:46:11.478539,6592,5385,1170,0
2026-08-23 07:46:11.499060,6547,4701,0,0
2026-08-23 07:46:11.499080,6569,4893,818,0
2026-08-23 07:46:11.499100,6527,4992,0,0
2026-08-23 07:46:11.499120,6669,5236,1101,0
2026-08-23 07:46:11.499140,6592,5270,1718,0
2026-08-23 07:46:11.499160,6615,5334,1588,0
2026-08-23 07:46:11.499180,6615,5334,1359,0
2026-08-23 07:46:11.499200,6572,5349,1292,0
2026-08-23 07:46:11.499220,6583,5355,1086,0
2026-08-23 07:46:11.499240,6575,5405,1147,0
2026-08-23 07:46:11.499260,6587,5383,1045,0
2026-08-23 07:46:11.499280,6570,5473,1102,0
2026-08-23 07:46:11.499300,6591,5434,1328,0
2026-08-23 07:46:11.519414,6548,4671,0,0
2026-08-23 07:46:11.519434,6517,4865,0,0
2026-08-23 07:46:11.519454,6508,4990,0,0
2026-08-23 07:46:11.519474,6667,5241,984,0
2026-08-23 07:46:11.519494,6585,5250,1484,0
2026-08-23 07:46:11.519514,6586,5324,1396,0
2026-08-23 07:46:11.519534,6594,5324,1146,0
2026-08-23 07:46:11.519554,6582,5353,1171,0
2026-08-23 07:46:11.519574,6573,5367,1054,0
2026-08-23 07:46:11.519594,6570,5375,1054,0
2026-08-23 07:46:11.519614,6581,5425,968,0
2026-08-23 07:46:11.519634,6573,5431,1133,0
2026-08-23 07:46:11.519654,6585,5378,1043,0
2026-08-23 07:46:11.540588,6602,4787,1038,0
2026-08-23 07:46:11.540608,6571,4948,1139,0
2026-08-23 07:46:11.540628,6576,5077,1032,0
2026-08-23 07:46:11.540648,6559,5201,1033,0
2026-08-23 07:46:11.540668,6565,5235,992,0
2026-08-23 07:46:11.540688,6569,5297,1218,0
2026-08-23 07:46:11.540708,6593,5387,1288,0
2026-08-23 07:46:11.540728,6574,5381,1088,0
2026-08-23 07:46:11.540748,6549,5398,1198,0
2026-08-23 07:46:11.540768,6574,5389,1270,0
2026-08-23 07:46:11.540788,6597,5425,1478,0
2026-08-23 07:46:11.540808,6572,5405,915,0
2026-08-23 07:46:11.540828,6577,5380,1189,0
2026-08-23 07:46:11.561722,6600,4768,1626,0
2026-08-23 07:46:11.561742,6598,4976,1810,0
2026-08-23 07:46:11.561762,6619,5064,1510,0
2026-08-23 07:46:11.561782,6620,5185,1478,0
2026-08-23 07:46:11.561802,6609,5233,1224,0
2026-08-23 07:46:11.561822,6575,5278,1209,0
2026-08-23 07:46:11.561842,6601,5292,998,0
2026-08-23 07:46:11.561862,6565,5366,1123,0
2026-08-23 07:46:11.561882,6582,5349,987,0
2026-08-23 07:46:11.561902,6568,5365,1000,0
2026-08-23 07:46:11.561922,6569,5370,939,0
2026-08-23 07:46:11.561942,6568,5378,1091,0
2026-08-23 07:46:11.561962,6598,5403,1041,0
2026-08-23 07:46:11.582435,6596,4753,1312,0
2026-08-23 07:46:11.582455,6608,4933,1455,0
2026-08-23 07:46:11.582475,6565,5053,907,0
2026-08-23 07:46:11.582495,6575,5183,1065,0
2026-08-23 07:46:11.582515,6565,5241,951,0
2026-08-23 07:46:11.582535,6583,5278,1155,0
2026-08-23 07:46:11.582555,6520,5214,0,0
2026-08-23 07:46:11.582575,6517,5247,0,0
2026-08-23 07:46:11.582595,6518,5293,0,0
2026-08-23 07:46:11.582615,6671,5457,1272,0
2026-08-23 07:46:11.582635,6585,5433,1491,0
2026-08-23 07:46:11.582655,6551,5411,1784,0
2026-08-23 07:46:11.582675,6580,5329,582,0
2026-08-23 07:46:11.603163,6584,4743,616,0
2026-08-23 07:46:11.603183,6559,4921,788,0
2026-08-23 07:46:11.603203,6550,5064,603,0
2026-08-23 07:46:11.603223,6552,5196,677,0
2026-08-23 07:46:11.603243,6616,5227,121,0
2026-08-23 07:46:11.603263,6579,5365,2979,0
2026-08-23 07:46:11.603283,6701,5357,1627,0
2026-08-23 07:46:11.603303,6609,5370,1571,0
2026-08-23 07:46:11.603323,6608,5414,1262,0
2026-08-23 07:46:11.603343,6572,5416,1228,0
2026-08-23 07:46:11.603363,6589,5376,1044,0
2026-08-23 07:46:11.603383,6571,5416,1226,0
2026-08-23 07:46:11.603403,6600,5406,1353,0
2026-08-23 07:46:11.623895,6594,4775,1258,0
2026-08-23 07:46:11.623915,6589,4941,1491,0
2026-08-23 07:46:11.623935,6555,5030,525,0
2026-08-23 07:46:11.623955,6552,5152,470,0
2026-08-23 07:46:11.623976,6529,5168,55,0
2026-08-23 07:46:11.623996,6526,5216,0,0
2026-08-23 07:46:11.624016,6584,5413,1822,0
2026-08-23 07:46:11.624036,6594,5397,1666,0
2026-08-23 07:46:11.624055,6602,5373,1318,0
2026-08-23 07:46:11.624075,6585,5423,1307,0
2026-08-23 07:46:11.624095,6590,5391,1099,0
2026-08-23 07:46:11.624115,6591,5389,1216,0
2026-08-23 07:46:11.624135,6591,5407,1447,0
2026-08-23 07:46:11.644798,6614,4781,680,0
2026-08-23 07:46:11.644818,6547,4864,0,0
2026-08-23 07:46:11.644838,6576,5089,1711,0
2026-08-23 07:46:11.644858,6606,5177,1599,0
2026-08-23 07:46:11.644878,6598,5274,1233,0
2026-08-23 07:46:11.644898,6579,5312,1210,0
2026-08-23 07:46:11.644918,6591,5332,1010,0
2026-08-23 07:46:11.644938,6571,5348,1125,0
2026-08-23 07:46:11.644958,6581,5361,1044,0
2026-08-23 07:46:11.644978,6569,5406,1043,0
2026-08-23 07:46:11.644998,6577,5416,1047,0
2026-08-23 07:46:11.645018,6702,5420,1185,0
2026-08-23 07:46:11.645038,6591,5371,1051,0
2026-08-23 07:46:11.665686,6604,4785,1794,0
2026-08-23 07:46:11.665706,6555,4842,0,0
2026-08-23 07:46:11.665726,6568,5134,1642,0
2026-08-23 07:46:11.665746,6582,5212,1502,0
2026-08-23 07:46:11.665766,6593,5235,1261,0
2026-08-23 07:46:11.665786,6577,5329,1251,0
2026-08-23 07:46:11.665806,6599,5352,1079,0
2026-08-23 07:46:11.665826,6562,5368,1070,0
2026-08-23 07:46:11.665846,6576,5378,944,0
2026-08-23 07:46:11.665866,6574,5367,1122,0
2026-08-23 07:46:11.665886,6579,5383,1090,0
2026-08-23 07:46:11.665906,6577,5374,1007,0
2026-08-23 07:46:11.665926,6583,5389,943,0
2026-08-23 07:46:11.686041,6532,4664,0,0
2026-08-23 07:46:11.686061,6513,4838,0,0
2026-08-23 07:46:11.686081,6520,4971,0,0
2026-08-23 07:46:11.686101,6520,5062,0,0
2026-08-23 07:46:11.686121,6582,5286,1643,0
2026-08-23 07:46:11.686141,6580,5285,1511,0
2026-08-23 07:46:11.686161,6594,5317,1232,0
2026-08-23 07:46:11.686181,6577,5351,1245,0
2026-08-23 07:46:11.686201,6591,5344,1075,0
2026-08-23 07:46:11.686221,6521,5378,1067,0
2026-08-23 07:46:11.686241,6564,5405,941,0
2026-08-23 07:46:11.686261,6566,5381,1108,0
2026-08-23 07:46:11.686281,6589,5381,1108,0
2026-08-23 07:46:11.707125,6594,4822,950,0
2026-08-23 07:46:11.707145,6591,4984,1158,0
2026-08-23 07:46:11.707165,6584,5087,970,0
2026-08-23 07:46:11.707185,6558,5152,1010,0
2026-08-23 07:46:11.707205,6580,5226,980,0
2026-08-23 07:46:11.707225,6567,5316,1185,0
2026-08-23 07:46:11.707245,6588,5328,1227,0
2026-08-23 07:46:11.707265,6562,5339,1098,0
2026-08-23 07:46:11.707285,6585,5371,1197,0
2026-08-23 07:46:11.707305,6580,5421,1312,0
2026-08-23 07:46:11.707325,6600,5409,1476,0
2026-08-23 07:46:11.707345,6581,5411,981,0
2026-08-23 07:46:11.707365,6591,5381,1127,0
2026-08-23 07:46:11.728279,6581,4792,1642,0
2026-08-23 07:46:11.728299,6602,4964,1830,0
2026-08-23 07:46:11.728319,6619,5101,1508,0
2026-08-23 07:46:11.728339,6596,5194,1455,0
2026-08-23 07:46:11.728359,6591,5253,1207,0
2026-08-23 07:46:11.728379,6557,5300,1167,0
2026-08-23 07:46:11.728399,6573,5299,980,0
2026-08-23 07:46:11.728419,6560,5368,1092,0
2026-08-23 07:46:11.728439,6578,5381,1117,0
2026-08-23 07:46:11.728459,6556,5385,1040,0
2026-08-23 07:46:11.728479,6580,5371,1056,0
2026-08-23 07:46:11.728499,6577,5417,1183,0
2026-08-23 07:46:11.728519,6607,5365,1053,0
2026-08-23 07:46:11.748954,6586,4753,1008,0
2026-08-23 07:46:11.748974,6596,4927,1405,0
2026-08-23 07:46:11.748994,6535,5016,261,0
2026-08-23 07:46:11.749014,6531,5069,192,0
2026-08-23 07:46:11.749034,6522,5154,0,0
2026-08-23 07:46:11.749054,6531,5193,0,0
2026-08-23 07:46:11.749074,6574,5375,1625,0
2026-08-23 07:46:11.749094,6589,5355,1457,0
2026-08-23 07:46:11.749114,6605,5364,1162,0
2026-08-23 07:46:11.749134,6583,5399,1208,0
2026-08-23 07:46:11.749154,6582,5409,1055,0
2026-08-23 07:46:11.749174,6578,5410,1115,0
2026-08-23 07:46:11.749194,6595,5407,1355,0
2026-08-23 07:46:11.770032,6599,4802,1266,0
2026-08-23 07:46:11.770052,6582,4974,1139,0
2026-08-23 07:46:11.770072,6588,5059,1056,0
2026-08-23 07:46:11.770092,6576,5196,1144,0
2026-08-23 07:46:11.770113,6588,5222,1051,0
2026-08-23 07:46:11.770133,6568,5292,1053,0
2026-08-23 07:46:11.770153,6581,5328,1046,0
2026-08-23 07:46:11.770173,6579,5390,1252,0
2026-08-23 07:46:11.770192,6589,5413,1352,0
2026-08-23 07:46:11.770212,6570,5365,1056,0
2026-08-23 07:46:11.770232,6581,5386,1211,0
2026-08-23 07:46:11.770252,6588,5407,1331,0
2026-08-23 07:46:11.770272,6606,5410,1349,0
2026-08-23 07:46:11.791023,6620,4783,1617,0
2026-08-23 07:46:11.791043,6639,5029,2416,0
2026-08-23 07:46:11.791063,6674,5060,1433,0
2026-08-23 07:46:11.791083,6564,5154,1330,0
2026-08-23 07:46:11.791103,6579,5253,1096,0
2026-08-23 07:46:11.791123,6585,5290,1167,0
2026-08-23 07:46:11.791143,6580,5337,1056,0
2026-08-23 07:46:11.791163,6565,5318,1007,0
2026-08-23 07:46:11.791183,6575,5372,968,0
2026-08-23 07:46:11.791203,6571,5370,1163,0
2026-08-23 07:46:11.791223,6587,5384,1199,0
2026-08-23 07:46:11.791243,6570,5408,1043,0
2026-08-23 07:46:11.791263,6579,5363,945,0
2026-08-23 07:46:11.811969,6559,4689,0,0
2026-08-23 07:46:11.811989,6559,4868,551,0
2026-08-23 07:46:11.812009,6542,5015,435,0
2026-08-23 07:46:11.812029,6544,5163,554,0
2026-08-23 07:46:11.812049,6586,5307,1328,0
2026-08-23 07:46:11.812069,6595,5313,2077,0
2026-08-23 07:46:11.812089,6640,5377,1494,0
2026-08-23 07:46:11.812109,6598,5397,1492,0
2026-08-23 07:46:11.812129,6598,5402,1240,0
2026-08-23 07:46:11.812149,6573,5402,1191,0
2026-08-23 07:46:11.812169,6582,5412,1007,0
2026-08-23 07:46:11.812189,6580,5380,1226,0
2026-08-23 07:46:11.812209,6600,5392,1467,0
2026-08-23 07:46:11.832973,6569,4773,1201,0
2026-08-23 07:46:11.832993,6602,4917,1492,0
2026-08-23 07:46:11.833013,6552,5031,653,0
2026-08-23 07:46:11.833033,6558,5143,774,0
2026-08-23 07:46:11.833053,6537,5216,477,0
2026-08-23 07:46:11.833073,6552,5261,653,0
2026-08-23 07:46:11.833093,6594,5409,624,0
2026-08-23 07:46:11.833113,6581,5417,2117,0
2026-08-23 07:46:11.833133,6633,5383,1596,0
2026-08-23 07:46:11.833153,6611,5440,1515,0
2026-08-23 07:46:11.833173,6601,5420,1245,0
2026-08-23 07:46:11.833193,6585,5395,1382,0
2026-08-23 07:46:11.833213,6598,5391,1681,0
2026-08-23 07:46:11.853825,6593,4723,1009,0
2026-08-23 07:46:11.853845,6584,4921,1069,0
2026-08-23 07:46:11.853865,6578,5049,1214,0
2026-08-23 07:46:11.853885,6595,5166,1338,0
2026-08-23 07:46:11.853905,6565,5224,1054,0
2026-08-23 07:46:11.853925,6584,5262,1198,0
2026-08-23 07:46:11.853945,6575,5313,1234,0
2026-08-23 07:46:11.853965,6591,5393,1424,0
2026-08-23 07:46:11.853985,6540,5316,165,0
2026-08-23 07:46:11.854005,6536,5325,186,0
2026-08-23 07:46:11.854025,6515,5341,0,0
2026-08-23 07:46:11.854045,6571,5375,819,0
2026-08-23 07:46:11.854065,6554,5381,656,0
2026-08-23 07:46:11.874188,6674,4815,1310,0
2026-08-23 07:46:11.874208,6599,4949,1350,0
2026-08-23 07:46:11.874228,6565,5051,1042,0
2026-08-23 07:46:11.874248,6582,5178,1181,0
2026-08-23 07:46:11.874268,6577,5255,1219,0
2026-08-23 07:46:11.874288,6592,5342,1407,0
2026-08-23 07:46:11.874308,6543,5254,90,0
2026-08-23 07:46:11.874328,6525,5302,82,0
2026-08-23 07:46:11.874348,6524,5300,0,0
2026-08-23 07:46:11.874368,6516,5309,0,0
2026-08-23 07:46:11.874388,6572,5445,1716,0
2026-08-23 07:46:11.874408,6598,5463,2729,0
2026-08-23 07:46:11.874428,6616,5363,299,0
2026-08-23 07:46:11.895230,6614,4842,1753,0
2026-08-23 07:46:11.895250,6604,5034,1844,0
2026-08-23 07:46:11.895270,6632,5159,1632,0
2026-08-23 07:46:11.895290,6601,5231,1502,0
2026-08-23 07:46:11.895310,6605,5257,1245,0
2026-08-23 07:46:11.895330,6578,5287,1194,0
2026-08-23 07:46:11.895350,6580,5321,995,0
2026-08-23 07:46:11.895370,6579,5379,1117,0
2026-08-23 07:46:11.895390,6582,5374,1055,0
2026-08-23 07:46:11.895410,6554,5384,1061,0
2026-08-23 07:46:11.895430,6570,5406,1036,0
2026-08-23 07:46:11.895450,6582,5425,1165,0
2026-08-23 07:46:11.895470,6611,5370,1012,0
2026-08-23 07:46:11.915573,6597,4707,640,0
2026-08-23 07:46:11.915593,6566,4930,1197,0
2026-08-23 07:46:11.915613,6529,4976,0,0
2026-08-23 07:46:11.915633,6525,5096,0,0
2026-08-23 07:46:11.915653,6519,5159,0,0
2026-08-23 07:46:11.915673,6515,5220,0,0
2026-08-23 07:46:11.915693,6581,5376,1632,0
2026-08-23 07:46:11.915713,6574,5395,1500,0
2026-08-23 07:46:11.915733,6594,5379,1237,0
2026-08-23 07:46:11.915753,6574,5382,1263,0
2026-08-23 07:46:11.915773,6595,5382,1084,0
2026-08-23 07:46:11.915793,6582,5379,1040,0
2026-08-23 07:46:11.915813,6598,5388,1481,0
2026-08-23 07:46:11.936737,6602,4829,1119,0
2026-08-23 07:46:11.936757,6577,4977,1119,0
2026-08-23 07:46:11.936777,6580,5101,964,0
2026-08-23 07:46:11.936797,6570,5185,1091,0
2026-08-23 07:46:11.936817,6578,5289,1073,0
2026-08-23 07:46:11.936837,6569,5295,1036,0
2026-08-23 07:46:11.936857,6571,5350,1046,0
2026-08-23 07:46:11.936877,6581,5390,1275,0
2026-08-23 07:46:11.936897,6554,5411,1386,0
2026-08-23 07:46:11.936917,6569,5399,1058,0
2026-08-23 07:46:11.936937,6577,5391,1173,0
2026-08-23 07:46:11.936957,6581,5391,1316,0
2026-08-23 07:46:11.936977,6604,5397,1351,0
2026-08-23 07:46:11.957779,6632,4798,1630,0
2026-08-23 07:46:11.957799,6671,5032,1297,0
2026-08-23 07:46:11.957819,6602,5061,1503,0
2026-08-23 07:46:11.957839,6587,5160,1380,0
2026-08-23 07:46:11.957860,6598,5219,1144,0
2026-08-23 07:46:11.957880,6590,5277,1205,0
2026-08-23 07:46:11.957900,6591,5305,1054,0
2026-08-23 07:46:11.957920,6577,5387,1034,0
2026-08-23 07:46:11.957939,6587,5388,964,0
2026-08-23 07:46:11.957959,6584,5404,1149,0
2026-08-23 07:46:11.957979,6586,5391,1100,0
2026-08-23 07:46:11.957999,6580,5412,1037,0
2026-08-23 07:46:11.958019,6569,5402,948,0
2026-08-23 07:46:11.979010,6570,4683,465,0
2026-08-23 07:46:11.979030,6561,4898,965,0
2026-08-23 07:46:11.979050,6558,5020,759,0
2026-08-23 07:46:11.979070,6563,5157,901,0
2026-08-23 07:46:11.979090,6537,5159,0,0
2026-08-23 07:46:11.979110,6613,5338,722,0
2026-08-23 07:46:11.979130,6598,5363,1716,0
2026-08-23 07:46:11.979150,6598,5380,1592,0
2026-08-23 07:46:11.979170,6610,5311,1315,0
2026-08-23 07:46:11.979190,6580,5400,1248,0
2026-08-23 07:46:11.979210,6592,5397,1050,0
2026-08-23 07:46:11.979230,6580,5414,1253,0
2026-08-23 07:46:11.979250,6619,5383,1377,0
2026-08-23 07:46:11.999701,6610,4753,1240,0
2026-08-23 07:46:11.999721,6591,4988,1501,0
2026-08-23 07:46:11.999741,6563,5044,621,0
2026-08-23 07:46:11.999761,6549,5135,694,0
2026-08-23 07:46:11.999781,6552,5190,387,0
2026-08-23 07:46:11.999801,6547,5283,469,0
2026-08-23 07:46:11.999821,6586,5410,1991,0
2026-08-23 07:46:11.999841,6614,5386,1865,0
2026-08-23 07:46:11.999861,6623,5388,1548,0
2026-08-23 07:46:11.999881,6600,5399,1471,0
2026-08-23 07:46:11.999901,6601,5422,1225,0
2026-08-23 07:46:11.999921,6588,5398,1197,0
2026-08-23 07:46:11.999941,6601,5446,1576,0
2026-08-23 07:46:12.020613,6595,4747,1061,0
2026-08-23 07:46:12.020633,6583,4900,1045,0
2026-08-23 07:46:12.020653,6586,5060,1431,0
2026-08-23 07:46:12.020673,6576,5167,1342,0
2026-08-23 07:46:12.020693,6561,5247,1049,0
2026-08-23 07:46:12.020713,6575,5279,1202,0
2026-08-23 07:46:12.020733,6576,5328,1245,0
2026-08-23 07:46:12.020753,6594,5363,1438,0
2026-08-23 07:46:12.020773,6545,5330,235,0
2026-08-23 07:46:12.020793,6534,5357,287,0
2026-08-23 07:46:12.020813,6513,5303,0,0
2026-08-23 07:46:12.020833,6563,5391,864,0
2026-08-23 07:46:12.020853,6551,5358,468,0
2026-08-23 07:46:12.041319,6602,4776,1252,0
2026-08-23 07:46:12.041339,6590,4995,1292,0
2026-08-23 07:46:12.041359,6580,5077,1063,0
2026-08-23 07:46:12.041379,6575,5172,1141,0
2026-08-23 07:46:12.041399,6598,5264,1299,0
2026-08-23 07:46:12.041419,6597,5310,1479,0
2026-08-23 07:46:12.041439,6554,5297,523,0
2026-08-23 07:46:12.041459,6543,5330,567,0
2026-08-23 07:46:12.041479,6553,5319,228,0
2026-08-23 07:46:12.041499,6549,5338,261,0
2026-08-23 07:46:12.041519,6595,5473,1958,0
2026-08-23 07:46:12.041539,6533,5339,0,0
2026-08-23 07:46:12.041559,6560,5371,563,0
2026-08-23 07:46:12.061665,6603,4763,1085,0
2026-08-23 07:46:12.061685,6581,4943,1181,0
2026-08-23 07:46:12.061705,6585,5129,1313,0
2026-08-23 07:46:12.061725,6591,5230,1486,0
2026-08-23 07:46:12.061745,6571,5233,691,0
2026-08-23 07:46:12.061765,6560,5293,835,0
2026-08-23 07:46:12.061785,6563,5319,655,0
2026-08-23 07:46:12.061805,6556,5349,814,0
2026-08-23 07:46:12.061825,6523,5288,0,0
2026-08-23 07:46:12.061845,6548,5377,528,0
2026-08-23 07:46:12.061865,6589,5409,1748,0
2026-08-23 07:46:12.061885,6554,5328,0,0
2026-08-23 07:46:12.061905,6512,5319,0,0
2026-08-23 07:46:12.081472,6593,4797,924,0
2026-08-23 07:46:12.081492,6596,4953,1399,0
2026-08-23 07:46:12.081512,6540,5036,262,0
2026-08-23 07:46:12.081532,6540,5095,278,0
2026-08-23 07:46:12.081552,6510,5189,0,0
2026-08-23 07:46:12.081572,6521,5245,0,0
2026-08-23 07:46:12.081592,6591,5363,1730,0
2026-08-23 07:46:12.081612,6580,5426,1578,0
2026-08-23 07:46:12.081632,6593,5387,1262,0
2026-08-23 07:46:12.081652,6590,5388,1268,0
2026-08-23 07:46:12.081672,6586,5415,1082,0
2026-08-23 07:46:12.081692,6575,5393,1168,0
2026-08-23 07:46:12.081712,6535,5261,0,0
2026-08-23 07:46:12.101705,6596,4854,895,0
2026-08-23 07:46:12.101725,6517,4940,0,0
2026-08-23 07:46:12.101745,6508,5050,0,0
2026-08-23 07:46:12.101765,6587,5226,578,0
2026-08-23 07:46:12.101785,6592,5296,1734,0
2026-08-23 07:46:12.101805,6615,5348,1350,0
2026-08-23 07:46:12.101825,6575,5332,1239,0
2026-08-23 07:46:12.101845,6582,5345,1036,0
2026-08-23 07:46:12.101865,6575,5373,1133,0
2026-08-23 07:46:12.101885,6579,5415,1081,0
2026-08-23 07:46:12.101905,6572,5382,1065,0
2026-08-23 07:46:12.101925,6579,5406,988,0
2026-08-23 07:46:12.101945,6579,5381,1151,0
2026-08-23 07:46:12.122175,6593,4813,1085,0
2026-08-23 07:46:12.122195,6594,5015,1215,0
2026-08-23 07:46:12.122215,6589,5096,1319,0
2026-08-23 07:46:12.122235,6624,5243,1477,0
2026-08-23 07:46:12.122255,6552,5197,230,0
2026-08-23 07:46:12.122275,6537,5251,275,0
2026-08-23 07:46:12.122295,6514,5249,0,0
2026-08-23 07:46:12.122315,6528,5278,0,0
2026-08-23 07:46:12.122335,6580,5417,1729,0
2026-08-23 07:46:12.122355,6592,5441,1585,0
2026-08-23 07:46:12.122375,6615,5431,1273,0
2026-08-23 07:46:12.122395,6600,5448,1488,0
2026-08-23 07:46:12.122415,6615,5414,1795,0
2026-08-23 07:46:12.142197,6521,4716,0,0
2026-08-23 07:46:12.142217,6564,4906,530,0
2026-08-23 07:46:12.142237,6521,4975,0,0
2026-08-23 07:46:12.142257,6668,5245,1238,0
2026-08-23 07:46:12.142277,6582,5270,1702,0
2026-08-23 07:46:12.142297,6604,5314,1643,0
2026-08-23 07:46:12.142317,6609,5334,1058,0
2026-08-23 07:46:12.142337,6569,5371,1258,0
2026-08-23 07:46:12.142357,6586,5361,1051,0
2026-08-23 07:46:12.142377,6580,5399,1163,0
2026-08-23 07:46:12.142397,6579,5350,1003,0
2026-08-23 07:46:12.142417,6577,5402,1113,0
2026-08-23 07:46:12.142437,6596,5386,1076,0
2026-08-23 07:46:12.163747,6617,4879,1503,0
2026-08-23 07:46:12.163767,6572,4997,830,0
2026-08-23 07:46:12.163787,6571,5137,936,0
2026-08-23 07:46:12.163807,6557,5208,804,0
2026-08-23 07:46:12.163827,6566,5249,1009,0
2026-08-23 07:46:12.163847,6513,5173,0,0
2026-08-23 07:46:12.163867,6524,5254,0,0
2026-08-23 07:46:12.163888,6585,5376,1698,0
2026-08-23 07:46:12.163908,6601,5370,1707,0
2026-08-23 07:46:12.163927,6613,5416,1406,0
2026-08-23 07:46:12.163947,6577,5408,1323,0
2026-08-23 07:46:12.163967,6596,5395,1109,0
2026-08-23 07:46:12.163987,6581,5401,1336,0
2026-08-23 07:46:12.164007,6609,5408,1740,0
2026-08-23 07:46:12.185551,6618,4880,722,0
2026-08-23 07:46:12.185571,6536,4860,0,0
2026-08-23 07:46:12.185591,6577,5166,1745,0
2026-08-23 07:46:12.185611,6593,5207,1606,0
2026-08-23 07:46:12.185631,6593,5245,1296,0
2026-08-23 07:46:12.185651,6590,5324,1317,0
2026-08-23 07:46:12.185671,6608,5354,1106,0
2026-08-23 07:46:12.185691,6572,5337,1121,0
2026-08-23 07:46:12.185711,6576,5388,951,0
2026-08-23 07:46:12.185731,6573,5403,1094,0
2026-08-23 07:46:12.185751,6576,5383,1040,0
2026-08-23 07:46:12.185771,6566,5421,1002,0
2026-08-23 07:46:12.185791,6583,5381,950,0
2026-08-23 07:46:12.185811,6596,5419,1154,0
2026-08-23 07:46:12.206115,6618,4843,1658,0
2026-08-23 07:46:12.206136,6603,4967,1616,0
2026-08-23 07:46:12.206156,6612,5089,1583,0
2026-08-23 07:46:12.206176,6603,5182,1281,0
2026-08-23 07:46:12.206196,6584,5264,1193,0
2026-08-23 07:46:12.206216,6584,5307,1035,0
2026-08-23 07:46:12.206236,6581,5351,1116,0
2026-08-23 07:46:12.206256,6578,5343,1035,0
2026-08-23 07:46:12.206275,6566,5391,1043,0
2026-08-23 07:46:12.206295,6578,5372,714,0
2026-08-23 07:46:12.206316,6575,5393,1308,0
2026-08-23 07:46:12.206336,6600,5417,1371,0
2026-08-23 07:46:12.206356,6577,5317,262,0
2026-08-23 07:46:12.226965,6601,4793,1134,0
2026-08-23 07:46:12.226985,6584,4949,1043,0
2026-08-23 07:46:12.227005,6566,5060,1047,0
2026-08-23 07:46:12.227025,6579,5173,1013,0
2026-08-23 07:46:12.227045,6575,5284,1237,0
2026-08-23 07:46:12.227065,6596,5324,1329,0
2026-08-23 07:46:12.227085,6565,5349,1102,0
2026-08-23 07:46:12.227105,6585,5353,1201,0
2026-08-23 07:46:12.227125,6569,5367,1233,0
2026-08-23 07:46:12.227145,6603,5398,1420,0
2026-08-23 07:46:12.227165,6530,5348,62,0
2026-08-23 07:46:12.227185,6554,5362,793,0
2026-08-23 07:46:12.227205,6579,5410,1240,0
2026-08-23 07:46:12.247911,6598,4740,1039,0
2026-08-23 07:46:12.247931,6589,4941,926,0
2026-08-23 07:46:12.247951,6579,5076,1118,0
2026-08-23 07:46:12.247971,6588,5186,1098,0
2026-08-23 07:46:12.247991,6572,5210,981,0
2026-08-23 07:46:12.248011,6589,5312,1084,0
2026-08-23 07:46:12.248031,6571,5329,1280,0
2026-08-23 07:46:12.248051,6592,5392,1395,0
2026-08-23 07:46:12.248071,6577,5351,990,0
2026-08-23 07:46:12.248091,6577,5381,1145,0
2026-08-23 07:46:12.248111,6570,5389,1177,0
2026-08-23 07:46:12.248131,6599,5446,1485,0
2026-08-23 07:46:12.248151,6582,5391,1067,0
2026-08-23 07:46:12.269031,6669,4877,2164,0
2026-08-23 07:46:12.269051,6665,4917,1750,0
2026-08-23 07:46:12.269071,6599,5052,1622,0
2026-08-23 07:46:12.269091,6613,5154,1322,0
2026-08-23 07:46:12.269111,6591,5260,1316,0
2026-08-23 07:46:12.269131,6595,5314,1110,0
2026-08-23 07:46:12.269151,6586,5338,1102,0
2026-08-23 07:46:12.269171,6577,5352,958,0
2026-08-23 07:46:12.269191,6576,5355,1100,0
2026-08-23 07:46:12.269211,6581,5378,1087,0
2026-08-23 07:46:12.269231,6572,5377,1062,0
2026-08-23 07:46:12.269251,6580,5414,974,0
2026-08-23 07:46:12.269271,6578,5421,1107,0
2026-08-23 07:46:12.289714,6576,4709,788,0
2026-08-23 07:46:12.289734,6562,4929,990,0
2026-08-23 07:46:12.289754,6579,5076,1178,0
2026-08-23 07:46:12.289774,6507,5052,0,0
2026-08-23 07:46:12.289794,6510,5163,0,0
2026-08-23 07:46:12.289814,6589,5282,94,0
2026-08-23 07:46:12.289834,6583,5416,3093,0
2026-08-23 07:46:12.289854,6703,5408,1454,0
2026-08-23 07:46:12.289874,6591,5362,1352,0
2026-08-23 07:46:12.289894,6592,5364,1126,0
2026-08-23 07:46:12.289914,6582,5416,1180,0
2026-08-23 07:46:12.289934,6591,5408,1156,0
2026-08-23 07:46:12.289954,6608,5424,2612,0
2026-08-23 07:46:12.310635,6589,4735,608,0
2026-08-23 07:46:12.310655,6521,4858,0,0
2026-08-23 07:46:12.310675,6672,5056,292,0
2026-08-23 07:46:12.310695,6575,5202,1680,0
2026-08-23 07:46:12.310715,6611,5269,1625,0
2026-08-23 07:46:12.310735,6608,5298,1338,0
2026-08-23 07:46:12.310755,6576,5363,1265,0
2026-08-23 07:46:12.310775,6587,5370,1069,0
2026-08-23 07:46:12.310795,6481,5395,1149,0
2026-08-23 07:46:12.310815,6579,5398,1035,0
2026-08-23 07:46:12.310835,6583,5391,1033,0
2026-08-23 07:46:12.310855,6570,5377,946,0
2026-08-23 07:46:12.310875,6595,5386,1437,0
2026-08-23 07:46:12.331518,6608,4744,1088,0
2026-08-23 07:46:12.331538,6591,4939,1241,0
2026-08-23 07:46:12.331558,6596,5066,1446,0
2026-08-23 07:46:12.331578,6536,5082,259,0
2026-08-23 07:46:12.331599,6549,5175,327,0
2026-08-23 07:46:12.331619,6526,5213,100,0
2026-08-23 07:46:12.331639,6542,5296,139,0
2026-08-23 07:46:12.331659,6588,5431,1901,0
2026-08-23 07:46:12.331678,6593,5397,1772,0
2026-08-23 07:46:12.331698,6614,5427,1491,0
2026-08-23 07:46:12.331718,6596,5436,1463,0
2026-08-23 07:46:12.331738,6610,5393,1565,0
2026-08-23 07:46:12.331758,6561,5333,218,0
2026-08-23 07:46:12.352021,6604,4775,1389,0
2026-08-23 07:46:12.352041,6585,4950,1065,0
2026-08-23 07:46:12.352061,6579,5056,1175,0
2026-08-23 07:46:12.352081,2130,4223,1292,0
2026-08-23 07:46:12.352101,3612,4176,1478,0
2026-08-23 07:46:12.352121,5935,4427,765,0
2026-08-23 07:46:12.352141,2478,3873,962,0
2026-08-23 07:46:12.352161,2038,3513,884,0
2026-08-23 07:46:12.352180,2547,3456,1185,0
2026-08-23 07:46:12.352201,1291,2978,0,0
2026-08-23 07:46:12.352221,2444,3013,0,0
2026-08-23 07:46:12.352241,1251,2769,204,0
2026-08-23 07:46:12.352261,2011,2872,1419,0
2026-08-23 07:46:12.372298,2926,2761,1168,0
2026-08-23 07:46:12.372318,1950,2691,1309,0
2026-08-23 07:46:12.372338,2434,2847,1479,0
2026-08-23 07:46:12.372358,1818,2686,777,0
2026-08-23 07:46:12.372378,3362,3036,996,0
2026-08-23 07:46:12.372398,1925,2867,879,0
2026-08-23 07:46:12.372418,2686,3009,1104,0
2026-08-23 07:46:12.372438,2284,2862,0,0
2026-08-23 07:46:12.372458,3048,3044,0,0
2026-08-23 07:46:12.372478,2135,2929,0,0
2026-08-23 07:46:12.372498,3029,3193,851,0
2026-08-23 07:46:12.372518,2959,3203,1857,0
2026-08-23 07:46:12.372538,3034,3164,0,0
2026-08-23 07:46:12.392936,3332,2925,175,0
2026-08-23 07:46:12.392956,3323,2986,0,0
2026-08-23 07:46:12.392976,2405,2958,0,0
2026-08-23 07:46:12.392996,2954,3200,833,0
2026-08-23 07:46:12.393016,3206,3295,2611,0
2026-08-23 07:46:12.393036,5250,3729,1465,0
2026-08-23 07:46:12.393056,2490,3402,1353,0
2026-08-23 07:46:12.393076,4311,3692,1130,0
2026-08-23 07:46:12.393095,3128,3543,1189,0
2026-08-23 07:46:12.393116,4414,3787,1047,0
2026-08-23 07:46:12.393136,2010,3357,1035,0
2026-08-23 07:46:12.393156,4764,3784,960,0
2026-08-23 07:46:12.393176,2998,3546,1281,0
2026-08-23 07:46:12.414169,3174,3120,1765,0
2026-08-23 07:46:12.414189,3503,3299,1762,0
2026-08-23 07:46:12.414209,3776,3427,979,0
2026-08-23 07:46:12.414229,5288,3847,1510,0
2026-08-23 07:46:12.414249,3033,3551,1428,0
2026-08-23 07:46:12.414269,4900,3922,1237,0
2026-08-23 07:46:12.414289,3262,3679,1247,0
2026-08-23 07:46:12.414310,4836,3939,1070,0
2026-08-23 07:46:12.414329,2431,3524,1060,0
2026-08-23 07:46:12.414349,4880,3901,918,0
2026-08-23 07:46:12.414369,3347,3723,1086,0
2026-08-23 07:46:12.414389,4781,3960,1001,0
2026-08-23 07:46:12.414409,2481,3565,1154,0
2026-08-23 07:46:12.434954,4717,3457,1412,0
2026-08-23 07:46:12.434974,6323,4031,1077,0
2026-08-23 07:46:12.434994,4750,4014,1195,0
2026-08-23 07:46:12.435014,3447,3827,1293,0
2026-08-23 07:46:12.435034,4550,4020,1448,0
2026-08-23 07:46:12.435054,6185,4348,405,0
2026-08-23 07:46:12.435074,3482,4034,491,0
2026-08-23 07:46:12.435094,3877,3963,98,0
2026-08-23 07:46:12.435114,4836,4146,137,0
2026-08-23 07:46:12.435134,5996,4513,1874,0
2026-08-23 07:46:12.435154,3650,4142,1717,0
2026-08-23 07:46:12.435174,4016,4081,1770,0
2026-08-23 07:46:12.435194,4996,4162,360,0
2026-08-23 07:46:12.455098,4984,3805,1174,0
2026-08-23 07:46:12.455118,3745,3733,1212,0
2026-08-23 07:46:12.455138,4828,3947,1421,0
2026-08-23 07:46:12.455158,6147,4276,47,0
2026-08-23 07:46:12.455178,3742,4033,26,0
2026-08-23 07:46:12.455198,4049,3941,0,0
2026-08-23 07:46:12.455218,5004,4191,0,0
2026-08-23 07:46:12.455238,5975,4523,1627,0
2026-08-23 07:46:12.455258,4074,4296,1479,0
2026-08-23 07:46:12.455278,5152,4409,1254,0
2026-08-23 07:46:12.455298,4253,4268,1253,0
2026-08-23 07:46:12.455318,5678,4503,1193,0
2026-08-23 07:46:12.455338,4078,4244,1595,0
2026-08-23 07:46:12.476354,4482,3774,1444,0
2026-08-23 07:46:12.476374,5923,4173,1426,0
2026-08-23 07:46:12.476394,3827,3944,1313,0
2026-08-23 07:46:12.476414,6354,4468,1084,0
2026-08-23 07:46:12.476434,4374,4265,1178,0
2026-08-23 07:46:12.476454,5520,4419,1012,0
2026-08-23 07:46:12.476474,3663,4138,1011,0
2026-08-23 07:46:12.476494,5214,4366,941,0
2026-08-23 07:46:12.476514,4179,4192,1154,0
2026-08-23 07:46:12.476534,5809,4492,1163,0
2026-08-23 07:46:12.476554,6361,4737,1042,0
2026-08-23 07:46:12.476574,5305,4699,1078,0
2026-08-23 07:46:12.476594,4636,4475,1132,0
2026-08-23 07:46:12.496933,4520,3817,846,0
2026-08-23 07:46:12.496953,4694,3953,1094,0
2026-08-23 07:46:12.496973,5540,4252,1244,0
2026-08-23 07:46:12.496993,6085,4452,0,0
2026-08-23 07:46:12.497013,4308,4245,0,0
2026-08-23 07:46:12.497033,4819,4322,0,0
2026-08-23 07:46:12.497053,5047,4485,2951,0
2026-08-23 07:46:12.497073,6008,4666,1438,0
2026-08-23 07:46:12.497093,4027,4308,1341,0
2026-08-23 07:46:12.497113,6719,4773,1109,0
2026-08-23 07:46:12.497133,4819,4542,1175,0
2026-08-23 07:46:12.497153,5881,4720,1120,0
2026-08-23 07:46:12.497173,4567,4540,1762,0
2026-08-23 07:46:12.517820,5608,4068,0,0
2026-08-23 07:46:12.517840,6129,4444,1760,0
2026-08-23 07:46:12.517860,4487,4281,1656,0
2026-08-23 07:46:12.517880,5497,4453,1315,0
2026-08-23 07:46:12.517900,4886,4414,1299,0
2026-08-23 07:46:12.517920,5741,4633,1151,0
2026-08-23 07:46:12.517940,4314,4370,1088,0
2026-08-23 07:46:12.517960,6702,4787,947,0
2026-08-23 07:46:12.517980,4923,4618,1106,0
2026-08-23 07:46:12.518000,5755,4752,1153,0
2026-08-23 07:46:12.518020,4392,4517,1043,0
2026-08-23 07:46:12.518040,6079,4762,971,0
2026-08-23 07:46:12.518060,5203,4681,1109,0
2026-08-23 07:46:12.538334,5848,4163,0,0
2026-08-23 07:46:12.538354,4765,4111,0,0
2026-08-23 07:46:12.538374,5758,4409,0,0
2026-08-23 07:46:12.538394,5501,4539,1778,0
2026-08-23 07:46:12.538414,5395,4576,1657,0
2026-08-23 07:46:12.538434,5291,4563,1274,0
2026-08-23 07:46:12.538454,5782,4721,1347,0
2026-08-23 07:46:12.538474,5686,4773,1132,0
2026-08-23 07:46:12.538494,4804,4570,1110,0
2026-08-23 07:46:12.538514,5410,4659,952,0
2026-08-23 07:46:12.538534,5837,4757,1106,0
2026-08-23 07:46:12.538554,5567,4783,1006,0
2026-08-23 07:46:12.538574,5032,4647,1161,0
2026-08-23 07:46:12.559531,5894,4284,1512,0
2026-08-23 07:46:12.559551,5840,4439,1454,0
2026-08-23 07:46:12.559572,5387,4504,1471,0
2026-08-23 07:46:12.559592,5606,4574,1220,0
2026-08-23 07:46:12.559612,5828,4730,1235,0
2026-08-23 07:46:12.559632,5749,4750,1139,0
2026-08-23 07:46:12.559652,4873,4666,1063,0
2026-08-23 07:46:12.559672,5797,4742,948,0
2026-08-23 07:46:12.559691,5822,4811,1126,0
2026-08-23 07:46:12.559711,5914,4892,1121,0
2026-08-23 07:46:12.559731,4772,4689,1074,0
2026-08-23 07:46:12.559752,5963,4850,1006,0
2026-08-23 07:46:12.559772,6032,4864,1132,0
2026-08-23 07:46:12.580153,6420,4385,927,0
2026-08-23 07:46:12.580173,5159,4374,1038,0
2026-08-23 07:46:12.580194,5892,4658,1318,0
2026-08-23 07:46:12.580214,5085,4476,0,0
2026-08-23 07:46:12.580234,6226,4732,0,0
2026-08-23 07:46:12.580254,5021,4594,0,0
2026-08-23 07:46:12.580274,6331,4953,1334,0
2026-08-23 07:46:12.580294,5730,4888,1484,0
2026-08-23 07:46:12.580313,5690,4857,1367,0
2026-08-23 07:46:12.580333,5712,4892,1129,0
2026-08-23 07:46:12.580353,6117,4979,1179,0
2026-08-23 07:46:12.580374,5690,4919,1141,0
2026-08-23 07:46:12.580394,5983,4983,1749,0
2026-08-23 07:46:12.601435,6370,4524,864,0
2026-08-23 07:46:12.601455,5874,4618,1649,0
2026-08-23 07:46:12.601475,5723,4708,1558,0
2026-08-23 07:46:12.601495,5670,4724,1222,0
2026-08-23 07:46:12.601515,6027,4831,1241,0
2026-08-23 07:46:12.601535,5897,4860,1060,0
2026-08-23 07:46:12.601555,5185,4771,1067,0
2026-08-23 07:46:12.601575,6537,4987,965,0
2026-08-23 07:46:12.601595,5813,4941,1138,0
2026-08-23 07:46:12.601615,6398,5105,1149,0
2026-08-23 07:46:12.601635,5537,4970,1092,0
2026-08-23 07:46:12.601655,5912,5008,1044,0
2026-08-23 07:46:12.601675,5709,4940,1125,0
2026-08-23 07:46:12.621975,5865,4344,862,0
2026-08-23 07:46:12.621995,5813,4482,747,0
2026-08-23 07:46:12.622015,6492,4804,985,0
2026-08-23 07:46:12.622035,5641,4640,0,0
2026-08-23 07:46:12.622055,5126,4582,0,0
2026-08-23 07:46:12.622075,5792,4838,1218,0
2026-08-23 07:46:12.622095,6064,4928,2378,0
2026-08-23 07:46:12.622115,6339,5017,1451,0
2026-08-23 07:46:12.622135,5536,4907,1335,0
2026-08-23 07:46:12.622155,6869,5159,1144,0
2026-08-23 07:46:12.622175,5567,5018,1196,0
2026-08-23 07:46:12.622195,6162,5044,921,0
2026-08-23 07:46:12.622215,5479,4936,1506,0
2026-08-23 07:46:12.642879,6388,4492,1364,0
2026-08-23 07:46:12.642899,5603,4486,342,0
2026-08-23 07:46:12.642919,5904,4668,570,0
2026-08-23 07:46:12.642939,5819,4750,230,0
2026-08-23 07:46:12.642959,6465,4916,406,0
2026-08-23 07:46:12.642979,6118,5035,1430,0
2026-08-23 07:46:12.642999,5350,4902,2386,0
2026-08-23 07:46:12.643019,5840,4928,1621,0
2026-08-23 07:46:12.643039,6070,4998,1585,0
2026-08-23 07:46:12.643059,6393,5136,1314,0
2026-08-23 07:46:12.643079,5705,5013,1124,0
2026-08-23 07:46:12.643099,6246,5069,1280,0
2026-08-23 07:46:12.643119,6199,5060,239,0
2026-08-23 07:46:12.663681,6491,4590,1099,0
2026-08-23 07:46:12.663701,5288,4512,1238,0
2026-08-23 07:46:12.663721,6585,4845,1313,0
2026-08-23 07:46:12.663741,6007,4895,1058,0
2026-08-23 07:46:12.663761,5615,4850,1189,0
2026-08-23 07:46:12.663781,5790,4911,1284,0
2026-08-23 07:46:12.663801,6578,5079,1485,0
2026-08-23 07:46:12.663821,6705,5142,384,0
2026-08-23 07:46:12.663841,5523,5008,785,0
2026-08-23 07:46:12.663861,6355,5097,602,0
2026-08-23 07:46:12.663881,6078,5094,812,0
2026-08-23 07:46:12.663901,6769,5211,3,0
2026-08-23 07:46:12.663921,6507,5263,1082,0
2026-08-23 07:46:12.684841,6504,4659,1008,0
2026-08-23 07:46:12.684861,6545,4847,1036,0
2026-08-23 07:46:12.684881,6688,5065,939,0
2026-08-23 07:46:12.684901,4893,4773,1132,0
2026-08-23 07:46:12.684921,6916,5093,1126,0
2026-08-23 07:46:12.684941,6312,5092,1053,0
2026-08-23 07:46:12.684961,6716,5276,1145,0
2026-08-23 07:46:12.684981,4617,4884,1314,0
2026-08-23 07:46:12.685001,6891,5230,1464,0
2026-08-23 07:46:12.685021,5919,5044,917,0
2026-08-23 07:46:12.685041,6635,5235,1068,0
2026-08-23 07:46:12.685061,4873,4923,1264,0
2026-08-23 07:46:12.685081,6732,5171,1260,0
2026-08-23 07:46:12.705773,5465,4312,0,0
2026-08-23 07:46:12.705793,6430,4589,0,0
2026-08-23 07:46:12.705813,6092,4832,1787,0
2026-08-23 07:46:12.705833,6484,4973,1664,0
2026-08-23 07:46:12.705853,5872,4954,1349,0
2026-08-23 07:46:12.705873,6293,5063,1356,0
2026-08-23 07:46:12.705893,6288,5106,1137,0
2026-08-23 07:46:12.705913,5882,5016,1108,0
2026-08-23 07:46:12.705933,5934,4999,950,0
2026-08-23 07:46:12.705953,6453,5187,1085,0
2026-08-23 07:46:12.705973,6315,5169,1007,0
2026-08-23 07:46:12.705993,5458,5019,999,0
2026-08-23 07:46:12.706013,6079,5061,1237,0
2026-08-23 07:46:12.726418,5539,4260,0,0
2026-08-23 07:46:12.726438,6829,4744,372,0
2026-08-23 07:46:12.726458,5612,4658,42,0
2026-08-23 07:46:12.726478,6390,4875,196,0
2026-08-23 07:46:12.726498,6084,5014,1960,0
2026-08-23 07:46:12.726518,6506,5143,1814,0
2026-08-23 07:46:12.726538,5996,5070,1561,0
2026-08-23 07:46:12.726558,6444,5204,1513,0
2026-08-23 07:46:12.726578,6446,5245,1282,0
2026-08-23 07:46:12.726598,5823,5146,1257,0
2026-08-23 07:46:12.726618,6171,5137,1036,0
2026-08-23 07:46:12.726638,6405,5236,1327,0
2026-08-23 07:46:12.726658,6021,5154,623,0
2026-08-23 07:46:12.746808,5519,4383,498,0
2026-08-23 07:46:12.746828,6503,4711,1095,0
2026-08-23 07:46:12.746848,5855,4696,0,0
2026-08-23 07:46:12.746868,6177,4808,0,0
2026-08-23 07:46:12.746888,5715,4807,0,0
2026-08-23 07:46:12.746908,6674,5139,961,0
2026-08-23 07:46:12.746928,6583,5191,1526,0
2026-08-23 07:46:12.746948,5987,5084,1425,0
2026-08-23 07:46:12.746968,6872,5274,1185,0
2026-08-23 07:46:12.746988,6031,5224,1239,0
2026-08-23 07:46:12.747008,6439,5263,1054,0
2026-08-23 07:46:12.747028,5451,5032,1132,0
2026-08-23 07:46:12.747048,6492,5211,1267,0
2026-08-23 07:46:12.767988,6350,4676,1618,0
2026-08-23 07:46:12.768008,6120,4808,1567,0
2026-08-23 07:46:12.768028,6103,4838,1266,0
2026-08-23 07:46:12.768048,6691,5072,1258,0
2026-08-23 07:46:12.768068,6235,5059,1088,0
2026-08-23 07:46:12.768088,5855,5039,1082,0
2026-08-23 07:46:12.768108,6169,5079,939,0
2026-08-23 07:46:12.768128,6588,5211,1095,0
2026-08-23 07:46:12.768148,6430,5257,1110,0
2026-08-23 07:46:12.768168,5523,5040,1043,0
2026-08-23 07:46:12.768188,6490,5209,1090,0
2026-08-23 07:46:12.768208,6400,5226,1176,0
2026-08-23 07:46:12.768228,6120,5167,1011,0
2026-08-23 07:46:12.788387,5872,4492,1266,0
2026-08-23 07:46:12.788407,6269,4743,1471,0
2026-08-23 07:46:12.788427,5701,4714,807,0
2026-08-23 07:46:12.788447,6860,5017,989,0
2026-08-23 07:46:12.788467,5775,4926,898,0
2026-08-23 07:46:12.788487,6316,5078,1136,0
2026-08-23 07:46:12.788507,5740,4910,0,0
2026-08-23 07:46:12.788527,6808,5147,0,0
2026-08-23 07:46:12.788547,5737,4977,0,0
2026-08-23 07:46:12.788567,6463,5162,0,0
2026-08-23 07:46:12.788587,6374,5273,1626,0
2026-08-23 07:46:12.788607,6772,5407,3197,0
2026-08-23 07:46:12.788627,5883,5150,941,0
2026-08-23 07:46:12.808681,5723,4438,0,0
2026-08-23 07:46:12.808701,6788,4831,110,0
2026-08-23 07:46:12.808721,5669,4758,0,0
2026-08-23 07:46:12.808741,6607,4961,0,0
2026-08-23 07:46:12.808761,6178,5096,1813,0
2026-08-23 07:46:12.808781,6483,5219,1699,0
2026-08-23 07:46:12.808801,6056,5100,1400,0
2026-08-23 07:46:12.808821,6589,5262,1385,0
2026-08-23 07:46:12.808841,6360,5222,1177,0
2026-08-23 07:46:12.808861,5867,5140,1119,0
2026-08-23 07:46:12.808881,6187,5161,967,0
2026-08-23 07:46:12.808901,6630,5268,1192,0
2026-08-23 07:46:12.808921,6385,5259,1296,0
2026-08-23 07:46:12.829838,6126,4675,1123,0
2026-08-23 07:46:12.829858,6636,4865,1208,0
2026-08-23 07:46:12.829878,6365,4977,1054,0
2026-08-23 07:46:12.829898,5404,4834,1051,0
2026-08-23 07:46:12.829918,6474,5055,922,0
2026-08-23 07:46:12.829938,6456,5154,1079,0
2026-08-23 07:46:12.829958,6565,5237,1061,0
2026-08-23 07:46:12.829978,5692,5068,1001,0
2026-08-23 07:46:12.829998,6401,5180,1047,0
2026-08-23 07:46:12.830018,5677,5045,1236,0
2026-08-23 07:46:12.830038,6798,5290,1315,0
2026-08-23 07:46:12.830058,6189,5216,1062,0
2026-08-23 07:46:12.830078,6333,5190,981,0
2026-08-23 07:46:12.850263,6099,4488,252,0
2026-08-23 07:46:12.850283,6556,4824,905,0
2026-08-23 07:46:12.850303,6086,4844,780,0
2026-08-23 07:46:12.850323,7089,5192,1003,0
2026-08-23 07:46:12.850343,5929,4947,0,0
2026-08-23 07:46:12.850363,6117,5044,0,0
2026-08-23 07:46:12.850384,6383,5187,0,0
2026-08-23 07:46:12.850404,7071,5511,1637,0
2026-08-23 07:46:12.850423,6499,5324,1505,0
2026-08-23 07:46:12.850443,6343,5330,1411,0
2026-08-23 07:46:12.850463,6117,5233,1175,0
2026-08-23 07:46:12.850483,6842,5369,1422,0
2026-08-23 07:46:12.850503,6385,5374,1719,0
2026-08-23 07:46:12.871407,6023,4686,1562,0
2026-08-23 07:46:12.871427,6562,4975,2118,0
2026-08-23 07:46:12.871447,6496,4983,1496,0
2026-08-23 07:46:12.871467,6403,5053,1398,0
2026-08-23 07:46:12.871487,6181,5094,1151,0
2026-08-23 07:46:12.871507,6571,5192,1208,0
2026-08-23 07:46:12.871527,6401,5235,1049,0
2026-08-23 07:46:12.871547,5720,5068,1068,0
2026-08-23 07:46:12.871567,6375,5211,918,0
2026-08-23 07:46:12.871587,6497,5236,1111,0
2026-08-23 07:46:12.871607,6603,5295,1085,0
2026-08-23 07:46:12.871627,5502,5093,901,0
2026-08-23 07:46:12.871647,6394,5199,943,0
2026-08-23 07:46:12.889900,5776,4419,955,0
2026-08-23 07:46:12.889920,6913,4817,1226,0
2026-08-23 07:46:12.889940,5970,4863,1634,0
2026-08-23 07:46:12.889960,6399,4997,1445,0
2026-08-23 07:46:12.889980,5762,4874,494,0
2026-08-23 07:46:12.890000,6953,5193,681,0
2026-08-23 07:46:12.890020,5791,5041,477,0
2026-08-23 07:46:12.890040,6613,5201,688,0
2026-08-23 07:46:12.890060,5935,5056,0,0
2026-08-23 07:46:12.890080,6848,5365,757,0
2026-08-23 07:46:12.890100,5926,5135,0,0
2026-08-23 07:46:12.890120,6593,5253,1071,0
2026-08-23 07:46:12.907199,5503,4538,1039,0
2026-08-23 07:46:12.907219,6492,4796,955,0
2026-08-23 07:46:12.907239,6633,5013,1119,0
2026-08-23 07:46:12.907259,6482,5096,1000,0
2026-08-23 07:46:12.907279,5405,4937,997,0
2026-08-23 07:46:12.907299,7065,5247,948,0
2026-08-23 07:46:12.907319,5968,5151,1159,0
2026-08-23 07:46:12.907339,6911,5294,1187,0
2026-08-23 07:46:12.907359,5541,5058,1074,0
2026-08-23 07:46:12.907379,7018,5325,1146,0
2026-08-23 07:46:12.907399,6118,5212,1155,0
2026-08-23 07:46:12.925349,6398,4741,1076,0
2026-08-23 07:46:12.925369,5845,4805,1158,0
2026-08-23 07:46:12.925389,6528,4961,960,0
2026-08-23 07:46:12.925409,6688,5155,1113,0
2026-08-23 07:46:12.925429,6441,5162,1055,0
2026-08-23 07:46:12.925449,5843,5089,1052,0
2026-08-23 07:46:12.925469,6692,5230,1067,0
2026-08-23 07:46:12.925489,6039,5208,1237,0
2026-08-23 07:46:12.925509,6834,5361,1362,0
2026-08-23 07:46:12.925529,5886,5209,1073,0
2026-08-23 07:46:12.925549,6595,5252,1076,0
2026-08-23 07:46:12.945498,6702,4818,1129,0
2026-08-23 07:46:12.945518,6209,4881,1039,0
2026-08-23 07:46:12.945539,5804,4877,1040,0
2026-08-23 07:46:12.945559,6474,5059,986,0
2026-08-23 07:46:12.945579,6313,5091,1196,0
2026-08-23 07:46:12.945599,6702,5240,1265,0
2026-08-23 07:46:12.945619,5939,5179,1092,0
2026-08-23 07:46:12.945639,6787,5327,1212,0
2026-08-23 07:46:12.945658,5947,5190,1293,0
2026-08-23 07:46:12.945678,6545,5311,1480,0
2026-08-23 07:46:12.945698,5766,5102,488,0
2026-08-23 07:46:12.945719,6831,5322,1079,0
2026-08-23 07:46:12.945739,6622,5274,1141,0
2026-08-23 07:46:12.966704,5846,4563,431,0
2026-08-23 07:46:12.966724,6860,4966,1169,0
2026-08-23 07:46:12.966744,5994,4904,1117,0
2026-08-23 07:46:12.966764,6423,5048,1300,0
2026-08-23 07:46:12.966784,5838,4915,0,0
2026-08-23 07:46:12.966804,6880,5177,0,0
2026-08-23 07:46:12.966824,5786,4992,0,0
2026-08-23 07:46:12.966844,6625,5249,68,0
2026-08-23 07:46:12.966864,6332,5290,1565,0
2026-08-23 07:46:12.966884,6402,5269,1438,0
2026-08-23 07:46:12.966904,6204,5260,1372,0
2026-08-23 07:46:12.966924,6609,5240,0,0
2026-08-23 07:46:12.987957,6112,4797,1981,0
2026-08-23 07:46:12.987976,6894,5097,1196,0
2026-08-23 07:46:12.987996,6102,5014,1669,0
2026-08-23 07:46:12.988016,6582,5170,1595,0
2026-08-23 07:46:12.988036,6535,5196,1314,0
2026-08-23 07:46:12.988056,6031,5140,1235,0
2026-08-23 07:46:12.988076,6247,5202,1012,0
2026-08-23 07:46:12.988096,6781,5295,1131,0
2026-08-23 07:46:12.988117,6407,5283,1002,0
2026-08-23 07:46:12.988137,5670,5164,998,0
2026-08-23 07:46:12.988156,6511,5227,943,0
2026-08-23 07:46:12.988176,6424,5289,1135,0
2026-08-23 07:46:12.988196,6899,5412,1178,0
2026-08-23 07:46:12.988216,5477,5098,1041,0
2026-08-23 07:46:12.988236,6551,5213,919,0
2026-08-23 07:46:13.006114,6557,4505,922,0
2026-08-23 07:46:13.006134,6705,4772,1099,0
2026-08-23 07:46:13.006154,6637,4936,1050,0
2026-08-23 07:46:13.006174,5304,4797,1040,0
2026-08-23 07:46:13.006194,6800,5074,1007,0
2026-08-23 07:46:13.006214,6213,5084,1269,0
2026-08-23 07:46:13.006234,6779,5289,1342,0
2026-08-23 07:46:13.006253,5679,5086,1055,0
2026-08-23 07:46:13.006274,6938,5296,1278,0
2026-08-23 07:46:13.006294,5873,5174,1257,0
2026-08-23 07:46:13.006314,6607,5292,1480,0
2026-08-23 07:46:13.006334,5784,5128,1059,0
2026-08-23 07:46:13.023967,6894,4877,1200,0
2026-08-23 07:46:13.023987,6015,4871,1296,0
2026-08-23 07:46:13.024007,6453,5021,1474,0
2026-08-23 07:46:13.024027,5820,4919,775,0
2026-08-23 07:46:13.024047,6950,5212,341,0
2026-08-23 07:46:13.024067,5766,5006,0,0
2026-08-23 07:46:13.024087,6592,5194,0,0
2026-08-23 07:46:13.024107,6295,5253,1759,0
2026-08-23 07:46:13.024127,6697,5374,1609,0
2026-08-23 07:46:13.024147,6173,5282,1283,0
2026-08-23 07:46:13.024167,6744,5343,1560,0
2026-08-23 07:46:13.024187,6201,5325,2008,0
2026-08-23 07:46:13.043183,5823,4709,1042,0
2026-08-23 07:46:13.043203,6342,4859,941,0
2026-08-23 07:46:13.043223,6684,5087,1129,0
2026-08-23 07:46:13.043243,6519,5143,1141,0
2026-08-23 07:46:13.043263,5821,5075,1083,0
2026-08-23 07:46:13.043283,6777,5272,1149,0
2026-08-23 07:46:13.043303,6156,5186,1314,0
2026-08-23 07:46:13.043323,6554,5280,1457,0
2026-08-23 07:46:13.043343,5884,5138,915,0
2026-08-23 07:46:13.043363,6867,5311,1058,0
2026-08-23 07:46:13.043383,6017,5224,1259,0
2026-08-23 07:46:13.043403,6685,5315,1443,0
2026-08-23 07:46:13.062149,6997,4831,368,0
2026-08-23 07:46:13.062169,5872,4775,749,0
2026-08-23 07:46:13.062189,6612,5029,844,0
2026-08-23 07:46:13.062209,6008,4941,0,0
2026-08-23 07:46:13.062229,6913,5291,833,0
2026-08-23 07:46:13.062249,5984,5192,1708,0
2026-08-23 07:46:13.062269,6688,5314,1641,0
2026-08-23 07:46:13.062289,6495,5259,1338,0
2026-08-23 07:46:13.062309,6159,5248,1273,0
2026-08-23 07:46:13.062329,6173,5184,1069,0
2026-08-23 07:46:13.062349,6721,5350,1202,0
2026-08-23 07:46:13.062369,6498,5325,1394,0
2026-08-23 07:46:13.083000,6681,4793,988,0
2026-08-23 07:46:13.083020,6409,4941,1197,0
2026-08-23 07:46:13.083040,6860,5156,1232,0
2026-08-23 07:46:13.083061,5647,4997,1098,0
2026-08-23 07:46:13.083081,6962,5264,1200,0
2026-08-23 07:46:13.083101,5932,5130,1309,0
2026-08-23 07:46:13.083121,6451,5261,1501,0
2026-08-23 07:46:13.083141,5800,5041,573,0
2026-08-23 07:46:13.083160,7106,5324,658,0
2026-08-23 07:46:13.083180,5742,5101,329,0
2026-08-23 07:46:13.083200,6537,5262,384,0
2026-08-23 07:46:13.083220,5807,5085,0,0
2026-08-23 07:46:13.083241,6977,5375,1167,0
2026-08-23 07:46:13.104261,6301,4669,1007,0
2026-08-23 07:46:13.104281,5819,4730,1033,0
2026-08-23 07:46:13.104301,6314,4895,956,0
2026-08-23 07:46:13.104321,6588,5057,1151,0
2026-08-23 07:46:13.104342,6698,5179,1194,0
2026-08-23 07:46:13.104362,5702,5043,1081,0
2026-08-23 07:46:13.104382,6839,5277,1148,0
2026-08-23 07:46:13.104402,6151,5210,1327,0
2026-08-23 07:46:13.104421,6384,5244,1485,0
2026-08-23 07:46:13.104441,5821,5135,815,0
2026-08-23 07:46:13.104461,6996,5316,944,0
2026-08-23 07:46:13.104481,6047,5248,1206,0
2026-08-23 07:46:13.104501,6594,5322,1316,0
2026-08-23 07:46:13.123233,5901,4529,1731,0
2026-08-23 07:46:13.123253,6763,4811,178,0
2026-08-23 07:46:13.123273,6487,5011,1690,0
2026-08-23 07:46:13.123293,6514,5129,1568,0
2026-08-23 07:46:13.123313,6058,5044,1268,0
2026-08-23 07:46:13.123333,6716,5221,1279,0
2026-08-23 07:46:13.123353,6384,5215,1096,0
2026-08-23 07:46:13.123373,5727,5091,1075,0
2026-08-23 07:46:13.123393,6356,5206,945,0
2026-08-23 07:46:13.123413,6622,5300,1119,0
2026-08-23 07:46:13.123433,6393,5302,852,0
2026-08-23 07:46:13.123453,5944,5171,1096,0
2026-08-23 07:46:13.144156,6153,4619,1223,0
2026-08-23 07:46:13.144176,6891,4952,1267,0
2026-08-23 07:46:13.144197,5764,4876,1100,0
2026-08-23 07:46:13.144217,6813,5136,1190,0
2026-08-23 07:46:13.144237,5978,5062,1335,0
2026-08-23 07:46:13.144257,6569,5236,1497,0
2026-08-23 07:46:13.144277,5682,4994,608,0
2026-08-23 07:46:13.144297,7256,5320,742,0
2026-08-23 07:46:13.144316,5703,5100,434,0
2026-08-23 07:46:13.144336,6765,5302,483,0
2026-08-23 07:46:13.144356,6198,5295,2028,0
2026-08-23 07:46:13.144377,6849,5301,0,0
2026-08-23 07:46:13.144397,5477,5061,578,0
2026-08-23 07:46:13.164748,5410,4363,1065,0
2026-08-23 07:46:13.164768,7076,4841,1008,0
2026-08-23 07:46:13.164788,5983,4875,1232,0
2026-08-23 07:46:13.164808,7136,5222,1330,0
2026-08-23 07:46:13.164828,5974,5073,1073,0
2026-08-23 07:46:13.164848,6593,5225,1203,0
2026-08-23 07:46:13.164868,5343,5024,1259,0
2026-08-23 07:46:13.164888,6872,5252,1443,0
2026-08-23 07:46:13.164908,5643,5021,149,0
2026-08-23 07:46:13.164928,6742,5227,149,0
2026-08-23 07:46:13.164948,5516,4977,0,0
2026-08-23 07:46:13.164968,6980,5329,543,0
2026-08-23 07:46:13.164988,5705,5047,210,0
2026-08-23 07:46:13.185130,5967,4542,1193,0
2026-08-23 07:46:13.185150,6552,4830,1405,0
2026-08-23 07:46:13.185170,5755,4764,128,0
2026-08-23 07:46:13.185190,6737,4990,61,0
2026-08-23 07:46:13.185210,5841,4909,0,0
2026-08-23 07:46:13.185230,6745,5160,0,0
2026-08-23 07:46:13.185250,6158,5201,1705,0
2026-08-23 07:46:13.185270,6581,5317,1583,0
2026-08-23 07:46:13.185290,6186,5222,1285,0
2026-08-23 07:46:13.185310,6687,5351,1286,0
2026-08-23 07:46:13.185330,6253,5257,1099,0
2026-08-23 07:46:13.185350,6060,5220,1177,0
2026-08-23 07:46:13.185370,6183,5197,1367,0
2026-08-23 07:46:13.206167,6320,4670,1298,0
2026-08-23 07:46:13.206187,6499,4853,1413,0
2026-08-23 07:46:13.206207,6254,4921,1181,0
2026-08-23 07:46:13.206227,6708,5101,1224,0
2026-08-23 07:46:13.206247,6365,5159,1056,0
2026-08-23 07:46:13.206267,5808,5070,1050,0
2026-08-23 07:46:13.206287,6319,5127,932,0
2026-08-23 07:46:13.206307,6628,5291,1092,0
2026-08-23 07:46:13.206326,6522,5264,1112,0
2026-08-23 07:46:13.206347,5822,5179,1042,0
2026-08-23 07:46:13.206367,6509,5271,911,0
2026-08-23 07:46:13.206387,6416,5273,1146,0
2026-08-23 07:46:13.206407,6359,5260,1008,0
2026-08-23 07:46:13.226153,5994,4488,1208,0
2026-08-23 07:46:13.226173,6462,4779,1488,0
2026-08-23 07:46:13.226193,5801,4778,667,0
2026-08-23 07:46:13.226213,6866,5028,826,0
2026-08-23 07:46:13.226233,5804,4947,701,0
2026-08-23 07:46:13.226254,6782,5173,854,0
2026-08-23 07:46:13.226274,5747,4925,0,0
2026-08-23 07:46:13.226294,6963,5244,0,0
2026-08-23 07:46:13.226313,5940,5164,317,0
2026-08-23 07:46:13.226333,6711,5377,2298,0
2026-08-23 07:46:13.226353,6751,5322,1506,0
2026-08-23 07:46:13.226373,6674,5360,1832,0
2026-08-23 07:46:13.226393,5679,5096,1177,0
2026-08-23 07:46:13.247824,6724,4755,1064,0
2026-08-23 07:46:13.247844,5332,4697,1012,0
2026-08-23 07:46:13.247864,6885,5023,1041,0
2026-08-23 07:46:13.247884,5795,4929,1237,0
2026-08-23 07:46:13.247904,7078,5241,1303,0
2026-08-23 07:46:13.247924,5829,5046,1060,0
2026-08-23 07:46:13.247944,6744,5239,1205,0
2026-08-23 07:46:13.247964,5542,5048,1274,0
2026-08-23 07:46:13.247984,6840,5289,1474,0
2026-08-23 07:46:13.248004,5460,5032,361,0
2026-08-23 07:46:13.248024,7204,5351,437,0
2026-08-23 07:46:13.248044,5561,5069,91,0
2026-08-23 07:46:13.248064,6809,5301,1061,0
2026-08-23 07:46:13.248084,5798,5145,763,0
2026-08-23 07:46:13.268827,6257,4623,1298,0
2026-08-23 07:46:13.268847,6561,4871,1455,0
2026-08-23 07:46:13.268867,5891,4814,905,0
2026-08-23 07:46:13.268887,6840,5064,1074,0
2026-08-23 07:46:13.268907,5979,5049,961,0
2026-08-23 07:46:13.268927,6399,5160,1161,0
2026-08-23 07:46:13.268947,5882,4951,0,0
2026-08-23 07:46:13.268967,6975,5240,0,0
2026-08-23 07:46:13.268987,5927,5153,438,0
2026-08-23 07:46:13.269007,6631,5344,2775,0
2026-08-23 07:46:13.269027,6565,5315,1431,0
2026-08-23 07:46:13.269047,6271,5302,1362,0
2026-08-23 07:46:13.269067,6242,5236,1398,0
2026-08-23 07:46:13.289900,5654,4401,999,0
2026-08-23 07:46:13.289920,6378,4698,930,0
2026-08-23 07:46:13.289940,6623,4914,1037,0
2026-08-23 07:46:13.289960,6584,5085,1142,0
2026-08-23 07:46:13.289980,5696,4978,1032,0
2026-08-23 07:46:13.290000,6935,5227,1116,0
2026-08-23 07:46:13.290020,6054,5146,1271,0
2026-08-23 07:46:13.290040,6632,5258,1430,0
2026-08-23 07:46:13.290060,5989,5142,949,0
2026-08-23 07:46:13.290080,6927,5363,1140,0
2026-08-23 07:46:13.290100,5869,5178,1108,0
2026-08-23 07:46:13.290120,6538,5288,1471,0
2026-08-23 07:46:13.290140,5803,5104,1075,0
2026-08-23 07:46:13.310910,6873,4698,1081,0
2026-08-23 07:46:13.310930,6191,4782,1746,0
2026-08-23 07:46:13.310950,6588,4973,1588,0
2026-08-23 07:46:13.310970,6295,5002,1287,0
2026-08-23 07:46:13.310990,6623,5191,1274,0
2026-08-23 07:46:13.311010,6483,5236,1082,0
2026-08-23 07:46:13.311030,5751,5096,1073,0
2026-08-23 07:46:13.311050,6666,5251,951,0
2026-08-23 07:46:13.311070,6604,5325,1130,0
2026-08-23 07:46:13.311090,6831,5386,1120,0
2026-08-23 07:46:13.311110,5521,5168,1046,0
2026-08-23 07:46:13.311130,6485,5272,1060,0
2026-08-23 07:46:13.311150,6638,5302,1141,0
2026-08-23 07:46:13.331455,6683,4645,0,0
2026-08-23 07:46:13.331475,5609,4620,0,0
2026-08-23 07:46:13.331495,6862,4930,0,0
2026-08-23 07:46:13.331515,5984,5014,1627,0
2026-08-23 07:46:13.331535,6557,5145,1457,0
2026-08-23 07:46:13.331555,6337,5151,1161,0
2026-08-23 07:46:13.331575,6720,5292,1195,0
2026-08-23 07:46:13.331595,6203,5251,1063,0
2026-08-23 07:46:13.331615,5940,5153,1083,0
2026-08-23 07:46:13.331635,6428,5254,1043,0
2026-08-23 07:46:13.331655,6377,5281,1240,0
2026-08-23 07:46:13.331675,6516,5304,1189,0
2026-08-23 07:46:13.331695,5975,5150,1050,0
2026-08-23 07:46:13.352064,6630,4721,1161,0
2026-08-23 07:46:13.352084,6429,4848,1155,0
2026-08-23 07:46:13.352104,5983,4910,1095,0
2026-08-23 07:46:13.352124,6580,5034,1150,0
2026-08-23 07:46:13.352144,6220,5144,1251,0
2026-08-23 07:46:13.352165,6559,5207,1501,0
2026-08-23 07:46:13.352185,5914,5077,806,0
2026-08-23 07:46:13.352205,6746,5287,888,0
2026-08-23 07:46:13.352224,5935,5171,672,0
2026-08-23 07:46:13.352244,6554,5275,757,0
2026-08-23 07:46:13.352264,5906,5073,0,0
2026-08-23 07:46:13.352284,6786,5223,0,0
2026-08-23 07:46:13.352304,5869,5183,795,0
2026-08-23 07:46:13.372668,5971,4545,1077,0
2026-08-23 07:46:13.372688,6858,4896,1172,0
2026-08-23 07:46:13.372708,5955,4898,1302,0
2026-08-23 07:46:13.372728,6584,5055,1486,0
2026-08-23 07:46:13.372748,5817,4983,784,0
2026-08-23 07:46:13.372768,6851,5208,909,0
2026-08-23 07:46:13.372788,5815,5084,804,0
2026-08-23 07:46:13.372808,6709,5264,977,0
2026-08-23 07:46:13.372828,5787,5018,0,0
2026-08-23 07:46:13.372848,6668,5222,0,0
2026-08-23 07:46:13.372868,6057,5190,5,0
2026-08-23 07:46:13.372888,6801,5303,234,0
2026-08-23 07:46:13.372908,5761,5080,706,0
2026-08-23 07:46:13.393152,5731,4471,948,0
2026-08-23 07:46:13.393173,6663,4827,1371,0
2026-08-23 07:46:13.393193,5687,4752,280,0
2026-08-23 07:46:13.393213,6899,5074,101,0
2026-08-23 07:46:13.393233,5676,4885,46,0
2026-08-23 07:46:13.393253,6873,5181,187,0
2026-08-23 07:46:13.393273,6252,5252,1882,0
2026-08-23 07:46:13.393293,6527,5271,1729,0
2026-08-23 07:46:13.393312,6414,5297,1431,0
2026-08-23 07:46:13.393332,6813,5386,1399,0
2026-08-23 07:46:13.393353,6530,5333,1167,0
2026-08-23 07:46:13.393373,5989,5237,1294,0
2026-08-23 07:46:13.393393,6228,5229,1526,0
2026-08-23 07:46:13.413936,5895,4586,1989,0
2026-08-23 07:46:13.413956,6894,4849,0,0
2026-08-23 07:46:13.413976,5769,4787,0,0
2026-08-23 07:46:13.413996,6839,5197,2659,0
2026-08-23 07:46:13.414016,6310,5136,1476,0
2026-08-23 07:46:13.414036,6550,5192,1379,0
2026-08-23 07:46:13.414056,6328,5226,1115,0
2026-08-23 07:46:13.414076,6662,5282,1170,0
2026-08-23 07:46:13.414096,6284,5281,1035,0
2026-08-23 07:46:13.414116,5921,5173,1037,0
2026-08-23 07:46:13.414136,6448,5240,944,0
2026-08-23 07:46:13.414156,6510,5306,1112,0
2026-08-23 07:46:13.414176,6410,5296,1236,0
2026-08-23 07:46:13.434803,5801,4465,0,0
2026-08-23 07:46:13.434823,6622,4814,645,0
2026-08-23 07:46:13.434843,6065,4912,421,0
2026-08-23 07:46:13.434863,6828,5202,3111,0
2026-08-23 07:46:13.434883,6197,5080,1652,0
2026-08-23 07:46:13.434903,6713,5274,1586,0
2026-08-23 07:46:13.434923,6520,5252,1312,0
2026-08-23 07:46:13.434943,6064,5219,1247,0
2026-08-23 07:46:13.434963,6270,5223,1077,0
2026-08-23 07:46:13.434983,6812,5324,1166,0
2026-08-23 07:46:13.435003,6232,5257,1003,0
2026-08-23 07:46:13.435023,5805,5146,1092,0
2026-08-23 07:46:13.435043,6184,5203,1314,0
2026-08-23 07:46:13.455408,5894,4446,609,0
2026-08-23 07:46:13.455428,6919,4873,997,0
2026-08-23 07:46:13.455448,5911,4859,979,0
2026-08-23 07:46:13.455468,6404,5013,1212,0
2026-08-23 07:46:13.455488,5916,4878,0,0
2026-08-23 07:46:13.455508,6871,5137,0,0
2026-08-23 07:46:13.455528,5792,5027,0,0
2026-08-23 07:46:13.455548,6746,5407,1618,0
2026-08-23 07:46:13.455568,6441,5249,1362,0
2026-08-23 07:46:13.455588,6208,5221,1391,0
2026-08-23 07:46:13.455608,6211,5205,1140,0
2026-08-23 07:46:13.455628,6596,5283,1395,0
2026-08-23 07:46:13.455648,6485,5321,1578,0
2026-08-23 07:46:13.476379,5833,4515,236,0
2026-08-23 07:46:13.476399,6680,4864,830,0
2026-08-23 07:46:13.476419,6718,5038,1564,0
2026-08-23 07:46:13.476439,6329,5086,1415,0
2026-08-23 07:46:13.476459,6219,5073,1176,0
2026-08-23 07:46:13.476479,6746,5268,1207,0
2026-08-23 07:46:13.476499,6608,5301,1042,0
2026-08-23 07:46:13.476519,5545,5131,1055,0
2026-08-23 07:46:13.476539,6992,5341,934,0
2026-08-23 07:46:13.476559,6168,5247,1126,0
2026-08-23 07:46:13.476579,6812,5401,1115,0
2026-08-23 07:46:13.476599,5099,5021,998,0
2026-08-23 07:46:13.476619,7472,5382,938,0
2026-08-23 07:46:13.496605,6010,4486,0,0
2026-08-23 07:46:13.496625,6762,4826,0,0
2026-08-23 07:46:13.496645,5486,4745,0,0
2026-08-23 07:46:13.496665,6828,5019,0,0
2026-08-23 07:46:13.496685,6109,5149,1708,0
2026-08-23 07:46:13.496705,6706,5270,1603,0
2026-08-23 07:46:13.496725,6250,5224,1308,0
2026-08-23 07:46:13.496745,6780,5330,1322,0
2026-08-23 07:46:13.496765,6235,5300,1113,0
2026-08-23 07:46:13.496785,6039,5199,1102,0
2026-08-23 07:46:13.496805,6254,5240,940,0
2026-08-23 07:46:13.496825,6771,5356,1132,0
2026-08-23 07:46:13.496845,6268,5265,1195,0
2026-08-23 07:46:13.517856,6345,4686,1065,0
2026-08-23 07:46:13.517876,6688,4901,1243,0
2026-08-23 07:46:13.517896,6285,4980,1069,0
2026-08-23 07:46:13.517916,5827,4949,1041,0
2026-08-23 07:46:13.517936,6368,5027,931,0
2026-08-23 07:46:13.517956,6664,5192,1104,0
2026-08-23 07:46:13.517976,6495,5257,1096,0
2026-08-23 07:46:13.517996,5782,5143,1052,0
2026-08-23 07:46:13.518016,6763,5300,1111,0
2026-08-23 07:46:13.518036,6194,5256,1303,0
2026-08-23 07:46:13.518056,6605,5332,1415,0
2026-08-23 07:46:13.518076,5783,5169,1075,0
2026-08-23 07:46:13.518096,6814,5278,990,0
2026-08-23 07:46:13.538246,6012,4512,141,0
2026-08-23 07:46:13.538266,6864,4817,0,0
2026-08-23 07:46:13.538286,5962,4797,0,0
2026-08-23 07:46:13.538306,6694,5159,644,0
2026-08-23 07:46:13.538326,6173,5144,1670,0
2026-08-23 07:46:13.538346,6424,5217,1430,0
2026-08-23 07:46:13.538366,6390,5234,1178,0
2026-08-23 07:46:13.538386,6578,5305,1212,0
2026-08-23 07:46:13.538406,6290,5237,1043,0
2026-08-23 07:46:13.538426,5924,5196,990,0
2026-08-23 07:46:13.538446,6482,5236,935,0
2026-08-23 07:46:13.538466,6479,5306,1106,0
2026-08-23 07:46:13.538486,6248,5228,1103,0
2026-08-23 07:46:13.559322,6376,4658,1347,0
2026-08-23 07:46:13.559342,6666,4911,1624,0
2026-08-23 07:46:13.559362,6150,4962,1367,0
2026-08-23 07:46:13.559382,6340,5054,1298,0
2026-08-23 07:46:13.559402,6449,5147,1083,0
2026-08-23 07:46:13.559422,6554,5210,1167,0
2026-08-23 07:46:13.559442,6297,5193,1038,0
2026-08-23 07:46:13.559462,5891,5154,1034,0
2026-08-23 07:46:13.559482,6396,5199,940,0
2026-08-23 07:46:13.559502,6374,5266,1150,0
2026-08-23 07:46:13.559522,6872,5369,1151,0
2026-08-23 07:46:13.559542,5997,5218,1046,0
2026-08-23 07:46:13.559562,6344,5258,950,0
2026-08-23 07:46:13.579973,5293,4354,321,0
2026-08-23 07:46:13.579993,7059,4858,847,0
2026-08-23 07:46:13.580014,6050,4861,836,0
2026-08-23 07:46:13.580034,6838,5130,1058,0
2026-08-23 07:46:13.580054,5505,4831,0,0
2026-08-23 07:46:13.580074,7364,5199,0,0
2026-08-23 07:46:13.580094,5862,5136,626,0
2026-08-23 07:46:13.580114,6892,5345,2827,0
2026-08-23 07:46:13.580133,6384,5331,1458,0
2026-08-23 07:46:13.580153,5685,5160,1357,0
2026-08-23 07:46:13.580173,6370,5233,1141,0
2026-08-23 07:46:13.580194,6591,5314,1384,0
2026-08-23 07:46:13.580214,6213,5143,0,0
2026-08-23 07:46:13.600520,5878,4465,469,0
2026-08-23 07:46:13.600540,6857,4869,1059,0
2026-08-23 07:46:13.600560,6489,4865,0,0
2026-08-23 07:46:13.600580,6169,4927,0,0
2026-08-23 07:46:13.600600,5258,4844,0,0
2026-08-23 07:46:13.600621,7230,5298,1042,0
2026-08-23 07:46:13.600641,5960,5102,1522,0
2026-08-23 07:46:13.600661,6174,5140,1462,0
2026-08-23 07:46:13.600680,6298,5199,1230,0
2026-08-23 07:46:13.600700,5430,4979,1258,0
2026-08-23 07:46:13.600720,7186,5293,1081,0
2026-08-23 07:46:13.600740,6473,5305,1240,0
2026-08-23 07:46:13.600760,5362,5046,1459,0
2026-08-23 07:46:13.621322,6366,4505,0,0
2026-08-23 07:46:13.621342,6443,4773,0,0
2026-08-23 07:46:13.621362,5848,4833,289,0
2026-08-23 07:46:13.621382,6925,5136,2741,0
2026-08-23 07:46:13.621403,6735,5196,1437,0
2026-08-23 07:46:13.621423,6300,5230,1359,0
2026-08-23 07:46:13.621443,6211,5186,1154,0
2026-08-23 07:46:13.621463,6867,5386,1214,0
2026-08-23 07:46:13.621482,6415,5322,1051,0
2026-08-23 07:46:13.621502,5527,5141,1048,0
2026-08-23 07:46:13.621522,6439,5244,934,0
2026-08-23 07:46:13.621542,6516,5296,1105,0
2026-08-23 07:46:13.621562,6606,5289,1132,0
2026-08-23 07:46:13.642180,6798,4695,59,0
2026-08-23 07:46:13.642200,6114,4789,473,0
2026-08-23 07:46:13.642220,6533,5009,130,0
2026-08-23 07:46:13.642240,6564,5179,2902,0
2026-08-23 07:46:13.642260,6685,5224,1641,0
2026-08-23 07:46:13.642280,6253,5248,1597,0
2026-08-23 07:46:13.642300,6914,5337,1330,0
2026-08-23 07:46:13.642320,6607,5345,1273,0
2026-08-23 07:46:13.642340,6577,5394,1093,0
2026-08-23 07:46:13.642360,6085,5315,1160,0
2026-08-23 07:46:13.642380,6356,5270,999,0
2026-08-23 07:46:13.642400,6546,5344,1110,0
2026-08-23 07:46:13.642420,6608,5345,1649,0
2026-08-23 07:46:13.662889,6571,4691,587,0
2026-08-23 07:46:13.662910,6551,4897,890,0
2026-08-23 07:46:13.662930,6554,5022,785,0
2026-08-23 07:46:13.662950,6550,5164,878,0
2026-08-23 07:46:13.662970,6509,5088,0,0
2026-08-23 07:46:13.662990,6513,5256,0,0
2026-08-23 07:46:13.663010,6576,5341,1771,0
2026-08-23 07:46:13.663030,6596,5362,1687,0
2026-08-23 07:46:13.663049,6615,5400,1386,0
2026-08-23 07:46:13.663069,6573,5371,1298,0
2026-08-23 07:46:13.663090,6563,5374,1085,0
2026-08-23 07:46:13.663110,6571,5386,1312,0
2026-08-23 07:46:13.663130,6607,5448,1983,0
2026-08-23 07:46:13.683493,6593,4779,1136,0
2026-08-23 07:46:13.683513,6575,4970,1470,0
2026-08-23 07:46:13.683533,6532,5000,266,0
2026-08-23 07:46:13.683553,6516,5148,322,0
2026-08-23 07:46:13.683573,6515,5167,0,0
2026-08-23 07:46:13.683593,6518,5251,0,0
2026-08-23 07:46:13.683613,6542,5359,1833,0
2026-08-23 07:46:13.683633,6593,5372,1717,0
2026-08-23 07:46:13.683653,6604,5375,1371,0
2026-08-23 07:46:13.683673,6572,5388,1367,0
2026-08-23 07:46:13.683693,6577,5392,1154,0
2026-08-23 07:46:13.683713,6571,5393,1290,0
2026-08-23 07:46:13.683733,6594,5408,1515,0
2026-08-23 07:46:13.704519,6482,4725,166,0
2026-08-23 07:46:13.704539,6543,4927,704,0
2026-08-23 07:46:13.704559,7257,5206,337,0
2026-08-23 07:46:13.704579,5871,5026,421,0
2026-08-23 07:46:13.704599,6511,5254,2012,0
2026-08-23 07:46:13.704619,6595,5329,2002,0
2026-08-23 07:46:13.704639,7969,5609,1506,0
2026-08-23 07:46:13.704659,5717,5305,1471,0
2026-08-23 07:46:13.704679,6509,5361,1212,0
2026-08-23 07:46:13.704699,6550,5365,1171,0
2026-08-23 07:46:13.704719,8275,5799,984,0
2026-08-23 07:46:13.704739,5569,5371,1195,0
2026-08-23 07:46:13.704759,6624,5426,1289,0
2026-08-23 07:46:13.725058,5804,4563,1173,0
2026-08-23 07:46:13.725078,6678,4917,1468,0
2026-08-23 07:46:13.725098,5454,4736,291,0
2026-08-23 07:46:13.725118,7202,5090,314,0
2026-08-23 07:46:13.725138,5494,4891,0,0
2026-08-23 07:46:13.725158,6856,5181,0,0
2026-08-23 07:46:13.725178,5940,5197,1737,0
2026-08-23 07:46:13.725198,6374,5242,1594,0
2026-08-23 07:46:13.725218,6163,5202,1267,0
2026-08-23 07:46:13.725238,6570,5293,1272,0
2026-08-23 07:46:13.725258,6184,5230,1090,0
2026-08-23 07:46:13.725278,6326,5256,1152,0
2026-08-23 07:46:13.725298,6154,5220,1270,0
2026-08-23 07:46:13.745748,5526,4304,0,0
2026-08-23 07:46:13.745768,6819,4738,0,0
2026-08-23 07:46:13.745788,5903,4746,0,0
2026-08-23 07:46:13.745808,6720,5101,2642,0
2026-08-23 07:46:13.745828,6020,5017,1417,0
2026-08-23 07:46:13.745848,6237,5080,1324,0
2026-08-23 07:46:13.745868,6149,5130,1089,0
2026-08-23 07:46:13.745888,6575,5199,1175,0
2026-08-23 07:46:13.745908,5956,5105,1046,0
2026-08-23 07:46:13.745928,5882,5096,1042,0
2026-08-23 07:46:13.745948,6702,5219,985,0
2026-08-23 07:46:13.745968,6131,5184,1138,0
2026-08-23 07:46:13.745988,6203,5150,1111,0
2026-08-23 07:46:13.766790,6263,4622,1126,0
2026-08-23 07:46:13.766810,6736,4859,1201,0
2026-08-23 07:46:13.766830,5998,4876,1007,0
2026-08-23 07:46:13.766850,6040,4926,1049,0
2026-08-23 07:46:13.766870,6266,5021,998,0
2026-08-23 07:46:13.766890,6220,5075,1208,0
2026-08-23 07:46:13.766910,6570,5233,1282,0
2026-08-23 07:46:13.766930,6514,5268,1107,0
2026-08-23 07:46:13.766950,5972,5158,1217,0
2026-08-23 07:46:13.766970,6175,5209,1299,0
2026-08-23 07:46:13.766990,6748,5308,1472,0
2026-08-23 07:46:13.767010,5856,5158,846,0
2026-08-23 07:46:13.767030,6205,5152,1153,0
2026-08-23 07:46:13.787890,5974,4485,1451,0
2026-08-23 07:46:13.787910,6609,4779,1575,0
2026-08-23 07:46:13.787930,6219,4870,1335,0
2026-08-23 07:46:13.787951,6596,5031,1333,0
2026-08-23 07:46:13.787971,6039,5003,1137,0
2026-08-23 07:46:13.787991,6547,5171,1089,0
2026-08-23 07:46:13.788011,5872,5065,960,0
2026-08-23 07:46:13.788031,6585,5241,1114,0
2026-08-23 07:46:13.788050,6452,5253,1093,0
2026-08-23 07:46:13.788070,6204,5251,1064,0
2026-08-23 07:46:13.788090,6209,5249,1074,0
2026-08-23 07:46:13.788110,6318,5257,1183,0
2026-08-23 07:46:13.788131,6117,5156,1035,0
2026-08-23 07:46:13.808543,6127,4486,636,0
2026-08-23 07:46:13.808563,6627,4794,873,0
2026-08-23 07:46:13.808583,5573,4681,0,0
2026-08-23 07:46:13.808603,6929,5023,0,0
2026-08-23 07:46:13.808623,6119,5067,1646,0
2026-08-23 07:46:13.808643,6861,5275,2089,0
2026-08-23 07:46:13.808663,6065,5186,1431,0
2026-08-23 07:46:13.808683,6387,5241,1366,0
2026-08-23 07:46:13.808703,6166,5210,1136,0
2026-08-23 07:46:13.808723,6747,5289,1193,0
2026-08-23 07:46:13.808743,6033,5193,1041,0
2026-08-23 07:46:13.808763,6366,5265,1121,0
2026-08-23 07:46:13.808783,5922,5149,1259,0
2026-08-23 07:46:13.828805,5574,4340,0,0
2026-08-23 07:46:13.828825,7034,4832,68,0
2026-08-23 07:46:13.828845,5870,4796,0,0
2026-08-23 07:46:13.828865,6771,5037,0,0
2026-08-23 07:46:13.828885,5860,5071,1760,0
2026-08-23 07:46:13.828905,6525,5213,1634,0
2026-08-23 07:46:13.828925,6195,5186,1346,0
2026-08-23 07:46:13.828945,6695,5307,1332,0
2026-08-23 07:46:13.828965,6088,5226,1120,0
2026-08-23 07:46:13.828985,6487,5256,1098,0
2026-08-23 07:46:13.829005,5934,5182,940,0
2026-08-23 07:46:13.829025,6761,5293,1151,0
2026-08-23 07:46:13.829045,6394,5290,1326,0
2026-08-23 07:46:13.848169,5684,4511,1073,0
2026-08-23 07:46:13.848189,6869,4883,1248,0
2026-08-23 07:46:13.848209,6339,4982,1117,0
2026-08-23 07:46:13.848229,5814,4942,1092,0
2026-08-23 07:46:13.848249,6483,5054,949,0
2026-08-23 07:46:13.848269,6148,5097,1089,0
2026-08-23 07:46:13.848289,6470,5176,1036,0
2026-08-23 07:46:13.848309,6005,5158,998,0
2026-08-23 07:46:13.848329,6781,5275,1003,0
2026-08-23 07:46:13.848349,5649,5129,1213,0
2026-08-23 07:46:13.848369,6961,5287,1132,0
2026-08-23 07:46:13.848389,5922,5173,992,0
2026-08-23 07:46:13.869036,5130,4382,1248,0
2026-08-23 07:46:13.869056,7082,4887,1260,0
2026-08-23 07:46:13.869076,6089,4863,1067,0
2026-08-23 07:46:13.869096,5921,4901,1195,0
2026-08-23 07:46:13.869116,6787,5171,1301,0
2026-08-23 07:46:13.869136,6294,5164,1489,0
2026-08-23 07:46:13.869156,6046,5088,603,0
2026-08-23 07:46:13.869176,7038,5334,693,0
2026-08-23 07:46:13.869196,5555,5065,434,0
2026-08-23 07:46:13.869216,7005,5323,543,0
2026-08-23 07:46:13.869236,6052,5295,905,0
2026-08-23 07:46:13.869256,6183,5134,0,0
2026-08-23 07:46:13.869276,6196,5195,693,0
2026-08-23 07:46:13.890094,6199,4557,1004,0
2026-08-23 07:46:13.890114,5387,4566,947,0
2026-08-23 07:46:13.890134,7391,5044,1142,0
2026-08-23 07:46:13.890154,6536,5104,1158,0
2026-08-23 07:46:13.890174,5743,4982,1052,0
2026-08-23 07:46:13.890194,6885,5253,1134,0
2026-08-23 07:46:13.890214,5586,5072,1298,0
2026-08-23 07:46:13.890234,7259,5355,1447,0
2026-08-23 07:46:13.890254,6203,5225,922,0
2026-08-23 07:46:13.890274,5523,5075,1113,0
2026-08-23 07:46:13.890294,7273,5390,1115,0
2026-08-23 07:46:13.890314,6182,5276,1469,0
2026-08-23 07:46:13.890334,5738,5094,1035,0
2026-08-23 07:46:13.910971,6041,4397,0,0
2026-08-23 07:46:13.910991,6378,4800,2022,0
2026-08-23 07:46:13.911011,6520,4919,1825,0
2026-08-23 07:46:13.911031,6419,5050,1574,0
2026-08-23 07:46:13.911052,6670,5194,1527,0
2026-08-23 07:46:13.911072,6401,5200,1303,0
2026-08-23 07:46:13.911092,5681,5029,1233,0
2026-08-23 07:46:13.911112,6442,5198,1058,0
2026-08-23 07:46:13.911131,6560,5240,1144,0
2026-08-23 07:46:13.911151,6339,5261,997,0
2026-08-23 07:46:13.911171,5820,5162,986,0
2026-08-23 07:46:13.911191,6309,5171,937,0
2026-08-23 07:46:13.911211,6781,5338,1477,0
2026-08-23 07:46:13.931772,6860,4741,1163,0
2026-08-23 07:46:13.931792,5941,4773,1270,0
2026-08-23 07:46:13.931813,6672,5025,1470,0
2026-08-23 07:46:13.931833,5568,4854,393,0
2026-08-23 07:46:13.931853,6882,5152,488,0
2026-08-23 07:46:13.931873,5678,5001,170,0
2026-08-23 07:46:13.931893,6776,5203,241,0
2026-08-23 07:46:13.931913,5871,5169,1954,0
2026-08-23 07:46:13.931932,6812,5320,1803,0
2026-08-23 07:46:13.931952,6149,5230,1481,0
2026-08-23 07:46:13.931973,6706,5362,1468,0
2026-08-23 07:46:13.931993,6111,5240,1507,0
2026-08-23 07:46:13.932013,6809,5285,31,0
2026-08-23 07:46:13.952569,6724,4774,1455,0
2026-08-23 07:46:13.952589,5771,4748,1003,0
2026-08-23 07:46:13.952609,6870,5061,1185,0
2026-08-23 07:46:13.952629,5854,4965,1218,0
2026-08-23 07:46:13.952649,6599,5159,1435,0
2026-08-23 07:46:13.952669,5614,4958,290,0
2026-08-23 07:46:13.952689,7105,5259,643,0
2026-08-23 07:46:13.952709,5643,5040,143,0
2026-08-23 07:46:13.952729,6813,5291,256,0
2026-08-23 07:46:13.952749,5987,5292,1971,0
2026-08-23 07:46:13.952769,6639,5334,1849,0
2026-08-23 07:46:13.952789,5763,5044,0,0
2026-08-23 07:46:13.952809,6605,5243,891,0
2026-08-23 07:46:13.972687,7153,4815,1168,0
2026-08-23 07:46:13.972707,5814,4810,1280,0
2026-08-23 07:46:13.972727,6797,5070,1412,0
2026-08-23 07:46:13.972747,5831,4959,959,0
2026-08-23 07:46:13.972767,7007,5244,1142,0
2026-08-23 07:46:13.972787,5644,5015,1138,0
2026-08-23 07:46:13.972807,6674,5258,1346,0
2026-08-23 07:46:13.972827,5798,5031,0,0
2026-08-23 07:46:13.972847,6773,5217,0,0
2026-08-23 07:46:13.972867,5791,5032,0,0
2026-08-23 07:46:13.972887,6723,5258,0,0
2026-08-23 07:46:13.972907,5998,5140,0,0
2026-08-23 07:46:13.972927,6961,5321,472,0
2026-08-23 07:46:13.993964,6847,4902,2370,0
2026-08-23 07:46:13.993984,6387,4937,1746,0
2026-08-23 07:46:13.994004,6333,5050,1594,0
2026-08-23 07:46:13.994024,6359,5094,1311,0
2026-08-23 07:46:13.994044,6805,5270,1309,0
2026-08-23 07:46:13.994064,6484,5216,1097,0
2026-08-23 07:46:13.994084,5657,5102,1101,0
2026-08-23 07:46:13.994104,6502,5212,936,0
2026-08-23 07:46:13.994124,6279,5238,1099,0
2026-08-23 07:46:13.994144,6636,5286,1048,0
2026-08-23 07:46:13.994164,5477,5063,1033,0
2026-08-23 07:46:13.994184,6358,5172,953,0
2026-08-23 07:46:13.994204,6881,5303,1233,0
2026-08-23 07:46:14.014418,6325,4647,1207,0
2026-08-23 07:46:14.014438,6210,4760,1325,0
2026-08-23 07:46:14.014458,6499,4973,1492,0
2026-08-23 07:46:14.014478,5802,4864,794,0
2026-08-23 07:46:14.014498,6549,5079,945,0
2026-08-23 07:46:14.014518,5900,4973,807,0
2026-08-23 07:46:14.014538,6878,5254,955,0
2026-08-23 07:46:14.014558,5674,4975,0,0
2026-08-23 07:46:14.014578,7367,5352,0,0
2026-08-23 07:46:14.014598,5913,5244,1812,0
2026-08-23 07:46:14.014618,6937,5393,1717,0
2026-08-23 07:46:14.014638,6113,5273,1802,0
2026-08-23 07:46:14.014658,6403,5221,85,0
2026-08-23 07:46:14.034638,6772,4773,1133,0
2026-08-23 07:46:14.034658,5419,4591,0,0
2026-08-23 07:46:14.034678,6602,4825,0,0
2026-08-23 07:46:14.034698,6046,4844,0,0
2026-08-23 07:46:14.034718,6726,5097,0,0
2026-08-23 07:46:14.034738,5870,5141,1633,0
2026-08-23 07:46:14.034758,7126,5335,1490,0
2026-08-23 07:46:14.034778,5937,5182,1219,0
2026-08-23 07:46:14.034798,6771,5359,1254,0
2026-08-23 07:46:14.034818,6233,5255,1074,0
2026-08-23 07:46:14.034838,6121,5233,1071,0
2026-08-23 07:46:14.034858,6307,5222,984,0
2026-08-23 07:46:14.034878,6714,5351,1313,0
2026-08-23 07:46:14.055753,6307,4668,1103,0
2026-08-23 07:46:14.055773,6256,4810,943,0
2026-08-23 07:46:14.055793,6532,4989,1109,0
2026-08-23 07:46:14.055813,6268,5066,1071,0
2026-08-23 07:46:14.055833,5973,5047,1053,0
2026-08-23 07:46:14.055853,6740,5237,1049,0
2026-08-23 07:46:14.055873,6006,5171,1282,0
2026-08-23 07:46:14.055893,6899,5353,1378,0
2026-08-23 07:46:14.055913,5881,5166,1036,0
2026-08-23 07:46:14.055933,6473,5251,1137,0
2026-08-23 07:46:14.055953,6030,5229,1202,0
2026-08-23 07:46:14.055973,6605,5328,1505,0
2026-08-23 07:46:14.055993,5993,5187,1089,0
2026-08-23 07:46:14.076859,6670,4706,1671,0
2026-08-23 07:46:14.076879,6130,4753,1578,0
2026-08-23 07:46:14.076899,6859,5046,1595,0
2026-08-23 07:46:14.076919,6022,5009,1314,0
2026-08-23 07:46:14.076939,6753,5185,1321,0
2026-08-23 07:46:14.076959,6108,5099,1139,0
2026-08-23 07:46:14.076979,6228,5152,1101,0
2026-08-23 07:46:14.076999,6200,5154,948,0
2026-08-23 07:46:14.077019,6531,5264,1099,0
2026-08-23 07:46:14.077039,6363,5233,1052,0
2026-08-23 07:46:14.077059,6096,5220,972,0
2026-08-23 07:46:14.077079,5830,5130,921,0
2026-08-23 07:46:14.077099,6869,5275,1273,0
2026-08-23 07:46:14.097810,6426,4593,1143,0
2026-08-23 07:46:14.097830,6223,4772,1254,0
2026-08-23 07:46:14.097850,6828,5050,1349,0
2026-08-23 07:46:14.097870,5868,4976,1058,0
2026-08-23 07:46:14.097890,6505,5128,1181,0
2026-08-23 07:46:14.097910,6029,5066,1279,0
2026-08-23 07:46:14.097930,6579,5254,1474,0
2026-08-23 07:46:14.097950,5644,4994,411,0
2026-08-23 07:46:14.097970,6632,5226,558,0
2026-08-23 07:46:14.097990,6193,5141,250,0
2026-08-23 07:46:14.098010,6781,5317,406,0
2026-08-23 07:46:14.098030,5599,5060,0,0
2026-08-23 07:46:14.098050,6459,5203,1041,0
2026-08-23 07:46:14.118200,6860,4777,1370,0
2026-08-23 07:46:14.118220,6012,4802,1090,0
2026-08-23 07:46:14.118240,6297,4911,1223,0
2026-08-23 07:46:14.118260,6195,4983,1357,0
2026-08-23 07:46:14.118280,6432,5154,1484,0
2026-08-23 07:46:14.118300,5744,4974,383,0
2026-08-23 07:46:14.118320,6840,5176,393,0
2026-08-23 07:46:14.118340,6023,5103,0,0
2026-08-23 07:46:14.118360,6801,5244,0,0
2026-08-23 07:46:14.118380,5860,5209,1789,0
2026-08-23 07:46:14.118400,6480,5287,1625,0
2026-08-23 07:46:14.118420,6332,5290,1278,0
2026-08-23 07:46:14.118440,6669,5215,0,0
2026-08-23 07:46:14.138703,6553,4631,0,0
2026-08-23 07:46:14.138723,6028,4735,0,0
2026-08-23 07:46:14.138743,6640,5019,237,0
2026-08-23 07:46:14.138763,6021,5066,1495,0
2026-08-23 07:46:14.138783,6932,5239,1291,0
2026-08-23 07:46:14.138803,5970,5157,1127,0
2026-08-23 07:46:14.138823,6801,5288,1173,0
2026-08-23 07:46:14.138843,6172,5236,1041,0
2026-08-23 07:46:14.138863,5908,5176,1008,0
2026-08-23 07:46:14.138883,6360,5207,967,0
2026-08-23 07:46:14.138903,6312,5224,1163,0
2026-08-23 07:46:14.138923,6439,5273,1096,0
2026-08-23 07:46:14.138943,6075,5171,1046,0
2026-08-23 07:46:14.159809,6625,4692,1158,0
2026-08-23 07:46:14.159829,6253,4789,1043,0
2026-08-23 07:46:14.159849,5749,4803,1043,0
2026-08-23 07:46:14.159869,6369,4962,923,0
2026-08-23 07:46:14.159889,6233,5017,1060,0
2026-08-23 07:46:14.159909,6874,5241,1135,0
2026-08-23 07:46:14.159930,5855,5079,1053,0
2026-08-23 07:46:14.159950,6570,5218,1117,0
2026-08-23 07:46:14.159969,5899,5168,1288,0
2026-08-23 07:46:14.159989,6766,5297,1429,0
2026-08-23 07:46:14.160009,5995,5175,955,0
2026-08-23 07:46:14.160029,6706,5324,1196,0
2026-08-23 07:46:14.160049,5833,5168,1152,0
2026-08-23 07:46:14.180767,6739,4584,0,0
2026-08-23 07:46:14.180787,5453,4545,353,0
2026-08-23 07:46:14.180807,7287,4991,394,0
2026-08-23 07:46:14.180827,6710,5217,2030,0
2026-08-23 07:46:14.180847,6247,5197,1863,0
2026-08-23 07:46:14.180867,6662,5274,1549,0
2026-08-23 07:46:14.180887,6161,5209,1482,0
2026-08-23 07:46:14.180907,6437,5273,1223,0
2026-08-23 07:46:14.180927,5287,4992,1202,0
2026-08-23 07:46:14.180947,6333,5155,998,0
2026-08-23 07:46:14.180967,6405,5191,1120,0
2026-08-23 07:46:14.180987,6856,5315,1033,0
2026-08-23 07:46:14.181007,6042,5210,1247,0
2026-08-23 07:46:14.201850,7296,4814,1387,0
2026-08-23 07:46:14.201870,6617,4907,476,0
2026-08-23 07:46:14.201890,6245,4955,499,0
2026-08-23 07:46:14.201910,6207,5021,157,0
2026-08-23 07:46:14.201930,7077,5254,260,0
2026-08-23 07:46:14.201950,6124,5288,1918,0
2026-08-23 07:46:14.201970,6309,5257,1807,0
2026-08-23 07:46:14.201990,6622,5336,1477,0
2026-08-23 07:46:14.202010,6877,5421,1434,0
2026-08-23 07:46:14.202030,6254,5297,1221,0
2026-08-23 07:46:14.202050,6027,5254,1163,0
2026-08-23 07:46:14.202070,6861,5368,1141,0
2026-08-23 07:46:14.202090,6487,5337,1641,0
2026-08-23 07:46:14.222018,6443,4704,1172,0
2026-08-23 07:46:14.222038,5454,4647,1319,0
2026-08-23 07:46:14.222058,6845,5010,1471,0
2026-08-23 07:46:14.222078,5981,4917,827,0
2026-08-23 07:46:14.222098,6618,5136,980,0
2026-08-23 07:46:14.222118,5438,4915,871,0
2026-08-23 07:46:14.222138,7185,5283,1069,0
2026-08-23 07:46:14.222158,6158,5066,0,0
2026-08-23 07:46:14.222178,6038,5094,0,0
2026-08-23 07:46:14.222198,6081,5130,0,0
2026-08-23 07:46:14.222218,6889,5484,2036,0
2026-08-23 07:46:14.222238,6317,5307,1842,0
2026-08-23 07:46:14.222258,6596,5219,0,0
2026-08-23 07:46:14.242762,6923,4770,0,0
2026-08-23 07:46:14.242782,5658,4707,0,0
2026-08-23 07:46:14.242802,6897,5084,2609,0
2026-08-23 07:46:14.242822,6010,5041,1614,0
2026-08-23 07:46:14.242842,6879,5226,1511,0
2026-08-23 07:46:14.242862,6057,5147,1250,0
2026-08-23 07:46:14.242882,6118,5159,1191,0
2026-08-23 07:46:14.242902,6387,5191,984,0
2026-08-23 07:46:14.242922,6563,5295,1126,0
2026-08-23 07:46:14.242942,6345,5251,1056,0
2026-08-23 07:46:14.242962,5607,5144,1050,0
2026-08-23 07:46:14.242982,6384,5227,980,0
2026-08-23 07:46:14.243002,6765,5288,1137,0
2026-08-23 07:46:14.263821,6760,4756,1321,0
2026-08-23 07:46:14.263841,5913,4783,1223,0
2026-08-23 07:46:14.263861,6827,5021,1196,0
2026-08-23 07:46:14.263881,6046,5019,1046,0
2026-08-23 07:46:14.263901,6256,5060,1043,0
2026-08-23 07:46:14.263921,6244,5147,968,0
2026-08-23 07:46:14.263941,6439,5221,1154,0
2026-08-23 07:46:14.263961,6622,5304,1199,0
2026-08-23 07:46:14.263981,6169,5235,1096,0
2026-08-23 07:46:14.264001,6462,5285,1178,0
2026-08-23 07:46:14.264021,6096,5213,1328,0
2026-08-23 07:46:14.264041,6849,5351,1434,0
2026-08-23 07:46:14.264061,6097,5221,1082,0
2026-08-23 07:46:14.284953,6911,4771,907,0
2026-08-23 07:46:14.284973,5806,4750,1877,0
2026-08-23 07:46:14.284993,6687,5019,1752,0
2026-08-23 07:46:14.285013,6270,5015,1400,0
2026-08-23 07:46:14.285033,6629,5184,1371,0
2026-08-23 07:46:14.285053,6075,5143,1155,0
2026-08-23 07:46:14.285074,6586,5214,1118,0
2026-08-23 07:46:14.285094,5929,5158,963,0
2026-08-23 07:46:14.285113,6602,5281,1124,0
2026-08-23 07:46:14.285133,6430,5286,1108,0
2026-08-23 07:46:14.285153,6204,5245,1063,0
2026-08-23 07:46:14.285173,6121,5204,965,0
2026-08-23 07:46:14.285193,6626,5264,1130,0
2026-08-23 07:46:14.305816,6458,4581,580,0
2026-08-23 07:46:14.305836,6034,4712,816,0
2026-08-23 07:46:14.305856,6666,4978,830,0
2026-08-23 07:46:14.305876,5670,4802,0,0
2026-08-23 07:46:14.305897,7074,5333,2004,0
2026-08-23 07:46:14.305917,6048,5099,1672,0
2026-08-23 07:46:14.305937,6822,5315,1602,0
2026-08-23 07:46:14.305957,6065,5177,1301,0
2026-08-23 07:46:14.305976,6409,5261,1246,0
2026-08-23 07:46:14.305996,6233,5252,990,0
2026-08-23 07:46:14.306016,6544,5320,1136,0
2026-08-23 07:46:14.306036,6098,5207,1077,0
2026-08-23 07:46:14.306056,6776,5365,1308,0
2026-08-23 07:46:14.326236,6502,4701,1479,0
2026-08-23 07:46:14.326256,5719,4664,988,0
2026-08-23 07:46:14.326276,6901,4988,1003,0
2026-08-23 07:46:14.326296,5868,4963,931,0
2026-08-23 07:46:14.326316,6860,5187,1172,0
2026-08-23 07:46:14.326336,5449,4892,0,0
2026-08-23 07:46:14.326356,6786,5165,0,0
2026-08-23 07:46:14.326376,6040,5081,0,0
2026-08-23 07:46:14.326396,6603,5209,0,0
2026-08-23 07:46:14.326416,6011,5216,1638,0
2026-08-23 07:46:14.326436,7213,5465,1510,0
2026-08-23 07:46:14.326456,5818,5266,1644,0
2026-08-23 07:46:14.326476,6857,5326,1130,0
2026-08-23 07:46:14.346994,7613,4924,0,0
2026-08-23 07:46:14.347014,5752,4806,0,0
2026-08-23 07:46:14.347034,6943,5140,365,0
2026-08-23 07:46:14.347054,6021,5172,1985,0
2026-08-23 07:46:14.347075,6731,5259,1830,0
2026-08-23 07:46:14.347095,6253,5225,1510,0
2026-08-23 07:46:14.347115,6737,5346,1436,0
2026-08-23 07:46:14.347135,6306,5292,1194,0
2026-08-23 07:46:14.347154,6410,5308,1152,0
2026-08-23 07:46:14.347174,6253,5288,980,0
2026-08-23 07:46:14.347194,6817,5396,1135,0
2026-08-23 07:46:14.347214,6301,5275,1035,0
2026-08-23 07:46:14.347234,5861,5168,1239,0
2026-08-23 07:46:14.367960,7135,4819,1724,0
2026-08-23 07:46:14.367980,6105,4835,1469,0
2026-08-23 07:46:14.368001,6079,4908,1439,0
2026-08-23 07:46:14.368021,6963,5152,1173,0
2026-08-23 07:46:14.368041,6187,5128,1205,0
2026-08-23 07:46:14.368061,6570,5252,1057,0
2026-08-23 07:46:14.368081,5908,5147,1052,0
2026-08-23 07:46:14.368101,6614,5260,954,0
2026-08-23 07:46:14.368120,6595,5313,1127,0
2026-08-23 07:46:14.368140,6744,5365,1210,0
2026-08-23 07:46:14.368160,6336,5343,1087,0
2026-08-23 07:46:14.368181,6088,5277,1117,0
2026-08-23 07:46:14.368201,6059,5201,1174,0
2026-08-23 07:46:14.388612,6163,4459,0,0
2026-08-23 07:46:14.388632,6355,4698,0,0
2026-08-23 07:46:14.388652,7001,4975,0,0
2026-08-23 07:46:14.388672,5761,4979,1836,0
2026-08-23 07:46:14.388692,7555,5370,1684,0
2026-08-23 07:46:14.388712,5771,5153,1377,0
2026-08-23 07:46:14.388732,6987,5353,1349,0
2026-08-23 07:46:14.388752,6116,5238,1132,0
2026-08-23 07:46:14.388772,5714,5143,1099,0
2026-08-23 07:46:14.388792,6502,5262,953,0
2026-08-23 07:46:14.388812,6569,5326,1117,0
2026-08-23 07:46:14.388832,6325,5259,1001,0
2026-08-23 07:46:14.388852,6375,5292,1139,0
2026-08-23 07:46:14.409790,6705,4754,1520,0
2026-08-23 07:46:14.409810,6014,4797,1479,0
2026-08-23 07:46:14.409830,6632,4994,1484,0
2026-08-23 07:46:14.409850,6362,5073,1212,0
2026-08-23 07:46:14.409870,6447,5172,1252,0
2026-08-23 07:46:14.409890,6547,5212,1088,0
2026-08-23 07:46:14.409910,6559,5283,1069,0
2026-08-23 07:46:14.409930,6557,5328,933,0
2026-08-23 07:46:14.409950,6567,5327,1114,0
2026-08-23 07:46:14.409970,6565,5384,1106,0
2026-08-23 07:46:14.409990,6551,5383,1051,0
2026-08-23 07:46:14.410010,6553,5350,999,0
2026-08-23 07:46:14.410030,6563,5353,1121,0
2026-08-23 07:46:14.430644,6557,4710,537,0
2026-08-23 07:46:14.430664,6537,4859,648,0
2026-08-23 07:46:14.430684,6556,5019,929,0
2026-08-23 07:46:14.430704,6507,5042,0,0
2026-08-23 07:46:14.430724,6629,5277,1067,0
2026-08-23 07:46:14.430744,6566,5339,1719,0
2026-08-23 07:46:14.430764,6596,5323,1390,0
2026-08-23 07:46:14.430784,6591,5374,1284,0
2026-08-23 07:46:14.430804,6569,5355,1211,0
2026-08-23 07:46:14.430824,6558,5362,985,0
2026-08-23 07:46:14.430844,6553,5418,1134,0
2026-08-23 07:46:14.430864,6580,5383,1058,0
2026-08-23 07:46:14.430884,6578,5371,1288,0
2026-08-23 07:46:14.451277,6554,4721,68,0
2026-08-23 07:46:14.451297,6571,4916,62,0
2026-08-23 07:46:14.451317,6565,5071,1879,0
2026-08-23 07:46:14.451337,6588,5220,1452,0
2026-08-23 07:46:14.451357,6580,5222,1363,0
2026-08-23 07:46:14.451377,6574,5268,1103,0
2026-08-23 07:46:14.451397,6558,5343,1113,0
2026-08-23 07:46:14.451417,6555,5363,1050,0
2026-08-23 07:46:14.451437,6560,5354,1266,0
2026-08-23 07:46:14.451457,6576,5387,1309,0
2026-08-23 07:46:14.451477,6561,5367,1114,0
2026-08-23 07:46:14.451497,6563,5418,1255,0
2026-08-23 07:46:14.451517,6570,5379,1372,0
2026-08-23 07:46:14.472366,6577,4781,1127,0
2026-08-23 07:46:14.472386,6563,4921,1275,0
2026-08-23 07:46:14.472406,6569,5034,1109,0
2026-08-23 07:46:14.472426,6568,5166,972,0
2026-08-23 07:46:14.472446,6587,5287,2135,0
2026-08-23 07:46:14.472466,6594,5331,1774,0
2026-08-23 07:46:14.472486,6565,5325,1347,0
2026-08-23 07:46:14.472506,6569,5338,1234,0
2026-08-23 07:46:14.472526,6577,5356,1145,0
2026-08-23 07:46:14.472546,6556,5380,1170,0
2026-08-23 07:46:14.472566,6565,5379,1229,0
2026-08-23 07:46:14.472586,6571,5395,1406,0
2026-08-23 07:46:14.472606,6592,5416,1393,0
2026-08-23 07:46:14.493285,6577,4747,1098,0
2026-08-23 07:46:14.493305,6452,4891,1315,0
2026-08-23 07:46:14.493325,6597,5058,1424,0
2026-08-23 07:46:14.493345,6561,5165,1099,0
2026-08-23 07:46:14.493366,6553,5231,908,0
2026-08-23 07:46:14.493386,6514,5215,107,0
2026-08-23 07:46:14.493406,6600,5304,0,0
2026-08-23 07:46:14.493426,6566,5381,1474,0
2026-08-23 07:46:14.493445,6563,5346,1277,0
2026-08-23 07:46:14.493465,6558,5393,1106,0
2026-08-23 07:46:14.493485,6340,5355,1330,0
2026-08-23 07:46:14.493505,6549,5392,1298,0
2026-08-23 07:46:14.493526,6569,5321,1201,0
2026-08-23 07:46:14.513749,5983,4619,1449,0
2026-08-23 07:46:14.513769,6542,4902,1584,0
2026-08-23 07:46:14.513789,6506,4925,0,0
2026-08-23 07:46:14.513809,6572,5180,3026,0
2026-08-23 07:46:14.513829,6185,5105,1704,0
2026-08-23 07:46:14.513849,6485,5190,1356,0
2026-08-23 07:46:14.513870,6562,5277,1209,0
2026-08-23 07:46:14.513890,6209,5214,1233,0
2026-08-23 07:46:14.513909,6558,5287,1342,0
2026-08-23 07:46:14.513929,5897,5174,1267,0
2026-08-23 07:46:14.513949,6508,5230,873,0
2026-08-23 07:46:14.513969,5816,5076,0,0
2026-08-23 07:46:14.513989,6465,5155,0,0
2026-08-23 07:46:14.534554,6369,4677,1334,0
2026-08-23 07:46:14.534574,6187,4814,1388,0
2026-08-23 07:46:14.534594,6174,4858,1202,0
2026-08-23 07:46:14.534614,6328,5003,969,0
2026-08-23 07:46:14.534634,5959,4909,0,0
2026-08-23 07:46:14.534654,6588,5226,1907,0
2026-08-23 07:46:14.534674,6203,5174,1350,0
2026-08-23 07:46:14.534694,6494,5199,1253,0
2026-08-23 07:46:14.534714,6486,5256,1204,0
2026-08-23 07:46:14.534734,6193,5228,1469,0
2026-08-23 07:46:14.534754,6557,5335,1614,0
2026-08-23 07:46:14.534774,6237,5222,375,0
2026-08-23 07:46:14.534794,6629,5281,769,0
2026-08-23 07:46:14.555589,6537,4727,2237,0
2026-08-23 07:46:14.555609,6207,4800,1559,0
2026-08-23 07:46:14.555629,6444,4965,1308,0
2026-08-23 07:46:14.555650,6199,5027,1155,0
2026-08-23 07:46:14.555670,6502,5137,1454,0
2026-08-23 07:46:14.555690,6635,5264,1651,0
2026-08-23 07:46:14.555710,6324,5181,180,0
2026-08-23 07:46:14.555730,6041,5174,256,0
2026-08-23 07:46:14.555749,6057,5198,1527,0
2026-08-23 07:46:14.555769,6455,5252,1362,0
2026-08-23 07:46:14.555789,5917,5147,1271,0
2026-08-23 07:46:14.555809,6516,5218,1276,0
2026-08-23 07:46:14.555830,6305,5236,1221,0
2026-08-23 07:46:14.576290,6329,4638,1583,0
2026-08-23 07:46:14.576310,6462,4750,0,0
2026-08-23 07:46:14.576330,6079,4913,2114,0
2026-08-23 07:46:14.576350,6311,4977,1404,0
2026-08-23 07:46:14.576370,6681,5174,1378,0
2026-08-23 07:46:14.576390,6030,5104,1313,0
2026-08-23 07:46:14.576410,6297,5136,1415,0
2026-08-23 07:46:14.576430,6422,5199,1193,0
2026-08-23 07:46:14.576450,5860,5038,131,0
2026-08-23 07:46:14.576470,6615,5307,2681,0
2026-08-23 07:46:14.576490,6304,5235,1379,0
2026-08-23 07:46:14.576510,6394,5279,1339,0
2026-08-23 07:46:14.576530,6410,5242,1189,0
2026-08-23 07:46:14.596954,6351,4650,1658,0
2026-08-23 07:46:14.596974,6306,4718,284,0
2026-08-23 07:46:14.596994,6240,4830,0,0
2026-08-23 07:46:14.597014,6107,5016,1565,0
2026-08-23 07:46:14.597034,6745,5196,1386,0
2026-08-23 07:46:14.597054,5910,5094,1269,0
2026-08-23 07:46:14.597074,6170,5131,1311,0
2026-08-23 07:46:14.597094,6472,5179,1321,0
2026-08-23 07:46:14.597114,5894,5093,677,0
2026-08-23 07:46:14.597134,6551,5183,0,0
2026-08-23 07:46:14.597154,6256,5237,1467,0
2026-08-23 07:46:14.597174,6668,5328,1394,0
2026-08-23 07:46:14.597194,5903,5168,1241,0
2026-08-23 07:46:14.617895,6272,4634,1629,0
2026-08-23 07:46:14.617915,6267,4707,705,0
2026-08-23 07:46:14.617935,6581,4904,0,0
2026-08-23 07:46:14.617955,5964,4985,1739,0
2026-08-23 07:46:14.617975,6752,5183,1463,0
2026-08-23 07:46:14.617995,5950,5090,1237,0
2026-08-23 07:46:14.618015,6344,5164,1290,0
2026-08-23 07:46:14.618035,6523,5231,1364,0
2026-08-23 07:46:14.618055,5960,5125,1152,0
2026-08-23 07:46:14.618075,6530,5196,310,0
2026-08-23 07:46:14.618095,6225,5280,1724,0
2026-08-23 07:46:14.618115,6695,5344,1590,0
2026-08-23 07:46:14.618135,6025,5223,1369,0
2026-08-23 07:46:14.638888,6014,4540,1230,0
2026-08-23 07:46:14.638908,6121,4697,1253,0
2026-08-23 07:46:14.638928,6461,4919,1342,0
2026-08-23 07:46:14.638948,6250,4949,1338,0
2026-08-23 07:46:14.638968,6553,5065,957,0
2026-08-23 07:46:14.638988,6275,5201,1983,0
2026-08-23 07:46:14.639008,6063,5128,1577,0
2026-08-23 07:46:14.639028,6434,5205,1165,0
2026-08-23 07:46:14.639048,6468,5221,1332,0
2026-08-23 07:46:14.639068,6206,5242,1437,0
2026-08-23 07:46:14.639088,6124,5174,1129,0
2026-08-23 07:46:14.639108,6740,5331,1226,0
2026-08-23 07:46:14.639128,6418,5262,1473,0
2026-08-23 07:46:14.659571,6318,4622,996,0
2026-08-23 07:46:14.659591,6484,4834,1000,0
2026-08-23 07:46:14.659611,6097,4792,0,0
2026-08-23 07:46:14.659631,6786,5146,1923,0
2026-08-23 07:46:14.659652,6234,5143,1339,0
2026-08-23 07:46:14.659672,6089,5080,1273,0
2026-08-23 07:46:14.659692,6632,5256,1176,0
2026-08-23 07:46:14.659712,6365,5233,1500,0
2026-08-23 07:46:14.659731,6503,5320,1614,0
2026-08-23 07:46:14.659751,6155,5129,0,0
2026-08-23 07:46:14.659771,6758,5379,2107,0
2026-08-23 07:46:14.659791,6118,5297,1720,0
2026-08-23 07:46:14.659811,6634,5207,0,0
2026-08-23 07:46:14.680262,6286,4695,1294,0
2026-08-23 07:46:14.680282,6365,4815,1357,0
2026-08-23 07:46:14.680302,6275,4958,1217,0
2026-08-23 07:46:14.680322,6583,5051,390,0
2026-08-23 07:46:14.680342,6309,5159,1718,0
2026-08-23 07:46:14.680362,5923,5100,1415,0
2026-08-23 07:46:14.680382,6683,5236,1251,0
2026-08-23 07:46:14.680403,6507,5263,1431,0
2026-08-23 07:46:14.680422,6325,5291,1565,0
2026-08-23 07:46:14.680442,6344,5212,570,0
2026-08-23 07:46:14.680462,6431,5204,0,0
2026-08-23 07:46:14.680482,6185,5297,1958,0
2026-08-23 07:46:14.680502,6755,5349,3094,0
2026-08-23 07:46:14.699233,6698,4735,1297,0
2026-08-23 07:46:14.699253,6184,4828,1233,0
2026-08-23 07:46:14.699273,6632,4994,1512,0
2026-08-23 07:46:14.699293,6293,5053,1614,0
2026-08-23 07:46:14.699313,6509,5004,0,0
2026-08-23 07:46:14.699333,6087,5141,1885,0
2026-08-23 07:46:14.699353,6305,5184,1291,0
2026-08-23 07:46:14.699373,6668,5279,1362,0
2026-08-23 07:46:14.699393,6285,5227,1451,0
2026-08-23 07:46:14.699413,6641,5285,1159,0
2026-08-23 07:46:14.699433,6206,5227,1133,0
2026-08-23 07:46:14.699453,6346,5225,1254,0
2026-08-23 07:46:14.716325,6520,4728,1207,0
2026-08-23 07:46:14.716345,6565,5012,961,0
2026-08-23 07:46:14.716365,6374,4989,1694,0
2026-08-23 07:46:14.716385,6340,5080,1345,0
2026-08-23 07:46:14.716405,6627,5228,1410,0
2026-08-23 07:46:14.716425,6150,5169,1613,0
2026-08-23 07:46:14.716445,6359,5158,764,0
2026-08-23 07:46:14.716465,6291,5137,0,0
2026-08-23 07:46:14.716485,6027,5189,1680,0
2026-08-23 07:46:14.716505,6753,5303,1477,0
2026-08-23 07:46:14.716525,6519,5285,1311,0
2026-08-23 07:46:14.733498,6368,4778,660,0
2026-08-23 07:46:14.733518,6307,4837,0,0
2026-08-23 07:46:14.733538,5973,4960,1723,0
2026-08-23 07:46:14.733558,6788,5179,1437,0
2026-08-23 07:46:14.733578,6388,5168,1285,0
2026-08-23 07:46:14.733598,6227,5159,1327,0
2026-08-23 07:46:14.733618,6557,5280,1328,0
2026-08-23 07:46:14.733638,6229,5197,413,0
2026-08-23 07:46:14.733658,6609,5459,1711,0
2026-08-23 07:46:14.733678,6415,5305,1464,0
2026-08-23 07:46:14.733698,6094,5198,1569,0
2026-08-23 07:46:14.751850,6493,4800,1376,0
2026-08-23 07:46:14.751870,6235,4859,1173,0
2026-08-23 07:46:14.751890,6536,4980,351,0
2026-08-23 07:46:14.751910,6351,5166,1698,0
2026-08-23 07:46:14.751930,5999,5080,1377,0
2026-08-23 07:46:14.751950,6570,5240,1167,0
2026-08-23 07:46:14.751970,6622,5298,1411,0
2026-08-23 07:46:14.751990,6448,5326,1632,0
2026-08-23 07:46:14.752010,6298,5234,280,0
2026-08-23 07:46:14.752030,6231,5219,0,0
2026-08-23 07:46:14.752050,5961,5215,1901,0
2026-08-23 07:46:14.752070,6568,5232,1408,0
2026-08-23 07:46:14.770190,6181,4748,1453,0
2026-08-23 07:46:14.770211,6316,4871,1210,0
2026-08-23 07:46:14.770231,6755,5035,843,0
2026-08-23 07:46:14.770251,5829,4877,0,0
2026-08-23 07:46:14.770271,6816,5230,1763,0
2026-08-23 07:46:14.770291,6305,5224,1265,0
2026-08-23 07:46:14.770311,6328,5209,1271,0
2026-08-23 07:46:14.770330,6311,5232,1300,0
2026-08-23 07:46:14.770350,6400,5298,1479,0
2026-08-23 07:46:14.770370,6729,5355,1319,0
2026-08-23 07:46:14.770391,6306,5209,0,0
2026-08-23 07:46:14.770411,6596,5235,0,0
2026-08-23 07:46:14.789174,5962,4735,1366,0
2026-08-23 07:46:14.789194,6802,4993,1359,0
2026-08-23 07:46:14.789214,6053,4988,1278,0
2026-08-23 07:46:14.789234,6150,5021,1282,0
2026-08-23 07:46:14.789254,6948,5273,1261,0
2026-08-23 07:46:14.789274,5977,5098,440,0
2026-08-23 07:46:14.789294,6682,5224,0,0
2026-08-23 07:46:14.789314,6248,5282,1449,0
2026-08-23 07:46:14.789334,6261,5226,1301,0
2026-08-23 07:46:14.789354,6502,5302,1204,0
2026-08-23 07:46:14.789374,6579,5350,1444,0
2026-08-23 07:46:14.789394,6226,5251,1440,0
2026-08-23 07:46:14.808135,6038,4671,1300,0
2026-08-23 07:46:14.808155,6716,4928,1350,0
2026-08-23 07:46:14.808175,6162,4931,1322,0
2026-08-23 07:46:14.808195,6666,5094,718,0
2026-08-23 07:46:14.808215,6211,5176,1830,0
2026-08-23 07:46:14.808235,6296,5163,1453,0
2026-08-23 07:46:14.808255,6378,5221,1190,0
2026-08-23 07:46:14.808275,6628,5283,1430,0
2026-08-23 07:46:14.808295,6367,5319,1628,0
2026-08-23 07:46:14.808315,6311,5237,597,0
2026-08-23 07:46:14.808335,6554,5257,0,0
2026-08-23 07:46:14.808355,5908,5146,0,0
2026-08-23 07:46:14.827987,6747,4701,0,0
2026-08-23 07:46:14.828007,6195,4884,1562,0
2026-08-23 07:46:14.828027,6151,4968,1344,0
2026-08-23 07:46:14.828047,6641,5080,1197,0
2026-08-23 07:46:14.828067,6557,5195,1452,0
2026-08-23 07:46:14.828087,6444,5261,1673,0
2026-08-23 07:46:14.828107,6369,5187,0,0
2026-08-23 07:46:14.828127,6579,5369,2160,0
2026-08-23 07:46:14.828147,5910,5198,1437,0
2026-08-23 07:46:14.828167,6909,5387,1358,0
2026-08-23 07:46:14.828187,6021,5227,1290,0
2026-08-23 07:46:14.828207,6124,5219,1284,0
2026-08-23 07:46:14.828227,6049,5103,1286,0
2026-08-23 07:46:14.849723,6700,4779,1421,0
2026-08-23 07:46:14.849743,6295,4868,1599,0
2026-08-23 07:46:14.849763,6387,4933,740,0
2026-08-23 07:46:14.849783,6562,5036,0,0
2026-08-23 07:46:14.849803,5831,5053,1792,0
2026-08-23 07:46:14.849823,6942,5305,1455,0
2026-08-23 07:46:14.849843,6121,5231,1260,0
2026-08-23 07:46:14.849863,6029,5186,1318,0
2026-08-23 07:46:14.849883,6975,5369,1369,0
2026-08-23 07:46:14.849903,6021,5225,851,0
2026-08-23 07:46:14.849923,6593,5242,0,0
2026-08-23 07:46:14.849943,6317,5304,1517,0
2026-08-23 07:46:14.849963,6505,5317,1637,0
2026-08-23 07:46:14.849983,5846,5192,1488,0
2026-08-23 07:46:14.870818,6416,4660,1548,0
2026-08-23 07:46:14.870838,6252,4687,0,0
2026-08-23 07:46:14.870858,6745,5021,1943,0
2026-08-23 07:46:14.870878,5847,4934,1334,0
2026-08-23 07:46:14.870898,6793,5192,1369,0
2026-08-23 07:46:14.870919,6251,5185,1359,0
2026-08-23 07:46:14.870939,6063,5154,1203,0
2026-08-23 07:46:14.870959,6946,5287,880,0
2026-08-23 07:46:14.870978,5932,5079,0,0
2026-08-23 07:46:14.870998,6732,5369,1768,0
2026-08-23 07:46:14.871018,6422,5306,1239,0
2026-08-23 07:46:14.871038,6195,5213,1273,0
2026-08-23 07:46:14.871058,6378,5209,1186,0
2026-08-23 07:46:14.891819,6356,4586,1193,0
2026-08-23 07:46:14.891840,6121,4710,1266,0
2026-08-23 07:46:14.891860,6592,4955,1312,0
2026-08-23 07:46:14.891880,6406,5056,1444,0
2026-08-23 07:46:14.891900,6542,5140,1246,0
2026-08-23 07:46:14.891920,6301,5234,2140,0
2026-08-23 07:46:14.891940,6640,5266,1645,0
2026-08-23 07:46:14.891960,6019,5157,1204,0
2026-08-23 07:46:14.891979,6782,5343,1351,0
2026-08-23 07:46:14.891999,6353,5318,1455,0
2026-08-23 07:46:14.892020,6068,5228,1099,0
2026-08-23 07:46:14.892040,7133,5398,1149,0
2026-08-23 07:46:14.892060,6116,5264,1167,0
2026-08-23 07:46:14.912621,6307,4458,0,0
2026-08-23 07:46:14.912642,6672,4897,2138,0
2026-08-23 07:46:14.912662,5922,4897,1494,0
2026-08-23 07:46:14.912682,6848,5149,1370,0
2026-08-23 07:46:14.912702,6258,5095,1277,0
2026-08-23 07:46:14.912722,5887,5045,1303,0
2026-08-23 07:46:14.912742,6940,5307,1299,0
2026-08-23 07:46:14.912762,5895,5132,493,0
2026-08-23 07:46:14.912781,6702,5239,0,0
2026-08-23 07:46:14.912802,6417,5292,1431,0
2026-08-23 07:46:14.912822,6025,5211,1301,0
2026-08-23 07:46:14.912842,6512,5248,1186,0
2026-08-23 07:46:14.912862,6779,5371,1354,0
2026-08-23 07:46:14.933412,6471,4686,474,0
2026-08-23 07:46:14.933432,6510,4778,0,0
2026-08-23 07:46:14.933452,5952,4930,1716,0
2026-08-23 07:46:14.933472,6893,5152,1424,0
2026-08-23 07:46:14.933492,6277,5172,1247,0
2026-08-23 07:46:14.933512,6116,5152,1310,0
2026-08-23 07:46:14.933532,7013,5330,1357,0
2026-08-23 07:46:14.933552,6004,5190,931,0
2026-08-23 07:46:14.933572,6666,5227,0,0
2026-08-23 07:46:14.933592,6399,5351,1588,0
2026-08-23 07:46:14.933612,6013,5236,1328,0
2026-08-23 07:46:14.933632,6373,5251,1183,0
2026-08-23 07:46:14.933652,6903,5350,1382,0
2026-08-23 07:46:14.954311,6385,4698,1005,0
2026-08-23 07:46:14.954331,6615,4853,526,0
2026-08-23 07:46:14.954351,5959,4905,0,0
2026-08-23 07:46:14.954371,6876,5218,1642,0
2026-08-23 07:46:14.954391,6397,5201,1247,0
2026-08-23 07:46:14.954411,6233,5172,1275,0
2026-08-23 07:46:14.954431,6610,5261,1348,0
2026-08-23 07:46:14.954451,6058,5224,1370,0
2026-08-23 07:46:14.954471,6742,5272,957,0
2026-08-23 07:46:14.954491,6330,5282,1929,0
2026-08-23 07:46:14.954511,6494,5341,1507,0
2026-08-23 07:46:14.954531,6372,5286,1248,0
2026-08-23 07:46:14.954551,6876,5386,1563,0
2026-08-23 07:46:14.975189,6563,4713,1291,0
2026-08-23 07:46:14.975209,6745,4978,1306,0
2026-08-23 07:46:14.975229,6040,4943,1459,0
2026-08-23 07:46:14.975249,6830,5164,1313,0
2026-08-23 07:46:14.975269,6526,5282,2200,0
2026-08-23 07:46:14.975289,6568,5258,1672,0
2026-08-23 07:46:14.975309,6678,5348,1209,0
2026-08-23 07:46:14.975329,6313,5300,1357,0
2026-08-23 07:46:14.975349,6298,5315,1478,0
2026-08-23 07:46:14.975369,6534,5325,1059,0
2026-08-23 07:46:14.975389,6013,5173,391,0
2026-08-23 07:46:14.975409,6306,5102,0,0
2026-08-23 07:46:14.975429,6795,5283,774,0
2026-08-23 07:46:14.996235,6566,4710,1333,0
2026-08-23 07:46:14.996255,7547,5132,1192,0
2026-08-23 07:46:14.996275,6112,5079,1451,0
2026-08-23 07:46:14.996295,6699,5212,1655,0
2026-08-23 07:46:14.996315,6535,5182,250,0
2026-08-23 07:46:14.996335,6634,5328,339,0
2026-08-23 07:46:14.996355,6124,5252,1502,0
2026-08-23 07:46:14.996375,6393,5269,1370,0
2026-08-23 07:46:14.996395,6555,5340,1325,0
2026-08-23 07:46:14.996415,6543,5356,1303,0
2026-08-23 07:46:14.996435,6468,5330,1206,0
2026-08-23 07:46:14.996455,5387,5061,887,0
2026-08-23 07:46:14.996475,6512,5256,1327,0
2026-08-23 07:46:15.017151,6580,4659,1450,0
2026-08-23 07:46:15.017171,7019,4934,1221,0
2026-08-23 07:46:15.017191,6323,4989,1422,0
2026-08-23 07:46:15.017211,6574,5151,1633,0
2026-08-23 07:46:15.017231,6534,5169,572,0
2026-08-23 07:46:15.017251,6499,5156,0,0
2026-08-23 07:46:15.017271,6613,5374,1607,0
2026-08-23 07:46:15.017291,6585,5377,1411,0
2026-08-23 07:46:15.017311,6572,5392,1299,0
2026-08-23 07:46:15.017331,6554,5394,1309,0
2026-08-23 07:46:15.017351,6563,5401,1255,0
2026-08-23 07:46:15.017371,6724,5373,836,0
2026-08-23 07:46:15.017391,6566,5391,1143,0
2026-08-23 07:46:15.037985,6573,4755,1505,0
2026-08-23 07:46:15.038005,6574,4923,1204,0
2026-08-23 07:46:15.038025,6577,5063,1418,0
2026-08-23 07:46:15.038045,6580,5195,1602,0
2026-08-23 07:46:15.038065,6542,5183,667,0
2026-08-23 07:46:15.038085,6494,5178,0,0
2026-08-23 07:46:15.038105,6552,5342,1635,0
2026-08-23 07:46:15.038126,6571,5370,1421,0
2026-08-23 07:46:15.038145,6577,5351,1307,0
2026-08-23 07:46:15.038165,6565,5392,1331,0
2026-08-23 07:46:15.038185,6566,5397,1290,0
2026-08-23 07:46:15.038205,6540,5341,949,0
2026-08-23 07:46:15.038225,6560,5358,1220,0
2026-08-23 07:46:15.058808,6582,4774,1512,0
2026-08-23 07:46:15.058828,6570,4926,1226,0
2026-08-23 07:46:15.058848,6575,5048,1418,0
2026-08-23 07:46:15.058868,6580,5203,1586,0
2026-08-23 07:46:15.058888,6539,5183,666,0
2026-08-23 07:46:15.058908,6489,5181,0,0
2026-08-23 07:46:15.058928,6559,5323,1681,0
2026-08-23 07:46:15.058948,6578,5351,1433,0
2026-08-23 07:46:15.058968,6562,5353,1276,0
2026-08-23 07:46:15.058988,6562,5367,1307,0
2026-08-23 07:46:15.059008,6571,5390,1304,0
2026-08-23 07:46:15.059028,6548,5411,1076,0
2026-08-23 07:46:15.059048,6590,5381,1665,0
2026-08-23 07:46:15.079742,6582,4746,1477,0
2026-08-23 07:46:15.079762,6572,4937,1208,0
2026-08-23 07:46:15.079782,6562,5094,1429,0
2026-08-23 07:46:15.079803,6573,5171,1625,0
2026-08-23 07:46:15.079823,6546,5184,677,0
2026-08-23 07:46:15.079843,6491,5144,0,0
2026-08-23 07:46:15.079863,6556,5330,1368,0
2026-08-23 07:46:15.079883,6579,5342,1351,0
2026-08-23 07:46:15.079902,6569,5401,1276,0
2026-08-23 07:46:15.079922,6555,5400,1324,0
2026-08-23 07:46:15.079942,6563,5409,1324,0
2026-08-23 07:46:15.079962,6557,5366,1178,0
2026-08-23 07:46:15.079983,6578,5389,1526,0
2026-08-23 07:46:15.100683,6585,4757,1564,0
2026-08-23 07:46:15.100703,6570,4960,1198,0
2026-08-23 07:46:15.100724,6380,5042,1401,0
2026-08-23 07:46:15.100744,6556,5185,1556,0
2026-08-23 07:46:15.100764,6546,5190,868,0
2026-08-23 07:46:15.100784,6491,5191,0,0
2026-08-23 07:46:15.100804,6571,5335,1782,0
2026-08-23 07:46:15.100824,6498,5343,1472,0
2026-08-23 07:46:15.100843,6570,5342,1294,0
2026-08-23 07:46:15.100863,6555,5381,1311,0
2026-08-23 07:46:15.100883,6570,5380,1324,0
2026-08-23 07:46:15.100904,6018,5278,914,0
2026-08-23 07:46:15.100924,6529,5332,1139,0
2026-08-23 07:46:15.121258,6580,4741,1401,0
2026-08-23 07:46:15.121278,6570,4908,1215,0
2026-08-23 07:46:15.121298,6459,5015,1496,0
2026-08-23 07:46:15.121318,6609,5211,1670,0
2026-08-23 07:46:15.121338,6558,5098,0,0
2026-08-23 07:46:15.121358,6578,5335,2107,0
2026-08-23 07:46:15.121378,6598,5339,1375,0
2026-08-23 07:46:15.121398,6392,5337,1375,0
2026-08-23 07:46:15.121418,6584,5349,1429,0
2026-08-23 07:46:15.121438,6552,5369,1185,0
2026-08-23 07:46:15.121458,6527,5359,568,0
2026-08-23 07:46:15.121478,6216,5199,0,0
2026-08-23 07:46:15.121498,6485,5256,0,0
2026-08-23 07:46:15.142265,6576,4747,1337,0
2026-08-23 07:46:15.142285,6571,4945,1320,0
2026-08-23 07:46:15.142305,5853,4863,653,0
2026-08-23 07:46:15.142325,6484,5014,59,0
2026-08-23 07:46:15.142345,6556,5169,1158,0
2026-08-23 07:46:15.142365,6559,5259,1318,0
2026-08-23 07:46:15.142385,6556,5327,1289,0
2026-08-23 07:46:15.142406,6220,5280,1522,0
2026-08-23 07:46:15.142425,6552,5345,1399,0
2026-08-23 07:46:15.142445,6604,5384,2172,0
2026-08-23 07:46:15.142465,6582,5399,1652,0
2026-08-23 07:46:15.142485,6587,5373,1302,0
2026-08-23 07:46:15.142505,6492,5373,1580,0
2026-08-23 07:46:15.163227,6573,4720,1326,0
2026-08-23 07:46:15.163247,6576,4908,1390,0
2026-08-23 07:46:15.163267,6219,4960,752,0
2026-08-23 07:46:15.163287,6455,5056,0,0
2026-08-23 07:46:15.163307,6547,5201,1447,0
2026-08-23 07:46:15.163327,6563,5250,1330,0
2026-08-23 07:46:15.163347,6551,5292,1303,0
2026-08-23 07:46:15.163367,6102,5271,1547,0
2026-08-23 07:46:15.163387,6572,5314,1383,0
2026-08-23 07:46:15.163407,6600,5387,2165,0
2026-08-23 07:46:15.163427,6583,5370,1640,0
2026-08-23 07:46:15.163447,6594,5386,1290,0
2026-08-23 07:46:15.163467,6524,5342,1570,0
2026-08-23 07:46:15.183963,6574,4722,1330,0
2026-08-23 07:46:15.183983,6571,4936,1403,0
2026-08-23 07:46:15.184003,5921,4892,826,0
2026-08-23 07:46:15.184023,6508,4961,0,0
2026-08-23 07:46:15.184043,6688,5214,1480,0
2026-08-23 07:46:15.184063,6556,5286,1325,0
2026-08-23 07:46:15.184083,6581,5308,1268,0
2026-08-23 07:46:15.184103,6149,5251,1551,0
2026-08-23 07:46:15.184123,6592,5317,1549,0
2026-08-23 07:46:15.184143,6578,5321,25,0
2026-08-23 07:46:15.184163,6570,5358,1760,0
2026-08-23 07:46:15.184183,6540,5320,1370,0
2026-08-23 07:46:15.184203,6664,5364,1548,0
2026-08-23 07:46:15.204808,6565,4725,938,0
2026-08-23 07:46:15.204828,6535,4924,579,0
2026-08-23 07:46:15.204848,6156,5002,2015,0
2026-08-23 07:46:15.204868,6596,5176,1595,0
2026-08-23 07:46:15.204888,6579,5235,1269,0
2026-08-23 07:46:15.204908,6555,5253,1321,0
2026-08-23 07:46:15.204928,6572,5305,1395,0
2026-08-23 07:46:15.204948,6354,5296,1067,0
2026-08-23 07:46:15.204968,6535,5295,0,0
2026-08-23 07:46:15.204988,6551,5403,1590,0
2026-08-23 07:46:15.205008,6560,5406,1349,0
2026-08-23 07:46:15.205028,6560,5360,1197,0
2026-08-23 07:46:15.205048,6524,5363,1387,0
2026-08-23 07:46:15.225925,6556,4733,887,0
2026-08-23 07:46:15.225945,6528,4857,411,0
2026-08-23 07:46:15.225965,5741,4938,1954,0
2026-08-23 07:46:15.225985,6512,5082,1581,0
2026-08-23 07:46:15.226005,6594,5187,1371,0
2026-08-23 07:46:15.226025,6558,5221,1326,0
2026-08-23 07:46:15.226045,6553,5310,1382,0
2026-08-23 07:46:15.226065,6114,5194,991,0
2026-08-23 07:46:15.226085,6478,5185,0,0
2026-08-23 07:46:15.226105,6557,5339,1579,0
2026-08-23 07:46:15.226125,6555,5345,1347,0
2026-08-23 07:46:15.226145,6611,5342,1193,0
2026-08-23 07:46:15.226165,6513,5370,1375,0
2026-08-23 07:46:15.246799,6577,4703,1188,0
2026-08-23 07:46:15.246819,6562,4909,1079,0
2026-08-23 07:46:15.246839,6119,4857,0,0
2026-08-23 07:46:15.246859,6523,5102,1820,0
2026-08-23 07:46:15.246879,6588,5208,1293,0
2026-08-23 07:46:15.246899,6546,5247,1322,0
2026-08-23 07:46:15.246919,6569,5296,1400,0
2026-08-23 07:46:15.246939,6377,5282,1316,0
2026-08-23 07:46:15.246959,6472,5268,420,0
2026-08-23 07:46:15.246979,6552,5402,1730,0
2026-08-23 07:46:15.246999,6566,5370,1401,0
2026-08-23 07:46:15.247019,6564,5386,1227,0
2026-08-23 07:46:15.247039,6431,5348,1412,0
2026-08-23 07:46:15.267619,6568,4738,1107,0
2026-08-23 07:46:15.267639,6543,4875,896,0
2026-08-23 07:46:15.267659,5717,4775,0,0
2026-08-23 07:46:15.267679,6470,5095,1679,0
2026-08-23 07:46:15.267699,6595,5192,1276,0
2026-08-23 07:46:15.267719,6560,5261,1317,0
2026-08-23 07:46:15.267739,6575,5285,1402,0
2026-08-23 07:46:15.267759,5950,5206,1095,0
2026-08-23 07:46:15.267779,6459,5173,0,0
2026-08-23 07:46:15.267799,6552,5325,1562,0
2026-08-23 07:46:15.267819,6560,5360,1352,0
2026-08-23 07:46:15.267839,6571,5373,1221,0
2026-08-23 07:46:15.267859,6390,5322,1387,0
2026-08-23 07:46:15.288259,6512,4620,0,0
2026-08-23 07:46:15.288279,6568,4944,1988,0
2026-08-23 07:46:15.288299,6463,5058,1325,0
2026-08-23 07:46:15.288319,6405,5093,1404,0
2026-08-23 07:46:15.288339,6569,5240,1560,0
2026-08-23 07:46:15.288359,6549,5254,913,0
2026-08-23 07:46:15.288379,6506,5220,0,0
2026-08-23 07:46:15.288399,6450,5323,1734,0
2026-08-23 07:46:15.288419,6475,5333,1467,0
2026-08-23 07:46:15.288439,6586,5382,1347,0
2026-08-23 07:46:15.288459,6557,5381,1342,0
2026-08-23 07:46:15.288479,6572,5346,1353,0
2026-08-23 07:46:15.288499,6024,5282,1340,0
2026-08-23 07:46:15.309142,6553,4688,1297,0
2026-08-23 07:46:15.309162,6547,4905,1319,0
2026-08-23 07:46:15.309182,6577,5048,1455,0
2026-08-23 07:46:15.309202,6515,5073,876,0
2026-08-23 07:46:15.309222,6413,5102,0,0
2026-08-23 07:46:15.309242,6551,5256,1459,0
2026-08-23 07:46:15.309262,6561,5331,1336,0
2026-08-23 07:46:15.309282,6569,5333,1332,0
2026-08-23 07:46:15.309302,6253,5262,1511,0
2026-08-23 07:46:15.309322,6529,5337,1137,0
2026-08-23 07:46:15.309342,6580,5371,1962,0
2026-08-23 07:46:15.309362,6590,5362,1702,0
2026-08-23 07:46:15.309382,6584,5353,1411,0
2026-08-23 07:46:15.330147,6547,4768,1571,0
2026-08-23 07:46:15.330167,6551,4901,1091,0
2026-08-23 07:46:15.330187,6547,4979,49,0
2026-08-23 07:46:15.330207,6494,5167,1851,0
2026-08-23 07:46:15.330227,6518,5236,1605,0
2026-08-23 07:46:15.330247,6575,5275,1250,0
2026-08-23 07:46:15.330267,6559,5328,1354,0
2026-08-23 07:46:15.330287,6559,5359,1326,0
2026-08-23 07:46:15.330307,5760,5150,205,0
2026-08-23 07:46:15.330327,6506,5342,1990,0
2026-08-23 07:46:15.330347,6595,5315,1355,0
2026-08-23 07:46:15.330367,6562,5326,1353,0
2026-08-23 07:46:15.330387,6575,5360,1253,0
2026-08-23 07:46:15.350700,6569,4762,1447,0
2026-08-23 07:46:15.350720,6538,4842,0,0
2026-08-23 07:46:15.350740,6577,5047,1777,0
2026-08-23 07:46:15.350760,6583,5166,1245,0
2026-08-23 07:46:15.350780,6360,5177,1379,0
2026-08-23 07:46:15.350801,6591,5294,1588,0
2026-08-23 07:46:15.350821,6544,5285,816,0
2026-08-23 07:46:15.350841,6486,5230,0,0
2026-08-23 07:46:15.350860,5831,5238,1682,0
2026-08-23 07:46:15.350880,6557,5291,1433,0
2026-08-23 07:46:15.350900,6599,5344,1331,0
2026-08-23 07:46:15.350920,6565,5327,1310,0
2026-08-23 07:46:15.350940,6569,5369,1369,0
2026-08-23 07:46:15.371727,6508,4726,1907,0
2026-08-23 07:46:15.371747,6595,4925,1353,0
2026-08-23 07:46:15.371767,6564,5016,1320,0
2026-08-23 07:46:15.371787,6567,5199,1347,0
2026-08-23 07:46:15.371807,6039,5138,1409,0
2026-08-23 07:46:15.371827,6525,5218,949,0
2026-08-23 07:46:15.371847,6568,5328,1904,0
2026-08-23 07:46:15.371867,6570,5312,1481,0
2026-08-23 07:46:15.371887,6571,5361,1206,0
2026-08-23 07:46:15.371907,6274,5321,1480,0
2026-08-23 07:46:15.371927,6559,5387,1673,0
2026-08-23 07:46:15.371947,6538,5312,670,0
2026-08-23 07:46:15.371967,6538,5353,806,0
2026-08-23 07:46:15.392675,6521,4721,2424,0
2026-08-23 07:46:15.392695,6622,4899,1492,0
2026-08-23 07:46:15.392715,6566,5054,1325,0
2026-08-23 07:46:15.392735,6563,5141,1266,0
2026-08-23 07:46:15.392756,6089,5152,1554,0
2026-08-23 07:46:15.392776,6554,5218,1526,0
2026-08-23 07:46:15.392796,6536,5251,0,0
2026-08-23 07:46:15.392816,6564,5338,1764,0
2026-08-23 07:46:15.392835,6580,5314,1238,0
2026-08-23 07:46:15.392855,6354,5339,1394,0
2026-08-23 07:46:15.392875,6569,5352,1553,0
2026-08-23 07:46:15.392895,6551,5371,1233,0
2026-08-23 07:46:15.392915,6581,5373,1389,0
2026-08-23 07:46:15.413560,6451,4646,0,0
2026-08-23 07:46:15.413580,6555,4939,1681,0
2026-08-23 07:46:15.413600,6555,5043,1377,0
2026-08-23 07:46:15.413620,6562,5167,1216,0
2026-08-23 07:46:15.413640,6165,5132,1512,0
2026-08-23 07:46:15.413660,6562,5267,1525,0
2026-08-23 07:46:15.413680,6504,5171,0,0
2026-08-23 07:46:15.413700,6569,5367,1962,0
2026-08-23 07:46:15.413720,6568,5354,1340,0
2026-08-23 07:46:15.413740,6353,5341,1371,0
2026-08-23 07:46:15.413760,6585,5378,1447,0
2026-08-23 07:46:15.413780,6569,5382,1304,0
2026-08-23 07:46:15.413800,6578,5350,1381,0
2026-08-23 07:46:15.434022,6457,4758,1626,0
2026-08-23 07:46:15.434042,6592,4896,1289,0
2026-08-23 07:46:15.434062,6564,5053,1319,0
2026-08-23 07:46:15.434082,6608,5185,1402,0
2026-08-23 07:46:15.434102,6002,5099,1214,0
2026-08-23 07:46:15.434122,6491,5142,66,0
2026-08-23 07:46:15.434142,6560,5310,1645,0
2026-08-23 07:46:15.434162,6567,5300,1371,0
2026-08-23 07:46:15.434182,6563,5343,1243,0
2026-08-23 07:46:15.434202,6092,5265,1562,0
2026-08-23 07:46:15.434222,6560,5335,1578,0
2026-08-23 07:46:15.434242,6497,5218,0,0
2026-08-23 07:46:15.434262,6495,5278,0,0
2026-08-23 07:46:15.454585,6229,4729,1568,0
2026-08-23 07:46:15.454605,6584,4949,1594,0
2026-08-23 07:46:15.454625,6554,4933,0,0
2026-08-23 07:46:15.454645,6566,5164,1762,0
2026-08-23 07:46:15.454665,6559,5203,1253,0
2026-08-23 07:46:15.454685,6331,5248,1420,0
2026-08-23 07:46:15.454705,6577,5339,1628,0
2026-08-23 07:46:15.454725,6424,5262,609,0
2026-08-23 07:46:15.454745,6513,5244,0,0
2026-08-23 07:46:15.454765,6558,5365,1574,0
2026-08-23 07:46:15.454785,6418,5337,1425,0
2026-08-23 07:46:15.454805,6565,5388,1310,0
2026-08-23 07:46:15.454825,6567,5363,1326,0
2026-08-23 07:46:15.475402,6535,4693,0,0
2026-08-23 07:46:15.475422,6570,4945,1778,0
2026-08-23 07:46:15.475442,6585,5064,1310,0
2026-08-23 07:46:15.475462,6554,5180,1347,0
2026-08-23 07:46:15.475482,6570,5231,1423,0
2026-08-23 07:46:15.475502,5910,5140,1094,0
2026-08-23 07:46:15.475523,6508,5150,0,0
2026-08-23 07:46:15.475543,6569,5336,1555,0
2026-08-23 07:46:15.475562,6562,5335,1363,0
2026-08-23 07:46:15.475582,6566,5377,1313,0
2026-08-23 07:46:15.475602,6171,5283,1559,0
2026-08-23 07:46:15.475622,6591,5341,1633,0
2026-08-23 07:46:15.475642,6541,5325,659,0
2026-08-23 07:46:15.496038,6577,4755,1254,0
2026-08-23 07:46:15.496058,6254,4837,1550,0
2026-08-23 07:46:15.496078,6603,5056,1689,0
2026-08-23 07:46:15.496098,6514,4965,0,0
2026-08-23 07:46:15.496118,6553,5213,1853,0
2026-08-23 07:46:15.496138,6577,5242,1280,0
2026-08-23 07:46:15.496158,6348,5247,1429,0
2026-08-23 07:46:15.496178,6599,5350,1609,0
2026-08-23 07:46:15.496198,6540,5286,735,0
2026-08-23 07:46:15.496218,6509,5196,0,0
2026-08-23 07:46:15.496238,6550,5397,1605,0
2026-08-23 07:46:15.496258,6504,5394,1503,0
2026-08-23 07:46:15.496278,6587,5386,1303,0
2026-08-23 07:46:15.516851,6575,4739,959,0
2026-08-23 07:46:15.516871,5682,4622,0,0
2026-08-23 07:46:15.516891,6472,4969,1787,0
2026-08-23 07:46:15.516912,6570,5103,1299,0
2026-08-23 07:46:15.516932,6558,5198,1321,0
2026-08-23 07:46:15.516952,6572,5248,1398,0
2026-08-23 07:46:15.516972,6027,5200,1231,0
2026-08-23 07:46:15.516992,6502,5180,94,0
2026-08-23 07:46:15.517011,6557,5336,1652,0
2026-08-23 07:46:15.517031,6575,5340,1382,0
2026-08-23 07:46:15.517051,6567,5354,1254,0
2026-08-23 07:46:15.517071,6346,5326,1480,0
2026-08-23 07:46:15.517092,6581,5353,1553,0
2026-08-23 07:46:15.537583,6592,4792,1790,0
2026-08-23 07:46:15.537603,6579,4899,1218,0
2026-08-23 07:46:15.537623,6377,5004,1391,0
2026-08-23 07:46:15.537643,6587,5154,1500,0
2026-08-23 07:46:15.537663,6543,5216,1067,0
2026-08-23 07:46:15.537683,6521,5190,95,0
2026-08-23 07:46:15.537704,5764,5207,1855,0
2026-08-23 07:46:15.537724,6566,5293,1518,0
2026-08-23 07:46:15.537743,6594,5287,1272,0
2026-08-23 07:46:15.537763,6573,5320,1348,0
2026-08-23 07:46:15.537783,6565,5346,1383,0
2026-08-23 07:46:15.537803,5783,5210,1168,0
2026-08-23 07:46:15.537823,6533,5296,1433,0
2026-08-23 07:46:15.558501,6585,4685,1605,0
2026-08-23 07:46:15.558521,6575,4876,1239,0
2026-08-23 07:46:15.558541,6236,4969,1415,0
2026-08-23 07:46:15.558561,6583,5132,1611,0
2026-08-23 07:46:15.558581,6541,5154,749,0
2026-08-23 07:46:15.558601,6497,5144,0,0
2026-08-23 07:46:15.558621,6560,5317,1661,0
2026-08-23 07:46:15.558641,6450,5317,1445,0
2026-08-23 07:46:15.558661,6575,5320,1320,0
2026-08-23 07:46:15.558681,6559,5372,1336,0
2026-08-23 07:46:15.558701,6561,5383,1232,0
2026-08-23 07:46:15.558721,5754,5171,435,0
2026-08-23 07:46:15.558741,6427,5241,1166,0
2026-08-23 07:46:15.579079,6571,4670,1360,0
2026-08-23 07:46:15.579099,6568,4890,1217,0
2026-08-23 07:46:15.579119,6116,4920,1553,0
2026-08-23 07:46:15.579139,6525,5068,1654,0
2026-08-23 07:46:15.579159,6495,5033,0,0
2026-08-23 07:46:15.579179,6567,5235,1863,0
2026-08-23 07:46:15.579199,6581,5261,1279,0
2026-08-23 07:46:15.579219,6328,5259,1407,0
2026-08-23 07:46:15.579239,6549,5350,1578,0
2026-08-23 07:46:15.579259,6505,5326,883,0
2026-08-23 07:46:15.579279,6497,5224,0,0
2026-08-23 07:46:15.579299,5678,5199,1994,0
2026-08-23 07:46:15.579319,6378,5094,0,0
2026-08-23 07:46:15.600070,6564,4699,1149,0
2026-08-23 07:46:15.600090,6544,4860,610,0
2026-08-23 07:46:15.600110,6260,4989,1724,0
2026-08-23 07:46:15.600130,6496,5087,1610,0
2026-08-23 07:46:15.600150,6572,5189,1269,0
2026-08-23 07:46:15.600170,6551,5239,1348,0
2026-08-23 07:46:15.600190,6572,5294,1383,0
2026-08-23 07:46:15.600210,6339,5235,742,0
2026-08-23 07:46:15.600230,6350,5244,0,0
2026-08-23 07:46:15.600250,6538,5356,1441,0
2026-08-23 07:46:15.600270,6559,5338,1332,0
2026-08-23 07:46:15.600290,6563,5355,1248,0
2026-08-23 07:46:15.600310,6373,5323,1413,0
2026-08-23 07:46:15.620692,6535,4627,67,0
2026-08-23 07:46:15.620712,6524,4823,0,0
2026-08-23 07:46:15.620732,5676,4891,1592,0
2026-08-23 07:46:15.620752,6461,5055,1413,0
2026-08-23 07:46:15.620772,6576,5171,1326,0
2026-08-23 07:46:15.620792,6548,5232,1328,0
2026-08-23 07:46:15.620812,6556,5257,1147,0
2026-08-23 07:46:15.620832,6250,5161,0,0
2026-08-23 07:46:15.620852,6507,5328,1850,0
2026-08-23 07:46:15.620872,6585,5336,1311,0
2026-08-23 07:46:15.620892,6550,5375,1304,0
2026-08-23 07:46:15.620912,6569,5353,1293,0
2026-08-23 07:46:15.620932,5996,5268,1517,0
2026-08-23 07:46:15.641672,6572,4735,1399,0
2026-08-23 07:46:15.641692,6549,4886,1279,0
2026-08-23 07:46:15.641712,6572,5062,1266,0
2026-08-23 07:46:15.641732,6532,5143,1525,0
2026-08-23 07:46:15.641752,6559,5243,1452,0
2026-08-23 07:46:15.641772,6612,5337,2265,0
2026-08-23 07:46:15.641792,6577,5343,1704,0
2026-08-23 07:46:15.641812,6587,5312,1225,0
2026-08-23 07:46:15.641832,5981,5234,1400,0
2026-08-23 07:46:15.641852,6571,5319,1583,0
2026-08-23 07:46:15.641872,6543,5319,843,0
2026-08-23 07:46:15.641892,6532,5291,491,0
2026-08-23 07:46:15.641912,6525,5313,312,0
2026-08-23 07:46:15.662657,6573,4775,1748,0
2026-08-23 07:46:15.662677,6571,4893,1521,0
2026-08-23 07:46:15.662697,6573,5062,1193,0
2026-08-23 07:46:15.662717,6600,5192,1446,0
2026-08-23 07:46:15.662737,6554,5232,1658,0
2026-08-23 07:46:15.662757,6527,5216,355,0
2026-08-23 07:46:15.662777,6529,5312,180,0
2026-08-23 07:46:15.662797,6697,5391,1547,0
2026-08-23 07:46:15.662817,6301,5314,1397,0
2026-08-23 07:46:15.662837,6565,5341,1335,0
2026-08-23 07:46:15.662857,6554,5380,1295,0
2026-08-23 07:46:15.662877,6580,5390,1374,0
2026-08-23 07:46:15.662897,6638,5355,1495,0
2026-08-23 07:46:15.683480,6579,4742,1795,0
2026-08-23 07:46:15.683500,6568,4929,1590,0
2026-08-23 07:46:15.683520,6574,5054,1143,0
2026-08-23 07:46:15.683540,6558,5180,1245,0
2026-08-23 07:46:15.683560,6534,5248,1641,0
2026-08-23 07:46:15.683580,6519,5227,437,0
2026-08-23 07:46:15.683600,6525,5253,0,0
2026-08-23 07:46:15.683620,6550,5367,1567,0
2026-08-23 07:46:15.683640,6312,5292,1372,0
2026-08-23 07:46:15.683660,6567,5380,1334,0
2026-08-23 07:46:15.683680,6558,5389,1303,0
2026-08-23 07:46:15.683700,6576,5384,1376,0
2026-08-23 07:46:15.683720,6559,5395,1403,0
2026-08-23 07:46:15.704433,6572,4763,1737,0
2026-08-23 07:46:15.704453,6563,4941,1511,0
2026-08-23 07:46:15.704473,6565,4990,1206,0
2026-08-23 07:46:15.704493,6565,5199,1469,0
2026-08-23 07:46:15.704513,6552,5237,1659,0
2026-08-23 07:46:15.704533,6525,5196,197,0
2026-08-23 07:46:15.704553,6570,5413,3054,0
2026-08-23 07:46:15.704573,6640,5333,1467,0
2026-08-23 07:46:15.704593,6547,5352,1387,0
2026-08-23 07:46:15.704613,6568,5385,1371,0
2026-08-23 07:46:15.704633,6559,5373,1303,0
2026-08-23 07:46:15.704653,6571,5402,1323,0
2026-08-23 07:46:15.704673,6562,5359,1312,0
2026-08-23 07:46:15.725328,6584,4753,1496,0
2026-08-23 07:46:15.725348,6569,4941,1440,0
2026-08-23 07:46:15.725368,6569,5019,1209,0
2026-08-23 07:46:15.725388,6565,5191,1485,0
2026-08-23 07:46:15.725408,6585,5275,1686,0
2026-08-23 07:46:15.725428,6507,5202,0,0
2026-08-23 07:46:15.725448,6571,5400,2116,0
2026-08-23 07:46:15.725468,6541,5375,1393,0
2026-08-23 07:46:15.725488,6567,5409,1379,0
2026-08-23 07:46:15.725508,6550,5382,1390,0
2026-08-23 07:46:15.725528,6573,5411,1236,0
2026-08-23 07:46:15.725548,6568,5404,1248,0
2026-08-23 07:46:15.725568,6562,5370,1216,0
2026-08-23 07:46:15.746116,6592,4750,1503,0
2026-08-23 07:46:15.746136,6554,4906,1386,0
2026-08-23 07:46:15.746156,6560,5063,1239,0
2026-08-23 07:46:15.746176,6566,5184,1553,0
2026-08-23 07:46:15.746196,6574,5237,1625,0
2026-08-23 07:46:15.746216,6517,5132,0,0
2026-08-23 07:46:15.746236,6559,5318,1846,0
2026-08-23 07:46:15.746256,6570,5365,1291,0
2026-08-23 07:46:15.746276,6556,5383,1400,0
2026-08-23 07:46:15.746296,6545,5404,1526,0
2026-08-23 07:46:15.746316,6542,5372,955,0
2026-08-23 07:46:15.746336,6543,5356,708,0
2026-08-23 07:46:15.746356,6527,5328,454,0
2026-08-23 07:46:15.766445,6585,4748,1307,0
2026-08-23 07:46:15.766465,6558,4936,1312,0
2026-08-23 07:46:15.766485,6567,5036,1278,0
2026-08-23 07:46:15.766505,6564,5197,1519,0
2026-08-23 07:46:15.766525,6578,5229,1367,0
2026-08-23 07:46:15.766545,6593,5316,2171,0
2026-08-23 07:46:15.766565,6579,5360,1638,0
2026-08-23 07:46:15.766585,6577,5361,1213,0
2026-08-23 07:46:15.766605,6563,5374,1390,0
2026-08-23 07:46:15.766625,6592,5425,1582,0
2026-08-23 07:46:15.766645,6543,5386,873,0
2026-08-23 07:46:15.766665,6538,5353,795,0
2026-08-23 07:46:15.766685,6568,5356,1517,0
2026-08-23 07:46:15.787363,6577,4863,1591,0
2026-08-23 07:46:15.787383,6564,4973,1223,0
2026-08-23 07:46:15.787403,6544,5074,855,0
2026-08-23 07:46:15.787423,6488,5012,0,0
2026-08-23 07:46:15.787443,6560,5252,1744,0
2026-08-23 07:46:15.787463,6585,5302,1288,0
2026-08-23 07:46:15.787483,6539,5300,1295,0
2026-08-23 07:46:15.787503,6550,5337,1342,0
2026-08-23 07:46:15.787523,6561,5359,1411,0
2026-08-23 07:46:15.787543,6562,5373,1059,0
2026-08-23 07:46:15.787563,6584,5439,1983,0
2026-08-23 07:46:15.787583,6585,5431,1799,0
2026-08-23 07:46:15.787603,6586,5381,1690,0
2026-08-23 07:46:15.807913,6571,4781,1311,0
2026-08-23 07:46:15.807933,6551,4910,1308,0
2026-08-23 07:46:15.807953,6560,5067,1351,0
2026-08-23 07:46:15.807973,6522,5094,784,0
2026-08-23 07:46:15.807993,6509,5150,0,0
2026-08-23 07:46:15.808013,6554,5329,1498,0
2026-08-23 07:46:15.808033,6544,5340,1316,0
2026-08-23 07:46:15.808053,6564,5344,1250,0
2026-08-23 07:46:15.808073,6559,5372,1547,0
2026-08-23 07:46:15.808093,6589,5396,1604,0
2026-08-23 07:46:15.808113,6497,5265,0,0
2026-08-23 07:46:15.808133,6570,5489,3273,0
2026-08-23 07:46:15.808153,6691,5332,50,0
2026-08-23 07:46:15.828991,6586,4819,1621,0
2026-08-23 07:46:15.829011,6543,4921,772,0
2026-08-23 07:46:15.829031,6487,4936,0,0
2026-08-23 07:46:15.829051,6549,5214,1685,0
2026-08-23 07:46:15.829071,6570,5237,1432,0
2026-08-23 07:46:15.829091,6569,5305,1295,0
2026-08-23 07:46:15.829111,6567,5337,1319,0
2026-08-23 07:46:15.829131,6554,5329,1298,0
2026-08-23 07:46:15.829151,6511,5322,328,0
2026-08-23 07:46:15.829171,6572,5410,2981,0
2026-08-23 07:46:15.829191,6678,5403,1381,0
2026-08-23 07:46:15.829211,6559,5412,1366,0
2026-08-23 07:46:15.829231,6564,5359,1216,0
2026-08-23 07:46:17.257186,6587,4779,1658,0
2026-08-23 07:46:17.257206,6532,4862,646,0
2026-08-23 07:46:17.257226,6491,4946,0,0
2026-08-23 07:46:17.257246,6547,5188,1612,0
2026-08-23 07:46:17.257266,6568,5219,1428,0
2026-08-23 07:46:17.257286,6563,5276,1309,0
2026-08-23 07:46:17.257306,6545,5299,1321,0
2026-08-23 07:46:17.257326,6549,5321,1257,0
2026-08-23 07:46:17.257346,6513,5280,155,0
2026-08-23 07:46:17.257366,6579,5403,1991,0
2026-08-23 07:46:17.257386,6592,5379,1359,0
2026-08-23 07:46:17.257406,6553,5379,1308,0
2026-08-23 07:46:17.257426,6570,5393,1307,0
2026-08-23 07:46:17.257446,6562,5409,1499,0
2026-08-23 07:46:17.257466,6578,5401,1350,0
2026-08-23 07:46:17.257486,6593,5468,2162,0
2026-08-23 07:46:17.257506,6582,5415,1660,0
2026-08-23 07:46:17.257526,6570,5427,1217,0
2026-08-23 07:46:17.257546,6558,5437,1407,0
2026-08-23 07:46:17.257566,6580,5416,1595,0
2026-08-23 07:46:17.257586,6544,5399,848,0
2026-08-23 07:46:17.257606,6481,5336,0,0
2026-08-23 07:46:17.257626,6558,5470,1733,0
2026-08-23 07:46:17.257646,6582,5429,1469,0
2026-08-23 07:46:17.257666,6576,5450,1259,0
2026-08-23 07:46:17.257686,6548,5443,1318,0
2026-08-23 07:46:17.257706,6567,5451,1349,0
2026-08-23 07:46:17.257726,6520,5404,804,0
2026-08-23 07:46:17.257746,6494,5335,0,0
2026-08-23 07:46:17.257766,6549,5414,1499,0
2026-08-23 07:46:17.257786,6554,5395,1329,0
2026-08-23 07:46:17.257806,6568,5434,1212,0
2026-08-23 07:46:17.257826,6567,5461,1511,0
2026-08-23 07:46:17.257846,6588,5422,1604,0
2026-08-23 07:46:17.257866,6512,5256,0,0
2026-08-23 07:46:17.257886,6557,5456,1869,0
2026-08-23 07:46:17.257906,6579,5392,1293,0
2026-08-23 07:46:17.257926,6557,5439,1366,0
2026-08-23 07:46:17.257946,6556,5431,1452,0
2026-08-23 07:46:17.257966,6551,5391,1165,0
2026-08-23 07:46:17.257986,6540,5377,618,0
2026-08-23 07:46:17.258006,6491,5425,601,0
2026-08-23 07:46:17.258026,6563,5463,1661,0
2026-08-23 07:46:17.258046,6570,5437,1268,0
2026-08-23 07:46:17.258066,6550,5409,1310,0
2026-08-23 07:46:17.258086,6570,5427,1383,0
2026-08-23 07:46:17.258106,6557,5439,1238,0
2026-08-23 07:46:17.258126,6524,5374,268,0
2026-08-23 07:46:17.258146,6552,5473,1692,0
2026-08-23 07:46:17.258166,6558,5449,1390,0
2026-08-23 07:46:17.258186,6566,5403,1223,0
2026-08-23 07:46:17.258206,6562,5432,1507,0
2026-08-23 07:46:17.258226,6587,5463,1656,0
2026-08-23 07:46:17.258246,6494,5307,0,0
2026-08-23 07:46:17.258266,6564,5453,1954,0
2026-08-23 07:46:17.258286,6581,5426,1321,0
2026-08-23 07:46:17.258306,6564,5425,1400,0
2026-08-23 07:46:17.258326,6572,5407,1471,0
2026-08-23 07:46:17.258346,6521,5381,1125,0
2026-08-23 07:46:17.258366,6533,5335,317,0
2026-08-23 07:46:17.258386,6556,5441,1942,0
2026-08-23 07:46:17.258406,6586,5460,1565,0
2026-08-23 07:46:17.258426,6576,5411,1274,0
2026-08-23 07:46:17.258446,6544,5450,1346,0
2026-08-23 07:46:17.258466,6565,5456,1361,0
2026-08-23 07:46:17.258486,6544,5360,672,0
2026-08-23 07:46:17.258506,6527,5382,204,0
2026-08-23 07:46:17.258526,6550,5450,1426,0
2026-08-23 07:46:17.258546,6550,5434,1336,0
2026-08-23 07:46:17.258566,6562,5406,1304,0
2026-08-23 07:46:17.258586,6552,5415,1524,0
2026-08-23 07:46:17.258606,6569,5431,1220,0
2026-08-23 07:46:17.258626,6590,5485,2012,0
2026-08-23 07:46:17.258646,6568,5414,1557,0
2026-08-23 07:46:17.258666,6562,5431,1245,0
2026-08-23 07:46:17.258686,6567,5420,1496,0
2026-08-23 07:46:17.258706,6587,5414,1696,0
2026-08-23 07:46:17.258726,6505,5332,0,0
2026-08-23 07:46:17.258746,6572,5437,2099,0
2026-08-23 07:46:17.258766,6586,5401,1365,0
2026-08-23 07:46:17.258786,6570,5403,1410,0
2026-08-23 07:46:17.258806,6573,5411,1492,0
2026-08-23 07:46:17.258826,6548,5385,1106,0
2026-08-23 07:46:17.258846,6508,5319,100,0
2026-08-23 07:46:17.258866,6560,5418,1835,0
2026-08-23 07:46:17.258886,6582,5433,1502,0
2026-08-23 07:46:17.258906,6571,5439,1312,0
2026-08-23 07:46:17.258926,6551,5425,1372,0
2026-08-23 07:46:17.258946,6562,5426,1300,0
2026-08-23 07:46:17.258966,6447,5333,98,0
2026-08-23 07:46:17.258986,6565,5478,1942,0
2026-08-23 07:46:17.259006,6596,5418,1352,0
2026-08-23 07:46:17.259026,6553,5441,1332,0
2026-08-23 07:46:17.259046,6580,5444,1379,0
2026-08-23 07:46:17.259066,6551,5444,1418,0
2026-08-23 07:46:17.259086,6553,5398,766,0
2026-08-23 07:46:17.259106,6577,5433,1815,0
2026-08-23 07:46:17.259126,6516,5450,1444,0
2026-08-23 07:46:17.259146,6563,5391,1223,0
2026-08-23 07:46:17.259166,6567,5417,1509,0
2026-08-23 07:46:17.259186,6583,5449,1658,0
2026-08-23 07:46:17.259206,6488,5281,0,0
2026-08-23 07:46:17.259226,6572,5472,1944,0
2026-08-23 07:46:17.259246,6575,5430,1345,0
2026-08-23 07:46:17.259266,6564,5431,1387,0
2026-08-23 07:46:17.259286,6565,5435,1478,0
2026-08-23 07:46:17.259306,6547,5410,1096,0
2026-08-23 07:46:17.259326,6518,5327,186,0
2026-08-23 07:46:17.259346,6562,5458,1896,0
2026-08-23 07:46:17.259366,6572,5452,1556,0
2026-08-23 07:46:17.259386,6587,5438,1278,0
2026-08-23 07:46:17.259406,6547,5439,1343,0
2026-08-23 07:46:17.259426,6566,5437,1369,0
2026-08-23 07:46:17.259446,6532,5379,628,0
2026-08-23 07:46:17.259466,6533,5422,296,0
2026-08-23 07:46:17.259486,6551,5401,1424,0
2026-08-23 07:46:17.259506,6554,5400,1303,0
2026-08-23 07:46:17.259526,6556,5426,1320,0
2026-08-23 07:46:17.259546,6564,5425,1517,0
2026-08-23 07:46:17.259566,6571,5422,1264,0
2026-08-23 07:46:17.259586,6588,5465,2057,0
2026-08-23 07:46:17.259606,6573,5410,1580,0
2026-08-23 07:46:17.259626,6552,5427,1216,0
2026-08-23 07:46:17.259646,6562,5415,1478,0
2026-08-23 07:46:17.259666,6579,5462,1664,0
2026-08-23 07:46:17.259686,6516,5326,96,0
2026-08-23 07:46:17.259706,6560,5499,2208,0
2026-08-23 07:46:17.259726,6590,5424,1421,0
2026-08-23 07:46:17.259746,6560,5444,1393,0
2026-08-23 07:46:17.259766,6565,5448,1430,0
2026-08-23 07:46:17.259786,6553,5431,1231,0
2026-08-23 07:46:17.259806,6542,5370,692,0
2026-08-23 07:46:17.259826,6547,5482,1141,0
2026-08-23 07:46:17.259846,6566,5445,1626,0
2026-08-23 07:46:17.259866,6618,5436,1278,0
2026-08-23 07:46:17.259886,6557,5394,1350,0
2026-08-23 07:46:17.259906,6569,5419,1506,0
2026-08-23 07:46:17.259926,6531,5369,889,0
2026-08-23 07:46:17.259946,6505,5351,0,0
2026-08-23 07:46:17.259966,6549,5457,1497,0
2026-08-23 07:46:17.259986,6553,5403,1335,0
2026-08-23 07:46:17.260006,6559,5414,1296,0
2026-08-23 07:46:17.260026,6567,5412,1551,0
2026-08-23 07:46:17.260046,6580,5413,1290,0
2026-08-23 07:46:17.260066,6599,5495,2194,0
2026-08-23 07:46:17.260086,6585,5418,1656,0
2026-08-23 07:46:17.260106,6563,5405,1233,0
2026-08-23 07:46:17.260126,6610,5455,1433,0
2026-08-23 07:46:17.260146,6579,5471,1643,0
2026-08-23 07:46:17.260166,6523,5351,492,0
2026-08-23 07:46:17.260186,6500,5318,0,0
2026-08-23 07:46:17.260206,6543,5434,1567,0
2026-08-23 07:46:17.260226,6564,5455,1404,0
2026-08-23 07:46:17.260246,6564,5415,1424,0
2026-08-23 07:46:17.260266,6546,5437,1313,0
2026-08-23 07:46:17.260286,6551,5427,1085,0
2026-08-23 07:46:17.260306,6487,5288,0,0
2026-08-23 07:46:17.260326,6562,5438,1791,0
2026-08-23 07:46:17.260346,6583,5438,1304,0
2026-08-23 07:46:17.260366,6557,5408,1313,0
2026-08-23 07:46:17.260386,6555,5427,1383,0
2026-08-23 07:46:17.260406,6561,5410,1313,0
2026-08-23 07:46:17.260426,6542,5393,448,0
2026-08-23 07:46:17.260446,6570,5468,1746,0
2026-08-23 07:46:17.260466,6549,5402,1394,0
2026-08-23 07:46:17.260486,6564,5403,1230,0
2026-08-23 07:46:17.260506,6577,5414,1516,0
2026-08-23 07:46:17.260526,6587,5431,1655,0
2026-08-23 07:46:17.260546,6487,5308,0,0
2026-08-23 07:46:17.260566,6562,5429,1925,0
2026-08-23 07:46:17.260586,6573,5427,1290,0
2026-08-23 07:46:17.260606,6564,5426,1401,0
2026-08-23 07:46:17.260626,6558,5405,1479,0
2026-08-23 07:46:17.260646,6545,5381,988,0
2026-08-23 07:46:17.260666,6513,5367,204,0
2026-08-23 07:46:17.260686,6552,5434,1897,0
2026-08-23 07:46:17.260706,6572,5435,1514,0
2026-08-23 07:46:17.260726,6559,5422,1273,0
2026-08-23 07:46:17.260746,6550,5428,1359,0
2026-08-23 07:46:17.260766,6565,5438,1375,0
2026-08-23 07:46:17.260786,6525,5386,689,0
2026-08-23 07:46:17.260806,6509,5341,0,0
2026-08-23 07:46:17.260826,6553,5400,1447,0
2026-08-23 07:46:17.260846,6551,5423,1325,0
2026-08-23 07:46:17.260866,6562,5393,1290,0
2026-08-23 07:46:17.260886,6558,5439,1523,0
2026-08-23 07:46:17.260906,6566,5424,1408,0
2026-08-23 07:46:17.260926,6589,5486,2200,0
2026-08-23 07:46:17.260946,6582,5422,1657,0
2026-08-23 07:46:17.260966,6560,5436,1209,0
2026-08-23 07:46:17.260986,6566,5406,1415,0
2026-08-23 07:46:17.261006,6588,5436,1603,0
2026-08-23 07:46:17.261026,6535,5391,714,0
2026-08-23 07:46:17.261046,6441,5289,0,0
2026-08-23 07:46:17.261066,6552,5441,1683,0
2026-08-23 07:46:17.261086,6567,5435,1436,0
2026-08-23 07:46:17.261106,6572,5429,1312,0
2026-08-23 07:46:17.261126,6547,5432,1323,0
2026-08-23 07:46:17.261146,6561,5388,1280,0
2026-08-23 07:46:17.261166,6509,5318,85,0
2026-08-23 07:46:17.261186,6563,5485,1931,0
2026-08-23 07:46:17.261206,6597,5415,1374,0
2026-08-23 07:46:17.261226,6550,5439,1310,0
2026-08-23 07:46:17.261246,6565,5406,1362,0
2026-08-23 07:46:17.261266,6557,5403,1443,0
2026-08-23 07:46:17.261286,6667,5395,894,0
2026-08-23 07:46:17.261306,6576,5461,1864,0
2026-08-23 07:46:17.261326,6562,5439,1461,0
2026-08-23 07:46:17.261346,6573,5406,1220,0
2026-08-23 07:46:17.261366,6561,5411,1509,0
2026-08-23 07:46:17.261386,6582,5460,1683,0
2026-08-23 07:46:17.261406,6487,5370,0,0
2026-08-23 07:46:17.261426,6560,5446,2056,0
2026-08-23 07:46:17.261446,6583,5405,1363,0
2026-08-23 07:46:17.261466,6551,5444,1390,0
2026-08-23 07:46:17.261486,6566,5440,1467,0
2026-08-23 07:46:17.261506,6542,5388,1145,0
2026-08-23 07:46:17.261526,6522,5339,285,0
2026-08-23 07:46:17.261546,6551,5465,1926,0
2026-08-23 07:46:17.261566,6589,5440,1526,0
2026-08-23 07:46:17.261586,6577,5445,1285,0
2026-08-23 07:46:17.261606,6538,5409,1354,0
2026-08-23 07:46:17.261626,6564,5441,1354,0
2026-08-23 07:46:17.261646,6513,5356,362,0
2026-08-23 07:46:17.261666,6565,5486,2137,0
2026-08-23 07:46:17.261686,6609,5411,1352,0
2026-08-23 07:46:17.261706,6552,5403,1330,0
2026-08-23 07:46:17.261726,6567,5414,1361,0
2026-08-23 07:46:17.261746,6563,5417,1441,0
2026-08-23 07:46:17.261766,6558,5415,897,0
2026-08-23 07:46:17.261786,6574,5453,1859,0
2026-08-23 07:46:17.261806,6572,5444,1449,0
2026-08-23 07:46:17.261826,6553,5398,1207,0
2026-08-23 07:46:17.261846,6554,5447,1549,0
2026-08-23 07:46:17.261866,6574,5452,1673,0
2026-08-23 07:46:17.261886,6484,5308,0,0
2026-08-23 07:46:17.261906,6562,5441,1936,0
2026-08-23 07:46:17.261926,6572,5397,1325,0
2026-08-23 07:46:17.261946,6564,5446,1398,0
2026-08-23 07:46:17.261966,6574,5448,1522,0
2026-08-23 07:46:17.261986,6544,5410,1041,0
2026-08-23 07:46:17.262006,6497,5336,0,0
2026-08-23 07:46:17.262026,6551,5470,1811,0
2026-08-23 07:46:17.262046,6572,5446,1489,0
2026-08-23 07:46:17.262066,6564,5406,1292,0
2026-08-23 07:46:17.262086,6550,5437,1351,0
2026-08-23 07:46:17.262106,6562,5435,1337,0
2026-08-23 07:46:17.262126,6530,5366,342,0
2026-08-23 07:46:17.262146,6563,5482,2469,0
2026-08-23 07:46:17.262166,6621,5448,1372,0
2026-08-23 07:46:17.262186,6539,5434,1316,0
2026-08-23 07:46:17.262206,6565,5407,1320,0
2026-08-23 07:46:17.262226,6558,5408,1485,0
2026-08-23 07:46:17.262246,6563,5429,1142,0
2026-08-23 07:46:17.262266,6582,5450,1975,0
2026-08-23 07:46:17.262286,6563,5409,1516,0
2026-08-23 07:46:17.262306,6560,5423,1207,0
2026-08-23 07:46:17.262326,6560,5440,1462,0
2026-08-23 07:46:17.262346,6572,5455,1657,0
2026-08-23 07:46:17.262366,6514,5326,178,0
2026-08-23 07:46:17.262386,6573,5510,3339,0
2026-08-23 07:46:17.262406,6684,5455,1462,0
2026-08-23 07:46:17.262426,6574,5412,1388,0
2026-08-23 07:46:17.262446,6568,5447,1359,0
2026-08-23 07:46:17.262466,6549,5401,1280,0
2026-08-23 07:46:17.262486,6550,5380,945,0
2026-08-23 07:46:17.262506,6486,5303,0,0
2026-08-23 07:46:17.262526,6549,5452,1744,0
2026-08-23 07:46:17.262546,6581,5396,1307,0
2026-08-23 07:46:17.262566,6552,5401,1325,0
2026-08-23 07:46:17.262586,6568,5427,1391,0
2026-08-23 07:46:17.262606,6553,5409,1275,0
2026-08-23 07:46:17.262626,6531,5358,303,0
2026-08-23 07:46:17.262646,6550,5424,1696,0
2026-08-23 07:46:17.262666,6556,5442,1367,0
2026-08-23 07:46:17.262686,6555,5400,1234,0
2026-08-23 07:46:17.262706,6567,5415,1508,0
2026-08-23 07:46:17.262726,6596,5427,1651,0
2026-08-23 07:46:17.262746,6485,5281,0,0
2026-08-23 07:46:17.262766,6556,5460,1931,0
2026-08-23 07:46:17.262786,6575,5420,1312,0
2026-08-23 07:46:17.262806,6563,5436,1382,0
2026-08-23 07:46:17.262826,6571,5414,1498,0
2026-08-23 07:46:17.262846,6537,5417,1111,0
2026-08-23 07:46:17.262866,6517,5346,216,0
2026-08-23 07:46:17.262886,6549,5435,1907,0
2026-08-23 07:46:17.262906,6585,5419,1548,0
2026-08-23 07:46:17.262926,6575,5439,1273,0
2026-08-23 07:46:17.262946,6550,5399,1341,0
2026-08-23 07:46:17.262966,6570,5435,1385,0
2026-08-23 07:46:17.262986,6435,5398,745,0
2026-08-23 07:46:17.263006,6497,5356,0,0
2026-08-23 07:46:17.263026,6548,5414,1471,0
2026-08-23 07:46:17.263046,6551,5414,1326,0
2026-08-23 07:46:17.263066,6560,5444,1278,0
2026-08-23 07:46:17.263086,6562,5417,1560,0
2026-08-23 07:46:17.263106,6579,5420,1464,0
2026-08-23 07:46:17.263126,6606,5469,2271,0
2026-08-23 07:46:17.263146,6587,5426,1696,0
2026-08-23 07:46:17.263166,6566,5405,1233,0
2026-08-23 07:46:17.263186,6562,5448,1396,0
2026-08-23 07:46:17.263206,6572,5456,1575,0
2026-08-23 07:46:17.263226,6531,5404,851,0
2026-08-23 07:46:17.263246,6494,5346,0,0
2026-08-23 07:46:17.263266,6553,5435,1773,0
2026-08-23 07:46:17.263286,6586,5419,1489,0
2026-08-23 07:46:17.263306,6570,5441,1263,0
2026-08-23 07:46:17.263326,6549,5454,1312,0
2026-08-23 07:46:17.263346,6568,5412,1369,0
2026-08-23 07:46:17.263366,6533,5398,777,0
2026-08-23 07:46:17.263386,6500,5342,0,0
2026-08-23 07:46:17.263406,6558,5419,1483,0
2026-08-23 07:46:17.263426,6542,5437,1325,0
2026-08-23 07:46:17.263446,6557,5420,1257,0
2026-08-23 07:46:17.263466,6560,5429,1559,0
2026-08-23 07:46:17.263486,6577,5439,1383,0
2026-08-23 07:46:17.263506,6512,5303,0,0
2026-08-23 07:46:17.263526,6559,5461,1815,0
2026-08-23 07:46:17.263546,6565,5434,1282,0
2026-08-23 07:46:17.263566,6553,5421,1398,0
2026-08-23 07:46:17.263586,6576,5417,1507,0
2026-08-23 07:46:17.263606,6545,5385,1040,0
2026-08-23 07:46:17.263626,6510,5353,84,0
2026-08-23 07:46:17.263646,6556,5483,1838,0
2026-08-23 07:46:17.263666,6578,5425,1524,0
2026-08-23 07:46:17.263686,6578,5419,1284,0
2026-08-23 07:46:17.263706,6545,5429,1352,0
2026-08-23 07:46:17.263726,6562,5444,1387,0
2026-08-23 07:46:17.263746,6531,5371,594,0
2026-08-23 07:46:17.263766,6584,5466,755,0
2026-08-23 07:46:17.263786,6561,5408,1418,0
2026-08-23 07:46:17.263806,6556,5400,1324,0
2026-08-23 07:46:17.263826,6561,5408,1328,0
2026-08-23 07:46:17.263846,6563,5410,1506,0
2026-08-23 07:46:17.263866,6576,5402,1161,0
2026-08-23 07:46:17.263886,6590,5427,2062,0
2026-08-23 07:46:17.263906,6569,5427,1576,0
2026-08-23 07:46:17.263926,6565,5399,1211,0
2026-08-23 07:46:17.263946,6561,5448,1474,0
2026-08-23 07:46:17.263966,6584,5423,1677,0
2026-08-23 07:46:17.263986,6518,5326,123,0
2026-08-23 07:46:17.264006,6574,5461,2401,0
2026-08-23 07:46:17.264026,6603,5448,1441,0
2026-08-23 07:46:17.264046,6567,5410,1393,0
2026-08-23 07:46:17.264066,6569,5415,1414,0
2026-08-23 07:46:17.264086,6546,5393,1240,0
2026-08-23 07:46:17.264106,6543,5382,758,0
2026-08-23 07:46:17.264126,6570,5428,328,0
2026-08-23 07:46:17.264146,6556,5447,1647,0
2026-08-23 07:46:17.264166,6574,5416,1283,0
2026-08-23 07:46:17.264186,6553,5401,1367,0
2026-08-23 07:46:17.264206,6576,5446,1399,0
2026-08-23 07:46:17.264226,6545,5380,940,0
2026-08-23 07:46:17.264246,6497,5348,0,0
2026-08-23 07:46:17.264266,6549,5454,1501,0
2026-08-23 07:46:17.264286,6479,5406,1337,0
2026-08-23 07:46:17.264306,6556,5456,1306,0
2026-08-23 07:46:17.264326,6568,5472,1600,0
2026-08-23 07:46:17.264346,6579,5443,1400,0
2026-08-23 07:46:17.264366,6588,5492,2145,0
2026-08-23 07:46:17.264386,6574,5453,1615,0
2026-08-23 07:46:17.264406,6556,5428,1222,0
2026-08-23 07:46:17.264426,6568,5399,1481,0
2026-08-23 07:46:17.264446,6582,5422,1773,0
2026-08-23 07:46:17.264466,6513,5355,175,0
2026-08-23 07:46:17.264486,6576,5499,2228,0
2026-08-23 07:46:17.264506,6584,5427,1431,0
2026-08-23 07:46:17.264526,6562,5447,1396,0
2026-08-23 07:46:17.264546,6575,5420,1449,0
2026-08-23 07:46:17.264566,6539,5414,1222,0
2026-08-23 07:46:17.264586,6535,5358,551,0
2026-08-23 07:46:17.264606,6558,5441,1987,0
2026-08-23 07:46:17.264626,6586,5473,1592,0
2026-08-23 07:46:17.264646,6574,5441,1303,0
2026-08-23 07:46:17.264666,6545,5428,1351,0
2026-08-23 07:46:17.264686,6562,5407,1384,0
2026-08-23 07:46:17.264706,6519,5384,588,0
2026-08-23 07:46:17.264726,6611,5561,1861,0
2026-08-23 07:46:17.264746,6587,5425,1391,0
2026-08-23 07:46:17.264766,6552,5381,1328,0
2026-08-23 07:46:17.264786,6554,5394,1345,0
2026-08-23 07:46:17.264806,6563,5399,1487,0
2026-08-23 07:46:17.264826,6566,5382,1037,0
2026-08-23 07:46:17.264846,6576,5445,1915,0
2026-08-23 07:46:17.264866,6568,5442,1494,0
2026-08-23 07:46:17.264886,6551,5423,1233,0
2026-08-23 07:46:17.264906,6554,5440,1502,0
2026-08-23 07:46:17.264926,6580,5450,1684,0
2026-08-23 07:46:17.264946,6502,5282,0,0
2026-08-23 07:46:17.264966,6569,5436,2020,0
2026-08-23 07:46:17.264986,6585,5433,1349,0
2026-08-23 07:46:17.265006,6562,5428,1387,0
2026-08-23 07:46:17.265026,6572,5414,1572,0
2026-08-23 07:46:17.265046,6550,5374,1091,0
2026-08-23 07:46:17.265066,6512,5348,110,0
2026-08-23 07:46:17.265086,6555,5436,1841,0
2026-08-23 07:46:17.265106,6592,5412,1509,0
2026-08-23 07:46:17.265126,6573,5436,1308,0
2026-08-23 07:46:17.265146,6556,5390,1356,0
2026-08-23 07:46:17.265166,6549,5410,1310,0
2026-08-23 07:46:17.265186,6504,5346,99,0
2026-08-23 07:46:17.265206,6569,5433,1956,0
2026-08-23 07:46:17.265226,6601,5452,1346,0
2026-08-23 07:46:17.265246,6549,5424,1344,0
2026-08-23 07:46:17.265266,6564,5402,1398,0
2026-08-23 07:46:17.265286,6546,5420,1329,0
2026-08-23 07:46:17.265306,6543,5350,297,0
2026-08-23 07:46:17.265326,6556,5429,1676,0
2026-08-23 07:46:17.265346,6561,5388,1390,0
2026-08-23 07:46:17.265366,6563,5437,1284,0
2026-08-23 07:46:17.265386,6565,5423,1625,0
2026-08-23 07:46:17.265406,6583,5445,1553,0
2026-08-23 07:46:17.265426,6607,5454,2296,0
2026-08-23 07:46:17.265446,6584,5419,1699,0
2026-08-23 07:46:17.265466,6559,5409,1239,0
2026-08-23 07:46:17.265486,6563,5402,1463,0
2026-08-23 07:46:17.265506,6585,5424,1667,0
2026-08-23 07:46:17.265526,6519,5356,306,0
2026-08-23 07:46:17.265546,6584,5449,3306,0
2026-08-23 07:46:17.265566,6597,5445,1458,0
2026-08-23 07:46:17.265586,6566,5449,1423,0
2026-08-23 07:46:17.265606,6572,5436,1443,0
2026-08-23 07:46:17.265626,6555,5427,1226,0
2026-08-23 07:46:17.265646,6531,5382,540,0
2026-08-23 07:46:17.265666,6571,5423,1998,0
2026-08-23 07:46:17.265686,6580,5443,1588,0
2026-08-23 07:46:17.265706,6579,5436,1281,0
2026-08-23 07:46:17.265726,6547,5401,1364,0
2026-08-23 07:46:17.265746,6558,5438,1377,0
2026-08-23 07:46:17.265766,6523,5330,424,0
2026-08-23 07:46:17.265786,6567,5443,2750,0
2026-08-23 07:46:17.265806,6638,5448,1397,0
2026-08-23 07:46:17.265826,6551,5437,1324,0
2026-08-23 07:46:17.265846,6554,5429,1382,0
2026-08-23 07:46:17.265866,6462,5424,1443,0
2026-08-23 07:46:17.265886,6542,5374,834,0
2026-08-23 07:46:17.265906,6561,5477,1841,0
2026-08-23 07:46:17.265926,6562,5409,1443,0
2026-08-23 07:46:17.265946,6558,5397,1234,0
2026-08-23 07:46:17.265966,6559,5447,1520,0
2026-08-23 07:46:17.265986,6579,5407,1681,0
2026-08-23 07:46:17.266006,6496,5261,0,0
2026-08-23 07:46:17.266026,6552,5457,1924,0
2026-08-23 07:46:17.266046,6568,5378,1306,0
2026-08-23 07:46:17.266066,6552,5407,1415,0
2026-08-23 07:46:17.266086,6568,5399,1575,0
2026-08-23 07:46:17.266106,6531,5354,920,0
2026-08-23 07:46:17.266126,6499,5285,0,0
2026-08-23 07:46:17.266146,6551,5455,1703,0
2026-08-23 07:46:17.266166,6570,5415,1452,0
2026-08-23 07:46:17.266186,6569,5419,1337,0
2026-08-23 07:46:17.266206,6548,5442,1350,0
2026-08-23 07:46:17.266226,6553,5429,1152,0
2026-08-23 07:46:17.266246,6487,5286,0,0
2026-08-23 07:46:17.266266,6551,5463,1782,0
2026-08-23 07:46:17.266286,6583,5441,1287,0
2026-08-23 07:46:17.266306,6550,5402,1342,0
2026-08-23 07:46:17.266326,6566,5405,1406,0
2026-08-23 07:46:17.266346,6551,5418,1114,0
2026-08-23 07:46:17.266366,6507,5339,0,0
2026-08-23 07:46:17.266386,6554,5405,1571,0
2026-08-23 07:46:17.266406,6543,5439,1367,0
2026-08-23 07:46:17.266426,6561,5407,1269,0
2026-08-23 07:46:17.266446,6555,5444,1584,0
2026-08-23 07:46:17.266466,6565,5451,1477,0
2026-08-23 07:46:17.266486,6591,5492,2253,0
2026-08-23 07:46:17.266506,6571,5442,1678,0
2026-08-23 07:46:17.266526,6564,5389,1231,0
2026-08-23 07:46:17.266546,6558,5434,1443,0
2026-08-23 07:46:17.266566,6575,5418,1617,0
2026-08-23 07:46:17.266586,6526,5348,529,0
2026-08-23 07:46:17.266606,6506,5348,0,0
2026-08-23 07:46:17.266626,6544,5425,1554,0
2026-08-23 07:46:17.266646,6556,5415,1423,0
2026-08-23 07:46:17.266666,6568,5435,1371,0
2026-08-23 07:46:17.266686,6552,5397,1302,0
2026-08-23 07:46:17.266706,6545,5416,973,0
2026-08-23 07:46:17.266726,6494,5268,0,0
2026-08-23 07:46:17.266746,6557,5419,1743,0
2026-08-23 07:46:17.266766,6571,5432,1284,0
2026-08-23 07:46:17.266786,6542,5402,1309,0
2026-08-23 07:46:17.266806,6553,5467,1420,0
2026-08-23 07:46:17.266826,6551,5400,1137,0
2026-08-23 07:46:17.266846,6511,5322,0,0
2026-08-23 07:46:17.266866,6550,5461,1581,0
2026-08-23 07:46:17.266886,6557,5407,1353,0
2026-08-23 07:46:17.266906,6559,5403,1263,0
2026-08-23 07:46:17.266926,6484,5422,1563,0
2026-08-23 07:46:17.266946,6579,5421,1573,0
2026-08-23 07:46:17.266966,6594,5435,744,0
2026-08-23 07:46:17.266986,6556,5418,1729,0
2026-08-23 07:46:17.267006,6566,5400,1240,0
2026-08-23 07:46:17.267026,6560,5437,1428,0
2026-08-23 07:46:17.267046,6571,5455,1622,0
2026-08-23 07:46:17.267066,6543,5365,694,0
2026-08-23 07:46:17.267086,6493,5279,0,0
2026-08-23 07:46:17.267106,6540,5412,1633,0
2026-08-23 07:46:17.267126,6563,5437,1432,0
2026-08-23 07:46:17.267146,6572,5401,1325,0
2026-08-23 07:46:17.267166,6551,5415,1318,0
2026-08-23 07:46:17.267186,6559,5403,1158,0
2026-08-23 07:46:17.267206,6482,5309,0,0
2026-08-23 07:46:17.267226,6558,5488,1834,0
2026-08-23 07:46:17.267246,6585,5416,1306,0
2026-08-23 07:46:17.267266,6549,5436,1315,0
2026-08-23 07:46:17.267286,6564,5450,1382,0
2026-08-23 07:46:17.267306,6545,5440,1353,0
2026-08-23 07:46:17.267326,6544,5394,544,0
2026-08-23 07:46:17.267346,6566,5434,1757,0
2026-08-23 07:46:17.267366,6557,5408,1283,0
2026-08-23 07:46:17.267386,6554,5438,1240,0
2026-08-23 07:46:17.267406,6564,5420,1561,0
2026-08-23 07:46:17.267426,6586,5433,1653,0
2026-08-23 07:46:17.267446,6490,5308,0,0
2026-08-23 07:46:17.267466,6556,5468,1910,0
2026-08-23 07:46:17.267486,6568,5439,1314,0
2026-08-23 07:46:17.267506,6559,5435,1393,0
2026-08-23 07:46:17.267526,6569,5409,1518,0
2026-08-23 07:46:17.267546,6545,5370,1008,0
2026-08-23 07:46:17.267566,6504,5313,0,0
2026-08-23 07:46:17.267586,6549,5465,1813,0
2026-08-23 07:46:17.267606,6561,5455,1494,0
2026-08-23 07:46:17.267626,6567,5443,1260,0
2026-08-23 07:46:17.267646,6548,5404,1335,0
2026-08-23 07:46:17.267666,6552,5438,1332,0
2026-08-23 07:46:17.267686,6514,5354,199,0
2026-08-23 07:46:17.267706,6564,5446,1980,0
2026-08-23 07:46:17.267726,6590,5431,1347,0
2026-08-23 07:46:17.267746,6556,5394,1340,0
2026-08-23 07:46:17.267766,6553,5437,1374,0
2026-08-23 07:46:17.267786,6555,5433,1429,0
2026-08-23 07:46:17.267806,6555,5365,766,0
2026-08-23 07:46:17.267826,6556,5437,1819,0
2026-08-23 07:46:17.267846,6560,5403,1444,0
2026-08-23 07:46:17.267866,6562,5405,1233,0
2026-08-23 07:46:17.267886,6597,5420,1555,0
2026-08-23 07:46:17.267906,6584,5459,1670,0
2026-08-23 07:46:17.267926,6489,5267,0,0
2026-08-23 07:46:17.267946,6553,5454,1908,0
2026-08-23 07:46:17.267966,6571,5395,1303,0
2026-08-23 07:46:17.267986,6555,5432,1421,0
2026-08-23 07:46:17.268006,6570,5449,1579,0
2026-08-23 07:46:17.268026,6527,5346,859,0
2026-08-23 07:46:17.268046,6501,5327,0,0
2026-08-23 07:46:17.268066,6546,5419,1698,0
2026-08-23 07:46:17.268086,6568,5447,1442,0
2026-08-23 07:46:17.268106,6566,5437,1361,0
2026-08-23 07:46:17.268126,6550,5392,1339,0
2026-08-23 07:46:17.268146,6550,5371,1044,0
2026-08-23 07:46:17.268166,6491,5295,0,0
2026-08-23 07:46:17.268186,6559,5445,1720,0
2026-08-23 07:46:17.268206,6581,5392,1298,0
2026-08-23 07:46:17.268226,6544,5427,1349,0
2026-08-23 07:46:17.268246,6558,5440,1431,0
2026-08-23 07:46:17.268266,6551,5371,828,0
2026-08-23 07:46:17.268286,6513,5350,0,0
2026-08-23 07:46:17.268306,6560,5439,1448,0
2026-08-23 07:46:17.268326,6549,5368,1361,0
2026-08-23 07:46:17.268346,6562,5428,1369,0
2026-08-23 07:46:17.268366,6562,5434,1467,0
2026-08-23 07:46:17.268386,6605,5362,772,0
2026-08-23 07:46:17.268406,6548,5455,1788,0
2026-08-23 07:46:17.268426,6545,5435,1437,0
2026-08-23 07:46:17.268446,6556,5391,1293,0
2026-08-23 07:46:17.268466,6560,5465,1590,0
2026-08-23 07:46:17.268486,6575,5417,1556,0
2026-08-23 07:46:17.268506,6589,5486,2230,0
2026-08-23 07:46:17.268526,6567,5420,1653,0
2026-08-23 07:46:17.268546,6561,5416,1253,0
2026-08-23 07:46:17.268566,6573,5411,1555,0
2026-08-23 07:46:17.268586,6593,5456,1721,0
2026-08-23 07:46:17.268606,6483,5308,0,0
2026-08-23 07:46:17.268626,6555,5426,1950,0
2026-08-23 07:46:17.268646,6572,5393,1306,0
2026-08-23 07:46:17.268666,6562,5437,1457,0
2026-08-23 07:46:17.268686,6576,5445,1658,0
2026-08-23 07:46:17.268706,6520,5361,410,0
2026-08-23 07:46:17.268726,6566,5486,2427,0
2026-08-23 07:46:17.268746,6596,5438,1455,0
2026-08-23 07:46:17.268766,6554,5410,1447,0
2026-08-23 07:46:17.268786,6563,5455,1581,0
2026-08-23 07:46:17.268806,6445,5375,932,0
2026-08-23 07:46:17.268826,6479,5326,0,0
2026-08-23 07:46:17.268846,6544,5410,1609,0
2026-08-23 07:46:17.268866,6552,5432,1457,0
2026-08-23 07:46:17.268886,6584,5458,1508,0
2026-08-23 07:46:17.268906,6542,5419,1165,0
2026-08-23 07:46:17.268926,6499,5291,0,0
2026-08-23 07:46:17.268946,6549,5421,1693,0
2026-08-23 07:46:17.268966,6560,5443,1477,0
2026-08-23 07:46:17.268986,6567,5441,1509,0
2026-08-23 07:46:17.269006,6541,5380,1166,0
2026-08-23 07:46:17.269026,6489,5305,0,0
2026-08-23 07:46:17.269046,6547,5410,1657,0
2026-08-23 07:46:17.269066,6564,5447,1510,0
2026-08-23 07:46:17.269086,6572,5417,1598,0
2026-08-23 07:46:17.269106,6528,5392,964,0
2026-08-23 07:46:17.269126,6506,5298,0,0
2026-08-23 07:46:17.269146,6543,5410,1523,0
2026-08-23 07:46:17.269166,6564,5417,1506,0
2026-08-23 07:46:17.269186,6569,5447,1645,0
2026-08-23 07:46:17.269206,6527,5347,639,0
2026-08-23 07:46:17.269226,6575,5458,2276,0
2026-08-23 07:46:17.269246,6587,5406,1420,0
2026-08-23 07:46:17.269266,6567,5412,1637,0
2026-08-23 07:46:17.269286,6576,5450,1741,0
2026-08-23 07:46:17.269306,6495,5315,0,0
2026-08-23 07:46:17.269326,6560,5451,1998,0
2026-08-23 07:46:17.269346,6562,5444,1351,0
2026-08-23 07:46:17.269366,6559,5423,1610,0
2026-08-23 07:46:17.269386,6640,5441,1770,0
2026-08-23 07:46:17.269406,6523,5295,0,0
2026-08-23 07:46:17.269426,6554,5423,1750,0
2026-08-23 07:46:17.269446,6552,5429,1333,0
2026-08-23 07:46:17.269466,6562,5424,1659,0
2026-08-23 07:46:17.269486,6579,5444,1571,0
2026-08-23 07:46:17.269506,6592,5443,2086,0
2026-08-23 07:46:17.269526,6559,5441,1549,0
2026-08-23 07:46:17.269546,6562,5429,1383,0
2026-08-23 07:46:17.269566,6568,5458,1646,0
2026-08-23 07:46:17.269586,6548,5362,785,0
2026-08-23 07:46:17.269606,6555,5454,1728,0
2026-08-23 07:46:17.269626,6562,5439,1459,0
2026-08-23 07:46:17.269646,6562,5416,1476,0
2026-08-23 07:46:17.269666,6556,5391,1347,0
2026-08-23 07:46:17.269686,6510,5286,0,0
2026-08-23 07:46:17.269706,6549,5446,1505,0
2026-08-23 07:46:17.269726,6551,5419,1473,0
2026-08-23 07:46:17.269746,6560,5407,1520,0
2026-08-23 07:46:17.269766,6530,5380,538,0
2026-08-23 07:46:17.269786,6555,5443,1982,0
2026-08-23 07:46:17.269806,6588,5448,1399,0
2026-08-23 07:46:17.269826,6546,5411,1494,0
2026-08-23 07:46:17.269846,6567,5415,1325,0
2026-08-23 07:46:17.269866,6501,5303,0,0
2026-08-23 07:46:17.269886,6551,5419,1711,0
2026-08-23 07:46:17.269906,6564,5429,1429,0
2026-08-23 07:46:17.269926,6512,5428,1432,0
2026-08-23 07:46:17.269946,6522,5372,531,0
2026-08-23 07:46:17.269966,6560,5417,1863,0
2026-08-23 07:46:17.269986,6569,5431,1577,0
2026-08-23 07:46:17.270006,6579,5402,1598,0
2026-08-23 07:46:17.270026,6533,5390,1005,0
2026-08-23 07:46:17.270046,6639,5490,1046,0
2026-08-23 07:46:17.270066,6549,5424,1492,0
2026-08-23 07:46:17.270086,6562,5404,1591,0
2026-08-23 07:46:17.270106,6577,5422,1764,0
2026-08-23 07:46:17.270126,6475,5300,0,0
2026-08-23 07:46:17.270146,6551,5439,1887,0
2026-08-23 07:46:17.270166,6568,5424,1393,0
2026-08-23 07:46:17.270186,6550,5439,1698,0
2026-08-23 07:46:17.270206,6571,5432,1549,0
2026-08-23 07:46:17.270226,6586,5458,1982,0
2026-08-23 07:46:17.270246,6577,5395,1570,0
2026-08-23 07:46:17.270266,6557,5429,1495,0
2026-08-23 07:46:17.270286,6571,5426,1408,0
2026-08-23 07:46:17.270306,6526,5343,0,0
2026-08-23 07:46:17.270326,6535,5400,1513,0
2026-08-23 07:46:17.270346,6551,5429,1559,0
2026-08-23 07:46:17.270366,6555,5420,1395,0
2026-08-23 07:46:17.270386,6591,5418,622,0
2026-08-23 07:46:17.270406,6552,5443,1699,0
2026-08-23 07:46:17.270426,6569,5440,1600,0
2026-08-23 07:46:17.270446,6543,5371,1131,0
2026-08-23 07:46:17.270466,6585,5459,2645,0
2026-08-23 07:46:17.270486,6596,5436,1489,0
2026-08-23 07:46:17.270506,6565,5421,1710,0
2026-08-23 07:46:17.270526,6566,5478,1786,0
2026-08-23 07:46:17.270546,6605,5454,2179,0
2026-08-23 07:46:17.270566,6557,5455,1648,0
2026-08-23 07:46:17.270586,6563,5416,1562,0
2026-08-23 07:46:17.270606,6557,5421,1232,0
2026-08-23 07:46:17.270626,6577,5449,2168,0
2026-08-23 07:46:17.270646,6597,5415,1491,0
2026-08-23 07:46:17.270666,6553,5425,1599,0
2026-08-23 07:46:17.270686,6509,5365,326,0
2026-08-23 07:46:17.270706,6553,5449,1759,0
2026-08-23 07:46:17.270726,6563,5432,1660,0
2026-08-23 07:46:17.270746,6580,5426,1865,0
2026-08-23 07:46:17.270766,6618,5467,2128,0
2026-08-23 07:46:17.270786,6576,5455,1738,0
2026-08-23 07:46:17.270806,6557,5440,1571,0
2026-08-23 07:46:17.270826,6559,5424,1562,0
2026-08-23 07:46:17.270846,6592,5472,2244,0
2026-08-23 07:46:17.270866,6590,5419,1528,0
2026-08-23 07:46:17.270886,6562,5403,1623,0
2026-08-23 07:46:17.270906,6499,5336,0,0
2026-08-23 07:46:17.270926,6553,5389,1696,0
2026-08-23 07:46:17.270946,6561,5404,1728,0
2026-08-23 07:46:17.270966,6592,5462,1848,0
2026-08-23 07:46:17.270986,6603,5438,2229,0
2026-08-23 07:46:17.271006,6574,5413,1686,0
2026-08-23 07:46:17.271026,6560,5436,1677,0
2026-08-23 07:46:17.271046,6523,5364,552,0
2026-08-23 07:46:17.271066,6560,5456,1943,0
2026-08-23 07:46:17.271086,6580,5402,1622,0
2026-08-23 07:46:17.271106,6544,5407,1243,0
2026-08-23 07:46:17.271126,6571,5448,2398,0
2026-08-23 07:46:17.271146,6573,5430,1587,0
2026-08-23 07:46:17.271166,6564,5425,1858,0
2026-08-23 07:46:17.271186,6549,5358,719,0
2026-08-23 07:46:17.271206,6551,5407,1696,0
2026-08-23 07:46:17.271226,6566,5444,1702,0
2026-08-23 07:46:17.271246,6545,5400,1245,0
2026-08-23 07:46:17.271266,6584,5427,1947,0
2026-08-23 07:46:17.271286,6570,5449,1759,0
2026-08-23 07:46:17.271306,6581,5455,1917,0
2026-08-23 07:46:17.271326,6589,5486,2331,0
2026-08-23 07:46:17.271346,6574,5415,1738,0
2026-08-23 07:46:17.271366,6566,5414,1718,0
2026-08-23 07:46:17.271386,6506,5319,56,0
2026-08-23 07:46:17.271406,6555,5435,1888,0
2026-08-23 07:46:17.271426,6574,5454,1745,0
2026-08-23 07:46:17.271446,6525,5335,426,0
2026-08-23 07:46:17.271466,6559,5462,1992,0
2026-08-23 07:46:17.271486,6565,5436,1599,0
2026-08-23 07:46:17.271506,6553,5440,1660,0
2026-08-23 07:46:17.271526,6603,5457,2298,0
2026-08-23 07:46:17.271546,6593,5414,1633,0
2026-08-23 07:46:17.271566,6551,5406,1510,0
2026-08-23 07:46:17.271586,6594,5469,2502,0
2026-08-23 07:46:17.271606,6575,5442,1593,0
2026-08-23 07:46:17.271626,6570,5419,1904,0
2026-08-23 07:46:17.271646,6511,5294,0,0
2026-08-23 07:46:17.271666,6542,5398,1654,0
2026-08-23 07:46:17.271686,6559,5443,1737,0
2026-08-23 07:46:17.271706,6484,5278,0,0
2026-08-23 07:46:17.271726,6550,5382,1661,0
2026-08-23 07:46:17.271746,6570,5405,1949,0
2026-08-23 07:46:17.271766,6531,5349,351,0
2026-08-23 07:46:17.271786,6543,5446,1690,0
2026-08-23 07:46:17.271806,6558,5411,1794,0
2026-08-23 07:46:17.271826,6482,5269,0,0
2026-08-23 07:46:17.271846,6547,5435,1684,0
2026-08-23 07:46:17.271866,6568,5414,1957,0
2026-08-23 07:46:17.271886,6549,5383,534,0
2026-08-23 07:46:17.271906,6551,5431,1703,0
2026-08-23 07:46:17.271926,6561,5414,1810,0
2026-08-23 07:46:17.271946,6477,5286,0,0
2026-08-23 07:46:17.271966,6548,5410,1686,0
2026-08-23 07:46:17.271986,6567,5414,1984,0
2026-08-23 07:46:17.272006,6514,5294,0,0
2026-08-23 07:46:17.272026,6558,5411,1705,0
2026-08-23 07:46:17.272046,6560,5423,1766,0
2026-08-23 07:46:17.272066,6642,5552,2035,0
2026-08-23 07:46:17.272086,6562,5372,1643,0
2026-08-23 07:46:17.272106,6563,5423,1965,0
2026-08-23 07:46:17.272126,6538,5308,0,0
2026-08-23 07:46:17.272146,6544,5428,1686,0
2026-08-23 07:46:17.272166,6558,5421,1629,0
2026-08-23 07:46:17.272186,6588,5429,2452,0
2026-08-23 07:46:17.272206,6586,5398,1657,0
2026-08-23 07:46:17.272226,6563,5432,1831,0
2026-08-23 07:46:17.272246,6597,5473,2346,0
2026-08-23 07:46:17.272266,6595,5407,1731,0
2026-08-23 07:46:17.272286,6541,5397,1204,0
2026-08-23 07:46:17.272306,6576,5487,2219,0
2026-08-23 07:46:17.272326,6572,5424,1699,0
2026-08-23 07:46:17.272346,6551,5424,1427,0
2026-08-23 07:46:17.272366,6588,5440,2122,0
2026-08-23 07:46:17.272386,6589,5422,1805,0
2026-08-23 07:46:17.272406,6503,5347,197,0
2026-08-23 07:46:17.272426,6557,5430,1996,0
2026-08-23 07:46:17.272446,6563,5415,1788,0
2026-08-23 07:46:17.272466,6534,5382,858,0
2026-08-23 07:46:17.272486,6564,5439,2255,0
2026-08-23 07:46:17.339450,6583,2770,2102,0
2026-08-23 07:46:17.339470,6607,3518,2027,0
2026-08-23 07:46:17.339490,6565,4041,1698,0
2026-08-23 07:46:17.339510,6592,4434,2284,0
2026-08-23 07:46:17.339530,6557,4722,2060,0
2026-08-23 07:46:17.339550,6616,4896,2093,0
2026-08-23 07:46:17.339570,6576,5030,2317,0
2026-08-23 07:46:17.339590,6633,5204,2374,0
2026-08-23 07:46:17.339610,6587,5223,2341,0
2026-08-23 07:46:17.339630,6616,5310,2181,0
2026-08-23 07:46:17.339650,6578,5339,2198,0
2026-08-23 07:46:17.339670,6631,5345,2474,0
2026-08-23 07:46:17.339690,6579,5343,2193,0
2026-08-23 07:46:17.339710,6635,5378,2291,0
2026-08-23 07:46:17.339730,6592,5409,2392,0
2026-08-23 07:46:17.339750,6638,5460,2656,0
2026-08-23 07:46:17.339770,6589,5431,2202,0
2026-08-23 07:46:17.339790,6630,5421,2455,0
2026-08-23 07:46:17.339810,6580,5416,2277,0
2026-08-23 07:46:17.339830,6671,5459,2811,0
2026-08-23 07:46:17.339850,6588,5430,2086,0
2026-08-23 07:46:17.339870,6569,5441,2689,0
2026-08-23 07:46:17.339890,6597,5416,2314,0
2026-08-23 07:46:17.339910,6500,5223,0,0
2026-08-23 07:46:17.339930,6547,5432,2088,0
2026-08-23 07:46:17.339950,6639,5450,2856,0
2026-08-23 07:46:17.339970,6585,5410,2262,0
2026-08-23 07:46:17.339990,6474,5252,0,0
2026-08-23 07:46:17.340010,6560,5401,2011,0
2026-08-23 07:46:17.340030,6512,5282,168,0
2026-08-23 07:46:17.340050,6553,5454,2266,0
2026-08-23 07:46:17.340070,6547,5400,1329,0
2026-08-23 07:46:17.340090,6577,5402,2014,0
2026-08-23 07:46:17.340110,6501,5317,172,0
2026-08-23 07:46:17.340130,6563,5429,2237,0
2026-08-23 07:46:17.340150,6553,5370,1317,0
2026-08-23 07:46:17.340170,6583,5435,2036,0
2026-08-23 07:46:17.340190,6580,5391,2371,0
2026-08-23 07:46:17.360977,6592,3344,2493,0
2026-08-23 07:46:17.360997,6594,3913,2232,0
2026-08-23 07:46:17.361017,6633,4329,2397,0
2026-08-23 07:46:17.361037,6570,4660,2298,0
2026-08-23 07:46:17.361057,6776,4869,2715,0
2026-08-23 07:46:17.361077,6582,5002,2089,0
2026-08-23 07:46:17.361097,6631,5143,2509,0
2026-08-23 07:46:17.361117,6577,5240,2374,0
2026-08-23 07:46:17.361137,6640,5321,2802,0
2026-08-23 07:46:17.361157,6580,5328,2171,0
2026-08-23 07:46:17.361177,6663,5390,2599,0
2026-08-23 07:46:17.361197,6581,5385,2303,0
2026-08-23 07:46:17.361217,6696,5234,0,0
2026-08-23 07:46:17.361237,6539,5352,2080,0
2026-08-23 07:46:17.379021,6601,4770,2943,0
2026-08-23 07:46:17.379041,6579,4932,2070,0
2026-08-23 07:46:17.379061,6633,5007,228,0
2026-08-23 07:46:17.379081,6565,5162,2308,0
2026-08-23 07:46:17.379101,6490,5051,0,0
2026-08-23 07:46:17.379121,6559,5290,2079,0
2026-08-23 07:46:17.379141,6632,5342,2851,0
2026-08-23 07:46:17.379161,6587,5337,2262,0
2026-08-23 07:46:17.379181,6472,5172,0,0
2026-08-23 07:46:17.379201,6555,5361,2020,0
2026-08-23 07:46:17.379221,6485,5265,0,0
2026-08-23 07:46:17.379241,6567,5374,2284,0
2026-08-23 07:46:17.397488,6587,4881,2205,0
2026-08-23 07:46:17.397508,6629,5019,2277,0
2026-08-23 07:46:17.397528,6581,5177,2435,0
2026-08-23 07:46:17.397548,6667,5232,2593,0
2026-08-23 07:46:17.397568,6583,5273,2286,0
2026-08-23 07:46:17.397588,6662,5356,2364,0
2026-08-23 07:46:17.397608,6579,5378,2368,0
2026-08-23 07:46:17.397628,6549,5426,2594,0
2026-08-23 07:46:17.397648,6576,5396,2196,0
2026-08-23 07:46:17.397668,6629,5415,2363,0
2026-08-23 07:46:17.397688,6588,5357,2374,0
2026-08-23 07:46:17.397708,6583,5321,1988,0
2026-08-23 07:46:17.416389,6586,4876,2082,0
2026-08-23 07:46:17.416409,6577,5007,2126,0
2026-08-23 07:46:17.416429,6616,5202,2335,0
2026-08-23 07:46:17.416449,6576,5253,2295,0
2026-08-23 07:46:17.416469,6625,5262,2085,0
2026-08-23 07:46:17.416489,6552,5268,1571,0
2026-08-23 07:46:17.416509,6590,5385,2308,0
2026-08-23 07:46:17.416529,6564,5376,1897,0
2026-08-23 07:46:17.416549,6595,5383,2062,0
2026-08-23 07:46:17.416569,6568,5430,2038,0
2026-08-23 07:46:17.416589,6620,5415,2318,0
2026-08-23 07:46:17.416609,6589,5437,2380,0
2026-08-23 07:46:17.435509,6598,4808,2537,0
2026-08-23 07:46:17.435529,6637,4982,2539,0
2026-08-23 07:46:17.435549,6591,5107,2322,0
2026-08-23 07:46:17.435570,6632,5198,2269,0
2026-08-23 07:46:17.435590,6576,5249,2265,0
2026-08-23 07:46:17.435610,6633,5315,2487,0
2026-08-23 07:46:17.435630,6579,5358,2221,0
2026-08-23 07:46:17.435649,6617,5385,2250,0
2026-08-23 07:46:17.435669,6587,5390,2439,0
2026-08-23 07:46:17.435689,6634,5445,2485,0
2026-08-23 07:46:17.435709,6591,5432,2323,0
2026-08-23 07:46:17.435730,6640,5438,2489,0
2026-08-23 07:46:17.454561,6603,4830,2789,0
2026-08-23 07:46:17.454581,6598,4946,2200,0
2026-08-23 07:46:17.454601,6638,5159,2540,0
2026-08-23 07:46:17.454621,6584,5216,2312,0
2026-08-23 07:46:17.454641,6640,5288,2767,0
2026-08-23 07:46:17.454661,6588,5284,2182,0
2026-08-23 07:46:17.454681,6634,5344,2470,0
2026-08-23 07:46:17.454701,6593,5394,2456,0
2026-08-23 07:46:17.454721,6671,5440,2670,0
2026-08-23 07:46:17.454741,6592,5386,2358,0
2026-08-23 07:46:17.454761,6630,5409,2415,0
2026-08-23 07:46:17.454781,6590,5391,2335,0
2026-08-23 07:46:17.475594,6586,4784,2298,0
2026-08-23 07:46:17.475614,6633,5002,2746,0
2026-08-23 07:46:17.475634,6582,5102,2336,0
2026-08-23 07:46:17.475654,6675,5269,2939,0
2026-08-23 07:46:17.475674,6569,5254,2148,0
2026-08-23 07:46:17.475694,6635,5322,2635,0
2026-08-23 07:46:17.475714,6593,5336,2414,0
2026-08-23 07:46:17.475734,6687,5420,2822,0
2026-08-23 07:46:17.475754,6582,5377,2256,0
2026-08-23 07:46:17.475774,6639,5414,2480,0
2026-08-23 07:46:17.475794,6581,5429,2346,0
2026-08-23 07:46:17.475814,6671,5454,2829,0
2026-08-23 07:46:17.475834,6576,5408,2134,0
2026-08-23 07:46:17.496534,6602,4732,2618,0
2026-08-23 07:46:17.496554,6587,4920,2173,0
2026-08-23 07:46:17.496574,6631,5045,2422,0
2026-08-23 07:46:17.496594,6586,5164,2445,0
2026-08-23 07:46:17.496614,6671,5257,2642,0
2026-08-23 07:46:17.496634,6587,5329,2311,0
2026-08-23 07:46:17.496654,6630,5389,2327,0
2026-08-23 07:46:17.496674,6583,5349,2297,0
2026-08-23 07:46:17.496694,6639,5396,2525,0
2026-08-23 07:46:17.496714,6517,5414,2241,0
2026-08-23 07:46:17.496734,6618,5428,2265,0
2026-08-23 07:46:17.496754,6579,5396,2448,0
2026-08-23 07:46:17.496774,6562,5282,0,0
2026-08-23 07:46:17.517709,6594,4740,2426,0
2026-08-23 07:46:17.517729,6631,4916,2498,0
2026-08-23 07:46:17.517749,6578,5069,2371,0
2026-08-23 07:46:17.517769,6635,5189,2219,0
2026-08-23 07:46:17.517789,6592,5244,2199,0
2026-08-23 07:46:17.517809,6636,5292,2430,0
2026-08-23 07:46:17.517829,6578,5348,2217,0
2026-08-23 07:46:17.517849,6628,5355,2163,0
2026-08-23 07:46:17.517869,6581,5395,2366,0
2026-08-23 07:46:17.517889,6632,5392,2384,0
2026-08-23 07:46:17.517909,6588,5412,2358,0
2026-08-23 07:46:17.517929,6632,5404,2180,0
2026-08-23 07:46:17.517949,6585,5380,2281,0
2026-08-23 07:46:17.538759,6587,4738,2114,0
2026-08-23 07:46:17.538779,6575,4866,1991,0
2026-08-23 07:46:17.538799,6618,5074,2367,0
2026-08-23 07:46:17.538819,6574,5163,2103,0
2026-08-23 07:46:17.538839,6629,5256,2112,0
2026-08-23 07:46:17.538859,6570,5306,2223,0
2026-08-23 07:46:17.538879,6665,5367,2345,0
2026-08-23 07:46:17.538899,6586,5350,2310,0
2026-08-23 07:46:17.538919,6626,5397,2088,0
2026-08-23 07:46:17.538939,6551,5296,1581,0
2026-08-23 07:46:17.538959,6587,5398,2305,0
2026-08-23 07:46:17.538979,6578,5405,2147,0
2026-08-23 07:46:17.538999,6610,5436,2199,0
2026-08-23 07:46:17.559778,6564,4699,1644,0
2026-08-23 07:46:17.559798,6585,4923,2083,0
2026-08-23 07:46:17.559819,6568,5030,1919,0
2026-08-23 07:46:17.559839,6608,5167,2332,0
2026-08-23 07:46:17.559859,6578,5248,2031,0
2026-08-23 07:46:17.559879,6611,5304,2096,0
2026-08-23 07:46:17.559899,6515,5222,421,0
2026-08-23 07:46:17.559919,6568,5369,2315,0
2026-08-23 07:46:17.559938,6522,5264,597,0
2026-08-23 07:46:17.559958,6559,5396,2079,0
2026-08-23 07:46:17.559978,6498,5274,231,0
2026-08-23 07:46:17.559999,6558,5452,2321,0
2026-08-23 07:46:17.560019,6519,5377,2208,0
2026-08-23 07:46:17.580312,6594,4775,2443,0
2026-08-23 07:46:17.580332,6636,4980,2801,0
2026-08-23 07:46:17.580352,6580,5046,2267,0
2026-08-23 07:46:17.580372,6629,5217,2411,0
2026-08-23 07:46:17.580392,6575,5265,2362,0
2026-08-23 07:46:17.580412,6663,5330,2609,0
2026-08-23 07:46:17.580432,6594,5339,2261,0
2026-08-23 07:46:17.580452,6630,5389,2258,0
2026-08-23 07:46:17.580472,6596,5381,2456,0
2026-08-23 07:46:17.580492,6667,5405,2447,0
2026-08-23 07:46:17.580512,6585,5443,2412,0
2026-08-23 07:46:17.580532,6637,5432,2214,0
2026-08-23 07:46:17.580552,6579,5424,2333,0
2026-08-23 07:46:17.597764,6587,4708,2097,0
2026-08-23 07:46:17.597785,6543,4814,1126,0
2026-08-23 07:46:17.597805,6568,5070,2342,0
2026-08-23 07:46:17.597825,6431,5080,926,0
2026-08-23 07:46:17.597845,6574,5222,2101,0
2026-08-23 07:46:17.597865,6507,5157,148,0
2026-08-23 07:46:17.597884,6555,5371,2376,0
2026-08-23 07:46:17.597904,6495,5223,0,0
2026-08-23 07:46:17.597924,6556,5405,2090,0
2026-08-23 07:46:17.597944,6637,5453,2802,0
2026-08-23 07:46:17.597965,6589,5374,2335,0
2026-08-23 07:46:17.616828,6507,4776,0,0
2026-08-23 07:46:17.616848,6550,5040,2155,0
2026-08-23 07:46:17.616868,6634,5208,2761,0
2026-08-23 07:46:17.616888,6583,5274,2382,0
2026-08-23 07:46:17.616908,6667,5341,2865,0
2026-08-23 07:46:17.616928,6583,5317,2233,0
2026-08-23 07:46:17.616948,6637,5395,2457,0
2026-08-23 07:46:17.616968,6584,5408,2667,0
2026-08-23 07:46:17.616988,6671,5412,2615,0
2026-08-23 07:46:17.617008,6590,5431,2411,0
2026-08-23 07:46:17.617028,6635,5422,2330,0
2026-08-23 07:46:17.617048,6603,5406,2406,0
2026-08-23 07:46:17.637726,6591,4817,2522,0
2026-08-23 07:46:17.637746,6635,4953,2178,0
2026-08-23 07:46:17.637766,6562,5094,1811,0
2026-08-23 07:46:17.637786,6597,5210,2357,0
2026-08-23 07:46:17.637806,6516,5261,1777,0
2026-08-23 07:46:17.637826,6594,5322,2090,0
2026-08-23 07:46:17.637846,6546,5317,1477,0
2026-08-23 07:46:17.637866,6598,5398,2351,0
2026-08-23 07:46:17.637886,6554,5306,1429,0
2026-08-23 07:46:17.637906,6576,5414,2115,0
2026-08-23 07:46:17.637926,6518,5220,0,0
2026-08-23 07:46:17.637946,6563,5373,2325,0
2026-08-23 07:46:17.637966,6549,5306,1116,0
2026-08-23 07:46:17.658625,6592,4731,2347,0
2026-08-23 07:46:17.658645,6638,4948,2596,0
2026-08-23 07:46:17.658665,6580,5056,2260,0
2026-08-23 07:46:17.658685,6630,5160,2276,0
2026-08-23 07:46:17.658705,6586,5270,2487,0
2026-08-23 07:46:17.658725,6631,5330,2466,0
2026-08-23 07:46:17.658745,6589,5324,2413,0
2026-08-23 07:46:17.658765,6640,5375,1952,0
2026-08-23 07:46:17.658785,6559,5359,1846,0
2026-08-23 07:46:17.658805,6601,5407,2358,0
2026-08-23 07:46:17.658825,6568,5360,1819,0
2026-08-23 07:46:17.658845,6669,5422,2116,0
2026-08-23 07:46:17.658865,6588,5384,2345,0
2026-08-23 07:46:17.679441,6584,4742,2123,0
2026-08-23 07:46:17.679461,6467,4729,0,0
2026-08-23 07:46:17.679481,6558,5048,2374,0
2026-08-23 07:46:17.679501,6538,4935,0,0
2026-08-23 07:46:17.679521,6553,5248,2211,0
2026-08-23 07:46:17.679541,6620,5300,2597,0
2026-08-23 07:46:17.679561,6577,5348,2410,0
2026-08-23 07:46:17.679581,6639,5401,2705,0
2026-08-23 07:46:17.679601,6582,5402,2274,0
2026-08-23 07:46:17.679621,6638,5389,2310,0
2026-08-23 07:46:17.679641,6587,5430,2486,0
2026-08-23 07:46:17.679661,6668,5414,2542,0
2026-08-23 07:46:17.679681,6593,5409,2319,0
2026-08-23 07:46:17.700204,6592,4752,2396,0
2026-08-23 07:46:17.700224,6537,4718,0,0
2026-08-23 07:46:17.700244,6635,5018,2205,0
2026-08-23 07:46:17.700264,6633,5174,2614,0
2026-08-23 07:46:17.700284,6583,5256,2395,0
2026-08-23 07:46:17.700305,6678,5339,2730,0
2026-08-23 07:46:17.700325,6589,5323,2250,0
2026-08-23 07:46:17.700345,6625,5393,2356,0
2026-08-23 07:46:17.700364,6588,5382,2496,0
2026-08-23 07:46:17.700384,6665,5428,2499,0
2026-08-23 07:46:17.700404,6579,5403,2423,0
2026-08-23 07:46:17.700424,6591,5400,2241,0
2026-08-23 07:46:17.700444,6586,5419,2371,0
2026-08-23 07:46:17.721308,6551,4753,2152,0
2026-08-23 07:46:17.721328,6663,4946,2929,0
2026-08-23 07:46:17.721349,6587,5045,2365,0
2026-08-23 07:46:17.721369,6575,5245,2993,0
2026-08-23 07:46:17.721389,6581,5257,2186,0
2026-08-23 07:46:17.721409,6635,5293,2586,0
2026-08-23 07:46:17.721429,6591,5365,2475,0
2026-08-23 07:46:17.721449,6640,5433,2693,0
2026-08-23 07:46:17.721468,6595,5372,2355,0
2026-08-23 07:46:17.721488,6630,5424,2328,0
2026-08-23 07:46:17.721509,6568,5388,2298,0
2026-08-23 07:46:17.721529,6639,5412,2513,0
2026-08-23 07:46:17.721549,6592,5418,2243,0
2026-08-23 07:46:17.742531,6593,4724,2338,0
2026-08-23 07:46:17.742551,6543,4865,1347,0
2026-08-23 07:46:17.742571,6577,5016,2094,0
2026-08-23 07:46:17.742591,6515,5035,658,0
2026-08-23 07:46:17.742611,6555,5243,2365,0
2026-08-23 07:46:17.742631,6509,5181,308,0
2026-08-23 07:46:17.742651,6556,5334,2160,0
2026-08-23 07:46:17.742671,6620,5401,2748,0
2026-08-23 07:46:17.742691,6589,5438,2388,0
2026-08-23 07:46:17.742711,6665,5470,2841,0
2026-08-23 07:46:17.742731,6587,5438,2229,0
2026-08-23 07:46:17.742751,6630,5424,2512,0
2026-08-23 07:46:17.742771,6593,5424,2407,0
2026-08-23 07:46:17.763383,6587,4701,2191,0
2026-08-23 07:46:17.763403,6600,4933,2388,0
2026-08-23 07:46:17.763423,6637,5050,2406,0
2026-08-23 07:46:17.763443,6587,5203,2336,0
2026-08-23 07:46:17.763463,6634,5223,2121,0
2026-08-23 07:46:17.763483,6537,5234,944,0
2026-08-23 07:46:17.763503,6580,5374,2354,0
2026-08-23 07:46:17.763523,6527,5239,557,0
2026-08-23 07:46:17.763543,6548,5401,2121,0
2026-08-23 07:46:17.763563,6473,5199,0,0
2026-08-23 07:46:17.763583,6565,5409,2418,0
2026-08-23 07:46:17.763603,6504,5249,0,0
2026-08-23 07:46:17.763623,6559,5428,2132,0
2026-08-23 07:46:17.784030,6591,4791,2399,0
2026-08-23 07:46:17.784050,6579,4908,2032,0
2026-08-23 07:46:17.784070,6628,5087,2114,0
2026-08-23 07:46:17.784090,6479,4989,0,0
2026-08-23 07:46:17.784110,6539,5249,2351,0
2026-08-23 07:46:17.784130,6483,5097,0,0
2026-08-23 07:46:17.784150,6570,5328,2147,0
2026-08-23 07:46:17.784170,6631,5368,2742,0
2026-08-23 07:46:17.784190,6583,5383,2441,0
2026-08-23 07:46:17.784210,6675,5443,2820,0
2026-08-23 07:46:17.784230,6595,5413,2326,0
2026-08-23 07:46:17.784250,6641,5433,2469,0
2026-08-23 07:46:17.784270,6583,5419,2419,0
2026-08-23 07:46:17.805160,6587,4727,2194,0
2026-08-23 07:46:17.805180,6628,4996,2723,0
2026-08-23 07:46:17.805200,6591,5093,2406,0
2026-08-23 07:46:17.805220,6664,5201,2771,0
2026-08-23 07:46:17.805240,6589,5246,2286,0
2026-08-23 07:46:17.805260,6633,5308,2361,0
2026-08-23 07:46:17.805280,6588,5343,2509,0
2026-08-23 07:46:17.805300,6669,5374,2478,0
2026-08-23 07:46:17.805320,6581,5416,2447,0
2026-08-23 07:46:17.805340,6638,5415,2173,0
2026-08-23 07:46:17.805360,6550,5329,1300,0
2026-08-23 07:46:17.805380,6565,5412,2384,0
2026-08-23 07:46:17.805400,6572,5407,2036,0
2026-08-23 07:46:17.826180,6592,4725,2428,0
2026-08-23 07:46:17.826200,6669,4921,2769,0
2026-08-23 07:46:17.826220,6589,5040,2247,0
2026-08-23 07:46:17.826240,6628,5198,2351,0
2026-08-23 07:46:17.826260,6592,5240,2489,0
2026-08-23 07:46:17.826280,6678,5300,2486,0
2026-08-23 07:46:17.826300,6593,5365,2435,0
2026-08-23 07:46:17.826320,6664,5348,2157,0
2026-08-23 07:46:17.826340,6577,5350,1516,0
2026-08-23 07:46:17.826360,6603,5411,2361,0
2026-08-23 07:46:17.826380,6550,5329,1188,0
2026-08-23 07:46:17.826400,6581,5398,2099,0
2026-08-23 07:46:17.826420,6592,5411,2285,0
2026-08-23 07:46:17.845660,6592,4746,2229,0
2026-08-23 07:46:17.845680,6634,4966,2549,0
2026-08-23 07:46:17.845700,6593,5052,2500,0
2026-08-23 07:46:17.845720,6674,5218,2687,0
2026-08-23 07:46:17.845740,6587,5221,2390,0
2026-08-23 07:46:17.845760,6663,5329,2281,0
2026-08-23 07:46:17.845780,6571,5311,2198,0
2026-08-23 07:46:17.845800,6626,5360,2266,0
2026-08-23 07:46:17.845820,6580,5382,2032,0
2026-08-23 07:46:17.845840,6615,5413,2121,0
2026-08-23 07:46:17.845860,6579,5392,2020,0
2026-08-23 07:46:17.845880,6631,5431,2410,0
2026-08-23 07:46:17.863832,6583,4786,2113,0
2026-08-23 07:46:17.863852,6497,4802,0,0
2026-08-23 07:46:17.863872,6550,5101,2418,0
2026-08-23 07:46:17.863892,6549,5033,0,0
2026-08-23 07:46:17.863912,6548,5258,2250,0
2026-08-23 07:46:17.863932,6634,5350,2533,0
2026-08-23 07:46:17.863952,6578,5376,2424,0
2026-08-23 07:46:17.863972,6673,5389,2629,0
2026-08-23 07:46:17.863992,6592,5379,2354,0
2026-08-23 07:46:17.864012,6670,5435,2253,0
2026-08-23 07:46:17.864032,6584,5440,2488,0
2026-08-23 07:46:17.864052,6671,5440,2773,0
2026-08-23 07:46:17.881531,6592,4818,2170,0
2026-08-23 07:46:17.881551,6642,4994,2760,0
2026-08-23 07:46:17.881571,6591,5127,2462,0
2026-08-23 07:46:17.881591,6682,5244,2773,0
2026-08-23 07:46:17.881611,6595,5304,2357,0
2026-08-23 07:46:17.881631,6663,5315,2371,0
2026-08-23 07:46:17.881651,6575,5342,2325,0
2026-08-23 07:46:17.881671,6639,5419,2481,0
2026-08-23 07:46:17.881691,6591,5365,2179,0
2026-08-23 07:46:17.881711,6628,5413,2165,0
2026-08-23 07:46:17.881731,6591,5387,2452,0
